
Testing model: iPara_balanced_l1_g10_i4_do0.10_dpr0.10_lr0.0002_heads16_fold10.pth
Threshold mode: fixed
Initializing ClassificationModel with 10 GAT layers and residual connections...
Initializing MCModel with 10 GAT layers and 4 row attention layers (drop_path_rate=0.1)
Initializing CoreModel with 1 layers, drop_path_rate=0.1
Missing keys : ['mc_model.cg_model.core_model.attn_scale_l', 'mc_model.cg_model.core_model.attn_scale_h', 'mc_model.cg_model.core_model.attn_scale_ag', 'mc_model.cg_model.core_model.chain_type_emb.weight']
Saved predictions: iPara_balanced_l1_g10_i4_do0.10_dpr0.10_lr0.0002_heads16_fold10.pth_predictions_threshold_fixed.csv

Metrics for Lchain:
  Threshold used: 0.3800
  Accuracy: 97.44%
  Precision: 0.6701
  Recall: 0.6506
  F1: 0.6602
  AUC-ROC: 0.9835
  AUC-PR: 0.7233
  Best-F1 threshold on this set: 0.2930
  Best-F1 Precision/Recall/F1: 0.6302 / 0.7443 / 0.6825

Metrics for Hchain:
  Threshold used: 0.3800
  Accuracy: 96.47%
  Precision: 0.6952
  Recall: 0.7809
  F1: 0.7356
  AUC-ROC: 0.9829
  AUC-PR: 0.7934
  Best-F1 threshold on this set: 0.3896
  Best-F1 Precision/Recall/F1: 0.7029 / 0.7751 / 0.7372

Metrics for Antibody:
  Threshold used: 0.3800
  Accuracy: 96.95%
  Precision: 0.6867
  Recall: 0.7324
  F1: 0.7088
  AUC-ROC: 0.9835
  AUC-PR: 0.7683
  Best-F1 threshold on this set: 0.3174
  Best-F1 Precision/Recall/F1: 0.6569 / 0.7864 / 0.7158

Metrics for Antigen:
  Threshold used: 0.3800
  Accuracy: 88.17%
  Precision: 0.4032
  Recall: 0.4187
  F1: 0.4108
  AUC-ROC: 0.7881
  AUC-PR: 0.4280
  Best-F1 threshold on this set: 0.3750
  Best-F1 Precision/Recall/F1: 0.3999 / 0.4228 / 0.4110

Metrics for AGchain_0:
  Threshold used: 0.3800
  Accuracy: 87.73%
  Precision: 0.4041
  Recall: 0.4193
  F1: 0.4115
  AUC-ROC: 0.7847
  AUC-PR: 0.4306
  Best-F1 threshold on this set: 0.3718
  Best-F1 Precision/Recall/F1: 0.3995 / 0.4252 / 0.4120

Metrics for AGchain_1:
  Threshold used: 0.3800
  Accuracy: 95.06%
  Precision: 0.3647
  Recall: 0.4247
  F1: 0.3924
  AUC-ROC: 0.8333
  AUC-PR: 0.3221
  Best-F1 threshold on this set: 0.5098
  Best-F1 Precision/Recall/F1: 0.5085 / 0.4110 / 0.4545

Metrics for AGchain_2:
  Threshold used: 0.3800
  Accuracy: 96.69%
  Precision: 0.0000
  Recall: 0.0000
  F1: 0.0000
  AUC-ROC: 0.9352
  AUC-PR: 0.3086
  Best-F1 threshold on this set: 0.0474
  Best-F1 Precision/Recall/F1: 0.5000 / 0.8333 / 0.6250

Testing model: iPara_balanced_l1_g10_i4_do0.10_dpr0.10_lr0.0002_heads16_fold1.pth
Threshold mode: fixed
Initializing ClassificationModel with 10 GAT layers and residual connections...
Initializing MCModel with 10 GAT layers and 4 row attention layers (drop_path_rate=0.1)
Initializing CoreModel with 1 layers, drop_path_rate=0.1
Missing keys : ['mc_model.cg_model.core_model.attn_scale_l', 'mc_model.cg_model.core_model.attn_scale_h', 'mc_model.cg_model.core_model.attn_scale_ag', 'mc_model.cg_model.core_model.chain_type_emb.weight']
Saved predictions: iPara_balanced_l1_g10_i4_do0.10_dpr0.10_lr0.0002_heads16_fold1.pth_predictions_threshold_fixed.csv

Metrics for Lchain:
  Threshold used: 0.3800
  Accuracy: 97.26%
  Precision: 0.6187
  Recall: 0.7344
  F1: 0.6716
  AUC-ROC: 0.9822
  AUC-PR: 0.7151
  Best-F1 threshold on this set: 0.4412
  Best-F1 Precision/Recall/F1: 0.6633 / 0.6966 / 0.6795

Metrics for Hchain:
  Threshold used: 0.3800
  Accuracy: 96.19%
  Precision: 0.6662
  Recall: 0.7896
  F1: 0.7226
  AUC-ROC: 0.9809
  AUC-PR: 0.7825
  Best-F1 threshold on this set: 0.3926
  Best-F1 Precision/Recall/F1: 0.6759 / 0.7806 / 0.7245

Metrics for Antibody:
  Threshold used: 0.3800
  Accuracy: 96.72%
  Precision: 0.6485
  Recall: 0.7690
  F1: 0.7036
  AUC-ROC: 0.9818
  AUC-PR: 0.7584
  Best-F1 threshold on this set: 0.3972
  Best-F1 Precision/Recall/F1: 0.6613 / 0.7571 / 0.7060

Metrics for Antigen:
  Threshold used: 0.3800
  Accuracy: 86.72%
  Precision: 0.3582
  Recall: 0.4401
  F1: 0.3950
  AUC-ROC: 0.7784
  AUC-PR: 0.3982
  Best-F1 threshold on this set: 0.4023
  Best-F1 Precision/Recall/F1: 0.3719 / 0.4248 / 0.3966

Metrics for AGchain_0:
  Threshold used: 0.3800
  Accuracy: 86.41%
  Precision: 0.3644
  Recall: 0.4415
  F1: 0.3992
  AUC-ROC: 0.7760
  AUC-PR: 0.4041
  Best-F1 threshold on this set: 0.4695
  Best-F1 Precision/Recall/F1: 0.4227 / 0.3822 / 0.4014

Metrics for AGchain_1:
  Threshold used: 0.3800
  Accuracy: 91.92%
  Precision: 0.2083
  Recall: 0.4110
  F1: 0.2765
  AUC-ROC: 0.7746
  AUC-PR: 0.2114
  Best-F1 threshold on this set: 0.6377
  Best-F1 Precision/Recall/F1: 0.3519 / 0.2603 / 0.2992

Metrics for AGchain_2:
  Threshold used: 0.3800
  Accuracy: 89.50%
  Precision: 0.0000
  Recall: 0.0000
  F1: 0.0000
  AUC-ROC: 0.6838
  AUC-PR: 0.0463
  Best-F1 threshold on this set: 0.0009
  Best-F1 Precision/Recall/F1: 0.0723 / 1.0000 / 0.1348

Testing model: iPara_balanced_l1_g10_i4_do0.10_dpr0.10_lr0.0002_heads16_fold2.pth
Threshold mode: fixed
Initializing ClassificationModel with 10 GAT layers and residual connections...
Initializing MCModel with 10 GAT layers and 4 row attention layers (drop_path_rate=0.1)
Initializing CoreModel with 1 layers, drop_path_rate=0.1
Missing keys : ['mc_model.cg_model.core_model.attn_scale_l', 'mc_model.cg_model.core_model.attn_scale_h', 'mc_model.cg_model.core_model.attn_scale_ag', 'mc_model.cg_model.core_model.chain_type_emb.weight']
Saved predictions: iPara_balanced_l1_g10_i4_do0.10_dpr0.10_lr0.0002_heads16_fold2.pth_predictions_threshold_fixed.csv

Metrics for Lchain:
  Threshold used: 0.3800
  Accuracy: 96.98%
  Precision: 0.5772
  Recall: 0.7816
  F1: 0.6640
  AUC-ROC: 0.9824
  AUC-PR: 0.7064
  Best-F1 threshold on this set: 0.4419
  Best-F1 Precision/Recall/F1: 0.6237 / 0.7385 / 0.6763

Metrics for Hchain:
  Threshold used: 0.3800
  Accuracy: 95.53%
  Precision: 0.6015
  Recall: 0.8559
  F1: 0.7065
  AUC-ROC: 0.9810
  AUC-PR: 0.7724
  Best-F1 threshold on this set: 0.4805
  Best-F1 Precision/Recall/F1: 0.6575 / 0.8006 / 0.7220

Metrics for Antibody:
  Threshold used: 0.3800
  Accuracy: 96.25%
  Precision: 0.5927
  Recall: 0.8282
  F1: 0.6910
  AUC-ROC: 0.9819
  AUC-PR: 0.7486
  Best-F1 threshold on this set: 0.4695
  Best-F1 Precision/Recall/F1: 0.6462 / 0.7703 / 0.7028

Metrics for Antigen:
  Threshold used: 0.3800
  Accuracy: 85.99%
  Precision: 0.3492
  Recall: 0.4894
  F1: 0.4076
  AUC-ROC: 0.7917
  AUC-PR: 0.4463
  Best-F1 threshold on this set: 0.4968
  Best-F1 Precision/Recall/F1: 0.4611 / 0.3847 / 0.4194

Metrics for AGchain_0:
  Threshold used: 0.3800
  Accuracy: 85.45%
  Precision: 0.3500
  Recall: 0.4933
  F1: 0.4095
  AUC-ROC: 0.7893
  AUC-PR: 0.4504
  Best-F1 threshold on this set: 0.4968
  Best-F1 Precision/Recall/F1: 0.4615 / 0.3876 / 0.4214

Metrics for AGchain_1:
  Threshold used: 0.3800
  Accuracy: 94.75%
  Precision: 0.3165
  Recall: 0.3425
  F1: 0.3289
  AUC-ROC: 0.7551
  AUC-PR: 0.2850
  Best-F1 threshold on this set: 0.4963
  Best-F1 Precision/Recall/F1: 0.4773 / 0.2877 / 0.3590

Metrics for AGchain_2:
  Threshold used: 0.3800
  Accuracy: 93.92%
  Precision: 0.0000
  Recall: 0.0000
  F1: 0.0000
  AUC-ROC: 0.8314
  AUC-PR: 0.0865
  Best-F1 threshold on this set: 0.0974
  Best-F1 Precision/Recall/F1: 0.1481 / 0.6667 / 0.2424

Testing model: iPara_balanced_l1_g10_i4_do0.10_dpr0.10_lr0.0002_heads16_fold3.pth
Threshold mode: fixed
Initializing ClassificationModel with 10 GAT layers and residual connections...
Initializing MCModel with 10 GAT layers and 4 row attention layers (drop_path_rate=0.1)
Initializing CoreModel with 1 layers, drop_path_rate=0.1
Missing keys : ['mc_model.cg_model.core_model.attn_scale_l', 'mc_model.cg_model.core_model.attn_scale_h', 'mc_model.cg_model.core_model.attn_scale_ag', 'mc_model.cg_model.core_model.chain_type_emb.weight']
Saved predictions: iPara_balanced_l1_g10_i4_do0.10_dpr0.10_lr0.0002_heads16_fold3.pth_predictions_threshold_fixed.csv

Metrics for Lchain:
  Threshold used: 0.3800
  Accuracy: 97.38%
  Precision: 0.6352
  Recall: 0.7373
  F1: 0.6825
  AUC-ROC: 0.9831
  AUC-PR: 0.7240
  Best-F1 threshold on this set: 0.4167
  Best-F1 Precision/Recall/F1: 0.6560 / 0.7152 / 0.6843

Metrics for Hchain:
  Threshold used: 0.3800
  Accuracy: 96.07%
  Precision: 0.6512
  Recall: 0.8065
  F1: 0.7206
  AUC-ROC: 0.9813
  AUC-PR: 0.7789
  Best-F1 threshold on this set: 0.3569
  Best-F1 Precision/Recall/F1: 0.6432 / 0.8241 / 0.7225

Metrics for Antibody:
  Threshold used: 0.3800
  Accuracy: 96.72%
  Precision: 0.6455
  Recall: 0.7807
  F1: 0.7067
  AUC-ROC: 0.9824
  AUC-PR: 0.7590
  Best-F1 threshold on this set: 0.3796
  Best-F1 Precision/Recall/F1: 0.6454 / 0.7816 / 0.7070

Metrics for Antigen:
  Threshold used: 0.3800
  Accuracy: 88.86%
  Precision: 0.4255
  Recall: 0.3733
  F1: 0.3977
  AUC-ROC: 0.7779
  AUC-PR: 0.4248
  Best-F1 threshold on this set: 0.3630
  Best-F1 Precision/Recall/F1: 0.4128 / 0.3897 / 0.4009

Metrics for AGchain_0:
  Threshold used: 0.3800
  Accuracy: 88.42%
  Precision: 0.4251
  Recall: 0.3757
  F1: 0.3989
  AUC-ROC: 0.7745
  AUC-PR: 0.4284
  Best-F1 threshold on this set: 0.3630
  Best-F1 Precision/Recall/F1: 0.4122 / 0.3916 / 0.4016

Metrics for AGchain_1:
  Threshold used: 0.3800
  Accuracy: 96.04%
  Precision: 0.4565
  Recall: 0.2877
  F1: 0.3529
  AUC-ROC: 0.7963
  AUC-PR: 0.2864
  Best-F1 threshold on this set: 0.3640
  Best-F1 Precision/Recall/F1: 0.4528 / 0.3288 / 0.3810

Metrics for AGchain_2:
  Threshold used: 0.3800
  Accuracy: 96.69%
  Precision: 0.0000
  Recall: 0.0000
  F1: 0.0000
  AUC-ROC: 0.6962
  AUC-PR: 0.0480
  Best-F1 threshold on this set: 0.0004
  Best-F1 Precision/Recall/F1: 0.0704 / 0.8333 / 0.1299

Testing model: iPara_balanced_l1_g10_i4_do0.10_dpr0.10_lr0.0002_heads16_fold4.pth
Threshold mode: fixed
Initializing ClassificationModel with 10 GAT layers and residual connections...
Initializing MCModel with 10 GAT layers and 4 row attention layers (drop_path_rate=0.1)
Initializing CoreModel with 1 layers, drop_path_rate=0.1
Missing keys : ['mc_model.cg_model.core_model.attn_scale_l', 'mc_model.cg_model.core_model.attn_scale_h', 'mc_model.cg_model.core_model.attn_scale_ag', 'mc_model.cg_model.core_model.chain_type_emb.weight']
Saved predictions: iPara_balanced_l1_g10_i4_do0.10_dpr0.10_lr0.0002_heads16_fold4.pth_predictions_threshold_fixed.csv

Metrics for Lchain:
  Threshold used: 0.3800
  Accuracy: 97.29%
  Precision: 0.6216
  Recall: 0.7414
  F1: 0.6762
  AUC-ROC: 0.9830
  AUC-PR: 0.7196
  Best-F1 threshold on this set: 0.4221
  Best-F1 Precision/Recall/F1: 0.6428 / 0.7169 / 0.6779

Metrics for Hchain:
  Threshold used: 0.3800
  Accuracy: 96.06%
  Precision: 0.6476
  Recall: 0.8203
  F1: 0.7238
  AUC-ROC: 0.9814
  AUC-PR: 0.7751
  Best-F1 threshold on this set: 0.4514
  Best-F1 Precision/Recall/F1: 0.6838 / 0.7757 / 0.7269

Metrics for Antibody:
  Threshold used: 0.3800
  Accuracy: 96.67%
  Precision: 0.6383
  Recall: 0.7909
  F1: 0.7064
  AUC-ROC: 0.9825
  AUC-PR: 0.7552
  Best-F1 threshold on this set: 0.4216
  Best-F1 Precision/Recall/F1: 0.6581 / 0.7656 / 0.7078

Metrics for Antigen:
  Threshold used: 0.3800
  Accuracy: 88.44%
  Precision: 0.4152
  Recall: 0.4262
  F1: 0.4206
  AUC-ROC: 0.7976
  AUC-PR: 0.4466
  Best-F1 threshold on this set: 0.4263
  Best-F1 Precision/Recall/F1: 0.4653 / 0.3905 / 0.4247

Metrics for AGchain_0:
  Threshold used: 0.3800
  Accuracy: 88.01%
  Precision: 0.4160
  Recall: 0.4272
  F1: 0.4215
  AUC-ROC: 0.7946
  AUC-PR: 0.4495
  Best-F1 threshold on this set: 0.3933
  Best-F1 Precision/Recall/F1: 0.4331 / 0.4175 / 0.4252

Metrics for AGchain_1:
  Threshold used: 0.3800
  Accuracy: 95.26%
  Precision: 0.3797
  Recall: 0.4110
  F1: 0.3947
  AUC-ROC: 0.7906
  AUC-PR: 0.3079
  Best-F1 threshold on this set: 0.4568
  Best-F1 Precision/Recall/F1: 0.4762 / 0.4110 / 0.4412

Metrics for AGchain_2:
  Threshold used: 0.3800
  Accuracy: 96.69%
  Precision: 0.0000
  Recall: 0.0000
  F1: 0.0000
  AUC-ROC: 0.7205
  AUC-PR: 0.0566
  Best-F1 threshold on this set: 0.0145
  Best-F1 Precision/Recall/F1: 0.0938 / 0.5000 / 0.1579

Testing model: iPara_balanced_l1_g10_i4_do0.10_dpr0.10_lr0.0002_heads16_fold5.pth
Threshold mode: fixed
Initializing ClassificationModel with 10 GAT layers and residual connections...
Initializing MCModel with 10 GAT layers and 4 row attention layers (drop_path_rate=0.1)
Initializing CoreModel with 1 layers, drop_path_rate=0.1
Missing keys : ['mc_model.cg_model.core_model.attn_scale_l', 'mc_model.cg_model.core_model.attn_scale_h', 'mc_model.cg_model.core_model.attn_scale_ag', 'mc_model.cg_model.core_model.chain_type_emb.weight']
Saved predictions: iPara_balanced_l1_g10_i4_do0.10_dpr0.10_lr0.0002_heads16_fold5.pth_predictions_threshold_fixed.csv

Metrics for Lchain:
  Threshold used: 0.3800
  Accuracy: 97.24%
  Precision: 0.6191
  Recall: 0.7204
  F1: 0.6659
  AUC-ROC: 0.9825
  AUC-PR: 0.7119
  Best-F1 threshold on this set: 0.3613
  Best-F1 Precision/Recall/F1: 0.6139 / 0.7408 / 0.6714

Metrics for Hchain:
  Threshold used: 0.3800
  Accuracy: 96.23%
  Precision: 0.6667
  Recall: 0.8017
  F1: 0.7280
  AUC-ROC: 0.9815
  AUC-PR: 0.7765
  Best-F1 threshold on this set: 0.3960
  Best-F1 Precision/Recall/F1: 0.6738 / 0.7937 / 0.7289

Metrics for Antibody:
  Threshold used: 0.3800
  Accuracy: 96.73%
  Precision: 0.6493
  Recall: 0.7714
  F1: 0.7051
  AUC-ROC: 0.9823
  AUC-PR: 0.7534
  Best-F1 threshold on this set: 0.4028
  Best-F1 Precision/Recall/F1: 0.6615 / 0.7586 / 0.7067

Metrics for Antigen:
  Threshold used: 0.3800
  Accuracy: 87.17%
  Precision: 0.3695
  Recall: 0.4279
  F1: 0.3965
  AUC-ROC: 0.7813
  AUC-PR: 0.3947
  Best-F1 threshold on this set: 0.3997
  Best-F1 Precision/Recall/F1: 0.3857 / 0.4164 / 0.4005

Metrics for AGchain_0:
  Threshold used: 0.3800
  Accuracy: 86.70%
  Precision: 0.3706
  Recall: 0.4295
  F1: 0.3979
  AUC-ROC: 0.7763
  AUC-PR: 0.3976
  Best-F1 threshold on this set: 0.4827
  Best-F1 Precision/Recall/F1: 0.4554 / 0.3606 / 0.4025

Metrics for AGchain_1:
  Threshold used: 0.3800
  Accuracy: 94.80%
  Precision: 0.3108
  Recall: 0.3151
  F1: 0.3129
  AUC-ROC: 0.8047
  AUC-PR: 0.2236
  Best-F1 threshold on this set: 0.3560
  Best-F1 Precision/Recall/F1: 0.3333 / 0.3699 / 0.3506

Metrics for AGchain_2:
  Threshold used: 0.3800
  Accuracy: 94.48%
  Precision: 0.3571
  Recall: 0.8333
  F1: 0.5000
  AUC-ROC: 0.9495
  AUC-PR: 0.5515
  Best-F1 threshold on this set: 0.4290
  Best-F1 Precision/Recall/F1: 0.6250 / 0.8333 / 0.7143

Testing model: iPara_balanced_l1_g10_i4_do0.10_dpr0.10_lr0.0002_heads16_fold6.pth
Threshold mode: fixed
Initializing ClassificationModel with 10 GAT layers and residual connections...
Initializing MCModel with 10 GAT layers and 4 row attention layers (drop_path_rate=0.1)
Initializing CoreModel with 1 layers, drop_path_rate=0.1
Missing keys : ['mc_model.cg_model.core_model.attn_scale_l', 'mc_model.cg_model.core_model.attn_scale_h', 'mc_model.cg_model.core_model.attn_scale_ag', 'mc_model.cg_model.core_model.chain_type_emb.weight']
Saved predictions: iPara_balanced_l1_g10_i4_do0.10_dpr0.10_lr0.0002_heads16_fold6.pth_predictions_threshold_fixed.csv

Metrics for Lchain:
  Threshold used: 0.3800
  Accuracy: 95.45%
  Precision: 0.4508
  Recall: 0.8725
  F1: 0.5944
  AUC-ROC: 0.9812
  AUC-PR: 0.6870
  Best-F1 threshold on this set: 0.6714
  Best-F1 Precision/Recall/F1: 0.6078 / 0.7210 / 0.6596

Metrics for Hchain:
  Threshold used: 0.3800
  Accuracy: 93.79%
  Precision: 0.5034
  Recall: 0.9337
  F1: 0.6541
  AUC-ROC: 0.9801
  AUC-PR: 0.7549
  Best-F1 threshold on this set: 0.7002
  Best-F1 Precision/Recall/F1: 0.6538 / 0.7851 / 0.7135

Metrics for Antibody:
  Threshold used: 0.3800
  Accuracy: 94.61%
  Precision: 0.4833
  Recall: 0.9109
  F1: 0.6315
  AUC-ROC: 0.9810
  AUC-PR: 0.7308
  Best-F1 threshold on this set: 0.6714
  Best-F1 Precision/Recall/F1: 0.6274 / 0.7729 / 0.6926

Metrics for Antigen:
  Threshold used: 0.3800
  Accuracy: 86.73%
  Precision: 0.3679
  Recall: 0.4830
  F1: 0.4177
  AUC-ROC: 0.8003
  AUC-PR: 0.4495
  Best-F1 threshold on this set: 0.4255
  Best-F1 Precision/Recall/F1: 0.4089 / 0.4348 / 0.4214

Metrics for AGchain_0:
  Threshold used: 0.3800
  Accuracy: 86.19%
  Precision: 0.3674
  Recall: 0.4853
  F1: 0.4182
  AUC-ROC: 0.7978
  AUC-PR: 0.4533
  Best-F1 threshold on this set: 0.4255
  Best-F1 Precision/Recall/F1: 0.4082 / 0.4363 / 0.4218

Metrics for AGchain_1:
  Threshold used: 0.3800
  Accuracy: 95.62%
  Precision: 0.4167
  Recall: 0.4110
  F1: 0.4138
  AUC-ROC: 0.7627
  AUC-PR: 0.2524
  Best-F1 threshold on this set: 0.4343
  Best-F1 Precision/Recall/F1: 0.4915 / 0.3973 / 0.4394

Metrics for AGchain_2:
  Threshold used: 0.3800
  Accuracy: 95.03%
  Precision: 0.0000
  Recall: 0.0000
  F1: 0.0000
  AUC-ROC: 0.7067
  AUC-PR: 0.0533
  Best-F1 threshold on this set: 0.1591
  Best-F1 Precision/Recall/F1: 0.0750 / 0.5000 / 0.1304

Testing model: iPara_balanced_l1_g10_i4_do0.10_dpr0.10_lr0.0002_heads16_fold7.pth
Threshold mode: fixed
Initializing ClassificationModel with 10 GAT layers and residual connections...
Initializing MCModel with 10 GAT layers and 4 row attention layers (drop_path_rate=0.1)
Initializing CoreModel with 1 layers, drop_path_rate=0.1
Missing keys : ['mc_model.cg_model.core_model.attn_scale_l', 'mc_model.cg_model.core_model.attn_scale_h', 'mc_model.cg_model.core_model.attn_scale_ag', 'mc_model.cg_model.core_model.chain_type_emb.weight']
Saved predictions: iPara_balanced_l1_g10_i4_do0.10_dpr0.10_lr0.0002_heads16_fold7.pth_predictions_threshold_fixed.csv

Metrics for Lchain:
  Threshold used: 0.3800
  Accuracy: 97.37%
  Precision: 0.6537
  Recall: 0.6639
  F1: 0.6588
  AUC-ROC: 0.9831
  AUC-PR: 0.7228
  Best-F1 threshold on this set: 0.3345
  Best-F1 Precision/Recall/F1: 0.6305 / 0.6966 / 0.6619

Metrics for Hchain:
  Threshold used: 0.3800
  Accuracy: 96.39%
  Precision: 0.6905
  Recall: 0.7702
  F1: 0.7282
  AUC-ROC: 0.9820
  AUC-PR: 0.7862
  Best-F1 threshold on this set: 0.3621
  Best-F1 Precision/Recall/F1: 0.6835 / 0.7851 / 0.7308

Metrics for Antibody:
  Threshold used: 0.3800
  Accuracy: 96.87%
  Precision: 0.6776
  Recall: 0.7306
  F1: 0.7031
  AUC-ROC: 0.9829
  AUC-PR: 0.7635
  Best-F1 threshold on this set: 0.3613
  Best-F1 Precision/Recall/F1: 0.6695 / 0.7452 / 0.7053

Metrics for Antigen:
  Threshold used: 0.3800
  Accuracy: 87.48%
  Precision: 0.3785
  Recall: 0.4223
  F1: 0.3992
  AUC-ROC: 0.7875
  AUC-PR: 0.4160
  Best-F1 threshold on this set: 0.4023
  Best-F1 Precision/Recall/F1: 0.3951 / 0.4067 / 0.4008

Metrics for AGchain_0:
  Threshold used: 0.3800
  Accuracy: 87.06%
  Precision: 0.3807
  Recall: 0.4227
  F1: 0.4006
  AUC-ROC: 0.7841
  AUC-PR: 0.4195
  Best-F1 threshold on this set: 0.4023
  Best-F1 Precision/Recall/F1: 0.3972 / 0.4067 / 0.4019

Metrics for AGchain_1:
  Threshold used: 0.3800
  Accuracy: 94.13%
  Precision: 0.2970
  Recall: 0.4110
  F1: 0.3448
  AUC-ROC: 0.8245
  AUC-PR: 0.2894
  Best-F1 threshold on this set: 0.4583
  Best-F1 Precision/Recall/F1: 0.3659 / 0.4110 / 0.3871

Metrics for AGchain_2:
  Threshold used: 0.3800
  Accuracy: 95.58%
  Precision: 0.3333
  Recall: 0.3333
  F1: 0.3333
  AUC-ROC: 0.9124
  AUC-PR: 0.3331
  Best-F1 threshold on this set: 0.4148
  Best-F1 Precision/Recall/F1: 0.4000 / 0.3333 / 0.3636

Testing model: iPara_balanced_l1_g10_i4_do0.10_dpr0.10_lr0.0002_heads16_fold8.pth
Threshold mode: fixed
Initializing ClassificationModel with 10 GAT layers and residual connections...
Initializing MCModel with 10 GAT layers and 4 row attention layers (drop_path_rate=0.1)
Initializing CoreModel with 1 layers, drop_path_rate=0.1
Missing keys : ['mc_model.cg_model.core_model.attn_scale_l', 'mc_model.cg_model.core_model.attn_scale_h', 'mc_model.cg_model.core_model.attn_scale_ag', 'mc_model.cg_model.core_model.chain_type_emb.weight']
Saved predictions: iPara_balanced_l1_g10_i4_do0.10_dpr0.10_lr0.0002_heads16_fold8.pth_predictions_threshold_fixed.csv

Metrics for Lchain:
  Threshold used: 0.3800
  Accuracy: 97.39%
  Precision: 0.6432
  Recall: 0.7088
  F1: 0.6744
  AUC-ROC: 0.9813
  AUC-PR: 0.7149
  Best-F1 threshold on this set: 0.3428
  Best-F1 Precision/Recall/F1: 0.6242 / 0.7420 / 0.6780

Metrics for Hchain:
  Threshold used: 0.3800
  Accuracy: 96.18%
  Precision: 0.6636
  Recall: 0.7947
  F1: 0.7233
  AUC-ROC: 0.9815
  AUC-PR: 0.7840
  Best-F1 threshold on this set: 0.3748
  Best-F1 Precision/Recall/F1: 0.6622 / 0.8006 / 0.7249

Metrics for Antibody:
  Threshold used: 0.3800
  Accuracy: 96.77%
  Precision: 0.6564
  Recall: 0.7627
  F1: 0.7056
  AUC-ROC: 0.9819
  AUC-PR: 0.7597
  Best-F1 threshold on this set: 0.3499
  Best-F1 Precision/Recall/F1: 0.6422 / 0.7864 / 0.7070

Metrics for Antigen:
  Threshold used: 0.3800
  Accuracy: 88.69%
  Precision: 0.4181
  Recall: 0.3788
  F1: 0.3975
  AUC-ROC: 0.7881
  AUC-PR: 0.4283
  Best-F1 threshold on this set: 0.3171
  Best-F1 Precision/Recall/F1: 0.3772 / 0.4245 / 0.3995

Metrics for AGchain_0:
  Threshold used: 0.3800
  Accuracy: 88.32%
  Precision: 0.4215
  Recall: 0.3799
  F1: 0.3996
  AUC-ROC: 0.7850
  AUC-PR: 0.4322
  Best-F1 threshold on this set: 0.3171
  Best-F1 Precision/Recall/F1: 0.3803 / 0.4267 / 0.4021

Metrics for AGchain_1:
  Threshold used: 0.3800
  Accuracy: 94.39%
  Precision: 0.2955
  Recall: 0.3562
  F1: 0.3230
  AUC-ROC: 0.7812
  AUC-PR: 0.2636
  Best-F1 threshold on this set: 0.5820
  Best-F1 Precision/Recall/F1: 0.4464 / 0.3425 / 0.3876

Metrics for AGchain_2:
  Threshold used: 0.3800
  Accuracy: 96.69%
  Precision: 0.0000
  Recall: 0.0000
  F1: 0.0000
  AUC-ROC: 0.9362
  AUC-PR: 0.3077
  Best-F1 threshold on this set: 0.0991
  Best-F1 Precision/Recall/F1: 0.5000 / 0.5000 / 0.5000

Testing model: iPara_balanced_l1_g10_i4_do0.10_dpr0.10_lr0.0002_heads16_fold9.pth
Threshold mode: fixed
Initializing ClassificationModel with 10 GAT layers and residual connections...
Initializing MCModel with 10 GAT layers and 4 row attention layers (drop_path_rate=0.1)
Initializing CoreModel with 1 layers, drop_path_rate=0.1
Missing keys : ['mc_model.cg_model.core_model.attn_scale_l', 'mc_model.cg_model.core_model.attn_scale_h', 'mc_model.cg_model.core_model.attn_scale_ag', 'mc_model.cg_model.core_model.chain_type_emb.weight']
Saved predictions: iPara_balanced_l1_g10_i4_do0.10_dpr0.10_lr0.0002_heads16_fold9.pth_predictions_threshold_fixed.csv

Metrics for Lchain:
  Threshold used: 0.3800
  Accuracy: 97.33%
  Precision: 0.6496
  Recall: 0.6511
  F1: 0.6504
  AUC-ROC: 0.9816
  AUC-PR: 0.6982
  Best-F1 threshold on this set: 0.3181
  Best-F1 Precision/Recall/F1: 0.6207 / 0.7053 / 0.6603

Metrics for Hchain:
  Threshold used: 0.3800
  Accuracy: 96.20%
  Precision: 0.6714
  Recall: 0.7761
  F1: 0.7200
  AUC-ROC: 0.9815
  AUC-PR: 0.7724
  Best-F1 threshold on this set: 0.3674
  Best-F1 Precision/Recall/F1: 0.6655 / 0.7878 / 0.7215

Metrics for Antibody:
  Threshold used: 0.3800
  Accuracy: 96.76%
  Precision: 0.6640
  Recall: 0.7296
  F1: 0.6953
  AUC-ROC: 0.9819
  AUC-PR: 0.7463
  Best-F1 threshold on this set: 0.3293
  Best-F1 Precision/Recall/F1: 0.6400 / 0.7682 / 0.6983

Metrics for Antigen:
  Threshold used: 0.3800
  Accuracy: 88.89%
  Precision: 0.4268
  Recall: 0.3719
  F1: 0.3974
  AUC-ROC: 0.7916
  AUC-PR: 0.4247
  Best-F1 threshold on this set: 0.3582
  Best-F1 Precision/Recall/F1: 0.4067 / 0.3936 / 0.4001

Metrics for AGchain_0:
  Threshold used: 0.3800
  Accuracy: 88.52%
  Precision: 0.4295
  Recall: 0.3737
  F1: 0.3996
  AUC-ROC: 0.7896
  AUC-PR: 0.4304
  Best-F1 threshold on this set: 0.3582
  Best-F1 Precision/Recall/F1: 0.4094 / 0.3959 / 0.4025

Metrics for AGchain_1:
  Threshold used: 0.3800
  Accuracy: 94.90%
  Precision: 0.3194
  Recall: 0.3151
  F1: 0.3172
  AUC-ROC: 0.7205
  AUC-PR: 0.2050
  Best-F1 threshold on this set: 0.5947
  Best-F1 Precision/Recall/F1: 0.5122 / 0.2877 / 0.3684

Metrics for AGchain_2:
  Threshold used: 0.3800
  Accuracy: 96.13%
  Precision: 0.0000
  Recall: 0.0000
  F1: 0.0000
  AUC-ROC: 0.6852
  AUC-PR: 0.0547
  Best-F1 threshold on this set: 0.0172
  Best-F1 Precision/Recall/F1: 0.0857 / 0.5000 / 0.1463

Testing model: iPara_balanced_l1_g10_i5_do0.10_dpr0.10_lr0.0002_heads16_fold10.pth
Threshold mode: fixed
Initializing ClassificationModel with 10 GAT layers and residual connections...
Initializing MCModel with 10 GAT layers and 5 row attention layers (drop_path_rate=0.1)
Initializing CoreModel with 1 layers, drop_path_rate=0.1
Missing keys : ['mc_model.cg_model.core_model.attn_scale_l', 'mc_model.cg_model.core_model.attn_scale_h', 'mc_model.cg_model.core_model.attn_scale_ag', 'mc_model.cg_model.core_model.chain_type_emb.weight']
Saved predictions: iPara_balanced_l1_g10_i5_do0.10_dpr0.10_lr0.0002_heads16_fold10.pth_predictions_threshold_fixed.csv

Metrics for Lchain:
  Threshold used: 0.3800
  Accuracy: 97.46%
  Precision: 0.6535
  Recall: 0.7117
  F1: 0.6813
  AUC-ROC: 0.9833
  AUC-PR: 0.7323
  Best-F1 threshold on this set: 0.3894
  Best-F1 Precision/Recall/F1: 0.6587 / 0.7070 / 0.6820

Metrics for Hchain:
  Threshold used: 0.3800
  Accuracy: 96.22%
  Precision: 0.6759
  Recall: 0.7661
  F1: 0.7182
  AUC-ROC: 0.9808
  AUC-PR: 0.7770
  Best-F1 threshold on this set: 0.3396
  Best-F1 Precision/Recall/F1: 0.6586 / 0.7992 / 0.7221

Metrics for Antibody:
  Threshold used: 0.3800
  Accuracy: 96.83%
  Precision: 0.6678
  Recall: 0.7458
  F1: 0.7046
  AUC-ROC: 0.9823
  AUC-PR: 0.7603
  Best-F1 threshold on this set: 0.3396
  Best-F1 Precision/Recall/F1: 0.6486 / 0.7771 / 0.7071

Metrics for Antigen:
  Threshold used: 0.3800
  Accuracy: 87.27%
  Precision: 0.3694
  Recall: 0.4139
  F1: 0.3904
  AUC-ROC: 0.7776
  AUC-PR: 0.4267
  Best-F1 threshold on this set: 0.4817
  Best-F1 Precision/Recall/F1: 0.4508 / 0.3549 / 0.3971

Metrics for AGchain_0:
  Threshold used: 0.3800
  Accuracy: 86.79%
  Precision: 0.3703
  Recall: 0.4167
  F1: 0.3921
  AUC-ROC: 0.7753
  AUC-PR: 0.4307
  Best-F1 threshold on this set: 0.4817
  Best-F1 Precision/Recall/F1: 0.4510 / 0.3569 / 0.3985

Metrics for AGchain_1:
  Threshold used: 0.3800
  Accuracy: 94.90%
  Precision: 0.3194
  Recall: 0.3151
  F1: 0.3172
  AUC-ROC: 0.7643
  AUC-PR: 0.2553
  Best-F1 threshold on this set: 0.5317
  Best-F1 Precision/Recall/F1: 0.5385 / 0.2877 / 0.3750

Metrics for AGchain_2:
  Threshold used: 0.3800
  Accuracy: 96.69%
  Precision: 0.0000
  Recall: 0.0000
  F1: 0.0000
  AUC-ROC: 0.8524
  AUC-PR: 0.1102
  Best-F1 threshold on this set: 0.0088
  Best-F1 Precision/Recall/F1: 0.2000 / 0.3333 / 0.2500

Testing model: iPara_balanced_l1_g10_i5_do0.10_dpr0.10_lr0.0002_heads16_fold1.pth
Threshold mode: fixed
Initializing ClassificationModel with 10 GAT layers and residual connections...
Initializing MCModel with 10 GAT layers and 5 row attention layers (drop_path_rate=0.1)
Initializing CoreModel with 1 layers, drop_path_rate=0.1
Missing keys : ['mc_model.cg_model.core_model.attn_scale_l', 'mc_model.cg_model.core_model.attn_scale_h', 'mc_model.cg_model.core_model.attn_scale_ag', 'mc_model.cg_model.core_model.chain_type_emb.weight']
Saved predictions: iPara_balanced_l1_g10_i5_do0.10_dpr0.10_lr0.0002_heads16_fold1.pth_predictions_threshold_fixed.csv

Metrics for Lchain:
  Threshold used: 0.3800
  Accuracy: 97.49%
  Precision: 0.6744
  Recall: 0.6610
  F1: 0.6676
  AUC-ROC: 0.9830
  AUC-PR: 0.7260
  Best-F1 threshold on this set: 0.3572
  Best-F1 Precision/Recall/F1: 0.6618 / 0.6814 / 0.6714

Metrics for Hchain:
  Threshold used: 0.3800
  Accuracy: 96.25%
  Precision: 0.6730
  Recall: 0.7844
  F1: 0.7244
  AUC-ROC: 0.9824
  AUC-PR: 0.7911
  Best-F1 threshold on this set: 0.3545
  Best-F1 Precision/Recall/F1: 0.6620 / 0.8041 / 0.7262

Metrics for Antibody:
  Threshold used: 0.3800
  Accuracy: 96.86%
  Precision: 0.6735
  Recall: 0.7385
  F1: 0.7045
  AUC-ROC: 0.9830
  AUC-PR: 0.7678
  Best-F1 threshold on this set: 0.3555
  Best-F1 Precision/Recall/F1: 0.6617 / 0.7582 / 0.7067

Metrics for Antigen:
  Threshold used: 0.3800
  Accuracy: 88.24%
  Precision: 0.4054
  Recall: 0.4162
  F1: 0.4107
  AUC-ROC: 0.7931
  AUC-PR: 0.4081
  Best-F1 threshold on this set: 0.3564
  Best-F1 Precision/Recall/F1: 0.3915 / 0.4365 / 0.4127

Metrics for AGchain_0:
  Threshold used: 0.3800
  Accuracy: 87.84%
  Precision: 0.4075
  Recall: 0.4161
  F1: 0.4118
  AUC-ROC: 0.7894
  AUC-PR: 0.4120
  Best-F1 threshold on this set: 0.3569
  Best-F1 Precision/Recall/F1: 0.3937 / 0.4366 / 0.4140

Metrics for AGchain_1:
  Threshold used: 0.3800
  Accuracy: 94.49%
  Precision: 0.3300
  Recall: 0.4521
  F1: 0.3815
  AUC-ROC: 0.8349
  AUC-PR: 0.2955
  Best-F1 threshold on this set: 0.4973
  Best-F1 Precision/Recall/F1: 0.4265 / 0.3973 / 0.4113

Metrics for AGchain_2:
  Threshold used: 0.3800
  Accuracy: 96.69%
  Precision: 0.0000
  Recall: 0.0000
  F1: 0.0000
  AUC-ROC: 0.8467
  AUC-PR: 0.1046
  Best-F1 threshold on this set: 0.0253
  Best-F1 Precision/Recall/F1: 0.2000 / 0.5000 / 0.2857

Testing model: iPara_balanced_l1_g10_i5_do0.10_dpr0.10_lr0.0002_heads16_fold2.pth
Threshold mode: fixed
Initializing ClassificationModel with 10 GAT layers and residual connections...
Initializing MCModel with 10 GAT layers and 5 row attention layers (drop_path_rate=0.1)
Initializing CoreModel with 1 layers, drop_path_rate=0.1
Missing keys : ['mc_model.cg_model.core_model.attn_scale_l', 'mc_model.cg_model.core_model.attn_scale_h', 'mc_model.cg_model.core_model.attn_scale_ag', 'mc_model.cg_model.core_model.chain_type_emb.weight']
Saved predictions: iPara_balanced_l1_g10_i5_do0.10_dpr0.10_lr0.0002_heads16_fold2.pth_predictions_threshold_fixed.csv

Metrics for Lchain:
  Threshold used: 0.3800
  Accuracy: 97.01%
  Precision: 0.5818
  Recall: 0.7729
  F1: 0.6638
  AUC-ROC: 0.9820
  AUC-PR: 0.7044
  Best-F1 threshold on this set: 0.4702
  Best-F1 Precision/Recall/F1: 0.6297 / 0.7152 / 0.6698

Metrics for Hchain:
  Threshold used: 0.3800
  Accuracy: 95.95%
  Precision: 0.6379
  Recall: 0.8217
  F1: 0.7182
  AUC-ROC: 0.9812
  AUC-PR: 0.7780
  Best-F1 threshold on this set: 0.4399
  Best-F1 Precision/Recall/F1: 0.6661 / 0.7871 / 0.7216

Metrics for Antibody:
  Threshold used: 0.3800
  Accuracy: 96.47%
  Precision: 0.6166
  Recall: 0.8035
  F1: 0.6977
  AUC-ROC: 0.9819
  AUC-PR: 0.7502
  Best-F1 threshold on this set: 0.4417
  Best-F1 Precision/Recall/F1: 0.6470 / 0.7671 / 0.7019

Metrics for Antigen:
  Threshold used: 0.3800
  Accuracy: 87.72%
  Precision: 0.3910
  Recall: 0.4418
  F1: 0.4149
  AUC-ROC: 0.7868
  AUC-PR: 0.4472
  Best-F1 threshold on this set: 0.4163
  Best-F1 Precision/Recall/F1: 0.4260 / 0.4092 / 0.4174

Metrics for AGchain_0:
  Threshold used: 0.3800
  Accuracy: 87.29%
  Precision: 0.3930
  Recall: 0.4455
  F1: 0.4176
  AUC-ROC: 0.7836
  AUC-PR: 0.4513
  Best-F1 threshold on this set: 0.3997
  Best-F1 Precision/Recall/F1: 0.4118 / 0.4281 / 0.4198

Metrics for AGchain_1:
  Threshold used: 0.3800
  Accuracy: 94.59%
  Precision: 0.2895
  Recall: 0.3014
  F1: 0.2953
  AUC-ROC: 0.8117
  AUC-PR: 0.2547
  Best-F1 threshold on this set: 0.5547
  Best-F1 Precision/Recall/F1: 0.5263 / 0.2740 / 0.3604

Metrics for AGchain_2:
  Threshold used: 0.3800
  Accuracy: 96.69%
  Precision: 0.0000
  Recall: 0.0000
  F1: 0.0000
  AUC-ROC: 0.8410
  AUC-PR: 0.1201
  Best-F1 threshold on this set: 0.2367
  Best-F1 Precision/Recall/F1: 0.2857 / 0.3333 / 0.3077

Testing model: iPara_balanced_l1_g10_i5_do0.10_dpr0.10_lr0.0002_heads16_fold3.pth
Threshold mode: fixed
Initializing ClassificationModel with 10 GAT layers and residual connections...
Initializing MCModel with 10 GAT layers and 5 row attention layers (drop_path_rate=0.1)
Initializing CoreModel with 1 layers, drop_path_rate=0.1
Missing keys : ['mc_model.cg_model.core_model.attn_scale_l', 'mc_model.cg_model.core_model.attn_scale_h', 'mc_model.cg_model.core_model.attn_scale_ag', 'mc_model.cg_model.core_model.chain_type_emb.weight']
Saved predictions: iPara_balanced_l1_g10_i5_do0.10_dpr0.10_lr0.0002_heads16_fold3.pth_predictions_threshold_fixed.csv

Metrics for Lchain:
  Threshold used: 0.3800
  Accuracy: 97.38%
  Precision: 0.6488
  Recall: 0.6820
  F1: 0.6650
  AUC-ROC: 0.9829
  AUC-PR: 0.7138
  Best-F1 threshold on this set: 0.3699
  Best-F1 Precision/Recall/F1: 0.6455 / 0.6937 / 0.6687

Metrics for Hchain:
  Threshold used: 0.3800
  Accuracy: 96.28%
  Precision: 0.6761
  Recall: 0.7827
  F1: 0.7255
  AUC-ROC: 0.9811
  AUC-PR: 0.7745
  Best-F1 threshold on this set: 0.3589
  Best-F1 Precision/Recall/F1: 0.6689 / 0.7979 / 0.7277

Metrics for Antibody:
  Threshold used: 0.3800
  Accuracy: 96.82%
  Precision: 0.6665
  Recall: 0.7452
  F1: 0.7037
  AUC-ROC: 0.9822
  AUC-PR: 0.7530
  Best-F1 threshold on this set: 0.3696
  Best-F1 Precision/Recall/F1: 0.6632 / 0.7552 / 0.7062

Metrics for Antigen:
  Threshold used: 0.3800
  Accuracy: 89.07%
  Precision: 0.4407
  Recall: 0.4056
  F1: 0.4224
  AUC-ROC: 0.7990
  AUC-PR: 0.4480
  Best-F1 threshold on this set: 0.4285
  Best-F1 Precision/Recall/F1: 0.4897 / 0.3774 / 0.4263

Metrics for AGchain_0:
  Threshold used: 0.3800
  Accuracy: 88.68%
  Precision: 0.4423
  Recall: 0.4090
  F1: 0.4250
  AUC-ROC: 0.7961
  AUC-PR: 0.4522
  Best-F1 threshold on this set: 0.4285
  Best-F1 Precision/Recall/F1: 0.4921 / 0.3808 / 0.4294

Metrics for AGchain_1:
  Threshold used: 0.3800
  Accuracy: 95.37%
  Precision: 0.3509
  Recall: 0.2740
  F1: 0.3077
  AUC-ROC: 0.8452
  AUC-PR: 0.2799
  Best-F1 threshold on this set: 0.2128
  Best-F1 Precision/Recall/F1: 0.2857 / 0.3836 / 0.3275

Metrics for AGchain_2:
  Threshold used: 0.3800
  Accuracy: 96.69%
  Precision: 0.0000
  Recall: 0.0000
  F1: 0.0000
  AUC-ROC: 0.7438
  AUC-PR: 0.0582
  Best-F1 threshold on this set: 0.0041
  Best-F1 Precision/Recall/F1: 0.0968 / 1.0000 / 0.1765

Testing model: iPara_balanced_l1_g10_i5_do0.10_dpr0.10_lr0.0002_heads16_fold4.pth
Threshold mode: fixed
Initializing ClassificationModel with 10 GAT layers and residual connections...
Initializing MCModel with 10 GAT layers and 5 row attention layers (drop_path_rate=0.1)
Initializing CoreModel with 1 layers, drop_path_rate=0.1
Missing keys : ['mc_model.cg_model.core_model.attn_scale_l', 'mc_model.cg_model.core_model.attn_scale_h', 'mc_model.cg_model.core_model.attn_scale_ag', 'mc_model.cg_model.core_model.chain_type_emb.weight']
Saved predictions: iPara_balanced_l1_g10_i5_do0.10_dpr0.10_lr0.0002_heads16_fold4.pth_predictions_threshold_fixed.csv

Metrics for Lchain:
  Threshold used: 0.3800
  Accuracy: 97.42%
  Precision: 0.6523
  Recall: 0.6960
  F1: 0.6734
  AUC-ROC: 0.9831
  AUC-PR: 0.7189
  Best-F1 threshold on this set: 0.3987
  Best-F1 Precision/Recall/F1: 0.6682 / 0.6838 / 0.6759

Metrics for Hchain:
  Threshold used: 0.3800
  Accuracy: 96.43%
  Precision: 0.6957
  Recall: 0.7678
  F1: 0.7300
  AUC-ROC: 0.9821
  AUC-PR: 0.7900
  Best-F1 threshold on this set: 0.3667
  Best-F1 Precision/Recall/F1: 0.6907 / 0.7816 / 0.7333

Metrics for Antibody:
  Threshold used: 0.3800
  Accuracy: 96.92%
  Precision: 0.6799
  Recall: 0.7411
  F1: 0.7091
  AUC-ROC: 0.9829
  AUC-PR: 0.7646
  Best-F1 threshold on this set: 0.3711
  Best-F1 Precision/Recall/F1: 0.6765 / 0.7497 / 0.7112

Metrics for Antigen:
  Threshold used: 0.3800
  Accuracy: 87.96%
  Precision: 0.3971
  Recall: 0.4292
  F1: 0.4125
  AUC-ROC: 0.7918
  AUC-PR: 0.4292
  Best-F1 threshold on this set: 0.3442
  Best-F1 Precision/Recall/F1: 0.3733 / 0.4666 / 0.4148

Metrics for AGchain_0:
  Threshold used: 0.3800
  Accuracy: 87.59%
  Precision: 0.4018
  Recall: 0.4361
  F1: 0.4182
  AUC-ROC: 0.7911
  AUC-PR: 0.4371
  Best-F1 threshold on this set: 0.3442
  Best-F1 Precision/Recall/F1: 0.3784 / 0.4739 / 0.4208

Metrics for AGchain_1:
  Threshold used: 0.3800
  Accuracy: 93.61%
  Precision: 0.1408
  Recall: 0.1370
  F1: 0.1389
  AUC-ROC: 0.7469
  AUC-PR: 0.1359
  Best-F1 threshold on this set: 0.2109
  Best-F1 Precision/Recall/F1: 0.1635 / 0.3562 / 0.2241

Metrics for AGchain_2:
  Threshold used: 0.3800
  Accuracy: 96.69%
  Precision: 0.0000
  Recall: 0.0000
  F1: 0.0000
  AUC-ROC: 0.9048
  AUC-PR: 0.3190
  Best-F1 threshold on this set: 0.0243
  Best-F1 Precision/Recall/F1: 0.7500 / 0.5000 / 0.6000

Testing model: iPara_balanced_l1_g10_i5_do0.10_dpr0.10_lr0.0002_heads16_fold5.pth
Threshold mode: fixed
Initializing ClassificationModel with 10 GAT layers and residual connections...
Initializing MCModel with 10 GAT layers and 5 row attention layers (drop_path_rate=0.1)
Initializing CoreModel with 1 layers, drop_path_rate=0.1
Missing keys : ['mc_model.cg_model.core_model.attn_scale_l', 'mc_model.cg_model.core_model.attn_scale_h', 'mc_model.cg_model.core_model.attn_scale_ag', 'mc_model.cg_model.core_model.chain_type_emb.weight']
Saved predictions: iPara_balanced_l1_g10_i5_do0.10_dpr0.10_lr0.0002_heads16_fold5.pth_predictions_threshold_fixed.csv

Metrics for Lchain:
  Threshold used: 0.3800
  Accuracy: 96.37%
  Precision: 0.5153
  Recall: 0.8352
  F1: 0.6373
  AUC-ROC: 0.9816
  AUC-PR: 0.6973
  Best-F1 threshold on this set: 0.5034
  Best-F1 Precision/Recall/F1: 0.5950 / 0.7420 / 0.6604

Metrics for Hchain:
  Threshold used: 0.3800
  Accuracy: 94.90%
  Precision: 0.5590
  Recall: 0.8932
  F1: 0.6877
  AUC-ROC: 0.9803
  AUC-PR: 0.7546
  Best-F1 threshold on this set: 0.5161
  Best-F1 Precision/Recall/F1: 0.6364 / 0.8117 / 0.7134

Metrics for Antibody:
  Threshold used: 0.3800
  Accuracy: 95.63%
  Precision: 0.5426
  Recall: 0.8716
  F1: 0.6688
  AUC-ROC: 0.9813
  AUC-PR: 0.7339
  Best-F1 threshold on this set: 0.5059
  Best-F1 Precision/Recall/F1: 0.6186 / 0.7892 / 0.6935

Metrics for Antigen:
  Threshold used: 0.3800
  Accuracy: 84.16%
  Precision: 0.3137
  Recall: 0.5125
  F1: 0.3892
  AUC-ROC: 0.7964
  AUC-PR: 0.4350
  Best-F1 threshold on this set: 0.4600
  Best-F1 Precision/Recall/F1: 0.3737 / 0.4343 / 0.4017

Metrics for AGchain_0:
  Threshold used: 0.3800
  Accuracy: 83.52%
  Precision: 0.3136
  Recall: 0.5141
  F1: 0.3896
  AUC-ROC: 0.7934
  AUC-PR: 0.4383
  Best-F1 threshold on this set: 0.4600
  Best-F1 Precision/Recall/F1: 0.3742 / 0.4358 / 0.4026

Metrics for AGchain_1:
  Threshold used: 0.3800
  Accuracy: 94.44%
  Precision: 0.3158
  Recall: 0.4110
  F1: 0.3571
  AUC-ROC: 0.7322
  AUC-PR: 0.2566
  Best-F1 threshold on this set: 0.4678
  Best-F1 Precision/Recall/F1: 0.3733 / 0.3836 / 0.3784

Metrics for AGchain_2:
  Threshold used: 0.3800
  Accuracy: 93.92%
  Precision: 0.3333
  Recall: 0.8333
  F1: 0.4762
  AUC-ROC: 0.9390
  AUC-PR: 0.3939
  Best-F1 threshold on this set: 0.4170
  Best-F1 Precision/Recall/F1: 0.4167 / 0.8333 / 0.5556

Testing model: iPara_balanced_l1_g10_i5_do0.10_dpr0.10_lr0.0002_heads16_fold6.pth
Threshold mode: fixed
Initializing ClassificationModel with 10 GAT layers and residual connections...
Initializing MCModel with 10 GAT layers and 5 row attention layers (drop_path_rate=0.1)
Initializing CoreModel with 1 layers, drop_path_rate=0.1
Missing keys : ['mc_model.cg_model.core_model.attn_scale_l', 'mc_model.cg_model.core_model.attn_scale_h', 'mc_model.cg_model.core_model.attn_scale_ag', 'mc_model.cg_model.core_model.chain_type_emb.weight']
Saved predictions: iPara_balanced_l1_g10_i5_do0.10_dpr0.10_lr0.0002_heads16_fold6.pth_predictions_threshold_fixed.csv

Metrics for Lchain:
  Threshold used: 0.3800
  Accuracy: 97.49%
  Precision: 0.6939
  Recall: 0.6127
  F1: 0.6508
  AUC-ROC: 0.9823
  AUC-PR: 0.7120
  Best-F1 threshold on this set: 0.3093
  Best-F1 Precision/Recall/F1: 0.6503 / 0.6855 / 0.6674

Metrics for Hchain:
  Threshold used: 0.3800
  Accuracy: 96.39%
  Precision: 0.7008
  Recall: 0.7440
  F1: 0.7218
  AUC-ROC: 0.9813
  AUC-PR: 0.7815
  Best-F1 threshold on this set: 0.3176
  Best-F1 Precision/Recall/F1: 0.6718 / 0.7944 / 0.7280

Metrics for Antibody:
  Threshold used: 0.3800
  Accuracy: 96.93%
  Precision: 0.6986
  Recall: 0.6951
  F1: 0.6968
  AUC-ROC: 0.9821
  AUC-PR: 0.7566
  Best-F1 threshold on this set: 0.3164
  Best-F1 Precision/Recall/F1: 0.6657 / 0.7502 / 0.7054

Metrics for Antigen:
  Threshold used: 0.3800
  Accuracy: 87.66%
  Precision: 0.3837
  Recall: 0.4170
  F1: 0.3997
  AUC-ROC: 0.7832
  AUC-PR: 0.4129
  Best-F1 threshold on this set: 0.4277
  Best-F1 Precision/Recall/F1: 0.4162 / 0.3875 / 0.4013

Metrics for AGchain_0:
  Threshold used: 0.3800
  Accuracy: 87.23%
  Precision: 0.3857
  Recall: 0.4195
  F1: 0.4019
  AUC-ROC: 0.7786
  AUC-PR: 0.4165
  Best-F1 threshold on this set: 0.4277
  Best-F1 Precision/Recall/F1: 0.4193 / 0.3902 / 0.4042

Metrics for AGchain_1:
  Threshold used: 0.3800
  Accuracy: 94.49%
  Precision: 0.2927
  Recall: 0.3288
  F1: 0.3097
  AUC-ROC: 0.8582
  AUC-PR: 0.2816
  Best-F1 threshold on this set: 0.2617
  Best-F1 Precision/Recall/F1: 0.2773 / 0.4521 / 0.3438

Metrics for AGchain_2:
  Threshold used: 0.3800
  Accuracy: 96.69%
  Precision: 0.0000
  Recall: 0.0000
  F1: 0.0000
  AUC-ROC: 0.8781
  AUC-PR: 0.1230
  Best-F1 threshold on this set: 0.0201
  Best-F1 Precision/Recall/F1: 0.2105 / 0.6667 / 0.3200

Testing model: iPara_balanced_l1_g10_i5_do0.10_dpr0.10_lr0.0002_heads16_fold7.pth
Threshold mode: fixed
Initializing ClassificationModel with 10 GAT layers and residual connections...
Initializing MCModel with 10 GAT layers and 5 row attention layers (drop_path_rate=0.1)
Initializing CoreModel with 1 layers, drop_path_rate=0.1
Missing keys : ['mc_model.cg_model.core_model.attn_scale_l', 'mc_model.cg_model.core_model.attn_scale_h', 'mc_model.cg_model.core_model.attn_scale_ag', 'mc_model.cg_model.core_model.chain_type_emb.weight']
Saved predictions: iPara_balanced_l1_g10_i5_do0.10_dpr0.10_lr0.0002_heads16_fold7.pth_predictions_threshold_fixed.csv

Metrics for Lchain:
  Threshold used: 0.3800
  Accuracy: 97.46%
  Precision: 0.6686
  Recall: 0.6628
  F1: 0.6657
  AUC-ROC: 0.9833
  AUC-PR: 0.7255
  Best-F1 threshold on this set: 0.3152
  Best-F1 Precision/Recall/F1: 0.6465 / 0.7158 / 0.6794

Metrics for Hchain:
  Threshold used: 0.3800
  Accuracy: 96.50%
  Precision: 0.7017
  Recall: 0.7713
  F1: 0.7348
  AUC-ROC: 0.9820
  AUC-PR: 0.7908
  Best-F1 threshold on this set: 0.3789
  Best-F1 Precision/Recall/F1: 0.7019 / 0.7719 / 0.7352

Metrics for Antibody:
  Threshold used: 0.3800
  Accuracy: 96.97%
  Precision: 0.6901
  Recall: 0.7309
  F1: 0.7099
  AUC-ROC: 0.9829
  AUC-PR: 0.7684
  Best-F1 threshold on this set: 0.3186
  Best-F1 Precision/Recall/F1: 0.6625 / 0.7714 / 0.7128

Metrics for Antigen:
  Threshold used: 0.3800
  Accuracy: 88.82%
  Precision: 0.4214
  Recall: 0.3624
  F1: 0.3897
  AUC-ROC: 0.7775
  AUC-PR: 0.4109
  Best-F1 threshold on this set: 0.3994
  Best-F1 Precision/Recall/F1: 0.4380 / 0.3540 / 0.3916

Metrics for AGchain_0:
  Threshold used: 0.3800
  Accuracy: 88.39%
  Precision: 0.4215
  Recall: 0.3626
  F1: 0.3898
  AUC-ROC: 0.7743
  AUC-PR: 0.4139
  Best-F1 threshold on this set: 0.3994
  Best-F1 Precision/Recall/F1: 0.4384 / 0.3540 / 0.3917

Metrics for AGchain_1:
  Threshold used: 0.3800
  Accuracy: 95.62%
  Precision: 0.4062
  Recall: 0.3562
  F1: 0.3796
  AUC-ROC: 0.7633
  AUC-PR: 0.2686
  Best-F1 threshold on this set: 0.4382
  Best-F1 Precision/Recall/F1: 0.4407 / 0.3562 / 0.3939

Metrics for AGchain_2:
  Threshold used: 0.3800
  Accuracy: 97.24%
  Precision: 0.6667
  Recall: 0.3333
  F1: 0.4444
  AUC-ROC: 0.9686
  AUC-PR: 0.5627
  Best-F1 threshold on this set: 0.0677
  Best-F1 Precision/Recall/F1: 0.3333 / 1.0000 / 0.5000

Testing model: iPara_balanced_l1_g10_i5_do0.10_dpr0.10_lr0.0002_heads16_fold8.pth
Threshold mode: fixed
Initializing ClassificationModel with 10 GAT layers and residual connections...
Initializing MCModel with 10 GAT layers and 5 row attention layers (drop_path_rate=0.1)
Initializing CoreModel with 1 layers, drop_path_rate=0.1
Missing keys : ['mc_model.cg_model.core_model.attn_scale_l', 'mc_model.cg_model.core_model.attn_scale_h', 'mc_model.cg_model.core_model.attn_scale_ag', 'mc_model.cg_model.core_model.chain_type_emb.weight']
Saved predictions: iPara_balanced_l1_g10_i5_do0.10_dpr0.10_lr0.0002_heads16_fold8.pth_predictions_threshold_fixed.csv

Metrics for Lchain:
  Threshold used: 0.3800
  Accuracy: 96.58%
  Precision: 0.5350
  Recall: 0.8061
  F1: 0.6431
  AUC-ROC: 0.9816
  AUC-PR: 0.7054
  Best-F1 threshold on this set: 0.4697
  Best-F1 Precision/Recall/F1: 0.5904 / 0.7554 / 0.6627

Metrics for Hchain:
  Threshold used: 0.3800
  Accuracy: 95.62%
  Precision: 0.6075
  Recall: 0.8583
  F1: 0.7114
  AUC-ROC: 0.9806
  AUC-PR: 0.7668
  Best-F1 threshold on this set: 0.4897
  Best-F1 Precision/Recall/F1: 0.6640 / 0.7941 / 0.7232

Metrics for Antibody:
  Threshold used: 0.3800
  Accuracy: 96.10%
  Precision: 0.5794
  Recall: 0.8389
  F1: 0.6854
  AUC-ROC: 0.9814
  AUC-PR: 0.7436
  Best-F1 threshold on this set: 0.4836
  Best-F1 Precision/Recall/F1: 0.6363 / 0.7777 / 0.6999

Metrics for Antigen:
  Threshold used: 0.3800
  Accuracy: 84.25%
  Precision: 0.3173
  Recall: 0.5201
  F1: 0.3941
  AUC-ROC: 0.7900
  AUC-PR: 0.4388
  Best-F1 threshold on this set: 0.4568
  Best-F1 Precision/Recall/F1: 0.3948 / 0.4298 / 0.4116

Metrics for AGchain_0:
  Threshold used: 0.3800
  Accuracy: 83.60%
  Precision: 0.3178
  Recall: 0.5258
  F1: 0.3961
  AUC-ROC: 0.7871
  AUC-PR: 0.4426
  Best-F1 threshold on this set: 0.4568
  Best-F1 Precision/Recall/F1: 0.3947 / 0.4338 / 0.4133

Metrics for AGchain_1:
  Threshold used: 0.3800
  Accuracy: 94.54%
  Precision: 0.2676
  Recall: 0.2603
  F1: 0.2639
  AUC-ROC: 0.7561
  AUC-PR: 0.2412
  Best-F1 threshold on this set: 0.5596
  Best-F1 Precision/Recall/F1: 0.5000 / 0.2603 / 0.3423

Metrics for AGchain_2:
  Threshold used: 0.3800
  Accuracy: 96.69%
  Precision: 0.5000
  Recall: 0.3333
  F1: 0.4000
  AUC-ROC: 0.9543
  AUC-PR: 0.3338
  Best-F1 threshold on this set: 0.2598
  Best-F1 Precision/Recall/F1: 0.4167 / 0.8333 / 0.5556

Testing model: iPara_balanced_l1_g10_i5_do0.10_dpr0.10_lr0.0002_heads16_fold9.pth
Threshold mode: fixed
Initializing ClassificationModel with 10 GAT layers and residual connections...
Initializing MCModel with 10 GAT layers and 5 row attention layers (drop_path_rate=0.1)
Initializing CoreModel with 1 layers, drop_path_rate=0.1
Missing keys : ['mc_model.cg_model.core_model.attn_scale_l', 'mc_model.cg_model.core_model.attn_scale_h', 'mc_model.cg_model.core_model.attn_scale_ag', 'mc_model.cg_model.core_model.chain_type_emb.weight']
Saved predictions: iPara_balanced_l1_g10_i5_do0.10_dpr0.10_lr0.0002_heads16_fold9.pth_predictions_threshold_fixed.csv

Metrics for Lchain:
  Threshold used: 0.3800
  Accuracy: 96.85%
  Precision: 0.5601
  Recall: 0.8119
  F1: 0.6629
  AUC-ROC: 0.9817
  AUC-PR: 0.7047
  Best-F1 threshold on this set: 0.4573
  Best-F1 Precision/Recall/F1: 0.6064 / 0.7536 / 0.6720

Metrics for Hchain:
  Threshold used: 0.3800
  Accuracy: 95.44%
  Precision: 0.5964
  Recall: 0.8518
  F1: 0.7016
  AUC-ROC: 0.9802
  AUC-PR: 0.7624
  Best-F1 threshold on this set: 0.5166
  Best-F1 Precision/Recall/F1: 0.6693 / 0.7685 / 0.7155

Metrics for Antibody:
  Threshold used: 0.3800
  Accuracy: 96.14%
  Precision: 0.5828
  Recall: 0.8369
  F1: 0.6871
  AUC-ROC: 0.9813
  AUC-PR: 0.7418
  Best-F1 threshold on this set: 0.5151
  Best-F1 Precision/Recall/F1: 0.6596 / 0.7430 / 0.6988

Metrics for Antigen:
  Threshold used: 0.3800
  Accuracy: 89.46%
  Precision: 0.4579
  Recall: 0.3816
  F1: 0.4163
  AUC-ROC: 0.8079
  AUC-PR: 0.4503
  Best-F1 threshold on this set: 0.3357
  Best-F1 Precision/Recall/F1: 0.4086 / 0.4460 / 0.4265

Metrics for AGchain_0:
  Threshold used: 0.3800
  Accuracy: 89.07%
  Precision: 0.4591
  Recall: 0.3834
  F1: 0.4178
  AUC-ROC: 0.8049
  AUC-PR: 0.4538
  Best-F1 threshold on this set: 0.3357
  Best-F1 Precision/Recall/F1: 0.4095 / 0.4492 / 0.4284

Metrics for AGchain_1:
  Threshold used: 0.3800
  Accuracy: 95.62%
  Precision: 0.4000
  Recall: 0.3288
  F1: 0.3609
  AUC-ROC: 0.7918
  AUC-PR: 0.2672
  Best-F1 threshold on this set: 0.5034
  Best-F1 Precision/Recall/F1: 0.5227 / 0.3151 / 0.3932

Metrics for AGchain_2:
  Threshold used: 0.3800
  Accuracy: 96.69%
  Precision: 0.0000
  Recall: 0.0000
  F1: 0.0000
  AUC-ROC: 0.9190
  AUC-PR: 0.3026
  Best-F1 threshold on this set: 0.1085
  Best-F1 Precision/Recall/F1: 0.2174 / 0.8333 / 0.3448

Testing model: iPara_balanced_l1_g6_i4_do0.10_dpr0.10_lr0.0002_heads16_fold10.pth
Threshold mode: fixed
Initializing ClassificationModel with 6 GAT layers and residual connections...
Initializing MCModel with 6 GAT layers and 4 row attention layers (drop_path_rate=0.1)
Initializing CoreModel with 1 layers, drop_path_rate=0.1
Missing keys : ['mc_model.cg_model.core_model.attn_scale_l', 'mc_model.cg_model.core_model.attn_scale_h', 'mc_model.cg_model.core_model.attn_scale_ag', 'mc_model.cg_model.core_model.chain_type_emb.weight']
Saved predictions: iPara_balanced_l1_g6_i4_do0.10_dpr0.10_lr0.0002_heads16_fold10.pth_predictions_threshold_fixed.csv

Metrics for Lchain:
  Threshold used: 0.3800
  Accuracy: 97.29%
  Precision: 0.6328
  Recall: 0.6937
  F1: 0.6619
  AUC-ROC: 0.9825
  AUC-PR: 0.7104
  Best-F1 threshold on this set: 0.2908
  Best-F1 Precision/Recall/F1: 0.5935 / 0.7577 / 0.6656

Metrics for Hchain:
  Threshold used: 0.3800
  Accuracy: 96.28%
  Precision: 0.6738
  Recall: 0.7916
  F1: 0.7280
  AUC-ROC: 0.9816
  AUC-PR: 0.7805
  Best-F1 threshold on this set: 0.3435
  Best-F1 Precision/Recall/F1: 0.6605 / 0.8196 / 0.7315

Metrics for Antibody:
  Threshold used: 0.3800
  Accuracy: 96.78%
  Precision: 0.6592
  Recall: 0.7552
  F1: 0.7039
  AUC-ROC: 0.9823
  AUC-PR: 0.7561
  Best-F1 threshold on this set: 0.3408
  Best-F1 Precision/Recall/F1: 0.6445 / 0.7836 / 0.7073

Metrics for Antigen:
  Threshold used: 0.3800
  Accuracy: 88.72%
  Precision: 0.4192
  Recall: 0.3763
  F1: 0.3966
  AUC-ROC: 0.7847
  AUC-PR: 0.4145
  Best-F1 threshold on this set: 0.2786
  Best-F1 Precision/Recall/F1: 0.3571 / 0.4593 / 0.4018

Metrics for AGchain_0:
  Threshold used: 0.3800
  Accuracy: 88.32%
  Precision: 0.4211
  Recall: 0.3791
  F1: 0.3990
  AUC-ROC: 0.7823
  AUC-PR: 0.4205
  Best-F1 threshold on this set: 0.2786
  Best-F1 Precision/Recall/F1: 0.3595 / 0.4623 / 0.4044

Metrics for AGchain_1:
  Threshold used: 0.3800
  Accuracy: 95.11%
  Precision: 0.3226
  Recall: 0.2740
  F1: 0.2963
  AUC-ROC: 0.8278
  AUC-PR: 0.2083
  Best-F1 threshold on this set: 0.3401
  Best-F1 Precision/Recall/F1: 0.3077 / 0.3288 / 0.3179

Metrics for AGchain_2:
  Threshold used: 0.3800
  Accuracy: 96.69%
  Precision: 0.0000
  Recall: 0.0000
  F1: 0.0000
  AUC-ROC: 0.9638
  AUC-PR: 0.4398
  Best-F1 threshold on this set: 0.0323
  Best-F1 Precision/Recall/F1: 0.3571 / 0.8333 / 0.5000

Testing model: iPara_balanced_l1_g6_i4_do0.10_dpr0.10_lr0.0002_heads16_fold1.pth
Threshold mode: fixed
Initializing ClassificationModel with 6 GAT layers and residual connections...
Initializing MCModel with 6 GAT layers and 4 row attention layers (drop_path_rate=0.1)
Initializing CoreModel with 1 layers, drop_path_rate=0.1
Missing keys : ['mc_model.cg_model.core_model.attn_scale_l', 'mc_model.cg_model.core_model.attn_scale_h', 'mc_model.cg_model.core_model.attn_scale_ag', 'mc_model.cg_model.core_model.chain_type_emb.weight']
Saved predictions: iPara_balanced_l1_g6_i4_do0.10_dpr0.10_lr0.0002_heads16_fold1.pth_predictions_threshold_fixed.csv

Metrics for Lchain:
  Threshold used: 0.3800
  Accuracy: 97.30%
  Precision: 0.6329
  Recall: 0.6977
  F1: 0.6637
  AUC-ROC: 0.9826
  AUC-PR: 0.7091
  Best-F1 threshold on this set: 0.3989
  Best-F1 Precision/Recall/F1: 0.6471 / 0.6855 / 0.6657

Metrics for Hchain:
  Threshold used: 0.3800
  Accuracy: 96.28%
  Precision: 0.6753
  Recall: 0.7868
  F1: 0.7268
  AUC-ROC: 0.9816
  AUC-PR: 0.7856
  Best-F1 threshold on this set: 0.4285
  Best-F1 Precision/Recall/F1: 0.7006 / 0.7560 / 0.7273

Metrics for Antibody:
  Threshold used: 0.3800
  Accuracy: 96.78%
  Precision: 0.6600
  Recall: 0.7536
  F1: 0.7037
  AUC-ROC: 0.9824
  AUC-PR: 0.7583
  Best-F1 threshold on this set: 0.4187
  Best-F1 Precision/Recall/F1: 0.6820 / 0.7287 / 0.7046

Metrics for Antigen:
  Threshold used: 0.3800
  Accuracy: 87.40%
  Precision: 0.3798
  Recall: 0.4404
  F1: 0.4078
  AUC-ROC: 0.7979
  AUC-PR: 0.4431
  Best-F1 threshold on this set: 0.4250
  Best-F1 Precision/Recall/F1: 0.4219 / 0.4103 / 0.4160

Metrics for AGchain_0:
  Threshold used: 0.3800
  Accuracy: 86.93%
  Precision: 0.3803
  Recall: 0.4409
  F1: 0.4084
  AUC-ROC: 0.7928
  AUC-PR: 0.4460
  Best-F1 threshold on this set: 0.4854
  Best-F1 Precision/Recall/F1: 0.4865 / 0.3640 / 0.4164

Metrics for AGchain_1:
  Threshold used: 0.3800
  Accuracy: 94.85%
  Precision: 0.3548
  Recall: 0.4521
  F1: 0.3976
  AUC-ROC: 0.8556
  AUC-PR: 0.3222
  Best-F1 threshold on this set: 0.5220
  Best-F1 Precision/Recall/F1: 0.4412 / 0.4110 / 0.4255

Metrics for AGchain_2:
  Threshold used: 0.3800
  Accuracy: 96.69%
  Precision: 0.0000
  Recall: 0.0000
  F1: 0.0000
  AUC-ROC: 0.9743
  AUC-PR: 0.6121
  Best-F1 threshold on this set: 0.1143
  Best-F1 Precision/Recall/F1: 0.7143 / 0.8333 / 0.7692

Testing model: iPara_balanced_l1_g6_i4_do0.10_dpr0.10_lr0.0002_heads16_fold2.pth
Threshold mode: fixed
Initializing ClassificationModel with 6 GAT layers and residual connections...
Initializing MCModel with 6 GAT layers and 4 row attention layers (drop_path_rate=0.1)
Initializing CoreModel with 1 layers, drop_path_rate=0.1
Missing keys : ['mc_model.cg_model.core_model.attn_scale_l', 'mc_model.cg_model.core_model.attn_scale_h', 'mc_model.cg_model.core_model.attn_scale_ag', 'mc_model.cg_model.core_model.chain_type_emb.weight']
Saved predictions: iPara_balanced_l1_g6_i4_do0.10_dpr0.10_lr0.0002_heads16_fold2.pth_predictions_threshold_fixed.csv

Metrics for Lchain:
  Threshold used: 0.3800
  Accuracy: 97.18%
  Precision: 0.6055
  Recall: 0.7536
  F1: 0.6715
  AUC-ROC: 0.9830
  AUC-PR: 0.7262
  Best-F1 threshold on this set: 0.4302
  Best-F1 Precision/Recall/F1: 0.6359 / 0.7251 / 0.6776

Metrics for Hchain:
  Threshold used: 0.3800
  Accuracy: 96.07%
  Precision: 0.6436
  Recall: 0.8393
  F1: 0.7286
  AUC-ROC: 0.9823
  AUC-PR: 0.7846
  Best-F1 threshold on this set: 0.4575
  Best-F1 Precision/Recall/F1: 0.6829 / 0.7909 / 0.7329

Metrics for Antibody:
  Threshold used: 0.3800
  Accuracy: 96.62%
  Precision: 0.6298
  Recall: 0.8074
  F1: 0.7077
  AUC-ROC: 0.9829
  AUC-PR: 0.7634
  Best-F1 threshold on this set: 0.4207
  Best-F1 Precision/Recall/F1: 0.6524 / 0.7844 / 0.7124

Metrics for Antigen:
  Threshold used: 0.3800
  Accuracy: 88.52%
  Precision: 0.4156
  Recall: 0.4072
  F1: 0.4114
  AUC-ROC: 0.7914
  AUC-PR: 0.4384
  Best-F1 threshold on this set: 0.3994
  Best-F1 Precision/Recall/F1: 0.4363 / 0.3930 / 0.4135

Metrics for AGchain_0:
  Threshold used: 0.3800
  Accuracy: 88.15%
  Precision: 0.4191
  Recall: 0.4107
  F1: 0.4148
  AUC-ROC: 0.7894
  AUC-PR: 0.4433
  Best-F1 threshold on this set: 0.4031
  Best-F1 Precision/Recall/F1: 0.4437 / 0.3936 / 0.4171

Metrics for AGchain_1:
  Threshold used: 0.3800
  Accuracy: 94.80%
  Precision: 0.2879
  Recall: 0.2603
  F1: 0.2734
  AUC-ROC: 0.7454
  AUC-PR: 0.2533
  Best-F1 threshold on this set: 0.5215
  Best-F1 Precision/Recall/F1: 0.4615 / 0.2466 / 0.3214

Metrics for AGchain_2:
  Threshold used: 0.3800
  Accuracy: 91.71%
  Precision: 0.0909
  Recall: 0.1667
  F1: 0.1176
  AUC-ROC: 0.7748
  AUC-PR: 0.0702
  Best-F1 threshold on this set: 0.3467
  Best-F1 Precision/Recall/F1: 0.1250 / 0.3333 / 0.1818

Testing model: iPara_balanced_l1_g6_i4_do0.10_dpr0.10_lr0.0002_heads16_fold3.pth
Threshold mode: fixed
Initializing ClassificationModel with 6 GAT layers and residual connections...
Initializing MCModel with 6 GAT layers and 4 row attention layers (drop_path_rate=0.1)
Initializing CoreModel with 1 layers, drop_path_rate=0.1
Missing keys : ['mc_model.cg_model.core_model.attn_scale_l', 'mc_model.cg_model.core_model.attn_scale_h', 'mc_model.cg_model.core_model.attn_scale_ag', 'mc_model.cg_model.core_model.chain_type_emb.weight']
Saved predictions: iPara_balanced_l1_g6_i4_do0.10_dpr0.10_lr0.0002_heads16_fold3.pth_predictions_threshold_fixed.csv

Metrics for Lchain:
  Threshold used: 0.3800
  Accuracy: 97.28%
  Precision: 0.6220
  Recall: 0.7333
  F1: 0.6731
  AUC-ROC: 0.9830
  AUC-PR: 0.7155
  Best-F1 threshold on this set: 0.4153
  Best-F1 Precision/Recall/F1: 0.6465 / 0.7082 / 0.6759

Metrics for Hchain:
  Threshold used: 0.3800
  Accuracy: 96.21%
  Precision: 0.6703
  Recall: 0.7827
  F1: 0.7221
  AUC-ROC: 0.9815
  AUC-PR: 0.7766
  Best-F1 threshold on this set: 0.4146
  Best-F1 Precision/Recall/F1: 0.6909 / 0.7609 / 0.7242

Metrics for Antibody:
  Threshold used: 0.3800
  Accuracy: 96.74%
  Precision: 0.6522
  Recall: 0.7643
  F1: 0.7038
  AUC-ROC: 0.9825
  AUC-PR: 0.7543
  Best-F1 threshold on this set: 0.4153
  Best-F1 Precision/Recall/F1: 0.6746 / 0.7406 / 0.7061

Metrics for Antigen:
  Threshold used: 0.3800
  Accuracy: 87.83%
  Precision: 0.3892
  Recall: 0.4139
  F1: 0.4012
  AUC-ROC: 0.7860
  AUC-PR: 0.4314
  Best-F1 threshold on this set: 0.4626
  Best-F1 Precision/Recall/F1: 0.4735 / 0.3652 / 0.4123

Metrics for AGchain_0:
  Threshold used: 0.3800
  Accuracy: 87.47%
  Precision: 0.3936
  Recall: 0.4158
  F1: 0.4044
  AUC-ROC: 0.7824
  AUC-PR: 0.4358
  Best-F1 threshold on this set: 0.4626
  Best-F1 Precision/Recall/F1: 0.4774 / 0.3666 / 0.4147

Metrics for AGchain_1:
  Threshold used: 0.3800
  Accuracy: 93.77%
  Precision: 0.2333
  Recall: 0.2877
  F1: 0.2577
  AUC-ROC: 0.8314
  AUC-PR: 0.2559
  Best-F1 threshold on this set: 0.5728
  Best-F1 Precision/Recall/F1: 0.5135 / 0.2603 / 0.3455

Metrics for AGchain_2:
  Threshold used: 0.3800
  Accuracy: 91.71%
  Precision: 0.2632
  Recall: 0.8333
  F1: 0.4000
  AUC-ROC: 0.9562
  AUC-PR: 0.5552
  Best-F1 threshold on this set: 0.4790
  Best-F1 Precision/Recall/F1: 0.4167 / 0.8333 / 0.5556

Testing model: iPara_balanced_l1_g6_i4_do0.10_dpr0.10_lr0.0002_heads16_fold4.pth
Threshold mode: fixed
Initializing ClassificationModel with 6 GAT layers and residual connections...
Initializing MCModel with 6 GAT layers and 4 row attention layers (drop_path_rate=0.1)
Initializing CoreModel with 1 layers, drop_path_rate=0.1
Missing keys : ['mc_model.cg_model.core_model.attn_scale_l', 'mc_model.cg_model.core_model.attn_scale_h', 'mc_model.cg_model.core_model.attn_scale_ag', 'mc_model.cg_model.core_model.chain_type_emb.weight']
Saved predictions: iPara_balanced_l1_g6_i4_do0.10_dpr0.10_lr0.0002_heads16_fold4.pth_predictions_threshold_fixed.csv

Metrics for Lchain:
  Threshold used: 0.3800
  Accuracy: 97.28%
  Precision: 0.6278
  Recall: 0.7065
  F1: 0.6648
  AUC-ROC: 0.9825
  AUC-PR: 0.7020
  Best-F1 threshold on this set: 0.3975
  Best-F1 Precision/Recall/F1: 0.6385 / 0.6995 / 0.6676

Metrics for Hchain:
  Threshold used: 0.3800
  Accuracy: 96.17%
  Precision: 0.6597
  Recall: 0.8079
  F1: 0.7263
  AUC-ROC: 0.9817
  AUC-PR: 0.7733
  Best-F1 threshold on this set: 0.3738
  Best-F1 Precision/Recall/F1: 0.6590 / 0.8127 / 0.7278

Metrics for Antibody:
  Threshold used: 0.3800
  Accuracy: 96.72%
  Precision: 0.6485
  Recall: 0.7701
  F1: 0.7041
  AUC-ROC: 0.9824
  AUC-PR: 0.7482
  Best-F1 threshold on this set: 0.4077
  Best-F1 Precision/Recall/F1: 0.6622 / 0.7552 / 0.7056

Metrics for Antigen:
  Threshold used: 0.3800
  Accuracy: 88.11%
  Precision: 0.4024
  Recall: 0.4259
  F1: 0.4138
  AUC-ROC: 0.7856
  AUC-PR: 0.4231
  Best-F1 threshold on this set: 0.3918
  Best-F1 Precision/Recall/F1: 0.4143 / 0.4206 / 0.4174

Metrics for AGchain_0:
  Threshold used: 0.3800
  Accuracy: 87.76%
  Precision: 0.4066
  Recall: 0.4287
  F1: 0.4174
  AUC-ROC: 0.7827
  AUC-PR: 0.4288
  Best-F1 threshold on this set: 0.3918
  Best-F1 Precision/Recall/F1: 0.4186 / 0.4232 / 0.4209

Metrics for AGchain_1:
  Threshold used: 0.3800
  Accuracy: 93.77%
  Precision: 0.2500
  Recall: 0.3288
  F1: 0.2840
  AUC-ROC: 0.7812
  AUC-PR: 0.1841
  Best-F1 threshold on this set: 0.5117
  Best-F1 Precision/Recall/F1: 0.3382 / 0.3151 / 0.3262

Metrics for AGchain_2:
  Threshold used: 0.3800
  Accuracy: 95.03%
  Precision: 0.0000
  Recall: 0.0000
  F1: 0.0000
  AUC-ROC: 0.8724
  AUC-PR: 0.1164
  Best-F1 threshold on this set: 0.0321
  Best-F1 Precision/Recall/F1: 0.1562 / 0.8333 / 0.2632

Testing model: iPara_balanced_l1_g6_i4_do0.10_dpr0.10_lr0.0002_heads16_fold5.pth
Threshold mode: fixed
Initializing ClassificationModel with 6 GAT layers and residual connections...
Initializing MCModel with 6 GAT layers and 4 row attention layers (drop_path_rate=0.1)
Initializing CoreModel with 1 layers, drop_path_rate=0.1
Missing keys : ['mc_model.cg_model.core_model.attn_scale_l', 'mc_model.cg_model.core_model.attn_scale_h', 'mc_model.cg_model.core_model.attn_scale_ag', 'mc_model.cg_model.core_model.chain_type_emb.weight']
Saved predictions: iPara_balanced_l1_g6_i4_do0.10_dpr0.10_lr0.0002_heads16_fold5.pth_predictions_threshold_fixed.csv

Metrics for Lchain:
  Threshold used: 0.3800
  Accuracy: 97.35%
  Precision: 0.6311
  Recall: 0.7373
  F1: 0.6801
  AUC-ROC: 0.9830
  AUC-PR: 0.7204
  Best-F1 threshold on this set: 0.3823
  Best-F1 Precision/Recall/F1: 0.6336 / 0.7362 / 0.6810

Metrics for Hchain:
  Threshold used: 0.3800
  Accuracy: 96.13%
  Precision: 0.6543
  Recall: 0.8138
  F1: 0.7254
  AUC-ROC: 0.9820
  AUC-PR: 0.7886
  Best-F1 threshold on this set: 0.4282
  Best-F1 Precision/Recall/F1: 0.6811 / 0.7837 / 0.7288

Metrics for Antibody:
  Threshold used: 0.3800
  Accuracy: 96.73%
  Precision: 0.6460
  Recall: 0.7853
  F1: 0.7089
  AUC-ROC: 0.9828
  AUC-PR: 0.7647
  Best-F1 threshold on this set: 0.4116
  Best-F1 Precision/Recall/F1: 0.6641 / 0.7625 / 0.7099

Metrics for Antigen:
  Threshold used: 0.3800
  Accuracy: 88.43%
  Precision: 0.4115
  Recall: 0.4070
  F1: 0.4092
  AUC-ROC: 0.7927
  AUC-PR: 0.4391
  Best-F1 threshold on this set: 0.3230
  Best-F1 Precision/Recall/F1: 0.3738 / 0.4552 / 0.4105

Metrics for AGchain_0:
  Threshold used: 0.3800
  Accuracy: 88.03%
  Precision: 0.4140
  Recall: 0.4099
  F1: 0.4119
  AUC-ROC: 0.7892
  AUC-PR: 0.4430
  Best-F1 threshold on this set: 0.3230
  Best-F1 Precision/Recall/F1: 0.3763 / 0.4588 / 0.4135

Metrics for AGchain_1:
  Threshold used: 0.3800
  Accuracy: 94.95%
  Precision: 0.2951
  Recall: 0.2466
  F1: 0.2687
  AUC-ROC: 0.8293
  AUC-PR: 0.2459
  Best-F1 threshold on this set: 0.2340
  Best-F1 Precision/Recall/F1: 0.2812 / 0.3699 / 0.3195

Metrics for AGchain_2:
  Threshold used: 0.3800
  Accuracy: 93.92%
  Precision: 0.3077
  Recall: 0.6667
  F1: 0.4211
  AUC-ROC: 0.9600
  AUC-PR: 0.6570
  Best-F1 threshold on this set: 0.5898
  Best-F1 Precision/Recall/F1: 1.0000 / 0.5000 / 0.6667

Testing model: iPara_balanced_l1_g6_i4_do0.10_dpr0.10_lr0.0002_heads16_fold6.pth
Threshold mode: fixed
Initializing ClassificationModel with 6 GAT layers and residual connections...
Initializing MCModel with 6 GAT layers and 4 row attention layers (drop_path_rate=0.1)
Initializing CoreModel with 1 layers, drop_path_rate=0.1
Missing keys : ['mc_model.cg_model.core_model.attn_scale_l', 'mc_model.cg_model.core_model.attn_scale_h', 'mc_model.cg_model.core_model.attn_scale_ag', 'mc_model.cg_model.core_model.chain_type_emb.weight']
Saved predictions: iPara_balanced_l1_g6_i4_do0.10_dpr0.10_lr0.0002_heads16_fold6.pth_predictions_threshold_fixed.csv

Metrics for Lchain:
  Threshold used: 0.3800
  Accuracy: 97.35%
  Precision: 0.6345
  Recall: 0.7199
  F1: 0.6745
  AUC-ROC: 0.9831
  AUC-PR: 0.7177
  Best-F1 threshold on this set: 0.3740
  Best-F1 Precision/Recall/F1: 0.6327 / 0.7274 / 0.6768

Metrics for Hchain:
  Threshold used: 0.3800
  Accuracy: 96.08%
  Precision: 0.6513
  Recall: 0.8113
  F1: 0.7226
  AUC-ROC: 0.9818
  AUC-PR: 0.7805
  Best-F1 threshold on this set: 0.3999
  Best-F1 Precision/Recall/F1: 0.6663 / 0.7996 / 0.7269

Metrics for Antibody:
  Threshold used: 0.3800
  Accuracy: 96.71%
  Precision: 0.6454
  Recall: 0.7773
  F1: 0.7052
  AUC-ROC: 0.9827
  AUC-PR: 0.7581
  Best-F1 threshold on this set: 0.4031
  Best-F1 Precision/Recall/F1: 0.6611 / 0.7623 / 0.7081

Metrics for Antigen:
  Threshold used: 0.3800
  Accuracy: 87.76%
  Precision: 0.3898
  Recall: 0.4290
  F1: 0.4084
  AUC-ROC: 0.7954
  AUC-PR: 0.4224
  Best-F1 threshold on this set: 0.4834
  Best-F1 Precision/Recall/F1: 0.4873 / 0.3627 / 0.4158

Metrics for AGchain_0:
  Threshold used: 0.3800
  Accuracy: 87.30%
  Precision: 0.3908
  Recall: 0.4318
  F1: 0.4103
  AUC-ROC: 0.7927
  AUC-PR: 0.4273
  Best-F1 threshold on this set: 0.4834
  Best-F1 Precision/Recall/F1: 0.4887 / 0.3643 / 0.4174

Metrics for AGchain_1:
  Threshold used: 0.3800
  Accuracy: 95.01%
  Precision: 0.3333
  Recall: 0.3288
  F1: 0.3310
  AUC-ROC: 0.7813
  AUC-PR: 0.2493
  Best-F1 threshold on this set: 0.6675
  Best-F1 Precision/Recall/F1: 0.5476 / 0.3151 / 0.4000

Metrics for AGchain_2:
  Threshold used: 0.3800
  Accuracy: 96.69%
  Precision: 0.0000
  Recall: 0.0000
  F1: 0.0000
  AUC-ROC: 0.9181
  AUC-PR: 0.3541
  Best-F1 threshold on this set: 0.0085
  Best-F1 Precision/Recall/F1: 0.3750 / 0.5000 / 0.4286

Testing model: iPara_balanced_l1_g6_i4_do0.10_dpr0.10_lr0.0002_heads16_fold7.pth
Threshold mode: fixed
Initializing ClassificationModel with 6 GAT layers and residual connections...
Initializing MCModel with 6 GAT layers and 4 row attention layers (drop_path_rate=0.1)
Initializing CoreModel with 1 layers, drop_path_rate=0.1
Missing keys : ['mc_model.cg_model.core_model.attn_scale_l', 'mc_model.cg_model.core_model.attn_scale_h', 'mc_model.cg_model.core_model.attn_scale_ag', 'mc_model.cg_model.core_model.chain_type_emb.weight']
Saved predictions: iPara_balanced_l1_g6_i4_do0.10_dpr0.10_lr0.0002_heads16_fold7.pth_predictions_threshold_fixed.csv

Metrics for Lchain:
  Threshold used: 0.3800
  Accuracy: 97.37%
  Precision: 0.6394
  Recall: 0.7146
  F1: 0.6749
  AUC-ROC: 0.9835
  AUC-PR: 0.7353
  Best-F1 threshold on this set: 0.3381
  Best-F1 Precision/Recall/F1: 0.6212 / 0.7536 / 0.6811

Metrics for Hchain:
  Threshold used: 0.3800
  Accuracy: 96.34%
  Precision: 0.6784
  Recall: 0.7930
  F1: 0.7312
  AUC-ROC: 0.9817
  AUC-PR: 0.7871
  Best-F1 threshold on this set: 0.3755
  Best-F1 Precision/Recall/F1: 0.6772 / 0.7968 / 0.7322

Metrics for Antibody:
  Threshold used: 0.3800
  Accuracy: 96.85%
  Precision: 0.6643
  Recall: 0.7638
  F1: 0.7106
  AUC-ROC: 0.9829
  AUC-PR: 0.7679
  Best-F1 threshold on this set: 0.3755
  Best-F1 Precision/Recall/F1: 0.6627 / 0.7669 / 0.7110

Metrics for Antigen:
  Threshold used: 0.3800
  Accuracy: 88.49%
  Precision: 0.4146
  Recall: 0.4084
  F1: 0.4115
  AUC-ROC: 0.7899
  AUC-PR: 0.4340
  Best-F1 threshold on this set: 0.3508
  Best-F1 Precision/Recall/F1: 0.3975 / 0.4320 / 0.4140

Metrics for AGchain_0:
  Threshold used: 0.3800
  Accuracy: 88.08%
  Precision: 0.4162
  Recall: 0.4096
  F1: 0.4129
  AUC-ROC: 0.7877
  AUC-PR: 0.4387
  Best-F1 threshold on this set: 0.3508
  Best-F1 Precision/Recall/F1: 0.3993 / 0.4338 / 0.4158

Metrics for AGchain_1:
  Threshold used: 0.3800
  Accuracy: 95.37%
  Precision: 0.3836
  Recall: 0.3836
  F1: 0.3836
  AUC-ROC: 0.8250
  AUC-PR: 0.2437
  Best-F1 threshold on this set: 0.5820
  Best-F1 Precision/Recall/F1: 0.5333 / 0.3288 / 0.4068

Metrics for AGchain_2:
  Threshold used: 0.3800
  Accuracy: 92.27%
  Precision: 0.0000
  Recall: 0.0000
  F1: 0.0000
  AUC-ROC: 0.3162
  AUC-PR: 0.0235
  Best-F1 threshold on this set: 0.0006
  Best-F1 Precision/Recall/F1: 0.0435 / 1.0000 / 0.0833

Testing model: iPara_balanced_l1_g6_i4_do0.10_dpr0.10_lr0.0002_heads16_fold8.pth
Threshold mode: fixed
Initializing ClassificationModel with 6 GAT layers and residual connections...
Initializing MCModel with 6 GAT layers and 4 row attention layers (drop_path_rate=0.1)
Initializing CoreModel with 1 layers, drop_path_rate=0.1
Missing keys : ['mc_model.cg_model.core_model.attn_scale_l', 'mc_model.cg_model.core_model.attn_scale_h', 'mc_model.cg_model.core_model.attn_scale_ag', 'mc_model.cg_model.core_model.chain_type_emb.weight']
Saved predictions: iPara_balanced_l1_g6_i4_do0.10_dpr0.10_lr0.0002_heads16_fold8.pth_predictions_threshold_fixed.csv

Metrics for Lchain:
  Threshold used: 0.3800
  Accuracy: 96.85%
  Precision: 0.5648
  Recall: 0.7694
  F1: 0.6514
  AUC-ROC: 0.9821
  AUC-PR: 0.7028
  Best-F1 threshold on this set: 0.4783
  Best-F1 Precision/Recall/F1: 0.6404 / 0.6919 / 0.6652

Metrics for Hchain:
  Threshold used: 0.3800
  Accuracy: 95.75%
  Precision: 0.6213
  Recall: 0.8293
  F1: 0.7104
  AUC-ROC: 0.9797
  AUC-PR: 0.7607
  Best-F1 threshold on this set: 0.4216
  Best-F1 Precision/Recall/F1: 0.6477 / 0.8037 / 0.7173

Metrics for Antibody:
  Threshold used: 0.3800
  Accuracy: 96.30%
  Precision: 0.6000
  Recall: 0.8070
  F1: 0.6882
  AUC-ROC: 0.9811
  AUC-PR: 0.7399
  Best-F1 threshold on this set: 0.4426
  Best-F1 Precision/Recall/F1: 0.6432 / 0.7604 / 0.6969

Metrics for Antigen:
  Threshold used: 0.3800
  Accuracy: 86.21%
  Precision: 0.3530
  Recall: 0.4805
  F1: 0.4070
  AUC-ROC: 0.8012
  AUC-PR: 0.4458
  Best-F1 threshold on this set: 0.4751
  Best-F1 Precision/Recall/F1: 0.4312 / 0.3972 / 0.4135

Metrics for AGchain_0:
  Threshold used: 0.3800
  Accuracy: 85.72%
  Precision: 0.3542
  Recall: 0.4811
  F1: 0.4080
  AUC-ROC: 0.7964
  AUC-PR: 0.4486
  Best-F1 threshold on this set: 0.4751
  Best-F1 Precision/Recall/F1: 0.4341 / 0.3968 / 0.4146

Metrics for AGchain_1:
  Threshold used: 0.3800
  Accuracy: 93.72%
  Precision: 0.2793
  Recall: 0.4247
  F1: 0.3370
  AUC-ROC: 0.8653
  AUC-PR: 0.3269
  Best-F1 threshold on this set: 0.6758
  Best-F1 Precision/Recall/F1: 0.6216 / 0.3151 / 0.4182

Metrics for AGchain_2:
  Threshold used: 0.3800
  Accuracy: 97.79%
  Precision: 0.6250
  Recall: 0.8333
  F1: 0.7143
  AUC-ROC: 0.9776
  AUC-PR: 0.6575
  Best-F1 threshold on this set: 0.4370
  Best-F1 Precision/Recall/F1: 0.6250 / 0.8333 / 0.7143

Testing model: iPara_balanced_l1_g6_i4_do0.10_dpr0.10_lr0.0002_heads16_fold9.pth
Threshold mode: fixed
Initializing ClassificationModel with 6 GAT layers and residual connections...
Initializing MCModel with 6 GAT layers and 4 row attention layers (drop_path_rate=0.1)
Initializing CoreModel with 1 layers, drop_path_rate=0.1
Missing keys : ['mc_model.cg_model.core_model.attn_scale_l', 'mc_model.cg_model.core_model.attn_scale_h', 'mc_model.cg_model.core_model.attn_scale_ag', 'mc_model.cg_model.core_model.chain_type_emb.weight']
Saved predictions: iPara_balanced_l1_g6_i4_do0.10_dpr0.10_lr0.0002_heads16_fold9.pth_predictions_threshold_fixed.csv

Metrics for Lchain:
  Threshold used: 0.3800
  Accuracy: 97.28%
  Precision: 0.6241
  Recall: 0.7204
  F1: 0.6688
  AUC-ROC: 0.9819
  AUC-PR: 0.7214
  Best-F1 threshold on this set: 0.3621
  Best-F1 Precision/Recall/F1: 0.6167 / 0.7385 / 0.6721

Metrics for Hchain:
  Threshold used: 0.3800
  Accuracy: 96.12%
  Precision: 0.6585
  Recall: 0.7968
  F1: 0.7211
  AUC-ROC: 0.9802
  AUC-PR: 0.7767
  Best-F1 threshold on this set: 0.3953
  Best-F1 Precision/Recall/F1: 0.6680 / 0.7865 / 0.7224

Metrics for Antibody:
  Threshold used: 0.3800
  Accuracy: 96.69%
  Precision: 0.6461
  Recall: 0.7684
  F1: 0.7019
  AUC-ROC: 0.9813
  AUC-PR: 0.7567
  Best-F1 threshold on this set: 0.3953
  Best-F1 Precision/Recall/F1: 0.6565 / 0.7578 / 0.7035

Metrics for Antigen:
  Threshold used: 0.3800
  Accuracy: 88.54%
  Precision: 0.4168
  Recall: 0.4089
  F1: 0.4128
  AUC-ROC: 0.7899
  AUC-PR: 0.4499
  Best-F1 threshold on this set: 0.3511
  Best-F1 Precision/Recall/F1: 0.3964 / 0.4337 / 0.4142

Metrics for AGchain_0:
  Threshold used: 0.3800
  Accuracy: 88.12%
  Precision: 0.4180
  Recall: 0.4116
  F1: 0.4148
  AUC-ROC: 0.7877
  AUC-PR: 0.4550
  Best-F1 threshold on this set: 0.3511
  Best-F1 Precision/Recall/F1: 0.3976 / 0.4369 / 0.4163

Metrics for AGchain_1:
  Threshold used: 0.3800
  Accuracy: 95.37%
  Precision: 0.3651
  Recall: 0.3151
  F1: 0.3382
  AUC-ROC: 0.7750
  AUC-PR: 0.2021
  Best-F1 threshold on this set: 0.3960
  Best-F1 Precision/Recall/F1: 0.3898 / 0.3151 / 0.3485

Metrics for AGchain_2:
  Threshold used: 0.3800
  Accuracy: 95.58%
  Precision: 0.0000
  Recall: 0.0000
  F1: 0.0000
  AUC-ROC: 0.7400
  AUC-PR: 0.0563
  Best-F1 threshold on this set: 0.0123
  Best-F1 Precision/Recall/F1: 0.0952 / 1.0000 / 0.1739

Testing model: iPara_balanced_l1_g6_i5_do0.10_dpr0.10_lr0.0002_heads16_fold10.pth
Threshold mode: fixed
Initializing ClassificationModel with 6 GAT layers and residual connections...
Initializing MCModel with 6 GAT layers and 5 row attention layers (drop_path_rate=0.1)
Initializing CoreModel with 1 layers, drop_path_rate=0.1
Missing keys : ['mc_model.cg_model.core_model.attn_scale_l', 'mc_model.cg_model.core_model.attn_scale_h', 'mc_model.cg_model.core_model.attn_scale_ag', 'mc_model.cg_model.core_model.chain_type_emb.weight']
Saved predictions: iPara_balanced_l1_g6_i5_do0.10_dpr0.10_lr0.0002_heads16_fold10.pth_predictions_threshold_fixed.csv

Metrics for Lchain:
  Threshold used: 0.3800
  Accuracy: 97.26%
  Precision: 0.6252
  Recall: 0.7024
  F1: 0.6615
  AUC-ROC: 0.9828
  AUC-PR: 0.7149
  Best-F1 threshold on this set: 0.3308
  Best-F1 Precision/Recall/F1: 0.6017 / 0.7461 / 0.6661

Metrics for Hchain:
  Threshold used: 0.3800
  Accuracy: 95.92%
  Precision: 0.6341
  Recall: 0.8307
  F1: 0.7192
  AUC-ROC: 0.9816
  AUC-PR: 0.7737
  Best-F1 threshold on this set: 0.4668
  Best-F1 Precision/Recall/F1: 0.6782 / 0.7757 / 0.7237

Metrics for Antibody:
  Threshold used: 0.3800
  Accuracy: 96.58%
  Precision: 0.6311
  Recall: 0.7829
  F1: 0.6989
  AUC-ROC: 0.9824
  AUC-PR: 0.7520
  Best-F1 threshold on this set: 0.4353
  Best-F1 Precision/Recall/F1: 0.6626 / 0.7476 / 0.7025

Metrics for Antigen:
  Threshold used: 0.3800
  Accuracy: 87.02%
  Precision: 0.3721
  Recall: 0.4627
  F1: 0.4125
  AUC-ROC: 0.7995
  AUC-PR: 0.4551
  Best-F1 threshold on this set: 0.4739
  Best-F1 Precision/Recall/F1: 0.4590 / 0.3903 / 0.4219

Metrics for AGchain_0:
  Threshold used: 0.3800
  Accuracy: 86.54%
  Precision: 0.3732
  Recall: 0.4654
  F1: 0.4142
  AUC-ROC: 0.7966
  AUC-PR: 0.4591
  Best-F1 threshold on this set: 0.4739
  Best-F1 Precision/Recall/F1: 0.4606 / 0.3916 / 0.4233

Metrics for AGchain_1:
  Threshold used: 0.3800
  Accuracy: 94.59%
  Precision: 0.3140
  Recall: 0.3699
  F1: 0.3396
  AUC-ROC: 0.7913
  AUC-PR: 0.2460
  Best-F1 threshold on this set: 0.5415
  Best-F1 Precision/Recall/F1: 0.4630 / 0.3425 / 0.3937

Metrics for AGchain_2:
  Threshold used: 0.3800
  Accuracy: 96.69%
  Precision: 0.0000
  Recall: 0.0000
  F1: 0.0000
  AUC-ROC: 0.9333
  AUC-PR: 0.2407
  Best-F1 threshold on this set: 0.1090
  Best-F1 Precision/Recall/F1: 0.5000 / 0.5000 / 0.5000

Testing model: iPara_balanced_l1_g6_i5_do0.10_dpr0.10_lr0.0002_heads16_fold1.pth
Threshold mode: fixed
Initializing ClassificationModel with 6 GAT layers and residual connections...
Initializing MCModel with 6 GAT layers and 5 row attention layers (drop_path_rate=0.1)
Initializing CoreModel with 1 layers, drop_path_rate=0.1
Missing keys : ['mc_model.cg_model.core_model.attn_scale_l', 'mc_model.cg_model.core_model.attn_scale_h', 'mc_model.cg_model.core_model.attn_scale_ag', 'mc_model.cg_model.core_model.chain_type_emb.weight']
Saved predictions: iPara_balanced_l1_g6_i5_do0.10_dpr0.10_lr0.0002_heads16_fold1.pth_predictions_threshold_fixed.csv

Metrics for Lchain:
  Threshold used: 0.3800
  Accuracy: 97.29%
  Precision: 0.6340
  Recall: 0.6890
  F1: 0.6603
  AUC-ROC: 0.9826
  AUC-PR: 0.7120
  Best-F1 threshold on this set: 0.3640
  Best-F1 Precision/Recall/F1: 0.6265 / 0.7053 / 0.6636

Metrics for Hchain:
  Threshold used: 0.3800
  Accuracy: 96.16%
  Precision: 0.6692
  Recall: 0.7702
  F1: 0.7161
  AUC-ROC: 0.9811
  AUC-PR: 0.7718
  Best-F1 threshold on this set: 0.3916
  Best-F1 Precision/Recall/F1: 0.6755 / 0.7661 / 0.7179

Metrics for Antibody:
  Threshold used: 0.3800
  Accuracy: 96.72%
  Precision: 0.6565
  Recall: 0.7400
  F1: 0.6958
  AUC-ROC: 0.9822
  AUC-PR: 0.7505
  Best-F1 threshold on this set: 0.3545
  Best-F1 Precision/Recall/F1: 0.6439 / 0.7604 / 0.6973

Metrics for Antigen:
  Threshold used: 0.3800
  Accuracy: 88.69%
  Precision: 0.4244
  Recall: 0.4173
  F1: 0.4208
  AUC-ROC: 0.8036
  AUC-PR: 0.4407
  Best-F1 threshold on this set: 0.3320
  Best-F1 Precision/Recall/F1: 0.3929 / 0.4574 / 0.4227

Metrics for AGchain_0:
  Threshold used: 0.3800
  Accuracy: 88.32%
  Precision: 0.4274
  Recall: 0.4187
  F1: 0.4230
  AUC-ROC: 0.8011
  AUC-PR: 0.4444
  Best-F1 threshold on this set: 0.3320
  Best-F1 Precision/Recall/F1: 0.3952 / 0.4586 / 0.4245

Metrics for AGchain_1:
  Threshold used: 0.3800
  Accuracy: 94.54%
  Precision: 0.3103
  Recall: 0.3699
  F1: 0.3375
  AUC-ROC: 0.7938
  AUC-PR: 0.2904
  Best-F1 threshold on this set: 0.4568
  Best-F1 Precision/Recall/F1: 0.3750 / 0.3699 / 0.3724

Metrics for AGchain_2:
  Threshold used: 0.3800
  Accuracy: 95.58%
  Precision: 0.2500
  Recall: 0.1667
  F1: 0.2000
  AUC-ROC: 0.9548
  AUC-PR: 0.4142
  Best-F1 threshold on this set: 0.3457
  Best-F1 Precision/Recall/F1: 0.4286 / 0.5000 / 0.4615

Testing model: iPara_balanced_l1_g6_i5_do0.10_dpr0.10_lr0.0002_heads16_fold2.pth
Threshold mode: fixed
Initializing ClassificationModel with 6 GAT layers and residual connections...
Initializing MCModel with 6 GAT layers and 5 row attention layers (drop_path_rate=0.1)
Initializing CoreModel with 1 layers, drop_path_rate=0.1
Missing keys : ['mc_model.cg_model.core_model.attn_scale_l', 'mc_model.cg_model.core_model.attn_scale_h', 'mc_model.cg_model.core_model.attn_scale_ag', 'mc_model.cg_model.core_model.chain_type_emb.weight']
Saved predictions: iPara_balanced_l1_g6_i5_do0.10_dpr0.10_lr0.0002_heads16_fold2.pth_predictions_threshold_fixed.csv

Metrics for Lchain:
  Threshold used: 0.3800
  Accuracy: 97.09%
  Precision: 0.5948
  Recall: 0.7472
  F1: 0.6624
  AUC-ROC: 0.9826
  AUC-PR: 0.7133
  Best-F1 threshold on this set: 0.4395
  Best-F1 Precision/Recall/F1: 0.6404 / 0.7065 / 0.6718

Metrics for Hchain:
  Threshold used: 0.3800
  Accuracy: 96.27%
  Precision: 0.6697
  Recall: 0.8010
  F1: 0.7295
  AUC-ROC: 0.9822
  AUC-PR: 0.7933
  Best-F1 threshold on this set: 0.4302
  Best-F1 Precision/Recall/F1: 0.7020 / 0.7726 / 0.7356

Metrics for Antibody:
  Threshold used: 0.3800
  Accuracy: 96.67%
  Precision: 0.6410
  Recall: 0.7810
  F1: 0.7041
  AUC-ROC: 0.9827
  AUC-PR: 0.7647
  Best-F1 threshold on this set: 0.4321
  Best-F1 Precision/Recall/F1: 0.6777 / 0.7484 / 0.7113

Metrics for Antigen:
  Threshold used: 0.3800
  Accuracy: 87.43%
  Precision: 0.3778
  Recall: 0.4270
  F1: 0.4009
  AUC-ROC: 0.7875
  AUC-PR: 0.4266
  Best-F1 threshold on this set: 0.3848
  Best-F1 Precision/Recall/F1: 0.3815 / 0.4245 / 0.4018

Metrics for AGchain_0:
  Threshold used: 0.3800
  Accuracy: 86.97%
  Precision: 0.3791
  Recall: 0.4298
  F1: 0.4028
  AUC-ROC: 0.7852
  AUC-PR: 0.4306
  Best-F1 threshold on this set: 0.3848
  Best-F1 Precision/Recall/F1: 0.3827 / 0.4272 / 0.4037

Metrics for AGchain_1:
  Threshold used: 0.3800
  Accuracy: 94.75%
  Precision: 0.3117
  Recall: 0.3288
  F1: 0.3200
  AUC-ROC: 0.7661
  AUC-PR: 0.2728
  Best-F1 threshold on this set: 0.5308
  Best-F1 Precision/Recall/F1: 0.4889 / 0.3014 / 0.3729

Metrics for AGchain_2:
  Threshold used: 0.3800
  Accuracy: 96.69%
  Precision: 0.0000
  Recall: 0.0000
  F1: 0.0000
  AUC-ROC: 0.9243
  AUC-PR: 0.2790
  Best-F1 threshold on this set: 0.0016
  Best-F1 Precision/Recall/F1: 0.6667 / 0.3333 / 0.4444

Testing model: iPara_balanced_l1_g6_i5_do0.10_dpr0.10_lr0.0002_heads16_fold3.pth
Threshold mode: fixed
Initializing ClassificationModel with 6 GAT layers and residual connections...
Initializing MCModel with 6 GAT layers and 5 row attention layers (drop_path_rate=0.1)
Initializing CoreModel with 1 layers, drop_path_rate=0.1
Missing keys : ['mc_model.cg_model.core_model.attn_scale_l', 'mc_model.cg_model.core_model.attn_scale_h', 'mc_model.cg_model.core_model.attn_scale_ag', 'mc_model.cg_model.core_model.chain_type_emb.weight']
Saved predictions: iPara_balanced_l1_g6_i5_do0.10_dpr0.10_lr0.0002_heads16_fold3.pth_predictions_threshold_fixed.csv

Metrics for Lchain:
  Threshold used: 0.3800
  Accuracy: 97.44%
  Precision: 0.6659
  Recall: 0.6628
  F1: 0.6643
  AUC-ROC: 0.9823
  AUC-PR: 0.7089
  Best-F1 threshold on this set: 0.3765
  Best-F1 Precision/Recall/F1: 0.6653 / 0.6680 / 0.6667

Metrics for Hchain:
  Threshold used: 0.3800
  Accuracy: 96.21%
  Precision: 0.6900
  Recall: 0.7222
  F1: 0.7057
  AUC-ROC: 0.9802
  AUC-PR: 0.7763
  Best-F1 threshold on this set: 0.2710
  Best-F1 Precision/Recall/F1: 0.6452 / 0.8093 / 0.7180

Metrics for Antibody:
  Threshold used: 0.3800
  Accuracy: 96.82%
  Precision: 0.6813
  Recall: 0.7001
  F1: 0.6906
  AUC-ROC: 0.9814
  AUC-PR: 0.7522
  Best-F1 threshold on this set: 0.3074
  Best-F1 Precision/Recall/F1: 0.6451 / 0.7534 / 0.6951

Metrics for Antigen:
  Threshold used: 0.3800
  Accuracy: 88.58%
  Precision: 0.4164
  Recall: 0.3964
  F1: 0.4062
  AUC-ROC: 0.7800
  AUC-PR: 0.4111
  Best-F1 threshold on this set: 0.4026
  Best-F1 Precision/Recall/F1: 0.4352 / 0.3833 / 0.4076

Metrics for AGchain_0:
  Threshold used: 0.3800
  Accuracy: 88.24%
  Precision: 0.4211
  Recall: 0.3993
  F1: 0.4099
  AUC-ROC: 0.7772
  AUC-PR: 0.4166
  Best-F1 threshold on this set: 0.3850
  Best-F1 Precision/Recall/F1: 0.4263 / 0.3973 / 0.4113

Metrics for AGchain_1:
  Threshold used: 0.3800
  Accuracy: 93.87%
  Precision: 0.2386
  Recall: 0.2877
  F1: 0.2609
  AUC-ROC: 0.8154
  AUC-PR: 0.2163
  Best-F1 threshold on this set: 0.5161
  Best-F1 Precision/Recall/F1: 0.3800 / 0.2603 / 0.3089

Metrics for AGchain_2:
  Threshold used: 0.3800
  Accuracy: 96.69%
  Precision: 0.0000
  Recall: 0.0000
  F1: 0.0000
  AUC-ROC: 0.8638
  AUC-PR: 0.3015
  Best-F1 threshold on this set: 0.0898
  Best-F1 Precision/Recall/F1: 0.3333 / 0.5000 / 0.4000

Testing model: iPara_balanced_l1_g6_i5_do0.10_dpr0.10_lr0.0002_heads16_fold4.pth
Threshold mode: fixed
Initializing ClassificationModel with 6 GAT layers and residual connections...
Initializing MCModel with 6 GAT layers and 5 row attention layers (drop_path_rate=0.1)
Initializing CoreModel with 1 layers, drop_path_rate=0.1
Missing keys : ['mc_model.cg_model.core_model.attn_scale_l', 'mc_model.cg_model.core_model.attn_scale_h', 'mc_model.cg_model.core_model.attn_scale_ag', 'mc_model.cg_model.core_model.chain_type_emb.weight']
Saved predictions: iPara_balanced_l1_g6_i5_do0.10_dpr0.10_lr0.0002_heads16_fold4.pth_predictions_threshold_fixed.csv

Metrics for Lchain:
  Threshold used: 0.3800
  Accuracy: 97.30%
  Precision: 0.6223
  Recall: 0.7426
  F1: 0.6771
  AUC-ROC: 0.9829
  AUC-PR: 0.7108
  Best-F1 threshold on this set: 0.3811
  Best-F1 Precision/Recall/F1: 0.6236 / 0.7420 / 0.6777

Metrics for Hchain:
  Threshold used: 0.3800
  Accuracy: 96.11%
  Precision: 0.6556
  Recall: 0.8037
  F1: 0.7221
  AUC-ROC: 0.9815
  AUC-PR: 0.7745
  Best-F1 threshold on this set: 0.3860
  Best-F1 Precision/Recall/F1: 0.6584 / 0.8030 / 0.7235

Metrics for Antibody:
  Threshold used: 0.3800
  Accuracy: 96.70%
  Precision: 0.6434
  Recall: 0.7810
  F1: 0.7055
  AUC-ROC: 0.9825
  AUC-PR: 0.7518
  Best-F1 threshold on this set: 0.3870
  Best-F1 Precision/Recall/F1: 0.6467 / 0.7777 / 0.7062

Metrics for Antigen:
  Threshold used: 0.3800
  Accuracy: 87.68%
  Precision: 0.3919
  Recall: 0.4552
  F1: 0.4212
  AUC-ROC: 0.8027
  AUC-PR: 0.4516
  Best-F1 threshold on this set: 0.4800
  Best-F1 Precision/Recall/F1: 0.4695 / 0.3939 / 0.4284

Metrics for AGchain_0:
  Threshold used: 0.3800
  Accuracy: 87.20%
  Precision: 0.3922
  Recall: 0.4577
  F1: 0.4225
  AUC-ROC: 0.8002
  AUC-PR: 0.4559
  Best-F1 threshold on this set: 0.4800
  Best-F1 Precision/Recall/F1: 0.4688 / 0.3953 / 0.4289

Metrics for AGchain_1:
  Threshold used: 0.3800
  Accuracy: 95.67%
  Precision: 0.4154
  Recall: 0.3699
  F1: 0.3913
  AUC-ROC: 0.8036
  AUC-PR: 0.2635
  Best-F1 threshold on this set: 0.4883
  Best-F1 Precision/Recall/F1: 0.5532 / 0.3562 / 0.4333

Metrics for AGchain_2:
  Threshold used: 0.3800
  Accuracy: 92.82%
  Precision: 0.0000
  Recall: 0.0000
  F1: 0.0000
  AUC-ROC: 0.5495
  AUC-PR: 0.0340
  Best-F1 threshold on this set: 0.0021
  Best-F1 Precision/Recall/F1: 0.0484 / 1.0000 / 0.0923

Testing model: iPara_balanced_l1_g6_i5_do0.10_dpr0.10_lr0.0002_heads16_fold5.pth
Threshold mode: fixed
Initializing ClassificationModel with 6 GAT layers and residual connections...
Initializing MCModel with 6 GAT layers and 5 row attention layers (drop_path_rate=0.1)
Initializing CoreModel with 1 layers, drop_path_rate=0.1
Missing keys : ['mc_model.cg_model.core_model.attn_scale_l', 'mc_model.cg_model.core_model.attn_scale_h', 'mc_model.cg_model.core_model.attn_scale_ag', 'mc_model.cg_model.core_model.chain_type_emb.weight']
Saved predictions: iPara_balanced_l1_g6_i5_do0.10_dpr0.10_lr0.0002_heads16_fold5.pth_predictions_threshold_fixed.csv

Metrics for Lchain:
  Threshold used: 0.3800
  Accuracy: 97.40%
  Precision: 0.6580
  Recall: 0.6657
  F1: 0.6618
  AUC-ROC: 0.9816
  AUC-PR: 0.7096
  Best-F1 threshold on this set: 0.3149
  Best-F1 Precision/Recall/F1: 0.6281 / 0.7169 / 0.6696

Metrics for Hchain:
  Threshold used: 0.3800
  Accuracy: 96.36%
  Precision: 0.6945
  Recall: 0.7526
  F1: 0.7224
  AUC-ROC: 0.9808
  AUC-PR: 0.7792
  Best-F1 threshold on this set: 0.3208
  Best-F1 Precision/Recall/F1: 0.6697 / 0.7999 / 0.7290

Metrics for Antibody:
  Threshold used: 0.3800
  Accuracy: 96.88%
  Precision: 0.6815
  Recall: 0.7202
  F1: 0.7003
  AUC-ROC: 0.9816
  AUC-PR: 0.7542
  Best-F1 threshold on this set: 0.3208
  Best-F1 Precision/Recall/F1: 0.6560 / 0.7658 / 0.7066

Metrics for Antigen:
  Threshold used: 0.3800
  Accuracy: 88.17%
  Precision: 0.4033
  Recall: 0.4181
  F1: 0.4106
  AUC-ROC: 0.7885
  AUC-PR: 0.4328
  Best-F1 threshold on this set: 0.3909
  Best-F1 Precision/Recall/F1: 0.4117 / 0.4125 / 0.4121

Metrics for AGchain_0:
  Threshold used: 0.3800
  Accuracy: 87.73%
  Precision: 0.4038
  Recall: 0.4187
  F1: 0.4111
  AUC-ROC: 0.7843
  AUC-PR: 0.4371
  Best-F1 threshold on this set: 0.3909
  Best-F1 Precision/Recall/F1: 0.4123 / 0.4136 / 0.4129

Metrics for AGchain_1:
  Threshold used: 0.3800
  Accuracy: 95.37%
  Precision: 0.3867
  Recall: 0.3973
  F1: 0.3919
  AUC-ROC: 0.8225
  AUC-PR: 0.2266
  Best-F1 threshold on this set: 0.3899
  Best-F1 Precision/Recall/F1: 0.4028 / 0.3973 / 0.4000

Metrics for AGchain_2:
  Threshold used: 0.3800
  Accuracy: 95.03%
  Precision: 0.2857
  Recall: 0.3333
  F1: 0.3077
  AUC-ROC: 0.9248
  AUC-PR: 0.2078
  Best-F1 threshold on this set: 0.3381
  Best-F1 Precision/Recall/F1: 0.3333 / 0.5000 / 0.4000

Testing model: iPara_balanced_l1_g6_i5_do0.10_dpr0.10_lr0.0002_heads16_fold6.pth
Threshold mode: fixed
Initializing ClassificationModel with 6 GAT layers and residual connections...
Initializing MCModel with 6 GAT layers and 5 row attention layers (drop_path_rate=0.1)
Initializing CoreModel with 1 layers, drop_path_rate=0.1
Missing keys : ['mc_model.cg_model.core_model.attn_scale_l', 'mc_model.cg_model.core_model.attn_scale_h', 'mc_model.cg_model.core_model.attn_scale_ag', 'mc_model.cg_model.core_model.chain_type_emb.weight']
Saved predictions: iPara_balanced_l1_g6_i5_do0.10_dpr0.10_lr0.0002_heads16_fold6.pth_predictions_threshold_fixed.csv

Metrics for Lchain:
  Threshold used: 0.3800
  Accuracy: 97.07%
  Precision: 0.5894
  Recall: 0.7676
  F1: 0.6668
  AUC-ROC: 0.9819
  AUC-PR: 0.6973
  Best-F1 threshold on this set: 0.3899
  Best-F1 Precision/Recall/F1: 0.5939 / 0.7624 / 0.6677

Metrics for Hchain:
  Threshold used: 0.3800
  Accuracy: 95.95%
  Precision: 0.6346
  Recall: 0.8372
  F1: 0.7220
  AUC-ROC: 0.9816
  AUC-PR: 0.7829
  Best-F1 threshold on this set: 0.4153
  Best-F1 Precision/Recall/F1: 0.6519 / 0.8186 / 0.7258

Metrics for Antibody:
  Threshold used: 0.3800
  Accuracy: 96.50%
  Precision: 0.6179
  Recall: 0.8113
  F1: 0.7015
  AUC-ROC: 0.9821
  AUC-PR: 0.7518
  Best-F1 threshold on this set: 0.4048
  Best-F1 Precision/Recall/F1: 0.6287 / 0.7966 / 0.7028

Metrics for Antigen:
  Threshold used: 0.3800
  Accuracy: 87.76%
  Precision: 0.3925
  Recall: 0.4426
  F1: 0.4161
  AUC-ROC: 0.7949
  AUC-PR: 0.4526
  Best-F1 threshold on this set: 0.4302
  Best-F1 Precision/Recall/F1: 0.4267 / 0.4134 / 0.4199

Metrics for AGchain_0:
  Threshold used: 0.3800
  Accuracy: 87.28%
  Precision: 0.3928
  Recall: 0.4457
  F1: 0.4176
  AUC-ROC: 0.7918
  AUC-PR: 0.4560
  Best-F1 threshold on this set: 0.4302
  Best-F1 Precision/Recall/F1: 0.4269 / 0.4158 / 0.4213

Metrics for AGchain_1:
  Threshold used: 0.3800
  Accuracy: 95.78%
  Precision: 0.4211
  Recall: 0.3288
  F1: 0.3692
  AUC-ROC: 0.7817
  AUC-PR: 0.3046
  Best-F1 threshold on this set: 0.5693
  Best-F1 Precision/Recall/F1: 0.5349 / 0.3151 / 0.3966

Metrics for AGchain_2:
  Threshold used: 0.3800
  Accuracy: 92.82%
  Precision: 0.0000
  Recall: 0.0000
  F1: 0.0000
  AUC-ROC: 0.8429
  AUC-PR: 0.0898
  Best-F1 threshold on this set: 0.1478
  Best-F1 Precision/Recall/F1: 0.1316 / 0.8333 / 0.2273

Testing model: iPara_balanced_l1_g6_i5_do0.10_dpr0.10_lr0.0002_heads16_fold7.pth
Threshold mode: fixed
Initializing ClassificationModel with 6 GAT layers and residual connections...
Initializing MCModel with 6 GAT layers and 5 row attention layers (drop_path_rate=0.1)
Initializing CoreModel with 1 layers, drop_path_rate=0.1
Missing keys : ['mc_model.cg_model.core_model.attn_scale_l', 'mc_model.cg_model.core_model.attn_scale_h', 'mc_model.cg_model.core_model.attn_scale_ag', 'mc_model.cg_model.core_model.chain_type_emb.weight']
Saved predictions: iPara_balanced_l1_g6_i5_do0.10_dpr0.10_lr0.0002_heads16_fold7.pth_predictions_threshold_fixed.csv

Metrics for Lchain:
  Threshold used: 0.3800
  Accuracy: 97.26%
  Precision: 0.6255
  Recall: 0.7070
  F1: 0.6638
  AUC-ROC: 0.9824
  AUC-PR: 0.7096
  Best-F1 threshold on this set: 0.3618
  Best-F1 Precision/Recall/F1: 0.6173 / 0.7234 / 0.6661

Metrics for Hchain:
  Threshold used: 0.3800
  Accuracy: 96.18%
  Precision: 0.6673
  Recall: 0.7837
  F1: 0.7208
  AUC-ROC: 0.9801
  AUC-PR: 0.7740
  Best-F1 threshold on this set: 0.3940
  Best-F1 Precision/Recall/F1: 0.6749 / 0.7747 / 0.7214

Metrics for Antibody:
  Threshold used: 0.3800
  Accuracy: 96.72%
  Precision: 0.6521
  Recall: 0.7552
  F1: 0.6998
  AUC-ROC: 0.9815
  AUC-PR: 0.7513
  Best-F1 threshold on this set: 0.3872
  Best-F1 Precision/Recall/F1: 0.6569 / 0.7502 / 0.7004

Metrics for Antigen:
  Threshold used: 0.3800
  Accuracy: 88.04%
  Precision: 0.3988
  Recall: 0.4217
  F1: 0.4100
  AUC-ROC: 0.7976
  AUC-PR: 0.4174
  Best-F1 threshold on this set: 0.4683
  Best-F1 Precision/Recall/F1: 0.4552 / 0.3777 / 0.4128

Metrics for AGchain_0:
  Threshold used: 0.3800
  Accuracy: 87.62%
  Precision: 0.4007
  Recall: 0.4247
  F1: 0.4123
  AUC-ROC: 0.7946
  AUC-PR: 0.4209
  Best-F1 threshold on this set: 0.4382
  Best-F1 Precision/Recall/F1: 0.4380 / 0.3953 / 0.4156

Metrics for AGchain_1:
  Threshold used: 0.3800
  Accuracy: 94.75%
  Precision: 0.3067
  Recall: 0.3151
  F1: 0.3108
  AUC-ROC: 0.8294
  AUC-PR: 0.2700
  Best-F1 threshold on this set: 0.2996
  Best-F1 Precision/Recall/F1: 0.3056 / 0.4521 / 0.3646

Metrics for AGchain_2:
  Threshold used: 0.3800
  Accuracy: 96.69%
  Precision: 0.0000
  Recall: 0.0000
  F1: 0.0000
  AUC-ROC: 0.9876
  AUC-PR: 0.7388
  Best-F1 threshold on this set: 0.0032
  Best-F1 Precision/Recall/F1: 0.8000 / 0.6667 / 0.7273

Testing model: iPara_balanced_l1_g6_i5_do0.10_dpr0.10_lr0.0002_heads16_fold8.pth
Threshold mode: fixed
Initializing ClassificationModel with 6 GAT layers and residual connections...
Initializing MCModel with 6 GAT layers and 5 row attention layers (drop_path_rate=0.1)
Initializing CoreModel with 1 layers, drop_path_rate=0.1
Missing keys : ['mc_model.cg_model.core_model.attn_scale_l', 'mc_model.cg_model.core_model.attn_scale_h', 'mc_model.cg_model.core_model.attn_scale_ag', 'mc_model.cg_model.core_model.chain_type_emb.weight']
Saved predictions: iPara_balanced_l1_g6_i5_do0.10_dpr0.10_lr0.0002_heads16_fold8.pth_predictions_threshold_fixed.csv

Metrics for Lchain:
  Threshold used: 0.3800
  Accuracy: 97.26%
  Precision: 0.6163
  Recall: 0.7501
  F1: 0.6766
  AUC-ROC: 0.9824
  AUC-PR: 0.7230
  Best-F1 threshold on this set: 0.4065
  Best-F1 Precision/Recall/F1: 0.6345 / 0.7309 / 0.6793

Metrics for Hchain:
  Threshold used: 0.3800
  Accuracy: 96.17%
  Precision: 0.6705
  Recall: 0.7692
  F1: 0.7164
  AUC-ROC: 0.9811
  AUC-PR: 0.7822
  Best-F1 threshold on this set: 0.4092
  Best-F1 Precision/Recall/F1: 0.6878 / 0.7543 / 0.7195

Metrics for Antibody:
  Threshold used: 0.3800
  Accuracy: 96.71%
  Precision: 0.6495
  Recall: 0.7621
  F1: 0.7013
  AUC-ROC: 0.9820
  AUC-PR: 0.7605
  Best-F1 threshold on this set: 0.4089
  Best-F1 Precision/Recall/F1: 0.6674 / 0.7450 / 0.7040

Metrics for Antigen:
  Threshold used: 0.3800
  Accuracy: 88.50%
  Precision: 0.4194
  Recall: 0.4373
  F1: 0.4282
  AUC-ROC: 0.8036
  AUC-PR: 0.4572
  Best-F1 threshold on this set: 0.4038
  Best-F1 Precision/Recall/F1: 0.4408 / 0.4217 / 0.4310

Metrics for AGchain_0:
  Threshold used: 0.3800
  Accuracy: 88.08%
  Precision: 0.4210
  Recall: 0.4406
  F1: 0.4306
  AUC-ROC: 0.8006
  AUC-PR: 0.4609
  Best-F1 threshold on this set: 0.4038
  Best-F1 Precision/Recall/F1: 0.4425 / 0.4250 / 0.4335

Metrics for AGchain_1:
  Threshold used: 0.3800
  Accuracy: 95.11%
  Precision: 0.3382
  Recall: 0.3151
  F1: 0.3262
  AUC-ROC: 0.7536
  AUC-PR: 0.2549
  Best-F1 threshold on this set: 0.2793
  Best-F1 Precision/Recall/F1: 0.3478 / 0.4384 / 0.3879

Metrics for AGchain_2:
  Threshold used: 0.3800
  Accuracy: 96.69%
  Precision: 0.0000
  Recall: 0.0000
  F1: 0.0000
  AUC-ROC: 0.8476
  AUC-PR: 0.1437
  Best-F1 threshold on this set: 0.0869
  Best-F1 Precision/Recall/F1: 0.2500 / 0.3333 / 0.2857

Testing model: iPara_balanced_l1_g6_i5_do0.10_dpr0.10_lr0.0002_heads16_fold9.pth
Threshold mode: fixed
Initializing ClassificationModel with 6 GAT layers and residual connections...
Initializing MCModel with 6 GAT layers and 5 row attention layers (drop_path_rate=0.1)
Initializing CoreModel with 1 layers, drop_path_rate=0.1
Missing keys : ['mc_model.cg_model.core_model.attn_scale_l', 'mc_model.cg_model.core_model.attn_scale_h', 'mc_model.cg_model.core_model.attn_scale_ag', 'mc_model.cg_model.core_model.chain_type_emb.weight']
Saved predictions: iPara_balanced_l1_g6_i5_do0.10_dpr0.10_lr0.0002_heads16_fold9.pth_predictions_threshold_fixed.csv

Metrics for Lchain:
  Threshold used: 0.3800
  Accuracy: 97.23%
  Precision: 0.6300
  Recall: 0.6663
  F1: 0.6476
  AUC-ROC: 0.9817
  AUC-PR: 0.6995
  Best-F1 threshold on this set: 0.3066
  Best-F1 Precision/Recall/F1: 0.5919 / 0.7408 / 0.6580

Metrics for Hchain:
  Threshold used: 0.3800
  Accuracy: 96.20%
  Precision: 0.6675
  Recall: 0.7889
  F1: 0.7232
  AUC-ROC: 0.9817
  AUC-PR: 0.7815
  Best-F1 threshold on this set: 0.4158
  Best-F1 Precision/Recall/F1: 0.6892 / 0.7654 / 0.7253

Metrics for Antibody:
  Threshold used: 0.3800
  Accuracy: 96.71%
  Precision: 0.6545
  Recall: 0.7432
  F1: 0.6960
  AUC-ROC: 0.9821
  AUC-PR: 0.7528
  Best-F1 threshold on this set: 0.3127
  Best-F1 Precision/Recall/F1: 0.6219 / 0.7992 / 0.6995

Metrics for Antigen:
  Threshold used: 0.3800
  Accuracy: 86.94%
  Precision: 0.3625
  Recall: 0.4295
  F1: 0.3932
  AUC-ROC: 0.7855
  AUC-PR: 0.4157
  Best-F1 threshold on this set: 0.3584
  Best-F1 Precision/Recall/F1: 0.3525 / 0.4474 / 0.3943

Metrics for AGchain_0:
  Threshold used: 0.3800
  Accuracy: 86.49%
  Precision: 0.3644
  Recall: 0.4318
  F1: 0.3953
  AUC-ROC: 0.7823
  AUC-PR: 0.4217
  Best-F1 threshold on this set: 0.3584
  Best-F1 Precision/Recall/F1: 0.3544 / 0.4497 / 0.3964

Metrics for AGchain_1:
  Threshold used: 0.3800
  Accuracy: 94.03%
  Precision: 0.2688
  Recall: 0.3425
  F1: 0.3012
  AUC-ROC: 0.7986
  AUC-PR: 0.1421
  Best-F1 threshold on this set: 0.3674
  Best-F1 Precision/Recall/F1: 0.2626 / 0.3562 / 0.3023

Metrics for AGchain_2:
  Threshold used: 0.3800
  Accuracy: 97.24%
  Precision: 1.0000
  Recall: 0.1667
  F1: 0.2857
  AUC-ROC: 0.9714
  AUC-PR: 0.6418
  Best-F1 threshold on this set: 0.2988
  Best-F1 Precision/Recall/F1: 0.8000 / 0.6667 / 0.7273

Testing model: iPara_balanced_l1_g8_i4_do0.10_dpr0.10_lr0.0002_heads16_fold10.pth
Threshold mode: fixed
Initializing ClassificationModel with 8 GAT layers and residual connections...
Initializing MCModel with 8 GAT layers and 4 row attention layers (drop_path_rate=0.1)
Initializing CoreModel with 1 layers, drop_path_rate=0.1
Missing keys : ['mc_model.cg_model.core_model.attn_scale_l', 'mc_model.cg_model.core_model.attn_scale_h', 'mc_model.cg_model.core_model.attn_scale_ag', 'mc_model.cg_model.core_model.chain_type_emb.weight']
Saved predictions: iPara_balanced_l1_g8_i4_do0.10_dpr0.10_lr0.0002_heads16_fold10.pth_predictions_threshold_fixed.csv

Metrics for Lchain:
  Threshold used: 0.3800
  Accuracy: 97.19%
  Precision: 0.6061
  Recall: 0.7519
  F1: 0.6712
  AUC-ROC: 0.9835
  AUC-PR: 0.7191
  Best-F1 threshold on this set: 0.4004
  Best-F1 Precision/Recall/F1: 0.6219 / 0.7397 / 0.6757

Metrics for Hchain:
  Threshold used: 0.3800
  Accuracy: 96.07%
  Precision: 0.6525
  Recall: 0.8034
  F1: 0.7201
  AUC-ROC: 0.9813
  AUC-PR: 0.7775
  Best-F1 threshold on this set: 0.3818
  Best-F1 Precision/Recall/F1: 0.6535 / 0.8030 / 0.7206

Metrics for Antibody:
  Threshold used: 0.3800
  Accuracy: 96.62%
  Precision: 0.6352
  Recall: 0.7842
  F1: 0.7019
  AUC-ROC: 0.9825
  AUC-PR: 0.7559
  Best-F1 threshold on this set: 0.3962
  Best-F1 Precision/Recall/F1: 0.6439 / 0.7734 / 0.7027

Metrics for Antigen:
  Threshold used: 0.3800
  Accuracy: 88.12%
  Precision: 0.4021
  Recall: 0.4231
  F1: 0.4123
  AUC-ROC: 0.7913
  AUC-PR: 0.4288
  Best-F1 threshold on this set: 0.3542
  Best-F1 Precision/Recall/F1: 0.3891 / 0.4421 / 0.4139

Metrics for AGchain_0:
  Threshold used: 0.3800
  Accuracy: 87.79%
  Precision: 0.4077
  Recall: 0.4287
  F1: 0.4179
  AUC-ROC: 0.7915
  AUC-PR: 0.4368
  Best-F1 threshold on this set: 0.3542
  Best-F1 Precision/Recall/F1: 0.3943 / 0.4477 / 0.4193

Metrics for AGchain_1:
  Threshold used: 0.3800
  Accuracy: 93.20%
  Precision: 0.1609
  Recall: 0.1918
  F1: 0.1750
  AUC-ROC: 0.7089
  AUC-PR: 0.1809
  Best-F1 threshold on this set: 0.6328
  Best-F1 Precision/Recall/F1: 0.3158 / 0.1644 / 0.2162

Metrics for AGchain_2:
  Threshold used: 0.3800
  Accuracy: 96.69%
  Precision: 0.0000
  Recall: 0.0000
  F1: 0.0000
  AUC-ROC: 0.9514
  AUC-PR: 0.3239
  Best-F1 threshold on this set: 0.0009
  Best-F1 Precision/Recall/F1: 0.4444 / 0.6667 / 0.5333

Testing model: iPara_balanced_l1_g8_i4_do0.10_dpr0.10_lr0.0002_heads16_fold1.pth
Threshold mode: fixed
Initializing ClassificationModel with 8 GAT layers and residual connections...
Initializing MCModel with 8 GAT layers and 4 row attention layers (drop_path_rate=0.1)
Initializing CoreModel with 1 layers, drop_path_rate=0.1
Missing keys : ['mc_model.cg_model.core_model.attn_scale_l', 'mc_model.cg_model.core_model.attn_scale_h', 'mc_model.cg_model.core_model.attn_scale_ag', 'mc_model.cg_model.core_model.chain_type_emb.weight']
Saved predictions: iPara_balanced_l1_g8_i4_do0.10_dpr0.10_lr0.0002_heads16_fold1.pth_predictions_threshold_fixed.csv

Metrics for Lchain:
  Threshold used: 0.3800
  Accuracy: 97.23%
  Precision: 0.6218
  Recall: 0.7018
  F1: 0.6594
  AUC-ROC: 0.9825
  AUC-PR: 0.7030
  Best-F1 threshold on this set: 0.4006
  Best-F1 Precision/Recall/F1: 0.6385 / 0.6861 / 0.6614

Metrics for Hchain:
  Threshold used: 0.3800
  Accuracy: 96.24%
  Precision: 0.6762
  Recall: 0.7706
  F1: 0.7203
  AUC-ROC: 0.9808
  AUC-PR: 0.7719
  Best-F1 threshold on this set: 0.3787
  Best-F1 Precision/Recall/F1: 0.6758 / 0.7723 / 0.7209

Metrics for Antibody:
  Threshold used: 0.3800
  Accuracy: 96.73%
  Precision: 0.6560
  Recall: 0.7450
  F1: 0.6977
  AUC-ROC: 0.9819
  AUC-PR: 0.7476
  Best-F1 threshold on this set: 0.3787
  Best-F1 Precision/Recall/F1: 0.6556 / 0.7469 / 0.6983

Metrics for Antigen:
  Threshold used: 0.3800
  Accuracy: 87.63%
  Precision: 0.3893
  Recall: 0.4504
  F1: 0.4176
  AUC-ROC: 0.8021
  AUC-PR: 0.4445
  Best-F1 threshold on this set: 0.3940
  Best-F1 Precision/Recall/F1: 0.4021 / 0.4415 / 0.4209

Metrics for AGchain_0:
  Threshold used: 0.3800
  Accuracy: 87.22%
  Precision: 0.3920
  Recall: 0.4531
  F1: 0.4203
  AUC-ROC: 0.7992
  AUC-PR: 0.4492
  Best-F1 threshold on this set: 0.3950
  Best-F1 Precision/Recall/F1: 0.4062 / 0.4437 / 0.4241

Metrics for AGchain_1:
  Threshold used: 0.3800
  Accuracy: 94.03%
  Precision: 0.2737
  Recall: 0.3562
  F1: 0.3095
  AUC-ROC: 0.8117
  AUC-PR: 0.2374
  Best-F1 threshold on this set: 0.5732
  Best-F1 Precision/Recall/F1: 0.4615 / 0.2466 / 0.3214

Metrics for AGchain_2:
  Threshold used: 0.3800
  Accuracy: 96.69%
  Precision: 0.0000
  Recall: 0.0000
  F1: 0.0000
  AUC-ROC: 0.8114
  AUC-PR: 0.0992
  Best-F1 threshold on this set: 0.1564
  Best-F1 Precision/Recall/F1: 0.3333 / 0.1667 / 0.2222

Testing model: iPara_balanced_l1_g8_i4_do0.10_dpr0.10_lr0.0002_heads16_fold2.pth
Threshold mode: fixed
Initializing ClassificationModel with 8 GAT layers and residual connections...
Initializing MCModel with 8 GAT layers and 4 row attention layers (drop_path_rate=0.1)
Initializing CoreModel with 1 layers, drop_path_rate=0.1
Missing keys : ['mc_model.cg_model.core_model.attn_scale_l', 'mc_model.cg_model.core_model.attn_scale_h', 'mc_model.cg_model.core_model.attn_scale_ag', 'mc_model.cg_model.core_model.chain_type_emb.weight']
Saved predictions: iPara_balanced_l1_g8_i4_do0.10_dpr0.10_lr0.0002_heads16_fold2.pth_predictions_threshold_fixed.csv

Metrics for Lchain:
  Threshold used: 0.3800
  Accuracy: 97.31%
  Precision: 0.6401
  Recall: 0.6744
  F1: 0.6568
  AUC-ROC: 0.9823
  AUC-PR: 0.7116
  Best-F1 threshold on this set: 0.3481
  Best-F1 Precision/Recall/F1: 0.6279 / 0.7105 / 0.6667

Metrics for Hchain:
  Threshold used: 0.3800
  Accuracy: 96.24%
  Precision: 0.6785
  Recall: 0.7650
  F1: 0.7192
  AUC-ROC: 0.9815
  AUC-PR: 0.7813
  Best-F1 threshold on this set: 0.3162
  Best-F1 Precision/Recall/F1: 0.6477 / 0.8272 / 0.7266

Metrics for Antibody:
  Threshold used: 0.3800
  Accuracy: 96.77%
  Precision: 0.6648
  Recall: 0.7313
  F1: 0.6965
  AUC-ROC: 0.9822
  AUC-PR: 0.7569
  Best-F1 threshold on this set: 0.3162
  Best-F1 Precision/Recall/F1: 0.6329 / 0.7933 / 0.7041

Metrics for Antigen:
  Threshold used: 0.3800
  Accuracy: 89.17%
  Precision: 0.4438
  Recall: 0.3928
  F1: 0.4167
  AUC-ROC: 0.7990
  AUC-PR: 0.4387
  Best-F1 threshold on this set: 0.3259
  Best-F1 Precision/Recall/F1: 0.4082 / 0.4365 / 0.4219

Metrics for AGchain_0:
  Threshold used: 0.3800
  Accuracy: 88.79%
  Precision: 0.4459
  Recall: 0.3953
  F1: 0.4191
  AUC-ROC: 0.7961
  AUC-PR: 0.4435
  Best-F1 threshold on this set: 0.3259
  Best-F1 Precision/Recall/F1: 0.4103 / 0.4395 / 0.4244

Metrics for AGchain_1:
  Threshold used: 0.3800
  Accuracy: 95.06%
  Precision: 0.3115
  Recall: 0.2603
  F1: 0.2836
  AUC-ROC: 0.7973
  AUC-PR: 0.2107
  Best-F1 threshold on this set: 0.2744
  Best-F1 Precision/Recall/F1: 0.2907 / 0.3425 / 0.3145

Metrics for AGchain_2:
  Threshold used: 0.3800
  Accuracy: 98.34%
  Precision: 1.0000
  Recall: 0.5000
  F1: 0.6667
  AUC-ROC: 0.9429
  AUC-PR: 0.6387
  Best-F1 threshold on this set: 0.4023
  Best-F1 Precision/Recall/F1: 1.0000 / 0.5000 / 0.6667

Testing model: iPara_balanced_l1_g8_i4_do0.10_dpr0.10_lr0.0002_heads16_fold3.pth
Threshold mode: fixed
Initializing ClassificationModel with 8 GAT layers and residual connections...
Initializing MCModel with 8 GAT layers and 4 row attention layers (drop_path_rate=0.1)
Initializing CoreModel with 1 layers, drop_path_rate=0.1
Missing keys : ['mc_model.cg_model.core_model.attn_scale_l', 'mc_model.cg_model.core_model.attn_scale_h', 'mc_model.cg_model.core_model.attn_scale_ag', 'mc_model.cg_model.core_model.chain_type_emb.weight']
Saved predictions: iPara_balanced_l1_g8_i4_do0.10_dpr0.10_lr0.0002_heads16_fold3.pth_predictions_threshold_fixed.csv

Metrics for Lchain:
  Threshold used: 0.3800
  Accuracy: 97.34%
  Precision: 0.6518
  Recall: 0.6540
  F1: 0.6529
  AUC-ROC: 0.9826
  AUC-PR: 0.7051
  Best-F1 threshold on this set: 0.3149
  Best-F1 Precision/Recall/F1: 0.6222 / 0.7117 / 0.6640

Metrics for Hchain:
  Threshold used: 0.3800
  Accuracy: 96.23%
  Precision: 0.6799
  Recall: 0.7554
  F1: 0.7157
  AUC-ROC: 0.9807
  AUC-PR: 0.7772
  Best-F1 threshold on this set: 0.3369
  Best-F1 Precision/Recall/F1: 0.6609 / 0.7913 / 0.7202

Metrics for Antibody:
  Threshold used: 0.3800
  Accuracy: 96.78%
  Precision: 0.6701
  Recall: 0.7176
  F1: 0.6931
  AUC-ROC: 0.9818
  AUC-PR: 0.7519
  Best-F1 threshold on this set: 0.3333
  Best-F1 Precision/Recall/F1: 0.6494 / 0.7573 / 0.6992

Metrics for Antigen:
  Threshold used: 0.3800
  Accuracy: 88.72%
  Precision: 0.4264
  Recall: 0.4206
  F1: 0.4235
  AUC-ROC: 0.7928
  AUC-PR: 0.4232
  Best-F1 threshold on this set: 0.3987
  Best-F1 Precision/Recall/F1: 0.4386 / 0.4109 / 0.4243

Metrics for AGchain_0:
  Threshold used: 0.3800
  Accuracy: 88.29%
  Precision: 0.4268
  Recall: 0.4221
  F1: 0.4245
  AUC-ROC: 0.7902
  AUC-PR: 0.4259
  Best-F1 threshold on this set: 0.3987
  Best-F1 Precision/Recall/F1: 0.4393 / 0.4124 / 0.4254

Metrics for AGchain_1:
  Threshold used: 0.3800
  Accuracy: 95.57%
  Precision: 0.4058
  Recall: 0.3836
  F1: 0.3944
  AUC-ROC: 0.8498
  AUC-PR: 0.3529
  Best-F1 threshold on this set: 0.6387
  Best-F1 Precision/Recall/F1: 0.6500 / 0.3562 / 0.4602

Metrics for AGchain_2:
  Threshold used: 0.3800
  Accuracy: 96.69%
  Precision: 0.0000
  Recall: 0.0000
  F1: 0.0000
  AUC-ROC: 0.4957
  AUC-PR: 0.0352
  Best-F1 threshold on this set: 0.0140
  Best-F1 Precision/Recall/F1: 0.0769 / 0.3333 / 0.1250

Testing model: iPara_balanced_l1_g8_i4_do0.10_dpr0.10_lr0.0002_heads16_fold4.pth
Threshold mode: fixed
Initializing ClassificationModel with 8 GAT layers and residual connections...
Initializing MCModel with 8 GAT layers and 4 row attention layers (drop_path_rate=0.1)
Initializing CoreModel with 1 layers, drop_path_rate=0.1
Missing keys : ['mc_model.cg_model.core_model.attn_scale_l', 'mc_model.cg_model.core_model.attn_scale_h', 'mc_model.cg_model.core_model.attn_scale_ag', 'mc_model.cg_model.core_model.chain_type_emb.weight']
Saved predictions: iPara_balanced_l1_g8_i4_do0.10_dpr0.10_lr0.0002_heads16_fold4.pth_predictions_threshold_fixed.csv

Metrics for Lchain:
  Threshold used: 0.3800
  Accuracy: 97.36%
  Precision: 0.6379
  Recall: 0.7111
  F1: 0.6725
  AUC-ROC: 0.9836
  AUC-PR: 0.7310
  Best-F1 threshold on this set: 0.3269
  Best-F1 Precision/Recall/F1: 0.6116 / 0.7612 / 0.6783

Metrics for Hchain:
  Threshold used: 0.3800
  Accuracy: 96.21%
  Precision: 0.6664
  Recall: 0.7951
  F1: 0.7251
  AUC-ROC: 0.9810
  AUC-PR: 0.7824
  Best-F1 threshold on this set: 0.4250
  Best-F1 Precision/Recall/F1: 0.6898 / 0.7692 / 0.7273

Metrics for Antibody:
  Threshold used: 0.3800
  Accuracy: 96.78%
  Precision: 0.6562
  Recall: 0.7638
  F1: 0.7060
  AUC-ROC: 0.9825
  AUC-PR: 0.7637
  Best-F1 threshold on this set: 0.3616
  Best-F1 Precision/Recall/F1: 0.6478 / 0.7788 / 0.7073

Metrics for Antigen:
  Threshold used: 0.3800
  Accuracy: 88.13%
  Precision: 0.4045
  Recall: 0.4354
  F1: 0.4194
  AUC-ROC: 0.7906
  AUC-PR: 0.4413
  Best-F1 threshold on this set: 0.3909
  Best-F1 Precision/Recall/F1: 0.4162 / 0.4287 / 0.4223

Metrics for AGchain_0:
  Threshold used: 0.3800
  Accuracy: 87.71%
  Precision: 0.4065
  Recall: 0.4369
  F1: 0.4211
  AUC-ROC: 0.7891
  AUC-PR: 0.4460
  Best-F1 threshold on this set: 0.3909
  Best-F1 Precision/Recall/F1: 0.4182 / 0.4301 / 0.4240

Metrics for AGchain_1:
  Threshold used: 0.3800
  Accuracy: 94.95%
  Precision: 0.3494
  Recall: 0.3973
  F1: 0.3718
  AUC-ROC: 0.7880
  AUC-PR: 0.2613
  Best-F1 threshold on this set: 0.4858
  Best-F1 Precision/Recall/F1: 0.4219 / 0.3699 / 0.3942

Metrics for AGchain_2:
  Threshold used: 0.3800
  Accuracy: 92.82%
  Precision: 0.0000
  Recall: 0.0000
  F1: 0.0000
  AUC-ROC: 0.2819
  AUC-PR: 0.0212
  Best-F1 threshold on this set: 0.0009
  Best-F1 Precision/Recall/F1: 0.0338 / 0.8333 / 0.0649

Testing model: iPara_balanced_l1_g8_i4_do0.10_dpr0.10_lr0.0002_heads16_fold5.pth
Threshold mode: fixed
Initializing ClassificationModel with 8 GAT layers and residual connections...
Initializing MCModel with 8 GAT layers and 4 row attention layers (drop_path_rate=0.1)
Initializing CoreModel with 1 layers, drop_path_rate=0.1
Missing keys : ['mc_model.cg_model.core_model.attn_scale_l', 'mc_model.cg_model.core_model.attn_scale_h', 'mc_model.cg_model.core_model.attn_scale_ag', 'mc_model.cg_model.core_model.chain_type_emb.weight']
Saved predictions: iPara_balanced_l1_g8_i4_do0.10_dpr0.10_lr0.0002_heads16_fold5.pth_predictions_threshold_fixed.csv

Metrics for Lchain:
  Threshold used: 0.3800
  Accuracy: 97.08%
  Precision: 0.5938
  Recall: 0.7449
  F1: 0.6608
  AUC-ROC: 0.9817
  AUC-PR: 0.7024
  Best-F1 threshold on this set: 0.4131
  Best-F1 Precision/Recall/F1: 0.6139 / 0.7268 / 0.6656

Metrics for Hchain:
  Threshold used: 0.3800
  Accuracy: 96.02%
  Precision: 0.6441
  Recall: 0.8186
  F1: 0.7209
  AUC-ROC: 0.9811
  AUC-PR: 0.7771
  Best-F1 threshold on this set: 0.4937
  Best-F1 Precision/Recall/F1: 0.6996 / 0.7453 / 0.7218

Metrics for Antibody:
  Threshold used: 0.3800
  Accuracy: 96.54%
  Precision: 0.6255
  Recall: 0.7912
  F1: 0.6986
  AUC-ROC: 0.9818
  AUC-PR: 0.7500
  Best-F1 threshold on this set: 0.4248
  Best-F1 Precision/Recall/F1: 0.6484 / 0.7601 / 0.6998

Metrics for Antigen:
  Threshold used: 0.3800
  Accuracy: 86.78%
  Precision: 0.3676
  Recall: 0.4747
  F1: 0.4143
  AUC-ROC: 0.7929
  AUC-PR: 0.4529
  Best-F1 threshold on this set: 0.4575
  Best-F1 Precision/Recall/F1: 0.4323 / 0.4103 / 0.4210

Metrics for AGchain_0:
  Threshold used: 0.3800
  Accuracy: 86.34%
  Precision: 0.3701
  Recall: 0.4782
  F1: 0.4173
  AUC-ROC: 0.7903
  AUC-PR: 0.4574
  Best-F1 threshold on this set: 0.4666
  Best-F1 Precision/Recall/F1: 0.4447 / 0.4050 / 0.4239

Metrics for AGchain_1:
  Threshold used: 0.3800
  Accuracy: 94.23%
  Precision: 0.2532
  Recall: 0.2740
  F1: 0.2632
  AUC-ROC: 0.7852
  AUC-PR: 0.2539
  Best-F1 threshold on this set: 0.3735
  Best-F1 Precision/Recall/F1: 0.2738 / 0.3151 / 0.2930

Metrics for AGchain_2:
  Threshold used: 0.3800
  Accuracy: 91.16%
  Precision: 0.2500
  Recall: 0.8333
  F1: 0.3846
  AUC-ROC: 0.9667
  AUC-PR: 0.6145
  Best-F1 threshold on this set: 0.5566
  Best-F1 Precision/Recall/F1: 0.6250 / 0.8333 / 0.7143

Testing model: iPara_balanced_l1_g8_i4_do0.10_dpr0.10_lr0.0002_heads16_fold6.pth
Threshold mode: fixed
Initializing ClassificationModel with 8 GAT layers and residual connections...
Initializing MCModel with 8 GAT layers and 4 row attention layers (drop_path_rate=0.1)
Initializing CoreModel with 1 layers, drop_path_rate=0.1
Missing keys : ['mc_model.cg_model.core_model.attn_scale_l', 'mc_model.cg_model.core_model.attn_scale_h', 'mc_model.cg_model.core_model.attn_scale_ag', 'mc_model.cg_model.core_model.chain_type_emb.weight']
Saved predictions: iPara_balanced_l1_g8_i4_do0.10_dpr0.10_lr0.0002_heads16_fold6.pth_predictions_threshold_fixed.csv

Metrics for Lchain:
  Threshold used: 0.3800
  Accuracy: 97.31%
  Precision: 0.6413
  Recall: 0.6715
  F1: 0.6560
  AUC-ROC: 0.9821
  AUC-PR: 0.7045
  Best-F1 threshold on this set: 0.3159
  Best-F1 Precision/Recall/F1: 0.6061 / 0.7204 / 0.6583

Metrics for Hchain:
  Threshold used: 0.3800
  Accuracy: 96.41%
  Precision: 0.6870
  Recall: 0.7871
  F1: 0.7337
  AUC-ROC: 0.9824
  AUC-PR: 0.7947
  Best-F1 threshold on this set: 0.3643
  Best-F1 Precision/Recall/F1: 0.6804 / 0.7989 / 0.7349

Metrics for Antibody:
  Threshold used: 0.3800
  Accuracy: 96.85%
  Precision: 0.6709
  Recall: 0.7441
  F1: 0.7056
  AUC-ROC: 0.9826
  AUC-PR: 0.7636
  Best-F1 threshold on this set: 0.3606
  Best-F1 Precision/Recall/F1: 0.6616 / 0.7586 / 0.7068

Metrics for Antigen:
  Threshold used: 0.3800
  Accuracy: 87.84%
  Precision: 0.3935
  Recall: 0.4340
  F1: 0.4128
  AUC-ROC: 0.7904
  AUC-PR: 0.4004
  Best-F1 threshold on this set: 0.3906
  Best-F1 Precision/Recall/F1: 0.4007 / 0.4284 / 0.4141

Metrics for AGchain_0:
  Threshold used: 0.3800
  Accuracy: 87.38%
  Precision: 0.3943
  Recall: 0.4369
  F1: 0.4145
  AUC-ROC: 0.7869
  AUC-PR: 0.4041
  Best-F1 threshold on this set: 0.3906
  Best-F1 Precision/Recall/F1: 0.4016 / 0.4312 / 0.4159

Metrics for AGchain_1:
  Threshold used: 0.3800
  Accuracy: 95.16%
  Precision: 0.3478
  Recall: 0.3288
  F1: 0.3380
  AUC-ROC: 0.8387
  AUC-PR: 0.2663
  Best-F1 threshold on this set: 0.4282
  Best-F1 Precision/Recall/F1: 0.3871 / 0.3288 / 0.3556

Metrics for AGchain_2:
  Threshold used: 0.3800
  Accuracy: 96.69%
  Precision: 0.0000
  Recall: 0.0000
  F1: 0.0000
  AUC-ROC: 0.8324
  AUC-PR: 0.1028
  Best-F1 threshold on this set: 0.0003
  Best-F1 Precision/Recall/F1: 0.1905 / 0.6667 / 0.2963

Testing model: iPara_balanced_l1_g8_i4_do0.10_dpr0.10_lr0.0002_heads16_fold7.pth
Threshold mode: fixed
Initializing ClassificationModel with 8 GAT layers and residual connections...
Initializing MCModel with 8 GAT layers and 4 row attention layers (drop_path_rate=0.1)
Initializing CoreModel with 1 layers, drop_path_rate=0.1
Missing keys : ['mc_model.cg_model.core_model.attn_scale_l', 'mc_model.cg_model.core_model.attn_scale_h', 'mc_model.cg_model.core_model.attn_scale_ag', 'mc_model.cg_model.core_model.chain_type_emb.weight']
Saved predictions: iPara_balanced_l1_g8_i4_do0.10_dpr0.10_lr0.0002_heads16_fold7.pth_predictions_threshold_fixed.csv

Metrics for Lchain:
  Threshold used: 0.3800
  Accuracy: 97.33%
  Precision: 0.6317
  Recall: 0.7234
  F1: 0.6745
  AUC-ROC: 0.9837
  AUC-PR: 0.7236
  Best-F1 threshold on this set: 0.3987
  Best-F1 Precision/Recall/F1: 0.6441 / 0.7158 / 0.6781

Metrics for Hchain:
  Threshold used: 0.3800
  Accuracy: 96.46%
  Precision: 0.7073
  Recall: 0.7457
  F1: 0.7260
  AUC-ROC: 0.9817
  AUC-PR: 0.7857
  Best-F1 threshold on this set: 0.2910
  Best-F1 Precision/Recall/F1: 0.6663 / 0.8106 / 0.7314

Metrics for Antibody:
  Threshold used: 0.3800
  Accuracy: 96.89%
  Precision: 0.6777
  Recall: 0.7374
  F1: 0.7063
  AUC-ROC: 0.9827
  AUC-PR: 0.7612
  Best-F1 threshold on this set: 0.3521
  Best-F1 Precision/Recall/F1: 0.6646 / 0.7578 / 0.7081

Metrics for Antigen:
  Threshold used: 0.3800
  Accuracy: 88.20%
  Precision: 0.4070
  Recall: 0.4326
  F1: 0.4194
  AUC-ROC: 0.7905
  AUC-PR: 0.4294
  Best-F1 threshold on this set: 0.4375
  Best-F1 Precision/Recall/F1: 0.4472 / 0.4025 / 0.4237

Metrics for AGchain_0:
  Threshold used: 0.3800
  Accuracy: 87.86%
  Precision: 0.4116
  Recall: 0.4355
  F1: 0.4232
  AUC-ROC: 0.7887
  AUC-PR: 0.4346
  Best-F1 threshold on this set: 0.4026
  Best-F1 Precision/Recall/F1: 0.4296 / 0.4250 / 0.4273

Metrics for AGchain_1:
  Threshold used: 0.3800
  Accuracy: 93.51%
  Precision: 0.2376
  Recall: 0.3288
  F1: 0.2759
  AUC-ROC: 0.7983
  AUC-PR: 0.2509
  Best-F1 threshold on this set: 0.5537
  Best-F1 Precision/Recall/F1: 0.3966 / 0.3151 / 0.3511

Metrics for AGchain_2:
  Threshold used: 0.3800
  Accuracy: 96.69%
  Precision: 0.0000
  Recall: 0.0000
  F1: 0.0000
  AUC-ROC: 0.8010
  AUC-PR: 0.0833
  Best-F1 threshold on this set: 0.0040
  Best-F1 Precision/Recall/F1: 0.1500 / 0.5000 / 0.2308

Testing model: iPara_balanced_l1_g8_i4_do0.10_dpr0.10_lr0.0002_heads16_fold8.pth
Threshold mode: fixed
Initializing ClassificationModel with 8 GAT layers and residual connections...
Initializing MCModel with 8 GAT layers and 4 row attention layers (drop_path_rate=0.1)
Initializing CoreModel with 1 layers, drop_path_rate=0.1
Missing keys : ['mc_model.cg_model.core_model.attn_scale_l', 'mc_model.cg_model.core_model.attn_scale_h', 'mc_model.cg_model.core_model.attn_scale_ag', 'mc_model.cg_model.core_model.chain_type_emb.weight']
Saved predictions: iPara_balanced_l1_g8_i4_do0.10_dpr0.10_lr0.0002_heads16_fold8.pth_predictions_threshold_fixed.csv

Metrics for Lchain:
  Threshold used: 0.3800
  Accuracy: 97.33%
  Precision: 0.6350
  Recall: 0.7053
  F1: 0.6683
  AUC-ROC: 0.9835
  AUC-PR: 0.7162
  Best-F1 threshold on this set: 0.4421
  Best-F1 Precision/Recall/F1: 0.6773 / 0.6674 / 0.6723

Metrics for Hchain:
  Threshold used: 0.3800
  Accuracy: 96.35%
  Precision: 0.6896
  Recall: 0.7616
  F1: 0.7238
  AUC-ROC: 0.9811
  AUC-PR: 0.7902
  Best-F1 threshold on this set: 0.3308
  Best-F1 Precision/Recall/F1: 0.6701 / 0.7958 / 0.7275

Metrics for Antibody:
  Threshold used: 0.3800
  Accuracy: 96.83%
  Precision: 0.6692
  Recall: 0.7406
  F1: 0.7031
  AUC-ROC: 0.9824
  AUC-PR: 0.7646
  Best-F1 threshold on this set: 0.3308
  Best-F1 Precision/Recall/F1: 0.6474 / 0.7773 / 0.7064

Metrics for Antigen:
  Threshold used: 0.3800
  Accuracy: 89.34%
  Precision: 0.4496
  Recall: 0.3669
  F1: 0.4040
  AUC-ROC: 0.7869
  AUC-PR: 0.4333
  Best-F1 threshold on this set: 0.2947
  Best-F1 Precision/Recall/F1: 0.3905 / 0.4382 / 0.4130

Metrics for AGchain_0:
  Threshold used: 0.3800
  Accuracy: 88.91%
  Precision: 0.4486
  Recall: 0.3680
  F1: 0.4043
  AUC-ROC: 0.7834
  AUC-PR: 0.4363
  Best-F1 threshold on this set: 0.2947
  Best-F1 Precision/Recall/F1: 0.3894 / 0.4403 / 0.4133

Metrics for AGchain_1:
  Threshold used: 0.3800
  Accuracy: 96.29%
  Precision: 0.5102
  Recall: 0.3425
  F1: 0.4098
  AUC-ROC: 0.7783
  AUC-PR: 0.3094
  Best-F1 threshold on this set: 0.3525
  Best-F1 Precision/Recall/F1: 0.5000 / 0.3699 / 0.4252

Metrics for AGchain_2:
  Threshold used: 0.3800
  Accuracy: 96.69%
  Precision: 0.0000
  Recall: 0.0000
  F1: 0.0000
  AUC-ROC: 0.9648
  AUC-PR: 0.3619
  Best-F1 threshold on this set: 0.0107
  Best-F1 Precision/Recall/F1: 0.6000 / 0.5000 / 0.5455

Testing model: iPara_balanced_l1_g8_i4_do0.10_dpr0.10_lr0.0002_heads16_fold9.pth
Threshold mode: fixed
Initializing ClassificationModel with 8 GAT layers and residual connections...
Initializing MCModel with 8 GAT layers and 4 row attention layers (drop_path_rate=0.1)
Initializing CoreModel with 1 layers, drop_path_rate=0.1
Missing keys : ['mc_model.cg_model.core_model.attn_scale_l', 'mc_model.cg_model.core_model.attn_scale_h', 'mc_model.cg_model.core_model.attn_scale_ag', 'mc_model.cg_model.core_model.chain_type_emb.weight']
Saved predictions: iPara_balanced_l1_g8_i4_do0.10_dpr0.10_lr0.0002_heads16_fold9.pth_predictions_threshold_fixed.csv

Metrics for Lchain:
  Threshold used: 0.3800
  Accuracy: 97.33%
  Precision: 0.6385
  Recall: 0.6942
  F1: 0.6652
  AUC-ROC: 0.9831
  AUC-PR: 0.7052
  Best-F1 threshold on this set: 0.3472
  Best-F1 Precision/Recall/F1: 0.6263 / 0.7251 / 0.6721

Metrics for Hchain:
  Threshold used: 0.3800
  Accuracy: 96.24%
  Precision: 0.6712
  Recall: 0.7892
  F1: 0.7254
  AUC-ROC: 0.9812
  AUC-PR: 0.7769
  Best-F1 threshold on this set: 0.4014
  Best-F1 Precision/Recall/F1: 0.6868 / 0.7782 / 0.7296

Metrics for Antibody:
  Threshold used: 0.3800
  Accuracy: 96.78%
  Precision: 0.6596
  Recall: 0.7538
  F1: 0.7036
  AUC-ROC: 0.9823
  AUC-PR: 0.7512
  Best-F1 threshold on this set: 0.3459
  Best-F1 Precision/Recall/F1: 0.6460 / 0.7836 / 0.7082

Metrics for Antigen:
  Threshold used: 0.3800
  Accuracy: 87.82%
  Precision: 0.3856
  Recall: 0.3997
  F1: 0.3926
  AUC-ROC: 0.7869
  AUC-PR: 0.4230
  Best-F1 threshold on this set: 0.3999
  Best-F1 Precision/Recall/F1: 0.4071 / 0.3858 / 0.3962

Metrics for AGchain_0:
  Threshold used: 0.3800
  Accuracy: 87.36%
  Precision: 0.3868
  Recall: 0.4022
  F1: 0.3944
  AUC-ROC: 0.7829
  AUC-PR: 0.4267
  Best-F1 threshold on this set: 0.3999
  Best-F1 Precision/Recall/F1: 0.4082 / 0.3882 / 0.3980

Metrics for AGchain_1:
  Threshold used: 0.3800
  Accuracy: 94.90%
  Precision: 0.3030
  Recall: 0.2740
  F1: 0.2878
  AUC-ROC: 0.8272
  AUC-PR: 0.2475
  Best-F1 threshold on this set: 0.4924
  Best-F1 Precision/Recall/F1: 0.4000 / 0.2466 / 0.3051

Metrics for AGchain_2:
  Threshold used: 0.3800
  Accuracy: 97.24%
  Precision: 0.6000
  Recall: 0.5000
  F1: 0.5455
  AUC-ROC: 0.9362
  AUC-PR: 0.5958
  Best-F1 threshold on this set: 0.4636
  Best-F1 Precision/Recall/F1: 1.0000 / 0.5000 / 0.6667

Testing model: iPara_balanced_l1_g8_i5_do0.10_dpr0.10_lr0.0002_heads16_fold10.pth
Threshold mode: fixed
Initializing ClassificationModel with 8 GAT layers and residual connections...
Initializing MCModel with 8 GAT layers and 5 row attention layers (drop_path_rate=0.1)
Initializing CoreModel with 1 layers, drop_path_rate=0.1
Missing keys : ['mc_model.cg_model.core_model.attn_scale_l', 'mc_model.cg_model.core_model.attn_scale_h', 'mc_model.cg_model.core_model.attn_scale_ag', 'mc_model.cg_model.core_model.chain_type_emb.weight']
Saved predictions: iPara_balanced_l1_g8_i5_do0.10_dpr0.10_lr0.0002_heads16_fold10.pth_predictions_threshold_fixed.csv

Metrics for Lchain:
  Threshold used: 0.3800
  Accuracy: 97.30%
  Precision: 0.6252
  Recall: 0.7344
  F1: 0.6754
  AUC-ROC: 0.9830
  AUC-PR: 0.7131
  Best-F1 threshold on this set: 0.4041
  Best-F1 Precision/Recall/F1: 0.6450 / 0.7164 / 0.6788

Metrics for Hchain:
  Threshold used: 0.3800
  Accuracy: 96.06%
  Precision: 0.6446
  Recall: 0.8334
  F1: 0.7269
  AUC-ROC: 0.9817
  AUC-PR: 0.7781
  Best-F1 threshold on this set: 0.4265
  Best-F1 Precision/Recall/F1: 0.6700 / 0.8062 / 0.7318

Metrics for Antibody:
  Threshold used: 0.3800
  Accuracy: 96.68%
  Precision: 0.6378
  Recall: 0.7966
  F1: 0.7084
  AUC-ROC: 0.9826
  AUC-PR: 0.7548
  Best-F1 threshold on this set: 0.4150
  Best-F1 Precision/Recall/F1: 0.6590 / 0.7740 / 0.7119

Metrics for Antigen:
  Threshold used: 0.3800
  Accuracy: 88.13%
  Precision: 0.4036
  Recall: 0.4304
  F1: 0.4166
  AUC-ROC: 0.7916
  AUC-PR: 0.4536
  Best-F1 threshold on this set: 0.4548
  Best-F1 Precision/Recall/F1: 0.5013 / 0.3699 / 0.4257

Metrics for AGchain_0:
  Threshold used: 0.3800
  Accuracy: 87.78%
  Precision: 0.4082
  Recall: 0.4318
  F1: 0.4197
  AUC-ROC: 0.7898
  AUC-PR: 0.4593
  Best-F1 threshold on this set: 0.4548
  Best-F1 Precision/Recall/F1: 0.5074 / 0.3705 / 0.4283

Metrics for AGchain_1:
  Threshold used: 0.3800
  Accuracy: 93.36%
  Precision: 0.2544
  Recall: 0.3973
  F1: 0.3102
  AUC-ROC: 0.7881
  AUC-PR: 0.2392
  Best-F1 threshold on this set: 0.6509
  Best-F1 Precision/Recall/F1: 0.5476 / 0.3151 / 0.4000

Metrics for AGchain_2:
  Threshold used: 0.3800
  Accuracy: 96.69%
  Precision: 0.0000
  Recall: 0.0000
  F1: 0.0000
  AUC-ROC: 0.9467
  AUC-PR: 0.3418
  Best-F1 threshold on this set: 0.0623
  Best-F1 Precision/Recall/F1: 0.5000 / 0.6667 / 0.5714

Testing model: iPara_balanced_l1_g8_i5_do0.10_dpr0.10_lr0.0002_heads16_fold1.pth
Threshold mode: fixed
Initializing ClassificationModel with 8 GAT layers and residual connections...
Initializing MCModel with 8 GAT layers and 5 row attention layers (drop_path_rate=0.1)
Initializing CoreModel with 1 layers, drop_path_rate=0.1
Missing keys : ['mc_model.cg_model.core_model.attn_scale_l', 'mc_model.cg_model.core_model.attn_scale_h', 'mc_model.cg_model.core_model.attn_scale_ag', 'mc_model.cg_model.core_model.chain_type_emb.weight']
Saved predictions: iPara_balanced_l1_g8_i5_do0.10_dpr0.10_lr0.0002_heads16_fold1.pth_predictions_threshold_fixed.csv

Metrics for Lchain:
  Threshold used: 0.3800
  Accuracy: 96.97%
  Precision: 0.5785
  Recall: 0.7665
  F1: 0.6593
  AUC-ROC: 0.9816
  AUC-PR: 0.7036
  Best-F1 threshold on this set: 0.4404
  Best-F1 Precision/Recall/F1: 0.6055 / 0.7303 / 0.6621

Metrics for Hchain:
  Threshold used: 0.3800
  Accuracy: 95.74%
  Precision: 0.6159
  Recall: 0.8587
  F1: 0.7173
  AUC-ROC: 0.9815
  AUC-PR: 0.7841
  Best-F1 threshold on this set: 0.4949
  Best-F1 Precision/Recall/F1: 0.6713 / 0.8010 / 0.7304

Metrics for Antibody:
  Threshold used: 0.3800
  Accuracy: 96.35%
  Precision: 0.6024
  Recall: 0.8243
  F1: 0.6961
  AUC-ROC: 0.9819
  AUC-PR: 0.7554
  Best-F1 threshold on this set: 0.4949
  Best-F1 Precision/Recall/F1: 0.6550 / 0.7614 / 0.7042

Metrics for Antigen:
  Threshold used: 0.3800
  Accuracy: 86.98%
  Precision: 0.3632
  Recall: 0.4276
  F1: 0.3928
  AUC-ROC: 0.7836
  AUC-PR: 0.4232
  Best-F1 threshold on this set: 0.4204
  Best-F1 Precision/Recall/F1: 0.3958 / 0.3994 / 0.3976

Metrics for AGchain_0:
  Threshold used: 0.3800
  Accuracy: 86.42%
  Precision: 0.3614
  Recall: 0.4272
  F1: 0.3915
  AUC-ROC: 0.7799
  AUC-PR: 0.4260
  Best-F1 threshold on this set: 0.4780
  Best-F1 Precision/Recall/F1: 0.4463 / 0.3572 / 0.3968

Metrics for AGchain_1:
  Threshold used: 0.3800
  Accuracy: 95.88%
  Precision: 0.4521
  Recall: 0.4521
  F1: 0.4521
  AUC-ROC: 0.8354
  AUC-PR: 0.3249
  Best-F1 threshold on this set: 0.4390
  Best-F1 Precision/Recall/F1: 0.5636 / 0.4247 / 0.4844

Metrics for AGchain_2:
  Threshold used: 0.3800
  Accuracy: 97.79%
  Precision: 1.0000
  Recall: 0.3333
  F1: 0.5000
  AUC-ROC: 0.9810
  AUC-PR: 0.6446
  Best-F1 threshold on this set: 0.2395
  Best-F1 Precision/Recall/F1: 0.5556 / 0.8333 / 0.6667

Testing model: iPara_balanced_l1_g8_i5_do0.10_dpr0.10_lr0.0002_heads16_fold2.pth
Threshold mode: fixed
Initializing ClassificationModel with 8 GAT layers and residual connections...
Initializing MCModel with 8 GAT layers and 5 row attention layers (drop_path_rate=0.1)
Initializing CoreModel with 1 layers, drop_path_rate=0.1
Missing keys : ['mc_model.cg_model.core_model.attn_scale_l', 'mc_model.cg_model.core_model.attn_scale_h', 'mc_model.cg_model.core_model.attn_scale_ag', 'mc_model.cg_model.core_model.chain_type_emb.weight']
Saved predictions: iPara_balanced_l1_g8_i5_do0.10_dpr0.10_lr0.0002_heads16_fold2.pth_predictions_threshold_fixed.csv

Metrics for Lchain:
  Threshold used: 0.3800
  Accuracy: 97.42%
  Precision: 0.6516
  Recall: 0.6971
  F1: 0.6736
  AUC-ROC: 0.9827
  AUC-PR: 0.7233
  Best-F1 threshold on this set: 0.3550
  Best-F1 Precision/Recall/F1: 0.6438 / 0.7169 / 0.6784

Metrics for Hchain:
  Threshold used: 0.3800
  Accuracy: 96.11%
  Precision: 0.6480
  Recall: 0.8338
  F1: 0.7292
  AUC-ROC: 0.9822
  AUC-PR: 0.7867
  Best-F1 threshold on this set: 0.4392
  Best-F1 Precision/Recall/F1: 0.6809 / 0.8044 / 0.7375

Metrics for Antibody:
  Threshold used: 0.3800
  Accuracy: 96.76%
  Precision: 0.6492
  Recall: 0.7829
  F1: 0.7098
  AUC-ROC: 0.9827
  AUC-PR: 0.7636
  Best-F1 threshold on this set: 0.4341
  Best-F1 Precision/Recall/F1: 0.6785 / 0.7510 / 0.7129

Metrics for Antigen:
  Threshold used: 0.3800
  Accuracy: 88.75%
  Precision: 0.4245
  Recall: 0.4003
  F1: 0.4120
  AUC-ROC: 0.7889
  AUC-PR: 0.4404
  Best-F1 threshold on this set: 0.4089
  Best-F1 Precision/Recall/F1: 0.4515 / 0.3852 / 0.4158

Metrics for AGchain_0:
  Threshold used: 0.3800
  Accuracy: 88.40%
  Precision: 0.4290
  Recall: 0.4036
  F1: 0.4159
  AUC-ROC: 0.7863
  AUC-PR: 0.4464
  Best-F1 threshold on this set: 0.4089
  Best-F1 Precision/Recall/F1: 0.4570 / 0.3888 / 0.4201

Metrics for AGchain_1:
  Threshold used: 0.3800
  Accuracy: 94.08%
  Precision: 0.2439
  Recall: 0.2740
  F1: 0.2581
  AUC-ROC: 0.8072
  AUC-PR: 0.1701
  Best-F1 threshold on this set: 0.4829
  Best-F1 Precision/Recall/F1: 0.2903 / 0.2466 / 0.2667

Metrics for AGchain_2:
  Threshold used: 0.3800
  Accuracy: 96.69%
  Precision: 0.0000
  Recall: 0.0000
  F1: 0.0000
  AUC-ROC: 0.6838
  AUC-PR: 0.0482
  Best-F1 threshold on this set: 0.0018
  Best-F1 Precision/Recall/F1: 0.0816 / 0.6667 / 0.1455

Testing model: iPara_balanced_l1_g8_i5_do0.10_dpr0.10_lr0.0002_heads16_fold3.pth
Threshold mode: fixed
Initializing ClassificationModel with 8 GAT layers and residual connections...
Initializing MCModel with 8 GAT layers and 5 row attention layers (drop_path_rate=0.1)
Initializing CoreModel with 1 layers, drop_path_rate=0.1
Missing keys : ['mc_model.cg_model.core_model.attn_scale_l', 'mc_model.cg_model.core_model.attn_scale_h', 'mc_model.cg_model.core_model.attn_scale_ag', 'mc_model.cg_model.core_model.chain_type_emb.weight']
Saved predictions: iPara_balanced_l1_g8_i5_do0.10_dpr0.10_lr0.0002_heads16_fold3.pth_predictions_threshold_fixed.csv

Metrics for Lchain:
  Threshold used: 0.3800
  Accuracy: 97.32%
  Precision: 0.6409
  Recall: 0.6797
  F1: 0.6597
  AUC-ROC: 0.9814
  AUC-PR: 0.7085
  Best-F1 threshold on this set: 0.3242
  Best-F1 Precision/Recall/F1: 0.6107 / 0.7356 / 0.6674

Metrics for Hchain:
  Threshold used: 0.3800
  Accuracy: 96.33%
  Precision: 0.6808
  Recall: 0.7833
  F1: 0.7285
  AUC-ROC: 0.9809
  AUC-PR: 0.7824
  Best-F1 threshold on this set: 0.3918
  Best-F1 Precision/Recall/F1: 0.6916 / 0.7764 / 0.7316

Metrics for Antibody:
  Threshold used: 0.3800
  Accuracy: 96.82%
  Precision: 0.6667
  Recall: 0.7447
  F1: 0.7035
  AUC-ROC: 0.9815
  AUC-PR: 0.7565
  Best-F1 threshold on this set: 0.3899
  Best-F1 Precision/Recall/F1: 0.6758 / 0.7391 / 0.7060

Metrics for Antigen:
  Threshold used: 0.3800
  Accuracy: 87.93%
  Precision: 0.3967
  Recall: 0.4337
  F1: 0.4144
  AUC-ROC: 0.7867
  AUC-PR: 0.4291
  Best-F1 threshold on this set: 0.3823
  Best-F1 Precision/Recall/F1: 0.3984 / 0.4318 / 0.4144

Metrics for AGchain_0:
  Threshold used: 0.3800
  Accuracy: 87.51%
  Precision: 0.3994
  Recall: 0.4383
  F1: 0.4180
  AUC-ROC: 0.7842
  AUC-PR: 0.4354
  Best-F1 threshold on this set: 0.5352
  Best-F1 Precision/Recall/F1: 0.5149 / 0.3546 / 0.4200

Metrics for AGchain_1:
  Threshold used: 0.3800
  Accuracy: 94.39%
  Precision: 0.2500
  Recall: 0.2466
  F1: 0.2483
  AUC-ROC: 0.8460
  AUC-PR: 0.1591
  Best-F1 threshold on this set: 0.3840
  Best-F1 Precision/Recall/F1: 0.2609 / 0.2466 / 0.2535

Metrics for AGchain_2:
  Threshold used: 0.3800
  Accuracy: 96.69%
  Precision: 0.0000
  Recall: 0.0000
  F1: 0.0000
  AUC-ROC: 0.7733
  AUC-PR: 0.0735
  Best-F1 threshold on this set: 0.0008
  Best-F1 Precision/Recall/F1: 0.0976 / 0.6667 / 0.1702

Testing model: iPara_balanced_l1_g8_i5_do0.10_dpr0.10_lr0.0002_heads16_fold4.pth
Threshold mode: fixed
Initializing ClassificationModel with 8 GAT layers and residual connections...
Initializing MCModel with 8 GAT layers and 5 row attention layers (drop_path_rate=0.1)
Initializing CoreModel with 1 layers, drop_path_rate=0.1
Missing keys : ['mc_model.cg_model.core_model.attn_scale_l', 'mc_model.cg_model.core_model.attn_scale_h', 'mc_model.cg_model.core_model.attn_scale_ag', 'mc_model.cg_model.core_model.chain_type_emb.weight']
Saved predictions: iPara_balanced_l1_g8_i5_do0.10_dpr0.10_lr0.0002_heads16_fold4.pth_predictions_threshold_fixed.csv

Metrics for Lchain:
  Threshold used: 0.3800
  Accuracy: 97.47%
  Precision: 0.6620
  Recall: 0.6913
  F1: 0.6764
  AUC-ROC: 0.9831
  AUC-PR: 0.7304
  Best-F1 threshold on this set: 0.3335
  Best-F1 Precision/Recall/F1: 0.6382 / 0.7315 / 0.6817

Metrics for Hchain:
  Threshold used: 0.3800
  Accuracy: 96.22%
  Precision: 0.6636
  Recall: 0.8093
  F1: 0.7293
  AUC-ROC: 0.9820
  AUC-PR: 0.7891
  Best-F1 threshold on this set: 0.4087
  Best-F1 Precision/Recall/F1: 0.6803 / 0.7947 / 0.7331

Metrics for Antibody:
  Threshold used: 0.3800
  Accuracy: 96.84%
  Precision: 0.6631
  Recall: 0.7653
  F1: 0.7106
  AUC-ROC: 0.9828
  AUC-PR: 0.7676
  Best-F1 threshold on this set: 0.4087
  Best-F1 Precision/Recall/F1: 0.6789 / 0.7473 / 0.7115

Metrics for Antigen:
  Threshold used: 0.3800
  Accuracy: 89.43%
  Precision: 0.4588
  Recall: 0.4061
  F1: 0.4309
  AUC-ROC: 0.7926
  AUC-PR: 0.4506
  Best-F1 threshold on this set: 0.3691
  Best-F1 Precision/Recall/F1: 0.4525 / 0.4139 / 0.4324

Metrics for AGchain_0:
  Threshold used: 0.3800
  Accuracy: 89.08%
  Precision: 0.4618
  Recall: 0.4076
  F1: 0.4330
  AUC-ROC: 0.7893
  AUC-PR: 0.4543
  Best-F1 threshold on this set: 0.3691
  Best-F1 Precision/Recall/F1: 0.4554 / 0.4156 / 0.4345

Metrics for AGchain_1:
  Threshold used: 0.3800
  Accuracy: 95.26%
  Precision: 0.3662
  Recall: 0.3562
  F1: 0.3611
  AUC-ROC: 0.8187
  AUC-PR: 0.3124
  Best-F1 threshold on this set: 0.3335
  Best-F1 Precision/Recall/F1: 0.3718 / 0.3973 / 0.3841

Metrics for AGchain_2:
  Threshold used: 0.3800
  Accuracy: 93.37%
  Precision: 0.1250
  Recall: 0.1667
  F1: 0.1429
  AUC-ROC: 0.8914
  AUC-PR: 0.1268
  Best-F1 threshold on this set: 0.1116
  Best-F1 Precision/Recall/F1: 0.2083 / 0.8333 / 0.3333

Testing model: iPara_balanced_l1_g8_i5_do0.10_dpr0.10_lr0.0002_heads16_fold5.pth
Threshold mode: fixed
Initializing ClassificationModel with 8 GAT layers and residual connections...
Initializing MCModel with 8 GAT layers and 5 row attention layers (drop_path_rate=0.1)
Initializing CoreModel with 1 layers, drop_path_rate=0.1
Missing keys : ['mc_model.cg_model.core_model.attn_scale_l', 'mc_model.cg_model.core_model.attn_scale_h', 'mc_model.cg_model.core_model.attn_scale_ag', 'mc_model.cg_model.core_model.chain_type_emb.weight']
Saved predictions: iPara_balanced_l1_g8_i5_do0.10_dpr0.10_lr0.0002_heads16_fold5.pth_predictions_threshold_fixed.csv

Metrics for Lchain:
  Threshold used: 0.3800
  Accuracy: 97.33%
  Precision: 0.6317
  Recall: 0.7193
  F1: 0.6727
  AUC-ROC: 0.9829
  AUC-PR: 0.7225
  Best-F1 threshold on this set: 0.3364
  Best-F1 Precision/Recall/F1: 0.6124 / 0.7536 / 0.6757

Metrics for Hchain:
  Threshold used: 0.3800
  Accuracy: 96.24%
  Precision: 0.6687
  Recall: 0.7958
  F1: 0.7267
  AUC-ROC: 0.9816
  AUC-PR: 0.7862
  Best-F1 threshold on this set: 0.3838
  Best-F1 Precision/Recall/F1: 0.6711 / 0.7941 / 0.7274

Metrics for Antibody:
  Threshold used: 0.3800
  Accuracy: 96.78%
  Precision: 0.6553
  Recall: 0.7673
  F1: 0.7069
  AUC-ROC: 0.9825
  AUC-PR: 0.7633
  Best-F1 threshold on this set: 0.3506
  Best-F1 Precision/Recall/F1: 0.6417 / 0.7877 / 0.7072

Metrics for Antigen:
  Threshold used: 0.3800
  Accuracy: 87.76%
  Precision: 0.3902
  Recall: 0.4312
  F1: 0.4097
  AUC-ROC: 0.7831
  AUC-PR: 0.4338
  Best-F1 threshold on this set: 0.4167
  Best-F1 Precision/Recall/F1: 0.4192 / 0.4097 / 0.4144

Metrics for AGchain_0:
  Threshold used: 0.3800
  Accuracy: 87.36%
  Precision: 0.3932
  Recall: 0.4343
  F1: 0.4128
  AUC-ROC: 0.7795
  AUC-PR: 0.4380
  Best-F1 threshold on this set: 0.4167
  Best-F1 Precision/Recall/F1: 0.4224 / 0.4130 / 0.4176

Metrics for AGchain_1:
  Threshold used: 0.3800
  Accuracy: 94.03%
  Precision: 0.2584
  Recall: 0.3151
  F1: 0.2840
  AUC-ROC: 0.8000
  AUC-PR: 0.2390
  Best-F1 threshold on this set: 0.5005
  Best-F1 Precision/Recall/F1: 0.3725 / 0.2603 / 0.3065

Metrics for AGchain_2:
  Threshold used: 0.3800
  Accuracy: 96.69%
  Precision: 0.0000
  Recall: 0.0000
  F1: 0.0000
  AUC-ROC: 0.9543
  AUC-PR: 0.3551
  Best-F1 threshold on this set: 0.1461
  Best-F1 Precision/Recall/F1: 0.4167 / 0.8333 / 0.5556

Testing model: iPara_balanced_l1_g8_i5_do0.10_dpr0.10_lr0.0002_heads16_fold6.pth
Threshold mode: fixed
Initializing ClassificationModel with 8 GAT layers and residual connections...
Initializing MCModel with 8 GAT layers and 5 row attention layers (drop_path_rate=0.1)
Initializing CoreModel with 1 layers, drop_path_rate=0.1
Missing keys : ['mc_model.cg_model.core_model.attn_scale_l', 'mc_model.cg_model.core_model.attn_scale_h', 'mc_model.cg_model.core_model.attn_scale_ag', 'mc_model.cg_model.core_model.chain_type_emb.weight']
Saved predictions: iPara_balanced_l1_g8_i5_do0.10_dpr0.10_lr0.0002_heads16_fold6.pth_predictions_threshold_fixed.csv

Metrics for Lchain:
  Threshold used: 0.3800
  Accuracy: 96.99%
  Precision: 0.5792
  Recall: 0.7798
  F1: 0.6647
  AUC-ROC: 0.9828
  AUC-PR: 0.7093
  Best-F1 threshold on this set: 0.4644
  Best-F1 Precision/Recall/F1: 0.6253 / 0.7338 / 0.6752

Metrics for Hchain:
  Threshold used: 0.3800
  Accuracy: 95.81%
  Precision: 0.6226
  Recall: 0.8483
  F1: 0.7182
  AUC-ROC: 0.9811
  AUC-PR: 0.7747
  Best-F1 threshold on this set: 0.4797
  Best-F1 Precision/Recall/F1: 0.6669 / 0.7961 / 0.7258

Metrics for Antibody:
  Threshold used: 0.3800
  Accuracy: 96.40%
  Precision: 0.6066
  Recall: 0.8228
  F1: 0.6983
  AUC-ROC: 0.9821
  AUC-PR: 0.7515
  Best-F1 threshold on this set: 0.4795
  Best-F1 Precision/Recall/F1: 0.6540 / 0.7695 / 0.7071

Metrics for Antigen:
  Threshold used: 0.3800
  Accuracy: 85.37%
  Precision: 0.3319
  Recall: 0.4791
  F1: 0.3922
  AUC-ROC: 0.7978
  AUC-PR: 0.4335
  Best-F1 threshold on this set: 0.4766
  Best-F1 Precision/Recall/F1: 0.4059 / 0.4078 / 0.4068

Metrics for AGchain_0:
  Threshold used: 0.3800
  Accuracy: 84.78%
  Precision: 0.3318
  Recall: 0.4813
  F1: 0.3928
  AUC-ROC: 0.7931
  AUC-PR: 0.4366
  Best-F1 threshold on this set: 0.4766
  Best-F1 Precision/Recall/F1: 0.4059 / 0.4096 / 0.4077

Metrics for AGchain_1:
  Threshold used: 0.3800
  Accuracy: 94.80%
  Precision: 0.3409
  Recall: 0.4110
  F1: 0.3727
  AUC-ROC: 0.8276
  AUC-PR: 0.2974
  Best-F1 threshold on this set: 0.5664
  Best-F1 Precision/Recall/F1: 0.4717 / 0.3425 / 0.3968

Metrics for AGchain_2:
  Threshold used: 0.3800
  Accuracy: 96.69%
  Precision: 0.0000
  Recall: 0.0000
  F1: 0.0000
  AUC-ROC: 0.6305
  AUC-PR: 0.0413
  Best-F1 threshold on this set: 0.0019
  Best-F1 Precision/Recall/F1: 0.0658 / 0.8333 / 0.1220

Testing model: iPara_balanced_l1_g8_i5_do0.10_dpr0.10_lr0.0002_heads16_fold7.pth
Threshold mode: fixed
Initializing ClassificationModel with 8 GAT layers and residual connections...
Initializing MCModel with 8 GAT layers and 5 row attention layers (drop_path_rate=0.1)
Initializing CoreModel with 1 layers, drop_path_rate=0.1
Missing keys : ['mc_model.cg_model.core_model.attn_scale_l', 'mc_model.cg_model.core_model.attn_scale_h', 'mc_model.cg_model.core_model.attn_scale_ag', 'mc_model.cg_model.core_model.chain_type_emb.weight']
Saved predictions: iPara_balanced_l1_g8_i5_do0.10_dpr0.10_lr0.0002_heads16_fold7.pth_predictions_threshold_fixed.csv

Metrics for Lchain:
  Threshold used: 0.3800
  Accuracy: 97.51%
  Precision: 0.6728
  Recall: 0.6791
  F1: 0.6759
  AUC-ROC: 0.9829
  AUC-PR: 0.7195
  Best-F1 threshold on this set: 0.3774
  Best-F1 Precision/Recall/F1: 0.6718 / 0.6820 / 0.6769

Metrics for Hchain:
  Threshold used: 0.3800
  Accuracy: 96.34%
  Precision: 0.6844
  Recall: 0.7764
  F1: 0.7275
  AUC-ROC: 0.9815
  AUC-PR: 0.7799
  Best-F1 threshold on this set: 0.3838
  Best-F1 Precision/Recall/F1: 0.6869 / 0.7740 / 0.7279

Metrics for Antibody:
  Threshold used: 0.3800
  Accuracy: 96.92%
  Precision: 0.6804
  Recall: 0.7402
  F1: 0.7090
  AUC-ROC: 0.9825
  AUC-PR: 0.7583
  Best-F1 threshold on this set: 0.3855
  Best-F1 Precision/Recall/F1: 0.6841 / 0.7363 / 0.7092

Metrics for Antigen:
  Threshold used: 0.3800
  Accuracy: 88.39%
  Precision: 0.4094
  Recall: 0.4028
  F1: 0.4061
  AUC-ROC: 0.7875
  AUC-PR: 0.4208
  Best-F1 threshold on this set: 0.3457
  Best-F1 Precision/Recall/F1: 0.3874 / 0.4331 / 0.4090

Metrics for AGchain_0:
  Threshold used: 0.3800
  Accuracy: 87.99%
  Precision: 0.4112
  Recall: 0.4027
  F1: 0.4069
  AUC-ROC: 0.7830
  AUC-PR: 0.4235
  Best-F1 threshold on this set: 0.3457
  Best-F1 Precision/Recall/F1: 0.3893 / 0.4338 / 0.4103

Metrics for AGchain_1:
  Threshold used: 0.3800
  Accuracy: 95.26%
  Precision: 0.3733
  Recall: 0.3836
  F1: 0.3784
  AUC-ROC: 0.8471
  AUC-PR: 0.2936
  Best-F1 threshold on this set: 0.5654
  Best-F1 Precision/Recall/F1: 0.5102 / 0.3425 / 0.4098

Metrics for AGchain_2:
  Threshold used: 0.3800
  Accuracy: 91.16%
  Precision: 0.2222
  Recall: 0.6667
  F1: 0.3333
  AUC-ROC: 0.9390
  AUC-PR: 0.2233
  Best-F1 threshold on this set: 0.3005
  Best-F1 Precision/Recall/F1: 0.2400 / 1.0000 / 0.3871

Testing model: iPara_balanced_l1_g8_i5_do0.10_dpr0.10_lr0.0002_heads16_fold8.pth
Threshold mode: fixed
Initializing ClassificationModel with 8 GAT layers and residual connections...
Initializing MCModel with 8 GAT layers and 5 row attention layers (drop_path_rate=0.1)
Initializing CoreModel with 1 layers, drop_path_rate=0.1
Missing keys : ['mc_model.cg_model.core_model.attn_scale_l', 'mc_model.cg_model.core_model.attn_scale_h', 'mc_model.cg_model.core_model.attn_scale_ag', 'mc_model.cg_model.core_model.chain_type_emb.weight']
Saved predictions: iPara_balanced_l1_g8_i5_do0.10_dpr0.10_lr0.0002_heads16_fold8.pth_predictions_threshold_fixed.csv

Metrics for Lchain:
  Threshold used: 0.3800
  Accuracy: 95.72%
  Precision: 0.4674
  Recall: 0.8561
  F1: 0.6047
  AUC-ROC: 0.9808
  AUC-PR: 0.6862
  Best-F1 threshold on this set: 0.5630
  Best-F1 Precision/Recall/F1: 0.5758 / 0.7653 / 0.6572

Metrics for Hchain:
  Threshold used: 0.3800
  Accuracy: 94.51%
  Precision: 0.5375
  Recall: 0.9029
  F1: 0.6739
  AUC-ROC: 0.9795
  AUC-PR: 0.7549
  Best-F1 threshold on this set: 0.6060
  Best-F1 Precision/Recall/F1: 0.6363 / 0.7979 / 0.7080

Metrics for Antibody:
  Threshold used: 0.3800
  Accuracy: 95.11%
  Precision: 0.5100
  Recall: 0.8855
  F1: 0.6472
  AUC-ROC: 0.9805
  AUC-PR: 0.7304
  Best-F1 threshold on this set: 0.5630
  Best-F1 Precision/Recall/F1: 0.6021 / 0.8026 / 0.6880

Metrics for Antigen:
  Threshold used: 0.3800
  Accuracy: 80.85%
  Precision: 0.2769
  Recall: 0.5864
  F1: 0.3762
  AUC-ROC: 0.7942
  AUC-PR: 0.4433
  Best-F1 threshold on this set: 0.5166
  Best-F1 Precision/Recall/F1: 0.4229 / 0.4028 / 0.4126

Metrics for AGchain_0:
  Threshold used: 0.3800
  Accuracy: 80.06%
  Precision: 0.2770
  Recall: 0.5893
  F1: 0.3768
  AUC-ROC: 0.7897
  AUC-PR: 0.4454
  Best-F1 threshold on this set: 0.5166
  Best-F1 Precision/Recall/F1: 0.4217 / 0.4036 / 0.4125

Metrics for AGchain_1:
  Threshold used: 0.3800
  Accuracy: 93.31%
  Precision: 0.2791
  Recall: 0.4932
  F1: 0.3564
  AUC-ROC: 0.8412
  AUC-PR: 0.3345
  Best-F1 threshold on this set: 0.4788
  Best-F1 Precision/Recall/F1: 0.4571 / 0.4384 / 0.4476

Metrics for AGchain_2:
  Threshold used: 0.3800
  Accuracy: 95.58%
  Precision: 0.0000
  Recall: 0.0000
  F1: 0.0000
  AUC-ROC: 0.8748
  AUC-PR: 0.1364
  Best-F1 threshold on this set: 0.3394
  Best-F1 Precision/Recall/F1: 0.3333 / 0.3333 / 0.3333

Testing model: iPara_balanced_l1_g8_i5_do0.10_dpr0.10_lr0.0002_heads16_fold9.pth
Threshold mode: fixed
Initializing ClassificationModel with 8 GAT layers and residual connections...
Initializing MCModel with 8 GAT layers and 5 row attention layers (drop_path_rate=0.1)
Initializing CoreModel with 1 layers, drop_path_rate=0.1
Missing keys : ['mc_model.cg_model.core_model.attn_scale_l', 'mc_model.cg_model.core_model.attn_scale_h', 'mc_model.cg_model.core_model.attn_scale_ag', 'mc_model.cg_model.core_model.chain_type_emb.weight']
Saved predictions: iPara_balanced_l1_g8_i5_do0.10_dpr0.10_lr0.0002_heads16_fold9.pth_predictions_threshold_fixed.csv

Metrics for Lchain:
  Threshold used: 0.3800
  Accuracy: 97.04%
  Precision: 0.5841
  Recall: 0.7810
  F1: 0.6683
  AUC-ROC: 0.9825
  AUC-PR: 0.7120
  Best-F1 threshold on this set: 0.4343
  Best-F1 Precision/Recall/F1: 0.6159 / 0.7414 / 0.6728

Metrics for Hchain:
  Threshold used: 0.3800
  Accuracy: 95.86%
  Precision: 0.6317
  Recall: 0.8172
  F1: 0.7126
  AUC-ROC: 0.9803
  AUC-PR: 0.7656
  Best-F1 threshold on this set: 0.4355
  Best-F1 Precision/Recall/F1: 0.6676 / 0.7830 / 0.7207

Metrics for Antibody:
  Threshold used: 0.3800
  Accuracy: 96.44%
  Precision: 0.6136
  Recall: 0.8037
  F1: 0.6959
  AUC-ROC: 0.9816
  AUC-PR: 0.7453
  Best-F1 threshold on this set: 0.4355
  Best-F1 Precision/Recall/F1: 0.6483 / 0.7671 / 0.7027

Metrics for Antigen:
  Threshold used: 0.3800
  Accuracy: 87.86%
  Precision: 0.3976
  Recall: 0.4521
  F1: 0.4231
  AUC-ROC: 0.8070
  AUC-PR: 0.4543
  Best-F1 threshold on this set: 0.4065
  Best-F1 Precision/Recall/F1: 0.4288 / 0.4270 / 0.4279

Metrics for AGchain_0:
  Threshold used: 0.3800
  Accuracy: 87.41%
  Precision: 0.3992
  Recall: 0.4563
  F1: 0.4258
  AUC-ROC: 0.8046
  AUC-PR: 0.4594
  Best-F1 threshold on this set: 0.4065
  Best-F1 Precision/Recall/F1: 0.4309 / 0.4309 / 0.4309

Metrics for AGchain_1:
  Threshold used: 0.3800
  Accuracy: 94.85%
  Precision: 0.3043
  Recall: 0.2877
  F1: 0.2958
  AUC-ROC: 0.7770
  AUC-PR: 0.2691
  Best-F1 threshold on this set: 0.2457
  Best-F1 Precision/Recall/F1: 0.2645 / 0.4384 / 0.3299

Metrics for AGchain_2:
  Threshold used: 0.3800
  Accuracy: 96.69%
  Precision: 0.0000
  Recall: 0.0000
  F1: 0.0000
  AUC-ROC: 0.9638
  AUC-PR: 0.5942
  Best-F1 threshold on this set: 0.0641
  Best-F1 Precision/Recall/F1: 0.5714 / 0.6667 / 0.6154
