Device: cuda
Visible GPUs: 1
GPU 0: NVIDIA RTX PRO 6000 Blackwell Server Edition
Config:
  sequence_file: para_tv_esmsequences_1600.npz
  data_file: para_tv_esminterfaces_1600.npz
  edge_file: para_tv_esmedges_1600.npz
  seq_len: 1600
  vocab_size: 31
  num_classes: 2
  pad_id: 1
  eoc_id: 24
  embed_dim: 256
  num_heads: 16
  num_layers: 1
  num_gnn_layers: 8
  num_int_layers: 4
  dropout: 0.1
  drop_path_rate: 0.1
  batch_size: 4
  num_epochs: 80
  warmup_epochs: 10
  min_stop_epoch: 45
  early_stop: 20
  learning_rate: 0.0002
  weight_decay: 0.0001
  max_grad_norm: 0.5
  accum_steps: 1
  amp: True
  weight_start: 8.0
  weight_end: 1.0
  weight_anneal_tau: 10.0
  dropedge_min: 0.02
  dropedge_max: 0.08
  token_drop_p: 0.02
  smooth_lambda: 0.01
  aucpr_alpha: 0.3
  aucpr_ramp_start: 10
  aucpr_ramp_len: 10
  aucpr_bins: 64
  aucpr_temp: 0.05
  antibody_loss_weight: 1.0
  antigen_loss_weight: 1.0
  n_splits: 5
  num_workers: 0
  select_ab_weight: 0.5
  select_ag_weight: 0.5
Dataset size: 858

==========================================================================================
Fold 1/5
==========================================================================================
Train labels: valid=399467, pos=26433, neg=373034, ignore=698133, pos_frac=0.06617
Val labels: valid=100725, pos=6797, neg=93928, ignore=174475, pos_frac=0.06748
Initializing ClassificationModel with 8 GAT layers and residual connections...
Initializing MCModel with 8 GAT layers and 4 row attention layers (drop_path_rate=0.1)
Initializing CoreModel with 1 layers, drop_path_rate=0.1
Ep001  LR0=2.00e-04  pw=8.00  aucα=0.000  token_p=0.020  dropE=(0.020,0.080)  smooth=0.010  train_loss=0.7214  train_AUPR_all=0.2078  train_AUPR_ab=0.2402  train_AUPR_ag=0.1629  train_P@5_ab=0.7000  train_P@5_ag=0.1000  val_loss=0.7850  val_AUPR_all=0.4180  val_AUPR_ab=0.4971  val_AUPR_ag=0.3045  val_P@5_ab=0.5000  val_P@5_ag=0.8000  select=0.4008
  Saved checkpoint: checkpoints_old/iPara_balanced_l1_g8_i4_do0.10_dpr0.10_lr0.0002_heads16_fold1.pth  select=0.4008  val_ab=0.4971  val_ag=0.3045  val_all=0.4180
Ep002  LR0=2.00e-04  pw=7.33  aucα=0.000  token_p=0.020  dropE=(0.020,0.080)  smooth=0.010  train_loss=0.5188  train_AUPR_all=0.4051  train_AUPR_ab=0.4774  train_AUPR_ag=0.2706  train_P@5_ab=0.5500  train_P@5_ag=0.7000  val_loss=0.6661  val_AUPR_all=0.4894  val_AUPR_ab=0.5728  val_AUPR_ag=0.3287  val_P@5_ab=0.6500  val_P@5_ag=0.8000  select=0.4507
  Saved checkpoint: checkpoints_old/iPara_balanced_l1_g8_i4_do0.10_dpr0.10_lr0.0002_heads16_fold1.pth  select=0.4507  val_ab=0.5728  val_ag=0.3287  val_all=0.4894
Ep003  LR0=2.00e-04  pw=6.73  aucα=0.000  token_p=0.020  dropE=(0.020,0.080)  smooth=0.010  train_loss=0.4597  train_AUPR_all=0.4638  train_AUPR_ab=0.5437  train_AUPR_ag=0.3144  train_P@5_ab=0.6500  train_P@5_ag=0.7500  val_loss=0.7319  val_AUPR_all=0.4861  val_AUPR_ab=0.5942  val_AUPR_ag=0.3205  val_P@5_ab=1.0000  val_P@5_ag=1.0000  select=0.4574
  Saved checkpoint: checkpoints_old/iPara_balanced_l1_g8_i4_do0.10_dpr0.10_lr0.0002_heads16_fold1.pth  select=0.4574  val_ab=0.5942  val_ag=0.3205  val_all=0.4861
Ep004  LR0=1.99e-04  pw=6.19  aucα=0.000  token_p=0.020  dropE=(0.020,0.080)  smooth=0.010  train_loss=0.4326  train_AUPR_all=0.4803  train_AUPR_ab=0.5692  train_AUPR_ag=0.3179  train_P@5_ab=0.6500  train_P@5_ag=0.7000  val_loss=0.6955  val_AUPR_all=0.5117  val_AUPR_ab=0.6330  val_AUPR_ag=0.3333  val_P@5_ab=1.0000  val_P@5_ag=1.0000  select=0.4831
  Saved checkpoint: checkpoints_old/iPara_balanced_l1_g8_i4_do0.10_dpr0.10_lr0.0002_heads16_fold1.pth  select=0.4831  val_ab=0.6330  val_ag=0.3333  val_all=0.5117
Ep005  LR0=1.99e-04  pw=5.69  aucα=0.000  token_p=0.020  dropE=(0.020,0.080)  smooth=0.010  train_loss=0.4014  train_AUPR_all=0.5079  train_AUPR_ab=0.5938  train_AUPR_ag=0.3477  train_P@5_ab=0.8500  train_P@5_ag=0.9000  val_loss=0.6045  val_AUPR_all=0.5008  val_AUPR_ab=0.6463  val_AUPR_ag=0.3533  val_P@5_ab=0.9500  val_P@5_ag=0.9000  select=0.4998
  Saved checkpoint: checkpoints_old/iPara_balanced_l1_g8_i4_do0.10_dpr0.10_lr0.0002_heads16_fold1.pth  select=0.4998  val_ab=0.6463  val_ag=0.3533  val_all=0.5008
Ep006  LR0=1.98e-04  pw=5.25  aucα=0.000  token_p=0.020  dropE=(0.020,0.080)  smooth=0.010  train_loss=0.3724  train_AUPR_all=0.5307  train_AUPR_ab=0.6292  train_AUPR_ag=0.3625  train_P@5_ab=0.9500  train_P@5_ag=0.8500  val_loss=0.5570  val_AUPR_all=0.5408  val_AUPR_ab=0.6654  val_AUPR_ag=0.3549  val_P@5_ab=0.9500  val_P@5_ag=0.9000  select=0.5102
  Saved checkpoint: checkpoints_old/iPara_balanced_l1_g8_i4_do0.10_dpr0.10_lr0.0002_heads16_fold1.pth  select=0.5102  val_ab=0.6654  val_ag=0.3549  val_all=0.5408
Ep007  LR0=1.97e-04  pw=4.84  aucα=0.000  token_p=0.020  dropE=(0.020,0.080)  smooth=0.010  train_loss=0.3540  train_AUPR_all=0.5343  train_AUPR_ab=0.6322  train_AUPR_ag=0.3645  train_P@5_ab=0.8500  train_P@5_ag=0.8500  val_loss=0.5294  val_AUPR_all=0.5588  val_AUPR_ab=0.6703  val_AUPR_ag=0.3789  val_P@5_ab=1.0000  val_P@5_ag=1.0000  select=0.5246
  Saved checkpoint: checkpoints_old/iPara_balanced_l1_g8_i4_do0.10_dpr0.10_lr0.0002_heads16_fold1.pth  select=0.5246  val_ab=0.6703  val_ag=0.3789  val_all=0.5588
Ep008  LR0=1.96e-04  pw=4.48  aucα=0.000  token_p=0.020  dropE=(0.020,0.080)  smooth=0.010  train_loss=0.3318  train_AUPR_all=0.5467  train_AUPR_ab=0.6408  train_AUPR_ag=0.3800  train_P@5_ab=0.9000  train_P@5_ag=0.8500  val_loss=0.5057  val_AUPR_all=0.5603  val_AUPR_ab=0.6774  val_AUPR_ag=0.3762  val_P@5_ab=1.0000  val_P@5_ag=0.9500  select=0.5268
  Saved checkpoint: checkpoints_old/iPara_balanced_l1_g8_i4_do0.10_dpr0.10_lr0.0002_heads16_fold1.pth  select=0.5268  val_ab=0.6774  val_ag=0.3762  val_all=0.5603
Ep009  LR0=1.95e-04  pw=4.15  aucα=0.000  token_p=0.020  dropE=(0.020,0.080)  smooth=0.010  train_loss=0.3148  train_AUPR_all=0.5535  train_AUPR_ab=0.6509  train_AUPR_ag=0.3867  train_P@5_ab=0.8000  train_P@5_ag=0.7000  val_loss=0.4845  val_AUPR_all=0.5712  val_AUPR_ab=0.6985  val_AUPR_ag=0.3848  val_P@5_ab=1.0000  val_P@5_ag=0.8000  select=0.5416
  Saved checkpoint: checkpoints_old/iPara_balanced_l1_g8_i4_do0.10_dpr0.10_lr0.0002_heads16_fold1.pth  select=0.5416  val_ab=0.6985  val_ag=0.3848  val_all=0.5712
Ep010  LR0=1.94e-04  pw=3.85  aucα=0.030  token_p=0.020  dropE=(0.020,0.080)  smooth=0.010  train_loss=0.3122  train_AUPR_all=0.5654  train_AUPR_ab=0.6669  train_AUPR_ag=0.3981  train_P@5_ab=1.0000  train_P@5_ag=0.9000  val_loss=0.4820  val_AUPR_all=0.5672  val_AUPR_ab=0.6911  val_AUPR_ag=0.3732  val_P@5_ab=0.9500  val_P@5_ag=0.9500  select=0.5322
Unfreezing DyM parameters.
Ep011  LR0=1.92e-04  pw=3.58  aucα=0.060  token_p=0.020  dropE=(0.020,0.080)  smooth=0.010  train_loss=0.3112  train_AUPR_all=0.5747  train_AUPR_ab=0.6804  train_AUPR_ag=0.4008  train_P@5_ab=1.0000  train_P@5_ag=0.9000  val_loss=0.4645  val_AUPR_all=0.5657  val_AUPR_ab=0.6992  val_AUPR_ag=0.3614  val_P@5_ab=0.9500  val_P@5_ag=0.9500  select=0.5303
Ep012  LR0=1.91e-04  pw=3.33  aucα=0.090  token_p=0.020  dropE=(0.020,0.080)  smooth=0.010  train_loss=0.3096  train_AUPR_all=0.5859  train_AUPR_ab=0.6916  train_AUPR_ag=0.4145  train_P@5_ab=0.7500  train_P@5_ag=0.9500  val_loss=0.4346  val_AUPR_all=0.5844  val_AUPR_ab=0.7151  val_AUPR_ag=0.3760  val_P@5_ab=0.9500  val_P@5_ag=0.9000  select=0.5455
  Saved checkpoint: checkpoints_old/iPara_balanced_l1_g8_i4_do0.10_dpr0.10_lr0.0002_heads16_fold1.pth  select=0.5455  val_ab=0.7151  val_ag=0.3760  val_all=0.5844
Ep013  LR0=1.89e-04  pw=3.11  aucα=0.120  token_p=0.020  dropE=(0.020,0.080)  smooth=0.010  train_loss=0.3117  train_AUPR_all=0.5880  train_AUPR_ab=0.6922  train_AUPR_ag=0.4161  train_P@5_ab=0.9500  train_P@5_ag=0.9000  val_loss=0.4389  val_AUPR_all=0.5711  val_AUPR_ab=0.7042  val_AUPR_ag=0.3653  val_P@5_ab=1.0000  val_P@5_ag=1.0000  select=0.5348
Ep014  LR0=1.87e-04  pw=2.91  aucα=0.150  token_p=0.020  dropE=(0.020,0.080)  smooth=0.010  train_loss=0.3126  train_AUPR_all=0.5974  train_AUPR_ab=0.7010  train_AUPR_ag=0.4319  train_P@5_ab=0.8000  train_P@5_ag=0.9500  val_loss=0.4104  val_AUPR_all=0.5896  val_AUPR_ab=0.7226  val_AUPR_ag=0.3829  val_P@5_ab=0.9500  val_P@5_ag=0.9000  select=0.5527
  Saved checkpoint: checkpoints_old/iPara_balanced_l1_g8_i4_do0.10_dpr0.10_lr0.0002_heads16_fold1.pth  select=0.5527  val_ab=0.7226  val_ag=0.3829  val_all=0.5896
Ep015  LR0=1.85e-04  pw=2.73  aucα=0.180  token_p=0.020  dropE=(0.020,0.080)  smooth=0.010  train_loss=0.3094  train_AUPR_all=0.6119  train_AUPR_ab=0.7145  train_AUPR_ag=0.4466  train_P@5_ab=0.8500  train_P@5_ag=0.8000  val_loss=0.4005  val_AUPR_all=0.5925  val_AUPR_ab=0.7310  val_AUPR_ag=0.3746  val_P@5_ab=1.0000  val_P@5_ag=0.8500  select=0.5528
Ep016  LR0=1.83e-04  pw=2.56  aucα=0.210  token_p=0.020  dropE=(0.020,0.080)  smooth=0.010  train_loss=0.3128  train_AUPR_all=0.6170  train_AUPR_ab=0.7187  train_AUPR_ag=0.4551  train_P@5_ab=1.0000  train_P@5_ag=0.9000  val_loss=0.3893  val_AUPR_all=0.5954  val_AUPR_ab=0.7360  val_AUPR_ag=0.3759  val_P@5_ab=0.9500  val_P@5_ag=1.0000  select=0.5559
  Saved checkpoint: checkpoints_old/iPara_balanced_l1_g8_i4_do0.10_dpr0.10_lr0.0002_heads16_fold1.pth  select=0.5559  val_ab=0.7360  val_ag=0.3759  val_all=0.5954
Ep017  LR0=1.81e-04  pw=2.41  aucα=0.240  token_p=0.020  dropE=(0.020,0.080)  smooth=0.010  train_loss=0.3108  train_AUPR_all=0.6288  train_AUPR_ab=0.7336  train_AUPR_ag=0.4628  train_P@5_ab=0.9500  train_P@5_ag=0.8000  val_loss=0.3752  val_AUPR_all=0.5922  val_AUPR_ab=0.7340  val_AUPR_ag=0.3648  val_P@5_ab=0.9500  val_P@5_ag=0.9500  select=0.5494
Ep018  LR0=1.79e-04  pw=2.28  aucα=0.270  token_p=0.020  dropE=(0.020,0.080)  smooth=0.010  train_loss=0.3124  train_AUPR_all=0.6321  train_AUPR_ab=0.7277  train_AUPR_ag=0.4769  train_P@5_ab=0.9500  train_P@5_ag=0.7500  val_loss=0.3653  val_AUPR_all=0.5980  val_AUPR_ab=0.7373  val_AUPR_ag=0.3763  val_P@5_ab=0.9500  val_P@5_ag=0.9000  select=0.5568
  Saved checkpoint: checkpoints_old/iPara_balanced_l1_g8_i4_do0.10_dpr0.10_lr0.0002_heads16_fold1.pth  select=0.5568  val_ab=0.7373  val_ag=0.3763  val_all=0.5980
Ep019  LR0=1.76e-04  pw=2.16  aucα=0.300  token_p=0.020  dropE=(0.020,0.080)  smooth=0.010  train_loss=0.3140  train_AUPR_all=0.6433  train_AUPR_ab=0.7410  train_AUPR_ag=0.4877  train_P@5_ab=1.0000  train_P@5_ag=0.8500  val_loss=0.3617  val_AUPR_all=0.5993  val_AUPR_ab=0.7500  val_AUPR_ag=0.3710  val_P@5_ab=1.0000  val_P@5_ag=0.8500  select=0.5605
  Saved checkpoint: checkpoints_old/iPara_balanced_l1_g8_i4_do0.10_dpr0.10_lr0.0002_heads16_fold1.pth  select=0.5605  val_ab=0.7500  val_ag=0.3710  val_all=0.5993
Ep020  LR0=1.73e-04  pw=2.05  aucα=0.300  token_p=0.020  dropE=(0.020,0.080)  smooth=0.010  train_loss=0.3017  train_AUPR_all=0.6546  train_AUPR_ab=0.7478  train_AUPR_ag=0.5079  train_P@5_ab=0.9500  train_P@5_ag=0.9500  val_loss=0.3729  val_AUPR_all=0.5781  val_AUPR_ab=0.7331  val_AUPR_ag=0.3467  val_P@5_ab=0.9000  val_P@5_ag=0.8000  select=0.5399
Ep021  LR0=1.71e-04  pw=1.95  aucα=0.300  token_p=0.020  dropE=(0.020,0.080)  smooth=0.010  train_loss=0.2898  train_AUPR_all=0.6638  train_AUPR_ab=0.7491  train_AUPR_ag=0.5318  train_P@5_ab=0.9000  train_P@5_ag=0.9500  val_loss=0.3583  val_AUPR_all=0.5905  val_AUPR_ab=0.7417  val_AUPR_ag=0.3788  val_P@5_ab=0.9000  val_P@5_ag=0.9000  select=0.5603
Ep022  LR0=1.68e-04  pw=1.86  aucα=0.300  token_p=0.020  dropE=(0.020,0.080)  smooth=0.010  train_loss=0.2785  train_AUPR_all=0.6782  train_AUPR_ab=0.7619  train_AUPR_ag=0.5503  train_P@5_ab=1.0000  train_P@5_ag=1.0000  val_loss=0.3657  val_AUPR_all=0.5850  val_AUPR_ab=0.7387  val_AUPR_ag=0.3607  val_P@5_ab=0.9500  val_P@5_ag=0.9000  select=0.5497
Ep023  LR0=1.65e-04  pw=1.78  aucα=0.300  token_p=0.020  dropE=(0.020,0.080)  smooth=0.010  train_loss=0.2718  train_AUPR_all=0.6808  train_AUPR_ab=0.7648  train_AUPR_ag=0.5510  train_P@5_ab=0.9500  train_P@5_ag=0.8500  val_loss=0.3497  val_AUPR_all=0.5875  val_AUPR_ab=0.7396  val_AUPR_ag=0.3619  val_P@5_ab=0.9500  val_P@5_ag=0.7000  select=0.5508
Ep024  LR0=1.62e-04  pw=1.70  aucα=0.300  token_p=0.020  dropE=(0.020,0.080)  smooth=0.010  train_loss=0.2593  train_AUPR_all=0.6949  train_AUPR_ab=0.7703  train_AUPR_ag=0.5811  train_P@5_ab=1.0000  train_P@5_ag=0.9000  val_loss=0.3329  val_AUPR_all=0.6003  val_AUPR_ab=0.7479  val_AUPR_ag=0.3660  val_P@5_ab=0.9500  val_P@5_ag=0.9000  select=0.5570
Ep025  LR0=1.59e-04  pw=1.64  aucα=0.300  token_p=0.020  dropE=(0.020,0.080)  smooth=0.010  train_loss=0.2517  train_AUPR_all=0.7021  train_AUPR_ab=0.7731  train_AUPR_ag=0.5955  train_P@5_ab=1.0000  train_P@5_ag=1.0000  val_loss=0.3470  val_AUPR_all=0.5862  val_AUPR_ab=0.7498  val_AUPR_ag=0.3618  val_P@5_ab=0.8500  val_P@5_ag=1.0000  select=0.5558
Ep026  LR0=1.56e-04  pw=1.57  aucα=0.300  token_p=0.020  dropE=(0.020,0.080)  smooth=0.010  train_loss=0.2439  train_AUPR_all=0.7091  train_AUPR_ab=0.7756  train_AUPR_ag=0.6109  train_P@5_ab=1.0000  train_P@5_ag=1.0000  val_loss=0.3390  val_AUPR_all=0.5938  val_AUPR_ab=0.7555  val_AUPR_ag=0.3575  val_P@5_ab=0.8500  val_P@5_ag=0.8500  select=0.5565
Ep027  LR0=1.52e-04  pw=1.52  aucα=0.300  token_p=0.020  dropE=(0.020,0.080)  smooth=0.010  train_loss=0.2334  train_AUPR_all=0.7224  train_AUPR_ab=0.7889  train_AUPR_ag=0.6227  train_P@5_ab=1.0000  train_P@5_ag=0.9500  val_loss=0.3337  val_AUPR_all=0.5944  val_AUPR_ab=0.7489  val_AUPR_ag=0.3583  val_P@5_ab=0.9500  val_P@5_ag=0.9000  select=0.5536
Ep028  LR0=1.49e-04  pw=1.47  aucα=0.300  token_p=0.020  dropE=(0.020,0.080)  smooth=0.010  train_loss=0.2252  train_AUPR_all=0.7300  train_AUPR_ab=0.7920  train_AUPR_ag=0.6384  train_P@5_ab=1.0000  train_P@5_ag=0.7500  val_loss=0.3494  val_AUPR_all=0.5927  val_AUPR_ab=0.7552  val_AUPR_ag=0.3601  val_P@5_ab=0.9500  val_P@5_ag=0.9000  select=0.5577
Ep029  LR0=1.46e-04  pw=1.43  aucα=0.300  token_p=0.020  dropE=(0.020,0.080)  smooth=0.010  train_loss=0.2190  train_AUPR_all=0.7400  train_AUPR_ab=0.7977  train_AUPR_ag=0.6557  train_P@5_ab=1.0000  train_P@5_ag=1.0000  val_loss=0.3205  val_AUPR_all=0.5995  val_AUPR_ab=0.7625  val_AUPR_ag=0.3710  val_P@5_ab=0.9500  val_P@5_ag=0.7500  select=0.5667
  Saved checkpoint: checkpoints_old/iPara_balanced_l1_g8_i4_do0.10_dpr0.10_lr0.0002_heads16_fold1.pth  select=0.5667  val_ab=0.7625  val_ag=0.3710  val_all=0.5995
Ep030  LR0=1.42e-04  pw=1.39  aucα=0.300  token_p=0.020  dropE=(0.020,0.080)  smooth=0.010  train_loss=0.2140  train_AUPR_all=0.7439  train_AUPR_ab=0.7987  train_AUPR_ag=0.6642  train_P@5_ab=1.0000  train_P@5_ag=0.9500  val_loss=0.3177  val_AUPR_all=0.6051  val_AUPR_ab=0.7612  val_AUPR_ag=0.3779  val_P@5_ab=0.9000  val_P@5_ag=0.8500  select=0.5696
  Saved checkpoint: checkpoints_old/iPara_balanced_l1_g8_i4_do0.10_dpr0.10_lr0.0002_heads16_fold1.pth  select=0.5696  val_ab=0.7612  val_ag=0.3779  val_all=0.6051
Ep031  LR0=1.38e-04  pw=1.35  aucα=0.300  token_p=0.020  dropE=(0.020,0.080)  smooth=0.010  train_loss=0.2083  train_AUPR_all=0.7504  train_AUPR_ab=0.8059  train_AUPR_ag=0.6687  train_P@5_ab=1.0000  train_P@5_ag=0.9000  val_loss=0.3332  val_AUPR_all=0.5876  val_AUPR_ab=0.7519  val_AUPR_ag=0.3542  val_P@5_ab=0.8000  val_P@5_ag=0.6500  select=0.5531
Ep032  LR0=1.35e-04  pw=1.32  aucα=0.300  token_p=0.020  dropE=(0.020,0.080)  smooth=0.010  train_loss=0.1976  train_AUPR_all=0.7690  train_AUPR_ab=0.8124  train_AUPR_ag=0.7073  train_P@5_ab=1.0000  train_P@5_ag=1.0000  val_loss=0.3154  val_AUPR_all=0.6047  val_AUPR_ab=0.7597  val_AUPR_ag=0.3736  val_P@5_ab=0.7500  val_P@5_ag=0.9500  select=0.5666
Ep033  LR0=1.31e-04  pw=1.29  aucα=0.300  token_p=0.020  dropE=(0.020,0.080)  smooth=0.010  train_loss=0.1913  train_AUPR_all=0.7741  train_AUPR_ab=0.8197  train_AUPR_ag=0.7081  train_P@5_ab=1.0000  train_P@5_ag=0.9000  val_loss=0.3359  val_AUPR_all=0.5936  val_AUPR_ab=0.7692  val_AUPR_ag=0.3501  val_P@5_ab=0.9000  val_P@5_ag=0.9500  select=0.5597
Ep034  LR0=1.27e-04  pw=1.26  aucα=0.300  token_p=0.020  dropE=(0.020,0.080)  smooth=0.010  train_loss=0.1903  train_AUPR_all=0.7755  train_AUPR_ab=0.8199  train_AUPR_ag=0.7119  train_P@5_ab=1.0000  train_P@5_ag=1.0000  val_loss=0.3372  val_AUPR_all=0.5801  val_AUPR_ab=0.7595  val_AUPR_ag=0.3506  val_P@5_ab=0.9500  val_P@5_ag=0.7500  select=0.5550
Ep035  LR0=1.24e-04  pw=1.23  aucα=0.300  token_p=0.020  dropE=(0.020,0.080)  smooth=0.010  train_loss=0.1864  train_AUPR_all=0.7816  train_AUPR_ab=0.8229  train_AUPR_ag=0.7231  train_P@5_ab=1.0000  train_P@5_ag=1.0000  val_loss=0.3070  val_AUPR_all=0.6016  val_AUPR_ab=0.7558  val_AUPR_ag=0.3822  val_P@5_ab=0.9500  val_P@5_ag=0.9500  select=0.5690
Ep036  LR0=1.20e-04  pw=1.21  aucα=0.300  token_p=0.020  dropE=(0.020,0.080)  smooth=0.010  train_loss=0.1803  train_AUPR_all=0.7893  train_AUPR_ab=0.8277  train_AUPR_ag=0.7349  train_P@5_ab=1.0000  train_P@5_ag=1.0000  val_loss=0.3349  val_AUPR_all=0.5729  val_AUPR_ab=0.7566  val_AUPR_ag=0.3290  val_P@5_ab=0.9000  val_P@5_ag=0.6000  select=0.5428
Ep037  LR0=1.16e-04  pw=1.19  aucα=0.300  token_p=0.020  dropE=(0.020,0.080)  smooth=0.010  train_loss=0.1730  train_AUPR_all=0.8010  train_AUPR_ab=0.8407  train_AUPR_ag=0.7442  train_P@5_ab=1.0000  train_P@5_ag=1.0000  val_loss=0.3351  val_AUPR_all=0.5839  val_AUPR_ab=0.7567  val_AUPR_ag=0.3393  val_P@5_ab=0.9500  val_P@5_ag=0.9000  select=0.5480
Ep038  LR0=1.12e-04  pw=1.17  aucα=0.300  token_p=0.020  dropE=(0.020,0.080)  smooth=0.010  train_loss=0.1692  train_AUPR_all=0.8074  train_AUPR_ab=0.8455  train_AUPR_ag=0.7531  train_P@5_ab=1.0000  train_P@5_ag=0.9500  val_loss=0.3132  val_AUPR_all=0.5956  val_AUPR_ab=0.7685  val_AUPR_ag=0.3730  val_P@5_ab=1.0000  val_P@5_ag=0.8500  select=0.5708
  Saved checkpoint: checkpoints_old/iPara_balanced_l1_g8_i4_do0.10_dpr0.10_lr0.0002_heads16_fold1.pth  select=0.5708  val_ab=0.7685  val_ag=0.3730  val_all=0.5956
Ep039  LR0=1.08e-04  pw=1.16  aucα=0.300  token_p=0.020  dropE=(0.020,0.080)  smooth=0.010  train_loss=0.1666  train_AUPR_all=0.8106  train_AUPR_ab=0.8461  train_AUPR_ag=0.7605  train_P@5_ab=0.9500  train_P@5_ag=0.9500  val_loss=0.3224  val_AUPR_all=0.5885  val_AUPR_ab=0.7589  val_AUPR_ag=0.3541  val_P@5_ab=0.9500  val_P@5_ag=0.7000  select=0.5565
Ep040  LR0=1.04e-04  pw=1.14  aucα=0.300  token_p=0.020  dropE=(0.020,0.080)  smooth=0.010  train_loss=0.1610  train_AUPR_all=0.8194  train_AUPR_ab=0.8532  train_AUPR_ag=0.7716  train_P@5_ab=1.0000  train_P@5_ag=1.0000  val_loss=0.3339  val_AUPR_all=0.5744  val_AUPR_ab=0.7659  val_AUPR_ag=0.3396  val_P@5_ab=1.0000  val_P@5_ag=0.6000  select=0.5528
Ep041  LR0=1.00e-04  pw=1.13  aucα=0.300  token_p=0.020  dropE=(0.020,0.080)  smooth=0.010  train_loss=0.1539  train_AUPR_all=0.8293  train_AUPR_ab=0.8613  train_AUPR_ag=0.7839  train_P@5_ab=1.0000  train_P@5_ag=1.0000  val_loss=0.3286  val_AUPR_all=0.5864  val_AUPR_ab=0.7701  val_AUPR_ag=0.3545  val_P@5_ab=0.9000  val_P@5_ag=0.6000  select=0.5623
Ep042  LR0=9.63e-05  pw=1.12  aucα=0.300  token_p=0.020  dropE=(0.020,0.080)  smooth=0.010  train_loss=0.1516  train_AUPR_all=0.8359  train_AUPR_ab=0.8657  train_AUPR_ag=0.7941  train_P@5_ab=1.0000  train_P@5_ag=1.0000  val_loss=0.3499  val_AUPR_all=0.5629  val_AUPR_ab=0.7571  val_AUPR_ag=0.3257  val_P@5_ab=0.9000  val_P@5_ag=0.6000  select=0.5414
Ep043  LR0=9.24e-05  pw=1.10  aucα=0.300  token_p=0.020  dropE=(0.020,0.080)  smooth=0.010  train_loss=0.1456  train_AUPR_all=0.8436  train_AUPR_ab=0.8723  train_AUPR_ag=0.8030  train_P@5_ab=1.0000  train_P@5_ag=1.0000  val_loss=0.3331  val_AUPR_all=0.5734  val_AUPR_ab=0.7604  val_AUPR_ag=0.3332  val_P@5_ab=0.9500  val_P@5_ag=0.6000  select=0.5468
Ep044  LR0=8.85e-05  pw=1.09  aucα=0.300  token_p=0.020  dropE=(0.020,0.080)  smooth=0.010  train_loss=0.1464  train_AUPR_all=0.8404  train_AUPR_ab=0.8672  train_AUPR_ag=0.8031  train_P@5_ab=1.0000  train_P@5_ag=1.0000  val_loss=0.3342  val_AUPR_all=0.5733  val_AUPR_ab=0.7634  val_AUPR_ag=0.3305  val_P@5_ab=0.9500  val_P@5_ag=0.6000  select=0.5469
Ep045  LR0=8.46e-05  pw=1.09  aucα=0.300  token_p=0.020  dropE=(0.020,0.080)  smooth=0.010  train_loss=0.1412  train_AUPR_all=0.8515  train_AUPR_ab=0.8803  train_AUPR_ag=0.8110  train_P@5_ab=1.0000  train_P@5_ag=1.0000  val_loss=0.3395  val_AUPR_all=0.5583  val_AUPR_ab=0.7561  val_AUPR_ag=0.3221  val_P@5_ab=0.8500  val_P@5_ag=0.6500  select=0.5391
Ep046  LR0=8.08e-05  pw=1.08  aucα=0.300  token_p=0.020  dropE=(0.020,0.080)  smooth=0.010  train_loss=0.1376  train_AUPR_all=0.8557  train_AUPR_ab=0.8805  train_AUPR_ag=0.8209  train_P@5_ab=1.0000  train_P@5_ag=1.0000  val_loss=0.3532  val_AUPR_all=0.5505  val_AUPR_ab=0.7532  val_AUPR_ag=0.3189  val_P@5_ab=0.8500  val_P@5_ag=0.5500  select=0.5360
Ep047  LR0=7.70e-05  pw=1.07  aucα=0.300  token_p=0.020  dropE=(0.020,0.080)  smooth=0.010  train_loss=0.1334  train_AUPR_all=0.8635  train_AUPR_ab=0.8910  train_AUPR_ag=0.8246  train_P@5_ab=1.0000  train_P@5_ag=1.0000  val_loss=0.3428  val_AUPR_all=0.5772  val_AUPR_ab=0.7639  val_AUPR_ag=0.3242  val_P@5_ab=0.9000  val_P@5_ag=0.4500  select=0.5440
Ep048  LR0=7.32e-05  pw=1.06  aucα=0.300  token_p=0.020  dropE=(0.020,0.080)  smooth=0.010  train_loss=0.1334  train_AUPR_all=0.8635  train_AUPR_ab=0.8913  train_AUPR_ag=0.8241  train_P@5_ab=1.0000  train_P@5_ag=1.0000  val_loss=0.3259  val_AUPR_all=0.5798  val_AUPR_ab=0.7697  val_AUPR_ag=0.3286  val_P@5_ab=0.9500  val_P@5_ag=0.4000  select=0.5491
Ep049  LR0=6.94e-05  pw=1.06  aucα=0.300  token_p=0.020  dropE=(0.020,0.080)  smooth=0.010  train_loss=0.1309  train_AUPR_all=0.8672  train_AUPR_ab=0.8944  train_AUPR_ag=0.8283  train_P@5_ab=1.0000  train_P@5_ag=1.0000  val_loss=0.3320  val_AUPR_all=0.5859  val_AUPR_ab=0.7642  val_AUPR_ag=0.3411  val_P@5_ab=0.9500  val_P@5_ag=0.7500  select=0.5526
Ep050  LR0=6.57e-05  pw=1.05  aucα=0.300  token_p=0.020  dropE=(0.020,0.080)  smooth=0.010  train_loss=0.1248  train_AUPR_all=0.8774  train_AUPR_ab=0.9030  train_AUPR_ag=0.8409  train_P@5_ab=1.0000  train_P@5_ag=1.0000  val_loss=0.3353  val_AUPR_all=0.5854  val_AUPR_ab=0.7638  val_AUPR_ag=0.3459  val_P@5_ab=1.0000  val_P@5_ag=0.6500  select=0.5549
Ep051  LR0=6.21e-05  pw=1.05  aucα=0.300  token_p=0.020  dropE=(0.020,0.080)  smooth=0.010  train_loss=0.1270  train_AUPR_all=0.8732  train_AUPR_ab=0.8981  train_AUPR_ag=0.8380  train_P@5_ab=1.0000  train_P@5_ag=1.0000  val_loss=0.3392  val_AUPR_all=0.5759  val_AUPR_ab=0.7590  val_AUPR_ag=0.3416  val_P@5_ab=0.9500  val_P@5_ag=0.6500  select=0.5503
Ep052  LR0=5.85e-05  pw=1.04  aucα=0.300  token_p=0.020  dropE=(0.020,0.080)  smooth=0.010  train_loss=0.1227  train_AUPR_all=0.8795  train_AUPR_ab=0.9044  train_AUPR_ag=0.8437  train_P@5_ab=1.0000  train_P@5_ag=1.0000  val_loss=0.3484  val_AUPR_all=0.5790  val_AUPR_ab=0.7682  val_AUPR_ag=0.3286  val_P@5_ab=0.8500  val_P@5_ag=0.5500  select=0.5484
Ep053  LR0=5.50e-05  pw=1.04  aucα=0.300  token_p=0.020  dropE=(0.020,0.080)  smooth=0.010  train_loss=0.1227  train_AUPR_all=0.8792  train_AUPR_ab=0.9022  train_AUPR_ag=0.8466  train_P@5_ab=1.0000  train_P@5_ag=1.0000  val_loss=0.3351  val_AUPR_all=0.5771  val_AUPR_ab=0.7616  val_AUPR_ag=0.3383  val_P@5_ab=0.9500  val_P@5_ag=0.5500  select=0.5500
Ep054  LR0=5.15e-05  pw=1.03  aucα=0.300  token_p=0.020  dropE=(0.020,0.080)  smooth=0.010  train_loss=0.1193  train_AUPR_all=0.8849  train_AUPR_ab=0.9089  train_AUPR_ag=0.8505  train_P@5_ab=1.0000  train_P@5_ag=1.0000  val_loss=0.3497  val_AUPR_all=0.5612  val_AUPR_ab=0.7596  val_AUPR_ag=0.3223  val_P@5_ab=1.0000  val_P@5_ag=0.4500  select=0.5409
Ep055  LR0=4.81e-05  pw=1.03  aucα=0.300  token_p=0.020  dropE=(0.020,0.080)  smooth=0.010  train_loss=0.1155  train_AUPR_all=0.8904  train_AUPR_ab=0.9127  train_AUPR_ag=0.8586  train_P@5_ab=1.0000  train_P@5_ag=0.9500  val_loss=0.3517  val_AUPR_all=0.5581  val_AUPR_ab=0.7604  val_AUPR_ag=0.3149  val_P@5_ab=0.9000  val_P@5_ag=0.5500  select=0.5376
Ep056  LR0=4.48e-05  pw=1.03  aucα=0.300  token_p=0.020  dropE=(0.020,0.080)  smooth=0.010  train_loss=0.1141  train_AUPR_all=0.8939  train_AUPR_ab=0.9155  train_AUPR_ag=0.8630  train_P@5_ab=1.0000  train_P@5_ag=1.0000  val_loss=0.3460  val_AUPR_all=0.5620  val_AUPR_ab=0.7565  val_AUPR_ag=0.3254  val_P@5_ab=1.0000  val_P@5_ag=0.4500  select=0.5410
Ep057  LR0=4.16e-05  pw=1.03  aucα=0.300  token_p=0.020  dropE=(0.020,0.080)  smooth=0.010  train_loss=0.1095  train_AUPR_all=0.9011  train_AUPR_ab=0.9254  train_AUPR_ag=0.8653  train_P@5_ab=1.0000  train_P@5_ag=1.0000  val_loss=0.3518  val_AUPR_all=0.5654  val_AUPR_ab=0.7562  val_AUPR_ag=0.3153  val_P@5_ab=1.0000  val_P@5_ag=0.4000  select=0.5357
Ep058  LR0=3.85e-05  pw=1.02  aucα=0.300  token_p=0.020  dropE=(0.020,0.080)  smooth=0.010  train_loss=0.1091  train_AUPR_all=0.9019  train_AUPR_ab=0.9241  train_AUPR_ag=0.8698  train_P@5_ab=1.0000  train_P@5_ag=1.0000  val_loss=0.3496  val_AUPR_all=0.5713  val_AUPR_ab=0.7591  val_AUPR_ag=0.3258  val_P@5_ab=1.0000  val_P@5_ag=0.6500  select=0.5425
Early stopping at epoch 58. Best select=0.5708 at epoch 38.
Final saved checkpoint for fold 1: checkpoints_old/iPara_balanced_l1_g8_i4_do0.10_dpr0.10_lr0.0002_heads16_fold1.pth
Best select=0.5708 at epoch 38

==========================================================================================
Fold 2/5
==========================================================================================
Train labels: valid=400834, pos=26650, neg=374184, ignore=696766, pos_frac=0.06649
Val labels: valid=99358, pos=6580, neg=92778, ignore=175842, pos_frac=0.06623
Initializing ClassificationModel with 8 GAT layers and residual connections...
Initializing MCModel with 8 GAT layers and 4 row attention layers (drop_path_rate=0.1)
Initializing CoreModel with 1 layers, drop_path_rate=0.1
Ep001  LR0=2.00e-04  pw=8.00  aucα=0.000  token_p=0.020  dropE=(0.020,0.080)  smooth=0.010  train_loss=0.8277  train_AUPR_all=0.1680  train_AUPR_ab=0.1917  train_AUPR_ag=0.1401  train_P@5_ab=0.4000  train_P@5_ag=0.5500  val_loss=0.9694  val_AUPR_all=0.3136  val_AUPR_ab=0.4426  val_AUPR_ag=0.2660  val_P@5_ab=0.6500  val_P@5_ag=1.0000  select=0.3543
  Saved checkpoint: checkpoints_old/iPara_balanced_l1_g8_i4_do0.10_dpr0.10_lr0.0002_heads16_fold2.pth  select=0.3543  val_ab=0.4426  val_ag=0.2660  val_all=0.3136
Ep002  LR0=2.00e-04  pw=7.33  aucα=0.000  token_p=0.020  dropE=(0.020,0.080)  smooth=0.010  train_loss=0.5499  train_AUPR_all=0.3774  train_AUPR_ab=0.4696  train_AUPR_ag=0.2331  train_P@5_ab=0.5000  train_P@5_ag=0.8000  val_loss=0.6988  val_AUPR_all=0.4539  val_AUPR_ab=0.5371  val_AUPR_ag=0.3138  val_P@5_ab=0.8500  val_P@5_ag=0.8000  select=0.4254
  Saved checkpoint: checkpoints_old/iPara_balanced_l1_g8_i4_do0.10_dpr0.10_lr0.0002_heads16_fold2.pth  select=0.4254  val_ab=0.5371  val_ag=0.3138  val_all=0.4539
Ep003  LR0=2.00e-04  pw=6.73  aucα=0.000  token_p=0.020  dropE=(0.020,0.080)  smooth=0.010  train_loss=0.4883  train_AUPR_all=0.4236  train_AUPR_ab=0.5227  train_AUPR_ag=0.2590  train_P@5_ab=0.6000  train_P@5_ag=0.9000  val_loss=0.6446  val_AUPR_all=0.4638  val_AUPR_ab=0.5714  val_AUPR_ag=0.2945  val_P@5_ab=0.8000  val_P@5_ag=0.4500  select=0.4329
  Saved checkpoint: checkpoints_old/iPara_balanced_l1_g8_i4_do0.10_dpr0.10_lr0.0002_heads16_fold2.pth  select=0.4329  val_ab=0.5714  val_ag=0.2945  val_all=0.4638
Ep004  LR0=1.99e-04  pw=6.19  aucα=0.000  token_p=0.020  dropE=(0.020,0.080)  smooth=0.010  train_loss=0.4376  train_AUPR_all=0.4689  train_AUPR_ab=0.5690  train_AUPR_ag=0.2980  train_P@5_ab=0.9000  train_P@5_ag=0.8000  val_loss=0.6138  val_AUPR_all=0.5190  val_AUPR_ab=0.6224  val_AUPR_ag=0.3606  val_P@5_ab=0.7500  val_P@5_ag=0.8500  select=0.4915
  Saved checkpoint: checkpoints_old/iPara_balanced_l1_g8_i4_do0.10_dpr0.10_lr0.0002_heads16_fold2.pth  select=0.4915  val_ab=0.6224  val_ag=0.3606  val_all=0.5190
Ep005  LR0=1.99e-04  pw=5.69  aucα=0.000  token_p=0.020  dropE=(0.020,0.080)  smooth=0.010  train_loss=0.4142  train_AUPR_all=0.4896  train_AUPR_ab=0.5884  train_AUPR_ag=0.3212  train_P@5_ab=0.7500  train_P@5_ag=1.0000  val_loss=0.5689  val_AUPR_all=0.5253  val_AUPR_ab=0.6273  val_AUPR_ag=0.3677  val_P@5_ab=0.7000  val_P@5_ag=0.8500  select=0.4975
  Saved checkpoint: checkpoints_old/iPara_balanced_l1_g8_i4_do0.10_dpr0.10_lr0.0002_heads16_fold2.pth  select=0.4975  val_ab=0.6273  val_ag=0.3677  val_all=0.5253
Ep006  LR0=1.98e-04  pw=5.25  aucα=0.000  token_p=0.020  dropE=(0.020,0.080)  smooth=0.010  train_loss=0.3840  train_AUPR_all=0.5069  train_AUPR_ab=0.6052  train_AUPR_ag=0.3417  train_P@5_ab=0.8000  train_P@5_ag=0.8500  val_loss=0.5556  val_AUPR_all=0.5456  val_AUPR_ab=0.6337  val_AUPR_ag=0.3830  val_P@5_ab=0.7500  val_P@5_ag=0.8500  select=0.5083
  Saved checkpoint: checkpoints_old/iPara_balanced_l1_g8_i4_do0.10_dpr0.10_lr0.0002_heads16_fold2.pth  select=0.5083  val_ab=0.6337  val_ag=0.3830  val_all=0.5456
Ep007  LR0=1.97e-04  pw=4.84  aucα=0.000  token_p=0.020  dropE=(0.020,0.080)  smooth=0.010  train_loss=0.3588  train_AUPR_all=0.5209  train_AUPR_ab=0.6227  train_AUPR_ag=0.3484  train_P@5_ab=0.6500  train_P@5_ag=1.0000  val_loss=0.5085  val_AUPR_all=0.5587  val_AUPR_ab=0.6548  val_AUPR_ag=0.3953  val_P@5_ab=0.8000  val_P@5_ag=0.9000  select=0.5250
  Saved checkpoint: checkpoints_old/iPara_balanced_l1_g8_i4_do0.10_dpr0.10_lr0.0002_heads16_fold2.pth  select=0.5250  val_ab=0.6548  val_ag=0.3953  val_all=0.5587
Ep008  LR0=1.96e-04  pw=4.48  aucα=0.000  token_p=0.020  dropE=(0.020,0.080)  smooth=0.010  train_loss=0.3416  train_AUPR_all=0.5329  train_AUPR_ab=0.6358  train_AUPR_ag=0.3568  train_P@5_ab=0.8500  train_P@5_ag=0.9000  val_loss=0.5210  val_AUPR_all=0.5622  val_AUPR_ab=0.6622  val_AUPR_ag=0.3934  val_P@5_ab=0.7500  val_P@5_ag=0.8500  select=0.5278
  Saved checkpoint: checkpoints_old/iPara_balanced_l1_g8_i4_do0.10_dpr0.10_lr0.0002_heads16_fold2.pth  select=0.5278  val_ab=0.6622  val_ag=0.3934  val_all=0.5622
Ep009  LR0=1.95e-04  pw=4.15  aucα=0.000  token_p=0.020  dropE=(0.020,0.080)  smooth=0.010  train_loss=0.3245  train_AUPR_all=0.5440  train_AUPR_ab=0.6499  train_AUPR_ag=0.3642  train_P@5_ab=0.9500  train_P@5_ag=0.9000  val_loss=0.4740  val_AUPR_all=0.5694  val_AUPR_ab=0.6703  val_AUPR_ag=0.3952  val_P@5_ab=0.8500  val_P@5_ag=0.9000  select=0.5327
  Saved checkpoint: checkpoints_old/iPara_balanced_l1_g8_i4_do0.10_dpr0.10_lr0.0002_heads16_fold2.pth  select=0.5327  val_ab=0.6703  val_ag=0.3952  val_all=0.5694
Ep010  LR0=1.94e-04  pw=3.85  aucα=0.030  token_p=0.020  dropE=(0.020,0.080)  smooth=0.010  train_loss=0.3220  train_AUPR_all=0.5519  train_AUPR_ab=0.6546  train_AUPR_ag=0.3795  train_P@5_ab=0.9000  train_P@5_ag=0.8500  val_loss=0.4649  val_AUPR_all=0.5726  val_AUPR_ab=0.6809  val_AUPR_ag=0.3854  val_P@5_ab=0.8500  val_P@5_ag=0.8000  select=0.5331
  Saved checkpoint: checkpoints_old/iPara_balanced_l1_g8_i4_do0.10_dpr0.10_lr0.0002_heads16_fold2.pth  select=0.5331  val_ab=0.6809  val_ag=0.3854  val_all=0.5726
Unfreezing DyM parameters.
Ep011  LR0=1.92e-04  pw=3.58  aucα=0.060  token_p=0.020  dropE=(0.020,0.080)  smooth=0.010  train_loss=0.3194  train_AUPR_all=0.5638  train_AUPR_ab=0.6621  train_AUPR_ag=0.3965  train_P@5_ab=0.8500  train_P@5_ag=0.9500  val_loss=0.4634  val_AUPR_all=0.5669  val_AUPR_ab=0.6689  val_AUPR_ag=0.4077  val_P@5_ab=0.9000  val_P@5_ag=0.9000  select=0.5383
  Saved checkpoint: checkpoints_old/iPara_balanced_l1_g8_i4_do0.10_dpr0.10_lr0.0002_heads16_fold2.pth  select=0.5383  val_ab=0.6689  val_ag=0.4077  val_all=0.5669
Ep012  LR0=1.91e-04  pw=3.33  aucα=0.090  token_p=0.020  dropE=(0.020,0.080)  smooth=0.010  train_loss=0.3230  train_AUPR_all=0.5721  train_AUPR_ab=0.6733  train_AUPR_ag=0.4039  train_P@5_ab=0.9500  train_P@5_ag=1.0000  val_loss=0.4256  val_AUPR_all=0.5854  val_AUPR_ab=0.6903  val_AUPR_ag=0.4082  val_P@5_ab=0.8000  val_P@5_ag=0.9500  select=0.5492
  Saved checkpoint: checkpoints_old/iPara_balanced_l1_g8_i4_do0.10_dpr0.10_lr0.0002_heads16_fold2.pth  select=0.5492  val_ab=0.6903  val_ag=0.4082  val_all=0.5854
Ep013  LR0=1.89e-04  pw=3.11  aucα=0.120  token_p=0.020  dropE=(0.020,0.080)  smooth=0.010  train_loss=0.3174  train_AUPR_all=0.5844  train_AUPR_ab=0.6897  train_AUPR_ag=0.4117  train_P@5_ab=0.8500  train_P@5_ag=0.9000  val_loss=0.4289  val_AUPR_all=0.5732  val_AUPR_ab=0.6900  val_AUPR_ag=0.3901  val_P@5_ab=0.9000  val_P@5_ag=0.9500  select=0.5401
Ep014  LR0=1.87e-04  pw=2.91  aucα=0.150  token_p=0.020  dropE=(0.020,0.080)  smooth=0.010  train_loss=0.3177  train_AUPR_all=0.5951  train_AUPR_ab=0.6955  train_AUPR_ag=0.4317  train_P@5_ab=1.0000  train_P@5_ag=1.0000  val_loss=0.4092  val_AUPR_all=0.5951  val_AUPR_ab=0.7063  val_AUPR_ag=0.4079  val_P@5_ab=0.9000  val_P@5_ag=0.9000  select=0.5571
  Saved checkpoint: checkpoints_old/iPara_balanced_l1_g8_i4_do0.10_dpr0.10_lr0.0002_heads16_fold2.pth  select=0.5571  val_ab=0.7063  val_ag=0.4079  val_all=0.5951
Ep015  LR0=1.85e-04  pw=2.73  aucα=0.180  token_p=0.020  dropE=(0.020,0.080)  smooth=0.010  train_loss=0.3187  train_AUPR_all=0.6028  train_AUPR_ab=0.7078  train_AUPR_ag=0.4335  train_P@5_ab=1.0000  train_P@5_ag=1.0000  val_loss=0.3922  val_AUPR_all=0.5855  val_AUPR_ab=0.6931  val_AUPR_ag=0.4039  val_P@5_ab=0.8500  val_P@5_ag=0.9000  select=0.5485
Ep016  LR0=1.83e-04  pw=2.56  aucα=0.210  token_p=0.020  dropE=(0.020,0.080)  smooth=0.010  train_loss=0.3184  train_AUPR_all=0.6097  train_AUPR_ab=0.7117  train_AUPR_ag=0.4451  train_P@5_ab=1.0000  train_P@5_ag=0.9500  val_loss=0.3749  val_AUPR_all=0.5981  val_AUPR_ab=0.7060  val_AUPR_ag=0.4203  val_P@5_ab=0.9000  val_P@5_ag=0.9000  select=0.5632
  Saved checkpoint: checkpoints_old/iPara_balanced_l1_g8_i4_do0.10_dpr0.10_lr0.0002_heads16_fold2.pth  select=0.5632  val_ab=0.7060  val_ag=0.4203  val_all=0.5981
Ep017  LR0=1.81e-04  pw=2.41  aucα=0.240  token_p=0.020  dropE=(0.020,0.080)  smooth=0.010  train_loss=0.3187  train_AUPR_all=0.6211  train_AUPR_ab=0.7210  train_AUPR_ag=0.4635  train_P@5_ab=1.0000  train_P@5_ag=1.0000  val_loss=0.3703  val_AUPR_all=0.6033  val_AUPR_ab=0.7258  val_AUPR_ag=0.4093  val_P@5_ab=0.8500  val_P@5_ag=0.8500  select=0.5675
  Saved checkpoint: checkpoints_old/iPara_balanced_l1_g8_i4_do0.10_dpr0.10_lr0.0002_heads16_fold2.pth  select=0.5675  val_ab=0.7258  val_ag=0.4093  val_all=0.6033
Ep018  LR0=1.79e-04  pw=2.28  aucα=0.270  token_p=0.020  dropE=(0.020,0.080)  smooth=0.010  train_loss=0.3190  train_AUPR_all=0.6281  train_AUPR_ab=0.7280  train_AUPR_ag=0.4691  train_P@5_ab=1.0000  train_P@5_ag=0.9500  val_loss=0.3645  val_AUPR_all=0.6145  val_AUPR_ab=0.7340  val_AUPR_ag=0.4214  val_P@5_ab=0.9000  val_P@5_ag=1.0000  select=0.5777
  Saved checkpoint: checkpoints_old/iPara_balanced_l1_g8_i4_do0.10_dpr0.10_lr0.0002_heads16_fold2.pth  select=0.5777  val_ab=0.7340  val_ag=0.4214  val_all=0.6145
Ep019  LR0=1.76e-04  pw=2.16  aucα=0.300  token_p=0.020  dropE=(0.020,0.080)  smooth=0.010  train_loss=0.3201  train_AUPR_all=0.6345  train_AUPR_ab=0.7325  train_AUPR_ag=0.4795  train_P@5_ab=1.0000  train_P@5_ag=0.9000  val_loss=0.3580  val_AUPR_all=0.6037  val_AUPR_ab=0.7270  val_AUPR_ag=0.4008  val_P@5_ab=0.9000  val_P@5_ag=0.9000  select=0.5639
Ep020  LR0=1.73e-04  pw=2.05  aucα=0.300  token_p=0.020  dropE=(0.020,0.080)  smooth=0.010  train_loss=0.3036  train_AUPR_all=0.6517  train_AUPR_ab=0.7438  train_AUPR_ag=0.5083  train_P@5_ab=1.0000  train_P@5_ag=0.9500  val_loss=0.3568  val_AUPR_all=0.6086  val_AUPR_ab=0.7318  val_AUPR_ag=0.4141  val_P@5_ab=1.0000  val_P@5_ag=1.0000  select=0.5729
Ep021  LR0=1.71e-04  pw=1.95  aucα=0.300  token_p=0.020  dropE=(0.020,0.080)  smooth=0.010  train_loss=0.2942  train_AUPR_all=0.6573  train_AUPR_ab=0.7510  train_AUPR_ag=0.5117  train_P@5_ab=1.0000  train_P@5_ag=0.9500  val_loss=0.3488  val_AUPR_all=0.6029  val_AUPR_ab=0.7265  val_AUPR_ag=0.4006  val_P@5_ab=0.9000  val_P@5_ag=1.0000  select=0.5635
Ep022  LR0=1.68e-04  pw=1.86  aucα=0.300  token_p=0.020  dropE=(0.020,0.080)  smooth=0.010  train_loss=0.2864  train_AUPR_all=0.6639  train_AUPR_ab=0.7546  train_AUPR_ag=0.5245  train_P@5_ab=1.0000  train_P@5_ag=1.0000  val_loss=0.3508  val_AUPR_all=0.5952  val_AUPR_ab=0.7196  val_AUPR_ag=0.4047  val_P@5_ab=0.9500  val_P@5_ag=0.9500  select=0.5622
Ep023  LR0=1.65e-04  pw=1.78  aucα=0.300  token_p=0.020  dropE=(0.020,0.080)  smooth=0.010  train_loss=0.2762  train_AUPR_all=0.6757  train_AUPR_ab=0.7594  train_AUPR_ag=0.5503  train_P@5_ab=0.9500  train_P@5_ag=1.0000  val_loss=0.3425  val_AUPR_all=0.6055  val_AUPR_ab=0.7282  val_AUPR_ag=0.4117  val_P@5_ab=0.9500  val_P@5_ag=0.9000  select=0.5700
Ep024  LR0=1.62e-04  pw=1.70  aucα=0.300  token_p=0.020  dropE=(0.020,0.080)  smooth=0.010  train_loss=0.2663  train_AUPR_all=0.6840  train_AUPR_ab=0.7630  train_AUPR_ag=0.5666  train_P@5_ab=1.0000  train_P@5_ag=0.9500  val_loss=0.3358  val_AUPR_all=0.6004  val_AUPR_ab=0.7330  val_AUPR_ag=0.4119  val_P@5_ab=0.9500  val_P@5_ag=0.8500  select=0.5725
Ep025  LR0=1.59e-04  pw=1.64  aucα=0.300  token_p=0.020  dropE=(0.020,0.080)  smooth=0.010  train_loss=0.2559  train_AUPR_all=0.6939  train_AUPR_ab=0.7687  train_AUPR_ag=0.5824  train_P@5_ab=0.9500  train_P@5_ag=1.0000  val_loss=0.3338  val_AUPR_all=0.6063  val_AUPR_ab=0.7364  val_AUPR_ag=0.4023  val_P@5_ab=0.9500  val_P@5_ag=0.9000  select=0.5694
Ep026  LR0=1.56e-04  pw=1.57  aucα=0.300  token_p=0.020  dropE=(0.020,0.080)  smooth=0.010  train_loss=0.2468  train_AUPR_all=0.7040  train_AUPR_ab=0.7762  train_AUPR_ag=0.5967  train_P@5_ab=1.0000  train_P@5_ag=0.9500  val_loss=0.3326  val_AUPR_all=0.6032  val_AUPR_ab=0.7368  val_AUPR_ag=0.4103  val_P@5_ab=0.9500  val_P@5_ag=0.8500  select=0.5736
Ep027  LR0=1.52e-04  pw=1.52  aucα=0.300  token_p=0.020  dropE=(0.020,0.080)  smooth=0.010  train_loss=0.2394  train_AUPR_all=0.7145  train_AUPR_ab=0.7806  train_AUPR_ag=0.6177  train_P@5_ab=1.0000  train_P@5_ag=0.9500  val_loss=0.3173  val_AUPR_all=0.6117  val_AUPR_ab=0.7453  val_AUPR_ag=0.4117  val_P@5_ab=0.9500  val_P@5_ag=1.0000  select=0.5785
  Saved checkpoint: checkpoints_old/iPara_balanced_l1_g8_i4_do0.10_dpr0.10_lr0.0002_heads16_fold2.pth  select=0.5785  val_ab=0.7453  val_ag=0.4117  val_all=0.6117
Ep028  LR0=1.49e-04  pw=1.47  aucα=0.300  token_p=0.020  dropE=(0.020,0.080)  smooth=0.010  train_loss=0.2313  train_AUPR_all=0.7239  train_AUPR_ab=0.7890  train_AUPR_ag=0.6295  train_P@5_ab=1.0000  train_P@5_ag=0.9500  val_loss=0.3311  val_AUPR_all=0.6012  val_AUPR_ab=0.7447  val_AUPR_ag=0.3987  val_P@5_ab=1.0000  val_P@5_ag=0.9500  select=0.5717
Ep029  LR0=1.46e-04  pw=1.43  aucα=0.300  token_p=0.020  dropE=(0.020,0.080)  smooth=0.010  train_loss=0.2257  train_AUPR_all=0.7278  train_AUPR_ab=0.7868  train_AUPR_ag=0.6431  train_P@5_ab=1.0000  train_P@5_ag=0.9500  val_loss=0.3228  val_AUPR_all=0.6068  val_AUPR_ab=0.7426  val_AUPR_ag=0.4081  val_P@5_ab=0.9500  val_P@5_ag=0.9500  select=0.5753
Ep030  LR0=1.42e-04  pw=1.39  aucα=0.300  token_p=0.020  dropE=(0.020,0.080)  smooth=0.010  train_loss=0.2212  train_AUPR_all=0.7344  train_AUPR_ab=0.7933  train_AUPR_ag=0.6500  train_P@5_ab=1.0000  train_P@5_ag=0.9500  val_loss=0.3132  val_AUPR_all=0.6133  val_AUPR_ab=0.7474  val_AUPR_ag=0.4093  val_P@5_ab=0.9000  val_P@5_ag=0.9500  select=0.5783
Ep031  LR0=1.38e-04  pw=1.35  aucα=0.300  token_p=0.020  dropE=(0.020,0.080)  smooth=0.010  train_loss=0.2124  train_AUPR_all=0.7446  train_AUPR_ab=0.7966  train_AUPR_ag=0.6712  train_P@5_ab=0.9500  train_P@5_ag=0.9500  val_loss=0.3199  val_AUPR_all=0.6072  val_AUPR_ab=0.7499  val_AUPR_ag=0.3907  val_P@5_ab=1.0000  val_P@5_ag=0.9500  select=0.5703
Ep032  LR0=1.35e-04  pw=1.32  aucα=0.300  token_p=0.020  dropE=(0.020,0.080)  smooth=0.010  train_loss=0.2042  train_AUPR_all=0.7558  train_AUPR_ab=0.8058  train_AUPR_ag=0.6854  train_P@5_ab=1.0000  train_P@5_ag=0.9000  val_loss=0.3314  val_AUPR_all=0.6030  val_AUPR_ab=0.7442  val_AUPR_ag=0.3934  val_P@5_ab=0.9500  val_P@5_ag=0.9500  select=0.5688
Ep033  LR0=1.31e-04  pw=1.29  aucα=0.300  token_p=0.020  dropE=(0.020,0.080)  smooth=0.010  train_loss=0.1994  train_AUPR_all=0.7616  train_AUPR_ab=0.8117  train_AUPR_ag=0.6906  train_P@5_ab=1.0000  train_P@5_ag=0.8000  val_loss=0.3206  val_AUPR_all=0.6058  val_AUPR_ab=0.7422  val_AUPR_ag=0.4201  val_P@5_ab=0.9500  val_P@5_ag=0.9500  select=0.5812
  Saved checkpoint: checkpoints_old/iPara_balanced_l1_g8_i4_do0.10_dpr0.10_lr0.0002_heads16_fold2.pth  select=0.5812  val_ab=0.7422  val_ag=0.4201  val_all=0.6058
Ep034  LR0=1.27e-04  pw=1.26  aucα=0.300  token_p=0.020  dropE=(0.020,0.080)  smooth=0.010  train_loss=0.1945  train_AUPR_all=0.7695  train_AUPR_ab=0.8114  train_AUPR_ag=0.7115  train_P@5_ab=1.0000  train_P@5_ag=1.0000  val_loss=0.3147  val_AUPR_all=0.6011  val_AUPR_ab=0.7535  val_AUPR_ag=0.3936  val_P@5_ab=0.9500  val_P@5_ag=0.9000  select=0.5736
Ep035  LR0=1.24e-04  pw=1.23  aucα=0.300  token_p=0.020  dropE=(0.020,0.080)  smooth=0.010  train_loss=0.1898  train_AUPR_all=0.7757  train_AUPR_ab=0.8174  train_AUPR_ag=0.7173  train_P@5_ab=0.9500  train_P@5_ag=1.0000  val_loss=0.3213  val_AUPR_all=0.6003  val_AUPR_ab=0.7500  val_AUPR_ag=0.4082  val_P@5_ab=0.9000  val_P@5_ag=0.8500  select=0.5791
Ep036  LR0=1.20e-04  pw=1.21  aucα=0.300  token_p=0.020  dropE=(0.020,0.080)  smooth=0.010  train_loss=0.1836  train_AUPR_all=0.7852  train_AUPR_ab=0.8219  train_AUPR_ag=0.7347  train_P@5_ab=1.0000  train_P@5_ag=1.0000  val_loss=0.3167  val_AUPR_all=0.6118  val_AUPR_ab=0.7554  val_AUPR_ag=0.4154  val_P@5_ab=0.9500  val_P@5_ag=0.9000  select=0.5854
  Saved checkpoint: checkpoints_old/iPara_balanced_l1_g8_i4_do0.10_dpr0.10_lr0.0002_heads16_fold2.pth  select=0.5854  val_ab=0.7554  val_ag=0.4154  val_all=0.6118
Ep037  LR0=1.16e-04  pw=1.19  aucα=0.300  token_p=0.020  dropE=(0.020,0.080)  smooth=0.010  train_loss=0.1811  train_AUPR_all=0.7895  train_AUPR_ab=0.8273  train_AUPR_ag=0.7374  train_P@5_ab=1.0000  train_P@5_ag=1.0000  val_loss=0.3154  val_AUPR_all=0.6021  val_AUPR_ab=0.7519  val_AUPR_ag=0.3912  val_P@5_ab=0.9500  val_P@5_ag=0.9000  select=0.5715
Ep038  LR0=1.12e-04  pw=1.17  aucα=0.300  token_p=0.020  dropE=(0.020,0.080)  smooth=0.010  train_loss=0.1740  train_AUPR_all=0.8009  train_AUPR_ab=0.8345  train_AUPR_ag=0.7548  train_P@5_ab=1.0000  train_P@5_ag=1.0000  val_loss=0.3323  val_AUPR_all=0.5915  val_AUPR_ab=0.7454  val_AUPR_ag=0.3834  val_P@5_ab=1.0000  val_P@5_ag=0.7000  select=0.5644
Ep039  LR0=1.08e-04  pw=1.16  aucα=0.300  token_p=0.020  dropE=(0.020,0.080)  smooth=0.010  train_loss=0.1703  train_AUPR_all=0.8061  train_AUPR_ab=0.8417  train_AUPR_ag=0.7571  train_P@5_ab=0.9500  train_P@5_ag=1.0000  val_loss=0.3211  val_AUPR_all=0.5959  val_AUPR_ab=0.7500  val_AUPR_ag=0.4076  val_P@5_ab=0.9000  val_P@5_ag=0.8500  select=0.5788
Ep040  LR0=1.04e-04  pw=1.14  aucα=0.300  token_p=0.020  dropE=(0.020,0.080)  smooth=0.010  train_loss=0.1647  train_AUPR_all=0.8138  train_AUPR_ab=0.8450  train_AUPR_ag=0.7712  train_P@5_ab=0.9500  train_P@5_ag=1.0000  val_loss=0.3113  val_AUPR_all=0.6051  val_AUPR_ab=0.7522  val_AUPR_ag=0.3946  val_P@5_ab=1.0000  val_P@5_ag=1.0000  select=0.5734
Ep041  LR0=1.00e-04  pw=1.13  aucα=0.300  token_p=0.020  dropE=(0.020,0.080)  smooth=0.010  train_loss=0.1588  train_AUPR_all=0.8218  train_AUPR_ab=0.8495  train_AUPR_ag=0.7845  train_P@5_ab=1.0000  train_P@5_ag=1.0000  val_loss=0.3167  val_AUPR_all=0.6039  val_AUPR_ab=0.7488  val_AUPR_ag=0.3983  val_P@5_ab=0.9500  val_P@5_ag=1.0000  select=0.5735
Ep042  LR0=9.63e-05  pw=1.12  aucα=0.300  token_p=0.020  dropE=(0.020,0.080)  smooth=0.010  train_loss=0.1547  train_AUPR_all=0.8299  train_AUPR_ab=0.8579  train_AUPR_ag=0.7919  train_P@5_ab=1.0000  train_P@5_ag=1.0000  val_loss=0.3293  val_AUPR_all=0.5954  val_AUPR_ab=0.7437  val_AUPR_ag=0.3851  val_P@5_ab=1.0000  val_P@5_ag=0.7000  select=0.5644
Ep043  LR0=9.24e-05  pw=1.10  aucα=0.300  token_p=0.020  dropE=(0.020,0.080)  smooth=0.010  train_loss=0.1520  train_AUPR_all=0.8339  train_AUPR_ab=0.8629  train_AUPR_ag=0.7939  train_P@5_ab=1.0000  train_P@5_ag=1.0000  val_loss=0.3162  val_AUPR_all=0.5921  val_AUPR_ab=0.7439  val_AUPR_ag=0.3876  val_P@5_ab=1.0000  val_P@5_ag=1.0000  select=0.5657
Ep044  LR0=8.85e-05  pw=1.09  aucα=0.300  token_p=0.020  dropE=(0.020,0.080)  smooth=0.010  train_loss=0.1524  train_AUPR_all=0.8327  train_AUPR_ab=0.8598  train_AUPR_ag=0.7958  train_P@5_ab=1.0000  train_P@5_ag=1.0000  val_loss=0.3169  val_AUPR_all=0.5938  val_AUPR_ab=0.7462  val_AUPR_ag=0.3977  val_P@5_ab=1.0000  val_P@5_ag=0.9500  select=0.5719
Ep045  LR0=8.46e-05  pw=1.09  aucα=0.300  token_p=0.020  dropE=(0.020,0.080)  smooth=0.010  train_loss=0.1484  train_AUPR_all=0.8396  train_AUPR_ab=0.8640  train_AUPR_ag=0.8065  train_P@5_ab=0.9500  train_P@5_ag=1.0000  val_loss=0.3257  val_AUPR_all=0.5882  val_AUPR_ab=0.7504  val_AUPR_ag=0.3787  val_P@5_ab=0.9000  val_P@5_ag=1.0000  select=0.5646
Ep046  LR0=8.08e-05  pw=1.08  aucα=0.300  token_p=0.020  dropE=(0.020,0.080)  smooth=0.010  train_loss=0.1446  train_AUPR_all=0.8459  train_AUPR_ab=0.8694  train_AUPR_ag=0.8142  train_P@5_ab=1.0000  train_P@5_ag=1.0000  val_loss=0.3250  val_AUPR_all=0.5817  val_AUPR_ab=0.7395  val_AUPR_ag=0.3747  val_P@5_ab=0.9500  val_P@5_ag=0.3500  select=0.5571
Ep047  LR0=7.70e-05  pw=1.07  aucα=0.300  token_p=0.020  dropE=(0.020,0.080)  smooth=0.010  train_loss=0.1441  train_AUPR_all=0.8447  train_AUPR_ab=0.8684  train_AUPR_ag=0.8128  train_P@5_ab=1.0000  train_P@5_ag=0.9000  val_loss=0.3170  val_AUPR_all=0.5956  val_AUPR_ab=0.7439  val_AUPR_ag=0.3968  val_P@5_ab=0.9500  val_P@5_ag=0.5500  select=0.5704
Ep048  LR0=7.32e-05  pw=1.06  aucα=0.300  token_p=0.020  dropE=(0.020,0.080)  smooth=0.010  train_loss=0.1383  train_AUPR_all=0.8557  train_AUPR_ab=0.8816  train_AUPR_ag=0.8200  train_P@5_ab=1.0000  train_P@5_ag=1.0000  val_loss=0.3222  val_AUPR_all=0.6040  val_AUPR_ab=0.7534  val_AUPR_ag=0.3976  val_P@5_ab=1.0000  val_P@5_ag=0.9500  select=0.5755
Ep049  LR0=6.94e-05  pw=1.06  aucα=0.300  token_p=0.020  dropE=(0.020,0.080)  smooth=0.010  train_loss=0.1362  train_AUPR_all=0.8582  train_AUPR_ab=0.8835  train_AUPR_ag=0.8234  train_P@5_ab=1.0000  train_P@5_ag=1.0000  val_loss=0.3182  val_AUPR_all=0.5913  val_AUPR_ab=0.7473  val_AUPR_ag=0.3902  val_P@5_ab=1.0000  val_P@5_ag=0.6500  select=0.5688
Ep050  LR0=6.57e-05  pw=1.05  aucα=0.300  token_p=0.020  dropE=(0.020,0.080)  smooth=0.010  train_loss=0.1341  train_AUPR_all=0.8620  train_AUPR_ab=0.8857  train_AUPR_ag=0.8295  train_P@5_ab=1.0000  train_P@5_ag=1.0000  val_loss=0.3326  val_AUPR_all=0.5742  val_AUPR_ab=0.7396  val_AUPR_ag=0.3693  val_P@5_ab=0.8500  val_P@5_ag=0.8000  select=0.5544
Ep051  LR0=6.21e-05  pw=1.05  aucα=0.300  token_p=0.020  dropE=(0.020,0.080)  smooth=0.010  train_loss=0.1295  train_AUPR_all=0.8687  train_AUPR_ab=0.8906  train_AUPR_ag=0.8387  train_P@5_ab=1.0000  train_P@5_ag=1.0000  val_loss=0.3274  val_AUPR_all=0.5921  val_AUPR_ab=0.7443  val_AUPR_ag=0.3895  val_P@5_ab=0.9000  val_P@5_ag=0.6500  select=0.5669
Ep052  LR0=5.85e-05  pw=1.04  aucα=0.300  token_p=0.020  dropE=(0.020,0.080)  smooth=0.010  train_loss=0.1258  train_AUPR_all=0.8762  train_AUPR_ab=0.8971  train_AUPR_ag=0.8479  train_P@5_ab=1.0000  train_P@5_ag=1.0000  val_loss=0.3304  val_AUPR_all=0.5879  val_AUPR_ab=0.7399  val_AUPR_ag=0.3700  val_P@5_ab=0.9500  val_P@5_ag=0.4000  select=0.5549
Ep053  LR0=5.50e-05  pw=1.04  aucα=0.300  token_p=0.020  dropE=(0.020,0.080)  smooth=0.010  train_loss=0.1238  train_AUPR_all=0.8770  train_AUPR_ab=0.8985  train_AUPR_ag=0.8476  train_P@5_ab=1.0000  train_P@5_ag=1.0000  val_loss=0.3336  val_AUPR_all=0.5789  val_AUPR_ab=0.7431  val_AUPR_ag=0.3717  val_P@5_ab=0.8500  val_P@5_ag=0.5000  select=0.5574
Ep054  LR0=5.15e-05  pw=1.03  aucα=0.300  token_p=0.020  dropE=(0.020,0.080)  smooth=0.010  train_loss=0.1218  train_AUPR_all=0.8813  train_AUPR_ab=0.9035  train_AUPR_ag=0.8507  train_P@5_ab=1.0000  train_P@5_ag=1.0000  val_loss=0.3332  val_AUPR_all=0.5909  val_AUPR_ab=0.7419  val_AUPR_ag=0.3841  val_P@5_ab=0.8500  val_P@5_ag=0.4500  select=0.5630
Ep055  LR0=4.81e-05  pw=1.03  aucα=0.300  token_p=0.020  dropE=(0.020,0.080)  smooth=0.010  train_loss=0.1228  train_AUPR_all=0.8796  train_AUPR_ab=0.8992  train_AUPR_ag=0.8529  train_P@5_ab=1.0000  train_P@5_ag=1.0000  val_loss=0.3339  val_AUPR_all=0.5817  val_AUPR_ab=0.7396  val_AUPR_ag=0.3816  val_P@5_ab=0.7500  val_P@5_ag=0.5000  select=0.5606
Ep056  LR0=4.48e-05  pw=1.03  aucα=0.300  token_p=0.020  dropE=(0.020,0.080)  smooth=0.010  train_loss=0.1227  train_AUPR_all=0.8786  train_AUPR_ab=0.8987  train_AUPR_ag=0.8511  train_P@5_ab=1.0000  train_P@5_ag=1.0000  val_loss=0.3355  val_AUPR_all=0.5903  val_AUPR_ab=0.7423  val_AUPR_ag=0.3870  val_P@5_ab=0.8000  val_P@5_ag=0.5500  select=0.5646
Early stopping at epoch 56. Best select=0.5854 at epoch 36.
Final saved checkpoint for fold 2: checkpoints_old/iPara_balanced_l1_g8_i4_do0.10_dpr0.10_lr0.0002_heads16_fold2.pth
Best select=0.5854 at epoch 36

==========================================================================================
Fold 3/5
==========================================================================================
Train labels: valid=401949, pos=26660, neg=375289, ignore=695651, pos_frac=0.06633
Val labels: valid=98243, pos=6570, neg=91673, ignore=176957, pos_frac=0.06687
Initializing ClassificationModel with 8 GAT layers and residual connections...
Initializing MCModel with 8 GAT layers and 4 row attention layers (drop_path_rate=0.1)
Initializing CoreModel with 1 layers, drop_path_rate=0.1
Ep001  LR0=2.00e-04  pw=8.00  aucα=0.000  token_p=0.020  dropE=(0.020,0.080)  smooth=0.010  train_loss=0.8248  train_AUPR_all=0.1887  train_AUPR_ab=0.2186  train_AUPR_ag=0.1493  train_P@5_ab=0.6000  train_P@5_ag=0.4500  val_loss=0.7792  val_AUPR_all=0.4005  val_AUPR_ab=0.4343  val_AUPR_ag=0.3333  val_P@5_ab=0.4000  val_P@5_ag=1.0000  select=0.3838
  Saved checkpoint: checkpoints_old/iPara_balanced_l1_g8_i4_do0.10_dpr0.10_lr0.0002_heads16_fold3.pth  select=0.3838  val_ab=0.4343  val_ag=0.3333  val_all=0.4005
Ep002  LR0=2.00e-04  pw=7.33  aucα=0.000  token_p=0.020  dropE=(0.020,0.080)  smooth=0.010  train_loss=0.5455  train_AUPR_all=0.3784  train_AUPR_ab=0.4531  train_AUPR_ag=0.2606  train_P@5_ab=0.6500  train_P@5_ag=1.0000  val_loss=0.6798  val_AUPR_all=0.4792  val_AUPR_ab=0.5442  val_AUPR_ag=0.3436  val_P@5_ab=0.7500  val_P@5_ag=0.9500  select=0.4439
  Saved checkpoint: checkpoints_old/iPara_balanced_l1_g8_i4_do0.10_dpr0.10_lr0.0002_heads16_fold3.pth  select=0.4439  val_ab=0.5442  val_ag=0.3436  val_all=0.4792
Ep003  LR0=2.00e-04  pw=6.73  aucα=0.000  token_p=0.020  dropE=(0.020,0.080)  smooth=0.010  train_loss=0.4827  train_AUPR_all=0.4311  train_AUPR_ab=0.5105  train_AUPR_ag=0.2920  train_P@5_ab=0.7000  train_P@5_ag=0.7500  val_loss=0.6518  val_AUPR_all=0.4846  val_AUPR_ab=0.5978  val_AUPR_ag=0.3540  val_P@5_ab=0.8000  val_P@5_ag=0.9500  select=0.4759
  Saved checkpoint: checkpoints_old/iPara_balanced_l1_g8_i4_do0.10_dpr0.10_lr0.0002_heads16_fold3.pth  select=0.4759  val_ab=0.5978  val_ag=0.3540  val_all=0.4846
Ep004  LR0=1.99e-04  pw=6.19  aucα=0.000  token_p=0.020  dropE=(0.020,0.080)  smooth=0.010  train_loss=0.4416  train_AUPR_all=0.4724  train_AUPR_ab=0.5539  train_AUPR_ag=0.3265  train_P@5_ab=0.8500  train_P@5_ag=1.0000  val_loss=0.6103  val_AUPR_all=0.5219  val_AUPR_ab=0.6162  val_AUPR_ag=0.3562  val_P@5_ab=0.8000  val_P@5_ag=0.9500  select=0.4862
  Saved checkpoint: checkpoints_old/iPara_balanced_l1_g8_i4_do0.10_dpr0.10_lr0.0002_heads16_fold3.pth  select=0.4862  val_ab=0.6162  val_ag=0.3562  val_all=0.5219
Ep005  LR0=1.99e-04  pw=5.69  aucα=0.000  token_p=0.020  dropE=(0.020,0.080)  smooth=0.010  train_loss=0.4159  train_AUPR_all=0.4846  train_AUPR_ab=0.5795  train_AUPR_ag=0.3209  train_P@5_ab=0.9000  train_P@5_ag=0.8500  val_loss=0.5586  val_AUPR_all=0.5350  val_AUPR_ab=0.6468  val_AUPR_ag=0.3665  val_P@5_ab=0.9000  val_P@5_ag=0.8500  select=0.5066
  Saved checkpoint: checkpoints_old/iPara_balanced_l1_g8_i4_do0.10_dpr0.10_lr0.0002_heads16_fold3.pth  select=0.5066  val_ab=0.6468  val_ag=0.3665  val_all=0.5350
Ep006  LR0=1.98e-04  pw=5.25  aucα=0.000  token_p=0.020  dropE=(0.020,0.080)  smooth=0.010  train_loss=0.3831  train_AUPR_all=0.5039  train_AUPR_ab=0.5937  train_AUPR_ag=0.3440  train_P@5_ab=0.5500  train_P@5_ag=0.9000  val_loss=0.5581  val_AUPR_all=0.5196  val_AUPR_ab=0.6442  val_AUPR_ag=0.3449  val_P@5_ab=0.8000  val_P@5_ag=0.8000  select=0.4945
Ep007  LR0=1.97e-04  pw=4.84  aucα=0.000  token_p=0.020  dropE=(0.020,0.080)  smooth=0.010  train_loss=0.3625  train_AUPR_all=0.5239  train_AUPR_ab=0.6110  train_AUPR_ag=0.3642  train_P@5_ab=0.9000  train_P@5_ag=0.9000  val_loss=0.5152  val_AUPR_all=0.5638  val_AUPR_ab=0.6755  val_AUPR_ag=0.3869  val_P@5_ab=1.0000  val_P@5_ag=0.8500  select=0.5312
  Saved checkpoint: checkpoints_old/iPara_balanced_l1_g8_i4_do0.10_dpr0.10_lr0.0002_heads16_fold3.pth  select=0.5312  val_ab=0.6755  val_ag=0.3869  val_all=0.5638
Ep008  LR0=1.96e-04  pw=4.48  aucα=0.000  token_p=0.020  dropE=(0.020,0.080)  smooth=0.010  train_loss=0.3444  train_AUPR_all=0.5258  train_AUPR_ab=0.6193  train_AUPR_ag=0.3625  train_P@5_ab=0.9500  train_P@5_ag=0.9000  val_loss=0.5029  val_AUPR_all=0.5457  val_AUPR_ab=0.6772  val_AUPR_ag=0.3703  val_P@5_ab=0.9500  val_P@5_ag=0.9500  select=0.5238
Ep009  LR0=1.95e-04  pw=4.15  aucα=0.000  token_p=0.020  dropE=(0.020,0.080)  smooth=0.010  train_loss=0.3246  train_AUPR_all=0.5436  train_AUPR_ab=0.6354  train_AUPR_ag=0.3774  train_P@5_ab=0.9000  train_P@5_ag=0.9500  val_loss=0.4847  val_AUPR_all=0.5543  val_AUPR_ab=0.6792  val_AUPR_ag=0.3888  val_P@5_ab=1.0000  val_P@5_ag=0.9500  select=0.5340
  Saved checkpoint: checkpoints_old/iPara_balanced_l1_g8_i4_do0.10_dpr0.10_lr0.0002_heads16_fold3.pth  select=0.5340  val_ab=0.6792  val_ag=0.3888  val_all=0.5543
Ep010  LR0=1.94e-04  pw=3.85  aucα=0.030  token_p=0.020  dropE=(0.020,0.080)  smooth=0.010  train_loss=0.3244  train_AUPR_all=0.5475  train_AUPR_ab=0.6440  train_AUPR_ag=0.3849  train_P@5_ab=0.7000  train_P@5_ag=0.8000  val_loss=0.4587  val_AUPR_all=0.5719  val_AUPR_ab=0.6956  val_AUPR_ag=0.3750  val_P@5_ab=1.0000  val_P@5_ag=1.0000  select=0.5353
  Saved checkpoint: checkpoints_old/iPara_balanced_l1_g8_i4_do0.10_dpr0.10_lr0.0002_heads16_fold3.pth  select=0.5353  val_ab=0.6956  val_ag=0.3750  val_all=0.5719
Unfreezing DyM parameters.
Ep011  LR0=1.92e-04  pw=3.58  aucα=0.060  token_p=0.020  dropE=(0.020,0.080)  smooth=0.010  train_loss=0.3195  train_AUPR_all=0.5657  train_AUPR_ab=0.6618  train_AUPR_ag=0.4026  train_P@5_ab=0.9000  train_P@5_ag=1.0000  val_loss=0.4380  val_AUPR_all=0.5782  val_AUPR_ab=0.7027  val_AUPR_ag=0.3870  val_P@5_ab=0.9500  val_P@5_ag=0.9000  select=0.5449
  Saved checkpoint: checkpoints_old/iPara_balanced_l1_g8_i4_do0.10_dpr0.10_lr0.0002_heads16_fold3.pth  select=0.5449  val_ab=0.7027  val_ag=0.3870  val_all=0.5782
Ep012  LR0=1.91e-04  pw=3.33  aucα=0.090  token_p=0.020  dropE=(0.020,0.080)  smooth=0.010  train_loss=0.3201  train_AUPR_all=0.5775  train_AUPR_ab=0.6830  train_AUPR_ag=0.4035  train_P@5_ab=0.8500  train_P@5_ag=1.0000  val_loss=0.4294  val_AUPR_all=0.5889  val_AUPR_ab=0.7054  val_AUPR_ag=0.3975  val_P@5_ab=0.9000  val_P@5_ag=0.9500  select=0.5514
  Saved checkpoint: checkpoints_old/iPara_balanced_l1_g8_i4_do0.10_dpr0.10_lr0.0002_heads16_fold3.pth  select=0.5514  val_ab=0.7054  val_ag=0.3975  val_all=0.5889
Ep013  LR0=1.89e-04  pw=3.11  aucα=0.120  token_p=0.020  dropE=(0.020,0.080)  smooth=0.010  train_loss=0.3185  train_AUPR_all=0.5840  train_AUPR_ab=0.6877  train_AUPR_ag=0.4144  train_P@5_ab=1.0000  train_P@5_ag=0.9500  val_loss=0.4435  val_AUPR_all=0.5701  val_AUPR_ab=0.6952  val_AUPR_ag=0.3924  val_P@5_ab=0.9500  val_P@5_ag=0.8500  select=0.5438
Ep014  LR0=1.87e-04  pw=2.91  aucα=0.150  token_p=0.020  dropE=(0.020,0.080)  smooth=0.010  train_loss=0.3174  train_AUPR_all=0.5935  train_AUPR_ab=0.6946  train_AUPR_ag=0.4258  train_P@5_ab=0.9500  train_P@5_ag=0.9500  val_loss=0.3916  val_AUPR_all=0.5974  val_AUPR_ab=0.7251  val_AUPR_ag=0.4067  val_P@5_ab=1.0000  val_P@5_ag=0.9000  select=0.5659
  Saved checkpoint: checkpoints_old/iPara_balanced_l1_g8_i4_do0.10_dpr0.10_lr0.0002_heads16_fold3.pth  select=0.5659  val_ab=0.7251  val_ag=0.4067  val_all=0.5974
Ep015  LR0=1.85e-04  pw=2.73  aucα=0.180  token_p=0.020  dropE=(0.020,0.080)  smooth=0.010  train_loss=0.3161  train_AUPR_all=0.6067  train_AUPR_ab=0.7099  train_AUPR_ag=0.4382  train_P@5_ab=0.8500  train_P@5_ag=0.9500  val_loss=0.3807  val_AUPR_all=0.6025  val_AUPR_ab=0.7304  val_AUPR_ag=0.4019  val_P@5_ab=1.0000  val_P@5_ag=1.0000  select=0.5661
  Saved checkpoint: checkpoints_old/iPara_balanced_l1_g8_i4_do0.10_dpr0.10_lr0.0002_heads16_fold3.pth  select=0.5661  val_ab=0.7304  val_ag=0.4019  val_all=0.6025
Ep016  LR0=1.83e-04  pw=2.56  aucα=0.210  token_p=0.020  dropE=(0.020,0.080)  smooth=0.010  train_loss=0.3175  train_AUPR_all=0.6127  train_AUPR_ab=0.7161  train_AUPR_ag=0.4471  train_P@5_ab=1.0000  train_P@5_ag=0.9000  val_loss=0.3753  val_AUPR_all=0.6103  val_AUPR_ab=0.7397  val_AUPR_ag=0.3985  val_P@5_ab=1.0000  val_P@5_ag=0.9500  select=0.5691
  Saved checkpoint: checkpoints_old/iPara_balanced_l1_g8_i4_do0.10_dpr0.10_lr0.0002_heads16_fold3.pth  select=0.5691  val_ab=0.7397  val_ag=0.3985  val_all=0.6103
Ep017  LR0=1.81e-04  pw=2.41  aucα=0.240  token_p=0.020  dropE=(0.020,0.080)  smooth=0.010  train_loss=0.3162  train_AUPR_all=0.6193  train_AUPR_ab=0.7159  train_AUPR_ag=0.4654  train_P@5_ab=1.0000  train_P@5_ag=0.9500  val_loss=0.3670  val_AUPR_all=0.6037  val_AUPR_ab=0.7304  val_AUPR_ag=0.4020  val_P@5_ab=0.9500  val_P@5_ag=0.8000  select=0.5662
Ep018  LR0=1.79e-04  pw=2.28  aucα=0.270  token_p=0.020  dropE=(0.020,0.080)  smooth=0.010  train_loss=0.3168  train_AUPR_all=0.6329  train_AUPR_ab=0.7312  train_AUPR_ag=0.4775  train_P@5_ab=1.0000  train_P@5_ag=1.0000  val_loss=0.3562  val_AUPR_all=0.6109  val_AUPR_ab=0.7393  val_AUPR_ag=0.4056  val_P@5_ab=1.0000  val_P@5_ag=1.0000  select=0.5725
  Saved checkpoint: checkpoints_old/iPara_balanced_l1_g8_i4_do0.10_dpr0.10_lr0.0002_heads16_fold3.pth  select=0.5725  val_ab=0.7393  val_ag=0.4056  val_all=0.6109
Ep019  LR0=1.76e-04  pw=2.16  aucα=0.300  token_p=0.020  dropE=(0.020,0.080)  smooth=0.010  train_loss=0.3179  train_AUPR_all=0.6386  train_AUPR_ab=0.7372  train_AUPR_ag=0.4841  train_P@5_ab=1.0000  train_P@5_ag=0.8500  val_loss=0.3644  val_AUPR_all=0.6086  val_AUPR_ab=0.7459  val_AUPR_ag=0.3961  val_P@5_ab=1.0000  val_P@5_ag=0.8500  select=0.5710
Ep020  LR0=1.73e-04  pw=2.05  aucα=0.300  token_p=0.020  dropE=(0.020,0.080)  smooth=0.010  train_loss=0.3059  train_AUPR_all=0.6503  train_AUPR_ab=0.7431  train_AUPR_ag=0.5051  train_P@5_ab=0.9500  train_P@5_ag=1.0000  val_loss=0.3444  val_AUPR_all=0.6160  val_AUPR_ab=0.7529  val_AUPR_ag=0.4013  val_P@5_ab=1.0000  val_P@5_ag=1.0000  select=0.5771
  Saved checkpoint: checkpoints_old/iPara_balanced_l1_g8_i4_do0.10_dpr0.10_lr0.0002_heads16_fold3.pth  select=0.5771  val_ab=0.7529  val_ag=0.4013  val_all=0.6160
Ep021  LR0=1.71e-04  pw=1.95  aucα=0.300  token_p=0.020  dropE=(0.020,0.080)  smooth=0.010  train_loss=0.2957  train_AUPR_all=0.6514  train_AUPR_ab=0.7393  train_AUPR_ag=0.5158  train_P@5_ab=0.9500  train_P@5_ag=0.9500  val_loss=0.3425  val_AUPR_all=0.6055  val_AUPR_ab=0.7419  val_AUPR_ag=0.4037  val_P@5_ab=1.0000  val_P@5_ag=0.9000  select=0.5728
Ep022  LR0=1.68e-04  pw=1.86  aucα=0.300  token_p=0.020  dropE=(0.020,0.080)  smooth=0.010  train_loss=0.2849  train_AUPR_all=0.6670  train_AUPR_ab=0.7541  train_AUPR_ag=0.5330  train_P@5_ab=0.8500  train_P@5_ag=0.9500  val_loss=0.3336  val_AUPR_all=0.6134  val_AUPR_ab=0.7505  val_AUPR_ag=0.4020  val_P@5_ab=1.0000  val_P@5_ag=1.0000  select=0.5762
Ep023  LR0=1.65e-04  pw=1.78  aucα=0.300  token_p=0.020  dropE=(0.020,0.080)  smooth=0.010  train_loss=0.2750  train_AUPR_all=0.6760  train_AUPR_ab=0.7594  train_AUPR_ag=0.5481  train_P@5_ab=1.0000  train_P@5_ag=0.8500  val_loss=0.3297  val_AUPR_all=0.6091  val_AUPR_ab=0.7443  val_AUPR_ag=0.3955  val_P@5_ab=1.0000  val_P@5_ag=0.9500  select=0.5699
Ep024  LR0=1.62e-04  pw=1.70  aucα=0.300  token_p=0.020  dropE=(0.020,0.080)  smooth=0.010  train_loss=0.2652  train_AUPR_all=0.6853  train_AUPR_ab=0.7679  train_AUPR_ag=0.5590  train_P@5_ab=1.0000  train_P@5_ag=1.0000  val_loss=0.3168  val_AUPR_all=0.6185  val_AUPR_ab=0.7551  val_AUPR_ag=0.3980  val_P@5_ab=1.0000  val_P@5_ag=1.0000  select=0.5765
Ep025  LR0=1.59e-04  pw=1.64  aucα=0.300  token_p=0.020  dropE=(0.020,0.080)  smooth=0.010  train_loss=0.2552  train_AUPR_all=0.6979  train_AUPR_ab=0.7766  train_AUPR_ag=0.5798  train_P@5_ab=1.0000  train_P@5_ag=0.8500  val_loss=0.3374  val_AUPR_all=0.6069  val_AUPR_ab=0.7534  val_AUPR_ag=0.3939  val_P@5_ab=1.0000  val_P@5_ag=0.9500  select=0.5737
Ep026  LR0=1.56e-04  pw=1.57  aucα=0.300  token_p=0.020  dropE=(0.020,0.080)  smooth=0.010  train_loss=0.2471  train_AUPR_all=0.7024  train_AUPR_ab=0.7731  train_AUPR_ag=0.5970  train_P@5_ab=1.0000  train_P@5_ag=1.0000  val_loss=0.3094  val_AUPR_all=0.6155  val_AUPR_ab=0.7536  val_AUPR_ag=0.3993  val_P@5_ab=1.0000  val_P@5_ag=1.0000  select=0.5765
Ep027  LR0=1.52e-04  pw=1.52  aucα=0.300  token_p=0.020  dropE=(0.020,0.080)  smooth=0.010  train_loss=0.2399  train_AUPR_all=0.7118  train_AUPR_ab=0.7807  train_AUPR_ag=0.6112  train_P@5_ab=1.0000  train_P@5_ag=0.9500  val_loss=0.3197  val_AUPR_all=0.6044  val_AUPR_ab=0.7608  val_AUPR_ag=0.3844  val_P@5_ab=1.0000  val_P@5_ag=0.9500  select=0.5726
Ep028  LR0=1.49e-04  pw=1.47  aucα=0.300  token_p=0.020  dropE=(0.020,0.080)  smooth=0.010  train_loss=0.2285  train_AUPR_all=0.7277  train_AUPR_ab=0.7922  train_AUPR_ag=0.6335  train_P@5_ab=0.9500  train_P@5_ag=1.0000  val_loss=0.3291  val_AUPR_all=0.6030  val_AUPR_ab=0.7555  val_AUPR_ag=0.3930  val_P@5_ab=1.0000  val_P@5_ag=0.9500  select=0.5742
Ep029  LR0=1.46e-04  pw=1.43  aucα=0.300  token_p=0.020  dropE=(0.020,0.080)  smooth=0.010  train_loss=0.2225  train_AUPR_all=0.7338  train_AUPR_ab=0.7970  train_AUPR_ag=0.6417  train_P@5_ab=1.0000  train_P@5_ag=0.9000  val_loss=0.3087  val_AUPR_all=0.6186  val_AUPR_ab=0.7637  val_AUPR_ag=0.4003  val_P@5_ab=1.0000  val_P@5_ag=0.9500  select=0.5820
  Saved checkpoint: checkpoints_old/iPara_balanced_l1_g8_i4_do0.10_dpr0.10_lr0.0002_heads16_fold3.pth  select=0.5820  val_ab=0.7637  val_ag=0.4003  val_all=0.6186
Ep030  LR0=1.42e-04  pw=1.39  aucα=0.300  token_p=0.020  dropE=(0.020,0.080)  smooth=0.010  train_loss=0.2150  train_AUPR_all=0.7437  train_AUPR_ab=0.8012  train_AUPR_ag=0.6603  train_P@5_ab=0.9000  train_P@5_ag=0.9500  val_loss=0.3217  val_AUPR_all=0.5995  val_AUPR_ab=0.7551  val_AUPR_ag=0.3901  val_P@5_ab=1.0000  val_P@5_ag=0.8500  select=0.5726
Ep031  LR0=1.38e-04  pw=1.35  aucα=0.300  token_p=0.020  dropE=(0.020,0.080)  smooth=0.010  train_loss=0.2097  train_AUPR_all=0.7496  train_AUPR_ab=0.8060  train_AUPR_ag=0.6681  train_P@5_ab=1.0000  train_P@5_ag=1.0000  val_loss=0.3100  val_AUPR_all=0.6049  val_AUPR_ab=0.7452  val_AUPR_ag=0.4026  val_P@5_ab=1.0000  val_P@5_ag=0.9500  select=0.5739
Ep032  LR0=1.35e-04  pw=1.32  aucα=0.300  token_p=0.020  dropE=(0.020,0.080)  smooth=0.010  train_loss=0.1999  train_AUPR_all=0.7640  train_AUPR_ab=0.8140  train_AUPR_ag=0.6932  train_P@5_ab=1.0000  train_P@5_ag=0.9500  val_loss=0.3145  val_AUPR_all=0.6098  val_AUPR_ab=0.7536  val_AUPR_ag=0.3980  val_P@5_ab=1.0000  val_P@5_ag=1.0000  select=0.5758
Ep033  LR0=1.31e-04  pw=1.29  aucα=0.300  token_p=0.020  dropE=(0.020,0.080)  smooth=0.010  train_loss=0.1982  train_AUPR_all=0.7658  train_AUPR_ab=0.8145  train_AUPR_ag=0.6969  train_P@5_ab=1.0000  train_P@5_ag=0.9500  val_loss=0.3086  val_AUPR_all=0.6016  val_AUPR_ab=0.7640  val_AUPR_ag=0.3857  val_P@5_ab=1.0000  val_P@5_ag=0.9500  select=0.5748
Ep034  LR0=1.27e-04  pw=1.26  aucα=0.300  token_p=0.020  dropE=(0.020,0.080)  smooth=0.010  train_loss=0.1912  train_AUPR_all=0.7748  train_AUPR_ab=0.8188  train_AUPR_ag=0.7132  train_P@5_ab=1.0000  train_P@5_ag=0.9500  val_loss=0.3117  val_AUPR_all=0.6083  val_AUPR_ab=0.7567  val_AUPR_ag=0.3946  val_P@5_ab=0.9500  val_P@5_ag=1.0000  select=0.5757
Ep035  LR0=1.24e-04  pw=1.23  aucα=0.300  token_p=0.020  dropE=(0.020,0.080)  smooth=0.010  train_loss=0.1845  train_AUPR_all=0.7857  train_AUPR_ab=0.8311  train_AUPR_ag=0.7210  train_P@5_ab=1.0000  train_P@5_ag=1.0000  val_loss=0.3177  val_AUPR_all=0.5992  val_AUPR_ab=0.7528  val_AUPR_ag=0.3933  val_P@5_ab=0.9500  val_P@5_ag=0.9500  select=0.5730
Ep036  LR0=1.20e-04  pw=1.21  aucα=0.300  token_p=0.020  dropE=(0.020,0.080)  smooth=0.010  train_loss=0.1768  train_AUPR_all=0.7967  train_AUPR_ab=0.8344  train_AUPR_ag=0.7438  train_P@5_ab=1.0000  train_P@5_ag=0.9500  val_loss=0.3200  val_AUPR_all=0.5886  val_AUPR_ab=0.7577  val_AUPR_ag=0.3694  val_P@5_ab=1.0000  val_P@5_ag=0.8500  select=0.5635
Ep037  LR0=1.16e-04  pw=1.19  aucα=0.300  token_p=0.020  dropE=(0.020,0.080)  smooth=0.010  train_loss=0.1766  train_AUPR_all=0.7965  train_AUPR_ab=0.8332  train_AUPR_ag=0.7458  train_P@5_ab=1.0000  train_P@5_ag=0.9500  val_loss=0.3231  val_AUPR_all=0.5910  val_AUPR_ab=0.7572  val_AUPR_ag=0.3786  val_P@5_ab=0.9000  val_P@5_ag=0.7000  select=0.5679
Ep038  LR0=1.12e-04  pw=1.17  aucα=0.300  token_p=0.020  dropE=(0.020,0.080)  smooth=0.010  train_loss=0.1704  train_AUPR_all=0.8056  train_AUPR_ab=0.8433  train_AUPR_ag=0.7525  train_P@5_ab=1.0000  train_P@5_ag=1.0000  val_loss=0.3213  val_AUPR_all=0.5973  val_AUPR_ab=0.7626  val_AUPR_ag=0.3813  val_P@5_ab=1.0000  val_P@5_ag=0.7000  select=0.5719
Ep039  LR0=1.08e-04  pw=1.16  aucα=0.300  token_p=0.020  dropE=(0.020,0.080)  smooth=0.010  train_loss=0.1649  train_AUPR_all=0.8133  train_AUPR_ab=0.8515  train_AUPR_ag=0.7591  train_P@5_ab=1.0000  train_P@5_ag=0.9500  val_loss=0.3170  val_AUPR_all=0.5855  val_AUPR_ab=0.7563  val_AUPR_ag=0.3688  val_P@5_ab=1.0000  val_P@5_ag=0.8000  select=0.5626
Ep040  LR0=1.04e-04  pw=1.14  aucα=0.300  token_p=0.020  dropE=(0.020,0.080)  smooth=0.010  train_loss=0.1617  train_AUPR_all=0.8188  train_AUPR_ab=0.8543  train_AUPR_ag=0.7691  train_P@5_ab=0.9500  train_P@5_ag=0.9500  val_loss=0.3111  val_AUPR_all=0.6009  val_AUPR_ab=0.7640  val_AUPR_ag=0.3784  val_P@5_ab=1.0000  val_P@5_ag=0.9500  select=0.5712
Ep041  LR0=1.00e-04  pw=1.13  aucα=0.300  token_p=0.020  dropE=(0.020,0.080)  smooth=0.010  train_loss=0.1607  train_AUPR_all=0.8191  train_AUPR_ab=0.8528  train_AUPR_ag=0.7723  train_P@5_ab=1.0000  train_P@5_ag=0.9500  val_loss=0.3159  val_AUPR_all=0.5772  val_AUPR_ab=0.7595  val_AUPR_ag=0.3545  val_P@5_ab=0.9500  val_P@5_ag=0.3500  select=0.5570
Ep042  LR0=9.63e-05  pw=1.12  aucα=0.300  token_p=0.020  dropE=(0.020,0.080)  smooth=0.010  train_loss=0.1499  train_AUPR_all=0.8372  train_AUPR_ab=0.8683  train_AUPR_ag=0.7936  train_P@5_ab=1.0000  train_P@5_ag=1.0000  val_loss=0.3270  val_AUPR_all=0.5700  val_AUPR_ab=0.7547  val_AUPR_ag=0.3368  val_P@5_ab=1.0000  val_P@5_ag=0.3000  select=0.5457
Ep043  LR0=9.24e-05  pw=1.10  aucα=0.300  token_p=0.020  dropE=(0.020,0.080)  smooth=0.010  train_loss=0.1500  train_AUPR_all=0.8362  train_AUPR_ab=0.8669  train_AUPR_ag=0.7932  train_P@5_ab=1.0000  train_P@5_ag=0.9500  val_loss=0.3242  val_AUPR_all=0.5862  val_AUPR_ab=0.7642  val_AUPR_ag=0.3686  val_P@5_ab=0.9500  val_P@5_ag=0.7000  select=0.5664
Ep044  LR0=8.85e-05  pw=1.09  aucα=0.300  token_p=0.020  dropE=(0.020,0.080)  smooth=0.010  train_loss=0.1475  train_AUPR_all=0.8403  train_AUPR_ab=0.8687  train_AUPR_ag=0.8010  train_P@5_ab=1.0000  train_P@5_ag=1.0000  val_loss=0.3260  val_AUPR_all=0.5916  val_AUPR_ab=0.7630  val_AUPR_ag=0.3603  val_P@5_ab=0.9000  val_P@5_ag=0.5500  select=0.5617
Ep045  LR0=8.46e-05  pw=1.09  aucα=0.300  token_p=0.020  dropE=(0.020,0.080)  smooth=0.010  train_loss=0.1413  train_AUPR_all=0.8514  train_AUPR_ab=0.8805  train_AUPR_ag=0.8103  train_P@5_ab=0.9500  train_P@5_ag=1.0000  val_loss=0.3163  val_AUPR_all=0.5903  val_AUPR_ab=0.7633  val_AUPR_ag=0.3547  val_P@5_ab=1.0000  val_P@5_ag=0.6000  select=0.5590
Ep046  LR0=8.08e-05  pw=1.08  aucα=0.300  token_p=0.020  dropE=(0.020,0.080)  smooth=0.010  train_loss=0.1408  train_AUPR_all=0.8517  train_AUPR_ab=0.8803  train_AUPR_ag=0.8117  train_P@5_ab=0.9500  train_P@5_ag=1.0000  val_loss=0.3244  val_AUPR_all=0.5800  val_AUPR_ab=0.7567  val_AUPR_ag=0.3567  val_P@5_ab=0.9500  val_P@5_ag=0.6000  select=0.5567
Ep047  LR0=7.70e-05  pw=1.07  aucα=0.300  token_p=0.020  dropE=(0.020,0.080)  smooth=0.010  train_loss=0.1370  train_AUPR_all=0.8574  train_AUPR_ab=0.8856  train_AUPR_ag=0.8177  train_P@5_ab=1.0000  train_P@5_ag=1.0000  val_loss=0.3272  val_AUPR_all=0.5773  val_AUPR_ab=0.7535  val_AUPR_ag=0.3547  val_P@5_ab=0.9500  val_P@5_ag=0.4000  select=0.5541
Ep048  LR0=7.32e-05  pw=1.06  aucα=0.300  token_p=0.020  dropE=(0.020,0.080)  smooth=0.010  train_loss=0.1368  train_AUPR_all=0.8581  train_AUPR_ab=0.8869  train_AUPR_ag=0.8176  train_P@5_ab=1.0000  train_P@5_ag=1.0000  val_loss=0.3252  val_AUPR_all=0.5871  val_AUPR_ab=0.7584  val_AUPR_ag=0.3575  val_P@5_ab=1.0000  val_P@5_ag=0.4000  select=0.5579
Ep049  LR0=6.94e-05  pw=1.06  aucα=0.300  token_p=0.020  dropE=(0.020,0.080)  smooth=0.010  train_loss=0.1327  train_AUPR_all=0.8649  train_AUPR_ab=0.8923  train_AUPR_ag=0.8264  train_P@5_ab=1.0000  train_P@5_ag=1.0000  val_loss=0.3233  val_AUPR_all=0.5792  val_AUPR_ab=0.7580  val_AUPR_ag=0.3572  val_P@5_ab=0.8500  val_P@5_ag=0.5500  select=0.5576
Early stopping at epoch 49. Best select=0.5820 at epoch 29.
Final saved checkpoint for fold 3: checkpoints_old/iPara_balanced_l1_g8_i4_do0.10_dpr0.10_lr0.0002_heads16_fold3.pth
Best select=0.5820 at epoch 29

==========================================================================================
Fold 4/5
==========================================================================================
Train labels: valid=398858, pos=26560, neg=372298, ignore=700342, pos_frac=0.06659
Val labels: valid=101334, pos=6670, neg=94664, ignore=172266, pos_frac=0.06582
Initializing ClassificationModel with 8 GAT layers and residual connections...
Initializing MCModel with 8 GAT layers and 4 row attention layers (drop_path_rate=0.1)
Initializing CoreModel with 1 layers, drop_path_rate=0.1
Ep001  LR0=2.00e-04  pw=8.00  aucα=0.000  token_p=0.020  dropE=(0.020,0.080)  smooth=0.010  train_loss=0.7912  train_AUPR_all=0.1958  train_AUPR_ab=0.2174  train_AUPR_ag=0.1690  train_P@5_ab=0.6000  train_P@5_ag=0.4000  val_loss=0.8780  val_AUPR_all=0.4107  val_AUPR_ab=0.4711  val_AUPR_ag=0.2931  val_P@5_ab=0.6000  val_P@5_ag=0.7000  select=0.3821
  Saved checkpoint: checkpoints_old/iPara_balanced_l1_g8_i4_do0.10_dpr0.10_lr0.0002_heads16_fold4.pth  select=0.3821  val_ab=0.4711  val_ag=0.2931  val_all=0.4107
Ep002  LR0=2.00e-04  pw=7.33  aucα=0.000  token_p=0.020  dropE=(0.020,0.080)  smooth=0.010  train_loss=0.5249  train_AUPR_all=0.3981  train_AUPR_ab=0.4728  train_AUPR_ag=0.2690  train_P@5_ab=0.6500  train_P@5_ag=0.7500  val_loss=0.7118  val_AUPR_all=0.4623  val_AUPR_ab=0.5577  val_AUPR_ag=0.3164  val_P@5_ab=0.8000  val_P@5_ag=0.9000  select=0.4370
  Saved checkpoint: checkpoints_old/iPara_balanced_l1_g8_i4_do0.10_dpr0.10_lr0.0002_heads16_fold4.pth  select=0.4370  val_ab=0.5577  val_ag=0.3164  val_all=0.4623
Ep003  LR0=2.00e-04  pw=6.73  aucα=0.000  token_p=0.020  dropE=(0.020,0.080)  smooth=0.010  train_loss=0.4755  train_AUPR_all=0.4431  train_AUPR_ab=0.5169  train_AUPR_ag=0.3035  train_P@5_ab=0.7000  train_P@5_ag=0.8000  val_loss=0.6560  val_AUPR_all=0.4862  val_AUPR_ab=0.5813  val_AUPR_ag=0.3239  val_P@5_ab=0.7000  val_P@5_ag=0.9000  select=0.4526
  Saved checkpoint: checkpoints_old/iPara_balanced_l1_g8_i4_do0.10_dpr0.10_lr0.0002_heads16_fold4.pth  select=0.4526  val_ab=0.5813  val_ag=0.3239  val_all=0.4862
Ep004  LR0=1.99e-04  pw=6.19  aucα=0.000  token_p=0.020  dropE=(0.020,0.080)  smooth=0.010  train_loss=0.4333  train_AUPR_all=0.4774  train_AUPR_ab=0.5603  train_AUPR_ag=0.3283  train_P@5_ab=0.7500  train_P@5_ag=0.9000  val_loss=0.6080  val_AUPR_all=0.5170  val_AUPR_ab=0.6211  val_AUPR_ag=0.3283  val_P@5_ab=0.8500  val_P@5_ag=0.9500  select=0.4747
  Saved checkpoint: checkpoints_old/iPara_balanced_l1_g8_i4_do0.10_dpr0.10_lr0.0002_heads16_fold4.pth  select=0.4747  val_ab=0.6211  val_ag=0.3283  val_all=0.5170
Ep005  LR0=1.99e-04  pw=5.69  aucα=0.000  token_p=0.020  dropE=(0.020,0.080)  smooth=0.010  train_loss=0.4040  train_AUPR_all=0.4998  train_AUPR_ab=0.5843  train_AUPR_ag=0.3350  train_P@5_ab=0.5000  train_P@5_ag=0.8500  val_loss=0.5861  val_AUPR_all=0.5162  val_AUPR_ab=0.6268  val_AUPR_ag=0.3257  val_P@5_ab=0.7500  val_P@5_ag=0.8500  select=0.4763
  Saved checkpoint: checkpoints_old/iPara_balanced_l1_g8_i4_do0.10_dpr0.10_lr0.0002_heads16_fold4.pth  select=0.4763  val_ab=0.6268  val_ag=0.3257  val_all=0.5162
Ep006  LR0=1.98e-04  pw=5.25  aucα=0.000  token_p=0.020  dropE=(0.020,0.080)  smooth=0.010  train_loss=0.3805  train_AUPR_all=0.5164  train_AUPR_ab=0.6092  train_AUPR_ag=0.3445  train_P@5_ab=1.0000  train_P@5_ag=0.9000  val_loss=0.5492  val_AUPR_all=0.5320  val_AUPR_ab=0.6566  val_AUPR_ag=0.3281  val_P@5_ab=1.0000  val_P@5_ag=0.8000  select=0.4924
  Saved checkpoint: checkpoints_old/iPara_balanced_l1_g8_i4_do0.10_dpr0.10_lr0.0002_heads16_fold4.pth  select=0.4924  val_ab=0.6566  val_ag=0.3281  val_all=0.5320
Ep007  LR0=1.97e-04  pw=4.84  aucα=0.000  token_p=0.020  dropE=(0.020,0.080)  smooth=0.010  train_loss=0.3558  train_AUPR_all=0.5264  train_AUPR_ab=0.6149  train_AUPR_ag=0.3637  train_P@5_ab=0.3500  train_P@5_ag=0.8500  val_loss=0.5174  val_AUPR_all=0.5476  val_AUPR_ab=0.6603  val_AUPR_ag=0.3572  val_P@5_ab=0.8500  val_P@5_ag=0.9500  select=0.5087
  Saved checkpoint: checkpoints_old/iPara_balanced_l1_g8_i4_do0.10_dpr0.10_lr0.0002_heads16_fold4.pth  select=0.5087  val_ab=0.6603  val_ag=0.3572  val_all=0.5476
Ep008  LR0=1.96e-04  pw=4.48  aucα=0.000  token_p=0.020  dropE=(0.020,0.080)  smooth=0.010  train_loss=0.3364  train_AUPR_all=0.5391  train_AUPR_ab=0.6329  train_AUPR_ag=0.3723  train_P@5_ab=0.9000  train_P@5_ag=0.9000  val_loss=0.5235  val_AUPR_all=0.5540  val_AUPR_ab=0.6909  val_AUPR_ag=0.3511  val_P@5_ab=1.0000  val_P@5_ag=0.7000  select=0.5210
  Saved checkpoint: checkpoints_old/iPara_balanced_l1_g8_i4_do0.10_dpr0.10_lr0.0002_heads16_fold4.pth  select=0.5210  val_ab=0.6909  val_ag=0.3511  val_all=0.5540
Ep009  LR0=1.95e-04  pw=4.15  aucα=0.000  token_p=0.020  dropE=(0.020,0.080)  smooth=0.010  train_loss=0.3230  train_AUPR_all=0.5380  train_AUPR_ab=0.6341  train_AUPR_ag=0.3705  train_P@5_ab=0.8000  train_P@5_ag=0.8500  val_loss=0.5057  val_AUPR_all=0.5455  val_AUPR_ab=0.6753  val_AUPR_ag=0.3336  val_P@5_ab=0.9500  val_P@5_ag=0.9000  select=0.5045
Ep010  LR0=1.94e-04  pw=3.85  aucα=0.030  token_p=0.020  dropE=(0.020,0.080)  smooth=0.010  train_loss=0.3219  train_AUPR_all=0.5495  train_AUPR_ab=0.6460  train_AUPR_ag=0.3774  train_P@5_ab=0.9500  train_P@5_ag=0.9500  val_loss=0.4745  val_AUPR_all=0.5466  val_AUPR_ab=0.6770  val_AUPR_ag=0.3332  val_P@5_ab=0.8500  val_P@5_ag=0.9000  select=0.5051
Unfreezing DyM parameters.
Ep011  LR0=1.92e-04  pw=3.58  aucα=0.060  token_p=0.020  dropE=(0.020,0.080)  smooth=0.010  train_loss=0.3194  train_AUPR_all=0.5633  train_AUPR_ab=0.6596  train_AUPR_ag=0.3925  train_P@5_ab=0.9500  train_P@5_ag=0.7500  val_loss=0.4669  val_AUPR_all=0.5633  val_AUPR_ab=0.7112  val_AUPR_ag=0.3506  val_P@5_ab=0.9500  val_P@5_ag=1.0000  select=0.5309
  Saved checkpoint: checkpoints_old/iPara_balanced_l1_g8_i4_do0.10_dpr0.10_lr0.0002_heads16_fold4.pth  select=0.5309  val_ab=0.7112  val_ag=0.3506  val_all=0.5633
Ep012  LR0=1.91e-04  pw=3.33  aucα=0.090  token_p=0.020  dropE=(0.020,0.080)  smooth=0.010  train_loss=0.3165  train_AUPR_all=0.5778  train_AUPR_ab=0.6785  train_AUPR_ag=0.4042  train_P@5_ab=0.9500  train_P@5_ag=0.8500  val_loss=0.4275  val_AUPR_all=0.5874  val_AUPR_ab=0.7199  val_AUPR_ag=0.3638  val_P@5_ab=1.0000  val_P@5_ag=1.0000  select=0.5419
  Saved checkpoint: checkpoints_old/iPara_balanced_l1_g8_i4_do0.10_dpr0.10_lr0.0002_heads16_fold4.pth  select=0.5419  val_ab=0.7199  val_ag=0.3638  val_all=0.5874
Ep013  LR0=1.89e-04  pw=3.11  aucα=0.120  token_p=0.020  dropE=(0.020,0.080)  smooth=0.010  train_loss=0.3171  train_AUPR_all=0.5867  train_AUPR_ab=0.6919  train_AUPR_ag=0.4083  train_P@5_ab=0.9000  train_P@5_ag=0.9000  val_loss=0.4271  val_AUPR_all=0.5811  val_AUPR_ab=0.7184  val_AUPR_ag=0.3686  val_P@5_ab=1.0000  val_P@5_ag=0.8500  select=0.5435
  Saved checkpoint: checkpoints_old/iPara_balanced_l1_g8_i4_do0.10_dpr0.10_lr0.0002_heads16_fold4.pth  select=0.5435  val_ab=0.7184  val_ag=0.3686  val_all=0.5811
Ep014  LR0=1.87e-04  pw=2.91  aucα=0.150  token_p=0.020  dropE=(0.020,0.080)  smooth=0.010  train_loss=0.3162  train_AUPR_all=0.5869  train_AUPR_ab=0.6969  train_AUPR_ag=0.4103  train_P@5_ab=0.8500  train_P@5_ag=0.8000  val_loss=0.4042  val_AUPR_all=0.5857  val_AUPR_ab=0.7159  val_AUPR_ag=0.3680  val_P@5_ab=1.0000  val_P@5_ag=0.8000  select=0.5420
Ep015  LR0=1.85e-04  pw=2.73  aucα=0.180  token_p=0.020  dropE=(0.020,0.080)  smooth=0.010  train_loss=0.3159  train_AUPR_all=0.6021  train_AUPR_ab=0.7068  train_AUPR_ag=0.4285  train_P@5_ab=1.0000  train_P@5_ag=0.9500  val_loss=0.4024  val_AUPR_all=0.5852  val_AUPR_ab=0.7275  val_AUPR_ag=0.3605  val_P@5_ab=0.9500  val_P@5_ag=0.8500  select=0.5440
  Saved checkpoint: checkpoints_old/iPara_balanced_l1_g8_i4_do0.10_dpr0.10_lr0.0002_heads16_fold4.pth  select=0.5440  val_ab=0.7275  val_ag=0.3605  val_all=0.5852
Ep016  LR0=1.83e-04  pw=2.56  aucα=0.210  token_p=0.020  dropE=(0.020,0.080)  smooth=0.010  train_loss=0.3178  train_AUPR_all=0.6073  train_AUPR_ab=0.7095  train_AUPR_ag=0.4369  train_P@5_ab=0.9500  train_P@5_ag=0.9000  val_loss=0.3885  val_AUPR_all=0.5943  val_AUPR_ab=0.7423  val_AUPR_ag=0.3710  val_P@5_ab=1.0000  val_P@5_ag=0.8000  select=0.5567
  Saved checkpoint: checkpoints_old/iPara_balanced_l1_g8_i4_do0.10_dpr0.10_lr0.0002_heads16_fold4.pth  select=0.5567  val_ab=0.7423  val_ag=0.3710  val_all=0.5943
Ep017  LR0=1.81e-04  pw=2.41  aucα=0.240  token_p=0.020  dropE=(0.020,0.080)  smooth=0.010  train_loss=0.3178  train_AUPR_all=0.6182  train_AUPR_ab=0.7277  train_AUPR_ag=0.4418  train_P@5_ab=0.9500  train_P@5_ag=0.8000  val_loss=0.3707  val_AUPR_all=0.5996  val_AUPR_ab=0.7370  val_AUPR_ag=0.3893  val_P@5_ab=1.0000  val_P@5_ag=1.0000  select=0.5632
  Saved checkpoint: checkpoints_old/iPara_balanced_l1_g8_i4_do0.10_dpr0.10_lr0.0002_heads16_fold4.pth  select=0.5632  val_ab=0.7370  val_ag=0.3893  val_all=0.5996
Ep018  LR0=1.79e-04  pw=2.28  aucα=0.270  token_p=0.020  dropE=(0.020,0.080)  smooth=0.010  train_loss=0.3203  train_AUPR_all=0.6197  train_AUPR_ab=0.7294  train_AUPR_ag=0.4452  train_P@5_ab=0.9500  train_P@5_ag=0.8500  val_loss=0.3661  val_AUPR_all=0.6007  val_AUPR_ab=0.7413  val_AUPR_ag=0.3787  val_P@5_ab=1.0000  val_P@5_ag=1.0000  select=0.5600
Ep019  LR0=1.76e-04  pw=2.16  aucα=0.300  token_p=0.020  dropE=(0.020,0.080)  smooth=0.010  train_loss=0.3202  train_AUPR_all=0.6322  train_AUPR_ab=0.7383  train_AUPR_ag=0.4665  train_P@5_ab=1.0000  train_P@5_ag=0.8000  val_loss=0.3640  val_AUPR_all=0.5870  val_AUPR_ab=0.7428  val_AUPR_ag=0.3747  val_P@5_ab=1.0000  val_P@5_ag=1.0000  select=0.5587
Ep020  LR0=1.73e-04  pw=2.05  aucα=0.300  token_p=0.020  dropE=(0.020,0.080)  smooth=0.010  train_loss=0.3073  train_AUPR_all=0.6459  train_AUPR_ab=0.7419  train_AUPR_ag=0.4951  train_P@5_ab=1.0000  train_P@5_ag=0.8500  val_loss=0.3569  val_AUPR_all=0.5971  val_AUPR_ab=0.7496  val_AUPR_ag=0.3798  val_P@5_ab=0.9500  val_P@5_ag=1.0000  select=0.5647
  Saved checkpoint: checkpoints_old/iPara_balanced_l1_g8_i4_do0.10_dpr0.10_lr0.0002_heads16_fold4.pth  select=0.5647  val_ab=0.7496  val_ag=0.3798  val_all=0.5971
Ep021  LR0=1.71e-04  pw=1.95  aucα=0.300  token_p=0.020  dropE=(0.020,0.080)  smooth=0.010  train_loss=0.2984  train_AUPR_all=0.6534  train_AUPR_ab=0.7508  train_AUPR_ag=0.4993  train_P@5_ab=1.0000  train_P@5_ag=1.0000  val_loss=0.3457  val_AUPR_all=0.6003  val_AUPR_ab=0.7405  val_AUPR_ag=0.3756  val_P@5_ab=1.0000  val_P@5_ag=1.0000  select=0.5581
Ep022  LR0=1.68e-04  pw=1.86  aucα=0.300  token_p=0.020  dropE=(0.020,0.080)  smooth=0.010  train_loss=0.2847  train_AUPR_all=0.6654  train_AUPR_ab=0.7563  train_AUPR_ag=0.5226  train_P@5_ab=1.0000  train_P@5_ag=0.9000  val_loss=0.3529  val_AUPR_all=0.5973  val_AUPR_ab=0.7495  val_AUPR_ag=0.3728  val_P@5_ab=1.0000  val_P@5_ag=0.9500  select=0.5611
Ep023  LR0=1.65e-04  pw=1.78  aucα=0.300  token_p=0.020  dropE=(0.020,0.080)  smooth=0.010  train_loss=0.2755  train_AUPR_all=0.6715  train_AUPR_ab=0.7583  train_AUPR_ag=0.5365  train_P@5_ab=0.9500  train_P@5_ag=0.9500  val_loss=0.3355  val_AUPR_all=0.6021  val_AUPR_ab=0.7466  val_AUPR_ag=0.3806  val_P@5_ab=0.9500  val_P@5_ag=1.0000  select=0.5636
Ep024  LR0=1.62e-04  pw=1.70  aucα=0.300  token_p=0.020  dropE=(0.020,0.080)  smooth=0.010  train_loss=0.2644  train_AUPR_all=0.6855  train_AUPR_ab=0.7679  train_AUPR_ag=0.5587  train_P@5_ab=1.0000  train_P@5_ag=1.0000  val_loss=0.3369  val_AUPR_all=0.5984  val_AUPR_ab=0.7579  val_AUPR_ag=0.3599  val_P@5_ab=1.0000  val_P@5_ag=1.0000  select=0.5589
Ep025  LR0=1.59e-04  pw=1.64  aucα=0.300  token_p=0.020  dropE=(0.020,0.080)  smooth=0.010  train_loss=0.2546  train_AUPR_all=0.6978  train_AUPR_ab=0.7788  train_AUPR_ag=0.5738  train_P@5_ab=1.0000  train_P@5_ag=0.8500  val_loss=0.3341  val_AUPR_all=0.5952  val_AUPR_ab=0.7650  val_AUPR_ag=0.3570  val_P@5_ab=0.9500  val_P@5_ag=1.0000  select=0.5610
Ep026  LR0=1.56e-04  pw=1.57  aucα=0.300  token_p=0.020  dropE=(0.020,0.080)  smooth=0.010  train_loss=0.2486  train_AUPR_all=0.7030  train_AUPR_ab=0.7812  train_AUPR_ag=0.5837  train_P@5_ab=1.0000  train_P@5_ag=0.9000  val_loss=0.3442  val_AUPR_all=0.5978  val_AUPR_ab=0.7666  val_AUPR_ag=0.3645  val_P@5_ab=0.9500  val_P@5_ag=1.0000  select=0.5655
  Saved checkpoint: checkpoints_old/iPara_balanced_l1_g8_i4_do0.10_dpr0.10_lr0.0002_heads16_fold4.pth  select=0.5655  val_ab=0.7666  val_ag=0.3645  val_all=0.5978
Ep027  LR0=1.52e-04  pw=1.52  aucα=0.300  token_p=0.020  dropE=(0.020,0.080)  smooth=0.010  train_loss=0.2391  train_AUPR_all=0.7134  train_AUPR_ab=0.7864  train_AUPR_ag=0.6036  train_P@5_ab=1.0000  train_P@5_ag=0.9500  val_loss=0.3432  val_AUPR_all=0.6039  val_AUPR_ab=0.7667  val_AUPR_ag=0.3653  val_P@5_ab=1.0000  val_P@5_ag=0.9000  select=0.5660
  Saved checkpoint: checkpoints_old/iPara_balanced_l1_g8_i4_do0.10_dpr0.10_lr0.0002_heads16_fold4.pth  select=0.5660  val_ab=0.7667  val_ag=0.3653  val_all=0.6039
Ep028  LR0=1.49e-04  pw=1.47  aucα=0.300  token_p=0.020  dropE=(0.020,0.080)  smooth=0.010  train_loss=0.2311  train_AUPR_all=0.7222  train_AUPR_ab=0.7901  train_AUPR_ag=0.6204  train_P@5_ab=1.0000  train_P@5_ag=0.8500  val_loss=0.3235  val_AUPR_all=0.6081  val_AUPR_ab=0.7706  val_AUPR_ag=0.3765  val_P@5_ab=1.0000  val_P@5_ag=0.8000  select=0.5735
  Saved checkpoint: checkpoints_old/iPara_balanced_l1_g8_i4_do0.10_dpr0.10_lr0.0002_heads16_fold4.pth  select=0.5735  val_ab=0.7706  val_ag=0.3765  val_all=0.6081
Ep029  LR0=1.46e-04  pw=1.43  aucα=0.300  token_p=0.020  dropE=(0.020,0.080)  smooth=0.010  train_loss=0.2268  train_AUPR_all=0.7283  train_AUPR_ab=0.7959  train_AUPR_ag=0.6273  train_P@5_ab=0.9500  train_P@5_ag=0.8500  val_loss=0.3231  val_AUPR_all=0.5989  val_AUPR_ab=0.7578  val_AUPR_ag=0.3742  val_P@5_ab=0.9500  val_P@5_ag=0.6500  select=0.5660
Ep030  LR0=1.42e-04  pw=1.39  aucα=0.300  token_p=0.020  dropE=(0.020,0.080)  smooth=0.010  train_loss=0.2185  train_AUPR_all=0.7354  train_AUPR_ab=0.7971  train_AUPR_ag=0.6438  train_P@5_ab=0.9500  train_P@5_ag=0.9000  val_loss=0.3200  val_AUPR_all=0.6079  val_AUPR_ab=0.7601  val_AUPR_ag=0.3907  val_P@5_ab=0.9500  val_P@5_ag=0.9000  select=0.5754
  Saved checkpoint: checkpoints_old/iPara_balanced_l1_g8_i4_do0.10_dpr0.10_lr0.0002_heads16_fold4.pth  select=0.5754  val_ab=0.7601  val_ag=0.3907  val_all=0.6079
Ep031  LR0=1.38e-04  pw=1.35  aucα=0.300  token_p=0.020  dropE=(0.020,0.080)  smooth=0.010  train_loss=0.2117  train_AUPR_all=0.7453  train_AUPR_ab=0.8052  train_AUPR_ag=0.6565  train_P@5_ab=1.0000  train_P@5_ag=0.9000  val_loss=0.3393  val_AUPR_all=0.5914  val_AUPR_ab=0.7711  val_AUPR_ag=0.3473  val_P@5_ab=1.0000  val_P@5_ag=0.5500  select=0.5592
Ep032  LR0=1.35e-04  pw=1.32  aucα=0.300  token_p=0.020  dropE=(0.020,0.080)  smooth=0.010  train_loss=0.2038  train_AUPR_all=0.7577  train_AUPR_ab=0.8171  train_AUPR_ag=0.6704  train_P@5_ab=1.0000  train_P@5_ag=0.9500  val_loss=0.3343  val_AUPR_all=0.5951  val_AUPR_ab=0.7518  val_AUPR_ag=0.3722  val_P@5_ab=0.9500  val_P@5_ag=0.6500  select=0.5620
Ep033  LR0=1.31e-04  pw=1.29  aucα=0.300  token_p=0.020  dropE=(0.020,0.080)  smooth=0.010  train_loss=0.1998  train_AUPR_all=0.7630  train_AUPR_ab=0.8188  train_AUPR_ag=0.6807  train_P@5_ab=1.0000  train_P@5_ag=0.8500  val_loss=0.3173  val_AUPR_all=0.6105  val_AUPR_ab=0.7784  val_AUPR_ag=0.3906  val_P@5_ab=1.0000  val_P@5_ag=0.6500  select=0.5845
  Saved checkpoint: checkpoints_old/iPara_balanced_l1_g8_i4_do0.10_dpr0.10_lr0.0002_heads16_fold4.pth  select=0.5845  val_ab=0.7784  val_ag=0.3906  val_all=0.6105
Ep034  LR0=1.27e-04  pw=1.26  aucα=0.300  token_p=0.020  dropE=(0.020,0.080)  smooth=0.010  train_loss=0.1949  train_AUPR_all=0.7708  train_AUPR_ab=0.8218  train_AUPR_ag=0.6969  train_P@5_ab=1.0000  train_P@5_ag=0.9500  val_loss=0.3229  val_AUPR_all=0.5945  val_AUPR_ab=0.7609  val_AUPR_ag=0.3823  val_P@5_ab=1.0000  val_P@5_ag=0.9500  select=0.5716
Ep035  LR0=1.24e-04  pw=1.23  aucα=0.300  token_p=0.020  dropE=(0.020,0.080)  smooth=0.010  train_loss=0.1923  train_AUPR_all=0.7725  train_AUPR_ab=0.8247  train_AUPR_ag=0.6961  train_P@5_ab=0.9500  train_P@5_ag=1.0000  val_loss=0.3232  val_AUPR_all=0.6018  val_AUPR_ab=0.7729  val_AUPR_ag=0.3622  val_P@5_ab=1.0000  val_P@5_ag=0.9000  select=0.5676
Ep036  LR0=1.20e-04  pw=1.21  aucα=0.300  token_p=0.020  dropE=(0.020,0.080)  smooth=0.010  train_loss=0.1851  train_AUPR_all=0.7842  train_AUPR_ab=0.8335  train_AUPR_ag=0.7125  train_P@5_ab=1.0000  train_P@5_ag=1.0000  val_loss=0.3336  val_AUPR_all=0.6008  val_AUPR_ab=0.7652  val_AUPR_ag=0.3683  val_P@5_ab=1.0000  val_P@5_ag=0.8000  select=0.5667
Ep037  LR0=1.16e-04  pw=1.19  aucα=0.300  token_p=0.020  dropE=(0.020,0.080)  smooth=0.010  train_loss=0.1801  train_AUPR_all=0.7881  train_AUPR_ab=0.8319  train_AUPR_ag=0.7253  train_P@5_ab=1.0000  train_P@5_ag=0.9500  val_loss=0.3323  val_AUPR_all=0.5955  val_AUPR_ab=0.7712  val_AUPR_ag=0.3661  val_P@5_ab=1.0000  val_P@5_ag=0.5500  select=0.5687
Ep038  LR0=1.12e-04  pw=1.17  aucα=0.300  token_p=0.020  dropE=(0.020,0.080)  smooth=0.010  train_loss=0.1746  train_AUPR_all=0.7989  train_AUPR_ab=0.8436  train_AUPR_ag=0.7347  train_P@5_ab=0.9500  train_P@5_ag=0.9500  val_loss=0.3293  val_AUPR_all=0.5988  val_AUPR_ab=0.7688  val_AUPR_ag=0.3660  val_P@5_ab=0.9500  val_P@5_ag=0.8000  select=0.5674
Ep039  LR0=1.08e-04  pw=1.16  aucα=0.300  token_p=0.020  dropE=(0.020,0.080)  smooth=0.010  train_loss=0.1646  train_AUPR_all=0.8167  train_AUPR_ab=0.8582  train_AUPR_ag=0.7566  train_P@5_ab=0.9000  train_P@5_ag=1.0000  val_loss=0.3335  val_AUPR_all=0.5880  val_AUPR_ab=0.7689  val_AUPR_ag=0.3618  val_P@5_ab=1.0000  val_P@5_ag=0.9500  select=0.5654
Ep040  LR0=1.04e-04  pw=1.14  aucα=0.300  token_p=0.020  dropE=(0.020,0.080)  smooth=0.010  train_loss=0.1623  train_AUPR_all=0.8188  train_AUPR_ab=0.8591  train_AUPR_ag=0.7609  train_P@5_ab=1.0000  train_P@5_ag=1.0000  val_loss=0.3153  val_AUPR_all=0.6065  val_AUPR_ab=0.7808  val_AUPR_ag=0.3738  val_P@5_ab=1.0000  val_P@5_ag=0.7500  select=0.5773
Ep041  LR0=1.00e-04  pw=1.13  aucα=0.300  token_p=0.020  dropE=(0.020,0.080)  smooth=0.010  train_loss=0.1620  train_AUPR_all=0.8165  train_AUPR_ab=0.8560  train_AUPR_ag=0.7598  train_P@5_ab=1.0000  train_P@5_ag=0.9500  val_loss=0.3313  val_AUPR_all=0.5918  val_AUPR_ab=0.7646  val_AUPR_ag=0.3683  val_P@5_ab=0.9500  val_P@5_ag=0.8000  select=0.5665
Ep042  LR0=9.63e-05  pw=1.12  aucα=0.300  token_p=0.020  dropE=(0.020,0.080)  smooth=0.010  train_loss=0.1555  train_AUPR_all=0.8273  train_AUPR_ab=0.8664  train_AUPR_ag=0.7706  train_P@5_ab=1.0000  train_P@5_ag=1.0000  val_loss=0.3255  val_AUPR_all=0.5956  val_AUPR_ab=0.7645  val_AUPR_ag=0.3688  val_P@5_ab=1.0000  val_P@5_ag=0.7000  select=0.5667
Ep043  LR0=9.24e-05  pw=1.10  aucα=0.300  token_p=0.020  dropE=(0.020,0.080)  smooth=0.010  train_loss=0.1507  train_AUPR_all=0.8356  train_AUPR_ab=0.8739  train_AUPR_ag=0.7795  train_P@5_ab=1.0000  train_P@5_ag=1.0000  val_loss=0.3401  val_AUPR_all=0.5877  val_AUPR_ab=0.7687  val_AUPR_ag=0.3500  val_P@5_ab=0.8500  val_P@5_ag=0.3000  select=0.5594
Ep044  LR0=8.85e-05  pw=1.09  aucα=0.300  token_p=0.020  dropE=(0.020,0.080)  smooth=0.010  train_loss=0.1458  train_AUPR_all=0.8434  train_AUPR_ab=0.8776  train_AUPR_ag=0.7938  train_P@5_ab=0.9500  train_P@5_ag=1.0000  val_loss=0.3405  val_AUPR_all=0.5895  val_AUPR_ab=0.7558  val_AUPR_ag=0.3642  val_P@5_ab=0.7500  val_P@5_ag=0.8000  select=0.5600
Ep045  LR0=8.46e-05  pw=1.09  aucα=0.300  token_p=0.020  dropE=(0.020,0.080)  smooth=0.010  train_loss=0.1445  train_AUPR_all=0.8464  train_AUPR_ab=0.8787  train_AUPR_ag=0.8001  train_P@5_ab=1.0000  train_P@5_ag=1.0000  val_loss=0.3503  val_AUPR_all=0.5811  val_AUPR_ab=0.7580  val_AUPR_ag=0.3528  val_P@5_ab=0.8500  val_P@5_ag=0.7500  select=0.5554
Ep046  LR0=8.08e-05  pw=1.08  aucα=0.300  token_p=0.020  dropE=(0.020,0.080)  smooth=0.010  train_loss=0.1383  train_AUPR_all=0.8560  train_AUPR_ab=0.8874  train_AUPR_ag=0.8103  train_P@5_ab=0.9500  train_P@5_ag=1.0000  val_loss=0.3351  val_AUPR_all=0.5873  val_AUPR_ab=0.7591  val_AUPR_ag=0.3709  val_P@5_ab=0.9500  val_P@5_ag=0.6500  select=0.5650
Ep047  LR0=7.70e-05  pw=1.07  aucα=0.300  token_p=0.020  dropE=(0.020,0.080)  smooth=0.010  train_loss=0.1359  train_AUPR_all=0.8604  train_AUPR_ab=0.8910  train_AUPR_ag=0.8159  train_P@5_ab=1.0000  train_P@5_ag=1.0000  val_loss=0.3290  val_AUPR_all=0.5960  val_AUPR_ab=0.7759  val_AUPR_ag=0.3686  val_P@5_ab=1.0000  val_P@5_ag=0.7000  select=0.5722
Ep048  LR0=7.32e-05  pw=1.06  aucα=0.300  token_p=0.020  dropE=(0.020,0.080)  smooth=0.010  train_loss=0.1346  train_AUPR_all=0.8613  train_AUPR_ab=0.8938  train_AUPR_ag=0.8141  train_P@5_ab=1.0000  train_P@5_ag=0.9500  val_loss=0.3207  val_AUPR_all=0.5991  val_AUPR_ab=0.7559  val_AUPR_ag=0.3880  val_P@5_ab=1.0000  val_P@5_ag=0.8000  select=0.5719
Ep049  LR0=6.94e-05  pw=1.06  aucα=0.300  token_p=0.020  dropE=(0.020,0.080)  smooth=0.010  train_loss=0.1311  train_AUPR_all=0.8659  train_AUPR_ab=0.8963  train_AUPR_ag=0.8215  train_P@5_ab=1.0000  train_P@5_ag=1.0000  val_loss=0.3287  val_AUPR_all=0.5990  val_AUPR_ab=0.7708  val_AUPR_ag=0.3737  val_P@5_ab=1.0000  val_P@5_ag=0.9500  select=0.5723
Ep050  LR0=6.57e-05  pw=1.05  aucα=0.300  token_p=0.020  dropE=(0.020,0.080)  smooth=0.010  train_loss=0.1296  train_AUPR_all=0.8677  train_AUPR_ab=0.8991  train_AUPR_ag=0.8212  train_P@5_ab=0.9500  train_P@5_ag=1.0000  val_loss=0.3335  val_AUPR_all=0.5818  val_AUPR_ab=0.7634  val_AUPR_ag=0.3580  val_P@5_ab=1.0000  val_P@5_ag=0.3000  select=0.5607
Ep051  LR0=6.21e-05  pw=1.05  aucα=0.300  token_p=0.020  dropE=(0.020,0.080)  smooth=0.010  train_loss=0.1257  train_AUPR_all=0.8758  train_AUPR_ab=0.9037  train_AUPR_ag=0.8351  train_P@5_ab=1.0000  train_P@5_ag=1.0000  val_loss=0.3317  val_AUPR_all=0.5893  val_AUPR_ab=0.7628  val_AUPR_ag=0.3639  val_P@5_ab=0.9500  val_P@5_ag=0.5500  select=0.5633
Ep052  LR0=5.85e-05  pw=1.04  aucα=0.300  token_p=0.020  dropE=(0.020,0.080)  smooth=0.010  train_loss=0.1256  train_AUPR_all=0.8747  train_AUPR_ab=0.9041  train_AUPR_ag=0.8317  train_P@5_ab=1.0000  train_P@5_ag=0.9500  val_loss=0.3292  val_AUPR_all=0.6020  val_AUPR_ab=0.7636  val_AUPR_ag=0.3739  val_P@5_ab=0.9500  val_P@5_ag=0.5500  select=0.5688
Ep053  LR0=5.50e-05  pw=1.04  aucα=0.300  token_p=0.020  dropE=(0.020,0.080)  smooth=0.010  train_loss=0.1204  train_AUPR_all=0.8832  train_AUPR_ab=0.9116  train_AUPR_ag=0.8418  train_P@5_ab=1.0000  train_P@5_ag=1.0000  val_loss=0.3343  val_AUPR_all=0.5895  val_AUPR_ab=0.7685  val_AUPR_ag=0.3637  val_P@5_ab=0.9000  val_P@5_ag=0.6500  select=0.5661
Early stopping at epoch 53. Best select=0.5845 at epoch 33.
Final saved checkpoint for fold 4: checkpoints_old/iPara_balanced_l1_g8_i4_do0.10_dpr0.10_lr0.0002_heads16_fold4.pth
Best select=0.5845 at epoch 33

==========================================================================================
Fold 5/5
==========================================================================================
Train labels: valid=399660, pos=26617, neg=373043, ignore=699540, pos_frac=0.06660
Val labels: valid=100532, pos=6613, neg=93919, ignore=173068, pos_frac=0.06578
Initializing ClassificationModel with 8 GAT layers and residual connections...
Initializing MCModel with 8 GAT layers and 4 row attention layers (drop_path_rate=0.1)
Initializing CoreModel with 1 layers, drop_path_rate=0.1
Ep001  LR0=2.00e-04  pw=8.00  aucα=0.000  token_p=0.020  dropE=(0.020,0.080)  smooth=0.010  train_loss=0.8343  train_AUPR_all=0.1714  train_AUPR_ab=0.1815  train_AUPR_ag=0.1628  train_P@5_ab=0.1500  train_P@5_ag=0.2000  val_loss=0.9439  val_AUPR_all=0.3258  val_AUPR_ab=0.4160  val_AUPR_ag=0.1723  val_P@5_ab=0.7000  val_P@5_ag=0.3500  select=0.2941
  Saved checkpoint: checkpoints_old/iPara_balanced_l1_g8_i4_do0.10_dpr0.10_lr0.0002_heads16_fold5.pth  select=0.2941  val_ab=0.4160  val_ag=0.1723  val_all=0.3258
Ep002  LR0=2.00e-04  pw=7.33  aucα=0.000  token_p=0.020  dropE=(0.020,0.080)  smooth=0.010  train_loss=0.5566  train_AUPR_all=0.3725  train_AUPR_ab=0.4429  train_AUPR_ag=0.2598  train_P@5_ab=0.7500  train_P@5_ag=0.9500  val_loss=0.6832  val_AUPR_all=0.4441  val_AUPR_ab=0.5540  val_AUPR_ag=0.2577  val_P@5_ab=0.3000  val_P@5_ag=0.7500  select=0.4059
  Saved checkpoint: checkpoints_old/iPara_balanced_l1_g8_i4_do0.10_dpr0.10_lr0.0002_heads16_fold5.pth  select=0.4059  val_ab=0.5540  val_ag=0.2577  val_all=0.4441
Ep003  LR0=2.00e-04  pw=6.73  aucα=0.000  token_p=0.020  dropE=(0.020,0.080)  smooth=0.010  train_loss=0.4829  train_AUPR_all=0.4347  train_AUPR_ab=0.5087  train_AUPR_ag=0.2988  train_P@5_ab=0.8500  train_P@5_ag=0.8000  val_loss=0.6695  val_AUPR_all=0.4810  val_AUPR_ab=0.6026  val_AUPR_ag=0.3032  val_P@5_ab=0.9000  val_P@5_ag=0.7000  select=0.4529
  Saved checkpoint: checkpoints_old/iPara_balanced_l1_g8_i4_do0.10_dpr0.10_lr0.0002_heads16_fold5.pth  select=0.4529  val_ab=0.6026  val_ag=0.3032  val_all=0.4810
Ep004  LR0=1.99e-04  pw=6.19  aucα=0.000  token_p=0.020  dropE=(0.020,0.080)  smooth=0.010  train_loss=0.4408  train_AUPR_all=0.4751  train_AUPR_ab=0.5479  train_AUPR_ag=0.3261  train_P@5_ab=0.4500  train_P@5_ag=1.0000  val_loss=0.5973  val_AUPR_all=0.4866  val_AUPR_ab=0.6373  val_AUPR_ag=0.3103  val_P@5_ab=0.8500  val_P@5_ag=0.8500  select=0.4738
  Saved checkpoint: checkpoints_old/iPara_balanced_l1_g8_i4_do0.10_dpr0.10_lr0.0002_heads16_fold5.pth  select=0.4738  val_ab=0.6373  val_ag=0.3103  val_all=0.4866
Ep005  LR0=1.99e-04  pw=5.69  aucα=0.000  token_p=0.020  dropE=(0.020,0.080)  smooth=0.010  train_loss=0.4038  train_AUPR_all=0.4982  train_AUPR_ab=0.5783  train_AUPR_ag=0.3451  train_P@5_ab=0.6000  train_P@5_ag=0.6500  val_loss=0.5739  val_AUPR_all=0.5305  val_AUPR_ab=0.6581  val_AUPR_ag=0.3251  val_P@5_ab=0.6500  val_P@5_ag=0.9500  select=0.4916
  Saved checkpoint: checkpoints_old/iPara_balanced_l1_g8_i4_do0.10_dpr0.10_lr0.0002_heads16_fold5.pth  select=0.4916  val_ab=0.6581  val_ag=0.3251  val_all=0.5305
Ep006  LR0=1.98e-04  pw=5.25  aucα=0.000  token_p=0.020  dropE=(0.020,0.080)  smooth=0.010  train_loss=0.3882  train_AUPR_all=0.5040  train_AUPR_ab=0.5847  train_AUPR_ag=0.3431  train_P@5_ab=0.7500  train_P@5_ag=0.9500  val_loss=0.5588  val_AUPR_all=0.5476  val_AUPR_ab=0.6826  val_AUPR_ag=0.3542  val_P@5_ab=1.0000  val_P@5_ag=0.8500  select=0.5184
  Saved checkpoint: checkpoints_old/iPara_balanced_l1_g8_i4_do0.10_dpr0.10_lr0.0002_heads16_fold5.pth  select=0.5184  val_ab=0.6826  val_ag=0.3542  val_all=0.5476
Ep007  LR0=1.97e-04  pw=4.84  aucα=0.000  token_p=0.020  dropE=(0.020,0.080)  smooth=0.010  train_loss=0.3642  train_AUPR_all=0.5185  train_AUPR_ab=0.6159  train_AUPR_ag=0.3484  train_P@5_ab=0.8000  train_P@5_ag=0.8000  val_loss=0.5090  val_AUPR_all=0.5459  val_AUPR_ab=0.6834  val_AUPR_ag=0.3424  val_P@5_ab=1.0000  val_P@5_ag=0.9500  select=0.5129
Ep008  LR0=1.96e-04  pw=4.48  aucα=0.000  token_p=0.020  dropE=(0.020,0.080)  smooth=0.010  train_loss=0.3397  train_AUPR_all=0.5351  train_AUPR_ab=0.6224  train_AUPR_ag=0.3758  train_P@5_ab=0.9000  train_P@5_ag=0.8500  val_loss=0.5079  val_AUPR_all=0.5444  val_AUPR_ab=0.6890  val_AUPR_ag=0.3376  val_P@5_ab=0.9500  val_P@5_ag=0.9500  select=0.5133
Ep009  LR0=1.95e-04  pw=4.15  aucα=0.000  token_p=0.020  dropE=(0.020,0.080)  smooth=0.010  train_loss=0.3183  train_AUPR_all=0.5494  train_AUPR_ab=0.6363  train_AUPR_ag=0.3866  train_P@5_ab=0.7500  train_P@5_ag=0.9000  val_loss=0.4895  val_AUPR_all=0.5537  val_AUPR_ab=0.7021  val_AUPR_ag=0.3603  val_P@5_ab=1.0000  val_P@5_ag=0.9500  select=0.5312
  Saved checkpoint: checkpoints_old/iPara_balanced_l1_g8_i4_do0.10_dpr0.10_lr0.0002_heads16_fold5.pth  select=0.5312  val_ab=0.7021  val_ag=0.3603  val_all=0.5537
Ep010  LR0=1.94e-04  pw=3.85  aucα=0.030  token_p=0.020  dropE=(0.020,0.080)  smooth=0.010  train_loss=0.3190  train_AUPR_all=0.5477  train_AUPR_ab=0.6424  train_AUPR_ag=0.3830  train_P@5_ab=0.8000  train_P@5_ag=0.8000  val_loss=0.4796  val_AUPR_all=0.5370  val_AUPR_ab=0.7079  val_AUPR_ag=0.3406  val_P@5_ab=1.0000  val_P@5_ag=0.7500  select=0.5242
Unfreezing DyM parameters.
Ep011  LR0=1.92e-04  pw=3.58  aucα=0.060  token_p=0.020  dropE=(0.020,0.080)  smooth=0.010  train_loss=0.3177  train_AUPR_all=0.5635  train_AUPR_ab=0.6613  train_AUPR_ag=0.3971  train_P@5_ab=0.9000  train_P@5_ag=0.9500  val_loss=0.4987  val_AUPR_all=0.5537  val_AUPR_ab=0.7118  val_AUPR_ag=0.3175  val_P@5_ab=1.0000  val_P@5_ag=1.0000  select=0.5146
Ep012  LR0=1.91e-04  pw=3.33  aucα=0.090  token_p=0.020  dropE=(0.020,0.080)  smooth=0.010  train_loss=0.3152  train_AUPR_all=0.5752  train_AUPR_ab=0.6750  train_AUPR_ag=0.4064  train_P@5_ab=0.9500  train_P@5_ag=0.7500  val_loss=0.4266  val_AUPR_all=0.5760  val_AUPR_ab=0.7202  val_AUPR_ag=0.3493  val_P@5_ab=1.0000  val_P@5_ag=0.9000  select=0.5347
  Saved checkpoint: checkpoints_old/iPara_balanced_l1_g8_i4_do0.10_dpr0.10_lr0.0002_heads16_fold5.pth  select=0.5347  val_ab=0.7202  val_ag=0.3493  val_all=0.5760
Ep013  LR0=1.89e-04  pw=3.11  aucα=0.120  token_p=0.020  dropE=(0.020,0.080)  smooth=0.010  train_loss=0.3143  train_AUPR_all=0.5878  train_AUPR_ab=0.6834  train_AUPR_ag=0.4282  train_P@5_ab=0.9500  train_P@5_ag=1.0000  val_loss=0.4117  val_AUPR_all=0.5911  val_AUPR_ab=0.7364  val_AUPR_ag=0.3635  val_P@5_ab=1.0000  val_P@5_ag=0.9500  select=0.5499
  Saved checkpoint: checkpoints_old/iPara_balanced_l1_g8_i4_do0.10_dpr0.10_lr0.0002_heads16_fold5.pth  select=0.5499  val_ab=0.7364  val_ag=0.3635  val_all=0.5911
Ep014  LR0=1.87e-04  pw=2.91  aucα=0.150  token_p=0.020  dropE=(0.020,0.080)  smooth=0.010  train_loss=0.3138  train_AUPR_all=0.5959  train_AUPR_ab=0.6959  train_AUPR_ag=0.4364  train_P@5_ab=0.8000  train_P@5_ag=0.9000  val_loss=0.4095  val_AUPR_all=0.5728  val_AUPR_ab=0.7308  val_AUPR_ag=0.3245  val_P@5_ab=0.9500  val_P@5_ag=0.6500  select=0.5277
Ep015  LR0=1.85e-04  pw=2.73  aucα=0.180  token_p=0.020  dropE=(0.020,0.080)  smooth=0.010  train_loss=0.3172  train_AUPR_all=0.5981  train_AUPR_ab=0.6974  train_AUPR_ag=0.4375  train_P@5_ab=1.0000  train_P@5_ag=0.9500  val_loss=0.4070  val_AUPR_all=0.5797  val_AUPR_ab=0.7433  val_AUPR_ag=0.3409  val_P@5_ab=1.0000  val_P@5_ag=0.8500  select=0.5421
Ep016  LR0=1.83e-04  pw=2.56  aucα=0.210  token_p=0.020  dropE=(0.020,0.080)  smooth=0.010  train_loss=0.3177  train_AUPR_all=0.6055  train_AUPR_ab=0.7069  train_AUPR_ag=0.4410  train_P@5_ab=0.9000  train_P@5_ag=1.0000  val_loss=0.3839  val_AUPR_all=0.5752  val_AUPR_ab=0.7337  val_AUPR_ag=0.3484  val_P@5_ab=1.0000  val_P@5_ag=0.7000  select=0.5410
Ep017  LR0=1.81e-04  pw=2.41  aucα=0.240  token_p=0.020  dropE=(0.020,0.080)  smooth=0.010  train_loss=0.3161  train_AUPR_all=0.6173  train_AUPR_ab=0.7139  train_AUPR_ag=0.4600  train_P@5_ab=0.9500  train_P@5_ag=0.6500  val_loss=0.3708  val_AUPR_all=0.5894  val_AUPR_ab=0.7470  val_AUPR_ag=0.3598  val_P@5_ab=1.0000  val_P@5_ag=0.9000  select=0.5534
  Saved checkpoint: checkpoints_old/iPara_balanced_l1_g8_i4_do0.10_dpr0.10_lr0.0002_heads16_fold5.pth  select=0.5534  val_ab=0.7470  val_ag=0.3598  val_all=0.5894
Ep018  LR0=1.79e-04  pw=2.28  aucα=0.270  token_p=0.020  dropE=(0.020,0.080)  smooth=0.010  train_loss=0.3162  train_AUPR_all=0.6267  train_AUPR_ab=0.7209  train_AUPR_ag=0.4763  train_P@5_ab=0.9000  train_P@5_ag=0.8000  val_loss=0.3656  val_AUPR_all=0.5915  val_AUPR_ab=0.7503  val_AUPR_ag=0.3436  val_P@5_ab=1.0000  val_P@5_ag=0.6000  select=0.5470
Ep019  LR0=1.76e-04  pw=2.16  aucα=0.300  token_p=0.020  dropE=(0.020,0.080)  smooth=0.010  train_loss=0.3198  train_AUPR_all=0.6306  train_AUPR_ab=0.7214  train_AUPR_ag=0.4863  train_P@5_ab=0.9000  train_P@5_ag=0.7000  val_loss=0.3864  val_AUPR_all=0.5767  val_AUPR_ab=0.7540  val_AUPR_ag=0.3449  val_P@5_ab=1.0000  val_P@5_ag=1.0000  select=0.5494
Ep020  LR0=1.73e-04  pw=2.05  aucα=0.300  token_p=0.020  dropE=(0.020,0.080)  smooth=0.010  train_loss=0.3081  train_AUPR_all=0.6403  train_AUPR_ab=0.7319  train_AUPR_ag=0.4948  train_P@5_ab=0.9000  train_P@5_ag=0.9000  val_loss=0.3554  val_AUPR_all=0.5861  val_AUPR_ab=0.7518  val_AUPR_ag=0.3721  val_P@5_ab=1.0000  val_P@5_ag=1.0000  select=0.5619
  Saved checkpoint: checkpoints_old/iPara_balanced_l1_g8_i4_do0.10_dpr0.10_lr0.0002_heads16_fold5.pth  select=0.5619  val_ab=0.7518  val_ag=0.3721  val_all=0.5861
Ep021  LR0=1.71e-04  pw=1.95  aucα=0.300  token_p=0.020  dropE=(0.020,0.080)  smooth=0.010  train_loss=0.2959  train_AUPR_all=0.6538  train_AUPR_ab=0.7446  train_AUPR_ag=0.5124  train_P@5_ab=0.9500  train_P@5_ag=1.0000  val_loss=0.3398  val_AUPR_all=0.5987  val_AUPR_ab=0.7610  val_AUPR_ag=0.3590  val_P@5_ab=1.0000  val_P@5_ag=0.8000  select=0.5600
Ep022  LR0=1.68e-04  pw=1.86  aucα=0.300  token_p=0.020  dropE=(0.020,0.080)  smooth=0.010  train_loss=0.2816  train_AUPR_all=0.6704  train_AUPR_ab=0.7576  train_AUPR_ag=0.5338  train_P@5_ab=1.0000  train_P@5_ag=0.8500  val_loss=0.3582  val_AUPR_all=0.5821  val_AUPR_ab=0.7621  val_AUPR_ag=0.3449  val_P@5_ab=1.0000  val_P@5_ag=0.7000  select=0.5535
Ep023  LR0=1.65e-04  pw=1.78  aucα=0.300  token_p=0.020  dropE=(0.020,0.080)  smooth=0.010  train_loss=0.2759  train_AUPR_all=0.6722  train_AUPR_ab=0.7562  train_AUPR_ag=0.5427  train_P@5_ab=1.0000  train_P@5_ag=0.8500  val_loss=0.3458  val_AUPR_all=0.5930  val_AUPR_ab=0.7563  val_AUPR_ag=0.3515  val_P@5_ab=1.0000  val_P@5_ag=0.9000  select=0.5539
Ep024  LR0=1.62e-04  pw=1.70  aucα=0.300  token_p=0.020  dropE=(0.020,0.080)  smooth=0.010  train_loss=0.2651  train_AUPR_all=0.6818  train_AUPR_ab=0.7613  train_AUPR_ag=0.5600  train_P@5_ab=1.0000  train_P@5_ag=0.9000  val_loss=0.3390  val_AUPR_all=0.6039  val_AUPR_ab=0.7647  val_AUPR_ag=0.3601  val_P@5_ab=1.0000  val_P@5_ag=0.9500  select=0.5624
  Saved checkpoint: checkpoints_old/iPara_balanced_l1_g8_i4_do0.10_dpr0.10_lr0.0002_heads16_fold5.pth  select=0.5624  val_ab=0.7647  val_ag=0.3601  val_all=0.6039
Ep025  LR0=1.59e-04  pw=1.64  aucα=0.300  token_p=0.020  dropE=(0.020,0.080)  smooth=0.010  train_loss=0.2546  train_AUPR_all=0.6934  train_AUPR_ab=0.7664  train_AUPR_ag=0.5831  train_P@5_ab=1.0000  train_P@5_ag=1.0000  val_loss=0.3428  val_AUPR_all=0.5801  val_AUPR_ab=0.7559  val_AUPR_ag=0.3491  val_P@5_ab=1.0000  val_P@5_ag=0.8000  select=0.5525
Ep026  LR0=1.56e-04  pw=1.57  aucα=0.300  token_p=0.020  dropE=(0.020,0.080)  smooth=0.010  train_loss=0.2494  train_AUPR_all=0.6992  train_AUPR_ab=0.7703  train_AUPR_ag=0.5917  train_P@5_ab=1.0000  train_P@5_ag=0.9500  val_loss=0.3211  val_AUPR_all=0.5904  val_AUPR_ab=0.7645  val_AUPR_ag=0.3473  val_P@5_ab=1.0000  val_P@5_ag=0.9500  select=0.5559
Ep027  LR0=1.52e-04  pw=1.52  aucα=0.300  token_p=0.020  dropE=(0.020,0.080)  smooth=0.010  train_loss=0.2421  train_AUPR_all=0.7066  train_AUPR_ab=0.7746  train_AUPR_ag=0.6054  train_P@5_ab=1.0000  train_P@5_ag=0.9000  val_loss=0.3178  val_AUPR_all=0.5959  val_AUPR_ab=0.7684  val_AUPR_ag=0.3704  val_P@5_ab=1.0000  val_P@5_ag=0.8500  select=0.5694
  Saved checkpoint: checkpoints_old/iPara_balanced_l1_g8_i4_do0.10_dpr0.10_lr0.0002_heads16_fold5.pth  select=0.5694  val_ab=0.7684  val_ag=0.3704  val_all=0.5959
Ep028  LR0=1.49e-04  pw=1.47  aucα=0.300  token_p=0.020  dropE=(0.020,0.080)  smooth=0.010  train_loss=0.2293  train_AUPR_all=0.7226  train_AUPR_ab=0.7877  train_AUPR_ag=0.6246  train_P@5_ab=0.9000  train_P@5_ag=0.8500  val_loss=0.3404  val_AUPR_all=0.5926  val_AUPR_ab=0.7673  val_AUPR_ag=0.3586  val_P@5_ab=1.0000  val_P@5_ag=0.9000  select=0.5630
Ep029  LR0=1.46e-04  pw=1.43  aucα=0.300  token_p=0.020  dropE=(0.020,0.080)  smooth=0.010  train_loss=0.2222  train_AUPR_all=0.7317  train_AUPR_ab=0.7918  train_AUPR_ag=0.6432  train_P@5_ab=1.0000  train_P@5_ag=0.9000  val_loss=0.3197  val_AUPR_all=0.6079  val_AUPR_ab=0.7618  val_AUPR_ag=0.3883  val_P@5_ab=1.0000  val_P@5_ag=1.0000  select=0.5751
  Saved checkpoint: checkpoints_old/iPara_balanced_l1_g8_i4_do0.10_dpr0.10_lr0.0002_heads16_fold5.pth  select=0.5751  val_ab=0.7618  val_ag=0.3883  val_all=0.6079
Ep030  LR0=1.42e-04  pw=1.39  aucα=0.300  token_p=0.020  dropE=(0.020,0.080)  smooth=0.010  train_loss=0.2209  train_AUPR_all=0.7328  train_AUPR_ab=0.7899  train_AUPR_ag=0.6494  train_P@5_ab=1.0000  train_P@5_ag=0.9500  val_loss=0.3275  val_AUPR_all=0.5839  val_AUPR_ab=0.7697  val_AUPR_ag=0.3489  val_P@5_ab=1.0000  val_P@5_ag=1.0000  select=0.5593
Ep031  LR0=1.38e-04  pw=1.35  aucα=0.300  token_p=0.020  dropE=(0.020,0.080)  smooth=0.010  train_loss=0.2112  train_AUPR_all=0.7432  train_AUPR_ab=0.7954  train_AUPR_ag=0.6673  train_P@5_ab=1.0000  train_P@5_ag=0.9000  val_loss=0.3424  val_AUPR_all=0.5891  val_AUPR_ab=0.7671  val_AUPR_ag=0.3475  val_P@5_ab=1.0000  val_P@5_ag=0.9500  select=0.5573
Ep032  LR0=1.35e-04  pw=1.32  aucα=0.300  token_p=0.020  dropE=(0.020,0.080)  smooth=0.010  train_loss=0.2082  train_AUPR_all=0.7493  train_AUPR_ab=0.7999  train_AUPR_ag=0.6758  train_P@5_ab=1.0000  train_P@5_ag=0.9500  val_loss=0.3294  val_AUPR_all=0.5969  val_AUPR_ab=0.7691  val_AUPR_ag=0.3726  val_P@5_ab=1.0000  val_P@5_ag=0.9500  select=0.5709
Ep033  LR0=1.31e-04  pw=1.29  aucα=0.300  token_p=0.020  dropE=(0.020,0.080)  smooth=0.010  train_loss=0.2016  train_AUPR_all=0.7582  train_AUPR_ab=0.8058  train_AUPR_ag=0.6901  train_P@5_ab=0.9500  train_P@5_ag=0.9500  val_loss=0.3276  val_AUPR_all=0.5956  val_AUPR_ab=0.7614  val_AUPR_ag=0.3871  val_P@5_ab=1.0000  val_P@5_ag=1.0000  select=0.5743
Ep034  LR0=1.27e-04  pw=1.26  aucα=0.300  token_p=0.020  dropE=(0.020,0.080)  smooth=0.010  train_loss=0.1966  train_AUPR_all=0.7648  train_AUPR_ab=0.8107  train_AUPR_ag=0.6995  train_P@5_ab=1.0000  train_P@5_ag=1.0000  val_loss=0.3277  val_AUPR_all=0.5901  val_AUPR_ab=0.7644  val_AUPR_ag=0.3830  val_P@5_ab=1.0000  val_P@5_ag=1.0000  select=0.5737
Ep035  LR0=1.24e-04  pw=1.23  aucα=0.300  token_p=0.020  dropE=(0.020,0.080)  smooth=0.010  train_loss=0.1869  train_AUPR_all=0.7821  train_AUPR_ab=0.8261  train_AUPR_ag=0.7192  train_P@5_ab=1.0000  train_P@5_ag=0.9500  val_loss=0.3186  val_AUPR_all=0.5971  val_AUPR_ab=0.7714  val_AUPR_ag=0.3770  val_P@5_ab=1.0000  val_P@5_ag=1.0000  select=0.5742
Ep036  LR0=1.20e-04  pw=1.21  aucα=0.300  token_p=0.020  dropE=(0.020,0.080)  smooth=0.010  train_loss=0.1827  train_AUPR_all=0.7874  train_AUPR_ab=0.8301  train_AUPR_ag=0.7265  train_P@5_ab=1.0000  train_P@5_ag=1.0000  val_loss=0.3142  val_AUPR_all=0.6037  val_AUPR_ab=0.7649  val_AUPR_ag=0.3946  val_P@5_ab=0.9500  val_P@5_ag=0.9000  select=0.5798
  Saved checkpoint: checkpoints_old/iPara_balanced_l1_g8_i4_do0.10_dpr0.10_lr0.0002_heads16_fold5.pth  select=0.5798  val_ab=0.7649  val_ag=0.3946  val_all=0.6037
Ep037  LR0=1.16e-04  pw=1.19  aucα=0.300  token_p=0.020  dropE=(0.020,0.080)  smooth=0.010  train_loss=0.1787  train_AUPR_all=0.7922  train_AUPR_ab=0.8302  train_AUPR_ag=0.7385  train_P@5_ab=1.0000  train_P@5_ag=1.0000  val_loss=0.3158  val_AUPR_all=0.5925  val_AUPR_ab=0.7699  val_AUPR_ag=0.3717  val_P@5_ab=0.9000  val_P@5_ag=0.7000  select=0.5708
Ep038  LR0=1.12e-04  pw=1.17  aucα=0.300  token_p=0.020  dropE=(0.020,0.080)  smooth=0.010  train_loss=0.1738  train_AUPR_all=0.7991  train_AUPR_ab=0.8371  train_AUPR_ag=0.7450  train_P@5_ab=1.0000  train_P@5_ag=0.9500  val_loss=0.3250  val_AUPR_all=0.6017  val_AUPR_ab=0.7713  val_AUPR_ag=0.3792  val_P@5_ab=0.9500  val_P@5_ag=0.9500  select=0.5753
Ep039  LR0=1.08e-04  pw=1.16  aucα=0.300  token_p=0.020  dropE=(0.020,0.080)  smooth=0.010  train_loss=0.1666  train_AUPR_all=0.8114  train_AUPR_ab=0.8458  train_AUPR_ag=0.7630  train_P@5_ab=1.0000  train_P@5_ag=1.0000  val_loss=0.3209  val_AUPR_all=0.5955  val_AUPR_ab=0.7757  val_AUPR_ag=0.3807  val_P@5_ab=1.0000  val_P@5_ag=0.9500  select=0.5782
Ep040  LR0=1.04e-04  pw=1.14  aucα=0.300  token_p=0.020  dropE=(0.020,0.080)  smooth=0.010  train_loss=0.1636  train_AUPR_all=0.8164  train_AUPR_ab=0.8512  train_AUPR_ag=0.7675  train_P@5_ab=1.0000  train_P@5_ag=1.0000  val_loss=0.3239  val_AUPR_all=0.5871  val_AUPR_ab=0.7821  val_AUPR_ag=0.3469  val_P@5_ab=1.0000  val_P@5_ag=0.8500  select=0.5645
Ep041  LR0=1.00e-04  pw=1.13  aucα=0.300  token_p=0.020  dropE=(0.020,0.080)  smooth=0.010  train_loss=0.1614  train_AUPR_all=0.8181  train_AUPR_ab=0.8514  train_AUPR_ag=0.7711  train_P@5_ab=1.0000  train_P@5_ag=0.8500  val_loss=0.3226  val_AUPR_all=0.5833  val_AUPR_ab=0.7649  val_AUPR_ag=0.3614  val_P@5_ab=1.0000  val_P@5_ag=0.8500  select=0.5631
Ep042  LR0=9.63e-05  pw=1.12  aucα=0.300  token_p=0.020  dropE=(0.020,0.080)  smooth=0.010  train_loss=0.1578  train_AUPR_all=0.8248  train_AUPR_ab=0.8583  train_AUPR_ag=0.7776  train_P@5_ab=1.0000  train_P@5_ag=1.0000  val_loss=0.3321  val_AUPR_all=0.5848  val_AUPR_ab=0.7681  val_AUPR_ag=0.3583  val_P@5_ab=1.0000  val_P@5_ag=0.8000  select=0.5632
Ep043  LR0=9.24e-05  pw=1.10  aucα=0.300  token_p=0.020  dropE=(0.020,0.080)  smooth=0.010  train_loss=0.1527  train_AUPR_all=0.8319  train_AUPR_ab=0.8607  train_AUPR_ag=0.7921  train_P@5_ab=1.0000  train_P@5_ag=0.9000  val_loss=0.3185  val_AUPR_all=0.5909  val_AUPR_ab=0.7700  val_AUPR_ag=0.3643  val_P@5_ab=1.0000  val_P@5_ag=0.7000  select=0.5672
Ep044  LR0=8.85e-05  pw=1.09  aucα=0.300  token_p=0.020  dropE=(0.020,0.080)  smooth=0.010  train_loss=0.1458  train_AUPR_all=0.8432  train_AUPR_ab=0.8696  train_AUPR_ag=0.8065  train_P@5_ab=1.0000  train_P@5_ag=0.9500  val_loss=0.3151  val_AUPR_all=0.5950  val_AUPR_ab=0.7669  val_AUPR_ag=0.3836  val_P@5_ab=0.9500  val_P@5_ag=0.8000  select=0.5753
Ep045  LR0=8.46e-05  pw=1.09  aucα=0.300  token_p=0.020  dropE=(0.020,0.080)  smooth=0.010  train_loss=0.1465  train_AUPR_all=0.8419  train_AUPR_ab=0.8708  train_AUPR_ag=0.8014  train_P@5_ab=1.0000  train_P@5_ag=1.0000  val_loss=0.3153  val_AUPR_all=0.6011  val_AUPR_ab=0.7704  val_AUPR_ag=0.3763  val_P@5_ab=1.0000  val_P@5_ag=0.7500  select=0.5734
Ep046  LR0=8.08e-05  pw=1.08  aucα=0.300  token_p=0.020  dropE=(0.020,0.080)  smooth=0.010  train_loss=0.1441  train_AUPR_all=0.8444  train_AUPR_ab=0.8730  train_AUPR_ag=0.8039  train_P@5_ab=1.0000  train_P@5_ag=0.9500  val_loss=0.3373  val_AUPR_all=0.5825  val_AUPR_ab=0.7637  val_AUPR_ag=0.3655  val_P@5_ab=1.0000  val_P@5_ag=0.7000  select=0.5646
Ep047  LR0=7.70e-05  pw=1.07  aucα=0.300  token_p=0.020  dropE=(0.020,0.080)  smooth=0.010  train_loss=0.1363  train_AUPR_all=0.8584  train_AUPR_ab=0.8850  train_AUPR_ag=0.8210  train_P@5_ab=1.0000  train_P@5_ag=1.0000  val_loss=0.3304  val_AUPR_all=0.5904  val_AUPR_ab=0.7629  val_AUPR_ag=0.3650  val_P@5_ab=0.9000  val_P@5_ag=0.8000  select=0.5640
Ep048  LR0=7.32e-05  pw=1.06  aucα=0.300  token_p=0.020  dropE=(0.020,0.080)  smooth=0.010  train_loss=0.1361  train_AUPR_all=0.8571  train_AUPR_ab=0.8818  train_AUPR_ag=0.8226  train_P@5_ab=1.0000  train_P@5_ag=1.0000  val_loss=0.3307  val_AUPR_all=0.5857  val_AUPR_ab=0.7622  val_AUPR_ag=0.3715  val_P@5_ab=0.9500  val_P@5_ag=0.7000  select=0.5669
Ep049  LR0=6.94e-05  pw=1.06  aucα=0.300  token_p=0.020  dropE=(0.020,0.080)  smooth=0.010  train_loss=0.1340  train_AUPR_all=0.8615  train_AUPR_ab=0.8867  train_AUPR_ag=0.8261  train_P@5_ab=1.0000  train_P@5_ag=1.0000  val_loss=0.3259  val_AUPR_all=0.5887  val_AUPR_ab=0.7700  val_AUPR_ag=0.3622  val_P@5_ab=0.9500  val_P@5_ag=0.8500  select=0.5661
Ep050  LR0=6.57e-05  pw=1.05  aucα=0.300  token_p=0.020  dropE=(0.020,0.080)  smooth=0.010  train_loss=0.1301  train_AUPR_all=0.8675  train_AUPR_ab=0.8900  train_AUPR_ag=0.8364  train_P@5_ab=1.0000  train_P@5_ag=1.0000  val_loss=0.3302  val_AUPR_all=0.5908  val_AUPR_ab=0.7733  val_AUPR_ag=0.3593  val_P@5_ab=1.0000  val_P@5_ag=0.6500  select=0.5663
Ep051  LR0=6.21e-05  pw=1.05  aucα=0.300  token_p=0.020  dropE=(0.020,0.080)  smooth=0.010  train_loss=0.1282  train_AUPR_all=0.8706  train_AUPR_ab=0.8964  train_AUPR_ag=0.8341  train_P@5_ab=1.0000  train_P@5_ag=1.0000  val_loss=0.3325  val_AUPR_all=0.5873  val_AUPR_ab=0.7627  val_AUPR_ag=0.3574  val_P@5_ab=0.9500  val_P@5_ag=0.6000  select=0.5600
Ep052  LR0=5.85e-05  pw=1.04  aucα=0.300  token_p=0.020  dropE=(0.020,0.080)  smooth=0.010  train_loss=0.1285  train_AUPR_all=0.8699  train_AUPR_ab=0.8953  train_AUPR_ag=0.8336  train_P@5_ab=1.0000  train_P@5_ag=1.0000  val_loss=0.3356  val_AUPR_all=0.5913  val_AUPR_ab=0.7720  val_AUPR_ag=0.3635  val_P@5_ab=1.0000  val_P@5_ag=0.6500  select=0.5678
Ep053  LR0=5.50e-05  pw=1.04  aucα=0.300  token_p=0.020  dropE=(0.020,0.080)  smooth=0.010  train_loss=0.1223  train_AUPR_all=0.8803  train_AUPR_ab=0.9053  train_AUPR_ag=0.8444  train_P@5_ab=1.0000  train_P@5_ag=0.9500  val_loss=0.3292  val_AUPR_all=0.5938  val_AUPR_ab=0.7661  val_AUPR_ag=0.3739  val_P@5_ab=1.0000  val_P@5_ag=0.7500  select=0.5700
Ep054  LR0=5.15e-05  pw=1.03  aucα=0.300  token_p=0.020  dropE=(0.020,0.080)  smooth=0.010  train_loss=0.1186  train_AUPR_all=0.8860  train_AUPR_ab=0.9079  train_AUPR_ag=0.8552  train_P@5_ab=1.0000  train_P@5_ag=1.0000  val_loss=0.3358  val_AUPR_all=0.5829  val_AUPR_ab=0.7588  val_AUPR_ag=0.3577  val_P@5_ab=0.8500  val_P@5_ag=0.5000  select=0.5582
Ep055  LR0=4.81e-05  pw=1.03  aucα=0.300  token_p=0.020  dropE=(0.020,0.080)  smooth=0.010  train_loss=0.1193  train_AUPR_all=0.8843  train_AUPR_ab=0.9080  train_AUPR_ag=0.8505  train_P@5_ab=1.0000  train_P@5_ag=1.0000  val_loss=0.3407  val_AUPR_all=0.5870  val_AUPR_ab=0.7598  val_AUPR_ag=0.3662  val_P@5_ab=1.0000  val_P@5_ag=0.5500  select=0.5630
Ep056  LR0=4.48e-05  pw=1.03  aucα=0.300  token_p=0.020  dropE=(0.020,0.080)  smooth=0.010  train_loss=0.1168  train_AUPR_all=0.8889  train_AUPR_ab=0.9100  train_AUPR_ag=0.8591  train_P@5_ab=1.0000  train_P@5_ag=1.0000  val_loss=0.3426  val_AUPR_all=0.5830  val_AUPR_ab=0.7591  val_AUPR_ag=0.3662  val_P@5_ab=1.0000  val_P@5_ag=0.5000  select=0.5627
Early stopping at epoch 56. Best select=0.5798 at epoch 36.
Final saved checkpoint for fold 5: checkpoints_old/iPara_balanced_l1_g8_i4_do0.10_dpr0.10_lr0.0002_heads16_fold5.pth
Best select=0.5798 at epoch 36
