Device: cuda
Visible GPUs: 1
GPU 0: NVIDIA RTX PRO 6000 Blackwell Server Edition
Config:
  sequence_file: para_tv_esmsequences_1600.npz
  data_file: para_tv_esminterfaces_1600.npz
  edge_file: para_tv_esmedges_1600.npz
  seq_len: 1600
  vocab_size: 31
  num_classes: 2
  pad_id: 1
  eoc_id: 24
  embed_dim: 256
  num_heads: 16
  num_layers: 1
  num_gnn_layers: 5
  num_int_layers: 5
  dropout: 0.1
  drop_path_rate: 0.1
  batch_size: 4
  num_epochs: 80
  warmup_epochs: 10
  min_stop_epoch: 45
  early_stop: 20
  learning_rate: 0.0002
  weight_decay: 0.0001
  max_grad_norm: 0.5
  accum_steps: 1
  amp: True
  weight_start: 8.0
  weight_end: 1.0
  weight_anneal_tau: 10.0
  dropedge_min: 0.02
  dropedge_max: 0.08
  token_drop_p: 0.02
  smooth_lambda: 0.01
  aucpr_alpha: 0.3
  aucpr_ramp_start: 10
  aucpr_ramp_len: 10
  aucpr_bins: 64
  aucpr_temp: 0.05
  antibody_loss_weight: 1.0
  antigen_loss_weight: 1.0
  n_splits: 5
  num_workers: 0
  select_ab_weight: 0.5
  select_ag_weight: 0.5
Dataset size: 858

==========================================================================================
Fold 1/5
==========================================================================================
Train labels: valid=399467, pos=26433, neg=373034, ignore=698133, pos_frac=0.06617
Val labels: valid=100725, pos=6797, neg=93928, ignore=174475, pos_frac=0.06748
Initializing ClassificationModel with 5 GAT layers and residual connections...
Initializing MCModel with 5 GAT layers and 5 row attention layers (drop_path_rate=0.1, use_esm=True)
Initializing CoreModel with 1 layers, drop_path_rate=0.1
Ep001  LR0=2.00e-04  pw=8.00  aucα=0.000  token_p=0.020  dropE=(0.020,0.080)  smooth=0.010  train_loss=0.6666  train_AUPR_all=0.2650  train_AUPR_ab=0.3155  train_AUPR_ag=0.1886  train_P@5_ab=0.5500  train_P@5_ag=0.6500  val_loss=0.9774  val_AUPR_all=0.4053  val_AUPR_ab=0.5398  val_AUPR_ag=0.2031  val_P@5_ab=0.7000  val_P@5_ag=0.8500  select=0.3714
  Saved checkpoint: checkpoints_esm/iPara_balanced_l1_g5_i5_do0.10_dpr0.10_lr0.0002_heads16_fold1.pth  select=0.3714  val_ab=0.5398  val_ag=0.2031  val_all=0.4053
Ep002  LR0=2.00e-04  pw=7.33  aucα=0.000  token_p=0.020  dropE=(0.020,0.080)  smooth=0.010  train_loss=0.5260  train_AUPR_all=0.4077  train_AUPR_ab=0.4902  train_AUPR_ag=0.2658  train_P@5_ab=0.8000  train_P@5_ag=0.6500  val_loss=0.8046  val_AUPR_all=0.4082  val_AUPR_ab=0.5427  val_AUPR_ag=0.2234  val_P@5_ab=0.6500  val_P@5_ag=1.0000  select=0.3830
  Saved checkpoint: checkpoints_esm/iPara_balanced_l1_g5_i5_do0.10_dpr0.10_lr0.0002_heads16_fold1.pth  select=0.3830  val_ab=0.5427  val_ag=0.2234  val_all=0.4082
Ep003  LR0=2.00e-04  pw=6.73  aucα=0.000  token_p=0.020  dropE=(0.020,0.080)  smooth=0.010  train_loss=0.4804  train_AUPR_all=0.4274  train_AUPR_ab=0.5084  train_AUPR_ag=0.2819  train_P@5_ab=0.4500  train_P@5_ag=0.8000  val_loss=0.7034  val_AUPR_all=0.4828  val_AUPR_ab=0.6005  val_AUPR_ag=0.2802  val_P@5_ab=0.8500  val_P@5_ag=1.0000  select=0.4404
  Saved checkpoint: checkpoints_esm/iPara_balanced_l1_g5_i5_do0.10_dpr0.10_lr0.0002_heads16_fold1.pth  select=0.4404  val_ab=0.6005  val_ag=0.2802  val_all=0.4828
Ep004  LR0=1.99e-04  pw=6.19  aucα=0.000  token_p=0.020  dropE=(0.020,0.080)  smooth=0.010  train_loss=0.4355  train_AUPR_all=0.4752  train_AUPR_ab=0.5620  train_AUPR_ag=0.3167  train_P@5_ab=0.8500  train_P@5_ag=0.9500  val_loss=0.7005  val_AUPR_all=0.4952  val_AUPR_ab=0.6220  val_AUPR_ag=0.2877  val_P@5_ab=0.9000  val_P@5_ag=0.8500  select=0.4548
  Saved checkpoint: checkpoints_esm/iPara_balanced_l1_g5_i5_do0.10_dpr0.10_lr0.0002_heads16_fold1.pth  select=0.4548  val_ab=0.6220  val_ag=0.2877  val_all=0.4952
Ep005  LR0=1.99e-04  pw=5.69  aucα=0.000  token_p=0.020  dropE=(0.020,0.080)  smooth=0.010  train_loss=0.4095  train_AUPR_all=0.4943  train_AUPR_ab=0.5829  train_AUPR_ag=0.3305  train_P@5_ab=0.9500  train_P@5_ag=0.9500  val_loss=0.8448  val_AUPR_all=0.4737  val_AUPR_ab=0.6189  val_AUPR_ag=0.2598  val_P@5_ab=0.8500  val_P@5_ag=0.8500  select=0.4394
Ep006  LR0=1.98e-04  pw=5.25  aucα=0.000  token_p=0.020  dropE=(0.020,0.080)  smooth=0.010  train_loss=0.3804  train_AUPR_all=0.5135  train_AUPR_ab=0.6068  train_AUPR_ag=0.3434  train_P@5_ab=0.9500  train_P@5_ag=0.9000  val_loss=0.6714  val_AUPR_all=0.5066  val_AUPR_ab=0.6559  val_AUPR_ag=0.2861  val_P@5_ab=0.8500  val_P@5_ag=1.0000  select=0.4710
  Saved checkpoint: checkpoints_esm/iPara_balanced_l1_g5_i5_do0.10_dpr0.10_lr0.0002_heads16_fold1.pth  select=0.4710  val_ab=0.6559  val_ag=0.2861  val_all=0.5066
Ep007  LR0=1.97e-04  pw=4.84  aucα=0.000  token_p=0.020  dropE=(0.020,0.080)  smooth=0.010  train_loss=0.3563  train_AUPR_all=0.5214  train_AUPR_ab=0.6182  train_AUPR_ag=0.3508  train_P@5_ab=0.8500  train_P@5_ag=0.6500  val_loss=0.6230  val_AUPR_all=0.5276  val_AUPR_ab=0.6638  val_AUPR_ag=0.3183  val_P@5_ab=0.9500  val_P@5_ag=0.9500  select=0.4910
  Saved checkpoint: checkpoints_esm/iPara_balanced_l1_g5_i5_do0.10_dpr0.10_lr0.0002_heads16_fold1.pth  select=0.4910  val_ab=0.6638  val_ag=0.3183  val_all=0.5276
Ep008  LR0=1.96e-04  pw=4.48  aucα=0.000  token_p=0.020  dropE=(0.020,0.080)  smooth=0.010  train_loss=0.3405  train_AUPR_all=0.5289  train_AUPR_ab=0.6194  train_AUPR_ag=0.3636  train_P@5_ab=0.9000  train_P@5_ag=1.0000  val_loss=0.5968  val_AUPR_all=0.4382  val_AUPR_ab=0.6091  val_AUPR_ag=0.2499  val_P@5_ab=0.3000  val_P@5_ag=0.4500  select=0.4295
Ep009  LR0=1.95e-04  pw=4.15  aucα=0.000  token_p=0.020  dropE=(0.020,0.080)  smooth=0.010  train_loss=0.3242  train_AUPR_all=0.5424  train_AUPR_ab=0.6485  train_AUPR_ag=0.3620  train_P@5_ab=0.9500  train_P@5_ag=0.9500  val_loss=0.5170  val_AUPR_all=0.5204  val_AUPR_ab=0.6733  val_AUPR_ag=0.3065  val_P@5_ab=0.9500  val_P@5_ag=0.9000  select=0.4899
Ep010  LR0=1.94e-04  pw=3.85  aucα=0.030  token_p=0.020  dropE=(0.020,0.080)  smooth=0.010  train_loss=0.3191  train_AUPR_all=0.5586  train_AUPR_ab=0.6595  train_AUPR_ag=0.3873  train_P@5_ab=0.9000  train_P@5_ag=1.0000  val_loss=0.5324  val_AUPR_all=0.5061  val_AUPR_ab=0.6669  val_AUPR_ag=0.3353  val_P@5_ab=0.7000  val_P@5_ag=1.0000  select=0.5011
  Saved checkpoint: checkpoints_esm/iPara_balanced_l1_g5_i5_do0.10_dpr0.10_lr0.0002_heads16_fold1.pth  select=0.5011  val_ab=0.6669  val_ag=0.3353  val_all=0.5061
Unfreezing DyM parameters.
Ep011  LR0=1.92e-04  pw=3.58  aucα=0.060  token_p=0.020  dropE=(0.020,0.080)  smooth=0.010  train_loss=0.3192  train_AUPR_all=0.5630  train_AUPR_ab=0.6649  train_AUPR_ag=0.3889  train_P@5_ab=0.9000  train_P@5_ag=0.9000  val_loss=0.5746  val_AUPR_all=0.5340  val_AUPR_ab=0.6751  val_AUPR_ag=0.3311  val_P@5_ab=0.9000  val_P@5_ag=0.9500  select=0.5031
  Saved checkpoint: checkpoints_esm/iPara_balanced_l1_g5_i5_do0.10_dpr0.10_lr0.0002_heads16_fold1.pth  select=0.5031  val_ab=0.6751  val_ag=0.3311  val_all=0.5340
Ep012  LR0=1.91e-04  pw=3.33  aucα=0.090  token_p=0.020  dropE=(0.020,0.080)  smooth=0.010  train_loss=0.3187  train_AUPR_all=0.5715  train_AUPR_ab=0.6756  train_AUPR_ag=0.3944  train_P@5_ab=1.0000  train_P@5_ag=0.8000  val_loss=0.5261  val_AUPR_all=0.4984  val_AUPR_ab=0.6425  val_AUPR_ag=0.2930  val_P@5_ab=0.9500  val_P@5_ag=0.9500  select=0.4677
Ep013  LR0=1.89e-04  pw=3.11  aucα=0.120  token_p=0.020  dropE=(0.020,0.080)  smooth=0.010  train_loss=0.3213  train_AUPR_all=0.5786  train_AUPR_ab=0.6845  train_AUPR_ag=0.4021  train_P@5_ab=1.0000  train_P@5_ag=0.9500  val_loss=0.4380  val_AUPR_all=0.5675  val_AUPR_ab=0.6999  val_AUPR_ag=0.3547  val_P@5_ab=0.9000  val_P@5_ag=1.0000  select=0.5273
  Saved checkpoint: checkpoints_esm/iPara_balanced_l1_g5_i5_do0.10_dpr0.10_lr0.0002_heads16_fold1.pth  select=0.5273  val_ab=0.6999  val_ag=0.3547  val_all=0.5675
Ep014  LR0=1.87e-04  pw=2.91  aucα=0.150  token_p=0.020  dropE=(0.020,0.080)  smooth=0.010  train_loss=0.3191  train_AUPR_all=0.5936  train_AUPR_ab=0.7045  train_AUPR_ag=0.4112  train_P@5_ab=0.9500  train_P@5_ag=0.9500  val_loss=0.4421  val_AUPR_all=0.5621  val_AUPR_ab=0.7017  val_AUPR_ag=0.3530  val_P@5_ab=1.0000  val_P@5_ag=0.9500  select=0.5273
Ep015  LR0=1.85e-04  pw=2.73  aucα=0.180  token_p=0.020  dropE=(0.020,0.080)  smooth=0.010  train_loss=0.3172  train_AUPR_all=0.6067  train_AUPR_ab=0.7176  train_AUPR_ag=0.4254  train_P@5_ab=1.0000  train_P@5_ag=0.9500  val_loss=0.4265  val_AUPR_all=0.5718  val_AUPR_ab=0.7065  val_AUPR_ag=0.3528  val_P@5_ab=1.0000  val_P@5_ag=1.0000  select=0.5297
  Saved checkpoint: checkpoints_esm/iPara_balanced_l1_g5_i5_do0.10_dpr0.10_lr0.0002_heads16_fold1.pth  select=0.5297  val_ab=0.7065  val_ag=0.3528  val_all=0.5718
Ep016  LR0=1.83e-04  pw=2.56  aucα=0.210  token_p=0.020  dropE=(0.020,0.080)  smooth=0.010  train_loss=0.3192  train_AUPR_all=0.6117  train_AUPR_ab=0.7162  train_AUPR_ag=0.4392  train_P@5_ab=0.9500  train_P@5_ag=0.9500  val_loss=0.4234  val_AUPR_all=0.5592  val_AUPR_ab=0.6844  val_AUPR_ag=0.3563  val_P@5_ab=1.0000  val_P@5_ag=1.0000  select=0.5204
Ep017  LR0=1.81e-04  pw=2.41  aucα=0.240  token_p=0.020  dropE=(0.020,0.080)  smooth=0.010  train_loss=0.3198  train_AUPR_all=0.6216  train_AUPR_ab=0.7295  train_AUPR_ag=0.4466  train_P@5_ab=0.9500  train_P@5_ag=0.9000  val_loss=0.3817  val_AUPR_all=0.5843  val_AUPR_ab=0.7051  val_AUPR_ag=0.3815  val_P@5_ab=0.9500  val_P@5_ag=0.9500  select=0.5433
  Saved checkpoint: checkpoints_esm/iPara_balanced_l1_g5_i5_do0.10_dpr0.10_lr0.0002_heads16_fold1.pth  select=0.5433  val_ab=0.7051  val_ag=0.3815  val_all=0.5843
Ep018  LR0=1.79e-04  pw=2.28  aucα=0.270  token_p=0.020  dropE=(0.020,0.080)  smooth=0.010  train_loss=0.3232  train_AUPR_all=0.6239  train_AUPR_ab=0.7323  train_AUPR_ag=0.4495  train_P@5_ab=0.9500  train_P@5_ag=1.0000  val_loss=0.3799  val_AUPR_all=0.5838  val_AUPR_ab=0.7111  val_AUPR_ag=0.3895  val_P@5_ab=1.0000  val_P@5_ag=1.0000  select=0.5503
  Saved checkpoint: checkpoints_esm/iPara_balanced_l1_g5_i5_do0.10_dpr0.10_lr0.0002_heads16_fold1.pth  select=0.5503  val_ab=0.7111  val_ag=0.3895  val_all=0.5838
Ep019  LR0=1.76e-04  pw=2.16  aucα=0.300  token_p=0.020  dropE=(0.020,0.080)  smooth=0.010  train_loss=0.3230  train_AUPR_all=0.6346  train_AUPR_ab=0.7393  train_AUPR_ag=0.4664  train_P@5_ab=0.8500  train_P@5_ag=0.9500  val_loss=0.3785  val_AUPR_all=0.5748  val_AUPR_ab=0.6914  val_AUPR_ag=0.3829  val_P@5_ab=1.0000  val_P@5_ag=0.9500  select=0.5372
Ep020  LR0=1.73e-04  pw=2.05  aucα=0.300  token_p=0.020  dropE=(0.020,0.080)  smooth=0.010  train_loss=0.3141  train_AUPR_all=0.6392  train_AUPR_ab=0.7441  train_AUPR_ag=0.4707  train_P@5_ab=0.9500  train_P@5_ag=0.9500  val_loss=0.3578  val_AUPR_all=0.5849  val_AUPR_ab=0.7096  val_AUPR_ag=0.3934  val_P@5_ab=1.0000  val_P@5_ag=1.0000  select=0.5515
  Saved checkpoint: checkpoints_esm/iPara_balanced_l1_g5_i5_do0.10_dpr0.10_lr0.0002_heads16_fold1.pth  select=0.5515  val_ab=0.7096  val_ag=0.3934  val_all=0.5849
Ep021  LR0=1.71e-04  pw=1.95  aucα=0.300  token_p=0.020  dropE=(0.020,0.080)  smooth=0.010  train_loss=0.2993  train_AUPR_all=0.6566  train_AUPR_ab=0.7571  train_AUPR_ag=0.4971  train_P@5_ab=1.0000  train_P@5_ag=1.0000  val_loss=0.3670  val_AUPR_all=0.5542  val_AUPR_ab=0.7049  val_AUPR_ag=0.3412  val_P@5_ab=1.0000  val_P@5_ag=1.0000  select=0.5230
Ep022  LR0=1.68e-04  pw=1.86  aucα=0.300  token_p=0.020  dropE=(0.020,0.080)  smooth=0.010  train_loss=0.2880  train_AUPR_all=0.6664  train_AUPR_ab=0.7638  train_AUPR_ag=0.5133  train_P@5_ab=1.0000  train_P@5_ag=1.0000  val_loss=0.3472  val_AUPR_all=0.5848  val_AUPR_ab=0.7180  val_AUPR_ag=0.3781  val_P@5_ab=1.0000  val_P@5_ag=0.9500  select=0.5480
Ep023  LR0=1.65e-04  pw=1.78  aucα=0.300  token_p=0.020  dropE=(0.020,0.080)  smooth=0.010  train_loss=0.2815  train_AUPR_all=0.6703  train_AUPR_ab=0.7674  train_AUPR_ag=0.5172  train_P@5_ab=1.0000  train_P@5_ag=0.9500  val_loss=0.3466  val_AUPR_all=0.5894  val_AUPR_ab=0.7218  val_AUPR_ag=0.3815  val_P@5_ab=0.9000  val_P@5_ag=1.0000  select=0.5516
  Saved checkpoint: checkpoints_esm/iPara_balanced_l1_g5_i5_do0.10_dpr0.10_lr0.0002_heads16_fold1.pth  select=0.5516  val_ab=0.7218  val_ag=0.3815  val_all=0.5894
Ep024  LR0=1.62e-04  pw=1.70  aucα=0.300  token_p=0.020  dropE=(0.020,0.080)  smooth=0.010  train_loss=0.2707  train_AUPR_all=0.6798  train_AUPR_ab=0.7730  train_AUPR_ag=0.5337  train_P@5_ab=1.0000  train_P@5_ag=0.9000  val_loss=0.3328  val_AUPR_all=0.5989  val_AUPR_ab=0.7259  val_AUPR_ag=0.4113  val_P@5_ab=1.0000  val_P@5_ag=1.0000  select=0.5686
  Saved checkpoint: checkpoints_esm/iPara_balanced_l1_g5_i5_do0.10_dpr0.10_lr0.0002_heads16_fold1.pth  select=0.5686  val_ab=0.7259  val_ag=0.4113  val_all=0.5989
Ep025  LR0=1.59e-04  pw=1.64  aucα=0.300  token_p=0.020  dropE=(0.020,0.080)  smooth=0.010  train_loss=0.2604  train_AUPR_all=0.6921  train_AUPR_ab=0.7803  train_AUPR_ag=0.5541  train_P@5_ab=1.0000  train_P@5_ag=0.9500  val_loss=0.3375  val_AUPR_all=0.5815  val_AUPR_ab=0.7256  val_AUPR_ag=0.3675  val_P@5_ab=0.9500  val_P@5_ag=0.8500  select=0.5466
Ep026  LR0=1.56e-04  pw=1.57  aucα=0.300  token_p=0.020  dropE=(0.020,0.080)  smooth=0.010  train_loss=0.2541  train_AUPR_all=0.6945  train_AUPR_ab=0.7800  train_AUPR_ag=0.5614  train_P@5_ab=1.0000  train_P@5_ag=0.9500  val_loss=0.3407  val_AUPR_all=0.5902  val_AUPR_ab=0.7237  val_AUPR_ag=0.3942  val_P@5_ab=1.0000  val_P@5_ag=1.0000  select=0.5590
Ep027  LR0=1.52e-04  pw=1.52  aucα=0.300  token_p=0.020  dropE=(0.020,0.080)  smooth=0.010  train_loss=0.2419  train_AUPR_all=0.7143  train_AUPR_ab=0.7961  train_AUPR_ag=0.5880  train_P@5_ab=1.0000  train_P@5_ag=1.0000  val_loss=0.3257  val_AUPR_all=0.5949  val_AUPR_ab=0.7339  val_AUPR_ag=0.3851  val_P@5_ab=1.0000  val_P@5_ag=1.0000  select=0.5595
Ep028  LR0=1.49e-04  pw=1.47  aucα=0.300  token_p=0.020  dropE=(0.020,0.080)  smooth=0.010  train_loss=0.2368  train_AUPR_all=0.7166  train_AUPR_ab=0.7965  train_AUPR_ag=0.5945  train_P@5_ab=1.0000  train_P@5_ag=0.9500  val_loss=0.3167  val_AUPR_all=0.5981  val_AUPR_ab=0.7310  val_AUPR_ag=0.4084  val_P@5_ab=1.0000  val_P@5_ag=1.0000  select=0.5697
  Saved checkpoint: checkpoints_esm/iPara_balanced_l1_g5_i5_do0.10_dpr0.10_lr0.0002_heads16_fold1.pth  select=0.5697  val_ab=0.7310  val_ag=0.4084  val_all=0.5981
Ep029  LR0=1.46e-04  pw=1.43  aucα=0.300  token_p=0.020  dropE=(0.020,0.080)  smooth=0.010  train_loss=0.2262  train_AUPR_all=0.7317  train_AUPR_ab=0.8035  train_AUPR_ag=0.6230  train_P@5_ab=1.0000  train_P@5_ag=1.0000  val_loss=0.3234  val_AUPR_all=0.5839  val_AUPR_ab=0.7190  val_AUPR_ag=0.3806  val_P@5_ab=1.0000  val_P@5_ag=1.0000  select=0.5498
Ep030  LR0=1.42e-04  pw=1.39  aucα=0.300  token_p=0.020  dropE=(0.020,0.080)  smooth=0.010  train_loss=0.2167  train_AUPR_all=0.7450  train_AUPR_ab=0.8177  train_AUPR_ag=0.6345  train_P@5_ab=1.0000  train_P@5_ag=0.9500  val_loss=0.3175  val_AUPR_all=0.5943  val_AUPR_ab=0.7286  val_AUPR_ag=0.3990  val_P@5_ab=1.0000  val_P@5_ag=1.0000  select=0.5638
Ep031  LR0=1.38e-04  pw=1.35  aucα=0.300  token_p=0.020  dropE=(0.020,0.080)  smooth=0.010  train_loss=0.2133  train_AUPR_all=0.7488  train_AUPR_ab=0.8189  train_AUPR_ag=0.6424  train_P@5_ab=1.0000  train_P@5_ag=0.9000  val_loss=0.3155  val_AUPR_all=0.5921  val_AUPR_ab=0.7301  val_AUPR_ag=0.3819  val_P@5_ab=1.0000  val_P@5_ag=1.0000  select=0.5560
Ep032  LR0=1.35e-04  pw=1.32  aucα=0.300  token_p=0.020  dropE=(0.020,0.080)  smooth=0.010  train_loss=0.2019  train_AUPR_all=0.7641  train_AUPR_ab=0.8283  train_AUPR_ag=0.6674  train_P@5_ab=1.0000  train_P@5_ag=1.0000  val_loss=0.3157  val_AUPR_all=0.5894  val_AUPR_ab=0.7293  val_AUPR_ag=0.3894  val_P@5_ab=1.0000  val_P@5_ag=1.0000  select=0.5593
Ep033  LR0=1.31e-04  pw=1.29  aucα=0.300  token_p=0.020  dropE=(0.020,0.080)  smooth=0.010  train_loss=0.1953  train_AUPR_all=0.7722  train_AUPR_ab=0.8344  train_AUPR_ag=0.6786  train_P@5_ab=1.0000  train_P@5_ag=0.9500  val_loss=0.3140  val_AUPR_all=0.6058  val_AUPR_ab=0.7417  val_AUPR_ag=0.4071  val_P@5_ab=1.0000  val_P@5_ag=1.0000  select=0.5744
  Saved checkpoint: checkpoints_esm/iPara_balanced_l1_g5_i5_do0.10_dpr0.10_lr0.0002_heads16_fold1.pth  select=0.5744  val_ab=0.7417  val_ag=0.4071  val_all=0.6058
Ep034  LR0=1.27e-04  pw=1.26  aucα=0.300  token_p=0.020  dropE=(0.020,0.080)  smooth=0.010  train_loss=0.1948  train_AUPR_all=0.7711  train_AUPR_ab=0.8294  train_AUPR_ag=0.6841  train_P@5_ab=1.0000  train_P@5_ag=1.0000  val_loss=0.3257  val_AUPR_all=0.5927  val_AUPR_ab=0.7333  val_AUPR_ag=0.4023  val_P@5_ab=1.0000  val_P@5_ag=1.0000  select=0.5678
Ep035  LR0=1.24e-04  pw=1.23  aucα=0.300  token_p=0.020  dropE=(0.020,0.080)  smooth=0.010  train_loss=0.1887  train_AUPR_all=0.7786  train_AUPR_ab=0.8365  train_AUPR_ag=0.6922  train_P@5_ab=1.0000  train_P@5_ag=0.9500  val_loss=0.3092  val_AUPR_all=0.6126  val_AUPR_ab=0.7371  val_AUPR_ag=0.4354  val_P@5_ab=0.9500  val_P@5_ag=1.0000  select=0.5862
  Saved checkpoint: checkpoints_esm/iPara_balanced_l1_g5_i5_do0.10_dpr0.10_lr0.0002_heads16_fold1.pth  select=0.5862  val_ab=0.7371  val_ag=0.4354  val_all=0.6126
Ep036  LR0=1.20e-04  pw=1.21  aucα=0.300  token_p=0.020  dropE=(0.020,0.080)  smooth=0.010  train_loss=0.1811  train_AUPR_all=0.7926  train_AUPR_ab=0.8451  train_AUPR_ag=0.7149  train_P@5_ab=1.0000  train_P@5_ag=1.0000  val_loss=0.3093  val_AUPR_all=0.5998  val_AUPR_ab=0.7422  val_AUPR_ag=0.3960  val_P@5_ab=1.0000  val_P@5_ag=1.0000  select=0.5691
Ep037  LR0=1.16e-04  pw=1.19  aucα=0.300  token_p=0.020  dropE=(0.020,0.080)  smooth=0.010  train_loss=0.1717  train_AUPR_all=0.8061  train_AUPR_ab=0.8568  train_AUPR_ag=0.7309  train_P@5_ab=1.0000  train_P@5_ag=1.0000  val_loss=0.3140  val_AUPR_all=0.5997  val_AUPR_ab=0.7283  val_AUPR_ag=0.4216  val_P@5_ab=0.9500  val_P@5_ag=1.0000  select=0.5749
Ep038  LR0=1.12e-04  pw=1.17  aucα=0.300  token_p=0.020  dropE=(0.020,0.080)  smooth=0.010  train_loss=0.1663  train_AUPR_all=0.8143  train_AUPR_ab=0.8647  train_AUPR_ag=0.7387  train_P@5_ab=1.0000  train_P@5_ag=1.0000  val_loss=0.3133  val_AUPR_all=0.6019  val_AUPR_ab=0.7349  val_AUPR_ag=0.4148  val_P@5_ab=1.0000  val_P@5_ag=1.0000  select=0.5749
Ep039  LR0=1.08e-04  pw=1.16  aucα=0.300  token_p=0.020  dropE=(0.020,0.080)  smooth=0.010  train_loss=0.1649  train_AUPR_all=0.8144  train_AUPR_ab=0.8645  train_AUPR_ag=0.7393  train_P@5_ab=0.9500  train_P@5_ag=1.0000  val_loss=0.3094  val_AUPR_all=0.6038  val_AUPR_ab=0.7324  val_AUPR_ag=0.4203  val_P@5_ab=1.0000  val_P@5_ag=1.0000  select=0.5763
Ep040  LR0=1.04e-04  pw=1.14  aucα=0.300  token_p=0.020  dropE=(0.020,0.080)  smooth=0.010  train_loss=0.1575  train_AUPR_all=0.8272  train_AUPR_ab=0.8713  train_AUPR_ag=0.7620  train_P@5_ab=1.0000  train_P@5_ag=1.0000  val_loss=0.3143  val_AUPR_all=0.5950  val_AUPR_ab=0.7296  val_AUPR_ag=0.4113  val_P@5_ab=0.9000  val_P@5_ag=1.0000  select=0.5704
Ep041  LR0=1.00e-04  pw=1.13  aucα=0.300  token_p=0.020  dropE=(0.020,0.080)  smooth=0.010  train_loss=0.1524  train_AUPR_all=0.8358  train_AUPR_ab=0.8791  train_AUPR_ag=0.7710  train_P@5_ab=1.0000  train_P@5_ag=1.0000  val_loss=0.3207  val_AUPR_all=0.5957  val_AUPR_ab=0.7295  val_AUPR_ag=0.4073  val_P@5_ab=1.0000  val_P@5_ag=0.9000  select=0.5684
Ep042  LR0=9.63e-05  pw=1.12  aucα=0.300  token_p=0.020  dropE=(0.020,0.080)  smooth=0.010  train_loss=0.1486  train_AUPR_all=0.8415  train_AUPR_ab=0.8837  train_AUPR_ag=0.7785  train_P@5_ab=0.9500  train_P@5_ag=1.0000  val_loss=0.3159  val_AUPR_all=0.5955  val_AUPR_ab=0.7339  val_AUPR_ag=0.4106  val_P@5_ab=0.9500  val_P@5_ag=0.8500  select=0.5722
Ep043  LR0=9.24e-05  pw=1.10  aucα=0.300  token_p=0.020  dropE=(0.020,0.080)  smooth=0.010  train_loss=0.1439  train_AUPR_all=0.8497  train_AUPR_ab=0.8933  train_AUPR_ag=0.7840  train_P@5_ab=1.0000  train_P@5_ag=0.9500  val_loss=0.3154  val_AUPR_all=0.5956  val_AUPR_ab=0.7234  val_AUPR_ag=0.4195  val_P@5_ab=0.9500  val_P@5_ag=1.0000  select=0.5715
Ep044  LR0=8.85e-05  pw=1.09  aucα=0.300  token_p=0.020  dropE=(0.020,0.080)  smooth=0.010  train_loss=0.1444  train_AUPR_all=0.8470  train_AUPR_ab=0.8877  train_AUPR_ag=0.7862  train_P@5_ab=1.0000  train_P@5_ag=1.0000  val_loss=0.3237  val_AUPR_all=0.5979  val_AUPR_ab=0.7355  val_AUPR_ag=0.4111  val_P@5_ab=1.0000  val_P@5_ag=1.0000  select=0.5733
Ep045  LR0=8.46e-05  pw=1.09  aucα=0.300  token_p=0.020  dropE=(0.020,0.080)  smooth=0.010  train_loss=0.1370  train_AUPR_all=0.8595  train_AUPR_ab=0.8993  train_AUPR_ag=0.7997  train_P@5_ab=1.0000  train_P@5_ag=1.0000  val_loss=0.3117  val_AUPR_all=0.5964  val_AUPR_ab=0.7297  val_AUPR_ag=0.4116  val_P@5_ab=0.9000  val_P@5_ag=0.9000  select=0.5706
Ep046  LR0=8.08e-05  pw=1.08  aucα=0.300  token_p=0.020  dropE=(0.020,0.080)  smooth=0.010  train_loss=0.1353  train_AUPR_all=0.8614  train_AUPR_ab=0.8970  train_AUPR_ag=0.8089  train_P@5_ab=1.0000  train_P@5_ag=1.0000  val_loss=0.3288  val_AUPR_all=0.5867  val_AUPR_ab=0.7226  val_AUPR_ag=0.4029  val_P@5_ab=0.9000  val_P@5_ag=1.0000  select=0.5628
Ep047  LR0=7.70e-05  pw=1.07  aucα=0.300  token_p=0.020  dropE=(0.020,0.080)  smooth=0.010  train_loss=0.1306  train_AUPR_all=0.8694  train_AUPR_ab=0.9065  train_AUPR_ag=0.8135  train_P@5_ab=1.0000  train_P@5_ag=1.0000  val_loss=0.3163  val_AUPR_all=0.5965  val_AUPR_ab=0.7290  val_AUPR_ag=0.4167  val_P@5_ab=0.9500  val_P@5_ag=0.9500  select=0.5729
Ep048  LR0=7.32e-05  pw=1.06  aucα=0.300  token_p=0.020  dropE=(0.020,0.080)  smooth=0.010  train_loss=0.1278  train_AUPR_all=0.8744  train_AUPR_ab=0.9101  train_AUPR_ag=0.8207  train_P@5_ab=1.0000  train_P@5_ag=1.0000  val_loss=0.3195  val_AUPR_all=0.5896  val_AUPR_ab=0.7309  val_AUPR_ag=0.4047  val_P@5_ab=0.9500  val_P@5_ag=0.9500  select=0.5678
Ep049  LR0=6.94e-05  pw=1.06  aucα=0.300  token_p=0.020  dropE=(0.020,0.080)  smooth=0.010  train_loss=0.1262  train_AUPR_all=0.8750  train_AUPR_ab=0.9108  train_AUPR_ag=0.8205  train_P@5_ab=1.0000  train_P@5_ag=1.0000  val_loss=0.3254  val_AUPR_all=0.5961  val_AUPR_ab=0.7240  val_AUPR_ag=0.4231  val_P@5_ab=0.7500  val_P@5_ag=0.9000  select=0.5735
Ep050  LR0=6.57e-05  pw=1.05  aucα=0.300  token_p=0.020  dropE=(0.020,0.080)  smooth=0.010  train_loss=0.1205  train_AUPR_all=0.8852  train_AUPR_ab=0.9191  train_AUPR_ag=0.8336  train_P@5_ab=1.0000  train_P@5_ag=1.0000  val_loss=0.3258  val_AUPR_all=0.5905  val_AUPR_ab=0.7226  val_AUPR_ag=0.4068  val_P@5_ab=0.8500  val_P@5_ag=0.9000  select=0.5647
Ep051  LR0=6.21e-05  pw=1.05  aucα=0.300  token_p=0.020  dropE=(0.020,0.080)  smooth=0.010  train_loss=0.1240  train_AUPR_all=0.8794  train_AUPR_ab=0.9164  train_AUPR_ag=0.8229  train_P@5_ab=1.0000  train_P@5_ag=1.0000  val_loss=0.3193  val_AUPR_all=0.5873  val_AUPR_ab=0.7189  val_AUPR_ag=0.4051  val_P@5_ab=0.7500  val_P@5_ag=0.8000  select=0.5620
Ep052  LR0=5.85e-05  pw=1.04  aucα=0.300  token_p=0.020  dropE=(0.020,0.080)  smooth=0.010  train_loss=0.1195  train_AUPR_all=0.8857  train_AUPR_ab=0.9185  train_AUPR_ag=0.8358  train_P@5_ab=1.0000  train_P@5_ag=1.0000  val_loss=0.3206  val_AUPR_all=0.5910  val_AUPR_ab=0.7250  val_AUPR_ag=0.4082  val_P@5_ab=0.9000  val_P@5_ag=0.8000  select=0.5666
Ep053  LR0=5.50e-05  pw=1.04  aucα=0.300  token_p=0.020  dropE=(0.020,0.080)  smooth=0.010  train_loss=0.1178  train_AUPR_all=0.8878  train_AUPR_ab=0.9201  train_AUPR_ag=0.8389  train_P@5_ab=1.0000  train_P@5_ag=1.0000  val_loss=0.3190  val_AUPR_all=0.5892  val_AUPR_ab=0.7189  val_AUPR_ag=0.4145  val_P@5_ab=0.8500  val_P@5_ag=0.8500  select=0.5667
Ep054  LR0=5.15e-05  pw=1.03  aucα=0.300  token_p=0.020  dropE=(0.020,0.080)  smooth=0.010  train_loss=0.1150  train_AUPR_all=0.8943  train_AUPR_ab=0.9255  train_AUPR_ag=0.8471  train_P@5_ab=1.0000  train_P@5_ag=1.0000  val_loss=0.3236  val_AUPR_all=0.5871  val_AUPR_ab=0.7219  val_AUPR_ag=0.4052  val_P@5_ab=0.8000  val_P@5_ag=0.7500  select=0.5635
Ep055  LR0=4.81e-05  pw=1.03  aucα=0.300  token_p=0.020  dropE=(0.020,0.080)  smooth=0.010  train_loss=0.1120  train_AUPR_all=0.8957  train_AUPR_ab=0.9290  train_AUPR_ag=0.8446  train_P@5_ab=1.0000  train_P@5_ag=0.9500  val_loss=0.3285  val_AUPR_all=0.5776  val_AUPR_ab=0.7132  val_AUPR_ag=0.3962  val_P@5_ab=0.6500  val_P@5_ag=0.6500  select=0.5547
Early stopping at epoch 55. Best select=0.5862 at epoch 35.
Final saved checkpoint for fold 1: checkpoints_esm/iPara_balanced_l1_g5_i5_do0.10_dpr0.10_lr0.0002_heads16_fold1.pth
Best select=0.5862 at epoch 35

==========================================================================================
Fold 2/5
==========================================================================================
Train labels: valid=400834, pos=26650, neg=374184, ignore=696766, pos_frac=0.06649
Val labels: valid=99358, pos=6580, neg=92778, ignore=175842, pos_frac=0.06623
Initializing ClassificationModel with 5 GAT layers and residual connections...
Initializing MCModel with 5 GAT layers and 5 row attention layers (drop_path_rate=0.1, use_esm=True)
Initializing CoreModel with 1 layers, drop_path_rate=0.1
Ep001  LR0=2.00e-04  pw=8.00  aucα=0.000  token_p=0.020  dropE=(0.020,0.080)  smooth=0.010  train_loss=0.7312  train_AUPR_all=0.2219  train_AUPR_ab=0.2542  train_AUPR_ag=0.1693  train_P@5_ab=0.1000  train_P@5_ag=0.3000  val_loss=0.9011  val_AUPR_all=0.4157  val_AUPR_ab=0.5436  val_AUPR_ag=0.1999  val_P@5_ab=0.8500  val_P@5_ag=0.6000  select=0.3718
  Saved checkpoint: checkpoints_esm/iPara_balanced_l1_g5_i5_do0.10_dpr0.10_lr0.0002_heads16_fold2.pth  select=0.3718  val_ab=0.5436  val_ag=0.1999  val_all=0.4157
Ep002  LR0=2.00e-04  pw=7.33  aucα=0.000  token_p=0.020  dropE=(0.020,0.080)  smooth=0.010  train_loss=0.5256  train_AUPR_all=0.4149  train_AUPR_ab=0.5114  train_AUPR_ag=0.2587  train_P@5_ab=0.9000  train_P@5_ag=0.9000  val_loss=0.8618  val_AUPR_all=0.4300  val_AUPR_ab=0.5636  val_AUPR_ag=0.2330  val_P@5_ab=0.9000  val_P@5_ag=0.9500  select=0.3983
  Saved checkpoint: checkpoints_esm/iPara_balanced_l1_g5_i5_do0.10_dpr0.10_lr0.0002_heads16_fold2.pth  select=0.3983  val_ab=0.5636  val_ag=0.2330  val_all=0.4300
Ep003  LR0=2.00e-04  pw=6.73  aucα=0.000  token_p=0.020  dropE=(0.020,0.080)  smooth=0.010  train_loss=0.4707  train_AUPR_all=0.4619  train_AUPR_ab=0.5585  train_AUPR_ag=0.2970  train_P@5_ab=0.8500  train_P@5_ag=0.7000  val_loss=0.7310  val_AUPR_all=0.4034  val_AUPR_ab=0.5628  val_AUPR_ag=0.2596  val_P@5_ab=0.7500  val_P@5_ag=0.8500  select=0.4112
  Saved checkpoint: checkpoints_esm/iPara_balanced_l1_g5_i5_do0.10_dpr0.10_lr0.0002_heads16_fold2.pth  select=0.4112  val_ab=0.5628  val_ag=0.2596  val_all=0.4034
Ep004  LR0=1.99e-04  pw=6.19  aucα=0.000  token_p=0.020  dropE=(0.020,0.080)  smooth=0.010  train_loss=0.4412  train_AUPR_all=0.4847  train_AUPR_ab=0.5837  train_AUPR_ag=0.3191  train_P@5_ab=0.8000  train_P@5_ag=0.9500  val_loss=0.6750  val_AUPR_all=0.4629  val_AUPR_ab=0.5332  val_AUPR_ag=0.3224  val_P@5_ab=0.6500  val_P@5_ag=0.9000  select=0.4278
  Saved checkpoint: checkpoints_esm/iPara_balanced_l1_g5_i5_do0.10_dpr0.10_lr0.0002_heads16_fold2.pth  select=0.4278  val_ab=0.5332  val_ag=0.3224  val_all=0.4629
Ep005  LR0=1.99e-04  pw=5.69  aucα=0.000  token_p=0.020  dropE=(0.020,0.080)  smooth=0.010  train_loss=0.4103  train_AUPR_all=0.4951  train_AUPR_ab=0.5951  train_AUPR_ag=0.3184  train_P@5_ab=0.9500  train_P@5_ag=0.9000  val_loss=0.6252  val_AUPR_all=0.4846  val_AUPR_ab=0.6047  val_AUPR_ag=0.3022  val_P@5_ab=0.8000  val_P@5_ag=0.9500  select=0.4534
  Saved checkpoint: checkpoints_esm/iPara_balanced_l1_g5_i5_do0.10_dpr0.10_lr0.0002_heads16_fold2.pth  select=0.4534  val_ab=0.6047  val_ag=0.3022  val_all=0.4846
Ep006  LR0=1.98e-04  pw=5.25  aucα=0.000  token_p=0.020  dropE=(0.020,0.080)  smooth=0.010  train_loss=0.3839  train_AUPR_all=0.5127  train_AUPR_ab=0.6147  train_AUPR_ag=0.3366  train_P@5_ab=0.7500  train_P@5_ag=0.8500  val_loss=0.6652  val_AUPR_all=0.5129  val_AUPR_ab=0.6284  val_AUPR_ag=0.3148  val_P@5_ab=0.7500  val_P@5_ag=0.8500  select=0.4716
  Saved checkpoint: checkpoints_esm/iPara_balanced_l1_g5_i5_do0.10_dpr0.10_lr0.0002_heads16_fold2.pth  select=0.4716  val_ab=0.6284  val_ag=0.3148  val_all=0.5129
Ep007  LR0=1.97e-04  pw=4.84  aucα=0.000  token_p=0.020  dropE=(0.020,0.080)  smooth=0.010  train_loss=0.3608  train_AUPR_all=0.5265  train_AUPR_ab=0.6290  train_AUPR_ag=0.3490  train_P@5_ab=1.0000  train_P@5_ag=0.8500  val_loss=0.7512  val_AUPR_all=0.5161  val_AUPR_ab=0.6538  val_AUPR_ag=0.3106  val_P@5_ab=0.8000  val_P@5_ag=0.9000  select=0.4822
  Saved checkpoint: checkpoints_esm/iPara_balanced_l1_g5_i5_do0.10_dpr0.10_lr0.0002_heads16_fold2.pth  select=0.4822  val_ab=0.6538  val_ag=0.3106  val_all=0.5161
Ep008  LR0=1.96e-04  pw=4.48  aucα=0.000  token_p=0.020  dropE=(0.020,0.080)  smooth=0.010  train_loss=0.3397  train_AUPR_all=0.5319  train_AUPR_ab=0.6454  train_AUPR_ag=0.3479  train_P@5_ab=0.9000  train_P@5_ag=0.8500  val_loss=0.5370  val_AUPR_all=0.5310  val_AUPR_ab=0.6433  val_AUPR_ag=0.3533  val_P@5_ab=0.8500  val_P@5_ag=1.0000  select=0.4983
  Saved checkpoint: checkpoints_esm/iPara_balanced_l1_g5_i5_do0.10_dpr0.10_lr0.0002_heads16_fold2.pth  select=0.4983  val_ab=0.6433  val_ag=0.3533  val_all=0.5310
Ep009  LR0=1.95e-04  pw=4.15  aucα=0.000  token_p=0.020  dropE=(0.020,0.080)  smooth=0.010  train_loss=0.3247  train_AUPR_all=0.5398  train_AUPR_ab=0.6483  train_AUPR_ag=0.3589  train_P@5_ab=0.8000  train_P@5_ag=0.7500  val_loss=0.5241  val_AUPR_all=0.5477  val_AUPR_ab=0.6681  val_AUPR_ag=0.3492  val_P@5_ab=0.9000  val_P@5_ag=0.9000  select=0.5087
  Saved checkpoint: checkpoints_esm/iPara_balanced_l1_g5_i5_do0.10_dpr0.10_lr0.0002_heads16_fold2.pth  select=0.5087  val_ab=0.6681  val_ag=0.3492  val_all=0.5477
Ep010  LR0=1.94e-04  pw=3.85  aucα=0.030  token_p=0.020  dropE=(0.020,0.080)  smooth=0.010  train_loss=0.3207  train_AUPR_all=0.5586  train_AUPR_ab=0.6741  train_AUPR_ag=0.3660  train_P@5_ab=0.9500  train_P@5_ag=0.9500  val_loss=0.5409  val_AUPR_all=0.5273  val_AUPR_ab=0.6698  val_AUPR_ag=0.3352  val_P@5_ab=0.9000  val_P@5_ag=1.0000  select=0.5025
Unfreezing DyM parameters.
Ep011  LR0=1.92e-04  pw=3.58  aucα=0.060  token_p=0.020  dropE=(0.020,0.080)  smooth=0.010  train_loss=0.3250  train_AUPR_all=0.5660  train_AUPR_ab=0.6804  train_AUPR_ag=0.3768  train_P@5_ab=1.0000  train_P@5_ag=0.9000  val_loss=0.5178  val_AUPR_all=0.5133  val_AUPR_ab=0.6495  val_AUPR_ag=0.3068  val_P@5_ab=0.8500  val_P@5_ag=0.7000  select=0.4782
Ep012  LR0=1.91e-04  pw=3.33  aucα=0.090  token_p=0.020  dropE=(0.020,0.080)  smooth=0.010  train_loss=0.3203  train_AUPR_all=0.5708  train_AUPR_ab=0.6894  train_AUPR_ag=0.3765  train_P@5_ab=1.0000  train_P@5_ag=0.8500  val_loss=0.4772  val_AUPR_all=0.5603  val_AUPR_ab=0.6837  val_AUPR_ag=0.3501  val_P@5_ab=0.9000  val_P@5_ag=0.9500  select=0.5169
  Saved checkpoint: checkpoints_esm/iPara_balanced_l1_g5_i5_do0.10_dpr0.10_lr0.0002_heads16_fold2.pth  select=0.5169  val_ab=0.6837  val_ag=0.3501  val_all=0.5603
Ep013  LR0=1.89e-04  pw=3.11  aucα=0.120  token_p=0.020  dropE=(0.020,0.080)  smooth=0.010  train_loss=0.3219  train_AUPR_all=0.5779  train_AUPR_ab=0.6904  train_AUPR_ag=0.3918  train_P@5_ab=0.9500  train_P@5_ag=0.8500  val_loss=0.5002  val_AUPR_all=0.5537  val_AUPR_ab=0.6912  val_AUPR_ag=0.3457  val_P@5_ab=0.8500  val_P@5_ag=0.9500  select=0.5184
  Saved checkpoint: checkpoints_esm/iPara_balanced_l1_g5_i5_do0.10_dpr0.10_lr0.0002_heads16_fold2.pth  select=0.5184  val_ab=0.6912  val_ag=0.3457  val_all=0.5537
Ep014  LR0=1.87e-04  pw=2.91  aucα=0.150  token_p=0.020  dropE=(0.020,0.080)  smooth=0.010  train_loss=0.3190  train_AUPR_all=0.5898  train_AUPR_ab=0.7092  train_AUPR_ag=0.3941  train_P@5_ab=1.0000  train_P@5_ag=0.9500  val_loss=0.4486  val_AUPR_all=0.5564  val_AUPR_ab=0.6907  val_AUPR_ag=0.3637  val_P@5_ab=0.9000  val_P@5_ag=1.0000  select=0.5272
  Saved checkpoint: checkpoints_esm/iPara_balanced_l1_g5_i5_do0.10_dpr0.10_lr0.0002_heads16_fold2.pth  select=0.5272  val_ab=0.6907  val_ag=0.3637  val_all=0.5564
Ep015  LR0=1.85e-04  pw=2.73  aucα=0.180  token_p=0.020  dropE=(0.020,0.080)  smooth=0.010  train_loss=0.3242  train_AUPR_all=0.5937  train_AUPR_ab=0.7069  train_AUPR_ag=0.4099  train_P@5_ab=0.9000  train_P@5_ag=0.9000  val_loss=0.4104  val_AUPR_all=0.5569  val_AUPR_ab=0.6954  val_AUPR_ag=0.3465  val_P@5_ab=0.8000  val_P@5_ag=0.9000  select=0.5210
Ep016  LR0=1.83e-04  pw=2.56  aucα=0.210  token_p=0.020  dropE=(0.020,0.080)  smooth=0.010  train_loss=0.3222  train_AUPR_all=0.6072  train_AUPR_ab=0.7200  train_AUPR_ag=0.4236  train_P@5_ab=1.0000  train_P@5_ag=0.9000  val_loss=0.4250  val_AUPR_all=0.5433  val_AUPR_ab=0.6932  val_AUPR_ag=0.3347  val_P@5_ab=0.9500  val_P@5_ag=1.0000  select=0.5140
Ep017  LR0=1.81e-04  pw=2.41  aucα=0.240  token_p=0.020  dropE=(0.020,0.080)  smooth=0.010  train_loss=0.3216  train_AUPR_all=0.6176  train_AUPR_ab=0.7312  train_AUPR_ag=0.4316  train_P@5_ab=1.0000  train_P@5_ag=0.9500  val_loss=0.3949  val_AUPR_all=0.5686  val_AUPR_ab=0.6947  val_AUPR_ag=0.3639  val_P@5_ab=0.9000  val_P@5_ag=0.9500  select=0.5293
  Saved checkpoint: checkpoints_esm/iPara_balanced_l1_g5_i5_do0.10_dpr0.10_lr0.0002_heads16_fold2.pth  select=0.5293  val_ab=0.6947  val_ag=0.3639  val_all=0.5686
Ep018  LR0=1.79e-04  pw=2.28  aucα=0.270  token_p=0.020  dropE=(0.020,0.080)  smooth=0.010  train_loss=0.3228  train_AUPR_all=0.6251  train_AUPR_ab=0.7371  train_AUPR_ag=0.4432  train_P@5_ab=1.0000  train_P@5_ag=1.0000  val_loss=0.4126  val_AUPR_all=0.5524  val_AUPR_ab=0.6840  val_AUPR_ag=0.3666  val_P@5_ab=0.9000  val_P@5_ag=0.9500  select=0.5253
Ep019  LR0=1.76e-04  pw=2.16  aucα=0.300  token_p=0.020  dropE=(0.020,0.080)  smooth=0.010  train_loss=0.3249  train_AUPR_all=0.6302  train_AUPR_ab=0.7392  train_AUPR_ag=0.4548  train_P@5_ab=0.9500  train_P@5_ag=0.9500  val_loss=0.3983  val_AUPR_all=0.5501  val_AUPR_ab=0.7010  val_AUPR_ag=0.3033  val_P@5_ab=0.9000  val_P@5_ag=0.7000  select=0.5022
Ep020  LR0=1.73e-04  pw=2.05  aucα=0.300  token_p=0.020  dropE=(0.020,0.080)  smooth=0.010  train_loss=0.3156  train_AUPR_all=0.6407  train_AUPR_ab=0.7509  train_AUPR_ag=0.4644  train_P@5_ab=0.9500  train_P@5_ag=1.0000  val_loss=0.4325  val_AUPR_all=0.4600  val_AUPR_ab=0.6429  val_AUPR_ag=0.2583  val_P@5_ab=0.9000  val_P@5_ag=0.9500  select=0.4506
Ep021  LR0=1.71e-04  pw=1.95  aucα=0.300  token_p=0.020  dropE=(0.020,0.080)  smooth=0.010  train_loss=0.3048  train_AUPR_all=0.6461  train_AUPR_ab=0.7523  train_AUPR_ag=0.4787  train_P@5_ab=1.0000  train_P@5_ag=0.9500  val_loss=0.3952  val_AUPR_all=0.5505  val_AUPR_ab=0.6883  val_AUPR_ag=0.3535  val_P@5_ab=0.8000  val_P@5_ag=0.9500  select=0.5209
Ep022  LR0=1.68e-04  pw=1.86  aucα=0.300  token_p=0.020  dropE=(0.020,0.080)  smooth=0.010  train_loss=0.2968  train_AUPR_all=0.6535  train_AUPR_ab=0.7581  train_AUPR_ag=0.4882  train_P@5_ab=1.0000  train_P@5_ag=1.0000  val_loss=0.3684  val_AUPR_all=0.5304  val_AUPR_ab=0.6658  val_AUPR_ag=0.3333  val_P@5_ab=0.9500  val_P@5_ag=1.0000  select=0.4995
Ep023  LR0=1.65e-04  pw=1.78  aucα=0.300  token_p=0.020  dropE=(0.020,0.080)  smooth=0.010  train_loss=0.2828  train_AUPR_all=0.6683  train_AUPR_ab=0.7696  train_AUPR_ag=0.5095  train_P@5_ab=1.0000  train_P@5_ag=0.9500  val_loss=0.3983  val_AUPR_all=0.5110  val_AUPR_ab=0.6803  val_AUPR_ag=0.3325  val_P@5_ab=0.9500  val_P@5_ag=0.9500  select=0.5064
Ep024  LR0=1.62e-04  pw=1.70  aucα=0.300  token_p=0.020  dropE=(0.020,0.080)  smooth=0.010  train_loss=0.2711  train_AUPR_all=0.6807  train_AUPR_ab=0.7757  train_AUPR_ag=0.5335  train_P@5_ab=0.9500  train_P@5_ag=1.0000  val_loss=0.3515  val_AUPR_all=0.5717  val_AUPR_ab=0.7121  val_AUPR_ag=0.3816  val_P@5_ab=0.9500  val_P@5_ag=0.9000  select=0.5469
  Saved checkpoint: checkpoints_esm/iPara_balanced_l1_g5_i5_do0.10_dpr0.10_lr0.0002_heads16_fold2.pth  select=0.5469  val_ab=0.7121  val_ag=0.3816  val_all=0.5717
Ep025  LR0=1.59e-04  pw=1.64  aucα=0.300  token_p=0.020  dropE=(0.020,0.080)  smooth=0.010  train_loss=0.2662  train_AUPR_all=0.6857  train_AUPR_ab=0.7818  train_AUPR_ag=0.5373  train_P@5_ab=1.0000  train_P@5_ag=0.9500  val_loss=0.3372  val_AUPR_all=0.5608  val_AUPR_ab=0.7196  val_AUPR_ag=0.3506  val_P@5_ab=0.9500  val_P@5_ag=0.9500  select=0.5351
Ep026  LR0=1.56e-04  pw=1.57  aucα=0.300  token_p=0.020  dropE=(0.020,0.080)  smooth=0.010  train_loss=0.2585  train_AUPR_all=0.6898  train_AUPR_ab=0.7812  train_AUPR_ag=0.5498  train_P@5_ab=1.0000  train_P@5_ag=1.0000  val_loss=0.3464  val_AUPR_all=0.5765  val_AUPR_ab=0.7161  val_AUPR_ag=0.3943  val_P@5_ab=0.9500  val_P@5_ag=0.9000  select=0.5552
  Saved checkpoint: checkpoints_esm/iPara_balanced_l1_g5_i5_do0.10_dpr0.10_lr0.0002_heads16_fold2.pth  select=0.5552  val_ab=0.7161  val_ag=0.3943  val_all=0.5765
Ep027  LR0=1.52e-04  pw=1.52  aucα=0.300  token_p=0.020  dropE=(0.020,0.080)  smooth=0.010  train_loss=0.2487  train_AUPR_all=0.7031  train_AUPR_ab=0.7887  train_AUPR_ag=0.5725  train_P@5_ab=1.0000  train_P@5_ag=1.0000  val_loss=0.3478  val_AUPR_all=0.5647  val_AUPR_ab=0.7093  val_AUPR_ag=0.3582  val_P@5_ab=0.9500  val_P@5_ag=0.9500  select=0.5338
Ep028  LR0=1.49e-04  pw=1.47  aucα=0.300  token_p=0.020  dropE=(0.020,0.080)  smooth=0.010  train_loss=0.2391  train_AUPR_all=0.7163  train_AUPR_ab=0.7998  train_AUPR_ag=0.5895  train_P@5_ab=1.0000  train_P@5_ag=1.0000  val_loss=0.3249  val_AUPR_all=0.5805  val_AUPR_ab=0.7147  val_AUPR_ag=0.4009  val_P@5_ab=0.9000  val_P@5_ag=0.9000  select=0.5578
  Saved checkpoint: checkpoints_esm/iPara_balanced_l1_g5_i5_do0.10_dpr0.10_lr0.0002_heads16_fold2.pth  select=0.5578  val_ab=0.7147  val_ag=0.4009  val_all=0.5805
Ep029  LR0=1.46e-04  pw=1.43  aucα=0.300  token_p=0.020  dropE=(0.020,0.080)  smooth=0.010  train_loss=0.2298  train_AUPR_all=0.7271  train_AUPR_ab=0.8092  train_AUPR_ag=0.6027  train_P@5_ab=1.0000  train_P@5_ag=1.0000  val_loss=0.3161  val_AUPR_all=0.6063  val_AUPR_ab=0.7389  val_AUPR_ag=0.4181  val_P@5_ab=0.9000  val_P@5_ag=0.8500  select=0.5785
  Saved checkpoint: checkpoints_esm/iPara_balanced_l1_g5_i5_do0.10_dpr0.10_lr0.0002_heads16_fold2.pth  select=0.5785  val_ab=0.7389  val_ag=0.4181  val_all=0.6063
Ep030  LR0=1.42e-04  pw=1.39  aucα=0.300  token_p=0.020  dropE=(0.020,0.080)  smooth=0.010  train_loss=0.2236  train_AUPR_all=0.7333  train_AUPR_ab=0.8098  train_AUPR_ag=0.6178  train_P@5_ab=1.0000  train_P@5_ag=1.0000  val_loss=0.3277  val_AUPR_all=0.5913  val_AUPR_ab=0.7260  val_AUPR_ag=0.3915  val_P@5_ab=0.9500  val_P@5_ag=0.9000  select=0.5587
Ep031  LR0=1.38e-04  pw=1.35  aucα=0.300  token_p=0.020  dropE=(0.020,0.080)  smooth=0.010  train_loss=0.2143  train_AUPR_all=0.7470  train_AUPR_ab=0.8174  train_AUPR_ag=0.6425  train_P@5_ab=1.0000  train_P@5_ag=1.0000  val_loss=0.3319  val_AUPR_all=0.5919  val_AUPR_ab=0.7182  val_AUPR_ag=0.4145  val_P@5_ab=0.9500  val_P@5_ag=0.9000  select=0.5664
Ep032  LR0=1.35e-04  pw=1.32  aucα=0.300  token_p=0.020  dropE=(0.020,0.080)  smooth=0.010  train_loss=0.2111  train_AUPR_all=0.7494  train_AUPR_ab=0.8207  train_AUPR_ag=0.6423  train_P@5_ab=1.0000  train_P@5_ag=1.0000  val_loss=0.3333  val_AUPR_all=0.5798  val_AUPR_ab=0.7271  val_AUPR_ag=0.3826  val_P@5_ab=0.9500  val_P@5_ag=0.8500  select=0.5549
Ep033  LR0=1.31e-04  pw=1.29  aucα=0.300  token_p=0.020  dropE=(0.020,0.080)  smooth=0.010  train_loss=0.2039  train_AUPR_all=0.7587  train_AUPR_ab=0.8276  train_AUPR_ag=0.6557  train_P@5_ab=1.0000  train_P@5_ag=1.0000  val_loss=0.3266  val_AUPR_all=0.5867  val_AUPR_ab=0.7218  val_AUPR_ag=0.3963  val_P@5_ab=0.9000  val_P@5_ag=0.9500  select=0.5590
Ep034  LR0=1.27e-04  pw=1.26  aucα=0.300  token_p=0.020  dropE=(0.020,0.080)  smooth=0.010  train_loss=0.1998  train_AUPR_all=0.7637  train_AUPR_ab=0.8282  train_AUPR_ag=0.6683  train_P@5_ab=1.0000  train_P@5_ag=1.0000  val_loss=0.3127  val_AUPR_all=0.6085  val_AUPR_ab=0.7320  val_AUPR_ag=0.4324  val_P@5_ab=1.0000  val_P@5_ag=0.8500  select=0.5822
  Saved checkpoint: checkpoints_esm/iPara_balanced_l1_g5_i5_do0.10_dpr0.10_lr0.0002_heads16_fold2.pth  select=0.5822  val_ab=0.7320  val_ag=0.4324  val_all=0.6085
Ep035  LR0=1.24e-04  pw=1.23  aucα=0.300  token_p=0.020  dropE=(0.020,0.080)  smooth=0.010  train_loss=0.1908  train_AUPR_all=0.7764  train_AUPR_ab=0.8395  train_AUPR_ag=0.6832  train_P@5_ab=1.0000  train_P@5_ag=0.9500  val_loss=0.3304  val_AUPR_all=0.5814  val_AUPR_ab=0.7206  val_AUPR_ag=0.4017  val_P@5_ab=0.9500  val_P@5_ag=0.8000  select=0.5611
Ep036  LR0=1.20e-04  pw=1.21  aucα=0.300  token_p=0.020  dropE=(0.020,0.080)  smooth=0.010  train_loss=0.1823  train_AUPR_all=0.7904  train_AUPR_ab=0.8459  train_AUPR_ag=0.7097  train_P@5_ab=1.0000  train_P@5_ag=1.0000  val_loss=0.3291  val_AUPR_all=0.5784  val_AUPR_ab=0.7303  val_AUPR_ag=0.3716  val_P@5_ab=0.9500  val_P@5_ag=0.9000  select=0.5510
Ep037  LR0=1.16e-04  pw=1.19  aucα=0.300  token_p=0.020  dropE=(0.020,0.080)  smooth=0.010  train_loss=0.1794  train_AUPR_all=0.7946  train_AUPR_ab=0.8514  train_AUPR_ag=0.7111  train_P@5_ab=1.0000  train_P@5_ag=1.0000  val_loss=0.3301  val_AUPR_all=0.5614  val_AUPR_ab=0.6982  val_AUPR_ag=0.3792  val_P@5_ab=0.9500  val_P@5_ag=0.9500  select=0.5387
Ep038  LR0=1.12e-04  pw=1.17  aucα=0.300  token_p=0.020  dropE=(0.020,0.080)  smooth=0.010  train_loss=0.1763  train_AUPR_all=0.7971  train_AUPR_ab=0.8522  train_AUPR_ag=0.7160  train_P@5_ab=1.0000  train_P@5_ag=1.0000  val_loss=0.3184  val_AUPR_all=0.5954  val_AUPR_ab=0.7274  val_AUPR_ag=0.4261  val_P@5_ab=0.9500  val_P@5_ag=0.9000  select=0.5768
Ep039  LR0=1.08e-04  pw=1.16  aucα=0.300  token_p=0.020  dropE=(0.020,0.080)  smooth=0.010  train_loss=0.1698  train_AUPR_all=0.8071  train_AUPR_ab=0.8575  train_AUPR_ag=0.7337  train_P@5_ab=1.0000  train_P@5_ag=1.0000  val_loss=0.3116  val_AUPR_all=0.6021  val_AUPR_ab=0.7331  val_AUPR_ag=0.4192  val_P@5_ab=0.9500  val_P@5_ag=0.9000  select=0.5762
Ep040  LR0=1.04e-04  pw=1.14  aucα=0.300  token_p=0.020  dropE=(0.020,0.080)  smooth=0.010  train_loss=0.1653  train_AUPR_all=0.8139  train_AUPR_ab=0.8632  train_AUPR_ag=0.7416  train_P@5_ab=1.0000  train_P@5_ag=1.0000  val_loss=0.3201  val_AUPR_all=0.5947  val_AUPR_ab=0.7316  val_AUPR_ag=0.4103  val_P@5_ab=1.0000  val_P@5_ag=0.8000  select=0.5709
Ep041  LR0=1.00e-04  pw=1.13  aucα=0.300  token_p=0.020  dropE=(0.020,0.080)  smooth=0.010  train_loss=0.1608  train_AUPR_all=0.8210  train_AUPR_ab=0.8709  train_AUPR_ag=0.7476  train_P@5_ab=1.0000  train_P@5_ag=0.9500  val_loss=0.3170  val_AUPR_all=0.6073  val_AUPR_ab=0.7296  val_AUPR_ag=0.4332  val_P@5_ab=0.9000  val_P@5_ag=0.9500  select=0.5814
Ep042  LR0=9.63e-05  pw=1.12  aucα=0.300  token_p=0.020  dropE=(0.020,0.080)  smooth=0.010  train_loss=0.1552  train_AUPR_all=0.8302  train_AUPR_ab=0.8763  train_AUPR_ag=0.7632  train_P@5_ab=1.0000  train_P@5_ag=1.0000  val_loss=0.3259  val_AUPR_all=0.5844  val_AUPR_ab=0.7259  val_AUPR_ag=0.3839  val_P@5_ab=0.9000  val_P@5_ag=0.8000  select=0.5549
Ep043  LR0=9.24e-05  pw=1.10  aucα=0.300  token_p=0.020  dropE=(0.020,0.080)  smooth=0.010  train_loss=0.1504  train_AUPR_all=0.8383  train_AUPR_ab=0.8801  train_AUPR_ag=0.7781  train_P@5_ab=1.0000  train_P@5_ag=0.9500  val_loss=0.3160  val_AUPR_all=0.5947  val_AUPR_ab=0.7291  val_AUPR_ag=0.4059  val_P@5_ab=0.9000  val_P@5_ag=0.9000  select=0.5675
Ep044  LR0=8.85e-05  pw=1.09  aucα=0.300  token_p=0.020  dropE=(0.020,0.080)  smooth=0.010  train_loss=0.1442  train_AUPR_all=0.8481  train_AUPR_ab=0.8899  train_AUPR_ag=0.7866  train_P@5_ab=1.0000  train_P@5_ag=1.0000  val_loss=0.3304  val_AUPR_all=0.5843  val_AUPR_ab=0.7293  val_AUPR_ag=0.4080  val_P@5_ab=0.8500  val_P@5_ag=0.8500  select=0.5686
Ep045  LR0=8.46e-05  pw=1.09  aucα=0.300  token_p=0.020  dropE=(0.020,0.080)  smooth=0.010  train_loss=0.1407  train_AUPR_all=0.8534  train_AUPR_ab=0.8933  train_AUPR_ag=0.7951  train_P@5_ab=1.0000  train_P@5_ag=0.9500  val_loss=0.3253  val_AUPR_all=0.5939  val_AUPR_ab=0.7303  val_AUPR_ag=0.4153  val_P@5_ab=0.8500  val_P@5_ag=0.8500  select=0.5728
Ep046  LR0=8.08e-05  pw=1.08  aucα=0.300  token_p=0.020  dropE=(0.020,0.080)  smooth=0.010  train_loss=0.1365  train_AUPR_all=0.8611  train_AUPR_ab=0.8998  train_AUPR_ag=0.8041  train_P@5_ab=1.0000  train_P@5_ag=1.0000  val_loss=0.3303  val_AUPR_all=0.5872  val_AUPR_ab=0.7130  val_AUPR_ag=0.4170  val_P@5_ab=0.8500  val_P@5_ag=0.9000  select=0.5650
Ep047  LR0=7.70e-05  pw=1.07  aucα=0.300  token_p=0.020  dropE=(0.020,0.080)  smooth=0.010  train_loss=0.1366  train_AUPR_all=0.8590  train_AUPR_ab=0.8951  train_AUPR_ag=0.8066  train_P@5_ab=1.0000  train_P@5_ag=1.0000  val_loss=0.3209  val_AUPR_all=0.5870  val_AUPR_ab=0.7112  val_AUPR_ag=0.4228  val_P@5_ab=0.8000  val_P@5_ag=0.8500  select=0.5670
Ep048  LR0=7.32e-05  pw=1.06  aucα=0.300  token_p=0.020  dropE=(0.020,0.080)  smooth=0.010  train_loss=0.1313  train_AUPR_all=0.8685  train_AUPR_ab=0.9059  train_AUPR_ag=0.8133  train_P@5_ab=1.0000  train_P@5_ag=1.0000  val_loss=0.3197  val_AUPR_all=0.5914  val_AUPR_ab=0.7197  val_AUPR_ag=0.4190  val_P@5_ab=0.8000  val_P@5_ag=0.9500  select=0.5694
Ep049  LR0=6.94e-05  pw=1.06  aucα=0.300  token_p=0.020  dropE=(0.020,0.080)  smooth=0.010  train_loss=0.1303  train_AUPR_all=0.8690  train_AUPR_ab=0.9058  train_AUPR_ag=0.8144  train_P@5_ab=1.0000  train_P@5_ag=1.0000  val_loss=0.3290  val_AUPR_all=0.5892  val_AUPR_ab=0.7218  val_AUPR_ag=0.4229  val_P@5_ab=0.9000  val_P@5_ag=0.8500  select=0.5723
Ep050  LR0=6.57e-05  pw=1.05  aucα=0.300  token_p=0.020  dropE=(0.020,0.080)  smooth=0.010  train_loss=0.1296  train_AUPR_all=0.8692  train_AUPR_ab=0.9035  train_AUPR_ag=0.8192  train_P@5_ab=1.0000  train_P@5_ag=1.0000  val_loss=0.3305  val_AUPR_all=0.5854  val_AUPR_ab=0.7278  val_AUPR_ag=0.4100  val_P@5_ab=0.8500  val_P@5_ag=0.9000  select=0.5689
Ep051  LR0=6.21e-05  pw=1.05  aucα=0.300  token_p=0.020  dropE=(0.020,0.080)  smooth=0.010  train_loss=0.1233  train_AUPR_all=0.8809  train_AUPR_ab=0.9131  train_AUPR_ag=0.8338  train_P@5_ab=1.0000  train_P@5_ag=1.0000  val_loss=0.3378  val_AUPR_all=0.5856  val_AUPR_ab=0.7267  val_AUPR_ag=0.4065  val_P@5_ab=0.9000  val_P@5_ag=0.9000  select=0.5666
Ep052  LR0=5.85e-05  pw=1.04  aucα=0.300  token_p=0.020  dropE=(0.020,0.080)  smooth=0.010  train_loss=0.1218  train_AUPR_all=0.8825  train_AUPR_ab=0.9143  train_AUPR_ag=0.8359  train_P@5_ab=1.0000  train_P@5_ag=1.0000  val_loss=0.3309  val_AUPR_all=0.5934  val_AUPR_ab=0.7309  val_AUPR_ag=0.4056  val_P@5_ab=0.9000  val_P@5_ag=0.9500  select=0.5682
Ep053  LR0=5.50e-05  pw=1.04  aucα=0.300  token_p=0.020  dropE=(0.020,0.080)  smooth=0.010  train_loss=0.1215  train_AUPR_all=0.8834  train_AUPR_ab=0.9164  train_AUPR_ag=0.8347  train_P@5_ab=1.0000  train_P@5_ag=1.0000  val_loss=0.3318  val_AUPR_all=0.5781  val_AUPR_ab=0.7231  val_AUPR_ag=0.3884  val_P@5_ab=0.9500  val_P@5_ag=0.8500  select=0.5557
Ep054  LR0=5.15e-05  pw=1.03  aucα=0.300  token_p=0.020  dropE=(0.020,0.080)  smooth=0.010  train_loss=0.1159  train_AUPR_all=0.8920  train_AUPR_ab=0.9236  train_AUPR_ag=0.8454  train_P@5_ab=1.0000  train_P@5_ag=1.0000  val_loss=0.3323  val_AUPR_all=0.5856  val_AUPR_ab=0.7258  val_AUPR_ag=0.4047  val_P@5_ab=0.9500  val_P@5_ag=0.8500  select=0.5653
Early stopping at epoch 54. Best select=0.5822 at epoch 34.
Final saved checkpoint for fold 2: checkpoints_esm/iPara_balanced_l1_g5_i5_do0.10_dpr0.10_lr0.0002_heads16_fold2.pth
Best select=0.5822 at epoch 34

==========================================================================================
Fold 3/5
==========================================================================================
Train labels: valid=401949, pos=26660, neg=375289, ignore=695651, pos_frac=0.06633
Val labels: valid=98243, pos=6570, neg=91673, ignore=176957, pos_frac=0.06687
Initializing ClassificationModel with 5 GAT layers and residual connections...
Initializing MCModel with 5 GAT layers and 5 row attention layers (drop_path_rate=0.1, use_esm=True)
Initializing CoreModel with 1 layers, drop_path_rate=0.1
Ep001  LR0=2.00e-04  pw=8.00  aucα=0.000  token_p=0.020  dropE=(0.020,0.080)  smooth=0.010  train_loss=0.6887  train_AUPR_all=0.3054  train_AUPR_ab=0.3919  train_AUPR_ag=0.1895  train_P@5_ab=0.8500  train_P@5_ag=0.7000  val_loss=0.8600  val_AUPR_all=0.4226  val_AUPR_ab=0.5283  val_AUPR_ag=0.2446  val_P@5_ab=0.8500  val_P@5_ag=1.0000  select=0.3865
  Saved checkpoint: checkpoints_esm/iPara_balanced_l1_g5_i5_do0.10_dpr0.10_lr0.0002_heads16_fold3.pth  select=0.3865  val_ab=0.5283  val_ag=0.2446  val_all=0.4226
Ep002  LR0=2.00e-04  pw=7.33  aucα=0.000  token_p=0.020  dropE=(0.020,0.080)  smooth=0.010  train_loss=0.5356  train_AUPR_all=0.3908  train_AUPR_ab=0.4817  train_AUPR_ag=0.2467  train_P@5_ab=0.7500  train_P@5_ag=0.9000  val_loss=0.8066  val_AUPR_all=0.4161  val_AUPR_ab=0.5265  val_AUPR_ag=0.2462  val_P@5_ab=0.4000  val_P@5_ag=0.9500  select=0.3863
Ep003  LR0=2.00e-04  pw=6.73  aucα=0.000  token_p=0.020  dropE=(0.020,0.080)  smooth=0.010  train_loss=0.4835  train_AUPR_all=0.4319  train_AUPR_ab=0.5201  train_AUPR_ag=0.2788  train_P@5_ab=0.7000  train_P@5_ag=0.7500  val_loss=0.6910  val_AUPR_all=0.4906  val_AUPR_ab=0.5975  val_AUPR_ag=0.3090  val_P@5_ab=0.6500  val_P@5_ag=0.8500  select=0.4532
  Saved checkpoint: checkpoints_esm/iPara_balanced_l1_g5_i5_do0.10_dpr0.10_lr0.0002_heads16_fold3.pth  select=0.4532  val_ab=0.5975  val_ag=0.3090  val_all=0.4906
Ep004  LR0=1.99e-04  pw=6.19  aucα=0.000  token_p=0.020  dropE=(0.020,0.080)  smooth=0.010  train_loss=0.4414  train_AUPR_all=0.4713  train_AUPR_ab=0.5609  train_AUPR_ag=0.3130  train_P@5_ab=0.8500  train_P@5_ag=0.8500  val_loss=0.8960  val_AUPR_all=0.4659  val_AUPR_ab=0.6254  val_AUPR_ag=0.2673  val_P@5_ab=0.8500  val_P@5_ag=0.8500  select=0.4464
Ep005  LR0=1.99e-04  pw=5.69  aucα=0.000  token_p=0.020  dropE=(0.020,0.080)  smooth=0.010  train_loss=0.4088  train_AUPR_all=0.4967  train_AUPR_ab=0.5870  train_AUPR_ag=0.3353  train_P@5_ab=0.7000  train_P@5_ag=0.9500  val_loss=0.6203  val_AUPR_all=0.5228  val_AUPR_ab=0.6379  val_AUPR_ag=0.3323  val_P@5_ab=0.9500  val_P@5_ag=1.0000  select=0.4851
  Saved checkpoint: checkpoints_esm/iPara_balanced_l1_g5_i5_do0.10_dpr0.10_lr0.0002_heads16_fold3.pth  select=0.4851  val_ab=0.6379  val_ag=0.3323  val_all=0.5228
Ep006  LR0=1.98e-04  pw=5.25  aucα=0.000  token_p=0.020  dropE=(0.020,0.080)  smooth=0.010  train_loss=0.3853  train_AUPR_all=0.5079  train_AUPR_ab=0.5998  train_AUPR_ag=0.3414  train_P@5_ab=0.8500  train_P@5_ag=0.9500  val_loss=0.6198  val_AUPR_all=0.5265  val_AUPR_ab=0.6456  val_AUPR_ag=0.3238  val_P@5_ab=1.0000  val_P@5_ag=0.9500  select=0.4847
Ep007  LR0=1.97e-04  pw=4.84  aucα=0.000  token_p=0.020  dropE=(0.020,0.080)  smooth=0.010  train_loss=0.3635  train_AUPR_all=0.5142  train_AUPR_ab=0.6016  train_AUPR_ag=0.3505  train_P@5_ab=0.9000  train_P@5_ag=0.9500  val_loss=0.5615  val_AUPR_all=0.5214  val_AUPR_ab=0.6484  val_AUPR_ag=0.3323  val_P@5_ab=0.7000  val_P@5_ag=0.9000  select=0.4904
  Saved checkpoint: checkpoints_esm/iPara_balanced_l1_g5_i5_do0.10_dpr0.10_lr0.0002_heads16_fold3.pth  select=0.4904  val_ab=0.6484  val_ag=0.3323  val_all=0.5214
Ep008  LR0=1.96e-04  pw=4.48  aucα=0.000  token_p=0.020  dropE=(0.020,0.080)  smooth=0.010  train_loss=0.3433  train_AUPR_all=0.5296  train_AUPR_ab=0.6254  train_AUPR_ag=0.3578  train_P@5_ab=0.8500  train_P@5_ag=0.8000  val_loss=0.5271  val_AUPR_all=0.5466  val_AUPR_ab=0.6737  val_AUPR_ag=0.3298  val_P@5_ab=0.9500  val_P@5_ag=0.9500  select=0.5017
  Saved checkpoint: checkpoints_esm/iPara_balanced_l1_g5_i5_do0.10_dpr0.10_lr0.0002_heads16_fold3.pth  select=0.5017  val_ab=0.6737  val_ag=0.3298  val_all=0.5466
Ep009  LR0=1.95e-04  pw=4.15  aucα=0.000  token_p=0.020  dropE=(0.020,0.080)  smooth=0.010  train_loss=0.3261  train_AUPR_all=0.5385  train_AUPR_ab=0.6386  train_AUPR_ag=0.3621  train_P@5_ab=0.7500  train_P@5_ag=1.0000  val_loss=0.5156  val_AUPR_all=0.5208  val_AUPR_ab=0.6531  val_AUPR_ag=0.3119  val_P@5_ab=0.6000  val_P@5_ag=0.8000  select=0.4825
Ep010  LR0=1.94e-04  pw=3.85  aucα=0.030  token_p=0.020  dropE=(0.020,0.080)  smooth=0.010  train_loss=0.3219  train_AUPR_all=0.5521  train_AUPR_ab=0.6555  train_AUPR_ag=0.3720  train_P@5_ab=0.7500  train_P@5_ag=0.9000  val_loss=0.5099  val_AUPR_all=0.5337  val_AUPR_ab=0.6484  val_AUPR_ag=0.3374  val_P@5_ab=0.8500  val_P@5_ag=0.7500  select=0.4929
Unfreezing DyM parameters.
Ep011  LR0=1.92e-04  pw=3.58  aucα=0.060  token_p=0.020  dropE=(0.020,0.080)  smooth=0.010  train_loss=0.3248  train_AUPR_all=0.5561  train_AUPR_ab=0.6610  train_AUPR_ag=0.3733  train_P@5_ab=0.9000  train_P@5_ag=0.9000  val_loss=0.4990  val_AUPR_all=0.5500  val_AUPR_ab=0.6878  val_AUPR_ag=0.3464  val_P@5_ab=1.0000  val_P@5_ag=0.9500  select=0.5171
  Saved checkpoint: checkpoints_esm/iPara_balanced_l1_g5_i5_do0.10_dpr0.10_lr0.0002_heads16_fold3.pth  select=0.5171  val_ab=0.6878  val_ag=0.3464  val_all=0.5500
Ep012  LR0=1.91e-04  pw=3.33  aucα=0.090  token_p=0.020  dropE=(0.020,0.080)  smooth=0.010  train_loss=0.3214  train_AUPR_all=0.5699  train_AUPR_ab=0.6726  train_AUPR_ag=0.3936  train_P@5_ab=0.7500  train_P@5_ag=0.9500  val_loss=0.4791  val_AUPR_all=0.5334  val_AUPR_ab=0.6846  val_AUPR_ag=0.3427  val_P@5_ab=0.9500  val_P@5_ag=0.9000  select=0.5137
Ep013  LR0=1.89e-04  pw=3.11  aucα=0.120  token_p=0.020  dropE=(0.020,0.080)  smooth=0.010  train_loss=0.3245  train_AUPR_all=0.5769  train_AUPR_ab=0.6857  train_AUPR_ag=0.3953  train_P@5_ab=1.0000  train_P@5_ag=0.9000  val_loss=0.4499  val_AUPR_all=0.5575  val_AUPR_ab=0.6939  val_AUPR_ag=0.3390  val_P@5_ab=0.9500  val_P@5_ag=0.9500  select=0.5165
Ep014  LR0=1.87e-04  pw=2.91  aucα=0.150  token_p=0.020  dropE=(0.020,0.080)  smooth=0.010  train_loss=0.3220  train_AUPR_all=0.5871  train_AUPR_ab=0.6952  train_AUPR_ag=0.4080  train_P@5_ab=1.0000  train_P@5_ag=0.9000  val_loss=0.4099  val_AUPR_all=0.5692  val_AUPR_ab=0.6972  val_AUPR_ag=0.3580  val_P@5_ab=0.9000  val_P@5_ag=1.0000  select=0.5276
  Saved checkpoint: checkpoints_esm/iPara_balanced_l1_g5_i5_do0.10_dpr0.10_lr0.0002_heads16_fold3.pth  select=0.5276  val_ab=0.6972  val_ag=0.3580  val_all=0.5692
Ep015  LR0=1.85e-04  pw=2.73  aucα=0.180  token_p=0.020  dropE=(0.020,0.080)  smooth=0.010  train_loss=0.3207  train_AUPR_all=0.5963  train_AUPR_ab=0.7075  train_AUPR_ag=0.4159  train_P@5_ab=0.9500  train_P@5_ag=0.9000  val_loss=0.4481  val_AUPR_all=0.5516  val_AUPR_ab=0.7073  val_AUPR_ag=0.3361  val_P@5_ab=0.9500  val_P@5_ag=0.9000  select=0.5217
Ep016  LR0=1.83e-04  pw=2.56  aucα=0.210  token_p=0.020  dropE=(0.020,0.080)  smooth=0.010  train_loss=0.3230  train_AUPR_all=0.6041  train_AUPR_ab=0.7142  train_AUPR_ag=0.4276  train_P@5_ab=0.9000  train_P@5_ag=0.9500  val_loss=0.3932  val_AUPR_all=0.5707  val_AUPR_ab=0.7083  val_AUPR_ag=0.3558  val_P@5_ab=0.9500  val_P@5_ag=1.0000  select=0.5320
  Saved checkpoint: checkpoints_esm/iPara_balanced_l1_g5_i5_do0.10_dpr0.10_lr0.0002_heads16_fold3.pth  select=0.5320  val_ab=0.7083  val_ag=0.3558  val_all=0.5707
Ep017  LR0=1.81e-04  pw=2.41  aucα=0.240  token_p=0.020  dropE=(0.020,0.080)  smooth=0.010  train_loss=0.3260  train_AUPR_all=0.6112  train_AUPR_ab=0.7206  train_AUPR_ag=0.4367  train_P@5_ab=0.9000  train_P@5_ag=0.9000  val_loss=0.3829  val_AUPR_all=0.5596  val_AUPR_ab=0.7024  val_AUPR_ag=0.3429  val_P@5_ab=0.9000  val_P@5_ag=0.7000  select=0.5227
Ep018  LR0=1.79e-04  pw=2.28  aucα=0.270  token_p=0.020  dropE=(0.020,0.080)  smooth=0.010  train_loss=0.3297  train_AUPR_all=0.6118  train_AUPR_ab=0.7191  train_AUPR_ag=0.4374  train_P@5_ab=0.9500  train_P@5_ag=0.9000  val_loss=0.3713  val_AUPR_all=0.5869  val_AUPR_ab=0.7094  val_AUPR_ag=0.3894  val_P@5_ab=0.9000  val_P@5_ag=1.0000  select=0.5494
  Saved checkpoint: checkpoints_esm/iPara_balanced_l1_g5_i5_do0.10_dpr0.10_lr0.0002_heads16_fold3.pth  select=0.5494  val_ab=0.7094  val_ag=0.3894  val_all=0.5869
Ep019  LR0=1.76e-04  pw=2.16  aucα=0.300  token_p=0.020  dropE=(0.020,0.080)  smooth=0.010  train_loss=0.3311  train_AUPR_all=0.6210  train_AUPR_ab=0.7230  train_AUPR_ag=0.4588  train_P@5_ab=0.9500  train_P@5_ag=1.0000  val_loss=0.3526  val_AUPR_all=0.5937  val_AUPR_ab=0.7134  val_AUPR_ag=0.4034  val_P@5_ab=0.9500  val_P@5_ag=0.9500  select=0.5584
  Saved checkpoint: checkpoints_esm/iPara_balanced_l1_g5_i5_do0.10_dpr0.10_lr0.0002_heads16_fold3.pth  select=0.5584  val_ab=0.7134  val_ag=0.4034  val_all=0.5937
Ep020  LR0=1.73e-04  pw=2.05  aucα=0.300  token_p=0.020  dropE=(0.020,0.080)  smooth=0.010  train_loss=0.3164  train_AUPR_all=0.6367  train_AUPR_ab=0.7406  train_AUPR_ag=0.4719  train_P@5_ab=0.9500  train_P@5_ag=1.0000  val_loss=0.3849  val_AUPR_all=0.5669  val_AUPR_ab=0.7006  val_AUPR_ag=0.3861  val_P@5_ab=0.7500  val_P@5_ag=1.0000  select=0.5433
Ep021  LR0=1.71e-04  pw=1.95  aucα=0.300  token_p=0.020  dropE=(0.020,0.080)  smooth=0.010  train_loss=0.3072  train_AUPR_all=0.6436  train_AUPR_ab=0.7485  train_AUPR_ag=0.4778  train_P@5_ab=1.0000  train_P@5_ag=0.9500  val_loss=0.3400  val_AUPR_all=0.5941  val_AUPR_ab=0.7228  val_AUPR_ag=0.3971  val_P@5_ab=0.9000  val_P@5_ag=0.9000  select=0.5599
  Saved checkpoint: checkpoints_esm/iPara_balanced_l1_g5_i5_do0.10_dpr0.10_lr0.0002_heads16_fold3.pth  select=0.5599  val_ab=0.7228  val_ag=0.3971  val_all=0.5941
Ep022  LR0=1.68e-04  pw=1.86  aucα=0.300  token_p=0.020  dropE=(0.020,0.080)  smooth=0.010  train_loss=0.2946  train_AUPR_all=0.6559  train_AUPR_ab=0.7529  train_AUPR_ag=0.5044  train_P@5_ab=0.9500  train_P@5_ag=1.0000  val_loss=0.3441  val_AUPR_all=0.5909  val_AUPR_ab=0.7234  val_AUPR_ag=0.3851  val_P@5_ab=1.0000  val_P@5_ag=1.0000  select=0.5543
Ep023  LR0=1.65e-04  pw=1.78  aucα=0.300  token_p=0.020  dropE=(0.020,0.080)  smooth=0.010  train_loss=0.2822  train_AUPR_all=0.6650  train_AUPR_ab=0.7593  train_AUPR_ag=0.5198  train_P@5_ab=0.9500  train_P@5_ag=0.9000  val_loss=0.3235  val_AUPR_all=0.6106  val_AUPR_ab=0.7326  val_AUPR_ag=0.4176  val_P@5_ab=0.8500  val_P@5_ag=1.0000  select=0.5751
  Saved checkpoint: checkpoints_esm/iPara_balanced_l1_g5_i5_do0.10_dpr0.10_lr0.0002_heads16_fold3.pth  select=0.5751  val_ab=0.7326  val_ag=0.4176  val_all=0.6106
Ep024  LR0=1.62e-04  pw=1.70  aucα=0.300  token_p=0.020  dropE=(0.020,0.080)  smooth=0.010  train_loss=0.2718  train_AUPR_all=0.6795  train_AUPR_ab=0.7725  train_AUPR_ag=0.5356  train_P@5_ab=0.9500  train_P@5_ag=0.9500  val_loss=0.3314  val_AUPR_all=0.5807  val_AUPR_ab=0.7066  val_AUPR_ag=0.4000  val_P@5_ab=0.9500  val_P@5_ag=0.9000  select=0.5533
Ep025  LR0=1.59e-04  pw=1.64  aucα=0.300  token_p=0.020  dropE=(0.020,0.080)  smooth=0.010  train_loss=0.2660  train_AUPR_all=0.6810  train_AUPR_ab=0.7711  train_AUPR_ag=0.5418  train_P@5_ab=1.0000  train_P@5_ag=0.9500  val_loss=0.3229  val_AUPR_all=0.5998  val_AUPR_ab=0.7161  val_AUPR_ag=0.4137  val_P@5_ab=1.0000  val_P@5_ag=0.9500  select=0.5649
Ep026  LR0=1.56e-04  pw=1.57  aucα=0.300  token_p=0.020  dropE=(0.020,0.080)  smooth=0.010  train_loss=0.2563  train_AUPR_all=0.6927  train_AUPR_ab=0.7793  train_AUPR_ag=0.5604  train_P@5_ab=1.0000  train_P@5_ag=0.9500  val_loss=0.3089  val_AUPR_all=0.6125  val_AUPR_ab=0.7406  val_AUPR_ag=0.4314  val_P@5_ab=1.0000  val_P@5_ag=0.9500  select=0.5860
  Saved checkpoint: checkpoints_esm/iPara_balanced_l1_g5_i5_do0.10_dpr0.10_lr0.0002_heads16_fold3.pth  select=0.5860  val_ab=0.7406  val_ag=0.4314  val_all=0.6125
Ep027  LR0=1.52e-04  pw=1.52  aucα=0.300  token_p=0.020  dropE=(0.020,0.080)  smooth=0.010  train_loss=0.2458  train_AUPR_all=0.7048  train_AUPR_ab=0.7868  train_AUPR_ag=0.5800  train_P@5_ab=1.0000  train_P@5_ag=0.9500  val_loss=0.3162  val_AUPR_all=0.6093  val_AUPR_ab=0.7386  val_AUPR_ag=0.4191  val_P@5_ab=1.0000  val_P@5_ag=1.0000  select=0.5788
Ep028  LR0=1.49e-04  pw=1.47  aucα=0.300  token_p=0.020  dropE=(0.020,0.080)  smooth=0.010  train_loss=0.2386  train_AUPR_all=0.7141  train_AUPR_ab=0.7935  train_AUPR_ag=0.5942  train_P@5_ab=1.0000  train_P@5_ag=0.9500  val_loss=0.3115  val_AUPR_all=0.5954  val_AUPR_ab=0.7194  val_AUPR_ag=0.4019  val_P@5_ab=0.9500  val_P@5_ag=0.9000  select=0.5607
Ep029  LR0=1.46e-04  pw=1.43  aucα=0.300  token_p=0.020  dropE=(0.020,0.080)  smooth=0.010  train_loss=0.2354  train_AUPR_all=0.7146  train_AUPR_ab=0.7923  train_AUPR_ag=0.5982  train_P@5_ab=1.0000  train_P@5_ag=0.8500  val_loss=0.3256  val_AUPR_all=0.5799  val_AUPR_ab=0.7270  val_AUPR_ag=0.3772  val_P@5_ab=1.0000  val_P@5_ag=0.9000  select=0.5521
Ep030  LR0=1.42e-04  pw=1.39  aucα=0.300  token_p=0.020  dropE=(0.020,0.080)  smooth=0.010  train_loss=0.2238  train_AUPR_all=0.7329  train_AUPR_ab=0.8049  train_AUPR_ag=0.6255  train_P@5_ab=1.0000  train_P@5_ag=0.9500  val_loss=0.2986  val_AUPR_all=0.6138  val_AUPR_ab=0.7387  val_AUPR_ag=0.4228  val_P@5_ab=0.9000  val_P@5_ag=1.0000  select=0.5808
Ep031  LR0=1.38e-04  pw=1.35  aucα=0.300  token_p=0.020  dropE=(0.020,0.080)  smooth=0.010  train_loss=0.2198  train_AUPR_all=0.7345  train_AUPR_ab=0.8020  train_AUPR_ag=0.6345  train_P@5_ab=1.0000  train_P@5_ag=0.9000  val_loss=0.3099  val_AUPR_all=0.6147  val_AUPR_ab=0.7432  val_AUPR_ag=0.4232  val_P@5_ab=1.0000  val_P@5_ag=1.0000  select=0.5832
Ep032  LR0=1.35e-04  pw=1.32  aucα=0.300  token_p=0.020  dropE=(0.020,0.080)  smooth=0.010  train_loss=0.2110  train_AUPR_all=0.7486  train_AUPR_ab=0.8123  train_AUPR_ag=0.6549  train_P@5_ab=1.0000  train_P@5_ag=1.0000  val_loss=0.2916  val_AUPR_all=0.6166  val_AUPR_ab=0.7498  val_AUPR_ag=0.4266  val_P@5_ab=1.0000  val_P@5_ag=1.0000  select=0.5882
  Saved checkpoint: checkpoints_esm/iPara_balanced_l1_g5_i5_do0.10_dpr0.10_lr0.0002_heads16_fold3.pth  select=0.5882  val_ab=0.7498  val_ag=0.4266  val_all=0.6166
Ep033  LR0=1.31e-04  pw=1.29  aucα=0.300  token_p=0.020  dropE=(0.020,0.080)  smooth=0.010  train_loss=0.2023  train_AUPR_all=0.7619  train_AUPR_ab=0.8246  train_AUPR_ag=0.6696  train_P@5_ab=1.0000  train_P@5_ag=1.0000  val_loss=0.2927  val_AUPR_all=0.6215  val_AUPR_ab=0.7477  val_AUPR_ag=0.4307  val_P@5_ab=0.9500  val_P@5_ag=1.0000  select=0.5892
  Saved checkpoint: checkpoints_esm/iPara_balanced_l1_g5_i5_do0.10_dpr0.10_lr0.0002_heads16_fold3.pth  select=0.5892  val_ab=0.7477  val_ag=0.4307  val_all=0.6215
Ep034  LR0=1.27e-04  pw=1.26  aucα=0.300  token_p=0.020  dropE=(0.020,0.080)  smooth=0.010  train_loss=0.1961  train_AUPR_all=0.7695  train_AUPR_ab=0.8294  train_AUPR_ag=0.6810  train_P@5_ab=1.0000  train_P@5_ag=1.0000  val_loss=0.2947  val_AUPR_all=0.6104  val_AUPR_ab=0.7518  val_AUPR_ag=0.3947  val_P@5_ab=1.0000  val_P@5_ag=0.9500  select=0.5733
Ep035  LR0=1.24e-04  pw=1.23  aucα=0.300  token_p=0.020  dropE=(0.020,0.080)  smooth=0.010  train_loss=0.1897  train_AUPR_all=0.7785  train_AUPR_ab=0.8363  train_AUPR_ag=0.6940  train_P@5_ab=1.0000  train_P@5_ag=1.0000  val_loss=0.3024  val_AUPR_all=0.6116  val_AUPR_ab=0.7473  val_AUPR_ag=0.4062  val_P@5_ab=1.0000  val_P@5_ag=1.0000  select=0.5768
Ep036  LR0=1.20e-04  pw=1.21  aucα=0.300  token_p=0.020  dropE=(0.020,0.080)  smooth=0.010  train_loss=0.1824  train_AUPR_all=0.7900  train_AUPR_ab=0.8439  train_AUPR_ag=0.7114  train_P@5_ab=0.9500  train_P@5_ag=1.0000  val_loss=0.3043  val_AUPR_all=0.6008  val_AUPR_ab=0.7366  val_AUPR_ag=0.4154  val_P@5_ab=0.9500  val_P@5_ag=0.9500  select=0.5760
Ep037  LR0=1.16e-04  pw=1.19  aucα=0.300  token_p=0.020  dropE=(0.020,0.080)  smooth=0.010  train_loss=0.1757  train_AUPR_all=0.7986  train_AUPR_ab=0.8493  train_AUPR_ag=0.7245  train_P@5_ab=1.0000  train_P@5_ag=0.9500  val_loss=0.3047  val_AUPR_all=0.6056  val_AUPR_ab=0.7396  val_AUPR_ag=0.3998  val_P@5_ab=0.9000  val_P@5_ag=1.0000  select=0.5697
Ep038  LR0=1.12e-04  pw=1.17  aucα=0.300  token_p=0.020  dropE=(0.020,0.080)  smooth=0.010  train_loss=0.1750  train_AUPR_all=0.7995  train_AUPR_ab=0.8492  train_AUPR_ag=0.7278  train_P@5_ab=1.0000  train_P@5_ag=0.9500  val_loss=0.3096  val_AUPR_all=0.5984  val_AUPR_ab=0.7438  val_AUPR_ag=0.3962  val_P@5_ab=0.9000  val_P@5_ag=0.9500  select=0.5700
Ep039  LR0=1.08e-04  pw=1.16  aucα=0.300  token_p=0.020  dropE=(0.020,0.080)  smooth=0.010  train_loss=0.1687  train_AUPR_all=0.8090  train_AUPR_ab=0.8564  train_AUPR_ag=0.7402  train_P@5_ab=1.0000  train_P@5_ag=1.0000  val_loss=0.3061  val_AUPR_all=0.6024  val_AUPR_ab=0.7403  val_AUPR_ag=0.4063  val_P@5_ab=1.0000  val_P@5_ag=0.9500  select=0.5733
Ep040  LR0=1.04e-04  pw=1.14  aucα=0.300  token_p=0.020  dropE=(0.020,0.080)  smooth=0.010  train_loss=0.1612  train_AUPR_all=0.8207  train_AUPR_ab=0.8680  train_AUPR_ag=0.7514  train_P@5_ab=1.0000  train_P@5_ag=1.0000  val_loss=0.3046  val_AUPR_all=0.6008  val_AUPR_ab=0.7423  val_AUPR_ag=0.3926  val_P@5_ab=0.9500  val_P@5_ag=1.0000  select=0.5674
Ep041  LR0=1.00e-04  pw=1.13  aucα=0.300  token_p=0.020  dropE=(0.020,0.080)  smooth=0.010  train_loss=0.1563  train_AUPR_all=0.8287  train_AUPR_ab=0.8732  train_AUPR_ag=0.7636  train_P@5_ab=1.0000  train_P@5_ag=1.0000  val_loss=0.3075  val_AUPR_all=0.6001  val_AUPR_ab=0.7406  val_AUPR_ag=0.3965  val_P@5_ab=1.0000  val_P@5_ag=1.0000  select=0.5686
Ep042  LR0=9.63e-05  pw=1.12  aucα=0.300  token_p=0.020  dropE=(0.020,0.080)  smooth=0.010  train_loss=0.1575  train_AUPR_all=0.8256  train_AUPR_ab=0.8695  train_AUPR_ag=0.7614  train_P@5_ab=0.9000  train_P@5_ag=1.0000  val_loss=0.2985  val_AUPR_all=0.6078  val_AUPR_ab=0.7418  val_AUPR_ag=0.4050  val_P@5_ab=0.9500  val_P@5_ag=0.9500  select=0.5734
Ep043  LR0=9.24e-05  pw=1.10  aucα=0.300  token_p=0.020  dropE=(0.020,0.080)  smooth=0.010  train_loss=0.1480  train_AUPR_all=0.8416  train_AUPR_ab=0.8816  train_AUPR_ag=0.7831  train_P@5_ab=1.0000  train_P@5_ag=0.9500  val_loss=0.3112  val_AUPR_all=0.6016  val_AUPR_ab=0.7343  val_AUPR_ag=0.4095  val_P@5_ab=0.9000  val_P@5_ag=1.0000  select=0.5719
Ep044  LR0=8.85e-05  pw=1.09  aucα=0.300  token_p=0.020  dropE=(0.020,0.080)  smooth=0.010  train_loss=0.1441  train_AUPR_all=0.8467  train_AUPR_ab=0.8871  train_AUPR_ag=0.7872  train_P@5_ab=1.0000  train_P@5_ag=1.0000  val_loss=0.3122  val_AUPR_all=0.5971  val_AUPR_ab=0.7407  val_AUPR_ag=0.4037  val_P@5_ab=0.9000  val_P@5_ag=0.9000  select=0.5722
Ep045  LR0=8.46e-05  pw=1.09  aucα=0.300  token_p=0.020  dropE=(0.020,0.080)  smooth=0.010  train_loss=0.1424  train_AUPR_all=0.8504  train_AUPR_ab=0.8890  train_AUPR_ag=0.7944  train_P@5_ab=1.0000  train_P@5_ag=1.0000  val_loss=0.3044  val_AUPR_all=0.6027  val_AUPR_ab=0.7393  val_AUPR_ag=0.4104  val_P@5_ab=1.0000  val_P@5_ag=1.0000  select=0.5748
Ep046  LR0=8.08e-05  pw=1.08  aucα=0.300  token_p=0.020  dropE=(0.020,0.080)  smooth=0.010  train_loss=0.1425  train_AUPR_all=0.8495  train_AUPR_ab=0.8878  train_AUPR_ag=0.7936  train_P@5_ab=1.0000  train_P@5_ag=1.0000  val_loss=0.3090  val_AUPR_all=0.5914  val_AUPR_ab=0.7349  val_AUPR_ag=0.3908  val_P@5_ab=0.9000  val_P@5_ag=0.7500  select=0.5629
Ep047  LR0=7.70e-05  pw=1.07  aucα=0.300  token_p=0.020  dropE=(0.020,0.080)  smooth=0.010  train_loss=0.1355  train_AUPR_all=0.8601  train_AUPR_ab=0.8973  train_AUPR_ag=0.8049  train_P@5_ab=1.0000  train_P@5_ag=1.0000  val_loss=0.3068  val_AUPR_all=0.5979  val_AUPR_ab=0.7407  val_AUPR_ag=0.3999  val_P@5_ab=0.8500  val_P@5_ag=0.8000  select=0.5703
Ep048  LR0=7.32e-05  pw=1.06  aucα=0.300  token_p=0.020  dropE=(0.020,0.080)  smooth=0.010  train_loss=0.1341  train_AUPR_all=0.8615  train_AUPR_ab=0.8976  train_AUPR_ag=0.8085  train_P@5_ab=1.0000  train_P@5_ag=1.0000  val_loss=0.3154  val_AUPR_all=0.5955  val_AUPR_ab=0.7323  val_AUPR_ag=0.4025  val_P@5_ab=0.9000  val_P@5_ag=0.9000  select=0.5674
Ep049  LR0=6.94e-05  pw=1.06  aucα=0.300  token_p=0.020  dropE=(0.020,0.080)  smooth=0.010  train_loss=0.1305  train_AUPR_all=0.8666  train_AUPR_ab=0.8997  train_AUPR_ag=0.8185  train_P@5_ab=1.0000  train_P@5_ag=1.0000  val_loss=0.3140  val_AUPR_all=0.5960  val_AUPR_ab=0.7364  val_AUPR_ag=0.3984  val_P@5_ab=0.8500  val_P@5_ag=0.8000  select=0.5674
Ep050  LR0=6.57e-05  pw=1.05  aucα=0.300  token_p=0.020  dropE=(0.020,0.080)  smooth=0.010  train_loss=0.1256  train_AUPR_all=0.8765  train_AUPR_ab=0.9108  train_AUPR_ag=0.8255  train_P@5_ab=1.0000  train_P@5_ag=1.0000  val_loss=0.3076  val_AUPR_all=0.6065  val_AUPR_ab=0.7385  val_AUPR_ag=0.4152  val_P@5_ab=0.8500  val_P@5_ag=1.0000  select=0.5769
Ep051  LR0=6.21e-05  pw=1.05  aucα=0.300  token_p=0.020  dropE=(0.020,0.080)  smooth=0.010  train_loss=0.1258  train_AUPR_all=0.8764  train_AUPR_ab=0.9091  train_AUPR_ag=0.8281  train_P@5_ab=1.0000  train_P@5_ag=1.0000  val_loss=0.3227  val_AUPR_all=0.5844  val_AUPR_ab=0.7303  val_AUPR_ag=0.3849  val_P@5_ab=0.7000  val_P@5_ag=0.8500  select=0.5576
Ep052  LR0=5.85e-05  pw=1.04  aucα=0.300  token_p=0.020  dropE=(0.020,0.080)  smooth=0.010  train_loss=0.1216  train_AUPR_all=0.8813  train_AUPR_ab=0.9136  train_AUPR_ag=0.8334  train_P@5_ab=0.9000  train_P@5_ag=1.0000  val_loss=0.3146  val_AUPR_all=0.5935  val_AUPR_ab=0.7286  val_AUPR_ag=0.3976  val_P@5_ab=0.7000  val_P@5_ag=0.7000  select=0.5631
Ep053  LR0=5.50e-05  pw=1.04  aucα=0.300  token_p=0.020  dropE=(0.020,0.080)  smooth=0.010  train_loss=0.1207  train_AUPR_all=0.8832  train_AUPR_ab=0.9153  train_AUPR_ag=0.8356  train_P@5_ab=1.0000  train_P@5_ag=1.0000  val_loss=0.3132  val_AUPR_all=0.5937  val_AUPR_ab=0.7276  val_AUPR_ag=0.4006  val_P@5_ab=0.8500  val_P@5_ag=0.9000  select=0.5641
Early stopping at epoch 53. Best select=0.5892 at epoch 33.
Final saved checkpoint for fold 3: checkpoints_esm/iPara_balanced_l1_g5_i5_do0.10_dpr0.10_lr0.0002_heads16_fold3.pth
Best select=0.5892 at epoch 33

==========================================================================================
Fold 4/5
==========================================================================================
Train labels: valid=398858, pos=26560, neg=372298, ignore=700342, pos_frac=0.06659
Val labels: valid=101334, pos=6670, neg=94664, ignore=172266, pos_frac=0.06582
Initializing ClassificationModel with 5 GAT layers and residual connections...
Initializing MCModel with 5 GAT layers and 5 row attention layers (drop_path_rate=0.1, use_esm=True)
Initializing CoreModel with 1 layers, drop_path_rate=0.1
Ep001  LR0=2.00e-04  pw=8.00  aucα=0.000  token_p=0.020  dropE=(0.020,0.080)  smooth=0.010  train_loss=0.6970  train_AUPR_all=0.3089  train_AUPR_ab=0.3813  train_AUPR_ag=0.2089  train_P@5_ab=0.8000  train_P@5_ag=0.9500  val_loss=0.9190  val_AUPR_all=0.3698  val_AUPR_ab=0.4871  val_AUPR_ag=0.1924  val_P@5_ab=0.7500  val_P@5_ag=0.8000  select=0.3397
  Saved checkpoint: checkpoints_esm/iPara_balanced_l1_g5_i5_do0.10_dpr0.10_lr0.0002_heads16_fold4.pth  select=0.3397  val_ab=0.4871  val_ag=0.1924  val_all=0.3698
Ep002  LR0=2.00e-04  pw=7.33  aucα=0.000  token_p=0.020  dropE=(0.020,0.080)  smooth=0.010  train_loss=0.5353  train_AUPR_all=0.4050  train_AUPR_ab=0.4827  train_AUPR_ag=0.2721  train_P@5_ab=0.7000  train_P@5_ag=0.6500  val_loss=0.7621  val_AUPR_all=0.4051  val_AUPR_ab=0.5126  val_AUPR_ag=0.2531  val_P@5_ab=0.6000  val_P@5_ag=0.8000  select=0.3828
  Saved checkpoint: checkpoints_esm/iPara_balanced_l1_g5_i5_do0.10_dpr0.10_lr0.0002_heads16_fold4.pth  select=0.3828  val_ab=0.5126  val_ag=0.2531  val_all=0.4051
Ep003  LR0=2.00e-04  pw=6.73  aucα=0.000  token_p=0.020  dropE=(0.020,0.080)  smooth=0.010  train_loss=0.4741  train_AUPR_all=0.4479  train_AUPR_ab=0.5297  train_AUPR_ag=0.3025  train_P@5_ab=0.6000  train_P@5_ag=0.6000  val_loss=0.7492  val_AUPR_all=0.4636  val_AUPR_ab=0.5838  val_AUPR_ag=0.2578  val_P@5_ab=0.8000  val_P@5_ag=1.0000  select=0.4208
  Saved checkpoint: checkpoints_esm/iPara_balanced_l1_g5_i5_do0.10_dpr0.10_lr0.0002_heads16_fold4.pth  select=0.4208  val_ab=0.5838  val_ag=0.2578  val_all=0.4636
Ep004  LR0=1.99e-04  pw=6.19  aucα=0.000  token_p=0.020  dropE=(0.020,0.080)  smooth=0.010  train_loss=0.4376  train_AUPR_all=0.4808  train_AUPR_ab=0.5643  train_AUPR_ag=0.3221  train_P@5_ab=0.5500  train_P@5_ag=0.9500  val_loss=0.6429  val_AUPR_all=0.4864  val_AUPR_ab=0.5947  val_AUPR_ag=0.2907  val_P@5_ab=0.4000  val_P@5_ag=0.7500  select=0.4427
  Saved checkpoint: checkpoints_esm/iPara_balanced_l1_g5_i5_do0.10_dpr0.10_lr0.0002_heads16_fold4.pth  select=0.4427  val_ab=0.5947  val_ag=0.2907  val_all=0.4864
Ep005  LR0=1.99e-04  pw=5.69  aucα=0.000  token_p=0.020  dropE=(0.020,0.080)  smooth=0.010  train_loss=0.4069  train_AUPR_all=0.5008  train_AUPR_ab=0.5859  train_AUPR_ag=0.3423  train_P@5_ab=0.8500  train_P@5_ag=1.0000  val_loss=0.6414  val_AUPR_all=0.4995  val_AUPR_ab=0.6423  val_AUPR_ag=0.2966  val_P@5_ab=0.9000  val_P@5_ag=0.8000  select=0.4694
  Saved checkpoint: checkpoints_esm/iPara_balanced_l1_g5_i5_do0.10_dpr0.10_lr0.0002_heads16_fold4.pth  select=0.4694  val_ab=0.6423  val_ag=0.2966  val_all=0.4995
Ep006  LR0=1.98e-04  pw=5.25  aucα=0.000  token_p=0.020  dropE=(0.020,0.080)  smooth=0.010  train_loss=0.3856  train_AUPR_all=0.5131  train_AUPR_ab=0.6031  train_AUPR_ag=0.3430  train_P@5_ab=0.6500  train_P@5_ag=0.9500  val_loss=0.6483  val_AUPR_all=0.4880  val_AUPR_ab=0.6391  val_AUPR_ag=0.3058  val_P@5_ab=0.7000  val_P@5_ag=0.8500  select=0.4725
  Saved checkpoint: checkpoints_esm/iPara_balanced_l1_g5_i5_do0.10_dpr0.10_lr0.0002_heads16_fold4.pth  select=0.4725  val_ab=0.6391  val_ag=0.3058  val_all=0.4880
Ep007  LR0=1.97e-04  pw=4.84  aucα=0.000  token_p=0.020  dropE=(0.020,0.080)  smooth=0.010  train_loss=0.3638  train_AUPR_all=0.5232  train_AUPR_ab=0.6119  train_AUPR_ag=0.3565  train_P@5_ab=0.8500  train_P@5_ag=0.8000  val_loss=0.5687  val_AUPR_all=0.5176  val_AUPR_ab=0.6519  val_AUPR_ag=0.3080  val_P@5_ab=0.9500  val_P@5_ag=0.8500  select=0.4800
  Saved checkpoint: checkpoints_esm/iPara_balanced_l1_g5_i5_do0.10_dpr0.10_lr0.0002_heads16_fold4.pth  select=0.4800  val_ab=0.6519  val_ag=0.3080  val_all=0.5176
Ep008  LR0=1.96e-04  pw=4.48  aucα=0.000  token_p=0.020  dropE=(0.020,0.080)  smooth=0.010  train_loss=0.3431  train_AUPR_all=0.5337  train_AUPR_ab=0.6324  train_AUPR_ag=0.3573  train_P@5_ab=0.9500  train_P@5_ag=0.9500  val_loss=0.5680  val_AUPR_all=0.5403  val_AUPR_ab=0.6777  val_AUPR_ag=0.3339  val_P@5_ab=0.8500  val_P@5_ag=0.9500  select=0.5058
  Saved checkpoint: checkpoints_esm/iPara_balanced_l1_g5_i5_do0.10_dpr0.10_lr0.0002_heads16_fold4.pth  select=0.5058  val_ab=0.6777  val_ag=0.3339  val_all=0.5403
Ep009  LR0=1.95e-04  pw=4.15  aucα=0.000  token_p=0.020  dropE=(0.020,0.080)  smooth=0.010  train_loss=0.3259  train_AUPR_all=0.5387  train_AUPR_ab=0.6442  train_AUPR_ag=0.3565  train_P@5_ab=0.9000  train_P@5_ag=0.8500  val_loss=0.5669  val_AUPR_all=0.5370  val_AUPR_ab=0.6705  val_AUPR_ag=0.3223  val_P@5_ab=0.8500  val_P@5_ag=0.9500  select=0.4964
Ep010  LR0=1.94e-04  pw=3.85  aucα=0.030  token_p=0.020  dropE=(0.020,0.080)  smooth=0.010  train_loss=0.3225  train_AUPR_all=0.5521  train_AUPR_ab=0.6533  train_AUPR_ag=0.3734  train_P@5_ab=0.9500  train_P@5_ag=0.8500  val_loss=0.5276  val_AUPR_all=0.4961  val_AUPR_ab=0.6582  val_AUPR_ag=0.3034  val_P@5_ab=0.8000  val_P@5_ag=0.9500  select=0.4808
Unfreezing DyM parameters.
Ep011  LR0=1.92e-04  pw=3.58  aucα=0.060  token_p=0.020  dropE=(0.020,0.080)  smooth=0.010  train_loss=0.3230  train_AUPR_all=0.5618  train_AUPR_ab=0.6718  train_AUPR_ag=0.3722  train_P@5_ab=0.9000  train_P@5_ag=0.7500  val_loss=0.4765  val_AUPR_all=0.5479  val_AUPR_ab=0.6833  val_AUPR_ag=0.3425  val_P@5_ab=0.9000  val_P@5_ag=0.9000  select=0.5129
  Saved checkpoint: checkpoints_esm/iPara_balanced_l1_g5_i5_do0.10_dpr0.10_lr0.0002_heads16_fold4.pth  select=0.5129  val_ab=0.6833  val_ag=0.3425  val_all=0.5479
Ep012  LR0=1.91e-04  pw=3.33  aucα=0.090  token_p=0.020  dropE=(0.020,0.080)  smooth=0.010  train_loss=0.3224  train_AUPR_all=0.5650  train_AUPR_ab=0.6752  train_AUPR_ag=0.3796  train_P@5_ab=0.9500  train_P@5_ag=0.8500  val_loss=0.4740  val_AUPR_all=0.5532  val_AUPR_ab=0.6967  val_AUPR_ag=0.3203  val_P@5_ab=0.9500  val_P@5_ag=0.9000  select=0.5085
Ep013  LR0=1.89e-04  pw=3.11  aucα=0.120  token_p=0.020  dropE=(0.020,0.080)  smooth=0.010  train_loss=0.3244  train_AUPR_all=0.5741  train_AUPR_ab=0.6837  train_AUPR_ag=0.3889  train_P@5_ab=0.9000  train_P@5_ag=0.9500  val_loss=0.5970  val_AUPR_all=0.4165  val_AUPR_ab=0.6517  val_AUPR_ag=0.2197  val_P@5_ab=0.7500  val_P@5_ag=0.9500  select=0.4357
Ep014  LR0=1.87e-04  pw=2.91  aucα=0.150  token_p=0.020  dropE=(0.020,0.080)  smooth=0.010  train_loss=0.3242  train_AUPR_all=0.5840  train_AUPR_ab=0.6976  train_AUPR_ag=0.3901  train_P@5_ab=0.9500  train_P@5_ag=0.7500  val_loss=0.5381  val_AUPR_all=0.5083  val_AUPR_ab=0.6621  val_AUPR_ag=0.2804  val_P@5_ab=0.9500  val_P@5_ag=0.9000  select=0.4712
Ep015  LR0=1.85e-04  pw=2.73  aucα=0.180  token_p=0.020  dropE=(0.020,0.080)  smooth=0.010  train_loss=0.3260  train_AUPR_all=0.5879  train_AUPR_ab=0.7015  train_AUPR_ag=0.4007  train_P@5_ab=0.9000  train_P@5_ag=0.8000  val_loss=0.4051  val_AUPR_all=0.5813  val_AUPR_ab=0.7198  val_AUPR_ag=0.3735  val_P@5_ab=0.9500  val_P@5_ag=0.9500  select=0.5466
  Saved checkpoint: checkpoints_esm/iPara_balanced_l1_g5_i5_do0.10_dpr0.10_lr0.0002_heads16_fold4.pth  select=0.5466  val_ab=0.7198  val_ag=0.3735  val_all=0.5813
Ep016  LR0=1.83e-04  pw=2.56  aucα=0.210  token_p=0.020  dropE=(0.020,0.080)  smooth=0.010  train_loss=0.3263  train_AUPR_all=0.5986  train_AUPR_ab=0.7078  train_AUPR_ag=0.4157  train_P@5_ab=0.9500  train_P@5_ag=0.9000  val_loss=0.4243  val_AUPR_all=0.5566  val_AUPR_ab=0.7085  val_AUPR_ag=0.3565  val_P@5_ab=0.9500  val_P@5_ag=0.8500  select=0.5325
Ep017  LR0=1.81e-04  pw=2.41  aucα=0.240  token_p=0.020  dropE=(0.020,0.080)  smooth=0.010  train_loss=0.3295  train_AUPR_all=0.6027  train_AUPR_ab=0.7102  train_AUPR_ag=0.4231  train_P@5_ab=0.9500  train_P@5_ag=0.9000  val_loss=0.3946  val_AUPR_all=0.5626  val_AUPR_ab=0.7191  val_AUPR_ag=0.3424  val_P@5_ab=0.9500  val_P@5_ag=0.8000  select=0.5307
Ep018  LR0=1.79e-04  pw=2.28  aucα=0.270  token_p=0.020  dropE=(0.020,0.080)  smooth=0.010  train_loss=0.3292  train_AUPR_all=0.6162  train_AUPR_ab=0.7293  train_AUPR_ag=0.4301  train_P@5_ab=0.9000  train_P@5_ag=1.0000  val_loss=0.3913  val_AUPR_all=0.5637  val_AUPR_ab=0.6981  val_AUPR_ag=0.3568  val_P@5_ab=0.9500  val_P@5_ag=0.9500  select=0.5274
Ep019  LR0=1.76e-04  pw=2.16  aucα=0.300  token_p=0.020  dropE=(0.020,0.080)  smooth=0.010  train_loss=0.3321  train_AUPR_all=0.6216  train_AUPR_ab=0.7323  train_AUPR_ag=0.4403  train_P@5_ab=1.0000  train_P@5_ag=0.9000  val_loss=0.3764  val_AUPR_all=0.5785  val_AUPR_ab=0.7202  val_AUPR_ag=0.3540  val_P@5_ab=0.9500  val_P@5_ag=0.9000  select=0.5371
Ep020  LR0=1.73e-04  pw=2.05  aucα=0.300  token_p=0.020  dropE=(0.020,0.080)  smooth=0.010  train_loss=0.3190  train_AUPR_all=0.6325  train_AUPR_ab=0.7459  train_AUPR_ag=0.4487  train_P@5_ab=1.0000  train_P@5_ag=0.9500  val_loss=0.3702  val_AUPR_all=0.5794  val_AUPR_ab=0.7157  val_AUPR_ag=0.3661  val_P@5_ab=1.0000  val_P@5_ag=0.9500  select=0.5409
Ep021  LR0=1.71e-04  pw=1.95  aucα=0.300  token_p=0.020  dropE=(0.020,0.080)  smooth=0.010  train_loss=0.3116  train_AUPR_all=0.6373  train_AUPR_ab=0.7452  train_AUPR_ag=0.4629  train_P@5_ab=1.0000  train_P@5_ag=0.9000  val_loss=0.3384  val_AUPR_all=0.6048  val_AUPR_ab=0.7356  val_AUPR_ag=0.4009  val_P@5_ab=1.0000  val_P@5_ag=0.9000  select=0.5683
  Saved checkpoint: checkpoints_esm/iPara_balanced_l1_g5_i5_do0.10_dpr0.10_lr0.0002_heads16_fold4.pth  select=0.5683  val_ab=0.7356  val_ag=0.4009  val_all=0.6048
Ep022  LR0=1.68e-04  pw=1.86  aucα=0.300  token_p=0.020  dropE=(0.020,0.080)  smooth=0.010  train_loss=0.3020  train_AUPR_all=0.6437  train_AUPR_ab=0.7510  train_AUPR_ag=0.4708  train_P@5_ab=1.0000  train_P@5_ag=0.9500  val_loss=0.3348  val_AUPR_all=0.6035  val_AUPR_ab=0.7387  val_AUPR_ag=0.3980  val_P@5_ab=0.9500  val_P@5_ag=1.0000  select=0.5684
  Saved checkpoint: checkpoints_esm/iPara_balanced_l1_g5_i5_do0.10_dpr0.10_lr0.0002_heads16_fold4.pth  select=0.5684  val_ab=0.7387  val_ag=0.3980  val_all=0.6035
Ep023  LR0=1.65e-04  pw=1.78  aucα=0.300  token_p=0.020  dropE=(0.020,0.080)  smooth=0.010  train_loss=0.2875  train_AUPR_all=0.6598  train_AUPR_ab=0.7609  train_AUPR_ag=0.4968  train_P@5_ab=0.9500  train_P@5_ag=1.0000  val_loss=0.3355  val_AUPR_all=0.5991  val_AUPR_ab=0.7371  val_AUPR_ag=0.4031  val_P@5_ab=1.0000  val_P@5_ag=0.9500  select=0.5701
  Saved checkpoint: checkpoints_esm/iPara_balanced_l1_g5_i5_do0.10_dpr0.10_lr0.0002_heads16_fold4.pth  select=0.5701  val_ab=0.7371  val_ag=0.4031  val_all=0.5991
Ep024  LR0=1.62e-04  pw=1.70  aucα=0.300  token_p=0.020  dropE=(0.020,0.080)  smooth=0.010  train_loss=0.2800  train_AUPR_all=0.6674  train_AUPR_ab=0.7666  train_AUPR_ag=0.5109  train_P@5_ab=1.0000  train_P@5_ag=1.0000  val_loss=0.3285  val_AUPR_all=0.6124  val_AUPR_ab=0.7378  val_AUPR_ag=0.4173  val_P@5_ab=1.0000  val_P@5_ag=0.9500  select=0.5776
  Saved checkpoint: checkpoints_esm/iPara_balanced_l1_g5_i5_do0.10_dpr0.10_lr0.0002_heads16_fold4.pth  select=0.5776  val_ab=0.7378  val_ag=0.4173  val_all=0.6124
Ep025  LR0=1.59e-04  pw=1.64  aucα=0.300  token_p=0.020  dropE=(0.020,0.080)  smooth=0.010  train_loss=0.2735  train_AUPR_all=0.6711  train_AUPR_ab=0.7711  train_AUPR_ag=0.5133  train_P@5_ab=1.0000  train_P@5_ag=0.9500  val_loss=0.3267  val_AUPR_all=0.5966  val_AUPR_ab=0.7353  val_AUPR_ag=0.3788  val_P@5_ab=0.9000  val_P@5_ag=0.9500  select=0.5570
Ep026  LR0=1.56e-04  pw=1.57  aucα=0.300  token_p=0.020  dropE=(0.020,0.080)  smooth=0.010  train_loss=0.2623  train_AUPR_all=0.6842  train_AUPR_ab=0.7801  train_AUPR_ag=0.5331  train_P@5_ab=1.0000  train_P@5_ag=0.9500  val_loss=0.3194  val_AUPR_all=0.6018  val_AUPR_ab=0.7404  val_AUPR_ag=0.3774  val_P@5_ab=0.9500  val_P@5_ag=0.9500  select=0.5589
Ep027  LR0=1.52e-04  pw=1.52  aucα=0.300  token_p=0.020  dropE=(0.020,0.080)  smooth=0.010  train_loss=0.2526  train_AUPR_all=0.6952  train_AUPR_ab=0.7882  train_AUPR_ag=0.5497  train_P@5_ab=1.0000  train_P@5_ag=0.9500  val_loss=0.3220  val_AUPR_all=0.6123  val_AUPR_ab=0.7505  val_AUPR_ag=0.3970  val_P@5_ab=1.0000  val_P@5_ag=1.0000  select=0.5737
Ep028  LR0=1.49e-04  pw=1.47  aucα=0.300  token_p=0.020  dropE=(0.020,0.080)  smooth=0.010  train_loss=0.2463  train_AUPR_all=0.7022  train_AUPR_ab=0.7924  train_AUPR_ag=0.5615  train_P@5_ab=1.0000  train_P@5_ag=0.9500  val_loss=0.3069  val_AUPR_all=0.6159  val_AUPR_ab=0.7390  val_AUPR_ag=0.4332  val_P@5_ab=0.9000  val_P@5_ag=1.0000  select=0.5861
  Saved checkpoint: checkpoints_esm/iPara_balanced_l1_g5_i5_do0.10_dpr0.10_lr0.0002_heads16_fold4.pth  select=0.5861  val_ab=0.7390  val_ag=0.4332  val_all=0.6159
Ep029  LR0=1.46e-04  pw=1.43  aucα=0.300  token_p=0.020  dropE=(0.020,0.080)  smooth=0.010  train_loss=0.2338  train_AUPR_all=0.7194  train_AUPR_ab=0.8058  train_AUPR_ag=0.5836  train_P@5_ab=0.9500  train_P@5_ag=1.0000  val_loss=0.3105  val_AUPR_all=0.6068  val_AUPR_ab=0.7483  val_AUPR_ag=0.4065  val_P@5_ab=0.9500  val_P@5_ag=0.7500  select=0.5774
Ep030  LR0=1.42e-04  pw=1.39  aucα=0.300  token_p=0.020  dropE=(0.020,0.080)  smooth=0.010  train_loss=0.2320  train_AUPR_all=0.7184  train_AUPR_ab=0.8010  train_AUPR_ag=0.5896  train_P@5_ab=1.0000  train_P@5_ag=1.0000  val_loss=0.3110  val_AUPR_all=0.6054  val_AUPR_ab=0.7465  val_AUPR_ag=0.3903  val_P@5_ab=0.9500  val_P@5_ag=0.8000  select=0.5684
Ep031  LR0=1.38e-04  pw=1.35  aucα=0.300  token_p=0.020  dropE=(0.020,0.080)  smooth=0.010  train_loss=0.2246  train_AUPR_all=0.7294  train_AUPR_ab=0.8101  train_AUPR_ag=0.6059  train_P@5_ab=0.9500  train_P@5_ag=0.9500  val_loss=0.3084  val_AUPR_all=0.6037  val_AUPR_ab=0.7476  val_AUPR_ag=0.3938  val_P@5_ab=1.0000  val_P@5_ag=0.9500  select=0.5707
Ep032  LR0=1.35e-04  pw=1.32  aucα=0.300  token_p=0.020  dropE=(0.020,0.080)  smooth=0.010  train_loss=0.2156  train_AUPR_all=0.7397  train_AUPR_ab=0.8144  train_AUPR_ag=0.6254  train_P@5_ab=1.0000  train_P@5_ag=1.0000  val_loss=0.3033  val_AUPR_all=0.6199  val_AUPR_ab=0.7591  val_AUPR_ag=0.4243  val_P@5_ab=1.0000  val_P@5_ag=1.0000  select=0.5917
  Saved checkpoint: checkpoints_esm/iPara_balanced_l1_g5_i5_do0.10_dpr0.10_lr0.0002_heads16_fold4.pth  select=0.5917  val_ab=0.7591  val_ag=0.4243  val_all=0.6199
Ep033  LR0=1.31e-04  pw=1.29  aucα=0.300  token_p=0.020  dropE=(0.020,0.080)  smooth=0.010  train_loss=0.2061  train_AUPR_all=0.7545  train_AUPR_ab=0.8244  train_AUPR_ag=0.6486  train_P@5_ab=1.0000  train_P@5_ag=0.9500  val_loss=0.3158  val_AUPR_all=0.6159  val_AUPR_ab=0.7536  val_AUPR_ag=0.4275  val_P@5_ab=0.9500  val_P@5_ag=0.9000  select=0.5906
Ep034  LR0=1.27e-04  pw=1.26  aucα=0.300  token_p=0.020  dropE=(0.020,0.080)  smooth=0.010  train_loss=0.2000  train_AUPR_all=0.7626  train_AUPR_ab=0.8315  train_AUPR_ag=0.6573  train_P@5_ab=1.0000  train_P@5_ag=0.9500  val_loss=0.2948  val_AUPR_all=0.6296  val_AUPR_ab=0.7575  val_AUPR_ag=0.4454  val_P@5_ab=1.0000  val_P@5_ag=0.9500  select=0.6015
  Saved checkpoint: checkpoints_esm/iPara_balanced_l1_g5_i5_do0.10_dpr0.10_lr0.0002_heads16_fold4.pth  select=0.6015  val_ab=0.7575  val_ag=0.4454  val_all=0.6296
Ep035  LR0=1.24e-04  pw=1.23  aucα=0.300  token_p=0.020  dropE=(0.020,0.080)  smooth=0.010  train_loss=0.1957  train_AUPR_all=0.7671  train_AUPR_ab=0.8331  train_AUPR_ag=0.6671  train_P@5_ab=1.0000  train_P@5_ag=0.9500  val_loss=0.3057  val_AUPR_all=0.6150  val_AUPR_ab=0.7570  val_AUPR_ag=0.4154  val_P@5_ab=1.0000  val_P@5_ag=1.0000  select=0.5862
Ep036  LR0=1.20e-04  pw=1.21  aucα=0.300  token_p=0.020  dropE=(0.020,0.080)  smooth=0.010  train_loss=0.1886  train_AUPR_all=0.7778  train_AUPR_ab=0.8392  train_AUPR_ag=0.6854  train_P@5_ab=1.0000  train_P@5_ag=1.0000  val_loss=0.3034  val_AUPR_all=0.6140  val_AUPR_ab=0.7533  val_AUPR_ag=0.4249  val_P@5_ab=0.9500  val_P@5_ag=0.9500  select=0.5891
Ep037  LR0=1.16e-04  pw=1.19  aucα=0.300  token_p=0.020  dropE=(0.020,0.080)  smooth=0.010  train_loss=0.1869  train_AUPR_all=0.7793  train_AUPR_ab=0.8421  train_AUPR_ag=0.6838  train_P@5_ab=1.0000  train_P@5_ag=1.0000  val_loss=0.3054  val_AUPR_all=0.6202  val_AUPR_ab=0.7661  val_AUPR_ag=0.4252  val_P@5_ab=1.0000  val_P@5_ag=1.0000  select=0.5957
Ep038  LR0=1.12e-04  pw=1.17  aucα=0.300  token_p=0.020  dropE=(0.020,0.080)  smooth=0.010  train_loss=0.1789  train_AUPR_all=0.7934  train_AUPR_ab=0.8511  train_AUPR_ag=0.7066  train_P@5_ab=0.9000  train_P@5_ag=0.9500  val_loss=0.2950  val_AUPR_all=0.6256  val_AUPR_ab=0.7639  val_AUPR_ag=0.4392  val_P@5_ab=1.0000  val_P@5_ag=0.8500  select=0.6015
Ep039  LR0=1.08e-04  pw=1.16  aucα=0.300  token_p=0.020  dropE=(0.020,0.080)  smooth=0.010  train_loss=0.1718  train_AUPR_all=0.8041  train_AUPR_ab=0.8584  train_AUPR_ag=0.7228  train_P@5_ab=1.0000  train_P@5_ag=0.9500  val_loss=0.3016  val_AUPR_all=0.6247  val_AUPR_ab=0.7623  val_AUPR_ag=0.4417  val_P@5_ab=0.9500  val_P@5_ag=0.8000  select=0.6020
  Saved checkpoint: checkpoints_esm/iPara_balanced_l1_g5_i5_do0.10_dpr0.10_lr0.0002_heads16_fold4.pth  select=0.6020  val_ab=0.7623  val_ag=0.4417  val_all=0.6247
Ep040  LR0=1.04e-04  pw=1.14  aucα=0.300  token_p=0.020  dropE=(0.020,0.080)  smooth=0.010  train_loss=0.1651  train_AUPR_all=0.8156  train_AUPR_ab=0.8688  train_AUPR_ag=0.7357  train_P@5_ab=0.9500  train_P@5_ag=0.9500  val_loss=0.2999  val_AUPR_all=0.6137  val_AUPR_ab=0.7606  val_AUPR_ag=0.4157  val_P@5_ab=0.9500  val_P@5_ag=0.6500  select=0.5881
Ep041  LR0=1.00e-04  pw=1.13  aucα=0.300  token_p=0.020  dropE=(0.020,0.080)  smooth=0.010  train_loss=0.1592  train_AUPR_all=0.8224  train_AUPR_ab=0.8729  train_AUPR_ag=0.7463  train_P@5_ab=1.0000  train_P@5_ag=0.9500  val_loss=0.3126  val_AUPR_all=0.5999  val_AUPR_ab=0.7373  val_AUPR_ag=0.4224  val_P@5_ab=0.8000  val_P@5_ag=0.9000  select=0.5799
Ep042  LR0=9.63e-05  pw=1.12  aucα=0.300  token_p=0.020  dropE=(0.020,0.080)  smooth=0.010  train_loss=0.1617  train_AUPR_all=0.8188  train_AUPR_ab=0.8707  train_AUPR_ag=0.7408  train_P@5_ab=0.9500  train_P@5_ag=0.9500  val_loss=0.2953  val_AUPR_all=0.6221  val_AUPR_ab=0.7566  val_AUPR_ag=0.4342  val_P@5_ab=0.9000  val_P@5_ag=0.8500  select=0.5954
Ep043  LR0=9.24e-05  pw=1.10  aucα=0.300  token_p=0.020  dropE=(0.020,0.080)  smooth=0.010  train_loss=0.1558  train_AUPR_all=0.8273  train_AUPR_ab=0.8764  train_AUPR_ag=0.7532  train_P@5_ab=0.9500  train_P@5_ag=1.0000  val_loss=0.2983  val_AUPR_all=0.6206  val_AUPR_ab=0.7555  val_AUPR_ag=0.4333  val_P@5_ab=0.9500  val_P@5_ag=0.8500  select=0.5944
Ep044  LR0=8.85e-05  pw=1.09  aucα=0.300  token_p=0.020  dropE=(0.020,0.080)  smooth=0.010  train_loss=0.1474  train_AUPR_all=0.8409  train_AUPR_ab=0.8862  train_AUPR_ag=0.7727  train_P@5_ab=1.0000  train_P@5_ag=0.9000  val_loss=0.3028  val_AUPR_all=0.6229  val_AUPR_ab=0.7595  val_AUPR_ag=0.4269  val_P@5_ab=1.0000  val_P@5_ag=0.8500  select=0.5932
Ep045  LR0=8.46e-05  pw=1.09  aucα=0.300  token_p=0.020  dropE=(0.020,0.080)  smooth=0.010  train_loss=0.1423  train_AUPR_all=0.8509  train_AUPR_ab=0.8967  train_AUPR_ag=0.7812  train_P@5_ab=1.0000  train_P@5_ag=0.9500  val_loss=0.3147  val_AUPR_all=0.6146  val_AUPR_ab=0.7508  val_AUPR_ag=0.4330  val_P@5_ab=1.0000  val_P@5_ag=0.8500  select=0.5919
Ep046  LR0=8.08e-05  pw=1.08  aucα=0.300  token_p=0.020  dropE=(0.020,0.080)  smooth=0.010  train_loss=0.1428  train_AUPR_all=0.8483  train_AUPR_ab=0.8899  train_AUPR_ag=0.7863  train_P@5_ab=0.9500  train_P@5_ag=1.0000  val_loss=0.3139  val_AUPR_all=0.6174  val_AUPR_ab=0.7615  val_AUPR_ag=0.4348  val_P@5_ab=1.0000  val_P@5_ag=0.9500  select=0.5982
Ep047  LR0=7.70e-05  pw=1.07  aucα=0.300  token_p=0.020  dropE=(0.020,0.080)  smooth=0.010  train_loss=0.1351  train_AUPR_all=0.8616  train_AUPR_ab=0.9014  train_AUPR_ag=0.8015  train_P@5_ab=1.0000  train_P@5_ag=1.0000  val_loss=0.3116  val_AUPR_all=0.6185  val_AUPR_ab=0.7596  val_AUPR_ag=0.4298  val_P@5_ab=0.9000  val_P@5_ag=0.9500  select=0.5947
Ep048  LR0=7.32e-05  pw=1.06  aucα=0.300  token_p=0.020  dropE=(0.020,0.080)  smooth=0.010  train_loss=0.1344  train_AUPR_all=0.8631  train_AUPR_ab=0.9043  train_AUPR_ag=0.8010  train_P@5_ab=1.0000  train_P@5_ag=0.9500  val_loss=0.3191  val_AUPR_all=0.6100  val_AUPR_ab=0.7481  val_AUPR_ag=0.4182  val_P@5_ab=0.9000  val_P@5_ag=1.0000  select=0.5831
Ep049  LR0=6.94e-05  pw=1.06  aucα=0.300  token_p=0.020  dropE=(0.020,0.080)  smooth=0.010  train_loss=0.1343  train_AUPR_all=0.8616  train_AUPR_ab=0.9023  train_AUPR_ag=0.7999  train_P@5_ab=1.0000  train_P@5_ag=1.0000  val_loss=0.3091  val_AUPR_all=0.6125  val_AUPR_ab=0.7514  val_AUPR_ag=0.4311  val_P@5_ab=0.9500  val_P@5_ag=0.7500  select=0.5913
Ep050  LR0=6.57e-05  pw=1.05  aucα=0.300  token_p=0.020  dropE=(0.020,0.080)  smooth=0.010  train_loss=0.1322  train_AUPR_all=0.8653  train_AUPR_ab=0.9061  train_AUPR_ag=0.8032  train_P@5_ab=1.0000  train_P@5_ag=1.0000  val_loss=0.3037  val_AUPR_all=0.6144  val_AUPR_ab=0.7572  val_AUPR_ag=0.4315  val_P@5_ab=1.0000  val_P@5_ag=0.8500  select=0.5944
Ep051  LR0=6.21e-05  pw=1.05  aucα=0.300  token_p=0.020  dropE=(0.020,0.080)  smooth=0.010  train_loss=0.1286  train_AUPR_all=0.8707  train_AUPR_ab=0.9088  train_AUPR_ag=0.8127  train_P@5_ab=1.0000  train_P@5_ag=0.9500  val_loss=0.3024  val_AUPR_all=0.6148  val_AUPR_ab=0.7511  val_AUPR_ag=0.4356  val_P@5_ab=0.8000  val_P@5_ag=0.9500  select=0.5934
Ep052  LR0=5.85e-05  pw=1.04  aucα=0.300  token_p=0.020  dropE=(0.020,0.080)  smooth=0.010  train_loss=0.1209  train_AUPR_all=0.8845  train_AUPR_ab=0.9194  train_AUPR_ag=0.8317  train_P@5_ab=1.0000  train_P@5_ag=1.0000  val_loss=0.3065  val_AUPR_all=0.6218  val_AUPR_ab=0.7540  val_AUPR_ag=0.4360  val_P@5_ab=0.9000  val_P@5_ag=1.0000  select=0.5950
Ep053  LR0=5.50e-05  pw=1.04  aucα=0.300  token_p=0.020  dropE=(0.020,0.080)  smooth=0.010  train_loss=0.1229  train_AUPR_all=0.8795  train_AUPR_ab=0.9137  train_AUPR_ag=0.8282  train_P@5_ab=1.0000  train_P@5_ag=1.0000  val_loss=0.3113  val_AUPR_all=0.6147  val_AUPR_ab=0.7497  val_AUPR_ag=0.4375  val_P@5_ab=0.9000  val_P@5_ag=0.9500  select=0.5936
Ep054  LR0=5.15e-05  pw=1.03  aucα=0.300  token_p=0.020  dropE=(0.020,0.080)  smooth=0.010  train_loss=0.1186  train_AUPR_all=0.8874  train_AUPR_ab=0.9217  train_AUPR_ag=0.8352  train_P@5_ab=1.0000  train_P@5_ag=1.0000  val_loss=0.3032  val_AUPR_all=0.6182  val_AUPR_ab=0.7534  val_AUPR_ag=0.4376  val_P@5_ab=0.9500  val_P@5_ag=0.8000  select=0.5955
Ep055  LR0=4.81e-05  pw=1.03  aucα=0.300  token_p=0.020  dropE=(0.020,0.080)  smooth=0.010  train_loss=0.1162  train_AUPR_all=0.8913  train_AUPR_ab=0.9248  train_AUPR_ag=0.8404  train_P@5_ab=1.0000  train_P@5_ag=1.0000  val_loss=0.3101  val_AUPR_all=0.6150  val_AUPR_ab=0.7492  val_AUPR_ag=0.4368  val_P@5_ab=0.9500  val_P@5_ag=0.9000  select=0.5930
Ep056  LR0=4.48e-05  pw=1.03  aucα=0.300  token_p=0.020  dropE=(0.020,0.080)  smooth=0.010  train_loss=0.1178  train_AUPR_all=0.8872  train_AUPR_ab=0.9221  train_AUPR_ag=0.8341  train_P@5_ab=1.0000  train_P@5_ag=1.0000  val_loss=0.3183  val_AUPR_all=0.6128  val_AUPR_ab=0.7470  val_AUPR_ag=0.4357  val_P@5_ab=0.9500  val_P@5_ag=0.9000  select=0.5914
Ep057  LR0=4.16e-05  pw=1.03  aucα=0.300  token_p=0.020  dropE=(0.020,0.080)  smooth=0.010  train_loss=0.1159  train_AUPR_all=0.8913  train_AUPR_ab=0.9249  train_AUPR_ag=0.8401  train_P@5_ab=1.0000  train_P@5_ag=1.0000  val_loss=0.3080  val_AUPR_all=0.6172  val_AUPR_ab=0.7470  val_AUPR_ag=0.4438  val_P@5_ab=0.9000  val_P@5_ag=0.9000  select=0.5954
Ep058  LR0=3.85e-05  pw=1.02  aucα=0.300  token_p=0.020  dropE=(0.020,0.080)  smooth=0.010  train_loss=0.1140  train_AUPR_all=0.8940  train_AUPR_ab=0.9258  train_AUPR_ag=0.8458  train_P@5_ab=1.0000  train_P@5_ag=1.0000  val_loss=0.3109  val_AUPR_all=0.6103  val_AUPR_ab=0.7387  val_AUPR_ag=0.4376  val_P@5_ab=1.0000  val_P@5_ag=0.9500  select=0.5882
Ep059  LR0=3.55e-05  pw=1.02  aucα=0.300  token_p=0.020  dropE=(0.020,0.080)  smooth=0.010  train_loss=0.1111  train_AUPR_all=0.8981  train_AUPR_ab=0.9303  train_AUPR_ag=0.8485  train_P@5_ab=1.0000  train_P@5_ag=1.0000  val_loss=0.3155  val_AUPR_all=0.6093  val_AUPR_ab=0.7401  val_AUPR_ag=0.4323  val_P@5_ab=0.9000  val_P@5_ag=0.8000  select=0.5862
Early stopping at epoch 59. Best select=0.6020 at epoch 39.
Final saved checkpoint for fold 4: checkpoints_esm/iPara_balanced_l1_g5_i5_do0.10_dpr0.10_lr0.0002_heads16_fold4.pth
Best select=0.6020 at epoch 39

==========================================================================================
Fold 5/5
==========================================================================================
Train labels: valid=399660, pos=26617, neg=373043, ignore=699540, pos_frac=0.06660
Val labels: valid=100532, pos=6613, neg=93919, ignore=173068, pos_frac=0.06578
Initializing ClassificationModel with 5 GAT layers and residual connections...
Initializing MCModel with 5 GAT layers and 5 row attention layers (drop_path_rate=0.1, use_esm=True)
Initializing CoreModel with 1 layers, drop_path_rate=0.1
Ep001  LR0=2.00e-04  pw=8.00  aucα=0.000  token_p=0.020  dropE=(0.020,0.080)  smooth=0.010  train_loss=0.7249  train_AUPR_all=0.2701  train_AUPR_ab=0.3322  train_AUPR_ag=0.1845  train_P@5_ab=0.5500  train_P@5_ag=0.8000  val_loss=0.9103  val_AUPR_all=0.4025  val_AUPR_ab=0.5472  val_AUPR_ag=0.1701  val_P@5_ab=0.6500  val_P@5_ag=0.8000  select=0.3587
  Saved checkpoint: checkpoints_esm/iPara_balanced_l1_g5_i5_do0.10_dpr0.10_lr0.0002_heads16_fold5.pth  select=0.3587  val_ab=0.5472  val_ag=0.1701  val_all=0.4025
Ep002  LR0=2.00e-04  pw=7.33  aucα=0.000  token_p=0.020  dropE=(0.020,0.080)  smooth=0.010  train_loss=0.5210  train_AUPR_all=0.4207  train_AUPR_ab=0.5016  train_AUPR_ag=0.2816  train_P@5_ab=0.6500  train_P@5_ag=0.8000  val_loss=0.7929  val_AUPR_all=0.4412  val_AUPR_ab=0.5853  val_AUPR_ag=0.2054  val_P@5_ab=0.5000  val_P@5_ag=0.6500  select=0.3954
  Saved checkpoint: checkpoints_esm/iPara_balanced_l1_g5_i5_do0.10_dpr0.10_lr0.0002_heads16_fold5.pth  select=0.3954  val_ab=0.5853  val_ag=0.2054  val_all=0.4412
Ep003  LR0=2.00e-04  pw=6.73  aucα=0.000  token_p=0.020  dropE=(0.020,0.080)  smooth=0.010  train_loss=0.4848  train_AUPR_all=0.4398  train_AUPR_ab=0.5212  train_AUPR_ag=0.2950  train_P@5_ab=0.8000  train_P@5_ag=0.9000  val_loss=0.7816  val_AUPR_all=0.3999  val_AUPR_ab=0.6164  val_AUPR_ag=0.2098  val_P@5_ab=0.8500  val_P@5_ag=1.0000  select=0.4131
  Saved checkpoint: checkpoints_esm/iPara_balanced_l1_g5_i5_do0.10_dpr0.10_lr0.0002_heads16_fold5.pth  select=0.4131  val_ab=0.6164  val_ag=0.2098  val_all=0.3999
Ep004  LR0=1.99e-04  pw=6.19  aucα=0.000  token_p=0.020  dropE=(0.020,0.080)  smooth=0.010  train_loss=0.4422  train_AUPR_all=0.4723  train_AUPR_ab=0.5578  train_AUPR_ag=0.3183  train_P@5_ab=0.9000  train_P@5_ag=0.8000  val_loss=0.6199  val_AUPR_all=0.4935  val_AUPR_ab=0.6372  val_AUPR_ag=0.2698  val_P@5_ab=0.8000  val_P@5_ag=0.9000  select=0.4535
  Saved checkpoint: checkpoints_esm/iPara_balanced_l1_g5_i5_do0.10_dpr0.10_lr0.0002_heads16_fold5.pth  select=0.4535  val_ab=0.6372  val_ag=0.2698  val_all=0.4935
Ep005  LR0=1.99e-04  pw=5.69  aucα=0.000  token_p=0.020  dropE=(0.020,0.080)  smooth=0.010  train_loss=0.4120  train_AUPR_all=0.4925  train_AUPR_ab=0.5833  train_AUPR_ag=0.3320  train_P@5_ab=0.8000  train_P@5_ag=0.6500  val_loss=0.6594  val_AUPR_all=0.4094  val_AUPR_ab=0.6559  val_AUPR_ag=0.2339  val_P@5_ab=0.9500  val_P@5_ag=0.7000  select=0.4449
Ep006  LR0=1.98e-04  pw=5.25  aucα=0.000  token_p=0.020  dropE=(0.020,0.080)  smooth=0.010  train_loss=0.3864  train_AUPR_all=0.5071  train_AUPR_ab=0.5911  train_AUPR_ag=0.3432  train_P@5_ab=0.8500  train_P@5_ag=0.9000  val_loss=0.6057  val_AUPR_all=0.4405  val_AUPR_ab=0.6551  val_AUPR_ag=0.2243  val_P@5_ab=1.0000  val_P@5_ag=0.9500  select=0.4397
Ep007  LR0=1.97e-04  pw=4.84  aucα=0.000  token_p=0.020  dropE=(0.020,0.080)  smooth=0.010  train_loss=0.3644  train_AUPR_all=0.5210  train_AUPR_ab=0.6109  train_AUPR_ag=0.3545  train_P@5_ab=0.7500  train_P@5_ag=0.9500  val_loss=0.6869  val_AUPR_all=0.3767  val_AUPR_ab=0.6532  val_AUPR_ag=0.2121  val_P@5_ab=0.9500  val_P@5_ag=0.8000  select=0.4327
Ep008  LR0=1.96e-04  pw=4.48  aucα=0.000  token_p=0.020  dropE=(0.020,0.080)  smooth=0.010  train_loss=0.3415  train_AUPR_all=0.5352  train_AUPR_ab=0.6320  train_AUPR_ag=0.3598  train_P@5_ab=0.9000  train_P@5_ag=0.9500  val_loss=0.5038  val_AUPR_all=0.5329  val_AUPR_ab=0.6730  val_AUPR_ag=0.3194  val_P@5_ab=0.7500  val_P@5_ag=0.9000  select=0.4962
  Saved checkpoint: checkpoints_esm/iPara_balanced_l1_g5_i5_do0.10_dpr0.10_lr0.0002_heads16_fold5.pth  select=0.4962  val_ab=0.6730  val_ag=0.3194  val_all=0.5329
Ep009  LR0=1.95e-04  pw=4.15  aucα=0.000  token_p=0.020  dropE=(0.020,0.080)  smooth=0.010  train_loss=0.3247  train_AUPR_all=0.5410  train_AUPR_ab=0.6374  train_AUPR_ag=0.3699  train_P@5_ab=0.8500  train_P@5_ag=1.0000  val_loss=0.4968  val_AUPR_all=0.4952  val_AUPR_ab=0.6618  val_AUPR_ag=0.2896  val_P@5_ab=0.8500  val_P@5_ag=1.0000  select=0.4757
Ep010  LR0=1.94e-04  pw=3.85  aucα=0.030  token_p=0.020  dropE=(0.020,0.080)  smooth=0.010  train_loss=0.3229  train_AUPR_all=0.5554  train_AUPR_ab=0.6535  train_AUPR_ag=0.3782  train_P@5_ab=0.8500  train_P@5_ag=0.9000  val_loss=0.4833  val_AUPR_all=0.5491  val_AUPR_ab=0.6843  val_AUPR_ag=0.3293  val_P@5_ab=0.9500  val_P@5_ag=0.9500  select=0.5068
  Saved checkpoint: checkpoints_esm/iPara_balanced_l1_g5_i5_do0.10_dpr0.10_lr0.0002_heads16_fold5.pth  select=0.5068  val_ab=0.6843  val_ag=0.3293  val_all=0.5491
Unfreezing DyM parameters.
Ep011  LR0=1.92e-04  pw=3.58  aucα=0.060  token_p=0.020  dropE=(0.020,0.080)  smooth=0.010  train_loss=0.3226  train_AUPR_all=0.5642  train_AUPR_ab=0.6663  train_AUPR_ag=0.3885  train_P@5_ab=0.9500  train_P@5_ag=1.0000  val_loss=0.4814  val_AUPR_all=0.4910  val_AUPR_ab=0.6907  val_AUPR_ag=0.2919  val_P@5_ab=0.9000  val_P@5_ag=0.7000  select=0.4913
Ep012  LR0=1.91e-04  pw=3.33  aucα=0.090  token_p=0.020  dropE=(0.020,0.080)  smooth=0.010  train_loss=0.3207  train_AUPR_all=0.5742  train_AUPR_ab=0.6818  train_AUPR_ag=0.3900  train_P@5_ab=1.0000  train_P@5_ag=1.0000  val_loss=0.4427  val_AUPR_all=0.5644  val_AUPR_ab=0.7010  val_AUPR_ag=0.3405  val_P@5_ab=0.9000  val_P@5_ag=0.8500  select=0.5208
  Saved checkpoint: checkpoints_esm/iPara_balanced_l1_g5_i5_do0.10_dpr0.10_lr0.0002_heads16_fold5.pth  select=0.5208  val_ab=0.7010  val_ag=0.3405  val_all=0.5644
Ep013  LR0=1.89e-04  pw=3.11  aucα=0.120  token_p=0.020  dropE=(0.020,0.080)  smooth=0.010  train_loss=0.3233  train_AUPR_all=0.5777  train_AUPR_ab=0.6825  train_AUPR_ag=0.4035  train_P@5_ab=1.0000  train_P@5_ag=1.0000  val_loss=0.4558  val_AUPR_all=0.5467  val_AUPR_ab=0.6926  val_AUPR_ag=0.3152  val_P@5_ab=0.9500  val_P@5_ag=0.9500  select=0.5039
Ep014  LR0=1.87e-04  pw=2.91  aucα=0.150  token_p=0.020  dropE=(0.020,0.080)  smooth=0.010  train_loss=0.3207  train_AUPR_all=0.5897  train_AUPR_ab=0.7000  train_AUPR_ag=0.4085  train_P@5_ab=0.9500  train_P@5_ag=0.9000  val_loss=0.4196  val_AUPR_all=0.5723  val_AUPR_ab=0.7036  val_AUPR_ag=0.3523  val_P@5_ab=0.9000  val_P@5_ag=0.9000  select=0.5279
  Saved checkpoint: checkpoints_esm/iPara_balanced_l1_g5_i5_do0.10_dpr0.10_lr0.0002_heads16_fold5.pth  select=0.5279  val_ab=0.7036  val_ag=0.3523  val_all=0.5723
Ep015  LR0=1.85e-04  pw=2.73  aucα=0.180  token_p=0.020  dropE=(0.020,0.080)  smooth=0.010  train_loss=0.3220  train_AUPR_all=0.5964  train_AUPR_ab=0.7013  train_AUPR_ag=0.4212  train_P@5_ab=0.9000  train_P@5_ag=0.9500  val_loss=0.4143  val_AUPR_all=0.5497  val_AUPR_ab=0.7059  val_AUPR_ag=0.3369  val_P@5_ab=0.9500  val_P@5_ag=0.8500  select=0.5214
Ep016  LR0=1.83e-04  pw=2.56  aucα=0.210  token_p=0.020  dropE=(0.020,0.080)  smooth=0.010  train_loss=0.3257  train_AUPR_all=0.6010  train_AUPR_ab=0.7094  train_AUPR_ag=0.4229  train_P@5_ab=1.0000  train_P@5_ag=0.9500  val_loss=0.3880  val_AUPR_all=0.5751  val_AUPR_ab=0.7091  val_AUPR_ag=0.3581  val_P@5_ab=1.0000  val_P@5_ag=0.7000  select=0.5336
  Saved checkpoint: checkpoints_esm/iPara_balanced_l1_g5_i5_do0.10_dpr0.10_lr0.0002_heads16_fold5.pth  select=0.5336  val_ab=0.7091  val_ag=0.3581  val_all=0.5751
Ep017  LR0=1.81e-04  pw=2.41  aucα=0.240  token_p=0.020  dropE=(0.020,0.080)  smooth=0.010  train_loss=0.3276  train_AUPR_all=0.6070  train_AUPR_ab=0.7160  train_AUPR_ag=0.4271  train_P@5_ab=0.9500  train_P@5_ag=1.0000  val_loss=0.3859  val_AUPR_all=0.5648  val_AUPR_ab=0.7057  val_AUPR_ag=0.3350  val_P@5_ab=1.0000  val_P@5_ag=1.0000  select=0.5204
Ep018  LR0=1.79e-04  pw=2.28  aucα=0.270  token_p=0.020  dropE=(0.020,0.080)  smooth=0.010  train_loss=0.3279  train_AUPR_all=0.6144  train_AUPR_ab=0.7216  train_AUPR_ag=0.4397  train_P@5_ab=1.0000  train_P@5_ag=0.7500  val_loss=0.3919  val_AUPR_all=0.5540  val_AUPR_ab=0.7155  val_AUPR_ag=0.3374  val_P@5_ab=1.0000  val_P@5_ag=0.9000  select=0.5265
Ep019  LR0=1.76e-04  pw=2.16  aucα=0.300  token_p=0.020  dropE=(0.020,0.080)  smooth=0.010  train_loss=0.3284  train_AUPR_all=0.6291  train_AUPR_ab=0.7360  train_AUPR_ag=0.4569  train_P@5_ab=1.0000  train_P@5_ag=0.9500  val_loss=0.3675  val_AUPR_all=0.5821  val_AUPR_ab=0.7351  val_AUPR_ag=0.3402  val_P@5_ab=1.0000  val_P@5_ag=0.9500  select=0.5377
  Saved checkpoint: checkpoints_esm/iPara_balanced_l1_g5_i5_do0.10_dpr0.10_lr0.0002_heads16_fold5.pth  select=0.5377  val_ab=0.7351  val_ag=0.3402  val_all=0.5821
Ep020  LR0=1.73e-04  pw=2.05  aucα=0.300  token_p=0.020  dropE=(0.020,0.080)  smooth=0.010  train_loss=0.3225  train_AUPR_all=0.6275  train_AUPR_ab=0.7295  train_AUPR_ag=0.4645  train_P@5_ab=0.8500  train_P@5_ag=0.9500  val_loss=0.3769  val_AUPR_all=0.5701  val_AUPR_ab=0.7320  val_AUPR_ag=0.3206  val_P@5_ab=1.0000  val_P@5_ag=0.6500  select=0.5263
Ep021  LR0=1.71e-04  pw=1.95  aucα=0.300  token_p=0.020  dropE=(0.020,0.080)  smooth=0.010  train_loss=0.3114  train_AUPR_all=0.6345  train_AUPR_ab=0.7371  train_AUPR_ag=0.4698  train_P@5_ab=0.8500  train_P@5_ag=0.9000  val_loss=0.3531  val_AUPR_all=0.5785  val_AUPR_ab=0.7392  val_AUPR_ag=0.3398  val_P@5_ab=1.0000  val_P@5_ag=0.9500  select=0.5395
  Saved checkpoint: checkpoints_esm/iPara_balanced_l1_g5_i5_do0.10_dpr0.10_lr0.0002_heads16_fold5.pth  select=0.5395  val_ab=0.7392  val_ag=0.3398  val_all=0.5785
Ep022  LR0=1.68e-04  pw=1.86  aucα=0.300  token_p=0.020  dropE=(0.020,0.080)  smooth=0.010  train_loss=0.3016  train_AUPR_all=0.6433  train_AUPR_ab=0.7420  train_AUPR_ag=0.4875  train_P@5_ab=0.9000  train_P@5_ag=0.9500  val_loss=0.3411  val_AUPR_all=0.5891  val_AUPR_ab=0.7343  val_AUPR_ag=0.3652  val_P@5_ab=1.0000  val_P@5_ag=0.9500  select=0.5497
  Saved checkpoint: checkpoints_esm/iPara_balanced_l1_g5_i5_do0.10_dpr0.10_lr0.0002_heads16_fold5.pth  select=0.5497  val_ab=0.7343  val_ag=0.3652  val_all=0.5891
Ep023  LR0=1.65e-04  pw=1.78  aucα=0.300  token_p=0.020  dropE=(0.020,0.080)  smooth=0.010  train_loss=0.2881  train_AUPR_all=0.6619  train_AUPR_ab=0.7579  train_AUPR_ag=0.5091  train_P@5_ab=1.0000  train_P@5_ag=0.9500  val_loss=0.3357  val_AUPR_all=0.5981  val_AUPR_ab=0.7403  val_AUPR_ag=0.3811  val_P@5_ab=1.0000  val_P@5_ag=0.9500  select=0.5607
  Saved checkpoint: checkpoints_esm/iPara_balanced_l1_g5_i5_do0.10_dpr0.10_lr0.0002_heads16_fold5.pth  select=0.5607  val_ab=0.7403  val_ag=0.3811  val_all=0.5981
Ep024  LR0=1.62e-04  pw=1.70  aucα=0.300  token_p=0.020  dropE=(0.020,0.080)  smooth=0.010  train_loss=0.2775  train_AUPR_all=0.6706  train_AUPR_ab=0.7649  train_AUPR_ag=0.5212  train_P@5_ab=1.0000  train_P@5_ag=0.9500  val_loss=0.3527  val_AUPR_all=0.5686  val_AUPR_ab=0.7366  val_AUPR_ag=0.3397  val_P@5_ab=1.0000  val_P@5_ag=0.9000  select=0.5381
Ep025  LR0=1.59e-04  pw=1.64  aucα=0.300  token_p=0.020  dropE=(0.020,0.080)  smooth=0.010  train_loss=0.2739  train_AUPR_all=0.6705  train_AUPR_ab=0.7585  train_AUPR_ag=0.5326  train_P@5_ab=1.0000  train_P@5_ag=1.0000  val_loss=0.3389  val_AUPR_all=0.5896  val_AUPR_ab=0.7480  val_AUPR_ag=0.3828  val_P@5_ab=1.0000  val_P@5_ag=0.9000  select=0.5654
  Saved checkpoint: checkpoints_esm/iPara_balanced_l1_g5_i5_do0.10_dpr0.10_lr0.0002_heads16_fold5.pth  select=0.5654  val_ab=0.7480  val_ag=0.3828  val_all=0.5896
Ep026  LR0=1.56e-04  pw=1.57  aucα=0.300  token_p=0.020  dropE=(0.020,0.080)  smooth=0.010  train_loss=0.2624  train_AUPR_all=0.6840  train_AUPR_ab=0.7755  train_AUPR_ag=0.5405  train_P@5_ab=1.0000  train_P@5_ag=1.0000  val_loss=0.3313  val_AUPR_all=0.5877  val_AUPR_ab=0.7433  val_AUPR_ag=0.3492  val_P@5_ab=1.0000  val_P@5_ag=1.0000  select=0.5462
Ep027  LR0=1.52e-04  pw=1.52  aucα=0.300  token_p=0.020  dropE=(0.020,0.080)  smooth=0.010  train_loss=0.2544  train_AUPR_all=0.6922  train_AUPR_ab=0.7796  train_AUPR_ag=0.5571  train_P@5_ab=1.0000  train_P@5_ag=0.9000  val_loss=0.3228  val_AUPR_all=0.5859  val_AUPR_ab=0.7362  val_AUPR_ag=0.3773  val_P@5_ab=1.0000  val_P@5_ag=0.9500  select=0.5567
Ep028  LR0=1.49e-04  pw=1.47  aucα=0.300  token_p=0.020  dropE=(0.020,0.080)  smooth=0.010  train_loss=0.2461  train_AUPR_all=0.7013  train_AUPR_ab=0.7812  train_AUPR_ag=0.5785  train_P@5_ab=1.0000  train_P@5_ag=1.0000  val_loss=0.3223  val_AUPR_all=0.5995  val_AUPR_ab=0.7515  val_AUPR_ag=0.3848  val_P@5_ab=1.0000  val_P@5_ag=0.9500  select=0.5682
  Saved checkpoint: checkpoints_esm/iPara_balanced_l1_g5_i5_do0.10_dpr0.10_lr0.0002_heads16_fold5.pth  select=0.5682  val_ab=0.7515  val_ag=0.3848  val_all=0.5995
Ep029  LR0=1.46e-04  pw=1.43  aucα=0.300  token_p=0.020  dropE=(0.020,0.080)  smooth=0.010  train_loss=0.2378  train_AUPR_all=0.7112  train_AUPR_ab=0.7879  train_AUPR_ag=0.5937  train_P@5_ab=1.0000  train_P@5_ag=0.9500  val_loss=0.3170  val_AUPR_all=0.6016  val_AUPR_ab=0.7546  val_AUPR_ag=0.3831  val_P@5_ab=1.0000  val_P@5_ag=1.0000  select=0.5689
  Saved checkpoint: checkpoints_esm/iPara_balanced_l1_g5_i5_do0.10_dpr0.10_lr0.0002_heads16_fold5.pth  select=0.5689  val_ab=0.7546  val_ag=0.3831  val_all=0.6016
Ep030  LR0=1.42e-04  pw=1.39  aucα=0.300  token_p=0.020  dropE=(0.020,0.080)  smooth=0.010  train_loss=0.2286  train_AUPR_all=0.7234  train_AUPR_ab=0.7998  train_AUPR_ag=0.6068  train_P@5_ab=1.0000  train_P@5_ag=1.0000  val_loss=0.3248  val_AUPR_all=0.5992  val_AUPR_ab=0.7520  val_AUPR_ag=0.3795  val_P@5_ab=0.9500  val_P@5_ag=0.9000  select=0.5657
Ep031  LR0=1.38e-04  pw=1.35  aucα=0.300  token_p=0.020  dropE=(0.020,0.080)  smooth=0.010  train_loss=0.2203  train_AUPR_all=0.7356  train_AUPR_ab=0.8076  train_AUPR_ag=0.6262  train_P@5_ab=1.0000  train_P@5_ag=0.9500  val_loss=0.3278  val_AUPR_all=0.5856  val_AUPR_ab=0.7454  val_AUPR_ag=0.3733  val_P@5_ab=1.0000  val_P@5_ag=1.0000  select=0.5593
Ep032  LR0=1.35e-04  pw=1.32  aucα=0.300  token_p=0.020  dropE=(0.020,0.080)  smooth=0.010  train_loss=0.2170  train_AUPR_all=0.7363  train_AUPR_ab=0.8061  train_AUPR_ag=0.6301  train_P@5_ab=0.9500  train_P@5_ag=1.0000  val_loss=0.3192  val_AUPR_all=0.5919  val_AUPR_ab=0.7440  val_AUPR_ag=0.3856  val_P@5_ab=1.0000  val_P@5_ag=1.0000  select=0.5648
Ep033  LR0=1.31e-04  pw=1.29  aucα=0.300  token_p=0.020  dropE=(0.020,0.080)  smooth=0.010  train_loss=0.2078  train_AUPR_all=0.7525  train_AUPR_ab=0.8171  train_AUPR_ag=0.6560  train_P@5_ab=1.0000  train_P@5_ag=1.0000  val_loss=0.3068  val_AUPR_all=0.6032  val_AUPR_ab=0.7561  val_AUPR_ag=0.3867  val_P@5_ab=1.0000  val_P@5_ag=1.0000  select=0.5714
  Saved checkpoint: checkpoints_esm/iPara_balanced_l1_g5_i5_do0.10_dpr0.10_lr0.0002_heads16_fold5.pth  select=0.5714  val_ab=0.7561  val_ag=0.3867  val_all=0.6032
Ep034  LR0=1.27e-04  pw=1.26  aucα=0.300  token_p=0.020  dropE=(0.020,0.080)  smooth=0.010  train_loss=0.1992  train_AUPR_all=0.7634  train_AUPR_ab=0.8304  train_AUPR_ag=0.6622  train_P@5_ab=1.0000  train_P@5_ag=0.9500  val_loss=0.3106  val_AUPR_all=0.6031  val_AUPR_ab=0.7553  val_AUPR_ag=0.3804  val_P@5_ab=0.9500  val_P@5_ag=0.9500  select=0.5679
Ep035  LR0=1.24e-04  pw=1.23  aucα=0.300  token_p=0.020  dropE=(0.020,0.080)  smooth=0.010  train_loss=0.1949  train_AUPR_all=0.7691  train_AUPR_ab=0.8307  train_AUPR_ag=0.6770  train_P@5_ab=1.0000  train_P@5_ag=1.0000  val_loss=0.3217  val_AUPR_all=0.5920  val_AUPR_ab=0.7432  val_AUPR_ag=0.3808  val_P@5_ab=1.0000  val_P@5_ag=1.0000  select=0.5620
Ep036  LR0=1.20e-04  pw=1.21  aucα=0.300  token_p=0.020  dropE=(0.020,0.080)  smooth=0.010  train_loss=0.1926  train_AUPR_all=0.7730  train_AUPR_ab=0.8335  train_AUPR_ag=0.6827  train_P@5_ab=1.0000  train_P@5_ag=1.0000  val_loss=0.3142  val_AUPR_all=0.5926  val_AUPR_ab=0.7414  val_AUPR_ag=0.3816  val_P@5_ab=1.0000  val_P@5_ag=0.8500  select=0.5615
Ep037  LR0=1.16e-04  pw=1.19  aucα=0.300  token_p=0.020  dropE=(0.020,0.080)  smooth=0.010  train_loss=0.1856  train_AUPR_all=0.7824  train_AUPR_ab=0.8353  train_AUPR_ag=0.7047  train_P@5_ab=1.0000  train_P@5_ag=1.0000  val_loss=0.3253  val_AUPR_all=0.5647  val_AUPR_ab=0.7363  val_AUPR_ag=0.3483  val_P@5_ab=0.9500  val_P@5_ag=0.9000  select=0.5423
Ep038  LR0=1.12e-04  pw=1.17  aucα=0.300  token_p=0.020  dropE=(0.020,0.080)  smooth=0.010  train_loss=0.1795  train_AUPR_all=0.7917  train_AUPR_ab=0.8465  train_AUPR_ag=0.7098  train_P@5_ab=1.0000  train_P@5_ag=1.0000  val_loss=0.3183  val_AUPR_all=0.5818  val_AUPR_ab=0.7359  val_AUPR_ag=0.3804  val_P@5_ab=0.9500  val_P@5_ag=1.0000  select=0.5581
Ep039  LR0=1.08e-04  pw=1.16  aucα=0.300  token_p=0.020  dropE=(0.020,0.080)  smooth=0.010  train_loss=0.1709  train_AUPR_all=0.8062  train_AUPR_ab=0.8565  train_AUPR_ag=0.7315  train_P@5_ab=1.0000  train_P@5_ag=1.0000  val_loss=0.3178  val_AUPR_all=0.5953  val_AUPR_ab=0.7530  val_AUPR_ag=0.3860  val_P@5_ab=0.9500  val_P@5_ag=0.7500  select=0.5695
Ep040  LR0=1.04e-04  pw=1.14  aucα=0.300  token_p=0.020  dropE=(0.020,0.080)  smooth=0.010  train_loss=0.1688  train_AUPR_all=0.8076  train_AUPR_ab=0.8574  train_AUPR_ag=0.7336  train_P@5_ab=1.0000  train_P@5_ag=1.0000  val_loss=0.3145  val_AUPR_all=0.5879  val_AUPR_ab=0.7377  val_AUPR_ag=0.3767  val_P@5_ab=0.9500  val_P@5_ag=0.8000  select=0.5572
Ep041  LR0=1.00e-04  pw=1.13  aucα=0.300  token_p=0.020  dropE=(0.020,0.080)  smooth=0.010  train_loss=0.1666  train_AUPR_all=0.8097  train_AUPR_ab=0.8570  train_AUPR_ag=0.7396  train_P@5_ab=0.9500  train_P@5_ag=1.0000  val_loss=0.3195  val_AUPR_all=0.5908  val_AUPR_ab=0.7402  val_AUPR_ag=0.3916  val_P@5_ab=0.9500  val_P@5_ag=0.9500  select=0.5659
Ep042  LR0=9.63e-05  pw=1.12  aucα=0.300  token_p=0.020  dropE=(0.020,0.080)  smooth=0.010  train_loss=0.1572  train_AUPR_all=0.8273  train_AUPR_ab=0.8724  train_AUPR_ag=0.7604  train_P@5_ab=1.0000  train_P@5_ag=1.0000  val_loss=0.3202  val_AUPR_all=0.5907  val_AUPR_ab=0.7447  val_AUPR_ag=0.3978  val_P@5_ab=0.9000  val_P@5_ag=0.9000  select=0.5713
Ep043  LR0=9.24e-05  pw=1.10  aucα=0.300  token_p=0.020  dropE=(0.020,0.080)  smooth=0.010  train_loss=0.1544  train_AUPR_all=0.8315  train_AUPR_ab=0.8756  train_AUPR_ag=0.7662  train_P@5_ab=1.0000  train_P@5_ag=1.0000  val_loss=0.3259  val_AUPR_all=0.5877  val_AUPR_ab=0.7391  val_AUPR_ag=0.3830  val_P@5_ab=0.9500  val_P@5_ag=0.9000  select=0.5611
Ep044  LR0=8.85e-05  pw=1.09  aucα=0.300  token_p=0.020  dropE=(0.020,0.080)  smooth=0.010  train_loss=0.1521  train_AUPR_all=0.8325  train_AUPR_ab=0.8756  train_AUPR_ag=0.7685  train_P@5_ab=1.0000  train_P@5_ag=1.0000  val_loss=0.3213  val_AUPR_all=0.5974  val_AUPR_ab=0.7448  val_AUPR_ag=0.4038  val_P@5_ab=0.9500  val_P@5_ag=0.8500  select=0.5743
  Saved checkpoint: checkpoints_esm/iPara_balanced_l1_g5_i5_do0.10_dpr0.10_lr0.0002_heads16_fold5.pth  select=0.5743  val_ab=0.7448  val_ag=0.4038  val_all=0.5974
Ep045  LR0=8.46e-05  pw=1.09  aucα=0.300  token_p=0.020  dropE=(0.020,0.080)  smooth=0.010  train_loss=0.1480  train_AUPR_all=0.8402  train_AUPR_ab=0.8827  train_AUPR_ag=0.7768  train_P@5_ab=1.0000  train_P@5_ag=1.0000  val_loss=0.3169  val_AUPR_all=0.5915  val_AUPR_ab=0.7350  val_AUPR_ag=0.3940  val_P@5_ab=1.0000  val_P@5_ag=0.9000  select=0.5645
Ep046  LR0=8.08e-05  pw=1.08  aucα=0.300  token_p=0.020  dropE=(0.020,0.080)  smooth=0.010  train_loss=0.1433  train_AUPR_all=0.8481  train_AUPR_ab=0.8903  train_AUPR_ag=0.7846  train_P@5_ab=1.0000  train_P@5_ag=1.0000  val_loss=0.3150  val_AUPR_all=0.5878  val_AUPR_ab=0.7372  val_AUPR_ag=0.3914  val_P@5_ab=0.9000  val_P@5_ag=0.8500  select=0.5643
Ep047  LR0=7.70e-05  pw=1.07  aucα=0.300  token_p=0.020  dropE=(0.020,0.080)  smooth=0.010  train_loss=0.1407  train_AUPR_all=0.8524  train_AUPR_ab=0.8929  train_AUPR_ag=0.7915  train_P@5_ab=1.0000  train_P@5_ag=1.0000  val_loss=0.3242  val_AUPR_all=0.5836  val_AUPR_ab=0.7374  val_AUPR_ag=0.3799  val_P@5_ab=0.9000  val_P@5_ag=0.9500  select=0.5586
Ep048  LR0=7.32e-05  pw=1.06  aucα=0.300  token_p=0.020  dropE=(0.020,0.080)  smooth=0.010  train_loss=0.1351  train_AUPR_all=0.8610  train_AUPR_ab=0.9012  train_AUPR_ag=0.8004  train_P@5_ab=1.0000  train_P@5_ag=1.0000  val_loss=0.3239  val_AUPR_all=0.5854  val_AUPR_ab=0.7358  val_AUPR_ag=0.3863  val_P@5_ab=1.0000  val_P@5_ag=0.8500  select=0.5610
Ep049  LR0=6.94e-05  pw=1.06  aucα=0.300  token_p=0.020  dropE=(0.020,0.080)  smooth=0.010  train_loss=0.1313  train_AUPR_all=0.8678  train_AUPR_ab=0.9064  train_AUPR_ag=0.8094  train_P@5_ab=1.0000  train_P@5_ag=1.0000  val_loss=0.3200  val_AUPR_all=0.5913  val_AUPR_ab=0.7429  val_AUPR_ag=0.3901  val_P@5_ab=0.9500  val_P@5_ag=0.9000  select=0.5665
Ep050  LR0=6.57e-05  pw=1.05  aucα=0.300  token_p=0.020  dropE=(0.020,0.080)  smooth=0.010  train_loss=0.1317  train_AUPR_all=0.8656  train_AUPR_ab=0.9035  train_AUPR_ag=0.8086  train_P@5_ab=1.0000  train_P@5_ag=1.0000  val_loss=0.3238  val_AUPR_all=0.5831  val_AUPR_ab=0.7330  val_AUPR_ag=0.3898  val_P@5_ab=0.9500  val_P@5_ag=0.9500  select=0.5614
Ep051  LR0=6.21e-05  pw=1.05  aucα=0.300  token_p=0.020  dropE=(0.020,0.080)  smooth=0.010  train_loss=0.1307  train_AUPR_all=0.8676  train_AUPR_ab=0.9052  train_AUPR_ag=0.8109  train_P@5_ab=1.0000  train_P@5_ag=1.0000  val_loss=0.3294  val_AUPR_all=0.5725  val_AUPR_ab=0.7277  val_AUPR_ag=0.3778  val_P@5_ab=0.9500  val_P@5_ag=0.6500  select=0.5527
Ep052  LR0=5.85e-05  pw=1.04  aucα=0.300  token_p=0.020  dropE=(0.020,0.080)  smooth=0.010  train_loss=0.1275  train_AUPR_all=0.8723  train_AUPR_ab=0.9077  train_AUPR_ag=0.8190  train_P@5_ab=1.0000  train_P@5_ag=1.0000  val_loss=0.3209  val_AUPR_all=0.5890  val_AUPR_ab=0.7439  val_AUPR_ag=0.3865  val_P@5_ab=0.9000  val_P@5_ag=0.8500  select=0.5652
Ep053  LR0=5.50e-05  pw=1.04  aucα=0.300  token_p=0.020  dropE=(0.020,0.080)  smooth=0.010  train_loss=0.1242  train_AUPR_all=0.8776  train_AUPR_ab=0.9128  train_AUPR_ag=0.8246  train_P@5_ab=1.0000  train_P@5_ag=1.0000  val_loss=0.3262  val_AUPR_all=0.5825  val_AUPR_ab=0.7376  val_AUPR_ag=0.3851  val_P@5_ab=0.9000  val_P@5_ag=0.8000  select=0.5614
Ep054  LR0=5.15e-05  pw=1.03  aucα=0.300  token_p=0.020  dropE=(0.020,0.080)  smooth=0.010  train_loss=0.1198  train_AUPR_all=0.8849  train_AUPR_ab=0.9178  train_AUPR_ag=0.8354  train_P@5_ab=1.0000  train_P@5_ag=1.0000  val_loss=0.3240  val_AUPR_all=0.5799  val_AUPR_ab=0.7313  val_AUPR_ag=0.3791  val_P@5_ab=0.9000  val_P@5_ag=0.7500  select=0.5552
Ep055  LR0=4.81e-05  pw=1.03  aucα=0.300  token_p=0.020  dropE=(0.020,0.080)  smooth=0.010  train_loss=0.1176  train_AUPR_all=0.8885  train_AUPR_ab=0.9208  train_AUPR_ag=0.8395  train_P@5_ab=1.0000  train_P@5_ag=0.9500  val_loss=0.3295  val_AUPR_all=0.5800  val_AUPR_ab=0.7355  val_AUPR_ag=0.3768  val_P@5_ab=0.8000  val_P@5_ag=0.7000  select=0.5562
Ep056  LR0=4.48e-05  pw=1.03  aucα=0.300  token_p=0.020  dropE=(0.020,0.080)  smooth=0.010  train_loss=0.1186  train_AUPR_all=0.8869  train_AUPR_ab=0.9218  train_AUPR_ag=0.8331  train_P@5_ab=1.0000  train_P@5_ag=1.0000  val_loss=0.3259  val_AUPR_all=0.5858  val_AUPR_ab=0.7401  val_AUPR_ag=0.3809  val_P@5_ab=0.8000  val_P@5_ag=0.8500  select=0.5605
Ep057  LR0=4.16e-05  pw=1.03  aucα=0.300  token_p=0.020  dropE=(0.020,0.080)  smooth=0.010  train_loss=0.1151  train_AUPR_all=0.8922  train_AUPR_ab=0.9248  train_AUPR_ag=0.8425  train_P@5_ab=1.0000  train_P@5_ag=0.9500  val_loss=0.3319  val_AUPR_all=0.5805  val_AUPR_ab=0.7301  val_AUPR_ag=0.3823  val_P@5_ab=0.8000  val_P@5_ag=0.7000  select=0.5562
Ep058  LR0=3.85e-05  pw=1.02  aucα=0.300  token_p=0.020  dropE=(0.020,0.080)  smooth=0.010  train_loss=0.1127  train_AUPR_all=0.8956  train_AUPR_ab=0.9267  train_AUPR_ag=0.8482  train_P@5_ab=1.0000  train_P@5_ag=1.0000  val_loss=0.3313  val_AUPR_all=0.5851  val_AUPR_ab=0.7317  val_AUPR_ag=0.3888  val_P@5_ab=0.8500  val_P@5_ag=0.9000  select=0.5603
Ep059  LR0=3.55e-05  pw=1.02  aucα=0.300  token_p=0.020  dropE=(0.020,0.080)  smooth=0.010  train_loss=0.1142  train_AUPR_all=0.8933  train_AUPR_ab=0.9238  train_AUPR_ag=0.8471  train_P@5_ab=1.0000  train_P@5_ag=1.0000  val_loss=0.3235  val_AUPR_all=0.5905  val_AUPR_ab=0.7372  val_AUPR_ag=0.3899  val_P@5_ab=0.9500  val_P@5_ag=0.8500  select=0.5636
Ep060  LR0=3.25e-05  pw=1.02  aucα=0.300  token_p=0.020  dropE=(0.020,0.080)  smooth=0.010  train_loss=0.1111  train_AUPR_all=0.8985  train_AUPR_ab=0.9306  train_AUPR_ag=0.8493  train_P@5_ab=1.0000  train_P@5_ag=1.0000  val_loss=0.3259  val_AUPR_all=0.5934  val_AUPR_ab=0.7473  val_AUPR_ag=0.3846  val_P@5_ab=0.9000  val_P@5_ag=0.7000  select=0.5660
Ep061  LR0=2.97e-05  pw=1.02  aucα=0.300  token_p=0.020  dropE=(0.020,0.080)  smooth=0.010  train_loss=0.1068  train_AUPR_all=0.9057  train_AUPR_ab=0.9331  train_AUPR_ag=0.8644  train_P@5_ab=1.0000  train_P@5_ag=1.0000  val_loss=0.3394  val_AUPR_all=0.5816  val_AUPR_ab=0.7395  val_AUPR_ag=0.3808  val_P@5_ab=0.8500  val_P@5_ag=0.7000  select=0.5601
Ep062  LR0=2.70e-05  pw=1.02  aucα=0.300  token_p=0.020  dropE=(0.020,0.080)  smooth=0.010  train_loss=0.1065  train_AUPR_all=0.9064  train_AUPR_ab=0.9350  train_AUPR_ag=0.8628  train_P@5_ab=1.0000  train_P@5_ag=1.0000  val_loss=0.3360  val_AUPR_all=0.5850  val_AUPR_ab=0.7296  val_AUPR_ag=0.3917  val_P@5_ab=0.7500  val_P@5_ag=0.6500  select=0.5606
Ep063  LR0=2.44e-05  pw=1.01  aucα=0.300  token_p=0.020  dropE=(0.020,0.080)  smooth=0.010  train_loss=0.1026  train_AUPR_all=0.9119  train_AUPR_ab=0.9403  train_AUPR_ag=0.8681  train_P@5_ab=1.0000  train_P@5_ag=1.0000  val_loss=0.3431  val_AUPR_all=0.5791  val_AUPR_ab=0.7330  val_AUPR_ag=0.3760  val_P@5_ab=0.7500  val_P@5_ag=0.7000  select=0.5545
Ep064  LR0=2.19e-05  pw=1.01  aucα=0.300  token_p=0.020  dropE=(0.020,0.080)  smooth=0.010  train_loss=0.1047  train_AUPR_all=0.9079  train_AUPR_ab=0.9360  train_AUPR_ag=0.8651  train_P@5_ab=1.0000  train_P@5_ag=1.0000  val_loss=0.3401  val_AUPR_all=0.5788  val_AUPR_ab=0.7332  val_AUPR_ag=0.3758  val_P@5_ab=0.7500  val_P@5_ag=0.7000  select=0.5545
Early stopping at epoch 64. Best select=0.5743 at epoch 44.
Final saved checkpoint for fold 5: checkpoints_esm/iPara_balanced_l1_g5_i5_do0.10_dpr0.10_lr0.0002_heads16_fold5.pth
Best select=0.5743 at epoch 44
