Device: cuda
Visible GPUs: 1
GPU 0: NVIDIA RTX PRO 6000 Blackwell Server Edition
Config:
  sequence_file: para_tv_esmsequences_1600.npz
  data_file: para_tv_esminterfaces_1600.npz
  edge_file: para_tv_esmedges_1600.npz
  seq_len: 1600
  vocab_size: 31
  num_classes: 2
  pad_id: 1
  eoc_id: 24
  embed_dim: 256
  num_heads: 16
  num_layers: 1
  num_gnn_layers: 8
  num_int_layers: 4
  dropout: 0.1
  drop_path_rate: 0.1
  batch_size: 4
  num_epochs: 70
  warmup_epochs: 10
  min_stop_epoch: 45
  early_stop: 20
  learning_rate: 0.0002
  weight_decay: 0.0001
  max_grad_norm: 0.5
  accum_steps: 1
  amp: True
  weight_start: 20.0
  weight_end: 1.0
  weight_anneal_tau: 8.0
  dropedge_min: 0.02
  dropedge_max: 0.08
  token_drop_p: 0.02
  smooth_lambda: 0.01
  aucpr_alpha: 0.3
  aucpr_ramp_start: 10
  aucpr_ramp_len: 10
  aucpr_bins: 64
  aucpr_temp: 0.05
  antibody_loss_weight: 1.0
  antigen_loss_weight: 1.0
  n_splits: 5
  num_workers: 0
  select_ab_weight: 0.5
  select_ag_weight: 0.5
Dataset size: 858

==========================================================================================
Fold 1/5
==========================================================================================
Train labels: valid=399467, pos=26433, neg=373034, ignore=698133, pos_frac=0.06617
Val labels: valid=100725, pos=6797, neg=93928, ignore=174475, pos_frac=0.06748
Initializing ClassificationModel with 8 GAT layers and residual connections...
Initializing MCModel with 8 GAT layers and 4 row attention layers (drop_path_rate=0.1)
Initializing CoreModel with 1 layers, drop_path_rate=0.1
Ep001  LR0=2.00e-04  pw=20.00  aucα=0.000  token_p=0.020  dropE=(0.020,0.080)  smooth=0.010  train_loss=1.2665  train_AUPR_all=0.1538  train_AUPR_ab=0.1829  train_AUPR_ag=0.1270  train_P@5_ab=0.1500  train_P@5_ag=0.1500  val_loss=1.1587  val_AUPR_all=0.4075  val_AUPR_ab=0.5219  val_AUPR_ag=0.2595  val_P@5_ab=0.5500  val_P@5_ag=0.8500  select=0.3907
  Saved checkpoint: checkpoints_old/iPara_balanced_l1_g8_i4_do0.10_dpr0.10_lr0.0002_heads16_fold1.pth  select=0.3907  val_ab=0.5219  val_ag=0.2595  val_all=0.4075
Ep002  LR0=2.00e-04  pw=17.77  aucα=0.000  token_p=0.020  dropE=(0.020,0.080)  smooth=0.010  train_loss=0.8297  train_AUPR_all=0.3616  train_AUPR_ab=0.4488  train_AUPR_ag=0.2230  train_P@5_ab=0.9000  train_P@5_ag=0.7000  val_loss=0.9830  val_AUPR_all=0.4568  val_AUPR_ab=0.5493  val_AUPR_ag=0.3100  val_P@5_ab=0.6500  val_P@5_ag=1.0000  select=0.4296
  Saved checkpoint: checkpoints_old/iPara_balanced_l1_g8_i4_do0.10_dpr0.10_lr0.0002_heads16_fold1.pth  select=0.4296  val_ab=0.5493  val_ag=0.3100  val_all=0.4568
Ep003  LR0=2.00e-04  pw=15.80  aucα=0.000  token_p=0.020  dropE=(0.020,0.080)  smooth=0.010  train_loss=0.7026  train_AUPR_all=0.4402  train_AUPR_ab=0.5259  train_AUPR_ag=0.2907  train_P@5_ab=0.9000  train_P@5_ag=0.8500  val_loss=1.1446  val_AUPR_all=0.4457  val_AUPR_ab=0.5772  val_AUPR_ag=0.3010  val_P@5_ab=0.9000  val_P@5_ag=0.9000  select=0.4391
  Saved checkpoint: checkpoints_old/iPara_balanced_l1_g8_i4_do0.10_dpr0.10_lr0.0002_heads16_fold1.pth  select=0.4391  val_ab=0.5772  val_ag=0.3010  val_all=0.4457
Ep004  LR0=1.99e-04  pw=14.06  aucα=0.000  token_p=0.020  dropE=(0.020,0.080)  smooth=0.010  train_loss=0.6594  train_AUPR_all=0.4499  train_AUPR_ab=0.5382  train_AUPR_ag=0.2976  train_P@5_ab=0.6500  train_P@5_ag=0.8000  val_loss=0.9557  val_AUPR_all=0.4715  val_AUPR_ab=0.5875  val_AUPR_ag=0.3303  val_P@5_ab=0.7000  val_P@5_ag=1.0000  select=0.4589
  Saved checkpoint: checkpoints_old/iPara_balanced_l1_g8_i4_do0.10_dpr0.10_lr0.0002_heads16_fold1.pth  select=0.4589  val_ab=0.5875  val_ag=0.3303  val_all=0.4715
Ep005  LR0=1.98e-04  pw=12.52  aucα=0.000  token_p=0.020  dropE=(0.020,0.080)  smooth=0.010  train_loss=0.6116  train_AUPR_all=0.4774  train_AUPR_ab=0.5689  train_AUPR_ag=0.3231  train_P@5_ab=0.7500  train_P@5_ag=1.0000  val_loss=0.7974  val_AUPR_all=0.5187  val_AUPR_ab=0.6198  val_AUPR_ag=0.3592  val_P@5_ab=0.8500  val_P@5_ag=1.0000  select=0.4895
  Saved checkpoint: checkpoints_old/iPara_balanced_l1_g8_i4_do0.10_dpr0.10_lr0.0002_heads16_fold1.pth  select=0.4895  val_ab=0.6198  val_ag=0.3592  val_all=0.5187
Ep006  LR0=1.97e-04  pw=11.17  aucα=0.000  token_p=0.020  dropE=(0.020,0.080)  smooth=0.010  train_loss=0.5547  train_AUPR_all=0.4963  train_AUPR_ab=0.5830  train_AUPR_ag=0.3430  train_P@5_ab=0.8000  train_P@5_ag=0.9000  val_loss=0.7725  val_AUPR_all=0.5396  val_AUPR_ab=0.6515  val_AUPR_ag=0.3619  val_P@5_ab=0.9000  val_P@5_ag=1.0000  select=0.5067
  Saved checkpoint: checkpoints_old/iPara_balanced_l1_g8_i4_do0.10_dpr0.10_lr0.0002_heads16_fold1.pth  select=0.5067  val_ab=0.6515  val_ag=0.3619  val_all=0.5396
Ep007  LR0=1.96e-04  pw=9.97  aucα=0.000  token_p=0.020  dropE=(0.020,0.080)  smooth=0.010  train_loss=0.5180  train_AUPR_all=0.5103  train_AUPR_ab=0.6002  train_AUPR_ag=0.3503  train_P@5_ab=0.6500  train_P@5_ag=0.9500  val_loss=0.7472  val_AUPR_all=0.5507  val_AUPR_ab=0.6585  val_AUPR_ag=0.3661  val_P@5_ab=0.9000  val_P@5_ag=1.0000  select=0.5123
  Saved checkpoint: checkpoints_old/iPara_balanced_l1_g8_i4_do0.10_dpr0.10_lr0.0002_heads16_fold1.pth  select=0.5123  val_ab=0.6585  val_ag=0.3661  val_all=0.5507
Ep008  LR0=1.95e-04  pw=8.92  aucα=0.000  token_p=0.020  dropE=(0.020,0.080)  smooth=0.010  train_loss=0.4827  train_AUPR_all=0.5235  train_AUPR_ab=0.6198  train_AUPR_ag=0.3545  train_P@5_ab=0.8000  train_P@5_ag=0.8500  val_loss=0.6746  val_AUPR_all=0.5523  val_AUPR_ab=0.6664  val_AUPR_ag=0.3657  val_P@5_ab=1.0000  val_P@5_ag=1.0000  select=0.5160
  Saved checkpoint: checkpoints_old/iPara_balanced_l1_g8_i4_do0.10_dpr0.10_lr0.0002_heads16_fold1.pth  select=0.5160  val_ab=0.6664  val_ag=0.3657  val_all=0.5523
Ep009  LR0=1.94e-04  pw=7.99  aucα=0.000  token_p=0.020  dropE=(0.020,0.080)  smooth=0.010  train_loss=0.4569  train_AUPR_all=0.5280  train_AUPR_ab=0.6246  train_AUPR_ag=0.3617  train_P@5_ab=0.9000  train_P@5_ag=1.0000  val_loss=0.6454  val_AUPR_all=0.5457  val_AUPR_ab=0.6616  val_AUPR_ag=0.3601  val_P@5_ab=0.9000  val_P@5_ag=0.9500  select=0.5109
Ep010  LR0=1.92e-04  pw=7.17  aucα=0.030  token_p=0.020  dropE=(0.020,0.080)  smooth=0.010  train_loss=0.4420  train_AUPR_all=0.5438  train_AUPR_ab=0.6386  train_AUPR_ag=0.3827  train_P@5_ab=0.9000  train_P@5_ag=1.0000  val_loss=0.6427  val_AUPR_all=0.5499  val_AUPR_ab=0.6601  val_AUPR_ag=0.3572  val_P@5_ab=0.9000  val_P@5_ag=1.0000  select=0.5086
Unfreezing DyM parameters.
Ep011  LR0=1.90e-04  pw=6.44  aucα=0.060  token_p=0.020  dropE=(0.020,0.080)  smooth=0.010  train_loss=0.4276  train_AUPR_all=0.5527  train_AUPR_ab=0.6491  train_AUPR_ag=0.3865  train_P@5_ab=0.9000  train_P@5_ag=0.8500  val_loss=0.6219  val_AUPR_all=0.5325  val_AUPR_ab=0.6528  val_AUPR_ag=0.3393  val_P@5_ab=0.6000  val_P@5_ag=1.0000  select=0.4961
Ep012  LR0=1.88e-04  pw=5.80  aucα=0.090  token_p=0.020  dropE=(0.020,0.080)  smooth=0.010  train_loss=0.4170  train_AUPR_all=0.5624  train_AUPR_ab=0.6559  train_AUPR_ag=0.4014  train_P@5_ab=0.6500  train_P@5_ag=0.9500  val_loss=0.5555  val_AUPR_all=0.5538  val_AUPR_ab=0.6716  val_AUPR_ag=0.3730  val_P@5_ab=0.8500  val_P@5_ag=1.0000  select=0.5223
  Saved checkpoint: checkpoints_old/iPara_balanced_l1_g8_i4_do0.10_dpr0.10_lr0.0002_heads16_fold1.pth  select=0.5223  val_ab=0.6716  val_ag=0.3730  val_all=0.5538
Ep013  LR0=1.86e-04  pw=5.24  aucα=0.120  token_p=0.020  dropE=(0.020,0.080)  smooth=0.010  train_loss=0.4120  train_AUPR_all=0.5688  train_AUPR_ab=0.6687  train_AUPR_ag=0.3990  train_P@5_ab=0.7000  train_P@5_ag=1.0000  val_loss=0.5418  val_AUPR_all=0.5700  val_AUPR_ab=0.6821  val_AUPR_ag=0.3787  val_P@5_ab=0.9000  val_P@5_ag=1.0000  select=0.5304
  Saved checkpoint: checkpoints_old/iPara_balanced_l1_g8_i4_do0.10_dpr0.10_lr0.0002_heads16_fold1.pth  select=0.5304  val_ab=0.6821  val_ag=0.3787  val_all=0.5700
Ep014  LR0=1.83e-04  pw=4.74  aucα=0.150  token_p=0.020  dropE=(0.020,0.080)  smooth=0.010  train_loss=0.3968  train_AUPR_all=0.5839  train_AUPR_ab=0.6815  train_AUPR_ag=0.4188  train_P@5_ab=0.8500  train_P@5_ag=0.9500  val_loss=0.5131  val_AUPR_all=0.5765  val_AUPR_ab=0.7021  val_AUPR_ag=0.3806  val_P@5_ab=1.0000  val_P@5_ag=1.0000  select=0.5414
  Saved checkpoint: checkpoints_old/iPara_balanced_l1_g8_i4_do0.10_dpr0.10_lr0.0002_heads16_fold1.pth  select=0.5414  val_ab=0.7021  val_ag=0.3806  val_all=0.5765
Ep015  LR0=1.81e-04  pw=4.30  aucα=0.180  token_p=0.020  dropE=(0.020,0.080)  smooth=0.010  train_loss=0.3873  train_AUPR_all=0.5958  train_AUPR_ab=0.6933  train_AUPR_ag=0.4314  train_P@5_ab=0.9500  train_P@5_ag=0.9000  val_loss=0.4806  val_AUPR_all=0.5878  val_AUPR_ab=0.7168  val_AUPR_ag=0.3781  val_P@5_ab=1.0000  val_P@5_ag=1.0000  select=0.5474
  Saved checkpoint: checkpoints_old/iPara_balanced_l1_g8_i4_do0.10_dpr0.10_lr0.0002_heads16_fold1.pth  select=0.5474  val_ab=0.7168  val_ag=0.3781  val_all=0.5878
Ep016  LR0=1.78e-04  pw=3.91  aucα=0.210  token_p=0.020  dropE=(0.020,0.080)  smooth=0.010  train_loss=0.3821  train_AUPR_all=0.6037  train_AUPR_ab=0.7033  train_AUPR_ag=0.4400  train_P@5_ab=0.9500  train_P@5_ag=0.9000  val_loss=0.4666  val_AUPR_all=0.5863  val_AUPR_ab=0.7202  val_AUPR_ag=0.3788  val_P@5_ab=0.9000  val_P@5_ag=1.0000  select=0.5495
  Saved checkpoint: checkpoints_old/iPara_balanced_l1_g8_i4_do0.10_dpr0.10_lr0.0002_heads16_fold1.pth  select=0.5495  val_ab=0.7202  val_ag=0.3788  val_all=0.5863
Ep017  LR0=1.75e-04  pw=3.57  aucα=0.240  token_p=0.020  dropE=(0.020,0.080)  smooth=0.010  train_loss=0.3741  train_AUPR_all=0.6153  train_AUPR_ab=0.7140  train_AUPR_ag=0.4535  train_P@5_ab=1.0000  train_P@5_ag=0.8000  val_loss=0.4361  val_AUPR_all=0.5999  val_AUPR_ab=0.7308  val_AUPR_ag=0.3844  val_P@5_ab=1.0000  val_P@5_ag=1.0000  select=0.5576
  Saved checkpoint: checkpoints_old/iPara_balanced_l1_g8_i4_do0.10_dpr0.10_lr0.0002_heads16_fold1.pth  select=0.5576  val_ab=0.7308  val_ag=0.3844  val_all=0.5999
Ep018  LR0=1.72e-04  pw=3.27  aucα=0.270  token_p=0.020  dropE=(0.020,0.080)  smooth=0.010  train_loss=0.3711  train_AUPR_all=0.6166  train_AUPR_ab=0.7143  train_AUPR_ag=0.4586  train_P@5_ab=0.9500  train_P@5_ag=0.7500  val_loss=0.4314  val_AUPR_all=0.5949  val_AUPR_ab=0.7336  val_AUPR_ag=0.3740  val_P@5_ab=1.0000  val_P@5_ag=0.9500  select=0.5538
Ep019  LR0=1.69e-04  pw=3.00  aucα=0.300  token_p=0.020  dropE=(0.020,0.080)  smooth=0.010  train_loss=0.3629  train_AUPR_all=0.6308  train_AUPR_ab=0.7303  train_AUPR_ag=0.4708  train_P@5_ab=0.9500  train_P@5_ag=0.9000  val_loss=0.4135  val_AUPR_all=0.5952  val_AUPR_ab=0.7301  val_AUPR_ag=0.3911  val_P@5_ab=0.9500  val_P@5_ag=1.0000  select=0.5606
  Saved checkpoint: checkpoints_old/iPara_balanced_l1_g8_i4_do0.10_dpr0.10_lr0.0002_heads16_fold1.pth  select=0.5606  val_ab=0.7301  val_ag=0.3911  val_all=0.5952
Ep020  LR0=1.66e-04  pw=2.77  aucα=0.300  token_p=0.020  dropE=(0.020,0.080)  smooth=0.010  train_loss=0.3479  train_AUPR_all=0.6372  train_AUPR_ab=0.7315  train_AUPR_ag=0.4868  train_P@5_ab=1.0000  train_P@5_ag=0.8000  val_loss=0.4022  val_AUPR_all=0.5982  val_AUPR_ab=0.7300  val_AUPR_ag=0.3895  val_P@5_ab=0.9500  val_P@5_ag=1.0000  select=0.5598
Ep021  LR0=1.62e-04  pw=2.56  aucα=0.300  token_p=0.020  dropE=(0.020,0.080)  smooth=0.010  train_loss=0.3321  train_AUPR_all=0.6438  train_AUPR_ab=0.7340  train_AUPR_ag=0.5018  train_P@5_ab=0.9500  train_P@5_ag=0.9000  val_loss=0.4196  val_AUPR_all=0.5866  val_AUPR_ab=0.7364  val_AUPR_ag=0.3690  val_P@5_ab=1.0000  val_P@5_ag=0.8500  select=0.5527
Ep022  LR0=1.59e-04  pw=2.38  aucα=0.300  token_p=0.020  dropE=(0.020,0.080)  smooth=0.010  train_loss=0.3153  train_AUPR_all=0.6609  train_AUPR_ab=0.7495  train_AUPR_ag=0.5223  train_P@5_ab=0.9500  train_P@5_ag=1.0000  val_loss=0.4079  val_AUPR_all=0.5877  val_AUPR_ab=0.7429  val_AUPR_ag=0.3628  val_P@5_ab=0.9000  val_P@5_ag=0.9000  select=0.5529
Ep023  LR0=1.55e-04  pw=2.21  aucα=0.300  token_p=0.020  dropE=(0.020,0.080)  smooth=0.010  train_loss=0.3016  train_AUPR_all=0.6663  train_AUPR_ab=0.7515  train_AUPR_ag=0.5330  train_P@5_ab=0.9500  train_P@5_ag=1.0000  val_loss=0.3772  val_AUPR_all=0.5928  val_AUPR_ab=0.7400  val_AUPR_ag=0.3703  val_P@5_ab=0.9500  val_P@5_ag=0.8500  select=0.5551
Ep024  LR0=1.51e-04  pw=2.07  aucα=0.300  token_p=0.020  dropE=(0.020,0.080)  smooth=0.010  train_loss=0.2900  train_AUPR_all=0.6751  train_AUPR_ab=0.7602  train_AUPR_ag=0.5429  train_P@5_ab=0.9500  train_P@5_ag=1.0000  val_loss=0.3720  val_AUPR_all=0.5943  val_AUPR_ab=0.7476  val_AUPR_ag=0.3625  val_P@5_ab=0.9000  val_P@5_ag=0.9000  select=0.5551
Ep025  LR0=1.48e-04  pw=1.95  aucα=0.300  token_p=0.020  dropE=(0.020,0.080)  smooth=0.010  train_loss=0.2787  train_AUPR_all=0.6829  train_AUPR_ab=0.7616  train_AUPR_ag=0.5621  train_P@5_ab=1.0000  train_P@5_ag=0.9000  val_loss=0.3605  val_AUPR_all=0.5922  val_AUPR_ab=0.7545  val_AUPR_ag=0.3754  val_P@5_ab=0.9500  val_P@5_ag=0.9500  select=0.5649
  Saved checkpoint: checkpoints_old/iPara_balanced_l1_g8_i4_do0.10_dpr0.10_lr0.0002_heads16_fold1.pth  select=0.5649  val_ab=0.7545  val_ag=0.3754  val_all=0.5922
Ep026  LR0=1.44e-04  pw=1.83  aucα=0.300  token_p=0.020  dropE=(0.020,0.080)  smooth=0.010  train_loss=0.2682  train_AUPR_all=0.6906  train_AUPR_ab=0.7635  train_AUPR_ag=0.5811  train_P@5_ab=1.0000  train_P@5_ag=0.9000  val_loss=0.3624  val_AUPR_all=0.5912  val_AUPR_ab=0.7466  val_AUPR_ag=0.3602  val_P@5_ab=0.9500  val_P@5_ag=0.9000  select=0.5534
Ep027  LR0=1.39e-04  pw=1.74  aucα=0.300  token_p=0.020  dropE=(0.020,0.080)  smooth=0.010  train_loss=0.2502  train_AUPR_all=0.7111  train_AUPR_ab=0.7789  train_AUPR_ag=0.6093  train_P@5_ab=1.0000  train_P@5_ag=0.9000  val_loss=0.3520  val_AUPR_all=0.5932  val_AUPR_ab=0.7457  val_AUPR_ag=0.3601  val_P@5_ab=1.0000  val_P@5_ag=0.6000  select=0.5529
Ep028  LR0=1.35e-04  pw=1.65  aucα=0.300  token_p=0.020  dropE=(0.020,0.080)  smooth=0.010  train_loss=0.2435  train_AUPR_all=0.7140  train_AUPR_ab=0.7797  train_AUPR_ag=0.6157  train_P@5_ab=1.0000  train_P@5_ag=0.9500  val_loss=0.3499  val_AUPR_all=0.5990  val_AUPR_ab=0.7546  val_AUPR_ag=0.3672  val_P@5_ab=0.9500  val_P@5_ag=0.8000  select=0.5609
Ep029  LR0=1.31e-04  pw=1.57  aucα=0.300  token_p=0.020  dropE=(0.020,0.080)  smooth=0.010  train_loss=0.2358  train_AUPR_all=0.7228  train_AUPR_ab=0.7845  train_AUPR_ag=0.6320  train_P@5_ab=1.0000  train_P@5_ag=0.9500  val_loss=0.3336  val_AUPR_all=0.6037  val_AUPR_ab=0.7670  val_AUPR_ag=0.3731  val_P@5_ab=1.0000  val_P@5_ag=0.6000  select=0.5701
  Saved checkpoint: checkpoints_old/iPara_balanced_l1_g8_i4_do0.10_dpr0.10_lr0.0002_heads16_fold1.pth  select=0.5701  val_ab=0.7670  val_ag=0.3731  val_all=0.6037
Ep030  LR0=1.27e-04  pw=1.51  aucα=0.300  token_p=0.020  dropE=(0.020,0.080)  smooth=0.010  train_loss=0.2260  train_AUPR_all=0.7332  train_AUPR_ab=0.7923  train_AUPR_ag=0.6467  train_P@5_ab=1.0000  train_P@5_ag=0.9500  val_loss=0.3433  val_AUPR_all=0.6028  val_AUPR_ab=0.7619  val_AUPR_ag=0.3815  val_P@5_ab=0.9500  val_P@5_ag=1.0000  select=0.5717
  Saved checkpoint: checkpoints_old/iPara_balanced_l1_g8_i4_do0.10_dpr0.10_lr0.0002_heads16_fold1.pth  select=0.5717  val_ab=0.7619  val_ag=0.3815  val_all=0.6028
Ep031  LR0=1.22e-04  pw=1.45  aucα=0.300  token_p=0.020  dropE=(0.020,0.080)  smooth=0.010  train_loss=0.2208  train_AUPR_all=0.7365  train_AUPR_ab=0.7937  train_AUPR_ag=0.6524  train_P@5_ab=1.0000  train_P@5_ag=1.0000  val_loss=0.3484  val_AUPR_all=0.5948  val_AUPR_ab=0.7543  val_AUPR_ag=0.3727  val_P@5_ab=0.9000  val_P@5_ag=0.9500  select=0.5635
Ep032  LR0=1.18e-04  pw=1.39  aucα=0.300  token_p=0.020  dropE=(0.020,0.080)  smooth=0.010  train_loss=0.2121  train_AUPR_all=0.7512  train_AUPR_ab=0.8006  train_AUPR_ag=0.6802  train_P@5_ab=0.9500  train_P@5_ag=1.0000  val_loss=0.3115  val_AUPR_all=0.6144  val_AUPR_ab=0.7648  val_AUPR_ag=0.3849  val_P@5_ab=0.9000  val_P@5_ag=0.9500  select=0.5748
  Saved checkpoint: checkpoints_old/iPara_balanced_l1_g8_i4_do0.10_dpr0.10_lr0.0002_heads16_fold1.pth  select=0.5748  val_ab=0.7648  val_ag=0.3849  val_all=0.6144
Ep033  LR0=1.14e-04  pw=1.35  aucα=0.300  token_p=0.020  dropE=(0.020,0.080)  smooth=0.010  train_loss=0.2011  train_AUPR_all=0.7635  train_AUPR_ab=0.8088  train_AUPR_ag=0.6986  train_P@5_ab=0.9000  train_P@5_ag=0.9500  val_loss=0.3240  val_AUPR_all=0.5954  val_AUPR_ab=0.7595  val_AUPR_ag=0.3660  val_P@5_ab=0.8500  val_P@5_ag=0.7500  select=0.5628
Ep034  LR0=1.09e-04  pw=1.31  aucα=0.300  token_p=0.020  dropE=(0.020,0.080)  smooth=0.010  train_loss=0.2008  train_AUPR_all=0.7605  train_AUPR_ab=0.8058  train_AUPR_ag=0.6958  train_P@5_ab=1.0000  train_P@5_ag=1.0000  val_loss=0.3256  val_AUPR_all=0.5919  val_AUPR_ab=0.7554  val_AUPR_ag=0.3828  val_P@5_ab=0.8500  val_P@5_ag=0.7000  select=0.5691
Ep035  LR0=1.05e-04  pw=1.27  aucα=0.300  token_p=0.020  dropE=(0.020,0.080)  smooth=0.010  train_loss=0.1945  train_AUPR_all=0.7679  train_AUPR_ab=0.8074  train_AUPR_ag=0.7122  train_P@5_ab=1.0000  train_P@5_ag=1.0000  val_loss=0.3177  val_AUPR_all=0.6039  val_AUPR_ab=0.7588  val_AUPR_ag=0.3875  val_P@5_ab=0.9000  val_P@5_ag=1.0000  select=0.5731
Ep036  LR0=1.00e-04  pw=1.24  aucα=0.300  token_p=0.020  dropE=(0.020,0.080)  smooth=0.010  train_loss=0.1880  train_AUPR_all=0.7780  train_AUPR_ab=0.8168  train_AUPR_ag=0.7234  train_P@5_ab=0.9500  train_P@5_ag=0.9500  val_loss=0.3199  val_AUPR_all=0.5904  val_AUPR_ab=0.7604  val_AUPR_ag=0.3550  val_P@5_ab=0.9500  val_P@5_ag=0.7500  select=0.5577
Ep037  LR0=9.58e-05  pw=1.21  aucα=0.300  token_p=0.020  dropE=(0.020,0.080)  smooth=0.010  train_loss=0.1803  train_AUPR_all=0.7894  train_AUPR_ab=0.8248  train_AUPR_ag=0.7400  train_P@5_ab=1.0000  train_P@5_ag=0.9500  val_loss=0.3262  val_AUPR_all=0.5992  val_AUPR_ab=0.7650  val_AUPR_ag=0.3544  val_P@5_ab=0.9500  val_P@5_ag=0.6000  select=0.5597
Ep038  LR0=9.13e-05  pw=1.19  aucα=0.300  token_p=0.020  dropE=(0.020,0.080)  smooth=0.010  train_loss=0.1757  train_AUPR_all=0.7962  train_AUPR_ab=0.8302  train_AUPR_ag=0.7487  train_P@5_ab=1.0000  train_P@5_ag=0.9500  val_loss=0.3198  val_AUPR_all=0.5961  val_AUPR_ab=0.7644  val_AUPR_ag=0.3709  val_P@5_ab=0.9000  val_P@5_ag=0.7000  select=0.5677
Ep039  LR0=8.69e-05  pw=1.16  aucα=0.300  token_p=0.020  dropE=(0.020,0.080)  smooth=0.010  train_loss=0.1732  train_AUPR_all=0.8005  train_AUPR_ab=0.8379  train_AUPR_ag=0.7477  train_P@5_ab=1.0000  train_P@5_ag=1.0000  val_loss=0.3083  val_AUPR_all=0.6024  val_AUPR_ab=0.7673  val_AUPR_ag=0.3681  val_P@5_ab=0.9500  val_P@5_ag=0.7500  select=0.5677
Ep040  LR0=8.24e-05  pw=1.15  aucα=0.300  token_p=0.020  dropE=(0.020,0.080)  smooth=0.010  train_loss=0.1683  train_AUPR_all=0.8063  train_AUPR_ab=0.8403  train_AUPR_ag=0.7587  train_P@5_ab=1.0000  train_P@5_ag=1.0000  val_loss=0.3176  val_AUPR_all=0.5967  val_AUPR_ab=0.7567  val_AUPR_ag=0.3729  val_P@5_ab=0.9500  val_P@5_ag=0.7500  select=0.5648
Ep041  LR0=7.81e-05  pw=1.13  aucα=0.300  token_p=0.020  dropE=(0.020,0.080)  smooth=0.010  train_loss=0.1607  train_AUPR_all=0.8172  train_AUPR_ab=0.8480  train_AUPR_ag=0.7741  train_P@5_ab=0.9500  train_P@5_ag=0.9500  val_loss=0.3280  val_AUPR_all=0.5873  val_AUPR_ab=0.7625  val_AUPR_ag=0.3592  val_P@5_ab=0.9000  val_P@5_ag=0.8000  select=0.5608
Ep042  LR0=7.37e-05  pw=1.11  aucα=0.300  token_p=0.020  dropE=(0.020,0.080)  smooth=0.010  train_loss=0.1578  train_AUPR_all=0.8239  train_AUPR_ab=0.8503  train_AUPR_ag=0.7875  train_P@5_ab=0.9500  train_P@5_ag=0.9500  val_loss=0.3313  val_AUPR_all=0.5744  val_AUPR_ab=0.7455  val_AUPR_ag=0.3513  val_P@5_ab=0.9000  val_P@5_ag=0.5500  select=0.5484
Ep043  LR0=6.94e-05  pw=1.10  aucα=0.300  token_p=0.020  dropE=(0.020,0.080)  smooth=0.010  train_loss=0.1527  train_AUPR_all=0.8318  train_AUPR_ab=0.8604  train_AUPR_ag=0.7919  train_P@5_ab=0.9500  train_P@5_ag=1.0000  val_loss=0.3229  val_AUPR_all=0.5821  val_AUPR_ab=0.7508  val_AUPR_ag=0.3572  val_P@5_ab=0.9500  val_P@5_ag=0.4000  select=0.5540
Ep044  LR0=6.52e-05  pw=1.09  aucα=0.300  token_p=0.020  dropE=(0.020,0.080)  smooth=0.010  train_loss=0.1533  train_AUPR_all=0.8282  train_AUPR_ab=0.8575  train_AUPR_ag=0.7876  train_P@5_ab=1.0000  train_P@5_ag=0.9500  val_loss=0.3149  val_AUPR_all=0.5917  val_AUPR_ab=0.7580  val_AUPR_ag=0.3641  val_P@5_ab=0.9500  val_P@5_ag=0.7500  select=0.5610
Ep045  LR0=6.10e-05  pw=1.08  aucα=0.300  token_p=0.020  dropE=(0.020,0.080)  smooth=0.010  train_loss=0.1476  train_AUPR_all=0.8384  train_AUPR_ab=0.8654  train_AUPR_ag=0.8010  train_P@5_ab=1.0000  train_P@5_ag=1.0000  val_loss=0.3192  val_AUPR_all=0.5820  val_AUPR_ab=0.7575  val_AUPR_ag=0.3567  val_P@5_ab=0.9000  val_P@5_ag=0.7000  select=0.5571
Ep046  LR0=5.70e-05  pw=1.07  aucα=0.300  token_p=0.020  dropE=(0.020,0.080)  smooth=0.010  train_loss=0.1457  train_AUPR_all=0.8404  train_AUPR_ab=0.8661  train_AUPR_ag=0.8047  train_P@5_ab=1.0000  train_P@5_ag=1.0000  val_loss=0.3276  val_AUPR_all=0.5803  val_AUPR_ab=0.7575  val_AUPR_ag=0.3477  val_P@5_ab=1.0000  val_P@5_ag=0.5500  select=0.5526
Ep047  LR0=5.30e-05  pw=1.06  aucα=0.300  token_p=0.020  dropE=(0.020,0.080)  smooth=0.010  train_loss=0.1409  train_AUPR_all=0.8500  train_AUPR_ab=0.8773  train_AUPR_ag=0.8115  train_P@5_ab=1.0000  train_P@5_ag=1.0000  val_loss=0.3230  val_AUPR_all=0.5762  val_AUPR_ab=0.7507  val_AUPR_ag=0.3489  val_P@5_ab=0.9000  val_P@5_ag=0.6000  select=0.5498
Ep048  LR0=4.91e-05  pw=1.05  aucα=0.300  token_p=0.020  dropE=(0.020,0.080)  smooth=0.010  train_loss=0.1394  train_AUPR_all=0.8501  train_AUPR_ab=0.8747  train_AUPR_ag=0.8160  train_P@5_ab=0.9500  train_P@5_ag=1.0000  val_loss=0.3248  val_AUPR_all=0.5810  val_AUPR_ab=0.7494  val_AUPR_ag=0.3575  val_P@5_ab=0.9000  val_P@5_ag=0.6500  select=0.5534
Ep049  LR0=4.53e-05  pw=1.05  aucα=0.300  token_p=0.020  dropE=(0.020,0.080)  smooth=0.010  train_loss=0.1372  train_AUPR_all=0.8550  train_AUPR_ab=0.8771  train_AUPR_ag=0.8245  train_P@5_ab=1.0000  train_P@5_ag=1.0000  val_loss=0.3243  val_AUPR_all=0.5765  val_AUPR_ab=0.7486  val_AUPR_ag=0.3490  val_P@5_ab=0.9000  val_P@5_ag=0.6500  select=0.5488
Ep050  LR0=4.16e-05  pw=1.04  aucα=0.300  token_p=0.020  dropE=(0.020,0.080)  smooth=0.010  train_loss=0.1335  train_AUPR_all=0.8613  train_AUPR_ab=0.8848  train_AUPR_ag=0.8284  train_P@5_ab=1.0000  train_P@5_ag=1.0000  val_loss=0.3278  val_AUPR_all=0.5837  val_AUPR_ab=0.7522  val_AUPR_ag=0.3616  val_P@5_ab=0.9500  val_P@5_ag=0.6000  select=0.5569
Ep051  LR0=3.81e-05  pw=1.04  aucα=0.300  token_p=0.020  dropE=(0.020,0.080)  smooth=0.010  train_loss=0.1333  train_AUPR_all=0.8608  train_AUPR_ab=0.8828  train_AUPR_ag=0.8304  train_P@5_ab=1.0000  train_P@5_ag=1.0000  val_loss=0.3271  val_AUPR_all=0.5854  val_AUPR_ab=0.7527  val_AUPR_ag=0.3608  val_P@5_ab=0.9500  val_P@5_ag=0.7500  select=0.5567
Ep052  LR0=3.46e-05  pw=1.03  aucα=0.300  token_p=0.020  dropE=(0.020,0.080)  smooth=0.010  train_loss=0.1317  train_AUPR_all=0.8634  train_AUPR_ab=0.8875  train_AUPR_ag=0.8294  train_P@5_ab=1.0000  train_P@5_ag=1.0000  val_loss=0.3297  val_AUPR_all=0.5799  val_AUPR_ab=0.7528  val_AUPR_ag=0.3531  val_P@5_ab=0.9000  val_P@5_ag=0.7500  select=0.5530
Early stopping at epoch 52. Best select=0.5748 at epoch 32.
Final saved checkpoint for fold 1: checkpoints_old/iPara_balanced_l1_g8_i4_do0.10_dpr0.10_lr0.0002_heads16_fold1.pth
Best select=0.5748 at epoch 32

==========================================================================================
Fold 2/5
==========================================================================================
Train labels: valid=400834, pos=26650, neg=374184, ignore=696766, pos_frac=0.06649
Val labels: valid=99358, pos=6580, neg=92778, ignore=175842, pos_frac=0.06623
Initializing ClassificationModel with 8 GAT layers and residual connections...
Initializing MCModel with 8 GAT layers and 4 row attention layers (drop_path_rate=0.1)
Initializing CoreModel with 1 layers, drop_path_rate=0.1
Ep001  LR0=2.00e-04  pw=20.00  aucα=0.000  token_p=0.020  dropE=(0.020,0.080)  smooth=0.010  train_loss=1.2050  train_AUPR_all=0.2453  train_AUPR_ab=0.2903  train_AUPR_ag=0.1879  train_P@5_ab=0.5500  train_P@5_ag=0.9500  val_loss=1.0243  val_AUPR_all=0.4398  val_AUPR_ab=0.5099  val_AUPR_ag=0.3021  val_P@5_ab=0.8000  val_P@5_ag=0.9000  select=0.4060
  Saved checkpoint: checkpoints_old/iPara_balanced_l1_g8_i4_do0.10_dpr0.10_lr0.0002_heads16_fold2.pth  select=0.4060  val_ab=0.5099  val_ag=0.3021  val_all=0.4398
Ep002  LR0=2.00e-04  pw=17.77  aucα=0.000  token_p=0.020  dropE=(0.020,0.080)  smooth=0.010  train_loss=0.7981  train_AUPR_all=0.3780  train_AUPR_ab=0.4579  train_AUPR_ag=0.2502  train_P@5_ab=0.9000  train_P@5_ag=0.9000  val_loss=0.9811  val_AUPR_all=0.4613  val_AUPR_ab=0.5473  val_AUPR_ag=0.3437  val_P@5_ab=0.8000  val_P@5_ag=0.9000  select=0.4455
  Saved checkpoint: checkpoints_old/iPara_balanced_l1_g8_i4_do0.10_dpr0.10_lr0.0002_heads16_fold2.pth  select=0.4455  val_ab=0.5473  val_ag=0.3437  val_all=0.4613
Ep003  LR0=2.00e-04  pw=15.80  aucα=0.000  token_p=0.020  dropE=(0.020,0.080)  smooth=0.010  train_loss=0.7146  train_AUPR_all=0.4323  train_AUPR_ab=0.5160  train_AUPR_ag=0.2903  train_P@5_ab=0.7000  train_P@5_ag=0.8000  val_loss=0.8705  val_AUPR_all=0.4969  val_AUPR_ab=0.5612  val_AUPR_ag=0.3494  val_P@5_ab=0.7500  val_P@5_ag=0.9500  select=0.4553
  Saved checkpoint: checkpoints_old/iPara_balanced_l1_g8_i4_do0.10_dpr0.10_lr0.0002_heads16_fold2.pth  select=0.4553  val_ab=0.5612  val_ag=0.3494  val_all=0.4969
Ep004  LR0=1.99e-04  pw=14.06  aucα=0.000  token_p=0.020  dropE=(0.020,0.080)  smooth=0.010  train_loss=0.6602  train_AUPR_all=0.4595  train_AUPR_ab=0.5440  train_AUPR_ag=0.3111  train_P@5_ab=0.7500  train_P@5_ag=1.0000  val_loss=0.8260  val_AUPR_all=0.5043  val_AUPR_ab=0.6061  val_AUPR_ag=0.3361  val_P@5_ab=0.9000  val_P@5_ag=0.7500  select=0.4711
  Saved checkpoint: checkpoints_old/iPara_balanced_l1_g8_i4_do0.10_dpr0.10_lr0.0002_heads16_fold2.pth  select=0.4711  val_ab=0.6061  val_ag=0.3361  val_all=0.5043
Ep005  LR0=1.98e-04  pw=12.52  aucα=0.000  token_p=0.020  dropE=(0.020,0.080)  smooth=0.010  train_loss=0.6051  train_AUPR_all=0.4792  train_AUPR_ab=0.5771  train_AUPR_ag=0.3101  train_P@5_ab=0.6500  train_P@5_ag=0.8000  val_loss=0.7842  val_AUPR_all=0.5208  val_AUPR_ab=0.5893  val_AUPR_ag=0.3764  val_P@5_ab=0.4500  val_P@5_ag=1.0000  select=0.4829
  Saved checkpoint: checkpoints_old/iPara_balanced_l1_g8_i4_do0.10_dpr0.10_lr0.0002_heads16_fold2.pth  select=0.4829  val_ab=0.5893  val_ag=0.3764  val_all=0.5208
Ep006  LR0=1.97e-04  pw=11.17  aucα=0.000  token_p=0.020  dropE=(0.020,0.080)  smooth=0.010  train_loss=0.5606  train_AUPR_all=0.4946  train_AUPR_ab=0.5889  train_AUPR_ag=0.3303  train_P@5_ab=0.8000  train_P@5_ag=0.9500  val_loss=0.7425  val_AUPR_all=0.5260  val_AUPR_ab=0.6150  val_AUPR_ag=0.3648  val_P@5_ab=0.7000  val_P@5_ag=0.9000  select=0.4899
  Saved checkpoint: checkpoints_old/iPara_balanced_l1_g8_i4_do0.10_dpr0.10_lr0.0002_heads16_fold2.pth  select=0.4899  val_ab=0.6150  val_ag=0.3648  val_all=0.5260
Ep007  LR0=1.96e-04  pw=9.97  aucα=0.000  token_p=0.020  dropE=(0.020,0.080)  smooth=0.010  train_loss=0.5140  train_AUPR_all=0.5197  train_AUPR_ab=0.6157  train_AUPR_ag=0.3514  train_P@5_ab=0.8500  train_P@5_ag=0.9500  val_loss=0.7164  val_AUPR_all=0.5412  val_AUPR_ab=0.6430  val_AUPR_ag=0.3662  val_P@5_ab=0.8500  val_P@5_ag=0.8500  select=0.5046
  Saved checkpoint: checkpoints_old/iPara_balanced_l1_g8_i4_do0.10_dpr0.10_lr0.0002_heads16_fold2.pth  select=0.5046  val_ab=0.6430  val_ag=0.3662  val_all=0.5412
Ep008  LR0=1.95e-04  pw=8.92  aucα=0.000  token_p=0.020  dropE=(0.020,0.080)  smooth=0.010  train_loss=0.4883  train_AUPR_all=0.5306  train_AUPR_ab=0.6278  train_AUPR_ag=0.3621  train_P@5_ab=0.8500  train_P@5_ag=1.0000  val_loss=0.6722  val_AUPR_all=0.5496  val_AUPR_ab=0.6527  val_AUPR_ag=0.3845  val_P@5_ab=0.8500  val_P@5_ag=0.8500  select=0.5186
  Saved checkpoint: checkpoints_old/iPara_balanced_l1_g8_i4_do0.10_dpr0.10_lr0.0002_heads16_fold2.pth  select=0.5186  val_ab=0.6527  val_ag=0.3845  val_all=0.5496
Ep009  LR0=1.94e-04  pw=7.99  aucα=0.000  token_p=0.020  dropE=(0.020,0.080)  smooth=0.010  train_loss=0.4545  train_AUPR_all=0.5293  train_AUPR_ab=0.6282  train_AUPR_ag=0.3652  train_P@5_ab=0.7500  train_P@5_ag=0.8000  val_loss=0.6490  val_AUPR_all=0.5487  val_AUPR_ab=0.6536  val_AUPR_ag=0.3812  val_P@5_ab=0.8000  val_P@5_ag=0.7000  select=0.5174
Ep010  LR0=1.92e-04  pw=7.17  aucα=0.030  token_p=0.020  dropE=(0.020,0.080)  smooth=0.010  train_loss=0.4365  train_AUPR_all=0.5485  train_AUPR_ab=0.6447  train_AUPR_ag=0.3839  train_P@5_ab=0.7000  train_P@5_ag=1.0000  val_loss=0.5863  val_AUPR_all=0.5740  val_AUPR_ab=0.6762  val_AUPR_ag=0.3930  val_P@5_ab=0.7500  val_P@5_ag=1.0000  select=0.5346
  Saved checkpoint: checkpoints_old/iPara_balanced_l1_g8_i4_do0.10_dpr0.10_lr0.0002_heads16_fold2.pth  select=0.5346  val_ab=0.6762  val_ag=0.3930  val_all=0.5740
Unfreezing DyM parameters.
Ep011  LR0=1.90e-04  pw=6.44  aucα=0.060  token_p=0.020  dropE=(0.020,0.080)  smooth=0.010  train_loss=0.4260  train_AUPR_all=0.5576  train_AUPR_ab=0.6630  train_AUPR_ag=0.3826  train_P@5_ab=0.9500  train_P@5_ag=0.8500  val_loss=0.5745  val_AUPR_all=0.5809  val_AUPR_ab=0.7026  val_AUPR_ag=0.3867  val_P@5_ab=0.9000  val_P@5_ag=0.9500  select=0.5447
  Saved checkpoint: checkpoints_old/iPara_balanced_l1_g8_i4_do0.10_dpr0.10_lr0.0002_heads16_fold2.pth  select=0.5447  val_ab=0.7026  val_ag=0.3867  val_all=0.5809
Ep012  LR0=1.88e-04  pw=5.80  aucα=0.090  token_p=0.020  dropE=(0.020,0.080)  smooth=0.010  train_loss=0.4157  train_AUPR_all=0.5675  train_AUPR_ab=0.6767  train_AUPR_ag=0.3872  train_P@5_ab=0.9500  train_P@5_ag=1.0000  val_loss=0.5470  val_AUPR_all=0.5752  val_AUPR_ab=0.6863  val_AUPR_ag=0.3869  val_P@5_ab=0.8500  val_P@5_ag=0.9000  select=0.5366
Ep013  LR0=1.86e-04  pw=5.24  aucα=0.120  token_p=0.020  dropE=(0.020,0.080)  smooth=0.010  train_loss=0.4037  train_AUPR_all=0.5765  train_AUPR_ab=0.6786  train_AUPR_ag=0.4051  train_P@5_ab=0.9500  train_P@5_ag=0.9500  val_loss=0.5195  val_AUPR_all=0.5778  val_AUPR_ab=0.6944  val_AUPR_ag=0.4001  val_P@5_ab=0.8000  val_P@5_ag=0.8500  select=0.5472
  Saved checkpoint: checkpoints_old/iPara_balanced_l1_g8_i4_do0.10_dpr0.10_lr0.0002_heads16_fold2.pth  select=0.5472  val_ab=0.6944  val_ag=0.4001  val_all=0.5778
Ep014  LR0=1.83e-04  pw=4.74  aucα=0.150  token_p=0.020  dropE=(0.020,0.080)  smooth=0.010  train_loss=0.3970  train_AUPR_all=0.5817  train_AUPR_ab=0.6886  train_AUPR_ag=0.4076  train_P@5_ab=1.0000  train_P@5_ag=0.9500  val_loss=0.5206  val_AUPR_all=0.5805  val_AUPR_ab=0.7097  val_AUPR_ag=0.3933  val_P@5_ab=0.9000  val_P@5_ag=0.8000  select=0.5515
  Saved checkpoint: checkpoints_old/iPara_balanced_l1_g8_i4_do0.10_dpr0.10_lr0.0002_heads16_fold2.pth  select=0.5515  val_ab=0.7097  val_ag=0.3933  val_all=0.5805
Ep015  LR0=1.81e-04  pw=4.30  aucα=0.180  token_p=0.020  dropE=(0.020,0.080)  smooth=0.010  train_loss=0.3879  train_AUPR_all=0.5973  train_AUPR_ab=0.7049  train_AUPR_ag=0.4211  train_P@5_ab=0.9500  train_P@5_ag=0.6000  val_loss=0.4757  val_AUPR_all=0.5867  val_AUPR_ab=0.7060  val_AUPR_ag=0.4002  val_P@5_ab=0.9000  val_P@5_ag=1.0000  select=0.5531
  Saved checkpoint: checkpoints_old/iPara_balanced_l1_g8_i4_do0.10_dpr0.10_lr0.0002_heads16_fold2.pth  select=0.5531  val_ab=0.7060  val_ag=0.4002  val_all=0.5867
Ep016  LR0=1.78e-04  pw=3.91  aucα=0.210  token_p=0.020  dropE=(0.020,0.080)  smooth=0.010  train_loss=0.3821  train_AUPR_all=0.6043  train_AUPR_ab=0.7061  train_AUPR_ag=0.4391  train_P@5_ab=0.9500  train_P@5_ag=1.0000  val_loss=0.4587  val_AUPR_all=0.5906  val_AUPR_ab=0.7088  val_AUPR_ag=0.3942  val_P@5_ab=0.8500  val_P@5_ag=0.8500  select=0.5515
Ep017  LR0=1.75e-04  pw=3.57  aucα=0.240  token_p=0.020  dropE=(0.020,0.080)  smooth=0.010  train_loss=0.3716  train_AUPR_all=0.6133  train_AUPR_ab=0.7217  train_AUPR_ag=0.4436  train_P@5_ab=0.9500  train_P@5_ag=0.7500  val_loss=0.4450  val_AUPR_all=0.6013  val_AUPR_ab=0.7284  val_AUPR_ag=0.3967  val_P@5_ab=0.9500  val_P@5_ag=0.8500  select=0.5625
  Saved checkpoint: checkpoints_old/iPara_balanced_l1_g8_i4_do0.10_dpr0.10_lr0.0002_heads16_fold2.pth  select=0.5625  val_ab=0.7284  val_ag=0.3967  val_all=0.6013
Ep018  LR0=1.72e-04  pw=3.27  aucα=0.270  token_p=0.020  dropE=(0.020,0.080)  smooth=0.010  train_loss=0.3716  train_AUPR_all=0.6198  train_AUPR_ab=0.7189  train_AUPR_ag=0.4630  train_P@5_ab=0.9500  train_P@5_ag=0.9000  val_loss=0.4248  val_AUPR_all=0.6101  val_AUPR_ab=0.7302  val_AUPR_ag=0.4114  val_P@5_ab=0.9000  val_P@5_ag=0.9000  select=0.5708
  Saved checkpoint: checkpoints_old/iPara_balanced_l1_g8_i4_do0.10_dpr0.10_lr0.0002_heads16_fold2.pth  select=0.5708  val_ab=0.7302  val_ag=0.4114  val_all=0.6101
Ep019  LR0=1.69e-04  pw=3.00  aucα=0.300  token_p=0.020  dropE=(0.020,0.080)  smooth=0.010  train_loss=0.3633  train_AUPR_all=0.6318  train_AUPR_ab=0.7285  train_AUPR_ag=0.4787  train_P@5_ab=1.0000  train_P@5_ag=0.9000  val_loss=0.4221  val_AUPR_all=0.5995  val_AUPR_ab=0.7234  val_AUPR_ag=0.3998  val_P@5_ab=0.9500  val_P@5_ag=0.9500  select=0.5616
Ep020  LR0=1.66e-04  pw=2.77  aucα=0.300  token_p=0.020  dropE=(0.020,0.080)  smooth=0.010  train_loss=0.3452  train_AUPR_all=0.6427  train_AUPR_ab=0.7368  train_AUPR_ag=0.4951  train_P@5_ab=0.9000  train_P@5_ag=1.0000  val_loss=0.4161  val_AUPR_all=0.6142  val_AUPR_ab=0.7395  val_AUPR_ag=0.4167  val_P@5_ab=0.9500  val_P@5_ag=1.0000  select=0.5781
  Saved checkpoint: checkpoints_old/iPara_balanced_l1_g8_i4_do0.10_dpr0.10_lr0.0002_heads16_fold2.pth  select=0.5781  val_ab=0.7395  val_ag=0.4167  val_all=0.6142
Ep021  LR0=1.62e-04  pw=2.56  aucα=0.300  token_p=0.020  dropE=(0.020,0.080)  smooth=0.010  train_loss=0.3312  train_AUPR_all=0.6492  train_AUPR_ab=0.7447  train_AUPR_ag=0.4993  train_P@5_ab=1.0000  train_P@5_ag=0.8500  val_loss=0.3799  val_AUPR_all=0.6138  val_AUPR_ab=0.7345  val_AUPR_ag=0.4136  val_P@5_ab=0.9500  val_P@5_ag=1.0000  select=0.5741
Ep022  LR0=1.59e-04  pw=2.38  aucα=0.300  token_p=0.020  dropE=(0.020,0.080)  smooth=0.010  train_loss=0.3173  train_AUPR_all=0.6537  train_AUPR_ab=0.7447  train_AUPR_ag=0.5097  train_P@5_ab=0.9000  train_P@5_ag=1.0000  val_loss=0.3840  val_AUPR_all=0.6007  val_AUPR_ab=0.7340  val_AUPR_ag=0.3984  val_P@5_ab=0.9500  val_P@5_ag=1.0000  select=0.5662
Ep023  LR0=1.55e-04  pw=2.21  aucα=0.300  token_p=0.020  dropE=(0.020,0.080)  smooth=0.010  train_loss=0.3031  train_AUPR_all=0.6639  train_AUPR_ab=0.7476  train_AUPR_ag=0.5346  train_P@5_ab=0.9500  train_P@5_ag=1.0000  val_loss=0.3608  val_AUPR_all=0.6015  val_AUPR_ab=0.7389  val_AUPR_ag=0.3756  val_P@5_ab=1.0000  val_P@5_ag=0.7500  select=0.5572
Ep024  LR0=1.51e-04  pw=2.07  aucα=0.300  token_p=0.020  dropE=(0.020,0.080)  smooth=0.010  train_loss=0.2888  train_AUPR_all=0.6738  train_AUPR_ab=0.7562  train_AUPR_ag=0.5472  train_P@5_ab=0.9500  train_P@5_ag=0.9000  val_loss=0.3587  val_AUPR_all=0.6177  val_AUPR_ab=0.7466  val_AUPR_ag=0.4160  val_P@5_ab=0.9500  val_P@5_ag=0.9500  select=0.5813
  Saved checkpoint: checkpoints_old/iPara_balanced_l1_g8_i4_do0.10_dpr0.10_lr0.0002_heads16_fold2.pth  select=0.5813  val_ab=0.7466  val_ag=0.4160  val_all=0.6177
Ep025  LR0=1.48e-04  pw=1.95  aucα=0.300  token_p=0.020  dropE=(0.020,0.080)  smooth=0.010  train_loss=0.2809  train_AUPR_all=0.6778  train_AUPR_ab=0.7601  train_AUPR_ag=0.5528  train_P@5_ab=1.0000  train_P@5_ag=0.9500  val_loss=0.3427  val_AUPR_all=0.6154  val_AUPR_ab=0.7409  val_AUPR_ag=0.4160  val_P@5_ab=1.0000  val_P@5_ag=0.9000  select=0.5784
Ep026  LR0=1.44e-04  pw=1.83  aucα=0.300  token_p=0.020  dropE=(0.020,0.080)  smooth=0.010  train_loss=0.2630  train_AUPR_all=0.6956  train_AUPR_ab=0.7707  train_AUPR_ag=0.5829  train_P@5_ab=1.0000  train_P@5_ag=1.0000  val_loss=0.3552  val_AUPR_all=0.6104  val_AUPR_ab=0.7400  val_AUPR_ag=0.4109  val_P@5_ab=0.9500  val_P@5_ag=1.0000  select=0.5755
Ep027  LR0=1.39e-04  pw=1.74  aucα=0.300  token_p=0.020  dropE=(0.020,0.080)  smooth=0.010  train_loss=0.2546  train_AUPR_all=0.7021  train_AUPR_ab=0.7748  train_AUPR_ag=0.5935  train_P@5_ab=1.0000  train_P@5_ag=1.0000  val_loss=0.3411  val_AUPR_all=0.6123  val_AUPR_ab=0.7454  val_AUPR_ag=0.4064  val_P@5_ab=0.9500  val_P@5_ag=0.8500  select=0.5759
Ep028  LR0=1.35e-04  pw=1.65  aucα=0.300  token_p=0.020  dropE=(0.020,0.080)  smooth=0.010  train_loss=0.2456  train_AUPR_all=0.7128  train_AUPR_ab=0.7829  train_AUPR_ag=0.6089  train_P@5_ab=1.0000  train_P@5_ag=0.9500  val_loss=0.3436  val_AUPR_all=0.6020  val_AUPR_ab=0.7433  val_AUPR_ag=0.3997  val_P@5_ab=0.9500  val_P@5_ag=1.0000  select=0.5715
Ep029  LR0=1.31e-04  pw=1.57  aucα=0.300  token_p=0.020  dropE=(0.020,0.080)  smooth=0.010  train_loss=0.2397  train_AUPR_all=0.7162  train_AUPR_ab=0.7842  train_AUPR_ag=0.6166  train_P@5_ab=1.0000  train_P@5_ag=1.0000  val_loss=0.3342  val_AUPR_all=0.6112  val_AUPR_ab=0.7520  val_AUPR_ag=0.4100  val_P@5_ab=0.9500  val_P@5_ag=0.9000  select=0.5810
Ep030  LR0=1.27e-04  pw=1.51  aucα=0.300  token_p=0.020  dropE=(0.020,0.080)  smooth=0.010  train_loss=0.2318  train_AUPR_all=0.7223  train_AUPR_ab=0.7872  train_AUPR_ag=0.6272  train_P@5_ab=1.0000  train_P@5_ag=0.9500  val_loss=0.3254  val_AUPR_all=0.6105  val_AUPR_ab=0.7557  val_AUPR_ag=0.4093  val_P@5_ab=0.9500  val_P@5_ag=1.0000  select=0.5825
  Saved checkpoint: checkpoints_old/iPara_balanced_l1_g8_i4_do0.10_dpr0.10_lr0.0002_heads16_fold2.pth  select=0.5825  val_ab=0.7557  val_ag=0.4093  val_all=0.6105
Ep031  LR0=1.22e-04  pw=1.45  aucα=0.300  token_p=0.020  dropE=(0.020,0.080)  smooth=0.010  train_loss=0.2206  train_AUPR_all=0.7384  train_AUPR_ab=0.7977  train_AUPR_ag=0.6527  train_P@5_ab=1.0000  train_P@5_ag=1.0000  val_loss=0.3176  val_AUPR_all=0.6190  val_AUPR_ab=0.7564  val_AUPR_ag=0.4085  val_P@5_ab=1.0000  val_P@5_ag=1.0000  select=0.5825
Ep032  LR0=1.18e-04  pw=1.39  aucα=0.300  token_p=0.020  dropE=(0.020,0.080)  smooth=0.010  train_loss=0.2118  train_AUPR_all=0.7475  train_AUPR_ab=0.8040  train_AUPR_ag=0.6659  train_P@5_ab=1.0000  train_P@5_ag=0.9500  val_loss=0.3282  val_AUPR_all=0.6035  val_AUPR_ab=0.7499  val_AUPR_ag=0.3984  val_P@5_ab=1.0000  val_P@5_ag=1.0000  select=0.5742
Ep033  LR0=1.14e-04  pw=1.35  aucα=0.300  token_p=0.020  dropE=(0.020,0.080)  smooth=0.010  train_loss=0.2078  train_AUPR_all=0.7533  train_AUPR_ab=0.8043  train_AUPR_ag=0.6808  train_P@5_ab=0.9500  train_P@5_ag=0.9500  val_loss=0.3209  val_AUPR_all=0.6170  val_AUPR_ab=0.7621  val_AUPR_ag=0.4008  val_P@5_ab=1.0000  val_P@5_ag=0.9500  select=0.5815
Ep034  LR0=1.09e-04  pw=1.31  aucα=0.300  token_p=0.020  dropE=(0.020,0.080)  smooth=0.010  train_loss=0.1997  train_AUPR_all=0.7633  train_AUPR_ab=0.8098  train_AUPR_ag=0.6977  train_P@5_ab=1.0000  train_P@5_ag=0.9500  val_loss=0.3359  val_AUPR_all=0.5918  val_AUPR_ab=0.7574  val_AUPR_ag=0.3961  val_P@5_ab=1.0000  val_P@5_ag=0.7000  select=0.5767
Ep035  LR0=1.05e-04  pw=1.27  aucα=0.300  token_p=0.020  dropE=(0.020,0.080)  smooth=0.010  train_loss=0.1993  train_AUPR_all=0.7599  train_AUPR_ab=0.8108  train_AUPR_ag=0.6877  train_P@5_ab=1.0000  train_P@5_ag=1.0000  val_loss=0.3146  val_AUPR_all=0.6135  val_AUPR_ab=0.7576  val_AUPR_ag=0.4012  val_P@5_ab=0.9500  val_P@5_ag=0.8500  select=0.5794
Ep036  LR0=1.00e-04  pw=1.24  aucα=0.300  token_p=0.020  dropE=(0.020,0.080)  smooth=0.010  train_loss=0.1897  train_AUPR_all=0.7769  train_AUPR_ab=0.8209  train_AUPR_ag=0.7155  train_P@5_ab=1.0000  train_P@5_ag=0.9000  val_loss=0.3146  val_AUPR_all=0.6023  val_AUPR_ab=0.7562  val_AUPR_ag=0.3856  val_P@5_ab=0.9500  val_P@5_ag=0.8000  select=0.5709
Ep037  LR0=9.58e-05  pw=1.21  aucα=0.300  token_p=0.020  dropE=(0.020,0.080)  smooth=0.010  train_loss=0.1859  train_AUPR_all=0.7795  train_AUPR_ab=0.8222  train_AUPR_ag=0.7199  train_P@5_ab=1.0000  train_P@5_ag=1.0000  val_loss=0.3150  val_AUPR_all=0.6000  val_AUPR_ab=0.7573  val_AUPR_ag=0.3867  val_P@5_ab=0.9000  val_P@5_ag=0.6000  select=0.5720
Ep038  LR0=9.13e-05  pw=1.19  aucα=0.300  token_p=0.020  dropE=(0.020,0.080)  smooth=0.010  train_loss=0.1787  train_AUPR_all=0.7918  train_AUPR_ab=0.8322  train_AUPR_ag=0.7353  train_P@5_ab=1.0000  train_P@5_ag=0.9500  val_loss=0.3026  val_AUPR_all=0.6197  val_AUPR_ab=0.7529  val_AUPR_ag=0.4243  val_P@5_ab=1.0000  val_P@5_ag=0.9000  select=0.5886
  Saved checkpoint: checkpoints_old/iPara_balanced_l1_g8_i4_do0.10_dpr0.10_lr0.0002_heads16_fold2.pth  select=0.5886  val_ab=0.7529  val_ag=0.4243  val_all=0.6197
Ep039  LR0=8.69e-05  pw=1.16  aucα=0.300  token_p=0.020  dropE=(0.020,0.080)  smooth=0.010  train_loss=0.1713  train_AUPR_all=0.8038  train_AUPR_ab=0.8409  train_AUPR_ag=0.7524  train_P@5_ab=1.0000  train_P@5_ag=0.9500  val_loss=0.3206  val_AUPR_all=0.6000  val_AUPR_ab=0.7552  val_AUPR_ag=0.4030  val_P@5_ab=1.0000  val_P@5_ag=0.6500  select=0.5791
Ep040  LR0=8.24e-05  pw=1.15  aucα=0.300  token_p=0.020  dropE=(0.020,0.080)  smooth=0.010  train_loss=0.1692  train_AUPR_all=0.8065  train_AUPR_ab=0.8402  train_AUPR_ag=0.7603  train_P@5_ab=1.0000  train_P@5_ag=1.0000  val_loss=0.3208  val_AUPR_all=0.6020  val_AUPR_ab=0.7578  val_AUPR_ag=0.3913  val_P@5_ab=0.9500  val_P@5_ag=0.8000  select=0.5746
Ep041  LR0=7.81e-05  pw=1.13  aucα=0.300  token_p=0.020  dropE=(0.020,0.080)  smooth=0.010  train_loss=0.1674  train_AUPR_all=0.8092  train_AUPR_ab=0.8441  train_AUPR_ag=0.7611  train_P@5_ab=1.0000  train_P@5_ag=1.0000  val_loss=0.3163  val_AUPR_all=0.6052  val_AUPR_ab=0.7592  val_AUPR_ag=0.4114  val_P@5_ab=1.0000  val_P@5_ag=0.9000  select=0.5853
Ep042  LR0=7.37e-05  pw=1.11  aucα=0.300  token_p=0.020  dropE=(0.020,0.080)  smooth=0.010  train_loss=0.1618  train_AUPR_all=0.8173  train_AUPR_ab=0.8495  train_AUPR_ag=0.7731  train_P@5_ab=1.0000  train_P@5_ag=1.0000  val_loss=0.3106  val_AUPR_all=0.6162  val_AUPR_ab=0.7610  val_AUPR_ag=0.4147  val_P@5_ab=0.9000  val_P@5_ag=0.9500  select=0.5878
Ep043  LR0=6.94e-05  pw=1.10  aucα=0.300  token_p=0.020  dropE=(0.020,0.080)  smooth=0.010  train_loss=0.1581  train_AUPR_all=0.8225  train_AUPR_ab=0.8527  train_AUPR_ag=0.7809  train_P@5_ab=1.0000  train_P@5_ag=1.0000  val_loss=0.3138  val_AUPR_all=0.6012  val_AUPR_ab=0.7511  val_AUPR_ag=0.4071  val_P@5_ab=0.9500  val_P@5_ag=0.9000  select=0.5791
Ep044  LR0=6.52e-05  pw=1.09  aucα=0.300  token_p=0.020  dropE=(0.020,0.080)  smooth=0.010  train_loss=0.1528  train_AUPR_all=0.8326  train_AUPR_ab=0.8607  train_AUPR_ag=0.7940  train_P@5_ab=0.9000  train_P@5_ag=1.0000  val_loss=0.3209  val_AUPR_all=0.5962  val_AUPR_ab=0.7534  val_AUPR_ag=0.4076  val_P@5_ab=0.8500  val_P@5_ag=0.9000  select=0.5805
Ep045  LR0=6.10e-05  pw=1.08  aucα=0.300  token_p=0.020  dropE=(0.020,0.080)  smooth=0.010  train_loss=0.1512  train_AUPR_all=0.8359  train_AUPR_ab=0.8653  train_AUPR_ag=0.7956  train_P@5_ab=1.0000  train_P@5_ag=1.0000  val_loss=0.3162  val_AUPR_all=0.6102  val_AUPR_ab=0.7633  val_AUPR_ag=0.4022  val_P@5_ab=0.9500  val_P@5_ag=0.8500  select=0.5827
Ep046  LR0=5.70e-05  pw=1.07  aucα=0.300  token_p=0.020  dropE=(0.020,0.080)  smooth=0.010  train_loss=0.1448  train_AUPR_all=0.8446  train_AUPR_ab=0.8706  train_AUPR_ag=0.8090  train_P@5_ab=1.0000  train_P@5_ag=0.9500  val_loss=0.3167  val_AUPR_all=0.5951  val_AUPR_ab=0.7527  val_AUPR_ag=0.4001  val_P@5_ab=0.9500  val_P@5_ag=0.8000  select=0.5764
Ep047  LR0=5.30e-05  pw=1.06  aucα=0.300  token_p=0.020  dropE=(0.020,0.080)  smooth=0.010  train_loss=0.1427  train_AUPR_all=0.8469  train_AUPR_ab=0.8748  train_AUPR_ag=0.8084  train_P@5_ab=0.9500  train_P@5_ag=1.0000  val_loss=0.3157  val_AUPR_all=0.6035  val_AUPR_ab=0.7612  val_AUPR_ag=0.3956  val_P@5_ab=1.0000  val_P@5_ag=0.9000  select=0.5784
Ep048  LR0=4.91e-05  pw=1.05  aucα=0.300  token_p=0.020  dropE=(0.020,0.080)  smooth=0.010  train_loss=0.1390  train_AUPR_all=0.8543  train_AUPR_ab=0.8794  train_AUPR_ag=0.8200  train_P@5_ab=1.0000  train_P@5_ag=1.0000  val_loss=0.3147  val_AUPR_all=0.6059  val_AUPR_ab=0.7623  val_AUPR_ag=0.3929  val_P@5_ab=0.9500  val_P@5_ag=0.9000  select=0.5776
Ep049  LR0=4.53e-05  pw=1.05  aucα=0.300  token_p=0.020  dropE=(0.020,0.080)  smooth=0.010  train_loss=0.1366  train_AUPR_all=0.8571  train_AUPR_ab=0.8811  train_AUPR_ag=0.8243  train_P@5_ab=1.0000  train_P@5_ag=1.0000  val_loss=0.3162  val_AUPR_all=0.6030  val_AUPR_ab=0.7549  val_AUPR_ag=0.4014  val_P@5_ab=0.9500  val_P@5_ag=0.7500  select=0.5782
Ep050  LR0=4.16e-05  pw=1.04  aucα=0.300  token_p=0.020  dropE=(0.020,0.080)  smooth=0.010  train_loss=0.1375  train_AUPR_all=0.8563  train_AUPR_ab=0.8811  train_AUPR_ag=0.8225  train_P@5_ab=1.0000  train_P@5_ag=1.0000  val_loss=0.3181  val_AUPR_all=0.6025  val_AUPR_ab=0.7592  val_AUPR_ag=0.3977  val_P@5_ab=0.9500  val_P@5_ag=0.6500  select=0.5784
Ep051  LR0=3.81e-05  pw=1.04  aucα=0.300  token_p=0.020  dropE=(0.020,0.080)  smooth=0.010  train_loss=0.1325  train_AUPR_all=0.8649  train_AUPR_ab=0.8908  train_AUPR_ag=0.8293  train_P@5_ab=1.0000  train_P@5_ag=1.0000  val_loss=0.3172  val_AUPR_all=0.6014  val_AUPR_ab=0.7574  val_AUPR_ag=0.3880  val_P@5_ab=0.9500  val_P@5_ag=0.7000  select=0.5727
Ep052  LR0=3.46e-05  pw=1.03  aucα=0.300  token_p=0.020  dropE=(0.020,0.080)  smooth=0.010  train_loss=0.1317  train_AUPR_all=0.8648  train_AUPR_ab=0.8892  train_AUPR_ag=0.8314  train_P@5_ab=1.0000  train_P@5_ag=1.0000  val_loss=0.3158  val_AUPR_all=0.5918  val_AUPR_ab=0.7517  val_AUPR_ag=0.3923  val_P@5_ab=1.0000  val_P@5_ag=0.5000  select=0.5720
Ep053  LR0=3.13e-05  pw=1.03  aucα=0.300  token_p=0.020  dropE=(0.020,0.080)  smooth=0.010  train_loss=0.1310  train_AUPR_all=0.8655  train_AUPR_ab=0.8886  train_AUPR_ag=0.8339  train_P@5_ab=1.0000  train_P@5_ag=1.0000  val_loss=0.3207  val_AUPR_all=0.5989  val_AUPR_ab=0.7589  val_AUPR_ag=0.3872  val_P@5_ab=1.0000  val_P@5_ag=0.6500  select=0.5730
Ep054  LR0=2.82e-05  pw=1.03  aucα=0.300  token_p=0.020  dropE=(0.020,0.080)  smooth=0.010  train_loss=0.1265  train_AUPR_all=0.8742  train_AUPR_ab=0.8981  train_AUPR_ag=0.8410  train_P@5_ab=1.0000  train_P@5_ag=1.0000  val_loss=0.3227  val_AUPR_all=0.5842  val_AUPR_ab=0.7510  val_AUPR_ag=0.3802  val_P@5_ab=0.9500  val_P@5_ag=0.5000  select=0.5656
Ep055  LR0=2.51e-05  pw=1.02  aucα=0.300  token_p=0.020  dropE=(0.020,0.080)  smooth=0.010  train_loss=0.1248  train_AUPR_all=0.8755  train_AUPR_ab=0.8984  train_AUPR_ag=0.8440  train_P@5_ab=1.0000  train_P@5_ag=1.0000  val_loss=0.3174  val_AUPR_all=0.5955  val_AUPR_ab=0.7529  val_AUPR_ag=0.3889  val_P@5_ab=0.9500  val_P@5_ag=0.5000  select=0.5709
Ep056  LR0=2.23e-05  pw=1.02  aucα=0.300  token_p=0.020  dropE=(0.020,0.080)  smooth=0.010  train_loss=0.1262  train_AUPR_all=0.8740  train_AUPR_ab=0.8981  train_AUPR_ag=0.8408  train_P@5_ab=1.0000  train_P@5_ag=1.0000  val_loss=0.3195  val_AUPR_all=0.5964  val_AUPR_ab=0.7523  val_AUPR_ag=0.3877  val_P@5_ab=0.9500  val_P@5_ag=0.7000  select=0.5700
Ep057  LR0=1.96e-05  pw=1.02  aucα=0.300  token_p=0.020  dropE=(0.020,0.080)  smooth=0.010  train_loss=0.1202  train_AUPR_all=0.8837  train_AUPR_ab=0.9056  train_AUPR_ag=0.8534  train_P@5_ab=1.0000  train_P@5_ag=1.0000  val_loss=0.3271  val_AUPR_all=0.5895  val_AUPR_ab=0.7536  val_AUPR_ag=0.3804  val_P@5_ab=0.9000  val_P@5_ag=0.5000  select=0.5670
Ep058  LR0=1.70e-05  pw=1.02  aucα=0.300  token_p=0.020  dropE=(0.020,0.080)  smooth=0.010  train_loss=0.1187  train_AUPR_all=0.8862  train_AUPR_ab=0.9090  train_AUPR_ag=0.8543  train_P@5_ab=1.0000  train_P@5_ag=0.9500  val_loss=0.3266  val_AUPR_all=0.5957  val_AUPR_ab=0.7526  val_AUPR_ag=0.3800  val_P@5_ab=0.8500  val_P@5_ag=0.4500  select=0.5663
Early stopping at epoch 58. Best select=0.5886 at epoch 38.
Final saved checkpoint for fold 2: checkpoints_old/iPara_balanced_l1_g8_i4_do0.10_dpr0.10_lr0.0002_heads16_fold2.pth
Best select=0.5886 at epoch 38

==========================================================================================
Fold 3/5
==========================================================================================
Train labels: valid=401949, pos=26660, neg=375289, ignore=695651, pos_frac=0.06633
Val labels: valid=98243, pos=6570, neg=91673, ignore=176957, pos_frac=0.06687
Initializing ClassificationModel with 8 GAT layers and residual connections...
Initializing MCModel with 8 GAT layers and 4 row attention layers (drop_path_rate=0.1)
Initializing CoreModel with 1 layers, drop_path_rate=0.1
Ep001  LR0=2.00e-04  pw=20.00  aucα=0.000  token_p=0.020  dropE=(0.020,0.080)  smooth=0.010  train_loss=1.2960  train_AUPR_all=0.1569  train_AUPR_ab=0.1766  train_AUPR_ag=0.1349  train_P@5_ab=0.0000  train_P@5_ag=0.0500  val_loss=1.1710  val_AUPR_all=0.3671  val_AUPR_ab=0.4518  val_AUPR_ag=0.2389  val_P@5_ab=0.9000  val_P@5_ag=0.6500  select=0.3454
  Saved checkpoint: checkpoints_old/iPara_balanced_l1_g8_i4_do0.10_dpr0.10_lr0.0002_heads16_fold3.pth  select=0.3454  val_ab=0.4518  val_ag=0.2389  val_all=0.3671
Ep002  LR0=2.00e-04  pw=17.77  aucα=0.000  token_p=0.020  dropE=(0.020,0.080)  smooth=0.010  train_loss=0.8068  train_AUPR_all=0.3767  train_AUPR_ab=0.4634  train_AUPR_ag=0.2441  train_P@5_ab=0.8500  train_P@5_ag=0.8500  val_loss=0.9403  val_AUPR_all=0.4467  val_AUPR_ab=0.5297  val_AUPR_ag=0.3458  val_P@5_ab=0.4500  val_P@5_ag=1.0000  select=0.4378
  Saved checkpoint: checkpoints_old/iPara_balanced_l1_g8_i4_do0.10_dpr0.10_lr0.0002_heads16_fold3.pth  select=0.4378  val_ab=0.5297  val_ag=0.3458  val_all=0.4467
Ep003  LR0=2.00e-04  pw=15.80  aucα=0.000  token_p=0.020  dropE=(0.020,0.080)  smooth=0.010  train_loss=0.7116  train_AUPR_all=0.4287  train_AUPR_ab=0.5089  train_AUPR_ag=0.2925  train_P@5_ab=0.6000  train_P@5_ag=0.9500  val_loss=0.9966  val_AUPR_all=0.4658  val_AUPR_ab=0.5507  val_AUPR_ag=0.3240  val_P@5_ab=0.7000  val_P@5_ag=0.5500  select=0.4373
Ep004  LR0=1.99e-04  pw=14.06  aucα=0.000  token_p=0.020  dropE=(0.020,0.080)  smooth=0.010  train_loss=0.6642  train_AUPR_all=0.4499  train_AUPR_ab=0.5377  train_AUPR_ag=0.3006  train_P@5_ab=0.9000  train_P@5_ag=0.9500  val_loss=0.8104  val_AUPR_all=0.5099  val_AUPR_ab=0.6149  val_AUPR_ag=0.3619  val_P@5_ab=0.8000  val_P@5_ag=1.0000  select=0.4884
  Saved checkpoint: checkpoints_old/iPara_balanced_l1_g8_i4_do0.10_dpr0.10_lr0.0002_heads16_fold3.pth  select=0.4884  val_ab=0.6149  val_ag=0.3619  val_all=0.5099
Ep005  LR0=1.98e-04  pw=12.52  aucα=0.000  token_p=0.020  dropE=(0.020,0.080)  smooth=0.010  train_loss=0.6159  train_AUPR_all=0.4693  train_AUPR_ab=0.5589  train_AUPR_ag=0.3138  train_P@5_ab=0.7000  train_P@5_ag=0.7500  val_loss=0.8463  val_AUPR_all=0.5342  val_AUPR_ab=0.6182  val_AUPR_ag=0.3730  val_P@5_ab=0.8000  val_P@5_ag=1.0000  select=0.4956
  Saved checkpoint: checkpoints_old/iPara_balanced_l1_g8_i4_do0.10_dpr0.10_lr0.0002_heads16_fold3.pth  select=0.4956  val_ab=0.6182  val_ag=0.3730  val_all=0.5342
Ep006  LR0=1.97e-04  pw=11.17  aucα=0.000  token_p=0.020  dropE=(0.020,0.080)  smooth=0.010  train_loss=0.5689  train_AUPR_all=0.4943  train_AUPR_ab=0.5849  train_AUPR_ag=0.3381  train_P@5_ab=0.7500  train_P@5_ag=0.9000  val_loss=0.8044  val_AUPR_all=0.5456  val_AUPR_ab=0.6401  val_AUPR_ag=0.3677  val_P@5_ab=0.8500  val_P@5_ag=0.9500  select=0.5039
  Saved checkpoint: checkpoints_old/iPara_balanced_l1_g8_i4_do0.10_dpr0.10_lr0.0002_heads16_fold3.pth  select=0.5039  val_ab=0.6401  val_ag=0.3677  val_all=0.5456
Ep007  LR0=1.96e-04  pw=9.97  aucα=0.000  token_p=0.020  dropE=(0.020,0.080)  smooth=0.010  train_loss=0.5350  train_AUPR_all=0.4946  train_AUPR_ab=0.5862  train_AUPR_ag=0.3353  train_P@5_ab=0.6500  train_P@5_ag=0.9000  val_loss=0.7092  val_AUPR_all=0.5239  val_AUPR_ab=0.6194  val_AUPR_ag=0.3675  val_P@5_ab=0.9000  val_P@5_ag=0.9500  select=0.4935
Ep008  LR0=1.95e-04  pw=8.92  aucα=0.000  token_p=0.020  dropE=(0.020,0.080)  smooth=0.010  train_loss=0.4902  train_AUPR_all=0.5145  train_AUPR_ab=0.6089  train_AUPR_ag=0.3505  train_P@5_ab=0.8500  train_P@5_ag=0.9000  val_loss=0.6613  val_AUPR_all=0.5584  val_AUPR_ab=0.6633  val_AUPR_ag=0.3786  val_P@5_ab=1.0000  val_P@5_ag=1.0000  select=0.5210
  Saved checkpoint: checkpoints_old/iPara_balanced_l1_g8_i4_do0.10_dpr0.10_lr0.0002_heads16_fold3.pth  select=0.5210  val_ab=0.6633  val_ag=0.3786  val_all=0.5584
Ep009  LR0=1.94e-04  pw=7.99  aucα=0.000  token_p=0.020  dropE=(0.020,0.080)  smooth=0.010  train_loss=0.4610  train_AUPR_all=0.5261  train_AUPR_ab=0.6142  train_AUPR_ag=0.3720  train_P@5_ab=0.8000  train_P@5_ag=0.9500  val_loss=0.6177  val_AUPR_all=0.5700  val_AUPR_ab=0.6864  val_AUPR_ag=0.3770  val_P@5_ab=1.0000  val_P@5_ag=0.9000  select=0.5317
  Saved checkpoint: checkpoints_old/iPara_balanced_l1_g8_i4_do0.10_dpr0.10_lr0.0002_heads16_fold3.pth  select=0.5317  val_ab=0.6864  val_ag=0.3770  val_all=0.5700
Ep010  LR0=1.92e-04  pw=7.17  aucα=0.030  token_p=0.020  dropE=(0.020,0.080)  smooth=0.010  train_loss=0.4463  train_AUPR_all=0.5382  train_AUPR_ab=0.6312  train_AUPR_ag=0.3768  train_P@5_ab=1.0000  train_P@5_ag=0.9000  val_loss=0.5704  val_AUPR_all=0.5783  val_AUPR_ab=0.6968  val_AUPR_ag=0.3853  val_P@5_ab=0.9500  val_P@5_ag=1.0000  select=0.5410
  Saved checkpoint: checkpoints_old/iPara_balanced_l1_g8_i4_do0.10_dpr0.10_lr0.0002_heads16_fold3.pth  select=0.5410  val_ab=0.6968  val_ag=0.3853  val_all=0.5783
Unfreezing DyM parameters.
Ep011  LR0=1.90e-04  pw=6.44  aucα=0.060  token_p=0.020  dropE=(0.020,0.080)  smooth=0.010  train_loss=0.4324  train_AUPR_all=0.5570  train_AUPR_ab=0.6481  train_AUPR_ag=0.3936  train_P@5_ab=0.8000  train_P@5_ag=1.0000  val_loss=0.5499  val_AUPR_all=0.5929  val_AUPR_ab=0.7096  val_AUPR_ag=0.4099  val_P@5_ab=0.9500  val_P@5_ag=1.0000  select=0.5597
  Saved checkpoint: checkpoints_old/iPara_balanced_l1_g8_i4_do0.10_dpr0.10_lr0.0002_heads16_fold3.pth  select=0.5597  val_ab=0.7096  val_ag=0.4099  val_all=0.5929
Ep012  LR0=1.88e-04  pw=5.80  aucα=0.090  token_p=0.020  dropE=(0.020,0.080)  smooth=0.010  train_loss=0.4194  train_AUPR_all=0.5646  train_AUPR_ab=0.6630  train_AUPR_ag=0.3996  train_P@5_ab=1.0000  train_P@5_ag=0.8000  val_loss=0.5176  val_AUPR_all=0.5863  val_AUPR_ab=0.7112  val_AUPR_ag=0.3965  val_P@5_ab=1.0000  val_P@5_ag=1.0000  select=0.5538
Ep013  LR0=1.86e-04  pw=5.24  aucα=0.120  token_p=0.020  dropE=(0.020,0.080)  smooth=0.010  train_loss=0.4108  train_AUPR_all=0.5740  train_AUPR_ab=0.6755  train_AUPR_ag=0.4026  train_P@5_ab=0.9000  train_P@5_ag=0.9500  val_loss=0.5190  val_AUPR_all=0.5827  val_AUPR_ab=0.7027  val_AUPR_ag=0.3850  val_P@5_ab=0.9000  val_P@5_ag=0.9500  select=0.5439
Ep014  LR0=1.83e-04  pw=4.74  aucα=0.150  token_p=0.020  dropE=(0.020,0.080)  smooth=0.010  train_loss=0.3983  train_AUPR_all=0.5842  train_AUPR_ab=0.6846  train_AUPR_ag=0.4180  train_P@5_ab=0.8500  train_P@5_ag=1.0000  val_loss=0.4719  val_AUPR_all=0.6014  val_AUPR_ab=0.7207  val_AUPR_ag=0.4129  val_P@5_ab=0.9500  val_P@5_ag=1.0000  select=0.5668
  Saved checkpoint: checkpoints_old/iPara_balanced_l1_g8_i4_do0.10_dpr0.10_lr0.0002_heads16_fold3.pth  select=0.5668  val_ab=0.7207  val_ag=0.4129  val_all=0.6014
Ep015  LR0=1.81e-04  pw=4.30  aucα=0.180  token_p=0.020  dropE=(0.020,0.080)  smooth=0.010  train_loss=0.3881  train_AUPR_all=0.5972  train_AUPR_ab=0.6987  train_AUPR_ag=0.4301  train_P@5_ab=0.9500  train_P@5_ag=1.0000  val_loss=0.4591  val_AUPR_all=0.5986  val_AUPR_ab=0.7192  val_AUPR_ag=0.4005  val_P@5_ab=1.0000  val_P@5_ag=0.9500  select=0.5598
Ep016  LR0=1.78e-04  pw=3.91  aucα=0.210  token_p=0.020  dropE=(0.020,0.080)  smooth=0.010  train_loss=0.3809  train_AUPR_all=0.6070  train_AUPR_ab=0.7074  train_AUPR_ag=0.4445  train_P@5_ab=1.0000  train_P@5_ag=1.0000  val_loss=0.4489  val_AUPR_all=0.5941  val_AUPR_ab=0.7236  val_AUPR_ag=0.4127  val_P@5_ab=0.9000  val_P@5_ag=1.0000  select=0.5682
  Saved checkpoint: checkpoints_old/iPara_balanced_l1_g8_i4_do0.10_dpr0.10_lr0.0002_heads16_fold3.pth  select=0.5682  val_ab=0.7236  val_ag=0.4127  val_all=0.5941
Ep017  LR0=1.75e-04  pw=3.57  aucα=0.240  token_p=0.020  dropE=(0.020,0.080)  smooth=0.010  train_loss=0.3762  train_AUPR_all=0.6147  train_AUPR_ab=0.7143  train_AUPR_ag=0.4530  train_P@5_ab=1.0000  train_P@5_ag=0.9500  val_loss=0.4447  val_AUPR_all=0.5844  val_AUPR_ab=0.7238  val_AUPR_ag=0.3845  val_P@5_ab=1.0000  val_P@5_ag=1.0000  select=0.5542
Ep018  LR0=1.72e-04  pw=3.27  aucα=0.270  token_p=0.020  dropE=(0.020,0.080)  smooth=0.010  train_loss=0.3720  train_AUPR_all=0.6177  train_AUPR_ab=0.7168  train_AUPR_ag=0.4586  train_P@5_ab=0.9500  train_P@5_ag=1.0000  val_loss=0.4062  val_AUPR_all=0.6120  val_AUPR_ab=0.7347  val_AUPR_ag=0.4251  val_P@5_ab=1.0000  val_P@5_ag=1.0000  select=0.5799
  Saved checkpoint: checkpoints_old/iPara_balanced_l1_g8_i4_do0.10_dpr0.10_lr0.0002_heads16_fold3.pth  select=0.5799  val_ab=0.7347  val_ag=0.4251  val_all=0.6120
Ep019  LR0=1.69e-04  pw=3.00  aucα=0.300  token_p=0.020  dropE=(0.020,0.080)  smooth=0.010  train_loss=0.3640  train_AUPR_all=0.6315  train_AUPR_ab=0.7255  train_AUPR_ag=0.4802  train_P@5_ab=0.9500  train_P@5_ag=0.8500  val_loss=0.3977  val_AUPR_all=0.6077  val_AUPR_ab=0.7444  val_AUPR_ag=0.4003  val_P@5_ab=1.0000  val_P@5_ag=1.0000  select=0.5724
Ep020  LR0=1.66e-04  pw=2.77  aucα=0.300  token_p=0.020  dropE=(0.020,0.080)  smooth=0.010  train_loss=0.3461  train_AUPR_all=0.6412  train_AUPR_ab=0.7347  train_AUPR_ag=0.4950  train_P@5_ab=1.0000  train_P@5_ag=0.9500  val_loss=0.3792  val_AUPR_all=0.6160  val_AUPR_ab=0.7414  val_AUPR_ag=0.4132  val_P@5_ab=1.0000  val_P@5_ag=1.0000  select=0.5773
Ep021  LR0=1.62e-04  pw=2.56  aucα=0.300  token_p=0.020  dropE=(0.020,0.080)  smooth=0.010  train_loss=0.3267  train_AUPR_all=0.6507  train_AUPR_ab=0.7378  train_AUPR_ag=0.5161  train_P@5_ab=0.9500  train_P@5_ag=1.0000  val_loss=0.3737  val_AUPR_all=0.6117  val_AUPR_ab=0.7445  val_AUPR_ag=0.3997  val_P@5_ab=1.0000  val_P@5_ag=1.0000  select=0.5721
Ep022  LR0=1.59e-04  pw=2.38  aucα=0.300  token_p=0.020  dropE=(0.020,0.080)  smooth=0.010  train_loss=0.3136  train_AUPR_all=0.6619  train_AUPR_ab=0.7499  train_AUPR_ag=0.5269  train_P@5_ab=1.0000  train_P@5_ag=0.9500  val_loss=0.3672  val_AUPR_all=0.6123  val_AUPR_ab=0.7504  val_AUPR_ag=0.3923  val_P@5_ab=1.0000  val_P@5_ag=1.0000  select=0.5714
Ep023  LR0=1.55e-04  pw=2.21  aucα=0.300  token_p=0.020  dropE=(0.020,0.080)  smooth=0.010  train_loss=0.2969  train_AUPR_all=0.6718  train_AUPR_ab=0.7538  train_AUPR_ag=0.5455  train_P@5_ab=0.9000  train_P@5_ag=0.9500  val_loss=0.3713  val_AUPR_all=0.6063  val_AUPR_ab=0.7507  val_AUPR_ag=0.3883  val_P@5_ab=1.0000  val_P@5_ag=1.0000  select=0.5695
Ep024  LR0=1.51e-04  pw=2.07  aucα=0.300  token_p=0.020  dropE=(0.020,0.080)  smooth=0.010  train_loss=0.2852  train_AUPR_all=0.6817  train_AUPR_ab=0.7627  train_AUPR_ag=0.5585  train_P@5_ab=1.0000  train_P@5_ag=0.8500  val_loss=0.3485  val_AUPR_all=0.6182  val_AUPR_ab=0.7563  val_AUPR_ag=0.3987  val_P@5_ab=1.0000  val_P@5_ag=0.9500  select=0.5775
Ep025  LR0=1.48e-04  pw=1.95  aucα=0.300  token_p=0.020  dropE=(0.020,0.080)  smooth=0.010  train_loss=0.2746  train_AUPR_all=0.6855  train_AUPR_ab=0.7606  train_AUPR_ag=0.5729  train_P@5_ab=0.9000  train_P@5_ag=0.8500  val_loss=0.3577  val_AUPR_all=0.6012  val_AUPR_ab=0.7583  val_AUPR_ag=0.3851  val_P@5_ab=1.0000  val_P@5_ag=0.9000  select=0.5717
Ep026  LR0=1.44e-04  pw=1.83  aucα=0.300  token_p=0.020  dropE=(0.020,0.080)  smooth=0.010  train_loss=0.2608  train_AUPR_all=0.7023  train_AUPR_ab=0.7741  train_AUPR_ag=0.5956  train_P@5_ab=1.0000  train_P@5_ag=0.9500  val_loss=0.3460  val_AUPR_all=0.6153  val_AUPR_ab=0.7563  val_AUPR_ag=0.3949  val_P@5_ab=1.0000  val_P@5_ag=0.9500  select=0.5756
Ep027  LR0=1.39e-04  pw=1.74  aucα=0.300  token_p=0.020  dropE=(0.020,0.080)  smooth=0.010  train_loss=0.2503  train_AUPR_all=0.7113  train_AUPR_ab=0.7762  train_AUPR_ag=0.6160  train_P@5_ab=1.0000  train_P@5_ag=1.0000  val_loss=0.3515  val_AUPR_all=0.5874  val_AUPR_ab=0.7489  val_AUPR_ag=0.3337  val_P@5_ab=1.0000  val_P@5_ag=0.5500  select=0.5413
Ep028  LR0=1.35e-04  pw=1.65  aucα=0.300  token_p=0.020  dropE=(0.020,0.080)  smooth=0.010  train_loss=0.2406  train_AUPR_all=0.7218  train_AUPR_ab=0.7863  train_AUPR_ag=0.6271  train_P@5_ab=1.0000  train_P@5_ag=1.0000  val_loss=0.3322  val_AUPR_all=0.6075  val_AUPR_ab=0.7555  val_AUPR_ag=0.3813  val_P@5_ab=1.0000  val_P@5_ag=0.9500  select=0.5684
Ep029  LR0=1.31e-04  pw=1.57  aucα=0.300  token_p=0.020  dropE=(0.020,0.080)  smooth=0.010  train_loss=0.2303  train_AUPR_all=0.7326  train_AUPR_ab=0.7888  train_AUPR_ag=0.6521  train_P@5_ab=1.0000  train_P@5_ag=0.9500  val_loss=0.3436  val_AUPR_all=0.6012  val_AUPR_ab=0.7613  val_AUPR_ag=0.3734  val_P@5_ab=1.0000  val_P@5_ag=0.6500  select=0.5674
Ep030  LR0=1.27e-04  pw=1.51  aucα=0.300  token_p=0.020  dropE=(0.020,0.080)  smooth=0.010  train_loss=0.2246  train_AUPR_all=0.7333  train_AUPR_ab=0.7868  train_AUPR_ag=0.6566  train_P@5_ab=0.9500  train_P@5_ag=0.9500  val_loss=0.3358  val_AUPR_all=0.5947  val_AUPR_ab=0.7509  val_AUPR_ag=0.3766  val_P@5_ab=1.0000  val_P@5_ag=0.8000  select=0.5638
Ep031  LR0=1.22e-04  pw=1.45  aucα=0.300  token_p=0.020  dropE=(0.020,0.080)  smooth=0.010  train_loss=0.2175  train_AUPR_all=0.7401  train_AUPR_ab=0.7917  train_AUPR_ag=0.6662  train_P@5_ab=1.0000  train_P@5_ag=0.9500  val_loss=0.3204  val_AUPR_all=0.6000  val_AUPR_ab=0.7561  val_AUPR_ag=0.3733  val_P@5_ab=0.9500  val_P@5_ag=0.6500  select=0.5647
Ep032  LR0=1.18e-04  pw=1.39  aucα=0.300  token_p=0.020  dropE=(0.020,0.080)  smooth=0.010  train_loss=0.2072  train_AUPR_all=0.7570  train_AUPR_ab=0.8057  train_AUPR_ag=0.6879  train_P@5_ab=1.0000  train_P@5_ag=1.0000  val_loss=0.3264  val_AUPR_all=0.6009  val_AUPR_ab=0.7532  val_AUPR_ag=0.3760  val_P@5_ab=1.0000  val_P@5_ag=0.9000  select=0.5646
Ep033  LR0=1.14e-04  pw=1.35  aucα=0.300  token_p=0.020  dropE=(0.020,0.080)  smooth=0.010  train_loss=0.1980  train_AUPR_all=0.7685  train_AUPR_ab=0.8108  train_AUPR_ag=0.7090  train_P@5_ab=1.0000  train_P@5_ag=0.9500  val_loss=0.3319  val_AUPR_all=0.5927  val_AUPR_ab=0.7546  val_AUPR_ag=0.3769  val_P@5_ab=1.0000  val_P@5_ag=0.7500  select=0.5658
Ep034  LR0=1.09e-04  pw=1.31  aucα=0.300  token_p=0.020  dropE=(0.020,0.080)  smooth=0.010  train_loss=0.1935  train_AUPR_all=0.7757  train_AUPR_ab=0.8190  train_AUPR_ag=0.7147  train_P@5_ab=0.9500  train_P@5_ag=0.9500  val_loss=0.3279  val_AUPR_all=0.6076  val_AUPR_ab=0.7554  val_AUPR_ag=0.3863  val_P@5_ab=1.0000  val_P@5_ag=0.6500  select=0.5708
Ep035  LR0=1.05e-04  pw=1.27  aucα=0.300  token_p=0.020  dropE=(0.020,0.080)  smooth=0.010  train_loss=0.1855  train_AUPR_all=0.7842  train_AUPR_ab=0.8224  train_AUPR_ag=0.7310  train_P@5_ab=1.0000  train_P@5_ag=1.0000  val_loss=0.3252  val_AUPR_all=0.5891  val_AUPR_ab=0.7651  val_AUPR_ag=0.3657  val_P@5_ab=1.0000  val_P@5_ag=0.7500  select=0.5654
Ep036  LR0=1.00e-04  pw=1.24  aucα=0.300  token_p=0.020  dropE=(0.020,0.080)  smooth=0.010  train_loss=0.1793  train_AUPR_all=0.7948  train_AUPR_ab=0.8308  train_AUPR_ag=0.7452  train_P@5_ab=1.0000  train_P@5_ag=0.9500  val_loss=0.3114  val_AUPR_all=0.6164  val_AUPR_ab=0.7610  val_AUPR_ag=0.4062  val_P@5_ab=1.0000  val_P@5_ag=0.9000  select=0.5836
  Saved checkpoint: checkpoints_old/iPara_balanced_l1_g8_i4_do0.10_dpr0.10_lr0.0002_heads16_fold3.pth  select=0.5836  val_ab=0.7610  val_ag=0.4062  val_all=0.6164
Ep037  LR0=9.58e-05  pw=1.21  aucα=0.300  token_p=0.020  dropE=(0.020,0.080)  smooth=0.010  train_loss=0.1761  train_AUPR_all=0.7998  train_AUPR_ab=0.8355  train_AUPR_ag=0.7508  train_P@5_ab=1.0000  train_P@5_ag=1.0000  val_loss=0.3215  val_AUPR_all=0.5873  val_AUPR_ab=0.7540  val_AUPR_ag=0.3641  val_P@5_ab=1.0000  val_P@5_ag=0.4500  select=0.5590
Ep038  LR0=9.13e-05  pw=1.19  aucα=0.300  token_p=0.020  dropE=(0.020,0.080)  smooth=0.010  train_loss=0.1694  train_AUPR_all=0.8076  train_AUPR_ab=0.8414  train_AUPR_ag=0.7606  train_P@5_ab=1.0000  train_P@5_ag=1.0000  val_loss=0.3279  val_AUPR_all=0.6040  val_AUPR_ab=0.7641  val_AUPR_ag=0.3836  val_P@5_ab=1.0000  val_P@5_ag=0.7500  select=0.5739
Ep039  LR0=8.69e-05  pw=1.16  aucα=0.300  token_p=0.020  dropE=(0.020,0.080)  smooth=0.010  train_loss=0.1656  train_AUPR_all=0.8141  train_AUPR_ab=0.8490  train_AUPR_ag=0.7655  train_P@5_ab=1.0000  train_P@5_ag=0.9500  val_loss=0.3281  val_AUPR_all=0.5951  val_AUPR_ab=0.7583  val_AUPR_ag=0.3695  val_P@5_ab=0.9500  val_P@5_ag=0.6000  select=0.5639
Ep040  LR0=8.24e-05  pw=1.15  aucα=0.300  token_p=0.020  dropE=(0.020,0.080)  smooth=0.010  train_loss=0.1604  train_AUPR_all=0.8204  train_AUPR_ab=0.8509  train_AUPR_ag=0.7785  train_P@5_ab=1.0000  train_P@5_ag=0.9500  val_loss=0.3202  val_AUPR_all=0.5991  val_AUPR_ab=0.7611  val_AUPR_ag=0.3730  val_P@5_ab=0.9500  val_P@5_ag=0.5000  select=0.5670
Ep041  LR0=7.81e-05  pw=1.13  aucα=0.300  token_p=0.020  dropE=(0.020,0.080)  smooth=0.010  train_loss=0.1593  train_AUPR_all=0.8201  train_AUPR_ab=0.8477  train_AUPR_ag=0.7826  train_P@5_ab=0.9500  train_P@5_ag=1.0000  val_loss=0.3243  val_AUPR_all=0.5822  val_AUPR_ab=0.7584  val_AUPR_ag=0.3619  val_P@5_ab=1.0000  val_P@5_ag=0.6000  select=0.5601
Ep042  LR0=7.37e-05  pw=1.11  aucα=0.300  token_p=0.020  dropE=(0.020,0.080)  smooth=0.010  train_loss=0.1531  train_AUPR_all=0.8316  train_AUPR_ab=0.8612  train_AUPR_ag=0.7907  train_P@5_ab=0.9000  train_P@5_ag=0.9500  val_loss=0.3211  val_AUPR_all=0.5922  val_AUPR_ab=0.7566  val_AUPR_ag=0.3726  val_P@5_ab=0.9500  val_P@5_ag=0.5500  select=0.5646
Ep043  LR0=6.94e-05  pw=1.10  aucα=0.300  token_p=0.020  dropE=(0.020,0.080)  smooth=0.010  train_loss=0.1470  train_AUPR_all=0.8414  train_AUPR_ab=0.8696  train_AUPR_ag=0.8022  train_P@5_ab=1.0000  train_P@5_ag=1.0000  val_loss=0.3209  val_AUPR_all=0.5788  val_AUPR_ab=0.7492  val_AUPR_ag=0.3732  val_P@5_ab=1.0000  val_P@5_ag=0.5500  select=0.5612
Ep044  LR0=6.52e-05  pw=1.09  aucα=0.300  token_p=0.020  dropE=(0.020,0.080)  smooth=0.010  train_loss=0.1468  train_AUPR_all=0.8412  train_AUPR_ab=0.8681  train_AUPR_ag=0.8043  train_P@5_ab=1.0000  train_P@5_ag=1.0000  val_loss=0.3224  val_AUPR_all=0.5958  val_AUPR_ab=0.7595  val_AUPR_ag=0.3768  val_P@5_ab=1.0000  val_P@5_ag=0.8000  select=0.5682
Ep045  LR0=6.10e-05  pw=1.08  aucα=0.300  token_p=0.020  dropE=(0.020,0.080)  smooth=0.010  train_loss=0.1467  train_AUPR_all=0.8408  train_AUPR_ab=0.8687  train_AUPR_ag=0.8023  train_P@5_ab=1.0000  train_P@5_ag=1.0000  val_loss=0.3204  val_AUPR_all=0.5972  val_AUPR_ab=0.7624  val_AUPR_ag=0.3649  val_P@5_ab=1.0000  val_P@5_ag=0.4000  select=0.5637
Ep046  LR0=5.70e-05  pw=1.07  aucα=0.300  token_p=0.020  dropE=(0.020,0.080)  smooth=0.010  train_loss=0.1376  train_AUPR_all=0.8555  train_AUPR_ab=0.8795  train_AUPR_ag=0.8225  train_P@5_ab=1.0000  train_P@5_ag=1.0000  val_loss=0.3216  val_AUPR_all=0.5973  val_AUPR_ab=0.7570  val_AUPR_ag=0.3623  val_P@5_ab=1.0000  val_P@5_ag=0.5000  select=0.5597
Ep047  LR0=5.30e-05  pw=1.06  aucα=0.300  token_p=0.020  dropE=(0.020,0.080)  smooth=0.010  train_loss=0.1370  train_AUPR_all=0.8560  train_AUPR_ab=0.8804  train_AUPR_ag=0.8225  train_P@5_ab=1.0000  train_P@5_ag=1.0000  val_loss=0.3218  val_AUPR_all=0.6027  val_AUPR_ab=0.7599  val_AUPR_ag=0.3862  val_P@5_ab=1.0000  val_P@5_ag=0.7000  select=0.5730
Ep048  LR0=4.91e-05  pw=1.05  aucα=0.300  token_p=0.020  dropE=(0.020,0.080)  smooth=0.010  train_loss=0.1347  train_AUPR_all=0.8606  train_AUPR_ab=0.8830  train_AUPR_ag=0.8300  train_P@5_ab=1.0000  train_P@5_ag=0.9500  val_loss=0.3295  val_AUPR_all=0.5835  val_AUPR_ab=0.7563  val_AUPR_ag=0.3462  val_P@5_ab=1.0000  val_P@5_ag=0.4500  select=0.5512
Ep049  LR0=4.53e-05  pw=1.05  aucα=0.300  token_p=0.020  dropE=(0.020,0.080)  smooth=0.010  train_loss=0.1295  train_AUPR_all=0.8697  train_AUPR_ab=0.8935  train_AUPR_ag=0.8363  train_P@5_ab=1.0000  train_P@5_ag=1.0000  val_loss=0.3284  val_AUPR_all=0.5890  val_AUPR_ab=0.7576  val_AUPR_ag=0.3580  val_P@5_ab=0.9500  val_P@5_ag=0.4000  select=0.5578
Ep050  LR0=4.16e-05  pw=1.04  aucα=0.300  token_p=0.020  dropE=(0.020,0.080)  smooth=0.010  train_loss=0.1301  train_AUPR_all=0.8672  train_AUPR_ab=0.8884  train_AUPR_ag=0.8384  train_P@5_ab=1.0000  train_P@5_ag=1.0000  val_loss=0.3262  val_AUPR_all=0.5839  val_AUPR_ab=0.7486  val_AUPR_ag=0.3694  val_P@5_ab=0.9000  val_P@5_ag=0.6000  select=0.5590
Ep051  LR0=3.81e-05  pw=1.04  aucα=0.300  token_p=0.020  dropE=(0.020,0.080)  smooth=0.010  train_loss=0.1277  train_AUPR_all=0.8710  train_AUPR_ab=0.8935  train_AUPR_ag=0.8399  train_P@5_ab=1.0000  train_P@5_ag=1.0000  val_loss=0.3347  val_AUPR_all=0.5854  val_AUPR_ab=0.7516  val_AUPR_ag=0.3663  val_P@5_ab=1.0000  val_P@5_ag=0.5500  select=0.5589
Ep052  LR0=3.46e-05  pw=1.03  aucα=0.300  token_p=0.020  dropE=(0.020,0.080)  smooth=0.010  train_loss=0.1263  train_AUPR_all=0.8741  train_AUPR_ab=0.8955  train_AUPR_ag=0.8447  train_P@5_ab=1.0000  train_P@5_ag=1.0000  val_loss=0.3355  val_AUPR_all=0.5808  val_AUPR_ab=0.7475  val_AUPR_ag=0.3592  val_P@5_ab=0.9000  val_P@5_ag=0.4000  select=0.5533
Ep053  LR0=3.13e-05  pw=1.03  aucα=0.300  token_p=0.020  dropE=(0.020,0.080)  smooth=0.010  train_loss=0.1237  train_AUPR_all=0.8770  train_AUPR_ab=0.8981  train_AUPR_ag=0.8481  train_P@5_ab=1.0000  train_P@5_ag=1.0000  val_loss=0.3295  val_AUPR_all=0.5867  val_AUPR_ab=0.7526  val_AUPR_ag=0.3607  val_P@5_ab=0.8500  val_P@5_ag=0.4500  select=0.5566
Ep054  LR0=2.82e-05  pw=1.03  aucα=0.300  token_p=0.020  dropE=(0.020,0.080)  smooth=0.010  train_loss=0.1210  train_AUPR_all=0.8811  train_AUPR_ab=0.9029  train_AUPR_ag=0.8506  train_P@5_ab=1.0000  train_P@5_ag=1.0000  val_loss=0.3365  val_AUPR_all=0.5806  val_AUPR_ab=0.7540  val_AUPR_ag=0.3586  val_P@5_ab=1.0000  val_P@5_ag=0.7000  select=0.5563
Ep055  LR0=2.51e-05  pw=1.02  aucα=0.300  token_p=0.020  dropE=(0.020,0.080)  smooth=0.010  train_loss=0.1164  train_AUPR_all=0.8895  train_AUPR_ab=0.9088  train_AUPR_ag=0.8628  train_P@5_ab=1.0000  train_P@5_ag=1.0000  val_loss=0.3337  val_AUPR_all=0.5794  val_AUPR_ab=0.7487  val_AUPR_ag=0.3600  val_P@5_ab=0.8500  val_P@5_ag=0.5000  select=0.5544
Ep056  LR0=2.23e-05  pw=1.02  aucα=0.300  token_p=0.020  dropE=(0.020,0.080)  smooth=0.010  train_loss=0.1191  train_AUPR_all=0.8844  train_AUPR_ab=0.9073  train_AUPR_ag=0.8524  train_P@5_ab=1.0000  train_P@5_ag=1.0000  val_loss=0.3329  val_AUPR_all=0.5842  val_AUPR_ab=0.7480  val_AUPR_ag=0.3628  val_P@5_ab=0.9000  val_P@5_ag=0.5000  select=0.5554
Early stopping at epoch 56. Best select=0.5836 at epoch 36.
Final saved checkpoint for fold 3: checkpoints_old/iPara_balanced_l1_g8_i4_do0.10_dpr0.10_lr0.0002_heads16_fold3.pth
Best select=0.5836 at epoch 36

==========================================================================================
Fold 4/5
==========================================================================================
Train labels: valid=398858, pos=26560, neg=372298, ignore=700342, pos_frac=0.06659
Val labels: valid=101334, pos=6670, neg=94664, ignore=172266, pos_frac=0.06582
Initializing ClassificationModel with 8 GAT layers and residual connections...
Initializing MCModel with 8 GAT layers and 4 row attention layers (drop_path_rate=0.1)
Initializing CoreModel with 1 layers, drop_path_rate=0.1
Ep001  LR0=2.00e-04  pw=20.00  aucα=0.000  token_p=0.020  dropE=(0.020,0.080)  smooth=0.010  train_loss=1.3526  train_AUPR_all=0.1441  train_AUPR_ab=0.1609  train_AUPR_ag=0.1285  train_P@5_ab=0.0500  train_P@5_ag=0.2500  val_loss=1.2732  val_AUPR_all=0.3464  val_AUPR_ab=0.3951  val_AUPR_ag=0.2570  val_P@5_ab=0.4500  val_P@5_ag=0.8500  select=0.3261
  Saved checkpoint: checkpoints_old/iPara_balanced_l1_g8_i4_do0.10_dpr0.10_lr0.0002_heads16_fold4.pth  select=0.3261  val_ab=0.3951  val_ag=0.2570  val_all=0.3464
Ep002  LR0=2.00e-04  pw=17.77  aucα=0.000  token_p=0.020  dropE=(0.020,0.080)  smooth=0.010  train_loss=0.8386  train_AUPR_all=0.3387  train_AUPR_ab=0.4149  train_AUPR_ag=0.2275  train_P@5_ab=0.5000  train_P@5_ag=0.9000  val_loss=1.0924  val_AUPR_all=0.4449  val_AUPR_ab=0.5515  val_AUPR_ag=0.2581  val_P@5_ab=0.8000  val_P@5_ag=0.9000  select=0.4048
  Saved checkpoint: checkpoints_old/iPara_balanced_l1_g8_i4_do0.10_dpr0.10_lr0.0002_heads16_fold4.pth  select=0.4048  val_ab=0.5515  val_ag=0.2581  val_all=0.4449
Ep003  LR0=2.00e-04  pw=15.80  aucα=0.000  token_p=0.020  dropE=(0.020,0.080)  smooth=0.010  train_loss=0.7356  train_AUPR_all=0.4065  train_AUPR_ab=0.4894  train_AUPR_ag=0.2659  train_P@5_ab=0.8500  train_P@5_ag=0.9500  val_loss=1.2351  val_AUPR_all=0.4507  val_AUPR_ab=0.5824  val_AUPR_ag=0.2867  val_P@5_ab=0.9000  val_P@5_ag=0.8000  select=0.4345
  Saved checkpoint: checkpoints_old/iPara_balanced_l1_g8_i4_do0.10_dpr0.10_lr0.0002_heads16_fold4.pth  select=0.4345  val_ab=0.5824  val_ag=0.2867  val_all=0.4507
Ep004  LR0=1.99e-04  pw=14.06  aucα=0.000  token_p=0.020  dropE=(0.020,0.080)  smooth=0.010  train_loss=0.6612  train_AUPR_all=0.4523  train_AUPR_ab=0.5393  train_AUPR_ag=0.3025  train_P@5_ab=0.6000  train_P@5_ag=0.9500  val_loss=0.9881  val_AUPR_all=0.4825  val_AUPR_ab=0.5989  val_AUPR_ag=0.2984  val_P@5_ab=0.8500  val_P@5_ag=0.8500  select=0.4487
  Saved checkpoint: checkpoints_old/iPara_balanced_l1_g8_i4_do0.10_dpr0.10_lr0.0002_heads16_fold4.pth  select=0.4487  val_ab=0.5989  val_ag=0.2984  val_all=0.4825
Ep005  LR0=1.98e-04  pw=12.52  aucα=0.000  token_p=0.020  dropE=(0.020,0.080)  smooth=0.010  train_loss=0.6029  train_AUPR_all=0.4785  train_AUPR_ab=0.5662  train_AUPR_ag=0.3239  train_P@5_ab=0.8500  train_P@5_ag=0.8500  val_loss=0.8258  val_AUPR_all=0.5123  val_AUPR_ab=0.6342  val_AUPR_ag=0.3389  val_P@5_ab=0.9000  val_P@5_ag=1.0000  select=0.4866
  Saved checkpoint: checkpoints_old/iPara_balanced_l1_g8_i4_do0.10_dpr0.10_lr0.0002_heads16_fold4.pth  select=0.4866  val_ab=0.6342  val_ag=0.3389  val_all=0.5123
Ep006  LR0=1.97e-04  pw=11.17  aucα=0.000  token_p=0.020  dropE=(0.020,0.080)  smooth=0.010  train_loss=0.5649  train_AUPR_all=0.4860  train_AUPR_ab=0.5730  train_AUPR_ag=0.3329  train_P@5_ab=0.7000  train_P@5_ag=1.0000  val_loss=0.8304  val_AUPR_all=0.5020  val_AUPR_ab=0.6153  val_AUPR_ag=0.3274  val_P@5_ab=0.6000  val_P@5_ag=0.9500  select=0.4714
Ep007  LR0=1.96e-04  pw=9.97  aucα=0.000  token_p=0.020  dropE=(0.020,0.080)  smooth=0.010  train_loss=0.5279  train_AUPR_all=0.5074  train_AUPR_ab=0.5947  train_AUPR_ag=0.3507  train_P@5_ab=0.9000  train_P@5_ag=0.8000  val_loss=0.7409  val_AUPR_all=0.5320  val_AUPR_ab=0.6400  val_AUPR_ag=0.3457  val_P@5_ab=0.7000  val_P@5_ag=0.8500  select=0.4928
  Saved checkpoint: checkpoints_old/iPara_balanced_l1_g8_i4_do0.10_dpr0.10_lr0.0002_heads16_fold4.pth  select=0.4928  val_ab=0.6400  val_ag=0.3457  val_all=0.5320
Ep008  LR0=1.95e-04  pw=8.92  aucα=0.000  token_p=0.020  dropE=(0.020,0.080)  smooth=0.010  train_loss=0.4912  train_AUPR_all=0.5068  train_AUPR_ab=0.5885  train_AUPR_ag=0.3544  train_P@5_ab=0.8500  train_P@5_ag=0.9000  val_loss=0.6852  val_AUPR_all=0.5222  val_AUPR_ab=0.6458  val_AUPR_ag=0.3468  val_P@5_ab=0.9000  val_P@5_ag=0.9000  select=0.4963
  Saved checkpoint: checkpoints_old/iPara_balanced_l1_g8_i4_do0.10_dpr0.10_lr0.0002_heads16_fold4.pth  select=0.4963  val_ab=0.6458  val_ag=0.3468  val_all=0.5222
Ep009  LR0=1.94e-04  pw=7.99  aucα=0.000  token_p=0.020  dropE=(0.020,0.080)  smooth=0.010  train_loss=0.4567  train_AUPR_all=0.5313  train_AUPR_ab=0.6195  train_AUPR_ag=0.3757  train_P@5_ab=1.0000  train_P@5_ag=0.9500  val_loss=0.6409  val_AUPR_all=0.5402  val_AUPR_ab=0.6538  val_AUPR_ag=0.3658  val_P@5_ab=0.8000  val_P@5_ag=1.0000  select=0.5098
  Saved checkpoint: checkpoints_old/iPara_balanced_l1_g8_i4_do0.10_dpr0.10_lr0.0002_heads16_fold4.pth  select=0.5098  val_ab=0.6538  val_ag=0.3658  val_all=0.5402
Ep010  LR0=1.92e-04  pw=7.17  aucα=0.030  token_p=0.020  dropE=(0.020,0.080)  smooth=0.010  train_loss=0.4466  train_AUPR_all=0.5366  train_AUPR_ab=0.6247  train_AUPR_ag=0.3750  train_P@5_ab=0.7500  train_P@5_ag=0.7500  val_loss=0.6425  val_AUPR_all=0.5488  val_AUPR_ab=0.6605  val_AUPR_ag=0.3701  val_P@5_ab=0.8500  val_P@5_ag=0.9000  select=0.5153
  Saved checkpoint: checkpoints_old/iPara_balanced_l1_g8_i4_do0.10_dpr0.10_lr0.0002_heads16_fold4.pth  select=0.5153  val_ab=0.6605  val_ag=0.3701  val_all=0.5488
Unfreezing DyM parameters.
Ep011  LR0=1.90e-04  pw=6.44  aucα=0.060  token_p=0.020  dropE=(0.020,0.080)  smooth=0.010  train_loss=0.4333  train_AUPR_all=0.5450  train_AUPR_ab=0.6345  train_AUPR_ag=0.3882  train_P@5_ab=0.9000  train_P@5_ag=1.0000  val_loss=0.5683  val_AUPR_all=0.5664  val_AUPR_ab=0.6806  val_AUPR_ag=0.3747  val_P@5_ab=1.0000  val_P@5_ag=1.0000  select=0.5276
  Saved checkpoint: checkpoints_old/iPara_balanced_l1_g8_i4_do0.10_dpr0.10_lr0.0002_heads16_fold4.pth  select=0.5276  val_ab=0.6806  val_ag=0.3747  val_all=0.5664
Ep012  LR0=1.88e-04  pw=5.80  aucα=0.090  token_p=0.020  dropE=(0.020,0.080)  smooth=0.010  train_loss=0.4234  train_AUPR_all=0.5575  train_AUPR_ab=0.6453  train_AUPR_ag=0.4020  train_P@5_ab=0.9000  train_P@5_ag=0.9500  val_loss=0.5653  val_AUPR_all=0.5748  val_AUPR_ab=0.7001  val_AUPR_ag=0.3716  val_P@5_ab=0.9000  val_P@5_ag=0.9500  select=0.5359
  Saved checkpoint: checkpoints_old/iPara_balanced_l1_g8_i4_do0.10_dpr0.10_lr0.0002_heads16_fold4.pth  select=0.5359  val_ab=0.7001  val_ag=0.3716  val_all=0.5748
Ep013  LR0=1.86e-04  pw=5.24  aucα=0.120  token_p=0.020  dropE=(0.020,0.080)  smooth=0.010  train_loss=0.4141  train_AUPR_all=0.5636  train_AUPR_ab=0.6566  train_AUPR_ag=0.4027  train_P@5_ab=0.9500  train_P@5_ag=1.0000  val_loss=0.5316  val_AUPR_all=0.5737  val_AUPR_ab=0.6950  val_AUPR_ag=0.3841  val_P@5_ab=0.9500  val_P@5_ag=1.0000  select=0.5395
  Saved checkpoint: checkpoints_old/iPara_balanced_l1_g8_i4_do0.10_dpr0.10_lr0.0002_heads16_fold4.pth  select=0.5395  val_ab=0.6950  val_ag=0.3841  val_all=0.5737
Ep014  LR0=1.83e-04  pw=4.74  aucα=0.150  token_p=0.020  dropE=(0.020,0.080)  smooth=0.010  train_loss=0.4014  train_AUPR_all=0.5796  train_AUPR_ab=0.6713  train_AUPR_ag=0.4238  train_P@5_ab=0.8500  train_P@5_ag=0.9500  val_loss=0.5125  val_AUPR_all=0.5724  val_AUPR_ab=0.7022  val_AUPR_ag=0.3690  val_P@5_ab=0.9000  val_P@5_ag=0.9500  select=0.5356
Ep015  LR0=1.81e-04  pw=4.30  aucα=0.180  token_p=0.020  dropE=(0.020,0.080)  smooth=0.010  train_loss=0.3946  train_AUPR_all=0.5873  train_AUPR_ab=0.6781  train_AUPR_ag=0.4346  train_P@5_ab=0.9000  train_P@5_ag=1.0000  val_loss=0.4758  val_AUPR_all=0.5878  val_AUPR_ab=0.7138  val_AUPR_ag=0.3980  val_P@5_ab=1.0000  val_P@5_ag=0.9500  select=0.5559
  Saved checkpoint: checkpoints_old/iPara_balanced_l1_g8_i4_do0.10_dpr0.10_lr0.0002_heads16_fold4.pth  select=0.5559  val_ab=0.7138  val_ag=0.3980  val_all=0.5878
Ep016  LR0=1.78e-04  pw=3.91  aucα=0.210  token_p=0.020  dropE=(0.020,0.080)  smooth=0.010  train_loss=0.3876  train_AUPR_all=0.5969  train_AUPR_ab=0.6874  train_AUPR_ag=0.4454  train_P@5_ab=1.0000  train_P@5_ag=1.0000  val_loss=0.4582  val_AUPR_all=0.5807  val_AUPR_ab=0.7181  val_AUPR_ag=0.3947  val_P@5_ab=0.9500  val_P@5_ag=1.0000  select=0.5564
  Saved checkpoint: checkpoints_old/iPara_balanced_l1_g8_i4_do0.10_dpr0.10_lr0.0002_heads16_fold4.pth  select=0.5564  val_ab=0.7181  val_ag=0.3947  val_all=0.5807
Ep017  LR0=1.75e-04  pw=3.57  aucα=0.240  token_p=0.020  dropE=(0.020,0.080)  smooth=0.010  train_loss=0.3807  train_AUPR_all=0.6036  train_AUPR_ab=0.6963  train_AUPR_ag=0.4520  train_P@5_ab=0.9500  train_P@5_ag=0.9500  val_loss=0.4441  val_AUPR_all=0.5817  val_AUPR_ab=0.7084  val_AUPR_ag=0.3780  val_P@5_ab=0.9500  val_P@5_ag=1.0000  select=0.5432
Ep018  LR0=1.72e-04  pw=3.27  aucα=0.270  token_p=0.020  dropE=(0.020,0.080)  smooth=0.010  train_loss=0.3740  train_AUPR_all=0.6131  train_AUPR_ab=0.7082  train_AUPR_ag=0.4623  train_P@5_ab=0.9000  train_P@5_ag=0.8500  val_loss=0.4325  val_AUPR_all=0.5928  val_AUPR_ab=0.7266  val_AUPR_ag=0.3826  val_P@5_ab=0.9000  val_P@5_ag=0.9500  select=0.5546
Ep019  LR0=1.69e-04  pw=3.00  aucα=0.300  token_p=0.020  dropE=(0.020,0.080)  smooth=0.010  train_loss=0.3679  train_AUPR_all=0.6261  train_AUPR_ab=0.7178  train_AUPR_ag=0.4788  train_P@5_ab=1.0000  train_P@5_ag=0.8500  val_loss=0.4094  val_AUPR_all=0.5923  val_AUPR_ab=0.7257  val_AUPR_ag=0.3804  val_P@5_ab=1.0000  val_P@5_ag=0.9500  select=0.5531
Ep020  LR0=1.66e-04  pw=2.77  aucα=0.300  token_p=0.020  dropE=(0.020,0.080)  smooth=0.010  train_loss=0.3517  train_AUPR_all=0.6318  train_AUPR_ab=0.7215  train_AUPR_ag=0.4896  train_P@5_ab=0.9500  train_P@5_ag=1.0000  val_loss=0.4044  val_AUPR_all=0.5936  val_AUPR_ab=0.7252  val_AUPR_ag=0.3894  val_P@5_ab=0.9500  val_P@5_ag=0.8500  select=0.5573
  Saved checkpoint: checkpoints_old/iPara_balanced_l1_g8_i4_do0.10_dpr0.10_lr0.0002_heads16_fold4.pth  select=0.5573  val_ab=0.7252  val_ag=0.3894  val_all=0.5936
Ep021  LR0=1.62e-04  pw=2.56  aucα=0.300  token_p=0.020  dropE=(0.020,0.080)  smooth=0.010  train_loss=0.3345  train_AUPR_all=0.6417  train_AUPR_ab=0.7304  train_AUPR_ag=0.5021  train_P@5_ab=1.0000  train_P@5_ag=0.8500  val_loss=0.3978  val_AUPR_all=0.5957  val_AUPR_ab=0.7359  val_AUPR_ag=0.3880  val_P@5_ab=1.0000  val_P@5_ag=0.9500  select=0.5620
  Saved checkpoint: checkpoints_old/iPara_balanced_l1_g8_i4_do0.10_dpr0.10_lr0.0002_heads16_fold4.pth  select=0.5620  val_ab=0.7359  val_ag=0.3880  val_all=0.5957
Ep022  LR0=1.59e-04  pw=2.38  aucα=0.300  token_p=0.020  dropE=(0.020,0.080)  smooth=0.010  train_loss=0.3187  train_AUPR_all=0.6525  train_AUPR_ab=0.7377  train_AUPR_ag=0.5201  train_P@5_ab=1.0000  train_P@5_ag=1.0000  val_loss=0.3744  val_AUPR_all=0.5946  val_AUPR_ab=0.7453  val_AUPR_ag=0.3812  val_P@5_ab=0.9000  val_P@5_ag=0.9500  select=0.5632
  Saved checkpoint: checkpoints_old/iPara_balanced_l1_g8_i4_do0.10_dpr0.10_lr0.0002_heads16_fold4.pth  select=0.5632  val_ab=0.7453  val_ag=0.3812  val_all=0.5946
Ep023  LR0=1.55e-04  pw=2.21  aucα=0.300  token_p=0.020  dropE=(0.020,0.080)  smooth=0.010  train_loss=0.3080  train_AUPR_all=0.6574  train_AUPR_ab=0.7419  train_AUPR_ag=0.5251  train_P@5_ab=1.0000  train_P@5_ag=1.0000  val_loss=0.3757  val_AUPR_all=0.6049  val_AUPR_ab=0.7513  val_AUPR_ag=0.3819  val_P@5_ab=1.0000  val_P@5_ag=0.7000  select=0.5666
  Saved checkpoint: checkpoints_old/iPara_balanced_l1_g8_i4_do0.10_dpr0.10_lr0.0002_heads16_fold4.pth  select=0.5666  val_ab=0.7513  val_ag=0.3819  val_all=0.6049
Ep024  LR0=1.51e-04  pw=2.07  aucα=0.300  token_p=0.020  dropE=(0.020,0.080)  smooth=0.010  train_loss=0.2939  train_AUPR_all=0.6677  train_AUPR_ab=0.7460  train_AUPR_ag=0.5479  train_P@5_ab=1.0000  train_P@5_ag=1.0000  val_loss=0.3668  val_AUPR_all=0.6022  val_AUPR_ab=0.7491  val_AUPR_ag=0.3757  val_P@5_ab=0.9500  val_P@5_ag=0.7500  select=0.5624
Ep025  LR0=1.48e-04  pw=1.95  aucα=0.300  token_p=0.020  dropE=(0.020,0.080)  smooth=0.010  train_loss=0.2801  train_AUPR_all=0.6779  train_AUPR_ab=0.7559  train_AUPR_ag=0.5579  train_P@5_ab=1.0000  train_P@5_ag=1.0000  val_loss=0.3555  val_AUPR_all=0.6065  val_AUPR_ab=0.7494  val_AUPR_ag=0.3871  val_P@5_ab=0.9500  val_P@5_ag=0.7500  select=0.5683
  Saved checkpoint: checkpoints_old/iPara_balanced_l1_g8_i4_do0.10_dpr0.10_lr0.0002_heads16_fold4.pth  select=0.5683  val_ab=0.7494  val_ag=0.3871  val_all=0.6065
Ep026  LR0=1.44e-04  pw=1.83  aucα=0.300  token_p=0.020  dropE=(0.020,0.080)  smooth=0.010  train_loss=0.2742  train_AUPR_all=0.6790  train_AUPR_ab=0.7547  train_AUPR_ag=0.5643  train_P@5_ab=1.0000  train_P@5_ag=1.0000  val_loss=0.3603  val_AUPR_all=0.5928  val_AUPR_ab=0.7430  val_AUPR_ag=0.3677  val_P@5_ab=0.9500  val_P@5_ag=0.7000  select=0.5553
Ep027  LR0=1.39e-04  pw=1.74  aucα=0.300  token_p=0.020  dropE=(0.020,0.080)  smooth=0.010  train_loss=0.2644  train_AUPR_all=0.6856  train_AUPR_ab=0.7572  train_AUPR_ag=0.5776  train_P@5_ab=1.0000  train_P@5_ag=0.9000  val_loss=0.3322  val_AUPR_all=0.6162  val_AUPR_ab=0.7597  val_AUPR_ag=0.4016  val_P@5_ab=0.9500  val_P@5_ag=1.0000  select=0.5806
  Saved checkpoint: checkpoints_old/iPara_balanced_l1_g8_i4_do0.10_dpr0.10_lr0.0002_heads16_fold4.pth  select=0.5806  val_ab=0.7597  val_ag=0.4016  val_all=0.6162
Ep028  LR0=1.35e-04  pw=1.65  aucα=0.300  token_p=0.020  dropE=(0.020,0.080)  smooth=0.010  train_loss=0.2530  train_AUPR_all=0.6991  train_AUPR_ab=0.7687  train_AUPR_ag=0.5950  train_P@5_ab=1.0000  train_P@5_ag=0.9500  val_loss=0.3283  val_AUPR_all=0.6106  val_AUPR_ab=0.7575  val_AUPR_ag=0.3985  val_P@5_ab=0.8500  val_P@5_ag=0.9500  select=0.5780
Ep029  LR0=1.31e-04  pw=1.57  aucα=0.300  token_p=0.020  dropE=(0.020,0.080)  smooth=0.010  train_loss=0.2422  train_AUPR_all=0.7113  train_AUPR_ab=0.7780  train_AUPR_ag=0.6123  train_P@5_ab=1.0000  train_P@5_ag=1.0000  val_loss=0.3328  val_AUPR_all=0.5988  val_AUPR_ab=0.7580  val_AUPR_ag=0.3691  val_P@5_ab=0.9500  val_P@5_ag=0.8000  select=0.5636
Ep030  LR0=1.27e-04  pw=1.51  aucα=0.300  token_p=0.020  dropE=(0.020,0.080)  smooth=0.010  train_loss=0.2325  train_AUPR_all=0.7225  train_AUPR_ab=0.7823  train_AUPR_ag=0.6350  train_P@5_ab=1.0000  train_P@5_ag=1.0000  val_loss=0.3237  val_AUPR_all=0.6116  val_AUPR_ab=0.7627  val_AUPR_ag=0.3720  val_P@5_ab=1.0000  val_P@5_ag=0.8500  select=0.5674
Ep031  LR0=1.22e-04  pw=1.45  aucα=0.300  token_p=0.020  dropE=(0.020,0.080)  smooth=0.010  train_loss=0.2271  train_AUPR_all=0.7274  train_AUPR_ab=0.7839  train_AUPR_ag=0.6458  train_P@5_ab=0.9500  train_P@5_ag=0.9500  val_loss=0.3253  val_AUPR_all=0.6055  val_AUPR_ab=0.7650  val_AUPR_ag=0.3832  val_P@5_ab=1.0000  val_P@5_ag=0.9500  select=0.5741
Ep032  LR0=1.18e-04  pw=1.39  aucα=0.300  token_p=0.020  dropE=(0.020,0.080)  smooth=0.010  train_loss=0.2196  train_AUPR_all=0.7352  train_AUPR_ab=0.7907  train_AUPR_ag=0.6549  train_P@5_ab=0.8500  train_P@5_ag=0.9000  val_loss=0.3137  val_AUPR_all=0.6128  val_AUPR_ab=0.7647  val_AUPR_ag=0.3810  val_P@5_ab=1.0000  val_P@5_ag=0.9500  select=0.5729
Ep033  LR0=1.14e-04  pw=1.35  aucα=0.300  token_p=0.020  dropE=(0.020,0.080)  smooth=0.010  train_loss=0.2110  train_AUPR_all=0.7456  train_AUPR_ab=0.7928  train_AUPR_ag=0.6786  train_P@5_ab=1.0000  train_P@5_ag=0.9500  val_loss=0.3391  val_AUPR_all=0.6085  val_AUPR_ab=0.7654  val_AUPR_ag=0.3892  val_P@5_ab=1.0000  val_P@5_ag=0.8500  select=0.5773
Ep034  LR0=1.09e-04  pw=1.31  aucα=0.300  token_p=0.020  dropE=(0.020,0.080)  smooth=0.010  train_loss=0.2075  train_AUPR_all=0.7473  train_AUPR_ab=0.7969  train_AUPR_ag=0.6764  train_P@5_ab=1.0000  train_P@5_ag=0.9500  val_loss=0.3138  val_AUPR_all=0.6086  val_AUPR_ab=0.7676  val_AUPR_ag=0.3933  val_P@5_ab=1.0000  val_P@5_ag=0.9000  select=0.5805
Ep035  LR0=1.05e-04  pw=1.27  aucα=0.300  token_p=0.020  dropE=(0.020,0.080)  smooth=0.010  train_loss=0.1992  train_AUPR_all=0.7616  train_AUPR_ab=0.8065  train_AUPR_ag=0.6981  train_P@5_ab=1.0000  train_P@5_ag=0.8500  val_loss=0.3123  val_AUPR_all=0.6168  val_AUPR_ab=0.7707  val_AUPR_ag=0.3931  val_P@5_ab=1.0000  val_P@5_ag=0.9500  select=0.5819
  Saved checkpoint: checkpoints_old/iPara_balanced_l1_g8_i4_do0.10_dpr0.10_lr0.0002_heads16_fold4.pth  select=0.5819  val_ab=0.7707  val_ag=0.3931  val_all=0.6168
Ep036  LR0=1.00e-04  pw=1.24  aucα=0.300  token_p=0.020  dropE=(0.020,0.080)  smooth=0.010  train_loss=0.1886  train_AUPR_all=0.7774  train_AUPR_ab=0.8205  train_AUPR_ag=0.7160  train_P@5_ab=1.0000  train_P@5_ag=0.9000  val_loss=0.3130  val_AUPR_all=0.6079  val_AUPR_ab=0.7673  val_AUPR_ag=0.3834  val_P@5_ab=1.0000  val_P@5_ag=0.9000  select=0.5754
Ep037  LR0=9.58e-05  pw=1.21  aucα=0.300  token_p=0.020  dropE=(0.020,0.080)  smooth=0.010  train_loss=0.1864  train_AUPR_all=0.7792  train_AUPR_ab=0.8202  train_AUPR_ag=0.7216  train_P@5_ab=1.0000  train_P@5_ag=1.0000  val_loss=0.3274  val_AUPR_all=0.6041  val_AUPR_ab=0.7748  val_AUPR_ag=0.3896  val_P@5_ab=1.0000  val_P@5_ag=0.9000  select=0.5822
  Saved checkpoint: checkpoints_old/iPara_balanced_l1_g8_i4_do0.10_dpr0.10_lr0.0002_heads16_fold4.pth  select=0.5822  val_ab=0.7748  val_ag=0.3896  val_all=0.6041
Ep038  LR0=9.13e-05  pw=1.19  aucα=0.300  token_p=0.020  dropE=(0.020,0.080)  smooth=0.010  train_loss=0.1842  train_AUPR_all=0.7814  train_AUPR_ab=0.8219  train_AUPR_ag=0.7245  train_P@5_ab=1.0000  train_P@5_ag=1.0000  val_loss=0.3022  val_AUPR_all=0.6203  val_AUPR_ab=0.7676  val_AUPR_ag=0.4115  val_P@5_ab=0.9500  val_P@5_ag=0.9000  select=0.5895
  Saved checkpoint: checkpoints_old/iPara_balanced_l1_g8_i4_do0.10_dpr0.10_lr0.0002_heads16_fold4.pth  select=0.5895  val_ab=0.7676  val_ag=0.4115  val_all=0.6203
Ep039  LR0=8.69e-05  pw=1.16  aucα=0.300  token_p=0.020  dropE=(0.020,0.080)  smooth=0.010  train_loss=0.1769  train_AUPR_all=0.7929  train_AUPR_ab=0.8315  train_AUPR_ag=0.7385  train_P@5_ab=1.0000  train_P@5_ag=1.0000  val_loss=0.3123  val_AUPR_all=0.6113  val_AUPR_ab=0.7673  val_AUPR_ag=0.4083  val_P@5_ab=1.0000  val_P@5_ag=0.9500  select=0.5878
Ep040  LR0=8.24e-05  pw=1.15  aucα=0.300  token_p=0.020  dropE=(0.020,0.080)  smooth=0.010  train_loss=0.1698  train_AUPR_all=0.8054  train_AUPR_ab=0.8433  train_AUPR_ag=0.7519  train_P@5_ab=1.0000  train_P@5_ag=1.0000  val_loss=0.3064  val_AUPR_all=0.6207  val_AUPR_ab=0.7714  val_AUPR_ag=0.4053  val_P@5_ab=0.9500  val_P@5_ag=0.7500  select=0.5884
Ep041  LR0=7.81e-05  pw=1.13  aucα=0.300  token_p=0.020  dropE=(0.020,0.080)  smooth=0.010  train_loss=0.1664  train_AUPR_all=0.8092  train_AUPR_ab=0.8452  train_AUPR_ag=0.7583  train_P@5_ab=0.9500  train_P@5_ag=0.9500  val_loss=0.3200  val_AUPR_all=0.5999  val_AUPR_ab=0.7595  val_AUPR_ag=0.3726  val_P@5_ab=0.9500  val_P@5_ag=0.5500  select=0.5660
Ep042  LR0=7.37e-05  pw=1.11  aucα=0.300  token_p=0.020  dropE=(0.020,0.080)  smooth=0.010  train_loss=0.1656  train_AUPR_all=0.8105  train_AUPR_ab=0.8442  train_AUPR_ag=0.7633  train_P@5_ab=1.0000  train_P@5_ag=1.0000  val_loss=0.3209  val_AUPR_all=0.5911  val_AUPR_ab=0.7589  val_AUPR_ag=0.3723  val_P@5_ab=1.0000  val_P@5_ag=0.6000  select=0.5656
Ep043  LR0=6.94e-05  pw=1.10  aucα=0.300  token_p=0.020  dropE=(0.020,0.080)  smooth=0.010  train_loss=0.1583  train_AUPR_all=0.8222  train_AUPR_ab=0.8532  train_AUPR_ag=0.7790  train_P@5_ab=1.0000  train_P@5_ag=1.0000  val_loss=0.3155  val_AUPR_all=0.6012  val_AUPR_ab=0.7672  val_AUPR_ag=0.3884  val_P@5_ab=0.9000  val_P@5_ag=0.7500  select=0.5778
Ep044  LR0=6.52e-05  pw=1.09  aucα=0.300  token_p=0.020  dropE=(0.020,0.080)  smooth=0.010  train_loss=0.1556  train_AUPR_all=0.8261  train_AUPR_ab=0.8580  train_AUPR_ag=0.7814  train_P@5_ab=1.0000  train_P@5_ag=1.0000  val_loss=0.3133  val_AUPR_all=0.6056  val_AUPR_ab=0.7706  val_AUPR_ag=0.3917  val_P@5_ab=1.0000  val_P@5_ag=0.6500  select=0.5811
Ep045  LR0=6.10e-05  pw=1.08  aucα=0.300  token_p=0.020  dropE=(0.020,0.080)  smooth=0.010  train_loss=0.1531  train_AUPR_all=0.8294  train_AUPR_ab=0.8593  train_AUPR_ag=0.7877  train_P@5_ab=1.0000  train_P@5_ag=1.0000  val_loss=0.3192  val_AUPR_all=0.5922  val_AUPR_ab=0.7521  val_AUPR_ag=0.3771  val_P@5_ab=1.0000  val_P@5_ag=0.6500  select=0.5646
Ep046  LR0=5.70e-05  pw=1.07  aucα=0.300  token_p=0.020  dropE=(0.020,0.080)  smooth=0.010  train_loss=0.1504  train_AUPR_all=0.8317  train_AUPR_ab=0.8627  train_AUPR_ag=0.7880  train_P@5_ab=1.0000  train_P@5_ag=1.0000  val_loss=0.3282  val_AUPR_all=0.5908  val_AUPR_ab=0.7629  val_AUPR_ag=0.3736  val_P@5_ab=0.9500  val_P@5_ag=0.5000  select=0.5683
Ep047  LR0=5.30e-05  pw=1.06  aucα=0.300  token_p=0.020  dropE=(0.020,0.080)  smooth=0.010  train_loss=0.1484  train_AUPR_all=0.8377  train_AUPR_ab=0.8683  train_AUPR_ag=0.7950  train_P@5_ab=1.0000  train_P@5_ag=0.9000  val_loss=0.3120  val_AUPR_all=0.6037  val_AUPR_ab=0.7684  val_AUPR_ag=0.3860  val_P@5_ab=0.9500  val_P@5_ag=0.6500  select=0.5772
Ep048  LR0=4.91e-05  pw=1.05  aucα=0.300  token_p=0.020  dropE=(0.020,0.080)  smooth=0.010  train_loss=0.1440  train_AUPR_all=0.8450  train_AUPR_ab=0.8728  train_AUPR_ag=0.8060  train_P@5_ab=1.0000  train_P@5_ag=1.0000  val_loss=0.3336  val_AUPR_all=0.5819  val_AUPR_ab=0.7564  val_AUPR_ag=0.3692  val_P@5_ab=0.9500  val_P@5_ag=0.3500  select=0.5628
Ep049  LR0=4.53e-05  pw=1.05  aucα=0.300  token_p=0.020  dropE=(0.020,0.080)  smooth=0.010  train_loss=0.1439  train_AUPR_all=0.8435  train_AUPR_ab=0.8707  train_AUPR_ag=0.8054  train_P@5_ab=1.0000  train_P@5_ag=1.0000  val_loss=0.3237  val_AUPR_all=0.5957  val_AUPR_ab=0.7634  val_AUPR_ag=0.3767  val_P@5_ab=0.9000  val_P@5_ag=0.5000  select=0.5700
Ep050  LR0=4.16e-05  pw=1.04  aucα=0.300  token_p=0.020  dropE=(0.020,0.080)  smooth=0.010  train_loss=0.1379  train_AUPR_all=0.8538  train_AUPR_ab=0.8798  train_AUPR_ag=0.8174  train_P@5_ab=1.0000  train_P@5_ag=1.0000  val_loss=0.3266  val_AUPR_all=0.6020  val_AUPR_ab=0.7623  val_AUPR_ag=0.3826  val_P@5_ab=1.0000  val_P@5_ag=0.6500  select=0.5725
Ep051  LR0=3.81e-05  pw=1.04  aucα=0.300  token_p=0.020  dropE=(0.020,0.080)  smooth=0.010  train_loss=0.1358  train_AUPR_all=0.8584  train_AUPR_ab=0.8837  train_AUPR_ag=0.8230  train_P@5_ab=1.0000  train_P@5_ag=1.0000  val_loss=0.3251  val_AUPR_all=0.5784  val_AUPR_ab=0.7606  val_AUPR_ag=0.3489  val_P@5_ab=0.8500  val_P@5_ag=0.3000  select=0.5547
Ep052  LR0=3.46e-05  pw=1.03  aucα=0.300  token_p=0.020  dropE=(0.020,0.080)  smooth=0.010  train_loss=0.1363  train_AUPR_all=0.8557  train_AUPR_ab=0.8815  train_AUPR_ag=0.8199  train_P@5_ab=1.0000  train_P@5_ag=1.0000  val_loss=0.3215  val_AUPR_all=0.5894  val_AUPR_ab=0.7596  val_AUPR_ag=0.3661  val_P@5_ab=0.8500  val_P@5_ag=0.5000  select=0.5629
Ep053  LR0=3.13e-05  pw=1.03  aucα=0.300  token_p=0.020  dropE=(0.020,0.080)  smooth=0.010  train_loss=0.1344  train_AUPR_all=0.8598  train_AUPR_ab=0.8856  train_AUPR_ag=0.8235  train_P@5_ab=1.0000  train_P@5_ag=1.0000  val_loss=0.3289  val_AUPR_all=0.5939  val_AUPR_ab=0.7630  val_AUPR_ag=0.3698  val_P@5_ab=0.9500  val_P@5_ag=0.6500  select=0.5664
Ep054  LR0=2.82e-05  pw=1.03  aucα=0.300  token_p=0.020  dropE=(0.020,0.080)  smooth=0.010  train_loss=0.1329  train_AUPR_all=0.8621  train_AUPR_ab=0.8862  train_AUPR_ag=0.8282  train_P@5_ab=1.0000  train_P@5_ag=1.0000  val_loss=0.3294  val_AUPR_all=0.5952  val_AUPR_ab=0.7660  val_AUPR_ag=0.3765  val_P@5_ab=0.9000  val_P@5_ag=0.6500  select=0.5712
Ep055  LR0=2.51e-05  pw=1.02  aucα=0.300  token_p=0.020  dropE=(0.020,0.080)  smooth=0.010  train_loss=0.1319  train_AUPR_all=0.8632  train_AUPR_ab=0.8872  train_AUPR_ag=0.8298  train_P@5_ab=1.0000  train_P@5_ag=1.0000  val_loss=0.3272  val_AUPR_all=0.5878  val_AUPR_ab=0.7603  val_AUPR_ag=0.3714  val_P@5_ab=0.9500  val_P@5_ag=0.4000  select=0.5659
Ep056  LR0=2.23e-05  pw=1.02  aucα=0.300  token_p=0.020  dropE=(0.020,0.080)  smooth=0.010  train_loss=0.1277  train_AUPR_all=0.8705  train_AUPR_ab=0.8954  train_AUPR_ag=0.8353  train_P@5_ab=1.0000  train_P@5_ag=1.0000  val_loss=0.3317  val_AUPR_all=0.5886  val_AUPR_ab=0.7632  val_AUPR_ag=0.3606  val_P@5_ab=1.0000  val_P@5_ag=0.4500  select=0.5619
Ep057  LR0=1.96e-05  pw=1.02  aucα=0.300  token_p=0.020  dropE=(0.020,0.080)  smooth=0.010  train_loss=0.1242  train_AUPR_all=0.8774  train_AUPR_ab=0.9022  train_AUPR_ag=0.8420  train_P@5_ab=0.9500  train_P@5_ag=1.0000  val_loss=0.3331  val_AUPR_all=0.5846  val_AUPR_ab=0.7585  val_AUPR_ag=0.3579  val_P@5_ab=1.0000  val_P@5_ag=0.5000  select=0.5582
Ep058  LR0=1.70e-05  pw=1.02  aucα=0.300  token_p=0.020  dropE=(0.020,0.080)  smooth=0.010  train_loss=0.1252  train_AUPR_all=0.8745  train_AUPR_ab=0.8978  train_AUPR_ag=0.8418  train_P@5_ab=1.0000  train_P@5_ag=1.0000  val_loss=0.3326  val_AUPR_all=0.5852  val_AUPR_ab=0.7615  val_AUPR_ag=0.3607  val_P@5_ab=1.0000  val_P@5_ag=0.4000  select=0.5611
Early stopping at epoch 58. Best select=0.5895 at epoch 38.
Final saved checkpoint for fold 4: checkpoints_old/iPara_balanced_l1_g8_i4_do0.10_dpr0.10_lr0.0002_heads16_fold4.pth
Best select=0.5895 at epoch 38

==========================================================================================
Fold 5/5
==========================================================================================
Train labels: valid=399660, pos=26617, neg=373043, ignore=699540, pos_frac=0.06660
Val labels: valid=100532, pos=6613, neg=93919, ignore=173068, pos_frac=0.06578
Initializing ClassificationModel with 8 GAT layers and residual connections...
Initializing MCModel with 8 GAT layers and 4 row attention layers (drop_path_rate=0.1)
Initializing CoreModel with 1 layers, drop_path_rate=0.1
Ep001  LR0=2.00e-04  pw=20.00  aucα=0.000  token_p=0.020  dropE=(0.020,0.080)  smooth=0.010  train_loss=1.0957  train_AUPR_all=0.2044  train_AUPR_ab=0.2430  train_AUPR_ag=0.1552  train_P@5_ab=0.6000  train_P@5_ag=0.4500  val_loss=1.1325  val_AUPR_all=0.4122  val_AUPR_ab=0.5530  val_AUPR_ag=0.2131  val_P@5_ab=0.9000  val_P@5_ag=0.9500  select=0.3830
  Saved checkpoint: checkpoints_old/iPara_balanced_l1_g8_i4_do0.10_dpr0.10_lr0.0002_heads16_fold5.pth  select=0.3830  val_ab=0.5530  val_ag=0.2131  val_all=0.4122
Ep002  LR0=2.00e-04  pw=17.77  aucα=0.000  token_p=0.020  dropE=(0.020,0.080)  smooth=0.010  train_loss=0.8056  train_AUPR_all=0.3888  train_AUPR_ab=0.4686  train_AUPR_ag=0.2605  train_P@5_ab=0.9000  train_P@5_ag=0.9500  val_loss=0.9376  val_AUPR_all=0.4558  val_AUPR_ab=0.5650  val_AUPR_ag=0.2874  val_P@5_ab=0.4000  val_P@5_ag=0.6500  select=0.4262
  Saved checkpoint: checkpoints_old/iPara_balanced_l1_g8_i4_do0.10_dpr0.10_lr0.0002_heads16_fold5.pth  select=0.4262  val_ab=0.5650  val_ag=0.2874  val_all=0.4558
Ep003  LR0=2.00e-04  pw=15.80  aucα=0.000  token_p=0.020  dropE=(0.020,0.080)  smooth=0.010  train_loss=0.7065  train_AUPR_all=0.4454  train_AUPR_ab=0.5209  train_AUPR_ag=0.3055  train_P@5_ab=0.7500  train_P@5_ag=0.9500  val_loss=0.8455  val_AUPR_all=0.4974  val_AUPR_ab=0.6099  val_AUPR_ag=0.3119  val_P@5_ab=0.6000  val_P@5_ag=0.8000  select=0.4609
  Saved checkpoint: checkpoints_old/iPara_balanced_l1_g8_i4_do0.10_dpr0.10_lr0.0002_heads16_fold5.pth  select=0.4609  val_ab=0.6099  val_ag=0.3119  val_all=0.4974
Ep004  LR0=1.99e-04  pw=14.06  aucα=0.000  token_p=0.020  dropE=(0.020,0.080)  smooth=0.010  train_loss=0.6536  train_AUPR_all=0.4667  train_AUPR_ab=0.5469  train_AUPR_ag=0.3189  train_P@5_ab=0.7500  train_P@5_ag=0.9500  val_loss=0.8244  val_AUPR_all=0.5190  val_AUPR_ab=0.6347  val_AUPR_ag=0.3268  val_P@5_ab=0.6500  val_P@5_ag=0.8000  select=0.4807
  Saved checkpoint: checkpoints_old/iPara_balanced_l1_g8_i4_do0.10_dpr0.10_lr0.0002_heads16_fold5.pth  select=0.4807  val_ab=0.6347  val_ag=0.3268  val_all=0.5190
Ep005  LR0=1.98e-04  pw=12.52  aucα=0.000  token_p=0.020  dropE=(0.020,0.080)  smooth=0.010  train_loss=0.6039  train_AUPR_all=0.4881  train_AUPR_ab=0.5718  train_AUPR_ag=0.3286  train_P@5_ab=0.8000  train_P@5_ag=0.9500  val_loss=0.8249  val_AUPR_all=0.4959  val_AUPR_ab=0.6228  val_AUPR_ag=0.3352  val_P@5_ab=0.9000  val_P@5_ag=0.9000  select=0.4790
Ep006  LR0=1.97e-04  pw=11.17  aucα=0.000  token_p=0.020  dropE=(0.020,0.080)  smooth=0.010  train_loss=0.5588  train_AUPR_all=0.5048  train_AUPR_ab=0.5849  train_AUPR_ag=0.3550  train_P@5_ab=0.8500  train_P@5_ag=0.8500  val_loss=0.7847  val_AUPR_all=0.5172  val_AUPR_ab=0.6533  val_AUPR_ag=0.3145  val_P@5_ab=0.8000  val_P@5_ag=0.8000  select=0.4839
  Saved checkpoint: checkpoints_old/iPara_balanced_l1_g8_i4_do0.10_dpr0.10_lr0.0002_heads16_fold5.pth  select=0.4839  val_ab=0.6533  val_ag=0.3145  val_all=0.5172
Ep007  LR0=1.96e-04  pw=9.97  aucα=0.000  token_p=0.020  dropE=(0.020,0.080)  smooth=0.010  train_loss=0.5302  train_AUPR_all=0.5096  train_AUPR_ab=0.5947  train_AUPR_ag=0.3450  train_P@5_ab=0.7500  train_P@5_ag=0.9000  val_loss=0.7092  val_AUPR_all=0.5452  val_AUPR_ab=0.6752  val_AUPR_ag=0.3341  val_P@5_ab=1.0000  val_P@5_ag=1.0000  select=0.5046
  Saved checkpoint: checkpoints_old/iPara_balanced_l1_g8_i4_do0.10_dpr0.10_lr0.0002_heads16_fold5.pth  select=0.5046  val_ab=0.6752  val_ag=0.3341  val_all=0.5452
Ep008  LR0=1.95e-04  pw=8.92  aucα=0.000  token_p=0.020  dropE=(0.020,0.080)  smooth=0.010  train_loss=0.4925  train_AUPR_all=0.5204  train_AUPR_ab=0.6092  train_AUPR_ag=0.3562  train_P@5_ab=0.6000  train_P@5_ag=0.9000  val_loss=0.6914  val_AUPR_all=0.5369  val_AUPR_ab=0.6795  val_AUPR_ag=0.3344  val_P@5_ab=1.0000  val_P@5_ag=0.7000  select=0.5069
  Saved checkpoint: checkpoints_old/iPara_balanced_l1_g8_i4_do0.10_dpr0.10_lr0.0002_heads16_fold5.pth  select=0.5069  val_ab=0.6795  val_ag=0.3344  val_all=0.5369
Ep009  LR0=1.94e-04  pw=7.99  aucα=0.000  token_p=0.020  dropE=(0.020,0.080)  smooth=0.010  train_loss=0.4570  train_AUPR_all=0.5407  train_AUPR_ab=0.6313  train_AUPR_ag=0.3703  train_P@5_ab=0.9500  train_P@5_ag=1.0000  val_loss=0.6970  val_AUPR_all=0.5470  val_AUPR_ab=0.6976  val_AUPR_ag=0.3259  val_P@5_ab=1.0000  val_P@5_ag=0.9000  select=0.5118
  Saved checkpoint: checkpoints_old/iPara_balanced_l1_g8_i4_do0.10_dpr0.10_lr0.0002_heads16_fold5.pth  select=0.5118  val_ab=0.6976  val_ag=0.3259  val_all=0.5470
Ep010  LR0=1.92e-04  pw=7.17  aucα=0.030  token_p=0.020  dropE=(0.020,0.080)  smooth=0.010  train_loss=0.4458  train_AUPR_all=0.5407  train_AUPR_ab=0.6346  train_AUPR_ag=0.3720  train_P@5_ab=0.8500  train_P@5_ag=0.6500  val_loss=0.6132  val_AUPR_all=0.5425  val_AUPR_ab=0.6753  val_AUPR_ag=0.3491  val_P@5_ab=1.0000  val_P@5_ag=0.7000  select=0.5122
  Saved checkpoint: checkpoints_old/iPara_balanced_l1_g8_i4_do0.10_dpr0.10_lr0.0002_heads16_fold5.pth  select=0.5122  val_ab=0.6753  val_ag=0.3491  val_all=0.5425
Unfreezing DyM parameters.
Ep011  LR0=1.90e-04  pw=6.44  aucα=0.060  token_p=0.020  dropE=(0.020,0.080)  smooth=0.010  train_loss=0.4316  train_AUPR_all=0.5530  train_AUPR_ab=0.6499  train_AUPR_ag=0.3839  train_P@5_ab=1.0000  train_P@5_ag=0.8500  val_loss=0.5782  val_AUPR_all=0.5482  val_AUPR_ab=0.7064  val_AUPR_ag=0.3317  val_P@5_ab=0.9500  val_P@5_ag=0.7500  select=0.5191
  Saved checkpoint: checkpoints_old/iPara_balanced_l1_g8_i4_do0.10_dpr0.10_lr0.0002_heads16_fold5.pth  select=0.5191  val_ab=0.7064  val_ag=0.3317  val_all=0.5482
Ep012  LR0=1.88e-04  pw=5.80  aucα=0.090  token_p=0.020  dropE=(0.020,0.080)  smooth=0.010  train_loss=0.4153  train_AUPR_all=0.5699  train_AUPR_ab=0.6656  train_AUPR_ag=0.4056  train_P@5_ab=0.8500  train_P@5_ag=0.7500  val_loss=0.5566  val_AUPR_all=0.5316  val_AUPR_ab=0.7078  val_AUPR_ag=0.3143  val_P@5_ab=1.0000  val_P@5_ag=0.7000  select=0.5110
Ep013  LR0=1.86e-04  pw=5.24  aucα=0.120  token_p=0.020  dropE=(0.020,0.080)  smooth=0.010  train_loss=0.4061  train_AUPR_all=0.5787  train_AUPR_ab=0.6811  train_AUPR_ag=0.4061  train_P@5_ab=0.9000  train_P@5_ag=0.7500  val_loss=0.5121  val_AUPR_all=0.5737  val_AUPR_ab=0.7225  val_AUPR_ag=0.3483  val_P@5_ab=1.0000  val_P@5_ag=1.0000  select=0.5354
  Saved checkpoint: checkpoints_old/iPara_balanced_l1_g8_i4_do0.10_dpr0.10_lr0.0002_heads16_fold5.pth  select=0.5354  val_ab=0.7225  val_ag=0.3483  val_all=0.5737
Ep014  LR0=1.83e-04  pw=4.74  aucα=0.150  token_p=0.020  dropE=(0.020,0.080)  smooth=0.010  train_loss=0.3938  train_AUPR_all=0.5890  train_AUPR_ab=0.6955  train_AUPR_ag=0.4159  train_P@5_ab=0.9500  train_P@5_ag=0.9500  val_loss=0.5067  val_AUPR_all=0.5464  val_AUPR_ab=0.7074  val_AUPR_ag=0.3339  val_P@5_ab=0.9000  val_P@5_ag=1.0000  select=0.5207
Ep015  LR0=1.81e-04  pw=4.30  aucα=0.180  token_p=0.020  dropE=(0.020,0.080)  smooth=0.010  train_loss=0.3918  train_AUPR_all=0.5923  train_AUPR_ab=0.6955  train_AUPR_ag=0.4214  train_P@5_ab=1.0000  train_P@5_ag=0.7500  val_loss=0.4846  val_AUPR_all=0.5761  val_AUPR_ab=0.7281  val_AUPR_ag=0.3578  val_P@5_ab=1.0000  val_P@5_ag=1.0000  select=0.5430
  Saved checkpoint: checkpoints_old/iPara_balanced_l1_g8_i4_do0.10_dpr0.10_lr0.0002_heads16_fold5.pth  select=0.5430  val_ab=0.7281  val_ag=0.3578  val_all=0.5761
Ep016  LR0=1.78e-04  pw=3.91  aucα=0.210  token_p=0.020  dropE=(0.020,0.080)  smooth=0.010  train_loss=0.3786  train_AUPR_all=0.6048  train_AUPR_ab=0.7051  train_AUPR_ag=0.4411  train_P@5_ab=0.8500  train_P@5_ag=0.8000  val_loss=0.4774  val_AUPR_all=0.5712  val_AUPR_ab=0.7244  val_AUPR_ag=0.3255  val_P@5_ab=1.0000  val_P@5_ag=0.8500  select=0.5250
Ep017  LR0=1.75e-04  pw=3.57  aucα=0.240  token_p=0.020  dropE=(0.020,0.080)  smooth=0.010  train_loss=0.3758  train_AUPR_all=0.6107  train_AUPR_ab=0.7095  train_AUPR_ag=0.4499  train_P@5_ab=1.0000  train_P@5_ag=0.9500  val_loss=0.4338  val_AUPR_all=0.5873  val_AUPR_ab=0.7386  val_AUPR_ag=0.3463  val_P@5_ab=1.0000  val_P@5_ag=1.0000  select=0.5425
Ep018  LR0=1.72e-04  pw=3.27  aucα=0.270  token_p=0.020  dropE=(0.020,0.080)  smooth=0.010  train_loss=0.3703  train_AUPR_all=0.6167  train_AUPR_ab=0.7135  train_AUPR_ag=0.4614  train_P@5_ab=0.9000  train_P@5_ag=0.9500  val_loss=0.4173  val_AUPR_all=0.5883  val_AUPR_ab=0.7412  val_AUPR_ag=0.3646  val_P@5_ab=1.0000  val_P@5_ag=0.8500  select=0.5529
  Saved checkpoint: checkpoints_old/iPara_balanced_l1_g8_i4_do0.10_dpr0.10_lr0.0002_heads16_fold5.pth  select=0.5529  val_ab=0.7412  val_ag=0.3646  val_all=0.5883
Ep019  LR0=1.69e-04  pw=3.00  aucα=0.300  token_p=0.020  dropE=(0.020,0.080)  smooth=0.010  train_loss=0.3632  train_AUPR_all=0.6287  train_AUPR_ab=0.7237  train_AUPR_ag=0.4758  train_P@5_ab=1.0000  train_P@5_ag=0.9000  val_loss=0.4070  val_AUPR_all=0.5931  val_AUPR_ab=0.7516  val_AUPR_ag=0.3548  val_P@5_ab=1.0000  val_P@5_ag=0.8500  select=0.5532
  Saved checkpoint: checkpoints_old/iPara_balanced_l1_g8_i4_do0.10_dpr0.10_lr0.0002_heads16_fold5.pth  select=0.5532  val_ab=0.7516  val_ag=0.3548  val_all=0.5931
Ep020  LR0=1.66e-04  pw=2.77  aucα=0.300  token_p=0.020  dropE=(0.020,0.080)  smooth=0.010  train_loss=0.3440  train_AUPR_all=0.6406  train_AUPR_ab=0.7371  train_AUPR_ag=0.4849  train_P@5_ab=1.0000  train_P@5_ag=1.0000  val_loss=0.3934  val_AUPR_all=0.6002  val_AUPR_ab=0.7508  val_AUPR_ag=0.3628  val_P@5_ab=0.9500  val_P@5_ag=0.8000  select=0.5568
  Saved checkpoint: checkpoints_old/iPara_balanced_l1_g8_i4_do0.10_dpr0.10_lr0.0002_heads16_fold5.pth  select=0.5568  val_ab=0.7508  val_ag=0.3628  val_all=0.6002
Ep021  LR0=1.62e-04  pw=2.56  aucα=0.300  token_p=0.020  dropE=(0.020,0.080)  smooth=0.010  train_loss=0.3250  train_AUPR_all=0.6557  train_AUPR_ab=0.7473  train_AUPR_ag=0.5109  train_P@5_ab=0.8500  train_P@5_ag=0.9500  val_loss=0.3915  val_AUPR_all=0.5931  val_AUPR_ab=0.7570  val_AUPR_ag=0.3589  val_P@5_ab=1.0000  val_P@5_ag=0.9500  select=0.5580
  Saved checkpoint: checkpoints_old/iPara_balanced_l1_g8_i4_do0.10_dpr0.10_lr0.0002_heads16_fold5.pth  select=0.5580  val_ab=0.7570  val_ag=0.3589  val_all=0.5931
Ep022  LR0=1.59e-04  pw=2.38  aucα=0.300  token_p=0.020  dropE=(0.020,0.080)  smooth=0.010  train_loss=0.3146  train_AUPR_all=0.6585  train_AUPR_ab=0.7465  train_AUPR_ag=0.5200  train_P@5_ab=1.0000  train_P@5_ag=0.8000  val_loss=0.3742  val_AUPR_all=0.5993  val_AUPR_ab=0.7569  val_AUPR_ag=0.3552  val_P@5_ab=1.0000  val_P@5_ag=0.8500  select=0.5560
Ep023  LR0=1.55e-04  pw=2.21  aucα=0.300  token_p=0.020  dropE=(0.020,0.080)  smooth=0.010  train_loss=0.2996  train_AUPR_all=0.6663  train_AUPR_ab=0.7513  train_AUPR_ag=0.5315  train_P@5_ab=0.9000  train_P@5_ag=0.9000  val_loss=0.3788  val_AUPR_all=0.5966  val_AUPR_ab=0.7638  val_AUPR_ag=0.3495  val_P@5_ab=1.0000  val_P@5_ag=0.9500  select=0.5566
Ep024  LR0=1.51e-04  pw=2.07  aucα=0.300  token_p=0.020  dropE=(0.020,0.080)  smooth=0.010  train_loss=0.2906  train_AUPR_all=0.6750  train_AUPR_ab=0.7574  train_AUPR_ag=0.5475  train_P@5_ab=0.9500  train_P@5_ag=0.9500  val_loss=0.3660  val_AUPR_all=0.5909  val_AUPR_ab=0.7603  val_AUPR_ag=0.3588  val_P@5_ab=1.0000  val_P@5_ag=1.0000  select=0.5596
  Saved checkpoint: checkpoints_old/iPara_balanced_l1_g8_i4_do0.10_dpr0.10_lr0.0002_heads16_fold5.pth  select=0.5596  val_ab=0.7603  val_ag=0.3588  val_all=0.5909
Ep025  LR0=1.48e-04  pw=1.95  aucα=0.300  token_p=0.020  dropE=(0.020,0.080)  smooth=0.010  train_loss=0.2742  train_AUPR_all=0.6889  train_AUPR_ab=0.7681  train_AUPR_ag=0.5668  train_P@5_ab=1.0000  train_P@5_ag=0.9500  val_loss=0.3446  val_AUPR_all=0.6043  val_AUPR_ab=0.7606  val_AUPR_ag=0.3719  val_P@5_ab=1.0000  val_P@5_ag=1.0000  select=0.5662
  Saved checkpoint: checkpoints_old/iPara_balanced_l1_g8_i4_do0.10_dpr0.10_lr0.0002_heads16_fold5.pth  select=0.5662  val_ab=0.7606  val_ag=0.3719  val_all=0.6043
Ep026  LR0=1.44e-04  pw=1.83  aucα=0.300  token_p=0.020  dropE=(0.020,0.080)  smooth=0.010  train_loss=0.2661  train_AUPR_all=0.6926  train_AUPR_ab=0.7681  train_AUPR_ag=0.5775  train_P@5_ab=1.0000  train_P@5_ag=0.9500  val_loss=0.3606  val_AUPR_all=0.5899  val_AUPR_ab=0.7698  val_AUPR_ag=0.3369  val_P@5_ab=1.0000  val_P@5_ag=0.9500  select=0.5534
Ep027  LR0=1.39e-04  pw=1.74  aucα=0.300  token_p=0.020  dropE=(0.020,0.080)  smooth=0.010  train_loss=0.2510  train_AUPR_all=0.7128  train_AUPR_ab=0.7842  train_AUPR_ag=0.6053  train_P@5_ab=1.0000  train_P@5_ag=1.0000  val_loss=0.3363  val_AUPR_all=0.6058  val_AUPR_ab=0.7680  val_AUPR_ag=0.3668  val_P@5_ab=1.0000  val_P@5_ag=0.9500  select=0.5674
  Saved checkpoint: checkpoints_old/iPara_balanced_l1_g8_i4_do0.10_dpr0.10_lr0.0002_heads16_fold5.pth  select=0.5674  val_ab=0.7680  val_ag=0.3668  val_all=0.6058
Ep028  LR0=1.35e-04  pw=1.65  aucα=0.300  token_p=0.020  dropE=(0.020,0.080)  smooth=0.010  train_loss=0.2429  train_AUPR_all=0.7175  train_AUPR_ab=0.7891  train_AUPR_ag=0.6087  train_P@5_ab=1.0000  train_P@5_ag=0.9500  val_loss=0.3310  val_AUPR_all=0.6086  val_AUPR_ab=0.7614  val_AUPR_ag=0.3818  val_P@5_ab=0.9500  val_P@5_ag=1.0000  select=0.5716
  Saved checkpoint: checkpoints_old/iPara_balanced_l1_g8_i4_do0.10_dpr0.10_lr0.0002_heads16_fold5.pth  select=0.5716  val_ab=0.7614  val_ag=0.3818  val_all=0.6086
Ep029  LR0=1.31e-04  pw=1.57  aucα=0.300  token_p=0.020  dropE=(0.020,0.080)  smooth=0.010  train_loss=0.2346  train_AUPR_all=0.7259  train_AUPR_ab=0.7891  train_AUPR_ag=0.6323  train_P@5_ab=0.9500  train_P@5_ag=1.0000  val_loss=0.3435  val_AUPR_all=0.5804  val_AUPR_ab=0.7582  val_AUPR_ag=0.3475  val_P@5_ab=1.0000  val_P@5_ag=1.0000  select=0.5529
Ep030  LR0=1.27e-04  pw=1.51  aucα=0.300  token_p=0.020  dropE=(0.020,0.080)  smooth=0.010  train_loss=0.2243  train_AUPR_all=0.7385  train_AUPR_ab=0.7995  train_AUPR_ag=0.6482  train_P@5_ab=1.0000  train_P@5_ag=1.0000  val_loss=0.3278  val_AUPR_all=0.6053  val_AUPR_ab=0.7671  val_AUPR_ag=0.3649  val_P@5_ab=1.0000  val_P@5_ag=1.0000  select=0.5660
Ep031  LR0=1.22e-04  pw=1.45  aucα=0.300  token_p=0.020  dropE=(0.020,0.080)  smooth=0.010  train_loss=0.2149  train_AUPR_all=0.7497  train_AUPR_ab=0.8108  train_AUPR_ag=0.6586  train_P@5_ab=1.0000  train_P@5_ag=0.9000  val_loss=0.3270  val_AUPR_all=0.6082  val_AUPR_ab=0.7671  val_AUPR_ag=0.3830  val_P@5_ab=1.0000  val_P@5_ag=1.0000  select=0.5750
  Saved checkpoint: checkpoints_old/iPara_balanced_l1_g8_i4_do0.10_dpr0.10_lr0.0002_heads16_fold5.pth  select=0.5750  val_ab=0.7671  val_ag=0.3830  val_all=0.6082
Ep032  LR0=1.18e-04  pw=1.39  aucα=0.300  token_p=0.020  dropE=(0.020,0.080)  smooth=0.010  train_loss=0.2075  train_AUPR_all=0.7575  train_AUPR_ab=0.8103  train_AUPR_ag=0.6805  train_P@5_ab=0.9500  train_P@5_ag=0.9500  val_loss=0.3225  val_AUPR_all=0.6007  val_AUPR_ab=0.7688  val_AUPR_ag=0.3643  val_P@5_ab=0.9500  val_P@5_ag=0.9500  select=0.5665
Ep033  LR0=1.14e-04  pw=1.35  aucα=0.300  token_p=0.020  dropE=(0.020,0.080)  smooth=0.010  train_loss=0.2013  train_AUPR_all=0.7629  train_AUPR_ab=0.8118  train_AUPR_ag=0.6925  train_P@5_ab=1.0000  train_P@5_ag=1.0000  val_loss=0.3255  val_AUPR_all=0.5861  val_AUPR_ab=0.7650  val_AUPR_ag=0.3721  val_P@5_ab=0.9000  val_P@5_ag=1.0000  select=0.5685
Ep034  LR0=1.09e-04  pw=1.31  aucα=0.300  token_p=0.020  dropE=(0.020,0.080)  smooth=0.010  train_loss=0.1945  train_AUPR_all=0.7727  train_AUPR_ab=0.8198  train_AUPR_ag=0.7046  train_P@5_ab=1.0000  train_P@5_ag=1.0000  val_loss=0.3428  val_AUPR_all=0.5990  val_AUPR_ab=0.7673  val_AUPR_ag=0.3682  val_P@5_ab=0.9500  val_P@5_ag=0.9000  select=0.5677
Ep035  LR0=1.05e-04  pw=1.27  aucα=0.300  token_p=0.020  dropE=(0.020,0.080)  smooth=0.010  train_loss=0.1883  train_AUPR_all=0.7821  train_AUPR_ab=0.8282  train_AUPR_ag=0.7158  train_P@5_ab=1.0000  train_P@5_ag=1.0000  val_loss=0.3243  val_AUPR_all=0.5898  val_AUPR_ab=0.7590  val_AUPR_ag=0.3737  val_P@5_ab=1.0000  val_P@5_ag=1.0000  select=0.5664
Ep036  LR0=1.00e-04  pw=1.24  aucα=0.300  token_p=0.020  dropE=(0.020,0.080)  smooth=0.010  train_loss=0.1791  train_AUPR_all=0.7952  train_AUPR_ab=0.8349  train_AUPR_ag=0.7391  train_P@5_ab=1.0000  train_P@5_ag=1.0000  val_loss=0.3134  val_AUPR_all=0.6016  val_AUPR_ab=0.7621  val_AUPR_ag=0.3774  val_P@5_ab=1.0000  val_P@5_ag=1.0000  select=0.5697
Ep037  LR0=9.58e-05  pw=1.21  aucα=0.300  token_p=0.020  dropE=(0.020,0.080)  smooth=0.010  train_loss=0.1778  train_AUPR_all=0.7958  train_AUPR_ab=0.8382  train_AUPR_ag=0.7351  train_P@5_ab=1.0000  train_P@5_ag=0.8500  val_loss=0.3215  val_AUPR_all=0.6047  val_AUPR_ab=0.7623  val_AUPR_ag=0.3923  val_P@5_ab=1.0000  val_P@5_ag=1.0000  select=0.5773
  Saved checkpoint: checkpoints_old/iPara_balanced_l1_g8_i4_do0.10_dpr0.10_lr0.0002_heads16_fold5.pth  select=0.5773  val_ab=0.7623  val_ag=0.3923  val_all=0.6047
Ep038  LR0=9.13e-05  pw=1.19  aucα=0.300  token_p=0.020  dropE=(0.020,0.080)  smooth=0.010  train_loss=0.1735  train_AUPR_all=0.8014  train_AUPR_ab=0.8412  train_AUPR_ag=0.7446  train_P@5_ab=1.0000  train_P@5_ag=0.9500  val_loss=0.3178  val_AUPR_all=0.6059  val_AUPR_ab=0.7672  val_AUPR_ag=0.3947  val_P@5_ab=0.9500  val_P@5_ag=1.0000  select=0.5810
  Saved checkpoint: checkpoints_old/iPara_balanced_l1_g8_i4_do0.10_dpr0.10_lr0.0002_heads16_fold5.pth  select=0.5810  val_ab=0.7672  val_ag=0.3947  val_all=0.6059
Ep039  LR0=8.69e-05  pw=1.16  aucα=0.300  token_p=0.020  dropE=(0.020,0.080)  smooth=0.010  train_loss=0.1651  train_AUPR_all=0.8156  train_AUPR_ab=0.8549  train_AUPR_ag=0.7595  train_P@5_ab=1.0000  train_P@5_ag=0.9500  val_loss=0.3202  val_AUPR_all=0.6052  val_AUPR_ab=0.7667  val_AUPR_ag=0.3886  val_P@5_ab=1.0000  val_P@5_ag=0.9500  select=0.5776
Ep040  LR0=8.24e-05  pw=1.15  aucα=0.300  token_p=0.020  dropE=(0.020,0.080)  smooth=0.010  train_loss=0.1608  train_AUPR_all=0.8211  train_AUPR_ab=0.8574  train_AUPR_ag=0.7694  train_P@5_ab=1.0000  train_P@5_ag=1.0000  val_loss=0.3248  val_AUPR_all=0.5981  val_AUPR_ab=0.7624  val_AUPR_ag=0.3883  val_P@5_ab=0.9000  val_P@5_ag=0.9000  select=0.5754
Ep041  LR0=7.81e-05  pw=1.13  aucα=0.300  token_p=0.020  dropE=(0.020,0.080)  smooth=0.010  train_loss=0.1593  train_AUPR_all=0.8212  train_AUPR_ab=0.8579  train_AUPR_ag=0.7689  train_P@5_ab=1.0000  train_P@5_ag=1.0000  val_loss=0.3241  val_AUPR_all=0.5963  val_AUPR_ab=0.7670  val_AUPR_ag=0.3712  val_P@5_ab=1.0000  val_P@5_ag=0.8500  select=0.5691
Ep042  LR0=7.37e-05  pw=1.11  aucα=0.300  token_p=0.020  dropE=(0.020,0.080)  smooth=0.010  train_loss=0.1550  train_AUPR_all=0.8282  train_AUPR_ab=0.8622  train_AUPR_ag=0.7800  train_P@5_ab=1.0000  train_P@5_ag=0.9500  val_loss=0.3165  val_AUPR_all=0.6006  val_AUPR_ab=0.7652  val_AUPR_ag=0.3835  val_P@5_ab=1.0000  val_P@5_ag=0.9500  select=0.5743
Ep043  LR0=6.94e-05  pw=1.10  aucα=0.300  token_p=0.020  dropE=(0.020,0.080)  smooth=0.010  train_loss=0.1508  train_AUPR_all=0.8352  train_AUPR_ab=0.8669  train_AUPR_ag=0.7904  train_P@5_ab=1.0000  train_P@5_ag=1.0000  val_loss=0.3142  val_AUPR_all=0.6061  val_AUPR_ab=0.7645  val_AUPR_ag=0.3768  val_P@5_ab=0.9500  val_P@5_ag=0.9000  select=0.5706
Ep044  LR0=6.52e-05  pw=1.09  aucα=0.300  token_p=0.020  dropE=(0.020,0.080)  smooth=0.010  train_loss=0.1470  train_AUPR_all=0.8411  train_AUPR_ab=0.8725  train_AUPR_ag=0.7967  train_P@5_ab=1.0000  train_P@5_ag=1.0000  val_loss=0.3151  val_AUPR_all=0.6040  val_AUPR_ab=0.7699  val_AUPR_ag=0.3842  val_P@5_ab=1.0000  val_P@5_ag=0.8500  select=0.5771
Ep045  LR0=6.10e-05  pw=1.08  aucα=0.300  token_p=0.020  dropE=(0.020,0.080)  smooth=0.010  train_loss=0.1421  train_AUPR_all=0.8489  train_AUPR_ab=0.8775  train_AUPR_ag=0.8087  train_P@5_ab=1.0000  train_P@5_ag=1.0000  val_loss=0.3204  val_AUPR_all=0.5882  val_AUPR_ab=0.7552  val_AUPR_ag=0.3830  val_P@5_ab=0.9000  val_P@5_ag=0.5500  select=0.5691
Ep046  LR0=5.70e-05  pw=1.07  aucα=0.300  token_p=0.020  dropE=(0.020,0.080)  smooth=0.010  train_loss=0.1381  train_AUPR_all=0.8550  train_AUPR_ab=0.8839  train_AUPR_ag=0.8142  train_P@5_ab=1.0000  train_P@5_ag=0.9500  val_loss=0.3173  val_AUPR_all=0.6022  val_AUPR_ab=0.7606  val_AUPR_ag=0.3932  val_P@5_ab=1.0000  val_P@5_ag=0.7500  select=0.5769
Ep047  LR0=5.30e-05  pw=1.06  aucα=0.300  token_p=0.020  dropE=(0.020,0.080)  smooth=0.010  train_loss=0.1375  train_AUPR_all=0.8552  train_AUPR_ab=0.8850  train_AUPR_ag=0.8130  train_P@5_ab=1.0000  train_P@5_ag=1.0000  val_loss=0.3160  val_AUPR_all=0.6006  val_AUPR_ab=0.7633  val_AUPR_ag=0.3819  val_P@5_ab=1.0000  val_P@5_ag=0.8500  select=0.5726
Ep048  LR0=4.91e-05  pw=1.05  aucα=0.300  token_p=0.020  dropE=(0.020,0.080)  smooth=0.010  train_loss=0.1353  train_AUPR_all=0.8585  train_AUPR_ab=0.8877  train_AUPR_ag=0.8167  train_P@5_ab=1.0000  train_P@5_ag=1.0000  val_loss=0.3291  val_AUPR_all=0.5955  val_AUPR_ab=0.7569  val_AUPR_ag=0.3853  val_P@5_ab=1.0000  val_P@5_ag=0.9000  select=0.5711
Ep049  LR0=4.53e-05  pw=1.05  aucα=0.300  token_p=0.020  dropE=(0.020,0.080)  smooth=0.010  train_loss=0.1327  train_AUPR_all=0.8625  train_AUPR_ab=0.8880  train_AUPR_ag=0.8266  train_P@5_ab=1.0000  train_P@5_ag=1.0000  val_loss=0.3240  val_AUPR_all=0.5912  val_AUPR_ab=0.7529  val_AUPR_ag=0.3887  val_P@5_ab=0.8500  val_P@5_ag=0.8500  select=0.5708
Ep050  LR0=4.16e-05  pw=1.04  aucα=0.300  token_p=0.020  dropE=(0.020,0.080)  smooth=0.010  train_loss=0.1307  train_AUPR_all=0.8659  train_AUPR_ab=0.8931  train_AUPR_ag=0.8273  train_P@5_ab=1.0000  train_P@5_ag=1.0000  val_loss=0.3210  val_AUPR_all=0.5969  val_AUPR_ab=0.7639  val_AUPR_ag=0.3868  val_P@5_ab=1.0000  val_P@5_ag=0.8000  select=0.5754
Ep051  LR0=3.81e-05  pw=1.04  aucα=0.300  token_p=0.020  dropE=(0.020,0.080)  smooth=0.010  train_loss=0.1268  train_AUPR_all=0.8719  train_AUPR_ab=0.8994  train_AUPR_ag=0.8324  train_P@5_ab=1.0000  train_P@5_ag=1.0000  val_loss=0.3243  val_AUPR_all=0.6003  val_AUPR_ab=0.7556  val_AUPR_ag=0.3909  val_P@5_ab=0.9500  val_P@5_ag=0.7500  select=0.5732
Ep052  LR0=3.46e-05  pw=1.03  aucα=0.300  token_p=0.020  dropE=(0.020,0.080)  smooth=0.010  train_loss=0.1251  train_AUPR_all=0.8755  train_AUPR_ab=0.9007  train_AUPR_ag=0.8400  train_P@5_ab=1.0000  train_P@5_ag=1.0000  val_loss=0.3249  val_AUPR_all=0.6022  val_AUPR_ab=0.7605  val_AUPR_ag=0.3906  val_P@5_ab=0.9000  val_P@5_ag=0.7500  select=0.5756
Ep053  LR0=3.13e-05  pw=1.03  aucα=0.300  token_p=0.020  dropE=(0.020,0.080)  smooth=0.010  train_loss=0.1242  train_AUPR_all=0.8770  train_AUPR_ab=0.9027  train_AUPR_ag=0.8404  train_P@5_ab=1.0000  train_P@5_ag=1.0000  val_loss=0.3288  val_AUPR_all=0.5941  val_AUPR_ab=0.7608  val_AUPR_ag=0.3730  val_P@5_ab=0.9500  val_P@5_ag=0.5500  select=0.5669
Ep054  LR0=2.82e-05  pw=1.03  aucα=0.300  token_p=0.020  dropE=(0.020,0.080)  smooth=0.010  train_loss=0.1224  train_AUPR_all=0.8787  train_AUPR_ab=0.9047  train_AUPR_ag=0.8417  train_P@5_ab=1.0000  train_P@5_ag=1.0000  val_loss=0.3234  val_AUPR_all=0.5955  val_AUPR_ab=0.7555  val_AUPR_ag=0.3894  val_P@5_ab=0.8500  val_P@5_ag=0.7000  select=0.5724
Ep055  LR0=2.51e-05  pw=1.02  aucα=0.300  token_p=0.020  dropE=(0.020,0.080)  smooth=0.010  train_loss=0.1199  train_AUPR_all=0.8837  train_AUPR_ab=0.9076  train_AUPR_ag=0.8498  train_P@5_ab=1.0000  train_P@5_ag=1.0000  val_loss=0.3290  val_AUPR_all=0.5892  val_AUPR_ab=0.7502  val_AUPR_ag=0.3752  val_P@5_ab=0.9000  val_P@5_ag=0.8000  select=0.5627
Ep056  LR0=2.23e-05  pw=1.02  aucα=0.300  token_p=0.020  dropE=(0.020,0.080)  smooth=0.010  train_loss=0.1183  train_AUPR_all=0.8850  train_AUPR_ab=0.9089  train_AUPR_ag=0.8507  train_P@5_ab=1.0000  train_P@5_ag=1.0000  val_loss=0.3292  val_AUPR_all=0.5878  val_AUPR_ab=0.7511  val_AUPR_ag=0.3816  val_P@5_ab=0.9000  val_P@5_ag=0.6000  select=0.5664
Ep057  LR0=1.96e-05  pw=1.02  aucα=0.300  token_p=0.020  dropE=(0.020,0.080)  smooth=0.010  train_loss=0.1172  train_AUPR_all=0.8871  train_AUPR_ab=0.9109  train_AUPR_ag=0.8528  train_P@5_ab=1.0000  train_P@5_ag=1.0000  val_loss=0.3303  val_AUPR_all=0.5846  val_AUPR_ab=0.7527  val_AUPR_ag=0.3745  val_P@5_ab=0.9000  val_P@5_ag=0.6000  select=0.5636
Ep058  LR0=1.70e-05  pw=1.02  aucα=0.300  token_p=0.020  dropE=(0.020,0.080)  smooth=0.010  train_loss=0.1134  train_AUPR_all=0.8939  train_AUPR_ab=0.9165  train_AUPR_ag=0.8617  train_P@5_ab=1.0000  train_P@5_ag=1.0000  val_loss=0.3304  val_AUPR_all=0.5954  val_AUPR_ab=0.7557  val_AUPR_ag=0.3823  val_P@5_ab=0.9500  val_P@5_ag=0.6500  select=0.5690
Early stopping at epoch 58. Best select=0.5810 at epoch 38.
Final saved checkpoint for fold 5: checkpoints_old/iPara_balanced_l1_g8_i4_do0.10_dpr0.10_lr0.0002_heads16_fold5.pth
Best select=0.5810 at epoch 38
