Device: cuda
Visible GPUs: 1
GPU 0: NVIDIA RTX PRO 6000 Blackwell Server Edition
Config:
  sequence_file: para_tv_esmsequences_1600.npz
  data_file: para_tv_esminterfaces_1600.npz
  edge_file: para_tv_esmedges_1600.npz
  seq_len: 1600
  vocab_size: 31
  num_classes: 2
  pad_id: 1
  eoc_id: 24
  embed_dim: 256
  num_heads: 16
  num_layers: 1
  num_gnn_layers: 6
  num_int_layers: 5
  dropout: 0.1
  drop_path_rate: 0.1
  batch_size: 4
  num_epochs: 60
  warmup_epochs: 10
  min_stop_epoch: 45
  early_stop: 20
  learning_rate: 0.0002
  weight_decay: 0.0001
  max_grad_norm: 0.5
  accum_steps: 1
  amp: True
  weight_start: 20.0
  weight_end: 1.0
  weight_anneal_tau: 8.0
  dropedge_min: 0.02
  dropedge_max: 0.08
  token_drop_p: 0.02
  smooth_lambda: 0.01
  aucpr_alpha: 0.3
  aucpr_ramp_start: 10
  aucpr_ramp_len: 10
  aucpr_bins: 64
  aucpr_temp: 0.05
  antibody_loss_weight: 1.0
  antigen_loss_weight: 1.0
  n_splits: 10
  num_workers: 0
  select_ab_weight: 0.5
  select_ag_weight: 0.5
Dataset size: 858

==========================================================================================
Fold 1/10
==========================================================================================
Train labels: valid=448463, pos=29774, neg=418689, ignore=786737, pos_frac=0.06639
Val labels: valid=51729, pos=3456, neg=48273, ignore=85871, pos_frac=0.06681
Initializing ClassificationModel with 6 GAT layers and residual connections...
Initializing MCModel with 6 GAT layers and 5 row attention layers (drop_path_rate=0.1)
Initializing CoreModel with 1 layers, drop_path_rate=0.1
Ep001  LR0=2.00e-04  pw=20.00  aucα=0.000  token_p=0.020  dropE=(0.020,0.080)  smooth=0.010  train_loss=1.1270  train_AUPR_all=0.2161  train_AUPR_ab=0.2510  train_AUPR_ag=0.1680  train_P@5_ab=0.2000  train_P@5_ag=0.4000  val_loss=1.1434  val_AUPR_all=0.4323  val_AUPR_ab=0.5212  val_AUPR_ag=0.3025  val_P@5_ab=0.5500  val_P@5_ag=0.9500  select=0.4118
  Saved checkpoint: checkpoints_old/iPara_balanced_l1_g6_i5_do0.10_dpr0.10_lr0.0002_heads16_fold1.pth  select=0.4118  val_ab=0.5212  val_ag=0.3025  val_all=0.4323
Ep002  LR0=2.00e-04  pw=17.77  aucα=0.000  token_p=0.020  dropE=(0.020,0.080)  smooth=0.010  train_loss=0.7838  train_AUPR_all=0.4078  train_AUPR_ab=0.4807  train_AUPR_ag=0.2836  train_P@5_ab=0.8000  train_P@5_ag=0.9500  val_loss=1.0277  val_AUPR_all=0.4426  val_AUPR_ab=0.5547  val_AUPR_ag=0.2503  val_P@5_ab=0.6000  val_P@5_ag=0.9000  select=0.4025
Ep003  LR0=1.99e-04  pw=15.80  aucα=0.000  token_p=0.020  dropE=(0.020,0.080)  smooth=0.010  train_loss=0.7090  train_AUPR_all=0.4384  train_AUPR_ab=0.5220  train_AUPR_ag=0.2920  train_P@5_ab=0.8000  train_P@5_ag=0.9000  val_loss=0.9440  val_AUPR_all=0.4867  val_AUPR_ab=0.6098  val_AUPR_ag=0.2973  val_P@5_ab=0.8000  val_P@5_ag=1.0000  select=0.4535
  Saved checkpoint: checkpoints_old/iPara_balanced_l1_g6_i5_do0.10_dpr0.10_lr0.0002_heads16_fold1.pth  select=0.4535  val_ab=0.6098  val_ag=0.2973  val_all=0.4867
Ep004  LR0=1.99e-04  pw=14.06  aucα=0.000  token_p=0.020  dropE=(0.020,0.080)  smooth=0.010  train_loss=0.6237  train_AUPR_all=0.4784  train_AUPR_ab=0.5673  train_AUPR_ag=0.3231  train_P@5_ab=0.7000  train_P@5_ag=0.9500  val_loss=0.8507  val_AUPR_all=0.5122  val_AUPR_ab=0.6151  val_AUPR_ag=0.3421  val_P@5_ab=0.5500  val_P@5_ag=0.9500  select=0.4786
  Saved checkpoint: checkpoints_old/iPara_balanced_l1_g6_i5_do0.10_dpr0.10_lr0.0002_heads16_fold1.pth  select=0.4786  val_ab=0.6151  val_ag=0.3421  val_all=0.5122
Unfreezing DyM parameters.
Ep005  LR0=1.98e-04  pw=12.52  aucα=0.000  token_p=0.020  dropE=(0.020,0.080)  smooth=0.010  train_loss=0.5829  train_AUPR_all=0.5067  train_AUPR_ab=0.5961  train_AUPR_ag=0.3448  train_P@5_ab=0.7500  train_P@5_ag=0.9500  val_loss=0.8639  val_AUPR_all=0.5160  val_AUPR_ab=0.6346  val_AUPR_ag=0.3318  val_P@5_ab=0.8500  val_P@5_ag=1.0000  select=0.4832
  Saved checkpoint: checkpoints_old/iPara_balanced_l1_g6_i5_do0.10_dpr0.10_lr0.0002_heads16_fold1.pth  select=0.4832  val_ab=0.6346  val_ag=0.3318  val_all=0.5160
Ep006  LR0=1.97e-04  pw=11.17  aucα=0.000  token_p=0.020  dropE=(0.020,0.080)  smooth=0.010  train_loss=0.5373  train_AUPR_all=0.5248  train_AUPR_ab=0.6133  train_AUPR_ag=0.3606  train_P@5_ab=0.6500  train_P@5_ag=0.9500  val_loss=0.7500  val_AUPR_all=0.5388  val_AUPR_ab=0.6422  val_AUPR_ag=0.3576  val_P@5_ab=0.7500  val_P@5_ag=1.0000  select=0.4999
  Saved checkpoint: checkpoints_old/iPara_balanced_l1_g6_i5_do0.10_dpr0.10_lr0.0002_heads16_fold1.pth  select=0.4999  val_ab=0.6422  val_ag=0.3576  val_all=0.5388
Ep007  LR0=1.95e-04  pw=9.97  aucα=0.000  token_p=0.020  dropE=(0.020,0.080)  smooth=0.010  train_loss=0.5008  train_AUPR_all=0.5433  train_AUPR_ab=0.6399  train_AUPR_ag=0.3749  train_P@5_ab=1.0000  train_P@5_ag=0.9500  val_loss=0.7332  val_AUPR_all=0.5372  val_AUPR_ab=0.6587  val_AUPR_ag=0.3527  val_P@5_ab=0.9000  val_P@5_ag=0.9500  select=0.5057
  Saved checkpoint: checkpoints_old/iPara_balanced_l1_g6_i5_do0.10_dpr0.10_lr0.0002_heads16_fold1.pth  select=0.5057  val_ab=0.6587  val_ag=0.3527  val_all=0.5372
Ep008  LR0=1.93e-04  pw=8.92  aucα=0.000  token_p=0.020  dropE=(0.020,0.080)  smooth=0.010  train_loss=0.4677  train_AUPR_all=0.5553  train_AUPR_ab=0.6548  train_AUPR_ag=0.3820  train_P@5_ab=0.9500  train_P@5_ag=1.0000  val_loss=0.6610  val_AUPR_all=0.5464  val_AUPR_ab=0.6774  val_AUPR_ag=0.3528  val_P@5_ab=1.0000  val_P@5_ag=1.0000  select=0.5151
  Saved checkpoint: checkpoints_old/iPara_balanced_l1_g6_i5_do0.10_dpr0.10_lr0.0002_heads16_fold1.pth  select=0.5151  val_ab=0.6774  val_ag=0.3528  val_all=0.5464
Ep009  LR0=1.91e-04  pw=7.99  aucα=0.000  token_p=0.020  dropE=(0.020,0.080)  smooth=0.010  train_loss=0.4359  train_AUPR_all=0.5628  train_AUPR_ab=0.6625  train_AUPR_ag=0.3901  train_P@5_ab=0.8500  train_P@5_ag=0.9000  val_loss=0.6597  val_AUPR_all=0.5369  val_AUPR_ab=0.6637  val_AUPR_ag=0.3522  val_P@5_ab=1.0000  val_P@5_ag=1.0000  select=0.5079
Ep010  LR0=1.89e-04  pw=7.17  aucα=0.030  token_p=0.020  dropE=(0.020,0.080)  smooth=0.010  train_loss=0.4228  train_AUPR_all=0.5722  train_AUPR_ab=0.6704  train_AUPR_ag=0.4044  train_P@5_ab=0.9000  train_P@5_ag=1.0000  val_loss=0.6169  val_AUPR_all=0.5547  val_AUPR_ab=0.6865  val_AUPR_ag=0.3456  val_P@5_ab=0.9000  val_P@5_ag=1.0000  select=0.5161
  Saved checkpoint: checkpoints_old/iPara_balanced_l1_g6_i5_do0.10_dpr0.10_lr0.0002_heads16_fold1.pth  select=0.5161  val_ab=0.6865  val_ag=0.3456  val_all=0.5547
Ep011  LR0=1.87e-04  pw=6.44  aucα=0.060  token_p=0.020  dropE=(0.020,0.080)  smooth=0.010  train_loss=0.4117  train_AUPR_all=0.5826  train_AUPR_ab=0.6848  train_AUPR_ag=0.4064  train_P@5_ab=0.9000  train_P@5_ag=0.8500  val_loss=0.6151  val_AUPR_all=0.5546  val_AUPR_ab=0.6902  val_AUPR_ag=0.3387  val_P@5_ab=0.9500  val_P@5_ag=0.9500  select=0.5144
Ep012  LR0=1.84e-04  pw=5.80  aucα=0.090  token_p=0.020  dropE=(0.020,0.080)  smooth=0.010  train_loss=0.4002  train_AUPR_all=0.5871  train_AUPR_ab=0.6842  train_AUPR_ag=0.4250  train_P@5_ab=0.9000  train_P@5_ag=0.8000  val_loss=0.5644  val_AUPR_all=0.5631  val_AUPR_ab=0.7015  val_AUPR_ag=0.3602  val_P@5_ab=1.0000  val_P@5_ag=1.0000  select=0.5309
  Saved checkpoint: checkpoints_old/iPara_balanced_l1_g6_i5_do0.10_dpr0.10_lr0.0002_heads16_fold1.pth  select=0.5309  val_ab=0.7015  val_ag=0.3602  val_all=0.5631
Ep013  LR0=1.81e-04  pw=5.24  aucα=0.120  token_p=0.020  dropE=(0.020,0.080)  smooth=0.010  train_loss=0.3923  train_AUPR_all=0.5997  train_AUPR_ab=0.6979  train_AUPR_ag=0.4349  train_P@5_ab=0.9500  train_P@5_ag=1.0000  val_loss=0.5567  val_AUPR_all=0.5604  val_AUPR_ab=0.7036  val_AUPR_ag=0.3369  val_P@5_ab=0.9500  val_P@5_ag=0.9500  select=0.5202
Ep014  LR0=1.78e-04  pw=4.74  aucα=0.150  token_p=0.020  dropE=(0.020,0.080)  smooth=0.010  train_loss=0.3800  train_AUPR_all=0.6136  train_AUPR_ab=0.7143  train_AUPR_ag=0.4499  train_P@5_ab=0.8500  train_P@5_ag=0.9000  val_loss=0.5275  val_AUPR_all=0.5621  val_AUPR_ab=0.7161  val_AUPR_ag=0.3390  val_P@5_ab=1.0000  val_P@5_ag=0.9000  select=0.5275
Ep015  LR0=1.74e-04  pw=4.30  aucα=0.180  token_p=0.020  dropE=(0.020,0.080)  smooth=0.010  train_loss=0.3707  train_AUPR_all=0.6243  train_AUPR_ab=0.7281  train_AUPR_ag=0.4547  train_P@5_ab=0.9500  train_P@5_ag=1.0000  val_loss=0.4992  val_AUPR_all=0.5639  val_AUPR_ab=0.7122  val_AUPR_ag=0.3326  val_P@5_ab=0.9500  val_P@5_ag=0.7000  select=0.5224
Ep016  LR0=1.71e-04  pw=3.91  aucα=0.210  token_p=0.020  dropE=(0.020,0.080)  smooth=0.010  train_loss=0.3606  train_AUPR_all=0.6342  train_AUPR_ab=0.7323  train_AUPR_ag=0.4750  train_P@5_ab=1.0000  train_P@5_ag=1.0000  val_loss=0.4752  val_AUPR_all=0.5687  val_AUPR_ab=0.7214  val_AUPR_ag=0.3564  val_P@5_ab=0.9500  val_P@5_ag=1.0000  select=0.5389
  Saved checkpoint: checkpoints_old/iPara_balanced_l1_g6_i5_do0.10_dpr0.10_lr0.0002_heads16_fold1.pth  select=0.5389  val_ab=0.7214  val_ag=0.3564  val_all=0.5687
Ep017  LR0=1.67e-04  pw=3.57  aucα=0.240  token_p=0.020  dropE=(0.020,0.080)  smooth=0.010  train_loss=0.3558  train_AUPR_all=0.6389  train_AUPR_ab=0.7365  train_AUPR_ag=0.4834  train_P@5_ab=1.0000  train_P@5_ag=1.0000  val_loss=0.4617  val_AUPR_all=0.5728  val_AUPR_ab=0.7183  val_AUPR_ag=0.3497  val_P@5_ab=0.8500  val_P@5_ag=1.0000  select=0.5340
Ep018  LR0=1.63e-04  pw=3.27  aucα=0.270  token_p=0.020  dropE=(0.020,0.080)  smooth=0.010  train_loss=0.3521  train_AUPR_all=0.6456  train_AUPR_ab=0.7391  train_AUPR_ag=0.4957  train_P@5_ab=0.9500  train_P@5_ag=0.8000  val_loss=0.4537  val_AUPR_all=0.5736  val_AUPR_ab=0.7215  val_AUPR_ag=0.3453  val_P@5_ab=0.9500  val_P@5_ag=1.0000  select=0.5334
Ep019  LR0=1.59e-04  pw=3.00  aucα=0.300  token_p=0.020  dropE=(0.020,0.080)  smooth=0.010  train_loss=0.3433  train_AUPR_all=0.6600  train_AUPR_ab=0.7513  train_AUPR_ag=0.5150  train_P@5_ab=1.0000  train_P@5_ag=0.9500  val_loss=0.4357  val_AUPR_all=0.5733  val_AUPR_ab=0.7320  val_AUPR_ag=0.3480  val_P@5_ab=0.9500  val_P@5_ag=1.0000  select=0.5400
  Saved checkpoint: checkpoints_old/iPara_balanced_l1_g6_i5_do0.10_dpr0.10_lr0.0002_heads16_fold1.pth  select=0.5400  val_ab=0.7320  val_ag=0.3480  val_all=0.5733
Ep020  LR0=1.55e-04  pw=2.77  aucα=0.300  token_p=0.020  dropE=(0.020,0.080)  smooth=0.010  train_loss=0.3212  train_AUPR_all=0.6740  train_AUPR_ab=0.7606  train_AUPR_ag=0.5369  train_P@5_ab=0.9500  train_P@5_ag=0.9500  val_loss=0.4307  val_AUPR_all=0.5669  val_AUPR_ab=0.7267  val_AUPR_ag=0.3396  val_P@5_ab=0.9000  val_P@5_ag=1.0000  select=0.5331
Ep021  LR0=1.50e-04  pw=2.56  aucα=0.300  token_p=0.020  dropE=(0.020,0.080)  smooth=0.010  train_loss=0.3057  train_AUPR_all=0.6848  train_AUPR_ab=0.7695  train_AUPR_ag=0.5521  train_P@5_ab=1.0000  train_P@5_ag=0.9500  val_loss=0.4105  val_AUPR_all=0.5616  val_AUPR_ab=0.7267  val_AUPR_ag=0.3332  val_P@5_ab=0.9500  val_P@5_ag=1.0000  select=0.5300
Ep022  LR0=1.46e-04  pw=2.38  aucα=0.300  token_p=0.020  dropE=(0.020,0.080)  smooth=0.010  train_loss=0.2920  train_AUPR_all=0.6929  train_AUPR_ab=0.7735  train_AUPR_ag=0.5672  train_P@5_ab=1.0000  train_P@5_ag=1.0000  val_loss=0.4112  val_AUPR_all=0.5691  val_AUPR_ab=0.7365  val_AUPR_ag=0.3311  val_P@5_ab=0.9500  val_P@5_ag=0.8000  select=0.5338
Ep023  LR0=1.41e-04  pw=2.21  aucα=0.300  token_p=0.020  dropE=(0.020,0.080)  smooth=0.010  train_loss=0.2774  train_AUPR_all=0.7059  train_AUPR_ab=0.7848  train_AUPR_ag=0.5851  train_P@5_ab=1.0000  train_P@5_ag=0.9000  val_loss=0.3874  val_AUPR_all=0.5789  val_AUPR_ab=0.7394  val_AUPR_ag=0.3423  val_P@5_ab=0.9500  val_P@5_ag=0.9000  select=0.5408
  Saved checkpoint: checkpoints_old/iPara_balanced_l1_g6_i5_do0.10_dpr0.10_lr0.0002_heads16_fold1.pth  select=0.5408  val_ab=0.7394  val_ag=0.3423  val_all=0.5789
Ep024  LR0=1.36e-04  pw=2.07  aucα=0.300  token_p=0.020  dropE=(0.020,0.080)  smooth=0.010  train_loss=0.2641  train_AUPR_all=0.7163  train_AUPR_ab=0.7897  train_AUPR_ag=0.6056  train_P@5_ab=1.0000  train_P@5_ag=1.0000  val_loss=0.4096  val_AUPR_all=0.5647  val_AUPR_ab=0.7340  val_AUPR_ag=0.3517  val_P@5_ab=0.9000  val_P@5_ag=1.0000  select=0.5428
  Saved checkpoint: checkpoints_old/iPara_balanced_l1_g6_i5_do0.10_dpr0.10_lr0.0002_heads16_fold1.pth  select=0.5428  val_ab=0.7340  val_ag=0.3517  val_all=0.5647
Ep025  LR0=1.31e-04  pw=1.95  aucα=0.300  token_p=0.020  dropE=(0.020,0.080)  smooth=0.010  train_loss=0.2552  train_AUPR_all=0.7216  train_AUPR_ab=0.7920  train_AUPR_ag=0.6155  train_P@5_ab=1.0000  train_P@5_ag=1.0000  val_loss=0.3749  val_AUPR_all=0.5769  val_AUPR_ab=0.7370  val_AUPR_ag=0.3460  val_P@5_ab=0.9500  val_P@5_ag=0.9500  select=0.5415
Ep026  LR0=1.26e-04  pw=1.83  aucα=0.300  token_p=0.020  dropE=(0.020,0.080)  smooth=0.010  train_loss=0.2429  train_AUPR_all=0.7313  train_AUPR_ab=0.7971  train_AUPR_ag=0.6329  train_P@5_ab=1.0000  train_P@5_ag=1.0000  val_loss=0.3739  val_AUPR_all=0.5776  val_AUPR_ab=0.7426  val_AUPR_ag=0.3439  val_P@5_ab=0.9000  val_P@5_ag=0.9500  select=0.5433
  Saved checkpoint: checkpoints_old/iPara_balanced_l1_g6_i5_do0.10_dpr0.10_lr0.0002_heads16_fold1.pth  select=0.5433  val_ab=0.7426  val_ag=0.3439  val_all=0.5776
Ep027  LR0=1.21e-04  pw=1.74  aucα=0.300  token_p=0.020  dropE=(0.020,0.080)  smooth=0.010  train_loss=0.2317  train_AUPR_all=0.7447  train_AUPR_ab=0.8088  train_AUPR_ag=0.6486  train_P@5_ab=1.0000  train_P@5_ag=1.0000  val_loss=0.3695  val_AUPR_all=0.5787  val_AUPR_ab=0.7419  val_AUPR_ag=0.3430  val_P@5_ab=0.9500  val_P@5_ag=0.9500  select=0.5424
Ep028  LR0=1.16e-04  pw=1.65  aucα=0.300  token_p=0.020  dropE=(0.020,0.080)  smooth=0.010  train_loss=0.2243  train_AUPR_all=0.7497  train_AUPR_ab=0.8093  train_AUPR_ag=0.6617  train_P@5_ab=1.0000  train_P@5_ag=0.9500  val_loss=0.3751  val_AUPR_all=0.5720  val_AUPR_ab=0.7427  val_AUPR_ag=0.3413  val_P@5_ab=0.9000  val_P@5_ag=0.8000  select=0.5420
Ep029  LR0=1.11e-04  pw=1.57  aucα=0.300  token_p=0.020  dropE=(0.020,0.080)  smooth=0.010  train_loss=0.2154  train_AUPR_all=0.7597  train_AUPR_ab=0.8170  train_AUPR_ag=0.6751  train_P@5_ab=1.0000  train_P@5_ag=0.9000  val_loss=0.3712  val_AUPR_all=0.5736  val_AUPR_ab=0.7409  val_AUPR_ag=0.3356  val_P@5_ab=0.9500  val_P@5_ag=0.7500  select=0.5383
Ep030  LR0=1.05e-04  pw=1.51  aucα=0.300  token_p=0.020  dropE=(0.020,0.080)  smooth=0.010  train_loss=0.2014  train_AUPR_all=0.7793  train_AUPR_ab=0.8319  train_AUPR_ag=0.7019  train_P@5_ab=1.0000  train_P@5_ag=0.9500  val_loss=0.3684  val_AUPR_all=0.5693  val_AUPR_ab=0.7375  val_AUPR_ag=0.3578  val_P@5_ab=0.9500  val_P@5_ag=0.8000  select=0.5477
  Saved checkpoint: checkpoints_old/iPara_balanced_l1_g6_i5_do0.10_dpr0.10_lr0.0002_heads16_fold1.pth  select=0.5477  val_ab=0.7375  val_ag=0.3578  val_all=0.5693
Ep031  LR0=1.00e-04  pw=1.45  aucα=0.300  token_p=0.020  dropE=(0.020,0.080)  smooth=0.010  train_loss=0.1981  train_AUPR_all=0.7799  train_AUPR_ab=0.8298  train_AUPR_ag=0.7076  train_P@5_ab=1.0000  train_P@5_ag=1.0000  val_loss=0.3688  val_AUPR_all=0.5633  val_AUPR_ab=0.7404  val_AUPR_ag=0.3297  val_P@5_ab=1.0000  val_P@5_ag=0.6500  select=0.5350
Ep032  LR0=9.50e-05  pw=1.39  aucα=0.300  token_p=0.020  dropE=(0.020,0.080)  smooth=0.010  train_loss=0.1872  train_AUPR_all=0.7924  train_AUPR_ab=0.8391  train_AUPR_ag=0.7243  train_P@5_ab=0.9000  train_P@5_ag=1.0000  val_loss=0.3594  val_AUPR_all=0.5671  val_AUPR_ab=0.7436  val_AUPR_ag=0.3310  val_P@5_ab=1.0000  val_P@5_ag=0.5500  select=0.5373
Ep033  LR0=8.98e-05  pw=1.35  aucα=0.300  token_p=0.020  dropE=(0.020,0.080)  smooth=0.010  train_loss=0.1812  train_AUPR_all=0.8000  train_AUPR_ab=0.8435  train_AUPR_ag=0.7373  train_P@5_ab=1.0000  train_P@5_ag=1.0000  val_loss=0.3641  val_AUPR_all=0.5512  val_AUPR_ab=0.7283  val_AUPR_ag=0.3301  val_P@5_ab=0.9500  val_P@5_ag=0.5000  select=0.5292
Ep034  LR0=8.46e-05  pw=1.31  aucα=0.300  token_p=0.020  dropE=(0.020,0.080)  smooth=0.010  train_loss=0.1789  train_AUPR_all=0.8011  train_AUPR_ab=0.8478  train_AUPR_ag=0.7331  train_P@5_ab=1.0000  train_P@5_ag=1.0000  val_loss=0.3371  val_AUPR_all=0.5816  val_AUPR_ab=0.7389  val_AUPR_ag=0.3631  val_P@5_ab=1.0000  val_P@5_ag=0.8000  select=0.5510
  Saved checkpoint: checkpoints_old/iPara_balanced_l1_g6_i5_do0.10_dpr0.10_lr0.0002_heads16_fold1.pth  select=0.5510  val_ab=0.7389  val_ag=0.3631  val_all=0.5816
Ep035  LR0=7.95e-05  pw=1.27  aucα=0.300  token_p=0.020  dropE=(0.020,0.080)  smooth=0.010  train_loss=0.1748  train_AUPR_all=0.8053  train_AUPR_ab=0.8486  train_AUPR_ag=0.7426  train_P@5_ab=1.0000  train_P@5_ag=1.0000  val_loss=0.3325  val_AUPR_all=0.5739  val_AUPR_ab=0.7412  val_AUPR_ag=0.3465  val_P@5_ab=0.9500  val_P@5_ag=0.7500  select=0.5439
Ep036  LR0=7.44e-05  pw=1.24  aucα=0.300  token_p=0.020  dropE=(0.020,0.080)  smooth=0.010  train_loss=0.1680  train_AUPR_all=0.8155  train_AUPR_ab=0.8550  train_AUPR_ag=0.7589  train_P@5_ab=1.0000  train_P@5_ag=1.0000  val_loss=0.3576  val_AUPR_all=0.5606  val_AUPR_ab=0.7368  val_AUPR_ag=0.3262  val_P@5_ab=1.0000  val_P@5_ag=0.4500  select=0.5315
Ep037  LR0=6.94e-05  pw=1.21  aucα=0.300  token_p=0.020  dropE=(0.020,0.080)  smooth=0.010  train_loss=0.1613  train_AUPR_all=0.8252  train_AUPR_ab=0.8652  train_AUPR_ag=0.7673  train_P@5_ab=1.0000  train_P@5_ag=1.0000  val_loss=0.3432  val_AUPR_all=0.5705  val_AUPR_ab=0.7374  val_AUPR_ag=0.3436  val_P@5_ab=0.8000  val_P@5_ag=0.5000  select=0.5405
Ep038  LR0=6.45e-05  pw=1.19  aucα=0.300  token_p=0.020  dropE=(0.020,0.080)  smooth=0.010  train_loss=0.1553  train_AUPR_all=0.8334  train_AUPR_ab=0.8705  train_AUPR_ag=0.7798  train_P@5_ab=1.0000  train_P@5_ag=0.9500  val_loss=0.3469  val_AUPR_all=0.5591  val_AUPR_ab=0.7356  val_AUPR_ag=0.3362  val_P@5_ab=1.0000  val_P@5_ag=0.5500  select=0.5359
Ep039  LR0=5.97e-05  pw=1.16  aucα=0.300  token_p=0.020  dropE=(0.020,0.080)  smooth=0.010  train_loss=0.1535  train_AUPR_all=0.8365  train_AUPR_ab=0.8747  train_AUPR_ag=0.7810  train_P@5_ab=1.0000  train_P@5_ag=1.0000  val_loss=0.3416  val_AUPR_all=0.5723  val_AUPR_ab=0.7386  val_AUPR_ag=0.3547  val_P@5_ab=0.9500  val_P@5_ag=0.5500  select=0.5466
Ep040  LR0=5.50e-05  pw=1.15  aucα=0.300  token_p=0.020  dropE=(0.020,0.080)  smooth=0.010  train_loss=0.1485  train_AUPR_all=0.8440  train_AUPR_ab=0.8790  train_AUPR_ag=0.7938  train_P@5_ab=1.0000  train_P@5_ag=1.0000  val_loss=0.3314  val_AUPR_all=0.5729  val_AUPR_ab=0.7419  val_AUPR_ag=0.3544  val_P@5_ab=0.9500  val_P@5_ag=0.5000  select=0.5481
Ep041  LR0=5.04e-05  pw=1.13  aucα=0.300  token_p=0.020  dropE=(0.020,0.080)  smooth=0.010  train_loss=0.1426  train_AUPR_all=0.8524  train_AUPR_ab=0.8876  train_AUPR_ag=0.8008  train_P@5_ab=0.9500  train_P@5_ag=1.0000  val_loss=0.3351  val_AUPR_all=0.5694  val_AUPR_ab=0.7384  val_AUPR_ag=0.3489  val_P@5_ab=0.9000  val_P@5_ag=0.6500  select=0.5436
Ep042  LR0=4.59e-05  pw=1.11  aucα=0.300  token_p=0.020  dropE=(0.020,0.080)  smooth=0.010  train_loss=0.1425  train_AUPR_all=0.8512  train_AUPR_ab=0.8848  train_AUPR_ag=0.8027  train_P@5_ab=1.0000  train_P@5_ag=1.0000  val_loss=0.3534  val_AUPR_all=0.5631  val_AUPR_ab=0.7293  val_AUPR_ag=0.3379  val_P@5_ab=0.9500  val_P@5_ag=0.5500  select=0.5336
Ep043  LR0=4.16e-05  pw=1.10  aucα=0.300  token_p=0.020  dropE=(0.020,0.080)  smooth=0.010  train_loss=0.1353  train_AUPR_all=0.8627  train_AUPR_ab=0.8949  train_AUPR_ag=0.8161  train_P@5_ab=1.0000  train_P@5_ag=1.0000  val_loss=0.3460  val_AUPR_all=0.5670  val_AUPR_ab=0.7425  val_AUPR_ag=0.3400  val_P@5_ab=0.9500  val_P@5_ag=0.6000  select=0.5413
Ep044  LR0=3.75e-05  pw=1.09  aucα=0.300  token_p=0.020  dropE=(0.020,0.080)  smooth=0.010  train_loss=0.1381  train_AUPR_all=0.8569  train_AUPR_ab=0.8915  train_AUPR_ag=0.8062  train_P@5_ab=1.0000  train_P@5_ag=1.0000  val_loss=0.3367  val_AUPR_all=0.5686  val_AUPR_ab=0.7364  val_AUPR_ag=0.3481  val_P@5_ab=0.9000  val_P@5_ag=0.5000  select=0.5423
Ep045  LR0=3.35e-05  pw=1.08  aucα=0.300  token_p=0.020  dropE=(0.020,0.080)  smooth=0.010  train_loss=0.1319  train_AUPR_all=0.8667  train_AUPR_ab=0.8979  train_AUPR_ag=0.8213  train_P@5_ab=1.0000  train_P@5_ag=1.0000  val_loss=0.3345  val_AUPR_all=0.5710  val_AUPR_ab=0.7340  val_AUPR_ag=0.3506  val_P@5_ab=0.9500  val_P@5_ag=0.5000  select=0.5423
Ep046  LR0=2.97e-05  pw=1.07  aucα=0.300  token_p=0.020  dropE=(0.020,0.080)  smooth=0.010  train_loss=0.1300  train_AUPR_all=0.8699  train_AUPR_ab=0.8995  train_AUPR_ag=0.8271  train_P@5_ab=1.0000  train_P@5_ag=1.0000  val_loss=0.3357  val_AUPR_all=0.5702  val_AUPR_ab=0.7433  val_AUPR_ag=0.3422  val_P@5_ab=0.8000  val_P@5_ag=0.5500  select=0.5427
Ep047  LR0=2.61e-05  pw=1.06  aucα=0.300  token_p=0.020  dropE=(0.020,0.080)  smooth=0.010  train_loss=0.1272  train_AUPR_all=0.8739  train_AUPR_ab=0.9042  train_AUPR_ag=0.8297  train_P@5_ab=1.0000  train_P@5_ag=1.0000  val_loss=0.3395  val_AUPR_all=0.5587  val_AUPR_ab=0.7299  val_AUPR_ag=0.3395  val_P@5_ab=0.7500  val_P@5_ag=0.5000  select=0.5347
Ep048  LR0=2.27e-05  pw=1.05  aucα=0.300  token_p=0.020  dropE=(0.020,0.080)  smooth=0.010  train_loss=0.1256  train_AUPR_all=0.8755  train_AUPR_ab=0.9040  train_AUPR_ag=0.8340  train_P@5_ab=1.0000  train_P@5_ag=1.0000  val_loss=0.3404  val_AUPR_all=0.5688  val_AUPR_ab=0.7388  val_AUPR_ag=0.3516  val_P@5_ab=0.9000  val_P@5_ag=0.6000  select=0.5452
Ep049  LR0=1.96e-05  pw=1.05  aucα=0.300  token_p=0.020  dropE=(0.020,0.080)  smooth=0.010  train_loss=0.1261  train_AUPR_all=0.8744  train_AUPR_ab=0.9047  train_AUPR_ag=0.8302  train_P@5_ab=1.0000  train_P@5_ag=1.0000  val_loss=0.3396  val_AUPR_all=0.5682  val_AUPR_ab=0.7393  val_AUPR_ag=0.3417  val_P@5_ab=0.9000  val_P@5_ag=0.5000  select=0.5405
Ep050  LR0=1.66e-05  pw=1.04  aucα=0.300  token_p=0.020  dropE=(0.020,0.080)  smooth=0.010  train_loss=0.1200  train_AUPR_all=0.8839  train_AUPR_ab=0.9133  train_AUPR_ag=0.8407  train_P@5_ab=1.0000  train_P@5_ag=1.0000  val_loss=0.3415  val_AUPR_all=0.5620  val_AUPR_ab=0.7383  val_AUPR_ag=0.3409  val_P@5_ab=1.0000  val_P@5_ag=0.4500  select=0.5396
Ep051  LR0=1.39e-05  pw=1.04  aucα=0.300  token_p=0.020  dropE=(0.020,0.080)  smooth=0.010  train_loss=0.1247  train_AUPR_all=0.8759  train_AUPR_ab=0.9057  train_AUPR_ag=0.8322  train_P@5_ab=1.0000  train_P@5_ag=1.0000  val_loss=0.3354  val_AUPR_all=0.5680  val_AUPR_ab=0.7406  val_AUPR_ag=0.3381  val_P@5_ab=0.9000  val_P@5_ag=0.5000  select=0.5394
Ep052  LR0=1.14e-05  pw=1.03  aucα=0.300  token_p=0.020  dropE=(0.020,0.080)  smooth=0.010  train_loss=0.1208  train_AUPR_all=0.8822  train_AUPR_ab=0.9088  train_AUPR_ag=0.8436  train_P@5_ab=1.0000  train_P@5_ag=1.0000  val_loss=0.3410  val_AUPR_all=0.5592  val_AUPR_ab=0.7357  val_AUPR_ag=0.3345  val_P@5_ab=0.8500  val_P@5_ag=0.5000  select=0.5351
Ep053  LR0=9.12e-06  pw=1.03  aucα=0.300  token_p=0.020  dropE=(0.020,0.080)  smooth=0.010  train_loss=0.1215  train_AUPR_all=0.8804  train_AUPR_ab=0.9087  train_AUPR_ag=0.8392  train_P@5_ab=1.0000  train_P@5_ag=1.0000  val_loss=0.3416  val_AUPR_all=0.5575  val_AUPR_ab=0.7331  val_AUPR_ag=0.3342  val_P@5_ab=0.8500  val_P@5_ag=0.4500  select=0.5336
Ep054  LR0=7.13e-06  pw=1.03  aucα=0.300  token_p=0.020  dropE=(0.020,0.080)  smooth=0.010  train_loss=0.1212  train_AUPR_all=0.8822  train_AUPR_ab=0.9103  train_AUPR_ag=0.8412  train_P@5_ab=1.0000  train_P@5_ag=1.0000  val_loss=0.3383  val_AUPR_all=0.5662  val_AUPR_ab=0.7348  val_AUPR_ag=0.3450  val_P@5_ab=0.9000  val_P@5_ag=0.5000  select=0.5399
Early stopping at epoch 54. Best select=0.5510 at epoch 34.
Final saved checkpoint for fold 1: checkpoints_old/iPara_balanced_l1_g6_i5_do0.10_dpr0.10_lr0.0002_heads16_fold1.pth
Best select=0.5510 at epoch 34

==========================================================================================
Fold 2/10
==========================================================================================
Train labels: valid=451196, pos=29889, neg=421307, ignore=784004, pos_frac=0.06624
Val labels: valid=48996, pos=3341, neg=45655, ignore=88604, pos_frac=0.06819
Initializing ClassificationModel with 6 GAT layers and residual connections...
Initializing MCModel with 6 GAT layers and 5 row attention layers (drop_path_rate=0.1)
Initializing CoreModel with 1 layers, drop_path_rate=0.1
Ep001  LR0=2.00e-04  pw=20.00  aucα=0.000  token_p=0.020  dropE=(0.020,0.080)  smooth=0.010  train_loss=1.0590  train_AUPR_all=0.2284  train_AUPR_ab=0.2657  train_AUPR_ag=0.1721  train_P@5_ab=0.0500  train_P@5_ag=0.2500  val_loss=0.9828  val_AUPR_all=0.4774  val_AUPR_ab=0.5423  val_AUPR_ag=0.3532  val_P@5_ab=0.9500  val_P@5_ag=0.9500  select=0.4477
  Saved checkpoint: checkpoints_old/iPara_balanced_l1_g6_i5_do0.10_dpr0.10_lr0.0002_heads16_fold2.pth  select=0.4477  val_ab=0.5423  val_ag=0.3532  val_all=0.4774
Ep002  LR0=2.00e-04  pw=17.77  aucα=0.000  token_p=0.020  dropE=(0.020,0.080)  smooth=0.010  train_loss=0.7997  train_AUPR_all=0.3888  train_AUPR_ab=0.4763  train_AUPR_ag=0.2506  train_P@5_ab=0.8000  train_P@5_ag=0.8000  val_loss=0.9238  val_AUPR_all=0.4979  val_AUPR_ab=0.5968  val_AUPR_ag=0.3519  val_P@5_ab=0.7000  val_P@5_ag=0.9500  select=0.4744
  Saved checkpoint: checkpoints_old/iPara_balanced_l1_g6_i5_do0.10_dpr0.10_lr0.0002_heads16_fold2.pth  select=0.4744  val_ab=0.5968  val_ag=0.3519  val_all=0.4979
Ep003  LR0=1.99e-04  pw=15.80  aucα=0.000  token_p=0.020  dropE=(0.020,0.080)  smooth=0.010  train_loss=0.7101  train_AUPR_all=0.4454  train_AUPR_ab=0.5372  train_AUPR_ag=0.2896  train_P@5_ab=0.7500  train_P@5_ag=0.6500  val_loss=0.8442  val_AUPR_all=0.5199  val_AUPR_ab=0.6135  val_AUPR_ag=0.3727  val_P@5_ab=1.0000  val_P@5_ag=0.9000  select=0.4931
  Saved checkpoint: checkpoints_old/iPara_balanced_l1_g6_i5_do0.10_dpr0.10_lr0.0002_heads16_fold2.pth  select=0.4931  val_ab=0.6135  val_ag=0.3727  val_all=0.5199
Ep004  LR0=1.99e-04  pw=14.06  aucα=0.000  token_p=0.020  dropE=(0.020,0.080)  smooth=0.010  train_loss=0.6402  train_AUPR_all=0.4840  train_AUPR_ab=0.5666  train_AUPR_ag=0.3242  train_P@5_ab=0.7500  train_P@5_ag=0.9000  val_loss=0.7989  val_AUPR_all=0.5476  val_AUPR_ab=0.6373  val_AUPR_ag=0.4017  val_P@5_ab=1.0000  val_P@5_ag=0.9500  select=0.5195
  Saved checkpoint: checkpoints_old/iPara_balanced_l1_g6_i5_do0.10_dpr0.10_lr0.0002_heads16_fold2.pth  select=0.5195  val_ab=0.6373  val_ag=0.4017  val_all=0.5476
Unfreezing DyM parameters.
Ep005  LR0=1.98e-04  pw=12.52  aucα=0.000  token_p=0.020  dropE=(0.020,0.080)  smooth=0.010  train_loss=0.5877  train_AUPR_all=0.5109  train_AUPR_ab=0.6039  train_AUPR_ag=0.3439  train_P@5_ab=0.8000  train_P@5_ag=0.9500  val_loss=0.8081  val_AUPR_all=0.5521  val_AUPR_ab=0.6631  val_AUPR_ag=0.3653  val_P@5_ab=1.0000  val_P@5_ag=0.9000  select=0.5142
Ep006  LR0=1.97e-04  pw=11.17  aucα=0.000  token_p=0.020  dropE=(0.020,0.080)  smooth=0.010  train_loss=0.5445  train_AUPR_all=0.5182  train_AUPR_ab=0.6173  train_AUPR_ag=0.3466  train_P@5_ab=0.9500  train_P@5_ag=0.8500  val_loss=0.7648  val_AUPR_all=0.5546  val_AUPR_ab=0.6732  val_AUPR_ag=0.3568  val_P@5_ab=0.8500  val_P@5_ag=0.9000  select=0.5150
Ep007  LR0=1.95e-04  pw=9.97  aucα=0.000  token_p=0.020  dropE=(0.020,0.080)  smooth=0.010  train_loss=0.5046  train_AUPR_all=0.5370  train_AUPR_ab=0.6368  train_AUPR_ag=0.3628  train_P@5_ab=0.8500  train_P@5_ag=0.9000  val_loss=0.6642  val_AUPR_all=0.5861  val_AUPR_ab=0.6961  val_AUPR_ag=0.4115  val_P@5_ab=0.9000  val_P@5_ag=1.0000  select=0.5538
  Saved checkpoint: checkpoints_old/iPara_balanced_l1_g6_i5_do0.10_dpr0.10_lr0.0002_heads16_fold2.pth  select=0.5538  val_ab=0.6961  val_ag=0.4115  val_all=0.5861
Ep008  LR0=1.93e-04  pw=8.92  aucα=0.000  token_p=0.020  dropE=(0.020,0.080)  smooth=0.010  train_loss=0.4728  train_AUPR_all=0.5464  train_AUPR_ab=0.6492  train_AUPR_ag=0.3632  train_P@5_ab=0.8500  train_P@5_ag=0.9000  val_loss=0.6150  val_AUPR_all=0.5918  val_AUPR_ab=0.6956  val_AUPR_ag=0.4160  val_P@5_ab=0.9500  val_P@5_ag=0.9500  select=0.5558
  Saved checkpoint: checkpoints_old/iPara_balanced_l1_g6_i5_do0.10_dpr0.10_lr0.0002_heads16_fold2.pth  select=0.5558  val_ab=0.6956  val_ag=0.4160  val_all=0.5918
Ep009  LR0=1.91e-04  pw=7.99  aucα=0.000  token_p=0.020  dropE=(0.020,0.080)  smooth=0.010  train_loss=0.4386  train_AUPR_all=0.5585  train_AUPR_ab=0.6546  train_AUPR_ag=0.3897  train_P@5_ab=0.9500  train_P@5_ag=0.9000  val_loss=0.6139  val_AUPR_all=0.5788  val_AUPR_ab=0.6874  val_AUPR_ag=0.3934  val_P@5_ab=0.9500  val_P@5_ag=1.0000  select=0.5404
Ep010  LR0=1.89e-04  pw=7.17  aucα=0.030  token_p=0.020  dropE=(0.020,0.080)  smooth=0.010  train_loss=0.4263  train_AUPR_all=0.5686  train_AUPR_ab=0.6711  train_AUPR_ag=0.3902  train_P@5_ab=0.9500  train_P@5_ag=0.8500  val_loss=0.5857  val_AUPR_all=0.5984  val_AUPR_ab=0.7202  val_AUPR_ag=0.4000  val_P@5_ab=0.9500  val_P@5_ag=0.9500  select=0.5601
  Saved checkpoint: checkpoints_old/iPara_balanced_l1_g6_i5_do0.10_dpr0.10_lr0.0002_heads16_fold2.pth  select=0.5601  val_ab=0.7202  val_ag=0.4000  val_all=0.5984
Ep011  LR0=1.87e-04  pw=6.44  aucα=0.060  token_p=0.020  dropE=(0.020,0.080)  smooth=0.010  train_loss=0.4168  train_AUPR_all=0.5813  train_AUPR_ab=0.6899  train_AUPR_ag=0.3973  train_P@5_ab=0.9500  train_P@5_ag=0.8500  val_loss=0.5512  val_AUPR_all=0.6041  val_AUPR_ab=0.7224  val_AUPR_ag=0.4073  val_P@5_ab=1.0000  val_P@5_ag=0.9500  select=0.5649
  Saved checkpoint: checkpoints_old/iPara_balanced_l1_g6_i5_do0.10_dpr0.10_lr0.0002_heads16_fold2.pth  select=0.5649  val_ab=0.7224  val_ag=0.4073  val_all=0.6041
Ep012  LR0=1.84e-04  pw=5.80  aucα=0.090  token_p=0.020  dropE=(0.020,0.080)  smooth=0.010  train_loss=0.4050  train_AUPR_all=0.5866  train_AUPR_ab=0.6883  train_AUPR_ag=0.4144  train_P@5_ab=0.9500  train_P@5_ag=0.9500  val_loss=0.5406  val_AUPR_all=0.5867  val_AUPR_ab=0.6988  val_AUPR_ag=0.4022  val_P@5_ab=1.0000  val_P@5_ag=0.9500  select=0.5505
Ep013  LR0=1.81e-04  pw=5.24  aucα=0.120  token_p=0.020  dropE=(0.020,0.080)  smooth=0.010  train_loss=0.3900  train_AUPR_all=0.6033  train_AUPR_ab=0.7057  train_AUPR_ag=0.4322  train_P@5_ab=1.0000  train_P@5_ag=1.0000  val_loss=0.4949  val_AUPR_all=0.6135  val_AUPR_ab=0.7453  val_AUPR_ag=0.3968  val_P@5_ab=1.0000  val_P@5_ag=0.9000  select=0.5710
  Saved checkpoint: checkpoints_old/iPara_balanced_l1_g6_i5_do0.10_dpr0.10_lr0.0002_heads16_fold2.pth  select=0.5710  val_ab=0.7453  val_ag=0.3968  val_all=0.6135
Ep014  LR0=1.78e-04  pw=4.74  aucα=0.150  token_p=0.020  dropE=(0.020,0.080)  smooth=0.010  train_loss=0.3871  train_AUPR_all=0.6015  train_AUPR_ab=0.7055  train_AUPR_ag=0.4254  train_P@5_ab=0.9000  train_P@5_ag=0.9500  val_loss=0.4717  val_AUPR_all=0.6216  val_AUPR_ab=0.7422  val_AUPR_ag=0.4233  val_P@5_ab=0.8500  val_P@5_ag=1.0000  select=0.5827
  Saved checkpoint: checkpoints_old/iPara_balanced_l1_g6_i5_do0.10_dpr0.10_lr0.0002_heads16_fold2.pth  select=0.5827  val_ab=0.7422  val_ag=0.4233  val_all=0.6216
Ep015  LR0=1.74e-04  pw=4.30  aucα=0.180  token_p=0.020  dropE=(0.020,0.080)  smooth=0.010  train_loss=0.3708  train_AUPR_all=0.6177  train_AUPR_ab=0.7177  train_AUPR_ag=0.4517  train_P@5_ab=1.0000  train_P@5_ag=0.8000  val_loss=0.4593  val_AUPR_all=0.6220  val_AUPR_ab=0.7472  val_AUPR_ag=0.4154  val_P@5_ab=0.9500  val_P@5_ag=1.0000  select=0.5813
Ep016  LR0=1.71e-04  pw=3.91  aucα=0.210  token_p=0.020  dropE=(0.020,0.080)  smooth=0.010  train_loss=0.3658  train_AUPR_all=0.6247  train_AUPR_ab=0.7244  train_AUPR_ag=0.4619  train_P@5_ab=0.9500  train_P@5_ag=0.9000  val_loss=0.4528  val_AUPR_all=0.6221  val_AUPR_ab=0.7609  val_AUPR_ag=0.3951  val_P@5_ab=1.0000  val_P@5_ag=0.9500  select=0.5780
Ep017  LR0=1.67e-04  pw=3.57  aucα=0.240  token_p=0.020  dropE=(0.020,0.080)  smooth=0.010  train_loss=0.3576  train_AUPR_all=0.6370  train_AUPR_ab=0.7302  train_AUPR_ag=0.4872  train_P@5_ab=1.0000  train_P@5_ag=1.0000  val_loss=0.4235  val_AUPR_all=0.6225  val_AUPR_ab=0.7543  val_AUPR_ag=0.4235  val_P@5_ab=1.0000  val_P@5_ag=1.0000  select=0.5889
  Saved checkpoint: checkpoints_old/iPara_balanced_l1_g6_i5_do0.10_dpr0.10_lr0.0002_heads16_fold2.pth  select=0.5889  val_ab=0.7543  val_ag=0.4235  val_all=0.6225
Ep018  LR0=1.63e-04  pw=3.27  aucα=0.270  token_p=0.020  dropE=(0.020,0.080)  smooth=0.010  train_loss=0.3528  train_AUPR_all=0.6462  train_AUPR_ab=0.7447  train_AUPR_ag=0.4887  train_P@5_ab=0.9000  train_P@5_ag=1.0000  val_loss=0.4184  val_AUPR_all=0.6122  val_AUPR_ab=0.7423  val_AUPR_ag=0.4118  val_P@5_ab=1.0000  val_P@5_ag=1.0000  select=0.5771
Ep019  LR0=1.59e-04  pw=3.00  aucα=0.300  token_p=0.020  dropE=(0.020,0.080)  smooth=0.010  train_loss=0.3452  train_AUPR_all=0.6553  train_AUPR_ab=0.7505  train_AUPR_ag=0.5050  train_P@5_ab=0.9000  train_P@5_ag=0.9000  val_loss=0.4108  val_AUPR_all=0.6293  val_AUPR_ab=0.7639  val_AUPR_ag=0.4268  val_P@5_ab=1.0000  val_P@5_ag=1.0000  select=0.5954
  Saved checkpoint: checkpoints_old/iPara_balanced_l1_g6_i5_do0.10_dpr0.10_lr0.0002_heads16_fold2.pth  select=0.5954  val_ab=0.7639  val_ag=0.4268  val_all=0.6293
Ep020  LR0=1.55e-04  pw=2.77  aucα=0.300  token_p=0.020  dropE=(0.020,0.080)  smooth=0.010  train_loss=0.3291  train_AUPR_all=0.6630  train_AUPR_ab=0.7518  train_AUPR_ag=0.5242  train_P@5_ab=1.0000  train_P@5_ag=0.9000  val_loss=0.3912  val_AUPR_all=0.6290  val_AUPR_ab=0.7549  val_AUPR_ag=0.4347  val_P@5_ab=1.0000  val_P@5_ag=1.0000  select=0.5948
Ep021  LR0=1.50e-04  pw=2.56  aucα=0.300  token_p=0.020  dropE=(0.020,0.080)  smooth=0.010  train_loss=0.3097  train_AUPR_all=0.6784  train_AUPR_ab=0.7582  train_AUPR_ag=0.5538  train_P@5_ab=1.0000  train_P@5_ag=0.9500  val_loss=0.3882  val_AUPR_all=0.6210  val_AUPR_ab=0.7689  val_AUPR_ag=0.4109  val_P@5_ab=1.0000  val_P@5_ag=1.0000  select=0.5899
Ep022  LR0=1.46e-04  pw=2.38  aucα=0.300  token_p=0.020  dropE=(0.020,0.080)  smooth=0.010  train_loss=0.2931  train_AUPR_all=0.6923  train_AUPR_ab=0.7702  train_AUPR_ag=0.5733  train_P@5_ab=1.0000  train_P@5_ag=1.0000  val_loss=0.3698  val_AUPR_all=0.6182  val_AUPR_ab=0.7566  val_AUPR_ag=0.4052  val_P@5_ab=1.0000  val_P@5_ag=1.0000  select=0.5809
Ep023  LR0=1.41e-04  pw=2.21  aucα=0.300  token_p=0.020  dropE=(0.020,0.080)  smooth=0.010  train_loss=0.2812  train_AUPR_all=0.6993  train_AUPR_ab=0.7743  train_AUPR_ag=0.5863  train_P@5_ab=1.0000  train_P@5_ag=1.0000  val_loss=0.3785  val_AUPR_all=0.6247  val_AUPR_ab=0.7650  val_AUPR_ag=0.4155  val_P@5_ab=1.0000  val_P@5_ag=0.9000  select=0.5902
Ep024  LR0=1.36e-04  pw=2.07  aucα=0.300  token_p=0.020  dropE=(0.020,0.080)  smooth=0.010  train_loss=0.2639  train_AUPR_all=0.7160  train_AUPR_ab=0.7856  train_AUPR_ag=0.6115  train_P@5_ab=1.0000  train_P@5_ag=0.8500  val_loss=0.3500  val_AUPR_all=0.6260  val_AUPR_ab=0.7778  val_AUPR_ag=0.4051  val_P@5_ab=1.0000  val_P@5_ag=0.8000  select=0.5915
Ep025  LR0=1.31e-04  pw=1.95  aucα=0.300  token_p=0.020  dropE=(0.020,0.080)  smooth=0.010  train_loss=0.2540  train_AUPR_all=0.7217  train_AUPR_ab=0.7866  train_AUPR_ag=0.6245  train_P@5_ab=1.0000  train_P@5_ag=1.0000  val_loss=0.3399  val_AUPR_all=0.6276  val_AUPR_ab=0.7634  val_AUPR_ag=0.4307  val_P@5_ab=1.0000  val_P@5_ag=1.0000  select=0.5970
  Saved checkpoint: checkpoints_old/iPara_balanced_l1_g6_i5_do0.10_dpr0.10_lr0.0002_heads16_fold2.pth  select=0.5970  val_ab=0.7634  val_ag=0.4307  val_all=0.6276
Ep026  LR0=1.26e-04  pw=1.83  aucα=0.300  token_p=0.020  dropE=(0.020,0.080)  smooth=0.010  train_loss=0.2397  train_AUPR_all=0.7386  train_AUPR_ab=0.8004  train_AUPR_ag=0.6471  train_P@5_ab=0.9500  train_P@5_ag=1.0000  val_loss=0.3541  val_AUPR_all=0.6124  val_AUPR_ab=0.7625  val_AUPR_ag=0.3993  val_P@5_ab=1.0000  val_P@5_ag=0.8000  select=0.5809
Ep027  LR0=1.21e-04  pw=1.74  aucα=0.300  token_p=0.020  dropE=(0.020,0.080)  smooth=0.010  train_loss=0.2326  train_AUPR_all=0.7434  train_AUPR_ab=0.8039  train_AUPR_ag=0.6543  train_P@5_ab=1.0000  train_P@5_ag=1.0000  val_loss=0.3593  val_AUPR_all=0.6082  val_AUPR_ab=0.7551  val_AUPR_ag=0.4116  val_P@5_ab=1.0000  val_P@5_ag=0.8000  select=0.5833
Ep028  LR0=1.16e-04  pw=1.65  aucα=0.300  token_p=0.020  dropE=(0.020,0.080)  smooth=0.010  train_loss=0.2201  train_AUPR_all=0.7559  train_AUPR_ab=0.8098  train_AUPR_ag=0.6770  train_P@5_ab=1.0000  train_P@5_ag=0.9500  val_loss=0.3461  val_AUPR_all=0.6174  val_AUPR_ab=0.7789  val_AUPR_ag=0.4018  val_P@5_ab=1.0000  val_P@5_ag=0.6500  select=0.5904
Ep029  LR0=1.11e-04  pw=1.57  aucα=0.300  token_p=0.020  dropE=(0.020,0.080)  smooth=0.010  train_loss=0.2102  train_AUPR_all=0.7685  train_AUPR_ab=0.8187  train_AUPR_ag=0.6957  train_P@5_ab=1.0000  train_P@5_ag=1.0000  val_loss=0.3262  val_AUPR_all=0.6144  val_AUPR_ab=0.7680  val_AUPR_ag=0.3937  val_P@5_ab=1.0000  val_P@5_ag=0.8000  select=0.5808
Ep030  LR0=1.05e-04  pw=1.51  aucα=0.300  token_p=0.020  dropE=(0.020,0.080)  smooth=0.010  train_loss=0.1991  train_AUPR_all=0.7822  train_AUPR_ab=0.8308  train_AUPR_ag=0.7119  train_P@5_ab=1.0000  train_P@5_ag=1.0000  val_loss=0.3402  val_AUPR_all=0.6018  val_AUPR_ab=0.7722  val_AUPR_ag=0.3890  val_P@5_ab=1.0000  val_P@5_ag=0.7500  select=0.5806
Ep031  LR0=1.00e-04  pw=1.45  aucα=0.300  token_p=0.020  dropE=(0.020,0.080)  smooth=0.010  train_loss=0.1925  train_AUPR_all=0.7879  train_AUPR_ab=0.8349  train_AUPR_ag=0.7197  train_P@5_ab=1.0000  train_P@5_ag=1.0000  val_loss=0.3195  val_AUPR_all=0.6257  val_AUPR_ab=0.7790  val_AUPR_ag=0.4166  val_P@5_ab=1.0000  val_P@5_ag=0.7500  select=0.5978
  Saved checkpoint: checkpoints_old/iPara_balanced_l1_g6_i5_do0.10_dpr0.10_lr0.0002_heads16_fold2.pth  select=0.5978  val_ab=0.7790  val_ag=0.4166  val_all=0.6257
Ep032  LR0=9.50e-05  pw=1.39  aucα=0.300  token_p=0.020  dropE=(0.020,0.080)  smooth=0.010  train_loss=0.1869  train_AUPR_all=0.7957  train_AUPR_ab=0.8412  train_AUPR_ag=0.7298  train_P@5_ab=1.0000  train_P@5_ag=1.0000  val_loss=0.3175  val_AUPR_all=0.6083  val_AUPR_ab=0.7720  val_AUPR_ag=0.3970  val_P@5_ab=1.0000  val_P@5_ag=0.4000  select=0.5845
Ep033  LR0=8.98e-05  pw=1.35  aucα=0.300  token_p=0.020  dropE=(0.020,0.080)  smooth=0.010  train_loss=0.1805  train_AUPR_all=0.8018  train_AUPR_ab=0.8455  train_AUPR_ag=0.7389  train_P@5_ab=1.0000  train_P@5_ag=1.0000  val_loss=0.3166  val_AUPR_all=0.6260  val_AUPR_ab=0.7770  val_AUPR_ag=0.4139  val_P@5_ab=1.0000  val_P@5_ag=0.8000  select=0.5955
Ep034  LR0=8.46e-05  pw=1.31  aucα=0.300  token_p=0.020  dropE=(0.020,0.080)  smooth=0.010  train_loss=0.1739  train_AUPR_all=0.8081  train_AUPR_ab=0.8469  train_AUPR_ag=0.7528  train_P@5_ab=1.0000  train_P@5_ag=0.9500  val_loss=0.3240  val_AUPR_all=0.6075  val_AUPR_ab=0.7705  val_AUPR_ag=0.3837  val_P@5_ab=1.0000  val_P@5_ag=0.7500  select=0.5771
Ep035  LR0=7.95e-05  pw=1.27  aucα=0.300  token_p=0.020  dropE=(0.020,0.080)  smooth=0.010  train_loss=0.1702  train_AUPR_all=0.8141  train_AUPR_ab=0.8530  train_AUPR_ag=0.7586  train_P@5_ab=1.0000  train_P@5_ag=0.9500  val_loss=0.3182  val_AUPR_all=0.6070  val_AUPR_ab=0.7658  val_AUPR_ag=0.4089  val_P@5_ab=1.0000  val_P@5_ag=0.6500  select=0.5873
Ep036  LR0=7.44e-05  pw=1.24  aucα=0.300  token_p=0.020  dropE=(0.020,0.080)  smooth=0.010  train_loss=0.1614  train_AUPR_all=0.8257  train_AUPR_ab=0.8605  train_AUPR_ag=0.7765  train_P@5_ab=1.0000  train_P@5_ag=1.0000  val_loss=0.3172  val_AUPR_all=0.6182  val_AUPR_ab=0.7643  val_AUPR_ag=0.4141  val_P@5_ab=1.0000  val_P@5_ag=0.7000  select=0.5892
Ep037  LR0=6.94e-05  pw=1.21  aucα=0.300  token_p=0.020  dropE=(0.020,0.080)  smooth=0.010  train_loss=0.1562  train_AUPR_all=0.8330  train_AUPR_ab=0.8685  train_AUPR_ag=0.7822  train_P@5_ab=1.0000  train_P@5_ag=0.9500  val_loss=0.3226  val_AUPR_all=0.6052  val_AUPR_ab=0.7668  val_AUPR_ag=0.3987  val_P@5_ab=0.9500  val_P@5_ag=0.5500  select=0.5828
Ep038  LR0=6.45e-05  pw=1.19  aucα=0.300  token_p=0.020  dropE=(0.020,0.080)  smooth=0.010  train_loss=0.1545  train_AUPR_all=0.8337  train_AUPR_ab=0.8708  train_AUPR_ag=0.7800  train_P@5_ab=0.9500  train_P@5_ag=1.0000  val_loss=0.3315  val_AUPR_all=0.5910  val_AUPR_ab=0.7614  val_AUPR_ag=0.3841  val_P@5_ab=1.0000  val_P@5_ag=0.4000  select=0.5728
Ep039  LR0=5.97e-05  pw=1.16  aucα=0.300  token_p=0.020  dropE=(0.020,0.080)  smooth=0.010  train_loss=0.1496  train_AUPR_all=0.8418  train_AUPR_ab=0.8737  train_AUPR_ag=0.7967  train_P@5_ab=1.0000  train_P@5_ag=1.0000  val_loss=0.3136  val_AUPR_all=0.6057  val_AUPR_ab=0.7679  val_AUPR_ag=0.3813  val_P@5_ab=0.9500  val_P@5_ag=0.5000  select=0.5746
Ep040  LR0=5.50e-05  pw=1.15  aucα=0.300  token_p=0.020  dropE=(0.020,0.080)  smooth=0.010  train_loss=0.1445  train_AUPR_all=0.8495  train_AUPR_ab=0.8825  train_AUPR_ag=0.8024  train_P@5_ab=1.0000  train_P@5_ag=1.0000  val_loss=0.3263  val_AUPR_all=0.6013  val_AUPR_ab=0.7645  val_AUPR_ag=0.3807  val_P@5_ab=0.9500  val_P@5_ag=0.4000  select=0.5726
Ep041  LR0=5.04e-05  pw=1.13  aucα=0.300  token_p=0.020  dropE=(0.020,0.080)  smooth=0.010  train_loss=0.1429  train_AUPR_all=0.8512  train_AUPR_ab=0.8827  train_AUPR_ag=0.8063  train_P@5_ab=1.0000  train_P@5_ag=1.0000  val_loss=0.3144  val_AUPR_all=0.6099  val_AUPR_ab=0.7685  val_AUPR_ag=0.4039  val_P@5_ab=1.0000  val_P@5_ag=0.5500  select=0.5862
Ep042  LR0=4.59e-05  pw=1.11  aucα=0.300  token_p=0.020  dropE=(0.020,0.080)  smooth=0.010  train_loss=0.1376  train_AUPR_all=0.8597  train_AUPR_ab=0.8907  train_AUPR_ag=0.8152  train_P@5_ab=1.0000  train_P@5_ag=0.9500  val_loss=0.3147  val_AUPR_all=0.6051  val_AUPR_ab=0.7648  val_AUPR_ag=0.3905  val_P@5_ab=0.8500  val_P@5_ag=0.4000  select=0.5777
Ep043  LR0=4.16e-05  pw=1.10  aucα=0.300  token_p=0.020  dropE=(0.020,0.080)  smooth=0.010  train_loss=0.1352  train_AUPR_all=0.8632  train_AUPR_ab=0.8939  train_AUPR_ag=0.8191  train_P@5_ab=1.0000  train_P@5_ag=1.0000  val_loss=0.3170  val_AUPR_all=0.6007  val_AUPR_ab=0.7635  val_AUPR_ag=0.3948  val_P@5_ab=0.9500  val_P@5_ag=0.4500  select=0.5791
Ep044  LR0=3.75e-05  pw=1.09  aucα=0.300  token_p=0.020  dropE=(0.020,0.080)  smooth=0.010  train_loss=0.1315  train_AUPR_all=0.8680  train_AUPR_ab=0.8994  train_AUPR_ag=0.8224  train_P@5_ab=1.0000  train_P@5_ag=1.0000  val_loss=0.3175  val_AUPR_all=0.6078  val_AUPR_ab=0.7633  val_AUPR_ag=0.4005  val_P@5_ab=1.0000  val_P@5_ag=0.4500  select=0.5819
Ep045  LR0=3.35e-05  pw=1.08  aucα=0.300  token_p=0.020  dropE=(0.020,0.080)  smooth=0.010  train_loss=0.1260  train_AUPR_all=0.8772  train_AUPR_ab=0.9059  train_AUPR_ag=0.8356  train_P@5_ab=1.0000  train_P@5_ag=1.0000  val_loss=0.3121  val_AUPR_all=0.6037  val_AUPR_ab=0.7638  val_AUPR_ag=0.4007  val_P@5_ab=0.9500  val_P@5_ag=0.3500  select=0.5823
Ep046  LR0=2.97e-05  pw=1.07  aucα=0.300  token_p=0.020  dropE=(0.020,0.080)  smooth=0.010  train_loss=0.1235  train_AUPR_all=0.8803  train_AUPR_ab=0.9096  train_AUPR_ag=0.8378  train_P@5_ab=1.0000  train_P@5_ag=0.9500  val_loss=0.3138  val_AUPR_all=0.6085  val_AUPR_ab=0.7609  val_AUPR_ag=0.4032  val_P@5_ab=0.8500  val_P@5_ag=0.5000  select=0.5820
Ep047  LR0=2.61e-05  pw=1.06  aucα=0.300  token_p=0.020  dropE=(0.020,0.080)  smooth=0.010  train_loss=0.1206  train_AUPR_all=0.8852  train_AUPR_ab=0.9119  train_AUPR_ag=0.8466  train_P@5_ab=1.0000  train_P@5_ag=1.0000  val_loss=0.3241  val_AUPR_all=0.6008  val_AUPR_ab=0.7606  val_AUPR_ag=0.3922  val_P@5_ab=0.8500  val_P@5_ag=0.4500  select=0.5764
Ep048  LR0=2.27e-05  pw=1.05  aucα=0.300  token_p=0.020  dropE=(0.020,0.080)  smooth=0.010  train_loss=0.1233  train_AUPR_all=0.8805  train_AUPR_ab=0.9074  train_AUPR_ag=0.8419  train_P@5_ab=1.0000  train_P@5_ag=1.0000  val_loss=0.3172  val_AUPR_all=0.6050  val_AUPR_ab=0.7662  val_AUPR_ag=0.3845  val_P@5_ab=0.9000  val_P@5_ag=0.4000  select=0.5753
Ep049  LR0=1.96e-05  pw=1.05  aucα=0.300  token_p=0.020  dropE=(0.020,0.080)  smooth=0.010  train_loss=0.1185  train_AUPR_all=0.8877  train_AUPR_ab=0.9123  train_AUPR_ag=0.8523  train_P@5_ab=1.0000  train_P@5_ag=1.0000  val_loss=0.3189  val_AUPR_all=0.6048  val_AUPR_ab=0.7665  val_AUPR_ag=0.3977  val_P@5_ab=0.9500  val_P@5_ag=0.4000  select=0.5821
Ep050  LR0=1.66e-05  pw=1.04  aucα=0.300  token_p=0.020  dropE=(0.020,0.080)  smooth=0.010  train_loss=0.1192  train_AUPR_all=0.8857  train_AUPR_ab=0.9112  train_AUPR_ag=0.8487  train_P@5_ab=0.9500  train_P@5_ag=1.0000  val_loss=0.3143  val_AUPR_all=0.6038  val_AUPR_ab=0.7630  val_AUPR_ag=0.3924  val_P@5_ab=0.8500  val_P@5_ag=0.4500  select=0.5777
Ep051  LR0=1.39e-05  pw=1.04  aucα=0.300  token_p=0.020  dropE=(0.020,0.080)  smooth=0.010  train_loss=0.1201  train_AUPR_all=0.8841  train_AUPR_ab=0.9107  train_AUPR_ag=0.8457  train_P@5_ab=1.0000  train_P@5_ag=1.0000  val_loss=0.3142  val_AUPR_all=0.6044  val_AUPR_ab=0.7607  val_AUPR_ag=0.3987  val_P@5_ab=0.8500  val_P@5_ag=0.4000  select=0.5797
Early stopping at epoch 51. Best select=0.5978 at epoch 31.
Final saved checkpoint for fold 2: checkpoints_old/iPara_balanced_l1_g6_i5_do0.10_dpr0.10_lr0.0002_heads16_fold2.pth
Best select=0.5978 at epoch 31

==========================================================================================
Fold 3/10
==========================================================================================
Train labels: valid=450158, pos=29827, neg=420331, ignore=785042, pos_frac=0.06626
Val labels: valid=50034, pos=3403, neg=46631, ignore=87566, pos_frac=0.06801
Initializing ClassificationModel with 6 GAT layers and residual connections...
Initializing MCModel with 6 GAT layers and 5 row attention layers (drop_path_rate=0.1)
Initializing CoreModel with 1 layers, drop_path_rate=0.1
Ep001  LR0=2.00e-04  pw=20.00  aucα=0.000  token_p=0.020  dropE=(0.020,0.080)  smooth=0.010  train_loss=1.1151  train_AUPR_all=0.2116  train_AUPR_ab=0.2511  train_AUPR_ag=0.1559  train_P@5_ab=0.1500  train_P@5_ag=0.1500  val_loss=0.9960  val_AUPR_all=0.4455  val_AUPR_ab=0.5243  val_AUPR_ag=0.3120  val_P@5_ab=0.7000  val_P@5_ag=0.8500  select=0.4182
  Saved checkpoint: checkpoints_old/iPara_balanced_l1_g6_i5_do0.10_dpr0.10_lr0.0002_heads16_fold3.pth  select=0.4182  val_ab=0.5243  val_ag=0.3120  val_all=0.4455
Ep002  LR0=2.00e-04  pw=17.77  aucα=0.000  token_p=0.020  dropE=(0.020,0.080)  smooth=0.010  train_loss=0.7669  train_AUPR_all=0.3930  train_AUPR_ab=0.4768  train_AUPR_ag=0.2511  train_P@5_ab=0.4000  train_P@5_ag=0.9000  val_loss=1.0002  val_AUPR_all=0.4734  val_AUPR_ab=0.5761  val_AUPR_ag=0.3219  val_P@5_ab=0.8500  val_P@5_ag=0.8000  select=0.4490
  Saved checkpoint: checkpoints_old/iPara_balanced_l1_g6_i5_do0.10_dpr0.10_lr0.0002_heads16_fold3.pth  select=0.4490  val_ab=0.5761  val_ag=0.3219  val_all=0.4734
Ep003  LR0=1.99e-04  pw=15.80  aucα=0.000  token_p=0.020  dropE=(0.020,0.080)  smooth=0.010  train_loss=0.6821  train_AUPR_all=0.4622  train_AUPR_ab=0.5535  train_AUPR_ag=0.3057  train_P@5_ab=0.8000  train_P@5_ag=0.7000  val_loss=0.9188  val_AUPR_all=0.4381  val_AUPR_ab=0.5302  val_AUPR_ag=0.3025  val_P@5_ab=0.9000  val_P@5_ag=0.8000  select=0.4163
Ep004  LR0=1.99e-04  pw=14.06  aucα=0.000  token_p=0.020  dropE=(0.020,0.080)  smooth=0.010  train_loss=0.6347  train_AUPR_all=0.4661  train_AUPR_ab=0.5571  train_AUPR_ag=0.3088  train_P@5_ab=0.8000  train_P@5_ag=1.0000  val_loss=0.8314  val_AUPR_all=0.5353  val_AUPR_ab=0.6346  val_AUPR_ag=0.3743  val_P@5_ab=0.8500  val_P@5_ag=0.9500  select=0.5045
  Saved checkpoint: checkpoints_old/iPara_balanced_l1_g6_i5_do0.10_dpr0.10_lr0.0002_heads16_fold3.pth  select=0.5045  val_ab=0.6346  val_ag=0.3743  val_all=0.5353
Unfreezing DyM parameters.
Ep005  LR0=1.98e-04  pw=12.52  aucα=0.000  token_p=0.020  dropE=(0.020,0.080)  smooth=0.010  train_loss=0.5884  train_AUPR_all=0.4923  train_AUPR_ab=0.5860  train_AUPR_ag=0.3307  train_P@5_ab=0.9000  train_P@5_ag=0.7000  val_loss=0.7807  val_AUPR_all=0.5365  val_AUPR_ab=0.6406  val_AUPR_ag=0.3698  val_P@5_ab=0.8000  val_P@5_ag=0.7000  select=0.5052
  Saved checkpoint: checkpoints_old/iPara_balanced_l1_g6_i5_do0.10_dpr0.10_lr0.0002_heads16_fold3.pth  select=0.5052  val_ab=0.6406  val_ag=0.3698  val_all=0.5365
Ep006  LR0=1.97e-04  pw=11.17  aucα=0.000  token_p=0.020  dropE=(0.020,0.080)  smooth=0.010  train_loss=0.5403  train_AUPR_all=0.5232  train_AUPR_ab=0.6228  train_AUPR_ag=0.3544  train_P@5_ab=0.9000  train_P@5_ag=0.8500  val_loss=0.7313  val_AUPR_all=0.5572  val_AUPR_ab=0.6576  val_AUPR_ag=0.3812  val_P@5_ab=0.8000  val_P@5_ag=1.0000  select=0.5194
  Saved checkpoint: checkpoints_old/iPara_balanced_l1_g6_i5_do0.10_dpr0.10_lr0.0002_heads16_fold3.pth  select=0.5194  val_ab=0.6576  val_ag=0.3812  val_all=0.5572
Ep007  LR0=1.95e-04  pw=9.97  aucα=0.000  token_p=0.020  dropE=(0.020,0.080)  smooth=0.010  train_loss=0.5090  train_AUPR_all=0.5307  train_AUPR_ab=0.6257  train_AUPR_ag=0.3647  train_P@5_ab=0.8000  train_P@5_ag=1.0000  val_loss=0.6926  val_AUPR_all=0.5679  val_AUPR_ab=0.6659  val_AUPR_ag=0.4093  val_P@5_ab=0.8500  val_P@5_ag=1.0000  select=0.5376
  Saved checkpoint: checkpoints_old/iPara_balanced_l1_g6_i5_do0.10_dpr0.10_lr0.0002_heads16_fold3.pth  select=0.5376  val_ab=0.6659  val_ag=0.4093  val_all=0.5679
Ep008  LR0=1.93e-04  pw=8.92  aucα=0.000  token_p=0.020  dropE=(0.020,0.080)  smooth=0.010  train_loss=0.4740  train_AUPR_all=0.5414  train_AUPR_ab=0.6358  train_AUPR_ag=0.3742  train_P@5_ab=0.7500  train_P@5_ag=0.7000  val_loss=0.6470  val_AUPR_all=0.5659  val_AUPR_ab=0.6652  val_AUPR_ag=0.3967  val_P@5_ab=0.6500  val_P@5_ag=0.9500  select=0.5310
Ep009  LR0=1.91e-04  pw=7.99  aucα=0.000  token_p=0.020  dropE=(0.020,0.080)  smooth=0.010  train_loss=0.4379  train_AUPR_all=0.5556  train_AUPR_ab=0.6561  train_AUPR_ag=0.3839  train_P@5_ab=0.9500  train_P@5_ag=0.8000  val_loss=0.6268  val_AUPR_all=0.5694  val_AUPR_ab=0.6858  val_AUPR_ag=0.4075  val_P@5_ab=0.7500  val_P@5_ag=1.0000  select=0.5467
  Saved checkpoint: checkpoints_old/iPara_balanced_l1_g6_i5_do0.10_dpr0.10_lr0.0002_heads16_fold3.pth  select=0.5467  val_ab=0.6858  val_ag=0.4075  val_all=0.5694
Ep010  LR0=1.89e-04  pw=7.17  aucα=0.030  token_p=0.020  dropE=(0.020,0.080)  smooth=0.010  train_loss=0.4233  train_AUPR_all=0.5694  train_AUPR_ab=0.6733  train_AUPR_ag=0.3942  train_P@5_ab=0.9500  train_P@5_ag=0.9500  val_loss=0.5829  val_AUPR_all=0.5883  val_AUPR_ab=0.6960  val_AUPR_ag=0.4092  val_P@5_ab=0.8500  val_P@5_ag=0.9500  select=0.5526
  Saved checkpoint: checkpoints_old/iPara_balanced_l1_g6_i5_do0.10_dpr0.10_lr0.0002_heads16_fold3.pth  select=0.5526  val_ab=0.6960  val_ag=0.4092  val_all=0.5883
Ep011  LR0=1.87e-04  pw=6.44  aucα=0.060  token_p=0.020  dropE=(0.020,0.080)  smooth=0.010  train_loss=0.4149  train_AUPR_all=0.5774  train_AUPR_ab=0.6818  train_AUPR_ag=0.4033  train_P@5_ab=0.8500  train_P@5_ag=0.7000  val_loss=0.5714  val_AUPR_all=0.5919  val_AUPR_ab=0.6950  val_AUPR_ag=0.4302  val_P@5_ab=0.9000  val_P@5_ag=1.0000  select=0.5626
  Saved checkpoint: checkpoints_old/iPara_balanced_l1_g6_i5_do0.10_dpr0.10_lr0.0002_heads16_fold3.pth  select=0.5626  val_ab=0.6950  val_ag=0.4302  val_all=0.5919
Ep012  LR0=1.84e-04  pw=5.80  aucα=0.090  token_p=0.020  dropE=(0.020,0.080)  smooth=0.010  train_loss=0.4014  train_AUPR_all=0.5929  train_AUPR_ab=0.6966  train_AUPR_ag=0.4177  train_P@5_ab=0.9500  train_P@5_ag=0.9000  val_loss=0.5431  val_AUPR_all=0.6034  val_AUPR_ab=0.7149  val_AUPR_ag=0.4312  val_P@5_ab=0.7500  val_P@5_ag=1.0000  select=0.5731
  Saved checkpoint: checkpoints_old/iPara_balanced_l1_g6_i5_do0.10_dpr0.10_lr0.0002_heads16_fold3.pth  select=0.5731  val_ab=0.7149  val_ag=0.4312  val_all=0.6034
Ep013  LR0=1.81e-04  pw=5.24  aucα=0.120  token_p=0.020  dropE=(0.020,0.080)  smooth=0.010  train_loss=0.3888  train_AUPR_all=0.6018  train_AUPR_ab=0.7102  train_AUPR_ag=0.4244  train_P@5_ab=1.0000  train_P@5_ag=0.9500  val_loss=0.5013  val_AUPR_all=0.6122  val_AUPR_ab=0.7234  val_AUPR_ag=0.4311  val_P@5_ab=0.8500  val_P@5_ag=1.0000  select=0.5773
  Saved checkpoint: checkpoints_old/iPara_balanced_l1_g6_i5_do0.10_dpr0.10_lr0.0002_heads16_fold3.pth  select=0.5773  val_ab=0.7234  val_ag=0.4311  val_all=0.6122
Ep014  LR0=1.78e-04  pw=4.74  aucα=0.150  token_p=0.020  dropE=(0.020,0.080)  smooth=0.010  train_loss=0.3838  train_AUPR_all=0.6040  train_AUPR_ab=0.7056  train_AUPR_ag=0.4370  train_P@5_ab=0.8500  train_P@5_ag=0.8000  val_loss=0.4963  val_AUPR_all=0.6107  val_AUPR_ab=0.7308  val_AUPR_ag=0.4250  val_P@5_ab=0.8500  val_P@5_ag=1.0000  select=0.5779
  Saved checkpoint: checkpoints_old/iPara_balanced_l1_g6_i5_do0.10_dpr0.10_lr0.0002_heads16_fold3.pth  select=0.5779  val_ab=0.7308  val_ag=0.4250  val_all=0.6107
Ep015  LR0=1.74e-04  pw=4.30  aucα=0.180  token_p=0.020  dropE=(0.020,0.080)  smooth=0.010  train_loss=0.3759  train_AUPR_all=0.6154  train_AUPR_ab=0.7158  train_AUPR_ag=0.4499  train_P@5_ab=1.0000  train_P@5_ag=0.9500  val_loss=0.4921  val_AUPR_all=0.6038  val_AUPR_ab=0.7340  val_AUPR_ag=0.4198  val_P@5_ab=0.9000  val_P@5_ag=1.0000  select=0.5769
Ep016  LR0=1.71e-04  pw=3.91  aucα=0.210  token_p=0.020  dropE=(0.020,0.080)  smooth=0.010  train_loss=0.3647  train_AUPR_all=0.6290  train_AUPR_ab=0.7277  train_AUPR_ag=0.4719  train_P@5_ab=0.9500  train_P@5_ag=1.0000  val_loss=0.4642  val_AUPR_all=0.6163  val_AUPR_ab=0.7392  val_AUPR_ag=0.4324  val_P@5_ab=0.8000  val_P@5_ag=0.9500  select=0.5858
  Saved checkpoint: checkpoints_old/iPara_balanced_l1_g6_i5_do0.10_dpr0.10_lr0.0002_heads16_fold3.pth  select=0.5858  val_ab=0.7392  val_ag=0.4324  val_all=0.6163
Ep017  LR0=1.67e-04  pw=3.57  aucα=0.240  token_p=0.020  dropE=(0.020,0.080)  smooth=0.010  train_loss=0.3601  train_AUPR_all=0.6347  train_AUPR_ab=0.7328  train_AUPR_ag=0.4764  train_P@5_ab=0.9500  train_P@5_ag=1.0000  val_loss=0.4237  val_AUPR_all=0.6165  val_AUPR_ab=0.7357  val_AUPR_ag=0.4347  val_P@5_ab=0.9000  val_P@5_ag=1.0000  select=0.5852
Ep018  LR0=1.63e-04  pw=3.27  aucα=0.270  token_p=0.020  dropE=(0.020,0.080)  smooth=0.010  train_loss=0.3507  train_AUPR_all=0.6483  train_AUPR_ab=0.7430  train_AUPR_ag=0.4973  train_P@5_ab=0.9500  train_P@5_ag=1.0000  val_loss=0.4210  val_AUPR_all=0.6132  val_AUPR_ab=0.7335  val_AUPR_ag=0.4217  val_P@5_ab=0.9000  val_P@5_ag=1.0000  select=0.5776
Ep019  LR0=1.59e-04  pw=3.00  aucα=0.300  token_p=0.020  dropE=(0.020,0.080)  smooth=0.010  train_loss=0.3442  train_AUPR_all=0.6576  train_AUPR_ab=0.7504  train_AUPR_ag=0.5109  train_P@5_ab=0.9500  train_P@5_ag=0.9500  val_loss=0.4367  val_AUPR_all=0.6144  val_AUPR_ab=0.7395  val_AUPR_ag=0.4313  val_P@5_ab=0.8500  val_P@5_ag=1.0000  select=0.5854
Ep020  LR0=1.55e-04  pw=2.77  aucα=0.300  token_p=0.020  dropE=(0.020,0.080)  smooth=0.010  train_loss=0.3254  train_AUPR_all=0.6708  train_AUPR_ab=0.7625  train_AUPR_ag=0.5295  train_P@5_ab=1.0000  train_P@5_ag=0.9500  val_loss=0.4104  val_AUPR_all=0.6196  val_AUPR_ab=0.7518  val_AUPR_ag=0.4271  val_P@5_ab=0.9500  val_P@5_ag=1.0000  select=0.5895
  Saved checkpoint: checkpoints_old/iPara_balanced_l1_g6_i5_do0.10_dpr0.10_lr0.0002_heads16_fold3.pth  select=0.5895  val_ab=0.7518  val_ag=0.4271  val_all=0.6196
Ep021  LR0=1.50e-04  pw=2.56  aucα=0.300  token_p=0.020  dropE=(0.020,0.080)  smooth=0.010  train_loss=0.3082  train_AUPR_all=0.6818  train_AUPR_ab=0.7655  train_AUPR_ag=0.5544  train_P@5_ab=1.0000  train_P@5_ag=0.9500  val_loss=0.3916  val_AUPR_all=0.6144  val_AUPR_ab=0.7459  val_AUPR_ag=0.4235  val_P@5_ab=0.9500  val_P@5_ag=1.0000  select=0.5847
Ep022  LR0=1.46e-04  pw=2.38  aucα=0.300  token_p=0.020  dropE=(0.020,0.080)  smooth=0.010  train_loss=0.2935  train_AUPR_all=0.6922  train_AUPR_ab=0.7694  train_AUPR_ag=0.5750  train_P@5_ab=1.0000  train_P@5_ag=1.0000  val_loss=0.3960  val_AUPR_all=0.6263  val_AUPR_ab=0.7632  val_AUPR_ag=0.4294  val_P@5_ab=1.0000  val_P@5_ag=0.9500  select=0.5963
  Saved checkpoint: checkpoints_old/iPara_balanced_l1_g6_i5_do0.10_dpr0.10_lr0.0002_heads16_fold3.pth  select=0.5963  val_ab=0.7632  val_ag=0.4294  val_all=0.6263
Ep023  LR0=1.41e-04  pw=2.21  aucα=0.300  token_p=0.020  dropE=(0.020,0.080)  smooth=0.010  train_loss=0.2832  train_AUPR_all=0.6962  train_AUPR_ab=0.7738  train_AUPR_ag=0.5791  train_P@5_ab=1.0000  train_P@5_ag=0.9500  val_loss=0.3797  val_AUPR_all=0.6101  val_AUPR_ab=0.7597  val_AUPR_ag=0.4292  val_P@5_ab=0.9500  val_P@5_ag=0.9500  select=0.5944
Ep024  LR0=1.36e-04  pw=2.07  aucα=0.300  token_p=0.020  dropE=(0.020,0.080)  smooth=0.010  train_loss=0.2645  train_AUPR_all=0.7148  train_AUPR_ab=0.7884  train_AUPR_ag=0.6035  train_P@5_ab=0.9500  train_P@5_ag=1.0000  val_loss=0.3716  val_AUPR_all=0.6239  val_AUPR_ab=0.7505  val_AUPR_ag=0.4473  val_P@5_ab=0.9000  val_P@5_ag=0.9500  select=0.5989
  Saved checkpoint: checkpoints_old/iPara_balanced_l1_g6_i5_do0.10_dpr0.10_lr0.0002_heads16_fold3.pth  select=0.5989  val_ab=0.7505  val_ag=0.4473  val_all=0.6239
Ep025  LR0=1.31e-04  pw=1.95  aucα=0.300  token_p=0.020  dropE=(0.020,0.080)  smooth=0.010  train_loss=0.2531  train_AUPR_all=0.7254  train_AUPR_ab=0.7930  train_AUPR_ag=0.6258  train_P@5_ab=0.9500  train_P@5_ag=0.9500  val_loss=0.3727  val_AUPR_all=0.6252  val_AUPR_ab=0.7629  val_AUPR_ag=0.4375  val_P@5_ab=0.9500  val_P@5_ag=0.9500  select=0.6002
  Saved checkpoint: checkpoints_old/iPara_balanced_l1_g6_i5_do0.10_dpr0.10_lr0.0002_heads16_fold3.pth  select=0.6002  val_ab=0.7629  val_ag=0.4375  val_all=0.6252
Ep026  LR0=1.26e-04  pw=1.83  aucα=0.300  token_p=0.020  dropE=(0.020,0.080)  smooth=0.010  train_loss=0.2415  train_AUPR_all=0.7341  train_AUPR_ab=0.7957  train_AUPR_ag=0.6434  train_P@5_ab=1.0000  train_P@5_ag=1.0000  val_loss=0.3545  val_AUPR_all=0.6284  val_AUPR_ab=0.7618  val_AUPR_ag=0.4420  val_P@5_ab=1.0000  val_P@5_ag=1.0000  select=0.6019
  Saved checkpoint: checkpoints_old/iPara_balanced_l1_g6_i5_do0.10_dpr0.10_lr0.0002_heads16_fold3.pth  select=0.6019  val_ab=0.7618  val_ag=0.4420  val_all=0.6284
Ep027  LR0=1.21e-04  pw=1.74  aucα=0.300  token_p=0.020  dropE=(0.020,0.080)  smooth=0.010  train_loss=0.2313  train_AUPR_all=0.7437  train_AUPR_ab=0.8027  train_AUPR_ag=0.6574  train_P@5_ab=1.0000  train_P@5_ag=1.0000  val_loss=0.3398  val_AUPR_all=0.6414  val_AUPR_ab=0.7620  val_AUPR_ag=0.4640  val_P@5_ab=0.9500  val_P@5_ag=0.9500  select=0.6130
  Saved checkpoint: checkpoints_old/iPara_balanced_l1_g6_i5_do0.10_dpr0.10_lr0.0002_heads16_fold3.pth  select=0.6130  val_ab=0.7620  val_ag=0.4640  val_all=0.6414
Ep028  LR0=1.16e-04  pw=1.65  aucα=0.300  token_p=0.020  dropE=(0.020,0.080)  smooth=0.010  train_loss=0.2174  train_AUPR_all=0.7605  train_AUPR_ab=0.8156  train_AUPR_ag=0.6804  train_P@5_ab=0.9500  train_P@5_ag=0.9500  val_loss=0.3490  val_AUPR_all=0.6226  val_AUPR_ab=0.7735  val_AUPR_ag=0.4155  val_P@5_ab=1.0000  val_P@5_ag=0.9000  select=0.5945
Ep029  LR0=1.11e-04  pw=1.57  aucα=0.300  token_p=0.020  dropE=(0.020,0.080)  smooth=0.010  train_loss=0.2122  train_AUPR_all=0.7667  train_AUPR_ab=0.8204  train_AUPR_ag=0.6893  train_P@5_ab=1.0000  train_P@5_ag=1.0000  val_loss=0.3395  val_AUPR_all=0.6256  val_AUPR_ab=0.7702  val_AUPR_ag=0.4362  val_P@5_ab=0.9500  val_P@5_ag=1.0000  select=0.6032
Ep030  LR0=1.05e-04  pw=1.51  aucα=0.300  token_p=0.020  dropE=(0.020,0.080)  smooth=0.010  train_loss=0.2075  train_AUPR_all=0.7660  train_AUPR_ab=0.8164  train_AUPR_ag=0.6933  train_P@5_ab=1.0000  train_P@5_ag=0.9500  val_loss=0.3253  val_AUPR_all=0.6430  val_AUPR_ab=0.7791  val_AUPR_ag=0.4470  val_P@5_ab=0.9500  val_P@5_ag=0.9000  select=0.6130
Ep031  LR0=1.00e-04  pw=1.45  aucα=0.300  token_p=0.020  dropE=(0.020,0.080)  smooth=0.010  train_loss=0.1960  train_AUPR_all=0.7835  train_AUPR_ab=0.8326  train_AUPR_ag=0.7128  train_P@5_ab=1.0000  train_P@5_ag=1.0000  val_loss=0.3309  val_AUPR_all=0.6290  val_AUPR_ab=0.7702  val_AUPR_ag=0.4299  val_P@5_ab=1.0000  val_P@5_ag=0.9500  select=0.6001
Ep032  LR0=9.50e-05  pw=1.39  aucα=0.300  token_p=0.020  dropE=(0.020,0.080)  smooth=0.010  train_loss=0.1892  train_AUPR_all=0.7898  train_AUPR_ab=0.8336  train_AUPR_ag=0.7279  train_P@5_ab=1.0000  train_P@5_ag=1.0000  val_loss=0.3282  val_AUPR_all=0.6317  val_AUPR_ab=0.7797  val_AUPR_ag=0.4192  val_P@5_ab=0.9500  val_P@5_ag=0.7000  select=0.5994
Ep033  LR0=8.98e-05  pw=1.35  aucα=0.300  token_p=0.020  dropE=(0.020,0.080)  smooth=0.010  train_loss=0.1830  train_AUPR_all=0.7964  train_AUPR_ab=0.8390  train_AUPR_ag=0.7360  train_P@5_ab=1.0000  train_P@5_ag=0.9500  val_loss=0.3195  val_AUPR_all=0.6455  val_AUPR_ab=0.7795  val_AUPR_ag=0.4492  val_P@5_ab=0.9000  val_P@5_ag=0.9000  select=0.6143
  Saved checkpoint: checkpoints_old/iPara_balanced_l1_g6_i5_do0.10_dpr0.10_lr0.0002_heads16_fold3.pth  select=0.6143  val_ab=0.7795  val_ag=0.4492  val_all=0.6455
Ep034  LR0=8.46e-05  pw=1.31  aucα=0.300  token_p=0.020  dropE=(0.020,0.080)  smooth=0.010  train_loss=0.1763  train_AUPR_all=0.8058  train_AUPR_ab=0.8478  train_AUPR_ag=0.7456  train_P@5_ab=1.0000  train_P@5_ag=0.9500  val_loss=0.3204  val_AUPR_all=0.6420  val_AUPR_ab=0.7814  val_AUPR_ag=0.4521  val_P@5_ab=0.9500  val_P@5_ag=0.9500  select=0.6167
  Saved checkpoint: checkpoints_old/iPara_balanced_l1_g6_i5_do0.10_dpr0.10_lr0.0002_heads16_fold3.pth  select=0.6167  val_ab=0.7814  val_ag=0.4521  val_all=0.6420
Ep035  LR0=7.95e-05  pw=1.27  aucα=0.300  token_p=0.020  dropE=(0.020,0.080)  smooth=0.010  train_loss=0.1718  train_AUPR_all=0.8093  train_AUPR_ab=0.8477  train_AUPR_ag=0.7549  train_P@5_ab=1.0000  train_P@5_ag=0.9500  val_loss=0.3191  val_AUPR_all=0.6233  val_AUPR_ab=0.7791  val_AUPR_ag=0.4267  val_P@5_ab=0.9500  val_P@5_ag=0.7500  select=0.6029
Ep036  LR0=7.44e-05  pw=1.24  aucα=0.300  token_p=0.020  dropE=(0.020,0.080)  smooth=0.010  train_loss=0.1667  train_AUPR_all=0.8178  train_AUPR_ab=0.8577  train_AUPR_ag=0.7607  train_P@5_ab=1.0000  train_P@5_ag=1.0000  val_loss=0.3166  val_AUPR_all=0.6286  val_AUPR_ab=0.7706  val_AUPR_ag=0.4405  val_P@5_ab=1.0000  val_P@5_ag=0.9500  select=0.6055
Ep037  LR0=6.94e-05  pw=1.21  aucα=0.300  token_p=0.020  dropE=(0.020,0.080)  smooth=0.010  train_loss=0.1573  train_AUPR_all=0.8318  train_AUPR_ab=0.8675  train_AUPR_ag=0.7813  train_P@5_ab=1.0000  train_P@5_ag=0.9500  val_loss=0.3299  val_AUPR_all=0.6271  val_AUPR_ab=0.7751  val_AUPR_ag=0.4303  val_P@5_ab=1.0000  val_P@5_ag=0.8500  select=0.6027
Ep038  LR0=6.45e-05  pw=1.19  aucα=0.300  token_p=0.020  dropE=(0.020,0.080)  smooth=0.010  train_loss=0.1540  train_AUPR_all=0.8345  train_AUPR_ab=0.8701  train_AUPR_ag=0.7840  train_P@5_ab=1.0000  train_P@5_ag=1.0000  val_loss=0.3308  val_AUPR_all=0.6208  val_AUPR_ab=0.7783  val_AUPR_ag=0.4165  val_P@5_ab=0.9500  val_P@5_ag=0.8500  select=0.5974
Ep039  LR0=5.97e-05  pw=1.16  aucα=0.300  token_p=0.020  dropE=(0.020,0.080)  smooth=0.010  train_loss=0.1499  train_AUPR_all=0.8415  train_AUPR_ab=0.8768  train_AUPR_ag=0.7907  train_P@5_ab=1.0000  train_P@5_ag=1.0000  val_loss=0.3090  val_AUPR_all=0.6396  val_AUPR_ab=0.7815  val_AUPR_ag=0.4419  val_P@5_ab=0.9500  val_P@5_ag=0.8500  select=0.6117
Ep040  LR0=5.50e-05  pw=1.15  aucα=0.300  token_p=0.020  dropE=(0.020,0.080)  smooth=0.010  train_loss=0.1445  train_AUPR_all=0.8491  train_AUPR_ab=0.8810  train_AUPR_ag=0.8037  train_P@5_ab=1.0000  train_P@5_ag=1.0000  val_loss=0.3177  val_AUPR_all=0.6348  val_AUPR_ab=0.7811  val_AUPR_ag=0.4374  val_P@5_ab=1.0000  val_P@5_ag=0.7000  select=0.6093
Ep041  LR0=5.04e-05  pw=1.13  aucα=0.300  token_p=0.020  dropE=(0.020,0.080)  smooth=0.010  train_loss=0.1400  train_AUPR_all=0.8562  train_AUPR_ab=0.8883  train_AUPR_ag=0.8106  train_P@5_ab=1.0000  train_P@5_ag=1.0000  val_loss=0.3155  val_AUPR_all=0.6359  val_AUPR_ab=0.7776  val_AUPR_ag=0.4383  val_P@5_ab=1.0000  val_P@5_ag=0.8500  select=0.6080
Ep042  LR0=4.59e-05  pw=1.11  aucα=0.300  token_p=0.020  dropE=(0.020,0.080)  smooth=0.010  train_loss=0.1405  train_AUPR_all=0.8544  train_AUPR_ab=0.8872  train_AUPR_ag=0.8072  train_P@5_ab=1.0000  train_P@5_ag=1.0000  val_loss=0.3067  val_AUPR_all=0.6382  val_AUPR_ab=0.7748  val_AUPR_ag=0.4513  val_P@5_ab=0.9500  val_P@5_ag=0.9500  select=0.6131
Ep043  LR0=4.16e-05  pw=1.10  aucα=0.300  token_p=0.020  dropE=(0.020,0.080)  smooth=0.010  train_loss=0.1359  train_AUPR_all=0.8616  train_AUPR_ab=0.8931  train_AUPR_ag=0.8163  train_P@5_ab=1.0000  train_P@5_ag=1.0000  val_loss=0.3061  val_AUPR_all=0.6376  val_AUPR_ab=0.7718  val_AUPR_ag=0.4563  val_P@5_ab=0.9000  val_P@5_ag=0.9500  select=0.6141
Ep044  LR0=3.75e-05  pw=1.09  aucα=0.300  token_p=0.020  dropE=(0.020,0.080)  smooth=0.010  train_loss=0.1316  train_AUPR_all=0.8676  train_AUPR_ab=0.8979  train_AUPR_ag=0.8243  train_P@5_ab=1.0000  train_P@5_ag=1.0000  val_loss=0.3210  val_AUPR_all=0.6283  val_AUPR_ab=0.7696  val_AUPR_ag=0.4412  val_P@5_ab=0.9000  val_P@5_ag=0.9000  select=0.6054
Ep045  LR0=3.35e-05  pw=1.08  aucα=0.300  token_p=0.020  dropE=(0.020,0.080)  smooth=0.010  train_loss=0.1296  train_AUPR_all=0.8696  train_AUPR_ab=0.8999  train_AUPR_ag=0.8257  train_P@5_ab=1.0000  train_P@5_ag=1.0000  val_loss=0.3185  val_AUPR_all=0.6298  val_AUPR_ab=0.7711  val_AUPR_ag=0.4418  val_P@5_ab=0.9500  val_P@5_ag=0.9500  select=0.6065
Ep046  LR0=2.97e-05  pw=1.07  aucα=0.300  token_p=0.020  dropE=(0.020,0.080)  smooth=0.010  train_loss=0.1304  train_AUPR_all=0.8679  train_AUPR_ab=0.8964  train_AUPR_ag=0.8269  train_P@5_ab=1.0000  train_P@5_ag=0.9500  val_loss=0.3111  val_AUPR_all=0.6350  val_AUPR_ab=0.7726  val_AUPR_ag=0.4443  val_P@5_ab=0.9000  val_P@5_ag=0.9000  select=0.6084
Ep047  LR0=2.61e-05  pw=1.06  aucα=0.300  token_p=0.020  dropE=(0.020,0.080)  smooth=0.010  train_loss=0.1240  train_AUPR_all=0.8783  train_AUPR_ab=0.9059  train_AUPR_ag=0.8386  train_P@5_ab=0.9000  train_P@5_ag=1.0000  val_loss=0.3151  val_AUPR_all=0.6312  val_AUPR_ab=0.7710  val_AUPR_ag=0.4442  val_P@5_ab=0.9000  val_P@5_ag=0.8500  select=0.6076
Ep048  LR0=2.27e-05  pw=1.05  aucα=0.300  token_p=0.020  dropE=(0.020,0.080)  smooth=0.010  train_loss=0.1211  train_AUPR_all=0.8833  train_AUPR_ab=0.9115  train_AUPR_ag=0.8425  train_P@5_ab=1.0000  train_P@5_ag=1.0000  val_loss=0.3131  val_AUPR_all=0.6366  val_AUPR_ab=0.7724  val_AUPR_ag=0.4519  val_P@5_ab=0.9000  val_P@5_ag=0.8500  select=0.6121
Ep049  LR0=1.96e-05  pw=1.05  aucα=0.300  token_p=0.020  dropE=(0.020,0.080)  smooth=0.010  train_loss=0.1202  train_AUPR_all=0.8834  train_AUPR_ab=0.9100  train_AUPR_ag=0.8452  train_P@5_ab=1.0000  train_P@5_ag=1.0000  val_loss=0.3199  val_AUPR_all=0.6301  val_AUPR_ab=0.7709  val_AUPR_ag=0.4381  val_P@5_ab=0.9000  val_P@5_ag=0.9500  select=0.6045
Ep050  LR0=1.66e-05  pw=1.04  aucα=0.300  token_p=0.020  dropE=(0.020,0.080)  smooth=0.010  train_loss=0.1226  train_AUPR_all=0.8799  train_AUPR_ab=0.9065  train_AUPR_ag=0.8418  train_P@5_ab=1.0000  train_P@5_ag=1.0000  val_loss=0.3183  val_AUPR_all=0.6301  val_AUPR_ab=0.7726  val_AUPR_ag=0.4383  val_P@5_ab=0.9000  val_P@5_ag=0.8500  select=0.6055
Ep051  LR0=1.39e-05  pw=1.04  aucα=0.300  token_p=0.020  dropE=(0.020,0.080)  smooth=0.010  train_loss=0.1181  train_AUPR_all=0.8878  train_AUPR_ab=0.9147  train_AUPR_ag=0.8490  train_P@5_ab=1.0000  train_P@5_ag=1.0000  val_loss=0.3186  val_AUPR_all=0.6284  val_AUPR_ab=0.7677  val_AUPR_ag=0.4413  val_P@5_ab=0.9000  val_P@5_ag=0.8500  select=0.6045
Ep052  LR0=1.14e-05  pw=1.03  aucα=0.300  token_p=0.020  dropE=(0.020,0.080)  smooth=0.010  train_loss=0.1184  train_AUPR_all=0.8857  train_AUPR_ab=0.9109  train_AUPR_ag=0.8495  train_P@5_ab=1.0000  train_P@5_ag=1.0000  val_loss=0.3161  val_AUPR_all=0.6266  val_AUPR_ab=0.7716  val_AUPR_ag=0.4337  val_P@5_ab=0.8500  val_P@5_ag=0.8500  select=0.6027
Ep053  LR0=9.12e-06  pw=1.03  aucα=0.300  token_p=0.020  dropE=(0.020,0.080)  smooth=0.010  train_loss=0.1185  train_AUPR_all=0.8864  train_AUPR_ab=0.9135  train_AUPR_ag=0.8473  train_P@5_ab=1.0000  train_P@5_ag=1.0000  val_loss=0.3172  val_AUPR_all=0.6303  val_AUPR_ab=0.7705  val_AUPR_ag=0.4436  val_P@5_ab=0.9000  val_P@5_ag=0.9000  select=0.6070
Ep054  LR0=7.13e-06  pw=1.03  aucα=0.300  token_p=0.020  dropE=(0.020,0.080)  smooth=0.010  train_loss=0.1145  train_AUPR_all=0.8926  train_AUPR_ab=0.9191  train_AUPR_ag=0.8536  train_P@5_ab=1.0000  train_P@5_ag=1.0000  val_loss=0.3162  val_AUPR_all=0.6312  val_AUPR_ab=0.7700  val_AUPR_ag=0.4409  val_P@5_ab=0.8500  val_P@5_ag=0.9000  select=0.6055
Early stopping at epoch 54. Best select=0.6167 at epoch 34.
Final saved checkpoint for fold 3: checkpoints_old/iPara_balanced_l1_g6_i5_do0.10_dpr0.10_lr0.0002_heads16_fold3.pth
Best select=0.6167 at epoch 34

==========================================================================================
Fold 4/10
==========================================================================================
Train labels: valid=450868, pos=30053, neg=420815, ignore=784332, pos_frac=0.06666
Val labels: valid=49324, pos=3177, neg=46147, ignore=88276, pos_frac=0.06441
Initializing ClassificationModel with 6 GAT layers and residual connections...
Initializing MCModel with 6 GAT layers and 5 row attention layers (drop_path_rate=0.1)
Initializing CoreModel with 1 layers, drop_path_rate=0.1
Ep001  LR0=2.00e-04  pw=20.00  aucα=0.000  token_p=0.020  dropE=(0.020,0.080)  smooth=0.010  train_loss=1.1982  train_AUPR_all=0.2191  train_AUPR_ab=0.2621  train_AUPR_ag=0.1560  train_P@5_ab=0.4500  train_P@5_ag=0.4500  val_loss=0.9994  val_AUPR_all=0.4339  val_AUPR_ab=0.5226  val_AUPR_ag=0.3364  val_P@5_ab=0.8500  val_P@5_ag=0.9000  select=0.4295
  Saved checkpoint: checkpoints_old/iPara_balanced_l1_g6_i5_do0.10_dpr0.10_lr0.0002_heads16_fold4.pth  select=0.4295  val_ab=0.5226  val_ag=0.3364  val_all=0.4339
Ep002  LR0=2.00e-04  pw=17.77  aucα=0.000  token_p=0.020  dropE=(0.020,0.080)  smooth=0.010  train_loss=0.7824  train_AUPR_all=0.3936  train_AUPR_ab=0.4792  train_AUPR_ag=0.2508  train_P@5_ab=0.7500  train_P@5_ag=0.8000  val_loss=0.8903  val_AUPR_all=0.5034  val_AUPR_ab=0.5680  val_AUPR_ag=0.3656  val_P@5_ab=0.9000  val_P@5_ag=1.0000  select=0.4668
  Saved checkpoint: checkpoints_old/iPara_balanced_l1_g6_i5_do0.10_dpr0.10_lr0.0002_heads16_fold4.pth  select=0.4668  val_ab=0.5680  val_ag=0.3656  val_all=0.5034
Ep003  LR0=1.99e-04  pw=15.80  aucα=0.000  token_p=0.020  dropE=(0.020,0.080)  smooth=0.010  train_loss=0.6914  train_AUPR_all=0.4519  train_AUPR_ab=0.5380  train_AUPR_ag=0.3051  train_P@5_ab=0.9000  train_P@5_ag=0.7000  val_loss=0.8926  val_AUPR_all=0.5086  val_AUPR_ab=0.5898  val_AUPR_ag=0.3654  val_P@5_ab=0.6500  val_P@5_ag=0.9500  select=0.4776
  Saved checkpoint: checkpoints_old/iPara_balanced_l1_g6_i5_do0.10_dpr0.10_lr0.0002_heads16_fold4.pth  select=0.4776  val_ab=0.5898  val_ag=0.3654  val_all=0.5086
Ep004  LR0=1.99e-04  pw=14.06  aucα=0.000  token_p=0.020  dropE=(0.020,0.080)  smooth=0.010  train_loss=0.6435  train_AUPR_all=0.4774  train_AUPR_ab=0.5648  train_AUPR_ag=0.3225  train_P@5_ab=0.7000  train_P@5_ag=0.9500  val_loss=0.8031  val_AUPR_all=0.5433  val_AUPR_ab=0.6236  val_AUPR_ag=0.3612  val_P@5_ab=0.6500  val_P@5_ag=0.9000  select=0.4924
  Saved checkpoint: checkpoints_old/iPara_balanced_l1_g6_i5_do0.10_dpr0.10_lr0.0002_heads16_fold4.pth  select=0.4924  val_ab=0.6236  val_ag=0.3612  val_all=0.5433
Unfreezing DyM parameters.
Ep005  LR0=1.98e-04  pw=12.52  aucα=0.000  token_p=0.020  dropE=(0.020,0.080)  smooth=0.010  train_loss=0.5895  train_AUPR_all=0.4948  train_AUPR_ab=0.5829  train_AUPR_ag=0.3366  train_P@5_ab=0.8000  train_P@5_ag=0.9500  val_loss=0.8226  val_AUPR_all=0.5280  val_AUPR_ab=0.6238  val_AUPR_ag=0.3365  val_P@5_ab=0.6000  val_P@5_ag=0.9500  select=0.4801
Ep006  LR0=1.97e-04  pw=11.17  aucα=0.000  token_p=0.020  dropE=(0.020,0.080)  smooth=0.010  train_loss=0.5439  train_AUPR_all=0.5125  train_AUPR_ab=0.6022  train_AUPR_ag=0.3500  train_P@5_ab=0.9000  train_P@5_ag=1.0000  val_loss=0.7129  val_AUPR_all=0.5470  val_AUPR_ab=0.6570  val_AUPR_ag=0.3707  val_P@5_ab=0.7500  val_P@5_ag=0.9000  select=0.5139
  Saved checkpoint: checkpoints_old/iPara_balanced_l1_g6_i5_do0.10_dpr0.10_lr0.0002_heads16_fold4.pth  select=0.5139  val_ab=0.6570  val_ag=0.3707  val_all=0.5470
Ep007  LR0=1.95e-04  pw=9.97  aucα=0.000  token_p=0.020  dropE=(0.020,0.080)  smooth=0.010  train_loss=0.5069  train_AUPR_all=0.5324  train_AUPR_ab=0.6261  train_AUPR_ag=0.3681  train_P@5_ab=0.9000  train_P@5_ag=1.0000  val_loss=0.6897  val_AUPR_all=0.5610  val_AUPR_ab=0.6574  val_AUPR_ag=0.3680  val_P@5_ab=0.8000  val_P@5_ag=0.9000  select=0.5127
Ep008  LR0=1.93e-04  pw=8.92  aucα=0.000  token_p=0.020  dropE=(0.020,0.080)  smooth=0.010  train_loss=0.4710  train_AUPR_all=0.5434  train_AUPR_ab=0.6398  train_AUPR_ag=0.3730  train_P@5_ab=0.9000  train_P@5_ag=0.9500  val_loss=0.6609  val_AUPR_all=0.5670  val_AUPR_ab=0.6841  val_AUPR_ag=0.3617  val_P@5_ab=0.9000  val_P@5_ag=0.8500  select=0.5229
  Saved checkpoint: checkpoints_old/iPara_balanced_l1_g6_i5_do0.10_dpr0.10_lr0.0002_heads16_fold4.pth  select=0.5229  val_ab=0.6841  val_ag=0.3617  val_all=0.5670
Ep009  LR0=1.91e-04  pw=7.99  aucα=0.000  token_p=0.020  dropE=(0.020,0.080)  smooth=0.010  train_loss=0.4376  train_AUPR_all=0.5659  train_AUPR_ab=0.6674  train_AUPR_ag=0.3914  train_P@5_ab=0.9500  train_P@5_ag=0.9500  val_loss=0.6217  val_AUPR_all=0.5709  val_AUPR_ab=0.6889  val_AUPR_ag=0.3610  val_P@5_ab=0.9000  val_P@5_ag=0.8000  select=0.5249
  Saved checkpoint: checkpoints_old/iPara_balanced_l1_g6_i5_do0.10_dpr0.10_lr0.0002_heads16_fold4.pth  select=0.5249  val_ab=0.6889  val_ag=0.3610  val_all=0.5709
Ep010  LR0=1.89e-04  pw=7.17  aucα=0.030  token_p=0.020  dropE=(0.020,0.080)  smooth=0.010  train_loss=0.4273  train_AUPR_all=0.5699  train_AUPR_ab=0.6768  train_AUPR_ag=0.3899  train_P@5_ab=0.9000  train_P@5_ag=0.8000  val_loss=0.5929  val_AUPR_all=0.5708  val_AUPR_ab=0.6900  val_AUPR_ag=0.3681  val_P@5_ab=0.9000  val_P@5_ag=1.0000  select=0.5290
  Saved checkpoint: checkpoints_old/iPara_balanced_l1_g6_i5_do0.10_dpr0.10_lr0.0002_heads16_fold4.pth  select=0.5290  val_ab=0.6900  val_ag=0.3681  val_all=0.5708
Ep011  LR0=1.87e-04  pw=6.44  aucα=0.060  token_p=0.020  dropE=(0.020,0.080)  smooth=0.010  train_loss=0.4096  train_AUPR_all=0.5882  train_AUPR_ab=0.6884  train_AUPR_ag=0.4153  train_P@5_ab=0.9000  train_P@5_ag=0.9000  val_loss=0.5465  val_AUPR_all=0.5917  val_AUPR_ab=0.7010  val_AUPR_ag=0.3993  val_P@5_ab=0.9000  val_P@5_ag=0.9500  select=0.5501
  Saved checkpoint: checkpoints_old/iPara_balanced_l1_g6_i5_do0.10_dpr0.10_lr0.0002_heads16_fold4.pth  select=0.5501  val_ab=0.7010  val_ag=0.3993  val_all=0.5917
Ep012  LR0=1.84e-04  pw=5.80  aucα=0.090  token_p=0.020  dropE=(0.020,0.080)  smooth=0.010  train_loss=0.4013  train_AUPR_all=0.5944  train_AUPR_ab=0.6981  train_AUPR_ag=0.4235  train_P@5_ab=0.9500  train_P@5_ag=1.0000  val_loss=0.5692  val_AUPR_all=0.5751  val_AUPR_ab=0.6999  val_AUPR_ag=0.3759  val_P@5_ab=1.0000  val_P@5_ag=0.8500  select=0.5379
Ep013  LR0=1.81e-04  pw=5.24  aucα=0.120  token_p=0.020  dropE=(0.020,0.080)  smooth=0.010  train_loss=0.3915  train_AUPR_all=0.6031  train_AUPR_ab=0.7019  train_AUPR_ag=0.4357  train_P@5_ab=1.0000  train_P@5_ag=1.0000  val_loss=0.5161  val_AUPR_all=0.5860  val_AUPR_ab=0.7133  val_AUPR_ag=0.3755  val_P@5_ab=0.9500  val_P@5_ag=1.0000  select=0.5444
Ep014  LR0=1.78e-04  pw=4.74  aucα=0.150  token_p=0.020  dropE=(0.020,0.080)  smooth=0.010  train_loss=0.3786  train_AUPR_all=0.6126  train_AUPR_ab=0.7133  train_AUPR_ag=0.4475  train_P@5_ab=0.9000  train_P@5_ag=0.9000  val_loss=0.5129  val_AUPR_all=0.5943  val_AUPR_ab=0.7181  val_AUPR_ag=0.3975  val_P@5_ab=0.9500  val_P@5_ag=0.9000  select=0.5578
  Saved checkpoint: checkpoints_old/iPara_balanced_l1_g6_i5_do0.10_dpr0.10_lr0.0002_heads16_fold4.pth  select=0.5578  val_ab=0.7181  val_ag=0.3975  val_all=0.5943
Ep015  LR0=1.74e-04  pw=4.30  aucα=0.180  token_p=0.020  dropE=(0.020,0.080)  smooth=0.010  train_loss=0.3710  train_AUPR_all=0.6257  train_AUPR_ab=0.7284  train_AUPR_ag=0.4576  train_P@5_ab=0.9500  train_P@5_ag=1.0000  val_loss=0.4757  val_AUPR_all=0.5942  val_AUPR_ab=0.7258  val_AUPR_ag=0.3801  val_P@5_ab=0.9500  val_P@5_ag=0.9500  select=0.5529
Ep016  LR0=1.71e-04  pw=3.91  aucα=0.210  token_p=0.020  dropE=(0.020,0.080)  smooth=0.010  train_loss=0.3621  train_AUPR_all=0.6320  train_AUPR_ab=0.7295  train_AUPR_ag=0.4738  train_P@5_ab=0.9000  train_P@5_ag=1.0000  val_loss=0.4732  val_AUPR_all=0.5936  val_AUPR_ab=0.7251  val_AUPR_ag=0.3891  val_P@5_ab=1.0000  val_P@5_ag=1.0000  select=0.5571
Ep017  LR0=1.67e-04  pw=3.57  aucα=0.240  token_p=0.020  dropE=(0.020,0.080)  smooth=0.010  train_loss=0.3550  train_AUPR_all=0.6393  train_AUPR_ab=0.7335  train_AUPR_ag=0.4866  train_P@5_ab=0.9500  train_P@5_ag=0.9000  val_loss=0.4487  val_AUPR_all=0.5966  val_AUPR_ab=0.7316  val_AUPR_ag=0.3780  val_P@5_ab=1.0000  val_P@5_ag=1.0000  select=0.5548
Ep018  LR0=1.63e-04  pw=3.27  aucα=0.270  token_p=0.020  dropE=(0.020,0.080)  smooth=0.010  train_loss=0.3468  train_AUPR_all=0.6531  train_AUPR_ab=0.7445  train_AUPR_ag=0.5083  train_P@5_ab=1.0000  train_P@5_ag=1.0000  val_loss=0.4342  val_AUPR_all=0.6066  val_AUPR_ab=0.7328  val_AUPR_ag=0.4060  val_P@5_ab=1.0000  val_P@5_ag=0.9500  select=0.5694
  Saved checkpoint: checkpoints_old/iPara_balanced_l1_g6_i5_do0.10_dpr0.10_lr0.0002_heads16_fold4.pth  select=0.5694  val_ab=0.7328  val_ag=0.4060  val_all=0.6066
Ep019  LR0=1.59e-04  pw=3.00  aucα=0.300  token_p=0.020  dropE=(0.020,0.080)  smooth=0.010  train_loss=0.3396  train_AUPR_all=0.6612  train_AUPR_ab=0.7479  train_AUPR_ag=0.5253  train_P@5_ab=1.0000  train_P@5_ag=0.9500  val_loss=0.4117  val_AUPR_all=0.6063  val_AUPR_ab=0.7441  val_AUPR_ag=0.3847  val_P@5_ab=1.0000  val_P@5_ag=0.8000  select=0.5644
Ep020  LR0=1.55e-04  pw=2.77  aucα=0.300  token_p=0.020  dropE=(0.020,0.080)  smooth=0.010  train_loss=0.3257  train_AUPR_all=0.6697  train_AUPR_ab=0.7508  train_AUPR_ag=0.5424  train_P@5_ab=1.0000  train_P@5_ag=1.0000  val_loss=0.3862  val_AUPR_all=0.6127  val_AUPR_ab=0.7412  val_AUPR_ag=0.3989  val_P@5_ab=1.0000  val_P@5_ag=0.9500  select=0.5701
  Saved checkpoint: checkpoints_old/iPara_balanced_l1_g6_i5_do0.10_dpr0.10_lr0.0002_heads16_fold4.pth  select=0.5701  val_ab=0.7412  val_ag=0.3989  val_all=0.6127
Ep021  LR0=1.50e-04  pw=2.56  aucα=0.300  token_p=0.020  dropE=(0.020,0.080)  smooth=0.010  train_loss=0.3040  train_AUPR_all=0.6871  train_AUPR_ab=0.7682  train_AUPR_ag=0.5611  train_P@5_ab=0.9500  train_P@5_ag=1.0000  val_loss=0.4120  val_AUPR_all=0.5886  val_AUPR_ab=0.7339  val_AUPR_ag=0.3824  val_P@5_ab=0.9500  val_P@5_ag=1.0000  select=0.5581
Ep022  LR0=1.46e-04  pw=2.38  aucα=0.300  token_p=0.020  dropE=(0.020,0.080)  smooth=0.010  train_loss=0.2903  train_AUPR_all=0.6976  train_AUPR_ab=0.7738  train_AUPR_ag=0.5808  train_P@5_ab=1.0000  train_P@5_ag=0.9000  val_loss=0.3872  val_AUPR_all=0.6059  val_AUPR_ab=0.7433  val_AUPR_ag=0.3837  val_P@5_ab=1.0000  val_P@5_ag=0.9000  select=0.5635
Ep023  LR0=1.41e-04  pw=2.21  aucα=0.300  token_p=0.020  dropE=(0.020,0.080)  smooth=0.010  train_loss=0.2737  train_AUPR_all=0.7112  train_AUPR_ab=0.7810  train_AUPR_ag=0.6055  train_P@5_ab=0.9500  train_P@5_ag=1.0000  val_loss=0.3743  val_AUPR_all=0.6046  val_AUPR_ab=0.7444  val_AUPR_ag=0.3921  val_P@5_ab=1.0000  val_P@5_ag=0.9500  select=0.5682
Ep024  LR0=1.36e-04  pw=2.07  aucα=0.300  token_p=0.020  dropE=(0.020,0.080)  smooth=0.010  train_loss=0.2669  train_AUPR_all=0.7133  train_AUPR_ab=0.7822  train_AUPR_ag=0.6098  train_P@5_ab=0.9500  train_P@5_ag=1.0000  val_loss=0.3716  val_AUPR_all=0.6065  val_AUPR_ab=0.7474  val_AUPR_ag=0.3901  val_P@5_ab=1.0000  val_P@5_ag=0.9500  select=0.5687
Ep025  LR0=1.31e-04  pw=1.95  aucα=0.300  token_p=0.020  dropE=(0.020,0.080)  smooth=0.010  train_loss=0.2526  train_AUPR_all=0.7258  train_AUPR_ab=0.7908  train_AUPR_ag=0.6297  train_P@5_ab=1.0000  train_P@5_ag=0.9500  val_loss=0.3670  val_AUPR_all=0.5856  val_AUPR_ab=0.7503  val_AUPR_ag=0.3783  val_P@5_ab=1.0000  val_P@5_ag=0.9500  select=0.5643
Ep026  LR0=1.26e-04  pw=1.83  aucα=0.300  token_p=0.020  dropE=(0.020,0.080)  smooth=0.010  train_loss=0.2435  train_AUPR_all=0.7338  train_AUPR_ab=0.7971  train_AUPR_ag=0.6401  train_P@5_ab=1.0000  train_P@5_ag=1.0000  val_loss=0.3441  val_AUPR_all=0.6083  val_AUPR_ab=0.7436  val_AUPR_ag=0.4014  val_P@5_ab=1.0000  val_P@5_ag=0.9500  select=0.5725
  Saved checkpoint: checkpoints_old/iPara_balanced_l1_g6_i5_do0.10_dpr0.10_lr0.0002_heads16_fold4.pth  select=0.5725  val_ab=0.7436  val_ag=0.4014  val_all=0.6083
Ep027  LR0=1.21e-04  pw=1.74  aucα=0.300  token_p=0.020  dropE=(0.020,0.080)  smooth=0.010  train_loss=0.2300  train_AUPR_all=0.7457  train_AUPR_ab=0.8014  train_AUPR_ag=0.6647  train_P@5_ab=1.0000  train_P@5_ag=1.0000  val_loss=0.3510  val_AUPR_all=0.6054  val_AUPR_ab=0.7547  val_AUPR_ag=0.3977  val_P@5_ab=1.0000  val_P@5_ag=0.9500  select=0.5762
  Saved checkpoint: checkpoints_old/iPara_balanced_l1_g6_i5_do0.10_dpr0.10_lr0.0002_heads16_fold4.pth  select=0.5762  val_ab=0.7547  val_ag=0.3977  val_all=0.6054
Ep028  LR0=1.16e-04  pw=1.65  aucα=0.300  token_p=0.020  dropE=(0.020,0.080)  smooth=0.010  train_loss=0.2233  train_AUPR_all=0.7524  train_AUPR_ab=0.8082  train_AUPR_ag=0.6717  train_P@5_ab=0.9500  train_P@5_ag=1.0000  val_loss=0.3591  val_AUPR_all=0.5892  val_AUPR_ab=0.7551  val_AUPR_ag=0.3720  val_P@5_ab=1.0000  val_P@5_ag=0.7000  select=0.5635
Ep029  LR0=1.11e-04  pw=1.57  aucα=0.300  token_p=0.020  dropE=(0.020,0.080)  smooth=0.010  train_loss=0.2115  train_AUPR_all=0.7653  train_AUPR_ab=0.8142  train_AUPR_ag=0.6954  train_P@5_ab=1.0000  train_P@5_ag=0.9000  val_loss=0.3437  val_AUPR_all=0.6050  val_AUPR_ab=0.7556  val_AUPR_ag=0.3842  val_P@5_ab=1.0000  val_P@5_ag=0.6500  select=0.5699
Ep030  LR0=1.05e-04  pw=1.51  aucα=0.300  token_p=0.020  dropE=(0.020,0.080)  smooth=0.010  train_loss=0.2021  train_AUPR_all=0.7762  train_AUPR_ab=0.8219  train_AUPR_ag=0.7109  train_P@5_ab=1.0000  train_P@5_ag=0.9500  val_loss=0.3388  val_AUPR_all=0.5994  val_AUPR_ab=0.7518  val_AUPR_ag=0.3967  val_P@5_ab=0.9500  val_P@5_ag=0.8500  select=0.5743
Ep031  LR0=1.00e-04  pw=1.45  aucα=0.300  token_p=0.020  dropE=(0.020,0.080)  smooth=0.010  train_loss=0.1937  train_AUPR_all=0.7882  train_AUPR_ab=0.8329  train_AUPR_ag=0.7246  train_P@5_ab=1.0000  train_P@5_ag=1.0000  val_loss=0.3331  val_AUPR_all=0.6001  val_AUPR_ab=0.7588  val_AUPR_ag=0.3903  val_P@5_ab=1.0000  val_P@5_ag=0.9000  select=0.5746
Ep032  LR0=9.50e-05  pw=1.39  aucα=0.300  token_p=0.020  dropE=(0.020,0.080)  smooth=0.010  train_loss=0.1873  train_AUPR_all=0.7937  train_AUPR_ab=0.8378  train_AUPR_ag=0.7307  train_P@5_ab=1.0000  train_P@5_ag=1.0000  val_loss=0.3493  val_AUPR_all=0.5888  val_AUPR_ab=0.7522  val_AUPR_ag=0.3732  val_P@5_ab=1.0000  val_P@5_ag=0.7000  select=0.5627
Ep033  LR0=8.98e-05  pw=1.35  aucα=0.300  token_p=0.020  dropE=(0.020,0.080)  smooth=0.010  train_loss=0.1835  train_AUPR_all=0.7973  train_AUPR_ab=0.8385  train_AUPR_ag=0.7393  train_P@5_ab=1.0000  train_P@5_ag=1.0000  val_loss=0.3447  val_AUPR_all=0.5699  val_AUPR_ab=0.7498  val_AUPR_ag=0.3621  val_P@5_ab=1.0000  val_P@5_ag=0.5500  select=0.5560
Ep034  LR0=8.46e-05  pw=1.31  aucα=0.300  token_p=0.020  dropE=(0.020,0.080)  smooth=0.010  train_loss=0.1787  train_AUPR_all=0.8015  train_AUPR_ab=0.8393  train_AUPR_ag=0.7486  train_P@5_ab=1.0000  train_P@5_ag=1.0000  val_loss=0.3272  val_AUPR_all=0.5822  val_AUPR_ab=0.7433  val_AUPR_ag=0.3852  val_P@5_ab=0.9000  val_P@5_ag=0.6500  select=0.5643
Ep035  LR0=7.95e-05  pw=1.27  aucα=0.300  token_p=0.020  dropE=(0.020,0.080)  smooth=0.010  train_loss=0.1708  train_AUPR_all=0.8141  train_AUPR_ab=0.8508  train_AUPR_ag=0.7625  train_P@5_ab=1.0000  train_P@5_ag=1.0000  val_loss=0.3390  val_AUPR_all=0.5837  val_AUPR_ab=0.7502  val_AUPR_ag=0.3405  val_P@5_ab=0.9500  val_P@5_ag=0.4500  select=0.5453
Ep036  LR0=7.44e-05  pw=1.24  aucα=0.300  token_p=0.020  dropE=(0.020,0.080)  smooth=0.010  train_loss=0.1638  train_AUPR_all=0.8235  train_AUPR_ab=0.8576  train_AUPR_ag=0.7756  train_P@5_ab=1.0000  train_P@5_ag=1.0000  val_loss=0.3329  val_AUPR_all=0.5901  val_AUPR_ab=0.7467  val_AUPR_ag=0.3802  val_P@5_ab=0.9500  val_P@5_ag=0.6500  select=0.5635
Ep037  LR0=6.94e-05  pw=1.21  aucα=0.300  token_p=0.020  dropE=(0.020,0.080)  smooth=0.010  train_loss=0.1574  train_AUPR_all=0.8326  train_AUPR_ab=0.8641  train_AUPR_ag=0.7887  train_P@5_ab=1.0000  train_P@5_ag=1.0000  val_loss=0.3291  val_AUPR_all=0.5913  val_AUPR_ab=0.7439  val_AUPR_ag=0.3868  val_P@5_ab=1.0000  val_P@5_ag=0.8000  select=0.5654
Ep038  LR0=6.45e-05  pw=1.19  aucα=0.300  token_p=0.020  dropE=(0.020,0.080)  smooth=0.010  train_loss=0.1568  train_AUPR_all=0.8305  train_AUPR_ab=0.8620  train_AUPR_ag=0.7865  train_P@5_ab=1.0000  train_P@5_ag=1.0000  val_loss=0.3297  val_AUPR_all=0.5843  val_AUPR_ab=0.7507  val_AUPR_ag=0.3679  val_P@5_ab=0.9500  val_P@5_ag=0.6000  select=0.5593
Ep039  LR0=5.97e-05  pw=1.16  aucα=0.300  token_p=0.020  dropE=(0.020,0.080)  smooth=0.010  train_loss=0.1517  train_AUPR_all=0.8386  train_AUPR_ab=0.8709  train_AUPR_ag=0.7933  train_P@5_ab=1.0000  train_P@5_ag=0.9500  val_loss=0.3282  val_AUPR_all=0.5818  val_AUPR_ab=0.7389  val_AUPR_ag=0.3670  val_P@5_ab=0.9500  val_P@5_ag=0.7000  select=0.5530
Ep040  LR0=5.50e-05  pw=1.15  aucα=0.300  token_p=0.020  dropE=(0.020,0.080)  smooth=0.010  train_loss=0.1496  train_AUPR_all=0.8408  train_AUPR_ab=0.8713  train_AUPR_ag=0.7982  train_P@5_ab=1.0000  train_P@5_ag=0.9500  val_loss=0.3348  val_AUPR_all=0.5693  val_AUPR_ab=0.7335  val_AUPR_ag=0.3603  val_P@5_ab=0.9500  val_P@5_ag=0.5000  select=0.5469
Ep041  LR0=5.04e-05  pw=1.13  aucα=0.300  token_p=0.020  dropE=(0.020,0.080)  smooth=0.010  train_loss=0.1437  train_AUPR_all=0.8495  train_AUPR_ab=0.8794  train_AUPR_ag=0.8075  train_P@5_ab=1.0000  train_P@5_ag=1.0000  val_loss=0.3374  val_AUPR_all=0.5750  val_AUPR_ab=0.7408  val_AUPR_ag=0.3462  val_P@5_ab=0.8500  val_P@5_ag=0.5000  select=0.5435
Ep042  LR0=4.59e-05  pw=1.11  aucα=0.300  token_p=0.020  dropE=(0.020,0.080)  smooth=0.010  train_loss=0.1416  train_AUPR_all=0.8527  train_AUPR_ab=0.8827  train_AUPR_ag=0.8105  train_P@5_ab=1.0000  train_P@5_ag=1.0000  val_loss=0.3358  val_AUPR_all=0.5596  val_AUPR_ab=0.7228  val_AUPR_ag=0.3350  val_P@5_ab=0.9000  val_P@5_ag=0.4000  select=0.5289
Ep043  LR0=4.16e-05  pw=1.10  aucα=0.300  token_p=0.020  dropE=(0.020,0.080)  smooth=0.010  train_loss=0.1348  train_AUPR_all=0.8640  train_AUPR_ab=0.8917  train_AUPR_ag=0.8250  train_P@5_ab=1.0000  train_P@5_ag=1.0000  val_loss=0.3431  val_AUPR_all=0.5624  val_AUPR_ab=0.7315  val_AUPR_ag=0.3453  val_P@5_ab=0.8000  val_P@5_ag=0.4000  select=0.5384
Ep044  LR0=3.75e-05  pw=1.09  aucα=0.300  token_p=0.020  dropE=(0.020,0.080)  smooth=0.010  train_loss=0.1321  train_AUPR_all=0.8678  train_AUPR_ab=0.8945  train_AUPR_ag=0.8302  train_P@5_ab=1.0000  train_P@5_ag=1.0000  val_loss=0.3400  val_AUPR_all=0.5641  val_AUPR_ab=0.7244  val_AUPR_ag=0.3512  val_P@5_ab=0.8000  val_P@5_ag=0.5000  select=0.5378
Ep045  LR0=3.35e-05  pw=1.08  aucα=0.300  token_p=0.020  dropE=(0.020,0.080)  smooth=0.010  train_loss=0.1328  train_AUPR_all=0.8651  train_AUPR_ab=0.8936  train_AUPR_ag=0.8249  train_P@5_ab=1.0000  train_P@5_ag=0.9000  val_loss=0.3257  val_AUPR_all=0.5690  val_AUPR_ab=0.7258  val_AUPR_ag=0.3639  val_P@5_ab=0.7500  val_P@5_ag=0.5500  select=0.5448
Ep046  LR0=2.97e-05  pw=1.07  aucα=0.300  token_p=0.020  dropE=(0.020,0.080)  smooth=0.010  train_loss=0.1290  train_AUPR_all=0.8713  train_AUPR_ab=0.8963  train_AUPR_ag=0.8366  train_P@5_ab=0.9500  train_P@5_ag=1.0000  val_loss=0.3355  val_AUPR_all=0.5703  val_AUPR_ab=0.7313  val_AUPR_ag=0.3557  val_P@5_ab=0.7500  val_P@5_ag=0.5000  select=0.5435
Ep047  LR0=2.61e-05  pw=1.06  aucα=0.300  token_p=0.020  dropE=(0.020,0.080)  smooth=0.010  train_loss=0.1248  train_AUPR_all=0.8790  train_AUPR_ab=0.9048  train_AUPR_ag=0.8425  train_P@5_ab=1.0000  train_P@5_ag=1.0000  val_loss=0.3328  val_AUPR_all=0.5716  val_AUPR_ab=0.7335  val_AUPR_ag=0.3492  val_P@5_ab=0.8000  val_P@5_ag=0.4500  select=0.5413
Early stopping at epoch 47. Best select=0.5762 at epoch 27.
Final saved checkpoint for fold 4: checkpoints_old/iPara_balanced_l1_g6_i5_do0.10_dpr0.10_lr0.0002_heads16_fold4.pth
Best select=0.5762 at epoch 27

==========================================================================================
Fold 5/10
==========================================================================================
Train labels: valid=450596, pos=29896, neg=420700, ignore=784604, pos_frac=0.06635
Val labels: valid=49596, pos=3334, neg=46262, ignore=88004, pos_frac=0.06722
Initializing ClassificationModel with 6 GAT layers and residual connections...
Initializing MCModel with 6 GAT layers and 5 row attention layers (drop_path_rate=0.1)
Initializing CoreModel with 1 layers, drop_path_rate=0.1
Ep001  LR0=2.00e-04  pw=20.00  aucα=0.000  token_p=0.020  dropE=(0.020,0.080)  smooth=0.010  train_loss=1.1533  train_AUPR_all=0.2785  train_AUPR_ab=0.3428  train_AUPR_ag=0.1923  train_P@5_ab=0.7500  train_P@5_ag=1.0000  val_loss=0.9999  val_AUPR_all=0.4599  val_AUPR_ab=0.5564  val_AUPR_ag=0.3129  val_P@5_ab=0.6500  val_P@5_ag=0.7500  select=0.4346
  Saved checkpoint: checkpoints_old/iPara_balanced_l1_g6_i5_do0.10_dpr0.10_lr0.0002_heads16_fold5.pth  select=0.4346  val_ab=0.5564  val_ag=0.3129  val_all=0.4599
Ep002  LR0=2.00e-04  pw=17.77  aucα=0.000  token_p=0.020  dropE=(0.020,0.080)  smooth=0.010  train_loss=0.7631  train_AUPR_all=0.4025  train_AUPR_ab=0.4813  train_AUPR_ag=0.2692  train_P@5_ab=0.6000  train_P@5_ag=0.7000  val_loss=1.0551  val_AUPR_all=0.4869  val_AUPR_ab=0.6069  val_AUPR_ag=0.3228  val_P@5_ab=0.8000  val_P@5_ag=0.8000  select=0.4649
  Saved checkpoint: checkpoints_old/iPara_balanced_l1_g6_i5_do0.10_dpr0.10_lr0.0002_heads16_fold5.pth  select=0.4649  val_ab=0.6069  val_ag=0.3228  val_all=0.4869
Ep003  LR0=1.99e-04  pw=15.80  aucα=0.000  token_p=0.020  dropE=(0.020,0.080)  smooth=0.010  train_loss=0.6909  train_AUPR_all=0.4525  train_AUPR_ab=0.5399  train_AUPR_ag=0.3019  train_P@5_ab=0.7500  train_P@5_ag=0.6000  val_loss=0.8732  val_AUPR_all=0.4730  val_AUPR_ab=0.5901  val_AUPR_ag=0.3287  val_P@5_ab=0.6500  val_P@5_ag=0.9000  select=0.4594
Ep004  LR0=1.99e-04  pw=14.06  aucα=0.000  token_p=0.020  dropE=(0.020,0.080)  smooth=0.010  train_loss=0.6398  train_AUPR_all=0.4643  train_AUPR_ab=0.5478  train_AUPR_ag=0.3141  train_P@5_ab=0.7000  train_P@5_ag=0.9000  val_loss=0.7881  val_AUPR_all=0.5502  val_AUPR_ab=0.6644  val_AUPR_ag=0.3470  val_P@5_ab=0.9000  val_P@5_ag=0.8500  select=0.5057
  Saved checkpoint: checkpoints_old/iPara_balanced_l1_g6_i5_do0.10_dpr0.10_lr0.0002_heads16_fold5.pth  select=0.5057  val_ab=0.6644  val_ag=0.3470  val_all=0.5502
Unfreezing DyM parameters.
Ep005  LR0=1.98e-04  pw=12.52  aucα=0.000  token_p=0.020  dropE=(0.020,0.080)  smooth=0.010  train_loss=0.5893  train_AUPR_all=0.4939  train_AUPR_ab=0.5813  train_AUPR_ag=0.3364  train_P@5_ab=0.8500  train_P@5_ag=0.9500  val_loss=0.7736  val_AUPR_all=0.5378  val_AUPR_ab=0.6532  val_AUPR_ag=0.3583  val_P@5_ab=0.9000  val_P@5_ag=0.9000  select=0.5057
Ep006  LR0=1.97e-04  pw=11.17  aucα=0.000  token_p=0.020  dropE=(0.020,0.080)  smooth=0.010  train_loss=0.5467  train_AUPR_all=0.5187  train_AUPR_ab=0.6060  train_AUPR_ag=0.3548  train_P@5_ab=0.7500  train_P@5_ag=1.0000  val_loss=0.7299  val_AUPR_all=0.5490  val_AUPR_ab=0.6770  val_AUPR_ag=0.3481  val_P@5_ab=0.8500  val_P@5_ag=0.8000  select=0.5126
  Saved checkpoint: checkpoints_old/iPara_balanced_l1_g6_i5_do0.10_dpr0.10_lr0.0002_heads16_fold5.pth  select=0.5126  val_ab=0.6770  val_ag=0.3481  val_all=0.5490
Ep007  LR0=1.95e-04  pw=9.97  aucα=0.000  token_p=0.020  dropE=(0.020,0.080)  smooth=0.010  train_loss=0.5031  train_AUPR_all=0.5409  train_AUPR_ab=0.6387  train_AUPR_ag=0.3666  train_P@5_ab=0.8500  train_P@5_ag=0.9500  val_loss=0.6625  val_AUPR_all=0.5856  val_AUPR_ab=0.7059  val_AUPR_ag=0.3861  val_P@5_ab=0.9500  val_P@5_ag=0.8000  select=0.5460
  Saved checkpoint: checkpoints_old/iPara_balanced_l1_g6_i5_do0.10_dpr0.10_lr0.0002_heads16_fold5.pth  select=0.5460  val_ab=0.7059  val_ag=0.3861  val_all=0.5856
Ep008  LR0=1.93e-04  pw=8.92  aucα=0.000  token_p=0.020  dropE=(0.020,0.080)  smooth=0.010  train_loss=0.4696  train_AUPR_all=0.5544  train_AUPR_ab=0.6503  train_AUPR_ag=0.3823  train_P@5_ab=0.7000  train_P@5_ag=1.0000  val_loss=0.6352  val_AUPR_all=0.5888  val_AUPR_ab=0.7118  val_AUPR_ag=0.3877  val_P@5_ab=0.9500  val_P@5_ag=0.8000  select=0.5498
  Saved checkpoint: checkpoints_old/iPara_balanced_l1_g6_i5_do0.10_dpr0.10_lr0.0002_heads16_fold5.pth  select=0.5498  val_ab=0.7118  val_ag=0.3877  val_all=0.5888
Ep009  LR0=1.91e-04  pw=7.99  aucα=0.000  token_p=0.020  dropE=(0.020,0.080)  smooth=0.010  train_loss=0.4393  train_AUPR_all=0.5594  train_AUPR_ab=0.6618  train_AUPR_ag=0.3833  train_P@5_ab=0.8500  train_P@5_ag=1.0000  val_loss=0.6295  val_AUPR_all=0.5838  val_AUPR_ab=0.6975  val_AUPR_ag=0.3886  val_P@5_ab=0.9500  val_P@5_ag=0.8500  select=0.5430
Ep010  LR0=1.89e-04  pw=7.17  aucα=0.030  token_p=0.020  dropE=(0.020,0.080)  smooth=0.010  train_loss=0.4246  train_AUPR_all=0.5680  train_AUPR_ab=0.6649  train_AUPR_ag=0.4023  train_P@5_ab=0.9000  train_P@5_ag=0.9500  val_loss=0.6701  val_AUPR_all=0.5685  val_AUPR_ab=0.7197  val_AUPR_ag=0.3566  val_P@5_ab=1.0000  val_P@5_ag=0.8500  select=0.5381
Ep011  LR0=1.87e-04  pw=6.44  aucα=0.060  token_p=0.020  dropE=(0.020,0.080)  smooth=0.010  train_loss=0.4136  train_AUPR_all=0.5822  train_AUPR_ab=0.6850  train_AUPR_ag=0.4075  train_P@5_ab=0.9500  train_P@5_ag=0.9000  val_loss=0.5327  val_AUPR_all=0.5894  val_AUPR_ab=0.7306  val_AUPR_ag=0.3785  val_P@5_ab=0.9500  val_P@5_ag=0.6000  select=0.5545
  Saved checkpoint: checkpoints_old/iPara_balanced_l1_g6_i5_do0.10_dpr0.10_lr0.0002_heads16_fold5.pth  select=0.5545  val_ab=0.7306  val_ag=0.3785  val_all=0.5894
Ep012  LR0=1.84e-04  pw=5.80  aucα=0.090  token_p=0.020  dropE=(0.020,0.080)  smooth=0.010  train_loss=0.4036  train_AUPR_all=0.5841  train_AUPR_ab=0.6881  train_AUPR_ag=0.4105  train_P@5_ab=0.9500  train_P@5_ag=0.9500  val_loss=0.5166  val_AUPR_all=0.6002  val_AUPR_ab=0.7282  val_AUPR_ag=0.3817  val_P@5_ab=1.0000  val_P@5_ag=0.9000  select=0.5550
  Saved checkpoint: checkpoints_old/iPara_balanced_l1_g6_i5_do0.10_dpr0.10_lr0.0002_heads16_fold5.pth  select=0.5550  val_ab=0.7282  val_ag=0.3817  val_all=0.6002
Ep013  LR0=1.81e-04  pw=5.24  aucα=0.120  token_p=0.020  dropE=(0.020,0.080)  smooth=0.010  train_loss=0.3923  train_AUPR_all=0.5996  train_AUPR_ab=0.6998  train_AUPR_ag=0.4331  train_P@5_ab=0.8500  train_P@5_ag=0.9500  val_loss=0.4817  val_AUPR_all=0.6158  val_AUPR_ab=0.7394  val_AUPR_ag=0.4088  val_P@5_ab=1.0000  val_P@5_ag=0.8500  select=0.5741
  Saved checkpoint: checkpoints_old/iPara_balanced_l1_g6_i5_do0.10_dpr0.10_lr0.0002_heads16_fold5.pth  select=0.5741  val_ab=0.7394  val_ag=0.4088  val_all=0.6158
Ep014  LR0=1.78e-04  pw=4.74  aucα=0.150  token_p=0.020  dropE=(0.020,0.080)  smooth=0.010  train_loss=0.3832  train_AUPR_all=0.6069  train_AUPR_ab=0.7088  train_AUPR_ag=0.4393  train_P@5_ab=0.9500  train_P@5_ag=0.9500  val_loss=0.4848  val_AUPR_all=0.6164  val_AUPR_ab=0.7461  val_AUPR_ag=0.4002  val_P@5_ab=1.0000  val_P@5_ag=0.8000  select=0.5731
Ep015  LR0=1.74e-04  pw=4.30  aucα=0.180  token_p=0.020  dropE=(0.020,0.080)  smooth=0.010  train_loss=0.3756  train_AUPR_all=0.6157  train_AUPR_ab=0.7171  train_AUPR_ag=0.4489  train_P@5_ab=1.0000  train_P@5_ag=0.8500  val_loss=0.4630  val_AUPR_all=0.6020  val_AUPR_ab=0.7137  val_AUPR_ag=0.4232  val_P@5_ab=1.0000  val_P@5_ag=0.8500  select=0.5685
Ep016  LR0=1.71e-04  pw=3.91  aucα=0.210  token_p=0.020  dropE=(0.020,0.080)  smooth=0.010  train_loss=0.3664  train_AUPR_all=0.6245  train_AUPR_ab=0.7220  train_AUPR_ag=0.4660  train_P@5_ab=1.0000  train_P@5_ag=0.9500  val_loss=0.4341  val_AUPR_all=0.6210  val_AUPR_ab=0.7420  val_AUPR_ag=0.4219  val_P@5_ab=1.0000  val_P@5_ag=0.9500  select=0.5819
  Saved checkpoint: checkpoints_old/iPara_balanced_l1_g6_i5_do0.10_dpr0.10_lr0.0002_heads16_fold5.pth  select=0.5819  val_ab=0.7420  val_ag=0.4219  val_all=0.6210
Ep017  LR0=1.67e-04  pw=3.57  aucα=0.240  token_p=0.020  dropE=(0.020,0.080)  smooth=0.010  train_loss=0.3572  train_AUPR_all=0.6384  train_AUPR_ab=0.7351  train_AUPR_ag=0.4832  train_P@5_ab=0.9500  train_P@5_ag=0.9000  val_loss=0.4336  val_AUPR_all=0.6189  val_AUPR_ab=0.7560  val_AUPR_ag=0.3874  val_P@5_ab=0.9500  val_P@5_ag=0.8000  select=0.5717
Ep018  LR0=1.63e-04  pw=3.27  aucα=0.270  token_p=0.020  dropE=(0.020,0.080)  smooth=0.010  train_loss=0.3526  train_AUPR_all=0.6430  train_AUPR_ab=0.7367  train_AUPR_ag=0.4960  train_P@5_ab=1.0000  train_P@5_ag=0.8000  val_loss=0.3994  val_AUPR_all=0.6304  val_AUPR_ab=0.7657  val_AUPR_ag=0.4055  val_P@5_ab=1.0000  val_P@5_ag=0.8500  select=0.5856
  Saved checkpoint: checkpoints_old/iPara_balanced_l1_g6_i5_do0.10_dpr0.10_lr0.0002_heads16_fold5.pth  select=0.5856  val_ab=0.7657  val_ag=0.4055  val_all=0.6304
Ep019  LR0=1.59e-04  pw=3.00  aucα=0.300  token_p=0.020  dropE=(0.020,0.080)  smooth=0.010  train_loss=0.3462  train_AUPR_all=0.6573  train_AUPR_ab=0.7512  train_AUPR_ag=0.5095  train_P@5_ab=1.0000  train_P@5_ag=1.0000  val_loss=0.3873  val_AUPR_all=0.6285  val_AUPR_ab=0.7620  val_AUPR_ag=0.4096  val_P@5_ab=1.0000  val_P@5_ag=1.0000  select=0.5858
  Saved checkpoint: checkpoints_old/iPara_balanced_l1_g6_i5_do0.10_dpr0.10_lr0.0002_heads16_fold5.pth  select=0.5858  val_ab=0.7620  val_ag=0.4096  val_all=0.6285
Ep020  LR0=1.55e-04  pw=2.77  aucα=0.300  token_p=0.020  dropE=(0.020,0.080)  smooth=0.010  train_loss=0.3266  train_AUPR_all=0.6666  train_AUPR_ab=0.7522  train_AUPR_ag=0.5327  train_P@5_ab=0.9500  train_P@5_ag=0.9500  val_loss=0.3826  val_AUPR_all=0.6351  val_AUPR_ab=0.7704  val_AUPR_ag=0.4173  val_P@5_ab=1.0000  val_P@5_ag=0.9500  select=0.5938
  Saved checkpoint: checkpoints_old/iPara_balanced_l1_g6_i5_do0.10_dpr0.10_lr0.0002_heads16_fold5.pth  select=0.5938  val_ab=0.7704  val_ag=0.4173  val_all=0.6351
Ep021  LR0=1.50e-04  pw=2.56  aucα=0.300  token_p=0.020  dropE=(0.020,0.080)  smooth=0.010  train_loss=0.3124  train_AUPR_all=0.6732  train_AUPR_ab=0.7542  train_AUPR_ag=0.5489  train_P@5_ab=1.0000  train_P@5_ag=0.8500  val_loss=0.3774  val_AUPR_all=0.6224  val_AUPR_ab=0.7618  val_AUPR_ag=0.4094  val_P@5_ab=0.9500  val_P@5_ag=1.0000  select=0.5856
Ep022  LR0=1.46e-04  pw=2.38  aucα=0.300  token_p=0.020  dropE=(0.020,0.080)  smooth=0.010  train_loss=0.2954  train_AUPR_all=0.6881  train_AUPR_ab=0.7698  train_AUPR_ag=0.5629  train_P@5_ab=0.9500  train_P@5_ag=0.9500  val_loss=0.3849  val_AUPR_all=0.6249  val_AUPR_ab=0.7658  val_AUPR_ag=0.4041  val_P@5_ab=1.0000  val_P@5_ag=1.0000  select=0.5850
Ep023  LR0=1.41e-04  pw=2.21  aucα=0.300  token_p=0.020  dropE=(0.020,0.080)  smooth=0.010  train_loss=0.2869  train_AUPR_all=0.6893  train_AUPR_ab=0.7678  train_AUPR_ag=0.5700  train_P@5_ab=0.9500  train_P@5_ag=0.9000  val_loss=0.3517  val_AUPR_all=0.6372  val_AUPR_ab=0.7664  val_AUPR_ag=0.4294  val_P@5_ab=1.0000  val_P@5_ag=0.9500  select=0.5979
  Saved checkpoint: checkpoints_old/iPara_balanced_l1_g6_i5_do0.10_dpr0.10_lr0.0002_heads16_fold5.pth  select=0.5979  val_ab=0.7664  val_ag=0.4294  val_all=0.6372
Ep024  LR0=1.36e-04  pw=2.07  aucα=0.300  token_p=0.020  dropE=(0.020,0.080)  smooth=0.010  train_loss=0.2689  train_AUPR_all=0.7079  train_AUPR_ab=0.7803  train_AUPR_ag=0.5992  train_P@5_ab=0.9000  train_P@5_ag=1.0000  val_loss=0.3730  val_AUPR_all=0.6171  val_AUPR_ab=0.7560  val_AUPR_ag=0.4158  val_P@5_ab=0.9500  val_P@5_ag=0.9500  select=0.5859
Ep025  LR0=1.31e-04  pw=1.95  aucα=0.300  token_p=0.020  dropE=(0.020,0.080)  smooth=0.010  train_loss=0.2550  train_AUPR_all=0.7201  train_AUPR_ab=0.7880  train_AUPR_ag=0.6189  train_P@5_ab=1.0000  train_P@5_ag=0.9000  val_loss=0.3475  val_AUPR_all=0.6207  val_AUPR_ab=0.7574  val_AUPR_ag=0.4301  val_P@5_ab=0.9500  val_P@5_ag=1.0000  select=0.5938
Ep026  LR0=1.26e-04  pw=1.83  aucα=0.300  token_p=0.020  dropE=(0.020,0.080)  smooth=0.010  train_loss=0.2435  train_AUPR_all=0.7274  train_AUPR_ab=0.7924  train_AUPR_ag=0.6312  train_P@5_ab=1.0000  train_P@5_ag=1.0000  val_loss=0.3628  val_AUPR_all=0.6199  val_AUPR_ab=0.7628  val_AUPR_ag=0.4129  val_P@5_ab=1.0000  val_P@5_ag=0.9500  select=0.5879
Ep027  LR0=1.21e-04  pw=1.74  aucα=0.300  token_p=0.020  dropE=(0.020,0.080)  smooth=0.010  train_loss=0.2337  train_AUPR_all=0.7403  train_AUPR_ab=0.8014  train_AUPR_ag=0.6511  train_P@5_ab=0.9500  train_P@5_ag=1.0000  val_loss=0.3363  val_AUPR_all=0.6187  val_AUPR_ab=0.7628  val_AUPR_ag=0.4161  val_P@5_ab=0.9500  val_P@5_ag=1.0000  select=0.5894
Ep028  LR0=1.16e-04  pw=1.65  aucα=0.300  token_p=0.020  dropE=(0.020,0.080)  smooth=0.010  train_loss=0.2231  train_AUPR_all=0.7513  train_AUPR_ab=0.8075  train_AUPR_ag=0.6701  train_P@5_ab=0.9500  train_P@5_ag=1.0000  val_loss=0.3333  val_AUPR_all=0.6276  val_AUPR_ab=0.7708  val_AUPR_ag=0.3992  val_P@5_ab=1.0000  val_P@5_ag=1.0000  select=0.5850
Ep029  LR0=1.11e-04  pw=1.57  aucα=0.300  token_p=0.020  dropE=(0.020,0.080)  smooth=0.010  train_loss=0.2119  train_AUPR_all=0.7659  train_AUPR_ab=0.8185  train_AUPR_ag=0.6901  train_P@5_ab=1.0000  train_P@5_ag=0.9500  val_loss=0.3260  val_AUPR_all=0.6278  val_AUPR_ab=0.7708  val_AUPR_ag=0.4235  val_P@5_ab=1.0000  val_P@5_ag=1.0000  select=0.5972
Ep030  LR0=1.05e-04  pw=1.51  aucα=0.300  token_p=0.020  dropE=(0.020,0.080)  smooth=0.010  train_loss=0.2066  train_AUPR_all=0.7663  train_AUPR_ab=0.8156  train_AUPR_ag=0.6957  train_P@5_ab=1.0000  train_P@5_ag=0.9500  val_loss=0.3383  val_AUPR_all=0.6280  val_AUPR_ab=0.7707  val_AUPR_ag=0.4141  val_P@5_ab=0.9500  val_P@5_ag=1.0000  select=0.5924
Ep031  LR0=1.00e-04  pw=1.45  aucα=0.300  token_p=0.020  dropE=(0.020,0.080)  smooth=0.010  train_loss=0.1971  train_AUPR_all=0.7804  train_AUPR_ab=0.8261  train_AUPR_ag=0.7157  train_P@5_ab=1.0000  train_P@5_ag=1.0000  val_loss=0.3410  val_AUPR_all=0.6329  val_AUPR_ab=0.7724  val_AUPR_ag=0.4284  val_P@5_ab=1.0000  val_P@5_ag=1.0000  select=0.6004
  Saved checkpoint: checkpoints_old/iPara_balanced_l1_g6_i5_do0.10_dpr0.10_lr0.0002_heads16_fold5.pth  select=0.6004  val_ab=0.7724  val_ag=0.4284  val_all=0.6329
Ep032  LR0=9.50e-05  pw=1.39  aucα=0.300  token_p=0.020  dropE=(0.020,0.080)  smooth=0.010  train_loss=0.1880  train_AUPR_all=0.7926  train_AUPR_ab=0.8386  train_AUPR_ag=0.7264  train_P@5_ab=1.0000  train_P@5_ag=1.0000  val_loss=0.3230  val_AUPR_all=0.6288  val_AUPR_ab=0.7729  val_AUPR_ag=0.4254  val_P@5_ab=1.0000  val_P@5_ag=1.0000  select=0.5992
Ep033  LR0=8.98e-05  pw=1.35  aucα=0.300  token_p=0.020  dropE=(0.020,0.080)  smooth=0.010  train_loss=0.1870  train_AUPR_all=0.7911  train_AUPR_ab=0.8366  train_AUPR_ag=0.7262  train_P@5_ab=1.0000  train_P@5_ag=1.0000  val_loss=0.3145  val_AUPR_all=0.6220  val_AUPR_ab=0.7666  val_AUPR_ag=0.4137  val_P@5_ab=1.0000  val_P@5_ag=0.9000  select=0.5902
Ep034  LR0=8.46e-05  pw=1.31  aucα=0.300  token_p=0.020  dropE=(0.020,0.080)  smooth=0.010  train_loss=0.1758  train_AUPR_all=0.8063  train_AUPR_ab=0.8465  train_AUPR_ag=0.7490  train_P@5_ab=1.0000  train_P@5_ag=1.0000  val_loss=0.3164  val_AUPR_all=0.6277  val_AUPR_ab=0.7770  val_AUPR_ag=0.4235  val_P@5_ab=1.0000  val_P@5_ag=1.0000  select=0.6003
Ep035  LR0=7.95e-05  pw=1.27  aucα=0.300  token_p=0.020  dropE=(0.020,0.080)  smooth=0.010  train_loss=0.1728  train_AUPR_all=0.8094  train_AUPR_ab=0.8495  train_AUPR_ag=0.7526  train_P@5_ab=1.0000  train_P@5_ag=1.0000  val_loss=0.3221  val_AUPR_all=0.6312  val_AUPR_ab=0.7776  val_AUPR_ag=0.4261  val_P@5_ab=1.0000  val_P@5_ag=1.0000  select=0.6019
  Saved checkpoint: checkpoints_old/iPara_balanced_l1_g6_i5_do0.10_dpr0.10_lr0.0002_heads16_fold5.pth  select=0.6019  val_ab=0.7776  val_ag=0.4261  val_all=0.6312
Ep036  LR0=7.44e-05  pw=1.24  aucα=0.300  token_p=0.020  dropE=(0.020,0.080)  smooth=0.010  train_loss=0.1705  train_AUPR_all=0.8108  train_AUPR_ab=0.8502  train_AUPR_ag=0.7553  train_P@5_ab=1.0000  train_P@5_ag=1.0000  val_loss=0.3213  val_AUPR_all=0.6219  val_AUPR_ab=0.7706  val_AUPR_ag=0.4089  val_P@5_ab=1.0000  val_P@5_ag=1.0000  select=0.5898
Ep037  LR0=6.94e-05  pw=1.21  aucα=0.300  token_p=0.020  dropE=(0.020,0.080)  smooth=0.010  train_loss=0.1640  train_AUPR_all=0.8211  train_AUPR_ab=0.8568  train_AUPR_ag=0.7711  train_P@5_ab=0.9500  train_P@5_ag=0.9500  val_loss=0.3266  val_AUPR_all=0.6119  val_AUPR_ab=0.7681  val_AUPR_ag=0.4083  val_P@5_ab=0.9000  val_P@5_ag=0.8500  select=0.5882
Ep038  LR0=6.45e-05  pw=1.19  aucα=0.300  token_p=0.020  dropE=(0.020,0.080)  smooth=0.010  train_loss=0.1547  train_AUPR_all=0.8345  train_AUPR_ab=0.8703  train_AUPR_ag=0.7841  train_P@5_ab=1.0000  train_P@5_ag=0.9500  val_loss=0.3042  val_AUPR_all=0.6245  val_AUPR_ab=0.7728  val_AUPR_ag=0.4104  val_P@5_ab=0.9500  val_P@5_ag=0.9500  select=0.5916
Ep039  LR0=5.97e-05  pw=1.16  aucα=0.300  token_p=0.020  dropE=(0.020,0.080)  smooth=0.010  train_loss=0.1503  train_AUPR_all=0.8424  train_AUPR_ab=0.8768  train_AUPR_ag=0.7935  train_P@5_ab=0.9500  train_P@5_ag=1.0000  val_loss=0.3256  val_AUPR_all=0.6071  val_AUPR_ab=0.7679  val_AUPR_ag=0.3952  val_P@5_ab=0.9500  val_P@5_ag=0.6000  select=0.5816
Ep040  LR0=5.50e-05  pw=1.15  aucα=0.300  token_p=0.020  dropE=(0.020,0.080)  smooth=0.010  train_loss=0.1502  train_AUPR_all=0.8390  train_AUPR_ab=0.8703  train_AUPR_ag=0.7951  train_P@5_ab=1.0000  train_P@5_ag=1.0000  val_loss=0.3181  val_AUPR_all=0.6232  val_AUPR_ab=0.7698  val_AUPR_ag=0.4182  val_P@5_ab=0.9500  val_P@5_ag=0.7500  select=0.5940
Ep041  LR0=5.04e-05  pw=1.13  aucα=0.300  token_p=0.020  dropE=(0.020,0.080)  smooth=0.010  train_loss=0.1432  train_AUPR_all=0.8508  train_AUPR_ab=0.8813  train_AUPR_ag=0.8077  train_P@5_ab=1.0000  train_P@5_ag=1.0000  val_loss=0.3213  val_AUPR_all=0.6222  val_AUPR_ab=0.7664  val_AUPR_ag=0.4131  val_P@5_ab=0.9000  val_P@5_ag=0.7500  select=0.5898
Ep042  LR0=4.59e-05  pw=1.11  aucα=0.300  token_p=0.020  dropE=(0.020,0.080)  smooth=0.010  train_loss=0.1419  train_AUPR_all=0.8527  train_AUPR_ab=0.8831  train_AUPR_ag=0.8099  train_P@5_ab=1.0000  train_P@5_ag=1.0000  val_loss=0.3257  val_AUPR_all=0.6149  val_AUPR_ab=0.7706  val_AUPR_ag=0.3979  val_P@5_ab=1.0000  val_P@5_ag=0.8000  select=0.5842
Ep043  LR0=4.16e-05  pw=1.10  aucα=0.300  token_p=0.020  dropE=(0.020,0.080)  smooth=0.010  train_loss=0.1383  train_AUPR_all=0.8573  train_AUPR_ab=0.8867  train_AUPR_ag=0.8157  train_P@5_ab=1.0000  train_P@5_ag=1.0000  val_loss=0.3272  val_AUPR_all=0.6147  val_AUPR_ab=0.7659  val_AUPR_ag=0.4127  val_P@5_ab=0.8500  val_P@5_ag=0.9000  select=0.5893
Ep044  LR0=3.75e-05  pw=1.09  aucα=0.300  token_p=0.020  dropE=(0.020,0.080)  smooth=0.010  train_loss=0.1382  train_AUPR_all=0.8575  train_AUPR_ab=0.8884  train_AUPR_ag=0.8136  train_P@5_ab=1.0000  train_P@5_ag=1.0000  val_loss=0.3242  val_AUPR_all=0.6125  val_AUPR_ab=0.7664  val_AUPR_ag=0.4035  val_P@5_ab=0.9500  val_P@5_ag=0.8000  select=0.5849
Ep045  LR0=3.35e-05  pw=1.08  aucα=0.300  token_p=0.020  dropE=(0.020,0.080)  smooth=0.010  train_loss=0.1310  train_AUPR_all=0.8692  train_AUPR_ab=0.8991  train_AUPR_ag=0.8264  train_P@5_ab=1.0000  train_P@5_ag=1.0000  val_loss=0.3180  val_AUPR_all=0.6118  val_AUPR_ab=0.7573  val_AUPR_ag=0.4134  val_P@5_ab=0.9000  val_P@5_ag=0.8500  select=0.5854
Ep046  LR0=2.97e-05  pw=1.07  aucα=0.300  token_p=0.020  dropE=(0.020,0.080)  smooth=0.010  train_loss=0.1286  train_AUPR_all=0.8724  train_AUPR_ab=0.9016  train_AUPR_ag=0.8307  train_P@5_ab=1.0000  train_P@5_ag=1.0000  val_loss=0.3251  val_AUPR_all=0.6148  val_AUPR_ab=0.7653  val_AUPR_ag=0.4139  val_P@5_ab=1.0000  val_P@5_ag=0.7500  select=0.5896
Ep047  LR0=2.61e-05  pw=1.06  aucα=0.300  token_p=0.020  dropE=(0.020,0.080)  smooth=0.010  train_loss=0.1288  train_AUPR_all=0.8705  train_AUPR_ab=0.8983  train_AUPR_ag=0.8310  train_P@5_ab=0.9000  train_P@5_ag=1.0000  val_loss=0.3238  val_AUPR_all=0.6109  val_AUPR_ab=0.7636  val_AUPR_ag=0.3987  val_P@5_ab=0.9000  val_P@5_ag=0.7000  select=0.5811
Ep048  LR0=2.27e-05  pw=1.05  aucα=0.300  token_p=0.020  dropE=(0.020,0.080)  smooth=0.010  train_loss=0.1246  train_AUPR_all=0.8771  train_AUPR_ab=0.9029  train_AUPR_ag=0.8404  train_P@5_ab=1.0000  train_P@5_ag=1.0000  val_loss=0.3254  val_AUPR_all=0.6083  val_AUPR_ab=0.7640  val_AUPR_ag=0.4016  val_P@5_ab=0.9500  val_P@5_ag=0.6500  select=0.5828
Ep049  LR0=1.96e-05  pw=1.05  aucα=0.300  token_p=0.020  dropE=(0.020,0.080)  smooth=0.010  train_loss=0.1219  train_AUPR_all=0.8822  train_AUPR_ab=0.9088  train_AUPR_ag=0.8440  train_P@5_ab=1.0000  train_P@5_ag=1.0000  val_loss=0.3315  val_AUPR_all=0.6037  val_AUPR_ab=0.7598  val_AUPR_ag=0.3900  val_P@5_ab=0.9000  val_P@5_ag=0.6500  select=0.5749
Ep050  LR0=1.66e-05  pw=1.04  aucα=0.300  token_p=0.020  dropE=(0.020,0.080)  smooth=0.010  train_loss=0.1219  train_AUPR_all=0.8820  train_AUPR_ab=0.9091  train_AUPR_ag=0.8430  train_P@5_ab=1.0000  train_P@5_ag=1.0000  val_loss=0.3295  val_AUPR_all=0.6075  val_AUPR_ab=0.7621  val_AUPR_ag=0.3949  val_P@5_ab=0.8500  val_P@5_ag=0.7500  select=0.5785
Ep051  LR0=1.39e-05  pw=1.04  aucα=0.300  token_p=0.020  dropE=(0.020,0.080)  smooth=0.010  train_loss=0.1236  train_AUPR_all=0.8775  train_AUPR_ab=0.9038  train_AUPR_ag=0.8401  train_P@5_ab=1.0000  train_P@5_ag=1.0000  val_loss=0.3250  val_AUPR_all=0.6104  val_AUPR_ab=0.7636  val_AUPR_ag=0.4005  val_P@5_ab=0.8500  val_P@5_ag=0.8500  select=0.5820
Ep052  LR0=1.14e-05  pw=1.03  aucα=0.300  token_p=0.020  dropE=(0.020,0.080)  smooth=0.010  train_loss=0.1205  train_AUPR_all=0.8830  train_AUPR_ab=0.9112  train_AUPR_ag=0.8423  train_P@5_ab=1.0000  train_P@5_ag=1.0000  val_loss=0.3289  val_AUPR_all=0.6094  val_AUPR_ab=0.7606  val_AUPR_ag=0.4055  val_P@5_ab=0.8500  val_P@5_ag=0.7000  select=0.5830
Ep053  LR0=9.12e-06  pw=1.03  aucα=0.300  token_p=0.020  dropE=(0.020,0.080)  smooth=0.010  train_loss=0.1199  train_AUPR_all=0.8846  train_AUPR_ab=0.9103  train_AUPR_ag=0.8478  train_P@5_ab=1.0000  train_P@5_ag=1.0000  val_loss=0.3277  val_AUPR_all=0.6081  val_AUPR_ab=0.7613  val_AUPR_ag=0.4005  val_P@5_ab=0.8000  val_P@5_ag=0.7000  select=0.5809
Ep054  LR0=7.13e-06  pw=1.03  aucα=0.300  token_p=0.020  dropE=(0.020,0.080)  smooth=0.010  train_loss=0.1155  train_AUPR_all=0.8923  train_AUPR_ab=0.9172  train_AUPR_ag=0.8566  train_P@5_ab=1.0000  train_P@5_ag=1.0000  val_loss=0.3302  val_AUPR_all=0.6045  val_AUPR_ab=0.7587  val_AUPR_ag=0.3979  val_P@5_ab=0.8000  val_P@5_ag=0.7500  select=0.5783
Ep055  LR0=5.38e-06  pw=1.02  aucα=0.300  token_p=0.020  dropE=(0.020,0.080)  smooth=0.010  train_loss=0.1173  train_AUPR_all=0.8886  train_AUPR_ab=0.9143  train_AUPR_ag=0.8517  train_P@5_ab=1.0000  train_P@5_ag=1.0000  val_loss=0.3268  val_AUPR_all=0.6061  val_AUPR_ab=0.7605  val_AUPR_ag=0.3997  val_P@5_ab=0.8500  val_P@5_ag=0.7000  select=0.5801
Early stopping at epoch 55. Best select=0.6019 at epoch 35.
Final saved checkpoint for fold 5: checkpoints_old/iPara_balanced_l1_g6_i5_do0.10_dpr0.10_lr0.0002_heads16_fold5.pth
Best select=0.6019 at epoch 35

==========================================================================================
Fold 6/10
==========================================================================================
Train labels: valid=451545, pos=29994, neg=421551, ignore=783655, pos_frac=0.06643
Val labels: valid=48647, pos=3236, neg=45411, ignore=88953, pos_frac=0.06652
Initializing ClassificationModel with 6 GAT layers and residual connections...
Initializing MCModel with 6 GAT layers and 5 row attention layers (drop_path_rate=0.1)
Initializing CoreModel with 1 layers, drop_path_rate=0.1
Ep001  LR0=2.00e-04  pw=20.00  aucα=0.000  token_p=0.020  dropE=(0.020,0.080)  smooth=0.010  train_loss=1.0994  train_AUPR_all=0.2134  train_AUPR_ab=0.2436  train_AUPR_ag=0.1701  train_P@5_ab=0.0000  train_P@5_ag=0.3000  val_loss=1.0283  val_AUPR_all=0.4425  val_AUPR_ab=0.5239  val_AUPR_ag=0.3290  val_P@5_ab=0.7500  val_P@5_ag=0.9500  select=0.4265
  Saved checkpoint: checkpoints_old/iPara_balanced_l1_g6_i5_do0.10_dpr0.10_lr0.0002_heads16_fold6.pth  select=0.4265  val_ab=0.5239  val_ag=0.3290  val_all=0.4425
Ep002  LR0=2.00e-04  pw=17.77  aucα=0.000  token_p=0.020  dropE=(0.020,0.080)  smooth=0.010  train_loss=0.7654  train_AUPR_all=0.4149  train_AUPR_ab=0.4987  train_AUPR_ag=0.2721  train_P@5_ab=0.6000  train_P@5_ag=0.9000  val_loss=0.9199  val_AUPR_all=0.4949  val_AUPR_ab=0.5771  val_AUPR_ag=0.3411  val_P@5_ab=0.7500  val_P@5_ag=0.9000  select=0.4591
  Saved checkpoint: checkpoints_old/iPara_balanced_l1_g6_i5_do0.10_dpr0.10_lr0.0002_heads16_fold6.pth  select=0.4591  val_ab=0.5771  val_ag=0.3411  val_all=0.4949
Ep003  LR0=1.99e-04  pw=15.80  aucα=0.000  token_p=0.020  dropE=(0.020,0.080)  smooth=0.010  train_loss=0.6888  train_AUPR_all=0.4518  train_AUPR_ab=0.5381  train_AUPR_ag=0.3006  train_P@5_ab=0.8000  train_P@5_ag=0.9500  val_loss=0.9338  val_AUPR_all=0.4393  val_AUPR_ab=0.4768  val_AUPR_ag=0.3409  val_P@5_ab=0.4000  val_P@5_ag=0.8500  select=0.4088
Ep004  LR0=1.99e-04  pw=14.06  aucα=0.000  token_p=0.020  dropE=(0.020,0.080)  smooth=0.010  train_loss=0.6362  train_AUPR_all=0.4773  train_AUPR_ab=0.5669  train_AUPR_ag=0.3217  train_P@5_ab=0.7000  train_P@5_ag=0.9500  val_loss=0.8019  val_AUPR_all=0.5264  val_AUPR_ab=0.6194  val_AUPR_ag=0.3768  val_P@5_ab=0.8500  val_P@5_ag=1.0000  select=0.4981
  Saved checkpoint: checkpoints_old/iPara_balanced_l1_g6_i5_do0.10_dpr0.10_lr0.0002_heads16_fold6.pth  select=0.4981  val_ab=0.6194  val_ag=0.3768  val_all=0.5264
Unfreezing DyM parameters.
Ep005  LR0=1.98e-04  pw=12.52  aucα=0.000  token_p=0.020  dropE=(0.020,0.080)  smooth=0.010  train_loss=0.5875  train_AUPR_all=0.5021  train_AUPR_ab=0.5907  train_AUPR_ag=0.3446  train_P@5_ab=0.7500  train_P@5_ag=0.6500  val_loss=0.7883  val_AUPR_all=0.5430  val_AUPR_ab=0.6340  val_AUPR_ag=0.3857  val_P@5_ab=0.8000  val_P@5_ag=1.0000  select=0.5098
  Saved checkpoint: checkpoints_old/iPara_balanced_l1_g6_i5_do0.10_dpr0.10_lr0.0002_heads16_fold6.pth  select=0.5098  val_ab=0.6340  val_ag=0.3857  val_all=0.5430
Ep006  LR0=1.97e-04  pw=11.17  aucα=0.000  token_p=0.020  dropE=(0.020,0.080)  smooth=0.010  train_loss=0.5507  train_AUPR_all=0.5136  train_AUPR_ab=0.6051  train_AUPR_ag=0.3535  train_P@5_ab=0.8500  train_P@5_ag=0.9500  val_loss=0.6893  val_AUPR_all=0.5525  val_AUPR_ab=0.6432  val_AUPR_ag=0.3852  val_P@5_ab=0.8500  val_P@5_ag=0.9000  select=0.5142
  Saved checkpoint: checkpoints_old/iPara_balanced_l1_g6_i5_do0.10_dpr0.10_lr0.0002_heads16_fold6.pth  select=0.5142  val_ab=0.6432  val_ag=0.3852  val_all=0.5525
Ep007  LR0=1.95e-04  pw=9.97  aucα=0.000  token_p=0.020  dropE=(0.020,0.080)  smooth=0.010  train_loss=0.5043  train_AUPR_all=0.5365  train_AUPR_ab=0.6259  train_AUPR_ag=0.3733  train_P@5_ab=0.8500  train_P@5_ag=0.9000  val_loss=0.6503  val_AUPR_all=0.5731  val_AUPR_ab=0.6805  val_AUPR_ag=0.4015  val_P@5_ab=0.9000  val_P@5_ag=0.8500  select=0.5410
  Saved checkpoint: checkpoints_old/iPara_balanced_l1_g6_i5_do0.10_dpr0.10_lr0.0002_heads16_fold6.pth  select=0.5410  val_ab=0.6805  val_ag=0.4015  val_all=0.5731
Ep008  LR0=1.93e-04  pw=8.92  aucα=0.000  token_p=0.020  dropE=(0.020,0.080)  smooth=0.010  train_loss=0.4685  train_AUPR_all=0.5497  train_AUPR_ab=0.6451  train_AUPR_ag=0.3829  train_P@5_ab=0.8500  train_P@5_ag=0.9500  val_loss=0.6562  val_AUPR_all=0.5580  val_AUPR_ab=0.6657  val_AUPR_ag=0.3787  val_P@5_ab=1.0000  val_P@5_ag=0.8500  select=0.5222
Ep009  LR0=1.91e-04  pw=7.99  aucα=0.000  token_p=0.020  dropE=(0.020,0.080)  smooth=0.010  train_loss=0.4373  train_AUPR_all=0.5657  train_AUPR_ab=0.6668  train_AUPR_ag=0.3904  train_P@5_ab=1.0000  train_P@5_ag=0.9500  val_loss=0.5877  val_AUPR_all=0.5906  val_AUPR_ab=0.6907  val_AUPR_ag=0.4167  val_P@5_ab=1.0000  val_P@5_ag=0.9000  select=0.5537
  Saved checkpoint: checkpoints_old/iPara_balanced_l1_g6_i5_do0.10_dpr0.10_lr0.0002_heads16_fold6.pth  select=0.5537  val_ab=0.6907  val_ag=0.4167  val_all=0.5906
Ep010  LR0=1.89e-04  pw=7.17  aucα=0.030  token_p=0.020  dropE=(0.020,0.080)  smooth=0.010  train_loss=0.4255  train_AUPR_all=0.5702  train_AUPR_ab=0.6756  train_AUPR_ag=0.3957  train_P@5_ab=0.9500  train_P@5_ag=0.9000  val_loss=0.6048  val_AUPR_all=0.5636  val_AUPR_ab=0.6763  val_AUPR_ag=0.3992  val_P@5_ab=0.9500  val_P@5_ag=0.9500  select=0.5377
Ep011  LR0=1.87e-04  pw=6.44  aucα=0.060  token_p=0.020  dropE=(0.020,0.080)  smooth=0.010  train_loss=0.4172  train_AUPR_all=0.5766  train_AUPR_ab=0.6762  train_AUPR_ag=0.4051  train_P@5_ab=0.9500  train_P@5_ag=0.8500  val_loss=0.5392  val_AUPR_all=0.5923  val_AUPR_ab=0.7005  val_AUPR_ag=0.4079  val_P@5_ab=0.9500  val_P@5_ag=1.0000  select=0.5542
  Saved checkpoint: checkpoints_old/iPara_balanced_l1_g6_i5_do0.10_dpr0.10_lr0.0002_heads16_fold6.pth  select=0.5542  val_ab=0.7005  val_ag=0.4079  val_all=0.5923
Ep012  LR0=1.84e-04  pw=5.80  aucα=0.090  token_p=0.020  dropE=(0.020,0.080)  smooth=0.010  train_loss=0.4039  train_AUPR_all=0.5877  train_AUPR_ab=0.6948  train_AUPR_ag=0.4098  train_P@5_ab=0.9500  train_P@5_ag=0.9000  val_loss=0.5136  val_AUPR_all=0.5944  val_AUPR_ab=0.7092  val_AUPR_ag=0.4113  val_P@5_ab=1.0000  val_P@5_ag=0.9000  select=0.5603
  Saved checkpoint: checkpoints_old/iPara_balanced_l1_g6_i5_do0.10_dpr0.10_lr0.0002_heads16_fold6.pth  select=0.5603  val_ab=0.7092  val_ag=0.4113  val_all=0.5944
Ep013  LR0=1.81e-04  pw=5.24  aucα=0.120  token_p=0.020  dropE=(0.020,0.080)  smooth=0.010  train_loss=0.3938  train_AUPR_all=0.5988  train_AUPR_ab=0.6984  train_AUPR_ag=0.4309  train_P@5_ab=0.9500  train_P@5_ag=0.9500  val_loss=0.5184  val_AUPR_all=0.5881  val_AUPR_ab=0.7114  val_AUPR_ag=0.3779  val_P@5_ab=1.0000  val_P@5_ag=0.9500  select=0.5447
Ep014  LR0=1.78e-04  pw=4.74  aucα=0.150  token_p=0.020  dropE=(0.020,0.080)  smooth=0.010  train_loss=0.3856  train_AUPR_all=0.6034  train_AUPR_ab=0.7049  train_AUPR_ag=0.4356  train_P@5_ab=0.9500  train_P@5_ag=1.0000  val_loss=0.4942  val_AUPR_all=0.5989  val_AUPR_ab=0.7132  val_AUPR_ag=0.4153  val_P@5_ab=0.9500  val_P@5_ag=0.9000  select=0.5642
  Saved checkpoint: checkpoints_old/iPara_balanced_l1_g6_i5_do0.10_dpr0.10_lr0.0002_heads16_fold6.pth  select=0.5642  val_ab=0.7132  val_ag=0.4153  val_all=0.5989
Ep015  LR0=1.74e-04  pw=4.30  aucα=0.180  token_p=0.020  dropE=(0.020,0.080)  smooth=0.010  train_loss=0.3784  train_AUPR_all=0.6148  train_AUPR_ab=0.7174  train_AUPR_ag=0.4465  train_P@5_ab=0.9500  train_P@5_ag=0.9500  val_loss=0.4687  val_AUPR_all=0.5915  val_AUPR_ab=0.7153  val_AUPR_ag=0.4001  val_P@5_ab=0.9000  val_P@5_ag=0.9000  select=0.5577
Ep016  LR0=1.71e-04  pw=3.91  aucα=0.210  token_p=0.020  dropE=(0.020,0.080)  smooth=0.010  train_loss=0.3687  train_AUPR_all=0.6248  train_AUPR_ab=0.7235  train_AUPR_ag=0.4647  train_P@5_ab=1.0000  train_P@5_ag=0.9000  val_loss=0.4393  val_AUPR_all=0.5952  val_AUPR_ab=0.7193  val_AUPR_ag=0.3995  val_P@5_ab=0.9500  val_P@5_ag=0.9000  select=0.5594
Ep017  LR0=1.67e-04  pw=3.57  aucα=0.240  token_p=0.020  dropE=(0.020,0.080)  smooth=0.010  train_loss=0.3632  train_AUPR_all=0.6282  train_AUPR_ab=0.7254  train_AUPR_ag=0.4731  train_P@5_ab=1.0000  train_P@5_ag=0.9500  val_loss=0.4315  val_AUPR_all=0.5930  val_AUPR_ab=0.7304  val_AUPR_ag=0.3812  val_P@5_ab=1.0000  val_P@5_ag=0.9000  select=0.5558
Ep018  LR0=1.63e-04  pw=3.27  aucα=0.270  token_p=0.020  dropE=(0.020,0.080)  smooth=0.010  train_loss=0.3538  train_AUPR_all=0.6431  train_AUPR_ab=0.7342  train_AUPR_ag=0.4965  train_P@5_ab=0.9500  train_P@5_ag=1.0000  val_loss=0.4020  val_AUPR_all=0.6140  val_AUPR_ab=0.7317  val_AUPR_ag=0.4216  val_P@5_ab=0.9500  val_P@5_ag=0.9500  select=0.5767
  Saved checkpoint: checkpoints_old/iPara_balanced_l1_g6_i5_do0.10_dpr0.10_lr0.0002_heads16_fold6.pth  select=0.5767  val_ab=0.7317  val_ag=0.4216  val_all=0.6140
Ep019  LR0=1.59e-04  pw=3.00  aucα=0.300  token_p=0.020  dropE=(0.020,0.080)  smooth=0.010  train_loss=0.3492  train_AUPR_all=0.6486  train_AUPR_ab=0.7384  train_AUPR_ag=0.5039  train_P@5_ab=1.0000  train_P@5_ag=1.0000  val_loss=0.3994  val_AUPR_all=0.5983  val_AUPR_ab=0.7275  val_AUPR_ag=0.4062  val_P@5_ab=0.9500  val_P@5_ag=0.9000  select=0.5669
Ep020  LR0=1.55e-04  pw=2.77  aucα=0.300  token_p=0.020  dropE=(0.020,0.080)  smooth=0.010  train_loss=0.3323  train_AUPR_all=0.6614  train_AUPR_ab=0.7486  train_AUPR_ag=0.5246  train_P@5_ab=1.0000  train_P@5_ag=0.9500  val_loss=0.3977  val_AUPR_all=0.6103  val_AUPR_ab=0.7389  val_AUPR_ag=0.4154  val_P@5_ab=1.0000  val_P@5_ag=0.9000  select=0.5772
  Saved checkpoint: checkpoints_old/iPara_balanced_l1_g6_i5_do0.10_dpr0.10_lr0.0002_heads16_fold6.pth  select=0.5772  val_ab=0.7389  val_ag=0.4154  val_all=0.6103
Ep021  LR0=1.50e-04  pw=2.56  aucα=0.300  token_p=0.020  dropE=(0.020,0.080)  smooth=0.010  train_loss=0.3118  train_AUPR_all=0.6792  train_AUPR_ab=0.7654  train_AUPR_ag=0.5446  train_P@5_ab=1.0000  train_P@5_ag=0.9500  val_loss=0.3902  val_AUPR_all=0.5973  val_AUPR_ab=0.7343  val_AUPR_ag=0.4012  val_P@5_ab=1.0000  val_P@5_ag=0.8500  select=0.5677
Ep022  LR0=1.46e-04  pw=2.38  aucα=0.300  token_p=0.020  dropE=(0.020,0.080)  smooth=0.010  train_loss=0.2969  train_AUPR_all=0.6871  train_AUPR_ab=0.7703  train_AUPR_ag=0.5578  train_P@5_ab=1.0000  train_P@5_ag=1.0000  val_loss=0.3773  val_AUPR_all=0.6010  val_AUPR_ab=0.7435  val_AUPR_ag=0.3964  val_P@5_ab=1.0000  val_P@5_ag=0.9000  select=0.5700
Ep023  LR0=1.41e-04  pw=2.21  aucα=0.300  token_p=0.020  dropE=(0.020,0.080)  smooth=0.010  train_loss=0.2814  train_AUPR_all=0.7004  train_AUPR_ab=0.7774  train_AUPR_ag=0.5830  train_P@5_ab=1.0000  train_P@5_ag=0.9500  val_loss=0.4049  val_AUPR_all=0.6040  val_AUPR_ab=0.7466  val_AUPR_ag=0.3949  val_P@5_ab=1.0000  val_P@5_ag=0.8500  select=0.5708
Ep024  LR0=1.36e-04  pw=2.07  aucα=0.300  token_p=0.020  dropE=(0.020,0.080)  smooth=0.010  train_loss=0.2696  train_AUPR_all=0.7091  train_AUPR_ab=0.7797  train_AUPR_ag=0.6021  train_P@5_ab=1.0000  train_P@5_ag=1.0000  val_loss=0.3839  val_AUPR_all=0.5886  val_AUPR_ab=0.7384  val_AUPR_ag=0.3731  val_P@5_ab=1.0000  val_P@5_ag=0.8500  select=0.5557
Ep025  LR0=1.31e-04  pw=1.95  aucα=0.300  token_p=0.020  dropE=(0.020,0.080)  smooth=0.010  train_loss=0.2545  train_AUPR_all=0.7220  train_AUPR_ab=0.7897  train_AUPR_ag=0.6208  train_P@5_ab=1.0000  train_P@5_ag=0.9500  val_loss=0.3535  val_AUPR_all=0.6081  val_AUPR_ab=0.7509  val_AUPR_ag=0.4069  val_P@5_ab=1.0000  val_P@5_ag=0.9500  select=0.5789
  Saved checkpoint: checkpoints_old/iPara_balanced_l1_g6_i5_do0.10_dpr0.10_lr0.0002_heads16_fold6.pth  select=0.5789  val_ab=0.7509  val_ag=0.4069  val_all=0.6081
Ep026  LR0=1.26e-04  pw=1.83  aucα=0.300  token_p=0.020  dropE=(0.020,0.080)  smooth=0.010  train_loss=0.2426  train_AUPR_all=0.7330  train_AUPR_ab=0.7957  train_AUPR_ag=0.6402  train_P@5_ab=1.0000  train_P@5_ag=1.0000  val_loss=0.3481  val_AUPR_all=0.6048  val_AUPR_ab=0.7537  val_AUPR_ag=0.4079  val_P@5_ab=1.0000  val_P@5_ag=0.9500  select=0.5808
  Saved checkpoint: checkpoints_old/iPara_balanced_l1_g6_i5_do0.10_dpr0.10_lr0.0002_heads16_fold6.pth  select=0.5808  val_ab=0.7537  val_ag=0.4079  val_all=0.6048
Ep027  LR0=1.21e-04  pw=1.74  aucα=0.300  token_p=0.020  dropE=(0.020,0.080)  smooth=0.010  train_loss=0.2312  train_AUPR_all=0.7427  train_AUPR_ab=0.7976  train_AUPR_ag=0.6627  train_P@5_ab=1.0000  train_P@5_ag=1.0000  val_loss=0.3382  val_AUPR_all=0.6162  val_AUPR_ab=0.7533  val_AUPR_ag=0.4112  val_P@5_ab=1.0000  val_P@5_ag=1.0000  select=0.5822
  Saved checkpoint: checkpoints_old/iPara_balanced_l1_g6_i5_do0.10_dpr0.10_lr0.0002_heads16_fold6.pth  select=0.5822  val_ab=0.7533  val_ag=0.4112  val_all=0.6162
Ep028  LR0=1.16e-04  pw=1.65  aucα=0.300  token_p=0.020  dropE=(0.020,0.080)  smooth=0.010  train_loss=0.2239  train_AUPR_all=0.7514  train_AUPR_ab=0.8073  train_AUPR_ag=0.6700  train_P@5_ab=1.0000  train_P@5_ag=1.0000  val_loss=0.3388  val_AUPR_all=0.6126  val_AUPR_ab=0.7432  val_AUPR_ag=0.4260  val_P@5_ab=1.0000  val_P@5_ag=0.9500  select=0.5846
  Saved checkpoint: checkpoints_old/iPara_balanced_l1_g6_i5_do0.10_dpr0.10_lr0.0002_heads16_fold6.pth  select=0.5846  val_ab=0.7432  val_ag=0.4260  val_all=0.6126
Ep029  LR0=1.11e-04  pw=1.57  aucα=0.300  token_p=0.020  dropE=(0.020,0.080)  smooth=0.010  train_loss=0.2156  train_AUPR_all=0.7579  train_AUPR_ab=0.8113  train_AUPR_ag=0.6794  train_P@5_ab=0.9500  train_P@5_ag=1.0000  val_loss=0.3361  val_AUPR_all=0.6071  val_AUPR_ab=0.7571  val_AUPR_ag=0.4052  val_P@5_ab=1.0000  val_P@5_ag=0.8500  select=0.5811
Ep030  LR0=1.05e-04  pw=1.51  aucα=0.300  token_p=0.020  dropE=(0.020,0.080)  smooth=0.010  train_loss=0.2053  train_AUPR_all=0.7717  train_AUPR_ab=0.8210  train_AUPR_ag=0.7011  train_P@5_ab=1.0000  train_P@5_ag=1.0000  val_loss=0.3431  val_AUPR_all=0.5894  val_AUPR_ab=0.7398  val_AUPR_ag=0.4009  val_P@5_ab=0.9500  val_P@5_ag=0.9000  select=0.5703
Ep031  LR0=1.00e-04  pw=1.45  aucα=0.300  token_p=0.020  dropE=(0.020,0.080)  smooth=0.010  train_loss=0.1967  train_AUPR_all=0.7794  train_AUPR_ab=0.8268  train_AUPR_ag=0.7111  train_P@5_ab=1.0000  train_P@5_ag=1.0000  val_loss=0.3242  val_AUPR_all=0.6081  val_AUPR_ab=0.7534  val_AUPR_ag=0.3976  val_P@5_ab=1.0000  val_P@5_ag=0.9500  select=0.5755
Ep032  LR0=9.50e-05  pw=1.39  aucα=0.300  token_p=0.020  dropE=(0.020,0.080)  smooth=0.010  train_loss=0.1922  train_AUPR_all=0.7853  train_AUPR_ab=0.8280  train_AUPR_ag=0.7248  train_P@5_ab=1.0000  train_P@5_ag=1.0000  val_loss=0.3234  val_AUPR_all=0.6133  val_AUPR_ab=0.7540  val_AUPR_ag=0.4130  val_P@5_ab=1.0000  val_P@5_ag=0.9500  select=0.5835
Ep033  LR0=8.98e-05  pw=1.35  aucα=0.300  token_p=0.020  dropE=(0.020,0.080)  smooth=0.010  train_loss=0.1842  train_AUPR_all=0.7943  train_AUPR_ab=0.8366  train_AUPR_ag=0.7342  train_P@5_ab=1.0000  train_P@5_ag=0.9500  val_loss=0.3255  val_AUPR_all=0.6069  val_AUPR_ab=0.7545  val_AUPR_ag=0.4036  val_P@5_ab=0.9500  val_P@5_ag=0.9500  select=0.5791
Ep034  LR0=8.46e-05  pw=1.31  aucα=0.300  token_p=0.020  dropE=(0.020,0.080)  smooth=0.010  train_loss=0.1768  train_AUPR_all=0.8051  train_AUPR_ab=0.8449  train_AUPR_ag=0.7485  train_P@5_ab=1.0000  train_P@5_ag=1.0000  val_loss=0.3167  val_AUPR_all=0.6103  val_AUPR_ab=0.7623  val_AUPR_ag=0.4012  val_P@5_ab=1.0000  val_P@5_ag=0.8000  select=0.5818
Ep035  LR0=7.95e-05  pw=1.27  aucα=0.300  token_p=0.020  dropE=(0.020,0.080)  smooth=0.010  train_loss=0.1725  train_AUPR_all=0.8088  train_AUPR_ab=0.8465  train_AUPR_ag=0.7555  train_P@5_ab=1.0000  train_P@5_ag=0.9500  val_loss=0.3211  val_AUPR_all=0.5966  val_AUPR_ab=0.7616  val_AUPR_ag=0.4072  val_P@5_ab=1.0000  val_P@5_ag=0.9500  select=0.5844
Ep036  LR0=7.44e-05  pw=1.24  aucα=0.300  token_p=0.020  dropE=(0.020,0.080)  smooth=0.010  train_loss=0.1669  train_AUPR_all=0.8165  train_AUPR_ab=0.8509  train_AUPR_ag=0.7686  train_P@5_ab=0.9500  train_P@5_ag=0.9500  val_loss=0.3130  val_AUPR_all=0.5961  val_AUPR_ab=0.7458  val_AUPR_ag=0.3907  val_P@5_ab=0.9500  val_P@5_ag=0.8000  select=0.5682
Ep037  LR0=6.94e-05  pw=1.21  aucα=0.300  token_p=0.020  dropE=(0.020,0.080)  smooth=0.010  train_loss=0.1601  train_AUPR_all=0.8259  train_AUPR_ab=0.8599  train_AUPR_ag=0.7778  train_P@5_ab=1.0000  train_P@5_ag=1.0000  val_loss=0.3193  val_AUPR_all=0.5912  val_AUPR_ab=0.7567  val_AUPR_ag=0.3759  val_P@5_ab=0.9000  val_P@5_ag=0.6500  select=0.5663
Ep038  LR0=6.45e-05  pw=1.19  aucα=0.300  token_p=0.020  dropE=(0.020,0.080)  smooth=0.010  train_loss=0.1586  train_AUPR_all=0.8269  train_AUPR_ab=0.8621  train_AUPR_ag=0.7768  train_P@5_ab=1.0000  train_P@5_ag=0.9500  val_loss=0.3219  val_AUPR_all=0.5895  val_AUPR_ab=0.7483  val_AUPR_ag=0.3797  val_P@5_ab=0.9000  val_P@5_ag=0.8000  select=0.5640
Ep039  LR0=5.97e-05  pw=1.16  aucα=0.300  token_p=0.020  dropE=(0.020,0.080)  smooth=0.010  train_loss=0.1525  train_AUPR_all=0.8370  train_AUPR_ab=0.8707  train_AUPR_ag=0.7892  train_P@5_ab=0.9500  train_P@5_ag=0.9500  val_loss=0.3092  val_AUPR_all=0.5995  val_AUPR_ab=0.7614  val_AUPR_ag=0.3834  val_P@5_ab=0.9500  val_P@5_ag=0.7000  select=0.5724
Ep040  LR0=5.50e-05  pw=1.15  aucα=0.300  token_p=0.020  dropE=(0.020,0.080)  smooth=0.010  train_loss=0.1461  train_AUPR_all=0.8466  train_AUPR_ab=0.8781  train_AUPR_ag=0.8019  train_P@5_ab=1.0000  train_P@5_ag=1.0000  val_loss=0.3166  val_AUPR_all=0.5850  val_AUPR_ab=0.7472  val_AUPR_ag=0.3842  val_P@5_ab=0.9000  val_P@5_ag=0.8500  select=0.5657
Ep041  LR0=5.04e-05  pw=1.13  aucα=0.300  token_p=0.020  dropE=(0.020,0.080)  smooth=0.010  train_loss=0.1455  train_AUPR_all=0.8472  train_AUPR_ab=0.8767  train_AUPR_ag=0.8059  train_P@5_ab=1.0000  train_P@5_ag=1.0000  val_loss=0.3203  val_AUPR_all=0.5900  val_AUPR_ab=0.7563  val_AUPR_ag=0.3870  val_P@5_ab=0.9500  val_P@5_ag=0.8000  select=0.5717
Ep042  LR0=4.59e-05  pw=1.11  aucα=0.300  token_p=0.020  dropE=(0.020,0.080)  smooth=0.010  train_loss=0.1419  train_AUPR_all=0.8513  train_AUPR_ab=0.8813  train_AUPR_ag=0.8086  train_P@5_ab=1.0000  train_P@5_ag=1.0000  val_loss=0.3192  val_AUPR_all=0.5783  val_AUPR_ab=0.7394  val_AUPR_ag=0.3669  val_P@5_ab=0.9500  val_P@5_ag=0.6500  select=0.5531
Ep043  LR0=4.16e-05  pw=1.10  aucα=0.300  token_p=0.020  dropE=(0.020,0.080)  smooth=0.010  train_loss=0.1385  train_AUPR_all=0.8566  train_AUPR_ab=0.8850  train_AUPR_ag=0.8169  train_P@5_ab=1.0000  train_P@5_ag=1.0000  val_loss=0.3125  val_AUPR_all=0.5979  val_AUPR_ab=0.7521  val_AUPR_ag=0.3917  val_P@5_ab=0.9500  val_P@5_ag=0.6500  select=0.5719
Ep044  LR0=3.75e-05  pw=1.09  aucα=0.300  token_p=0.020  dropE=(0.020,0.080)  smooth=0.010  train_loss=0.1369  train_AUPR_all=0.8589  train_AUPR_ab=0.8873  train_AUPR_ag=0.8191  train_P@5_ab=1.0000  train_P@5_ag=1.0000  val_loss=0.3145  val_AUPR_all=0.5877  val_AUPR_ab=0.7528  val_AUPR_ag=0.3723  val_P@5_ab=0.9500  val_P@5_ag=0.5000  select=0.5626
Ep045  LR0=3.35e-05  pw=1.08  aucα=0.300  token_p=0.020  dropE=(0.020,0.080)  smooth=0.010  train_loss=0.1352  train_AUPR_all=0.8600  train_AUPR_ab=0.8866  train_AUPR_ag=0.8230  train_P@5_ab=1.0000  train_P@5_ag=1.0000  val_loss=0.3149  val_AUPR_all=0.5916  val_AUPR_ab=0.7524  val_AUPR_ag=0.3824  val_P@5_ab=0.9000  val_P@5_ag=0.6500  select=0.5674
Ep046  LR0=2.97e-05  pw=1.07  aucα=0.300  token_p=0.020  dropE=(0.020,0.080)  smooth=0.010  train_loss=0.1303  train_AUPR_all=0.8689  train_AUPR_ab=0.8959  train_AUPR_ag=0.8307  train_P@5_ab=1.0000  train_P@5_ag=1.0000  val_loss=0.3180  val_AUPR_all=0.5859  val_AUPR_ab=0.7502  val_AUPR_ag=0.3720  val_P@5_ab=0.9000  val_P@5_ag=0.7000  select=0.5611
Ep047  LR0=2.61e-05  pw=1.06  aucα=0.300  token_p=0.020  dropE=(0.020,0.080)  smooth=0.010  train_loss=0.1282  train_AUPR_all=0.8721  train_AUPR_ab=0.8982  train_AUPR_ag=0.8354  train_P@5_ab=1.0000  train_P@5_ag=1.0000  val_loss=0.3202  val_AUPR_all=0.5879  val_AUPR_ab=0.7497  val_AUPR_ag=0.3752  val_P@5_ab=0.9500  val_P@5_ag=0.6500  select=0.5624
Ep048  LR0=2.27e-05  pw=1.05  aucα=0.300  token_p=0.020  dropE=(0.020,0.080)  smooth=0.010  train_loss=0.1283  train_AUPR_all=0.8711  train_AUPR_ab=0.8981  train_AUPR_ag=0.8329  train_P@5_ab=1.0000  train_P@5_ag=1.0000  val_loss=0.3151  val_AUPR_all=0.5855  val_AUPR_ab=0.7467  val_AUPR_ag=0.3752  val_P@5_ab=0.9000  val_P@5_ag=0.6000  select=0.5610
Early stopping at epoch 48. Best select=0.5846 at epoch 28.
Final saved checkpoint for fold 6: checkpoints_old/iPara_balanced_l1_g6_i5_do0.10_dpr0.10_lr0.0002_heads16_fold6.pth
Best select=0.5846 at epoch 28

==========================================================================================
Fold 7/10
==========================================================================================
Train labels: valid=449963, pos=29835, neg=420128, ignore=785237, pos_frac=0.06631
Val labels: valid=50229, pos=3395, neg=46834, ignore=87371, pos_frac=0.06759
Initializing ClassificationModel with 6 GAT layers and residual connections...
Initializing MCModel with 6 GAT layers and 5 row attention layers (drop_path_rate=0.1)
Initializing CoreModel with 1 layers, drop_path_rate=0.1
Ep001  LR0=2.00e-04  pw=20.00  aucα=0.000  token_p=0.020  dropE=(0.020,0.080)  smooth=0.010  train_loss=1.1665  train_AUPR_all=0.2044  train_AUPR_ab=0.2329  train_AUPR_ag=0.1610  train_P@5_ab=0.2000  train_P@5_ag=0.2500  val_loss=1.0360  val_AUPR_all=0.4364  val_AUPR_ab=0.5234  val_AUPR_ag=0.3101  val_P@5_ab=0.7500  val_P@5_ag=0.7500  select=0.4167
  Saved checkpoint: checkpoints_old/iPara_balanced_l1_g6_i5_do0.10_dpr0.10_lr0.0002_heads16_fold7.pth  select=0.4167  val_ab=0.5234  val_ag=0.3101  val_all=0.4364
Ep002  LR0=2.00e-04  pw=17.77  aucα=0.000  token_p=0.020  dropE=(0.020,0.080)  smooth=0.010  train_loss=0.7553  train_AUPR_all=0.4262  train_AUPR_ab=0.5025  train_AUPR_ag=0.2910  train_P@5_ab=0.7500  train_P@5_ag=0.9000  val_loss=1.1396  val_AUPR_all=0.4884  val_AUPR_ab=0.5682  val_AUPR_ag=0.3442  val_P@5_ab=0.5000  val_P@5_ag=0.9500  select=0.4562
  Saved checkpoint: checkpoints_old/iPara_balanced_l1_g6_i5_do0.10_dpr0.10_lr0.0002_heads16_fold7.pth  select=0.4562  val_ab=0.5682  val_ag=0.3442  val_all=0.4884
Ep003  LR0=1.99e-04  pw=15.80  aucα=0.000  token_p=0.020  dropE=(0.020,0.080)  smooth=0.010  train_loss=0.6930  train_AUPR_all=0.4530  train_AUPR_ab=0.5362  train_AUPR_ag=0.3088  train_P@5_ab=0.7000  train_P@5_ag=0.8500  val_loss=0.8829  val_AUPR_all=0.5097  val_AUPR_ab=0.5891  val_AUPR_ag=0.3418  val_P@5_ab=0.5500  val_P@5_ag=0.9000  select=0.4655
  Saved checkpoint: checkpoints_old/iPara_balanced_l1_g6_i5_do0.10_dpr0.10_lr0.0002_heads16_fold7.pth  select=0.4655  val_ab=0.5891  val_ag=0.3418  val_all=0.5097
Ep004  LR0=1.99e-04  pw=14.06  aucα=0.000  token_p=0.020  dropE=(0.020,0.080)  smooth=0.010  train_loss=0.6293  train_AUPR_all=0.4848  train_AUPR_ab=0.5751  train_AUPR_ag=0.3246  train_P@5_ab=0.8000  train_P@5_ag=1.0000  val_loss=0.8425  val_AUPR_all=0.5196  val_AUPR_ab=0.6359  val_AUPR_ag=0.3309  val_P@5_ab=1.0000  val_P@5_ag=0.9500  select=0.4834
  Saved checkpoint: checkpoints_old/iPara_balanced_l1_g6_i5_do0.10_dpr0.10_lr0.0002_heads16_fold7.pth  select=0.4834  val_ab=0.6359  val_ag=0.3309  val_all=0.5196
Unfreezing DyM parameters.
Ep005  LR0=1.98e-04  pw=12.52  aucα=0.000  token_p=0.020  dropE=(0.020,0.080)  smooth=0.010  train_loss=0.5835  train_AUPR_all=0.5029  train_AUPR_ab=0.5906  train_AUPR_ag=0.3430  train_P@5_ab=0.8500  train_P@5_ag=0.9000  val_loss=0.7739  val_AUPR_all=0.5400  val_AUPR_ab=0.6477  val_AUPR_ag=0.3619  val_P@5_ab=1.0000  val_P@5_ag=1.0000  select=0.5048
  Saved checkpoint: checkpoints_old/iPara_balanced_l1_g6_i5_do0.10_dpr0.10_lr0.0002_heads16_fold7.pth  select=0.5048  val_ab=0.6477  val_ag=0.3619  val_all=0.5400
Ep006  LR0=1.97e-04  pw=11.17  aucα=0.000  token_p=0.020  dropE=(0.020,0.080)  smooth=0.010  train_loss=0.5429  train_AUPR_all=0.5254  train_AUPR_ab=0.6204  train_AUPR_ag=0.3551  train_P@5_ab=0.9000  train_P@5_ag=1.0000  val_loss=0.7447  val_AUPR_all=0.5584  val_AUPR_ab=0.6744  val_AUPR_ag=0.3616  val_P@5_ab=1.0000  val_P@5_ag=0.9000  select=0.5180
  Saved checkpoint: checkpoints_old/iPara_balanced_l1_g6_i5_do0.10_dpr0.10_lr0.0002_heads16_fold7.pth  select=0.5180  val_ab=0.6744  val_ag=0.3616  val_all=0.5584
Ep007  LR0=1.95e-04  pw=9.97  aucα=0.000  token_p=0.020  dropE=(0.020,0.080)  smooth=0.010  train_loss=0.5006  train_AUPR_all=0.5435  train_AUPR_ab=0.6420  train_AUPR_ag=0.3640  train_P@5_ab=0.7500  train_P@5_ag=0.9500  val_loss=0.7201  val_AUPR_all=0.5686  val_AUPR_ab=0.6851  val_AUPR_ag=0.3693  val_P@5_ab=1.0000  val_P@5_ag=1.0000  select=0.5272
  Saved checkpoint: checkpoints_old/iPara_balanced_l1_g6_i5_do0.10_dpr0.10_lr0.0002_heads16_fold7.pth  select=0.5272  val_ab=0.6851  val_ag=0.3693  val_all=0.5686
Ep008  LR0=1.93e-04  pw=8.92  aucα=0.000  token_p=0.020  dropE=(0.020,0.080)  smooth=0.010  train_loss=0.4764  train_AUPR_all=0.5526  train_AUPR_ab=0.6537  train_AUPR_ag=0.3759  train_P@5_ab=1.0000  train_P@5_ag=1.0000  val_loss=0.6706  val_AUPR_all=0.5756  val_AUPR_ab=0.6953  val_AUPR_ag=0.3866  val_P@5_ab=0.9000  val_P@5_ag=0.9500  select=0.5410
  Saved checkpoint: checkpoints_old/iPara_balanced_l1_g6_i5_do0.10_dpr0.10_lr0.0002_heads16_fold7.pth  select=0.5410  val_ab=0.6953  val_ag=0.3866  val_all=0.5756
Ep009  LR0=1.91e-04  pw=7.99  aucα=0.000  token_p=0.020  dropE=(0.020,0.080)  smooth=0.010  train_loss=0.4327  train_AUPR_all=0.5681  train_AUPR_ab=0.6727  train_AUPR_ag=0.3872  train_P@5_ab=0.9500  train_P@5_ag=1.0000  val_loss=0.6328  val_AUPR_all=0.5718  val_AUPR_ab=0.6863  val_AUPR_ag=0.3898  val_P@5_ab=1.0000  val_P@5_ag=0.9500  select=0.5381
Ep010  LR0=1.89e-04  pw=7.17  aucα=0.030  token_p=0.020  dropE=(0.020,0.080)  smooth=0.010  train_loss=0.4220  train_AUPR_all=0.5779  train_AUPR_ab=0.6857  train_AUPR_ag=0.3919  train_P@5_ab=1.0000  train_P@5_ag=1.0000  val_loss=0.5911  val_AUPR_all=0.5878  val_AUPR_ab=0.7062  val_AUPR_ag=0.3900  val_P@5_ab=1.0000  val_P@5_ag=0.8500  select=0.5481
  Saved checkpoint: checkpoints_old/iPara_balanced_l1_g6_i5_do0.10_dpr0.10_lr0.0002_heads16_fold7.pth  select=0.5481  val_ab=0.7062  val_ag=0.3900  val_all=0.5878
Ep011  LR0=1.87e-04  pw=6.44  aucα=0.060  token_p=0.020  dropE=(0.020,0.080)  smooth=0.010  train_loss=0.4110  train_AUPR_all=0.5853  train_AUPR_ab=0.6939  train_AUPR_ag=0.3976  train_P@5_ab=0.9000  train_P@5_ag=1.0000  val_loss=0.5636  val_AUPR_all=0.5972  val_AUPR_ab=0.7199  val_AUPR_ag=0.4048  val_P@5_ab=1.0000  val_P@5_ag=0.8500  select=0.5624
  Saved checkpoint: checkpoints_old/iPara_balanced_l1_g6_i5_do0.10_dpr0.10_lr0.0002_heads16_fold7.pth  select=0.5624  val_ab=0.7199  val_ag=0.4048  val_all=0.5972
Ep012  LR0=1.84e-04  pw=5.80  aucα=0.090  token_p=0.020  dropE=(0.020,0.080)  smooth=0.010  train_loss=0.4041  train_AUPR_all=0.5913  train_AUPR_ab=0.6980  train_AUPR_ag=0.4114  train_P@5_ab=0.9000  train_P@5_ag=1.0000  val_loss=0.5699  val_AUPR_all=0.6004  val_AUPR_ab=0.7239  val_AUPR_ag=0.4009  val_P@5_ab=0.9500  val_P@5_ag=1.0000  select=0.5624
Ep013  LR0=1.81e-04  pw=5.24  aucα=0.120  token_p=0.020  dropE=(0.020,0.080)  smooth=0.010  train_loss=0.3942  train_AUPR_all=0.5989  train_AUPR_ab=0.7030  train_AUPR_ag=0.4247  train_P@5_ab=0.9000  train_P@5_ag=1.0000  val_loss=0.5156  val_AUPR_all=0.5975  val_AUPR_ab=0.7230  val_AUPR_ag=0.3963  val_P@5_ab=1.0000  val_P@5_ag=0.9500  select=0.5596
Ep014  LR0=1.78e-04  pw=4.74  aucα=0.150  token_p=0.020  dropE=(0.020,0.080)  smooth=0.010  train_loss=0.3869  train_AUPR_all=0.6053  train_AUPR_ab=0.7081  train_AUPR_ag=0.4318  train_P@5_ab=0.9500  train_P@5_ag=1.0000  val_loss=0.4904  val_AUPR_all=0.6048  val_AUPR_ab=0.7187  val_AUPR_ag=0.4246  val_P@5_ab=1.0000  val_P@5_ag=0.9500  select=0.5717
  Saved checkpoint: checkpoints_old/iPara_balanced_l1_g6_i5_do0.10_dpr0.10_lr0.0002_heads16_fold7.pth  select=0.5717  val_ab=0.7187  val_ag=0.4246  val_all=0.6048
Ep015  LR0=1.74e-04  pw=4.30  aucα=0.180  token_p=0.020  dropE=(0.020,0.080)  smooth=0.010  train_loss=0.3753  train_AUPR_all=0.6177  train_AUPR_ab=0.7184  train_AUPR_ag=0.4505  train_P@5_ab=0.9500  train_P@5_ag=0.8500  val_loss=0.4734  val_AUPR_all=0.5996  val_AUPR_ab=0.7239  val_AUPR_ag=0.3980  val_P@5_ab=0.9500  val_P@5_ag=0.9500  select=0.5609
Ep016  LR0=1.71e-04  pw=3.91  aucα=0.210  token_p=0.020  dropE=(0.020,0.080)  smooth=0.010  train_loss=0.3696  train_AUPR_all=0.6234  train_AUPR_ab=0.7248  train_AUPR_ag=0.4583  train_P@5_ab=0.9500  train_P@5_ag=0.9000  val_loss=0.4635  val_AUPR_all=0.5986  val_AUPR_ab=0.7275  val_AUPR_ag=0.3864  val_P@5_ab=1.0000  val_P@5_ag=1.0000  select=0.5570
Ep017  LR0=1.67e-04  pw=3.57  aucα=0.240  token_p=0.020  dropE=(0.020,0.080)  smooth=0.010  train_loss=0.3625  train_AUPR_all=0.6325  train_AUPR_ab=0.7327  train_AUPR_ag=0.4690  train_P@5_ab=0.9500  train_P@5_ag=0.8500  val_loss=0.4423  val_AUPR_all=0.6068  val_AUPR_ab=0.7329  val_AUPR_ag=0.4085  val_P@5_ab=1.0000  val_P@5_ag=1.0000  select=0.5707
Ep018  LR0=1.63e-04  pw=3.27  aucα=0.270  token_p=0.020  dropE=(0.020,0.080)  smooth=0.010  train_loss=0.3531  train_AUPR_all=0.6454  train_AUPR_ab=0.7440  train_AUPR_ag=0.4857  train_P@5_ab=1.0000  train_P@5_ag=0.9500  val_loss=0.4105  val_AUPR_all=0.6167  val_AUPR_ab=0.7362  val_AUPR_ag=0.4376  val_P@5_ab=1.0000  val_P@5_ag=0.9500  select=0.5869
  Saved checkpoint: checkpoints_old/iPara_balanced_l1_g6_i5_do0.10_dpr0.10_lr0.0002_heads16_fold7.pth  select=0.5869  val_ab=0.7362  val_ag=0.4376  val_all=0.6167
Ep019  LR0=1.59e-04  pw=3.00  aucα=0.300  token_p=0.020  dropE=(0.020,0.080)  smooth=0.010  train_loss=0.3496  train_AUPR_all=0.6504  train_AUPR_ab=0.7470  train_AUPR_ag=0.4954  train_P@5_ab=0.9500  train_P@5_ag=1.0000  val_loss=0.4143  val_AUPR_all=0.6034  val_AUPR_ab=0.7327  val_AUPR_ag=0.3961  val_P@5_ab=0.9500  val_P@5_ag=0.9500  select=0.5644
Ep020  LR0=1.55e-04  pw=2.77  aucα=0.300  token_p=0.020  dropE=(0.020,0.080)  smooth=0.010  train_loss=0.3322  train_AUPR_all=0.6609  train_AUPR_ab=0.7549  train_AUPR_ag=0.5101  train_P@5_ab=0.9000  train_P@5_ag=0.9500  val_loss=0.3838  val_AUPR_all=0.6271  val_AUPR_ab=0.7495  val_AUPR_ag=0.4399  val_P@5_ab=0.9500  val_P@5_ag=1.0000  select=0.5947
  Saved checkpoint: checkpoints_old/iPara_balanced_l1_g6_i5_do0.10_dpr0.10_lr0.0002_heads16_fold7.pth  select=0.5947  val_ab=0.7495  val_ag=0.4399  val_all=0.6271
Ep021  LR0=1.50e-04  pw=2.56  aucα=0.300  token_p=0.020  dropE=(0.020,0.080)  smooth=0.010  train_loss=0.3146  train_AUPR_all=0.6726  train_AUPR_ab=0.7651  train_AUPR_ag=0.5257  train_P@5_ab=0.9500  train_P@5_ag=1.0000  val_loss=0.3975  val_AUPR_all=0.6020  val_AUPR_ab=0.7431  val_AUPR_ag=0.3987  val_P@5_ab=1.0000  val_P@5_ag=1.0000  select=0.5709
Ep022  LR0=1.46e-04  pw=2.38  aucα=0.300  token_p=0.020  dropE=(0.020,0.080)  smooth=0.010  train_loss=0.2979  train_AUPR_all=0.6851  train_AUPR_ab=0.7717  train_AUPR_ag=0.5488  train_P@5_ab=1.0000  train_P@5_ag=1.0000  val_loss=0.3937  val_AUPR_all=0.6023  val_AUPR_ab=0.7406  val_AUPR_ag=0.3844  val_P@5_ab=1.0000  val_P@5_ag=0.9000  select=0.5625
Ep023  LR0=1.41e-04  pw=2.21  aucα=0.300  token_p=0.020  dropE=(0.020,0.080)  smooth=0.010  train_loss=0.2855  train_AUPR_all=0.6912  train_AUPR_ab=0.7727  train_AUPR_ag=0.5645  train_P@5_ab=1.0000  train_P@5_ag=1.0000  val_loss=0.3649  val_AUPR_all=0.6194  val_AUPR_ab=0.7564  val_AUPR_ag=0.4095  val_P@5_ab=1.0000  val_P@5_ag=0.9500  select=0.5829
Ep024  LR0=1.36e-04  pw=2.07  aucα=0.300  token_p=0.020  dropE=(0.020,0.080)  smooth=0.010  train_loss=0.2691  train_AUPR_all=0.7078  train_AUPR_ab=0.7868  train_AUPR_ag=0.5873  train_P@5_ab=1.0000  train_P@5_ag=0.9500  val_loss=0.3505  val_AUPR_all=0.6367  val_AUPR_ab=0.7602  val_AUPR_ag=0.4466  val_P@5_ab=1.0000  val_P@5_ag=0.9500  select=0.6034
  Saved checkpoint: checkpoints_old/iPara_balanced_l1_g6_i5_do0.10_dpr0.10_lr0.0002_heads16_fold7.pth  select=0.6034  val_ab=0.7602  val_ag=0.4466  val_all=0.6367
Ep025  LR0=1.31e-04  pw=1.95  aucα=0.300  token_p=0.020  dropE=(0.020,0.080)  smooth=0.010  train_loss=0.2599  train_AUPR_all=0.7139  train_AUPR_ab=0.7909  train_AUPR_ag=0.5966  train_P@5_ab=1.0000  train_P@5_ag=0.9500  val_loss=0.3476  val_AUPR_all=0.6300  val_AUPR_ab=0.7588  val_AUPR_ag=0.4359  val_P@5_ab=1.0000  val_P@5_ag=1.0000  select=0.5973
Ep026  LR0=1.26e-04  pw=1.83  aucα=0.300  token_p=0.020  dropE=(0.020,0.080)  smooth=0.010  train_loss=0.2435  train_AUPR_all=0.7310  train_AUPR_ab=0.8026  train_AUPR_ag=0.6223  train_P@5_ab=0.9500  train_P@5_ag=1.0000  val_loss=0.3403  val_AUPR_all=0.6303  val_AUPR_ab=0.7653  val_AUPR_ag=0.4330  val_P@5_ab=1.0000  val_P@5_ag=1.0000  select=0.5992
Ep027  LR0=1.21e-04  pw=1.74  aucα=0.300  token_p=0.020  dropE=(0.020,0.080)  smooth=0.010  train_loss=0.2323  train_AUPR_all=0.7438  train_AUPR_ab=0.8102  train_AUPR_ag=0.6445  train_P@5_ab=0.9500  train_P@5_ag=1.0000  val_loss=0.3337  val_AUPR_all=0.6416  val_AUPR_ab=0.7686  val_AUPR_ag=0.4597  val_P@5_ab=0.9500  val_P@5_ag=1.0000  select=0.6142
  Saved checkpoint: checkpoints_old/iPara_balanced_l1_g6_i5_do0.10_dpr0.10_lr0.0002_heads16_fold7.pth  select=0.6142  val_ab=0.7686  val_ag=0.4597  val_all=0.6416
Ep028  LR0=1.16e-04  pw=1.65  aucα=0.300  token_p=0.020  dropE=(0.020,0.080)  smooth=0.010  train_loss=0.2263  train_AUPR_all=0.7445  train_AUPR_ab=0.8071  train_AUPR_ag=0.6512  train_P@5_ab=0.9500  train_P@5_ag=0.9500  val_loss=0.3557  val_AUPR_all=0.6228  val_AUPR_ab=0.7594  val_AUPR_ag=0.4327  val_P@5_ab=1.0000  val_P@5_ag=0.9500  select=0.5961
Ep029  LR0=1.11e-04  pw=1.57  aucα=0.300  token_p=0.020  dropE=(0.020,0.080)  smooth=0.010  train_loss=0.2159  train_AUPR_all=0.7563  train_AUPR_ab=0.8177  train_AUPR_ag=0.6648  train_P@5_ab=1.0000  train_P@5_ag=1.0000  val_loss=0.3425  val_AUPR_all=0.6247  val_AUPR_ab=0.7591  val_AUPR_ag=0.4343  val_P@5_ab=0.9500  val_P@5_ag=0.9500  select=0.5967
Ep030  LR0=1.05e-04  pw=1.51  aucα=0.300  token_p=0.020  dropE=(0.020,0.080)  smooth=0.010  train_loss=0.2071  train_AUPR_all=0.7677  train_AUPR_ab=0.8233  train_AUPR_ag=0.6860  train_P@5_ab=1.0000  train_P@5_ag=0.9500  val_loss=0.3242  val_AUPR_all=0.6345  val_AUPR_ab=0.7676  val_AUPR_ag=0.4469  val_P@5_ab=1.0000  val_P@5_ag=1.0000  select=0.6073
Ep031  LR0=1.00e-04  pw=1.45  aucα=0.300  token_p=0.020  dropE=(0.020,0.080)  smooth=0.010  train_loss=0.1972  train_AUPR_all=0.7800  train_AUPR_ab=0.8363  train_AUPR_ag=0.6967  train_P@5_ab=1.0000  train_P@5_ag=0.8500  val_loss=0.3183  val_AUPR_all=0.6348  val_AUPR_ab=0.7641  val_AUPR_ag=0.4515  val_P@5_ab=1.0000  val_P@5_ag=0.9500  select=0.6078
Ep032  LR0=9.50e-05  pw=1.39  aucα=0.300  token_p=0.020  dropE=(0.020,0.080)  smooth=0.010  train_loss=0.1907  train_AUPR_all=0.7873  train_AUPR_ab=0.8379  train_AUPR_ag=0.7134  train_P@5_ab=1.0000  train_P@5_ag=1.0000  val_loss=0.3271  val_AUPR_all=0.6317  val_AUPR_ab=0.7566  val_AUPR_ag=0.4499  val_P@5_ab=0.9500  val_P@5_ag=0.8500  select=0.6032
Ep033  LR0=8.98e-05  pw=1.35  aucα=0.300  token_p=0.020  dropE=(0.020,0.080)  smooth=0.010  train_loss=0.1837  train_AUPR_all=0.7946  train_AUPR_ab=0.8461  train_AUPR_ag=0.7189  train_P@5_ab=1.0000  train_P@5_ag=1.0000  val_loss=0.3164  val_AUPR_all=0.6365  val_AUPR_ab=0.7747  val_AUPR_ag=0.4517  val_P@5_ab=0.9500  val_P@5_ag=0.9500  select=0.6132
Ep034  LR0=8.46e-05  pw=1.31  aucα=0.300  token_p=0.020  dropE=(0.020,0.080)  smooth=0.010  train_loss=0.1771  train_AUPR_all=0.8052  train_AUPR_ab=0.8533  train_AUPR_ag=0.7348  train_P@5_ab=0.9500  train_P@5_ag=1.0000  val_loss=0.3169  val_AUPR_all=0.6329  val_AUPR_ab=0.7652  val_AUPR_ag=0.4503  val_P@5_ab=0.9000  val_P@5_ag=0.9500  select=0.6077
Ep035  LR0=7.95e-05  pw=1.27  aucα=0.300  token_p=0.020  dropE=(0.020,0.080)  smooth=0.010  train_loss=0.1723  train_AUPR_all=0.8101  train_AUPR_ab=0.8564  train_AUPR_ag=0.7426  train_P@5_ab=0.9500  train_P@5_ag=0.9500  val_loss=0.3066  val_AUPR_all=0.6351  val_AUPR_ab=0.7670  val_AUPR_ag=0.4469  val_P@5_ab=0.9000  val_P@5_ag=0.8500  select=0.6069
Ep036  LR0=7.44e-05  pw=1.24  aucα=0.300  token_p=0.020  dropE=(0.020,0.080)  smooth=0.010  train_loss=0.1661  train_AUPR_all=0.8201  train_AUPR_ab=0.8616  train_AUPR_ag=0.7605  train_P@5_ab=1.0000  train_P@5_ag=1.0000  val_loss=0.3040  val_AUPR_all=0.6357  val_AUPR_ab=0.7677  val_AUPR_ag=0.4503  val_P@5_ab=0.9500  val_P@5_ag=0.9500  select=0.6090
Ep037  LR0=6.94e-05  pw=1.21  aucα=0.300  token_p=0.020  dropE=(0.020,0.080)  smooth=0.010  train_loss=0.1608  train_AUPR_all=0.8264  train_AUPR_ab=0.8686  train_AUPR_ag=0.7646  train_P@5_ab=1.0000  train_P@5_ag=1.0000  val_loss=0.3024  val_AUPR_all=0.6464  val_AUPR_ab=0.7750  val_AUPR_ag=0.4693  val_P@5_ab=1.0000  val_P@5_ag=0.9000  select=0.6222
  Saved checkpoint: checkpoints_old/iPara_balanced_l1_g6_i5_do0.10_dpr0.10_lr0.0002_heads16_fold7.pth  select=0.6222  val_ab=0.7750  val_ag=0.4693  val_all=0.6464
Ep038  LR0=6.45e-05  pw=1.19  aucα=0.300  token_p=0.020  dropE=(0.020,0.080)  smooth=0.010  train_loss=0.1570  train_AUPR_all=0.8309  train_AUPR_ab=0.8736  train_AUPR_ag=0.7681  train_P@5_ab=1.0000  train_P@5_ag=0.9500  val_loss=0.3138  val_AUPR_all=0.6344  val_AUPR_ab=0.7679  val_AUPR_ag=0.4563  val_P@5_ab=0.8500  val_P@5_ag=0.8000  select=0.6121
Ep039  LR0=5.97e-05  pw=1.16  aucα=0.300  token_p=0.020  dropE=(0.020,0.080)  smooth=0.010  train_loss=0.1506  train_AUPR_all=0.8414  train_AUPR_ab=0.8799  train_AUPR_ag=0.7855  train_P@5_ab=1.0000  train_P@5_ag=1.0000  val_loss=0.3165  val_AUPR_all=0.6298  val_AUPR_ab=0.7588  val_AUPR_ag=0.4573  val_P@5_ab=0.9500  val_P@5_ag=0.8000  select=0.6081
Ep040  LR0=5.50e-05  pw=1.15  aucα=0.300  token_p=0.020  dropE=(0.020,0.080)  smooth=0.010  train_loss=0.1466  train_AUPR_all=0.8456  train_AUPR_ab=0.8827  train_AUPR_ag=0.7912  train_P@5_ab=0.9500  train_P@5_ag=1.0000  val_loss=0.3077  val_AUPR_all=0.6437  val_AUPR_ab=0.7706  val_AUPR_ag=0.4742  val_P@5_ab=0.9500  val_P@5_ag=0.8500  select=0.6224
  Saved checkpoint: checkpoints_old/iPara_balanced_l1_g6_i5_do0.10_dpr0.10_lr0.0002_heads16_fold7.pth  select=0.6224  val_ab=0.7706  val_ag=0.4742  val_all=0.6437
Ep041  LR0=5.04e-05  pw=1.13  aucα=0.300  token_p=0.020  dropE=(0.020,0.080)  smooth=0.010  train_loss=0.1444  train_AUPR_all=0.8485  train_AUPR_ab=0.8873  train_AUPR_ag=0.7915  train_P@5_ab=1.0000  train_P@5_ag=1.0000  val_loss=0.3066  val_AUPR_all=0.6370  val_AUPR_ab=0.7654  val_AUPR_ag=0.4654  val_P@5_ab=0.9500  val_P@5_ag=0.8500  select=0.6154
Ep042  LR0=4.59e-05  pw=1.11  aucα=0.300  token_p=0.020  dropE=(0.020,0.080)  smooth=0.010  train_loss=0.1401  train_AUPR_all=0.8536  train_AUPR_ab=0.8893  train_AUPR_ag=0.8016  train_P@5_ab=1.0000  train_P@5_ag=1.0000  val_loss=0.3136  val_AUPR_all=0.6353  val_AUPR_ab=0.7670  val_AUPR_ag=0.4514  val_P@5_ab=1.0000  val_P@5_ag=0.8500  select=0.6092
Ep043  LR0=4.16e-05  pw=1.10  aucα=0.300  token_p=0.020  dropE=(0.020,0.080)  smooth=0.010  train_loss=0.1383  train_AUPR_all=0.8567  train_AUPR_ab=0.8894  train_AUPR_ag=0.8098  train_P@5_ab=1.0000  train_P@5_ag=1.0000  val_loss=0.3121  val_AUPR_all=0.6353  val_AUPR_ab=0.7706  val_AUPR_ag=0.4498  val_P@5_ab=0.9500  val_P@5_ag=0.9000  select=0.6102
Ep044  LR0=3.75e-05  pw=1.09  aucα=0.300  token_p=0.020  dropE=(0.020,0.080)  smooth=0.010  train_loss=0.1338  train_AUPR_all=0.8626  train_AUPR_ab=0.8952  train_AUPR_ag=0.8149  train_P@5_ab=1.0000  train_P@5_ag=1.0000  val_loss=0.3080  val_AUPR_all=0.6437  val_AUPR_ab=0.7760  val_AUPR_ag=0.4641  val_P@5_ab=0.9500  val_P@5_ag=0.9000  select=0.6201
Ep045  LR0=3.35e-05  pw=1.08  aucα=0.300  token_p=0.020  dropE=(0.020,0.080)  smooth=0.010  train_loss=0.1271  train_AUPR_all=0.8739  train_AUPR_ab=0.9048  train_AUPR_ag=0.8291  train_P@5_ab=1.0000  train_P@5_ag=1.0000  val_loss=0.3115  val_AUPR_all=0.6408  val_AUPR_ab=0.7695  val_AUPR_ag=0.4666  val_P@5_ab=0.8500  val_P@5_ag=0.8500  select=0.6180
Ep046  LR0=2.97e-05  pw=1.07  aucα=0.300  token_p=0.020  dropE=(0.020,0.080)  smooth=0.010  train_loss=0.1268  train_AUPR_all=0.8749  train_AUPR_ab=0.9073  train_AUPR_ag=0.8274  train_P@5_ab=1.0000  train_P@5_ag=0.9500  val_loss=0.3128  val_AUPR_all=0.6418  val_AUPR_ab=0.7709  val_AUPR_ag=0.4619  val_P@5_ab=0.9000  val_P@5_ag=0.8000  select=0.6164
Ep047  LR0=2.61e-05  pw=1.06  aucα=0.300  token_p=0.020  dropE=(0.020,0.080)  smooth=0.010  train_loss=0.1274  train_AUPR_all=0.8738  train_AUPR_ab=0.9072  train_AUPR_ag=0.8244  train_P@5_ab=1.0000  train_P@5_ag=1.0000  val_loss=0.3047  val_AUPR_all=0.6382  val_AUPR_ab=0.7603  val_AUPR_ag=0.4722  val_P@5_ab=0.8500  val_P@5_ag=0.9000  select=0.6163
Ep048  LR0=2.27e-05  pw=1.05  aucα=0.300  token_p=0.020  dropE=(0.020,0.080)  smooth=0.010  train_loss=0.1215  train_AUPR_all=0.8816  train_AUPR_ab=0.9108  train_AUPR_ag=0.8390  train_P@5_ab=0.9500  train_P@5_ag=1.0000  val_loss=0.3128  val_AUPR_all=0.6403  val_AUPR_ab=0.7714  val_AUPR_ag=0.4670  val_P@5_ab=0.9500  val_P@5_ag=0.8500  select=0.6192
Ep049  LR0=1.96e-05  pw=1.05  aucα=0.300  token_p=0.020  dropE=(0.020,0.080)  smooth=0.010  train_loss=0.1226  train_AUPR_all=0.8817  train_AUPR_ab=0.9114  train_AUPR_ag=0.8383  train_P@5_ab=1.0000  train_P@5_ag=1.0000  val_loss=0.3101  val_AUPR_all=0.6407  val_AUPR_ab=0.7687  val_AUPR_ag=0.4682  val_P@5_ab=0.9500  val_P@5_ag=0.8000  select=0.6185
Ep050  LR0=1.66e-05  pw=1.04  aucα=0.300  token_p=0.020  dropE=(0.020,0.080)  smooth=0.010  train_loss=0.1230  train_AUPR_all=0.8792  train_AUPR_ab=0.9094  train_AUPR_ag=0.8354  train_P@5_ab=1.0000  train_P@5_ag=1.0000  val_loss=0.3132  val_AUPR_all=0.6347  val_AUPR_ab=0.7649  val_AUPR_ag=0.4601  val_P@5_ab=0.8500  val_P@5_ag=0.8000  select=0.6125
Ep051  LR0=1.39e-05  pw=1.04  aucα=0.300  token_p=0.020  dropE=(0.020,0.080)  smooth=0.010  train_loss=0.1191  train_AUPR_all=0.8853  train_AUPR_ab=0.9137  train_AUPR_ag=0.8437  train_P@5_ab=1.0000  train_P@5_ag=1.0000  val_loss=0.3120  val_AUPR_all=0.6383  val_AUPR_ab=0.7662  val_AUPR_ag=0.4664  val_P@5_ab=0.9000  val_P@5_ag=0.8000  select=0.6163
Ep052  LR0=1.14e-05  pw=1.03  aucα=0.300  token_p=0.020  dropE=(0.020,0.080)  smooth=0.010  train_loss=0.1173  train_AUPR_all=0.8880  train_AUPR_ab=0.9171  train_AUPR_ag=0.8454  train_P@5_ab=1.0000  train_P@5_ag=1.0000  val_loss=0.3148  val_AUPR_all=0.6344  val_AUPR_ab=0.7644  val_AUPR_ag=0.4585  val_P@5_ab=0.9000  val_P@5_ag=0.7500  select=0.6115
Ep053  LR0=9.12e-06  pw=1.03  aucα=0.300  token_p=0.020  dropE=(0.020,0.080)  smooth=0.010  train_loss=0.1176  train_AUPR_all=0.8876  train_AUPR_ab=0.9149  train_AUPR_ag=0.8479  train_P@5_ab=1.0000  train_P@5_ag=1.0000  val_loss=0.3111  val_AUPR_all=0.6355  val_AUPR_ab=0.7661  val_AUPR_ag=0.4602  val_P@5_ab=0.9000  val_P@5_ag=0.7500  select=0.6131
Ep054  LR0=7.13e-06  pw=1.03  aucα=0.300  token_p=0.020  dropE=(0.020,0.080)  smooth=0.010  train_loss=0.1158  train_AUPR_all=0.8903  train_AUPR_ab=0.9187  train_AUPR_ag=0.8487  train_P@5_ab=1.0000  train_P@5_ag=1.0000  val_loss=0.3115  val_AUPR_all=0.6350  val_AUPR_ab=0.7622  val_AUPR_ag=0.4620  val_P@5_ab=0.8500  val_P@5_ag=0.7500  select=0.6121
Ep055  LR0=5.38e-06  pw=1.02  aucα=0.300  token_p=0.020  dropE=(0.020,0.080)  smooth=0.010  train_loss=0.1160  train_AUPR_all=0.8907  train_AUPR_ab=0.9179  train_AUPR_ag=0.8507  train_P@5_ab=1.0000  train_P@5_ag=1.0000  val_loss=0.3134  val_AUPR_all=0.6324  val_AUPR_ab=0.7630  val_AUPR_ag=0.4556  val_P@5_ab=0.8500  val_P@5_ag=0.8000  select=0.6093
Ep056  LR0=3.90e-06  pw=1.02  aucα=0.300  token_p=0.020  dropE=(0.020,0.080)  smooth=0.010  train_loss=0.1173  train_AUPR_all=0.8884  train_AUPR_ab=0.9156  train_AUPR_ag=0.8491  train_P@5_ab=1.0000  train_P@5_ag=1.0000  val_loss=0.3127  val_AUPR_all=0.6354  val_AUPR_ab=0.7635  val_AUPR_ag=0.4625  val_P@5_ab=0.8500  val_P@5_ag=0.7500  select=0.6130
Ep057  LR0=2.68e-06  pw=1.02  aucα=0.300  token_p=0.020  dropE=(0.020,0.080)  smooth=0.010  train_loss=0.1133  train_AUPR_all=0.8940  train_AUPR_ab=0.9207  train_AUPR_ag=0.8548  train_P@5_ab=1.0000  train_P@5_ag=1.0000  val_loss=0.3119  val_AUPR_all=0.6333  val_AUPR_ab=0.7628  val_AUPR_ag=0.4589  val_P@5_ab=0.9000  val_P@5_ag=0.7500  select=0.6108
Ep058  LR0=1.73e-06  pw=1.02  aucα=0.300  token_p=0.020  dropE=(0.020,0.080)  smooth=0.010  train_loss=0.1160  train_AUPR_all=0.8886  train_AUPR_ab=0.9141  train_AUPR_ag=0.8517  train_P@5_ab=1.0000  train_P@5_ag=0.9500  val_loss=0.3119  val_AUPR_all=0.6342  val_AUPR_ab=0.7629  val_AUPR_ag=0.4615  val_P@5_ab=0.8500  val_P@5_ag=0.7500  select=0.6122
Ep059  LR0=1.05e-06  pw=1.01  aucα=0.300  token_p=0.020  dropE=(0.020,0.080)  smooth=0.010  train_loss=0.1165  train_AUPR_all=0.8881  train_AUPR_ab=0.9153  train_AUPR_ag=0.8488  train_P@5_ab=1.0000  train_P@5_ag=0.9500  val_loss=0.3109  val_AUPR_all=0.6349  val_AUPR_ab=0.7641  val_AUPR_ag=0.4617  val_P@5_ab=0.8500  val_P@5_ag=0.7500  select=0.6129
Ep060  LR0=6.37e-07  pw=1.01  aucα=0.300  token_p=0.020  dropE=(0.020,0.080)  smooth=0.010  train_loss=0.1111  train_AUPR_all=0.8969  train_AUPR_ab=0.9213  train_AUPR_ag=0.8613  train_P@5_ab=1.0000  train_P@5_ag=1.0000  val_loss=0.3121  val_AUPR_all=0.6339  val_AUPR_ab=0.7631  val_AUPR_ag=0.4611  val_P@5_ab=0.8500  val_P@5_ag=0.7500  select=0.6121
Early stopping at epoch 60. Best select=0.6224 at epoch 40.
Final saved checkpoint for fold 7: checkpoints_old/iPara_balanced_l1_g6_i5_do0.10_dpr0.10_lr0.0002_heads16_fold7.pth
Best select=0.6224 at epoch 40

==========================================================================================
Fold 8/10
==========================================================================================
Train labels: valid=448646, pos=29915, neg=418731, ignore=786554, pos_frac=0.06668
Val labels: valid=51546, pos=3315, neg=48231, ignore=86054, pos_frac=0.06431
Initializing ClassificationModel with 6 GAT layers and residual connections...
Initializing MCModel with 6 GAT layers and 5 row attention layers (drop_path_rate=0.1)
Initializing CoreModel with 1 layers, drop_path_rate=0.1
Ep001  LR0=2.00e-04  pw=20.00  aucα=0.000  token_p=0.020  dropE=(0.020,0.080)  smooth=0.010  train_loss=1.1400  train_AUPR_all=0.2110  train_AUPR_ab=0.2390  train_AUPR_ag=0.1679  train_P@5_ab=0.2000  train_P@5_ag=0.2000  val_loss=1.1000  val_AUPR_all=0.4127  val_AUPR_ab=0.5073  val_AUPR_ag=0.2754  val_P@5_ab=0.9500  val_P@5_ag=0.9500  select=0.3913
  Saved checkpoint: checkpoints_old/iPara_balanced_l1_g6_i5_do0.10_dpr0.10_lr0.0002_heads16_fold8.pth  select=0.3913  val_ab=0.5073  val_ag=0.2754  val_all=0.4127
Ep002  LR0=2.00e-04  pw=17.77  aucα=0.000  token_p=0.020  dropE=(0.020,0.080)  smooth=0.010  train_loss=0.7751  train_AUPR_all=0.3866  train_AUPR_ab=0.4692  train_AUPR_ag=0.2506  train_P@5_ab=0.5500  train_P@5_ag=0.8000  val_loss=0.9287  val_AUPR_all=0.4743  val_AUPR_ab=0.5875  val_AUPR_ag=0.2971  val_P@5_ab=0.9000  val_P@5_ag=0.9500  select=0.4423
  Saved checkpoint: checkpoints_old/iPara_balanced_l1_g6_i5_do0.10_dpr0.10_lr0.0002_heads16_fold8.pth  select=0.4423  val_ab=0.5875  val_ag=0.2971  val_all=0.4743
Ep003  LR0=1.99e-04  pw=15.80  aucα=0.000  token_p=0.020  dropE=(0.020,0.080)  smooth=0.010  train_loss=0.6889  train_AUPR_all=0.4463  train_AUPR_ab=0.5346  train_AUPR_ag=0.2938  train_P@5_ab=0.8000  train_P@5_ag=0.8000  val_loss=0.9181  val_AUPR_all=0.5067  val_AUPR_ab=0.6335  val_AUPR_ag=0.3315  val_P@5_ab=0.8000  val_P@5_ag=0.8500  select=0.4825
  Saved checkpoint: checkpoints_old/iPara_balanced_l1_g6_i5_do0.10_dpr0.10_lr0.0002_heads16_fold8.pth  select=0.4825  val_ab=0.6335  val_ag=0.3315  val_all=0.5067
Ep004  LR0=1.99e-04  pw=14.06  aucα=0.000  token_p=0.020  dropE=(0.020,0.080)  smooth=0.010  train_loss=0.6411  train_AUPR_all=0.4706  train_AUPR_ab=0.5533  train_AUPR_ag=0.3258  train_P@5_ab=0.8500  train_P@5_ag=0.8500  val_loss=0.8339  val_AUPR_all=0.5084  val_AUPR_ab=0.6327  val_AUPR_ag=0.3091  val_P@5_ab=0.7000  val_P@5_ag=0.9000  select=0.4709
Unfreezing DyM parameters.
Ep005  LR0=1.98e-04  pw=12.52  aucα=0.000  token_p=0.020  dropE=(0.020,0.080)  smooth=0.010  train_loss=0.5886  train_AUPR_all=0.4972  train_AUPR_ab=0.5853  train_AUPR_ag=0.3367  train_P@5_ab=0.8000  train_P@5_ag=0.9500  val_loss=0.7485  val_AUPR_all=0.5565  val_AUPR_ab=0.6931  val_AUPR_ag=0.3400  val_P@5_ab=0.9500  val_P@5_ag=0.9500  select=0.5166
  Saved checkpoint: checkpoints_old/iPara_balanced_l1_g6_i5_do0.10_dpr0.10_lr0.0002_heads16_fold8.pth  select=0.5166  val_ab=0.6931  val_ag=0.3400  val_all=0.5565
Ep006  LR0=1.97e-04  pw=11.17  aucα=0.000  token_p=0.020  dropE=(0.020,0.080)  smooth=0.010  train_loss=0.5330  train_AUPR_all=0.5229  train_AUPR_ab=0.6128  train_AUPR_ag=0.3594  train_P@5_ab=0.6000  train_P@5_ag=0.9000  val_loss=0.7804  val_AUPR_all=0.5541  val_AUPR_ab=0.7043  val_AUPR_ag=0.3208  val_P@5_ab=0.9500  val_P@5_ag=0.7500  select=0.5125
Ep007  LR0=1.95e-04  pw=9.97  aucα=0.000  token_p=0.020  dropE=(0.020,0.080)  smooth=0.010  train_loss=0.5045  train_AUPR_all=0.5380  train_AUPR_ab=0.6390  train_AUPR_ag=0.3672  train_P@5_ab=1.0000  train_P@5_ag=0.9000  val_loss=0.6938  val_AUPR_all=0.5650  val_AUPR_ab=0.7071  val_AUPR_ag=0.3463  val_P@5_ab=0.9500  val_P@5_ag=0.9000  select=0.5267
  Saved checkpoint: checkpoints_old/iPara_balanced_l1_g6_i5_do0.10_dpr0.10_lr0.0002_heads16_fold8.pth  select=0.5267  val_ab=0.7071  val_ag=0.3463  val_all=0.5650
Ep008  LR0=1.93e-04  pw=8.92  aucα=0.000  token_p=0.020  dropE=(0.020,0.080)  smooth=0.010  train_loss=0.4692  train_AUPR_all=0.5485  train_AUPR_ab=0.6438  train_AUPR_ag=0.3822  train_P@5_ab=0.9000  train_P@5_ag=0.9000  val_loss=0.6779  val_AUPR_all=0.5680  val_AUPR_ab=0.7137  val_AUPR_ag=0.3332  val_P@5_ab=0.9500  val_P@5_ag=0.9000  select=0.5235
Ep009  LR0=1.91e-04  pw=7.99  aucα=0.000  token_p=0.020  dropE=(0.020,0.080)  smooth=0.010  train_loss=0.4342  train_AUPR_all=0.5670  train_AUPR_ab=0.6650  train_AUPR_ag=0.3993  train_P@5_ab=1.0000  train_P@5_ag=0.9000  val_loss=0.6284  val_AUPR_all=0.5655  val_AUPR_ab=0.7024  val_AUPR_ag=0.3434  val_P@5_ab=0.9000  val_P@5_ag=1.0000  select=0.5229
Ep010  LR0=1.89e-04  pw=7.17  aucα=0.030  token_p=0.020  dropE=(0.020,0.080)  smooth=0.010  train_loss=0.4253  train_AUPR_all=0.5721  train_AUPR_ab=0.6696  train_AUPR_ag=0.4058  train_P@5_ab=1.0000  train_P@5_ag=0.8500  val_loss=0.5700  val_AUPR_all=0.5879  val_AUPR_ab=0.7312  val_AUPR_ag=0.3523  val_P@5_ab=0.9000  val_P@5_ag=0.9000  select=0.5418
  Saved checkpoint: checkpoints_old/iPara_balanced_l1_g6_i5_do0.10_dpr0.10_lr0.0002_heads16_fold8.pth  select=0.5418  val_ab=0.7312  val_ag=0.3523  val_all=0.5879
Ep011  LR0=1.87e-04  pw=6.44  aucα=0.060  token_p=0.020  dropE=(0.020,0.080)  smooth=0.010  train_loss=0.4071  train_AUPR_all=0.5794  train_AUPR_ab=0.6812  train_AUPR_ag=0.4107  train_P@5_ab=0.9500  train_P@5_ag=0.9500  val_loss=0.5647  val_AUPR_all=0.5903  val_AUPR_ab=0.7430  val_AUPR_ag=0.3486  val_P@5_ab=1.0000  val_P@5_ag=0.9000  select=0.5458
  Saved checkpoint: checkpoints_old/iPara_balanced_l1_g6_i5_do0.10_dpr0.10_lr0.0002_heads16_fold8.pth  select=0.5458  val_ab=0.7430  val_ag=0.3486  val_all=0.5903
Ep012  LR0=1.84e-04  pw=5.80  aucα=0.090  token_p=0.020  dropE=(0.020,0.080)  smooth=0.010  train_loss=0.3992  train_AUPR_all=0.5910  train_AUPR_ab=0.6898  train_AUPR_ag=0.4250  train_P@5_ab=0.8500  train_P@5_ag=0.9500  val_loss=0.5261  val_AUPR_all=0.5888  val_AUPR_ab=0.7239  val_AUPR_ag=0.3702  val_P@5_ab=0.9500  val_P@5_ag=1.0000  select=0.5470
  Saved checkpoint: checkpoints_old/iPara_balanced_l1_g6_i5_do0.10_dpr0.10_lr0.0002_heads16_fold8.pth  select=0.5470  val_ab=0.7239  val_ag=0.3702  val_all=0.5888
Ep013  LR0=1.81e-04  pw=5.24  aucα=0.120  token_p=0.020  dropE=(0.020,0.080)  smooth=0.010  train_loss=0.3917  train_AUPR_all=0.5965  train_AUPR_ab=0.6912  train_AUPR_ag=0.4381  train_P@5_ab=0.9000  train_P@5_ag=0.8000  val_loss=0.5034  val_AUPR_all=0.6036  val_AUPR_ab=0.7483  val_AUPR_ag=0.3742  val_P@5_ab=0.9500  val_P@5_ag=0.8500  select=0.5613
  Saved checkpoint: checkpoints_old/iPara_balanced_l1_g6_i5_do0.10_dpr0.10_lr0.0002_heads16_fold8.pth  select=0.5613  val_ab=0.7483  val_ag=0.3742  val_all=0.6036
Ep014  LR0=1.78e-04  pw=4.74  aucα=0.150  token_p=0.020  dropE=(0.020,0.080)  smooth=0.010  train_loss=0.3806  train_AUPR_all=0.6082  train_AUPR_ab=0.7043  train_AUPR_ag=0.4503  train_P@5_ab=1.0000  train_P@5_ag=0.9000  val_loss=0.4810  val_AUPR_all=0.6051  val_AUPR_ab=0.7555  val_AUPR_ag=0.3740  val_P@5_ab=0.9500  val_P@5_ag=1.0000  select=0.5647
  Saved checkpoint: checkpoints_old/iPara_balanced_l1_g6_i5_do0.10_dpr0.10_lr0.0002_heads16_fold8.pth  select=0.5647  val_ab=0.7555  val_ag=0.3740  val_all=0.6051
Ep015  LR0=1.74e-04  pw=4.30  aucα=0.180  token_p=0.020  dropE=(0.020,0.080)  smooth=0.010  train_loss=0.3749  train_AUPR_all=0.6145  train_AUPR_ab=0.7133  train_AUPR_ag=0.4519  train_P@5_ab=1.0000  train_P@5_ag=0.9500  val_loss=0.4683  val_AUPR_all=0.5993  val_AUPR_ab=0.7403  val_AUPR_ag=0.3729  val_P@5_ab=0.9000  val_P@5_ag=0.9500  select=0.5566
Ep016  LR0=1.71e-04  pw=3.91  aucα=0.210  token_p=0.020  dropE=(0.020,0.080)  smooth=0.010  train_loss=0.3649  train_AUPR_all=0.6269  train_AUPR_ab=0.7222  train_AUPR_ag=0.4719  train_P@5_ab=0.9500  train_P@5_ag=0.9500  val_loss=0.4526  val_AUPR_all=0.6198  val_AUPR_ab=0.7716  val_AUPR_ag=0.3827  val_P@5_ab=1.0000  val_P@5_ag=1.0000  select=0.5771
  Saved checkpoint: checkpoints_old/iPara_balanced_l1_g6_i5_do0.10_dpr0.10_lr0.0002_heads16_fold8.pth  select=0.5771  val_ab=0.7716  val_ag=0.3827  val_all=0.6198
Ep017  LR0=1.67e-04  pw=3.57  aucα=0.240  token_p=0.020  dropE=(0.020,0.080)  smooth=0.010  train_loss=0.3592  train_AUPR_all=0.6298  train_AUPR_ab=0.7235  train_AUPR_ag=0.4780  train_P@5_ab=0.9500  train_P@5_ag=0.8000  val_loss=0.4281  val_AUPR_all=0.6210  val_AUPR_ab=0.7692  val_AUPR_ag=0.3897  val_P@5_ab=0.9500  val_P@5_ag=0.9000  select=0.5795
  Saved checkpoint: checkpoints_old/iPara_balanced_l1_g6_i5_do0.10_dpr0.10_lr0.0002_heads16_fold8.pth  select=0.5795  val_ab=0.7692  val_ag=0.3897  val_all=0.6210
Ep018  LR0=1.63e-04  pw=3.27  aucα=0.270  token_p=0.020  dropE=(0.020,0.080)  smooth=0.010  train_loss=0.3461  train_AUPR_all=0.6539  train_AUPR_ab=0.7446  train_AUPR_ag=0.5120  train_P@5_ab=1.0000  train_P@5_ag=0.8500  val_loss=0.4036  val_AUPR_all=0.6092  val_AUPR_ab=0.7535  val_AUPR_ag=0.3811  val_P@5_ab=0.9500  val_P@5_ag=0.9000  select=0.5673
Ep019  LR0=1.59e-04  pw=3.00  aucα=0.300  token_p=0.020  dropE=(0.020,0.080)  smooth=0.010  train_loss=0.3423  train_AUPR_all=0.6599  train_AUPR_ab=0.7473  train_AUPR_ag=0.5229  train_P@5_ab=0.9500  train_P@5_ag=0.9500  val_loss=0.4088  val_AUPR_all=0.6104  val_AUPR_ab=0.7578  val_AUPR_ag=0.3809  val_P@5_ab=0.9500  val_P@5_ag=0.9000  select=0.5693
Ep020  LR0=1.55e-04  pw=2.77  aucα=0.300  token_p=0.020  dropE=(0.020,0.080)  smooth=0.010  train_loss=0.3264  train_AUPR_all=0.6689  train_AUPR_ab=0.7535  train_AUPR_ag=0.5380  train_P@5_ab=1.0000  train_P@5_ag=1.0000  val_loss=0.3971  val_AUPR_all=0.6003  val_AUPR_ab=0.7636  val_AUPR_ag=0.3466  val_P@5_ab=0.9500  val_P@5_ag=0.8500  select=0.5551
Ep021  LR0=1.50e-04  pw=2.56  aucα=0.300  token_p=0.020  dropE=(0.020,0.080)  smooth=0.010  train_loss=0.3111  train_AUPR_all=0.6763  train_AUPR_ab=0.7590  train_AUPR_ag=0.5488  train_P@5_ab=1.0000  train_P@5_ag=1.0000  val_loss=0.4072  val_AUPR_all=0.6037  val_AUPR_ab=0.7762  val_AUPR_ag=0.3404  val_P@5_ab=1.0000  val_P@5_ag=0.7500  select=0.5583
Ep022  LR0=1.46e-04  pw=2.38  aucα=0.300  token_p=0.020  dropE=(0.020,0.080)  smooth=0.010  train_loss=0.2953  train_AUPR_all=0.6876  train_AUPR_ab=0.7646  train_AUPR_ag=0.5704  train_P@5_ab=1.0000  train_P@5_ag=0.9500  val_loss=0.3856  val_AUPR_all=0.6155  val_AUPR_ab=0.7676  val_AUPR_ag=0.3928  val_P@5_ab=1.0000  val_P@5_ag=0.9000  select=0.5802
  Saved checkpoint: checkpoints_old/iPara_balanced_l1_g6_i5_do0.10_dpr0.10_lr0.0002_heads16_fold8.pth  select=0.5802  val_ab=0.7676  val_ag=0.3928  val_all=0.6155
Ep023  LR0=1.41e-04  pw=2.21  aucα=0.300  token_p=0.020  dropE=(0.020,0.080)  smooth=0.010  train_loss=0.2780  train_AUPR_all=0.7028  train_AUPR_ab=0.7744  train_AUPR_ag=0.5953  train_P@5_ab=1.0000  train_P@5_ag=0.8500  val_loss=0.3610  val_AUPR_all=0.6081  val_AUPR_ab=0.7619  val_AUPR_ag=0.3842  val_P@5_ab=1.0000  val_P@5_ag=0.7000  select=0.5730
Ep024  LR0=1.36e-04  pw=2.07  aucα=0.300  token_p=0.020  dropE=(0.020,0.080)  smooth=0.010  train_loss=0.2644  train_AUPR_all=0.7154  train_AUPR_ab=0.7841  train_AUPR_ag=0.6138  train_P@5_ab=1.0000  train_P@5_ag=1.0000  val_loss=0.3338  val_AUPR_all=0.6193  val_AUPR_ab=0.7790  val_AUPR_ag=0.3947  val_P@5_ab=0.9500  val_P@5_ag=1.0000  select=0.5869
  Saved checkpoint: checkpoints_old/iPara_balanced_l1_g6_i5_do0.10_dpr0.10_lr0.0002_heads16_fold8.pth  select=0.5869  val_ab=0.7790  val_ag=0.3947  val_all=0.6193
Ep025  LR0=1.31e-04  pw=1.95  aucα=0.300  token_p=0.020  dropE=(0.020,0.080)  smooth=0.010  train_loss=0.2547  train_AUPR_all=0.7215  train_AUPR_ab=0.7834  train_AUPR_ag=0.6305  train_P@5_ab=1.0000  train_P@5_ag=1.0000  val_loss=0.3416  val_AUPR_all=0.6154  val_AUPR_ab=0.7722  val_AUPR_ag=0.4033  val_P@5_ab=1.0000  val_P@5_ag=0.9500  select=0.5877
  Saved checkpoint: checkpoints_old/iPara_balanced_l1_g6_i5_do0.10_dpr0.10_lr0.0002_heads16_fold8.pth  select=0.5877  val_ab=0.7722  val_ag=0.4033  val_all=0.6154
Ep026  LR0=1.26e-04  pw=1.83  aucα=0.300  token_p=0.020  dropE=(0.020,0.080)  smooth=0.010  train_loss=0.2409  train_AUPR_all=0.7350  train_AUPR_ab=0.7946  train_AUPR_ag=0.6477  train_P@5_ab=0.9500  train_P@5_ag=0.9500  val_loss=0.3325  val_AUPR_all=0.6283  val_AUPR_ab=0.7902  val_AUPR_ag=0.3896  val_P@5_ab=1.0000  val_P@5_ag=0.8500  select=0.5899
  Saved checkpoint: checkpoints_old/iPara_balanced_l1_g6_i5_do0.10_dpr0.10_lr0.0002_heads16_fold8.pth  select=0.5899  val_ab=0.7902  val_ag=0.3896  val_all=0.6283
Ep027  LR0=1.21e-04  pw=1.74  aucα=0.300  token_p=0.020  dropE=(0.020,0.080)  smooth=0.010  train_loss=0.2339  train_AUPR_all=0.7405  train_AUPR_ab=0.7979  train_AUPR_ag=0.6562  train_P@5_ab=1.0000  train_P@5_ag=0.9500  val_loss=0.3358  val_AUPR_all=0.6252  val_AUPR_ab=0.7904  val_AUPR_ag=0.3817  val_P@5_ab=1.0000  val_P@5_ag=0.8000  select=0.5860
Ep028  LR0=1.16e-04  pw=1.65  aucα=0.300  token_p=0.020  dropE=(0.020,0.080)  smooth=0.010  train_loss=0.2242  train_AUPR_all=0.7508  train_AUPR_ab=0.8058  train_AUPR_ag=0.6708  train_P@5_ab=1.0000  train_P@5_ag=0.9500  val_loss=0.3225  val_AUPR_all=0.6341  val_AUPR_ab=0.7892  val_AUPR_ag=0.4003  val_P@5_ab=1.0000  val_P@5_ag=0.8500  select=0.5948
  Saved checkpoint: checkpoints_old/iPara_balanced_l1_g6_i5_do0.10_dpr0.10_lr0.0002_heads16_fold8.pth  select=0.5948  val_ab=0.7892  val_ag=0.4003  val_all=0.6341
Ep029  LR0=1.11e-04  pw=1.57  aucα=0.300  token_p=0.020  dropE=(0.020,0.080)  smooth=0.010  train_loss=0.2126  train_AUPR_all=0.7643  train_AUPR_ab=0.8169  train_AUPR_ag=0.6878  train_P@5_ab=0.9500  train_P@5_ag=1.0000  val_loss=0.3170  val_AUPR_all=0.6355  val_AUPR_ab=0.7963  val_AUPR_ag=0.4123  val_P@5_ab=1.0000  val_P@5_ag=0.9000  select=0.6043
  Saved checkpoint: checkpoints_old/iPara_balanced_l1_g6_i5_do0.10_dpr0.10_lr0.0002_heads16_fold8.pth  select=0.6043  val_ab=0.7963  val_ag=0.4123  val_all=0.6355
Ep030  LR0=1.05e-04  pw=1.51  aucα=0.300  token_p=0.020  dropE=(0.020,0.080)  smooth=0.010  train_loss=0.2051  train_AUPR_all=0.7720  train_AUPR_ab=0.8192  train_AUPR_ag=0.7046  train_P@5_ab=1.0000  train_P@5_ag=1.0000  val_loss=0.3230  val_AUPR_all=0.6268  val_AUPR_ab=0.7838  val_AUPR_ag=0.3956  val_P@5_ab=1.0000  val_P@5_ag=0.8500  select=0.5897
Ep031  LR0=1.00e-04  pw=1.45  aucα=0.300  token_p=0.020  dropE=(0.020,0.080)  smooth=0.010  train_loss=0.1966  train_AUPR_all=0.7820  train_AUPR_ab=0.8270  train_AUPR_ag=0.7177  train_P@5_ab=1.0000  train_P@5_ag=0.9500  val_loss=0.3115  val_AUPR_all=0.6423  val_AUPR_ab=0.7998  val_AUPR_ag=0.3997  val_P@5_ab=1.0000  val_P@5_ag=0.8500  select=0.5997
Ep032  LR0=9.50e-05  pw=1.39  aucα=0.300  token_p=0.020  dropE=(0.020,0.080)  smooth=0.010  train_loss=0.1863  train_AUPR_all=0.7956  train_AUPR_ab=0.8389  train_AUPR_ag=0.7336  train_P@5_ab=1.0000  train_P@5_ag=1.0000  val_loss=0.3167  val_AUPR_all=0.6202  val_AUPR_ab=0.7875  val_AUPR_ag=0.3917  val_P@5_ab=1.0000  val_P@5_ag=0.9000  select=0.5896
Ep033  LR0=8.98e-05  pw=1.35  aucα=0.300  token_p=0.020  dropE=(0.020,0.080)  smooth=0.010  train_loss=0.1827  train_AUPR_all=0.7973  train_AUPR_ab=0.8380  train_AUPR_ag=0.7392  train_P@5_ab=1.0000  train_P@5_ag=1.0000  val_loss=0.3174  val_AUPR_all=0.6154  val_AUPR_ab=0.7911  val_AUPR_ag=0.3971  val_P@5_ab=1.0000  val_P@5_ag=0.8500  select=0.5941
Ep034  LR0=8.46e-05  pw=1.31  aucα=0.300  token_p=0.020  dropE=(0.020,0.080)  smooth=0.010  train_loss=0.1786  train_AUPR_all=0.8038  train_AUPR_ab=0.8457  train_AUPR_ag=0.7439  train_P@5_ab=0.9500  train_P@5_ag=1.0000  val_loss=0.3177  val_AUPR_all=0.5977  val_AUPR_ab=0.7813  val_AUPR_ag=0.3828  val_P@5_ab=0.9500  val_P@5_ag=0.6500  select=0.5820
Ep035  LR0=7.95e-05  pw=1.27  aucα=0.300  token_p=0.020  dropE=(0.020,0.080)  smooth=0.010  train_loss=0.1720  train_AUPR_all=0.8120  train_AUPR_ab=0.8482  train_AUPR_ag=0.7612  train_P@5_ab=1.0000  train_P@5_ag=1.0000  val_loss=0.3101  val_AUPR_all=0.6280  val_AUPR_ab=0.7977  val_AUPR_ag=0.3904  val_P@5_ab=1.0000  val_P@5_ag=0.8000  select=0.5940
Ep036  LR0=7.44e-05  pw=1.24  aucα=0.300  token_p=0.020  dropE=(0.020,0.080)  smooth=0.010  train_loss=0.1641  train_AUPR_all=0.8226  train_AUPR_ab=0.8612  train_AUPR_ag=0.7673  train_P@5_ab=1.0000  train_P@5_ag=1.0000  val_loss=0.3063  val_AUPR_all=0.6158  val_AUPR_ab=0.7792  val_AUPR_ag=0.3822  val_P@5_ab=0.9500  val_P@5_ag=0.7500  select=0.5807
Ep037  LR0=6.94e-05  pw=1.21  aucα=0.300  token_p=0.020  dropE=(0.020,0.080)  smooth=0.010  train_loss=0.1615  train_AUPR_all=0.8261  train_AUPR_ab=0.8609  train_AUPR_ag=0.7770  train_P@5_ab=0.9500  train_P@5_ag=1.0000  val_loss=0.3074  val_AUPR_all=0.6223  val_AUPR_ab=0.7956  val_AUPR_ag=0.3793  val_P@5_ab=1.0000  val_P@5_ag=0.7500  select=0.5874
Ep038  LR0=6.45e-05  pw=1.19  aucα=0.300  token_p=0.020  dropE=(0.020,0.080)  smooth=0.010  train_loss=0.1541  train_AUPR_all=0.8361  train_AUPR_ab=0.8697  train_AUPR_ag=0.7883  train_P@5_ab=1.0000  train_P@5_ag=0.9500  val_loss=0.2980  val_AUPR_all=0.6299  val_AUPR_ab=0.8008  val_AUPR_ag=0.3949  val_P@5_ab=1.0000  val_P@5_ag=0.7000  select=0.5978
Ep039  LR0=5.97e-05  pw=1.16  aucα=0.300  token_p=0.020  dropE=(0.020,0.080)  smooth=0.010  train_loss=0.1487  train_AUPR_all=0.8441  train_AUPR_ab=0.8775  train_AUPR_ag=0.7965  train_P@5_ab=1.0000  train_P@5_ag=1.0000  val_loss=0.3037  val_AUPR_all=0.6159  val_AUPR_ab=0.7806  val_AUPR_ag=0.3909  val_P@5_ab=0.9500  val_P@5_ag=0.5500  select=0.5858
Ep040  LR0=5.50e-05  pw=1.15  aucα=0.300  token_p=0.020  dropE=(0.020,0.080)  smooth=0.010  train_loss=0.1478  train_AUPR_all=0.8437  train_AUPR_ab=0.8746  train_AUPR_ag=0.8001  train_P@5_ab=1.0000  train_P@5_ag=1.0000  val_loss=0.3105  val_AUPR_all=0.6059  val_AUPR_ab=0.7867  val_AUPR_ag=0.3827  val_P@5_ab=1.0000  val_P@5_ag=0.6000  select=0.5847
Ep041  LR0=5.04e-05  pw=1.13  aucα=0.300  token_p=0.020  dropE=(0.020,0.080)  smooth=0.010  train_loss=0.1432  train_AUPR_all=0.8512  train_AUPR_ab=0.8832  train_AUPR_ag=0.8055  train_P@5_ab=1.0000  train_P@5_ag=1.0000  val_loss=0.3035  val_AUPR_all=0.6240  val_AUPR_ab=0.7969  val_AUPR_ag=0.3855  val_P@5_ab=1.0000  val_P@5_ag=0.6000  select=0.5912
Ep042  LR0=4.59e-05  pw=1.11  aucα=0.300  token_p=0.020  dropE=(0.020,0.080)  smooth=0.010  train_loss=0.1382  train_AUPR_all=0.8584  train_AUPR_ab=0.8909  train_AUPR_ag=0.8111  train_P@5_ab=1.0000  train_P@5_ag=1.0000  val_loss=0.3050  val_AUPR_all=0.6179  val_AUPR_ab=0.7856  val_AUPR_ag=0.3806  val_P@5_ab=1.0000  val_P@5_ag=0.6000  select=0.5831
Ep043  LR0=4.16e-05  pw=1.10  aucα=0.300  token_p=0.020  dropE=(0.020,0.080)  smooth=0.010  train_loss=0.1390  train_AUPR_all=0.8568  train_AUPR_ab=0.8878  train_AUPR_ag=0.8125  train_P@5_ab=1.0000  train_P@5_ag=1.0000  val_loss=0.3026  val_AUPR_all=0.6161  val_AUPR_ab=0.7873  val_AUPR_ag=0.3878  val_P@5_ab=0.9500  val_P@5_ag=0.7000  select=0.5875
Ep044  LR0=3.75e-05  pw=1.09  aucα=0.300  token_p=0.020  dropE=(0.020,0.080)  smooth=0.010  train_loss=0.1366  train_AUPR_all=0.8603  train_AUPR_ab=0.8898  train_AUPR_ag=0.8180  train_P@5_ab=1.0000  train_P@5_ag=1.0000  val_loss=0.3002  val_AUPR_all=0.6079  val_AUPR_ab=0.7781  val_AUPR_ag=0.3816  val_P@5_ab=0.8500  val_P@5_ag=0.6000  select=0.5798
Ep045  LR0=3.35e-05  pw=1.08  aucα=0.300  token_p=0.020  dropE=(0.020,0.080)  smooth=0.010  train_loss=0.1317  train_AUPR_all=0.8680  train_AUPR_ab=0.8964  train_AUPR_ag=0.8275  train_P@5_ab=1.0000  train_P@5_ag=1.0000  val_loss=0.3070  val_AUPR_all=0.6178  val_AUPR_ab=0.7833  val_AUPR_ag=0.3780  val_P@5_ab=0.9000  val_P@5_ag=0.7500  select=0.5806
Ep046  LR0=2.97e-05  pw=1.07  aucα=0.300  token_p=0.020  dropE=(0.020,0.080)  smooth=0.010  train_loss=0.1289  train_AUPR_all=0.8722  train_AUPR_ab=0.8997  train_AUPR_ag=0.8328  train_P@5_ab=1.0000  train_P@5_ag=1.0000  val_loss=0.3044  val_AUPR_all=0.6188  val_AUPR_ab=0.7876  val_AUPR_ag=0.3815  val_P@5_ab=0.8500  val_P@5_ag=0.6500  select=0.5846
Ep047  LR0=2.61e-05  pw=1.06  aucα=0.300  token_p=0.020  dropE=(0.020,0.080)  smooth=0.010  train_loss=0.1260  train_AUPR_all=0.8762  train_AUPR_ab=0.9025  train_AUPR_ag=0.8389  train_P@5_ab=1.0000  train_P@5_ag=1.0000  val_loss=0.3068  val_AUPR_all=0.6103  val_AUPR_ab=0.7809  val_AUPR_ag=0.3798  val_P@5_ab=0.9000  val_P@5_ag=0.6000  select=0.5804
Ep048  LR0=2.27e-05  pw=1.05  aucα=0.300  token_p=0.020  dropE=(0.020,0.080)  smooth=0.010  train_loss=0.1242  train_AUPR_all=0.8797  train_AUPR_ab=0.9071  train_AUPR_ag=0.8406  train_P@5_ab=1.0000  train_P@5_ag=1.0000  val_loss=0.3042  val_AUPR_all=0.6111  val_AUPR_ab=0.7850  val_AUPR_ag=0.3821  val_P@5_ab=0.8500  val_P@5_ag=0.7500  select=0.5836
Ep049  LR0=1.96e-05  pw=1.05  aucα=0.300  token_p=0.020  dropE=(0.020,0.080)  smooth=0.010  train_loss=0.1216  train_AUPR_all=0.8830  train_AUPR_ab=0.9089  train_AUPR_ag=0.8461  train_P@5_ab=1.0000  train_P@5_ag=1.0000  val_loss=0.3088  val_AUPR_all=0.6057  val_AUPR_ab=0.7843  val_AUPR_ag=0.3703  val_P@5_ab=0.9000  val_P@5_ag=0.7000  select=0.5773
Early stopping at epoch 49. Best select=0.6043 at epoch 29.
Final saved checkpoint for fold 8: checkpoints_old/iPara_balanced_l1_g6_i5_do0.10_dpr0.10_lr0.0002_heads16_fold8.pth
Best select=0.6043 at epoch 29

==========================================================================================
Fold 9/10
==========================================================================================
Train labels: valid=449634, pos=29947, neg=419687, ignore=787166, pos_frac=0.06660
Val labels: valid=50558, pos=3283, neg=47275, ignore=85442, pos_frac=0.06494
Initializing ClassificationModel with 6 GAT layers and residual connections...
Initializing MCModel with 6 GAT layers and 5 row attention layers (drop_path_rate=0.1)
Initializing CoreModel with 1 layers, drop_path_rate=0.1
Ep001  LR0=2.00e-04  pw=20.00  aucα=0.000  token_p=0.020  dropE=(0.020,0.080)  smooth=0.010  train_loss=1.1134  train_AUPR_all=0.2354  train_AUPR_ab=0.2746  train_AUPR_ag=0.1752  train_P@5_ab=0.2000  train_P@5_ag=0.4500  val_loss=1.1509  val_AUPR_all=0.4220  val_AUPR_ab=0.5154  val_AUPR_ag=0.3108  val_P@5_ab=0.8000  val_P@5_ag=0.9500  select=0.4131
  Saved checkpoint: checkpoints_old/iPara_balanced_l1_g6_i5_do0.10_dpr0.10_lr0.0002_heads16_fold9.pth  select=0.4131  val_ab=0.5154  val_ag=0.3108  val_all=0.4220
Ep002  LR0=2.00e-04  pw=17.77  aucα=0.000  token_p=0.020  dropE=(0.020,0.080)  smooth=0.010  train_loss=0.7751  train_AUPR_all=0.4083  train_AUPR_ab=0.4920  train_AUPR_ag=0.2664  train_P@5_ab=0.7000  train_P@5_ag=0.8000  val_loss=1.1151  val_AUPR_all=0.4822  val_AUPR_ab=0.6103  val_AUPR_ag=0.3427  val_P@5_ab=0.9000  val_P@5_ag=0.8500  select=0.4765
  Saved checkpoint: checkpoints_old/iPara_balanced_l1_g6_i5_do0.10_dpr0.10_lr0.0002_heads16_fold9.pth  select=0.4765  val_ab=0.6103  val_ag=0.3427  val_all=0.4822
Ep003  LR0=1.99e-04  pw=15.80  aucα=0.000  token_p=0.020  dropE=(0.020,0.080)  smooth=0.010  train_loss=0.6915  train_AUPR_all=0.4509  train_AUPR_ab=0.5372  train_AUPR_ag=0.3010  train_P@5_ab=0.7500  train_P@5_ag=0.8500  val_loss=0.8401  val_AUPR_all=0.5155  val_AUPR_ab=0.6334  val_AUPR_ag=0.3491  val_P@5_ab=0.9500  val_P@5_ag=0.9000  select=0.4912
  Saved checkpoint: checkpoints_old/iPara_balanced_l1_g6_i5_do0.10_dpr0.10_lr0.0002_heads16_fold9.pth  select=0.4912  val_ab=0.6334  val_ag=0.3491  val_all=0.5155
Ep004  LR0=1.99e-04  pw=14.06  aucα=0.000  token_p=0.020  dropE=(0.020,0.080)  smooth=0.010  train_loss=0.6311  train_AUPR_all=0.4813  train_AUPR_ab=0.5654  train_AUPR_ag=0.3286  train_P@5_ab=0.7500  train_P@5_ag=0.9500  val_loss=0.7769  val_AUPR_all=0.5411  val_AUPR_ab=0.6616  val_AUPR_ag=0.3586  val_P@5_ab=0.9000  val_P@5_ag=0.9500  select=0.5101
  Saved checkpoint: checkpoints_old/iPara_balanced_l1_g6_i5_do0.10_dpr0.10_lr0.0002_heads16_fold9.pth  select=0.5101  val_ab=0.6616  val_ag=0.3586  val_all=0.5411
Unfreezing DyM parameters.
Ep005  LR0=1.98e-04  pw=12.52  aucα=0.000  token_p=0.020  dropE=(0.020,0.080)  smooth=0.010  train_loss=0.5836  train_AUPR_all=0.5061  train_AUPR_ab=0.5955  train_AUPR_ag=0.3410  train_P@5_ab=0.8500  train_P@5_ag=0.9500  val_loss=0.7717  val_AUPR_all=0.5497  val_AUPR_ab=0.6927  val_AUPR_ag=0.3557  val_P@5_ab=1.0000  val_P@5_ag=0.8500  select=0.5242
  Saved checkpoint: checkpoints_old/iPara_balanced_l1_g6_i5_do0.10_dpr0.10_lr0.0002_heads16_fold9.pth  select=0.5242  val_ab=0.6927  val_ag=0.3557  val_all=0.5497
Ep006  LR0=1.97e-04  pw=11.17  aucα=0.000  token_p=0.020  dropE=(0.020,0.080)  smooth=0.010  train_loss=0.5388  train_AUPR_all=0.5305  train_AUPR_ab=0.6263  train_AUPR_ag=0.3593  train_P@5_ab=0.9500  train_P@5_ag=0.9500  val_loss=0.7103  val_AUPR_all=0.5677  val_AUPR_ab=0.6974  val_AUPR_ag=0.3516  val_P@5_ab=0.9500  val_P@5_ag=0.9000  select=0.5245
  Saved checkpoint: checkpoints_old/iPara_balanced_l1_g6_i5_do0.10_dpr0.10_lr0.0002_heads16_fold9.pth  select=0.5245  val_ab=0.6974  val_ag=0.3516  val_all=0.5677
Ep007  LR0=1.95e-04  pw=9.97  aucα=0.000  token_p=0.020  dropE=(0.020,0.080)  smooth=0.010  train_loss=0.5007  train_AUPR_all=0.5385  train_AUPR_ab=0.6342  train_AUPR_ag=0.3677  train_P@5_ab=0.8000  train_P@5_ag=0.8500  val_loss=0.7007  val_AUPR_all=0.5610  val_AUPR_ab=0.7019  val_AUPR_ag=0.3684  val_P@5_ab=1.0000  val_P@5_ag=0.9500  select=0.5352
  Saved checkpoint: checkpoints_old/iPara_balanced_l1_g6_i5_do0.10_dpr0.10_lr0.0002_heads16_fold9.pth  select=0.5352  val_ab=0.7019  val_ag=0.3684  val_all=0.5610
Ep008  LR0=1.93e-04  pw=8.92  aucα=0.000  token_p=0.020  dropE=(0.020,0.080)  smooth=0.010  train_loss=0.4675  train_AUPR_all=0.5537  train_AUPR_ab=0.6529  train_AUPR_ag=0.3811  train_P@5_ab=0.9500  train_P@5_ag=0.8500  val_loss=0.6350  val_AUPR_all=0.5828  val_AUPR_ab=0.7154  val_AUPR_ag=0.3672  val_P@5_ab=1.0000  val_P@5_ag=0.9000  select=0.5413
  Saved checkpoint: checkpoints_old/iPara_balanced_l1_g6_i5_do0.10_dpr0.10_lr0.0002_heads16_fold9.pth  select=0.5413  val_ab=0.7154  val_ag=0.3672  val_all=0.5828
Ep009  LR0=1.91e-04  pw=7.99  aucα=0.000  token_p=0.020  dropE=(0.020,0.080)  smooth=0.010  train_loss=0.4392  train_AUPR_all=0.5650  train_AUPR_ab=0.6693  train_AUPR_ag=0.3844  train_P@5_ab=0.9000  train_P@5_ag=1.0000  val_loss=0.5933  val_AUPR_all=0.5851  val_AUPR_ab=0.7161  val_AUPR_ag=0.3806  val_P@5_ab=1.0000  val_P@5_ag=0.9000  select=0.5483
  Saved checkpoint: checkpoints_old/iPara_balanced_l1_g6_i5_do0.10_dpr0.10_lr0.0002_heads16_fold9.pth  select=0.5483  val_ab=0.7161  val_ag=0.3806  val_all=0.5851
Ep010  LR0=1.89e-04  pw=7.17  aucα=0.030  token_p=0.020  dropE=(0.020,0.080)  smooth=0.010  train_loss=0.4236  train_AUPR_all=0.5743  train_AUPR_ab=0.6727  train_AUPR_ag=0.4043  train_P@5_ab=1.0000  train_P@5_ag=0.9000  val_loss=0.5698  val_AUPR_all=0.5869  val_AUPR_ab=0.7273  val_AUPR_ag=0.3657  val_P@5_ab=1.0000  val_P@5_ag=0.9500  select=0.5465
Ep011  LR0=1.87e-04  pw=6.44  aucα=0.060  token_p=0.020  dropE=(0.020,0.080)  smooth=0.010  train_loss=0.4107  train_AUPR_all=0.5853  train_AUPR_ab=0.6896  train_AUPR_ag=0.4111  train_P@5_ab=0.9500  train_P@5_ag=1.0000  val_loss=0.5497  val_AUPR_all=0.5835  val_AUPR_ab=0.7343  val_AUPR_ag=0.3392  val_P@5_ab=1.0000  val_P@5_ag=0.9500  select=0.5368
Ep012  LR0=1.84e-04  pw=5.80  aucα=0.090  token_p=0.020  dropE=(0.020,0.080)  smooth=0.010  train_loss=0.4022  train_AUPR_all=0.5944  train_AUPR_ab=0.6964  train_AUPR_ag=0.4208  train_P@5_ab=0.8500  train_P@5_ag=1.0000  val_loss=0.5242  val_AUPR_all=0.5879  val_AUPR_ab=0.7379  val_AUPR_ag=0.3644  val_P@5_ab=1.0000  val_P@5_ag=1.0000  select=0.5512
  Saved checkpoint: checkpoints_old/iPara_balanced_l1_g6_i5_do0.10_dpr0.10_lr0.0002_heads16_fold9.pth  select=0.5512  val_ab=0.7379  val_ag=0.3644  val_all=0.5879
Ep013  LR0=1.81e-04  pw=5.24  aucα=0.120  token_p=0.020  dropE=(0.020,0.080)  smooth=0.010  train_loss=0.3881  train_AUPR_all=0.6067  train_AUPR_ab=0.7059  train_AUPR_ag=0.4423  train_P@5_ab=1.0000  train_P@5_ag=1.0000  val_loss=0.5067  val_AUPR_all=0.5836  val_AUPR_ab=0.7361  val_AUPR_ag=0.3619  val_P@5_ab=0.9500  val_P@5_ag=0.9000  select=0.5490
Ep014  LR0=1.78e-04  pw=4.74  aucα=0.150  token_p=0.020  dropE=(0.020,0.080)  smooth=0.010  train_loss=0.3775  train_AUPR_all=0.6111  train_AUPR_ab=0.7096  train_AUPR_ag=0.4467  train_P@5_ab=0.9000  train_P@5_ag=0.9500  val_loss=0.5126  val_AUPR_all=0.5702  val_AUPR_ab=0.7280  val_AUPR_ag=0.3605  val_P@5_ab=1.0000  val_P@5_ag=0.9000  select=0.5442
Ep015  LR0=1.74e-04  pw=4.30  aucα=0.180  token_p=0.020  dropE=(0.020,0.080)  smooth=0.010  train_loss=0.3723  train_AUPR_all=0.6192  train_AUPR_ab=0.7156  train_AUPR_ag=0.4631  train_P@5_ab=0.9500  train_P@5_ag=0.9500  val_loss=0.4849  val_AUPR_all=0.5929  val_AUPR_ab=0.7403  val_AUPR_ag=0.3639  val_P@5_ab=1.0000  val_P@5_ag=0.9000  select=0.5521
  Saved checkpoint: checkpoints_old/iPara_balanced_l1_g6_i5_do0.10_dpr0.10_lr0.0002_heads16_fold9.pth  select=0.5521  val_ab=0.7403  val_ag=0.3639  val_all=0.5929
Ep016  LR0=1.71e-04  pw=3.91  aucα=0.210  token_p=0.020  dropE=(0.020,0.080)  smooth=0.010  train_loss=0.3611  train_AUPR_all=0.6338  train_AUPR_ab=0.7298  train_AUPR_ag=0.4773  train_P@5_ab=1.0000  train_P@5_ag=0.8500  val_loss=0.4771  val_AUPR_all=0.5876  val_AUPR_ab=0.7524  val_AUPR_ag=0.3635  val_P@5_ab=1.0000  val_P@5_ag=0.8500  select=0.5580
  Saved checkpoint: checkpoints_old/iPara_balanced_l1_g6_i5_do0.10_dpr0.10_lr0.0002_heads16_fold9.pth  select=0.5580  val_ab=0.7524  val_ag=0.3635  val_all=0.5876
Ep017  LR0=1.67e-04  pw=3.57  aucα=0.240  token_p=0.020  dropE=(0.020,0.080)  smooth=0.010  train_loss=0.3525  train_AUPR_all=0.6421  train_AUPR_ab=0.7393  train_AUPR_ag=0.4852  train_P@5_ab=0.9500  train_P@5_ag=0.9000  val_loss=0.4490  val_AUPR_all=0.5720  val_AUPR_ab=0.7074  val_AUPR_ag=0.3763  val_P@5_ab=1.0000  val_P@5_ag=0.9500  select=0.5418
Ep018  LR0=1.63e-04  pw=3.27  aucα=0.270  token_p=0.020  dropE=(0.020,0.080)  smooth=0.010  train_loss=0.3484  train_AUPR_all=0.6484  train_AUPR_ab=0.7379  train_AUPR_ag=0.5064  train_P@5_ab=0.9500  train_P@5_ag=0.9500  val_loss=0.4223  val_AUPR_all=0.6003  val_AUPR_ab=0.7541  val_AUPR_ag=0.3619  val_P@5_ab=1.0000  val_P@5_ag=0.9000  select=0.5580
Ep019  LR0=1.59e-04  pw=3.00  aucα=0.300  token_p=0.020  dropE=(0.020,0.080)  smooth=0.010  train_loss=0.3367  train_AUPR_all=0.6670  train_AUPR_ab=0.7528  train_AUPR_ag=0.5317  train_P@5_ab=0.9500  train_P@5_ag=0.9000  val_loss=0.4248  val_AUPR_all=0.5800  val_AUPR_ab=0.7513  val_AUPR_ag=0.3652  val_P@5_ab=1.0000  val_P@5_ag=0.9000  select=0.5583
  Saved checkpoint: checkpoints_old/iPara_balanced_l1_g6_i5_do0.10_dpr0.10_lr0.0002_heads16_fold9.pth  select=0.5583  val_ab=0.7513  val_ag=0.3652  val_all=0.5800
Ep020  LR0=1.55e-04  pw=2.77  aucα=0.300  token_p=0.020  dropE=(0.020,0.080)  smooth=0.010  train_loss=0.3240  train_AUPR_all=0.6720  train_AUPR_ab=0.7576  train_AUPR_ag=0.5372  train_P@5_ab=1.0000  train_P@5_ag=0.8500  val_loss=0.3916  val_AUPR_all=0.5973  val_AUPR_ab=0.7571  val_AUPR_ag=0.3670  val_P@5_ab=1.0000  val_P@5_ag=0.9000  select=0.5621
  Saved checkpoint: checkpoints_old/iPara_balanced_l1_g6_i5_do0.10_dpr0.10_lr0.0002_heads16_fold9.pth  select=0.5621  val_ab=0.7571  val_ag=0.3670  val_all=0.5973
Ep021  LR0=1.50e-04  pw=2.56  aucα=0.300  token_p=0.020  dropE=(0.020,0.080)  smooth=0.010  train_loss=0.3086  train_AUPR_all=0.6795  train_AUPR_ab=0.7609  train_AUPR_ag=0.5522  train_P@5_ab=0.9500  train_P@5_ag=1.0000  val_loss=0.3998  val_AUPR_all=0.5922  val_AUPR_ab=0.7447  val_AUPR_ag=0.3771  val_P@5_ab=1.0000  val_P@5_ag=0.9500  select=0.5609
Ep022  LR0=1.46e-04  pw=2.38  aucα=0.300  token_p=0.020  dropE=(0.020,0.080)  smooth=0.010  train_loss=0.2905  train_AUPR_all=0.6970  train_AUPR_ab=0.7710  train_AUPR_ag=0.5848  train_P@5_ab=0.9500  train_P@5_ag=0.9000  val_loss=0.3894  val_AUPR_all=0.5978  val_AUPR_ab=0.7481  val_AUPR_ag=0.3756  val_P@5_ab=1.0000  val_P@5_ag=0.7500  select=0.5618
Ep023  LR0=1.41e-04  pw=2.21  aucα=0.300  token_p=0.020  dropE=(0.020,0.080)  smooth=0.010  train_loss=0.2757  train_AUPR_all=0.7050  train_AUPR_ab=0.7791  train_AUPR_ag=0.5916  train_P@5_ab=1.0000  train_P@5_ag=1.0000  val_loss=0.3595  val_AUPR_all=0.6106  val_AUPR_ab=0.7521  val_AUPR_ag=0.3903  val_P@5_ab=1.0000  val_P@5_ag=0.9000  select=0.5712
  Saved checkpoint: checkpoints_old/iPara_balanced_l1_g6_i5_do0.10_dpr0.10_lr0.0002_heads16_fold9.pth  select=0.5712  val_ab=0.7521  val_ag=0.3903  val_all=0.6106
Ep024  LR0=1.36e-04  pw=2.07  aucα=0.300  token_p=0.020  dropE=(0.020,0.080)  smooth=0.010  train_loss=0.2664  train_AUPR_all=0.7112  train_AUPR_ab=0.7771  train_AUPR_ag=0.6119  train_P@5_ab=1.0000  train_P@5_ag=1.0000  val_loss=0.3621  val_AUPR_all=0.6017  val_AUPR_ab=0.7561  val_AUPR_ag=0.3798  val_P@5_ab=0.9500  val_P@5_ag=0.8500  select=0.5680
Ep025  LR0=1.31e-04  pw=1.95  aucα=0.300  token_p=0.020  dropE=(0.020,0.080)  smooth=0.010  train_loss=0.2494  train_AUPR_all=0.7289  train_AUPR_ab=0.7926  train_AUPR_ag=0.6341  train_P@5_ab=1.0000  train_P@5_ag=1.0000  val_loss=0.3642  val_AUPR_all=0.6030  val_AUPR_ab=0.7583  val_AUPR_ag=0.3763  val_P@5_ab=1.0000  val_P@5_ag=0.9000  select=0.5673
Ep026  LR0=1.26e-04  pw=1.83  aucα=0.300  token_p=0.020  dropE=(0.020,0.080)  smooth=0.010  train_loss=0.2407  train_AUPR_all=0.7353  train_AUPR_ab=0.7985  train_AUPR_ag=0.6410  train_P@5_ab=1.0000  train_P@5_ag=1.0000  val_loss=0.3513  val_AUPR_all=0.5976  val_AUPR_ab=0.7623  val_AUPR_ag=0.3605  val_P@5_ab=1.0000  val_P@5_ag=0.9000  select=0.5614
Ep027  LR0=1.21e-04  pw=1.74  aucα=0.300  token_p=0.020  dropE=(0.020,0.080)  smooth=0.010  train_loss=0.2300  train_AUPR_all=0.7425  train_AUPR_ab=0.7995  train_AUPR_ag=0.6592  train_P@5_ab=1.0000  train_P@5_ag=0.8000  val_loss=0.3548  val_AUPR_all=0.5934  val_AUPR_ab=0.7635  val_AUPR_ag=0.3717  val_P@5_ab=1.0000  val_P@5_ag=0.9000  select=0.5676
Ep028  LR0=1.16e-04  pw=1.65  aucα=0.300  token_p=0.020  dropE=(0.020,0.080)  smooth=0.010  train_loss=0.2222  train_AUPR_all=0.7509  train_AUPR_ab=0.8042  train_AUPR_ag=0.6741  train_P@5_ab=1.0000  train_P@5_ag=1.0000  val_loss=0.3473  val_AUPR_all=0.5956  val_AUPR_ab=0.7665  val_AUPR_ag=0.3480  val_P@5_ab=1.0000  val_P@5_ag=0.9500  select=0.5573
Ep029  LR0=1.11e-04  pw=1.57  aucα=0.300  token_p=0.020  dropE=(0.020,0.080)  smooth=0.010  train_loss=0.2140  train_AUPR_all=0.7591  train_AUPR_ab=0.8103  train_AUPR_ag=0.6852  train_P@5_ab=0.9500  train_P@5_ag=1.0000  val_loss=0.3501  val_AUPR_all=0.5855  val_AUPR_ab=0.7545  val_AUPR_ag=0.3781  val_P@5_ab=1.0000  val_P@5_ag=0.9000  select=0.5663
Ep030  LR0=1.05e-04  pw=1.51  aucα=0.300  token_p=0.020  dropE=(0.020,0.080)  smooth=0.010  train_loss=0.2070  train_AUPR_all=0.7674  train_AUPR_ab=0.8165  train_AUPR_ag=0.6969  train_P@5_ab=1.0000  train_P@5_ag=1.0000  val_loss=0.3357  val_AUPR_all=0.6030  val_AUPR_ab=0.7684  val_AUPR_ag=0.3747  val_P@5_ab=0.9500  val_P@5_ag=0.9000  select=0.5715
  Saved checkpoint: checkpoints_old/iPara_balanced_l1_g6_i5_do0.10_dpr0.10_lr0.0002_heads16_fold9.pth  select=0.5715  val_ab=0.7684  val_ag=0.3747  val_all=0.6030
Ep031  LR0=1.00e-04  pw=1.45  aucα=0.300  token_p=0.020  dropE=(0.020,0.080)  smooth=0.010  train_loss=0.1972  train_AUPR_all=0.7795  train_AUPR_ab=0.8268  train_AUPR_ag=0.7114  train_P@5_ab=1.0000  train_P@5_ag=1.0000  val_loss=0.3494  val_AUPR_all=0.5982  val_AUPR_ab=0.7687  val_AUPR_ag=0.3804  val_P@5_ab=0.9500  val_P@5_ag=0.9500  select=0.5746
  Saved checkpoint: checkpoints_old/iPara_balanced_l1_g6_i5_do0.10_dpr0.10_lr0.0002_heads16_fold9.pth  select=0.5746  val_ab=0.7687  val_ag=0.3804  val_all=0.5982
Ep032  LR0=9.50e-05  pw=1.39  aucα=0.300  token_p=0.020  dropE=(0.020,0.080)  smooth=0.010  train_loss=0.1855  train_AUPR_all=0.7946  train_AUPR_ab=0.8376  train_AUPR_ag=0.7328  train_P@5_ab=0.9500  train_P@5_ag=1.0000  val_loss=0.3401  val_AUPR_all=0.5901  val_AUPR_ab=0.7649  val_AUPR_ag=0.3652  val_P@5_ab=0.9500  val_P@5_ag=0.9500  select=0.5650
Ep033  LR0=8.98e-05  pw=1.35  aucα=0.300  token_p=0.020  dropE=(0.020,0.080)  smooth=0.010  train_loss=0.1837  train_AUPR_all=0.7962  train_AUPR_ab=0.8354  train_AUPR_ag=0.7410  train_P@5_ab=1.0000  train_P@5_ag=1.0000  val_loss=0.3417  val_AUPR_all=0.5856  val_AUPR_ab=0.7658  val_AUPR_ag=0.3390  val_P@5_ab=0.9500  val_P@5_ag=0.7500  select=0.5524
Ep034  LR0=8.46e-05  pw=1.31  aucα=0.300  token_p=0.020  dropE=(0.020,0.080)  smooth=0.010  train_loss=0.1763  train_AUPR_all=0.8064  train_AUPR_ab=0.8439  train_AUPR_ag=0.7535  train_P@5_ab=1.0000  train_P@5_ag=1.0000  val_loss=0.3218  val_AUPR_all=0.6044  val_AUPR_ab=0.7729  val_AUPR_ag=0.3706  val_P@5_ab=0.9000  val_P@5_ag=0.9000  select=0.5717
Ep035  LR0=7.95e-05  pw=1.27  aucα=0.300  token_p=0.020  dropE=(0.020,0.080)  smooth=0.010  train_loss=0.1689  train_AUPR_all=0.8152  train_AUPR_ab=0.8545  train_AUPR_ag=0.7593  train_P@5_ab=1.0000  train_P@5_ag=1.0000  val_loss=0.3239  val_AUPR_all=0.5999  val_AUPR_ab=0.7710  val_AUPR_ag=0.3754  val_P@5_ab=0.8500  val_P@5_ag=0.7500  select=0.5732
Ep036  LR0=7.44e-05  pw=1.24  aucα=0.300  token_p=0.020  dropE=(0.020,0.080)  smooth=0.010  train_loss=0.1664  train_AUPR_all=0.8181  train_AUPR_ab=0.8531  train_AUPR_ag=0.7690  train_P@5_ab=1.0000  train_P@5_ag=0.9500  val_loss=0.3391  val_AUPR_all=0.5792  val_AUPR_ab=0.7560  val_AUPR_ag=0.3510  val_P@5_ab=0.9500  val_P@5_ag=0.7500  select=0.5535
Ep037  LR0=6.94e-05  pw=1.21  aucα=0.300  token_p=0.020  dropE=(0.020,0.080)  smooth=0.010  train_loss=0.1585  train_AUPR_all=0.8302  train_AUPR_ab=0.8684  train_AUPR_ag=0.7752  train_P@5_ab=1.0000  train_P@5_ag=0.9500  val_loss=0.3282  val_AUPR_all=0.5955  val_AUPR_ab=0.7656  val_AUPR_ag=0.3652  val_P@5_ab=0.9500  val_P@5_ag=0.8500  select=0.5654
Ep038  LR0=6.45e-05  pw=1.19  aucα=0.300  token_p=0.020  dropE=(0.020,0.080)  smooth=0.010  train_loss=0.1548  train_AUPR_all=0.8346  train_AUPR_ab=0.8695  train_AUPR_ag=0.7851  train_P@5_ab=1.0000  train_P@5_ag=1.0000  val_loss=0.3236  val_AUPR_all=0.5908  val_AUPR_ab=0.7607  val_AUPR_ag=0.3607  val_P@5_ab=0.8500  val_P@5_ag=0.7500  select=0.5607
Ep039  LR0=5.97e-05  pw=1.16  aucα=0.300  token_p=0.020  dropE=(0.020,0.080)  smooth=0.010  train_loss=0.1483  train_AUPR_all=0.8442  train_AUPR_ab=0.8776  train_AUPR_ag=0.7965  train_P@5_ab=1.0000  train_P@5_ag=1.0000  val_loss=0.3312  val_AUPR_all=0.5744  val_AUPR_ab=0.7538  val_AUPR_ag=0.3567  val_P@5_ab=0.8000  val_P@5_ag=0.9000  select=0.5553
Ep040  LR0=5.50e-05  pw=1.15  aucα=0.300  token_p=0.020  dropE=(0.020,0.080)  smooth=0.010  train_loss=0.1457  train_AUPR_all=0.8476  train_AUPR_ab=0.8775  train_AUPR_ag=0.8058  train_P@5_ab=1.0000  train_P@5_ag=1.0000  val_loss=0.3245  val_AUPR_all=0.5888  val_AUPR_ab=0.7575  val_AUPR_ag=0.3655  val_P@5_ab=0.7000  val_P@5_ag=0.8500  select=0.5615
Ep041  LR0=5.04e-05  pw=1.13  aucα=0.300  token_p=0.020  dropE=(0.020,0.080)  smooth=0.010  train_loss=0.1414  train_AUPR_all=0.8540  train_AUPR_ab=0.8843  train_AUPR_ag=0.8112  train_P@5_ab=1.0000  train_P@5_ag=1.0000  val_loss=0.3368  val_AUPR_all=0.5685  val_AUPR_ab=0.7557  val_AUPR_ag=0.3415  val_P@5_ab=0.7500  val_P@5_ag=0.8500  select=0.5486
Ep042  LR0=4.59e-05  pw=1.11  aucα=0.300  token_p=0.020  dropE=(0.020,0.080)  smooth=0.010  train_loss=0.1377  train_AUPR_all=0.8594  train_AUPR_ab=0.8889  train_AUPR_ag=0.8174  train_P@5_ab=1.0000  train_P@5_ag=1.0000  val_loss=0.3225  val_AUPR_all=0.5853  val_AUPR_ab=0.7610  val_AUPR_ag=0.3551  val_P@5_ab=0.8500  val_P@5_ag=0.8000  select=0.5581
Ep043  LR0=4.16e-05  pw=1.10  aucα=0.300  token_p=0.020  dropE=(0.020,0.080)  smooth=0.010  train_loss=0.1354  train_AUPR_all=0.8628  train_AUPR_ab=0.8912  train_AUPR_ag=0.8226  train_P@5_ab=1.0000  train_P@5_ag=1.0000  val_loss=0.3233  val_AUPR_all=0.5809  val_AUPR_ab=0.7497  val_AUPR_ag=0.3542  val_P@5_ab=0.7000  val_P@5_ag=0.8000  select=0.5520
Ep044  LR0=3.75e-05  pw=1.09  aucα=0.300  token_p=0.020  dropE=(0.020,0.080)  smooth=0.010  train_loss=0.1336  train_AUPR_all=0.8614  train_AUPR_ab=0.8892  train_AUPR_ag=0.8222  train_P@5_ab=1.0000  train_P@5_ag=1.0000  val_loss=0.3301  val_AUPR_all=0.5747  val_AUPR_ab=0.7539  val_AUPR_ag=0.3478  val_P@5_ab=0.7500  val_P@5_ag=0.7500  select=0.5509
Ep045  LR0=3.35e-05  pw=1.08  aucα=0.300  token_p=0.020  dropE=(0.020,0.080)  smooth=0.010  train_loss=0.1335  train_AUPR_all=0.8651  train_AUPR_ab=0.8922  train_AUPR_ag=0.8270  train_P@5_ab=1.0000  train_P@5_ag=1.0000  val_loss=0.3266  val_AUPR_all=0.5753  val_AUPR_ab=0.7555  val_AUPR_ag=0.3509  val_P@5_ab=0.8500  val_P@5_ag=0.7500  select=0.5532
Ep046  LR0=2.97e-05  pw=1.07  aucα=0.300  token_p=0.020  dropE=(0.020,0.080)  smooth=0.010  train_loss=0.1280  train_AUPR_all=0.8725  train_AUPR_ab=0.8984  train_AUPR_ag=0.8359  train_P@5_ab=1.0000  train_P@5_ag=0.9500  val_loss=0.3232  val_AUPR_all=0.5771  val_AUPR_ab=0.7482  val_AUPR_ag=0.3608  val_P@5_ab=0.7000  val_P@5_ag=0.9500  select=0.5545
Ep047  LR0=2.61e-05  pw=1.06  aucα=0.300  token_p=0.020  dropE=(0.020,0.080)  smooth=0.010  train_loss=0.1292  train_AUPR_all=0.8698  train_AUPR_ab=0.8959  train_AUPR_ag=0.8328  train_P@5_ab=1.0000  train_P@5_ag=1.0000  val_loss=0.3253  val_AUPR_all=0.5757  val_AUPR_ab=0.7508  val_AUPR_ag=0.3534  val_P@5_ab=0.8000  val_P@5_ag=0.8000  select=0.5521
Ep048  LR0=2.27e-05  pw=1.05  aucα=0.300  token_p=0.020  dropE=(0.020,0.080)  smooth=0.010  train_loss=0.1242  train_AUPR_all=0.8797  train_AUPR_ab=0.9060  train_AUPR_ag=0.8422  train_P@5_ab=1.0000  train_P@5_ag=1.0000  val_loss=0.3287  val_AUPR_all=0.5778  val_AUPR_ab=0.7515  val_AUPR_ag=0.3506  val_P@5_ab=0.8500  val_P@5_ag=0.8500  select=0.5510
Ep049  LR0=1.96e-05  pw=1.05  aucα=0.300  token_p=0.020  dropE=(0.020,0.080)  smooth=0.010  train_loss=0.1227  train_AUPR_all=0.8818  train_AUPR_ab=0.9076  train_AUPR_ag=0.8449  train_P@5_ab=1.0000  train_P@5_ag=1.0000  val_loss=0.3271  val_AUPR_all=0.5748  val_AUPR_ab=0.7471  val_AUPR_ag=0.3519  val_P@5_ab=0.8000  val_P@5_ag=0.9000  select=0.5495
Ep050  LR0=1.66e-05  pw=1.04  aucα=0.300  token_p=0.020  dropE=(0.020,0.080)  smooth=0.010  train_loss=0.1226  train_AUPR_all=0.8789  train_AUPR_ab=0.9038  train_AUPR_ag=0.8435  train_P@5_ab=1.0000  train_P@5_ag=1.0000  val_loss=0.3251  val_AUPR_all=0.5704  val_AUPR_ab=0.7452  val_AUPR_ag=0.3532  val_P@5_ab=0.7000  val_P@5_ag=0.8000  select=0.5492
Ep051  LR0=1.39e-05  pw=1.04  aucα=0.300  token_p=0.020  dropE=(0.020,0.080)  smooth=0.010  train_loss=0.1185  train_AUPR_all=0.8868  train_AUPR_ab=0.9120  train_AUPR_ag=0.8506  train_P@5_ab=1.0000  train_P@5_ag=1.0000  val_loss=0.3239  val_AUPR_all=0.5774  val_AUPR_ab=0.7464  val_AUPR_ag=0.3585  val_P@5_ab=0.8000  val_P@5_ag=0.8000  select=0.5525
Early stopping at epoch 51. Best select=0.5746 at epoch 31.
Final saved checkpoint for fold 9: checkpoints_old/iPara_balanced_l1_g6_i5_do0.10_dpr0.10_lr0.0002_heads16_fold9.pth
Best select=0.5746 at epoch 31

==========================================================================================
Fold 10/10
==========================================================================================
Train labels: valid=450659, pos=29940, neg=420719, ignore=786141, pos_frac=0.06644
Val labels: valid=49533, pos=3290, neg=46243, ignore=86467, pos_frac=0.06642
Initializing ClassificationModel with 6 GAT layers and residual connections...
Initializing MCModel with 6 GAT layers and 5 row attention layers (drop_path_rate=0.1)
Initializing CoreModel with 1 layers, drop_path_rate=0.1
Ep001  LR0=2.00e-04  pw=20.00  aucα=0.000  token_p=0.020  dropE=(0.020,0.080)  smooth=0.010  train_loss=1.0426  train_AUPR_all=0.2318  train_AUPR_ab=0.2802  train_AUPR_ag=0.1680  train_P@5_ab=0.0000  train_P@5_ag=0.2000  val_loss=1.1717  val_AUPR_all=0.4054  val_AUPR_ab=0.5020  val_AUPR_ag=0.2596  val_P@5_ab=0.8500  val_P@5_ag=0.9000  select=0.3808
  Saved checkpoint: checkpoints_old/iPara_balanced_l1_g6_i5_do0.10_dpr0.10_lr0.0002_heads16_fold10.pth  select=0.3808  val_ab=0.5020  val_ag=0.2596  val_all=0.4054
Ep002  LR0=2.00e-04  pw=17.77  aucα=0.000  token_p=0.020  dropE=(0.020,0.080)  smooth=0.010  train_loss=0.7652  train_AUPR_all=0.4159  train_AUPR_ab=0.4962  train_AUPR_ag=0.2767  train_P@5_ab=0.7500  train_P@5_ag=0.8500  val_loss=0.9169  val_AUPR_all=0.4765  val_AUPR_ab=0.5927  val_AUPR_ag=0.3002  val_P@5_ab=0.9000  val_P@5_ag=0.9000  select=0.4465
  Saved checkpoint: checkpoints_old/iPara_balanced_l1_g6_i5_do0.10_dpr0.10_lr0.0002_heads16_fold10.pth  select=0.4465  val_ab=0.5927  val_ag=0.3002  val_all=0.4765
Ep003  LR0=1.99e-04  pw=15.80  aucα=0.000  token_p=0.020  dropE=(0.020,0.080)  smooth=0.010  train_loss=0.6837  train_AUPR_all=0.4570  train_AUPR_ab=0.5379  train_AUPR_ag=0.3125  train_P@5_ab=0.9500  train_P@5_ag=0.7500  val_loss=0.8550  val_AUPR_all=0.4988  val_AUPR_ab=0.6234  val_AUPR_ag=0.2973  val_P@5_ab=0.9500  val_P@5_ag=0.9000  select=0.4603
  Saved checkpoint: checkpoints_old/iPara_balanced_l1_g6_i5_do0.10_dpr0.10_lr0.0002_heads16_fold10.pth  select=0.4603  val_ab=0.6234  val_ag=0.2973  val_all=0.4988
Ep004  LR0=1.99e-04  pw=14.06  aucα=0.000  token_p=0.020  dropE=(0.020,0.080)  smooth=0.010  train_loss=0.6386  train_AUPR_all=0.4818  train_AUPR_ab=0.5578  train_AUPR_ag=0.3340  train_P@5_ab=0.8500  train_P@5_ag=0.9500  val_loss=0.8178  val_AUPR_all=0.5340  val_AUPR_ab=0.6629  val_AUPR_ag=0.3171  val_P@5_ab=0.9500  val_P@5_ag=0.9500  select=0.4900
  Saved checkpoint: checkpoints_old/iPara_balanced_l1_g6_i5_do0.10_dpr0.10_lr0.0002_heads16_fold10.pth  select=0.4900  val_ab=0.6629  val_ag=0.3171  val_all=0.5340
Unfreezing DyM parameters.
Ep005  LR0=1.98e-04  pw=12.52  aucα=0.000  token_p=0.020  dropE=(0.020,0.080)  smooth=0.010  train_loss=0.5862  train_AUPR_all=0.5085  train_AUPR_ab=0.5954  train_AUPR_ag=0.3495  train_P@5_ab=0.7500  train_P@5_ag=0.8500  val_loss=0.7645  val_AUPR_all=0.5200  val_AUPR_ab=0.6557  val_AUPR_ag=0.3176  val_P@5_ab=0.7500  val_P@5_ag=0.9000  select=0.4866
Ep006  LR0=1.97e-04  pw=11.17  aucα=0.000  token_p=0.020  dropE=(0.020,0.080)  smooth=0.010  train_loss=0.5375  train_AUPR_all=0.5240  train_AUPR_ab=0.6105  train_AUPR_ag=0.3649  train_P@5_ab=0.9500  train_P@5_ag=1.0000  val_loss=0.7156  val_AUPR_all=0.5514  val_AUPR_ab=0.6903  val_AUPR_ag=0.3257  val_P@5_ab=0.9500  val_P@5_ag=0.9500  select=0.5080
  Saved checkpoint: checkpoints_old/iPara_balanced_l1_g6_i5_do0.10_dpr0.10_lr0.0002_heads16_fold10.pth  select=0.5080  val_ab=0.6903  val_ag=0.3257  val_all=0.5514
Ep007  LR0=1.95e-04  pw=9.97  aucα=0.000  token_p=0.020  dropE=(0.020,0.080)  smooth=0.010  train_loss=0.5017  train_AUPR_all=0.5384  train_AUPR_ab=0.6231  train_AUPR_ag=0.3797  train_P@5_ab=0.8500  train_P@5_ag=0.9500  val_loss=0.7637  val_AUPR_all=0.5547  val_AUPR_ab=0.6961  val_AUPR_ag=0.3403  val_P@5_ab=0.8500  val_P@5_ag=0.9000  select=0.5182
  Saved checkpoint: checkpoints_old/iPara_balanced_l1_g6_i5_do0.10_dpr0.10_lr0.0002_heads16_fold10.pth  select=0.5182  val_ab=0.6961  val_ag=0.3403  val_all=0.5547
Ep008  LR0=1.93e-04  pw=8.92  aucα=0.000  token_p=0.020  dropE=(0.020,0.080)  smooth=0.010  train_loss=0.4658  train_AUPR_all=0.5533  train_AUPR_ab=0.6474  train_AUPR_ag=0.3884  train_P@5_ab=0.8500  train_P@5_ag=0.9500  val_loss=0.6398  val_AUPR_all=0.5704  val_AUPR_ab=0.7030  val_AUPR_ag=0.3637  val_P@5_ab=0.9500  val_P@5_ag=0.9500  select=0.5333
  Saved checkpoint: checkpoints_old/iPara_balanced_l1_g6_i5_do0.10_dpr0.10_lr0.0002_heads16_fold10.pth  select=0.5333  val_ab=0.7030  val_ag=0.3637  val_all=0.5704
Ep009  LR0=1.91e-04  pw=7.99  aucα=0.000  token_p=0.020  dropE=(0.020,0.080)  smooth=0.010  train_loss=0.4382  train_AUPR_all=0.5615  train_AUPR_ab=0.6638  train_AUPR_ag=0.3827  train_P@5_ab=0.8000  train_P@5_ag=0.9000  val_loss=0.6474  val_AUPR_all=0.5671  val_AUPR_ab=0.7133  val_AUPR_ag=0.3406  val_P@5_ab=0.9500  val_P@5_ag=0.8500  select=0.5270
Ep010  LR0=1.89e-04  pw=7.17  aucα=0.030  token_p=0.020  dropE=(0.020,0.080)  smooth=0.010  train_loss=0.4240  train_AUPR_all=0.5692  train_AUPR_ab=0.6682  train_AUPR_ag=0.3950  train_P@5_ab=0.8500  train_P@5_ag=0.9500  val_loss=0.5852  val_AUPR_all=0.5749  val_AUPR_ab=0.7173  val_AUPR_ag=0.3591  val_P@5_ab=1.0000  val_P@5_ag=1.0000  select=0.5382
  Saved checkpoint: checkpoints_old/iPara_balanced_l1_g6_i5_do0.10_dpr0.10_lr0.0002_heads16_fold10.pth  select=0.5382  val_ab=0.7173  val_ag=0.3591  val_all=0.5749
Ep011  LR0=1.87e-04  pw=6.44  aucα=0.060  token_p=0.020  dropE=(0.020,0.080)  smooth=0.010  train_loss=0.4101  train_AUPR_all=0.5815  train_AUPR_ab=0.6789  train_AUPR_ag=0.4117  train_P@5_ab=0.9000  train_P@5_ag=1.0000  val_loss=0.5836  val_AUPR_all=0.5769  val_AUPR_ab=0.7280  val_AUPR_ag=0.3367  val_P@5_ab=0.9500  val_P@5_ag=1.0000  select=0.5323
Ep012  LR0=1.84e-04  pw=5.80  aucα=0.090  token_p=0.020  dropE=(0.020,0.080)  smooth=0.010  train_loss=0.4022  train_AUPR_all=0.5865  train_AUPR_ab=0.6858  train_AUPR_ag=0.4134  train_P@5_ab=0.9000  train_P@5_ag=0.9500  val_loss=0.5389  val_AUPR_all=0.5749  val_AUPR_ab=0.7333  val_AUPR_ag=0.3567  val_P@5_ab=1.0000  val_P@5_ag=0.9500  select=0.5450
  Saved checkpoint: checkpoints_old/iPara_balanced_l1_g6_i5_do0.10_dpr0.10_lr0.0002_heads16_fold10.pth  select=0.5450  val_ab=0.7333  val_ag=0.3567  val_all=0.5749
Ep013  LR0=1.81e-04  pw=5.24  aucα=0.120  token_p=0.020  dropE=(0.020,0.080)  smooth=0.010  train_loss=0.3941  train_AUPR_all=0.5966  train_AUPR_ab=0.6969  train_AUPR_ag=0.4257  train_P@5_ab=0.7500  train_P@5_ag=0.9000  val_loss=0.4933  val_AUPR_all=0.6043  val_AUPR_ab=0.7497  val_AUPR_ag=0.3741  val_P@5_ab=1.0000  val_P@5_ag=0.9500  select=0.5619
  Saved checkpoint: checkpoints_old/iPara_balanced_l1_g6_i5_do0.10_dpr0.10_lr0.0002_heads16_fold10.pth  select=0.5619  val_ab=0.7497  val_ag=0.3741  val_all=0.6043
Ep014  LR0=1.78e-04  pw=4.74  aucα=0.150  token_p=0.020  dropE=(0.020,0.080)  smooth=0.010  train_loss=0.3870  train_AUPR_all=0.6021  train_AUPR_ab=0.7044  train_AUPR_ag=0.4319  train_P@5_ab=0.9500  train_P@5_ag=0.9500  val_loss=0.4826  val_AUPR_all=0.5962  val_AUPR_ab=0.7508  val_AUPR_ag=0.3613  val_P@5_ab=1.0000  val_P@5_ag=1.0000  select=0.5561
Ep015  LR0=1.74e-04  pw=4.30  aucα=0.180  token_p=0.020  dropE=(0.020,0.080)  smooth=0.010  train_loss=0.3752  train_AUPR_all=0.6135  train_AUPR_ab=0.7158  train_AUPR_ag=0.4423  train_P@5_ab=0.9500  train_P@5_ag=0.9000  val_loss=0.4628  val_AUPR_all=0.6033  val_AUPR_ab=0.7648  val_AUPR_ag=0.3492  val_P@5_ab=1.0000  val_P@5_ag=0.8500  select=0.5570
Ep016  LR0=1.71e-04  pw=3.91  aucα=0.210  token_p=0.020  dropE=(0.020,0.080)  smooth=0.010  train_loss=0.3689  train_AUPR_all=0.6205  train_AUPR_ab=0.7202  train_AUPR_ag=0.4556  train_P@5_ab=1.0000  train_P@5_ag=0.9000  val_loss=0.4504  val_AUPR_all=0.6015  val_AUPR_ab=0.7480  val_AUPR_ag=0.3750  val_P@5_ab=1.0000  val_P@5_ag=0.9000  select=0.5615
Ep017  LR0=1.67e-04  pw=3.57  aucα=0.240  token_p=0.020  dropE=(0.020,0.080)  smooth=0.010  train_loss=0.3626  train_AUPR_all=0.6307  train_AUPR_ab=0.7260  train_AUPR_ag=0.4750  train_P@5_ab=0.9000  train_P@5_ag=1.0000  val_loss=0.4329  val_AUPR_all=0.5925  val_AUPR_ab=0.7647  val_AUPR_ag=0.3450  val_P@5_ab=1.0000  val_P@5_ag=0.8500  select=0.5549
Ep018  LR0=1.63e-04  pw=3.27  aucα=0.270  token_p=0.020  dropE=(0.020,0.080)  smooth=0.010  train_loss=0.3504  train_AUPR_all=0.6466  train_AUPR_ab=0.7413  train_AUPR_ag=0.4912  train_P@5_ab=0.9000  train_P@5_ag=1.0000  val_loss=0.4241  val_AUPR_all=0.5948  val_AUPR_ab=0.7522  val_AUPR_ag=0.3488  val_P@5_ab=1.0000  val_P@5_ag=0.9500  select=0.5505
Ep019  LR0=1.59e-04  pw=3.00  aucα=0.300  token_p=0.020  dropE=(0.020,0.080)  smooth=0.010  train_loss=0.3481  train_AUPR_all=0.6496  train_AUPR_ab=0.7438  train_AUPR_ag=0.4972  train_P@5_ab=0.9000  train_P@5_ag=0.8500  val_loss=0.4147  val_AUPR_all=0.5924  val_AUPR_ab=0.7586  val_AUPR_ag=0.3687  val_P@5_ab=1.0000  val_P@5_ag=0.8500  select=0.5637
  Saved checkpoint: checkpoints_old/iPara_balanced_l1_g6_i5_do0.10_dpr0.10_lr0.0002_heads16_fold10.pth  select=0.5637  val_ab=0.7586  val_ag=0.3687  val_all=0.5924
Ep020  LR0=1.55e-04  pw=2.77  aucα=0.300  token_p=0.020  dropE=(0.020,0.080)  smooth=0.010  train_loss=0.3315  train_AUPR_all=0.6560  train_AUPR_ab=0.7440  train_AUPR_ag=0.5154  train_P@5_ab=1.0000  train_P@5_ag=0.9000  val_loss=0.4199  val_AUPR_all=0.6007  val_AUPR_ab=0.7623  val_AUPR_ag=0.3595  val_P@5_ab=1.0000  val_P@5_ag=1.0000  select=0.5609
Ep021  LR0=1.50e-04  pw=2.56  aucα=0.300  token_p=0.020  dropE=(0.020,0.080)  smooth=0.010  train_loss=0.3141  train_AUPR_all=0.6711  train_AUPR_ab=0.7559  train_AUPR_ag=0.5396  train_P@5_ab=1.0000  train_P@5_ag=0.9500  val_loss=0.3947  val_AUPR_all=0.6109  val_AUPR_ab=0.7669  val_AUPR_ag=0.3758  val_P@5_ab=1.0000  val_P@5_ag=0.9500  select=0.5713
  Saved checkpoint: checkpoints_old/iPara_balanced_l1_g6_i5_do0.10_dpr0.10_lr0.0002_heads16_fold10.pth  select=0.5713  val_ab=0.7669  val_ag=0.3758  val_all=0.6109
Ep022  LR0=1.46e-04  pw=2.38  aucα=0.300  token_p=0.020  dropE=(0.020,0.080)  smooth=0.010  train_loss=0.2982  train_AUPR_all=0.6847  train_AUPR_ab=0.7686  train_AUPR_ag=0.5541  train_P@5_ab=0.9500  train_P@5_ag=0.9500  val_loss=0.3816  val_AUPR_all=0.6038  val_AUPR_ab=0.7689  val_AUPR_ag=0.3765  val_P@5_ab=1.0000  val_P@5_ag=0.9500  select=0.5727
  Saved checkpoint: checkpoints_old/iPara_balanced_l1_g6_i5_do0.10_dpr0.10_lr0.0002_heads16_fold10.pth  select=0.5727  val_ab=0.7689  val_ag=0.3765  val_all=0.6038
Ep023  LR0=1.41e-04  pw=2.21  aucα=0.300  token_p=0.020  dropE=(0.020,0.080)  smooth=0.010  train_loss=0.2887  train_AUPR_all=0.6858  train_AUPR_ab=0.7683  train_AUPR_ag=0.5574  train_P@5_ab=0.9500  train_P@5_ag=1.0000  val_loss=0.3741  val_AUPR_all=0.6097  val_AUPR_ab=0.7616  val_AUPR_ag=0.3862  val_P@5_ab=1.0000  val_P@5_ag=0.9500  select=0.5739
  Saved checkpoint: checkpoints_old/iPara_balanced_l1_g6_i5_do0.10_dpr0.10_lr0.0002_heads16_fold10.pth  select=0.5739  val_ab=0.7616  val_ag=0.3862  val_all=0.6097
Ep024  LR0=1.36e-04  pw=2.07  aucα=0.300  token_p=0.020  dropE=(0.020,0.080)  smooth=0.010  train_loss=0.2718  train_AUPR_all=0.7040  train_AUPR_ab=0.7798  train_AUPR_ag=0.5870  train_P@5_ab=0.9500  train_P@5_ag=0.9500  val_loss=0.3756  val_AUPR_all=0.6050  val_AUPR_ab=0.7683  val_AUPR_ag=0.3852  val_P@5_ab=1.0000  val_P@5_ag=0.9500  select=0.5768
  Saved checkpoint: checkpoints_old/iPara_balanced_l1_g6_i5_do0.10_dpr0.10_lr0.0002_heads16_fold10.pth  select=0.5768  val_ab=0.7683  val_ag=0.3852  val_all=0.6050
Ep025  LR0=1.31e-04  pw=1.95  aucα=0.300  token_p=0.020  dropE=(0.020,0.080)  smooth=0.010  train_loss=0.2570  train_AUPR_all=0.7166  train_AUPR_ab=0.7849  train_AUPR_ag=0.6133  train_P@5_ab=0.9000  train_P@5_ag=0.9500  val_loss=0.3859  val_AUPR_all=0.5924  val_AUPR_ab=0.7609  val_AUPR_ag=0.3918  val_P@5_ab=1.0000  val_P@5_ag=0.9000  select=0.5764
Ep026  LR0=1.26e-04  pw=1.83  aucα=0.300  token_p=0.020  dropE=(0.020,0.080)  smooth=0.010  train_loss=0.2470  train_AUPR_all=0.7227  train_AUPR_ab=0.7915  train_AUPR_ag=0.6195  train_P@5_ab=0.9500  train_P@5_ag=1.0000  val_loss=0.3575  val_AUPR_all=0.6070  val_AUPR_ab=0.7676  val_AUPR_ag=0.3848  val_P@5_ab=0.9500  val_P@5_ag=0.9500  select=0.5762
Ep027  LR0=1.21e-04  pw=1.74  aucα=0.300  token_p=0.020  dropE=(0.020,0.080)  smooth=0.010  train_loss=0.2360  train_AUPR_all=0.7362  train_AUPR_ab=0.7998  train_AUPR_ag=0.6421  train_P@5_ab=1.0000  train_P@5_ag=0.9000  val_loss=0.3386  val_AUPR_all=0.6223  val_AUPR_ab=0.7803  val_AUPR_ag=0.4081  val_P@5_ab=1.0000  val_P@5_ag=1.0000  select=0.5942
  Saved checkpoint: checkpoints_old/iPara_balanced_l1_g6_i5_do0.10_dpr0.10_lr0.0002_heads16_fold10.pth  select=0.5942  val_ab=0.7803  val_ag=0.4081  val_all=0.6223
Ep028  LR0=1.16e-04  pw=1.65  aucα=0.300  token_p=0.020  dropE=(0.020,0.080)  smooth=0.010  train_loss=0.2230  train_AUPR_all=0.7484  train_AUPR_ab=0.8055  train_AUPR_ag=0.6637  train_P@5_ab=1.0000  train_P@5_ag=1.0000  val_loss=0.3675  val_AUPR_all=0.6017  val_AUPR_ab=0.7680  val_AUPR_ag=0.3972  val_P@5_ab=1.0000  val_P@5_ag=1.0000  select=0.5826
Ep029  LR0=1.11e-04  pw=1.57  aucα=0.300  token_p=0.020  dropE=(0.020,0.080)  smooth=0.010  train_loss=0.2137  train_AUPR_all=0.7590  train_AUPR_ab=0.8120  train_AUPR_ag=0.6814  train_P@5_ab=1.0000  train_P@5_ag=1.0000  val_loss=0.3402  val_AUPR_all=0.6081  val_AUPR_ab=0.7708  val_AUPR_ag=0.3859  val_P@5_ab=1.0000  val_P@5_ag=1.0000  select=0.5784
Ep030  LR0=1.05e-04  pw=1.51  aucα=0.300  token_p=0.020  dropE=(0.020,0.080)  smooth=0.010  train_loss=0.2084  train_AUPR_all=0.7637  train_AUPR_ab=0.8136  train_AUPR_ag=0.6915  train_P@5_ab=1.0000  train_P@5_ag=1.0000  val_loss=0.3352  val_AUPR_all=0.6108  val_AUPR_ab=0.7686  val_AUPR_ag=0.4077  val_P@5_ab=1.0000  val_P@5_ag=0.9500  select=0.5882
Ep031  LR0=1.00e-04  pw=1.45  aucα=0.300  token_p=0.020  dropE=(0.020,0.080)  smooth=0.010  train_loss=0.2016  train_AUPR_all=0.7709  train_AUPR_ab=0.8202  train_AUPR_ag=0.6991  train_P@5_ab=0.9500  train_P@5_ag=1.0000  val_loss=0.3281  val_AUPR_all=0.6145  val_AUPR_ab=0.7668  val_AUPR_ag=0.4068  val_P@5_ab=1.0000  val_P@5_ag=1.0000  select=0.5868
Ep032  LR0=9.50e-05  pw=1.39  aucα=0.300  token_p=0.020  dropE=(0.020,0.080)  smooth=0.010  train_loss=0.1917  train_AUPR_all=0.7868  train_AUPR_ab=0.8313  train_AUPR_ag=0.7232  train_P@5_ab=1.0000  train_P@5_ag=0.9000  val_loss=0.3237  val_AUPR_all=0.6160  val_AUPR_ab=0.7767  val_AUPR_ag=0.4028  val_P@5_ab=1.0000  val_P@5_ag=0.9500  select=0.5897
Ep033  LR0=8.98e-05  pw=1.35  aucα=0.300  token_p=0.020  dropE=(0.020,0.080)  smooth=0.010  train_loss=0.1853  train_AUPR_all=0.7930  train_AUPR_ab=0.8377  train_AUPR_ag=0.7284  train_P@5_ab=1.0000  train_P@5_ag=0.9500  val_loss=0.3347  val_AUPR_all=0.6007  val_AUPR_ab=0.7704  val_AUPR_ag=0.3773  val_P@5_ab=1.0000  val_P@5_ag=1.0000  select=0.5738
Ep034  LR0=8.46e-05  pw=1.31  aucα=0.300  token_p=0.020  dropE=(0.020,0.080)  smooth=0.010  train_loss=0.1763  train_AUPR_all=0.8051  train_AUPR_ab=0.8450  train_AUPR_ag=0.7479  train_P@5_ab=0.9500  train_P@5_ag=1.0000  val_loss=0.3296  val_AUPR_all=0.6084  val_AUPR_ab=0.7766  val_AUPR_ag=0.4032  val_P@5_ab=1.0000  val_P@5_ag=1.0000  select=0.5899
Ep035  LR0=7.95e-05  pw=1.27  aucα=0.300  token_p=0.020  dropE=(0.020,0.080)  smooth=0.010  train_loss=0.1740  train_AUPR_all=0.8056  train_AUPR_ab=0.8480  train_AUPR_ag=0.7443  train_P@5_ab=1.0000  train_P@5_ag=1.0000  val_loss=0.3326  val_AUPR_all=0.6018  val_AUPR_ab=0.7705  val_AUPR_ag=0.3899  val_P@5_ab=0.9500  val_P@5_ag=0.9000  select=0.5802
Ep036  LR0=7.44e-05  pw=1.24  aucα=0.300  token_p=0.020  dropE=(0.020,0.080)  smooth=0.010  train_loss=0.1680  train_AUPR_all=0.8146  train_AUPR_ab=0.8528  train_AUPR_ag=0.7597  train_P@5_ab=1.0000  train_P@5_ag=0.9500  val_loss=0.3188  val_AUPR_all=0.6054  val_AUPR_ab=0.7718  val_AUPR_ag=0.3987  val_P@5_ab=1.0000  val_P@5_ag=0.9000  select=0.5853
Ep037  LR0=6.94e-05  pw=1.21  aucα=0.300  token_p=0.020  dropE=(0.020,0.080)  smooth=0.010  train_loss=0.1592  train_AUPR_all=0.8276  train_AUPR_ab=0.8626  train_AUPR_ag=0.7776  train_P@5_ab=1.0000  train_P@5_ag=1.0000  val_loss=0.3290  val_AUPR_all=0.6078  val_AUPR_ab=0.7707  val_AUPR_ag=0.3949  val_P@5_ab=0.9500  val_P@5_ag=0.9000  select=0.5828
Ep038  LR0=6.45e-05  pw=1.19  aucα=0.300  token_p=0.020  dropE=(0.020,0.080)  smooth=0.010  train_loss=0.1585  train_AUPR_all=0.8271  train_AUPR_ab=0.8632  train_AUPR_ag=0.7754  train_P@5_ab=1.0000  train_P@5_ag=0.9500  val_loss=0.3237  val_AUPR_all=0.6041  val_AUPR_ab=0.7668  val_AUPR_ag=0.3921  val_P@5_ab=1.0000  val_P@5_ag=0.8500  select=0.5794
Ep039  LR0=5.97e-05  pw=1.16  aucα=0.300  token_p=0.020  dropE=(0.020,0.080)  smooth=0.010  train_loss=0.1544  train_AUPR_all=0.8328  train_AUPR_ab=0.8670  train_AUPR_ag=0.7837  train_P@5_ab=1.0000  train_P@5_ag=0.9500  val_loss=0.3254  val_AUPR_all=0.6012  val_AUPR_ab=0.7736  val_AUPR_ag=0.3955  val_P@5_ab=1.0000  val_P@5_ag=0.7500  select=0.5845
Ep040  LR0=5.50e-05  pw=1.15  aucα=0.300  token_p=0.020  dropE=(0.020,0.080)  smooth=0.010  train_loss=0.1497  train_AUPR_all=0.8394  train_AUPR_ab=0.8732  train_AUPR_ag=0.7908  train_P@5_ab=1.0000  train_P@5_ag=1.0000  val_loss=0.3292  val_AUPR_all=0.5977  val_AUPR_ab=0.7749  val_AUPR_ag=0.3734  val_P@5_ab=0.9500  val_P@5_ag=0.5500  select=0.5742
Ep041  LR0=5.04e-05  pw=1.13  aucα=0.300  token_p=0.020  dropE=(0.020,0.080)  smooth=0.010  train_loss=0.1444  train_AUPR_all=0.8473  train_AUPR_ab=0.8778  train_AUPR_ag=0.8037  train_P@5_ab=1.0000  train_P@5_ag=1.0000  val_loss=0.3273  val_AUPR_all=0.6050  val_AUPR_ab=0.7782  val_AUPR_ag=0.3877  val_P@5_ab=1.0000  val_P@5_ag=0.7000  select=0.5829
Ep042  LR0=4.59e-05  pw=1.11  aucα=0.300  token_p=0.020  dropE=(0.020,0.080)  smooth=0.010  train_loss=0.1399  train_AUPR_all=0.8539  train_AUPR_ab=0.8831  train_AUPR_ag=0.8123  train_P@5_ab=1.0000  train_P@5_ag=1.0000  val_loss=0.3343  val_AUPR_all=0.5918  val_AUPR_ab=0.7794  val_AUPR_ag=0.3694  val_P@5_ab=1.0000  val_P@5_ag=0.6500  select=0.5744
Ep043  LR0=4.16e-05  pw=1.10  aucα=0.300  token_p=0.020  dropE=(0.020,0.080)  smooth=0.010  train_loss=0.1373  train_AUPR_all=0.8566  train_AUPR_ab=0.8870  train_AUPR_ag=0.8128  train_P@5_ab=1.0000  train_P@5_ag=1.0000  val_loss=0.3307  val_AUPR_all=0.6028  val_AUPR_ab=0.7758  val_AUPR_ag=0.3906  val_P@5_ab=0.9500  val_P@5_ag=0.7000  select=0.5832
Ep044  LR0=3.75e-05  pw=1.09  aucα=0.300  token_p=0.020  dropE=(0.020,0.080)  smooth=0.010  train_loss=0.1357  train_AUPR_all=0.8596  train_AUPR_ab=0.8895  train_AUPR_ag=0.8166  train_P@5_ab=1.0000  train_P@5_ag=1.0000  val_loss=0.3250  val_AUPR_all=0.6043  val_AUPR_ab=0.7792  val_AUPR_ag=0.3873  val_P@5_ab=0.9000  val_P@5_ag=0.6000  select=0.5832
Ep045  LR0=3.35e-05  pw=1.08  aucα=0.300  token_p=0.020  dropE=(0.020,0.080)  smooth=0.010  train_loss=0.1324  train_AUPR_all=0.8645  train_AUPR_ab=0.8920  train_AUPR_ag=0.8255  train_P@5_ab=0.9500  train_P@5_ag=1.0000  val_loss=0.3280  val_AUPR_all=0.6015  val_AUPR_ab=0.7746  val_AUPR_ag=0.3896  val_P@5_ab=0.9500  val_P@5_ag=0.7000  select=0.5821
Ep046  LR0=2.97e-05  pw=1.07  aucα=0.300  token_p=0.020  dropE=(0.020,0.080)  smooth=0.010  train_loss=0.1267  train_AUPR_all=0.8751  train_AUPR_ab=0.9022  train_AUPR_ag=0.8361  train_P@5_ab=1.0000  train_P@5_ag=1.0000  val_loss=0.3282  val_AUPR_all=0.5932  val_AUPR_ab=0.7696  val_AUPR_ag=0.3872  val_P@5_ab=0.8000  val_P@5_ag=0.7000  select=0.5784
Ep047  LR0=2.61e-05  pw=1.06  aucα=0.300  token_p=0.020  dropE=(0.020,0.080)  smooth=0.010  train_loss=0.1233  train_AUPR_all=0.8802  train_AUPR_ab=0.9073  train_AUPR_ag=0.8414  train_P@5_ab=1.0000  train_P@5_ag=1.0000  val_loss=0.3371  val_AUPR_all=0.5868  val_AUPR_ab=0.7720  val_AUPR_ag=0.3675  val_P@5_ab=0.8000  val_P@5_ag=0.5500  select=0.5697
Early stopping at epoch 47. Best select=0.5942 at epoch 27.
Final saved checkpoint for fold 10: checkpoints_old/iPara_balanced_l1_g6_i5_do0.10_dpr0.10_lr0.0002_heads16_fold10.pth
Best select=0.5942 at epoch 27
