Device: cuda
Visible GPUs: 1
GPU 0: NVIDIA RTX PRO 6000 Blackwell Server Edition
Config:
  sequence_file: para_tv_esmsequences_1600.npz
  data_file: para_tv_esminterfaces_1600.npz
  edge_file: para_tv_esmedges_1600.npz
  seq_len: 1600
  vocab_size: 31
  num_classes: 2
  pad_id: 1
  eoc_id: 24
  embed_dim: 256
  num_heads: 16
  num_layers: 1
  num_gnn_layers: 5
  num_int_layers: 6
  dropout: 0.1
  drop_path_rate: 0.1
  batch_size: 4
  num_epochs: 80
  warmup_epochs: 10
  min_stop_epoch: 45
  early_stop: 20
  learning_rate: 0.0002
  weight_decay: 0.0001
  max_grad_norm: 0.5
  accum_steps: 1
  amp: True
  weight_start: 8.0
  weight_end: 1.0
  weight_anneal_tau: 10.0
  dropedge_min: 0.02
  dropedge_max: 0.08
  token_drop_p: 0.02
  smooth_lambda: 0.01
  aucpr_alpha: 0.3
  aucpr_ramp_start: 10
  aucpr_ramp_len: 10
  aucpr_bins: 64
  aucpr_temp: 0.05
  antibody_loss_weight: 1.0
  antigen_loss_weight: 1.0
  n_splits: 5
  num_workers: 0
  select_ab_weight: 0.5
  select_ag_weight: 0.5
Dataset size: 858

==========================================================================================
Fold 1/5
==========================================================================================
Train labels: valid=399467, pos=26433, neg=373034, ignore=698133, pos_frac=0.06617
Val labels: valid=100725, pos=6797, neg=93928, ignore=174475, pos_frac=0.06748
Initializing ClassificationModel with 5 GAT layers and residual connections...
Initializing MCModel with 5 GAT layers and 6 row attention layers (drop_path_rate=0.1, use_esm=True)
Initializing CoreModel with 1 layers, drop_path_rate=0.1
Ep001  LR0=2.00e-04  pw=8.00  aucα=0.000  token_p=0.020  dropE=(0.020,0.080)  smooth=0.010  train_loss=0.6915  train_AUPR_all=0.3077  train_AUPR_ab=0.3725  train_AUPR_ag=0.2142  train_P@5_ab=0.5000  train_P@5_ag=0.9000  val_loss=0.9462  val_AUPR_all=0.3432  val_AUPR_ab=0.4930  val_AUPR_ag=0.1638  val_P@5_ab=0.7000  val_P@5_ag=0.4500  select=0.3284
  Saved checkpoint: checkpoints_esm/iPara_balanced_l1_g5_i6_do0.10_dpr0.10_lr0.0002_heads16_fold1.pth  select=0.3284  val_ab=0.4930  val_ag=0.1638  val_all=0.3432
Ep002  LR0=2.00e-04  pw=7.33  aucα=0.000  token_p=0.020  dropE=(0.020,0.080)  smooth=0.010  train_loss=0.5373  train_AUPR_all=0.4065  train_AUPR_ab=0.4912  train_AUPR_ag=0.2669  train_P@5_ab=0.8500  train_P@5_ag=0.8500  val_loss=0.8350  val_AUPR_all=0.4051  val_AUPR_ab=0.5614  val_AUPR_ag=0.1805  val_P@5_ab=0.7500  val_P@5_ag=0.3500  select=0.3709
  Saved checkpoint: checkpoints_esm/iPara_balanced_l1_g5_i6_do0.10_dpr0.10_lr0.0002_heads16_fold1.pth  select=0.3709  val_ab=0.5614  val_ag=0.1805  val_all=0.4051
Ep003  LR0=2.00e-04  pw=6.73  aucα=0.000  token_p=0.020  dropE=(0.020,0.080)  smooth=0.010  train_loss=0.4842  train_AUPR_all=0.4276  train_AUPR_ab=0.5122  train_AUPR_ag=0.2789  train_P@5_ab=1.0000  train_P@5_ag=0.9000  val_loss=0.7756  val_AUPR_all=0.4496  val_AUPR_ab=0.5944  val_AUPR_ag=0.2291  val_P@5_ab=0.9000  val_P@5_ag=0.7000  select=0.4117
  Saved checkpoint: checkpoints_esm/iPara_balanced_l1_g5_i6_do0.10_dpr0.10_lr0.0002_heads16_fold1.pth  select=0.4117  val_ab=0.5944  val_ag=0.2291  val_all=0.4496
Ep004  LR0=1.99e-04  pw=6.19  aucα=0.000  token_p=0.020  dropE=(0.020,0.080)  smooth=0.010  train_loss=0.4431  train_AUPR_all=0.4648  train_AUPR_ab=0.5465  train_AUPR_ag=0.3161  train_P@5_ab=0.6000  train_P@5_ag=0.8000  val_loss=0.6504  val_AUPR_all=0.4825  val_AUPR_ab=0.5924  val_AUPR_ag=0.3044  val_P@5_ab=0.5000  val_P@5_ag=0.9500  select=0.4484
  Saved checkpoint: checkpoints_esm/iPara_balanced_l1_g5_i6_do0.10_dpr0.10_lr0.0002_heads16_fold1.pth  select=0.4484  val_ab=0.5924  val_ag=0.3044  val_all=0.4825
Ep005  LR0=1.99e-04  pw=5.69  aucα=0.000  token_p=0.020  dropE=(0.020,0.080)  smooth=0.010  train_loss=0.4129  train_AUPR_all=0.4892  train_AUPR_ab=0.5804  train_AUPR_ag=0.3255  train_P@5_ab=0.9500  train_P@5_ag=0.9000  val_loss=0.6874  val_AUPR_all=0.4933  val_AUPR_ab=0.6253  val_AUPR_ag=0.2751  val_P@5_ab=0.8500  val_P@5_ag=0.9000  select=0.4502
  Saved checkpoint: checkpoints_esm/iPara_balanced_l1_g5_i6_do0.10_dpr0.10_lr0.0002_heads16_fold1.pth  select=0.4502  val_ab=0.6253  val_ag=0.2751  val_all=0.4933
Ep006  LR0=1.98e-04  pw=5.25  aucα=0.000  token_p=0.020  dropE=(0.020,0.080)  smooth=0.010  train_loss=0.3842  train_AUPR_all=0.5080  train_AUPR_ab=0.6076  train_AUPR_ag=0.3348  train_P@5_ab=0.7000  train_P@5_ag=0.9000  val_loss=0.6935  val_AUPR_all=0.4986  val_AUPR_ab=0.6330  val_AUPR_ag=0.3151  val_P@5_ab=0.9500  val_P@5_ag=1.0000  select=0.4741
  Saved checkpoint: checkpoints_esm/iPara_balanced_l1_g5_i6_do0.10_dpr0.10_lr0.0002_heads16_fold1.pth  select=0.4741  val_ab=0.6330  val_ag=0.3151  val_all=0.4986
Ep007  LR0=1.97e-04  pw=4.84  aucα=0.000  token_p=0.020  dropE=(0.020,0.080)  smooth=0.010  train_loss=0.3635  train_AUPR_all=0.5159  train_AUPR_ab=0.6126  train_AUPR_ag=0.3474  train_P@5_ab=0.5500  train_P@5_ag=0.8000  val_loss=0.5476  val_AUPR_all=0.5165  val_AUPR_ab=0.6231  val_AUPR_ag=0.3514  val_P@5_ab=0.7500  val_P@5_ag=0.8000  select=0.4872
  Saved checkpoint: checkpoints_esm/iPara_balanced_l1_g5_i6_do0.10_dpr0.10_lr0.0002_heads16_fold1.pth  select=0.4872  val_ab=0.6231  val_ag=0.3514  val_all=0.5165
Ep008  LR0=1.96e-04  pw=4.48  aucα=0.000  token_p=0.020  dropE=(0.020,0.080)  smooth=0.010  train_loss=0.3426  train_AUPR_all=0.5329  train_AUPR_ab=0.6310  train_AUPR_ag=0.3612  train_P@5_ab=0.8000  train_P@5_ag=0.8000  val_loss=0.5595  val_AUPR_all=0.4907  val_AUPR_ab=0.5857  val_AUPR_ag=0.3266  val_P@5_ab=0.6000  val_P@5_ag=0.9500  select=0.4561
Ep009  LR0=1.95e-04  pw=4.15  aucα=0.000  token_p=0.020  dropE=(0.020,0.080)  smooth=0.010  train_loss=0.3252  train_AUPR_all=0.5337  train_AUPR_ab=0.6310  train_AUPR_ag=0.3628  train_P@5_ab=0.9000  train_P@5_ag=0.9500  val_loss=0.5500  val_AUPR_all=0.5294  val_AUPR_ab=0.6520  val_AUPR_ag=0.3263  val_P@5_ab=0.8000  val_P@5_ag=1.0000  select=0.4892
  Saved checkpoint: checkpoints_esm/iPara_balanced_l1_g5_i6_do0.10_dpr0.10_lr0.0002_heads16_fold1.pth  select=0.4892  val_ab=0.6520  val_ag=0.3263  val_all=0.5294
Ep010  LR0=1.94e-04  pw=3.85  aucα=0.030  token_p=0.020  dropE=(0.020,0.080)  smooth=0.010  train_loss=0.3221  train_AUPR_all=0.5507  train_AUPR_ab=0.6517  train_AUPR_ag=0.3746  train_P@5_ab=0.8500  train_P@5_ag=0.9500  val_loss=0.5118  val_AUPR_all=0.5469  val_AUPR_ab=0.6684  val_AUPR_ag=0.3509  val_P@5_ab=0.9500  val_P@5_ag=0.9500  select=0.5096
  Saved checkpoint: checkpoints_esm/iPara_balanced_l1_g5_i6_do0.10_dpr0.10_lr0.0002_heads16_fold1.pth  select=0.5096  val_ab=0.6684  val_ag=0.3509  val_all=0.5469
Unfreezing DyM parameters.
Ep011  LR0=1.92e-04  pw=3.58  aucα=0.060  token_p=0.020  dropE=(0.020,0.080)  smooth=0.010  train_loss=0.3183  train_AUPR_all=0.5678  train_AUPR_ab=0.6677  train_AUPR_ag=0.3963  train_P@5_ab=0.9000  train_P@5_ag=1.0000  val_loss=0.4961  val_AUPR_all=0.5304  val_AUPR_ab=0.6583  val_AUPR_ag=0.3537  val_P@5_ab=0.8500  val_P@5_ag=0.9500  select=0.5060
Ep012  LR0=1.91e-04  pw=3.33  aucα=0.090  token_p=0.020  dropE=(0.020,0.080)  smooth=0.010  train_loss=0.3207  train_AUPR_all=0.5692  train_AUPR_ab=0.6729  train_AUPR_ag=0.3972  train_P@5_ab=0.8000  train_P@5_ag=0.9000  val_loss=0.4458  val_AUPR_all=0.5652  val_AUPR_ab=0.7016  val_AUPR_ag=0.3543  val_P@5_ab=1.0000  val_P@5_ag=0.9500  select=0.5280
  Saved checkpoint: checkpoints_esm/iPara_balanced_l1_g5_i6_do0.10_dpr0.10_lr0.0002_heads16_fold1.pth  select=0.5280  val_ab=0.7016  val_ag=0.3543  val_all=0.5652
Ep013  LR0=1.89e-04  pw=3.11  aucα=0.120  token_p=0.020  dropE=(0.020,0.080)  smooth=0.010  train_loss=0.3214  train_AUPR_all=0.5793  train_AUPR_ab=0.6864  train_AUPR_ag=0.4002  train_P@5_ab=1.0000  train_P@5_ag=0.9500  val_loss=0.4469  val_AUPR_all=0.5454  val_AUPR_ab=0.6962  val_AUPR_ag=0.3451  val_P@5_ab=0.9500  val_P@5_ag=0.9000  select=0.5206
Ep014  LR0=1.87e-04  pw=2.91  aucα=0.150  token_p=0.020  dropE=(0.020,0.080)  smooth=0.010  train_loss=0.3188  train_AUPR_all=0.5888  train_AUPR_ab=0.6979  train_AUPR_ag=0.4064  train_P@5_ab=1.0000  train_P@5_ag=0.9000  val_loss=0.4223  val_AUPR_all=0.5665  val_AUPR_ab=0.6937  val_AUPR_ag=0.3614  val_P@5_ab=1.0000  val_P@5_ag=1.0000  select=0.5276
Ep015  LR0=1.85e-04  pw=2.73  aucα=0.180  token_p=0.020  dropE=(0.020,0.080)  smooth=0.010  train_loss=0.3193  train_AUPR_all=0.6007  train_AUPR_ab=0.7115  train_AUPR_ag=0.4190  train_P@5_ab=1.0000  train_P@5_ag=0.9500  val_loss=0.4155  val_AUPR_all=0.5578  val_AUPR_ab=0.7094  val_AUPR_ag=0.3408  val_P@5_ab=0.9000  val_P@5_ag=0.8000  select=0.5251
Ep016  LR0=1.83e-04  pw=2.56  aucα=0.210  token_p=0.020  dropE=(0.020,0.080)  smooth=0.010  train_loss=0.3233  train_AUPR_all=0.6055  train_AUPR_ab=0.7132  train_AUPR_ag=0.4258  train_P@5_ab=0.9500  train_P@5_ag=0.9500  val_loss=0.4168  val_AUPR_all=0.5576  val_AUPR_ab=0.6829  val_AUPR_ag=0.3585  val_P@5_ab=1.0000  val_P@5_ag=1.0000  select=0.5207
Ep017  LR0=1.81e-04  pw=2.41  aucα=0.240  token_p=0.020  dropE=(0.020,0.080)  smooth=0.010  train_loss=0.3250  train_AUPR_all=0.6107  train_AUPR_ab=0.7210  train_AUPR_ag=0.4319  train_P@5_ab=1.0000  train_P@5_ag=0.8000  val_loss=0.3816  val_AUPR_all=0.5822  val_AUPR_ab=0.7149  val_AUPR_ag=0.3806  val_P@5_ab=0.9000  val_P@5_ag=0.9500  select=0.5478
  Saved checkpoint: checkpoints_esm/iPara_balanced_l1_g5_i6_do0.10_dpr0.10_lr0.0002_heads16_fold1.pth  select=0.5478  val_ab=0.7149  val_ag=0.3806  val_all=0.5822
Ep018  LR0=1.79e-04  pw=2.28  aucα=0.270  token_p=0.020  dropE=(0.020,0.080)  smooth=0.010  train_loss=0.3244  train_AUPR_all=0.6164  train_AUPR_ab=0.7234  train_AUPR_ag=0.4432  train_P@5_ab=1.0000  train_P@5_ag=0.9000  val_loss=0.3735  val_AUPR_all=0.5845  val_AUPR_ab=0.7126  val_AUPR_ag=0.3768  val_P@5_ab=0.9000  val_P@5_ag=0.9500  select=0.5447
Ep019  LR0=1.76e-04  pw=2.16  aucα=0.300  token_p=0.020  dropE=(0.020,0.080)  smooth=0.010  train_loss=0.3255  train_AUPR_all=0.6303  train_AUPR_ab=0.7376  train_AUPR_ag=0.4570  train_P@5_ab=1.0000  train_P@5_ag=0.9000  val_loss=0.3681  val_AUPR_all=0.5867  val_AUPR_ab=0.7162  val_AUPR_ag=0.3856  val_P@5_ab=1.0000  val_P@5_ag=1.0000  select=0.5509
  Saved checkpoint: checkpoints_esm/iPara_balanced_l1_g5_i6_do0.10_dpr0.10_lr0.0002_heads16_fold1.pth  select=0.5509  val_ab=0.7162  val_ag=0.3856  val_all=0.5867
Ep020  LR0=1.73e-04  pw=2.05  aucα=0.300  token_p=0.020  dropE=(0.020,0.080)  smooth=0.010  train_loss=0.3160  train_AUPR_all=0.6350  train_AUPR_ab=0.7415  train_AUPR_ag=0.4626  train_P@5_ab=0.9500  train_P@5_ag=0.9000  val_loss=0.3659  val_AUPR_all=0.5609  val_AUPR_ab=0.7158  val_AUPR_ag=0.3481  val_P@5_ab=1.0000  val_P@5_ag=1.0000  select=0.5320
Ep021  LR0=1.71e-04  pw=1.95  aucα=0.300  token_p=0.020  dropE=(0.020,0.080)  smooth=0.010  train_loss=0.3047  train_AUPR_all=0.6462  train_AUPR_ab=0.7495  train_AUPR_ag=0.4811  train_P@5_ab=1.0000  train_P@5_ag=1.0000  val_loss=0.3575  val_AUPR_all=0.5612  val_AUPR_ab=0.7032  val_AUPR_ag=0.3387  val_P@5_ab=0.9000  val_P@5_ag=1.0000  select=0.5209
Ep022  LR0=1.68e-04  pw=1.86  aucα=0.300  token_p=0.020  dropE=(0.020,0.080)  smooth=0.010  train_loss=0.2909  train_AUPR_all=0.6589  train_AUPR_ab=0.7573  train_AUPR_ag=0.5019  train_P@5_ab=1.0000  train_P@5_ag=1.0000  val_loss=0.3631  val_AUPR_all=0.5198  val_AUPR_ab=0.7111  val_AUPR_ag=0.2961  val_P@5_ab=0.9000  val_P@5_ag=0.8500  select=0.5036
Ep023  LR0=1.65e-04  pw=1.78  aucα=0.300  token_p=0.020  dropE=(0.020,0.080)  smooth=0.010  train_loss=0.2836  train_AUPR_all=0.6672  train_AUPR_ab=0.7653  train_AUPR_ag=0.5109  train_P@5_ab=1.0000  train_P@5_ag=1.0000  val_loss=0.3772  val_AUPR_all=0.5513  val_AUPR_ab=0.6995  val_AUPR_ag=0.3740  val_P@5_ab=0.9000  val_P@5_ag=0.9000  select=0.5367
Ep024  LR0=1.62e-04  pw=1.70  aucα=0.300  token_p=0.020  dropE=(0.020,0.080)  smooth=0.010  train_loss=0.2747  train_AUPR_all=0.6750  train_AUPR_ab=0.7726  train_AUPR_ag=0.5201  train_P@5_ab=1.0000  train_P@5_ag=1.0000  val_loss=0.3365  val_AUPR_all=0.5855  val_AUPR_ab=0.7188  val_AUPR_ag=0.3758  val_P@5_ab=1.0000  val_P@5_ag=1.0000  select=0.5473
Ep025  LR0=1.59e-04  pw=1.64  aucα=0.300  token_p=0.020  dropE=(0.020,0.080)  smooth=0.010  train_loss=0.2658  train_AUPR_all=0.6830  train_AUPR_ab=0.7730  train_AUPR_ag=0.5426  train_P@5_ab=1.0000  train_P@5_ag=1.0000  val_loss=0.3326  val_AUPR_all=0.5873  val_AUPR_ab=0.7219  val_AUPR_ag=0.3767  val_P@5_ab=0.9500  val_P@5_ag=1.0000  select=0.5493
Ep026  LR0=1.56e-04  pw=1.57  aucα=0.300  token_p=0.020  dropE=(0.020,0.080)  smooth=0.010  train_loss=0.2576  train_AUPR_all=0.6925  train_AUPR_ab=0.7795  train_AUPR_ag=0.5573  train_P@5_ab=0.9500  train_P@5_ag=1.0000  val_loss=0.3306  val_AUPR_all=0.5820  val_AUPR_ab=0.7268  val_AUPR_ag=0.3722  val_P@5_ab=1.0000  val_P@5_ag=1.0000  select=0.5495
Ep027  LR0=1.52e-04  pw=1.52  aucα=0.300  token_p=0.020  dropE=(0.020,0.080)  smooth=0.010  train_loss=0.2469  train_AUPR_all=0.7054  train_AUPR_ab=0.7908  train_AUPR_ag=0.5728  train_P@5_ab=1.0000  train_P@5_ag=0.9500  val_loss=0.3165  val_AUPR_all=0.6055  val_AUPR_ab=0.7332  val_AUPR_ag=0.4154  val_P@5_ab=1.0000  val_P@5_ag=1.0000  select=0.5743
  Saved checkpoint: checkpoints_esm/iPara_balanced_l1_g5_i6_do0.10_dpr0.10_lr0.0002_heads16_fold1.pth  select=0.5743  val_ab=0.7332  val_ag=0.4154  val_all=0.6055
Ep028  LR0=1.49e-04  pw=1.47  aucα=0.300  token_p=0.020  dropE=(0.020,0.080)  smooth=0.010  train_loss=0.2381  train_AUPR_all=0.7148  train_AUPR_ab=0.7985  train_AUPR_ag=0.5860  train_P@5_ab=0.9500  train_P@5_ag=0.9000  val_loss=0.3421  val_AUPR_all=0.5675  val_AUPR_ab=0.7159  val_AUPR_ag=0.3662  val_P@5_ab=1.0000  val_P@5_ag=1.0000  select=0.5411
Ep029  LR0=1.46e-04  pw=1.43  aucα=0.300  token_p=0.020  dropE=(0.020,0.080)  smooth=0.010  train_loss=0.2313  train_AUPR_all=0.7231  train_AUPR_ab=0.8014  train_AUPR_ag=0.6031  train_P@5_ab=1.0000  train_P@5_ag=1.0000  val_loss=0.3372  val_AUPR_all=0.5520  val_AUPR_ab=0.7046  val_AUPR_ag=0.3729  val_P@5_ab=0.9500  val_P@5_ag=1.0000  select=0.5388
Ep030  LR0=1.42e-04  pw=1.39  aucα=0.300  token_p=0.020  dropE=(0.020,0.080)  smooth=0.010  train_loss=0.2232  train_AUPR_all=0.7317  train_AUPR_ab=0.8069  train_AUPR_ag=0.6164  train_P@5_ab=1.0000  train_P@5_ag=1.0000  val_loss=0.3228  val_AUPR_all=0.5909  val_AUPR_ab=0.7251  val_AUPR_ag=0.4014  val_P@5_ab=1.0000  val_P@5_ag=1.0000  select=0.5633
Ep031  LR0=1.38e-04  pw=1.35  aucα=0.300  token_p=0.020  dropE=(0.020,0.080)  smooth=0.010  train_loss=0.2163  train_AUPR_all=0.7404  train_AUPR_ab=0.8089  train_AUPR_ag=0.6361  train_P@5_ab=1.0000  train_P@5_ag=1.0000  val_loss=0.3249  val_AUPR_all=0.5848  val_AUPR_ab=0.7218  val_AUPR_ag=0.3989  val_P@5_ab=1.0000  val_P@5_ag=1.0000  select=0.5604
Ep032  LR0=1.35e-04  pw=1.32  aucα=0.300  token_p=0.020  dropE=(0.020,0.080)  smooth=0.010  train_loss=0.2061  train_AUPR_all=0.7559  train_AUPR_ab=0.8207  train_AUPR_ag=0.6585  train_P@5_ab=1.0000  train_P@5_ag=1.0000  val_loss=0.3292  val_AUPR_all=0.5908  val_AUPR_ab=0.7361  val_AUPR_ag=0.3937  val_P@5_ab=1.0000  val_P@5_ag=0.9000  select=0.5649
Ep033  LR0=1.31e-04  pw=1.29  aucα=0.300  token_p=0.020  dropE=(0.020,0.080)  smooth=0.010  train_loss=0.1977  train_AUPR_all=0.7696  train_AUPR_ab=0.8316  train_AUPR_ag=0.6761  train_P@5_ab=1.0000  train_P@5_ag=0.9500  val_loss=0.3182  val_AUPR_all=0.5960  val_AUPR_ab=0.7369  val_AUPR_ag=0.3994  val_P@5_ab=1.0000  val_P@5_ag=1.0000  select=0.5682
Ep034  LR0=1.27e-04  pw=1.26  aucα=0.300  token_p=0.020  dropE=(0.020,0.080)  smooth=0.010  train_loss=0.1960  train_AUPR_all=0.7696  train_AUPR_ab=0.8326  train_AUPR_ag=0.6753  train_P@5_ab=1.0000  train_P@5_ag=0.9500  val_loss=0.3213  val_AUPR_all=0.5689  val_AUPR_ab=0.7253  val_AUPR_ag=0.3740  val_P@5_ab=0.9500  val_P@5_ag=1.0000  select=0.5496
Ep035  LR0=1.24e-04  pw=1.23  aucα=0.300  token_p=0.020  dropE=(0.020,0.080)  smooth=0.010  train_loss=0.1907  train_AUPR_all=0.7744  train_AUPR_ab=0.8301  train_AUPR_ag=0.6916  train_P@5_ab=1.0000  train_P@5_ag=1.0000  val_loss=0.3106  val_AUPR_all=0.6007  val_AUPR_ab=0.7402  val_AUPR_ag=0.4147  val_P@5_ab=0.9000  val_P@5_ag=0.9500  select=0.5775
  Saved checkpoint: checkpoints_esm/iPara_balanced_l1_g5_i6_do0.10_dpr0.10_lr0.0002_heads16_fold1.pth  select=0.5775  val_ab=0.7402  val_ag=0.4147  val_all=0.6007
Ep036  LR0=1.20e-04  pw=1.21  aucα=0.300  token_p=0.020  dropE=(0.020,0.080)  smooth=0.010  train_loss=0.1862  train_AUPR_all=0.7832  train_AUPR_ab=0.8386  train_AUPR_ag=0.7010  train_P@5_ab=1.0000  train_P@5_ag=0.9000  val_loss=0.3153  val_AUPR_all=0.5959  val_AUPR_ab=0.7382  val_AUPR_ag=0.3952  val_P@5_ab=1.0000  val_P@5_ag=1.0000  select=0.5667
Ep037  LR0=1.16e-04  pw=1.19  aucα=0.300  token_p=0.020  dropE=(0.020,0.080)  smooth=0.010  train_loss=0.1756  train_AUPR_all=0.8012  train_AUPR_ab=0.8549  train_AUPR_ag=0.7210  train_P@5_ab=1.0000  train_P@5_ag=1.0000  val_loss=0.3146  val_AUPR_all=0.5921  val_AUPR_ab=0.7325  val_AUPR_ag=0.4073  val_P@5_ab=1.0000  val_P@5_ag=0.8500  select=0.5699
Ep038  LR0=1.12e-04  pw=1.17  aucα=0.300  token_p=0.020  dropE=(0.020,0.080)  smooth=0.010  train_loss=0.1678  train_AUPR_all=0.8110  train_AUPR_ab=0.8616  train_AUPR_ag=0.7356  train_P@5_ab=1.0000  train_P@5_ag=1.0000  val_loss=0.3293  val_AUPR_all=0.5868  val_AUPR_ab=0.7287  val_AUPR_ag=0.3825  val_P@5_ab=1.0000  val_P@5_ag=0.9500  select=0.5556
Ep039  LR0=1.08e-04  pw=1.16  aucα=0.300  token_p=0.020  dropE=(0.020,0.080)  smooth=0.010  train_loss=0.1676  train_AUPR_all=0.8115  train_AUPR_ab=0.8559  train_AUPR_ag=0.7467  train_P@5_ab=1.0000  train_P@5_ag=1.0000  val_loss=0.3068  val_AUPR_all=0.6003  val_AUPR_ab=0.7382  val_AUPR_ag=0.4154  val_P@5_ab=1.0000  val_P@5_ag=0.9000  select=0.5768
Ep040  LR0=1.04e-04  pw=1.14  aucα=0.300  token_p=0.020  dropE=(0.020,0.080)  smooth=0.010  train_loss=0.1619  train_AUPR_all=0.8198  train_AUPR_ab=0.8670  train_AUPR_ag=0.7499  train_P@5_ab=1.0000  train_P@5_ag=1.0000  val_loss=0.3086  val_AUPR_all=0.6000  val_AUPR_ab=0.7398  val_AUPR_ag=0.4049  val_P@5_ab=0.9500  val_P@5_ag=0.9500  select=0.5723
Ep041  LR0=1.00e-04  pw=1.13  aucα=0.300  token_p=0.020  dropE=(0.020,0.080)  smooth=0.010  train_loss=0.1542  train_AUPR_all=0.8324  train_AUPR_ab=0.8766  train_AUPR_ag=0.7667  train_P@5_ab=1.0000  train_P@5_ag=1.0000  val_loss=0.3144  val_AUPR_all=0.5970  val_AUPR_ab=0.7316  val_AUPR_ag=0.4133  val_P@5_ab=1.0000  val_P@5_ag=0.9000  select=0.5724
Ep042  LR0=9.63e-05  pw=1.12  aucα=0.300  token_p=0.020  dropE=(0.020,0.080)  smooth=0.010  train_loss=0.1526  train_AUPR_all=0.8342  train_AUPR_ab=0.8752  train_AUPR_ag=0.7742  train_P@5_ab=1.0000  train_P@5_ag=1.0000  val_loss=0.3250  val_AUPR_all=0.5816  val_AUPR_ab=0.7277  val_AUPR_ag=0.3973  val_P@5_ab=0.8500  val_P@5_ag=0.8500  select=0.5625
Ep043  LR0=9.24e-05  pw=1.10  aucα=0.300  token_p=0.020  dropE=(0.020,0.080)  smooth=0.010  train_loss=0.1469  train_AUPR_all=0.8430  train_AUPR_ab=0.8848  train_AUPR_ag=0.7806  train_P@5_ab=1.0000  train_P@5_ag=1.0000  val_loss=0.3199  val_AUPR_all=0.5971  val_AUPR_ab=0.7382  val_AUPR_ag=0.4174  val_P@5_ab=0.9500  val_P@5_ag=0.9000  select=0.5778
  Saved checkpoint: checkpoints_esm/iPara_balanced_l1_g5_i6_do0.10_dpr0.10_lr0.0002_heads16_fold1.pth  select=0.5778  val_ab=0.7382  val_ag=0.4174  val_all=0.5971
Ep044  LR0=8.85e-05  pw=1.09  aucα=0.300  token_p=0.020  dropE=(0.020,0.080)  smooth=0.010  train_loss=0.1484  train_AUPR_all=0.8403  train_AUPR_ab=0.8794  train_AUPR_ag=0.7835  train_P@5_ab=1.0000  train_P@5_ag=1.0000  val_loss=0.3237  val_AUPR_all=0.5862  val_AUPR_ab=0.7290  val_AUPR_ag=0.4019  val_P@5_ab=0.9500  val_P@5_ag=1.0000  select=0.5654
Ep045  LR0=8.46e-05  pw=1.09  aucα=0.300  token_p=0.020  dropE=(0.020,0.080)  smooth=0.010  train_loss=0.1392  train_AUPR_all=0.8552  train_AUPR_ab=0.8931  train_AUPR_ag=0.7986  train_P@5_ab=1.0000  train_P@5_ag=1.0000  val_loss=0.3206  val_AUPR_all=0.5961  val_AUPR_ab=0.7352  val_AUPR_ag=0.4103  val_P@5_ab=1.0000  val_P@5_ag=0.9500  select=0.5728
Ep046  LR0=8.08e-05  pw=1.08  aucα=0.300  token_p=0.020  dropE=(0.020,0.080)  smooth=0.010  train_loss=0.1384  train_AUPR_all=0.8575  train_AUPR_ab=0.8953  train_AUPR_ag=0.8017  train_P@5_ab=1.0000  train_P@5_ag=1.0000  val_loss=0.3162  val_AUPR_all=0.5857  val_AUPR_ab=0.7196  val_AUPR_ag=0.4054  val_P@5_ab=0.9000  val_P@5_ag=0.9000  select=0.5625
Ep047  LR0=7.70e-05  pw=1.07  aucα=0.300  token_p=0.020  dropE=(0.020,0.080)  smooth=0.010  train_loss=0.1323  train_AUPR_all=0.8671  train_AUPR_ab=0.9021  train_AUPR_ag=0.8152  train_P@5_ab=1.0000  train_P@5_ag=1.0000  val_loss=0.3216  val_AUPR_all=0.5817  val_AUPR_ab=0.7193  val_AUPR_ag=0.3971  val_P@5_ab=0.9000  val_P@5_ag=0.8000  select=0.5582
Ep048  LR0=7.32e-05  pw=1.06  aucα=0.300  token_p=0.020  dropE=(0.020,0.080)  smooth=0.010  train_loss=0.1296  train_AUPR_all=0.8703  train_AUPR_ab=0.9052  train_AUPR_ag=0.8182  train_P@5_ab=1.0000  train_P@5_ag=1.0000  val_loss=0.3331  val_AUPR_all=0.5771  val_AUPR_ab=0.7210  val_AUPR_ag=0.3868  val_P@5_ab=0.8000  val_P@5_ag=0.6500  select=0.5539
Ep049  LR0=6.94e-05  pw=1.06  aucα=0.300  token_p=0.020  dropE=(0.020,0.080)  smooth=0.010  train_loss=0.1278  train_AUPR_all=0.8727  train_AUPR_ab=0.9066  train_AUPR_ag=0.8222  train_P@5_ab=1.0000  train_P@5_ag=1.0000  val_loss=0.3238  val_AUPR_all=0.5834  val_AUPR_ab=0.7259  val_AUPR_ag=0.4031  val_P@5_ab=0.8500  val_P@5_ag=0.9500  select=0.5645
Ep050  LR0=6.57e-05  pw=1.05  aucα=0.300  token_p=0.020  dropE=(0.020,0.080)  smooth=0.010  train_loss=0.1227  train_AUPR_all=0.8812  train_AUPR_ab=0.9134  train_AUPR_ag=0.8332  train_P@5_ab=1.0000  train_P@5_ag=1.0000  val_loss=0.3282  val_AUPR_all=0.5863  val_AUPR_ab=0.7345  val_AUPR_ag=0.3967  val_P@5_ab=1.0000  val_P@5_ag=0.8500  select=0.5656
Ep051  LR0=6.21e-05  pw=1.05  aucα=0.300  token_p=0.020  dropE=(0.020,0.080)  smooth=0.010  train_loss=0.1270  train_AUPR_all=0.8743  train_AUPR_ab=0.9084  train_AUPR_ag=0.8235  train_P@5_ab=1.0000  train_P@5_ag=1.0000  val_loss=0.3160  val_AUPR_all=0.5957  val_AUPR_ab=0.7356  val_AUPR_ag=0.4090  val_P@5_ab=0.9500  val_P@5_ag=0.7000  select=0.5723
Ep052  LR0=5.85e-05  pw=1.04  aucα=0.300  token_p=0.020  dropE=(0.020,0.080)  smooth=0.010  train_loss=0.1200  train_AUPR_all=0.8856  train_AUPR_ab=0.9178  train_AUPR_ag=0.8378  train_P@5_ab=1.0000  train_P@5_ag=1.0000  val_loss=0.3281  val_AUPR_all=0.5863  val_AUPR_ab=0.7295  val_AUPR_ag=0.3956  val_P@5_ab=1.0000  val_P@5_ag=0.5000  select=0.5625
Ep053  LR0=5.50e-05  pw=1.04  aucα=0.300  token_p=0.020  dropE=(0.020,0.080)  smooth=0.010  train_loss=0.1201  train_AUPR_all=0.8845  train_AUPR_ab=0.9152  train_AUPR_ag=0.8391  train_P@5_ab=1.0000  train_P@5_ag=1.0000  val_loss=0.3220  val_AUPR_all=0.5873  val_AUPR_ab=0.7290  val_AUPR_ag=0.4044  val_P@5_ab=0.9000  val_P@5_ag=0.5000  select=0.5667
Ep054  LR0=5.15e-05  pw=1.03  aucα=0.300  token_p=0.020  dropE=(0.020,0.080)  smooth=0.010  train_loss=0.1167  train_AUPR_all=0.8899  train_AUPR_ab=0.9199  train_AUPR_ag=0.8456  train_P@5_ab=1.0000  train_P@5_ag=1.0000  val_loss=0.3341  val_AUPR_all=0.5795  val_AUPR_ab=0.7275  val_AUPR_ag=0.3926  val_P@5_ab=0.9500  val_P@5_ag=0.7000  select=0.5600
Ep055  LR0=4.81e-05  pw=1.03  aucα=0.300  token_p=0.020  dropE=(0.020,0.080)  smooth=0.010  train_loss=0.1132  train_AUPR_all=0.8957  train_AUPR_ab=0.9255  train_AUPR_ag=0.8511  train_P@5_ab=1.0000  train_P@5_ag=0.9500  val_loss=0.3322  val_AUPR_all=0.5851  val_AUPR_ab=0.7307  val_AUPR_ag=0.3935  val_P@5_ab=0.9000  val_P@5_ag=0.6500  select=0.5621
Ep056  LR0=4.48e-05  pw=1.03  aucα=0.300  token_p=0.020  dropE=(0.020,0.080)  smooth=0.010  train_loss=0.1140  train_AUPR_all=0.8947  train_AUPR_ab=0.9245  train_AUPR_ag=0.8501  train_P@5_ab=1.0000  train_P@5_ag=1.0000  val_loss=0.3237  val_AUPR_all=0.5807  val_AUPR_ab=0.7258  val_AUPR_ag=0.3941  val_P@5_ab=0.9000  val_P@5_ag=0.5000  select=0.5600
Ep057  LR0=4.16e-05  pw=1.03  aucα=0.300  token_p=0.020  dropE=(0.020,0.080)  smooth=0.010  train_loss=0.1070  train_AUPR_all=0.9058  train_AUPR_ab=0.9344  train_AUPR_ag=0.8618  train_P@5_ab=1.0000  train_P@5_ag=1.0000  val_loss=0.3303  val_AUPR_all=0.5777  val_AUPR_ab=0.7224  val_AUPR_ag=0.3834  val_P@5_ab=0.9000  val_P@5_ag=0.7000  select=0.5529
Ep058  LR0=3.85e-05  pw=1.02  aucα=0.300  token_p=0.020  dropE=(0.020,0.080)  smooth=0.010  train_loss=0.1038  train_AUPR_all=0.9103  train_AUPR_ab=0.9374  train_AUPR_ag=0.8691  train_P@5_ab=1.0000  train_P@5_ag=1.0000  val_loss=0.3382  val_AUPR_all=0.5724  val_AUPR_ab=0.7206  val_AUPR_ag=0.3859  val_P@5_ab=0.8500  val_P@5_ag=0.5500  select=0.5532
Ep059  LR0=3.55e-05  pw=1.02  aucα=0.300  token_p=0.020  dropE=(0.020,0.080)  smooth=0.010  train_loss=0.1039  train_AUPR_all=0.9113  train_AUPR_ab=0.9391  train_AUPR_ag=0.8685  train_P@5_ab=1.0000  train_P@5_ag=1.0000  val_loss=0.3368  val_AUPR_all=0.5759  val_AUPR_ab=0.7195  val_AUPR_ag=0.3908  val_P@5_ab=0.9500  val_P@5_ag=0.6500  select=0.5552
Ep060  LR0=3.25e-05  pw=1.02  aucα=0.300  token_p=0.020  dropE=(0.020,0.080)  smooth=0.010  train_loss=0.1015  train_AUPR_all=0.9141  train_AUPR_ab=0.9401  train_AUPR_ag=0.8742  train_P@5_ab=1.0000  train_P@5_ag=1.0000  val_loss=0.3376  val_AUPR_all=0.5819  val_AUPR_ab=0.7273  val_AUPR_ag=0.3948  val_P@5_ab=0.9000  val_P@5_ag=0.7000  select=0.5610
Ep061  LR0=2.97e-05  pw=1.02  aucα=0.300  token_p=0.020  dropE=(0.020,0.080)  smooth=0.010  train_loss=0.1014  train_AUPR_all=0.9133  train_AUPR_ab=0.9389  train_AUPR_ag=0.8743  train_P@5_ab=1.0000  train_P@5_ag=1.0000  val_loss=0.3375  val_AUPR_all=0.5794  val_AUPR_ab=0.7264  val_AUPR_ag=0.3842  val_P@5_ab=0.9000  val_P@5_ag=0.6500  select=0.5553
Ep062  LR0=2.70e-05  pw=1.02  aucα=0.300  token_p=0.020  dropE=(0.020,0.080)  smooth=0.010  train_loss=0.0987  train_AUPR_all=0.9182  train_AUPR_ab=0.9434  train_AUPR_ag=0.8793  train_P@5_ab=1.0000  train_P@5_ag=1.0000  val_loss=0.3411  val_AUPR_all=0.5769  val_AUPR_ab=0.7257  val_AUPR_ag=0.3874  val_P@5_ab=0.9000  val_P@5_ag=0.5000  select=0.5565
Ep063  LR0=2.44e-05  pw=1.01  aucα=0.300  token_p=0.020  dropE=(0.020,0.080)  smooth=0.010  train_loss=0.1008  train_AUPR_all=0.9146  train_AUPR_ab=0.9402  train_AUPR_ag=0.8756  train_P@5_ab=1.0000  train_P@5_ag=1.0000  val_loss=0.3367  val_AUPR_all=0.5798  val_AUPR_ab=0.7280  val_AUPR_ag=0.3875  val_P@5_ab=0.8500  val_P@5_ag=0.6000  select=0.5577
Early stopping at epoch 63. Best select=0.5778 at epoch 43.
Final saved checkpoint for fold 1: checkpoints_esm/iPara_balanced_l1_g5_i6_do0.10_dpr0.10_lr0.0002_heads16_fold1.pth
Best select=0.5778 at epoch 43

==========================================================================================
Fold 2/5
==========================================================================================
Train labels: valid=400834, pos=26650, neg=374184, ignore=696766, pos_frac=0.06649
Val labels: valid=99358, pos=6580, neg=92778, ignore=175842, pos_frac=0.06623
Initializing ClassificationModel with 5 GAT layers and residual connections...
Initializing MCModel with 5 GAT layers and 6 row attention layers (drop_path_rate=0.1, use_esm=True)
Initializing CoreModel with 1 layers, drop_path_rate=0.1
Ep001  LR0=2.00e-04  pw=8.00  aucα=0.000  token_p=0.020  dropE=(0.020,0.080)  smooth=0.010  train_loss=0.7125  train_AUPR_all=0.2634  train_AUPR_ab=0.3307  train_AUPR_ag=0.1787  train_P@5_ab=0.7000  train_P@5_ag=0.7500  val_loss=1.0751  val_AUPR_all=0.3938  val_AUPR_ab=0.5020  val_AUPR_ag=0.2250  val_P@5_ab=0.7500  val_P@5_ag=0.8500  select=0.3635
  Saved checkpoint: checkpoints_esm/iPara_balanced_l1_g5_i6_do0.10_dpr0.10_lr0.0002_heads16_fold2.pth  select=0.3635  val_ab=0.5020  val_ag=0.2250  val_all=0.3938
Ep002  LR0=2.00e-04  pw=7.33  aucα=0.000  token_p=0.020  dropE=(0.020,0.080)  smooth=0.010  train_loss=0.5255  train_AUPR_all=0.4134  train_AUPR_ab=0.5084  train_AUPR_ag=0.2578  train_P@5_ab=0.7000  train_P@5_ag=0.7000  val_loss=0.8944  val_AUPR_all=0.4516  val_AUPR_ab=0.5781  val_AUPR_ag=0.2601  val_P@5_ab=0.8500  val_P@5_ag=0.8000  select=0.4191
  Saved checkpoint: checkpoints_esm/iPara_balanced_l1_g5_i6_do0.10_dpr0.10_lr0.0002_heads16_fold2.pth  select=0.4191  val_ab=0.5781  val_ag=0.2601  val_all=0.4516
Ep003  LR0=2.00e-04  pw=6.73  aucα=0.000  token_p=0.020  dropE=(0.020,0.080)  smooth=0.010  train_loss=0.4806  train_AUPR_all=0.4476  train_AUPR_ab=0.5398  train_AUPR_ag=0.2918  train_P@5_ab=0.8500  train_P@5_ag=0.8000  val_loss=0.7831  val_AUPR_all=0.4827  val_AUPR_ab=0.5861  val_AUPR_ag=0.3173  val_P@5_ab=0.7500  val_P@5_ag=0.9000  select=0.4517
  Saved checkpoint: checkpoints_esm/iPara_balanced_l1_g5_i6_do0.10_dpr0.10_lr0.0002_heads16_fold2.pth  select=0.4517  val_ab=0.5861  val_ag=0.3173  val_all=0.4827
Ep004  LR0=1.99e-04  pw=6.19  aucα=0.000  token_p=0.020  dropE=(0.020,0.080)  smooth=0.010  train_loss=0.4368  train_AUPR_all=0.4762  train_AUPR_ab=0.5706  train_AUPR_ag=0.3131  train_P@5_ab=0.6500  train_P@5_ag=0.8500  val_loss=0.7201  val_AUPR_all=0.5135  val_AUPR_ab=0.6294  val_AUPR_ag=0.3123  val_P@5_ab=0.8500  val_P@5_ag=0.7500  select=0.4709
  Saved checkpoint: checkpoints_esm/iPara_balanced_l1_g5_i6_do0.10_dpr0.10_lr0.0002_heads16_fold2.pth  select=0.4709  val_ab=0.6294  val_ag=0.3123  val_all=0.5135
Ep005  LR0=1.99e-04  pw=5.69  aucα=0.000  token_p=0.020  dropE=(0.020,0.080)  smooth=0.010  train_loss=0.4107  train_AUPR_all=0.4898  train_AUPR_ab=0.5899  train_AUPR_ag=0.3226  train_P@5_ab=0.7500  train_P@5_ag=0.8500  val_loss=0.6267  val_AUPR_all=0.4748  val_AUPR_ab=0.6061  val_AUPR_ag=0.2851  val_P@5_ab=0.8500  val_P@5_ag=0.7500  select=0.4456
Ep006  LR0=1.98e-04  pw=5.25  aucα=0.000  token_p=0.020  dropE=(0.020,0.080)  smooth=0.010  train_loss=0.3834  train_AUPR_all=0.5074  train_AUPR_ab=0.6055  train_AUPR_ag=0.3374  train_P@5_ab=0.8000  train_P@5_ag=0.9000  val_loss=0.6026  val_AUPR_all=0.5090  val_AUPR_ab=0.6215  val_AUPR_ag=0.3157  val_P@5_ab=0.6000  val_P@5_ag=0.4000  select=0.4686
Ep007  LR0=1.97e-04  pw=4.84  aucα=0.000  token_p=0.020  dropE=(0.020,0.080)  smooth=0.010  train_loss=0.3671  train_AUPR_all=0.5097  train_AUPR_ab=0.6033  train_AUPR_ag=0.3376  train_P@5_ab=0.7500  train_P@5_ag=0.9000  val_loss=0.5833  val_AUPR_all=0.5242  val_AUPR_ab=0.6373  val_AUPR_ag=0.3396  val_P@5_ab=1.0000  val_P@5_ag=0.6000  select=0.4885
  Saved checkpoint: checkpoints_esm/iPara_balanced_l1_g5_i6_do0.10_dpr0.10_lr0.0002_heads16_fold2.pth  select=0.4885  val_ab=0.6373  val_ag=0.3396  val_all=0.5242
Ep008  LR0=1.96e-04  pw=4.48  aucα=0.000  token_p=0.020  dropE=(0.020,0.080)  smooth=0.010  train_loss=0.3486  train_AUPR_all=0.5217  train_AUPR_ab=0.6280  train_AUPR_ag=0.3375  train_P@5_ab=0.7000  train_P@5_ag=0.8000  val_loss=0.7878  val_AUPR_all=0.4783  val_AUPR_ab=0.6265  val_AUPR_ag=0.2738  val_P@5_ab=0.7500  val_P@5_ag=0.6500  select=0.4501
Ep009  LR0=1.95e-04  pw=4.15  aucα=0.000  token_p=0.020  dropE=(0.020,0.080)  smooth=0.010  train_loss=0.3237  train_AUPR_all=0.5392  train_AUPR_ab=0.6433  train_AUPR_ag=0.3594  train_P@5_ab=0.8000  train_P@5_ag=0.9000  val_loss=0.5504  val_AUPR_all=0.5334  val_AUPR_ab=0.6571  val_AUPR_ag=0.3344  val_P@5_ab=0.7500  val_P@5_ag=1.0000  select=0.4957
  Saved checkpoint: checkpoints_esm/iPara_balanced_l1_g5_i6_do0.10_dpr0.10_lr0.0002_heads16_fold2.pth  select=0.4957  val_ab=0.6571  val_ag=0.3344  val_all=0.5334
Ep010  LR0=1.94e-04  pw=3.85  aucα=0.030  token_p=0.020  dropE=(0.020,0.080)  smooth=0.010  train_loss=0.3236  train_AUPR_all=0.5495  train_AUPR_ab=0.6591  train_AUPR_ag=0.3633  train_P@5_ab=0.8500  train_P@5_ag=0.9500  val_loss=0.5051  val_AUPR_all=0.5529  val_AUPR_ab=0.6511  val_AUPR_ag=0.3754  val_P@5_ab=0.5000  val_P@5_ag=1.0000  select=0.5132
  Saved checkpoint: checkpoints_esm/iPara_balanced_l1_g5_i6_do0.10_dpr0.10_lr0.0002_heads16_fold2.pth  select=0.5132  val_ab=0.6511  val_ag=0.3754  val_all=0.5529
Unfreezing DyM parameters.
Ep011  LR0=1.92e-04  pw=3.58  aucα=0.060  token_p=0.020  dropE=(0.020,0.080)  smooth=0.010  train_loss=0.3223  train_AUPR_all=0.5618  train_AUPR_ab=0.6722  train_AUPR_ag=0.3744  train_P@5_ab=0.9500  train_P@5_ag=0.8000  val_loss=0.4963  val_AUPR_all=0.5387  val_AUPR_ab=0.6676  val_AUPR_ag=0.3554  val_P@5_ab=0.7000  val_P@5_ag=0.8500  select=0.5115
Ep012  LR0=1.91e-04  pw=3.33  aucα=0.090  token_p=0.020  dropE=(0.020,0.080)  smooth=0.010  train_loss=0.3216  train_AUPR_all=0.5681  train_AUPR_ab=0.6771  train_AUPR_ag=0.3842  train_P@5_ab=0.8500  train_P@5_ag=1.0000  val_loss=0.4543  val_AUPR_all=0.5669  val_AUPR_ab=0.6842  val_AUPR_ag=0.3661  val_P@5_ab=0.8000  val_P@5_ag=0.9000  select=0.5252
  Saved checkpoint: checkpoints_esm/iPara_balanced_l1_g5_i6_do0.10_dpr0.10_lr0.0002_heads16_fold2.pth  select=0.5252  val_ab=0.6842  val_ag=0.3661  val_all=0.5669
Ep013  LR0=1.89e-04  pw=3.11  aucα=0.120  token_p=0.020  dropE=(0.020,0.080)  smooth=0.010  train_loss=0.3246  train_AUPR_all=0.5728  train_AUPR_ab=0.6855  train_AUPR_ag=0.3835  train_P@5_ab=0.9500  train_P@5_ag=1.0000  val_loss=0.4526  val_AUPR_all=0.5509  val_AUPR_ab=0.6639  val_AUPR_ag=0.3731  val_P@5_ab=0.7500  val_P@5_ag=0.9500  select=0.5185
Ep014  LR0=1.87e-04  pw=2.91  aucα=0.150  token_p=0.020  dropE=(0.020,0.080)  smooth=0.010  train_loss=0.3222  train_AUPR_all=0.5884  train_AUPR_ab=0.6989  train_AUPR_ag=0.4020  train_P@5_ab=1.0000  train_P@5_ag=0.9500  val_loss=0.4388  val_AUPR_all=0.5699  val_AUPR_ab=0.6992  val_AUPR_ag=0.3574  val_P@5_ab=0.9500  val_P@5_ag=1.0000  select=0.5283
  Saved checkpoint: checkpoints_esm/iPara_balanced_l1_g5_i6_do0.10_dpr0.10_lr0.0002_heads16_fold2.pth  select=0.5283  val_ab=0.6992  val_ag=0.3574  val_all=0.5699
Ep015  LR0=1.85e-04  pw=2.73  aucα=0.180  token_p=0.020  dropE=(0.020,0.080)  smooth=0.010  train_loss=0.3231  train_AUPR_all=0.5932  train_AUPR_ab=0.7092  train_AUPR_ag=0.4008  train_P@5_ab=0.9500  train_P@5_ag=0.9000  val_loss=0.4154  val_AUPR_all=0.5711  val_AUPR_ab=0.6942  val_AUPR_ag=0.3888  val_P@5_ab=0.8500  val_P@5_ag=0.8500  select=0.5415
  Saved checkpoint: checkpoints_esm/iPara_balanced_l1_g5_i6_do0.10_dpr0.10_lr0.0002_heads16_fold2.pth  select=0.5415  val_ab=0.6942  val_ag=0.3888  val_all=0.5711
Ep016  LR0=1.83e-04  pw=2.56  aucα=0.210  token_p=0.020  dropE=(0.020,0.080)  smooth=0.010  train_loss=0.3265  train_AUPR_all=0.5972  train_AUPR_ab=0.7099  train_AUPR_ag=0.4107  train_P@5_ab=0.9500  train_P@5_ag=1.0000  val_loss=0.3930  val_AUPR_all=0.5798  val_AUPR_ab=0.6961  val_AUPR_ag=0.3839  val_P@5_ab=0.9500  val_P@5_ag=0.9000  select=0.5400
Ep017  LR0=1.81e-04  pw=2.41  aucα=0.240  token_p=0.020  dropE=(0.020,0.080)  smooth=0.010  train_loss=0.3265  train_AUPR_all=0.6104  train_AUPR_ab=0.7241  train_AUPR_ag=0.4251  train_P@5_ab=0.9500  train_P@5_ag=0.8500  val_loss=0.3885  val_AUPR_all=0.5734  val_AUPR_ab=0.6927  val_AUPR_ag=0.3658  val_P@5_ab=0.9500  val_P@5_ag=0.9000  select=0.5293
Ep018  LR0=1.79e-04  pw=2.28  aucα=0.270  token_p=0.020  dropE=(0.020,0.080)  smooth=0.010  train_loss=0.3324  train_AUPR_all=0.6121  train_AUPR_ab=0.7263  train_AUPR_ag=0.4247  train_P@5_ab=1.0000  train_P@5_ag=0.9500  val_loss=0.3904  val_AUPR_all=0.5647  val_AUPR_ab=0.6857  val_AUPR_ag=0.3677  val_P@5_ab=1.0000  val_P@5_ag=0.9500  select=0.5267
Ep019  LR0=1.76e-04  pw=2.16  aucα=0.300  token_p=0.020  dropE=(0.020,0.080)  smooth=0.010  train_loss=0.3347  train_AUPR_all=0.6174  train_AUPR_ab=0.7297  train_AUPR_ag=0.4346  train_P@5_ab=1.0000  train_P@5_ag=0.9500  val_loss=0.4025  val_AUPR_all=0.5538  val_AUPR_ab=0.7064  val_AUPR_ag=0.3410  val_P@5_ab=1.0000  val_P@5_ag=0.9000  select=0.5237
Ep020  LR0=1.73e-04  pw=2.05  aucα=0.300  token_p=0.020  dropE=(0.020,0.080)  smooth=0.010  train_loss=0.3184  train_AUPR_all=0.6333  train_AUPR_ab=0.7421  train_AUPR_ag=0.4581  train_P@5_ab=1.0000  train_P@5_ag=0.9500  val_loss=0.3722  val_AUPR_all=0.5658  val_AUPR_ab=0.7101  val_AUPR_ag=0.3463  val_P@5_ab=1.0000  val_P@5_ag=0.4500  select=0.5282
Ep021  LR0=1.71e-04  pw=1.95  aucα=0.300  token_p=0.020  dropE=(0.020,0.080)  smooth=0.010  train_loss=0.3092  train_AUPR_all=0.6391  train_AUPR_ab=0.7453  train_AUPR_ag=0.4698  train_P@5_ab=0.9500  train_P@5_ag=0.8000  val_loss=0.3960  val_AUPR_all=0.5437  val_AUPR_ab=0.6991  val_AUPR_ag=0.3570  val_P@5_ab=0.9500  val_P@5_ag=0.9500  select=0.5280
Ep022  LR0=1.68e-04  pw=1.86  aucα=0.300  token_p=0.020  dropE=(0.020,0.080)  smooth=0.010  train_loss=0.2977  train_AUPR_all=0.6507  train_AUPR_ab=0.7595  train_AUPR_ag=0.4799  train_P@5_ab=0.9500  train_P@5_ag=0.9500  val_loss=0.3647  val_AUPR_all=0.5729  val_AUPR_ab=0.7245  val_AUPR_ag=0.3572  val_P@5_ab=0.9500  val_P@5_ag=0.8000  select=0.5409
Ep023  LR0=1.65e-04  pw=1.78  aucα=0.300  token_p=0.020  dropE=(0.020,0.080)  smooth=0.010  train_loss=0.2880  train_AUPR_all=0.6579  train_AUPR_ab=0.7597  train_AUPR_ag=0.4985  train_P@5_ab=1.0000  train_P@5_ag=0.9000  val_loss=0.3616  val_AUPR_all=0.5425  val_AUPR_ab=0.6962  val_AUPR_ag=0.3272  val_P@5_ab=0.9500  val_P@5_ag=0.9000  select=0.5117
Ep024  LR0=1.62e-04  pw=1.70  aucα=0.300  token_p=0.020  dropE=(0.020,0.080)  smooth=0.010  train_loss=0.2804  train_AUPR_all=0.6657  train_AUPR_ab=0.7662  train_AUPR_ag=0.5075  train_P@5_ab=1.0000  train_P@5_ag=1.0000  val_loss=0.3411  val_AUPR_all=0.5866  val_AUPR_ab=0.7291  val_AUPR_ag=0.3926  val_P@5_ab=0.9500  val_P@5_ag=0.9000  select=0.5608
  Saved checkpoint: checkpoints_esm/iPara_balanced_l1_g5_i6_do0.10_dpr0.10_lr0.0002_heads16_fold2.pth  select=0.5608  val_ab=0.7291  val_ag=0.3926  val_all=0.5866
Ep025  LR0=1.59e-04  pw=1.64  aucα=0.300  token_p=0.020  dropE=(0.020,0.080)  smooth=0.010  train_loss=0.2718  train_AUPR_all=0.6736  train_AUPR_ab=0.7712  train_AUPR_ag=0.5216  train_P@5_ab=0.9500  train_P@5_ag=0.9500  val_loss=0.3206  val_AUPR_all=0.6109  val_AUPR_ab=0.7396  val_AUPR_ag=0.4116  val_P@5_ab=1.0000  val_P@5_ag=0.8500  select=0.5756
  Saved checkpoint: checkpoints_esm/iPara_balanced_l1_g5_i6_do0.10_dpr0.10_lr0.0002_heads16_fold2.pth  select=0.5756  val_ab=0.7396  val_ag=0.4116  val_all=0.6109
Ep026  LR0=1.56e-04  pw=1.57  aucα=0.300  token_p=0.020  dropE=(0.020,0.080)  smooth=0.010  train_loss=0.2617  train_AUPR_all=0.6841  train_AUPR_ab=0.7750  train_AUPR_ag=0.5432  train_P@5_ab=1.0000  train_P@5_ag=1.0000  val_loss=0.3375  val_AUPR_all=0.5829  val_AUPR_ab=0.7190  val_AUPR_ag=0.3727  val_P@5_ab=0.9500  val_P@5_ag=0.9000  select=0.5458
Ep027  LR0=1.52e-04  pw=1.52  aucα=0.300  token_p=0.020  dropE=(0.020,0.080)  smooth=0.010  train_loss=0.2510  train_AUPR_all=0.6979  train_AUPR_ab=0.7873  train_AUPR_ag=0.5607  train_P@5_ab=1.0000  train_P@5_ag=0.9000  val_loss=0.3422  val_AUPR_all=0.5889  val_AUPR_ab=0.7328  val_AUPR_ag=0.3770  val_P@5_ab=0.9500  val_P@5_ag=0.7000  select=0.5549
Ep028  LR0=1.49e-04  pw=1.47  aucα=0.300  token_p=0.020  dropE=(0.020,0.080)  smooth=0.010  train_loss=0.2437  train_AUPR_all=0.7070  train_AUPR_ab=0.7978  train_AUPR_ag=0.5675  train_P@5_ab=0.9500  train_P@5_ag=1.0000  val_loss=0.3247  val_AUPR_all=0.5927  val_AUPR_ab=0.7261  val_AUPR_ag=0.3915  val_P@5_ab=0.9500  val_P@5_ag=0.8500  select=0.5588
Ep029  LR0=1.46e-04  pw=1.43  aucα=0.300  token_p=0.020  dropE=(0.020,0.080)  smooth=0.010  train_loss=0.2366  train_AUPR_all=0.7141  train_AUPR_ab=0.7958  train_AUPR_ag=0.5907  train_P@5_ab=0.9500  train_P@5_ag=1.0000  val_loss=0.3231  val_AUPR_all=0.5973  val_AUPR_ab=0.7352  val_AUPR_ag=0.3882  val_P@5_ab=1.0000  val_P@5_ag=0.9500  select=0.5617
Ep030  LR0=1.42e-04  pw=1.39  aucα=0.300  token_p=0.020  dropE=(0.020,0.080)  smooth=0.010  train_loss=0.2331  train_AUPR_all=0.7163  train_AUPR_ab=0.7947  train_AUPR_ag=0.5981  train_P@5_ab=0.9500  train_P@5_ag=0.9500  val_loss=0.3108  val_AUPR_all=0.6054  val_AUPR_ab=0.7431  val_AUPR_ag=0.3965  val_P@5_ab=1.0000  val_P@5_ag=0.9500  select=0.5698
Ep031  LR0=1.38e-04  pw=1.35  aucα=0.300  token_p=0.020  dropE=(0.020,0.080)  smooth=0.010  train_loss=0.2242  train_AUPR_all=0.7302  train_AUPR_ab=0.8068  train_AUPR_ag=0.6154  train_P@5_ab=1.0000  train_P@5_ag=1.0000  val_loss=0.3188  val_AUPR_all=0.5924  val_AUPR_ab=0.7364  val_AUPR_ag=0.3908  val_P@5_ab=0.9500  val_P@5_ag=0.9000  select=0.5636
Ep032  LR0=1.35e-04  pw=1.32  aucα=0.300  token_p=0.020  dropE=(0.020,0.080)  smooth=0.010  train_loss=0.2185  train_AUPR_all=0.7341  train_AUPR_ab=0.8056  train_AUPR_ag=0.6281  train_P@5_ab=1.0000  train_P@5_ag=0.9000  val_loss=0.3095  val_AUPR_all=0.6030  val_AUPR_ab=0.7434  val_AUPR_ag=0.3981  val_P@5_ab=1.0000  val_P@5_ag=0.9000  select=0.5708
Ep033  LR0=1.31e-04  pw=1.29  aucα=0.300  token_p=0.020  dropE=(0.020,0.080)  smooth=0.010  train_loss=0.2051  train_AUPR_all=0.7555  train_AUPR_ab=0.8225  train_AUPR_ag=0.6561  train_P@5_ab=0.9500  train_P@5_ag=1.0000  val_loss=0.3180  val_AUPR_all=0.6064  val_AUPR_ab=0.7354  val_AUPR_ag=0.4163  val_P@5_ab=1.0000  val_P@5_ag=0.9500  select=0.5759
  Saved checkpoint: checkpoints_esm/iPara_balanced_l1_g5_i6_do0.10_dpr0.10_lr0.0002_heads16_fold2.pth  select=0.5759  val_ab=0.7354  val_ag=0.4163  val_all=0.6064
Ep034  LR0=1.27e-04  pw=1.26  aucα=0.300  token_p=0.020  dropE=(0.020,0.080)  smooth=0.010  train_loss=0.2028  train_AUPR_all=0.7580  train_AUPR_ab=0.8265  train_AUPR_ag=0.6566  train_P@5_ab=1.0000  train_P@5_ag=0.9500  val_loss=0.3141  val_AUPR_all=0.6060  val_AUPR_ab=0.7387  val_AUPR_ag=0.4117  val_P@5_ab=1.0000  val_P@5_ag=0.8500  select=0.5752
Ep035  LR0=1.24e-04  pw=1.23  aucα=0.300  token_p=0.020  dropE=(0.020,0.080)  smooth=0.010  train_loss=0.1944  train_AUPR_all=0.7716  train_AUPR_ab=0.8317  train_AUPR_ag=0.6833  train_P@5_ab=0.9500  train_P@5_ag=1.0000  val_loss=0.3010  val_AUPR_all=0.6053  val_AUPR_ab=0.7355  val_AUPR_ag=0.4120  val_P@5_ab=1.0000  val_P@5_ag=0.9500  select=0.5737
Ep036  LR0=1.20e-04  pw=1.21  aucα=0.300  token_p=0.020  dropE=(0.020,0.080)  smooth=0.010  train_loss=0.1867  train_AUPR_all=0.7835  train_AUPR_ab=0.8408  train_AUPR_ag=0.7001  train_P@5_ab=1.0000  train_P@5_ag=1.0000  val_loss=0.3177  val_AUPR_all=0.5906  val_AUPR_ab=0.7393  val_AUPR_ag=0.3813  val_P@5_ab=1.0000  val_P@5_ag=0.9500  select=0.5603
Ep037  LR0=1.16e-04  pw=1.19  aucα=0.300  token_p=0.020  dropE=(0.020,0.080)  smooth=0.010  train_loss=0.1820  train_AUPR_all=0.7902  train_AUPR_ab=0.8456  train_AUPR_ag=0.7097  train_P@5_ab=1.0000  train_P@5_ag=1.0000  val_loss=0.2988  val_AUPR_all=0.6098  val_AUPR_ab=0.7378  val_AUPR_ag=0.4206  val_P@5_ab=1.0000  val_P@5_ag=0.9000  select=0.5792
  Saved checkpoint: checkpoints_esm/iPara_balanced_l1_g5_i6_do0.10_dpr0.10_lr0.0002_heads16_fold2.pth  select=0.5792  val_ab=0.7378  val_ag=0.4206  val_all=0.6098
Ep038  LR0=1.12e-04  pw=1.17  aucα=0.300  token_p=0.020  dropE=(0.020,0.080)  smooth=0.010  train_loss=0.1756  train_AUPR_all=0.8001  train_AUPR_ab=0.8549  train_AUPR_ag=0.7192  train_P@5_ab=1.0000  train_P@5_ag=1.0000  val_loss=0.3256  val_AUPR_all=0.5513  val_AUPR_ab=0.7222  val_AUPR_ag=0.3626  val_P@5_ab=0.7500  val_P@5_ag=0.8500  select=0.5424
Ep039  LR0=1.08e-04  pw=1.16  aucα=0.300  token_p=0.020  dropE=(0.020,0.080)  smooth=0.010  train_loss=0.1747  train_AUPR_all=0.7988  train_AUPR_ab=0.8504  train_AUPR_ag=0.7240  train_P@5_ab=1.0000  train_P@5_ag=1.0000  val_loss=0.3016  val_AUPR_all=0.6006  val_AUPR_ab=0.7400  val_AUPR_ag=0.4153  val_P@5_ab=1.0000  val_P@5_ag=0.8500  select=0.5777
Ep040  LR0=1.04e-04  pw=1.14  aucα=0.300  token_p=0.020  dropE=(0.020,0.080)  smooth=0.010  train_loss=0.1684  train_AUPR_all=0.8088  train_AUPR_ab=0.8571  train_AUPR_ag=0.7389  train_P@5_ab=1.0000  train_P@5_ag=1.0000  val_loss=0.3095  val_AUPR_all=0.5908  val_AUPR_ab=0.7318  val_AUPR_ag=0.3984  val_P@5_ab=0.9500  val_P@5_ag=0.9000  select=0.5651
Ep041  LR0=1.00e-04  pw=1.13  aucα=0.300  token_p=0.020  dropE=(0.020,0.080)  smooth=0.010  train_loss=0.1643  train_AUPR_all=0.8170  train_AUPR_ab=0.8662  train_AUPR_ag=0.7454  train_P@5_ab=1.0000  train_P@5_ag=0.9500  val_loss=0.3056  val_AUPR_all=0.6052  val_AUPR_ab=0.7444  val_AUPR_ag=0.4068  val_P@5_ab=0.9000  val_P@5_ag=1.0000  select=0.5756
Ep042  LR0=9.63e-05  pw=1.12  aucα=0.300  token_p=0.020  dropE=(0.020,0.080)  smooth=0.010  train_loss=0.1625  train_AUPR_all=0.8178  train_AUPR_ab=0.8657  train_AUPR_ag=0.7484  train_P@5_ab=1.0000  train_P@5_ag=1.0000  val_loss=0.3127  val_AUPR_all=0.5957  val_AUPR_ab=0.7422  val_AUPR_ag=0.3985  val_P@5_ab=1.0000  val_P@5_ag=0.8500  select=0.5703
Ep043  LR0=9.24e-05  pw=1.10  aucα=0.300  token_p=0.020  dropE=(0.020,0.080)  smooth=0.010  train_loss=0.1554  train_AUPR_all=0.8295  train_AUPR_ab=0.8744  train_AUPR_ag=0.7643  train_P@5_ab=1.0000  train_P@5_ag=1.0000  val_loss=0.3110  val_AUPR_all=0.5987  val_AUPR_ab=0.7401  val_AUPR_ag=0.4140  val_P@5_ab=0.9500  val_P@5_ag=0.8500  select=0.5771
Ep044  LR0=8.85e-05  pw=1.09  aucα=0.300  token_p=0.020  dropE=(0.020,0.080)  smooth=0.010  train_loss=0.1514  train_AUPR_all=0.8366  train_AUPR_ab=0.8796  train_AUPR_ag=0.7741  train_P@5_ab=1.0000  train_P@5_ag=1.0000  val_loss=0.3052  val_AUPR_all=0.5979  val_AUPR_ab=0.7444  val_AUPR_ag=0.4058  val_P@5_ab=1.0000  val_P@5_ag=0.9000  select=0.5751
Ep045  LR0=8.46e-05  pw=1.09  aucα=0.300  token_p=0.020  dropE=(0.020,0.080)  smooth=0.010  train_loss=0.1508  train_AUPR_all=0.8346  train_AUPR_ab=0.8788  train_AUPR_ag=0.7699  train_P@5_ab=1.0000  train_P@5_ag=1.0000  val_loss=0.3098  val_AUPR_all=0.5888  val_AUPR_ab=0.7348  val_AUPR_ag=0.4063  val_P@5_ab=0.8500  val_P@5_ag=1.0000  select=0.5706
Ep046  LR0=8.08e-05  pw=1.08  aucα=0.300  token_p=0.020  dropE=(0.020,0.080)  smooth=0.010  train_loss=0.1422  train_AUPR_all=0.8505  train_AUPR_ab=0.8889  train_AUPR_ag=0.7948  train_P@5_ab=1.0000  train_P@5_ag=1.0000  val_loss=0.3101  val_AUPR_all=0.5929  val_AUPR_ab=0.7393  val_AUPR_ag=0.4010  val_P@5_ab=1.0000  val_P@5_ag=0.9500  select=0.5701
Ep047  LR0=7.70e-05  pw=1.07  aucα=0.300  token_p=0.020  dropE=(0.020,0.080)  smooth=0.010  train_loss=0.1374  train_AUPR_all=0.8589  train_AUPR_ab=0.8961  train_AUPR_ag=0.8047  train_P@5_ab=0.9500  train_P@5_ag=1.0000  val_loss=0.3148  val_AUPR_all=0.5949  val_AUPR_ab=0.7342  val_AUPR_ag=0.4011  val_P@5_ab=1.0000  val_P@5_ag=0.9500  select=0.5676
Ep048  LR0=7.32e-05  pw=1.06  aucα=0.300  token_p=0.020  dropE=(0.020,0.080)  smooth=0.010  train_loss=0.1354  train_AUPR_all=0.8615  train_AUPR_ab=0.8979  train_AUPR_ag=0.8086  train_P@5_ab=1.0000  train_P@5_ag=1.0000  val_loss=0.3195  val_AUPR_all=0.5924  val_AUPR_ab=0.7349  val_AUPR_ag=0.4024  val_P@5_ab=0.9500  val_P@5_ag=0.9000  select=0.5686
Ep049  LR0=6.94e-05  pw=1.06  aucα=0.300  token_p=0.020  dropE=(0.020,0.080)  smooth=0.010  train_loss=0.1305  train_AUPR_all=0.8684  train_AUPR_ab=0.9071  train_AUPR_ag=0.8104  train_P@5_ab=1.0000  train_P@5_ag=1.0000  val_loss=0.3182  val_AUPR_all=0.5904  val_AUPR_ab=0.7306  val_AUPR_ag=0.4030  val_P@5_ab=0.8500  val_P@5_ag=0.9500  select=0.5668
Ep050  LR0=6.57e-05  pw=1.05  aucα=0.300  token_p=0.020  dropE=(0.020,0.080)  smooth=0.010  train_loss=0.1340  train_AUPR_all=0.8630  train_AUPR_ab=0.8994  train_AUPR_ag=0.8101  train_P@5_ab=1.0000  train_P@5_ag=1.0000  val_loss=0.3096  val_AUPR_all=0.6004  val_AUPR_ab=0.7349  val_AUPR_ag=0.4034  val_P@5_ab=0.8500  val_P@5_ag=0.9000  select=0.5691
Ep051  LR0=6.21e-05  pw=1.05  aucα=0.300  token_p=0.020  dropE=(0.020,0.080)  smooth=0.010  train_loss=0.1314  train_AUPR_all=0.8667  train_AUPR_ab=0.9025  train_AUPR_ag=0.8142  train_P@5_ab=0.9500  train_P@5_ag=1.0000  val_loss=0.3131  val_AUPR_all=0.5924  val_AUPR_ab=0.7301  val_AUPR_ag=0.4102  val_P@5_ab=0.9000  val_P@5_ag=0.9500  select=0.5701
Ep052  LR0=5.85e-05  pw=1.04  aucα=0.300  token_p=0.020  dropE=(0.020,0.080)  smooth=0.010  train_loss=0.1273  train_AUPR_all=0.8728  train_AUPR_ab=0.9080  train_AUPR_ag=0.8211  train_P@5_ab=1.0000  train_P@5_ag=1.0000  val_loss=0.3243  val_AUPR_all=0.5841  val_AUPR_ab=0.7161  val_AUPR_ag=0.3992  val_P@5_ab=0.7500  val_P@5_ag=0.8000  select=0.5577
Ep053  LR0=5.50e-05  pw=1.04  aucα=0.300  token_p=0.020  dropE=(0.020,0.080)  smooth=0.010  train_loss=0.1267  train_AUPR_all=0.8742  train_AUPR_ab=0.9105  train_AUPR_ag=0.8209  train_P@5_ab=1.0000  train_P@5_ag=1.0000  val_loss=0.3194  val_AUPR_all=0.5860  val_AUPR_ab=0.7255  val_AUPR_ag=0.4023  val_P@5_ab=0.9000  val_P@5_ag=0.8000  select=0.5639
Ep054  LR0=5.15e-05  pw=1.03  aucα=0.300  token_p=0.020  dropE=(0.020,0.080)  smooth=0.010  train_loss=0.1242  train_AUPR_all=0.8779  train_AUPR_ab=0.9116  train_AUPR_ag=0.8279  train_P@5_ab=1.0000  train_P@5_ag=1.0000  val_loss=0.3208  val_AUPR_all=0.5871  val_AUPR_ab=0.7275  val_AUPR_ag=0.3994  val_P@5_ab=0.8000  val_P@5_ag=0.8500  select=0.5634
Ep055  LR0=4.81e-05  pw=1.03  aucα=0.300  token_p=0.020  dropE=(0.020,0.080)  smooth=0.010  train_loss=0.1161  train_AUPR_all=0.8905  train_AUPR_ab=0.9209  train_AUPR_ag=0.8456  train_P@5_ab=1.0000  train_P@5_ag=1.0000  val_loss=0.3375  val_AUPR_all=0.5766  val_AUPR_ab=0.7244  val_AUPR_ag=0.3922  val_P@5_ab=0.7500  val_P@5_ag=0.8500  select=0.5583
Ep056  LR0=4.48e-05  pw=1.03  aucα=0.300  token_p=0.020  dropE=(0.020,0.080)  smooth=0.010  train_loss=0.1204  train_AUPR_all=0.8840  train_AUPR_ab=0.9159  train_AUPR_ag=0.8373  train_P@5_ab=1.0000  train_P@5_ag=1.0000  val_loss=0.3212  val_AUPR_all=0.5860  val_AUPR_ab=0.7257  val_AUPR_ag=0.3947  val_P@5_ab=0.9500  val_P@5_ag=0.9500  select=0.5602
Ep057  LR0=4.16e-05  pw=1.03  aucα=0.300  token_p=0.020  dropE=(0.020,0.080)  smooth=0.010  train_loss=0.1153  train_AUPR_all=0.8922  train_AUPR_ab=0.9228  train_AUPR_ag=0.8472  train_P@5_ab=1.0000  train_P@5_ag=1.0000  val_loss=0.3274  val_AUPR_all=0.5849  val_AUPR_ab=0.7260  val_AUPR_ag=0.3984  val_P@5_ab=0.8500  val_P@5_ag=0.9000  select=0.5622
Early stopping at epoch 57. Best select=0.5792 at epoch 37.
Final saved checkpoint for fold 2: checkpoints_esm/iPara_balanced_l1_g5_i6_do0.10_dpr0.10_lr0.0002_heads16_fold2.pth
Best select=0.5792 at epoch 37

==========================================================================================
Fold 3/5
==========================================================================================
Train labels: valid=401949, pos=26660, neg=375289, ignore=695651, pos_frac=0.06633
Val labels: valid=98243, pos=6570, neg=91673, ignore=176957, pos_frac=0.06687
Initializing ClassificationModel with 5 GAT layers and residual connections...
Initializing MCModel with 5 GAT layers and 6 row attention layers (drop_path_rate=0.1, use_esm=True)
Initializing CoreModel with 1 layers, drop_path_rate=0.1
Ep001  LR0=2.00e-04  pw=8.00  aucα=0.000  token_p=0.020  dropE=(0.020,0.080)  smooth=0.010  train_loss=0.7941  train_AUPR_all=0.2113  train_AUPR_ab=0.2386  train_AUPR_ag=0.1721  train_P@5_ab=0.7000  train_P@5_ag=0.5000  val_loss=0.8548  val_AUPR_all=0.3873  val_AUPR_ab=0.4593  val_AUPR_ag=0.2740  val_P@5_ab=0.4000  val_P@5_ag=1.0000  select=0.3666
  Saved checkpoint: checkpoints_esm/iPara_balanced_l1_g5_i6_do0.10_dpr0.10_lr0.0002_heads16_fold3.pth  select=0.3666  val_ab=0.4593  val_ag=0.2740  val_all=0.3873
Ep002  LR0=2.00e-04  pw=7.33  aucα=0.000  token_p=0.020  dropE=(0.020,0.080)  smooth=0.010  train_loss=0.5550  train_AUPR_all=0.3800  train_AUPR_ab=0.4663  train_AUPR_ag=0.2491  train_P@5_ab=0.7500  train_P@5_ag=0.6500  val_loss=0.7079  val_AUPR_all=0.4565  val_AUPR_ab=0.5442  val_AUPR_ag=0.2942  val_P@5_ab=0.5000  val_P@5_ag=0.7000  select=0.4192
  Saved checkpoint: checkpoints_esm/iPara_balanced_l1_g5_i6_do0.10_dpr0.10_lr0.0002_heads16_fold3.pth  select=0.4192  val_ab=0.5442  val_ag=0.2942  val_all=0.4565
Ep003  LR0=2.00e-04  pw=6.73  aucα=0.000  token_p=0.020  dropE=(0.020,0.080)  smooth=0.010  train_loss=0.4829  train_AUPR_all=0.4282  train_AUPR_ab=0.5144  train_AUPR_ag=0.2825  train_P@5_ab=0.7500  train_P@5_ag=0.7000  val_loss=0.8247  val_AUPR_all=0.4741  val_AUPR_ab=0.6010  val_AUPR_ag=0.2723  val_P@5_ab=0.7500  val_P@5_ag=0.7500  select=0.4367
  Saved checkpoint: checkpoints_esm/iPara_balanced_l1_g5_i6_do0.10_dpr0.10_lr0.0002_heads16_fold3.pth  select=0.4367  val_ab=0.6010  val_ag=0.2723  val_all=0.4741
Ep004  LR0=1.99e-04  pw=6.19  aucα=0.000  token_p=0.020  dropE=(0.020,0.080)  smooth=0.010  train_loss=0.4454  train_AUPR_all=0.4654  train_AUPR_ab=0.5599  train_AUPR_ag=0.3055  train_P@5_ab=0.8000  train_P@5_ag=0.7000  val_loss=0.6349  val_AUPR_all=0.4730  val_AUPR_ab=0.6127  val_AUPR_ag=0.2592  val_P@5_ab=0.9000  val_P@5_ag=0.5500  select=0.4359
Ep005  LR0=1.99e-04  pw=5.69  aucα=0.000  token_p=0.020  dropE=(0.020,0.080)  smooth=0.010  train_loss=0.4155  train_AUPR_all=0.4822  train_AUPR_ab=0.5737  train_AUPR_ag=0.3220  train_P@5_ab=0.7500  train_P@5_ag=0.9500  val_loss=0.6137  val_AUPR_all=0.4711  val_AUPR_ab=0.6026  val_AUPR_ag=0.2793  val_P@5_ab=0.5500  val_P@5_ag=0.5000  select=0.4409
  Saved checkpoint: checkpoints_esm/iPara_balanced_l1_g5_i6_do0.10_dpr0.10_lr0.0002_heads16_fold3.pth  select=0.4409  val_ab=0.6026  val_ag=0.2793  val_all=0.4711
Ep006  LR0=1.98e-04  pw=5.25  aucα=0.000  token_p=0.020  dropE=(0.020,0.080)  smooth=0.010  train_loss=0.3900  train_AUPR_all=0.5006  train_AUPR_ab=0.5987  train_AUPR_ag=0.3313  train_P@5_ab=0.7500  train_P@5_ag=0.6500  val_loss=0.6478  val_AUPR_all=0.5037  val_AUPR_ab=0.6325  val_AUPR_ag=0.3182  val_P@5_ab=0.9500  val_P@5_ag=0.7000  select=0.4754
  Saved checkpoint: checkpoints_esm/iPara_balanced_l1_g5_i6_do0.10_dpr0.10_lr0.0002_heads16_fold3.pth  select=0.4754  val_ab=0.6325  val_ag=0.3182  val_all=0.5037
Ep007  LR0=1.97e-04  pw=4.84  aucα=0.000  token_p=0.020  dropE=(0.020,0.080)  smooth=0.010  train_loss=0.3660  train_AUPR_all=0.5063  train_AUPR_ab=0.6087  train_AUPR_ag=0.3306  train_P@5_ab=0.6500  train_P@5_ag=0.7500  val_loss=0.5985  val_AUPR_all=0.5331  val_AUPR_ab=0.6614  val_AUPR_ag=0.3252  val_P@5_ab=0.8500  val_P@5_ag=0.8500  select=0.4933
  Saved checkpoint: checkpoints_esm/iPara_balanced_l1_g5_i6_do0.10_dpr0.10_lr0.0002_heads16_fold3.pth  select=0.4933  val_ab=0.6614  val_ag=0.3252  val_all=0.5331
Ep008  LR0=1.96e-04  pw=4.48  aucα=0.000  token_p=0.020  dropE=(0.020,0.080)  smooth=0.010  train_loss=0.3487  train_AUPR_all=0.5168  train_AUPR_ab=0.6176  train_AUPR_ag=0.3441  train_P@5_ab=0.8000  train_P@5_ag=0.8000  val_loss=0.6763  val_AUPR_all=0.5084  val_AUPR_ab=0.6400  val_AUPR_ag=0.3011  val_P@5_ab=0.8500  val_P@5_ag=0.6500  select=0.4706
Ep009  LR0=1.95e-04  pw=4.15  aucα=0.000  token_p=0.020  dropE=(0.020,0.080)  smooth=0.010  train_loss=0.3263  train_AUPR_all=0.5411  train_AUPR_ab=0.6462  train_AUPR_ag=0.3600  train_P@5_ab=0.8000  train_P@5_ag=0.9500  val_loss=0.5114  val_AUPR_all=0.5531  val_AUPR_ab=0.6728  val_AUPR_ag=0.3462  val_P@5_ab=0.6500  val_P@5_ag=0.9000  select=0.5095
  Saved checkpoint: checkpoints_esm/iPara_balanced_l1_g5_i6_do0.10_dpr0.10_lr0.0002_heads16_fold3.pth  select=0.5095  val_ab=0.6728  val_ag=0.3462  val_all=0.5531
Ep010  LR0=1.94e-04  pw=3.85  aucα=0.030  token_p=0.020  dropE=(0.020,0.080)  smooth=0.010  train_loss=0.3233  train_AUPR_all=0.5502  train_AUPR_ab=0.6540  train_AUPR_ag=0.3667  train_P@5_ab=0.9000  train_P@5_ag=0.9500  val_loss=0.4805  val_AUPR_all=0.5382  val_AUPR_ab=0.6742  val_AUPR_ag=0.3384  val_P@5_ab=1.0000  val_P@5_ag=0.7500  select=0.5063
Unfreezing DyM parameters.
Ep011  LR0=1.92e-04  pw=3.58  aucα=0.060  token_p=0.020  dropE=(0.020,0.080)  smooth=0.010  train_loss=0.3229  train_AUPR_all=0.5568  train_AUPR_ab=0.6638  train_AUPR_ag=0.3790  train_P@5_ab=0.8500  train_P@5_ag=0.9500  val_loss=0.4556  val_AUPR_all=0.5633  val_AUPR_ab=0.6974  val_AUPR_ag=0.3472  val_P@5_ab=1.0000  val_P@5_ag=0.9000  select=0.5223
  Saved checkpoint: checkpoints_esm/iPara_balanced_l1_g5_i6_do0.10_dpr0.10_lr0.0002_heads16_fold3.pth  select=0.5223  val_ab=0.6974  val_ag=0.3472  val_all=0.5633
Ep012  LR0=1.91e-04  pw=3.33  aucα=0.090  token_p=0.020  dropE=(0.020,0.080)  smooth=0.010  train_loss=0.3220  train_AUPR_all=0.5672  train_AUPR_ab=0.6759  train_AUPR_ag=0.3867  train_P@5_ab=1.0000  train_P@5_ag=0.9500  val_loss=0.5462  val_AUPR_all=0.5270  val_AUPR_ab=0.6782  val_AUPR_ag=0.3083  val_P@5_ab=0.8500  val_P@5_ag=0.9500  select=0.4932
Ep013  LR0=1.89e-04  pw=3.11  aucα=0.120  token_p=0.020  dropE=(0.020,0.080)  smooth=0.010  train_loss=0.3248  train_AUPR_all=0.5681  train_AUPR_ab=0.6855  train_AUPR_ag=0.3815  train_P@5_ab=0.9500  train_P@5_ag=0.7000  val_loss=0.4423  val_AUPR_all=0.5608  val_AUPR_ab=0.6927  val_AUPR_ag=0.3575  val_P@5_ab=0.7500  val_P@5_ag=0.9500  select=0.5251
  Saved checkpoint: checkpoints_esm/iPara_balanced_l1_g5_i6_do0.10_dpr0.10_lr0.0002_heads16_fold3.pth  select=0.5251  val_ab=0.6927  val_ag=0.3575  val_all=0.5608
Ep014  LR0=1.87e-04  pw=2.91  aucα=0.150  token_p=0.020  dropE=(0.020,0.080)  smooth=0.010  train_loss=0.3229  train_AUPR_all=0.5853  train_AUPR_ab=0.6968  train_AUPR_ag=0.4030  train_P@5_ab=1.0000  train_P@5_ag=0.9000  val_loss=0.4618  val_AUPR_all=0.5554  val_AUPR_ab=0.6930  val_AUPR_ag=0.3392  val_P@5_ab=0.8500  val_P@5_ag=0.8000  select=0.5161
Ep015  LR0=1.85e-04  pw=2.73  aucα=0.180  token_p=0.020  dropE=(0.020,0.080)  smooth=0.010  train_loss=0.3246  train_AUPR_all=0.5915  train_AUPR_ab=0.7006  train_AUPR_ag=0.4146  train_P@5_ab=1.0000  train_P@5_ag=0.9500  val_loss=0.4097  val_AUPR_all=0.5679  val_AUPR_ab=0.7064  val_AUPR_ag=0.3546  val_P@5_ab=0.9500  val_P@5_ag=0.8000  select=0.5305
  Saved checkpoint: checkpoints_esm/iPara_balanced_l1_g5_i6_do0.10_dpr0.10_lr0.0002_heads16_fold3.pth  select=0.5305  val_ab=0.7064  val_ag=0.3546  val_all=0.5679
Ep016  LR0=1.83e-04  pw=2.56  aucα=0.210  token_p=0.020  dropE=(0.020,0.080)  smooth=0.010  train_loss=0.3255  train_AUPR_all=0.5994  train_AUPR_ab=0.7096  train_AUPR_ag=0.4205  train_P@5_ab=1.0000  train_P@5_ag=0.9000  val_loss=0.3850  val_AUPR_all=0.6002  val_AUPR_ab=0.7218  val_AUPR_ag=0.4033  val_P@5_ab=1.0000  val_P@5_ag=0.9000  select=0.5625
  Saved checkpoint: checkpoints_esm/iPara_balanced_l1_g5_i6_do0.10_dpr0.10_lr0.0002_heads16_fold3.pth  select=0.5625  val_ab=0.7218  val_ag=0.4033  val_all=0.6002
Ep017  LR0=1.81e-04  pw=2.41  aucα=0.240  token_p=0.020  dropE=(0.020,0.080)  smooth=0.010  train_loss=0.3276  train_AUPR_all=0.6083  train_AUPR_ab=0.7170  train_AUPR_ag=0.4329  train_P@5_ab=0.9500  train_P@5_ag=1.0000  val_loss=0.3849  val_AUPR_all=0.5851  val_AUPR_ab=0.7059  val_AUPR_ag=0.3911  val_P@5_ab=0.9500  val_P@5_ag=1.0000  select=0.5485
Ep018  LR0=1.79e-04  pw=2.28  aucα=0.270  token_p=0.020  dropE=(0.020,0.080)  smooth=0.010  train_loss=0.3287  train_AUPR_all=0.6134  train_AUPR_ab=0.7187  train_AUPR_ag=0.4442  train_P@5_ab=0.9000  train_P@5_ag=0.8000  val_loss=0.3817  val_AUPR_all=0.5692  val_AUPR_ab=0.7122  val_AUPR_ag=0.3545  val_P@5_ab=0.9500  val_P@5_ag=0.9500  select=0.5333
Ep019  LR0=1.76e-04  pw=2.16  aucα=0.300  token_p=0.020  dropE=(0.020,0.080)  smooth=0.010  train_loss=0.3317  train_AUPR_all=0.6212  train_AUPR_ab=0.7281  train_AUPR_ag=0.4519  train_P@5_ab=1.0000  train_P@5_ag=0.9500  val_loss=0.3620  val_AUPR_all=0.5886  val_AUPR_ab=0.7238  val_AUPR_ag=0.3622  val_P@5_ab=1.0000  val_P@5_ag=1.0000  select=0.5430
Ep020  LR0=1.73e-04  pw=2.05  aucα=0.300  token_p=0.020  dropE=(0.020,0.080)  smooth=0.010  train_loss=0.3224  train_AUPR_all=0.6262  train_AUPR_ab=0.7327  train_AUPR_ag=0.4569  train_P@5_ab=0.9500  train_P@5_ag=0.9500  val_loss=0.3583  val_AUPR_all=0.5718  val_AUPR_ab=0.6984  val_AUPR_ag=0.3677  val_P@5_ab=0.9500  val_P@5_ag=1.0000  select=0.5331
Ep021  LR0=1.71e-04  pw=1.95  aucα=0.300  token_p=0.020  dropE=(0.020,0.080)  smooth=0.010  train_loss=0.3113  train_AUPR_all=0.6356  train_AUPR_ab=0.7393  train_AUPR_ag=0.4739  train_P@5_ab=1.0000  train_P@5_ag=0.9500  val_loss=0.3605  val_AUPR_all=0.5838  val_AUPR_ab=0.7235  val_AUPR_ag=0.3905  val_P@5_ab=0.9500  val_P@5_ag=0.9500  select=0.5570
Ep022  LR0=1.68e-04  pw=1.86  aucα=0.300  token_p=0.020  dropE=(0.020,0.080)  smooth=0.010  train_loss=0.2990  train_AUPR_all=0.6477  train_AUPR_ab=0.7526  train_AUPR_ag=0.4816  train_P@5_ab=1.0000  train_P@5_ag=0.9500  val_loss=0.3475  val_AUPR_all=0.5874  val_AUPR_ab=0.7247  val_AUPR_ag=0.3740  val_P@5_ab=1.0000  val_P@5_ag=1.0000  select=0.5494
Ep023  LR0=1.65e-04  pw=1.78  aucα=0.300  token_p=0.020  dropE=(0.020,0.080)  smooth=0.010  train_loss=0.2900  train_AUPR_all=0.6575  train_AUPR_ab=0.7572  train_AUPR_ag=0.5021  train_P@5_ab=1.0000  train_P@5_ag=0.9500  val_loss=0.3515  val_AUPR_all=0.5808  val_AUPR_ab=0.7228  val_AUPR_ag=0.3696  val_P@5_ab=0.8500  val_P@5_ag=0.8500  select=0.5462
Ep024  LR0=1.62e-04  pw=1.70  aucα=0.300  token_p=0.020  dropE=(0.020,0.080)  smooth=0.010  train_loss=0.2765  train_AUPR_all=0.6679  train_AUPR_ab=0.7607  train_AUPR_ag=0.5237  train_P@5_ab=0.9500  train_P@5_ag=0.9500  val_loss=0.3429  val_AUPR_all=0.5984  val_AUPR_ab=0.7333  val_AUPR_ag=0.4032  val_P@5_ab=1.0000  val_P@5_ag=0.9500  select=0.5683
  Saved checkpoint: checkpoints_esm/iPara_balanced_l1_g5_i6_do0.10_dpr0.10_lr0.0002_heads16_fold3.pth  select=0.5683  val_ab=0.7333  val_ag=0.4032  val_all=0.5984
Ep025  LR0=1.59e-04  pw=1.64  aucα=0.300  token_p=0.020  dropE=(0.020,0.080)  smooth=0.010  train_loss=0.2686  train_AUPR_all=0.6771  train_AUPR_ab=0.7692  train_AUPR_ag=0.5347  train_P@5_ab=1.0000  train_P@5_ag=0.9000  val_loss=0.3341  val_AUPR_all=0.6019  val_AUPR_ab=0.7363  val_AUPR_ag=0.4042  val_P@5_ab=1.0000  val_P@5_ag=0.8000  select=0.5702
  Saved checkpoint: checkpoints_esm/iPara_balanced_l1_g5_i6_do0.10_dpr0.10_lr0.0002_heads16_fold3.pth  select=0.5702  val_ab=0.7363  val_ag=0.4042  val_all=0.6019
Ep026  LR0=1.56e-04  pw=1.57  aucα=0.300  token_p=0.020  dropE=(0.020,0.080)  smooth=0.010  train_loss=0.2594  train_AUPR_all=0.6892  train_AUPR_ab=0.7796  train_AUPR_ag=0.5490  train_P@5_ab=0.9500  train_P@5_ag=0.9000  val_loss=0.3327  val_AUPR_all=0.5859  val_AUPR_ab=0.7178  val_AUPR_ag=0.3782  val_P@5_ab=1.0000  val_P@5_ag=1.0000  select=0.5480
Ep027  LR0=1.52e-04  pw=1.52  aucα=0.300  token_p=0.020  dropE=(0.020,0.080)  smooth=0.010  train_loss=0.2535  train_AUPR_all=0.6934  train_AUPR_ab=0.7795  train_AUPR_ag=0.5612  train_P@5_ab=1.0000  train_P@5_ag=1.0000  val_loss=0.3173  val_AUPR_all=0.5995  val_AUPR_ab=0.7297  val_AUPR_ag=0.3922  val_P@5_ab=0.9500  val_P@5_ag=1.0000  select=0.5610
Ep028  LR0=1.49e-04  pw=1.47  aucα=0.300  token_p=0.020  dropE=(0.020,0.080)  smooth=0.010  train_loss=0.2455  train_AUPR_all=0.7013  train_AUPR_ab=0.7845  train_AUPR_ag=0.5753  train_P@5_ab=1.0000  train_P@5_ag=0.9500  val_loss=0.3140  val_AUPR_all=0.5976  val_AUPR_ab=0.7313  val_AUPR_ag=0.3858  val_P@5_ab=0.9500  val_P@5_ag=1.0000  select=0.5585
Ep029  LR0=1.46e-04  pw=1.43  aucα=0.300  token_p=0.020  dropE=(0.020,0.080)  smooth=0.010  train_loss=0.2360  train_AUPR_all=0.7139  train_AUPR_ab=0.7952  train_AUPR_ag=0.5910  train_P@5_ab=1.0000  train_P@5_ag=0.9500  val_loss=0.3010  val_AUPR_all=0.6193  val_AUPR_ab=0.7407  val_AUPR_ag=0.4200  val_P@5_ab=0.9500  val_P@5_ag=0.9500  select=0.5804
  Saved checkpoint: checkpoints_esm/iPara_balanced_l1_g5_i6_do0.10_dpr0.10_lr0.0002_heads16_fold3.pth  select=0.5804  val_ab=0.7407  val_ag=0.4200  val_all=0.6193
Ep030  LR0=1.42e-04  pw=1.39  aucα=0.300  token_p=0.020  dropE=(0.020,0.080)  smooth=0.010  train_loss=0.2293  train_AUPR_all=0.7211  train_AUPR_ab=0.7939  train_AUPR_ag=0.6117  train_P@5_ab=1.0000  train_P@5_ag=0.9500  val_loss=0.3024  val_AUPR_all=0.6090  val_AUPR_ab=0.7449  val_AUPR_ag=0.4047  val_P@5_ab=1.0000  val_P@5_ag=1.0000  select=0.5748
Ep031  LR0=1.38e-04  pw=1.35  aucα=0.300  token_p=0.020  dropE=(0.020,0.080)  smooth=0.010  train_loss=0.2247  train_AUPR_all=0.7293  train_AUPR_ab=0.8011  train_AUPR_ag=0.6223  train_P@5_ab=0.9500  train_P@5_ag=1.0000  val_loss=0.2992  val_AUPR_all=0.6103  val_AUPR_ab=0.7424  val_AUPR_ag=0.4284  val_P@5_ab=1.0000  val_P@5_ag=1.0000  select=0.5854
  Saved checkpoint: checkpoints_esm/iPara_balanced_l1_g5_i6_do0.10_dpr0.10_lr0.0002_heads16_fold3.pth  select=0.5854  val_ab=0.7424  val_ag=0.4284  val_all=0.6103
Ep032  LR0=1.35e-04  pw=1.32  aucα=0.300  token_p=0.020  dropE=(0.020,0.080)  smooth=0.010  train_loss=0.2131  train_AUPR_all=0.7452  train_AUPR_ab=0.8116  train_AUPR_ag=0.6468  train_P@5_ab=1.0000  train_P@5_ag=1.0000  val_loss=0.2961  val_AUPR_all=0.6094  val_AUPR_ab=0.7393  val_AUPR_ag=0.4017  val_P@5_ab=0.9500  val_P@5_ag=1.0000  select=0.5705
Ep033  LR0=1.31e-04  pw=1.29  aucα=0.300  token_p=0.020  dropE=(0.020,0.080)  smooth=0.010  train_loss=0.2071  train_AUPR_all=0.7484  train_AUPR_ab=0.8105  train_AUPR_ag=0.6570  train_P@5_ab=1.0000  train_P@5_ag=1.0000  val_loss=0.3097  val_AUPR_all=0.6029  val_AUPR_ab=0.7450  val_AUPR_ag=0.3968  val_P@5_ab=1.0000  val_P@5_ag=1.0000  select=0.5709
Ep034  LR0=1.27e-04  pw=1.26  aucα=0.300  token_p=0.020  dropE=(0.020,0.080)  smooth=0.010  train_loss=0.2034  train_AUPR_all=0.7540  train_AUPR_ab=0.8153  train_AUPR_ag=0.6635  train_P@5_ab=1.0000  train_P@5_ag=1.0000  val_loss=0.3034  val_AUPR_all=0.6050  val_AUPR_ab=0.7557  val_AUPR_ag=0.3862  val_P@5_ab=1.0000  val_P@5_ag=0.9500  select=0.5709
Ep035  LR0=1.24e-04  pw=1.23  aucα=0.300  token_p=0.020  dropE=(0.020,0.080)  smooth=0.010  train_loss=0.1993  train_AUPR_all=0.7602  train_AUPR_ab=0.8220  train_AUPR_ag=0.6693  train_P@5_ab=1.0000  train_P@5_ag=1.0000  val_loss=0.2991  val_AUPR_all=0.6102  val_AUPR_ab=0.7498  val_AUPR_ag=0.4018  val_P@5_ab=0.9500  val_P@5_ag=1.0000  select=0.5758
Ep036  LR0=1.20e-04  pw=1.21  aucα=0.300  token_p=0.020  dropE=(0.020,0.080)  smooth=0.010  train_loss=0.1875  train_AUPR_all=0.7799  train_AUPR_ab=0.8336  train_AUPR_ag=0.7020  train_P@5_ab=1.0000  train_P@5_ag=1.0000  val_loss=0.2941  val_AUPR_all=0.6212  val_AUPR_ab=0.7561  val_AUPR_ag=0.4225  val_P@5_ab=1.0000  val_P@5_ag=1.0000  select=0.5893
  Saved checkpoint: checkpoints_esm/iPara_balanced_l1_g5_i6_do0.10_dpr0.10_lr0.0002_heads16_fold3.pth  select=0.5893  val_ab=0.7561  val_ag=0.4225  val_all=0.6212
Ep037  LR0=1.16e-04  pw=1.19  aucα=0.300  token_p=0.020  dropE=(0.020,0.080)  smooth=0.010  train_loss=0.1852  train_AUPR_all=0.7827  train_AUPR_ab=0.8380  train_AUPR_ag=0.7019  train_P@5_ab=1.0000  train_P@5_ag=0.9500  val_loss=0.3037  val_AUPR_all=0.6054  val_AUPR_ab=0.7483  val_AUPR_ag=0.3983  val_P@5_ab=1.0000  val_P@5_ag=0.9500  select=0.5733
Ep038  LR0=1.12e-04  pw=1.17  aucα=0.300  token_p=0.020  dropE=(0.020,0.080)  smooth=0.010  train_loss=0.1811  train_AUPR_all=0.7876  train_AUPR_ab=0.8419  train_AUPR_ag=0.7082  train_P@5_ab=1.0000  train_P@5_ag=0.9500  val_loss=0.2976  val_AUPR_all=0.6215  val_AUPR_ab=0.7606  val_AUPR_ag=0.4261  val_P@5_ab=1.0000  val_P@5_ag=1.0000  select=0.5934
  Saved checkpoint: checkpoints_esm/iPara_balanced_l1_g5_i6_do0.10_dpr0.10_lr0.0002_heads16_fold3.pth  select=0.5934  val_ab=0.7606  val_ag=0.4261  val_all=0.6215
Ep039  LR0=1.08e-04  pw=1.16  aucα=0.300  token_p=0.020  dropE=(0.020,0.080)  smooth=0.010  train_loss=0.1733  train_AUPR_all=0.8016  train_AUPR_ab=0.8537  train_AUPR_ag=0.7251  train_P@5_ab=1.0000  train_P@5_ag=1.0000  val_loss=0.2931  val_AUPR_all=0.6169  val_AUPR_ab=0.7574  val_AUPR_ag=0.4178  val_P@5_ab=1.0000  val_P@5_ag=1.0000  select=0.5876
Ep040  LR0=1.04e-04  pw=1.14  aucα=0.300  token_p=0.020  dropE=(0.020,0.080)  smooth=0.010  train_loss=0.1696  train_AUPR_all=0.8061  train_AUPR_ab=0.8545  train_AUPR_ag=0.7358  train_P@5_ab=1.0000  train_P@5_ag=1.0000  val_loss=0.2986  val_AUPR_all=0.6084  val_AUPR_ab=0.7514  val_AUPR_ag=0.4033  val_P@5_ab=1.0000  val_P@5_ag=1.0000  select=0.5774
Ep041  LR0=1.00e-04  pw=1.13  aucα=0.300  token_p=0.020  dropE=(0.020,0.080)  smooth=0.010  train_loss=0.1639  train_AUPR_all=0.8147  train_AUPR_ab=0.8638  train_AUPR_ag=0.7429  train_P@5_ab=1.0000  train_P@5_ag=1.0000  val_loss=0.2963  val_AUPR_all=0.6102  val_AUPR_ab=0.7515  val_AUPR_ag=0.4098  val_P@5_ab=0.9000  val_P@5_ag=1.0000  select=0.5807
Ep042  LR0=9.63e-05  pw=1.12  aucα=0.300  token_p=0.020  dropE=(0.020,0.080)  smooth=0.010  train_loss=0.1620  train_AUPR_all=0.8175  train_AUPR_ab=0.8637  train_AUPR_ag=0.7500  train_P@5_ab=0.9500  train_P@5_ag=1.0000  val_loss=0.2930  val_AUPR_all=0.6146  val_AUPR_ab=0.7540  val_AUPR_ag=0.4132  val_P@5_ab=1.0000  val_P@5_ag=1.0000  select=0.5836
Ep043  LR0=9.24e-05  pw=1.10  aucα=0.300  token_p=0.020  dropE=(0.020,0.080)  smooth=0.010  train_loss=0.1576  train_AUPR_all=0.8254  train_AUPR_ab=0.8706  train_AUPR_ag=0.7598  train_P@5_ab=1.0000  train_P@5_ag=1.0000  val_loss=0.3000  val_AUPR_all=0.6145  val_AUPR_ab=0.7532  val_AUPR_ag=0.4171  val_P@5_ab=1.0000  val_P@5_ag=1.0000  select=0.5851
Ep044  LR0=8.85e-05  pw=1.09  aucα=0.300  token_p=0.020  dropE=(0.020,0.080)  smooth=0.010  train_loss=0.1515  train_AUPR_all=0.8361  train_AUPR_ab=0.8785  train_AUPR_ag=0.7744  train_P@5_ab=1.0000  train_P@5_ag=1.0000  val_loss=0.3022  val_AUPR_all=0.6077  val_AUPR_ab=0.7512  val_AUPR_ag=0.4097  val_P@5_ab=0.9500  val_P@5_ag=1.0000  select=0.5805
Ep045  LR0=8.46e-05  pw=1.09  aucα=0.300  token_p=0.020  dropE=(0.020,0.080)  smooth=0.010  train_loss=0.1447  train_AUPR_all=0.8452  train_AUPR_ab=0.8855  train_AUPR_ag=0.7862  train_P@5_ab=1.0000  train_P@5_ag=1.0000  val_loss=0.3095  val_AUPR_all=0.6033  val_AUPR_ab=0.7491  val_AUPR_ag=0.4023  val_P@5_ab=0.9500  val_P@5_ag=0.9500  select=0.5757
Ep046  LR0=8.08e-05  pw=1.08  aucα=0.300  token_p=0.020  dropE=(0.020,0.080)  smooth=0.010  train_loss=0.1474  train_AUPR_all=0.8412  train_AUPR_ab=0.8833  train_AUPR_ag=0.7794  train_P@5_ab=1.0000  train_P@5_ag=1.0000  val_loss=0.3048  val_AUPR_all=0.6028  val_AUPR_ab=0.7485  val_AUPR_ag=0.4036  val_P@5_ab=0.9500  val_P@5_ag=0.9500  select=0.5760
Ep047  LR0=7.70e-05  pw=1.07  aucα=0.300  token_p=0.020  dropE=(0.020,0.080)  smooth=0.010  train_loss=0.1396  train_AUPR_all=0.8540  train_AUPR_ab=0.8920  train_AUPR_ag=0.7988  train_P@5_ab=1.0000  train_P@5_ag=1.0000  val_loss=0.2965  val_AUPR_all=0.6120  val_AUPR_ab=0.7493  val_AUPR_ag=0.4137  val_P@5_ab=0.9500  val_P@5_ag=1.0000  select=0.5815
Ep048  LR0=7.32e-05  pw=1.06  aucα=0.300  token_p=0.020  dropE=(0.020,0.080)  smooth=0.010  train_loss=0.1351  train_AUPR_all=0.8597  train_AUPR_ab=0.8960  train_AUPR_ag=0.8066  train_P@5_ab=1.0000  train_P@5_ag=1.0000  val_loss=0.2995  val_AUPR_all=0.6156  val_AUPR_ab=0.7537  val_AUPR_ag=0.4182  val_P@5_ab=1.0000  val_P@5_ag=1.0000  select=0.5860
Ep049  LR0=6.94e-05  pw=1.06  aucα=0.300  token_p=0.020  dropE=(0.020,0.080)  smooth=0.010  train_loss=0.1317  train_AUPR_all=0.8655  train_AUPR_ab=0.9017  train_AUPR_ag=0.8120  train_P@5_ab=0.8500  train_P@5_ag=1.0000  val_loss=0.3087  val_AUPR_all=0.6039  val_AUPR_ab=0.7460  val_AUPR_ag=0.3913  val_P@5_ab=1.0000  val_P@5_ag=0.7500  select=0.5687
Ep050  LR0=6.57e-05  pw=1.05  aucα=0.300  token_p=0.020  dropE=(0.020,0.080)  smooth=0.010  train_loss=0.1333  train_AUPR_all=0.8632  train_AUPR_ab=0.8990  train_AUPR_ag=0.8108  train_P@5_ab=1.0000  train_P@5_ag=0.9500  val_loss=0.3026  val_AUPR_all=0.6109  val_AUPR_ab=0.7527  val_AUPR_ag=0.4042  val_P@5_ab=1.0000  val_P@5_ag=0.9500  select=0.5785
Ep051  LR0=6.21e-05  pw=1.05  aucα=0.300  token_p=0.020  dropE=(0.020,0.080)  smooth=0.010  train_loss=0.1314  train_AUPR_all=0.8656  train_AUPR_ab=0.9042  train_AUPR_ag=0.8084  train_P@5_ab=1.0000  train_P@5_ag=1.0000  val_loss=0.3068  val_AUPR_all=0.5996  val_AUPR_ab=0.7493  val_AUPR_ag=0.4028  val_P@5_ab=1.0000  val_P@5_ag=0.9000  select=0.5761
Ep052  LR0=5.85e-05  pw=1.04  aucα=0.300  token_p=0.020  dropE=(0.020,0.080)  smooth=0.010  train_loss=0.1229  train_AUPR_all=0.8798  train_AUPR_ab=0.9135  train_AUPR_ag=0.8298  train_P@5_ab=1.0000  train_P@5_ag=1.0000  val_loss=0.3116  val_AUPR_all=0.6067  val_AUPR_ab=0.7505  val_AUPR_ag=0.3885  val_P@5_ab=1.0000  val_P@5_ag=0.9500  select=0.5695
Ep053  LR0=5.50e-05  pw=1.04  aucα=0.300  token_p=0.020  dropE=(0.020,0.080)  smooth=0.010  train_loss=0.1240  train_AUPR_all=0.8769  train_AUPR_ab=0.9098  train_AUPR_ag=0.8288  train_P@5_ab=1.0000  train_P@5_ag=0.9000  val_loss=0.3170  val_AUPR_all=0.6054  val_AUPR_ab=0.7585  val_AUPR_ag=0.3860  val_P@5_ab=1.0000  val_P@5_ag=1.0000  select=0.5723
Ep054  LR0=5.15e-05  pw=1.03  aucα=0.300  token_p=0.020  dropE=(0.020,0.080)  smooth=0.010  train_loss=0.1183  train_AUPR_all=0.8863  train_AUPR_ab=0.9184  train_AUPR_ag=0.8392  train_P@5_ab=1.0000  train_P@5_ag=0.9500  val_loss=0.3184  val_AUPR_all=0.5913  val_AUPR_ab=0.7456  val_AUPR_ag=0.3712  val_P@5_ab=0.9000  val_P@5_ag=0.7500  select=0.5584
Ep055  LR0=4.81e-05  pw=1.03  aucα=0.300  token_p=0.020  dropE=(0.020,0.080)  smooth=0.010  train_loss=0.1208  train_AUPR_all=0.8836  train_AUPR_ab=0.9159  train_AUPR_ag=0.8361  train_P@5_ab=1.0000  train_P@5_ag=1.0000  val_loss=0.3125  val_AUPR_all=0.6033  val_AUPR_ab=0.7530  val_AUPR_ag=0.3918  val_P@5_ab=1.0000  val_P@5_ag=0.9500  select=0.5724
Ep056  LR0=4.48e-05  pw=1.03  aucα=0.300  token_p=0.020  dropE=(0.020,0.080)  smooth=0.010  train_loss=0.1139  train_AUPR_all=0.8936  train_AUPR_ab=0.9226  train_AUPR_ag=0.8511  train_P@5_ab=1.0000  train_P@5_ag=1.0000  val_loss=0.3123  val_AUPR_all=0.6006  val_AUPR_ab=0.7474  val_AUPR_ag=0.3862  val_P@5_ab=0.9500  val_P@5_ag=0.9000  select=0.5668
Ep057  LR0=4.16e-05  pw=1.03  aucα=0.300  token_p=0.020  dropE=(0.020,0.080)  smooth=0.010  train_loss=0.1157  train_AUPR_all=0.8905  train_AUPR_ab=0.9204  train_AUPR_ag=0.8464  train_P@5_ab=1.0000  train_P@5_ag=1.0000  val_loss=0.3186  val_AUPR_all=0.5975  val_AUPR_ab=0.7437  val_AUPR_ag=0.3831  val_P@5_ab=0.7500  val_P@5_ag=0.9000  select=0.5634
Ep058  LR0=3.85e-05  pw=1.02  aucα=0.300  token_p=0.020  dropE=(0.020,0.080)  smooth=0.010  train_loss=0.1127  train_AUPR_all=0.8958  train_AUPR_ab=0.9262  train_AUPR_ag=0.8504  train_P@5_ab=1.0000  train_P@5_ag=1.0000  val_loss=0.3131  val_AUPR_all=0.6001  val_AUPR_ab=0.7476  val_AUPR_ag=0.3943  val_P@5_ab=0.8000  val_P@5_ag=0.9500  select=0.5710
Early stopping at epoch 58. Best select=0.5934 at epoch 38.
Final saved checkpoint for fold 3: checkpoints_esm/iPara_balanced_l1_g5_i6_do0.10_dpr0.10_lr0.0002_heads16_fold3.pth
Best select=0.5934 at epoch 38

==========================================================================================
Fold 4/5
==========================================================================================
Train labels: valid=398858, pos=26560, neg=372298, ignore=700342, pos_frac=0.06659
Val labels: valid=101334, pos=6670, neg=94664, ignore=172266, pos_frac=0.06582
Initializing ClassificationModel with 5 GAT layers and residual connections...
Initializing MCModel with 5 GAT layers and 6 row attention layers (drop_path_rate=0.1, use_esm=True)
Initializing CoreModel with 1 layers, drop_path_rate=0.1
Ep001  LR0=2.00e-04  pw=8.00  aucα=0.000  token_p=0.020  dropE=(0.020,0.080)  smooth=0.010  train_loss=0.7643  train_AUPR_all=0.2437  train_AUPR_ab=0.2734  train_AUPR_ag=0.2004  train_P@5_ab=0.5500  train_P@5_ag=0.9000  val_loss=0.8053  val_AUPR_all=0.3937  val_AUPR_ab=0.5117  val_AUPR_ag=0.1984  val_P@5_ab=0.8500  val_P@5_ag=0.6500  select=0.3550
  Saved checkpoint: checkpoints_esm/iPara_balanced_l1_g5_i6_do0.10_dpr0.10_lr0.0002_heads16_fold4.pth  select=0.3550  val_ab=0.5117  val_ag=0.1984  val_all=0.3937
Ep002  LR0=2.00e-04  pw=7.33  aucα=0.000  token_p=0.020  dropE=(0.020,0.080)  smooth=0.010  train_loss=0.5408  train_AUPR_all=0.3947  train_AUPR_ab=0.4822  train_AUPR_ag=0.2559  train_P@5_ab=0.9500  train_P@5_ag=0.7500  val_loss=0.9407  val_AUPR_all=0.4237  val_AUPR_ab=0.5584  val_AUPR_ag=0.2020  val_P@5_ab=0.8500  val_P@5_ag=0.9000  select=0.3802
  Saved checkpoint: checkpoints_esm/iPara_balanced_l1_g5_i6_do0.10_dpr0.10_lr0.0002_heads16_fold4.pth  select=0.3802  val_ab=0.5584  val_ag=0.2020  val_all=0.4237
Ep003  LR0=2.00e-04  pw=6.73  aucα=0.000  token_p=0.020  dropE=(0.020,0.080)  smooth=0.010  train_loss=0.4800  train_AUPR_all=0.4464  train_AUPR_ab=0.5297  train_AUPR_ag=0.3017  train_P@5_ab=0.6000  train_P@5_ag=1.0000  val_loss=0.7602  val_AUPR_all=0.4457  val_AUPR_ab=0.5772  val_AUPR_ag=0.2331  val_P@5_ab=0.9000  val_P@5_ag=0.8000  select=0.4052
  Saved checkpoint: checkpoints_esm/iPara_balanced_l1_g5_i6_do0.10_dpr0.10_lr0.0002_heads16_fold4.pth  select=0.4052  val_ab=0.5772  val_ag=0.2331  val_all=0.4457
Ep004  LR0=1.99e-04  pw=6.19  aucα=0.000  token_p=0.020  dropE=(0.020,0.080)  smooth=0.010  train_loss=0.4421  train_AUPR_all=0.4710  train_AUPR_ab=0.5683  train_AUPR_ag=0.3064  train_P@5_ab=0.5000  train_P@5_ag=0.6500  val_loss=0.6702  val_AUPR_all=0.4318  val_AUPR_ab=0.5855  val_AUPR_ag=0.2428  val_P@5_ab=0.5500  val_P@5_ag=0.3000  select=0.4141
  Saved checkpoint: checkpoints_esm/iPara_balanced_l1_g5_i6_do0.10_dpr0.10_lr0.0002_heads16_fold4.pth  select=0.4141  val_ab=0.5855  val_ag=0.2428  val_all=0.4318
Ep005  LR0=1.99e-04  pw=5.69  aucα=0.000  token_p=0.020  dropE=(0.020,0.080)  smooth=0.010  train_loss=0.4102  train_AUPR_all=0.4894  train_AUPR_ab=0.5798  train_AUPR_ag=0.3275  train_P@5_ab=0.8000  train_P@5_ag=0.8000  val_loss=0.7381  val_AUPR_all=0.4618  val_AUPR_ab=0.6306  val_AUPR_ag=0.2412  val_P@5_ab=0.9000  val_P@5_ag=0.9500  select=0.4359
  Saved checkpoint: checkpoints_esm/iPara_balanced_l1_g5_i6_do0.10_dpr0.10_lr0.0002_heads16_fold4.pth  select=0.4359  val_ab=0.6306  val_ag=0.2412  val_all=0.4618
Ep006  LR0=1.98e-04  pw=5.25  aucα=0.000  token_p=0.020  dropE=(0.020,0.080)  smooth=0.010  train_loss=0.3868  train_AUPR_all=0.5046  train_AUPR_ab=0.5984  train_AUPR_ag=0.3423  train_P@5_ab=0.8500  train_P@5_ag=0.9000  val_loss=0.7376  val_AUPR_all=0.4834  val_AUPR_ab=0.6406  val_AUPR_ag=0.2453  val_P@5_ab=0.9500  val_P@5_ag=1.0000  select=0.4430
  Saved checkpoint: checkpoints_esm/iPara_balanced_l1_g5_i6_do0.10_dpr0.10_lr0.0002_heads16_fold4.pth  select=0.4430  val_ab=0.6406  val_ag=0.2453  val_all=0.4834
Ep007  LR0=1.97e-04  pw=4.84  aucα=0.000  token_p=0.020  dropE=(0.020,0.080)  smooth=0.010  train_loss=0.3650  train_AUPR_all=0.5117  train_AUPR_ab=0.6020  train_AUPR_ag=0.3454  train_P@5_ab=0.6500  train_P@5_ag=0.8000  val_loss=0.5573  val_AUPR_all=0.5279  val_AUPR_ab=0.6552  val_AUPR_ag=0.3186  val_P@5_ab=0.7500  val_P@5_ag=0.8500  select=0.4869
  Saved checkpoint: checkpoints_esm/iPara_balanced_l1_g5_i6_do0.10_dpr0.10_lr0.0002_heads16_fold4.pth  select=0.4869  val_ab=0.6552  val_ag=0.3186  val_all=0.5279
Ep008  LR0=1.96e-04  pw=4.48  aucα=0.000  token_p=0.020  dropE=(0.020,0.080)  smooth=0.010  train_loss=0.3452  train_AUPR_all=0.5237  train_AUPR_ab=0.6266  train_AUPR_ag=0.3461  train_P@5_ab=0.6000  train_P@5_ag=0.7500  val_loss=0.6302  val_AUPR_all=0.4750  val_AUPR_ab=0.6451  val_AUPR_ag=0.2666  val_P@5_ab=0.6500  val_P@5_ag=0.9500  select=0.4559
Ep009  LR0=1.95e-04  pw=4.15  aucα=0.000  token_p=0.020  dropE=(0.020,0.080)  smooth=0.010  train_loss=0.3257  train_AUPR_all=0.5399  train_AUPR_ab=0.6347  train_AUPR_ag=0.3656  train_P@5_ab=0.7500  train_P@5_ag=0.9000  val_loss=0.5257  val_AUPR_all=0.5280  val_AUPR_ab=0.6671  val_AUPR_ag=0.2981  val_P@5_ab=0.8500  val_P@5_ag=1.0000  select=0.4826
Ep010  LR0=1.94e-04  pw=3.85  aucα=0.030  token_p=0.020  dropE=(0.020,0.080)  smooth=0.010  train_loss=0.3241  train_AUPR_all=0.5532  train_AUPR_ab=0.6546  train_AUPR_ag=0.3748  train_P@5_ab=0.9000  train_P@5_ag=0.9500  val_loss=0.4838  val_AUPR_all=0.5392  val_AUPR_ab=0.6724  val_AUPR_ag=0.3320  val_P@5_ab=0.7500  val_P@5_ag=0.9500  select=0.5022
  Saved checkpoint: checkpoints_esm/iPara_balanced_l1_g5_i6_do0.10_dpr0.10_lr0.0002_heads16_fold4.pth  select=0.5022  val_ab=0.6724  val_ag=0.3320  val_all=0.5392
Unfreezing DyM parameters.
Ep011  LR0=1.92e-04  pw=3.58  aucα=0.060  token_p=0.020  dropE=(0.020,0.080)  smooth=0.010  train_loss=0.3225  train_AUPR_all=0.5635  train_AUPR_ab=0.6659  train_AUPR_ag=0.3850  train_P@5_ab=0.8000  train_P@5_ag=0.9500  val_loss=0.4680  val_AUPR_all=0.5709  val_AUPR_ab=0.7047  val_AUPR_ag=0.3610  val_P@5_ab=0.9000  val_P@5_ag=1.0000  select=0.5328
  Saved checkpoint: checkpoints_esm/iPara_balanced_l1_g5_i6_do0.10_dpr0.10_lr0.0002_heads16_fold4.pth  select=0.5328  val_ab=0.7047  val_ag=0.3610  val_all=0.5709
Ep012  LR0=1.91e-04  pw=3.33  aucα=0.090  token_p=0.020  dropE=(0.020,0.080)  smooth=0.010  train_loss=0.3216  train_AUPR_all=0.5738  train_AUPR_ab=0.6826  train_AUPR_ag=0.3900  train_P@5_ab=1.0000  train_P@5_ag=0.8000  val_loss=0.4802  val_AUPR_all=0.4926  val_AUPR_ab=0.6642  val_AUPR_ag=0.2907  val_P@5_ab=0.7000  val_P@5_ag=0.8500  select=0.4775
Ep013  LR0=1.89e-04  pw=3.11  aucα=0.120  token_p=0.020  dropE=(0.020,0.080)  smooth=0.010  train_loss=0.3232  train_AUPR_all=0.5768  train_AUPR_ab=0.6859  train_AUPR_ag=0.3928  train_P@5_ab=0.9000  train_P@5_ag=0.8000  val_loss=0.4521  val_AUPR_all=0.5609  val_AUPR_ab=0.7098  val_AUPR_ag=0.3229  val_P@5_ab=0.9000  val_P@5_ag=0.9000  select=0.5164
Ep014  LR0=1.87e-04  pw=2.91  aucα=0.150  token_p=0.020  dropE=(0.020,0.080)  smooth=0.010  train_loss=0.3237  train_AUPR_all=0.5839  train_AUPR_ab=0.6924  train_AUPR_ag=0.4014  train_P@5_ab=1.0000  train_P@5_ag=0.9500  val_loss=0.4430  val_AUPR_all=0.5001  val_AUPR_ab=0.6893  val_AUPR_ag=0.2582  val_P@5_ab=0.8500  val_P@5_ag=0.3500  select=0.4737
Ep015  LR0=1.85e-04  pw=2.73  aucα=0.180  token_p=0.020  dropE=(0.020,0.080)  smooth=0.010  train_loss=0.3262  train_AUPR_all=0.5919  train_AUPR_ab=0.7013  train_AUPR_ag=0.4082  train_P@5_ab=0.9500  train_P@5_ag=0.9500  val_loss=0.4256  val_AUPR_all=0.5181  val_AUPR_ab=0.6790  val_AUPR_ag=0.2987  val_P@5_ab=0.9500  val_P@5_ag=0.6500  select=0.4889
Ep016  LR0=1.83e-04  pw=2.56  aucα=0.210  token_p=0.020  dropE=(0.020,0.080)  smooth=0.010  train_loss=0.3273  train_AUPR_all=0.5981  train_AUPR_ab=0.7091  train_AUPR_ag=0.4129  train_P@5_ab=1.0000  train_P@5_ag=0.9000  val_loss=0.4343  val_AUPR_all=0.5163  val_AUPR_ab=0.7008  val_AUPR_ag=0.3048  val_P@5_ab=0.9000  val_P@5_ag=0.9500  select=0.5028
Ep017  LR0=1.81e-04  pw=2.41  aucα=0.240  token_p=0.020  dropE=(0.020,0.080)  smooth=0.010  train_loss=0.3286  train_AUPR_all=0.6041  train_AUPR_ab=0.7162  train_AUPR_ag=0.4190  train_P@5_ab=0.9000  train_P@5_ag=0.8000  val_loss=0.4243  val_AUPR_all=0.5274  val_AUPR_ab=0.7033  val_AUPR_ag=0.2925  val_P@5_ab=0.9000  val_P@5_ag=0.7000  select=0.4979
Ep018  LR0=1.79e-04  pw=2.28  aucα=0.270  token_p=0.020  dropE=(0.020,0.080)  smooth=0.010  train_loss=0.3297  train_AUPR_all=0.6125  train_AUPR_ab=0.7216  train_AUPR_ag=0.4320  train_P@5_ab=1.0000  train_P@5_ag=0.9500  val_loss=0.3960  val_AUPR_all=0.5252  val_AUPR_ab=0.7089  val_AUPR_ag=0.3016  val_P@5_ab=1.0000  val_P@5_ag=1.0000  select=0.5052
Ep019  LR0=1.76e-04  pw=2.16  aucα=0.300  token_p=0.020  dropE=(0.020,0.080)  smooth=0.010  train_loss=0.3355  train_AUPR_all=0.6121  train_AUPR_ab=0.7230  train_AUPR_ag=0.4298  train_P@5_ab=0.9500  train_P@5_ag=0.9500  val_loss=0.3785  val_AUPR_all=0.5717  val_AUPR_ab=0.7286  val_AUPR_ag=0.3442  val_P@5_ab=0.9500  val_P@5_ag=0.9500  select=0.5364
  Saved checkpoint: checkpoints_esm/iPara_balanced_l1_g5_i6_do0.10_dpr0.10_lr0.0002_heads16_fold4.pth  select=0.5364  val_ab=0.7286  val_ag=0.3442  val_all=0.5717
Ep020  LR0=1.73e-04  pw=2.05  aucα=0.300  token_p=0.020  dropE=(0.020,0.080)  smooth=0.010  train_loss=0.3243  train_AUPR_all=0.6233  train_AUPR_ab=0.7319  train_AUPR_ag=0.4461  train_P@5_ab=1.0000  train_P@5_ag=1.0000  val_loss=0.3643  val_AUPR_all=0.5827  val_AUPR_ab=0.7222  val_AUPR_ag=0.3726  val_P@5_ab=1.0000  val_P@5_ag=0.9500  select=0.5474
  Saved checkpoint: checkpoints_esm/iPara_balanced_l1_g5_i6_do0.10_dpr0.10_lr0.0002_heads16_fold4.pth  select=0.5474  val_ab=0.7222  val_ag=0.3726  val_all=0.5827
Ep021  LR0=1.71e-04  pw=1.95  aucα=0.300  token_p=0.020  dropE=(0.020,0.080)  smooth=0.010  train_loss=0.3144  train_AUPR_all=0.6300  train_AUPR_ab=0.7386  train_AUPR_ag=0.4553  train_P@5_ab=1.0000  train_P@5_ag=1.0000  val_loss=0.3836  val_AUPR_all=0.5791  val_AUPR_ab=0.7181  val_AUPR_ag=0.3649  val_P@5_ab=0.9500  val_P@5_ag=0.9500  select=0.5415
Ep022  LR0=1.68e-04  pw=1.86  aucα=0.300  token_p=0.020  dropE=(0.020,0.080)  smooth=0.010  train_loss=0.3023  train_AUPR_all=0.6441  train_AUPR_ab=0.7528  train_AUPR_ag=0.4694  train_P@5_ab=0.9500  train_P@5_ag=1.0000  val_loss=0.3376  val_AUPR_all=0.5997  val_AUPR_ab=0.7329  val_AUPR_ag=0.3921  val_P@5_ab=0.9500  val_P@5_ag=0.9500  select=0.5625
  Saved checkpoint: checkpoints_esm/iPara_balanced_l1_g5_i6_do0.10_dpr0.10_lr0.0002_heads16_fold4.pth  select=0.5625  val_ab=0.7329  val_ag=0.3921  val_all=0.5997
Ep023  LR0=1.65e-04  pw=1.78  aucα=0.300  token_p=0.020  dropE=(0.020,0.080)  smooth=0.010  train_loss=0.2931  train_AUPR_all=0.6525  train_AUPR_ab=0.7580  train_AUPR_ag=0.4842  train_P@5_ab=1.0000  train_P@5_ag=1.0000  val_loss=0.3464  val_AUPR_all=0.5780  val_AUPR_ab=0.7289  val_AUPR_ag=0.3695  val_P@5_ab=0.8500  val_P@5_ag=0.6500  select=0.5492
Ep024  LR0=1.62e-04  pw=1.70  aucα=0.300  token_p=0.020  dropE=(0.020,0.080)  smooth=0.010  train_loss=0.2812  train_AUPR_all=0.6636  train_AUPR_ab=0.7680  train_AUPR_ag=0.4970  train_P@5_ab=1.0000  train_P@5_ag=0.9000  val_loss=0.3343  val_AUPR_all=0.6073  val_AUPR_ab=0.7456  val_AUPR_ag=0.3871  val_P@5_ab=0.9500  val_P@5_ag=0.9500  select=0.5664
  Saved checkpoint: checkpoints_esm/iPara_balanced_l1_g5_i6_do0.10_dpr0.10_lr0.0002_heads16_fold4.pth  select=0.5664  val_ab=0.7456  val_ag=0.3871  val_all=0.6073
Ep025  LR0=1.59e-04  pw=1.64  aucα=0.300  token_p=0.020  dropE=(0.020,0.080)  smooth=0.010  train_loss=0.2745  train_AUPR_all=0.6675  train_AUPR_ab=0.7672  train_AUPR_ag=0.5086  train_P@5_ab=1.0000  train_P@5_ag=0.9500  val_loss=0.3257  val_AUPR_all=0.6065  val_AUPR_ab=0.7383  val_AUPR_ag=0.4013  val_P@5_ab=0.9000  val_P@5_ag=0.9500  select=0.5698
  Saved checkpoint: checkpoints_esm/iPara_balanced_l1_g5_i6_do0.10_dpr0.10_lr0.0002_heads16_fold4.pth  select=0.5698  val_ab=0.7383  val_ag=0.4013  val_all=0.6065
Ep026  LR0=1.56e-04  pw=1.57  aucα=0.300  token_p=0.020  dropE=(0.020,0.080)  smooth=0.010  train_loss=0.2680  train_AUPR_all=0.6742  train_AUPR_ab=0.7700  train_AUPR_ag=0.5236  train_P@5_ab=1.0000  train_P@5_ag=1.0000  val_loss=0.3327  val_AUPR_all=0.5916  val_AUPR_ab=0.7351  val_AUPR_ag=0.3682  val_P@5_ab=1.0000  val_P@5_ag=1.0000  select=0.5517
Ep027  LR0=1.52e-04  pw=1.52  aucα=0.300  token_p=0.020  dropE=(0.020,0.080)  smooth=0.010  train_loss=0.2587  train_AUPR_all=0.6850  train_AUPR_ab=0.7788  train_AUPR_ag=0.5379  train_P@5_ab=0.9500  train_P@5_ag=1.0000  val_loss=0.3228  val_AUPR_all=0.5957  val_AUPR_ab=0.7299  val_AUPR_ag=0.3945  val_P@5_ab=0.9500  val_P@5_ag=1.0000  select=0.5622
Ep028  LR0=1.49e-04  pw=1.47  aucα=0.300  token_p=0.020  dropE=(0.020,0.080)  smooth=0.010  train_loss=0.2512  train_AUPR_all=0.6962  train_AUPR_ab=0.7906  train_AUPR_ag=0.5482  train_P@5_ab=1.0000  train_P@5_ag=0.9000  val_loss=0.3202  val_AUPR_all=0.6025  val_AUPR_ab=0.7451  val_AUPR_ag=0.3861  val_P@5_ab=0.9500  val_P@5_ag=0.9500  select=0.5656
Ep029  LR0=1.46e-04  pw=1.43  aucα=0.300  token_p=0.020  dropE=(0.020,0.080)  smooth=0.010  train_loss=0.2365  train_AUPR_all=0.7151  train_AUPR_ab=0.7999  train_AUPR_ag=0.5838  train_P@5_ab=1.0000  train_P@5_ag=1.0000  val_loss=0.3213  val_AUPR_all=0.6091  val_AUPR_ab=0.7403  val_AUPR_ag=0.4191  val_P@5_ab=1.0000  val_P@5_ag=0.9500  select=0.5797
  Saved checkpoint: checkpoints_esm/iPara_balanced_l1_g5_i6_do0.10_dpr0.10_lr0.0002_heads16_fold4.pth  select=0.5797  val_ab=0.7403  val_ag=0.4191  val_all=0.6091
Ep030  LR0=1.42e-04  pw=1.39  aucα=0.300  token_p=0.020  dropE=(0.020,0.080)  smooth=0.010  train_loss=0.2339  train_AUPR_all=0.7154  train_AUPR_ab=0.7993  train_AUPR_ag=0.5866  train_P@5_ab=1.0000  train_P@5_ag=1.0000  val_loss=0.3108  val_AUPR_all=0.5959  val_AUPR_ab=0.7391  val_AUPR_ag=0.3846  val_P@5_ab=1.0000  val_P@5_ag=1.0000  select=0.5619
Ep031  LR0=1.38e-04  pw=1.35  aucα=0.300  token_p=0.020  dropE=(0.020,0.080)  smooth=0.010  train_loss=0.2250  train_AUPR_all=0.7274  train_AUPR_ab=0.8081  train_AUPR_ag=0.6032  train_P@5_ab=1.0000  train_P@5_ag=1.0000  val_loss=0.3085  val_AUPR_all=0.6107  val_AUPR_ab=0.7449  val_AUPR_ag=0.4146  val_P@5_ab=0.9000  val_P@5_ag=0.9500  select=0.5798
Ep032  LR0=1.35e-04  pw=1.32  aucα=0.300  token_p=0.020  dropE=(0.020,0.080)  smooth=0.010  train_loss=0.2150  train_AUPR_all=0.7409  train_AUPR_ab=0.8164  train_AUPR_ag=0.6252  train_P@5_ab=1.0000  train_P@5_ag=1.0000  val_loss=0.3190  val_AUPR_all=0.5910  val_AUPR_ab=0.7447  val_AUPR_ag=0.3750  val_P@5_ab=0.9500  val_P@5_ag=0.9500  select=0.5598
Ep033  LR0=1.31e-04  pw=1.29  aucα=0.300  token_p=0.020  dropE=(0.020,0.080)  smooth=0.010  train_loss=0.2131  train_AUPR_all=0.7432  train_AUPR_ab=0.8199  train_AUPR_ag=0.6257  train_P@5_ab=0.9500  train_P@5_ag=1.0000  val_loss=0.3173  val_AUPR_all=0.5983  val_AUPR_ab=0.7340  val_AUPR_ag=0.4127  val_P@5_ab=0.8000  val_P@5_ag=0.8000  select=0.5734
Ep034  LR0=1.27e-04  pw=1.26  aucα=0.300  token_p=0.020  dropE=(0.020,0.080)  smooth=0.010  train_loss=0.2066  train_AUPR_all=0.7517  train_AUPR_ab=0.8212  train_AUPR_ag=0.6467  train_P@5_ab=1.0000  train_P@5_ag=1.0000  val_loss=0.2931  val_AUPR_all=0.6197  val_AUPR_ab=0.7482  val_AUPR_ag=0.4305  val_P@5_ab=0.8500  val_P@5_ag=1.0000  select=0.5893
  Saved checkpoint: checkpoints_esm/iPara_balanced_l1_g5_i6_do0.10_dpr0.10_lr0.0002_heads16_fold4.pth  select=0.5893  val_ab=0.7482  val_ag=0.4305  val_all=0.6197
Ep035  LR0=1.24e-04  pw=1.23  aucα=0.300  token_p=0.020  dropE=(0.020,0.080)  smooth=0.010  train_loss=0.2000  train_AUPR_all=0.7619  train_AUPR_ab=0.8325  train_AUPR_ag=0.6543  train_P@5_ab=1.0000  train_P@5_ag=1.0000  val_loss=0.3223  val_AUPR_all=0.5944  val_AUPR_ab=0.7439  val_AUPR_ag=0.3861  val_P@5_ab=0.9500  val_P@5_ag=0.9500  select=0.5650
Ep036  LR0=1.20e-04  pw=1.21  aucα=0.300  token_p=0.020  dropE=(0.020,0.080)  smooth=0.010  train_loss=0.1915  train_AUPR_all=0.7736  train_AUPR_ab=0.8378  train_AUPR_ag=0.6767  train_P@5_ab=1.0000  train_P@5_ag=1.0000  val_loss=0.3010  val_AUPR_all=0.6074  val_AUPR_ab=0.7407  val_AUPR_ag=0.4201  val_P@5_ab=0.9000  val_P@5_ag=1.0000  select=0.5804
Ep037  LR0=1.16e-04  pw=1.19  aucα=0.300  token_p=0.020  dropE=(0.020,0.080)  smooth=0.010  train_loss=0.1908  train_AUPR_all=0.7721  train_AUPR_ab=0.8370  train_AUPR_ag=0.6738  train_P@5_ab=1.0000  train_P@5_ag=0.9500  val_loss=0.3039  val_AUPR_all=0.6093  val_AUPR_ab=0.7458  val_AUPR_ag=0.4305  val_P@5_ab=0.9500  val_P@5_ag=0.9500  select=0.5881
Ep038  LR0=1.12e-04  pw=1.17  aucα=0.300  token_p=0.020  dropE=(0.020,0.080)  smooth=0.010  train_loss=0.1810  train_AUPR_all=0.7887  train_AUPR_ab=0.8490  train_AUPR_ag=0.6968  train_P@5_ab=1.0000  train_P@5_ag=1.0000  val_loss=0.2968  val_AUPR_all=0.6166  val_AUPR_ab=0.7507  val_AUPR_ag=0.4313  val_P@5_ab=0.9500  val_P@5_ag=1.0000  select=0.5910
  Saved checkpoint: checkpoints_esm/iPara_balanced_l1_g5_i6_do0.10_dpr0.10_lr0.0002_heads16_fold4.pth  select=0.5910  val_ab=0.7507  val_ag=0.4313  val_all=0.6166
Ep039  LR0=1.08e-04  pw=1.16  aucα=0.300  token_p=0.020  dropE=(0.020,0.080)  smooth=0.010  train_loss=0.1777  train_AUPR_all=0.7958  train_AUPR_ab=0.8552  train_AUPR_ag=0.7061  train_P@5_ab=1.0000  train_P@5_ag=1.0000  val_loss=0.3060  val_AUPR_all=0.5990  val_AUPR_ab=0.7510  val_AUPR_ag=0.3967  val_P@5_ab=1.0000  val_P@5_ag=0.9500  select=0.5739
Ep040  LR0=1.04e-04  pw=1.14  aucα=0.300  token_p=0.020  dropE=(0.020,0.080)  smooth=0.010  train_loss=0.1767  train_AUPR_all=0.7932  train_AUPR_ab=0.8527  train_AUPR_ag=0.7033  train_P@5_ab=1.0000  train_P@5_ag=1.0000  val_loss=0.2920  val_AUPR_all=0.6234  val_AUPR_ab=0.7585  val_AUPR_ag=0.4297  val_P@5_ab=0.9000  val_P@5_ag=1.0000  select=0.5941
  Saved checkpoint: checkpoints_esm/iPara_balanced_l1_g5_i6_do0.10_dpr0.10_lr0.0002_heads16_fold4.pth  select=0.5941  val_ab=0.7585  val_ag=0.4297  val_all=0.6234
Ep041  LR0=1.00e-04  pw=1.13  aucα=0.300  token_p=0.020  dropE=(0.020,0.080)  smooth=0.010  train_loss=0.1698  train_AUPR_all=0.8056  train_AUPR_ab=0.8620  train_AUPR_ag=0.7203  train_P@5_ab=1.0000  train_P@5_ag=0.9500  val_loss=0.3115  val_AUPR_all=0.5916  val_AUPR_ab=0.7421  val_AUPR_ag=0.3973  val_P@5_ab=0.9500  val_P@5_ag=0.9500  select=0.5697
Ep042  LR0=9.63e-05  pw=1.12  aucα=0.300  token_p=0.020  dropE=(0.020,0.080)  smooth=0.010  train_loss=0.1650  train_AUPR_all=0.8119  train_AUPR_ab=0.8662  train_AUPR_ag=0.7296  train_P@5_ab=1.0000  train_P@5_ag=1.0000  val_loss=0.3065  val_AUPR_all=0.6012  val_AUPR_ab=0.7409  val_AUPR_ag=0.4018  val_P@5_ab=0.9000  val_P@5_ag=1.0000  select=0.5714
Ep043  LR0=9.24e-05  pw=1.10  aucα=0.300  token_p=0.020  dropE=(0.020,0.080)  smooth=0.010  train_loss=0.1608  train_AUPR_all=0.8199  train_AUPR_ab=0.8703  train_AUPR_ag=0.7447  train_P@5_ab=0.9500  train_P@5_ag=1.0000  val_loss=0.3069  val_AUPR_all=0.6148  val_AUPR_ab=0.7590  val_AUPR_ag=0.4207  val_P@5_ab=0.9500  val_P@5_ag=0.9500  select=0.5898
Ep044  LR0=8.85e-05  pw=1.09  aucα=0.300  token_p=0.020  dropE=(0.020,0.080)  smooth=0.010  train_loss=0.1565  train_AUPR_all=0.8260  train_AUPR_ab=0.8754  train_AUPR_ag=0.7521  train_P@5_ab=0.9500  train_P@5_ag=0.9500  val_loss=0.3054  val_AUPR_all=0.6008  val_AUPR_ab=0.7465  val_AUPR_ag=0.3969  val_P@5_ab=0.9500  val_P@5_ag=0.9000  select=0.5717
Ep045  LR0=8.46e-05  pw=1.09  aucα=0.300  token_p=0.020  dropE=(0.020,0.080)  smooth=0.010  train_loss=0.1500  train_AUPR_all=0.8373  train_AUPR_ab=0.8860  train_AUPR_ag=0.7630  train_P@5_ab=1.0000  train_P@5_ag=1.0000  val_loss=0.3050  val_AUPR_all=0.6148  val_AUPR_ab=0.7528  val_AUPR_ag=0.4191  val_P@5_ab=0.8500  val_P@5_ag=0.8500  select=0.5859
Ep046  LR0=8.08e-05  pw=1.08  aucα=0.300  token_p=0.020  dropE=(0.020,0.080)  smooth=0.010  train_loss=0.1458  train_AUPR_all=0.8446  train_AUPR_ab=0.8886  train_AUPR_ag=0.7788  train_P@5_ab=0.9500  train_P@5_ag=1.0000  val_loss=0.3071  val_AUPR_all=0.6050  val_AUPR_ab=0.7503  val_AUPR_ag=0.4030  val_P@5_ab=0.9500  val_P@5_ag=1.0000  select=0.5766
Ep047  LR0=7.70e-05  pw=1.07  aucα=0.300  token_p=0.020  dropE=(0.020,0.080)  smooth=0.010  train_loss=0.1440  train_AUPR_all=0.8470  train_AUPR_ab=0.8936  train_AUPR_ag=0.7757  train_P@5_ab=1.0000  train_P@5_ag=1.0000  val_loss=0.3093  val_AUPR_all=0.6049  val_AUPR_ab=0.7498  val_AUPR_ag=0.4031  val_P@5_ab=0.9000  val_P@5_ag=0.9500  select=0.5765
Ep048  LR0=7.32e-05  pw=1.06  aucα=0.300  token_p=0.020  dropE=(0.020,0.080)  smooth=0.010  train_loss=0.1387  train_AUPR_all=0.8553  train_AUPR_ab=0.8963  train_AUPR_ag=0.7937  train_P@5_ab=1.0000  train_P@5_ag=1.0000  val_loss=0.3087  val_AUPR_all=0.6063  val_AUPR_ab=0.7460  val_AUPR_ag=0.4099  val_P@5_ab=1.0000  val_P@5_ag=0.9500  select=0.5779
Ep049  LR0=6.94e-05  pw=1.06  aucα=0.300  token_p=0.020  dropE=(0.020,0.080)  smooth=0.010  train_loss=0.1407  train_AUPR_all=0.8509  train_AUPR_ab=0.8937  train_AUPR_ag=0.7867  train_P@5_ab=1.0000  train_P@5_ag=0.9500  val_loss=0.3130  val_AUPR_all=0.5953  val_AUPR_ab=0.7396  val_AUPR_ag=0.3978  val_P@5_ab=0.8000  val_P@5_ag=0.9000  select=0.5687
Ep050  LR0=6.57e-05  pw=1.05  aucα=0.300  token_p=0.020  dropE=(0.020,0.080)  smooth=0.010  train_loss=0.1328  train_AUPR_all=0.8650  train_AUPR_ab=0.9044  train_AUPR_ag=0.8056  train_P@5_ab=0.9500  train_P@5_ag=1.0000  val_loss=0.3166  val_AUPR_all=0.5991  val_AUPR_ab=0.7470  val_AUPR_ag=0.3887  val_P@5_ab=0.9000  val_P@5_ag=0.9500  select=0.5679
Ep051  LR0=6.21e-05  pw=1.05  aucα=0.300  token_p=0.020  dropE=(0.020,0.080)  smooth=0.010  train_loss=0.1339  train_AUPR_all=0.8619  train_AUPR_ab=0.9017  train_AUPR_ag=0.8024  train_P@5_ab=1.0000  train_P@5_ag=1.0000  val_loss=0.3192  val_AUPR_all=0.5854  val_AUPR_ab=0.7371  val_AUPR_ag=0.3733  val_P@5_ab=0.9500  val_P@5_ag=0.8000  select=0.5552
Ep052  LR0=5.85e-05  pw=1.04  aucα=0.300  token_p=0.020  dropE=(0.020,0.080)  smooth=0.010  train_loss=0.1302  train_AUPR_all=0.8690  train_AUPR_ab=0.9079  train_AUPR_ag=0.8106  train_P@5_ab=1.0000  train_P@5_ag=1.0000  val_loss=0.3075  val_AUPR_all=0.5968  val_AUPR_ab=0.7397  val_AUPR_ag=0.3909  val_P@5_ab=0.8000  val_P@5_ag=0.9000  select=0.5653
Ep053  LR0=5.50e-05  pw=1.04  aucα=0.300  token_p=0.020  dropE=(0.020,0.080)  smooth=0.010  train_loss=0.1302  train_AUPR_all=0.8683  train_AUPR_ab=0.9083  train_AUPR_ag=0.8074  train_P@5_ab=1.0000  train_P@5_ag=1.0000  val_loss=0.3136  val_AUPR_all=0.5997  val_AUPR_ab=0.7395  val_AUPR_ag=0.4110  val_P@5_ab=0.8500  val_P@5_ag=0.8500  select=0.5753
Ep054  LR0=5.15e-05  pw=1.03  aucα=0.300  token_p=0.020  dropE=(0.020,0.080)  smooth=0.010  train_loss=0.1247  train_AUPR_all=0.8776  train_AUPR_ab=0.9162  train_AUPR_ag=0.8187  train_P@5_ab=1.0000  train_P@5_ag=1.0000  val_loss=0.3168  val_AUPR_all=0.5942  val_AUPR_ab=0.7386  val_AUPR_ag=0.3987  val_P@5_ab=0.8000  val_P@5_ag=0.9000  select=0.5686
Ep055  LR0=4.81e-05  pw=1.03  aucα=0.300  token_p=0.020  dropE=(0.020,0.080)  smooth=0.010  train_loss=0.1230  train_AUPR_all=0.8799  train_AUPR_ab=0.9167  train_AUPR_ag=0.8241  train_P@5_ab=1.0000  train_P@5_ag=1.0000  val_loss=0.3083  val_AUPR_all=0.6092  val_AUPR_ab=0.7382  val_AUPR_ag=0.4242  val_P@5_ab=0.8000  val_P@5_ag=0.8000  select=0.5812
Ep056  LR0=4.48e-05  pw=1.03  aucα=0.300  token_p=0.020  dropE=(0.020,0.080)  smooth=0.010  train_loss=0.1200  train_AUPR_all=0.8843  train_AUPR_ab=0.9187  train_AUPR_ag=0.8320  train_P@5_ab=1.0000  train_P@5_ag=1.0000  val_loss=0.3117  val_AUPR_all=0.6008  val_AUPR_ab=0.7402  val_AUPR_ag=0.4075  val_P@5_ab=0.8500  val_P@5_ag=0.9000  select=0.5738
Ep057  LR0=4.16e-05  pw=1.03  aucα=0.300  token_p=0.020  dropE=(0.020,0.080)  smooth=0.010  train_loss=0.1158  train_AUPR_all=0.8919  train_AUPR_ab=0.9249  train_AUPR_ag=0.8421  train_P@5_ab=1.0000  train_P@5_ag=1.0000  val_loss=0.3246  val_AUPR_all=0.5991  val_AUPR_ab=0.7391  val_AUPR_ag=0.3995  val_P@5_ab=0.8500  val_P@5_ag=0.8500  select=0.5693
Ep058  LR0=3.85e-05  pw=1.02  aucα=0.300  token_p=0.020  dropE=(0.020,0.080)  smooth=0.010  train_loss=0.1170  train_AUPR_all=0.8894  train_AUPR_ab=0.9229  train_AUPR_ag=0.8386  train_P@5_ab=1.0000  train_P@5_ag=1.0000  val_loss=0.3210  val_AUPR_all=0.6020  val_AUPR_ab=0.7473  val_AUPR_ag=0.4032  val_P@5_ab=0.9500  val_P@5_ag=0.9500  select=0.5752
Ep059  LR0=3.55e-05  pw=1.02  aucα=0.300  token_p=0.020  dropE=(0.020,0.080)  smooth=0.010  train_loss=0.1133  train_AUPR_all=0.8945  train_AUPR_ab=0.9276  train_AUPR_ag=0.8432  train_P@5_ab=1.0000  train_P@5_ag=1.0000  val_loss=0.3152  val_AUPR_all=0.5999  val_AUPR_ab=0.7444  val_AUPR_ag=0.4017  val_P@5_ab=0.8500  val_P@5_ag=0.9500  select=0.5730
Ep060  LR0=3.25e-05  pw=1.02  aucα=0.300  token_p=0.020  dropE=(0.020,0.080)  smooth=0.010  train_loss=0.1090  train_AUPR_all=0.9025  train_AUPR_ab=0.9346  train_AUPR_ag=0.8530  train_P@5_ab=1.0000  train_P@5_ag=1.0000  val_loss=0.3152  val_AUPR_all=0.6004  val_AUPR_ab=0.7424  val_AUPR_ag=0.4022  val_P@5_ab=0.7500  val_P@5_ag=0.7500  select=0.5723
Early stopping at epoch 60. Best select=0.5941 at epoch 40.
Final saved checkpoint for fold 4: checkpoints_esm/iPara_balanced_l1_g5_i6_do0.10_dpr0.10_lr0.0002_heads16_fold4.pth
Best select=0.5941 at epoch 40

==========================================================================================
Fold 5/5
==========================================================================================
Train labels: valid=399660, pos=26617, neg=373043, ignore=699540, pos_frac=0.06660
Val labels: valid=100532, pos=6613, neg=93919, ignore=173068, pos_frac=0.06578
Initializing ClassificationModel with 5 GAT layers and residual connections...
Initializing MCModel with 5 GAT layers and 6 row attention layers (drop_path_rate=0.1, use_esm=True)
Initializing CoreModel with 1 layers, drop_path_rate=0.1
Ep001  LR0=2.00e-04  pw=8.00  aucα=0.000  token_p=0.020  dropE=(0.020,0.080)  smooth=0.010  train_loss=0.7437  train_AUPR_all=0.2490  train_AUPR_ab=0.2930  train_AUPR_ag=0.1844  train_P@5_ab=0.8500  train_P@5_ag=0.9500  val_loss=1.0172  val_AUPR_all=0.3909  val_AUPR_ab=0.5560  val_AUPR_ag=0.1655  val_P@5_ab=0.8500  val_P@5_ag=0.7500  select=0.3607
  Saved checkpoint: checkpoints_esm/iPara_balanced_l1_g5_i6_do0.10_dpr0.10_lr0.0002_heads16_fold5.pth  select=0.3607  val_ab=0.5560  val_ag=0.1655  val_all=0.3909
Ep002  LR0=2.00e-04  pw=7.33  aucα=0.000  token_p=0.020  dropE=(0.020,0.080)  smooth=0.010  train_loss=0.5368  train_AUPR_all=0.4033  train_AUPR_ab=0.4830  train_AUPR_ag=0.2673  train_P@5_ab=0.7500  train_P@5_ag=0.8000  val_loss=0.9369  val_AUPR_all=0.3949  val_AUPR_ab=0.5634  val_AUPR_ag=0.2488  val_P@5_ab=0.3500  val_P@5_ag=0.7500  select=0.4061
  Saved checkpoint: checkpoints_esm/iPara_balanced_l1_g5_i6_do0.10_dpr0.10_lr0.0002_heads16_fold5.pth  select=0.4061  val_ab=0.5634  val_ag=0.2488  val_all=0.3949
Ep003  LR0=2.00e-04  pw=6.73  aucα=0.000  token_p=0.020  dropE=(0.020,0.080)  smooth=0.010  train_loss=0.4751  train_AUPR_all=0.4579  train_AUPR_ab=0.5409  train_AUPR_ag=0.3093  train_P@5_ab=0.6000  train_P@5_ag=0.8500  val_loss=0.7377  val_AUPR_all=0.4886  val_AUPR_ab=0.6425  val_AUPR_ag=0.2557  val_P@5_ab=1.0000  val_P@5_ag=0.7000  select=0.4491
  Saved checkpoint: checkpoints_esm/iPara_balanced_l1_g5_i6_do0.10_dpr0.10_lr0.0002_heads16_fold5.pth  select=0.4491  val_ab=0.6425  val_ag=0.2557  val_all=0.4886
Ep004  LR0=1.99e-04  pw=6.19  aucα=0.000  token_p=0.020  dropE=(0.020,0.080)  smooth=0.010  train_loss=0.4446  train_AUPR_all=0.4763  train_AUPR_ab=0.5542  train_AUPR_ag=0.3278  train_P@5_ab=0.7000  train_P@5_ag=0.7500  val_loss=0.6201  val_AUPR_all=0.4878  val_AUPR_ab=0.6050  val_AUPR_ag=0.2905  val_P@5_ab=0.6500  val_P@5_ag=0.8500  select=0.4477
Ep005  LR0=1.99e-04  pw=5.69  aucα=0.000  token_p=0.020  dropE=(0.020,0.080)  smooth=0.010  train_loss=0.4101  train_AUPR_all=0.4953  train_AUPR_ab=0.5840  train_AUPR_ag=0.3329  train_P@5_ab=0.7500  train_P@5_ag=0.7500  val_loss=0.5857  val_AUPR_all=0.5143  val_AUPR_ab=0.6601  val_AUPR_ag=0.2846  val_P@5_ab=0.8500  val_P@5_ag=0.9000  select=0.4723
  Saved checkpoint: checkpoints_esm/iPara_balanced_l1_g5_i6_do0.10_dpr0.10_lr0.0002_heads16_fold5.pth  select=0.4723  val_ab=0.6601  val_ag=0.2846  val_all=0.5143
Ep006  LR0=1.98e-04  pw=5.25  aucα=0.000  token_p=0.020  dropE=(0.020,0.080)  smooth=0.010  train_loss=0.3874  train_AUPR_all=0.5017  train_AUPR_ab=0.5911  train_AUPR_ag=0.3364  train_P@5_ab=0.7000  train_P@5_ag=0.8500  val_loss=0.5734  val_AUPR_all=0.5091  val_AUPR_ab=0.6614  val_AUPR_ag=0.2737  val_P@5_ab=0.9000  val_P@5_ag=0.6500  select=0.4676
Ep007  LR0=1.97e-04  pw=4.84  aucα=0.000  token_p=0.020  dropE=(0.020,0.080)  smooth=0.010  train_loss=0.3636  train_AUPR_all=0.5193  train_AUPR_ab=0.6085  train_AUPR_ag=0.3549  train_P@5_ab=0.8000  train_P@5_ag=0.8000  val_loss=0.5216  val_AUPR_all=0.5434  val_AUPR_ab=0.6805  val_AUPR_ag=0.3259  val_P@5_ab=0.7000  val_P@5_ag=0.9500  select=0.5032
  Saved checkpoint: checkpoints_esm/iPara_balanced_l1_g5_i6_do0.10_dpr0.10_lr0.0002_heads16_fold5.pth  select=0.5032  val_ab=0.6805  val_ag=0.3259  val_all=0.5434
Ep008  LR0=1.96e-04  pw=4.48  aucα=0.000  token_p=0.020  dropE=(0.020,0.080)  smooth=0.010  train_loss=0.3468  train_AUPR_all=0.5230  train_AUPR_ab=0.6152  train_AUPR_ag=0.3531  train_P@5_ab=0.8500  train_P@5_ag=0.9000  val_loss=0.5084  val_AUPR_all=0.5396  val_AUPR_ab=0.6727  val_AUPR_ag=0.3291  val_P@5_ab=0.9000  val_P@5_ag=1.0000  select=0.5009
Ep009  LR0=1.95e-04  pw=4.15  aucα=0.000  token_p=0.020  dropE=(0.020,0.080)  smooth=0.010  train_loss=0.3266  train_AUPR_all=0.5439  train_AUPR_ab=0.6395  train_AUPR_ag=0.3744  train_P@5_ab=0.9000  train_P@5_ag=0.8500  val_loss=0.5156  val_AUPR_all=0.5282  val_AUPR_ab=0.6745  val_AUPR_ag=0.3108  val_P@5_ab=0.8000  val_P@5_ag=0.9500  select=0.4926
Ep010  LR0=1.94e-04  pw=3.85  aucα=0.030  token_p=0.020  dropE=(0.020,0.080)  smooth=0.010  train_loss=0.3238  train_AUPR_all=0.5490  train_AUPR_ab=0.6440  train_AUPR_ag=0.3821  train_P@5_ab=1.0000  train_P@5_ag=1.0000  val_loss=0.5038  val_AUPR_all=0.4958  val_AUPR_ab=0.6938  val_AUPR_ag=0.2830  val_P@5_ab=0.7000  val_P@5_ag=1.0000  select=0.4884
Unfreezing DyM parameters.
Ep011  LR0=1.92e-04  pw=3.58  aucα=0.060  token_p=0.020  dropE=(0.020,0.080)  smooth=0.010  train_loss=0.3213  train_AUPR_all=0.5602  train_AUPR_ab=0.6630  train_AUPR_ag=0.3871  train_P@5_ab=1.0000  train_P@5_ag=0.8000  val_loss=0.4760  val_AUPR_all=0.5227  val_AUPR_ab=0.7123  val_AUPR_ag=0.2658  val_P@5_ab=1.0000  val_P@5_ag=1.0000  select=0.4890
Ep012  LR0=1.91e-04  pw=3.33  aucα=0.090  token_p=0.020  dropE=(0.020,0.080)  smooth=0.010  train_loss=0.3221  train_AUPR_all=0.5683  train_AUPR_ab=0.6723  train_AUPR_ag=0.3918  train_P@5_ab=0.8500  train_P@5_ag=0.9500  val_loss=0.4775  val_AUPR_all=0.5549  val_AUPR_ab=0.7144  val_AUPR_ag=0.3058  val_P@5_ab=1.0000  val_P@5_ag=0.8500  select=0.5101
  Saved checkpoint: checkpoints_esm/iPara_balanced_l1_g5_i6_do0.10_dpr0.10_lr0.0002_heads16_fold5.pth  select=0.5101  val_ab=0.7144  val_ag=0.3058  val_all=0.5549
Ep013  LR0=1.89e-04  pw=3.11  aucα=0.120  token_p=0.020  dropE=(0.020,0.080)  smooth=0.010  train_loss=0.3215  train_AUPR_all=0.5807  train_AUPR_ab=0.6853  train_AUPR_ag=0.4043  train_P@5_ab=1.0000  train_P@5_ag=1.0000  val_loss=0.4333  val_AUPR_all=0.5487  val_AUPR_ab=0.7242  val_AUPR_ag=0.2794  val_P@5_ab=1.0000  val_P@5_ag=0.4500  select=0.5018
Ep014  LR0=1.87e-04  pw=2.91  aucα=0.150  token_p=0.020  dropE=(0.020,0.080)  smooth=0.010  train_loss=0.3230  train_AUPR_all=0.5872  train_AUPR_ab=0.6958  train_AUPR_ag=0.4066  train_P@5_ab=0.9000  train_P@5_ag=0.8000  val_loss=0.4267  val_AUPR_all=0.5636  val_AUPR_ab=0.7104  val_AUPR_ag=0.3295  val_P@5_ab=0.9500  val_P@5_ag=0.9500  select=0.5200
  Saved checkpoint: checkpoints_esm/iPara_balanced_l1_g5_i6_do0.10_dpr0.10_lr0.0002_heads16_fold5.pth  select=0.5200  val_ab=0.7104  val_ag=0.3295  val_all=0.5636
Ep015  LR0=1.85e-04  pw=2.73  aucα=0.180  token_p=0.020  dropE=(0.020,0.080)  smooth=0.010  train_loss=0.3254  train_AUPR_all=0.5933  train_AUPR_ab=0.7005  train_AUPR_ag=0.4147  train_P@5_ab=0.8500  train_P@5_ag=0.9500  val_loss=0.4202  val_AUPR_all=0.5756  val_AUPR_ab=0.7174  val_AUPR_ag=0.3480  val_P@5_ab=1.0000  val_P@5_ag=0.9500  select=0.5327
  Saved checkpoint: checkpoints_esm/iPara_balanced_l1_g5_i6_do0.10_dpr0.10_lr0.0002_heads16_fold5.pth  select=0.5327  val_ab=0.7174  val_ag=0.3480  val_all=0.5756
Ep016  LR0=1.83e-04  pw=2.56  aucα=0.210  token_p=0.020  dropE=(0.020,0.080)  smooth=0.010  train_loss=0.3261  train_AUPR_all=0.5942  train_AUPR_ab=0.7090  train_AUPR_ag=0.4089  train_P@5_ab=1.0000  train_P@5_ag=1.0000  val_loss=0.4256  val_AUPR_all=0.5464  val_AUPR_ab=0.6876  val_AUPR_ag=0.3237  val_P@5_ab=1.0000  val_P@5_ag=0.9500  select=0.5056
Ep017  LR0=1.81e-04  pw=2.41  aucα=0.240  token_p=0.020  dropE=(0.020,0.080)  smooth=0.010  train_loss=0.3248  train_AUPR_all=0.6126  train_AUPR_ab=0.7205  train_AUPR_ag=0.4343  train_P@5_ab=0.9000  train_P@5_ag=0.9000  val_loss=0.4001  val_AUPR_all=0.5622  val_AUPR_ab=0.7220  val_AUPR_ag=0.3205  val_P@5_ab=1.0000  val_P@5_ag=0.9000  select=0.5212
Ep018  LR0=1.79e-04  pw=2.28  aucα=0.270  token_p=0.020  dropE=(0.020,0.080)  smooth=0.010  train_loss=0.3269  train_AUPR_all=0.6156  train_AUPR_ab=0.7231  train_AUPR_ag=0.4401  train_P@5_ab=0.9500  train_P@5_ag=0.8500  val_loss=0.3705  val_AUPR_all=0.5852  val_AUPR_ab=0.7439  val_AUPR_ag=0.3587  val_P@5_ab=1.0000  val_P@5_ag=1.0000  select=0.5513
  Saved checkpoint: checkpoints_esm/iPara_balanced_l1_g5_i6_do0.10_dpr0.10_lr0.0002_heads16_fold5.pth  select=0.5513  val_ab=0.7439  val_ag=0.3587  val_all=0.5852
Ep019  LR0=1.76e-04  pw=2.16  aucα=0.300  token_p=0.020  dropE=(0.020,0.080)  smooth=0.010  train_loss=0.3313  train_AUPR_all=0.6230  train_AUPR_ab=0.7285  train_AUPR_ag=0.4515  train_P@5_ab=0.9500  train_P@5_ag=0.8500  val_loss=0.3685  val_AUPR_all=0.5849  val_AUPR_ab=0.7324  val_AUPR_ag=0.3504  val_P@5_ab=1.0000  val_P@5_ag=0.9500  select=0.5414
Ep020  LR0=1.73e-04  pw=2.05  aucα=0.300  token_p=0.020  dropE=(0.020,0.080)  smooth=0.010  train_loss=0.3185  train_AUPR_all=0.6321  train_AUPR_ab=0.7351  train_AUPR_ag=0.4661  train_P@5_ab=1.0000  train_P@5_ag=0.9500  val_loss=0.4208  val_AUPR_all=0.5500  val_AUPR_ab=0.7177  val_AUPR_ag=0.3036  val_P@5_ab=1.0000  val_P@5_ag=1.0000  select=0.5107
Ep021  LR0=1.71e-04  pw=1.95  aucα=0.300  token_p=0.020  dropE=(0.020,0.080)  smooth=0.010  train_loss=0.3081  train_AUPR_all=0.6402  train_AUPR_ab=0.7413  train_AUPR_ag=0.4778  train_P@5_ab=0.9500  train_P@5_ag=0.9500  val_loss=0.3529  val_AUPR_all=0.5880  val_AUPR_ab=0.7365  val_AUPR_ag=0.3604  val_P@5_ab=1.0000  val_P@5_ag=0.9000  select=0.5485
Ep022  LR0=1.68e-04  pw=1.86  aucα=0.300  token_p=0.020  dropE=(0.020,0.080)  smooth=0.010  train_loss=0.2971  train_AUPR_all=0.6524  train_AUPR_ab=0.7537  train_AUPR_ag=0.4910  train_P@5_ab=1.0000  train_P@5_ag=0.9500  val_loss=0.3522  val_AUPR_all=0.5812  val_AUPR_ab=0.7309  val_AUPR_ag=0.3450  val_P@5_ab=1.0000  val_P@5_ag=0.9500  select=0.5379
Ep023  LR0=1.65e-04  pw=1.78  aucα=0.300  token_p=0.020  dropE=(0.020,0.080)  smooth=0.010  train_loss=0.2878  train_AUPR_all=0.6621  train_AUPR_ab=0.7611  train_AUPR_ag=0.5054  train_P@5_ab=1.0000  train_P@5_ag=1.0000  val_loss=0.3531  val_AUPR_all=0.5818  val_AUPR_ab=0.7276  val_AUPR_ag=0.3675  val_P@5_ab=1.0000  val_P@5_ag=0.9500  select=0.5476
Ep024  LR0=1.62e-04  pw=1.70  aucα=0.300  token_p=0.020  dropE=(0.020,0.080)  smooth=0.010  train_loss=0.2811  train_AUPR_all=0.6639  train_AUPR_ab=0.7613  train_AUPR_ag=0.5108  train_P@5_ab=1.0000  train_P@5_ag=0.9500  val_loss=0.3447  val_AUPR_all=0.5912  val_AUPR_ab=0.7370  val_AUPR_ag=0.3653  val_P@5_ab=1.0000  val_P@5_ag=1.0000  select=0.5511
Ep025  LR0=1.59e-04  pw=1.64  aucα=0.300  token_p=0.020  dropE=(0.020,0.080)  smooth=0.010  train_loss=0.2653  train_AUPR_all=0.6857  train_AUPR_ab=0.7741  train_AUPR_ag=0.5481  train_P@5_ab=1.0000  train_P@5_ag=0.9000  val_loss=0.3408  val_AUPR_all=0.5868  val_AUPR_ab=0.7354  val_AUPR_ag=0.3654  val_P@5_ab=1.0000  val_P@5_ag=1.0000  select=0.5504
Ep026  LR0=1.56e-04  pw=1.57  aucα=0.300  token_p=0.020  dropE=(0.020,0.080)  smooth=0.010  train_loss=0.2588  train_AUPR_all=0.6869  train_AUPR_ab=0.7790  train_AUPR_ag=0.5423  train_P@5_ab=0.9500  train_P@5_ag=1.0000  val_loss=0.3277  val_AUPR_all=0.5918  val_AUPR_ab=0.7329  val_AUPR_ag=0.3866  val_P@5_ab=1.0000  val_P@5_ag=0.9500  select=0.5598
  Saved checkpoint: checkpoints_esm/iPara_balanced_l1_g5_i6_do0.10_dpr0.10_lr0.0002_heads16_fold5.pth  select=0.5598  val_ab=0.7329  val_ag=0.3866  val_all=0.5918
Ep027  LR0=1.52e-04  pw=1.52  aucα=0.300  token_p=0.020  dropE=(0.020,0.080)  smooth=0.010  train_loss=0.2509  train_AUPR_all=0.6981  train_AUPR_ab=0.7848  train_AUPR_ag=0.5639  train_P@5_ab=1.0000  train_P@5_ag=1.0000  val_loss=0.3376  val_AUPR_all=0.5790  val_AUPR_ab=0.7367  val_AUPR_ag=0.3602  val_P@5_ab=1.0000  val_P@5_ag=0.9500  select=0.5484
Ep028  LR0=1.49e-04  pw=1.47  aucα=0.300  token_p=0.020  dropE=(0.020,0.080)  smooth=0.010  train_loss=0.2440  train_AUPR_all=0.7060  train_AUPR_ab=0.7897  train_AUPR_ag=0.5777  train_P@5_ab=1.0000  train_P@5_ag=0.9500  val_loss=0.3339  val_AUPR_all=0.5711  val_AUPR_ab=0.7431  val_AUPR_ag=0.3782  val_P@5_ab=0.9000  val_P@5_ag=1.0000  select=0.5607
  Saved checkpoint: checkpoints_esm/iPara_balanced_l1_g5_i6_do0.10_dpr0.10_lr0.0002_heads16_fold5.pth  select=0.5607  val_ab=0.7431  val_ag=0.3782  val_all=0.5711
Ep029  LR0=1.46e-04  pw=1.43  aucα=0.300  token_p=0.020  dropE=(0.020,0.080)  smooth=0.010  train_loss=0.2331  train_AUPR_all=0.7194  train_AUPR_ab=0.7922  train_AUPR_ag=0.6095  train_P@5_ab=0.9500  train_P@5_ag=1.0000  val_loss=0.3261  val_AUPR_all=0.5910  val_AUPR_ab=0.7419  val_AUPR_ag=0.3775  val_P@5_ab=1.0000  val_P@5_ag=1.0000  select=0.5597
Ep030  LR0=1.42e-04  pw=1.39  aucα=0.300  token_p=0.020  dropE=(0.020,0.080)  smooth=0.010  train_loss=0.2291  train_AUPR_all=0.7242  train_AUPR_ab=0.7995  train_AUPR_ag=0.6105  train_P@5_ab=0.9500  train_P@5_ag=1.0000  val_loss=0.3255  val_AUPR_all=0.5802  val_AUPR_ab=0.7390  val_AUPR_ag=0.3648  val_P@5_ab=0.9500  val_P@5_ag=1.0000  select=0.5519
Ep031  LR0=1.38e-04  pw=1.35  aucα=0.300  token_p=0.020  dropE=(0.020,0.080)  smooth=0.010  train_loss=0.2155  train_AUPR_all=0.7427  train_AUPR_ab=0.8132  train_AUPR_ag=0.6363  train_P@5_ab=1.0000  train_P@5_ag=1.0000  val_loss=0.3197  val_AUPR_all=0.5917  val_AUPR_ab=0.7426  val_AUPR_ag=0.3778  val_P@5_ab=1.0000  val_P@5_ag=1.0000  select=0.5602
Ep032  LR0=1.35e-04  pw=1.32  aucα=0.300  token_p=0.020  dropE=(0.020,0.080)  smooth=0.010  train_loss=0.2091  train_AUPR_all=0.7511  train_AUPR_ab=0.8173  train_AUPR_ag=0.6518  train_P@5_ab=1.0000  train_P@5_ag=1.0000  val_loss=0.3175  val_AUPR_all=0.5913  val_AUPR_ab=0.7342  val_AUPR_ag=0.3831  val_P@5_ab=1.0000  val_P@5_ag=0.9500  select=0.5586
Ep033  LR0=1.31e-04  pw=1.29  aucα=0.300  token_p=0.020  dropE=(0.020,0.080)  smooth=0.010  train_loss=0.2058  train_AUPR_all=0.7530  train_AUPR_ab=0.8149  train_AUPR_ag=0.6602  train_P@5_ab=1.0000  train_P@5_ag=1.0000  val_loss=0.3286  val_AUPR_all=0.5919  val_AUPR_ab=0.7416  val_AUPR_ag=0.3881  val_P@5_ab=0.8500  val_P@5_ag=0.9500  select=0.5648
  Saved checkpoint: checkpoints_esm/iPara_balanced_l1_g5_i6_do0.10_dpr0.10_lr0.0002_heads16_fold5.pth  select=0.5648  val_ab=0.7416  val_ag=0.3881  val_all=0.5919
Ep034  LR0=1.27e-04  pw=1.26  aucα=0.300  token_p=0.020  dropE=(0.020,0.080)  smooth=0.010  train_loss=0.1995  train_AUPR_all=0.7629  train_AUPR_ab=0.8237  train_AUPR_ag=0.6728  train_P@5_ab=1.0000  train_P@5_ag=1.0000  val_loss=0.3197  val_AUPR_all=0.5861  val_AUPR_ab=0.7360  val_AUPR_ag=0.3721  val_P@5_ab=0.8500  val_P@5_ag=0.9000  select=0.5541
Ep035  LR0=1.24e-04  pw=1.23  aucα=0.300  token_p=0.020  dropE=(0.020,0.080)  smooth=0.010  train_loss=0.1913  train_AUPR_all=0.7754  train_AUPR_ab=0.8323  train_AUPR_ag=0.6912  train_P@5_ab=1.0000  train_P@5_ag=1.0000  val_loss=0.3306  val_AUPR_all=0.5748  val_AUPR_ab=0.7321  val_AUPR_ag=0.3672  val_P@5_ab=0.9000  val_P@5_ag=0.9000  select=0.5496
Ep036  LR0=1.20e-04  pw=1.21  aucα=0.300  token_p=0.020  dropE=(0.020,0.080)  smooth=0.010  train_loss=0.1902  train_AUPR_all=0.7762  train_AUPR_ab=0.8343  train_AUPR_ag=0.6899  train_P@5_ab=1.0000  train_P@5_ag=1.0000  val_loss=0.3240  val_AUPR_all=0.5804  val_AUPR_ab=0.7313  val_AUPR_ag=0.3847  val_P@5_ab=0.9500  val_P@5_ag=1.0000  select=0.5580
Ep037  LR0=1.16e-04  pw=1.19  aucα=0.300  token_p=0.020  dropE=(0.020,0.080)  smooth=0.010  train_loss=0.1786  train_AUPR_all=0.7948  train_AUPR_ab=0.8457  train_AUPR_ag=0.7200  train_P@5_ab=1.0000  train_P@5_ag=1.0000  val_loss=0.3204  val_AUPR_all=0.5798  val_AUPR_ab=0.7252  val_AUPR_ag=0.3796  val_P@5_ab=0.9000  val_P@5_ag=0.8500  select=0.5524
Ep038  LR0=1.12e-04  pw=1.17  aucα=0.300  token_p=0.020  dropE=(0.020,0.080)  smooth=0.010  train_loss=0.1719  train_AUPR_all=0.8048  train_AUPR_ab=0.8514  train_AUPR_ag=0.7370  train_P@5_ab=1.0000  train_P@5_ag=1.0000  val_loss=0.3194  val_AUPR_all=0.5855  val_AUPR_ab=0.7299  val_AUPR_ag=0.3919  val_P@5_ab=0.8500  val_P@5_ag=0.9500  select=0.5609
Ep039  LR0=1.08e-04  pw=1.16  aucα=0.300  token_p=0.020  dropE=(0.020,0.080)  smooth=0.010  train_loss=0.1695  train_AUPR_all=0.8083  train_AUPR_ab=0.8576  train_AUPR_ag=0.7356  train_P@5_ab=1.0000  train_P@5_ag=1.0000  val_loss=0.3122  val_AUPR_all=0.5867  val_AUPR_ab=0.7388  val_AUPR_ag=0.3939  val_P@5_ab=0.9500  val_P@5_ag=0.9500  select=0.5663
  Saved checkpoint: checkpoints_esm/iPara_balanced_l1_g5_i6_do0.10_dpr0.10_lr0.0002_heads16_fold5.pth  select=0.5663  val_ab=0.7388  val_ag=0.3939  val_all=0.5867
Ep040  LR0=1.04e-04  pw=1.14  aucα=0.300  token_p=0.020  dropE=(0.020,0.080)  smooth=0.010  train_loss=0.1632  train_AUPR_all=0.8166  train_AUPR_ab=0.8620  train_AUPR_ag=0.7495  train_P@5_ab=1.0000  train_P@5_ag=1.0000  val_loss=0.3193  val_AUPR_all=0.5770  val_AUPR_ab=0.7338  val_AUPR_ag=0.3729  val_P@5_ab=0.9500  val_P@5_ag=0.8000  select=0.5533
Ep041  LR0=1.00e-04  pw=1.13  aucα=0.300  token_p=0.020  dropE=(0.020,0.080)  smooth=0.010  train_loss=0.1613  train_AUPR_all=0.8206  train_AUPR_ab=0.8664  train_AUPR_ag=0.7529  train_P@5_ab=0.9500  train_P@5_ag=1.0000  val_loss=0.3274  val_AUPR_all=0.5683  val_AUPR_ab=0.7267  val_AUPR_ag=0.3518  val_P@5_ab=0.7000  val_P@5_ag=0.7000  select=0.5392
Ep042  LR0=9.63e-05  pw=1.12  aucα=0.300  token_p=0.020  dropE=(0.020,0.080)  smooth=0.010  train_loss=0.1561  train_AUPR_all=0.8271  train_AUPR_ab=0.8691  train_AUPR_ag=0.7654  train_P@5_ab=0.9500  train_P@5_ag=1.0000  val_loss=0.3283  val_AUPR_all=0.5711  val_AUPR_ab=0.7262  val_AUPR_ag=0.3716  val_P@5_ab=0.8000  val_P@5_ag=0.8500  select=0.5489
Ep043  LR0=9.24e-05  pw=1.10  aucα=0.300  token_p=0.020  dropE=(0.020,0.080)  smooth=0.010  train_loss=0.1510  train_AUPR_all=0.8357  train_AUPR_ab=0.8763  train_AUPR_ag=0.7760  train_P@5_ab=1.0000  train_P@5_ag=1.0000  val_loss=0.3244  val_AUPR_all=0.5769  val_AUPR_ab=0.7309  val_AUPR_ag=0.3677  val_P@5_ab=0.8000  val_P@5_ag=0.8000  select=0.5493
Ep044  LR0=8.85e-05  pw=1.09  aucα=0.300  token_p=0.020  dropE=(0.020,0.080)  smooth=0.010  train_loss=0.1445  train_AUPR_all=0.8476  train_AUPR_ab=0.8879  train_AUPR_ag=0.7881  train_P@5_ab=1.0000  train_P@5_ag=1.0000  val_loss=0.3332  val_AUPR_all=0.5612  val_AUPR_ab=0.7055  val_AUPR_ag=0.3609  val_P@5_ab=0.6500  val_P@5_ag=0.7500  select=0.5332
Ep045  LR0=8.46e-05  pw=1.09  aucα=0.300  token_p=0.020  dropE=(0.020,0.080)  smooth=0.010  train_loss=0.1402  train_AUPR_all=0.8538  train_AUPR_ab=0.8921  train_AUPR_ag=0.7969  train_P@5_ab=1.0000  train_P@5_ag=1.0000  val_loss=0.3258  val_AUPR_all=0.5735  val_AUPR_ab=0.7305  val_AUPR_ag=0.3666  val_P@5_ab=0.7500  val_P@5_ag=0.7500  select=0.5485
Ep046  LR0=8.08e-05  pw=1.08  aucα=0.300  token_p=0.020  dropE=(0.020,0.080)  smooth=0.010  train_loss=0.1353  train_AUPR_all=0.8612  train_AUPR_ab=0.8962  train_AUPR_ag=0.8094  train_P@5_ab=1.0000  train_P@5_ag=1.0000  val_loss=0.3238  val_AUPR_all=0.5750  val_AUPR_ab=0.7315  val_AUPR_ag=0.3768  val_P@5_ab=0.7000  val_P@5_ag=0.8000  select=0.5542
Ep047  LR0=7.70e-05  pw=1.07  aucα=0.300  token_p=0.020  dropE=(0.020,0.080)  smooth=0.010  train_loss=0.1367  train_AUPR_all=0.8581  train_AUPR_ab=0.8944  train_AUPR_ag=0.8046  train_P@5_ab=1.0000  train_P@5_ag=1.0000  val_loss=0.3318  val_AUPR_all=0.5732  val_AUPR_ab=0.7306  val_AUPR_ag=0.3738  val_P@5_ab=0.7500  val_P@5_ag=0.8000  select=0.5522
Ep048  LR0=7.32e-05  pw=1.06  aucα=0.300  token_p=0.020  dropE=(0.020,0.080)  smooth=0.010  train_loss=0.1283  train_AUPR_all=0.8718  train_AUPR_ab=0.9068  train_AUPR_ag=0.8199  train_P@5_ab=1.0000  train_P@5_ag=1.0000  val_loss=0.3302  val_AUPR_all=0.5698  val_AUPR_ab=0.7291  val_AUPR_ag=0.3673  val_P@5_ab=0.6500  val_P@5_ag=0.5000  select=0.5482
Ep049  LR0=6.94e-05  pw=1.06  aucα=0.300  token_p=0.020  dropE=(0.020,0.080)  smooth=0.010  train_loss=0.1290  train_AUPR_all=0.8711  train_AUPR_ab=0.9047  train_AUPR_ag=0.8214  train_P@5_ab=1.0000  train_P@5_ag=1.0000  val_loss=0.3332  val_AUPR_all=0.5657  val_AUPR_ab=0.7284  val_AUPR_ag=0.3578  val_P@5_ab=0.8000  val_P@5_ag=0.6500  select=0.5431
Ep050  LR0=6.57e-05  pw=1.05  aucα=0.300  token_p=0.020  dropE=(0.020,0.080)  smooth=0.010  train_loss=0.1251  train_AUPR_all=0.8765  train_AUPR_ab=0.9082  train_AUPR_ag=0.8298  train_P@5_ab=1.0000  train_P@5_ag=1.0000  val_loss=0.3351  val_AUPR_all=0.5654  val_AUPR_ab=0.7278  val_AUPR_ag=0.3603  val_P@5_ab=0.7000  val_P@5_ag=0.4500  select=0.5440
Ep051  LR0=6.21e-05  pw=1.05  aucα=0.300  token_p=0.020  dropE=(0.020,0.080)  smooth=0.010  train_loss=0.1195  train_AUPR_all=0.8850  train_AUPR_ab=0.9158  train_AUPR_ag=0.8395  train_P@5_ab=1.0000  train_P@5_ag=1.0000  val_loss=0.3359  val_AUPR_all=0.5699  val_AUPR_ab=0.7332  val_AUPR_ag=0.3569  val_P@5_ab=0.6000  val_P@5_ag=0.6500  select=0.5450
Ep052  LR0=5.85e-05  pw=1.04  aucα=0.300  token_p=0.020  dropE=(0.020,0.080)  smooth=0.010  train_loss=0.1210  train_AUPR_all=0.8831  train_AUPR_ab=0.9166  train_AUPR_ag=0.8325  train_P@5_ab=1.0000  train_P@5_ag=0.9500  val_loss=0.3387  val_AUPR_all=0.5708  val_AUPR_ab=0.7319  val_AUPR_ag=0.3660  val_P@5_ab=0.7000  val_P@5_ag=0.6500  select=0.5489
Ep053  LR0=5.50e-05  pw=1.04  aucα=0.300  token_p=0.020  dropE=(0.020,0.080)  smooth=0.010  train_loss=0.1134  train_AUPR_all=0.8956  train_AUPR_ab=0.9252  train_AUPR_ag=0.8511  train_P@5_ab=1.0000  train_P@5_ag=0.9500  val_loss=0.3489  val_AUPR_all=0.5577  val_AUPR_ab=0.7257  val_AUPR_ag=0.3494  val_P@5_ab=0.7500  val_P@5_ag=0.4500  select=0.5375
Ep054  LR0=5.15e-05  pw=1.03  aucα=0.300  token_p=0.020  dropE=(0.020,0.080)  smooth=0.010  train_loss=0.1122  train_AUPR_all=0.8978  train_AUPR_ab=0.9273  train_AUPR_ag=0.8531  train_P@5_ab=1.0000  train_P@5_ag=1.0000  val_loss=0.3413  val_AUPR_all=0.5722  val_AUPR_ab=0.7406  val_AUPR_ag=0.3535  val_P@5_ab=0.8000  val_P@5_ag=0.5000  select=0.5471
Ep055  LR0=4.81e-05  pw=1.03  aucα=0.300  token_p=0.020  dropE=(0.020,0.080)  smooth=0.010  train_loss=0.1158  train_AUPR_all=0.8909  train_AUPR_ab=0.9219  train_AUPR_ag=0.8441  train_P@5_ab=1.0000  train_P@5_ag=0.9500  val_loss=0.3401  val_AUPR_all=0.5753  val_AUPR_ab=0.7363  val_AUPR_ag=0.3665  val_P@5_ab=0.7500  val_P@5_ag=0.5500  select=0.5514
Ep056  LR0=4.48e-05  pw=1.03  aucα=0.300  token_p=0.020  dropE=(0.020,0.080)  smooth=0.010  train_loss=0.1101  train_AUPR_all=0.9003  train_AUPR_ab=0.9287  train_AUPR_ag=0.8578  train_P@5_ab=1.0000  train_P@5_ag=1.0000  val_loss=0.3423  val_AUPR_all=0.5773  val_AUPR_ab=0.7403  val_AUPR_ag=0.3641  val_P@5_ab=0.7500  val_P@5_ag=0.6500  select=0.5522
Ep057  LR0=4.16e-05  pw=1.03  aucα=0.300  token_p=0.020  dropE=(0.020,0.080)  smooth=0.010  train_loss=0.1076  train_AUPR_all=0.9040  train_AUPR_ab=0.9328  train_AUPR_ag=0.8602  train_P@5_ab=1.0000  train_P@5_ag=1.0000  val_loss=0.3535  val_AUPR_all=0.5631  val_AUPR_ab=0.7313  val_AUPR_ag=0.3500  val_P@5_ab=0.7500  val_P@5_ag=0.5000  select=0.5407
Ep058  LR0=3.85e-05  pw=1.02  aucα=0.300  token_p=0.020  dropE=(0.020,0.080)  smooth=0.010  train_loss=0.1078  train_AUPR_all=0.9043  train_AUPR_ab=0.9325  train_AUPR_ag=0.8616  train_P@5_ab=1.0000  train_P@5_ag=1.0000  val_loss=0.3453  val_AUPR_all=0.5645  val_AUPR_ab=0.7277  val_AUPR_ag=0.3520  val_P@5_ab=0.8000  val_P@5_ag=0.4000  select=0.5399
Ep059  LR0=3.55e-05  pw=1.02  aucα=0.300  token_p=0.020  dropE=(0.020,0.080)  smooth=0.010  train_loss=0.1087  train_AUPR_all=0.9020  train_AUPR_ab=0.9305  train_AUPR_ag=0.8588  train_P@5_ab=1.0000  train_P@5_ag=1.0000  val_loss=0.3503  val_AUPR_all=0.5667  val_AUPR_ab=0.7363  val_AUPR_ag=0.3530  val_P@5_ab=0.7000  val_P@5_ag=0.4000  select=0.5447
Early stopping at epoch 59. Best select=0.5663 at epoch 39.
Final saved checkpoint for fold 5: checkpoints_esm/iPara_balanced_l1_g5_i6_do0.10_dpr0.10_lr0.0002_heads16_fold5.pth
Best select=0.5663 at epoch 39
