Device: cuda
Visible GPUs: 1
GPU 0: NVIDIA RTX PRO 6000 Blackwell Server Edition
Config:
  sequence_file: para_tv_esmsequences_1600.npz
  data_file: para_tv_esminterfaces_1600.npz
  edge_file: para_tv_esmedges_1600.npz
  seq_len: 1600
  vocab_size: 31
  num_classes: 2
  pad_id: 1
  eoc_id: 24
  embed_dim: 256
  num_heads: 16
  num_layers: 1
  num_gnn_layers: 5
  num_int_layers: 5
  dropout: 0.1
  drop_path_rate: 0.1
  batch_size: 4
  num_epochs: 80
  warmup_epochs: 10
  min_stop_epoch: 45
  early_stop: 20
  learning_rate: 0.0002
  weight_decay: 0.0001
  max_grad_norm: 0.5
  accum_steps: 1
  amp: True
  weight_start: 8.0
  weight_end: 1.0
  weight_anneal_tau: 10.0
  dropedge_min: 0.02
  dropedge_max: 0.08
  token_drop_p: 0.02
  smooth_lambda: 0.01
  aucpr_alpha: 0.3
  aucpr_ramp_start: 10
  aucpr_ramp_len: 10
  aucpr_bins: 64
  aucpr_temp: 0.05
  antibody_loss_weight: 1.0
  antigen_loss_weight: 1.0
  n_splits: 5
  num_workers: 0
  select_ab_weight: 0.5
  select_ag_weight: 0.5
Dataset size: 858

==========================================================================================
Fold 1/5
==========================================================================================
Train labels: valid=399467, pos=26433, neg=373034, ignore=698133, pos_frac=0.06617
Val labels: valid=100725, pos=6797, neg=93928, ignore=174475, pos_frac=0.06748
Initializing ClassificationModel with 5 GAT layers and residual connections...
Initializing MCModel with 5 GAT layers and 5 row attention layers (drop_path_rate=0.1)
Initializing CoreModel with 1 layers, drop_path_rate=0.1
Ep001  LR0=2.00e-04  pw=8.00  aucα=0.000  token_p=0.020  dropE=(0.020,0.080)  smooth=0.010  train_loss=0.7850  train_AUPR_all=0.2073  train_AUPR_ab=0.2278  train_AUPR_ag=0.1776  train_P@5_ab=0.1000  train_P@5_ag=0.1000  val_loss=1.2712  val_AUPR_all=0.3468  val_AUPR_ab=0.4915  val_AUPR_ag=0.1465  val_P@5_ab=0.8500  val_P@5_ag=0.7000  select=0.3190
  Saved checkpoint: checkpoints_post/iPara_balanced_l1_g5_i5_do0.10_dpr0.10_lr0.0002_heads16_fold1.pth  select=0.3190  val_ab=0.4915  val_ag=0.1465  val_all=0.3468
Ep002  LR0=2.00e-04  pw=7.33  aucα=0.000  token_p=0.020  dropE=(0.020,0.080)  smooth=0.010  train_loss=0.5568  train_AUPR_all=0.3784  train_AUPR_ab=0.4643  train_AUPR_ag=0.2446  train_P@5_ab=0.5000  train_P@5_ag=0.9000  val_loss=0.8598  val_AUPR_all=0.4035  val_AUPR_ab=0.5484  val_AUPR_ag=0.1685  val_P@5_ab=0.9000  val_P@5_ag=0.7000  select=0.3585
  Saved checkpoint: checkpoints_post/iPara_balanced_l1_g5_i5_do0.10_dpr0.10_lr0.0002_heads16_fold1.pth  select=0.3585  val_ab=0.5484  val_ag=0.1685  val_all=0.4035
Ep003  LR0=2.00e-04  pw=6.73  aucα=0.000  token_p=0.020  dropE=(0.020,0.080)  smooth=0.010  train_loss=0.4978  train_AUPR_all=0.4261  train_AUPR_ab=0.5193  train_AUPR_ag=0.2723  train_P@5_ab=0.7500  train_P@5_ag=0.6500  val_loss=0.7874  val_AUPR_all=0.4358  val_AUPR_ab=0.5717  val_AUPR_ag=0.2208  val_P@5_ab=0.8500  val_P@5_ag=0.6500  select=0.3963
  Saved checkpoint: checkpoints_post/iPara_balanced_l1_g5_i5_do0.10_dpr0.10_lr0.0002_heads16_fold1.pth  select=0.3963  val_ab=0.5717  val_ag=0.2208  val_all=0.4358
Ep004  LR0=1.99e-04  pw=6.19  aucα=0.000  token_p=0.020  dropE=(0.020,0.080)  smooth=0.010  train_loss=0.4497  train_AUPR_all=0.4589  train_AUPR_ab=0.5489  train_AUPR_ag=0.3069  train_P@5_ab=0.7500  train_P@5_ag=0.7000  val_loss=0.7847  val_AUPR_all=0.4426  val_AUPR_ab=0.5978  val_AUPR_ag=0.2035  val_P@5_ab=0.8000  val_P@5_ag=0.6000  select=0.4006
  Saved checkpoint: checkpoints_post/iPara_balanced_l1_g5_i5_do0.10_dpr0.10_lr0.0002_heads16_fold1.pth  select=0.4006  val_ab=0.5978  val_ag=0.2035  val_all=0.4426
Ep005  LR0=1.99e-04  pw=5.69  aucα=0.000  token_p=0.020  dropE=(0.020,0.080)  smooth=0.010  train_loss=0.4219  train_AUPR_all=0.4721  train_AUPR_ab=0.5695  train_AUPR_ag=0.3098  train_P@5_ab=0.7500  train_P@5_ag=0.9000  val_loss=0.9261  val_AUPR_all=0.4450  val_AUPR_ab=0.6104  val_AUPR_ag=0.1929  val_P@5_ab=0.8500  val_P@5_ag=0.7000  select=0.4017
  Saved checkpoint: checkpoints_post/iPara_balanced_l1_g5_i5_do0.10_dpr0.10_lr0.0002_heads16_fold1.pth  select=0.4017  val_ab=0.6104  val_ag=0.1929  val_all=0.4450
Ep006  LR0=1.98e-04  pw=5.25  aucα=0.000  token_p=0.020  dropE=(0.020,0.080)  smooth=0.010  train_loss=0.3964  train_AUPR_all=0.4951  train_AUPR_ab=0.5888  train_AUPR_ag=0.3324  train_P@5_ab=0.8500  train_P@5_ag=0.9000  val_loss=0.5786  val_AUPR_all=0.4999  val_AUPR_ab=0.6363  val_AUPR_ag=0.3018  val_P@5_ab=0.6500  val_P@5_ag=0.9500  select=0.4691
  Saved checkpoint: checkpoints_post/iPara_balanced_l1_g5_i5_do0.10_dpr0.10_lr0.0002_heads16_fold1.pth  select=0.4691  val_ab=0.6363  val_ag=0.3018  val_all=0.4999
Ep007  LR0=1.97e-04  pw=4.84  aucα=0.000  token_p=0.020  dropE=(0.020,0.080)  smooth=0.010  train_loss=0.3721  train_AUPR_all=0.5091  train_AUPR_ab=0.6087  train_AUPR_ag=0.3404  train_P@5_ab=0.9500  train_P@5_ag=0.9500  val_loss=0.5687  val_AUPR_all=0.5306  val_AUPR_ab=0.6499  val_AUPR_ag=0.3304  val_P@5_ab=1.0000  val_P@5_ag=0.9500  select=0.4902
  Saved checkpoint: checkpoints_post/iPara_balanced_l1_g5_i5_do0.10_dpr0.10_lr0.0002_heads16_fold1.pth  select=0.4902  val_ab=0.6499  val_ag=0.3304  val_all=0.5306
Ep008  LR0=1.96e-04  pw=4.48  aucα=0.000  token_p=0.020  dropE=(0.020,0.080)  smooth=0.010  train_loss=0.3528  train_AUPR_all=0.5209  train_AUPR_ab=0.6176  train_AUPR_ag=0.3573  train_P@5_ab=0.9000  train_P@5_ag=1.0000  val_loss=0.6472  val_AUPR_all=0.4740  val_AUPR_ab=0.6362  val_AUPR_ag=0.2231  val_P@5_ab=0.8500  val_P@5_ag=0.9500  select=0.4296
Ep009  LR0=1.95e-04  pw=4.15  aucα=0.000  token_p=0.020  dropE=(0.020,0.080)  smooth=0.010  train_loss=0.3316  train_AUPR_all=0.5290  train_AUPR_ab=0.6259  train_AUPR_ag=0.3658  train_P@5_ab=0.9000  train_P@5_ag=0.8500  val_loss=0.5859  val_AUPR_all=0.4867  val_AUPR_ab=0.6302  val_AUPR_ag=0.3072  val_P@5_ab=0.8000  val_P@5_ag=1.0000  select=0.4687
Ep010  LR0=1.94e-04  pw=3.85  aucα=0.030  token_p=0.020  dropE=(0.020,0.080)  smooth=0.010  train_loss=0.3310  train_AUPR_all=0.5431  train_AUPR_ab=0.6429  train_AUPR_ag=0.3770  train_P@5_ab=0.9000  train_P@5_ag=0.8500  val_loss=0.4997  val_AUPR_all=0.5393  val_AUPR_ab=0.6768  val_AUPR_ag=0.3198  val_P@5_ab=0.8500  val_P@5_ag=1.0000  select=0.4983
  Saved checkpoint: checkpoints_post/iPara_balanced_l1_g5_i5_do0.10_dpr0.10_lr0.0002_heads16_fold1.pth  select=0.4983  val_ab=0.6768  val_ag=0.3198  val_all=0.5393
Unfreezing DyM parameters.
Ep011  LR0=1.92e-04  pw=3.58  aucα=0.060  token_p=0.020  dropE=(0.020,0.080)  smooth=0.010  train_loss=0.3288  train_AUPR_all=0.5540  train_AUPR_ab=0.6578  train_AUPR_ag=0.3836  train_P@5_ab=0.9500  train_P@5_ag=1.0000  val_loss=0.5086  val_AUPR_all=0.5153  val_AUPR_ab=0.6648  val_AUPR_ag=0.2880  val_P@5_ab=0.9000  val_P@5_ag=1.0000  select=0.4764
Ep012  LR0=1.91e-04  pw=3.33  aucα=0.090  token_p=0.020  dropE=(0.020,0.080)  smooth=0.010  train_loss=0.3297  train_AUPR_all=0.5562  train_AUPR_ab=0.6627  train_AUPR_ag=0.3817  train_P@5_ab=0.9000  train_P@5_ag=0.8500  val_loss=0.4663  val_AUPR_all=0.5389  val_AUPR_ab=0.6837  val_AUPR_ag=0.3243  val_P@5_ab=0.9500  val_P@5_ag=0.9000  select=0.5040
  Saved checkpoint: checkpoints_post/iPara_balanced_l1_g5_i5_do0.10_dpr0.10_lr0.0002_heads16_fold1.pth  select=0.5040  val_ab=0.6837  val_ag=0.3243  val_all=0.5389
Ep013  LR0=1.89e-04  pw=3.11  aucα=0.120  token_p=0.020  dropE=(0.020,0.080)  smooth=0.010  train_loss=0.3319  train_AUPR_all=0.5639  train_AUPR_ab=0.6732  train_AUPR_ag=0.3893  train_P@5_ab=1.0000  train_P@5_ag=0.9000  val_loss=0.4540  val_AUPR_all=0.5582  val_AUPR_ab=0.6957  val_AUPR_ag=0.3343  val_P@5_ab=0.9500  val_P@5_ag=1.0000  select=0.5150
  Saved checkpoint: checkpoints_post/iPara_balanced_l1_g5_i5_do0.10_dpr0.10_lr0.0002_heads16_fold1.pth  select=0.5150  val_ab=0.6957  val_ag=0.3343  val_all=0.5582
Ep014  LR0=1.87e-04  pw=2.91  aucα=0.150  token_p=0.020  dropE=(0.020,0.080)  smooth=0.010  train_loss=0.3297  train_AUPR_all=0.5771  train_AUPR_ab=0.6820  train_AUPR_ag=0.4085  train_P@5_ab=0.8000  train_P@5_ag=0.9500  val_loss=0.4241  val_AUPR_all=0.5633  val_AUPR_ab=0.6855  val_AUPR_ag=0.3503  val_P@5_ab=0.8500  val_P@5_ag=1.0000  select=0.5179
  Saved checkpoint: checkpoints_post/iPara_balanced_l1_g5_i5_do0.10_dpr0.10_lr0.0002_heads16_fold1.pth  select=0.5179  val_ab=0.6855  val_ag=0.3503  val_all=0.5633
Ep015  LR0=1.85e-04  pw=2.73  aucα=0.180  token_p=0.020  dropE=(0.020,0.080)  smooth=0.010  train_loss=0.3312  train_AUPR_all=0.5827  train_AUPR_ab=0.6898  train_AUPR_ag=0.4128  train_P@5_ab=1.0000  train_P@5_ag=1.0000  val_loss=0.4191  val_AUPR_all=0.5616  val_AUPR_ab=0.7013  val_AUPR_ag=0.3487  val_P@5_ab=0.9500  val_P@5_ag=1.0000  select=0.5250
  Saved checkpoint: checkpoints_post/iPara_balanced_l1_g5_i5_do0.10_dpr0.10_lr0.0002_heads16_fold1.pth  select=0.5250  val_ab=0.7013  val_ag=0.3487  val_all=0.5616
Ep016  LR0=1.83e-04  pw=2.56  aucα=0.210  token_p=0.020  dropE=(0.020,0.080)  smooth=0.010  train_loss=0.3314  train_AUPR_all=0.5972  train_AUPR_ab=0.7011  train_AUPR_ag=0.4343  train_P@5_ab=0.9500  train_P@5_ag=0.9500  val_loss=0.4176  val_AUPR_all=0.5444  val_AUPR_ab=0.6769  val_AUPR_ag=0.3467  val_P@5_ab=0.9500  val_P@5_ag=1.0000  select=0.5118
Ep017  LR0=1.81e-04  pw=2.41  aucα=0.240  token_p=0.020  dropE=(0.020,0.080)  smooth=0.010  train_loss=0.3337  train_AUPR_all=0.6000  train_AUPR_ab=0.7066  train_AUPR_ag=0.4338  train_P@5_ab=0.9500  train_P@5_ag=0.8500  val_loss=0.4178  val_AUPR_all=0.5432  val_AUPR_ab=0.6919  val_AUPR_ag=0.3156  val_P@5_ab=0.9500  val_P@5_ag=0.7500  select=0.5038
Ep018  LR0=1.79e-04  pw=2.28  aucα=0.270  token_p=0.020  dropE=(0.020,0.080)  smooth=0.010  train_loss=0.3369  train_AUPR_all=0.6063  train_AUPR_ab=0.7131  train_AUPR_ag=0.4404  train_P@5_ab=0.9500  train_P@5_ag=0.9500  val_loss=0.3932  val_AUPR_all=0.5581  val_AUPR_ab=0.6932  val_AUPR_ag=0.3541  val_P@5_ab=0.9500  val_P@5_ag=1.0000  select=0.5236
Ep019  LR0=1.76e-04  pw=2.16  aucα=0.300  token_p=0.020  dropE=(0.020,0.080)  smooth=0.010  train_loss=0.3354  train_AUPR_all=0.6176  train_AUPR_ab=0.7193  train_AUPR_ag=0.4611  train_P@5_ab=0.9500  train_P@5_ag=0.9500  val_loss=0.3870  val_AUPR_all=0.5575  val_AUPR_ab=0.7067  val_AUPR_ag=0.3456  val_P@5_ab=1.0000  val_P@5_ag=0.7500  select=0.5261
  Saved checkpoint: checkpoints_post/iPara_balanced_l1_g5_i5_do0.10_dpr0.10_lr0.0002_heads16_fold1.pth  select=0.5261  val_ab=0.7067  val_ag=0.3456  val_all=0.5575
Ep020  LR0=1.73e-04  pw=2.05  aucα=0.300  token_p=0.020  dropE=(0.020,0.080)  smooth=0.010  train_loss=0.3234  train_AUPR_all=0.6294  train_AUPR_ab=0.7318  train_AUPR_ag=0.4713  train_P@5_ab=1.0000  train_P@5_ag=1.0000  val_loss=0.3731  val_AUPR_all=0.5663  val_AUPR_ab=0.7027  val_AUPR_ag=0.3630  val_P@5_ab=0.9500  val_P@5_ag=0.9500  select=0.5329
  Saved checkpoint: checkpoints_post/iPara_balanced_l1_g5_i5_do0.10_dpr0.10_lr0.0002_heads16_fold1.pth  select=0.5329  val_ab=0.7027  val_ag=0.3630  val_all=0.5663
Ep021  LR0=1.71e-04  pw=1.95  aucα=0.300  token_p=0.020  dropE=(0.020,0.080)  smooth=0.010  train_loss=0.3144  train_AUPR_all=0.6335  train_AUPR_ab=0.7343  train_AUPR_ag=0.4798  train_P@5_ab=0.9500  train_P@5_ag=1.0000  val_loss=0.3824  val_AUPR_all=0.5590  val_AUPR_ab=0.7060  val_AUPR_ag=0.3443  val_P@5_ab=0.9000  val_P@5_ag=1.0000  select=0.5252
Ep022  LR0=1.68e-04  pw=1.86  aucα=0.300  token_p=0.020  dropE=(0.020,0.080)  smooth=0.010  train_loss=0.2996  train_AUPR_all=0.6484  train_AUPR_ab=0.7436  train_AUPR_ag=0.5034  train_P@5_ab=0.9500  train_P@5_ag=1.0000  val_loss=0.3543  val_AUPR_all=0.5704  val_AUPR_ab=0.7143  val_AUPR_ag=0.3695  val_P@5_ab=1.0000  val_P@5_ag=1.0000  select=0.5419
  Saved checkpoint: checkpoints_post/iPara_balanced_l1_g5_i5_do0.10_dpr0.10_lr0.0002_heads16_fold1.pth  select=0.5419  val_ab=0.7143  val_ag=0.3695  val_all=0.5704
Ep023  LR0=1.65e-04  pw=1.78  aucα=0.300  token_p=0.020  dropE=(0.020,0.080)  smooth=0.010  train_loss=0.2905  train_AUPR_all=0.6579  train_AUPR_ab=0.7503  train_AUPR_ag=0.5180  train_P@5_ab=0.9500  train_P@5_ag=0.8500  val_loss=0.3693  val_AUPR_all=0.5521  val_AUPR_ab=0.7195  val_AUPR_ag=0.3260  val_P@5_ab=1.0000  val_P@5_ag=1.0000  select=0.5227
Ep024  LR0=1.62e-04  pw=1.70  aucα=0.300  token_p=0.020  dropE=(0.020,0.080)  smooth=0.010  train_loss=0.2820  train_AUPR_all=0.6659  train_AUPR_ab=0.7562  train_AUPR_ag=0.5297  train_P@5_ab=1.0000  train_P@5_ag=0.9500  val_loss=0.3351  val_AUPR_all=0.5941  val_AUPR_ab=0.7302  val_AUPR_ag=0.3791  val_P@5_ab=0.9500  val_P@5_ag=1.0000  select=0.5547
  Saved checkpoint: checkpoints_post/iPara_balanced_l1_g5_i5_do0.10_dpr0.10_lr0.0002_heads16_fold1.pth  select=0.5547  val_ab=0.7302  val_ag=0.3791  val_all=0.5941
Ep025  LR0=1.59e-04  pw=1.64  aucα=0.300  token_p=0.020  dropE=(0.020,0.080)  smooth=0.010  train_loss=0.2712  train_AUPR_all=0.6800  train_AUPR_ab=0.7663  train_AUPR_ag=0.5502  train_P@5_ab=1.0000  train_P@5_ag=1.0000  val_loss=0.3377  val_AUPR_all=0.5831  val_AUPR_ab=0.7219  val_AUPR_ag=0.3733  val_P@5_ab=1.0000  val_P@5_ag=1.0000  select=0.5476
Ep026  LR0=1.56e-04  pw=1.57  aucα=0.300  token_p=0.020  dropE=(0.020,0.080)  smooth=0.010  train_loss=0.2640  train_AUPR_all=0.6828  train_AUPR_ab=0.7688  train_AUPR_ag=0.5533  train_P@5_ab=1.0000  train_P@5_ag=0.9500  val_loss=0.3317  val_AUPR_all=0.5830  val_AUPR_ab=0.7212  val_AUPR_ag=0.3733  val_P@5_ab=0.9500  val_P@5_ag=1.0000  select=0.5472
Ep027  LR0=1.52e-04  pw=1.52  aucα=0.300  token_p=0.020  dropE=(0.020,0.080)  smooth=0.010  train_loss=0.2527  train_AUPR_all=0.6997  train_AUPR_ab=0.7810  train_AUPR_ag=0.5793  train_P@5_ab=0.9500  train_P@5_ag=0.9500  val_loss=0.3244  val_AUPR_all=0.5922  val_AUPR_ab=0.7313  val_AUPR_ag=0.3923  val_P@5_ab=0.9500  val_P@5_ag=1.0000  select=0.5618
  Saved checkpoint: checkpoints_post/iPara_balanced_l1_g5_i5_do0.10_dpr0.10_lr0.0002_heads16_fold1.pth  select=0.5618  val_ab=0.7313  val_ag=0.3923  val_all=0.5922
Ep028  LR0=1.49e-04  pw=1.47  aucα=0.300  token_p=0.020  dropE=(0.020,0.080)  smooth=0.010  train_loss=0.2451  train_AUPR_all=0.7050  train_AUPR_ab=0.7792  train_AUPR_ag=0.5951  train_P@5_ab=1.0000  train_P@5_ag=1.0000  val_loss=0.3295  val_AUPR_all=0.5679  val_AUPR_ab=0.7102  val_AUPR_ag=0.3588  val_P@5_ab=0.9000  val_P@5_ag=1.0000  select=0.5345
Ep029  LR0=1.46e-04  pw=1.43  aucα=0.300  token_p=0.020  dropE=(0.020,0.080)  smooth=0.010  train_loss=0.2368  train_AUPR_all=0.7165  train_AUPR_ab=0.7897  train_AUPR_ag=0.6084  train_P@5_ab=0.9500  train_P@5_ag=1.0000  val_loss=0.3439  val_AUPR_all=0.5706  val_AUPR_ab=0.7262  val_AUPR_ag=0.3353  val_P@5_ab=1.0000  val_P@5_ag=0.9500  select=0.5308
Ep030  LR0=1.42e-04  pw=1.39  aucα=0.300  token_p=0.020  dropE=(0.020,0.080)  smooth=0.010  train_loss=0.2282  train_AUPR_all=0.7290  train_AUPR_ab=0.7989  train_AUPR_ag=0.6257  train_P@5_ab=0.9000  train_P@5_ag=0.9000  val_loss=0.3306  val_AUPR_all=0.5745  val_AUPR_ab=0.7145  val_AUPR_ag=0.3701  val_P@5_ab=0.9500  val_P@5_ag=1.0000  select=0.5423
Ep031  LR0=1.38e-04  pw=1.35  aucα=0.300  token_p=0.020  dropE=(0.020,0.080)  smooth=0.010  train_loss=0.2220  train_AUPR_all=0.7338  train_AUPR_ab=0.8027  train_AUPR_ag=0.6315  train_P@5_ab=0.9000  train_P@5_ag=0.9500  val_loss=0.3299  val_AUPR_all=0.5683  val_AUPR_ab=0.7277  val_AUPR_ag=0.3669  val_P@5_ab=0.9500  val_P@5_ag=0.8500  select=0.5473
Ep032  LR0=1.35e-04  pw=1.32  aucα=0.300  token_p=0.020  dropE=(0.020,0.080)  smooth=0.010  train_loss=0.2115  train_AUPR_all=0.7503  train_AUPR_ab=0.8129  train_AUPR_ag=0.6579  train_P@5_ab=0.9500  train_P@5_ag=0.9500  val_loss=0.3173  val_AUPR_all=0.6001  val_AUPR_ab=0.7353  val_AUPR_ag=0.4012  val_P@5_ab=0.9500  val_P@5_ag=0.9500  select=0.5683
  Saved checkpoint: checkpoints_post/iPara_balanced_l1_g5_i5_do0.10_dpr0.10_lr0.0002_heads16_fold1.pth  select=0.5683  val_ab=0.7353  val_ag=0.4012  val_all=0.6001
Ep033  LR0=1.31e-04  pw=1.29  aucα=0.300  token_p=0.020  dropE=(0.020,0.080)  smooth=0.010  train_loss=0.2047  train_AUPR_all=0.7596  train_AUPR_ab=0.8191  train_AUPR_ag=0.6728  train_P@5_ab=1.0000  train_P@5_ag=1.0000  val_loss=0.3323  val_AUPR_all=0.5733  val_AUPR_ab=0.7278  val_AUPR_ag=0.3537  val_P@5_ab=0.9500  val_P@5_ag=1.0000  select=0.5407
Ep034  LR0=1.27e-04  pw=1.26  aucα=0.300  token_p=0.020  dropE=(0.020,0.080)  smooth=0.010  train_loss=0.2044  train_AUPR_all=0.7585  train_AUPR_ab=0.8192  train_AUPR_ag=0.6686  train_P@5_ab=0.9500  train_P@5_ag=1.0000  val_loss=0.3219  val_AUPR_all=0.5885  val_AUPR_ab=0.7280  val_AUPR_ag=0.4028  val_P@5_ab=0.9000  val_P@5_ag=0.9000  select=0.5654
Ep035  LR0=1.24e-04  pw=1.23  aucα=0.300  token_p=0.020  dropE=(0.020,0.080)  smooth=0.010  train_loss=0.1968  train_AUPR_all=0.7697  train_AUPR_ab=0.8274  train_AUPR_ag=0.6846  train_P@5_ab=1.0000  train_P@5_ag=1.0000  val_loss=0.3156  val_AUPR_all=0.5863  val_AUPR_ab=0.7235  val_AUPR_ag=0.3960  val_P@5_ab=1.0000  val_P@5_ag=1.0000  select=0.5597
Ep036  LR0=1.20e-04  pw=1.21  aucα=0.300  token_p=0.020  dropE=(0.020,0.080)  smooth=0.010  train_loss=0.1915  train_AUPR_all=0.7769  train_AUPR_ab=0.8310  train_AUPR_ag=0.6983  train_P@5_ab=1.0000  train_P@5_ag=0.9500  val_loss=0.3201  val_AUPR_all=0.5886  val_AUPR_ab=0.7276  val_AUPR_ag=0.3944  val_P@5_ab=0.9000  val_P@5_ag=0.9500  select=0.5610
Ep037  LR0=1.16e-04  pw=1.19  aucα=0.300  token_p=0.020  dropE=(0.020,0.080)  smooth=0.010  train_loss=0.1816  train_AUPR_all=0.7934  train_AUPR_ab=0.8408  train_AUPR_ag=0.7247  train_P@5_ab=1.0000  train_P@5_ag=1.0000  val_loss=0.3194  val_AUPR_all=0.5747  val_AUPR_ab=0.7165  val_AUPR_ag=0.3955  val_P@5_ab=1.0000  val_P@5_ag=0.9500  select=0.5560
Ep038  LR0=1.12e-04  pw=1.17  aucα=0.300  token_p=0.020  dropE=(0.020,0.080)  smooth=0.010  train_loss=0.1737  train_AUPR_all=0.8050  train_AUPR_ab=0.8526  train_AUPR_ag=0.7354  train_P@5_ab=1.0000  train_P@5_ag=1.0000  val_loss=0.3275  val_AUPR_all=0.5708  val_AUPR_ab=0.7178  val_AUPR_ag=0.3711  val_P@5_ab=1.0000  val_P@5_ag=0.7000  select=0.5444
Ep039  LR0=1.08e-04  pw=1.16  aucα=0.300  token_p=0.020  dropE=(0.020,0.080)  smooth=0.010  train_loss=0.1727  train_AUPR_all=0.8063  train_AUPR_ab=0.8547  train_AUPR_ag=0.7352  train_P@5_ab=0.9500  train_P@5_ag=0.9500  val_loss=0.3227  val_AUPR_all=0.5751  val_AUPR_ab=0.7206  val_AUPR_ag=0.3854  val_P@5_ab=1.0000  val_P@5_ag=0.7500  select=0.5530
Ep040  LR0=1.04e-04  pw=1.14  aucα=0.300  token_p=0.020  dropE=(0.020,0.080)  smooth=0.010  train_loss=0.1660  train_AUPR_all=0.8164  train_AUPR_ab=0.8601  train_AUPR_ag=0.7531  train_P@5_ab=1.0000  train_P@5_ag=1.0000  val_loss=0.3139  val_AUPR_all=0.5837  val_AUPR_ab=0.7284  val_AUPR_ag=0.3800  val_P@5_ab=1.0000  val_P@5_ag=0.6500  select=0.5542
Ep041  LR0=1.00e-04  pw=1.13  aucα=0.300  token_p=0.020  dropE=(0.020,0.080)  smooth=0.010  train_loss=0.1592  train_AUPR_all=0.8274  train_AUPR_ab=0.8695  train_AUPR_ag=0.7655  train_P@5_ab=1.0000  train_P@5_ag=1.0000  val_loss=0.3236  val_AUPR_all=0.5794  val_AUPR_ab=0.7300  val_AUPR_ag=0.3763  val_P@5_ab=0.8500  val_P@5_ag=0.5500  select=0.5532
Ep042  LR0=9.63e-05  pw=1.12  aucα=0.300  token_p=0.020  dropE=(0.020,0.080)  smooth=0.010  train_loss=0.1593  train_AUPR_all=0.8276  train_AUPR_ab=0.8686  train_AUPR_ag=0.7682  train_P@5_ab=1.0000  train_P@5_ag=1.0000  val_loss=0.3184  val_AUPR_all=0.5836  val_AUPR_ab=0.7275  val_AUPR_ag=0.3735  val_P@5_ab=0.9500  val_P@5_ag=0.8500  select=0.5505
Ep043  LR0=9.24e-05  pw=1.10  aucα=0.300  token_p=0.020  dropE=(0.020,0.080)  smooth=0.010  train_loss=0.1494  train_AUPR_all=0.8424  train_AUPR_ab=0.8804  train_AUPR_ag=0.7864  train_P@5_ab=1.0000  train_P@5_ag=1.0000  val_loss=0.3223  val_AUPR_all=0.5829  val_AUPR_ab=0.7289  val_AUPR_ag=0.3755  val_P@5_ab=1.0000  val_P@5_ag=0.7000  select=0.5522
Ep044  LR0=8.85e-05  pw=1.09  aucα=0.300  token_p=0.020  dropE=(0.020,0.080)  smooth=0.010  train_loss=0.1513  train_AUPR_all=0.8399  train_AUPR_ab=0.8792  train_AUPR_ag=0.7822  train_P@5_ab=1.0000  train_P@5_ag=1.0000  val_loss=0.3097  val_AUPR_all=0.5876  val_AUPR_ab=0.7273  val_AUPR_ag=0.3939  val_P@5_ab=0.9500  val_P@5_ag=0.8000  select=0.5606
Ep045  LR0=8.46e-05  pw=1.09  aucα=0.300  token_p=0.020  dropE=(0.020,0.080)  smooth=0.010  train_loss=0.1441  train_AUPR_all=0.8510  train_AUPR_ab=0.8879  train_AUPR_ag=0.7958  train_P@5_ab=1.0000  train_P@5_ag=1.0000  val_loss=0.3306  val_AUPR_all=0.5797  val_AUPR_ab=0.7277  val_AUPR_ag=0.3725  val_P@5_ab=0.9500  val_P@5_ag=0.7500  select=0.5501
Ep046  LR0=8.08e-05  pw=1.08  aucα=0.300  token_p=0.020  dropE=(0.020,0.080)  smooth=0.010  train_loss=0.1421  train_AUPR_all=0.8539  train_AUPR_ab=0.8904  train_AUPR_ag=0.8003  train_P@5_ab=1.0000  train_P@5_ag=1.0000  val_loss=0.3232  val_AUPR_all=0.5778  val_AUPR_ab=0.7224  val_AUPR_ag=0.3736  val_P@5_ab=0.9000  val_P@5_ag=0.8000  select=0.5480
Ep047  LR0=7.70e-05  pw=1.07  aucα=0.300  token_p=0.020  dropE=(0.020,0.080)  smooth=0.010  train_loss=0.1380  train_AUPR_all=0.8605  train_AUPR_ab=0.8976  train_AUPR_ag=0.8050  train_P@5_ab=1.0000  train_P@5_ag=1.0000  val_loss=0.3184  val_AUPR_all=0.5758  val_AUPR_ab=0.7193  val_AUPR_ag=0.3706  val_P@5_ab=0.9000  val_P@5_ag=0.5500  select=0.5449
Ep048  LR0=7.32e-05  pw=1.06  aucα=0.300  token_p=0.020  dropE=(0.020,0.080)  smooth=0.010  train_loss=0.1352  train_AUPR_all=0.8644  train_AUPR_ab=0.9001  train_AUPR_ag=0.8110  train_P@5_ab=1.0000  train_P@5_ag=1.0000  val_loss=0.3304  val_AUPR_all=0.5615  val_AUPR_ab=0.7168  val_AUPR_ag=0.3590  val_P@5_ab=0.8500  val_P@5_ag=0.7000  select=0.5379
Ep049  LR0=6.94e-05  pw=1.06  aucα=0.300  token_p=0.020  dropE=(0.020,0.080)  smooth=0.010  train_loss=0.1334  train_AUPR_all=0.8675  train_AUPR_ab=0.9032  train_AUPR_ag=0.8140  train_P@5_ab=1.0000  train_P@5_ag=1.0000  val_loss=0.3348  val_AUPR_all=0.5707  val_AUPR_ab=0.7210  val_AUPR_ag=0.3559  val_P@5_ab=0.9500  val_P@5_ag=0.6500  select=0.5384
Ep050  LR0=6.57e-05  pw=1.05  aucα=0.300  token_p=0.020  dropE=(0.020,0.080)  smooth=0.010  train_loss=0.1273  train_AUPR_all=0.8778  train_AUPR_ab=0.9090  train_AUPR_ag=0.8315  train_P@5_ab=1.0000  train_P@5_ag=1.0000  val_loss=0.3265  val_AUPR_all=0.5743  val_AUPR_ab=0.7270  val_AUPR_ag=0.3656  val_P@5_ab=0.8500  val_P@5_ag=0.7000  select=0.5463
Ep051  LR0=6.21e-05  pw=1.05  aucα=0.300  token_p=0.020  dropE=(0.020,0.080)  smooth=0.010  train_loss=0.1279  train_AUPR_all=0.8751  train_AUPR_ab=0.9070  train_AUPR_ag=0.8286  train_P@5_ab=1.0000  train_P@5_ag=1.0000  val_loss=0.3274  val_AUPR_all=0.5626  val_AUPR_ab=0.7151  val_AUPR_ag=0.3632  val_P@5_ab=0.8500  val_P@5_ag=0.6000  select=0.5392
Ep052  LR0=5.85e-05  pw=1.04  aucα=0.300  token_p=0.020  dropE=(0.020,0.080)  smooth=0.010  train_loss=0.1257  train_AUPR_all=0.8793  train_AUPR_ab=0.9102  train_AUPR_ag=0.8336  train_P@5_ab=0.9500  train_P@5_ag=1.0000  val_loss=0.3344  val_AUPR_all=0.5573  val_AUPR_ab=0.7185  val_AUPR_ag=0.3421  val_P@5_ab=0.9000  val_P@5_ag=0.6000  select=0.5303
Early stopping at epoch 52. Best select=0.5683 at epoch 32.
Final saved checkpoint for fold 1: checkpoints_post/iPara_balanced_l1_g5_i5_do0.10_dpr0.10_lr0.0002_heads16_fold1.pth
Best select=0.5683 at epoch 32

==========================================================================================
Fold 2/5
==========================================================================================
Train labels: valid=400834, pos=26650, neg=374184, ignore=696766, pos_frac=0.06649
Val labels: valid=99358, pos=6580, neg=92778, ignore=175842, pos_frac=0.06623
Initializing ClassificationModel with 5 GAT layers and residual connections...
Initializing MCModel with 5 GAT layers and 5 row attention layers (drop_path_rate=0.1)
Initializing CoreModel with 1 layers, drop_path_rate=0.1
Ep001  LR0=2.00e-04  pw=8.00  aucα=0.000  token_p=0.020  dropE=(0.020,0.080)  smooth=0.010  train_loss=0.6988  train_AUPR_all=0.2792  train_AUPR_ab=0.3439  train_AUPR_ag=0.1940  train_P@5_ab=0.5500  train_P@5_ag=0.8000  val_loss=0.8960  val_AUPR_all=0.3949  val_AUPR_ab=0.5008  val_AUPR_ag=0.2310  val_P@5_ab=0.6500  val_P@5_ag=0.8500  select=0.3659
  Saved checkpoint: checkpoints_post/iPara_balanced_l1_g5_i5_do0.10_dpr0.10_lr0.0002_heads16_fold2.pth  select=0.3659  val_ab=0.5008  val_ag=0.2310  val_all=0.3949
Ep002  LR0=2.00e-04  pw=7.33  aucα=0.000  token_p=0.020  dropE=(0.020,0.080)  smooth=0.010  train_loss=0.5450  train_AUPR_all=0.3972  train_AUPR_ab=0.4889  train_AUPR_ag=0.2553  train_P@5_ab=0.6500  train_P@5_ag=0.8500  val_loss=0.8856  val_AUPR_all=0.4291  val_AUPR_ab=0.5550  val_AUPR_ag=0.2334  val_P@5_ab=0.8500  val_P@5_ag=0.7500  select=0.3942
  Saved checkpoint: checkpoints_post/iPara_balanced_l1_g5_i5_do0.10_dpr0.10_lr0.0002_heads16_fold2.pth  select=0.3942  val_ab=0.5550  val_ag=0.2334  val_all=0.4291
Ep003  LR0=2.00e-04  pw=6.73  aucα=0.000  token_p=0.020  dropE=(0.020,0.080)  smooth=0.010  train_loss=0.4894  train_AUPR_all=0.4380  train_AUPR_ab=0.5290  train_AUPR_ag=0.2886  train_P@5_ab=0.6500  train_P@5_ag=0.8500  val_loss=0.6760  val_AUPR_all=0.4819  val_AUPR_ab=0.5813  val_AUPR_ag=0.3000  val_P@5_ab=0.8500  val_P@5_ag=0.8500  select=0.4406
  Saved checkpoint: checkpoints_post/iPara_balanced_l1_g5_i5_do0.10_dpr0.10_lr0.0002_heads16_fold2.pth  select=0.4406  val_ab=0.5813  val_ag=0.3000  val_all=0.4819
Ep004  LR0=1.99e-04  pw=6.19  aucα=0.000  token_p=0.020  dropE=(0.020,0.080)  smooth=0.010  train_loss=0.4488  train_AUPR_all=0.4672  train_AUPR_ab=0.5621  train_AUPR_ag=0.3059  train_P@5_ab=0.6000  train_P@5_ag=0.9000  val_loss=0.7192  val_AUPR_all=0.4922  val_AUPR_ab=0.6009  val_AUPR_ag=0.2922  val_P@5_ab=0.8500  val_P@5_ag=0.9500  select=0.4466
  Saved checkpoint: checkpoints_post/iPara_balanced_l1_g5_i5_do0.10_dpr0.10_lr0.0002_heads16_fold2.pth  select=0.4466  val_ab=0.6009  val_ag=0.2922  val_all=0.4922
Ep005  LR0=1.99e-04  pw=5.69  aucα=0.000  token_p=0.020  dropE=(0.020,0.080)  smooth=0.010  train_loss=0.4199  train_AUPR_all=0.4827  train_AUPR_ab=0.5861  train_AUPR_ag=0.3116  train_P@5_ab=0.9000  train_P@5_ag=0.9500  val_loss=0.5828  val_AUPR_all=0.5238  val_AUPR_ab=0.6194  val_AUPR_ag=0.3541  val_P@5_ab=0.8000  val_P@5_ag=0.8500  select=0.4868
  Saved checkpoint: checkpoints_post/iPara_balanced_l1_g5_i5_do0.10_dpr0.10_lr0.0002_heads16_fold2.pth  select=0.4868  val_ab=0.6194  val_ag=0.3541  val_all=0.5238
Ep006  LR0=1.98e-04  pw=5.25  aucα=0.000  token_p=0.020  dropE=(0.020,0.080)  smooth=0.010  train_loss=0.3968  train_AUPR_all=0.5010  train_AUPR_ab=0.5995  train_AUPR_ag=0.3340  train_P@5_ab=0.8500  train_P@5_ag=0.9500  val_loss=0.6098  val_AUPR_all=0.4882  val_AUPR_ab=0.6154  val_AUPR_ag=0.2971  val_P@5_ab=0.6500  val_P@5_ag=0.9500  select=0.4562
Ep007  LR0=1.97e-04  pw=4.84  aucα=0.000  token_p=0.020  dropE=(0.020,0.080)  smooth=0.010  train_loss=0.3746  train_AUPR_all=0.5093  train_AUPR_ab=0.6080  train_AUPR_ag=0.3448  train_P@5_ab=0.9000  train_P@5_ag=0.8500  val_loss=0.6620  val_AUPR_all=0.4817  val_AUPR_ab=0.6136  val_AUPR_ag=0.2939  val_P@5_ab=0.7500  val_P@5_ag=1.0000  select=0.4538
Ep008  LR0=1.96e-04  pw=4.48  aucα=0.000  token_p=0.020  dropE=(0.020,0.080)  smooth=0.010  train_loss=0.3500  train_AUPR_all=0.5283  train_AUPR_ab=0.6281  train_AUPR_ag=0.3586  train_P@5_ab=0.7500  train_P@5_ag=1.0000  val_loss=0.5362  val_AUPR_all=0.5396  val_AUPR_ab=0.6508  val_AUPR_ag=0.3399  val_P@5_ab=0.8000  val_P@5_ag=1.0000  select=0.4954
  Saved checkpoint: checkpoints_post/iPara_balanced_l1_g5_i5_do0.10_dpr0.10_lr0.0002_heads16_fold2.pth  select=0.4954  val_ab=0.6508  val_ag=0.3399  val_all=0.5396
Ep009  LR0=1.95e-04  pw=4.15  aucα=0.000  token_p=0.020  dropE=(0.020,0.080)  smooth=0.010  train_loss=0.3333  train_AUPR_all=0.5325  train_AUPR_ab=0.6362  train_AUPR_ag=0.3577  train_P@5_ab=0.8500  train_P@5_ag=0.9000  val_loss=0.5341  val_AUPR_all=0.5343  val_AUPR_ab=0.6414  val_AUPR_ag=0.3383  val_P@5_ab=0.8000  val_P@5_ag=0.9000  select=0.4899
Ep010  LR0=1.94e-04  pw=3.85  aucα=0.030  token_p=0.020  dropE=(0.020,0.080)  smooth=0.010  train_loss=0.3316  train_AUPR_all=0.5469  train_AUPR_ab=0.6577  train_AUPR_ag=0.3675  train_P@5_ab=0.8500  train_P@5_ag=1.0000  val_loss=0.5204  val_AUPR_all=0.5286  val_AUPR_ab=0.6414  val_AUPR_ag=0.3698  val_P@5_ab=0.7000  val_P@5_ag=1.0000  select=0.5056
  Saved checkpoint: checkpoints_post/iPara_balanced_l1_g5_i5_do0.10_dpr0.10_lr0.0002_heads16_fold2.pth  select=0.5056  val_ab=0.6414  val_ag=0.3698  val_all=0.5286
Unfreezing DyM parameters.
Ep011  LR0=1.92e-04  pw=3.58  aucα=0.060  token_p=0.020  dropE=(0.020,0.080)  smooth=0.010  train_loss=0.3298  train_AUPR_all=0.5549  train_AUPR_ab=0.6650  train_AUPR_ag=0.3772  train_P@5_ab=1.0000  train_P@5_ag=0.8000  val_loss=0.5287  val_AUPR_all=0.5380  val_AUPR_ab=0.6676  val_AUPR_ag=0.3149  val_P@5_ab=0.9000  val_P@5_ag=0.9500  select=0.4913
Ep012  LR0=1.91e-04  pw=3.33  aucα=0.090  token_p=0.020  dropE=(0.020,0.080)  smooth=0.010  train_loss=0.3308  train_AUPR_all=0.5567  train_AUPR_ab=0.6666  train_AUPR_ag=0.3782  train_P@5_ab=1.0000  train_P@5_ag=1.0000  val_loss=0.4877  val_AUPR_all=0.5448  val_AUPR_ab=0.6547  val_AUPR_ag=0.3469  val_P@5_ab=1.0000  val_P@5_ag=1.0000  select=0.5008
Ep013  LR0=1.89e-04  pw=3.11  aucα=0.120  token_p=0.020  dropE=(0.020,0.080)  smooth=0.010  train_loss=0.3306  train_AUPR_all=0.5659  train_AUPR_ab=0.6752  train_AUPR_ag=0.3871  train_P@5_ab=0.9500  train_P@5_ag=1.0000  val_loss=0.4572  val_AUPR_all=0.5533  val_AUPR_ab=0.6707  val_AUPR_ag=0.3416  val_P@5_ab=0.9000  val_P@5_ag=0.9500  select=0.5062
  Saved checkpoint: checkpoints_post/iPara_balanced_l1_g5_i5_do0.10_dpr0.10_lr0.0002_heads16_fold2.pth  select=0.5062  val_ab=0.6707  val_ag=0.3416  val_all=0.5533
Ep014  LR0=1.87e-04  pw=2.91  aucα=0.150  token_p=0.020  dropE=(0.020,0.080)  smooth=0.010  train_loss=0.3303  train_AUPR_all=0.5793  train_AUPR_ab=0.6902  train_AUPR_ag=0.4023  train_P@5_ab=1.0000  train_P@5_ag=0.8500  val_loss=0.4809  val_AUPR_all=0.5285  val_AUPR_ab=0.6762  val_AUPR_ag=0.2881  val_P@5_ab=0.9500  val_P@5_ag=1.0000  select=0.4821
Ep015  LR0=1.85e-04  pw=2.73  aucα=0.180  token_p=0.020  dropE=(0.020,0.080)  smooth=0.010  train_loss=0.3293  train_AUPR_all=0.5906  train_AUPR_ab=0.7051  train_AUPR_ag=0.4111  train_P@5_ab=0.8500  train_P@5_ag=0.9000  val_loss=0.4118  val_AUPR_all=0.5622  val_AUPR_ab=0.6735  val_AUPR_ag=0.3653  val_P@5_ab=0.8000  val_P@5_ag=0.9500  select=0.5194
  Saved checkpoint: checkpoints_post/iPara_balanced_l1_g5_i5_do0.10_dpr0.10_lr0.0002_heads16_fold2.pth  select=0.5194  val_ab=0.6735  val_ag=0.3653  val_all=0.5622
Ep016  LR0=1.83e-04  pw=2.56  aucα=0.210  token_p=0.020  dropE=(0.020,0.080)  smooth=0.010  train_loss=0.3316  train_AUPR_all=0.5964  train_AUPR_ab=0.7012  train_AUPR_ag=0.4329  train_P@5_ab=1.0000  train_P@5_ag=0.9500  val_loss=0.4407  val_AUPR_all=0.5428  val_AUPR_ab=0.6828  val_AUPR_ag=0.3312  val_P@5_ab=0.9000  val_P@5_ag=0.8500  select=0.5070
Ep017  LR0=1.81e-04  pw=2.41  aucα=0.240  token_p=0.020  dropE=(0.020,0.080)  smooth=0.010  train_loss=0.3327  train_AUPR_all=0.6035  train_AUPR_ab=0.7121  train_AUPR_ag=0.4350  train_P@5_ab=1.0000  train_P@5_ag=1.0000  val_loss=0.3865  val_AUPR_all=0.5752  val_AUPR_ab=0.6928  val_AUPR_ag=0.3753  val_P@5_ab=0.9500  val_P@5_ag=1.0000  select=0.5341
  Saved checkpoint: checkpoints_post/iPara_balanced_l1_g5_i5_do0.10_dpr0.10_lr0.0002_heads16_fold2.pth  select=0.5341  val_ab=0.6928  val_ag=0.3753  val_all=0.5752
Ep018  LR0=1.79e-04  pw=2.28  aucα=0.270  token_p=0.020  dropE=(0.020,0.080)  smooth=0.010  train_loss=0.3364  train_AUPR_all=0.6096  train_AUPR_ab=0.7153  train_AUPR_ag=0.4474  train_P@5_ab=0.9500  train_P@5_ag=0.9000  val_loss=0.3868  val_AUPR_all=0.5581  val_AUPR_ab=0.6846  val_AUPR_ag=0.3570  val_P@5_ab=0.8500  val_P@5_ag=0.9500  select=0.5208
Ep019  LR0=1.76e-04  pw=2.16  aucα=0.300  token_p=0.020  dropE=(0.020,0.080)  smooth=0.010  train_loss=0.3346  train_AUPR_all=0.6192  train_AUPR_ab=0.7244  train_AUPR_ag=0.4575  train_P@5_ab=0.9000  train_P@5_ag=1.0000  val_loss=0.3684  val_AUPR_all=0.5828  val_AUPR_ab=0.7046  val_AUPR_ag=0.3898  val_P@5_ab=0.9500  val_P@5_ag=1.0000  select=0.5472
  Saved checkpoint: checkpoints_post/iPara_balanced_l1_g5_i5_do0.10_dpr0.10_lr0.0002_heads16_fold2.pth  select=0.5472  val_ab=0.7046  val_ag=0.3898  val_all=0.5828
Ep020  LR0=1.73e-04  pw=2.05  aucα=0.300  token_p=0.020  dropE=(0.020,0.080)  smooth=0.010  train_loss=0.3230  train_AUPR_all=0.6328  train_AUPR_ab=0.7381  train_AUPR_ag=0.4717  train_P@5_ab=1.0000  train_P@5_ag=0.9500  val_loss=0.3522  val_AUPR_all=0.5955  val_AUPR_ab=0.7131  val_AUPR_ag=0.3970  val_P@5_ab=0.9500  val_P@5_ag=1.0000  select=0.5550
  Saved checkpoint: checkpoints_post/iPara_balanced_l1_g5_i5_do0.10_dpr0.10_lr0.0002_heads16_fold2.pth  select=0.5550  val_ab=0.7131  val_ag=0.3970  val_all=0.5955
Ep021  LR0=1.71e-04  pw=1.95  aucα=0.300  token_p=0.020  dropE=(0.020,0.080)  smooth=0.010  train_loss=0.3070  train_AUPR_all=0.6457  train_AUPR_ab=0.7456  train_AUPR_ag=0.4933  train_P@5_ab=1.0000  train_P@5_ag=0.9500  val_loss=0.3763  val_AUPR_all=0.5751  val_AUPR_ab=0.7127  val_AUPR_ag=0.3721  val_P@5_ab=0.9500  val_P@5_ag=0.9000  select=0.5424
Ep022  LR0=1.68e-04  pw=1.86  aucα=0.300  token_p=0.020  dropE=(0.020,0.080)  smooth=0.010  train_loss=0.3005  train_AUPR_all=0.6514  train_AUPR_ab=0.7483  train_AUPR_ag=0.5045  train_P@5_ab=1.0000  train_P@5_ag=1.0000  val_loss=0.3573  val_AUPR_all=0.5803  val_AUPR_ab=0.7096  val_AUPR_ag=0.3823  val_P@5_ab=1.0000  val_P@5_ag=0.9500  select=0.5460
Ep023  LR0=1.65e-04  pw=1.78  aucα=0.300  token_p=0.020  dropE=(0.020,0.080)  smooth=0.010  train_loss=0.2888  train_AUPR_all=0.6637  train_AUPR_ab=0.7536  train_AUPR_ag=0.5300  train_P@5_ab=1.0000  train_P@5_ag=1.0000  val_loss=0.3422  val_AUPR_all=0.5922  val_AUPR_ab=0.7201  val_AUPR_ag=0.3875  val_P@5_ab=0.9500  val_P@5_ag=1.0000  select=0.5538
Ep024  LR0=1.62e-04  pw=1.70  aucα=0.300  token_p=0.020  dropE=(0.020,0.080)  smooth=0.010  train_loss=0.2770  train_AUPR_all=0.6724  train_AUPR_ab=0.7622  train_AUPR_ag=0.5385  train_P@5_ab=1.0000  train_P@5_ag=1.0000  val_loss=0.3560  val_AUPR_all=0.5656  val_AUPR_ab=0.6986  val_AUPR_ag=0.3604  val_P@5_ab=0.9500  val_P@5_ag=0.9500  select=0.5295
Ep025  LR0=1.59e-04  pw=1.64  aucα=0.300  token_p=0.020  dropE=(0.020,0.080)  smooth=0.010  train_loss=0.2675  train_AUPR_all=0.6826  train_AUPR_ab=0.7633  train_AUPR_ag=0.5626  train_P@5_ab=1.0000  train_P@5_ag=1.0000  val_loss=0.3493  val_AUPR_all=0.5811  val_AUPR_ab=0.7129  val_AUPR_ag=0.3912  val_P@5_ab=1.0000  val_P@5_ag=1.0000  select=0.5521
Ep026  LR0=1.56e-04  pw=1.57  aucα=0.300  token_p=0.020  dropE=(0.020,0.080)  smooth=0.010  train_loss=0.2546  train_AUPR_all=0.7011  train_AUPR_ab=0.7799  train_AUPR_ag=0.5849  train_P@5_ab=1.0000  train_P@5_ag=1.0000  val_loss=0.3500  val_AUPR_all=0.5706  val_AUPR_ab=0.7119  val_AUPR_ag=0.3819  val_P@5_ab=1.0000  val_P@5_ag=0.9000  select=0.5469
Ep027  LR0=1.52e-04  pw=1.52  aucα=0.300  token_p=0.020  dropE=(0.020,0.080)  smooth=0.010  train_loss=0.2457  train_AUPR_all=0.7089  train_AUPR_ab=0.7820  train_AUPR_ag=0.6019  train_P@5_ab=1.0000  train_P@5_ag=0.9500  val_loss=0.3435  val_AUPR_all=0.5880  val_AUPR_ab=0.7132  val_AUPR_ag=0.3873  val_P@5_ab=1.0000  val_P@5_ag=1.0000  select=0.5502
Ep028  LR0=1.49e-04  pw=1.47  aucα=0.300  token_p=0.020  dropE=(0.020,0.080)  smooth=0.010  train_loss=0.2345  train_AUPR_all=0.7280  train_AUPR_ab=0.7976  train_AUPR_ag=0.6270  train_P@5_ab=1.0000  train_P@5_ag=1.0000  val_loss=0.3377  val_AUPR_all=0.5817  val_AUPR_ab=0.7054  val_AUPR_ag=0.3953  val_P@5_ab=0.9500  val_P@5_ag=0.9500  select=0.5504
Ep029  LR0=1.46e-04  pw=1.43  aucα=0.300  token_p=0.020  dropE=(0.020,0.080)  smooth=0.010  train_loss=0.2316  train_AUPR_all=0.7284  train_AUPR_ab=0.7959  train_AUPR_ag=0.6297  train_P@5_ab=1.0000  train_P@5_ag=1.0000  val_loss=0.3321  val_AUPR_all=0.5814  val_AUPR_ab=0.7169  val_AUPR_ag=0.3866  val_P@5_ab=0.9500  val_P@5_ag=0.9000  select=0.5517
Ep030  LR0=1.42e-04  pw=1.39  aucα=0.300  token_p=0.020  dropE=(0.020,0.080)  smooth=0.010  train_loss=0.2221  train_AUPR_all=0.7392  train_AUPR_ab=0.8014  train_AUPR_ag=0.6490  train_P@5_ab=1.0000  train_P@5_ag=0.9500  val_loss=0.3196  val_AUPR_all=0.5915  val_AUPR_ab=0.7212  val_AUPR_ag=0.4171  val_P@5_ab=0.9500  val_P@5_ag=0.9500  select=0.5692
  Saved checkpoint: checkpoints_post/iPara_balanced_l1_g5_i5_do0.10_dpr0.10_lr0.0002_heads16_fold2.pth  select=0.5692  val_ab=0.7212  val_ag=0.4171  val_all=0.5915
Ep031  LR0=1.38e-04  pw=1.35  aucα=0.300  token_p=0.020  dropE=(0.020,0.080)  smooth=0.010  train_loss=0.2106  train_AUPR_all=0.7558  train_AUPR_ab=0.8130  train_AUPR_ag=0.6738  train_P@5_ab=1.0000  train_P@5_ag=1.0000  val_loss=0.3351  val_AUPR_all=0.5747  val_AUPR_ab=0.7118  val_AUPR_ag=0.3781  val_P@5_ab=0.9500  val_P@5_ag=0.9500  select=0.5450
Ep032  LR0=1.35e-04  pw=1.32  aucα=0.300  token_p=0.020  dropE=(0.020,0.080)  smooth=0.010  train_loss=0.2026  train_AUPR_all=0.7685  train_AUPR_ab=0.8239  train_AUPR_ag=0.6895  train_P@5_ab=1.0000  train_P@5_ag=1.0000  val_loss=0.3321  val_AUPR_all=0.5782  val_AUPR_ab=0.7183  val_AUPR_ag=0.3833  val_P@5_ab=0.9500  val_P@5_ag=1.0000  select=0.5508
Ep033  LR0=1.31e-04  pw=1.29  aucα=0.300  token_p=0.020  dropE=(0.020,0.080)  smooth=0.010  train_loss=0.1964  train_AUPR_all=0.7772  train_AUPR_ab=0.8284  train_AUPR_ag=0.7046  train_P@5_ab=1.0000  train_P@5_ag=1.0000  val_loss=0.3349  val_AUPR_all=0.5788  val_AUPR_ab=0.7322  val_AUPR_ag=0.3834  val_P@5_ab=0.9000  val_P@5_ag=0.9500  select=0.5578
Ep034  LR0=1.27e-04  pw=1.26  aucα=0.300  token_p=0.020  dropE=(0.020,0.080)  smooth=0.010  train_loss=0.1917  train_AUPR_all=0.7825  train_AUPR_ab=0.8328  train_AUPR_ag=0.7111  train_P@5_ab=1.0000  train_P@5_ag=1.0000  val_loss=0.3306  val_AUPR_all=0.5915  val_AUPR_ab=0.7289  val_AUPR_ag=0.3938  val_P@5_ab=0.9000  val_P@5_ag=0.9500  select=0.5614
Ep035  LR0=1.24e-04  pw=1.23  aucα=0.300  token_p=0.020  dropE=(0.020,0.080)  smooth=0.010  train_loss=0.1865  train_AUPR_all=0.7868  train_AUPR_ab=0.8359  train_AUPR_ag=0.7172  train_P@5_ab=1.0000  train_P@5_ag=1.0000  val_loss=0.3340  val_AUPR_all=0.5744  val_AUPR_ab=0.7173  val_AUPR_ag=0.3784  val_P@5_ab=0.9000  val_P@5_ag=0.9000  select=0.5479
Ep036  LR0=1.20e-04  pw=1.21  aucα=0.300  token_p=0.020  dropE=(0.020,0.080)  smooth=0.010  train_loss=0.1776  train_AUPR_all=0.8018  train_AUPR_ab=0.8476  train_AUPR_ag=0.7361  train_P@5_ab=1.0000  train_P@5_ag=1.0000  val_loss=0.3396  val_AUPR_all=0.5747  val_AUPR_ab=0.7236  val_AUPR_ag=0.3916  val_P@5_ab=0.8500  val_P@5_ag=1.0000  select=0.5576
Ep037  LR0=1.16e-04  pw=1.19  aucα=0.300  token_p=0.020  dropE=(0.020,0.080)  smooth=0.010  train_loss=0.1729  train_AUPR_all=0.8092  train_AUPR_ab=0.8506  train_AUPR_ag=0.7512  train_P@5_ab=0.9500  train_P@5_ag=1.0000  val_loss=0.3448  val_AUPR_all=0.5757  val_AUPR_ab=0.7268  val_AUPR_ag=0.3693  val_P@5_ab=0.9500  val_P@5_ag=0.9000  select=0.5481
Ep038  LR0=1.12e-04  pw=1.17  aucα=0.300  token_p=0.020  dropE=(0.020,0.080)  smooth=0.010  train_loss=0.1669  train_AUPR_all=0.8167  train_AUPR_ab=0.8579  train_AUPR_ag=0.7583  train_P@5_ab=1.0000  train_P@5_ag=1.0000  val_loss=0.3269  val_AUPR_all=0.5774  val_AUPR_ab=0.7190  val_AUPR_ag=0.3987  val_P@5_ab=1.0000  val_P@5_ag=0.9500  select=0.5589
Ep039  LR0=1.08e-04  pw=1.16  aucα=0.300  token_p=0.020  dropE=(0.020,0.080)  smooth=0.010  train_loss=0.1580  train_AUPR_all=0.8335  train_AUPR_ab=0.8719  train_AUPR_ag=0.7794  train_P@5_ab=1.0000  train_P@5_ag=1.0000  val_loss=0.3339  val_AUPR_all=0.5769  val_AUPR_ab=0.7227  val_AUPR_ag=0.3947  val_P@5_ab=0.9000  val_P@5_ag=0.8000  select=0.5587
Ep040  LR0=1.04e-04  pw=1.14  aucα=0.300  token_p=0.020  dropE=(0.020,0.080)  smooth=0.010  train_loss=0.1594  train_AUPR_all=0.8305  train_AUPR_ab=0.8692  train_AUPR_ag=0.7757  train_P@5_ab=1.0000  train_P@5_ag=1.0000  val_loss=0.3278  val_AUPR_all=0.5831  val_AUPR_ab=0.7184  val_AUPR_ag=0.3886  val_P@5_ab=0.8500  val_P@5_ag=1.0000  select=0.5535
Ep041  LR0=1.00e-04  pw=1.13  aucα=0.300  token_p=0.020  dropE=(0.020,0.080)  smooth=0.010  train_loss=0.1532  train_AUPR_all=0.8391  train_AUPR_ab=0.8742  train_AUPR_ag=0.7889  train_P@5_ab=1.0000  train_P@5_ag=1.0000  val_loss=0.3343  val_AUPR_all=0.5688  val_AUPR_ab=0.7154  val_AUPR_ag=0.3748  val_P@5_ab=0.9500  val_P@5_ag=0.5000  select=0.5451
Ep042  LR0=9.63e-05  pw=1.12  aucα=0.300  token_p=0.020  dropE=(0.020,0.080)  smooth=0.010  train_loss=0.1471  train_AUPR_all=0.8476  train_AUPR_ab=0.8822  train_AUPR_ag=0.7980  train_P@5_ab=1.0000  train_P@5_ag=1.0000  val_loss=0.3366  val_AUPR_all=0.5666  val_AUPR_ab=0.7182  val_AUPR_ag=0.3768  val_P@5_ab=0.9000  val_P@5_ag=0.6000  select=0.5475
Ep043  LR0=9.24e-05  pw=1.10  aucα=0.300  token_p=0.020  dropE=(0.020,0.080)  smooth=0.010  train_loss=0.1455  train_AUPR_all=0.8505  train_AUPR_ab=0.8849  train_AUPR_ag=0.8014  train_P@5_ab=1.0000  train_P@5_ag=1.0000  val_loss=0.3406  val_AUPR_all=0.5706  val_AUPR_ab=0.7207  val_AUPR_ag=0.3685  val_P@5_ab=0.9500  val_P@5_ag=0.9500  select=0.5446
Ep044  LR0=8.85e-05  pw=1.09  aucα=0.300  token_p=0.020  dropE=(0.020,0.080)  smooth=0.010  train_loss=0.1394  train_AUPR_all=0.8600  train_AUPR_ab=0.8915  train_AUPR_ag=0.8147  train_P@5_ab=1.0000  train_P@5_ag=1.0000  val_loss=0.3494  val_AUPR_all=0.5608  val_AUPR_ab=0.7116  val_AUPR_ag=0.3638  val_P@5_ab=0.9000  val_P@5_ag=0.7500  select=0.5377
Ep045  LR0=8.46e-05  pw=1.09  aucα=0.300  token_p=0.020  dropE=(0.020,0.080)  smooth=0.010  train_loss=0.1365  train_AUPR_all=0.8642  train_AUPR_ab=0.8965  train_AUPR_ag=0.8182  train_P@5_ab=1.0000  train_P@5_ag=1.0000  val_loss=0.3412  val_AUPR_all=0.5699  val_AUPR_ab=0.7194  val_AUPR_ag=0.3746  val_P@5_ab=0.7500  val_P@5_ag=0.7500  select=0.5470
Ep046  LR0=8.08e-05  pw=1.08  aucα=0.300  token_p=0.020  dropE=(0.020,0.080)  smooth=0.010  train_loss=0.1318  train_AUPR_all=0.8732  train_AUPR_ab=0.9030  train_AUPR_ag=0.8305  train_P@5_ab=1.0000  train_P@5_ag=1.0000  val_loss=0.3431  val_AUPR_all=0.5659  val_AUPR_ab=0.7201  val_AUPR_ag=0.3651  val_P@5_ab=0.8500  val_P@5_ag=0.9000  select=0.5426
Ep047  LR0=7.70e-05  pw=1.07  aucα=0.300  token_p=0.020  dropE=(0.020,0.080)  smooth=0.010  train_loss=0.1271  train_AUPR_all=0.8793  train_AUPR_ab=0.9102  train_AUPR_ag=0.8346  train_P@5_ab=1.0000  train_P@5_ag=0.9500  val_loss=0.3477  val_AUPR_all=0.5621  val_AUPR_ab=0.7185  val_AUPR_ag=0.3625  val_P@5_ab=0.9000  val_P@5_ag=0.6500  select=0.5405
Ep048  LR0=7.32e-05  pw=1.06  aucα=0.300  token_p=0.020  dropE=(0.020,0.080)  smooth=0.010  train_loss=0.1225  train_AUPR_all=0.8860  train_AUPR_ab=0.9163  train_AUPR_ag=0.8420  train_P@5_ab=1.0000  train_P@5_ag=0.9000  val_loss=0.3556  val_AUPR_all=0.5530  val_AUPR_ab=0.7110  val_AUPR_ag=0.3454  val_P@5_ab=0.9000  val_P@5_ag=0.7000  select=0.5282
Ep049  LR0=6.94e-05  pw=1.06  aucα=0.300  token_p=0.020  dropE=(0.020,0.080)  smooth=0.010  train_loss=0.1192  train_AUPR_all=0.8925  train_AUPR_ab=0.9195  train_AUPR_ag=0.8536  train_P@5_ab=1.0000  train_P@5_ag=1.0000  val_loss=0.3575  val_AUPR_all=0.5609  val_AUPR_ab=0.7177  val_AUPR_ag=0.3435  val_P@5_ab=0.8500  val_P@5_ag=0.6500  select=0.5306
Ep050  LR0=6.57e-05  pw=1.05  aucα=0.300  token_p=0.020  dropE=(0.020,0.080)  smooth=0.010  train_loss=0.1221  train_AUPR_all=0.8862  train_AUPR_ab=0.9131  train_AUPR_ag=0.8481  train_P@5_ab=1.0000  train_P@5_ag=1.0000  val_loss=0.3455  val_AUPR_all=0.5655  val_AUPR_ab=0.7129  val_AUPR_ag=0.3750  val_P@5_ab=0.9000  val_P@5_ag=0.8500  select=0.5439
Early stopping at epoch 50. Best select=0.5692 at epoch 30.
Final saved checkpoint for fold 2: checkpoints_post/iPara_balanced_l1_g5_i5_do0.10_dpr0.10_lr0.0002_heads16_fold2.pth
Best select=0.5692 at epoch 30

==========================================================================================
Fold 3/5
==========================================================================================
Train labels: valid=401949, pos=26660, neg=375289, ignore=695651, pos_frac=0.06633
Val labels: valid=98243, pos=6570, neg=91673, ignore=176957, pos_frac=0.06687
Initializing ClassificationModel with 5 GAT layers and residual connections...
Initializing MCModel with 5 GAT layers and 5 row attention layers (drop_path_rate=0.1)
Initializing CoreModel with 1 layers, drop_path_rate=0.1
Ep001  LR0=2.00e-04  pw=8.00  aucα=0.000  token_p=0.020  dropE=(0.020,0.080)  smooth=0.010  train_loss=0.7318  train_AUPR_all=0.2838  train_AUPR_ab=0.3536  train_AUPR_ag=0.1935  train_P@5_ab=0.7500  train_P@5_ag=0.7000  val_loss=0.9641  val_AUPR_all=0.4015  val_AUPR_ab=0.4760  val_AUPR_ag=0.2684  val_P@5_ab=0.5000  val_P@5_ag=1.0000  select=0.3722
  Saved checkpoint: checkpoints_post/iPara_balanced_l1_g5_i5_do0.10_dpr0.10_lr0.0002_heads16_fold3.pth  select=0.3722  val_ab=0.4760  val_ag=0.2684  val_all=0.4015
Ep002  LR0=2.00e-04  pw=7.33  aucα=0.000  token_p=0.020  dropE=(0.020,0.080)  smooth=0.010  train_loss=0.5588  train_AUPR_all=0.3729  train_AUPR_ab=0.4619  train_AUPR_ag=0.2352  train_P@5_ab=0.8000  train_P@5_ag=0.9000  val_loss=0.8328  val_AUPR_all=0.4514  val_AUPR_ab=0.5662  val_AUPR_ag=0.2605  val_P@5_ab=0.8000  val_P@5_ag=0.9000  select=0.4134
  Saved checkpoint: checkpoints_post/iPara_balanced_l1_g5_i5_do0.10_dpr0.10_lr0.0002_heads16_fold3.pth  select=0.4134  val_ab=0.5662  val_ag=0.2605  val_all=0.4514
Ep003  LR0=2.00e-04  pw=6.73  aucα=0.000  token_p=0.020  dropE=(0.020,0.080)  smooth=0.010  train_loss=0.4947  train_AUPR_all=0.4238  train_AUPR_ab=0.5166  train_AUPR_ag=0.2726  train_P@5_ab=0.7000  train_P@5_ag=0.9000  val_loss=0.7645  val_AUPR_all=0.4467  val_AUPR_ab=0.5884  val_AUPR_ag=0.2085  val_P@5_ab=0.9500  val_P@5_ag=0.9500  select=0.3985
Ep004  LR0=1.99e-04  pw=6.19  aucα=0.000  token_p=0.020  dropE=(0.020,0.080)  smooth=0.010  train_loss=0.4609  train_AUPR_all=0.4447  train_AUPR_ab=0.5387  train_AUPR_ag=0.2890  train_P@5_ab=0.6000  train_P@5_ag=0.8000  val_loss=0.7061  val_AUPR_all=0.4619  val_AUPR_ab=0.6158  val_AUPR_ag=0.2359  val_P@5_ab=0.8000  val_P@5_ag=0.9000  select=0.4259
  Saved checkpoint: checkpoints_post/iPara_balanced_l1_g5_i5_do0.10_dpr0.10_lr0.0002_heads16_fold3.pth  select=0.4259  val_ab=0.6158  val_ag=0.2359  val_all=0.4619
Ep005  LR0=1.99e-04  pw=5.69  aucα=0.000  token_p=0.020  dropE=(0.020,0.080)  smooth=0.010  train_loss=0.4271  train_AUPR_all=0.4731  train_AUPR_ab=0.5760  train_AUPR_ag=0.3060  train_P@5_ab=0.7500  train_P@5_ag=0.9000  val_loss=0.6125  val_AUPR_all=0.5183  val_AUPR_ab=0.6524  val_AUPR_ag=0.3054  val_P@5_ab=1.0000  val_P@5_ag=1.0000  select=0.4789
  Saved checkpoint: checkpoints_post/iPara_balanced_l1_g5_i5_do0.10_dpr0.10_lr0.0002_heads16_fold3.pth  select=0.4789  val_ab=0.6524  val_ag=0.3054  val_all=0.5183
Ep006  LR0=1.98e-04  pw=5.25  aucα=0.000  token_p=0.020  dropE=(0.020,0.080)  smooth=0.010  train_loss=0.3996  train_AUPR_all=0.4917  train_AUPR_ab=0.5925  train_AUPR_ag=0.3257  train_P@5_ab=0.7500  train_P@5_ag=0.9000  val_loss=0.5714  val_AUPR_all=0.5129  val_AUPR_ab=0.6427  val_AUPR_ag=0.3157  val_P@5_ab=0.8500  val_P@5_ag=0.9000  select=0.4792
  Saved checkpoint: checkpoints_post/iPara_balanced_l1_g5_i5_do0.10_dpr0.10_lr0.0002_heads16_fold3.pth  select=0.4792  val_ab=0.6427  val_ag=0.3157  val_all=0.5129
Ep007  LR0=1.97e-04  pw=4.84  aucα=0.000  token_p=0.020  dropE=(0.020,0.080)  smooth=0.010  train_loss=0.3763  train_AUPR_all=0.5059  train_AUPR_ab=0.6097  train_AUPR_ag=0.3368  train_P@5_ab=0.6500  train_P@5_ag=0.7500  val_loss=0.6138  val_AUPR_all=0.5084  val_AUPR_ab=0.6426  val_AUPR_ag=0.2910  val_P@5_ab=0.9500  val_P@5_ag=0.9500  select=0.4668
Ep008  LR0=1.96e-04  pw=4.48  aucα=0.000  token_p=0.020  dropE=(0.020,0.080)  smooth=0.010  train_loss=0.3555  train_AUPR_all=0.5168  train_AUPR_ab=0.6216  train_AUPR_ag=0.3426  train_P@5_ab=0.8500  train_P@5_ag=0.9500  val_loss=0.5664  val_AUPR_all=0.5408  val_AUPR_ab=0.6753  val_AUPR_ag=0.3206  val_P@5_ab=1.0000  val_P@5_ag=1.0000  select=0.4979
  Saved checkpoint: checkpoints_post/iPara_balanced_l1_g5_i5_do0.10_dpr0.10_lr0.0002_heads16_fold3.pth  select=0.4979  val_ab=0.6753  val_ag=0.3206  val_all=0.5408
Ep009  LR0=1.95e-04  pw=4.15  aucα=0.000  token_p=0.020  dropE=(0.020,0.080)  smooth=0.010  train_loss=0.3361  train_AUPR_all=0.5276  train_AUPR_ab=0.6332  train_AUPR_ag=0.3536  train_P@5_ab=0.8500  train_P@5_ag=0.9500  val_loss=0.5073  val_AUPR_all=0.5291  val_AUPR_ab=0.6383  val_AUPR_ag=0.3410  val_P@5_ab=0.9000  val_P@5_ag=1.0000  select=0.4896
Ep010  LR0=1.94e-04  pw=3.85  aucα=0.030  token_p=0.020  dropE=(0.020,0.080)  smooth=0.010  train_loss=0.3314  train_AUPR_all=0.5397  train_AUPR_ab=0.6443  train_AUPR_ag=0.3706  train_P@5_ab=0.9500  train_P@5_ag=0.9500  val_loss=0.5337  val_AUPR_all=0.4486  val_AUPR_ab=0.5339  val_AUPR_ag=0.3116  val_P@5_ab=0.6500  val_P@5_ag=1.0000  select=0.4228
Unfreezing DyM parameters.
Ep011  LR0=1.92e-04  pw=3.58  aucα=0.060  token_p=0.020  dropE=(0.020,0.080)  smooth=0.010  train_loss=0.3334  train_AUPR_all=0.5474  train_AUPR_ab=0.6540  train_AUPR_ag=0.3711  train_P@5_ab=0.8500  train_P@5_ag=0.9000  val_loss=0.5073  val_AUPR_all=0.5447  val_AUPR_ab=0.6852  val_AUPR_ag=0.3448  val_P@5_ab=0.8500  val_P@5_ag=0.9500  select=0.5150
  Saved checkpoint: checkpoints_post/iPara_balanced_l1_g5_i5_do0.10_dpr0.10_lr0.0002_heads16_fold3.pth  select=0.5150  val_ab=0.6852  val_ag=0.3448  val_all=0.5447
Ep012  LR0=1.91e-04  pw=3.33  aucα=0.090  token_p=0.020  dropE=(0.020,0.080)  smooth=0.010  train_loss=0.3330  train_AUPR_all=0.5594  train_AUPR_ab=0.6712  train_AUPR_ag=0.3797  train_P@5_ab=1.0000  train_P@5_ag=0.9000  val_loss=0.4380  val_AUPR_all=0.5729  val_AUPR_ab=0.7025  val_AUPR_ag=0.3738  val_P@5_ab=0.9500  val_P@5_ag=1.0000  select=0.5382
  Saved checkpoint: checkpoints_post/iPara_balanced_l1_g5_i5_do0.10_dpr0.10_lr0.0002_heads16_fold3.pth  select=0.5382  val_ab=0.7025  val_ag=0.3738  val_all=0.5729
Ep013  LR0=1.89e-04  pw=3.11  aucα=0.120  token_p=0.020  dropE=(0.020,0.080)  smooth=0.010  train_loss=0.3328  train_AUPR_all=0.5655  train_AUPR_ab=0.6800  train_AUPR_ag=0.3840  train_P@5_ab=1.0000  train_P@5_ag=1.0000  val_loss=0.4594  val_AUPR_all=0.5494  val_AUPR_ab=0.6764  val_AUPR_ag=0.3415  val_P@5_ab=0.9500  val_P@5_ag=0.7000  select=0.5089
Ep014  LR0=1.87e-04  pw=2.91  aucα=0.150  token_p=0.020  dropE=(0.020,0.080)  smooth=0.010  train_loss=0.3342  train_AUPR_all=0.5704  train_AUPR_ab=0.6815  train_AUPR_ag=0.3958  train_P@5_ab=1.0000  train_P@5_ag=1.0000  val_loss=0.3994  val_AUPR_all=0.5883  val_AUPR_ab=0.7093  val_AUPR_ag=0.3869  val_P@5_ab=0.9500  val_P@5_ag=1.0000  select=0.5481
  Saved checkpoint: checkpoints_post/iPara_balanced_l1_g5_i5_do0.10_dpr0.10_lr0.0002_heads16_fold3.pth  select=0.5481  val_ab=0.7093  val_ag=0.3869  val_all=0.5883
Ep015  LR0=1.85e-04  pw=2.73  aucα=0.180  token_p=0.020  dropE=(0.020,0.080)  smooth=0.010  train_loss=0.3379  train_AUPR_all=0.5758  train_AUPR_ab=0.6908  train_AUPR_ag=0.3942  train_P@5_ab=1.0000  train_P@5_ag=1.0000  val_loss=0.4074  val_AUPR_all=0.5721  val_AUPR_ab=0.6989  val_AUPR_ag=0.3657  val_P@5_ab=0.9500  val_P@5_ag=1.0000  select=0.5323
Ep016  LR0=1.83e-04  pw=2.56  aucα=0.210  token_p=0.020  dropE=(0.020,0.080)  smooth=0.010  train_loss=0.3355  train_AUPR_all=0.5850  train_AUPR_ab=0.6899  train_AUPR_ag=0.4224  train_P@5_ab=1.0000  train_P@5_ag=0.9500  val_loss=0.3936  val_AUPR_all=0.5668  val_AUPR_ab=0.7086  val_AUPR_ag=0.3366  val_P@5_ab=1.0000  val_P@5_ag=0.9500  select=0.5226
Ep017  LR0=1.81e-04  pw=2.41  aucα=0.240  token_p=0.020  dropE=(0.020,0.080)  smooth=0.010  train_loss=0.3388  train_AUPR_all=0.5963  train_AUPR_ab=0.7055  train_AUPR_ag=0.4271  train_P@5_ab=1.0000  train_P@5_ag=1.0000  val_loss=0.4168  val_AUPR_all=0.5646  val_AUPR_ab=0.7002  val_AUPR_ag=0.3546  val_P@5_ab=0.9500  val_P@5_ag=1.0000  select=0.5274
Ep018  LR0=1.79e-04  pw=2.28  aucα=0.270  token_p=0.020  dropE=(0.020,0.080)  smooth=0.010  train_loss=0.3376  train_AUPR_all=0.6053  train_AUPR_ab=0.7129  train_AUPR_ag=0.4404  train_P@5_ab=0.9500  train_P@5_ag=0.9000  val_loss=0.4197  val_AUPR_all=0.5691  val_AUPR_ab=0.7160  val_AUPR_ag=0.3472  val_P@5_ab=1.0000  val_P@5_ag=0.9500  select=0.5316
Ep019  LR0=1.76e-04  pw=2.16  aucα=0.300  token_p=0.020  dropE=(0.020,0.080)  smooth=0.010  train_loss=0.3414  train_AUPR_all=0.6085  train_AUPR_ab=0.7171  train_AUPR_ag=0.4405  train_P@5_ab=1.0000  train_P@5_ag=0.9500  val_loss=0.3757  val_AUPR_all=0.5654  val_AUPR_ab=0.7165  val_AUPR_ag=0.3368  val_P@5_ab=1.0000  val_P@5_ag=0.9000  select=0.5266
Ep020  LR0=1.73e-04  pw=2.05  aucα=0.300  token_p=0.020  dropE=(0.020,0.080)  smooth=0.010  train_loss=0.3325  train_AUPR_all=0.6170  train_AUPR_ab=0.7260  train_AUPR_ag=0.4511  train_P@5_ab=0.9000  train_P@5_ag=0.9500  val_loss=0.3574  val_AUPR_all=0.5928  val_AUPR_ab=0.7175  val_AUPR_ag=0.3919  val_P@5_ab=0.9500  val_P@5_ag=1.0000  select=0.5547
  Saved checkpoint: checkpoints_post/iPara_balanced_l1_g5_i5_do0.10_dpr0.10_lr0.0002_heads16_fold3.pth  select=0.5547  val_ab=0.7175  val_ag=0.3919  val_all=0.5928
Ep021  LR0=1.71e-04  pw=1.95  aucα=0.300  token_p=0.020  dropE=(0.020,0.080)  smooth=0.010  train_loss=0.3146  train_AUPR_all=0.6372  train_AUPR_ab=0.7375  train_AUPR_ag=0.4850  train_P@5_ab=1.0000  train_P@5_ag=1.0000  val_loss=0.3426  val_AUPR_all=0.6073  val_AUPR_ab=0.7282  val_AUPR_ag=0.4086  val_P@5_ab=1.0000  val_P@5_ag=1.0000  select=0.5684
  Saved checkpoint: checkpoints_post/iPara_balanced_l1_g5_i5_do0.10_dpr0.10_lr0.0002_heads16_fold3.pth  select=0.5684  val_ab=0.7282  val_ag=0.4086  val_all=0.6073
Ep022  LR0=1.68e-04  pw=1.86  aucα=0.300  token_p=0.020  dropE=(0.020,0.080)  smooth=0.010  train_loss=0.3045  train_AUPR_all=0.6428  train_AUPR_ab=0.7430  train_AUPR_ag=0.4916  train_P@5_ab=1.0000  train_P@5_ag=1.0000  val_loss=0.3424  val_AUPR_all=0.5959  val_AUPR_ab=0.7266  val_AUPR_ag=0.3960  val_P@5_ab=1.0000  val_P@5_ag=1.0000  select=0.5613
Ep023  LR0=1.65e-04  pw=1.78  aucα=0.300  token_p=0.020  dropE=(0.020,0.080)  smooth=0.010  train_loss=0.2947  train_AUPR_all=0.6502  train_AUPR_ab=0.7477  train_AUPR_ag=0.5033  train_P@5_ab=0.9000  train_P@5_ag=0.9500  val_loss=0.3311  val_AUPR_all=0.6034  val_AUPR_ab=0.7278  val_AUPR_ag=0.4044  val_P@5_ab=1.0000  val_P@5_ag=1.0000  select=0.5661
Ep024  LR0=1.62e-04  pw=1.70  aucα=0.300  token_p=0.020  dropE=(0.020,0.080)  smooth=0.010  train_loss=0.2839  train_AUPR_all=0.6639  train_AUPR_ab=0.7583  train_AUPR_ag=0.5227  train_P@5_ab=0.9500  train_P@5_ag=1.0000  val_loss=0.3292  val_AUPR_all=0.6001  val_AUPR_ab=0.7341  val_AUPR_ag=0.3956  val_P@5_ab=1.0000  val_P@5_ag=0.9000  select=0.5648
Ep025  LR0=1.59e-04  pw=1.64  aucα=0.300  token_p=0.020  dropE=(0.020,0.080)  smooth=0.010  train_loss=0.2736  train_AUPR_all=0.6723  train_AUPR_ab=0.7628  train_AUPR_ag=0.5374  train_P@5_ab=0.9500  train_P@5_ag=0.8500  val_loss=0.3259  val_AUPR_all=0.5933  val_AUPR_ab=0.7384  val_AUPR_ag=0.3650  val_P@5_ab=1.0000  val_P@5_ag=1.0000  select=0.5517
Ep026  LR0=1.56e-04  pw=1.57  aucα=0.300  token_p=0.020  dropE=(0.020,0.080)  smooth=0.010  train_loss=0.2666  train_AUPR_all=0.6812  train_AUPR_ab=0.7640  train_AUPR_ag=0.5598  train_P@5_ab=1.0000  train_P@5_ag=1.0000  val_loss=0.3409  val_AUPR_all=0.5801  val_AUPR_ab=0.7311  val_AUPR_ag=0.3640  val_P@5_ab=0.9500  val_P@5_ag=0.9500  select=0.5475
Ep027  LR0=1.52e-04  pw=1.52  aucα=0.300  token_p=0.020  dropE=(0.020,0.080)  smooth=0.010  train_loss=0.2508  train_AUPR_all=0.7026  train_AUPR_ab=0.7828  train_AUPR_ag=0.5850  train_P@5_ab=1.0000  train_P@5_ag=1.0000  val_loss=0.3196  val_AUPR_all=0.6013  val_AUPR_ab=0.7409  val_AUPR_ag=0.3921  val_P@5_ab=1.0000  val_P@5_ag=1.0000  select=0.5665
Ep028  LR0=1.49e-04  pw=1.47  aucα=0.300  token_p=0.020  dropE=(0.020,0.080)  smooth=0.010  train_loss=0.2455  train_AUPR_all=0.7059  train_AUPR_ab=0.7846  train_AUPR_ag=0.5892  train_P@5_ab=1.0000  train_P@5_ag=0.9000  val_loss=0.3346  val_AUPR_all=0.5795  val_AUPR_ab=0.7336  val_AUPR_ag=0.3547  val_P@5_ab=1.0000  val_P@5_ag=0.9500  select=0.5441
Ep029  LR0=1.46e-04  pw=1.43  aucα=0.300  token_p=0.020  dropE=(0.020,0.080)  smooth=0.010  train_loss=0.2354  train_AUPR_all=0.7219  train_AUPR_ab=0.7969  train_AUPR_ag=0.6121  train_P@5_ab=1.0000  train_P@5_ag=1.0000  val_loss=0.3175  val_AUPR_all=0.5930  val_AUPR_ab=0.7305  val_AUPR_ag=0.3769  val_P@5_ab=1.0000  val_P@5_ag=0.8000  select=0.5537
Ep030  LR0=1.42e-04  pw=1.39  aucα=0.300  token_p=0.020  dropE=(0.020,0.080)  smooth=0.010  train_loss=0.2287  train_AUPR_all=0.7286  train_AUPR_ab=0.7983  train_AUPR_ag=0.6273  train_P@5_ab=1.0000  train_P@5_ag=1.0000  val_loss=0.3179  val_AUPR_all=0.5843  val_AUPR_ab=0.7329  val_AUPR_ag=0.3582  val_P@5_ab=0.9500  val_P@5_ag=1.0000  select=0.5455
Ep031  LR0=1.38e-04  pw=1.35  aucα=0.300  token_p=0.020  dropE=(0.020,0.080)  smooth=0.010  train_loss=0.2170  train_AUPR_all=0.7440  train_AUPR_ab=0.8086  train_AUPR_ag=0.6504  train_P@5_ab=1.0000  train_P@5_ag=0.9500  val_loss=0.3273  val_AUPR_all=0.5743  val_AUPR_ab=0.7404  val_AUPR_ag=0.3346  val_P@5_ab=1.0000  val_P@5_ag=0.7500  select=0.5375
Ep032  LR0=1.35e-04  pw=1.32  aucα=0.300  token_p=0.020  dropE=(0.020,0.080)  smooth=0.010  train_loss=0.2144  train_AUPR_all=0.7471  train_AUPR_ab=0.8111  train_AUPR_ag=0.6542  train_P@5_ab=1.0000  train_P@5_ag=0.9000  val_loss=0.3215  val_AUPR_all=0.5844  val_AUPR_ab=0.7399  val_AUPR_ag=0.3623  val_P@5_ab=0.9500  val_P@5_ag=1.0000  select=0.5511
Ep033  LR0=1.31e-04  pw=1.29  aucα=0.300  token_p=0.020  dropE=(0.020,0.080)  smooth=0.010  train_loss=0.2084  train_AUPR_all=0.7536  train_AUPR_ab=0.8140  train_AUPR_ag=0.6666  train_P@5_ab=1.0000  train_P@5_ag=1.0000  val_loss=0.3073  val_AUPR_all=0.5957  val_AUPR_ab=0.7273  val_AUPR_ag=0.3920  val_P@5_ab=0.8500  val_P@5_ag=0.9000  select=0.5596
Ep034  LR0=1.27e-04  pw=1.26  aucα=0.300  token_p=0.020  dropE=(0.020,0.080)  smooth=0.010  train_loss=0.1980  train_AUPR_all=0.7702  train_AUPR_ab=0.8264  train_AUPR_ag=0.6883  train_P@5_ab=1.0000  train_P@5_ag=0.9500  val_loss=0.3143  val_AUPR_all=0.5841  val_AUPR_ab=0.7306  val_AUPR_ag=0.3809  val_P@5_ab=0.9500  val_P@5_ag=1.0000  select=0.5558
Ep035  LR0=1.24e-04  pw=1.23  aucα=0.300  token_p=0.020  dropE=(0.020,0.080)  smooth=0.010  train_loss=0.1933  train_AUPR_all=0.7763  train_AUPR_ab=0.8297  train_AUPR_ag=0.6997  train_P@5_ab=0.9500  train_P@5_ag=1.0000  val_loss=0.3084  val_AUPR_all=0.5958  val_AUPR_ab=0.7446  val_AUPR_ag=0.3856  val_P@5_ab=1.0000  val_P@5_ag=1.0000  select=0.5651
Ep036  LR0=1.20e-04  pw=1.21  aucα=0.300  token_p=0.020  dropE=(0.020,0.080)  smooth=0.010  train_loss=0.1877  train_AUPR_all=0.7840  train_AUPR_ab=0.8349  train_AUPR_ag=0.7109  train_P@5_ab=1.0000  train_P@5_ag=1.0000  val_loss=0.3082  val_AUPR_all=0.6041  val_AUPR_ab=0.7461  val_AUPR_ag=0.4002  val_P@5_ab=1.0000  val_P@5_ag=1.0000  select=0.5731
  Saved checkpoint: checkpoints_post/iPara_balanced_l1_g5_i5_do0.10_dpr0.10_lr0.0002_heads16_fold3.pth  select=0.5731  val_ab=0.7461  val_ag=0.4002  val_all=0.6041
Ep037  LR0=1.16e-04  pw=1.19  aucα=0.300  token_p=0.020  dropE=(0.020,0.080)  smooth=0.010  train_loss=0.1781  train_AUPR_all=0.7989  train_AUPR_ab=0.8459  train_AUPR_ag=0.7317  train_P@5_ab=1.0000  train_P@5_ag=1.0000  val_loss=0.3092  val_AUPR_all=0.5954  val_AUPR_ab=0.7302  val_AUPR_ag=0.3975  val_P@5_ab=1.0000  val_P@5_ag=1.0000  select=0.5638
Ep038  LR0=1.12e-04  pw=1.17  aucα=0.300  token_p=0.020  dropE=(0.020,0.080)  smooth=0.010  train_loss=0.1781  train_AUPR_all=0.7972  train_AUPR_ab=0.8434  train_AUPR_ag=0.7314  train_P@5_ab=1.0000  train_P@5_ag=0.9500  val_loss=0.3081  val_AUPR_all=0.5975  val_AUPR_ab=0.7438  val_AUPR_ag=0.3844  val_P@5_ab=1.0000  val_P@5_ag=0.9000  select=0.5641
Ep039  LR0=1.08e-04  pw=1.16  aucα=0.300  token_p=0.020  dropE=(0.020,0.080)  smooth=0.010  train_loss=0.1705  train_AUPR_all=0.8093  train_AUPR_ab=0.8547  train_AUPR_ag=0.7437  train_P@5_ab=1.0000  train_P@5_ag=1.0000  val_loss=0.3012  val_AUPR_all=0.5997  val_AUPR_ab=0.7400  val_AUPR_ag=0.4001  val_P@5_ab=1.0000  val_P@5_ag=0.9500  select=0.5700
Ep040  LR0=1.04e-04  pw=1.14  aucα=0.300  token_p=0.020  dropE=(0.020,0.080)  smooth=0.010  train_loss=0.1612  train_AUPR_all=0.8251  train_AUPR_ab=0.8658  train_AUPR_ag=0.7673  train_P@5_ab=1.0000  train_P@5_ag=1.0000  val_loss=0.3064  val_AUPR_all=0.5963  val_AUPR_ab=0.7378  val_AUPR_ag=0.3991  val_P@5_ab=1.0000  val_P@5_ag=1.0000  select=0.5685
Ep041  LR0=1.00e-04  pw=1.13  aucα=0.300  token_p=0.020  dropE=(0.020,0.080)  smooth=0.010  train_loss=0.1596  train_AUPR_all=0.8273  train_AUPR_ab=0.8709  train_AUPR_ag=0.7642  train_P@5_ab=1.0000  train_P@5_ag=0.9500  val_loss=0.3142  val_AUPR_all=0.5876  val_AUPR_ab=0.7384  val_AUPR_ag=0.3771  val_P@5_ab=1.0000  val_P@5_ag=0.9500  select=0.5578
Ep042  LR0=9.63e-05  pw=1.12  aucα=0.300  token_p=0.020  dropE=(0.020,0.080)  smooth=0.010  train_loss=0.1524  train_AUPR_all=0.8378  train_AUPR_ab=0.8755  train_AUPR_ag=0.7835  train_P@5_ab=1.0000  train_P@5_ag=1.0000  val_loss=0.3155  val_AUPR_all=0.5771  val_AUPR_ab=0.7274  val_AUPR_ag=0.3536  val_P@5_ab=1.0000  val_P@5_ag=0.9000  select=0.5405
Ep043  LR0=9.24e-05  pw=1.10  aucα=0.300  token_p=0.020  dropE=(0.020,0.080)  smooth=0.010  train_loss=0.1492  train_AUPR_all=0.8431  train_AUPR_ab=0.8792  train_AUPR_ag=0.7913  train_P@5_ab=1.0000  train_P@5_ag=1.0000  val_loss=0.3199  val_AUPR_all=0.5848  val_AUPR_ab=0.7305  val_AUPR_ag=0.3892  val_P@5_ab=1.0000  val_P@5_ag=0.9500  select=0.5598
Ep044  LR0=8.85e-05  pw=1.09  aucα=0.300  token_p=0.020  dropE=(0.020,0.080)  smooth=0.010  train_loss=0.1444  train_AUPR_all=0.8518  train_AUPR_ab=0.8880  train_AUPR_ag=0.7998  train_P@5_ab=1.0000  train_P@5_ag=1.0000  val_loss=0.3245  val_AUPR_all=0.5730  val_AUPR_ab=0.7263  val_AUPR_ag=0.3583  val_P@5_ab=0.9500  val_P@5_ag=0.8500  select=0.5423
Ep045  LR0=8.46e-05  pw=1.09  aucα=0.300  token_p=0.020  dropE=(0.020,0.080)  smooth=0.010  train_loss=0.1418  train_AUPR_all=0.8536  train_AUPR_ab=0.8892  train_AUPR_ag=0.8014  train_P@5_ab=1.0000  train_P@5_ag=0.9500  val_loss=0.3187  val_AUPR_all=0.5865  val_AUPR_ab=0.7299  val_AUPR_ag=0.3800  val_P@5_ab=1.0000  val_P@5_ag=0.7500  select=0.5549
Ep046  LR0=8.08e-05  pw=1.08  aucα=0.300  token_p=0.020  dropE=(0.020,0.080)  smooth=0.010  train_loss=0.1392  train_AUPR_all=0.8579  train_AUPR_ab=0.8926  train_AUPR_ag=0.8073  train_P@5_ab=1.0000  train_P@5_ag=1.0000  val_loss=0.3165  val_AUPR_all=0.5841  val_AUPR_ab=0.7312  val_AUPR_ag=0.3857  val_P@5_ab=0.9000  val_P@5_ag=0.9000  select=0.5584
Ep047  LR0=7.70e-05  pw=1.07  aucα=0.300  token_p=0.020  dropE=(0.020,0.080)  smooth=0.010  train_loss=0.1335  train_AUPR_all=0.8692  train_AUPR_ab=0.9030  train_AUPR_ag=0.8194  train_P@5_ab=1.0000  train_P@5_ag=1.0000  val_loss=0.3258  val_AUPR_all=0.5866  val_AUPR_ab=0.7356  val_AUPR_ag=0.3863  val_P@5_ab=0.9000  val_P@5_ag=0.7500  select=0.5609
Ep048  LR0=7.32e-05  pw=1.06  aucα=0.300  token_p=0.020  dropE=(0.020,0.080)  smooth=0.010  train_loss=0.1321  train_AUPR_all=0.8693  train_AUPR_ab=0.9031  train_AUPR_ag=0.8194  train_P@5_ab=1.0000  train_P@5_ag=1.0000  val_loss=0.3309  val_AUPR_all=0.5770  val_AUPR_ab=0.7243  val_AUPR_ag=0.3765  val_P@5_ab=0.9000  val_P@5_ag=0.8500  select=0.5504
Ep049  LR0=6.94e-05  pw=1.06  aucα=0.300  token_p=0.020  dropE=(0.020,0.080)  smooth=0.010  train_loss=0.1321  train_AUPR_all=0.8701  train_AUPR_ab=0.9029  train_AUPR_ag=0.8224  train_P@5_ab=1.0000  train_P@5_ag=1.0000  val_loss=0.3253  val_AUPR_all=0.5769  val_AUPR_ab=0.7226  val_AUPR_ag=0.3714  val_P@5_ab=0.8500  val_P@5_ag=0.8500  select=0.5470
Ep050  LR0=6.57e-05  pw=1.05  aucα=0.300  token_p=0.020  dropE=(0.020,0.080)  smooth=0.010  train_loss=0.1255  train_AUPR_all=0.8805  train_AUPR_ab=0.9104  train_AUPR_ag=0.8369  train_P@5_ab=1.0000  train_P@5_ag=1.0000  val_loss=0.3134  val_AUPR_all=0.5904  val_AUPR_ab=0.7312  val_AUPR_ag=0.4026  val_P@5_ab=0.8000  val_P@5_ag=0.9000  select=0.5669
Ep051  LR0=6.21e-05  pw=1.05  aucα=0.300  token_p=0.020  dropE=(0.020,0.080)  smooth=0.010  train_loss=0.1215  train_AUPR_all=0.8870  train_AUPR_ab=0.9156  train_AUPR_ag=0.8447  train_P@5_ab=1.0000  train_P@5_ag=0.9500  val_loss=0.3220  val_AUPR_all=0.5865  val_AUPR_ab=0.7269  val_AUPR_ag=0.3832  val_P@5_ab=0.9500  val_P@5_ag=0.8500  select=0.5551
Ep052  LR0=5.85e-05  pw=1.04  aucα=0.300  token_p=0.020  dropE=(0.020,0.080)  smooth=0.010  train_loss=0.1212  train_AUPR_all=0.8874  train_AUPR_ab=0.9167  train_AUPR_ag=0.8447  train_P@5_ab=1.0000  train_P@5_ag=0.9500  val_loss=0.3281  val_AUPR_all=0.5776  val_AUPR_ab=0.7188  val_AUPR_ag=0.3740  val_P@5_ab=0.8000  val_P@5_ag=0.8500  select=0.5464
Ep053  LR0=5.50e-05  pw=1.04  aucα=0.300  token_p=0.020  dropE=(0.020,0.080)  smooth=0.010  train_loss=0.1221  train_AUPR_all=0.8851  train_AUPR_ab=0.9148  train_AUPR_ag=0.8415  train_P@5_ab=1.0000  train_P@5_ag=1.0000  val_loss=0.3344  val_AUPR_all=0.5793  val_AUPR_ab=0.7310  val_AUPR_ag=0.3750  val_P@5_ab=0.9500  val_P@5_ag=0.5500  select=0.5530
Ep054  LR0=5.15e-05  pw=1.03  aucα=0.300  token_p=0.020  dropE=(0.020,0.080)  smooth=0.010  train_loss=0.1147  train_AUPR_all=0.8974  train_AUPR_ab=0.9253  train_AUPR_ag=0.8563  train_P@5_ab=1.0000  train_P@5_ag=1.0000  val_loss=0.3359  val_AUPR_all=0.5711  val_AUPR_ab=0.7270  val_AUPR_ag=0.3488  val_P@5_ab=0.9000  val_P@5_ag=0.7500  select=0.5379
Ep055  LR0=4.81e-05  pw=1.03  aucα=0.300  token_p=0.020  dropE=(0.020,0.080)  smooth=0.010  train_loss=0.1148  train_AUPR_all=0.8966  train_AUPR_ab=0.9247  train_AUPR_ag=0.8552  train_P@5_ab=0.9500  train_P@5_ag=1.0000  val_loss=0.3284  val_AUPR_all=0.5785  val_AUPR_ab=0.7222  val_AUPR_ag=0.3771  val_P@5_ab=0.9500  val_P@5_ag=0.7000  select=0.5497
Ep056  LR0=4.48e-05  pw=1.03  aucα=0.300  token_p=0.020  dropE=(0.020,0.080)  smooth=0.010  train_loss=0.1142  train_AUPR_all=0.8987  train_AUPR_ab=0.9272  train_AUPR_ag=0.8563  train_P@5_ab=1.0000  train_P@5_ag=1.0000  val_loss=0.3312  val_AUPR_all=0.5765  val_AUPR_ab=0.7246  val_AUPR_ag=0.3726  val_P@5_ab=0.8500  val_P@5_ag=0.6500  select=0.5486
Early stopping at epoch 56. Best select=0.5731 at epoch 36.
Final saved checkpoint for fold 3: checkpoints_post/iPara_balanced_l1_g5_i5_do0.10_dpr0.10_lr0.0002_heads16_fold3.pth
Best select=0.5731 at epoch 36

==========================================================================================
Fold 4/5
==========================================================================================
Train labels: valid=398858, pos=26560, neg=372298, ignore=700342, pos_frac=0.06659
Val labels: valid=101334, pos=6670, neg=94664, ignore=172266, pos_frac=0.06582
Initializing ClassificationModel with 5 GAT layers and residual connections...
Initializing MCModel with 5 GAT layers and 5 row attention layers (drop_path_rate=0.1)
Initializing CoreModel with 1 layers, drop_path_rate=0.1
Ep001  LR0=2.00e-04  pw=8.00  aucα=0.000  token_p=0.020  dropE=(0.020,0.080)  smooth=0.010  train_loss=0.7137  train_AUPR_all=0.2873  train_AUPR_ab=0.3579  train_AUPR_ag=0.1914  train_P@5_ab=0.8500  train_P@5_ag=0.8500  val_loss=0.9107  val_AUPR_all=0.3581  val_AUPR_ab=0.4866  val_AUPR_ag=0.1944  val_P@5_ab=0.9000  val_P@5_ag=0.7000  select=0.3405
  Saved checkpoint: checkpoints_post/iPara_balanced_l1_g5_i5_do0.10_dpr0.10_lr0.0002_heads16_fold4.pth  select=0.3405  val_ab=0.4866  val_ag=0.1944  val_all=0.3581
Ep002  LR0=2.00e-04  pw=7.33  aucα=0.000  token_p=0.020  dropE=(0.020,0.080)  smooth=0.010  train_loss=0.5505  train_AUPR_all=0.3852  train_AUPR_ab=0.4671  train_AUPR_ag=0.2563  train_P@5_ab=0.6500  train_P@5_ag=0.9000  val_loss=0.8805  val_AUPR_all=0.3786  val_AUPR_ab=0.4969  val_AUPR_ag=0.1985  val_P@5_ab=1.0000  val_P@5_ag=0.7500  select=0.3477
  Saved checkpoint: checkpoints_post/iPara_balanced_l1_g5_i5_do0.10_dpr0.10_lr0.0002_heads16_fold4.pth  select=0.3477  val_ab=0.4969  val_ag=0.1985  val_all=0.3786
Ep003  LR0=2.00e-04  pw=6.73  aucα=0.000  token_p=0.020  dropE=(0.020,0.080)  smooth=0.010  train_loss=0.4964  train_AUPR_all=0.4315  train_AUPR_ab=0.5212  train_AUPR_ag=0.2830  train_P@5_ab=0.8000  train_P@5_ag=0.8000  val_loss=0.9304  val_AUPR_all=0.4103  val_AUPR_ab=0.5568  val_AUPR_ag=0.1784  val_P@5_ab=0.9000  val_P@5_ag=0.8000  select=0.3676
  Saved checkpoint: checkpoints_post/iPara_balanced_l1_g5_i5_do0.10_dpr0.10_lr0.0002_heads16_fold4.pth  select=0.3676  val_ab=0.5568  val_ag=0.1784  val_all=0.4103
Ep004  LR0=1.99e-04  pw=6.19  aucα=0.000  token_p=0.020  dropE=(0.020,0.080)  smooth=0.010  train_loss=0.4540  train_AUPR_all=0.4591  train_AUPR_ab=0.5496  train_AUPR_ag=0.3068  train_P@5_ab=0.8000  train_P@5_ag=0.9000  val_loss=0.6751  val_AUPR_all=0.4435  val_AUPR_ab=0.5673  val_AUPR_ag=0.2419  val_P@5_ab=0.9000  val_P@5_ag=0.8000  select=0.4046
  Saved checkpoint: checkpoints_post/iPara_balanced_l1_g5_i5_do0.10_dpr0.10_lr0.0002_heads16_fold4.pth  select=0.4046  val_ab=0.5673  val_ag=0.2419  val_all=0.4435
Ep005  LR0=1.99e-04  pw=5.69  aucα=0.000  token_p=0.020  dropE=(0.020,0.080)  smooth=0.010  train_loss=0.4198  train_AUPR_all=0.4874  train_AUPR_ab=0.5762  train_AUPR_ag=0.3304  train_P@5_ab=0.5500  train_P@5_ag=0.9000  val_loss=0.6275  val_AUPR_all=0.4934  val_AUPR_ab=0.6186  val_AUPR_ag=0.2855  val_P@5_ab=0.9500  val_P@5_ag=0.9000  select=0.4521
  Saved checkpoint: checkpoints_post/iPara_balanced_l1_g5_i5_do0.10_dpr0.10_lr0.0002_heads16_fold4.pth  select=0.4521  val_ab=0.6186  val_ag=0.2855  val_all=0.4934
Ep006  LR0=1.98e-04  pw=5.25  aucα=0.000  token_p=0.020  dropE=(0.020,0.080)  smooth=0.010  train_loss=0.3928  train_AUPR_all=0.5068  train_AUPR_ab=0.5937  train_AUPR_ag=0.3500  train_P@5_ab=0.7000  train_P@5_ag=0.9500  val_loss=0.6560  val_AUPR_all=0.4340  val_AUPR_ab=0.5356  val_AUPR_ag=0.2821  val_P@5_ab=0.6000  val_P@5_ag=0.9500  select=0.4089
Ep007  LR0=1.97e-04  pw=4.84  aucα=0.000  token_p=0.020  dropE=(0.020,0.080)  smooth=0.010  train_loss=0.3732  train_AUPR_all=0.5153  train_AUPR_ab=0.6085  train_AUPR_ag=0.3517  train_P@5_ab=0.7500  train_P@5_ag=1.0000  val_loss=0.5596  val_AUPR_all=0.5123  val_AUPR_ab=0.6624  val_AUPR_ag=0.3230  val_P@5_ab=0.9000  val_P@5_ag=1.0000  select=0.4927
  Saved checkpoint: checkpoints_post/iPara_balanced_l1_g5_i5_do0.10_dpr0.10_lr0.0002_heads16_fold4.pth  select=0.4927  val_ab=0.6624  val_ag=0.3230  val_all=0.5123
Ep008  LR0=1.96e-04  pw=4.48  aucα=0.000  token_p=0.020  dropE=(0.020,0.080)  smooth=0.010  train_loss=0.3514  train_AUPR_all=0.5276  train_AUPR_ab=0.6266  train_AUPR_ag=0.3568  train_P@5_ab=0.8500  train_P@5_ag=1.0000  val_loss=0.5538  val_AUPR_all=0.5243  val_AUPR_ab=0.6668  val_AUPR_ag=0.3003  val_P@5_ab=0.8500  val_P@5_ag=0.9000  select=0.4836
Ep009  LR0=1.95e-04  pw=4.15  aucα=0.000  token_p=0.020  dropE=(0.020,0.080)  smooth=0.010  train_loss=0.3324  train_AUPR_all=0.5390  train_AUPR_ab=0.6367  train_AUPR_ag=0.3705  train_P@5_ab=0.8500  train_P@5_ag=0.8500  val_loss=0.5054  val_AUPR_all=0.5340  val_AUPR_ab=0.6779  val_AUPR_ag=0.3263  val_P@5_ab=0.9500  val_P@5_ag=0.9000  select=0.5021
  Saved checkpoint: checkpoints_post/iPara_balanced_l1_g5_i5_do0.10_dpr0.10_lr0.0002_heads16_fold4.pth  select=0.5021  val_ab=0.6779  val_ag=0.3263  val_all=0.5340
Ep010  LR0=1.94e-04  pw=3.85  aucα=0.030  token_p=0.020  dropE=(0.020,0.080)  smooth=0.010  train_loss=0.3328  train_AUPR_all=0.5459  train_AUPR_ab=0.6488  train_AUPR_ag=0.3740  train_P@5_ab=1.0000  train_P@5_ag=0.9500  val_loss=0.4930  val_AUPR_all=0.5216  val_AUPR_ab=0.6686  val_AUPR_ag=0.2837  val_P@5_ab=0.9500  val_P@5_ag=0.9000  select=0.4761
Unfreezing DyM parameters.
Ep011  LR0=1.92e-04  pw=3.58  aucα=0.060  token_p=0.020  dropE=(0.020,0.080)  smooth=0.010  train_loss=0.3307  train_AUPR_all=0.5543  train_AUPR_ab=0.6627  train_AUPR_ag=0.3727  train_P@5_ab=0.9500  train_P@5_ag=0.9000  val_loss=0.4802  val_AUPR_all=0.5408  val_AUPR_ab=0.7032  val_AUPR_ag=0.3232  val_P@5_ab=1.0000  val_P@5_ag=0.9500  select=0.5132
  Saved checkpoint: checkpoints_post/iPara_balanced_l1_g5_i5_do0.10_dpr0.10_lr0.0002_heads16_fold4.pth  select=0.5132  val_ab=0.7032  val_ag=0.3232  val_all=0.5408
Ep012  LR0=1.91e-04  pw=3.33  aucα=0.090  token_p=0.020  dropE=(0.020,0.080)  smooth=0.010  train_loss=0.3313  train_AUPR_all=0.5574  train_AUPR_ab=0.6651  train_AUPR_ag=0.3810  train_P@5_ab=1.0000  train_P@5_ag=0.9500  val_loss=0.4535  val_AUPR_all=0.5409  val_AUPR_ab=0.6645  val_AUPR_ag=0.3404  val_P@5_ab=0.9000  val_P@5_ag=0.8500  select=0.5025
Ep013  LR0=1.89e-04  pw=3.11  aucα=0.120  token_p=0.020  dropE=(0.020,0.080)  smooth=0.010  train_loss=0.3316  train_AUPR_all=0.5677  train_AUPR_ab=0.6741  train_AUPR_ag=0.3935  train_P@5_ab=1.0000  train_P@5_ag=0.9000  val_loss=0.4516  val_AUPR_all=0.5375  val_AUPR_ab=0.6782  val_AUPR_ag=0.3318  val_P@5_ab=0.9500  val_P@5_ag=0.9000  select=0.5050
Ep014  LR0=1.87e-04  pw=2.91  aucα=0.150  token_p=0.020  dropE=(0.020,0.080)  smooth=0.010  train_loss=0.3315  train_AUPR_all=0.5759  train_AUPR_ab=0.6835  train_AUPR_ag=0.3987  train_P@5_ab=0.9500  train_P@5_ag=0.9500  val_loss=0.4492  val_AUPR_all=0.5238  val_AUPR_ab=0.6912  val_AUPR_ag=0.2980  val_P@5_ab=0.9500  val_P@5_ag=1.0000  select=0.4946
Ep015  LR0=1.85e-04  pw=2.73  aucα=0.180  token_p=0.020  dropE=(0.020,0.080)  smooth=0.010  train_loss=0.3326  train_AUPR_all=0.5826  train_AUPR_ab=0.6897  train_AUPR_ag=0.4114  train_P@5_ab=0.9500  train_P@5_ag=1.0000  val_loss=0.4322  val_AUPR_all=0.5546  val_AUPR_ab=0.7154  val_AUPR_ag=0.3157  val_P@5_ab=1.0000  val_P@5_ag=1.0000  select=0.5156
  Saved checkpoint: checkpoints_post/iPara_balanced_l1_g5_i5_do0.10_dpr0.10_lr0.0002_heads16_fold4.pth  select=0.5156  val_ab=0.7154  val_ag=0.3157  val_all=0.5546
Ep016  LR0=1.83e-04  pw=2.56  aucα=0.210  token_p=0.020  dropE=(0.020,0.080)  smooth=0.010  train_loss=0.3351  train_AUPR_all=0.5903  train_AUPR_ab=0.7005  train_AUPR_ag=0.4149  train_P@5_ab=1.0000  train_P@5_ag=0.9000  val_loss=0.4041  val_AUPR_all=0.5800  val_AUPR_ab=0.7204  val_AUPR_ag=0.3507  val_P@5_ab=1.0000  val_P@5_ag=0.9000  select=0.5355
  Saved checkpoint: checkpoints_post/iPara_balanced_l1_g5_i5_do0.10_dpr0.10_lr0.0002_heads16_fold4.pth  select=0.5355  val_ab=0.7204  val_ag=0.3507  val_all=0.5800
Ep017  LR0=1.81e-04  pw=2.41  aucα=0.240  token_p=0.020  dropE=(0.020,0.080)  smooth=0.010  train_loss=0.3384  train_AUPR_all=0.5980  train_AUPR_ab=0.7083  train_AUPR_ag=0.4249  train_P@5_ab=1.0000  train_P@5_ag=0.9500  val_loss=0.3884  val_AUPR_all=0.5738  val_AUPR_ab=0.7201  val_AUPR_ag=0.3445  val_P@5_ab=1.0000  val_P@5_ag=0.9500  select=0.5323
Ep018  LR0=1.79e-04  pw=2.28  aucα=0.270  token_p=0.020  dropE=(0.020,0.080)  smooth=0.010  train_loss=0.3373  train_AUPR_all=0.6050  train_AUPR_ab=0.7091  train_AUPR_ag=0.4430  train_P@5_ab=1.0000  train_P@5_ag=0.9000  val_loss=0.3775  val_AUPR_all=0.5810  val_AUPR_ab=0.7208  val_AUPR_ag=0.3537  val_P@5_ab=1.0000  val_P@5_ag=0.9000  select=0.5372
  Saved checkpoint: checkpoints_post/iPara_balanced_l1_g5_i5_do0.10_dpr0.10_lr0.0002_heads16_fold4.pth  select=0.5372  val_ab=0.7208  val_ag=0.3537  val_all=0.5810
Ep019  LR0=1.76e-04  pw=2.16  aucα=0.300  token_p=0.020  dropE=(0.020,0.080)  smooth=0.010  train_loss=0.3395  train_AUPR_all=0.6120  train_AUPR_ab=0.7189  train_AUPR_ag=0.4453  train_P@5_ab=0.9500  train_P@5_ag=0.9000  val_loss=0.3898  val_AUPR_all=0.5517  val_AUPR_ab=0.7165  val_AUPR_ag=0.3509  val_P@5_ab=0.9500  val_P@5_ag=0.9000  select=0.5337
Ep020  LR0=1.73e-04  pw=2.05  aucα=0.300  token_p=0.020  dropE=(0.020,0.080)  smooth=0.010  train_loss=0.3288  train_AUPR_all=0.6225  train_AUPR_ab=0.7266  train_AUPR_ag=0.4621  train_P@5_ab=1.0000  train_P@5_ag=1.0000  val_loss=0.3590  val_AUPR_all=0.5807  val_AUPR_ab=0.7289  val_AUPR_ag=0.3682  val_P@5_ab=1.0000  val_P@5_ag=0.9000  select=0.5486
  Saved checkpoint: checkpoints_post/iPara_balanced_l1_g5_i5_do0.10_dpr0.10_lr0.0002_heads16_fold4.pth  select=0.5486  val_ab=0.7289  val_ag=0.3682  val_all=0.5807
Ep021  LR0=1.71e-04  pw=1.95  aucα=0.300  token_p=0.020  dropE=(0.020,0.080)  smooth=0.010  train_loss=0.3183  train_AUPR_all=0.6321  train_AUPR_ab=0.7311  train_AUPR_ag=0.4812  train_P@5_ab=1.0000  train_P@5_ag=0.9500  val_loss=0.3531  val_AUPR_all=0.5864  val_AUPR_ab=0.7218  val_AUPR_ag=0.3737  val_P@5_ab=0.9500  val_P@5_ag=0.9500  select=0.5477
Ep022  LR0=1.68e-04  pw=1.86  aucα=0.300  token_p=0.020  dropE=(0.020,0.080)  smooth=0.010  train_loss=0.3025  train_AUPR_all=0.6463  train_AUPR_ab=0.7462  train_AUPR_ag=0.4943  train_P@5_ab=0.9500  train_P@5_ag=0.9500  val_loss=0.3582  val_AUPR_all=0.5641  val_AUPR_ab=0.7197  val_AUPR_ag=0.3469  val_P@5_ab=1.0000  val_P@5_ag=0.8500  select=0.5333
Ep023  LR0=1.65e-04  pw=1.78  aucα=0.300  token_p=0.020  dropE=(0.020,0.080)  smooth=0.010  train_loss=0.2926  train_AUPR_all=0.6579  train_AUPR_ab=0.7532  train_AUPR_ag=0.5136  train_P@5_ab=1.0000  train_P@5_ag=0.9500  val_loss=0.3561  val_AUPR_all=0.5817  val_AUPR_ab=0.7328  val_AUPR_ag=0.3664  val_P@5_ab=1.0000  val_P@5_ag=0.8000  select=0.5496
  Saved checkpoint: checkpoints_post/iPara_balanced_l1_g5_i5_do0.10_dpr0.10_lr0.0002_heads16_fold4.pth  select=0.5496  val_ab=0.7328  val_ag=0.3664  val_all=0.5817
Ep024  LR0=1.62e-04  pw=1.70  aucα=0.300  token_p=0.020  dropE=(0.020,0.080)  smooth=0.010  train_loss=0.2810  train_AUPR_all=0.6679  train_AUPR_ab=0.7587  train_AUPR_ag=0.5313  train_P@5_ab=1.0000  train_P@5_ag=0.9500  val_loss=0.3441  val_AUPR_all=0.5811  val_AUPR_ab=0.7180  val_AUPR_ag=0.3740  val_P@5_ab=1.0000  val_P@5_ag=0.9000  select=0.5460
Ep025  LR0=1.59e-04  pw=1.64  aucα=0.300  token_p=0.020  dropE=(0.020,0.080)  smooth=0.010  train_loss=0.2757  train_AUPR_all=0.6705  train_AUPR_ab=0.7582  train_AUPR_ag=0.5391  train_P@5_ab=1.0000  train_P@5_ag=0.9000  val_loss=0.3413  val_AUPR_all=0.5914  val_AUPR_ab=0.7360  val_AUPR_ag=0.3799  val_P@5_ab=1.0000  val_P@5_ag=0.9500  select=0.5580
  Saved checkpoint: checkpoints_post/iPara_balanced_l1_g5_i5_do0.10_dpr0.10_lr0.0002_heads16_fold4.pth  select=0.5580  val_ab=0.7360  val_ag=0.3799  val_all=0.5914
Ep026  LR0=1.56e-04  pw=1.57  aucα=0.300  token_p=0.020  dropE=(0.020,0.080)  smooth=0.010  train_loss=0.2674  train_AUPR_all=0.6791  train_AUPR_ab=0.7650  train_AUPR_ag=0.5505  train_P@5_ab=0.9500  train_P@5_ag=1.0000  val_loss=0.3334  val_AUPR_all=0.5922  val_AUPR_ab=0.7266  val_AUPR_ag=0.3825  val_P@5_ab=1.0000  val_P@5_ag=0.9500  select=0.5546
Ep027  LR0=1.52e-04  pw=1.52  aucα=0.300  token_p=0.020  dropE=(0.020,0.080)  smooth=0.010  train_loss=0.2525  train_AUPR_all=0.6993  train_AUPR_ab=0.7809  train_AUPR_ag=0.5781  train_P@5_ab=1.0000  train_P@5_ag=0.9500  val_loss=0.3341  val_AUPR_all=0.5801  val_AUPR_ab=0.7417  val_AUPR_ag=0.3602  val_P@5_ab=1.0000  val_P@5_ag=0.6000  select=0.5509
Ep028  LR0=1.49e-04  pw=1.47  aucα=0.300  token_p=0.020  dropE=(0.020,0.080)  smooth=0.010  train_loss=0.2454  train_AUPR_all=0.7076  train_AUPR_ab=0.7855  train_AUPR_ag=0.5918  train_P@5_ab=1.0000  train_P@5_ag=0.9500  val_loss=0.3263  val_AUPR_all=0.5861  val_AUPR_ab=0.7310  val_AUPR_ag=0.3856  val_P@5_ab=1.0000  val_P@5_ag=0.8000  select=0.5583
  Saved checkpoint: checkpoints_post/iPara_balanced_l1_g5_i5_do0.10_dpr0.10_lr0.0002_heads16_fold4.pth  select=0.5583  val_ab=0.7310  val_ag=0.3856  val_all=0.5861
Ep029  LR0=1.46e-04  pw=1.43  aucα=0.300  token_p=0.020  dropE=(0.020,0.080)  smooth=0.010  train_loss=0.2382  train_AUPR_all=0.7154  train_AUPR_ab=0.7863  train_AUPR_ag=0.6113  train_P@5_ab=1.0000  train_P@5_ag=1.0000  val_loss=0.3271  val_AUPR_all=0.5875  val_AUPR_ab=0.7386  val_AUPR_ag=0.3834  val_P@5_ab=0.9500  val_P@5_ag=0.8500  select=0.5610
  Saved checkpoint: checkpoints_post/iPara_balanced_l1_g5_i5_do0.10_dpr0.10_lr0.0002_heads16_fold4.pth  select=0.5610  val_ab=0.7386  val_ag=0.3834  val_all=0.5875
Ep030  LR0=1.42e-04  pw=1.39  aucα=0.300  token_p=0.020  dropE=(0.020,0.080)  smooth=0.010  train_loss=0.2303  train_AUPR_all=0.7248  train_AUPR_ab=0.7959  train_AUPR_ag=0.6196  train_P@5_ab=1.0000  train_P@5_ag=1.0000  val_loss=0.3330  val_AUPR_all=0.5657  val_AUPR_ab=0.7340  val_AUPR_ag=0.3566  val_P@5_ab=1.0000  val_P@5_ag=0.4500  select=0.5453
Ep031  LR0=1.38e-04  pw=1.35  aucα=0.300  token_p=0.020  dropE=(0.020,0.080)  smooth=0.010  train_loss=0.2201  train_AUPR_all=0.7389  train_AUPR_ab=0.8049  train_AUPR_ag=0.6418  train_P@5_ab=1.0000  train_P@5_ag=1.0000  val_loss=0.3204  val_AUPR_all=0.5977  val_AUPR_ab=0.7444  val_AUPR_ag=0.3771  val_P@5_ab=1.0000  val_P@5_ag=1.0000  select=0.5608
Ep032  LR0=1.35e-04  pw=1.32  aucα=0.300  token_p=0.020  dropE=(0.020,0.080)  smooth=0.010  train_loss=0.2125  train_AUPR_all=0.7502  train_AUPR_ab=0.8148  train_AUPR_ag=0.6548  train_P@5_ab=1.0000  train_P@5_ag=1.0000  val_loss=0.3151  val_AUPR_all=0.6037  val_AUPR_ab=0.7495  val_AUPR_ag=0.3967  val_P@5_ab=1.0000  val_P@5_ag=0.9500  select=0.5731
  Saved checkpoint: checkpoints_post/iPara_balanced_l1_g5_i5_do0.10_dpr0.10_lr0.0002_heads16_fold4.pth  select=0.5731  val_ab=0.7495  val_ag=0.3967  val_all=0.6037
Ep033  LR0=1.31e-04  pw=1.29  aucα=0.300  token_p=0.020  dropE=(0.020,0.080)  smooth=0.010  train_loss=0.2037  train_AUPR_all=0.7626  train_AUPR_ab=0.8194  train_AUPR_ag=0.6801  train_P@5_ab=1.0000  train_P@5_ag=1.0000  val_loss=0.3324  val_AUPR_all=0.5707  val_AUPR_ab=0.7396  val_AUPR_ag=0.3549  val_P@5_ab=0.9500  val_P@5_ag=0.8500  select=0.5472
Ep034  LR0=1.27e-04  pw=1.26  aucα=0.300  token_p=0.020  dropE=(0.020,0.080)  smooth=0.010  train_loss=0.2015  train_AUPR_all=0.7659  train_AUPR_ab=0.8261  train_AUPR_ag=0.6779  train_P@5_ab=1.0000  train_P@5_ag=1.0000  val_loss=0.3180  val_AUPR_all=0.5857  val_AUPR_ab=0.7307  val_AUPR_ag=0.3798  val_P@5_ab=1.0000  val_P@5_ag=0.7500  select=0.5553
Ep035  LR0=1.24e-04  pw=1.23  aucα=0.300  token_p=0.020  dropE=(0.020,0.080)  smooth=0.010  train_loss=0.1938  train_AUPR_all=0.7762  train_AUPR_ab=0.8298  train_AUPR_ag=0.6990  train_P@5_ab=1.0000  train_P@5_ag=1.0000  val_loss=0.3109  val_AUPR_all=0.6079  val_AUPR_ab=0.7503  val_AUPR_ag=0.4135  val_P@5_ab=0.9500  val_P@5_ag=0.7500  select=0.5819
  Saved checkpoint: checkpoints_post/iPara_balanced_l1_g5_i5_do0.10_dpr0.10_lr0.0002_heads16_fold4.pth  select=0.5819  val_ab=0.7503  val_ag=0.4135  val_all=0.6079
Ep036  LR0=1.20e-04  pw=1.21  aucα=0.300  token_p=0.020  dropE=(0.020,0.080)  smooth=0.010  train_loss=0.1904  train_AUPR_all=0.7795  train_AUPR_ab=0.8357  train_AUPR_ag=0.6971  train_P@5_ab=1.0000  train_P@5_ag=1.0000  val_loss=0.3152  val_AUPR_all=0.5948  val_AUPR_ab=0.7459  val_AUPR_ag=0.3935  val_P@5_ab=0.9000  val_P@5_ag=0.7000  select=0.5697
Ep037  LR0=1.16e-04  pw=1.19  aucα=0.300  token_p=0.020  dropE=(0.020,0.080)  smooth=0.010  train_loss=0.1790  train_AUPR_all=0.7993  train_AUPR_ab=0.8498  train_AUPR_ag=0.7254  train_P@5_ab=0.9500  train_P@5_ag=1.0000  val_loss=0.3081  val_AUPR_all=0.6016  val_AUPR_ab=0.7507  val_AUPR_ag=0.4037  val_P@5_ab=0.9500  val_P@5_ag=0.9000  select=0.5772
Ep038  LR0=1.12e-04  pw=1.17  aucα=0.300  token_p=0.020  dropE=(0.020,0.080)  smooth=0.010  train_loss=0.1742  train_AUPR_all=0.8056  train_AUPR_ab=0.8529  train_AUPR_ag=0.7363  train_P@5_ab=1.0000  train_P@5_ag=0.9000  val_loss=0.3326  val_AUPR_all=0.5615  val_AUPR_ab=0.7373  val_AUPR_ag=0.3365  val_P@5_ab=0.8500  val_P@5_ag=0.8000  select=0.5369
Ep039  LR0=1.08e-04  pw=1.16  aucα=0.300  token_p=0.020  dropE=(0.020,0.080)  smooth=0.010  train_loss=0.1713  train_AUPR_all=0.8096  train_AUPR_ab=0.8573  train_AUPR_ag=0.7403  train_P@5_ab=1.0000  train_P@5_ag=1.0000  val_loss=0.3268  val_AUPR_all=0.5603  val_AUPR_ab=0.7416  val_AUPR_ag=0.3079  val_P@5_ab=0.9000  val_P@5_ag=0.5000  select=0.5247
Ep040  LR0=1.04e-04  pw=1.14  aucα=0.300  token_p=0.020  dropE=(0.020,0.080)  smooth=0.010  train_loss=0.1683  train_AUPR_all=0.8138  train_AUPR_ab=0.8599  train_AUPR_ag=0.7464  train_P@5_ab=1.0000  train_P@5_ag=1.0000  val_loss=0.3119  val_AUPR_all=0.5957  val_AUPR_ab=0.7455  val_AUPR_ag=0.3818  val_P@5_ab=0.9000  val_P@5_ag=0.9000  select=0.5636
Ep041  LR0=1.00e-04  pw=1.13  aucα=0.300  token_p=0.020  dropE=(0.020,0.080)  smooth=0.010  train_loss=0.1622  train_AUPR_all=0.8218  train_AUPR_ab=0.8645  train_AUPR_ag=0.7594  train_P@5_ab=0.9500  train_P@5_ag=1.0000  val_loss=0.3211  val_AUPR_all=0.5951  val_AUPR_ab=0.7452  val_AUPR_ag=0.3892  val_P@5_ab=0.8000  val_P@5_ag=0.7500  select=0.5672
Ep042  LR0=9.63e-05  pw=1.12  aucα=0.300  token_p=0.020  dropE=(0.020,0.080)  smooth=0.010  train_loss=0.1577  train_AUPR_all=0.8313  train_AUPR_ab=0.8730  train_AUPR_ag=0.7699  train_P@5_ab=1.0000  train_P@5_ag=1.0000  val_loss=0.3175  val_AUPR_all=0.5881  val_AUPR_ab=0.7322  val_AUPR_ag=0.3943  val_P@5_ab=0.9000  val_P@5_ag=0.7000  select=0.5633
Ep043  LR0=9.24e-05  pw=1.10  aucα=0.300  token_p=0.020  dropE=(0.020,0.080)  smooth=0.010  train_loss=0.1523  train_AUPR_all=0.8396  train_AUPR_ab=0.8794  train_AUPR_ag=0.7816  train_P@5_ab=1.0000  train_P@5_ag=1.0000  val_loss=0.3106  val_AUPR_all=0.5922  val_AUPR_ab=0.7359  val_AUPR_ag=0.3854  val_P@5_ab=0.9000  val_P@5_ag=0.7500  select=0.5607
Ep044  LR0=8.85e-05  pw=1.09  aucα=0.300  token_p=0.020  dropE=(0.020,0.080)  smooth=0.010  train_loss=0.1453  train_AUPR_all=0.8484  train_AUPR_ab=0.8878  train_AUPR_ag=0.7884  train_P@5_ab=1.0000  train_P@5_ag=1.0000  val_loss=0.3157  val_AUPR_all=0.5943  val_AUPR_ab=0.7442  val_AUPR_ag=0.3942  val_P@5_ab=0.9500  val_P@5_ag=0.6500  select=0.5692
Ep045  LR0=8.46e-05  pw=1.09  aucα=0.300  token_p=0.020  dropE=(0.020,0.080)  smooth=0.010  train_loss=0.1396  train_AUPR_all=0.8594  train_AUPR_ab=0.8951  train_AUPR_ag=0.8070  train_P@5_ab=1.0000  train_P@5_ag=1.0000  val_loss=0.3233  val_AUPR_all=0.5836  val_AUPR_ab=0.7489  val_AUPR_ag=0.3765  val_P@5_ab=0.9500  val_P@5_ag=0.5000  select=0.5627
Ep046  LR0=8.08e-05  pw=1.08  aucα=0.300  token_p=0.020  dropE=(0.020,0.080)  smooth=0.010  train_loss=0.1446  train_AUPR_all=0.8498  train_AUPR_ab=0.8887  train_AUPR_ag=0.7919  train_P@5_ab=1.0000  train_P@5_ag=1.0000  val_loss=0.3226  val_AUPR_all=0.5944  val_AUPR_ab=0.7399  val_AUPR_ag=0.3965  val_P@5_ab=1.0000  val_P@5_ag=0.7500  select=0.5682
Ep047  LR0=7.70e-05  pw=1.07  aucα=0.300  token_p=0.020  dropE=(0.020,0.080)  smooth=0.010  train_loss=0.1367  train_AUPR_all=0.8633  train_AUPR_ab=0.8987  train_AUPR_ag=0.8110  train_P@5_ab=1.0000  train_P@5_ag=1.0000  val_loss=0.3292  val_AUPR_all=0.5753  val_AUPR_ab=0.7295  val_AUPR_ag=0.3752  val_P@5_ab=0.8000  val_P@5_ag=0.6000  select=0.5524
Ep048  LR0=7.32e-05  pw=1.06  aucα=0.300  token_p=0.020  dropE=(0.020,0.080)  smooth=0.010  train_loss=0.1300  train_AUPR_all=0.8745  train_AUPR_ab=0.9071  train_AUPR_ag=0.8263  train_P@5_ab=1.0000  train_P@5_ag=1.0000  val_loss=0.3305  val_AUPR_all=0.5820  val_AUPR_ab=0.7286  val_AUPR_ag=0.3881  val_P@5_ab=0.7500  val_P@5_ag=0.4500  select=0.5583
Ep049  LR0=6.94e-05  pw=1.06  aucα=0.300  token_p=0.020  dropE=(0.020,0.080)  smooth=0.010  train_loss=0.1264  train_AUPR_all=0.8801  train_AUPR_ab=0.9133  train_AUPR_ag=0.8301  train_P@5_ab=1.0000  train_P@5_ag=1.0000  val_loss=0.3213  val_AUPR_all=0.5904  val_AUPR_ab=0.7388  val_AUPR_ag=0.3932  val_P@5_ab=0.8500  val_P@5_ag=0.5500  select=0.5660
Ep050  LR0=6.57e-05  pw=1.05  aucα=0.300  token_p=0.020  dropE=(0.020,0.080)  smooth=0.010  train_loss=0.1277  train_AUPR_all=0.8775  train_AUPR_ab=0.9115  train_AUPR_ag=0.8268  train_P@5_ab=1.0000  train_P@5_ag=1.0000  val_loss=0.3254  val_AUPR_all=0.5836  val_AUPR_ab=0.7233  val_AUPR_ag=0.3845  val_P@5_ab=0.9000  val_P@5_ag=0.5500  select=0.5539
Ep051  LR0=6.21e-05  pw=1.05  aucα=0.300  token_p=0.020  dropE=(0.020,0.080)  smooth=0.010  train_loss=0.1201  train_AUPR_all=0.8898  train_AUPR_ab=0.9209  train_AUPR_ag=0.8429  train_P@5_ab=0.9500  train_P@5_ag=1.0000  val_loss=0.3203  val_AUPR_all=0.5874  val_AUPR_ab=0.7291  val_AUPR_ag=0.3897  val_P@5_ab=0.7500  val_P@5_ag=0.6500  select=0.5594
Ep052  LR0=5.85e-05  pw=1.04  aucα=0.300  token_p=0.020  dropE=(0.020,0.080)  smooth=0.010  train_loss=0.1198  train_AUPR_all=0.8891  train_AUPR_ab=0.9201  train_AUPR_ag=0.8422  train_P@5_ab=1.0000  train_P@5_ag=1.0000  val_loss=0.3312  val_AUPR_all=0.5763  val_AUPR_ab=0.7322  val_AUPR_ag=0.3698  val_P@5_ab=0.7500  val_P@5_ag=0.5000  select=0.5510
Ep053  LR0=5.50e-05  pw=1.04  aucα=0.300  token_p=0.020  dropE=(0.020,0.080)  smooth=0.010  train_loss=0.1200  train_AUPR_all=0.8891  train_AUPR_ab=0.9195  train_AUPR_ag=0.8435  train_P@5_ab=1.0000  train_P@5_ag=1.0000  val_loss=0.3339  val_AUPR_all=0.5867  val_AUPR_ab=0.7360  val_AUPR_ag=0.3850  val_P@5_ab=0.9000  val_P@5_ag=0.7500  select=0.5605
Ep054  LR0=5.15e-05  pw=1.03  aucα=0.300  token_p=0.020  dropE=(0.020,0.080)  smooth=0.010  train_loss=0.1175  train_AUPR_all=0.8927  train_AUPR_ab=0.9224  train_AUPR_ag=0.8475  train_P@5_ab=1.0000  train_P@5_ag=1.0000  val_loss=0.3292  val_AUPR_all=0.5855  val_AUPR_ab=0.7280  val_AUPR_ag=0.3928  val_P@5_ab=0.8000  val_P@5_ag=0.6500  select=0.5604
Ep055  LR0=4.81e-05  pw=1.03  aucα=0.300  token_p=0.020  dropE=(0.020,0.080)  smooth=0.010  train_loss=0.1163  train_AUPR_all=0.8941  train_AUPR_ab=0.9229  train_AUPR_ag=0.8507  train_P@5_ab=1.0000  train_P@5_ag=1.0000  val_loss=0.3302  val_AUPR_all=0.5685  val_AUPR_ab=0.7223  val_AUPR_ag=0.3671  val_P@5_ab=0.7500  val_P@5_ag=0.6000  select=0.5447
Early stopping at epoch 55. Best select=0.5819 at epoch 35.
Final saved checkpoint for fold 4: checkpoints_post/iPara_balanced_l1_g5_i5_do0.10_dpr0.10_lr0.0002_heads16_fold4.pth
Best select=0.5819 at epoch 35

==========================================================================================
Fold 5/5
==========================================================================================
Train labels: valid=399660, pos=26617, neg=373043, ignore=699540, pos_frac=0.06660
Val labels: valid=100532, pos=6613, neg=93919, ignore=173068, pos_frac=0.06578
Initializing ClassificationModel with 5 GAT layers and residual connections...
Initializing MCModel with 5 GAT layers and 5 row attention layers (drop_path_rate=0.1)
Initializing CoreModel with 1 layers, drop_path_rate=0.1
Ep001  LR0=2.00e-04  pw=8.00  aucα=0.000  token_p=0.020  dropE=(0.020,0.080)  smooth=0.010  train_loss=0.7725  train_AUPR_all=0.2350  train_AUPR_ab=0.2771  train_AUPR_ag=0.1802  train_P@5_ab=0.7000  train_P@5_ag=0.7000  val_loss=0.9236  val_AUPR_all=0.3599  val_AUPR_ab=0.5066  val_AUPR_ag=0.1467  val_P@5_ab=0.6000  val_P@5_ag=0.7000  select=0.3266
  Saved checkpoint: checkpoints_post/iPara_balanced_l1_g5_i5_do0.10_dpr0.10_lr0.0002_heads16_fold5.pth  select=0.3266  val_ab=0.5066  val_ag=0.1467  val_all=0.3599
Ep002  LR0=2.00e-04  pw=7.33  aucα=0.000  token_p=0.020  dropE=(0.020,0.080)  smooth=0.010  train_loss=0.5478  train_AUPR_all=0.3995  train_AUPR_ab=0.4870  train_AUPR_ag=0.2571  train_P@5_ab=0.7000  train_P@5_ag=0.5000  val_loss=0.7526  val_AUPR_all=0.4362  val_AUPR_ab=0.5649  val_AUPR_ag=0.2268  val_P@5_ab=0.6000  val_P@5_ag=0.9500  select=0.3959
  Saved checkpoint: checkpoints_post/iPara_balanced_l1_g5_i5_do0.10_dpr0.10_lr0.0002_heads16_fold5.pth  select=0.3959  val_ab=0.5649  val_ag=0.2268  val_all=0.4362
Ep003  LR0=2.00e-04  pw=6.73  aucα=0.000  token_p=0.020  dropE=(0.020,0.080)  smooth=0.010  train_loss=0.4881  train_AUPR_all=0.4345  train_AUPR_ab=0.5218  train_AUPR_ag=0.2892  train_P@5_ab=0.7500  train_P@5_ag=0.8000  val_loss=0.7879  val_AUPR_all=0.4085  val_AUPR_ab=0.6019  val_AUPR_ag=0.1639  val_P@5_ab=0.8500  val_P@5_ag=0.5000  select=0.3829
Ep004  LR0=1.99e-04  pw=6.19  aucα=0.000  token_p=0.020  dropE=(0.020,0.080)  smooth=0.010  train_loss=0.4524  train_AUPR_all=0.4576  train_AUPR_ab=0.5483  train_AUPR_ag=0.3064  train_P@5_ab=0.8500  train_P@5_ag=1.0000  val_loss=0.6452  val_AUPR_all=0.4882  val_AUPR_ab=0.6516  val_AUPR_ag=0.2546  val_P@5_ab=0.9500  val_P@5_ag=1.0000  select=0.4531
  Saved checkpoint: checkpoints_post/iPara_balanced_l1_g5_i5_do0.10_dpr0.10_lr0.0002_heads16_fold5.pth  select=0.4531  val_ab=0.6516  val_ag=0.2546  val_all=0.4882
Ep005  LR0=1.99e-04  pw=5.69  aucα=0.000  token_p=0.020  dropE=(0.020,0.080)  smooth=0.010  train_loss=0.4209  train_AUPR_all=0.4915  train_AUPR_ab=0.5898  train_AUPR_ag=0.3265  train_P@5_ab=0.7000  train_P@5_ag=0.8000  val_loss=0.7851  val_AUPR_all=0.3680  val_AUPR_ab=0.6394  val_AUPR_ag=0.1649  val_P@5_ab=0.7500  val_P@5_ag=0.6500  select=0.4021
Ep006  LR0=1.98e-04  pw=5.25  aucα=0.000  token_p=0.020  dropE=(0.020,0.080)  smooth=0.010  train_loss=0.3986  train_AUPR_all=0.4917  train_AUPR_ab=0.5866  train_AUPR_ag=0.3261  train_P@5_ab=0.6500  train_P@5_ag=0.8500  val_loss=0.5714  val_AUPR_all=0.5097  val_AUPR_ab=0.6591  val_AUPR_ag=0.2771  val_P@5_ab=0.9500  val_P@5_ag=0.9500  select=0.4681
  Saved checkpoint: checkpoints_post/iPara_balanced_l1_g5_i5_do0.10_dpr0.10_lr0.0002_heads16_fold5.pth  select=0.4681  val_ab=0.6591  val_ag=0.2771  val_all=0.5097
Ep007  LR0=1.97e-04  pw=4.84  aucα=0.000  token_p=0.020  dropE=(0.020,0.080)  smooth=0.010  train_loss=0.3724  train_AUPR_all=0.5147  train_AUPR_ab=0.6120  train_AUPR_ag=0.3478  train_P@5_ab=1.0000  train_P@5_ag=1.0000  val_loss=0.5501  val_AUPR_all=0.5241  val_AUPR_ab=0.6735  val_AUPR_ag=0.2820  val_P@5_ab=0.9000  val_P@5_ag=0.8500  select=0.4778
  Saved checkpoint: checkpoints_post/iPara_balanced_l1_g5_i5_do0.10_dpr0.10_lr0.0002_heads16_fold5.pth  select=0.4778  val_ab=0.6735  val_ag=0.2820  val_all=0.5241
Ep008  LR0=1.96e-04  pw=4.48  aucα=0.000  token_p=0.020  dropE=(0.020,0.080)  smooth=0.010  train_loss=0.3524  train_AUPR_all=0.5164  train_AUPR_ab=0.6086  train_AUPR_ag=0.3575  train_P@5_ab=0.8500  train_P@5_ag=0.8500  val_loss=0.5513  val_AUPR_all=0.5186  val_AUPR_ab=0.6575  val_AUPR_ag=0.2840  val_P@5_ab=0.9500  val_P@5_ag=1.0000  select=0.4708
Ep009  LR0=1.95e-04  pw=4.15  aucα=0.000  token_p=0.020  dropE=(0.020,0.080)  smooth=0.010  train_loss=0.3358  train_AUPR_all=0.5261  train_AUPR_ab=0.6256  train_AUPR_ag=0.3537  train_P@5_ab=0.7000  train_P@5_ag=0.8000  val_loss=0.5071  val_AUPR_all=0.5426  val_AUPR_ab=0.6830  val_AUPR_ag=0.3339  val_P@5_ab=0.8500  val_P@5_ag=0.9500  select=0.5084
  Saved checkpoint: checkpoints_post/iPara_balanced_l1_g5_i5_do0.10_dpr0.10_lr0.0002_heads16_fold5.pth  select=0.5084  val_ab=0.6830  val_ag=0.3339  val_all=0.5426
Ep010  LR0=1.94e-04  pw=3.85  aucα=0.030  token_p=0.020  dropE=(0.020,0.080)  smooth=0.010  train_loss=0.3344  train_AUPR_all=0.5410  train_AUPR_ab=0.6416  train_AUPR_ag=0.3684  train_P@5_ab=0.8000  train_P@5_ag=1.0000  val_loss=0.4937  val_AUPR_all=0.5304  val_AUPR_ab=0.6869  val_AUPR_ag=0.3111  val_P@5_ab=0.9000  val_P@5_ag=1.0000  select=0.4990
Unfreezing DyM parameters.
Ep011  LR0=1.92e-04  pw=3.58  aucα=0.060  token_p=0.020  dropE=(0.020,0.080)  smooth=0.010  train_loss=0.3305  train_AUPR_all=0.5505  train_AUPR_ab=0.6539  train_AUPR_ag=0.3779  train_P@5_ab=0.8000  train_P@5_ag=0.9000  val_loss=0.4567  val_AUPR_all=0.5542  val_AUPR_ab=0.6923  val_AUPR_ag=0.3205  val_P@5_ab=0.7500  val_P@5_ag=1.0000  select=0.5064
Ep012  LR0=1.91e-04  pw=3.33  aucα=0.090  token_p=0.020  dropE=(0.020,0.080)  smooth=0.010  train_loss=0.3313  train_AUPR_all=0.5622  train_AUPR_ab=0.6680  train_AUPR_ag=0.3869  train_P@5_ab=0.9000  train_P@5_ag=0.9500  val_loss=0.5179  val_AUPR_all=0.5148  val_AUPR_ab=0.6857  val_AUPR_ag=0.3014  val_P@5_ab=1.0000  val_P@5_ag=0.9000  select=0.4935
Ep013  LR0=1.89e-04  pw=3.11  aucα=0.120  token_p=0.020  dropE=(0.020,0.080)  smooth=0.010  train_loss=0.3325  train_AUPR_all=0.5682  train_AUPR_ab=0.6766  train_AUPR_ag=0.3889  train_P@5_ab=0.9000  train_P@5_ag=0.8000  val_loss=0.4386  val_AUPR_all=0.5507  val_AUPR_ab=0.6871  val_AUPR_ag=0.3279  val_P@5_ab=0.8000  val_P@5_ag=1.0000  select=0.5075
Ep014  LR0=1.87e-04  pw=2.91  aucα=0.150  token_p=0.020  dropE=(0.020,0.080)  smooth=0.010  train_loss=0.3339  train_AUPR_all=0.5701  train_AUPR_ab=0.6818  train_AUPR_ag=0.3918  train_P@5_ab=0.9500  train_P@5_ag=0.9000  val_loss=0.4208  val_AUPR_all=0.5664  val_AUPR_ab=0.7109  val_AUPR_ag=0.3443  val_P@5_ab=0.9500  val_P@5_ag=0.9000  select=0.5276
  Saved checkpoint: checkpoints_post/iPara_balanced_l1_g5_i5_do0.10_dpr0.10_lr0.0002_heads16_fold5.pth  select=0.5276  val_ab=0.7109  val_ag=0.3443  val_all=0.5664
Ep015  LR0=1.85e-04  pw=2.73  aucα=0.180  token_p=0.020  dropE=(0.020,0.080)  smooth=0.010  train_loss=0.3315  train_AUPR_all=0.5854  train_AUPR_ab=0.6908  train_AUPR_ag=0.4170  train_P@5_ab=0.9000  train_P@5_ag=1.0000  val_loss=0.4366  val_AUPR_all=0.5336  val_AUPR_ab=0.6908  val_AUPR_ag=0.2847  val_P@5_ab=0.9500  val_P@5_ag=1.0000  select=0.4877
Ep016  LR0=1.83e-04  pw=2.56  aucα=0.210  token_p=0.020  dropE=(0.020,0.080)  smooth=0.010  train_loss=0.3359  train_AUPR_all=0.5866  train_AUPR_ab=0.6911  train_AUPR_ag=0.4209  train_P@5_ab=0.9000  train_P@5_ag=0.9500  val_loss=0.4096  val_AUPR_all=0.5525  val_AUPR_ab=0.7019  val_AUPR_ag=0.3205  val_P@5_ab=0.9500  val_P@5_ag=0.9000  select=0.5112
Ep017  LR0=1.81e-04  pw=2.41  aucα=0.240  token_p=0.020  dropE=(0.020,0.080)  smooth=0.010  train_loss=0.3358  train_AUPR_all=0.6014  train_AUPR_ab=0.7071  train_AUPR_ag=0.4351  train_P@5_ab=1.0000  train_P@5_ag=1.0000  val_loss=0.3894  val_AUPR_all=0.5727  val_AUPR_ab=0.7214  val_AUPR_ag=0.3438  val_P@5_ab=1.0000  val_P@5_ag=0.9500  select=0.5326
  Saved checkpoint: checkpoints_post/iPara_balanced_l1_g5_i5_do0.10_dpr0.10_lr0.0002_heads16_fold5.pth  select=0.5326  val_ab=0.7214  val_ag=0.3438  val_all=0.5727
Ep018  LR0=1.79e-04  pw=2.28  aucα=0.270  token_p=0.020  dropE=(0.020,0.080)  smooth=0.010  train_loss=0.3374  train_AUPR_all=0.6084  train_AUPR_ab=0.7156  train_AUPR_ag=0.4408  train_P@5_ab=0.9500  train_P@5_ag=0.9500  val_loss=0.3860  val_AUPR_all=0.5685  val_AUPR_ab=0.7209  val_AUPR_ag=0.3299  val_P@5_ab=1.0000  val_P@5_ag=1.0000  select=0.5254
Ep019  LR0=1.76e-04  pw=2.16  aucα=0.300  token_p=0.020  dropE=(0.020,0.080)  smooth=0.010  train_loss=0.3376  train_AUPR_all=0.6151  train_AUPR_ab=0.7176  train_AUPR_ag=0.4571  train_P@5_ab=0.9000  train_P@5_ag=0.9500  val_loss=0.3596  val_AUPR_all=0.5900  val_AUPR_ab=0.7323  val_AUPR_ag=0.3664  val_P@5_ab=1.0000  val_P@5_ag=1.0000  select=0.5493
  Saved checkpoint: checkpoints_post/iPara_balanced_l1_g5_i5_do0.10_dpr0.10_lr0.0002_heads16_fold5.pth  select=0.5493  val_ab=0.7323  val_ag=0.3664  val_all=0.5900
Ep020  LR0=1.73e-04  pw=2.05  aucα=0.300  token_p=0.020  dropE=(0.020,0.080)  smooth=0.010  train_loss=0.3278  train_AUPR_all=0.6225  train_AUPR_ab=0.7274  train_AUPR_ag=0.4601  train_P@5_ab=1.0000  train_P@5_ag=0.8500  val_loss=0.3625  val_AUPR_all=0.5681  val_AUPR_ab=0.7127  val_AUPR_ag=0.3451  val_P@5_ab=0.9500  val_P@5_ag=1.0000  select=0.5289
Ep021  LR0=1.71e-04  pw=1.95  aucα=0.300  token_p=0.020  dropE=(0.020,0.080)  smooth=0.010  train_loss=0.3137  train_AUPR_all=0.6379  train_AUPR_ab=0.7399  train_AUPR_ag=0.4817  train_P@5_ab=0.9500  train_P@5_ag=1.0000  val_loss=0.3567  val_AUPR_all=0.5755  val_AUPR_ab=0.7229  val_AUPR_ag=0.3531  val_P@5_ab=1.0000  val_P@5_ag=1.0000  select=0.5380
Ep022  LR0=1.68e-04  pw=1.86  aucα=0.300  token_p=0.020  dropE=(0.020,0.080)  smooth=0.010  train_loss=0.3010  train_AUPR_all=0.6512  train_AUPR_ab=0.7464  train_AUPR_ag=0.5069  train_P@5_ab=0.9500  train_P@5_ag=0.9500  val_loss=0.3641  val_AUPR_all=0.5614  val_AUPR_ab=0.7070  val_AUPR_ag=0.3353  val_P@5_ab=1.0000  val_P@5_ag=0.9500  select=0.5212
Ep023  LR0=1.65e-04  pw=1.78  aucα=0.300  token_p=0.020  dropE=(0.020,0.080)  smooth=0.010  train_loss=0.2904  train_AUPR_all=0.6579  train_AUPR_ab=0.7498  train_AUPR_ag=0.5187  train_P@5_ab=1.0000  train_P@5_ag=0.9500  val_loss=0.3511  val_AUPR_all=0.5855  val_AUPR_ab=0.7386  val_AUPR_ag=0.3589  val_P@5_ab=1.0000  val_P@5_ag=0.9500  select=0.5488
Ep024  LR0=1.62e-04  pw=1.70  aucα=0.300  token_p=0.020  dropE=(0.020,0.080)  smooth=0.010  train_loss=0.2797  train_AUPR_all=0.6718  train_AUPR_ab=0.7623  train_AUPR_ag=0.5355  train_P@5_ab=1.0000  train_P@5_ag=0.9000  val_loss=0.3388  val_AUPR_all=0.5890  val_AUPR_ab=0.7399  val_AUPR_ag=0.3587  val_P@5_ab=0.9500  val_P@5_ag=0.9500  select=0.5493
Ep025  LR0=1.59e-04  pw=1.64  aucα=0.300  token_p=0.020  dropE=(0.020,0.080)  smooth=0.010  train_loss=0.2693  train_AUPR_all=0.6839  train_AUPR_ab=0.7679  train_AUPR_ag=0.5581  train_P@5_ab=1.0000  train_P@5_ag=1.0000  val_loss=0.3357  val_AUPR_all=0.5803  val_AUPR_ab=0.7333  val_AUPR_ag=0.3623  val_P@5_ab=1.0000  val_P@5_ag=0.9500  select=0.5478
Ep026  LR0=1.56e-04  pw=1.57  aucα=0.300  token_p=0.020  dropE=(0.020,0.080)  smooth=0.010  train_loss=0.2613  train_AUPR_all=0.6892  train_AUPR_ab=0.7698  train_AUPR_ag=0.5693  train_P@5_ab=1.0000  train_P@5_ag=1.0000  val_loss=0.3352  val_AUPR_all=0.5955  val_AUPR_ab=0.7431  val_AUPR_ag=0.3804  val_P@5_ab=1.0000  val_P@5_ag=1.0000  select=0.5618
  Saved checkpoint: checkpoints_post/iPara_balanced_l1_g5_i5_do0.10_dpr0.10_lr0.0002_heads16_fold5.pth  select=0.5618  val_ab=0.7431  val_ag=0.3804  val_all=0.5955
Ep027  LR0=1.52e-04  pw=1.52  aucα=0.300  token_p=0.020  dropE=(0.020,0.080)  smooth=0.010  train_loss=0.2481  train_AUPR_all=0.7095  train_AUPR_ab=0.7863  train_AUPR_ag=0.5965  train_P@5_ab=1.0000  train_P@5_ag=1.0000  val_loss=0.3311  val_AUPR_all=0.5815  val_AUPR_ab=0.7326  val_AUPR_ag=0.3598  val_P@5_ab=1.0000  val_P@5_ag=0.9000  select=0.5462
Ep028  LR0=1.49e-04  pw=1.47  aucα=0.300  token_p=0.020  dropE=(0.020,0.080)  smooth=0.010  train_loss=0.2434  train_AUPR_all=0.7109  train_AUPR_ab=0.7826  train_AUPR_ag=0.6052  train_P@5_ab=1.0000  train_P@5_ag=0.9500  val_loss=0.3350  val_AUPR_all=0.5878  val_AUPR_ab=0.7416  val_AUPR_ag=0.3767  val_P@5_ab=0.9500  val_P@5_ag=1.0000  select=0.5592
Ep029  LR0=1.46e-04  pw=1.43  aucα=0.300  token_p=0.020  dropE=(0.020,0.080)  smooth=0.010  train_loss=0.2342  train_AUPR_all=0.7212  train_AUPR_ab=0.7885  train_AUPR_ag=0.6230  train_P@5_ab=1.0000  train_P@5_ag=0.9500  val_loss=0.3276  val_AUPR_all=0.5866  val_AUPR_ab=0.7396  val_AUPR_ag=0.3615  val_P@5_ab=1.0000  val_P@5_ag=1.0000  select=0.5506
Ep030  LR0=1.42e-04  pw=1.39  aucα=0.300  token_p=0.020  dropE=(0.020,0.080)  smooth=0.010  train_loss=0.2256  train_AUPR_all=0.7321  train_AUPR_ab=0.7949  train_AUPR_ag=0.6411  train_P@5_ab=1.0000  train_P@5_ag=1.0000  val_loss=0.3446  val_AUPR_all=0.5867  val_AUPR_ab=0.7432  val_AUPR_ag=0.3723  val_P@5_ab=1.0000  val_P@5_ag=1.0000  select=0.5577
Ep031  LR0=1.38e-04  pw=1.35  aucα=0.300  token_p=0.020  dropE=(0.020,0.080)  smooth=0.010  train_loss=0.2156  train_AUPR_all=0.7460  train_AUPR_ab=0.8068  train_AUPR_ag=0.6571  train_P@5_ab=1.0000  train_P@5_ag=0.9500  val_loss=0.3245  val_AUPR_all=0.5858  val_AUPR_ab=0.7444  val_AUPR_ag=0.3705  val_P@5_ab=0.9500  val_P@5_ag=1.0000  select=0.5575
Ep032  LR0=1.35e-04  pw=1.32  aucα=0.300  token_p=0.020  dropE=(0.020,0.080)  smooth=0.010  train_loss=0.2085  train_AUPR_all=0.7536  train_AUPR_ab=0.8142  train_AUPR_ag=0.6649  train_P@5_ab=1.0000  train_P@5_ag=1.0000  val_loss=0.3296  val_AUPR_all=0.5825  val_AUPR_ab=0.7383  val_AUPR_ag=0.3660  val_P@5_ab=0.9500  val_P@5_ag=1.0000  select=0.5522
Ep033  LR0=1.31e-04  pw=1.29  aucα=0.300  token_p=0.020  dropE=(0.020,0.080)  smooth=0.010  train_loss=0.2051  train_AUPR_all=0.7601  train_AUPR_ab=0.8155  train_AUPR_ag=0.6798  train_P@5_ab=1.0000  train_P@5_ag=1.0000  val_loss=0.3296  val_AUPR_all=0.5761  val_AUPR_ab=0.7458  val_AUPR_ag=0.3412  val_P@5_ab=0.8500  val_P@5_ag=1.0000  select=0.5435
Ep034  LR0=1.27e-04  pw=1.26  aucα=0.300  token_p=0.020  dropE=(0.020,0.080)  smooth=0.010  train_loss=0.1967  train_AUPR_all=0.7732  train_AUPR_ab=0.8236  train_AUPR_ag=0.7010  train_P@5_ab=1.0000  train_P@5_ag=1.0000  val_loss=0.3222  val_AUPR_all=0.5841  val_AUPR_ab=0.7274  val_AUPR_ag=0.3757  val_P@5_ab=0.9000  val_P@5_ag=1.0000  select=0.5516
Ep035  LR0=1.24e-04  pw=1.23  aucα=0.300  token_p=0.020  dropE=(0.020,0.080)  smooth=0.010  train_loss=0.1927  train_AUPR_all=0.7768  train_AUPR_ab=0.8270  train_AUPR_ag=0.7048  train_P@5_ab=1.0000  train_P@5_ag=0.9000  val_loss=0.3305  val_AUPR_all=0.5830  val_AUPR_ab=0.7349  val_AUPR_ag=0.3640  val_P@5_ab=0.8500  val_P@5_ag=1.0000  select=0.5495
Ep036  LR0=1.20e-04  pw=1.21  aucα=0.300  token_p=0.020  dropE=(0.020,0.080)  smooth=0.010  train_loss=0.1848  train_AUPR_all=0.7901  train_AUPR_ab=0.8374  train_AUPR_ag=0.7226  train_P@5_ab=0.9500  train_P@5_ag=0.9000  val_loss=0.3333  val_AUPR_all=0.5794  val_AUPR_ab=0.7474  val_AUPR_ag=0.3595  val_P@5_ab=0.8500  val_P@5_ag=1.0000  select=0.5535
Ep037  LR0=1.16e-04  pw=1.19  aucα=0.300  token_p=0.020  dropE=(0.020,0.080)  smooth=0.010  train_loss=0.1803  train_AUPR_all=0.7967  train_AUPR_ab=0.8442  train_AUPR_ag=0.7278  train_P@5_ab=1.0000  train_P@5_ag=1.0000  val_loss=0.3222  val_AUPR_all=0.5855  val_AUPR_ab=0.7533  val_AUPR_ag=0.3562  val_P@5_ab=0.9000  val_P@5_ag=1.0000  select=0.5548
Ep038  LR0=1.12e-04  pw=1.17  aucα=0.300  token_p=0.020  dropE=(0.020,0.080)  smooth=0.010  train_loss=0.1696  train_AUPR_all=0.8141  train_AUPR_ab=0.8579  train_AUPR_ag=0.7508  train_P@5_ab=1.0000  train_P@5_ag=1.0000  val_loss=0.3174  val_AUPR_all=0.5956  val_AUPR_ab=0.7470  val_AUPR_ag=0.3792  val_P@5_ab=0.9500  val_P@5_ag=0.9500  select=0.5631
  Saved checkpoint: checkpoints_post/iPara_balanced_l1_g5_i5_do0.10_dpr0.10_lr0.0002_heads16_fold5.pth  select=0.5631  val_ab=0.7470  val_ag=0.3792  val_all=0.5956
Ep039  LR0=1.08e-04  pw=1.16  aucα=0.300  token_p=0.020  dropE=(0.020,0.080)  smooth=0.010  train_loss=0.1638  train_AUPR_all=0.8224  train_AUPR_ab=0.8613  train_AUPR_ag=0.7666  train_P@5_ab=0.9500  train_P@5_ag=0.9500  val_loss=0.3397  val_AUPR_all=0.5560  val_AUPR_ab=0.7334  val_AUPR_ag=0.3378  val_P@5_ab=0.9000  val_P@5_ag=0.9500  select=0.5356
Ep040  LR0=1.04e-04  pw=1.14  aucα=0.300  token_p=0.020  dropE=(0.020,0.080)  smooth=0.010  train_loss=0.1643  train_AUPR_all=0.8200  train_AUPR_ab=0.8597  train_AUPR_ag=0.7634  train_P@5_ab=1.0000  train_P@5_ag=1.0000  val_loss=0.3253  val_AUPR_all=0.5785  val_AUPR_ab=0.7336  val_AUPR_ag=0.3800  val_P@5_ab=0.8500  val_P@5_ag=0.9500  select=0.5568
Ep041  LR0=1.00e-04  pw=1.13  aucα=0.300  token_p=0.020  dropE=(0.020,0.080)  smooth=0.010  train_loss=0.1553  train_AUPR_all=0.8344  train_AUPR_ab=0.8718  train_AUPR_ag=0.7805  train_P@5_ab=1.0000  train_P@5_ag=1.0000  val_loss=0.3201  val_AUPR_all=0.5877  val_AUPR_ab=0.7415  val_AUPR_ag=0.3781  val_P@5_ab=0.9500  val_P@5_ag=0.9000  select=0.5598
Ep042  LR0=9.63e-05  pw=1.12  aucα=0.300  token_p=0.020  dropE=(0.020,0.080)  smooth=0.010  train_loss=0.1507  train_AUPR_all=0.8423  train_AUPR_ab=0.8787  train_AUPR_ag=0.7899  train_P@5_ab=1.0000  train_P@5_ag=0.9500  val_loss=0.3327  val_AUPR_all=0.5752  val_AUPR_ab=0.7344  val_AUPR_ag=0.3647  val_P@5_ab=0.9500  val_P@5_ag=0.8500  select=0.5496
Ep043  LR0=9.24e-05  pw=1.10  aucα=0.300  token_p=0.020  dropE=(0.020,0.080)  smooth=0.010  train_loss=0.1478  train_AUPR_all=0.8457  train_AUPR_ab=0.8828  train_AUPR_ag=0.7929  train_P@5_ab=1.0000  train_P@5_ag=1.0000  val_loss=0.3377  val_AUPR_all=0.5770  val_AUPR_ab=0.7428  val_AUPR_ag=0.3584  val_P@5_ab=0.9000  val_P@5_ag=0.9500  select=0.5506
Ep044  LR0=8.85e-05  pw=1.09  aucα=0.300  token_p=0.020  dropE=(0.020,0.080)  smooth=0.010  train_loss=0.1463  train_AUPR_all=0.8488  train_AUPR_ab=0.8845  train_AUPR_ag=0.7970  train_P@5_ab=1.0000  train_P@5_ag=1.0000  val_loss=0.3317  val_AUPR_all=0.5760  val_AUPR_ab=0.7456  val_AUPR_ag=0.3520  val_P@5_ab=0.9000  val_P@5_ag=0.9500  select=0.5488
Ep045  LR0=8.46e-05  pw=1.09  aucα=0.300  token_p=0.020  dropE=(0.020,0.080)  smooth=0.010  train_loss=0.1403  train_AUPR_all=0.8583  train_AUPR_ab=0.8930  train_AUPR_ag=0.8086  train_P@5_ab=1.0000  train_P@5_ag=1.0000  val_loss=0.3421  val_AUPR_all=0.5639  val_AUPR_ab=0.7340  val_AUPR_ag=0.3567  val_P@5_ab=0.9500  val_P@5_ag=0.9000  select=0.5454
Ep046  LR0=8.08e-05  pw=1.08  aucα=0.300  token_p=0.020  dropE=(0.020,0.080)  smooth=0.010  train_loss=0.1385  train_AUPR_all=0.8602  train_AUPR_ab=0.8934  train_AUPR_ag=0.8122  train_P@5_ab=1.0000  train_P@5_ag=1.0000  val_loss=0.3343  val_AUPR_all=0.5801  val_AUPR_ab=0.7401  val_AUPR_ag=0.3675  val_P@5_ab=0.8500  val_P@5_ag=0.9500  select=0.5538
Ep047  LR0=7.70e-05  pw=1.07  aucα=0.300  token_p=0.020  dropE=(0.020,0.080)  smooth=0.010  train_loss=0.1315  train_AUPR_all=0.8721  train_AUPR_ab=0.9026  train_AUPR_ag=0.8279  train_P@5_ab=1.0000  train_P@5_ag=1.0000  val_loss=0.3268  val_AUPR_all=0.5838  val_AUPR_ab=0.7415  val_AUPR_ag=0.3633  val_P@5_ab=0.8500  val_P@5_ag=0.8500  select=0.5524
Ep048  LR0=7.32e-05  pw=1.06  aucα=0.300  token_p=0.020  dropE=(0.020,0.080)  smooth=0.010  train_loss=0.1299  train_AUPR_all=0.8727  train_AUPR_ab=0.9027  train_AUPR_ag=0.8289  train_P@5_ab=1.0000  train_P@5_ag=1.0000  val_loss=0.3367  val_AUPR_all=0.5769  val_AUPR_ab=0.7406  val_AUPR_ag=0.3574  val_P@5_ab=0.9500  val_P@5_ag=0.7500  select=0.5490
Ep049  LR0=6.94e-05  pw=1.06  aucα=0.300  token_p=0.020  dropE=(0.020,0.080)  smooth=0.010  train_loss=0.1304  train_AUPR_all=0.8724  train_AUPR_ab=0.9034  train_AUPR_ag=0.8271  train_P@5_ab=1.0000  train_P@5_ag=0.9500  val_loss=0.3313  val_AUPR_all=0.5739  val_AUPR_ab=0.7363  val_AUPR_ag=0.3526  val_P@5_ab=0.8000  val_P@5_ag=0.8500  select=0.5444
Ep050  LR0=6.57e-05  pw=1.05  aucα=0.300  token_p=0.020  dropE=(0.020,0.080)  smooth=0.010  train_loss=0.1219  train_AUPR_all=0.8857  train_AUPR_ab=0.9128  train_AUPR_ag=0.8468  train_P@5_ab=1.0000  train_P@5_ag=0.9500  val_loss=0.3446  val_AUPR_all=0.5629  val_AUPR_ab=0.7344  val_AUPR_ag=0.3464  val_P@5_ab=0.8500  val_P@5_ag=0.6500  select=0.5404
Ep051  LR0=6.21e-05  pw=1.05  aucα=0.300  token_p=0.020  dropE=(0.020,0.080)  smooth=0.010  train_loss=0.1212  train_AUPR_all=0.8867  train_AUPR_ab=0.9135  train_AUPR_ag=0.8478  train_P@5_ab=0.9000  train_P@5_ag=1.0000  val_loss=0.3319  val_AUPR_all=0.5715  val_AUPR_ab=0.7350  val_AUPR_ag=0.3464  val_P@5_ab=0.8000  val_P@5_ag=0.7000  select=0.5407
Ep052  LR0=5.85e-05  pw=1.04  aucα=0.300  token_p=0.020  dropE=(0.020,0.080)  smooth=0.010  train_loss=0.1220  train_AUPR_all=0.8847  train_AUPR_ab=0.9125  train_AUPR_ag=0.8437  train_P@5_ab=0.9000  train_P@5_ag=1.0000  val_loss=0.3319  val_AUPR_all=0.5784  val_AUPR_ab=0.7326  val_AUPR_ag=0.3698  val_P@5_ab=0.7500  val_P@5_ag=0.8500  select=0.5512
Ep053  LR0=5.50e-05  pw=1.04  aucα=0.300  token_p=0.020  dropE=(0.020,0.080)  smooth=0.010  train_loss=0.1180  train_AUPR_all=0.8919  train_AUPR_ab=0.9175  train_AUPR_ag=0.8540  train_P@5_ab=1.0000  train_P@5_ag=1.0000  val_loss=0.3352  val_AUPR_all=0.5749  val_AUPR_ab=0.7280  val_AUPR_ag=0.3630  val_P@5_ab=0.7000  val_P@5_ag=0.5500  select=0.5455
Ep054  LR0=5.15e-05  pw=1.03  aucα=0.300  token_p=0.020  dropE=(0.020,0.080)  smooth=0.010  train_loss=0.1155  train_AUPR_all=0.8958  train_AUPR_ab=0.9230  train_AUPR_ag=0.8560  train_P@5_ab=1.0000  train_P@5_ag=1.0000  val_loss=0.3432  val_AUPR_all=0.5600  val_AUPR_ab=0.7314  val_AUPR_ag=0.3463  val_P@5_ab=0.7500  val_P@5_ag=0.6000  select=0.5389
Ep055  LR0=4.81e-05  pw=1.03  aucα=0.300  token_p=0.020  dropE=(0.020,0.080)  smooth=0.010  train_loss=0.1145  train_AUPR_all=0.8971  train_AUPR_ab=0.9261  train_AUPR_ag=0.8535  train_P@5_ab=1.0000  train_P@5_ag=1.0000  val_loss=0.3446  val_AUPR_all=0.5721  val_AUPR_ab=0.7260  val_AUPR_ag=0.3644  val_P@5_ab=0.8000  val_P@5_ag=0.6500  select=0.5452
Ep056  LR0=4.48e-05  pw=1.03  aucα=0.300  token_p=0.020  dropE=(0.020,0.080)  smooth=0.010  train_loss=0.1099  train_AUPR_all=0.9045  train_AUPR_ab=0.9290  train_AUPR_ag=0.8680  train_P@5_ab=1.0000  train_P@5_ag=1.0000  val_loss=0.3518  val_AUPR_all=0.5596  val_AUPR_ab=0.7240  val_AUPR_ag=0.3468  val_P@5_ab=0.7500  val_P@5_ag=0.6500  select=0.5354
Ep057  LR0=4.16e-05  pw=1.03  aucα=0.300  token_p=0.020  dropE=(0.020,0.080)  smooth=0.010  train_loss=0.1066  train_AUPR_all=0.9092  train_AUPR_ab=0.9328  train_AUPR_ag=0.8751  train_P@5_ab=1.0000  train_P@5_ag=1.0000  val_loss=0.3411  val_AUPR_all=0.5738  val_AUPR_ab=0.7281  val_AUPR_ag=0.3709  val_P@5_ab=0.6500  val_P@5_ag=0.7500  select=0.5495
Ep058  LR0=3.85e-05  pw=1.02  aucα=0.300  token_p=0.020  dropE=(0.020,0.080)  smooth=0.010  train_loss=0.1100  train_AUPR_all=0.9031  train_AUPR_ab=0.9275  train_AUPR_ag=0.8669  train_P@5_ab=1.0000  train_P@5_ag=1.0000  val_loss=0.3416  val_AUPR_all=0.5741  val_AUPR_ab=0.7305  val_AUPR_ag=0.3667  val_P@5_ab=0.9000  val_P@5_ag=0.6000  select=0.5486
Early stopping at epoch 58. Best select=0.5631 at epoch 38.
Final saved checkpoint for fold 5: checkpoints_post/iPara_balanced_l1_g5_i5_do0.10_dpr0.10_lr0.0002_heads16_fold5.pth
Best select=0.5631 at epoch 38
