Device: cuda
Visible GPUs: 1
GPU 0: NVIDIA RTX PRO 6000 Blackwell Server Edition
Config:
  sequence_file: para_tv_esmsequences_1600.npz
  data_file: para_tv_esminterfaces_1600.npz
  edge_file: para_tv_esmedges_1600.npz
  seq_len: 1600
  vocab_size: 31
  num_classes: 2
  pad_id: 1
  eoc_id: 24
  embed_dim: 256
  num_heads: 16
  num_layers: 1
  num_gnn_layers: 8
  num_int_layers: 5
  dropout: 0.1
  drop_path_rate: 0.1
  batch_size: 4
  num_epochs: 80
  warmup_epochs: 10
  min_stop_epoch: 45
  early_stop: 20
  learning_rate: 0.0002
  weight_decay: 0.0001
  max_grad_norm: 0.5
  accum_steps: 1
  amp: True
  weight_start: 8.0
  weight_end: 1.0
  weight_anneal_tau: 10.0
  dropedge_min: 0.02
  dropedge_max: 0.08
  token_drop_p: 0.02
  smooth_lambda: 0.01
  aucpr_alpha: 0.3
  aucpr_ramp_start: 10
  aucpr_ramp_len: 10
  aucpr_bins: 64
  aucpr_temp: 0.05
  antibody_loss_weight: 1.0
  antigen_loss_weight: 1.0
  n_splits: 5
  num_workers: 0
  select_ab_weight: 0.5
  select_ag_weight: 0.5
Dataset size: 858

==========================================================================================
Fold 1/5
==========================================================================================
Train labels: valid=399467, pos=26433, neg=373034, ignore=698133, pos_frac=0.06617
Val labels: valid=100725, pos=6797, neg=93928, ignore=174475, pos_frac=0.06748
Initializing ClassificationModel with 8 GAT layers and residual connections...
Initializing MCModel with 8 GAT layers and 5 row attention layers (drop_path_rate=0.1)
Initializing CoreModel with 1 layers, drop_path_rate=0.1
Ep001  LR0=2.00e-04  pw=8.00  aucα=0.000  token_p=0.020  dropE=(0.020,0.080)  smooth=0.010  train_loss=0.8058  train_AUPR_all=0.1922  train_AUPR_ab=0.2379  train_AUPR_ag=0.1476  train_P@5_ab=0.3500  train_P@5_ag=0.7500  val_loss=0.8399  val_AUPR_all=0.3604  val_AUPR_ab=0.4324  val_AUPR_ag=0.2906  val_P@5_ab=0.5000  val_P@5_ag=1.0000  select=0.3615
  Saved checkpoint: checkpoints_old/iPara_balanced_l1_g8_i5_do0.10_dpr0.10_lr0.0002_heads16_fold1.pth  select=0.3615  val_ab=0.4324  val_ag=0.2906  val_all=0.3604
Ep002  LR0=2.00e-04  pw=7.33  aucα=0.000  token_p=0.020  dropE=(0.020,0.080)  smooth=0.010  train_loss=0.5482  train_AUPR_all=0.3789  train_AUPR_ab=0.4698  train_AUPR_ag=0.2379  train_P@5_ab=0.9000  train_P@5_ag=0.7500  val_loss=0.7195  val_AUPR_all=0.4649  val_AUPR_ab=0.5536  val_AUPR_ag=0.3206  val_P@5_ab=0.8000  val_P@5_ag=1.0000  select=0.4371
  Saved checkpoint: checkpoints_old/iPara_balanced_l1_g8_i5_do0.10_dpr0.10_lr0.0002_heads16_fold1.pth  select=0.4371  val_ab=0.5536  val_ag=0.3206  val_all=0.4649
Ep003  LR0=2.00e-04  pw=6.73  aucα=0.000  token_p=0.020  dropE=(0.020,0.080)  smooth=0.010  train_loss=0.4778  train_AUPR_all=0.4432  train_AUPR_ab=0.5353  train_AUPR_ag=0.2853  train_P@5_ab=0.8500  train_P@5_ag=0.7500  val_loss=0.6584  val_AUPR_all=0.4975  val_AUPR_ab=0.5925  val_AUPR_ag=0.3406  val_P@5_ab=0.8000  val_P@5_ag=1.0000  select=0.4666
  Saved checkpoint: checkpoints_old/iPara_balanced_l1_g8_i5_do0.10_dpr0.10_lr0.0002_heads16_fold1.pth  select=0.4666  val_ab=0.5925  val_ag=0.3406  val_all=0.4975
Ep004  LR0=1.99e-04  pw=6.19  aucα=0.000  token_p=0.020  dropE=(0.020,0.080)  smooth=0.010  train_loss=0.4367  train_AUPR_all=0.4717  train_AUPR_ab=0.5600  train_AUPR_ag=0.3157  train_P@5_ab=0.8500  train_P@5_ag=0.9500  val_loss=0.6264  val_AUPR_all=0.5065  val_AUPR_ab=0.6331  val_AUPR_ag=0.3285  val_P@5_ab=0.8500  val_P@5_ag=1.0000  select=0.4808
  Saved checkpoint: checkpoints_old/iPara_balanced_l1_g8_i5_do0.10_dpr0.10_lr0.0002_heads16_fold1.pth  select=0.4808  val_ab=0.6331  val_ag=0.3285  val_all=0.5065
Ep005  LR0=1.99e-04  pw=5.69  aucα=0.000  token_p=0.020  dropE=(0.020,0.080)  smooth=0.010  train_loss=0.4103  train_AUPR_all=0.4921  train_AUPR_ab=0.5910  train_AUPR_ag=0.3220  train_P@5_ab=0.9000  train_P@5_ag=0.8500  val_loss=0.5813  val_AUPR_all=0.5335  val_AUPR_ab=0.6469  val_AUPR_ag=0.3439  val_P@5_ab=0.9500  val_P@5_ag=1.0000  select=0.4954
  Saved checkpoint: checkpoints_old/iPara_balanced_l1_g8_i5_do0.10_dpr0.10_lr0.0002_heads16_fold1.pth  select=0.4954  val_ab=0.6469  val_ag=0.3439  val_all=0.5335
Ep006  LR0=1.98e-04  pw=5.25  aucα=0.000  token_p=0.020  dropE=(0.020,0.080)  smooth=0.010  train_loss=0.3819  train_AUPR_all=0.5013  train_AUPR_ab=0.5967  train_AUPR_ag=0.3354  train_P@5_ab=0.9000  train_P@5_ag=0.9500  val_loss=0.5437  val_AUPR_all=0.5409  val_AUPR_ab=0.6524  val_AUPR_ag=0.3656  val_P@5_ab=0.8500  val_P@5_ag=1.0000  select=0.5090
  Saved checkpoint: checkpoints_old/iPara_balanced_l1_g8_i5_do0.10_dpr0.10_lr0.0002_heads16_fold1.pth  select=0.5090  val_ab=0.6524  val_ag=0.3656  val_all=0.5409
Ep007  LR0=1.97e-04  pw=4.84  aucα=0.000  token_p=0.020  dropE=(0.020,0.080)  smooth=0.010  train_loss=0.3612  train_AUPR_all=0.5173  train_AUPR_ab=0.6146  train_AUPR_ag=0.3492  train_P@5_ab=0.6000  train_P@5_ag=0.9500  val_loss=0.6651  val_AUPR_all=0.5036  val_AUPR_ab=0.6238  val_AUPR_ag=0.3428  val_P@5_ab=0.7000  val_P@5_ag=1.0000  select=0.4833
Ep008  LR0=1.96e-04  pw=4.48  aucα=0.000  token_p=0.020  dropE=(0.020,0.080)  smooth=0.010  train_loss=0.3415  train_AUPR_all=0.5289  train_AUPR_ab=0.6216  train_AUPR_ag=0.3711  train_P@5_ab=0.8000  train_P@5_ag=0.9000  val_loss=0.5246  val_AUPR_all=0.5546  val_AUPR_ab=0.6701  val_AUPR_ag=0.3624  val_P@5_ab=0.9000  val_P@5_ag=1.0000  select=0.5162
  Saved checkpoint: checkpoints_old/iPara_balanced_l1_g8_i5_do0.10_dpr0.10_lr0.0002_heads16_fold1.pth  select=0.5162  val_ab=0.6701  val_ag=0.3624  val_all=0.5546
Ep009  LR0=1.95e-04  pw=4.15  aucα=0.000  token_p=0.020  dropE=(0.020,0.080)  smooth=0.010  train_loss=0.3200  train_AUPR_all=0.5510  train_AUPR_ab=0.6514  train_AUPR_ag=0.3796  train_P@5_ab=0.9000  train_P@5_ag=0.8500  val_loss=0.4918  val_AUPR_all=0.5576  val_AUPR_ab=0.6807  val_AUPR_ag=0.3703  val_P@5_ab=0.9000  val_P@5_ag=1.0000  select=0.5255
  Saved checkpoint: checkpoints_old/iPara_balanced_l1_g8_i5_do0.10_dpr0.10_lr0.0002_heads16_fold1.pth  select=0.5255  val_ab=0.6807  val_ag=0.3703  val_all=0.5576
Ep010  LR0=1.94e-04  pw=3.85  aucα=0.030  token_p=0.020  dropE=(0.020,0.080)  smooth=0.010  train_loss=0.3189  train_AUPR_all=0.5518  train_AUPR_ab=0.6448  train_AUPR_ag=0.3887  train_P@5_ab=0.8500  train_P@5_ag=0.9000  val_loss=0.4990  val_AUPR_all=0.5478  val_AUPR_ab=0.6723  val_AUPR_ag=0.3544  val_P@5_ab=0.9000  val_P@5_ag=0.9500  select=0.5133
Unfreezing DyM parameters.
Ep011  LR0=1.92e-04  pw=3.58  aucα=0.060  token_p=0.020  dropE=(0.020,0.080)  smooth=0.010  train_loss=0.3178  train_AUPR_all=0.5646  train_AUPR_ab=0.6653  train_AUPR_ag=0.3956  train_P@5_ab=0.9000  train_P@5_ag=0.9000  val_loss=0.4735  val_AUPR_all=0.5649  val_AUPR_ab=0.6872  val_AUPR_ag=0.3685  val_P@5_ab=0.9000  val_P@5_ag=1.0000  select=0.5278
  Saved checkpoint: checkpoints_old/iPara_balanced_l1_g8_i5_do0.10_dpr0.10_lr0.0002_heads16_fold1.pth  select=0.5278  val_ab=0.6872  val_ag=0.3685  val_all=0.5649
Ep012  LR0=1.91e-04  pw=3.33  aucα=0.090  token_p=0.020  dropE=(0.020,0.080)  smooth=0.010  train_loss=0.3179  train_AUPR_all=0.5691  train_AUPR_ab=0.6642  train_AUPR_ag=0.4096  train_P@5_ab=0.8500  train_P@5_ag=0.8500  val_loss=0.4466  val_AUPR_all=0.5782  val_AUPR_ab=0.7047  val_AUPR_ag=0.3771  val_P@5_ab=1.0000  val_P@5_ag=1.0000  select=0.5409
  Saved checkpoint: checkpoints_old/iPara_balanced_l1_g8_i5_do0.10_dpr0.10_lr0.0002_heads16_fold1.pth  select=0.5409  val_ab=0.7047  val_ag=0.3771  val_all=0.5782
Ep013  LR0=1.89e-04  pw=3.11  aucα=0.120  token_p=0.020  dropE=(0.020,0.080)  smooth=0.010  train_loss=0.3208  train_AUPR_all=0.5730  train_AUPR_ab=0.6693  train_AUPR_ag=0.4136  train_P@5_ab=0.8500  train_P@5_ag=0.8500  val_loss=0.4274  val_AUPR_all=0.5731  val_AUPR_ab=0.7018  val_AUPR_ag=0.3825  val_P@5_ab=0.9000  val_P@5_ag=0.9500  select=0.5422
  Saved checkpoint: checkpoints_old/iPara_balanced_l1_g8_i5_do0.10_dpr0.10_lr0.0002_heads16_fold1.pth  select=0.5422  val_ab=0.7018  val_ag=0.3825  val_all=0.5731
Ep014  LR0=1.87e-04  pw=2.91  aucα=0.150  token_p=0.020  dropE=(0.020,0.080)  smooth=0.010  train_loss=0.3155  train_AUPR_all=0.5951  train_AUPR_ab=0.6956  train_AUPR_ag=0.4299  train_P@5_ab=1.0000  train_P@5_ag=0.9500  val_loss=0.4180  val_AUPR_all=0.5821  val_AUPR_ab=0.7129  val_AUPR_ag=0.3772  val_P@5_ab=0.9000  val_P@5_ag=1.0000  select=0.5450
  Saved checkpoint: checkpoints_old/iPara_balanced_l1_g8_i5_do0.10_dpr0.10_lr0.0002_heads16_fold1.pth  select=0.5450  val_ab=0.7129  val_ag=0.3772  val_all=0.5821
Ep015  LR0=1.85e-04  pw=2.73  aucα=0.180  token_p=0.020  dropE=(0.020,0.080)  smooth=0.010  train_loss=0.3158  train_AUPR_all=0.6006  train_AUPR_ab=0.7005  train_AUPR_ag=0.4369  train_P@5_ab=0.9000  train_P@5_ag=0.9500  val_loss=0.4036  val_AUPR_all=0.5820  val_AUPR_ab=0.7200  val_AUPR_ag=0.3738  val_P@5_ab=1.0000  val_P@5_ag=0.9500  select=0.5469
  Saved checkpoint: checkpoints_old/iPara_balanced_l1_g8_i5_do0.10_dpr0.10_lr0.0002_heads16_fold1.pth  select=0.5469  val_ab=0.7200  val_ag=0.3738  val_all=0.5820
Ep016  LR0=1.83e-04  pw=2.56  aucα=0.210  token_p=0.020  dropE=(0.020,0.080)  smooth=0.010  train_loss=0.3193  train_AUPR_all=0.6048  train_AUPR_ab=0.7089  train_AUPR_ag=0.4341  train_P@5_ab=1.0000  train_P@5_ag=0.9000  val_loss=0.3872  val_AUPR_all=0.5919  val_AUPR_ab=0.7203  val_AUPR_ag=0.3836  val_P@5_ab=1.0000  val_P@5_ag=1.0000  select=0.5520
  Saved checkpoint: checkpoints_old/iPara_balanced_l1_g8_i5_do0.10_dpr0.10_lr0.0002_heads16_fold1.pth  select=0.5520  val_ab=0.7203  val_ag=0.3836  val_all=0.5919
Ep017  LR0=1.81e-04  pw=2.41  aucα=0.240  token_p=0.020  dropE=(0.020,0.080)  smooth=0.010  train_loss=0.3176  train_AUPR_all=0.6204  train_AUPR_ab=0.7183  train_AUPR_ag=0.4634  train_P@5_ab=0.9000  train_P@5_ag=1.0000  val_loss=0.3981  val_AUPR_all=0.5819  val_AUPR_ab=0.7152  val_AUPR_ag=0.3799  val_P@5_ab=0.9500  val_P@5_ag=1.0000  select=0.5476
Ep018  LR0=1.79e-04  pw=2.28  aucα=0.270  token_p=0.020  dropE=(0.020,0.080)  smooth=0.010  train_loss=0.3190  train_AUPR_all=0.6263  train_AUPR_ab=0.7238  train_AUPR_ag=0.4702  train_P@5_ab=0.9500  train_P@5_ag=0.9000  val_loss=0.3783  val_AUPR_all=0.5894  val_AUPR_ab=0.7236  val_AUPR_ag=0.3833  val_P@5_ab=1.0000  val_P@5_ag=1.0000  select=0.5534
  Saved checkpoint: checkpoints_old/iPara_balanced_l1_g8_i5_do0.10_dpr0.10_lr0.0002_heads16_fold1.pth  select=0.5534  val_ab=0.7236  val_ag=0.3833  val_all=0.5894
Ep019  LR0=1.76e-04  pw=2.16  aucα=0.300  token_p=0.020  dropE=(0.020,0.080)  smooth=0.010  train_loss=0.3228  train_AUPR_all=0.6334  train_AUPR_ab=0.7327  train_AUPR_ag=0.4749  train_P@5_ab=0.9000  train_P@5_ag=1.0000  val_loss=0.3668  val_AUPR_all=0.5947  val_AUPR_ab=0.7393  val_AUPR_ag=0.3733  val_P@5_ab=0.9500  val_P@5_ag=1.0000  select=0.5563
  Saved checkpoint: checkpoints_old/iPara_balanced_l1_g8_i5_do0.10_dpr0.10_lr0.0002_heads16_fold1.pth  select=0.5563  val_ab=0.7393  val_ag=0.3733  val_all=0.5947
Ep020  LR0=1.73e-04  pw=2.05  aucα=0.300  token_p=0.020  dropE=(0.020,0.080)  smooth=0.010  train_loss=0.3126  train_AUPR_all=0.6381  train_AUPR_ab=0.7356  train_AUPR_ag=0.4845  train_P@5_ab=0.9500  train_P@5_ag=0.9500  val_loss=0.3661  val_AUPR_all=0.5873  val_AUPR_ab=0.7239  val_AUPR_ag=0.3729  val_P@5_ab=0.9500  val_P@5_ag=0.8500  select=0.5484
Ep021  LR0=1.71e-04  pw=1.95  aucα=0.300  token_p=0.020  dropE=(0.020,0.080)  smooth=0.010  train_loss=0.2995  train_AUPR_all=0.6506  train_AUPR_ab=0.7387  train_AUPR_ag=0.5139  train_P@5_ab=1.0000  train_P@5_ag=0.9500  val_loss=0.3513  val_AUPR_all=0.6039  val_AUPR_ab=0.7470  val_AUPR_ag=0.3767  val_P@5_ab=1.0000  val_P@5_ag=0.9500  select=0.5619
  Saved checkpoint: checkpoints_old/iPara_balanced_l1_g8_i5_do0.10_dpr0.10_lr0.0002_heads16_fold1.pth  select=0.5619  val_ab=0.7470  val_ag=0.3767  val_all=0.6039
Ep022  LR0=1.68e-04  pw=1.86  aucα=0.300  token_p=0.020  dropE=(0.020,0.080)  smooth=0.010  train_loss=0.2851  train_AUPR_all=0.6664  train_AUPR_ab=0.7550  train_AUPR_ag=0.5291  train_P@5_ab=0.9500  train_P@5_ag=1.0000  val_loss=0.3478  val_AUPR_all=0.5886  val_AUPR_ab=0.7283  val_AUPR_ag=0.3745  val_P@5_ab=1.0000  val_P@5_ag=0.9000  select=0.5514
Ep023  LR0=1.65e-04  pw=1.78  aucα=0.300  token_p=0.020  dropE=(0.020,0.080)  smooth=0.010  train_loss=0.2758  train_AUPR_all=0.6754  train_AUPR_ab=0.7572  train_AUPR_ag=0.5496  train_P@5_ab=1.0000  train_P@5_ag=1.0000  val_loss=0.3463  val_AUPR_all=0.6005  val_AUPR_ab=0.7524  val_AUPR_ag=0.3642  val_P@5_ab=1.0000  val_P@5_ag=0.9500  select=0.5583
Ep024  LR0=1.62e-04  pw=1.70  aucα=0.300  token_p=0.020  dropE=(0.020,0.080)  smooth=0.010  train_loss=0.2689  train_AUPR_all=0.6778  train_AUPR_ab=0.7570  train_AUPR_ag=0.5561  train_P@5_ab=1.0000  train_P@5_ag=0.9500  val_loss=0.3446  val_AUPR_all=0.6041  val_AUPR_ab=0.7513  val_AUPR_ag=0.3826  val_P@5_ab=0.9500  val_P@5_ag=0.9500  select=0.5670
  Saved checkpoint: checkpoints_old/iPara_balanced_l1_g8_i5_do0.10_dpr0.10_lr0.0002_heads16_fold1.pth  select=0.5670  val_ab=0.7513  val_ag=0.3826  val_all=0.6041
Ep025  LR0=1.59e-04  pw=1.64  aucα=0.300  token_p=0.020  dropE=(0.020,0.080)  smooth=0.010  train_loss=0.2636  train_AUPR_all=0.6807  train_AUPR_ab=0.7613  train_AUPR_ag=0.5566  train_P@5_ab=0.9500  train_P@5_ag=0.8000  val_loss=0.3489  val_AUPR_all=0.5956  val_AUPR_ab=0.7519  val_AUPR_ag=0.3550  val_P@5_ab=0.8500  val_P@5_ag=0.5500  select=0.5534
Ep026  LR0=1.56e-04  pw=1.57  aucα=0.300  token_p=0.020  dropE=(0.020,0.080)  smooth=0.010  train_loss=0.2497  train_AUPR_all=0.6977  train_AUPR_ab=0.7687  train_AUPR_ag=0.5906  train_P@5_ab=1.0000  train_P@5_ag=0.9000  val_loss=0.3282  val_AUPR_all=0.5964  val_AUPR_ab=0.7452  val_AUPR_ag=0.3644  val_P@5_ab=1.0000  val_P@5_ag=0.8000  select=0.5548
Ep027  LR0=1.52e-04  pw=1.52  aucα=0.300  token_p=0.020  dropE=(0.020,0.080)  smooth=0.010  train_loss=0.2425  train_AUPR_all=0.7069  train_AUPR_ab=0.7767  train_AUPR_ag=0.6018  train_P@5_ab=0.9500  train_P@5_ag=1.0000  val_loss=0.3224  val_AUPR_all=0.6025  val_AUPR_ab=0.7523  val_AUPR_ag=0.3703  val_P@5_ab=1.0000  val_P@5_ag=0.9000  select=0.5613
Ep028  LR0=1.49e-04  pw=1.47  aucα=0.300  token_p=0.020  dropE=(0.020,0.080)  smooth=0.010  train_loss=0.2336  train_AUPR_all=0.7165  train_AUPR_ab=0.7778  train_AUPR_ag=0.6259  train_P@5_ab=0.9500  train_P@5_ag=0.9500  val_loss=0.3196  val_AUPR_all=0.6008  val_AUPR_ab=0.7624  val_AUPR_ag=0.3524  val_P@5_ab=0.9500  val_P@5_ag=0.6500  select=0.5574
Ep029  LR0=1.46e-04  pw=1.43  aucα=0.300  token_p=0.020  dropE=(0.020,0.080)  smooth=0.010  train_loss=0.2285  train_AUPR_all=0.7225  train_AUPR_ab=0.7874  train_AUPR_ag=0.6265  train_P@5_ab=1.0000  train_P@5_ag=0.9500  val_loss=0.3100  val_AUPR_all=0.6031  val_AUPR_ab=0.7498  val_AUPR_ag=0.3761  val_P@5_ab=0.9000  val_P@5_ag=0.9000  select=0.5630
Ep030  LR0=1.42e-04  pw=1.39  aucα=0.300  token_p=0.020  dropE=(0.020,0.080)  smooth=0.010  train_loss=0.2176  train_AUPR_all=0.7391  train_AUPR_ab=0.7965  train_AUPR_ag=0.6556  train_P@5_ab=1.0000  train_P@5_ag=0.9500  val_loss=0.3127  val_AUPR_all=0.5996  val_AUPR_ab=0.7486  val_AUPR_ag=0.3686  val_P@5_ab=0.9000  val_P@5_ag=0.7500  select=0.5586
Ep031  LR0=1.38e-04  pw=1.35  aucα=0.300  token_p=0.020  dropE=(0.020,0.080)  smooth=0.010  train_loss=0.2139  train_AUPR_all=0.7406  train_AUPR_ab=0.7968  train_AUPR_ag=0.6590  train_P@5_ab=1.0000  train_P@5_ag=0.8500  val_loss=0.3131  val_AUPR_all=0.6037  val_AUPR_ab=0.7544  val_AUPR_ag=0.3808  val_P@5_ab=0.9500  val_P@5_ag=0.9500  select=0.5676
  Saved checkpoint: checkpoints_old/iPara_balanced_l1_g8_i5_do0.10_dpr0.10_lr0.0002_heads16_fold1.pth  select=0.5676  val_ab=0.7544  val_ag=0.3808  val_all=0.6037
Ep032  LR0=1.35e-04  pw=1.32  aucα=0.300  token_p=0.020  dropE=(0.020,0.080)  smooth=0.010  train_loss=0.2051  train_AUPR_all=0.7552  train_AUPR_ab=0.8055  train_AUPR_ag=0.6828  train_P@5_ab=1.0000  train_P@5_ag=1.0000  val_loss=0.3134  val_AUPR_all=0.6091  val_AUPR_ab=0.7613  val_AUPR_ag=0.3782  val_P@5_ab=0.9500  val_P@5_ag=0.6500  select=0.5697
  Saved checkpoint: checkpoints_old/iPara_balanced_l1_g8_i5_do0.10_dpr0.10_lr0.0002_heads16_fold1.pth  select=0.5697  val_ab=0.7613  val_ag=0.3782  val_all=0.6091
Ep033  LR0=1.31e-04  pw=1.29  aucα=0.300  token_p=0.020  dropE=(0.020,0.080)  smooth=0.010  train_loss=0.1978  train_AUPR_all=0.7641  train_AUPR_ab=0.8120  train_AUPR_ag=0.6955  train_P@5_ab=1.0000  train_P@5_ag=1.0000  val_loss=0.3337  val_AUPR_all=0.5929  val_AUPR_ab=0.7574  val_AUPR_ag=0.3735  val_P@5_ab=1.0000  val_P@5_ag=0.9500  select=0.5654
Ep034  LR0=1.27e-04  pw=1.26  aucα=0.300  token_p=0.020  dropE=(0.020,0.080)  smooth=0.010  train_loss=0.1972  train_AUPR_all=0.7627  train_AUPR_ab=0.8065  train_AUPR_ag=0.7005  train_P@5_ab=0.9500  train_P@5_ag=0.9500  val_loss=0.3104  val_AUPR_all=0.6065  val_AUPR_ab=0.7571  val_AUPR_ag=0.3795  val_P@5_ab=1.0000  val_P@5_ag=0.9000  select=0.5683
Ep035  LR0=1.24e-04  pw=1.23  aucα=0.300  token_p=0.020  dropE=(0.020,0.080)  smooth=0.010  train_loss=0.1906  train_AUPR_all=0.7725  train_AUPR_ab=0.8126  train_AUPR_ag=0.7159  train_P@5_ab=1.0000  train_P@5_ag=1.0000  val_loss=0.3099  val_AUPR_all=0.6003  val_AUPR_ab=0.7567  val_AUPR_ag=0.3772  val_P@5_ab=0.9500  val_P@5_ag=0.9000  select=0.5669
Ep036  LR0=1.20e-04  pw=1.21  aucα=0.300  token_p=0.020  dropE=(0.020,0.080)  smooth=0.010  train_loss=0.1856  train_AUPR_all=0.7791  train_AUPR_ab=0.8174  train_AUPR_ag=0.7255  train_P@5_ab=1.0000  train_P@5_ag=0.9500  val_loss=0.3271  val_AUPR_all=0.5951  val_AUPR_ab=0.7540  val_AUPR_ag=0.3752  val_P@5_ab=1.0000  val_P@5_ag=0.9500  select=0.5646
Ep037  LR0=1.16e-04  pw=1.19  aucα=0.300  token_p=0.020  dropE=(0.020,0.080)  smooth=0.010  train_loss=0.1764  train_AUPR_all=0.7949  train_AUPR_ab=0.8297  train_AUPR_ag=0.7463  train_P@5_ab=1.0000  train_P@5_ag=1.0000  val_loss=0.3164  val_AUPR_all=0.5951  val_AUPR_ab=0.7546  val_AUPR_ag=0.3708  val_P@5_ab=0.9500  val_P@5_ag=0.9000  select=0.5627
Ep038  LR0=1.12e-04  pw=1.17  aucα=0.300  token_p=0.020  dropE=(0.020,0.080)  smooth=0.010  train_loss=0.1733  train_AUPR_all=0.7989  train_AUPR_ab=0.8367  train_AUPR_ag=0.7456  train_P@5_ab=1.0000  train_P@5_ag=0.9500  val_loss=0.3148  val_AUPR_all=0.5972  val_AUPR_ab=0.7560  val_AUPR_ag=0.3679  val_P@5_ab=0.9500  val_P@5_ag=0.6500  select=0.5619
Ep039  LR0=1.08e-04  pw=1.16  aucα=0.300  token_p=0.020  dropE=(0.020,0.080)  smooth=0.010  train_loss=0.1711  train_AUPR_all=0.8024  train_AUPR_ab=0.8377  train_AUPR_ag=0.7531  train_P@5_ab=1.0000  train_P@5_ag=1.0000  val_loss=0.3292  val_AUPR_all=0.5905  val_AUPR_ab=0.7508  val_AUPR_ag=0.3530  val_P@5_ab=0.9000  val_P@5_ag=0.6500  select=0.5519
Ep040  LR0=1.04e-04  pw=1.14  aucα=0.300  token_p=0.020  dropE=(0.020,0.080)  smooth=0.010  train_loss=0.1654  train_AUPR_all=0.8130  train_AUPR_ab=0.8460  train_AUPR_ag=0.7667  train_P@5_ab=1.0000  train_P@5_ag=1.0000  val_loss=0.3140  val_AUPR_all=0.5954  val_AUPR_ab=0.7604  val_AUPR_ag=0.3719  val_P@5_ab=0.9500  val_P@5_ag=0.8000  select=0.5661
Ep041  LR0=1.00e-04  pw=1.13  aucα=0.300  token_p=0.020  dropE=(0.020,0.080)  smooth=0.010  train_loss=0.1601  train_AUPR_all=0.8205  train_AUPR_ab=0.8525  train_AUPR_ag=0.7759  train_P@5_ab=1.0000  train_P@5_ag=1.0000  val_loss=0.3114  val_AUPR_all=0.6011  val_AUPR_ab=0.7662  val_AUPR_ag=0.3692  val_P@5_ab=0.9500  val_P@5_ag=0.7500  select=0.5677
Ep042  LR0=9.63e-05  pw=1.12  aucα=0.300  token_p=0.020  dropE=(0.020,0.080)  smooth=0.010  train_loss=0.1566  train_AUPR_all=0.8250  train_AUPR_ab=0.8555  train_AUPR_ag=0.7823  train_P@5_ab=1.0000  train_P@5_ag=1.0000  val_loss=0.3106  val_AUPR_all=0.5968  val_AUPR_ab=0.7598  val_AUPR_ag=0.3710  val_P@5_ab=1.0000  val_P@5_ag=0.8000  select=0.5654
Ep043  LR0=9.24e-05  pw=1.10  aucα=0.300  token_p=0.020  dropE=(0.020,0.080)  smooth=0.010  train_loss=0.1516  train_AUPR_all=0.8342  train_AUPR_ab=0.8632  train_AUPR_ag=0.7937  train_P@5_ab=1.0000  train_P@5_ag=1.0000  val_loss=0.3168  val_AUPR_all=0.5906  val_AUPR_ab=0.7583  val_AUPR_ag=0.3625  val_P@5_ab=0.9000  val_P@5_ag=0.8500  select=0.5604
Ep044  LR0=8.85e-05  pw=1.09  aucα=0.300  token_p=0.020  dropE=(0.020,0.080)  smooth=0.010  train_loss=0.1506  train_AUPR_all=0.8336  train_AUPR_ab=0.8599  train_AUPR_ag=0.7971  train_P@5_ab=1.0000  train_P@5_ag=1.0000  val_loss=0.3090  val_AUPR_all=0.5859  val_AUPR_ab=0.7480  val_AUPR_ag=0.3580  val_P@5_ab=0.8500  val_P@5_ag=0.8500  select=0.5530
Ep045  LR0=8.46e-05  pw=1.09  aucα=0.300  token_p=0.020  dropE=(0.020,0.080)  smooth=0.010  train_loss=0.1449  train_AUPR_all=0.8422  train_AUPR_ab=0.8682  train_AUPR_ag=0.8061  train_P@5_ab=1.0000  train_P@5_ag=1.0000  val_loss=0.3172  val_AUPR_all=0.5873  val_AUPR_ab=0.7584  val_AUPR_ag=0.3553  val_P@5_ab=0.9000  val_P@5_ag=0.6500  select=0.5569
Ep046  LR0=8.08e-05  pw=1.08  aucα=0.300  token_p=0.020  dropE=(0.020,0.080)  smooth=0.010  train_loss=0.1450  train_AUPR_all=0.8431  train_AUPR_ab=0.8693  train_AUPR_ag=0.8070  train_P@5_ab=1.0000  train_P@5_ag=1.0000  val_loss=0.3212  val_AUPR_all=0.5828  val_AUPR_ab=0.7563  val_AUPR_ag=0.3621  val_P@5_ab=0.8500  val_P@5_ag=0.7500  select=0.5592
Ep047  LR0=7.70e-05  pw=1.07  aucα=0.300  token_p=0.020  dropE=(0.020,0.080)  smooth=0.010  train_loss=0.1386  train_AUPR_all=0.8543  train_AUPR_ab=0.8782  train_AUPR_ag=0.8213  train_P@5_ab=1.0000  train_P@5_ag=1.0000  val_loss=0.3231  val_AUPR_all=0.5818  val_AUPR_ab=0.7634  val_AUPR_ag=0.3442  val_P@5_ab=1.0000  val_P@5_ag=0.5500  select=0.5538
Ep048  LR0=7.32e-05  pw=1.06  aucα=0.300  token_p=0.020  dropE=(0.020,0.080)  smooth=0.010  train_loss=0.1376  train_AUPR_all=0.8566  train_AUPR_ab=0.8816  train_AUPR_ag=0.8218  train_P@5_ab=1.0000  train_P@5_ag=0.9500  val_loss=0.3167  val_AUPR_all=0.5866  val_AUPR_ab=0.7571  val_AUPR_ag=0.3643  val_P@5_ab=0.9000  val_P@5_ag=0.7500  select=0.5607
Ep049  LR0=6.94e-05  pw=1.06  aucα=0.300  token_p=0.020  dropE=(0.020,0.080)  smooth=0.010  train_loss=0.1363  train_AUPR_all=0.8577  train_AUPR_ab=0.8852  train_AUPR_ag=0.8193  train_P@5_ab=1.0000  train_P@5_ag=0.9500  val_loss=0.3159  val_AUPR_all=0.5944  val_AUPR_ab=0.7625  val_AUPR_ag=0.3642  val_P@5_ab=0.8500  val_P@5_ag=0.7000  select=0.5633
Ep050  LR0=6.57e-05  pw=1.05  aucα=0.300  token_p=0.020  dropE=(0.020,0.080)  smooth=0.010  train_loss=0.1307  train_AUPR_all=0.8675  train_AUPR_ab=0.8913  train_AUPR_ag=0.8344  train_P@5_ab=1.0000  train_P@5_ag=1.0000  val_loss=0.3221  val_AUPR_all=0.5829  val_AUPR_ab=0.7572  val_AUPR_ag=0.3505  val_P@5_ab=0.9000  val_P@5_ag=0.5500  select=0.5539
Ep051  LR0=6.21e-05  pw=1.05  aucα=0.300  token_p=0.020  dropE=(0.020,0.080)  smooth=0.010  train_loss=0.1333  train_AUPR_all=0.8611  train_AUPR_ab=0.8831  train_AUPR_ag=0.8307  train_P@5_ab=1.0000  train_P@5_ag=1.0000  val_loss=0.3240  val_AUPR_all=0.6008  val_AUPR_ab=0.7644  val_AUPR_ag=0.3830  val_P@5_ab=1.0000  val_P@5_ag=0.8500  select=0.5737
  Saved checkpoint: checkpoints_old/iPara_balanced_l1_g8_i5_do0.10_dpr0.10_lr0.0002_heads16_fold1.pth  select=0.5737  val_ab=0.7644  val_ag=0.3830  val_all=0.6008
Ep052  LR0=5.85e-05  pw=1.04  aucα=0.300  token_p=0.020  dropE=(0.020,0.080)  smooth=0.010  train_loss=0.1287  train_AUPR_all=0.8693  train_AUPR_ab=0.8920  train_AUPR_ag=0.8375  train_P@5_ab=0.9500  train_P@5_ag=1.0000  val_loss=0.3171  val_AUPR_all=0.5995  val_AUPR_ab=0.7654  val_AUPR_ag=0.3620  val_P@5_ab=0.9500  val_P@5_ag=0.7000  select=0.5637
Ep053  LR0=5.50e-05  pw=1.04  aucα=0.300  token_p=0.020  dropE=(0.020,0.080)  smooth=0.010  train_loss=0.1273  train_AUPR_all=0.8713  train_AUPR_ab=0.8933  train_AUPR_ag=0.8407  train_P@5_ab=1.0000  train_P@5_ag=0.9500  val_loss=0.3214  val_AUPR_all=0.5927  val_AUPR_ab=0.7606  val_AUPR_ag=0.3655  val_P@5_ab=0.8500  val_P@5_ag=0.5500  select=0.5630
Ep054  LR0=5.15e-05  pw=1.03  aucα=0.300  token_p=0.020  dropE=(0.020,0.080)  smooth=0.010  train_loss=0.1268  train_AUPR_all=0.8725  train_AUPR_ab=0.8955  train_AUPR_ag=0.8403  train_P@5_ab=1.0000  train_P@5_ag=1.0000  val_loss=0.3255  val_AUPR_all=0.5822  val_AUPR_ab=0.7616  val_AUPR_ag=0.3388  val_P@5_ab=0.8500  val_P@5_ag=0.5500  select=0.5502
Ep055  LR0=4.81e-05  pw=1.03  aucα=0.300  token_p=0.020  dropE=(0.020,0.080)  smooth=0.010  train_loss=0.1213  train_AUPR_all=0.8819  train_AUPR_ab=0.9030  train_AUPR_ag=0.8524  train_P@5_ab=1.0000  train_P@5_ag=1.0000  val_loss=0.3276  val_AUPR_all=0.5752  val_AUPR_ab=0.7541  val_AUPR_ag=0.3465  val_P@5_ab=0.9500  val_P@5_ag=0.5000  select=0.5503
Ep056  LR0=4.48e-05  pw=1.03  aucα=0.300  token_p=0.020  dropE=(0.020,0.080)  smooth=0.010  train_loss=0.1205  train_AUPR_all=0.8824  train_AUPR_ab=0.9033  train_AUPR_ag=0.8533  train_P@5_ab=1.0000  train_P@5_ag=0.9500  val_loss=0.3286  val_AUPR_all=0.5856  val_AUPR_ab=0.7570  val_AUPR_ag=0.3575  val_P@5_ab=0.9500  val_P@5_ag=0.6500  select=0.5573
Ep057  LR0=4.16e-05  pw=1.03  aucα=0.300  token_p=0.020  dropE=(0.020,0.080)  smooth=0.010  train_loss=0.1153  train_AUPR_all=0.8914  train_AUPR_ab=0.9134  train_AUPR_ag=0.8604  train_P@5_ab=0.9500  train_P@5_ag=0.9500  val_loss=0.3285  val_AUPR_all=0.5781  val_AUPR_ab=0.7543  val_AUPR_ag=0.3545  val_P@5_ab=0.9500  val_P@5_ag=0.7500  select=0.5544
Ep058  LR0=3.85e-05  pw=1.02  aucα=0.300  token_p=0.020  dropE=(0.020,0.080)  smooth=0.010  train_loss=0.1131  train_AUPR_all=0.8942  train_AUPR_ab=0.9134  train_AUPR_ag=0.8673  train_P@5_ab=1.0000  train_P@5_ag=1.0000  val_loss=0.3305  val_AUPR_all=0.5807  val_AUPR_ab=0.7541  val_AUPR_ag=0.3543  val_P@5_ab=0.8500  val_P@5_ag=0.6500  select=0.5542
Ep059  LR0=3.55e-05  pw=1.02  aucα=0.300  token_p=0.020  dropE=(0.020,0.080)  smooth=0.010  train_loss=0.1118  train_AUPR_all=0.8975  train_AUPR_ab=0.9202  train_AUPR_ag=0.8648  train_P@5_ab=1.0000  train_P@5_ag=1.0000  val_loss=0.3274  val_AUPR_all=0.5854  val_AUPR_ab=0.7579  val_AUPR_ag=0.3493  val_P@5_ab=0.8500  val_P@5_ag=0.7000  select=0.5536
Ep060  LR0=3.25e-05  pw=1.02  aucα=0.300  token_p=0.020  dropE=(0.020,0.080)  smooth=0.010  train_loss=0.1093  train_AUPR_all=0.9010  train_AUPR_ab=0.9217  train_AUPR_ag=0.8713  train_P@5_ab=1.0000  train_P@5_ag=1.0000  val_loss=0.3316  val_AUPR_all=0.5801  val_AUPR_ab=0.7522  val_AUPR_ag=0.3558  val_P@5_ab=0.9500  val_P@5_ag=0.7500  select=0.5540
Ep061  LR0=2.97e-05  pw=1.02  aucα=0.300  token_p=0.020  dropE=(0.020,0.080)  smooth=0.010  train_loss=0.1092  train_AUPR_all=0.9009  train_AUPR_ab=0.9209  train_AUPR_ag=0.8726  train_P@5_ab=0.9500  train_P@5_ag=1.0000  val_loss=0.3353  val_AUPR_all=0.5750  val_AUPR_ab=0.7517  val_AUPR_ag=0.3485  val_P@5_ab=0.9000  val_P@5_ag=0.6500  select=0.5501
Ep062  LR0=2.70e-05  pw=1.02  aucα=0.300  token_p=0.020  dropE=(0.020,0.080)  smooth=0.010  train_loss=0.1066  train_AUPR_all=0.9059  train_AUPR_ab=0.9255  train_AUPR_ag=0.8777  train_P@5_ab=1.0000  train_P@5_ag=1.0000  val_loss=0.3317  val_AUPR_all=0.5827  val_AUPR_ab=0.7526  val_AUPR_ag=0.3531  val_P@5_ab=1.0000  val_P@5_ag=0.6000  select=0.5528
Ep063  LR0=2.44e-05  pw=1.01  aucα=0.300  token_p=0.020  dropE=(0.020,0.080)  smooth=0.010  train_loss=0.1090  train_AUPR_all=0.8996  train_AUPR_ab=0.9196  train_AUPR_ag=0.8713  train_P@5_ab=1.0000  train_P@5_ag=0.9000  val_loss=0.3359  val_AUPR_all=0.5756  val_AUPR_ab=0.7506  val_AUPR_ag=0.3482  val_P@5_ab=0.9000  val_P@5_ag=0.7000  select=0.5494
Ep064  LR0=2.19e-05  pw=1.01  aucα=0.300  token_p=0.020  dropE=(0.020,0.080)  smooth=0.010  train_loss=0.1042  train_AUPR_all=0.9082  train_AUPR_ab=0.9274  train_AUPR_ag=0.8811  train_P@5_ab=1.0000  train_P@5_ag=0.9500  val_loss=0.3384  val_AUPR_all=0.5693  val_AUPR_ab=0.7429  val_AUPR_ag=0.3426  val_P@5_ab=0.9000  val_P@5_ag=0.6000  select=0.5427
Ep065  LR0=1.96e-05  pw=1.01  aucα=0.300  token_p=0.020  dropE=(0.020,0.080)  smooth=0.010  train_loss=0.1038  train_AUPR_all=0.9088  train_AUPR_ab=0.9298  train_AUPR_ag=0.8784  train_P@5_ab=1.0000  train_P@5_ag=0.9500  val_loss=0.3401  val_AUPR_all=0.5787  val_AUPR_ab=0.7496  val_AUPR_ag=0.3519  val_P@5_ab=0.9500  val_P@5_ag=0.4500  select=0.5507
Ep066  LR0=1.73e-05  pw=1.01  aucα=0.300  token_p=0.020  dropE=(0.020,0.080)  smooth=0.010  train_loss=0.1043  train_AUPR_all=0.9080  train_AUPR_ab=0.9270  train_AUPR_ag=0.8810  train_P@5_ab=0.9500  train_P@5_ag=1.0000  val_loss=0.3355  val_AUPR_all=0.5737  val_AUPR_ab=0.7448  val_AUPR_ag=0.3483  val_P@5_ab=0.9500  val_P@5_ag=0.5500  select=0.5466
Ep067  LR0=1.52e-05  pw=1.01  aucα=0.300  token_p=0.020  dropE=(0.020,0.080)  smooth=0.010  train_loss=0.1009  train_AUPR_all=0.9142  train_AUPR_ab=0.9334  train_AUPR_ag=0.8868  train_P@5_ab=1.0000  train_P@5_ag=1.0000  val_loss=0.3383  val_AUPR_all=0.5704  val_AUPR_ab=0.7426  val_AUPR_ag=0.3449  val_P@5_ab=0.9000  val_P@5_ag=0.5500  select=0.5438
Ep068  LR0=1.32e-05  pw=1.01  aucα=0.300  token_p=0.020  dropE=(0.020,0.080)  smooth=0.010  train_loss=0.1039  train_AUPR_all=0.9087  train_AUPR_ab=0.9275  train_AUPR_ag=0.8819  train_P@5_ab=1.0000  train_P@5_ag=1.0000  val_loss=0.3394  val_AUPR_all=0.5656  val_AUPR_ab=0.7435  val_AUPR_ag=0.3467  val_P@5_ab=0.9000  val_P@5_ag=0.5500  select=0.5451
Ep069  LR0=1.14e-05  pw=1.01  aucα=0.300  token_p=0.020  dropE=(0.020,0.080)  smooth=0.010  train_loss=0.0983  train_AUPR_all=0.9179  train_AUPR_ab=0.9366  train_AUPR_ag=0.8908  train_P@5_ab=1.0000  train_P@5_ag=1.0000  val_loss=0.3461  val_AUPR_all=0.5695  val_AUPR_ab=0.7442  val_AUPR_ag=0.3431  val_P@5_ab=0.8500  val_P@5_ag=0.6000  select=0.5436
Ep070  LR0=9.66e-06  pw=1.01  aucα=0.300  token_p=0.020  dropE=(0.020,0.080)  smooth=0.010  train_loss=0.1031  train_AUPR_all=0.9107  train_AUPR_ab=0.9285  train_AUPR_ag=0.8853  train_P@5_ab=1.0000  train_P@5_ag=1.0000  val_loss=0.3431  val_AUPR_all=0.5715  val_AUPR_ab=0.7488  val_AUPR_ag=0.3464  val_P@5_ab=0.9000  val_P@5_ag=0.5500  select=0.5476
Ep071  LR0=8.09e-06  pw=1.01  aucα=0.300  token_p=0.020  dropE=(0.020,0.080)  smooth=0.010  train_loss=0.1020  train_AUPR_all=0.9114  train_AUPR_ab=0.9290  train_AUPR_ag=0.8866  train_P@5_ab=0.9500  train_P@5_ag=1.0000  val_loss=0.3399  val_AUPR_all=0.5742  val_AUPR_ab=0.7478  val_AUPR_ag=0.3548  val_P@5_ab=0.9000  val_P@5_ag=0.6500  select=0.5513
Early stopping at epoch 71. Best select=0.5737 at epoch 51.
Final saved checkpoint for fold 1: checkpoints_old/iPara_balanced_l1_g8_i5_do0.10_dpr0.10_lr0.0002_heads16_fold1.pth
Best select=0.5737 at epoch 51

==========================================================================================
Fold 2/5
==========================================================================================
Train labels: valid=400834, pos=26650, neg=374184, ignore=696766, pos_frac=0.06649
Val labels: valid=99358, pos=6580, neg=92778, ignore=175842, pos_frac=0.06623
Initializing ClassificationModel with 8 GAT layers and residual connections...
Initializing MCModel with 8 GAT layers and 5 row attention layers (drop_path_rate=0.1)
Initializing CoreModel with 1 layers, drop_path_rate=0.1
Ep001  LR0=2.00e-04  pw=8.00  aucα=0.000  token_p=0.020  dropE=(0.020,0.080)  smooth=0.010  train_loss=0.7661  train_AUPR_all=0.2187  train_AUPR_ab=0.2691  train_AUPR_ag=0.1659  train_P@5_ab=0.4500  train_P@5_ag=0.8500  val_loss=0.7767  val_AUPR_all=0.4333  val_AUPR_ab=0.5097  val_AUPR_ag=0.2976  val_P@5_ab=0.7500  val_P@5_ag=0.8500  select=0.4037
  Saved checkpoint: checkpoints_old/iPara_balanced_l1_g8_i5_do0.10_dpr0.10_lr0.0002_heads16_fold2.pth  select=0.4037  val_ab=0.5097  val_ag=0.2976  val_all=0.4333
Ep002  LR0=2.00e-04  pw=7.33  aucα=0.000  token_p=0.020  dropE=(0.020,0.080)  smooth=0.010  train_loss=0.5419  train_AUPR_all=0.3893  train_AUPR_ab=0.4711  train_AUPR_ag=0.2539  train_P@5_ab=0.6000  train_P@5_ag=0.6500  val_loss=0.6671  val_AUPR_all=0.4537  val_AUPR_ab=0.5434  val_AUPR_ag=0.3253  val_P@5_ab=0.7000  val_P@5_ag=0.7000  select=0.4343
  Saved checkpoint: checkpoints_old/iPara_balanced_l1_g8_i5_do0.10_dpr0.10_lr0.0002_heads16_fold2.pth  select=0.4343  val_ab=0.5434  val_ag=0.3253  val_all=0.4537
Ep003  LR0=2.00e-04  pw=6.73  aucα=0.000  token_p=0.020  dropE=(0.020,0.080)  smooth=0.010  train_loss=0.4739  train_AUPR_all=0.4433  train_AUPR_ab=0.5341  train_AUPR_ag=0.2859  train_P@5_ab=0.6500  train_P@5_ag=0.7500  val_loss=0.6627  val_AUPR_all=0.4923  val_AUPR_ab=0.5977  val_AUPR_ag=0.3404  val_P@5_ab=0.7500  val_P@5_ag=0.8000  select=0.4690
  Saved checkpoint: checkpoints_old/iPara_balanced_l1_g8_i5_do0.10_dpr0.10_lr0.0002_heads16_fold2.pth  select=0.4690  val_ab=0.5977  val_ag=0.3404  val_all=0.4923
Ep004  LR0=1.99e-04  pw=6.19  aucα=0.000  token_p=0.020  dropE=(0.020,0.080)  smooth=0.010  train_loss=0.4336  train_AUPR_all=0.4742  train_AUPR_ab=0.5693  train_AUPR_ag=0.3106  train_P@5_ab=0.8000  train_P@5_ag=0.8500  val_loss=0.5911  val_AUPR_all=0.5160  val_AUPR_ab=0.6116  val_AUPR_ag=0.3557  val_P@5_ab=0.6500  val_P@5_ag=0.9500  select=0.4837
  Saved checkpoint: checkpoints_old/iPara_balanced_l1_g8_i5_do0.10_dpr0.10_lr0.0002_heads16_fold2.pth  select=0.4837  val_ab=0.6116  val_ag=0.3557  val_all=0.5160
Ep005  LR0=1.99e-04  pw=5.69  aucα=0.000  token_p=0.020  dropE=(0.020,0.080)  smooth=0.010  train_loss=0.4068  train_AUPR_all=0.4952  train_AUPR_ab=0.5870  train_AUPR_ag=0.3340  train_P@5_ab=0.7500  train_P@5_ag=1.0000  val_loss=0.5715  val_AUPR_all=0.5392  val_AUPR_ab=0.6309  val_AUPR_ag=0.3671  val_P@5_ab=0.9000  val_P@5_ag=0.9000  select=0.4990
  Saved checkpoint: checkpoints_old/iPara_balanced_l1_g8_i5_do0.10_dpr0.10_lr0.0002_heads16_fold2.pth  select=0.4990  val_ab=0.6309  val_ag=0.3671  val_all=0.5392
Ep006  LR0=1.98e-04  pw=5.25  aucα=0.000  token_p=0.020  dropE=(0.020,0.080)  smooth=0.010  train_loss=0.3807  train_AUPR_all=0.5126  train_AUPR_ab=0.6127  train_AUPR_ag=0.3406  train_P@5_ab=0.9000  train_P@5_ag=0.8500  val_loss=0.5489  val_AUPR_all=0.5515  val_AUPR_ab=0.6475  val_AUPR_ag=0.3725  val_P@5_ab=0.8500  val_P@5_ag=0.9000  select=0.5100
  Saved checkpoint: checkpoints_old/iPara_balanced_l1_g8_i5_do0.10_dpr0.10_lr0.0002_heads16_fold2.pth  select=0.5100  val_ab=0.6475  val_ag=0.3725  val_all=0.5515
Ep007  LR0=1.97e-04  pw=4.84  aucα=0.000  token_p=0.020  dropE=(0.020,0.080)  smooth=0.010  train_loss=0.3555  train_AUPR_all=0.5406  train_AUPR_ab=0.6432  train_AUPR_ag=0.3648  train_P@5_ab=1.0000  train_P@5_ag=1.0000  val_loss=0.5371  val_AUPR_all=0.5647  val_AUPR_ab=0.6740  val_AUPR_ag=0.3892  val_P@5_ab=0.9000  val_P@5_ag=0.8000  select=0.5316
  Saved checkpoint: checkpoints_old/iPara_balanced_l1_g8_i5_do0.10_dpr0.10_lr0.0002_heads16_fold2.pth  select=0.5316  val_ab=0.6740  val_ag=0.3892  val_all=0.5647
Ep008  LR0=1.96e-04  pw=4.48  aucα=0.000  token_p=0.020  dropE=(0.020,0.080)  smooth=0.010  train_loss=0.3394  train_AUPR_all=0.5396  train_AUPR_ab=0.6362  train_AUPR_ag=0.3782  train_P@5_ab=0.9000  train_P@5_ag=0.8500  val_loss=0.5124  val_AUPR_all=0.5685  val_AUPR_ab=0.6718  val_AUPR_ag=0.3866  val_P@5_ab=0.8500  val_P@5_ag=0.9500  select=0.5292
Ep009  LR0=1.95e-04  pw=4.15  aucα=0.000  token_p=0.020  dropE=(0.020,0.080)  smooth=0.010  train_loss=0.3179  train_AUPR_all=0.5571  train_AUPR_ab=0.6562  train_AUPR_ag=0.3888  train_P@5_ab=0.8500  train_P@5_ag=1.0000  val_loss=0.4862  val_AUPR_all=0.5673  val_AUPR_ab=0.6817  val_AUPR_ag=0.3875  val_P@5_ab=0.8500  val_P@5_ag=0.9500  select=0.5346
  Saved checkpoint: checkpoints_old/iPara_balanced_l1_g8_i5_do0.10_dpr0.10_lr0.0002_heads16_fold2.pth  select=0.5346  val_ab=0.6817  val_ag=0.3875  val_all=0.5673
Ep010  LR0=1.94e-04  pw=3.85  aucα=0.030  token_p=0.020  dropE=(0.020,0.080)  smooth=0.010  train_loss=0.3195  train_AUPR_all=0.5589  train_AUPR_ab=0.6625  train_AUPR_ag=0.3835  train_P@5_ab=0.8000  train_P@5_ag=1.0000  val_loss=0.4679  val_AUPR_all=0.5791  val_AUPR_ab=0.6970  val_AUPR_ag=0.3999  val_P@5_ab=0.7500  val_P@5_ag=1.0000  select=0.5484
  Saved checkpoint: checkpoints_old/iPara_balanced_l1_g8_i5_do0.10_dpr0.10_lr0.0002_heads16_fold2.pth  select=0.5484  val_ab=0.6970  val_ag=0.3999  val_all=0.5791
Unfreezing DyM parameters.
Ep011  LR0=1.92e-04  pw=3.58  aucα=0.060  token_p=0.020  dropE=(0.020,0.080)  smooth=0.010  train_loss=0.3171  train_AUPR_all=0.5720  train_AUPR_ab=0.6783  train_AUPR_ag=0.3961  train_P@5_ab=0.9500  train_P@5_ag=0.9500  val_loss=0.4274  val_AUPR_all=0.6011  val_AUPR_ab=0.7124  val_AUPR_ag=0.4148  val_P@5_ab=0.9000  val_P@5_ag=0.8000  select=0.5636
  Saved checkpoint: checkpoints_old/iPara_balanced_l1_g8_i5_do0.10_dpr0.10_lr0.0002_heads16_fold2.pth  select=0.5636  val_ab=0.7124  val_ag=0.4148  val_all=0.6011
Ep012  LR0=1.91e-04  pw=3.33  aucα=0.090  token_p=0.020  dropE=(0.020,0.080)  smooth=0.010  train_loss=0.3146  train_AUPR_all=0.5834  train_AUPR_ab=0.6937  train_AUPR_ag=0.4024  train_P@5_ab=0.9500  train_P@5_ag=0.8000  val_loss=0.4623  val_AUPR_all=0.5625  val_AUPR_ab=0.6808  val_AUPR_ag=0.3824  val_P@5_ab=0.9000  val_P@5_ag=0.9500  select=0.5316
Ep013  LR0=1.89e-04  pw=3.11  aucα=0.120  token_p=0.020  dropE=(0.020,0.080)  smooth=0.010  train_loss=0.3177  train_AUPR_all=0.5870  train_AUPR_ab=0.6924  train_AUPR_ag=0.4138  train_P@5_ab=0.9000  train_P@5_ag=1.0000  val_loss=0.4208  val_AUPR_all=0.5918  val_AUPR_ab=0.7077  val_AUPR_ag=0.3993  val_P@5_ab=0.9000  val_P@5_ag=0.9500  select=0.5535
Ep014  LR0=1.87e-04  pw=2.91  aucα=0.150  token_p=0.020  dropE=(0.020,0.080)  smooth=0.010  train_loss=0.3150  train_AUPR_all=0.5994  train_AUPR_ab=0.7070  train_AUPR_ag=0.4230  train_P@5_ab=0.9500  train_P@5_ag=0.9500  val_loss=0.4034  val_AUPR_all=0.5891  val_AUPR_ab=0.7106  val_AUPR_ag=0.3940  val_P@5_ab=0.8500  val_P@5_ag=0.9500  select=0.5523
Ep015  LR0=1.85e-04  pw=2.73  aucα=0.180  token_p=0.020  dropE=(0.020,0.080)  smooth=0.010  train_loss=0.3156  train_AUPR_all=0.6093  train_AUPR_ab=0.7164  train_AUPR_ag=0.4384  train_P@5_ab=1.0000  train_P@5_ag=0.9000  val_loss=0.3946  val_AUPR_all=0.5904  val_AUPR_ab=0.7105  val_AUPR_ag=0.4023  val_P@5_ab=0.9000  val_P@5_ag=0.9000  select=0.5564
Ep016  LR0=1.83e-04  pw=2.56  aucα=0.210  token_p=0.020  dropE=(0.020,0.080)  smooth=0.010  train_loss=0.3156  train_AUPR_all=0.6168  train_AUPR_ab=0.7201  train_AUPR_ag=0.4513  train_P@5_ab=0.9000  train_P@5_ag=1.0000  val_loss=0.4099  val_AUPR_all=0.5999  val_AUPR_ab=0.7266  val_AUPR_ag=0.4073  val_P@5_ab=0.8500  val_P@5_ag=0.9500  select=0.5669
  Saved checkpoint: checkpoints_old/iPara_balanced_l1_g8_i5_do0.10_dpr0.10_lr0.0002_heads16_fold2.pth  select=0.5669  val_ab=0.7266  val_ag=0.4073  val_all=0.5999
Ep017  LR0=1.81e-04  pw=2.41  aucα=0.240  token_p=0.020  dropE=(0.020,0.080)  smooth=0.010  train_loss=0.3145  train_AUPR_all=0.6284  train_AUPR_ab=0.7317  train_AUPR_ag=0.4628  train_P@5_ab=1.0000  train_P@5_ag=0.9000  val_loss=0.3923  val_AUPR_all=0.5984  val_AUPR_ab=0.7328  val_AUPR_ag=0.3761  val_P@5_ab=0.9500  val_P@5_ag=0.8500  select=0.5544
Ep018  LR0=1.79e-04  pw=2.28  aucα=0.270  token_p=0.020  dropE=(0.020,0.080)  smooth=0.010  train_loss=0.3170  train_AUPR_all=0.6309  train_AUPR_ab=0.7321  train_AUPR_ag=0.4701  train_P@5_ab=1.0000  train_P@5_ag=0.9000  val_loss=0.3677  val_AUPR_all=0.6004  val_AUPR_ab=0.7259  val_AUPR_ag=0.4001  val_P@5_ab=0.9500  val_P@5_ag=0.7000  select=0.5630
Ep019  LR0=1.76e-04  pw=2.16  aucα=0.300  token_p=0.020  dropE=(0.020,0.080)  smooth=0.010  train_loss=0.3170  train_AUPR_all=0.6439  train_AUPR_ab=0.7430  train_AUPR_ag=0.4887  train_P@5_ab=1.0000  train_P@5_ag=1.0000  val_loss=0.3691  val_AUPR_all=0.6028  val_AUPR_ab=0.7355  val_AUPR_ag=0.3894  val_P@5_ab=0.9000  val_P@5_ag=0.9000  select=0.5624
Ep020  LR0=1.73e-04  pw=2.05  aucα=0.300  token_p=0.020  dropE=(0.020,0.080)  smooth=0.010  train_loss=0.3056  train_AUPR_all=0.6504  train_AUPR_ab=0.7465  train_AUPR_ag=0.4992  train_P@5_ab=1.0000  train_P@5_ag=0.9000  val_loss=0.3585  val_AUPR_all=0.6061  val_AUPR_ab=0.7391  val_AUPR_ag=0.4102  val_P@5_ab=1.0000  val_P@5_ag=0.9500  select=0.5747
  Saved checkpoint: checkpoints_old/iPara_balanced_l1_g8_i5_do0.10_dpr0.10_lr0.0002_heads16_fold2.pth  select=0.5747  val_ab=0.7391  val_ag=0.4102  val_all=0.6061
Ep021  LR0=1.71e-04  pw=1.95  aucα=0.300  token_p=0.020  dropE=(0.020,0.080)  smooth=0.010  train_loss=0.2961  train_AUPR_all=0.6597  train_AUPR_ab=0.7555  train_AUPR_ag=0.5121  train_P@5_ab=1.0000  train_P@5_ag=1.0000  val_loss=0.3584  val_AUPR_all=0.6067  val_AUPR_ab=0.7380  val_AUPR_ag=0.4006  val_P@5_ab=0.9500  val_P@5_ag=0.9000  select=0.5693
Ep022  LR0=1.68e-04  pw=1.86  aucα=0.300  token_p=0.020  dropE=(0.020,0.080)  smooth=0.010  train_loss=0.2846  train_AUPR_all=0.6687  train_AUPR_ab=0.7574  train_AUPR_ag=0.5329  train_P@5_ab=0.9500  train_P@5_ag=1.0000  val_loss=0.3516  val_AUPR_all=0.6020  val_AUPR_ab=0.7351  val_AUPR_ag=0.4017  val_P@5_ab=0.9500  val_P@5_ag=1.0000  select=0.5684
Ep023  LR0=1.65e-04  pw=1.78  aucα=0.300  token_p=0.020  dropE=(0.020,0.080)  smooth=0.010  train_loss=0.2762  train_AUPR_all=0.6741  train_AUPR_ab=0.7625  train_AUPR_ag=0.5380  train_P@5_ab=1.0000  train_P@5_ag=0.9500  val_loss=0.3582  val_AUPR_all=0.5963  val_AUPR_ab=0.7359  val_AUPR_ag=0.3873  val_P@5_ab=0.9500  val_P@5_ag=0.9000  select=0.5616
Ep024  LR0=1.62e-04  pw=1.70  aucα=0.300  token_p=0.020  dropE=(0.020,0.080)  smooth=0.010  train_loss=0.2656  train_AUPR_all=0.6888  train_AUPR_ab=0.7715  train_AUPR_ag=0.5634  train_P@5_ab=1.0000  train_P@5_ag=0.9500  val_loss=0.3586  val_AUPR_all=0.5967  val_AUPR_ab=0.7343  val_AUPR_ag=0.3810  val_P@5_ab=1.0000  val_P@5_ag=0.7000  select=0.5576
Ep025  LR0=1.59e-04  pw=1.64  aucα=0.300  token_p=0.020  dropE=(0.020,0.080)  smooth=0.010  train_loss=0.2571  train_AUPR_all=0.6927  train_AUPR_ab=0.7746  train_AUPR_ag=0.5683  train_P@5_ab=1.0000  train_P@5_ag=0.9500  val_loss=0.3318  val_AUPR_all=0.6136  val_AUPR_ab=0.7501  val_AUPR_ag=0.4062  val_P@5_ab=1.0000  val_P@5_ag=0.8000  select=0.5781
  Saved checkpoint: checkpoints_old/iPara_balanced_l1_g8_i5_do0.10_dpr0.10_lr0.0002_heads16_fold2.pth  select=0.5781  val_ab=0.7501  val_ag=0.4062  val_all=0.6136
Ep026  LR0=1.56e-04  pw=1.57  aucα=0.300  token_p=0.020  dropE=(0.020,0.080)  smooth=0.010  train_loss=0.2484  train_AUPR_all=0.7018  train_AUPR_ab=0.7783  train_AUPR_ag=0.5875  train_P@5_ab=1.0000  train_P@5_ag=1.0000  val_loss=0.3408  val_AUPR_all=0.6070  val_AUPR_ab=0.7540  val_AUPR_ag=0.3981  val_P@5_ab=0.9500  val_P@5_ag=0.8500  select=0.5760
Ep027  LR0=1.52e-04  pw=1.52  aucα=0.300  token_p=0.020  dropE=(0.020,0.080)  smooth=0.010  train_loss=0.2401  train_AUPR_all=0.7113  train_AUPR_ab=0.7812  train_AUPR_ag=0.6082  train_P@5_ab=1.0000  train_P@5_ag=1.0000  val_loss=0.3437  val_AUPR_all=0.5987  val_AUPR_ab=0.7549  val_AUPR_ag=0.3776  val_P@5_ab=1.0000  val_P@5_ag=0.8000  select=0.5662
Ep028  LR0=1.49e-04  pw=1.47  aucα=0.300  token_p=0.020  dropE=(0.020,0.080)  smooth=0.010  train_loss=0.2289  train_AUPR_all=0.7278  train_AUPR_ab=0.7956  train_AUPR_ag=0.6279  train_P@5_ab=1.0000  train_P@5_ag=0.8500  val_loss=0.3239  val_AUPR_all=0.6156  val_AUPR_ab=0.7551  val_AUPR_ag=0.4108  val_P@5_ab=0.9500  val_P@5_ag=0.8000  select=0.5830
  Saved checkpoint: checkpoints_old/iPara_balanced_l1_g8_i5_do0.10_dpr0.10_lr0.0002_heads16_fold2.pth  select=0.5830  val_ab=0.7551  val_ag=0.4108  val_all=0.6156
Ep029  LR0=1.46e-04  pw=1.43  aucα=0.300  token_p=0.020  dropE=(0.020,0.080)  smooth=0.010  train_loss=0.2200  train_AUPR_all=0.7397  train_AUPR_ab=0.8018  train_AUPR_ag=0.6498  train_P@5_ab=0.9500  train_P@5_ag=1.0000  val_loss=0.3389  val_AUPR_all=0.5987  val_AUPR_ab=0.7511  val_AUPR_ag=0.4001  val_P@5_ab=1.0000  val_P@5_ag=1.0000  select=0.5756
Ep030  LR0=1.42e-04  pw=1.39  aucα=0.300  token_p=0.020  dropE=(0.020,0.080)  smooth=0.010  train_loss=0.2149  train_AUPR_all=0.7442  train_AUPR_ab=0.8057  train_AUPR_ag=0.6542  train_P@5_ab=1.0000  train_P@5_ag=0.9500  val_loss=0.3480  val_AUPR_all=0.5803  val_AUPR_ab=0.7524  val_AUPR_ag=0.3446  val_P@5_ab=1.0000  val_P@5_ag=0.7500  select=0.5485
Ep031  LR0=1.38e-04  pw=1.35  aucα=0.300  token_p=0.020  dropE=(0.020,0.080)  smooth=0.010  train_loss=0.2109  train_AUPR_all=0.7485  train_AUPR_ab=0.8048  train_AUPR_ag=0.6678  train_P@5_ab=1.0000  train_P@5_ag=0.9500  val_loss=0.3279  val_AUPR_all=0.6074  val_AUPR_ab=0.7647  val_AUPR_ag=0.4008  val_P@5_ab=0.9000  val_P@5_ag=0.9500  select=0.5827
Ep032  LR0=1.35e-04  pw=1.32  aucα=0.300  token_p=0.020  dropE=(0.020,0.080)  smooth=0.010  train_loss=0.2046  train_AUPR_all=0.7575  train_AUPR_ab=0.8109  train_AUPR_ag=0.6814  train_P@5_ab=1.0000  train_P@5_ag=1.0000  val_loss=0.3317  val_AUPR_all=0.6028  val_AUPR_ab=0.7551  val_AUPR_ag=0.3998  val_P@5_ab=1.0000  val_P@5_ag=0.9500  select=0.5775
Ep033  LR0=1.31e-04  pw=1.29  aucα=0.300  token_p=0.020  dropE=(0.020,0.080)  smooth=0.010  train_loss=0.1991  train_AUPR_all=0.7662  train_AUPR_ab=0.8160  train_AUPR_ag=0.6958  train_P@5_ab=1.0000  train_P@5_ag=0.9500  val_loss=0.3186  val_AUPR_all=0.6106  val_AUPR_ab=0.7663  val_AUPR_ag=0.4016  val_P@5_ab=1.0000  val_P@5_ag=0.9500  select=0.5839
  Saved checkpoint: checkpoints_old/iPara_balanced_l1_g8_i5_do0.10_dpr0.10_lr0.0002_heads16_fold2.pth  select=0.5839  val_ab=0.7663  val_ag=0.4016  val_all=0.6106
Ep034  LR0=1.27e-04  pw=1.26  aucα=0.300  token_p=0.020  dropE=(0.020,0.080)  smooth=0.010  train_loss=0.1940  train_AUPR_all=0.7689  train_AUPR_ab=0.8186  train_AUPR_ag=0.6983  train_P@5_ab=1.0000  train_P@5_ag=1.0000  val_loss=0.3321  val_AUPR_all=0.6015  val_AUPR_ab=0.7588  val_AUPR_ag=0.3985  val_P@5_ab=0.9000  val_P@5_ag=0.9500  select=0.5787
Ep035  LR0=1.24e-04  pw=1.23  aucα=0.300  token_p=0.020  dropE=(0.020,0.080)  smooth=0.010  train_loss=0.1849  train_AUPR_all=0.7855  train_AUPR_ab=0.8317  train_AUPR_ag=0.7203  train_P@5_ab=1.0000  train_P@5_ag=0.9500  val_loss=0.3212  val_AUPR_all=0.6102  val_AUPR_ab=0.7598  val_AUPR_ag=0.3974  val_P@5_ab=1.0000  val_P@5_ag=0.9500  select=0.5786
Ep036  LR0=1.20e-04  pw=1.21  aucα=0.300  token_p=0.020  dropE=(0.020,0.080)  smooth=0.010  train_loss=0.1818  train_AUPR_all=0.7893  train_AUPR_ab=0.8328  train_AUPR_ag=0.7284  train_P@5_ab=1.0000  train_P@5_ag=1.0000  val_loss=0.3253  val_AUPR_all=0.6042  val_AUPR_ab=0.7613  val_AUPR_ag=0.4026  val_P@5_ab=0.9500  val_P@5_ag=0.9000  select=0.5819
Ep037  LR0=1.16e-04  pw=1.19  aucα=0.300  token_p=0.020  dropE=(0.020,0.080)  smooth=0.010  train_loss=0.1780  train_AUPR_all=0.7943  train_AUPR_ab=0.8359  train_AUPR_ag=0.7360  train_P@5_ab=1.0000  train_P@5_ag=1.0000  val_loss=0.3183  val_AUPR_all=0.6036  val_AUPR_ab=0.7630  val_AUPR_ag=0.3846  val_P@5_ab=0.9000  val_P@5_ag=0.9000  select=0.5738
Ep038  LR0=1.12e-04  pw=1.17  aucα=0.300  token_p=0.020  dropE=(0.020,0.080)  smooth=0.010  train_loss=0.1691  train_AUPR_all=0.8084  train_AUPR_ab=0.8483  train_AUPR_ag=0.7526  train_P@5_ab=1.0000  train_P@5_ag=1.0000  val_loss=0.3256  val_AUPR_all=0.5954  val_AUPR_ab=0.7534  val_AUPR_ag=0.3868  val_P@5_ab=0.9500  val_P@5_ag=0.9000  select=0.5701
Ep039  LR0=1.08e-04  pw=1.16  aucα=0.300  token_p=0.020  dropE=(0.020,0.080)  smooth=0.010  train_loss=0.1658  train_AUPR_all=0.8147  train_AUPR_ab=0.8526  train_AUPR_ag=0.7616  train_P@5_ab=1.0000  train_P@5_ag=1.0000  val_loss=0.3150  val_AUPR_all=0.6130  val_AUPR_ab=0.7716  val_AUPR_ag=0.4094  val_P@5_ab=1.0000  val_P@5_ag=0.9000  select=0.5905
  Saved checkpoint: checkpoints_old/iPara_balanced_l1_g8_i5_do0.10_dpr0.10_lr0.0002_heads16_fold2.pth  select=0.5905  val_ab=0.7716  val_ag=0.4094  val_all=0.6130
Ep040  LR0=1.04e-04  pw=1.14  aucα=0.300  token_p=0.020  dropE=(0.020,0.080)  smooth=0.010  train_loss=0.1609  train_AUPR_all=0.8223  train_AUPR_ab=0.8587  train_AUPR_ag=0.7715  train_P@5_ab=1.0000  train_P@5_ag=1.0000  val_loss=0.3221  val_AUPR_all=0.5921  val_AUPR_ab=0.7542  val_AUPR_ag=0.3782  val_P@5_ab=1.0000  val_P@5_ag=0.8000  select=0.5662
Ep041  LR0=1.00e-04  pw=1.13  aucα=0.300  token_p=0.020  dropE=(0.020,0.080)  smooth=0.010  train_loss=0.1573  train_AUPR_all=0.8272  train_AUPR_ab=0.8656  train_AUPR_ag=0.7728  train_P@5_ab=1.0000  train_P@5_ag=1.0000  val_loss=0.3218  val_AUPR_all=0.5951  val_AUPR_ab=0.7605  val_AUPR_ag=0.3705  val_P@5_ab=0.9500  val_P@5_ag=0.7000  select=0.5655
Ep042  LR0=9.63e-05  pw=1.12  aucα=0.300  token_p=0.020  dropE=(0.020,0.080)  smooth=0.010  train_loss=0.1568  train_AUPR_all=0.8273  train_AUPR_ab=0.8617  train_AUPR_ag=0.7793  train_P@5_ab=0.9500  train_P@5_ag=1.0000  val_loss=0.3192  val_AUPR_all=0.5963  val_AUPR_ab=0.7550  val_AUPR_ag=0.3898  val_P@5_ab=1.0000  val_P@5_ag=0.5000  select=0.5724
Ep043  LR0=9.24e-05  pw=1.10  aucα=0.300  token_p=0.020  dropE=(0.020,0.080)  smooth=0.010  train_loss=0.1532  train_AUPR_all=0.8331  train_AUPR_ab=0.8665  train_AUPR_ag=0.7865  train_P@5_ab=1.0000  train_P@5_ag=1.0000  val_loss=0.3380  val_AUPR_all=0.5846  val_AUPR_ab=0.7495  val_AUPR_ag=0.3727  val_P@5_ab=1.0000  val_P@5_ag=0.4500  select=0.5611
Ep044  LR0=8.85e-05  pw=1.09  aucα=0.300  token_p=0.020  dropE=(0.020,0.080)  smooth=0.010  train_loss=0.1494  train_AUPR_all=0.8383  train_AUPR_ab=0.8721  train_AUPR_ag=0.7909  train_P@5_ab=1.0000  train_P@5_ag=0.9500  val_loss=0.3262  val_AUPR_all=0.5985  val_AUPR_ab=0.7520  val_AUPR_ag=0.3910  val_P@5_ab=0.9500  val_P@5_ag=0.7000  select=0.5715
Ep045  LR0=8.46e-05  pw=1.09  aucα=0.300  token_p=0.020  dropE=(0.020,0.080)  smooth=0.010  train_loss=0.1461  train_AUPR_all=0.8433  train_AUPR_ab=0.8743  train_AUPR_ag=0.8002  train_P@5_ab=1.0000  train_P@5_ag=1.0000  val_loss=0.3264  val_AUPR_all=0.6018  val_AUPR_ab=0.7573  val_AUPR_ag=0.3864  val_P@5_ab=0.9500  val_P@5_ag=0.7500  select=0.5718
Ep046  LR0=8.08e-05  pw=1.08  aucα=0.300  token_p=0.020  dropE=(0.020,0.080)  smooth=0.010  train_loss=0.1427  train_AUPR_all=0.8481  train_AUPR_ab=0.8792  train_AUPR_ag=0.8048  train_P@5_ab=1.0000  train_P@5_ag=1.0000  val_loss=0.3249  val_AUPR_all=0.5960  val_AUPR_ab=0.7587  val_AUPR_ag=0.3710  val_P@5_ab=0.9500  val_P@5_ag=0.5500  select=0.5648
Ep047  LR0=7.70e-05  pw=1.07  aucα=0.300  token_p=0.020  dropE=(0.020,0.080)  smooth=0.010  train_loss=0.1373  train_AUPR_all=0.8585  train_AUPR_ab=0.8893  train_AUPR_ag=0.8152  train_P@5_ab=1.0000  train_P@5_ag=1.0000  val_loss=0.3362  val_AUPR_all=0.5924  val_AUPR_ab=0.7595  val_AUPR_ag=0.3622  val_P@5_ab=0.9000  val_P@5_ag=0.6000  select=0.5609
Ep048  LR0=7.32e-05  pw=1.06  aucα=0.300  token_p=0.020  dropE=(0.020,0.080)  smooth=0.010  train_loss=0.1360  train_AUPR_all=0.8595  train_AUPR_ab=0.8883  train_AUPR_ag=0.8191  train_P@5_ab=1.0000  train_P@5_ag=1.0000  val_loss=0.3332  val_AUPR_all=0.5880  val_AUPR_ab=0.7567  val_AUPR_ag=0.3731  val_P@5_ab=0.9500  val_P@5_ag=0.6500  select=0.5649
Ep049  LR0=6.94e-05  pw=1.06  aucα=0.300  token_p=0.020  dropE=(0.020,0.080)  smooth=0.010  train_loss=0.1320  train_AUPR_all=0.8648  train_AUPR_ab=0.8937  train_AUPR_ag=0.8241  train_P@5_ab=1.0000  train_P@5_ag=1.0000  val_loss=0.3348  val_AUPR_all=0.5916  val_AUPR_ab=0.7592  val_AUPR_ag=0.3720  val_P@5_ab=0.9500  val_P@5_ag=0.7000  select=0.5656
Ep050  LR0=6.57e-05  pw=1.05  aucα=0.300  token_p=0.020  dropE=(0.020,0.080)  smooth=0.010  train_loss=0.1321  train_AUPR_all=0.8662  train_AUPR_ab=0.8956  train_AUPR_ag=0.8247  train_P@5_ab=1.0000  train_P@5_ag=1.0000  val_loss=0.3336  val_AUPR_all=0.5867  val_AUPR_ab=0.7598  val_AUPR_ag=0.3681  val_P@5_ab=0.8500  val_P@5_ag=0.4500  select=0.5639
Ep051  LR0=6.21e-05  pw=1.05  aucα=0.300  token_p=0.020  dropE=(0.020,0.080)  smooth=0.010  train_loss=0.1281  train_AUPR_all=0.8718  train_AUPR_ab=0.8985  train_AUPR_ag=0.8345  train_P@5_ab=1.0000  train_P@5_ag=1.0000  val_loss=0.3285  val_AUPR_all=0.5960  val_AUPR_ab=0.7600  val_AUPR_ag=0.3771  val_P@5_ab=0.9000  val_P@5_ag=0.5000  select=0.5685
Ep052  LR0=5.85e-05  pw=1.04  aucα=0.300  token_p=0.020  dropE=(0.020,0.080)  smooth=0.010  train_loss=0.1236  train_AUPR_all=0.8794  train_AUPR_ab=0.9077  train_AUPR_ag=0.8391  train_P@5_ab=1.0000  train_P@5_ag=1.0000  val_loss=0.3336  val_AUPR_all=0.5872  val_AUPR_ab=0.7544  val_AUPR_ag=0.3744  val_P@5_ab=0.8000  val_P@5_ag=0.6500  select=0.5644
Ep053  LR0=5.50e-05  pw=1.04  aucα=0.300  token_p=0.020  dropE=(0.020,0.080)  smooth=0.010  train_loss=0.1191  train_AUPR_all=0.8858  train_AUPR_ab=0.9131  train_AUPR_ag=0.8465  train_P@5_ab=1.0000  train_P@5_ag=0.9500  val_loss=0.3392  val_AUPR_all=0.5854  val_AUPR_ab=0.7488  val_AUPR_ag=0.3668  val_P@5_ab=0.9000  val_P@5_ag=0.6000  select=0.5578
Ep054  LR0=5.15e-05  pw=1.03  aucα=0.300  token_p=0.020  dropE=(0.020,0.080)  smooth=0.010  train_loss=0.1174  train_AUPR_all=0.8890  train_AUPR_ab=0.9139  train_AUPR_ag=0.8534  train_P@5_ab=1.0000  train_P@5_ag=1.0000  val_loss=0.3459  val_AUPR_all=0.5884  val_AUPR_ab=0.7526  val_AUPR_ag=0.3733  val_P@5_ab=0.8500  val_P@5_ag=0.6000  select=0.5629
Ep055  LR0=4.81e-05  pw=1.03  aucα=0.300  token_p=0.020  dropE=(0.020,0.080)  smooth=0.010  train_loss=0.1163  train_AUPR_all=0.8911  train_AUPR_ab=0.9164  train_AUPR_ag=0.8550  train_P@5_ab=1.0000  train_P@5_ag=1.0000  val_loss=0.3402  val_AUPR_all=0.5886  val_AUPR_ab=0.7588  val_AUPR_ag=0.3649  val_P@5_ab=0.9000  val_P@5_ag=0.7500  select=0.5619
Ep056  LR0=4.48e-05  pw=1.03  aucα=0.300  token_p=0.020  dropE=(0.020,0.080)  smooth=0.010  train_loss=0.1167  train_AUPR_all=0.8899  train_AUPR_ab=0.9137  train_AUPR_ag=0.8560  train_P@5_ab=1.0000  train_P@5_ag=1.0000  val_loss=0.3371  val_AUPR_all=0.5856  val_AUPR_ab=0.7524  val_AUPR_ag=0.3735  val_P@5_ab=0.9000  val_P@5_ag=0.6000  select=0.5630
Ep057  LR0=4.16e-05  pw=1.03  aucα=0.300  token_p=0.020  dropE=(0.020,0.080)  smooth=0.010  train_loss=0.1159  train_AUPR_all=0.8905  train_AUPR_ab=0.9154  train_AUPR_ag=0.8551  train_P@5_ab=1.0000  train_P@5_ag=1.0000  val_loss=0.3377  val_AUPR_all=0.5985  val_AUPR_ab=0.7543  val_AUPR_ag=0.3823  val_P@5_ab=0.9000  val_P@5_ag=0.4500  select=0.5683
Ep058  LR0=3.85e-05  pw=1.02  aucα=0.300  token_p=0.020  dropE=(0.020,0.080)  smooth=0.010  train_loss=0.1088  train_AUPR_all=0.9019  train_AUPR_ab=0.9251  train_AUPR_ag=0.8686  train_P@5_ab=1.0000  train_P@5_ag=1.0000  val_loss=0.3426  val_AUPR_all=0.5864  val_AUPR_ab=0.7470  val_AUPR_ag=0.3692  val_P@5_ab=0.8500  val_P@5_ag=0.5000  select=0.5581
Ep059  LR0=3.55e-05  pw=1.02  aucα=0.300  token_p=0.020  dropE=(0.020,0.080)  smooth=0.010  train_loss=0.1100  train_AUPR_all=0.9011  train_AUPR_ab=0.9258  train_AUPR_ag=0.8655  train_P@5_ab=1.0000  train_P@5_ag=1.0000  val_loss=0.3395  val_AUPR_all=0.5917  val_AUPR_ab=0.7536  val_AUPR_ag=0.3642  val_P@5_ab=0.9000  val_P@5_ag=0.5000  select=0.5589
Early stopping at epoch 59. Best select=0.5905 at epoch 39.
Final saved checkpoint for fold 2: checkpoints_old/iPara_balanced_l1_g8_i5_do0.10_dpr0.10_lr0.0002_heads16_fold2.pth
Best select=0.5905 at epoch 39

==========================================================================================
Fold 3/5
==========================================================================================
Train labels: valid=401949, pos=26660, neg=375289, ignore=695651, pos_frac=0.06633
Val labels: valid=98243, pos=6570, neg=91673, ignore=176957, pos_frac=0.06687
Initializing ClassificationModel with 8 GAT layers and residual connections...
Initializing MCModel with 8 GAT layers and 5 row attention layers (drop_path_rate=0.1)
Initializing CoreModel with 1 layers, drop_path_rate=0.1
Ep001  LR0=2.00e-04  pw=8.00  aucα=0.000  token_p=0.020  dropE=(0.020,0.080)  smooth=0.010  train_loss=0.8066  train_AUPR_all=0.1705  train_AUPR_ab=0.1885  train_AUPR_ag=0.1462  train_P@5_ab=0.4000  train_P@5_ag=0.7000  val_loss=0.8093  val_AUPR_all=0.3910  val_AUPR_ab=0.4544  val_AUPR_ag=0.2946  val_P@5_ab=0.6500  val_P@5_ag=0.8500  select=0.3745
  Saved checkpoint: checkpoints_old/iPara_balanced_l1_g8_i5_do0.10_dpr0.10_lr0.0002_heads16_fold3.pth  select=0.3745  val_ab=0.4544  val_ag=0.2946  val_all=0.3910
Ep002  LR0=2.00e-04  pw=7.33  aucα=0.000  token_p=0.020  dropE=(0.020,0.080)  smooth=0.010  train_loss=0.5366  train_AUPR_all=0.3894  train_AUPR_ab=0.4733  train_AUPR_ag=0.2493  train_P@5_ab=0.8000  train_P@5_ag=0.8000  val_loss=0.8090  val_AUPR_all=0.4622  val_AUPR_ab=0.5678  val_AUPR_ag=0.3234  val_P@5_ab=0.8000  val_P@5_ag=1.0000  select=0.4456
  Saved checkpoint: checkpoints_old/iPara_balanced_l1_g8_i5_do0.10_dpr0.10_lr0.0002_heads16_fold3.pth  select=0.4456  val_ab=0.5678  val_ag=0.3234  val_all=0.4622
Ep003  LR0=2.00e-04  pw=6.73  aucα=0.000  token_p=0.020  dropE=(0.020,0.080)  smooth=0.010  train_loss=0.4770  train_AUPR_all=0.4440  train_AUPR_ab=0.5335  train_AUPR_ag=0.2918  train_P@5_ab=0.8500  train_P@5_ag=0.8500  val_loss=0.6960  val_AUPR_all=0.4788  val_AUPR_ab=0.5565  val_AUPR_ag=0.3361  val_P@5_ab=0.6500  val_P@5_ag=0.7500  select=0.4463
  Saved checkpoint: checkpoints_old/iPara_balanced_l1_g8_i5_do0.10_dpr0.10_lr0.0002_heads16_fold3.pth  select=0.4463  val_ab=0.5565  val_ag=0.3361  val_all=0.4788
Ep004  LR0=1.99e-04  pw=6.19  aucα=0.000  token_p=0.020  dropE=(0.020,0.080)  smooth=0.010  train_loss=0.4374  train_AUPR_all=0.4688  train_AUPR_ab=0.5551  train_AUPR_ag=0.3173  train_P@5_ab=0.6500  train_P@5_ag=0.9500  val_loss=0.6112  val_AUPR_all=0.5288  val_AUPR_ab=0.6262  val_AUPR_ag=0.3572  val_P@5_ab=0.9000  val_P@5_ag=1.0000  select=0.4917
  Saved checkpoint: checkpoints_old/iPara_balanced_l1_g8_i5_do0.10_dpr0.10_lr0.0002_heads16_fold3.pth  select=0.4917  val_ab=0.6262  val_ag=0.3572  val_all=0.5288
Ep005  LR0=1.99e-04  pw=5.69  aucα=0.000  token_p=0.020  dropE=(0.020,0.080)  smooth=0.010  train_loss=0.4103  train_AUPR_all=0.4857  train_AUPR_ab=0.5720  train_AUPR_ag=0.3320  train_P@5_ab=0.8000  train_P@5_ag=0.7500  val_loss=0.6056  val_AUPR_all=0.5365  val_AUPR_ab=0.6458  val_AUPR_ag=0.3624  val_P@5_ab=0.9000  val_P@5_ag=1.0000  select=0.5041
  Saved checkpoint: checkpoints_old/iPara_balanced_l1_g8_i5_do0.10_dpr0.10_lr0.0002_heads16_fold3.pth  select=0.5041  val_ab=0.6458  val_ag=0.3624  val_all=0.5365
Ep006  LR0=1.98e-04  pw=5.25  aucα=0.000  token_p=0.020  dropE=(0.020,0.080)  smooth=0.010  train_loss=0.3846  train_AUPR_all=0.5114  train_AUPR_ab=0.6033  train_AUPR_ag=0.3468  train_P@5_ab=0.7500  train_P@5_ag=0.9500  val_loss=0.5374  val_AUPR_all=0.5532  val_AUPR_ab=0.6661  val_AUPR_ag=0.3721  val_P@5_ab=1.0000  val_P@5_ag=0.8000  select=0.5191
  Saved checkpoint: checkpoints_old/iPara_balanced_l1_g8_i5_do0.10_dpr0.10_lr0.0002_heads16_fold3.pth  select=0.5191  val_ab=0.6661  val_ag=0.3721  val_all=0.5532
Ep007  LR0=1.97e-04  pw=4.84  aucα=0.000  token_p=0.020  dropE=(0.020,0.080)  smooth=0.010  train_loss=0.3642  train_AUPR_all=0.5180  train_AUPR_ab=0.6154  train_AUPR_ag=0.3474  train_P@5_ab=0.8000  train_P@5_ag=0.9000  val_loss=0.5132  val_AUPR_all=0.5569  val_AUPR_ab=0.6691  val_AUPR_ag=0.3798  val_P@5_ab=0.8000  val_P@5_ag=0.7500  select=0.5245
  Saved checkpoint: checkpoints_old/iPara_balanced_l1_g8_i5_do0.10_dpr0.10_lr0.0002_heads16_fold3.pth  select=0.5245  val_ab=0.6691  val_ag=0.3798  val_all=0.5569
Ep008  LR0=1.96e-04  pw=4.48  aucα=0.000  token_p=0.020  dropE=(0.020,0.080)  smooth=0.010  train_loss=0.3429  train_AUPR_all=0.5213  train_AUPR_ab=0.6213  train_AUPR_ag=0.3507  train_P@5_ab=0.9500  train_P@5_ag=0.8500  val_loss=0.5177  val_AUPR_all=0.5604  val_AUPR_ab=0.6734  val_AUPR_ag=0.3836  val_P@5_ab=1.0000  val_P@5_ag=0.8500  select=0.5285
  Saved checkpoint: checkpoints_old/iPara_balanced_l1_g8_i5_do0.10_dpr0.10_lr0.0002_heads16_fold3.pth  select=0.5285  val_ab=0.6734  val_ag=0.3836  val_all=0.5604
Ep009  LR0=1.95e-04  pw=4.15  aucα=0.000  token_p=0.020  dropE=(0.020,0.080)  smooth=0.010  train_loss=0.3229  train_AUPR_all=0.5430  train_AUPR_ab=0.6344  train_AUPR_ag=0.3792  train_P@5_ab=0.6500  train_P@5_ag=0.9000  val_loss=0.5017  val_AUPR_all=0.5527  val_AUPR_ab=0.6847  val_AUPR_ag=0.3613  val_P@5_ab=0.9000  val_P@5_ag=1.0000  select=0.5230
Ep010  LR0=1.94e-04  pw=3.85  aucα=0.030  token_p=0.020  dropE=(0.020,0.080)  smooth=0.010  train_loss=0.3235  train_AUPR_all=0.5514  train_AUPR_ab=0.6503  train_AUPR_ag=0.3773  train_P@5_ab=0.8000  train_P@5_ag=0.8500  val_loss=0.4552  val_AUPR_all=0.5732  val_AUPR_ab=0.7014  val_AUPR_ag=0.3905  val_P@5_ab=0.9500  val_P@5_ag=0.9000  select=0.5459
  Saved checkpoint: checkpoints_old/iPara_balanced_l1_g8_i5_do0.10_dpr0.10_lr0.0002_heads16_fold3.pth  select=0.5459  val_ab=0.7014  val_ag=0.3905  val_all=0.5732
Unfreezing DyM parameters.
Ep011  LR0=1.92e-04  pw=3.58  aucα=0.060  token_p=0.020  dropE=(0.020,0.080)  smooth=0.010  train_loss=0.3196  train_AUPR_all=0.5593  train_AUPR_ab=0.6586  train_AUPR_ag=0.3896  train_P@5_ab=0.8000  train_P@5_ag=0.8500  val_loss=0.5018  val_AUPR_all=0.5740  val_AUPR_ab=0.7001  val_AUPR_ag=0.3736  val_P@5_ab=1.0000  val_P@5_ag=0.8000  select=0.5368
Ep012  LR0=1.91e-04  pw=3.33  aucα=0.090  token_p=0.020  dropE=(0.020,0.080)  smooth=0.010  train_loss=0.3200  train_AUPR_all=0.5694  train_AUPR_ab=0.6724  train_AUPR_ag=0.3969  train_P@5_ab=0.7500  train_P@5_ag=0.8500  val_loss=0.4191  val_AUPR_all=0.5871  val_AUPR_ab=0.7072  val_AUPR_ag=0.3834  val_P@5_ab=1.0000  val_P@5_ag=0.9500  select=0.5453
Ep013  LR0=1.89e-04  pw=3.11  aucα=0.120  token_p=0.020  dropE=(0.020,0.080)  smooth=0.010  train_loss=0.3197  train_AUPR_all=0.5811  train_AUPR_ab=0.6875  train_AUPR_ag=0.4083  train_P@5_ab=0.9500  train_P@5_ag=0.9500  val_loss=0.4173  val_AUPR_all=0.5969  val_AUPR_ab=0.7242  val_AUPR_ag=0.3888  val_P@5_ab=1.0000  val_P@5_ag=0.9000  select=0.5565
  Saved checkpoint: checkpoints_old/iPara_balanced_l1_g8_i5_do0.10_dpr0.10_lr0.0002_heads16_fold3.pth  select=0.5565  val_ab=0.7242  val_ag=0.3888  val_all=0.5969
Ep014  LR0=1.87e-04  pw=2.91  aucα=0.150  token_p=0.020  dropE=(0.020,0.080)  smooth=0.010  train_loss=0.3174  train_AUPR_all=0.5971  train_AUPR_ab=0.7006  train_AUPR_ag=0.4302  train_P@5_ab=0.9000  train_P@5_ag=0.8500  val_loss=0.4004  val_AUPR_all=0.5971  val_AUPR_ab=0.7241  val_AUPR_ag=0.3977  val_P@5_ab=0.9000  val_P@5_ag=0.8000  select=0.5609
  Saved checkpoint: checkpoints_old/iPara_balanced_l1_g8_i5_do0.10_dpr0.10_lr0.0002_heads16_fold3.pth  select=0.5609  val_ab=0.7241  val_ag=0.3977  val_all=0.5971
Ep015  LR0=1.85e-04  pw=2.73  aucα=0.180  token_p=0.020  dropE=(0.020,0.080)  smooth=0.010  train_loss=0.3215  train_AUPR_all=0.6023  train_AUPR_ab=0.7081  train_AUPR_ag=0.4305  train_P@5_ab=0.9000  train_P@5_ag=0.9500  val_loss=0.3892  val_AUPR_all=0.5894  val_AUPR_ab=0.7292  val_AUPR_ag=0.3628  val_P@5_ab=1.0000  val_P@5_ag=0.7500  select=0.5460
Ep016  LR0=1.83e-04  pw=2.56  aucα=0.210  token_p=0.020  dropE=(0.020,0.080)  smooth=0.010  train_loss=0.3173  train_AUPR_all=0.6144  train_AUPR_ab=0.7159  train_AUPR_ag=0.4506  train_P@5_ab=0.8500  train_P@5_ag=1.0000  val_loss=0.3728  val_AUPR_all=0.6030  val_AUPR_ab=0.7196  val_AUPR_ag=0.4119  val_P@5_ab=1.0000  val_P@5_ag=0.9000  select=0.5658
  Saved checkpoint: checkpoints_old/iPara_balanced_l1_g8_i5_do0.10_dpr0.10_lr0.0002_heads16_fold3.pth  select=0.5658  val_ab=0.7196  val_ag=0.4119  val_all=0.6030
Ep017  LR0=1.81e-04  pw=2.41  aucα=0.240  token_p=0.020  dropE=(0.020,0.080)  smooth=0.010  train_loss=0.3211  train_AUPR_all=0.6169  train_AUPR_ab=0.7210  train_AUPR_ag=0.4490  train_P@5_ab=0.9500  train_P@5_ag=1.0000  val_loss=0.3653  val_AUPR_all=0.5989  val_AUPR_ab=0.7279  val_AUPR_ag=0.3966  val_P@5_ab=1.0000  val_P@5_ag=1.0000  select=0.5623
Ep018  LR0=1.79e-04  pw=2.28  aucα=0.270  token_p=0.020  dropE=(0.020,0.080)  smooth=0.010  train_loss=0.3204  train_AUPR_all=0.6246  train_AUPR_ab=0.7263  train_AUPR_ag=0.4648  train_P@5_ab=0.9500  train_P@5_ag=0.9500  val_loss=0.3716  val_AUPR_all=0.5946  val_AUPR_ab=0.7302  val_AUPR_ag=0.3913  val_P@5_ab=1.0000  val_P@5_ag=0.9500  select=0.5607
Ep019  LR0=1.76e-04  pw=2.16  aucα=0.300  token_p=0.020  dropE=(0.020,0.080)  smooth=0.010  train_loss=0.3181  train_AUPR_all=0.6391  train_AUPR_ab=0.7337  train_AUPR_ag=0.4877  train_P@5_ab=0.9000  train_P@5_ag=1.0000  val_loss=0.3463  val_AUPR_all=0.6091  val_AUPR_ab=0.7399  val_AUPR_ag=0.3936  val_P@5_ab=1.0000  val_P@5_ag=1.0000  select=0.5668
  Saved checkpoint: checkpoints_old/iPara_balanced_l1_g8_i5_do0.10_dpr0.10_lr0.0002_heads16_fold3.pth  select=0.5668  val_ab=0.7399  val_ag=0.3936  val_all=0.6091
Ep020  LR0=1.73e-04  pw=2.05  aucα=0.300  token_p=0.020  dropE=(0.020,0.080)  smooth=0.010  train_loss=0.3083  train_AUPR_all=0.6434  train_AUPR_ab=0.7367  train_AUPR_ag=0.4968  train_P@5_ab=0.9500  train_P@5_ag=0.9500  val_loss=0.3390  val_AUPR_all=0.6148  val_AUPR_ab=0.7466  val_AUPR_ag=0.4036  val_P@5_ab=1.0000  val_P@5_ag=0.9500  select=0.5751
  Saved checkpoint: checkpoints_old/iPara_balanced_l1_g8_i5_do0.10_dpr0.10_lr0.0002_heads16_fold3.pth  select=0.5751  val_ab=0.7466  val_ag=0.4036  val_all=0.6148
Ep021  LR0=1.71e-04  pw=1.95  aucα=0.300  token_p=0.020  dropE=(0.020,0.080)  smooth=0.010  train_loss=0.3009  train_AUPR_all=0.6508  train_AUPR_ab=0.7469  train_AUPR_ag=0.4997  train_P@5_ab=0.9500  train_P@5_ag=1.0000  val_loss=0.3398  val_AUPR_all=0.6048  val_AUPR_ab=0.7343  val_AUPR_ag=0.3966  val_P@5_ab=0.9500  val_P@5_ag=1.0000  select=0.5654
Ep022  LR0=1.68e-04  pw=1.86  aucα=0.300  token_p=0.020  dropE=(0.020,0.080)  smooth=0.010  train_loss=0.2869  train_AUPR_all=0.6654  train_AUPR_ab=0.7563  train_AUPR_ag=0.5264  train_P@5_ab=1.0000  train_P@5_ag=1.0000  val_loss=0.3364  val_AUPR_all=0.6084  val_AUPR_ab=0.7462  val_AUPR_ag=0.3948  val_P@5_ab=0.9500  val_P@5_ag=1.0000  select=0.5705
Ep023  LR0=1.65e-04  pw=1.78  aucα=0.300  token_p=0.020  dropE=(0.020,0.080)  smooth=0.010  train_loss=0.2750  train_AUPR_all=0.6781  train_AUPR_ab=0.7652  train_AUPR_ag=0.5458  train_P@5_ab=1.0000  train_P@5_ag=0.9500  val_loss=0.3320  val_AUPR_all=0.5960  val_AUPR_ab=0.7393  val_AUPR_ag=0.3925  val_P@5_ab=1.0000  val_P@5_ag=1.0000  select=0.5659
Ep024  LR0=1.62e-04  pw=1.70  aucα=0.300  token_p=0.020  dropE=(0.020,0.080)  smooth=0.010  train_loss=0.2686  train_AUPR_all=0.6795  train_AUPR_ab=0.7615  train_AUPR_ag=0.5544  train_P@5_ab=0.9500  train_P@5_ag=0.9500  val_loss=0.3171  val_AUPR_all=0.6187  val_AUPR_ab=0.7495  val_AUPR_ag=0.4152  val_P@5_ab=1.0000  val_P@5_ag=1.0000  select=0.5824
  Saved checkpoint: checkpoints_old/iPara_balanced_l1_g8_i5_do0.10_dpr0.10_lr0.0002_heads16_fold3.pth  select=0.5824  val_ab=0.7495  val_ag=0.4152  val_all=0.6187
Ep025  LR0=1.59e-04  pw=1.64  aucα=0.300  token_p=0.020  dropE=(0.020,0.080)  smooth=0.010  train_loss=0.2620  train_AUPR_all=0.6862  train_AUPR_ab=0.7671  train_AUPR_ag=0.5647  train_P@5_ab=1.0000  train_P@5_ag=1.0000  val_loss=0.3216  val_AUPR_all=0.6019  val_AUPR_ab=0.7438  val_AUPR_ag=0.4132  val_P@5_ab=1.0000  val_P@5_ag=0.9500  select=0.5785
Ep026  LR0=1.56e-04  pw=1.57  aucα=0.300  token_p=0.020  dropE=(0.020,0.080)  smooth=0.010  train_loss=0.2493  train_AUPR_all=0.7006  train_AUPR_ab=0.7797  train_AUPR_ag=0.5816  train_P@5_ab=1.0000  train_P@5_ag=0.8500  val_loss=0.3131  val_AUPR_all=0.6143  val_AUPR_ab=0.7470  val_AUPR_ag=0.4179  val_P@5_ab=1.0000  val_P@5_ag=0.9500  select=0.5825
  Saved checkpoint: checkpoints_old/iPara_balanced_l1_g8_i5_do0.10_dpr0.10_lr0.0002_heads16_fold3.pth  select=0.5825  val_ab=0.7470  val_ag=0.4179  val_all=0.6143
Ep027  LR0=1.52e-04  pw=1.52  aucα=0.300  token_p=0.020  dropE=(0.020,0.080)  smooth=0.010  train_loss=0.2422  train_AUPR_all=0.7066  train_AUPR_ab=0.7792  train_AUPR_ag=0.5980  train_P@5_ab=0.9500  train_P@5_ag=1.0000  val_loss=0.3090  val_AUPR_all=0.6196  val_AUPR_ab=0.7560  val_AUPR_ag=0.4088  val_P@5_ab=1.0000  val_P@5_ag=1.0000  select=0.5824
Ep028  LR0=1.49e-04  pw=1.47  aucα=0.300  token_p=0.020  dropE=(0.020,0.080)  smooth=0.010  train_loss=0.2350  train_AUPR_all=0.7163  train_AUPR_ab=0.7868  train_AUPR_ag=0.6128  train_P@5_ab=1.0000  train_P@5_ag=0.7000  val_loss=0.2989  val_AUPR_all=0.6259  val_AUPR_ab=0.7564  val_AUPR_ag=0.4191  val_P@5_ab=1.0000  val_P@5_ag=1.0000  select=0.5877
  Saved checkpoint: checkpoints_old/iPara_balanced_l1_g8_i5_do0.10_dpr0.10_lr0.0002_heads16_fold3.pth  select=0.5877  val_ab=0.7564  val_ag=0.4191  val_all=0.6259
Ep029  LR0=1.46e-04  pw=1.43  aucα=0.300  token_p=0.020  dropE=(0.020,0.080)  smooth=0.010  train_loss=0.2253  train_AUPR_all=0.7285  train_AUPR_ab=0.7948  train_AUPR_ag=0.6300  train_P@5_ab=1.0000  train_P@5_ag=0.8500  val_loss=0.3147  val_AUPR_all=0.6049  val_AUPR_ab=0.7473  val_AUPR_ag=0.4028  val_P@5_ab=0.9500  val_P@5_ag=0.8000  select=0.5750
Ep030  LR0=1.42e-04  pw=1.39  aucα=0.300  token_p=0.020  dropE=(0.020,0.080)  smooth=0.010  train_loss=0.2168  train_AUPR_all=0.7389  train_AUPR_ab=0.7966  train_AUPR_ag=0.6557  train_P@5_ab=0.9500  train_P@5_ag=0.9500  val_loss=0.3081  val_AUPR_all=0.5997  val_AUPR_ab=0.7548  val_AUPR_ag=0.3737  val_P@5_ab=1.0000  val_P@5_ag=0.7000  select=0.5642
Ep031  LR0=1.38e-04  pw=1.35  aucα=0.300  token_p=0.020  dropE=(0.020,0.080)  smooth=0.010  train_loss=0.2107  train_AUPR_all=0.7498  train_AUPR_ab=0.8088  train_AUPR_ag=0.6640  train_P@5_ab=1.0000  train_P@5_ag=1.0000  val_loss=0.3088  val_AUPR_all=0.6066  val_AUPR_ab=0.7549  val_AUPR_ag=0.3835  val_P@5_ab=1.0000  val_P@5_ag=0.9500  select=0.5692
Ep032  LR0=1.35e-04  pw=1.32  aucα=0.300  token_p=0.020  dropE=(0.020,0.080)  smooth=0.010  train_loss=0.2039  train_AUPR_all=0.7556  train_AUPR_ab=0.8069  train_AUPR_ag=0.6823  train_P@5_ab=0.9500  train_P@5_ag=1.0000  val_loss=0.3150  val_AUPR_all=0.6050  val_AUPR_ab=0.7621  val_AUPR_ag=0.3880  val_P@5_ab=0.9500  val_P@5_ag=0.8000  select=0.5750
Ep033  LR0=1.31e-04  pw=1.29  aucα=0.300  token_p=0.020  dropE=(0.020,0.080)  smooth=0.010  train_loss=0.2002  train_AUPR_all=0.7616  train_AUPR_ab=0.8136  train_AUPR_ag=0.6871  train_P@5_ab=1.0000  train_P@5_ag=1.0000  val_loss=0.3035  val_AUPR_all=0.6214  val_AUPR_ab=0.7637  val_AUPR_ag=0.4174  val_P@5_ab=1.0000  val_P@5_ag=0.9500  select=0.5906
  Saved checkpoint: checkpoints_old/iPara_balanced_l1_g8_i5_do0.10_dpr0.10_lr0.0002_heads16_fold3.pth  select=0.5906  val_ab=0.7637  val_ag=0.4174  val_all=0.6214
Ep034  LR0=1.27e-04  pw=1.26  aucα=0.300  token_p=0.020  dropE=(0.020,0.080)  smooth=0.010  train_loss=0.1907  train_AUPR_all=0.7769  train_AUPR_ab=0.8246  train_AUPR_ag=0.7091  train_P@5_ab=1.0000  train_P@5_ag=0.9500  val_loss=0.2988  val_AUPR_all=0.6168  val_AUPR_ab=0.7636  val_AUPR_ag=0.3947  val_P@5_ab=0.9500  val_P@5_ag=0.7000  select=0.5791
Ep035  LR0=1.24e-04  pw=1.23  aucα=0.300  token_p=0.020  dropE=(0.020,0.080)  smooth=0.010  train_loss=0.1850  train_AUPR_all=0.7843  train_AUPR_ab=0.8307  train_AUPR_ag=0.7184  train_P@5_ab=0.9500  train_P@5_ag=0.9500  val_loss=0.2996  val_AUPR_all=0.6204  val_AUPR_ab=0.7628  val_AUPR_ag=0.4065  val_P@5_ab=1.0000  val_P@5_ag=0.9500  select=0.5846
Ep036  LR0=1.20e-04  pw=1.21  aucα=0.300  token_p=0.020  dropE=(0.020,0.080)  smooth=0.010  train_loss=0.1838  train_AUPR_all=0.7845  train_AUPR_ab=0.8271  train_AUPR_ag=0.7243  train_P@5_ab=1.0000  train_P@5_ag=0.9500  val_loss=0.3069  val_AUPR_all=0.6006  val_AUPR_ab=0.7584  val_AUPR_ag=0.3866  val_P@5_ab=1.0000  val_P@5_ag=0.6500  select=0.5725
Ep037  LR0=1.16e-04  pw=1.19  aucα=0.300  token_p=0.020  dropE=(0.020,0.080)  smooth=0.010  train_loss=0.1783  train_AUPR_all=0.7939  train_AUPR_ab=0.8392  train_AUPR_ag=0.7291  train_P@5_ab=1.0000  train_P@5_ag=1.0000  val_loss=0.3103  val_AUPR_all=0.6095  val_AUPR_ab=0.7574  val_AUPR_ag=0.4028  val_P@5_ab=0.9500  val_P@5_ag=0.9000  select=0.5801
Ep038  LR0=1.12e-04  pw=1.17  aucα=0.300  token_p=0.020  dropE=(0.020,0.080)  smooth=0.010  train_loss=0.1714  train_AUPR_all=0.8061  train_AUPR_ab=0.8487  train_AUPR_ag=0.7456  train_P@5_ab=1.0000  train_P@5_ag=1.0000  val_loss=0.3041  val_AUPR_all=0.6121  val_AUPR_ab=0.7650  val_AUPR_ag=0.3788  val_P@5_ab=1.0000  val_P@5_ag=0.6000  select=0.5719
Ep039  LR0=1.08e-04  pw=1.16  aucα=0.300  token_p=0.020  dropE=(0.020,0.080)  smooth=0.010  train_loss=0.1650  train_AUPR_all=0.8129  train_AUPR_ab=0.8527  train_AUPR_ag=0.7562  train_P@5_ab=1.0000  train_P@5_ag=0.9500  val_loss=0.3126  val_AUPR_all=0.6009  val_AUPR_ab=0.7587  val_AUPR_ag=0.3748  val_P@5_ab=0.9500  val_P@5_ag=0.7500  select=0.5667
Ep040  LR0=1.04e-04  pw=1.14  aucα=0.300  token_p=0.020  dropE=(0.020,0.080)  smooth=0.010  train_loss=0.1623  train_AUPR_all=0.8177  train_AUPR_ab=0.8555  train_AUPR_ag=0.7639  train_P@5_ab=1.0000  train_P@5_ag=1.0000  val_loss=0.3021  val_AUPR_all=0.6150  val_AUPR_ab=0.7669  val_AUPR_ag=0.4097  val_P@5_ab=0.9500  val_P@5_ag=0.7500  select=0.5883
Ep041  LR0=1.00e-04  pw=1.13  aucα=0.300  token_p=0.020  dropE=(0.020,0.080)  smooth=0.010  train_loss=0.1590  train_AUPR_all=0.8224  train_AUPR_ab=0.8587  train_AUPR_ag=0.7710  train_P@5_ab=1.0000  train_P@5_ag=1.0000  val_loss=0.3083  val_AUPR_all=0.6000  val_AUPR_ab=0.7591  val_AUPR_ag=0.3791  val_P@5_ab=1.0000  val_P@5_ag=0.7000  select=0.5691
Ep042  LR0=9.63e-05  pw=1.12  aucα=0.300  token_p=0.020  dropE=(0.020,0.080)  smooth=0.010  train_loss=0.1515  train_AUPR_all=0.8355  train_AUPR_ab=0.8692  train_AUPR_ag=0.7879  train_P@5_ab=1.0000  train_P@5_ag=1.0000  val_loss=0.3132  val_AUPR_all=0.6018  val_AUPR_ab=0.7655  val_AUPR_ag=0.3701  val_P@5_ab=1.0000  val_P@5_ag=0.7500  select=0.5678
Ep043  LR0=9.24e-05  pw=1.10  aucα=0.300  token_p=0.020  dropE=(0.020,0.080)  smooth=0.010  train_loss=0.1516  train_AUPR_all=0.8339  train_AUPR_ab=0.8678  train_AUPR_ag=0.7860  train_P@5_ab=0.9500  train_P@5_ag=1.0000  val_loss=0.3137  val_AUPR_all=0.6054  val_AUPR_ab=0.7668  val_AUPR_ag=0.3901  val_P@5_ab=0.9500  val_P@5_ag=0.8000  select=0.5784
Ep044  LR0=8.85e-05  pw=1.09  aucα=0.300  token_p=0.020  dropE=(0.020,0.080)  smooth=0.010  train_loss=0.1448  train_AUPR_all=0.8449  train_AUPR_ab=0.8759  train_AUPR_ag=0.8014  train_P@5_ab=1.0000  train_P@5_ag=1.0000  val_loss=0.2962  val_AUPR_all=0.6133  val_AUPR_ab=0.7632  val_AUPR_ag=0.3944  val_P@5_ab=0.9000  val_P@5_ag=0.7000  select=0.5788
Ep045  LR0=8.46e-05  pw=1.09  aucα=0.300  token_p=0.020  dropE=(0.020,0.080)  smooth=0.010  train_loss=0.1443  train_AUPR_all=0.8450  train_AUPR_ab=0.8761  train_AUPR_ag=0.8014  train_P@5_ab=1.0000  train_P@5_ag=1.0000  val_loss=0.3034  val_AUPR_all=0.6097  val_AUPR_ab=0.7600  val_AUPR_ag=0.4030  val_P@5_ab=0.9500  val_P@5_ag=0.8000  select=0.5815
Ep046  LR0=8.08e-05  pw=1.08  aucα=0.300  token_p=0.020  dropE=(0.020,0.080)  smooth=0.010  train_loss=0.1374  train_AUPR_all=0.8565  train_AUPR_ab=0.8877  train_AUPR_ag=0.8120  train_P@5_ab=0.9500  train_P@5_ag=0.9000  val_loss=0.3035  val_AUPR_all=0.6036  val_AUPR_ab=0.7618  val_AUPR_ag=0.3844  val_P@5_ab=0.9500  val_P@5_ag=0.7500  select=0.5731
Ep047  LR0=7.70e-05  pw=1.07  aucα=0.300  token_p=0.020  dropE=(0.020,0.080)  smooth=0.010  train_loss=0.1379  train_AUPR_all=0.8552  train_AUPR_ab=0.8870  train_AUPR_ag=0.8099  train_P@5_ab=1.0000  train_P@5_ag=1.0000  val_loss=0.2981  val_AUPR_all=0.6134  val_AUPR_ab=0.7661  val_AUPR_ag=0.3931  val_P@5_ab=0.9000  val_P@5_ag=0.8500  select=0.5796
Ep048  LR0=7.32e-05  pw=1.06  aucα=0.300  token_p=0.020  dropE=(0.020,0.080)  smooth=0.010  train_loss=0.1313  train_AUPR_all=0.8652  train_AUPR_ab=0.8924  train_AUPR_ag=0.8270  train_P@5_ab=1.0000  train_P@5_ag=1.0000  val_loss=0.3156  val_AUPR_all=0.5915  val_AUPR_ab=0.7554  val_AUPR_ag=0.3725  val_P@5_ab=0.9500  val_P@5_ag=0.5500  select=0.5640
Ep049  LR0=6.94e-05  pw=1.06  aucα=0.300  token_p=0.020  dropE=(0.020,0.080)  smooth=0.010  train_loss=0.1324  train_AUPR_all=0.8639  train_AUPR_ab=0.8901  train_AUPR_ag=0.8274  train_P@5_ab=1.0000  train_P@5_ag=1.0000  val_loss=0.3124  val_AUPR_all=0.5992  val_AUPR_ab=0.7618  val_AUPR_ag=0.3748  val_P@5_ab=1.0000  val_P@5_ag=0.7500  select=0.5683
Ep050  LR0=6.57e-05  pw=1.05  aucα=0.300  token_p=0.020  dropE=(0.020,0.080)  smooth=0.010  train_loss=0.1248  train_AUPR_all=0.8771  train_AUPR_ab=0.9045  train_AUPR_ag=0.8378  train_P@5_ab=0.9500  train_P@5_ag=1.0000  val_loss=0.3108  val_AUPR_all=0.6069  val_AUPR_ab=0.7595  val_AUPR_ag=0.3835  val_P@5_ab=1.0000  val_P@5_ag=0.8500  select=0.5715
Ep051  LR0=6.21e-05  pw=1.05  aucα=0.300  token_p=0.020  dropE=(0.020,0.080)  smooth=0.010  train_loss=0.1247  train_AUPR_all=0.8767  train_AUPR_ab=0.9036  train_AUPR_ag=0.8383  train_P@5_ab=1.0000  train_P@5_ag=1.0000  val_loss=0.3148  val_AUPR_all=0.6066  val_AUPR_ab=0.7569  val_AUPR_ag=0.3812  val_P@5_ab=0.8500  val_P@5_ag=0.6000  select=0.5691
Ep052  LR0=5.85e-05  pw=1.04  aucα=0.300  token_p=0.020  dropE=(0.020,0.080)  smooth=0.010  train_loss=0.1196  train_AUPR_all=0.8853  train_AUPR_ab=0.9102  train_AUPR_ag=0.8498  train_P@5_ab=1.0000  train_P@5_ag=1.0000  val_loss=0.3215  val_AUPR_all=0.5913  val_AUPR_ab=0.7604  val_AUPR_ag=0.3672  val_P@5_ab=0.9500  val_P@5_ag=0.5500  select=0.5638
Ep053  LR0=5.50e-05  pw=1.04  aucα=0.300  token_p=0.020  dropE=(0.020,0.080)  smooth=0.010  train_loss=0.1225  train_AUPR_all=0.8786  train_AUPR_ab=0.9055  train_AUPR_ag=0.8399  train_P@5_ab=1.0000  train_P@5_ag=1.0000  val_loss=0.3201  val_AUPR_all=0.5911  val_AUPR_ab=0.7548  val_AUPR_ag=0.3703  val_P@5_ab=0.9500  val_P@5_ag=0.7500  select=0.5626
Early stopping at epoch 53. Best select=0.5906 at epoch 33.
Final saved checkpoint for fold 3: checkpoints_old/iPara_balanced_l1_g8_i5_do0.10_dpr0.10_lr0.0002_heads16_fold3.pth
Best select=0.5906 at epoch 33

==========================================================================================
Fold 4/5
==========================================================================================
Train labels: valid=398858, pos=26560, neg=372298, ignore=700342, pos_frac=0.06659
Val labels: valid=101334, pos=6670, neg=94664, ignore=172266, pos_frac=0.06582
Initializing ClassificationModel with 8 GAT layers and residual connections...
Initializing MCModel with 8 GAT layers and 5 row attention layers (drop_path_rate=0.1)
Initializing CoreModel with 1 layers, drop_path_rate=0.1
Ep001  LR0=2.00e-04  pw=8.00  aucα=0.000  token_p=0.020  dropE=(0.020,0.080)  smooth=0.010  train_loss=0.7509  train_AUPR_all=0.2360  train_AUPR_ab=0.2835  train_AUPR_ag=0.1736  train_P@5_ab=0.7000  train_P@5_ag=0.9500  val_loss=0.8476  val_AUPR_all=0.3637  val_AUPR_ab=0.4704  val_AUPR_ag=0.2659  val_P@5_ab=0.7500  val_P@5_ag=0.9500  select=0.3681
  Saved checkpoint: checkpoints_old/iPara_balanced_l1_g8_i5_do0.10_dpr0.10_lr0.0002_heads16_fold4.pth  select=0.3681  val_ab=0.4704  val_ag=0.2659  val_all=0.3637
Ep002  LR0=2.00e-04  pw=7.33  aucα=0.000  token_p=0.020  dropE=(0.020,0.080)  smooth=0.010  train_loss=0.5302  train_AUPR_all=0.3999  train_AUPR_ab=0.4859  train_AUPR_ag=0.2594  train_P@5_ab=0.7500  train_P@5_ag=1.0000  val_loss=0.7725  val_AUPR_all=0.4464  val_AUPR_ab=0.5206  val_AUPR_ag=0.3001  val_P@5_ab=0.6500  val_P@5_ag=0.9000  select=0.4103
  Saved checkpoint: checkpoints_old/iPara_balanced_l1_g8_i5_do0.10_dpr0.10_lr0.0002_heads16_fold4.pth  select=0.4103  val_ab=0.5206  val_ag=0.3001  val_all=0.4464
Ep003  LR0=2.00e-04  pw=6.73  aucα=0.000  token_p=0.020  dropE=(0.020,0.080)  smooth=0.010  train_loss=0.4680  train_AUPR_all=0.4474  train_AUPR_ab=0.5377  train_AUPR_ag=0.2935  train_P@5_ab=0.7500  train_P@5_ag=0.5500  val_loss=0.6761  val_AUPR_all=0.4929  val_AUPR_ab=0.6104  val_AUPR_ag=0.3136  val_P@5_ab=0.9500  val_P@5_ag=0.9500  select=0.4620
  Saved checkpoint: checkpoints_old/iPara_balanced_l1_g8_i5_do0.10_dpr0.10_lr0.0002_heads16_fold4.pth  select=0.4620  val_ab=0.6104  val_ag=0.3136  val_all=0.4929
Ep004  LR0=1.99e-04  pw=6.19  aucα=0.000  token_p=0.020  dropE=(0.020,0.080)  smooth=0.010  train_loss=0.4274  train_AUPR_all=0.4902  train_AUPR_ab=0.5793  train_AUPR_ag=0.3339  train_P@5_ab=0.5500  train_P@5_ag=1.0000  val_loss=0.6542  val_AUPR_all=0.5165  val_AUPR_ab=0.6311  val_AUPR_ag=0.3293  val_P@5_ab=0.8000  val_P@5_ag=0.9000  select=0.4802
  Saved checkpoint: checkpoints_old/iPara_balanced_l1_g8_i5_do0.10_dpr0.10_lr0.0002_heads16_fold4.pth  select=0.4802  val_ab=0.6311  val_ag=0.3293  val_all=0.5165
Ep005  LR0=1.99e-04  pw=5.69  aucα=0.000  token_p=0.020  dropE=(0.020,0.080)  smooth=0.010  train_loss=0.4045  train_AUPR_all=0.5039  train_AUPR_ab=0.5973  train_AUPR_ag=0.3412  train_P@5_ab=0.7000  train_P@5_ag=0.9500  val_loss=0.5965  val_AUPR_all=0.5185  val_AUPR_ab=0.6281  val_AUPR_ag=0.3398  val_P@5_ab=0.7000  val_P@5_ag=0.8500  select=0.4840
  Saved checkpoint: checkpoints_old/iPara_balanced_l1_g8_i5_do0.10_dpr0.10_lr0.0002_heads16_fold4.pth  select=0.4840  val_ab=0.6281  val_ag=0.3398  val_all=0.5185
Ep006  LR0=1.98e-04  pw=5.25  aucα=0.000  token_p=0.020  dropE=(0.020,0.080)  smooth=0.010  train_loss=0.3826  train_AUPR_all=0.5133  train_AUPR_ab=0.6074  train_AUPR_ag=0.3472  train_P@5_ab=0.9500  train_P@5_ag=0.8000  val_loss=0.5645  val_AUPR_all=0.5248  val_AUPR_ab=0.6294  val_AUPR_ag=0.3282  val_P@5_ab=0.5000  val_P@5_ag=0.9500  select=0.4788
Ep007  LR0=1.97e-04  pw=4.84  aucα=0.000  token_p=0.020  dropE=(0.020,0.080)  smooth=0.010  train_loss=0.3638  train_AUPR_all=0.5192  train_AUPR_ab=0.6173  train_AUPR_ag=0.3497  train_P@5_ab=0.9500  train_P@5_ag=0.9500  val_loss=0.5648  val_AUPR_all=0.5469  val_AUPR_ab=0.6699  val_AUPR_ag=0.3520  val_P@5_ab=0.9000  val_P@5_ag=1.0000  select=0.5109
  Saved checkpoint: checkpoints_old/iPara_balanced_l1_g8_i5_do0.10_dpr0.10_lr0.0002_heads16_fold4.pth  select=0.5109  val_ab=0.6699  val_ag=0.3520  val_all=0.5469
Ep008  LR0=1.96e-04  pw=4.48  aucα=0.000  token_p=0.020  dropE=(0.020,0.080)  smooth=0.010  train_loss=0.3395  train_AUPR_all=0.5345  train_AUPR_ab=0.6257  train_AUPR_ag=0.3692  train_P@5_ab=0.9000  train_P@5_ag=1.0000  val_loss=0.5085  val_AUPR_all=0.5626  val_AUPR_ab=0.6837  val_AUPR_ag=0.3690  val_P@5_ab=0.9500  val_P@5_ag=0.9500  select=0.5263
  Saved checkpoint: checkpoints_old/iPara_balanced_l1_g8_i5_do0.10_dpr0.10_lr0.0002_heads16_fold4.pth  select=0.5263  val_ab=0.6837  val_ag=0.3690  val_all=0.5626
Ep009  LR0=1.95e-04  pw=4.15  aucα=0.000  token_p=0.020  dropE=(0.020,0.080)  smooth=0.010  train_loss=0.3220  train_AUPR_all=0.5430  train_AUPR_ab=0.6391  train_AUPR_ag=0.3710  train_P@5_ab=0.9000  train_P@5_ag=0.8500  val_loss=0.4878  val_AUPR_all=0.5637  val_AUPR_ab=0.6867  val_AUPR_ag=0.3606  val_P@5_ab=0.9500  val_P@5_ag=0.8500  select=0.5236
Ep010  LR0=1.94e-04  pw=3.85  aucα=0.030  token_p=0.020  dropE=(0.020,0.080)  smooth=0.010  train_loss=0.3197  train_AUPR_all=0.5541  train_AUPR_ab=0.6485  train_AUPR_ag=0.3902  train_P@5_ab=0.8500  train_P@5_ag=0.9500  val_loss=0.4868  val_AUPR_all=0.5666  val_AUPR_ab=0.6925  val_AUPR_ag=0.3685  val_P@5_ab=0.9500  val_P@5_ag=0.9500  select=0.5305
  Saved checkpoint: checkpoints_old/iPara_balanced_l1_g8_i5_do0.10_dpr0.10_lr0.0002_heads16_fold4.pth  select=0.5305  val_ab=0.6925  val_ag=0.3685  val_all=0.5666
Unfreezing DyM parameters.
Ep011  LR0=1.92e-04  pw=3.58  aucα=0.060  token_p=0.020  dropE=(0.020,0.080)  smooth=0.010  train_loss=0.3209  train_AUPR_all=0.5607  train_AUPR_ab=0.6551  train_AUPR_ag=0.3963  train_P@5_ab=0.8500  train_P@5_ag=0.9500  val_loss=0.4521  val_AUPR_all=0.5736  val_AUPR_ab=0.7040  val_AUPR_ag=0.3585  val_P@5_ab=0.9000  val_P@5_ag=0.9500  select=0.5312
  Saved checkpoint: checkpoints_old/iPara_balanced_l1_g8_i5_do0.10_dpr0.10_lr0.0002_heads16_fold4.pth  select=0.5312  val_ab=0.7040  val_ag=0.3585  val_all=0.5736
Ep012  LR0=1.91e-04  pw=3.33  aucα=0.090  token_p=0.020  dropE=(0.020,0.080)  smooth=0.010  train_loss=0.3177  train_AUPR_all=0.5749  train_AUPR_ab=0.6759  train_AUPR_ag=0.4052  train_P@5_ab=0.9000  train_P@5_ag=0.8500  val_loss=0.4381  val_AUPR_all=0.5712  val_AUPR_ab=0.6962  val_AUPR_ag=0.3678  val_P@5_ab=1.0000  val_P@5_ag=0.9500  select=0.5320
  Saved checkpoint: checkpoints_old/iPara_balanced_l1_g8_i5_do0.10_dpr0.10_lr0.0002_heads16_fold4.pth  select=0.5320  val_ab=0.6962  val_ag=0.3678  val_all=0.5712
Ep013  LR0=1.89e-04  pw=3.11  aucα=0.120  token_p=0.020  dropE=(0.020,0.080)  smooth=0.010  train_loss=0.3186  train_AUPR_all=0.5829  train_AUPR_ab=0.6848  train_AUPR_ag=0.4115  train_P@5_ab=0.9000  train_P@5_ag=0.9500  val_loss=0.4249  val_AUPR_all=0.5809  val_AUPR_ab=0.7101  val_AUPR_ag=0.3711  val_P@5_ab=1.0000  val_P@5_ag=0.9500  select=0.5406
  Saved checkpoint: checkpoints_old/iPara_balanced_l1_g8_i5_do0.10_dpr0.10_lr0.0002_heads16_fold4.pth  select=0.5406  val_ab=0.7101  val_ag=0.3711  val_all=0.5809
Ep014  LR0=1.87e-04  pw=2.91  aucα=0.150  token_p=0.020  dropE=(0.020,0.080)  smooth=0.010  train_loss=0.3189  train_AUPR_all=0.5881  train_AUPR_ab=0.6863  train_AUPR_ag=0.4227  train_P@5_ab=0.8000  train_P@5_ag=1.0000  val_loss=0.4079  val_AUPR_all=0.5908  val_AUPR_ab=0.7253  val_AUPR_ag=0.3728  val_P@5_ab=1.0000  val_P@5_ag=0.9500  select=0.5491
  Saved checkpoint: checkpoints_old/iPara_balanced_l1_g8_i5_do0.10_dpr0.10_lr0.0002_heads16_fold4.pth  select=0.5491  val_ab=0.7253  val_ag=0.3728  val_all=0.5908
Ep015  LR0=1.85e-04  pw=2.73  aucα=0.180  token_p=0.020  dropE=(0.020,0.080)  smooth=0.010  train_loss=0.3175  train_AUPR_all=0.5996  train_AUPR_ab=0.7003  train_AUPR_ag=0.4335  train_P@5_ab=0.9500  train_P@5_ag=0.8000  val_loss=0.3916  val_AUPR_all=0.5951  val_AUPR_ab=0.7307  val_AUPR_ag=0.3812  val_P@5_ab=0.9500  val_P@5_ag=1.0000  select=0.5559
  Saved checkpoint: checkpoints_old/iPara_balanced_l1_g8_i5_do0.10_dpr0.10_lr0.0002_heads16_fold4.pth  select=0.5559  val_ab=0.7307  val_ag=0.3812  val_all=0.5951
Ep016  LR0=1.83e-04  pw=2.56  aucα=0.210  token_p=0.020  dropE=(0.020,0.080)  smooth=0.010  train_loss=0.3184  train_AUPR_all=0.6067  train_AUPR_ab=0.7059  train_AUPR_ag=0.4440  train_P@5_ab=0.9500  train_P@5_ag=0.9000  val_loss=0.3879  val_AUPR_all=0.5884  val_AUPR_ab=0.7256  val_AUPR_ag=0.3748  val_P@5_ab=1.0000  val_P@5_ag=0.9000  select=0.5502
Ep017  LR0=1.81e-04  pw=2.41  aucα=0.240  token_p=0.020  dropE=(0.020,0.080)  smooth=0.010  train_loss=0.3207  train_AUPR_all=0.6159  train_AUPR_ab=0.7168  train_AUPR_ag=0.4530  train_P@5_ab=1.0000  train_P@5_ag=0.9500  val_loss=0.3874  val_AUPR_all=0.5842  val_AUPR_ab=0.7201  val_AUPR_ag=0.3778  val_P@5_ab=0.9500  val_P@5_ag=0.9500  select=0.5489
Ep018  LR0=1.79e-04  pw=2.28  aucα=0.270  token_p=0.020  dropE=(0.020,0.080)  smooth=0.010  train_loss=0.3205  train_AUPR_all=0.6265  train_AUPR_ab=0.7255  train_AUPR_ag=0.4669  train_P@5_ab=1.0000  train_P@5_ag=1.0000  val_loss=0.3598  val_AUPR_all=0.6038  val_AUPR_ab=0.7449  val_AUPR_ag=0.3776  val_P@5_ab=0.9500  val_P@5_ag=1.0000  select=0.5613
  Saved checkpoint: checkpoints_old/iPara_balanced_l1_g8_i5_do0.10_dpr0.10_lr0.0002_heads16_fold4.pth  select=0.5613  val_ab=0.7449  val_ag=0.3776  val_all=0.6038
Ep019  LR0=1.76e-04  pw=2.16  aucα=0.300  token_p=0.020  dropE=(0.020,0.080)  smooth=0.010  train_loss=0.3198  train_AUPR_all=0.6348  train_AUPR_ab=0.7344  train_AUPR_ag=0.4740  train_P@5_ab=1.0000  train_P@5_ag=0.9500  val_loss=0.3667  val_AUPR_all=0.5892  val_AUPR_ab=0.7341  val_AUPR_ag=0.3616  val_P@5_ab=0.9500  val_P@5_ag=0.9500  select=0.5479
Ep020  LR0=1.73e-04  pw=2.05  aucα=0.300  token_p=0.020  dropE=(0.020,0.080)  smooth=0.010  train_loss=0.3083  train_AUPR_all=0.6470  train_AUPR_ab=0.7441  train_AUPR_ag=0.4931  train_P@5_ab=1.0000  train_P@5_ag=1.0000  val_loss=0.3591  val_AUPR_all=0.6006  val_AUPR_ab=0.7500  val_AUPR_ag=0.3652  val_P@5_ab=0.9500  val_P@5_ag=0.9500  select=0.5576
Ep021  LR0=1.71e-04  pw=1.95  aucα=0.300  token_p=0.020  dropE=(0.020,0.080)  smooth=0.010  train_loss=0.2979  train_AUPR_all=0.6533  train_AUPR_ab=0.7453  train_AUPR_ag=0.5085  train_P@5_ab=1.0000  train_P@5_ag=0.9000  val_loss=0.3465  val_AUPR_all=0.6006  val_AUPR_ab=0.7515  val_AUPR_ag=0.3634  val_P@5_ab=0.9500  val_P@5_ag=0.9500  select=0.5574
Ep022  LR0=1.68e-04  pw=1.86  aucα=0.300  token_p=0.020  dropE=(0.020,0.080)  smooth=0.010  train_loss=0.2871  train_AUPR_all=0.6632  train_AUPR_ab=0.7499  train_AUPR_ag=0.5294  train_P@5_ab=0.9000  train_P@5_ag=0.9500  val_loss=0.3468  val_AUPR_all=0.5925  val_AUPR_ab=0.7596  val_AUPR_ag=0.3710  val_P@5_ab=1.0000  val_P@5_ag=0.9500  select=0.5653
  Saved checkpoint: checkpoints_old/iPara_balanced_l1_g8_i5_do0.10_dpr0.10_lr0.0002_heads16_fold4.pth  select=0.5653  val_ab=0.7596  val_ag=0.3710  val_all=0.5925
Ep023  LR0=1.65e-04  pw=1.78  aucα=0.300  token_p=0.020  dropE=(0.020,0.080)  smooth=0.010  train_loss=0.2775  train_AUPR_all=0.6731  train_AUPR_ab=0.7614  train_AUPR_ag=0.5360  train_P@5_ab=0.9000  train_P@5_ag=0.8500  val_loss=0.3324  val_AUPR_all=0.6084  val_AUPR_ab=0.7576  val_AUPR_ag=0.3740  val_P@5_ab=1.0000  val_P@5_ag=0.9500  select=0.5658
  Saved checkpoint: checkpoints_old/iPara_balanced_l1_g8_i5_do0.10_dpr0.10_lr0.0002_heads16_fold4.pth  select=0.5658  val_ab=0.7576  val_ag=0.3740  val_all=0.6084
Ep024  LR0=1.62e-04  pw=1.70  aucα=0.300  token_p=0.020  dropE=(0.020,0.080)  smooth=0.010  train_loss=0.2663  train_AUPR_all=0.6830  train_AUPR_ab=0.7643  train_AUPR_ag=0.5581  train_P@5_ab=1.0000  train_P@5_ag=0.9000  val_loss=0.3406  val_AUPR_all=0.6009  val_AUPR_ab=0.7604  val_AUPR_ag=0.3726  val_P@5_ab=1.0000  val_P@5_ag=0.9500  select=0.5665
  Saved checkpoint: checkpoints_old/iPara_balanced_l1_g8_i5_do0.10_dpr0.10_lr0.0002_heads16_fold4.pth  select=0.5665  val_ab=0.7604  val_ag=0.3726  val_all=0.6009
Ep025  LR0=1.59e-04  pw=1.64  aucα=0.300  token_p=0.020  dropE=(0.020,0.080)  smooth=0.010  train_loss=0.2594  train_AUPR_all=0.6881  train_AUPR_ab=0.7709  train_AUPR_ag=0.5604  train_P@5_ab=0.9000  train_P@5_ag=0.7000  val_loss=0.3390  val_AUPR_all=0.6048  val_AUPR_ab=0.7562  val_AUPR_ag=0.3762  val_P@5_ab=1.0000  val_P@5_ag=0.9500  select=0.5662
Ep026  LR0=1.56e-04  pw=1.57  aucα=0.300  token_p=0.020  dropE=(0.020,0.080)  smooth=0.010  train_loss=0.2490  train_AUPR_all=0.7000  train_AUPR_ab=0.7762  train_AUPR_ag=0.5849  train_P@5_ab=0.9000  train_P@5_ag=0.9500  val_loss=0.3292  val_AUPR_all=0.6115  val_AUPR_ab=0.7589  val_AUPR_ag=0.3832  val_P@5_ab=1.0000  val_P@5_ag=1.0000  select=0.5710
  Saved checkpoint: checkpoints_old/iPara_balanced_l1_g8_i5_do0.10_dpr0.10_lr0.0002_heads16_fold4.pth  select=0.5710  val_ab=0.7589  val_ag=0.3832  val_all=0.6115
Ep027  LR0=1.52e-04  pw=1.52  aucα=0.300  token_p=0.020  dropE=(0.020,0.080)  smooth=0.010  train_loss=0.2424  train_AUPR_all=0.7100  train_AUPR_ab=0.7869  train_AUPR_ag=0.5938  train_P@5_ab=1.0000  train_P@5_ag=1.0000  val_loss=0.3263  val_AUPR_all=0.6128  val_AUPR_ab=0.7710  val_AUPR_ag=0.3815  val_P@5_ab=1.0000  val_P@5_ag=0.9500  select=0.5762
  Saved checkpoint: checkpoints_old/iPara_balanced_l1_g8_i5_do0.10_dpr0.10_lr0.0002_heads16_fold4.pth  select=0.5762  val_ab=0.7710  val_ag=0.3815  val_all=0.6128
Ep028  LR0=1.49e-04  pw=1.47  aucα=0.300  token_p=0.020  dropE=(0.020,0.080)  smooth=0.010  train_loss=0.2350  train_AUPR_all=0.7167  train_AUPR_ab=0.7860  train_AUPR_ag=0.6134  train_P@5_ab=1.0000  train_P@5_ag=0.9000  val_loss=0.3393  val_AUPR_all=0.6075  val_AUPR_ab=0.7666  val_AUPR_ag=0.3718  val_P@5_ab=0.9500  val_P@5_ag=0.9000  select=0.5692
Ep029  LR0=1.46e-04  pw=1.43  aucα=0.300  token_p=0.020  dropE=(0.020,0.080)  smooth=0.010  train_loss=0.2295  train_AUPR_all=0.7222  train_AUPR_ab=0.7911  train_AUPR_ag=0.6199  train_P@5_ab=0.9500  train_P@5_ag=0.9000  val_loss=0.3157  val_AUPR_all=0.6141  val_AUPR_ab=0.7641  val_AUPR_ag=0.3981  val_P@5_ab=0.9500  val_P@5_ag=0.9500  select=0.5811
  Saved checkpoint: checkpoints_old/iPara_balanced_l1_g8_i5_do0.10_dpr0.10_lr0.0002_heads16_fold4.pth  select=0.5811  val_ab=0.7641  val_ag=0.3981  val_all=0.6141
Ep030  LR0=1.42e-04  pw=1.39  aucα=0.300  token_p=0.020  dropE=(0.020,0.080)  smooth=0.010  train_loss=0.2219  train_AUPR_all=0.7312  train_AUPR_ab=0.7947  train_AUPR_ag=0.6378  train_P@5_ab=1.0000  train_P@5_ag=0.9500  val_loss=0.3255  val_AUPR_all=0.6043  val_AUPR_ab=0.7480  val_AUPR_ag=0.4037  val_P@5_ab=1.0000  val_P@5_ag=0.9000  select=0.5758
Ep031  LR0=1.38e-04  pw=1.35  aucα=0.300  token_p=0.020  dropE=(0.020,0.080)  smooth=0.010  train_loss=0.2130  train_AUPR_all=0.7462  train_AUPR_ab=0.8068  train_AUPR_ag=0.6572  train_P@5_ab=1.0000  train_P@5_ag=1.0000  val_loss=0.3268  val_AUPR_all=0.6106  val_AUPR_ab=0.7631  val_AUPR_ag=0.3865  val_P@5_ab=1.0000  val_P@5_ag=0.9000  select=0.5748
Ep032  LR0=1.35e-04  pw=1.32  aucα=0.300  token_p=0.020  dropE=(0.020,0.080)  smooth=0.010  train_loss=0.2073  train_AUPR_all=0.7514  train_AUPR_ab=0.8096  train_AUPR_ag=0.6663  train_P@5_ab=1.0000  train_P@5_ag=0.9500  val_loss=0.3057  val_AUPR_all=0.6194  val_AUPR_ab=0.7715  val_AUPR_ag=0.3994  val_P@5_ab=1.0000  val_P@5_ag=0.9500  select=0.5854
  Saved checkpoint: checkpoints_old/iPara_balanced_l1_g8_i5_do0.10_dpr0.10_lr0.0002_heads16_fold4.pth  select=0.5854  val_ab=0.7715  val_ag=0.3994  val_all=0.6194
Ep033  LR0=1.31e-04  pw=1.29  aucα=0.300  token_p=0.020  dropE=(0.020,0.080)  smooth=0.010  train_loss=0.1994  train_AUPR_all=0.7632  train_AUPR_ab=0.8184  train_AUPR_ag=0.6818  train_P@5_ab=1.0000  train_P@5_ag=0.9000  val_loss=0.3174  val_AUPR_all=0.6137  val_AUPR_ab=0.7674  val_AUPR_ag=0.3879  val_P@5_ab=0.9500  val_P@5_ag=0.8000  select=0.5776
Ep034  LR0=1.27e-04  pw=1.26  aucα=0.300  token_p=0.020  dropE=(0.020,0.080)  smooth=0.010  train_loss=0.1942  train_AUPR_all=0.7687  train_AUPR_ab=0.8178  train_AUPR_ag=0.6979  train_P@5_ab=1.0000  train_P@5_ag=1.0000  val_loss=0.3232  val_AUPR_all=0.5976  val_AUPR_ab=0.7741  val_AUPR_ag=0.3822  val_P@5_ab=1.0000  val_P@5_ag=0.9000  select=0.5782
Ep035  LR0=1.24e-04  pw=1.23  aucα=0.300  token_p=0.020  dropE=(0.020,0.080)  smooth=0.010  train_loss=0.1895  train_AUPR_all=0.7770  train_AUPR_ab=0.8220  train_AUPR_ag=0.7131  train_P@5_ab=1.0000  train_P@5_ag=1.0000  val_loss=0.3224  val_AUPR_all=0.5866  val_AUPR_ab=0.7619  val_AUPR_ag=0.3815  val_P@5_ab=0.9500  val_P@5_ag=0.8500  select=0.5717
Ep036  LR0=1.20e-04  pw=1.21  aucα=0.300  token_p=0.020  dropE=(0.020,0.080)  smooth=0.010  train_loss=0.1856  train_AUPR_all=0.7806  train_AUPR_ab=0.8244  train_AUPR_ag=0.7181  train_P@5_ab=1.0000  train_P@5_ag=0.9000  val_loss=0.3058  val_AUPR_all=0.6132  val_AUPR_ab=0.7681  val_AUPR_ag=0.3950  val_P@5_ab=0.9000  val_P@5_ag=0.9000  select=0.5815
Ep037  LR0=1.16e-04  pw=1.19  aucα=0.300  token_p=0.020  dropE=(0.020,0.080)  smooth=0.010  train_loss=0.1829  train_AUPR_all=0.7851  train_AUPR_ab=0.8281  train_AUPR_ag=0.7240  train_P@5_ab=1.0000  train_P@5_ag=1.0000  val_loss=0.3211  val_AUPR_all=0.6094  val_AUPR_ab=0.7694  val_AUPR_ag=0.3743  val_P@5_ab=1.0000  val_P@5_ag=0.7000  select=0.5719
Ep038  LR0=1.12e-04  pw=1.17  aucα=0.300  token_p=0.020  dropE=(0.020,0.080)  smooth=0.010  train_loss=0.1767  train_AUPR_all=0.7938  train_AUPR_ab=0.8350  train_AUPR_ag=0.7349  train_P@5_ab=1.0000  train_P@5_ag=1.0000  val_loss=0.3102  val_AUPR_all=0.6113  val_AUPR_ab=0.7570  val_AUPR_ag=0.4165  val_P@5_ab=0.9500  val_P@5_ag=0.9000  select=0.5868
  Saved checkpoint: checkpoints_old/iPara_balanced_l1_g8_i5_do0.10_dpr0.10_lr0.0002_heads16_fold4.pth  select=0.5868  val_ab=0.7570  val_ag=0.4165  val_all=0.6113
Ep039  LR0=1.08e-04  pw=1.16  aucα=0.300  token_p=0.020  dropE=(0.020,0.080)  smooth=0.010  train_loss=0.1699  train_AUPR_all=0.8052  train_AUPR_ab=0.8449  train_AUPR_ag=0.7487  train_P@5_ab=1.0000  train_P@5_ag=1.0000  val_loss=0.3136  val_AUPR_all=0.6090  val_AUPR_ab=0.7694  val_AUPR_ag=0.4005  val_P@5_ab=0.9500  val_P@5_ag=0.9000  select=0.5850
Ep040  LR0=1.04e-04  pw=1.14  aucα=0.300  token_p=0.020  dropE=(0.020,0.080)  smooth=0.010  train_loss=0.1656  train_AUPR_all=0.8115  train_AUPR_ab=0.8489  train_AUPR_ag=0.7584  train_P@5_ab=1.0000  train_P@5_ag=0.9500  val_loss=0.3132  val_AUPR_all=0.6110  val_AUPR_ab=0.7646  val_AUPR_ag=0.3997  val_P@5_ab=0.9500  val_P@5_ag=0.9500  select=0.5822
Ep041  LR0=1.00e-04  pw=1.13  aucα=0.300  token_p=0.020  dropE=(0.020,0.080)  smooth=0.010  train_loss=0.1621  train_AUPR_all=0.8180  train_AUPR_ab=0.8550  train_AUPR_ag=0.7652  train_P@5_ab=1.0000  train_P@5_ag=1.0000  val_loss=0.3159  val_AUPR_all=0.6179  val_AUPR_ab=0.7776  val_AUPR_ag=0.3938  val_P@5_ab=0.9500  val_P@5_ag=0.6500  select=0.5857
Ep042  LR0=9.63e-05  pw=1.12  aucα=0.300  token_p=0.020  dropE=(0.020,0.080)  smooth=0.010  train_loss=0.1574  train_AUPR_all=0.8249  train_AUPR_ab=0.8604  train_AUPR_ag=0.7741  train_P@5_ab=1.0000  train_P@5_ag=0.9500  val_loss=0.3139  val_AUPR_all=0.6102  val_AUPR_ab=0.7740  val_AUPR_ag=0.4001  val_P@5_ab=1.0000  val_P@5_ag=0.7000  select=0.5870
  Saved checkpoint: checkpoints_old/iPara_balanced_l1_g8_i5_do0.10_dpr0.10_lr0.0002_heads16_fold4.pth  select=0.5870  val_ab=0.7740  val_ag=0.4001  val_all=0.6102
Ep043  LR0=9.24e-05  pw=1.10  aucα=0.300  token_p=0.020  dropE=(0.020,0.080)  smooth=0.010  train_loss=0.1523  train_AUPR_all=0.8314  train_AUPR_ab=0.8651  train_AUPR_ag=0.7833  train_P@5_ab=1.0000  train_P@5_ag=1.0000  val_loss=0.3179  val_AUPR_all=0.6173  val_AUPR_ab=0.7647  val_AUPR_ag=0.4117  val_P@5_ab=0.9500  val_P@5_ag=0.9000  select=0.5882
  Saved checkpoint: checkpoints_old/iPara_balanced_l1_g8_i5_do0.10_dpr0.10_lr0.0002_heads16_fold4.pth  select=0.5882  val_ab=0.7647  val_ag=0.4117  val_all=0.6173
Ep044  LR0=8.85e-05  pw=1.09  aucα=0.300  token_p=0.020  dropE=(0.020,0.080)  smooth=0.010  train_loss=0.1547  train_AUPR_all=0.8275  train_AUPR_ab=0.8615  train_AUPR_ag=0.7791  train_P@5_ab=1.0000  train_P@5_ag=0.9500  val_loss=0.3023  val_AUPR_all=0.6176  val_AUPR_ab=0.7682  val_AUPR_ag=0.4065  val_P@5_ab=0.9500  val_P@5_ag=0.8500  select=0.5874
Ep045  LR0=8.46e-05  pw=1.09  aucα=0.300  token_p=0.020  dropE=(0.020,0.080)  smooth=0.010  train_loss=0.1477  train_AUPR_all=0.8393  train_AUPR_ab=0.8730  train_AUPR_ag=0.7913  train_P@5_ab=1.0000  train_P@5_ag=0.9000  val_loss=0.3153  val_AUPR_all=0.6141  val_AUPR_ab=0.7641  val_AUPR_ag=0.4096  val_P@5_ab=0.9500  val_P@5_ag=0.9000  select=0.5868
Ep046  LR0=8.08e-05  pw=1.08  aucα=0.300  token_p=0.020  dropE=(0.020,0.080)  smooth=0.010  train_loss=0.1460  train_AUPR_all=0.8427  train_AUPR_ab=0.8732  train_AUPR_ag=0.7996  train_P@5_ab=1.0000  train_P@5_ag=0.9500  val_loss=0.3133  val_AUPR_all=0.6126  val_AUPR_ab=0.7664  val_AUPR_ag=0.4028  val_P@5_ab=0.9500  val_P@5_ag=0.8000  select=0.5846
Ep047  LR0=7.70e-05  pw=1.07  aucα=0.300  token_p=0.020  dropE=(0.020,0.080)  smooth=0.010  train_loss=0.1440  train_AUPR_all=0.8463  train_AUPR_ab=0.8741  train_AUPR_ag=0.8072  train_P@5_ab=0.9000  train_P@5_ag=0.9500  val_loss=0.3107  val_AUPR_all=0.6090  val_AUPR_ab=0.7675  val_AUPR_ag=0.4003  val_P@5_ab=0.9000  val_P@5_ag=0.7500  select=0.5839
Ep048  LR0=7.32e-05  pw=1.06  aucα=0.300  token_p=0.020  dropE=(0.020,0.080)  smooth=0.010  train_loss=0.1403  train_AUPR_all=0.8512  train_AUPR_ab=0.8804  train_AUPR_ag=0.8099  train_P@5_ab=0.9500  train_P@5_ag=1.0000  val_loss=0.3156  val_AUPR_all=0.6104  val_AUPR_ab=0.7627  val_AUPR_ag=0.3973  val_P@5_ab=0.9000  val_P@5_ag=0.8000  select=0.5800
Ep049  LR0=6.94e-05  pw=1.06  aucα=0.300  token_p=0.020  dropE=(0.020,0.080)  smooth=0.010  train_loss=0.1358  train_AUPR_all=0.8583  train_AUPR_ab=0.8862  train_AUPR_ag=0.8188  train_P@5_ab=1.0000  train_P@5_ag=0.9500  val_loss=0.3189  val_AUPR_all=0.6114  val_AUPR_ab=0.7772  val_AUPR_ag=0.3933  val_P@5_ab=0.9500  val_P@5_ag=0.6000  select=0.5853
Ep050  LR0=6.57e-05  pw=1.05  aucα=0.300  token_p=0.020  dropE=(0.020,0.080)  smooth=0.010  train_loss=0.1329  train_AUPR_all=0.8642  train_AUPR_ab=0.8906  train_AUPR_ag=0.8268  train_P@5_ab=1.0000  train_P@5_ag=1.0000  val_loss=0.3160  val_AUPR_all=0.6109  val_AUPR_ab=0.7702  val_AUPR_ag=0.3860  val_P@5_ab=0.9000  val_P@5_ag=0.5000  select=0.5781
Ep051  LR0=6.21e-05  pw=1.05  aucα=0.300  token_p=0.020  dropE=(0.020,0.080)  smooth=0.010  train_loss=0.1300  train_AUPR_all=0.8677  train_AUPR_ab=0.8935  train_AUPR_ag=0.8311  train_P@5_ab=0.9500  train_P@5_ag=1.0000  val_loss=0.3107  val_AUPR_all=0.6116  val_AUPR_ab=0.7713  val_AUPR_ag=0.3966  val_P@5_ab=0.8500  val_P@5_ag=0.5500  select=0.5840
Ep052  LR0=5.85e-05  pw=1.04  aucα=0.300  token_p=0.020  dropE=(0.020,0.080)  smooth=0.010  train_loss=0.1256  train_AUPR_all=0.8764  train_AUPR_ab=0.9029  train_AUPR_ag=0.8386  train_P@5_ab=1.0000  train_P@5_ag=1.0000  val_loss=0.3089  val_AUPR_all=0.6277  val_AUPR_ab=0.7780  val_AUPR_ag=0.4119  val_P@5_ab=0.9000  val_P@5_ag=0.8000  select=0.5949
  Saved checkpoint: checkpoints_old/iPara_balanced_l1_g8_i5_do0.10_dpr0.10_lr0.0002_heads16_fold4.pth  select=0.5949  val_ab=0.7780  val_ag=0.4119  val_all=0.6277
Ep053  LR0=5.50e-05  pw=1.04  aucα=0.300  token_p=0.020  dropE=(0.020,0.080)  smooth=0.010  train_loss=0.1257  train_AUPR_all=0.8745  train_AUPR_ab=0.8993  train_AUPR_ag=0.8388  train_P@5_ab=1.0000  train_P@5_ag=1.0000  val_loss=0.3178  val_AUPR_all=0.6151  val_AUPR_ab=0.7758  val_AUPR_ag=0.3969  val_P@5_ab=1.0000  val_P@5_ag=0.6500  select=0.5864
Ep054  LR0=5.15e-05  pw=1.03  aucα=0.300  token_p=0.020  dropE=(0.020,0.080)  smooth=0.010  train_loss=0.1217  train_AUPR_all=0.8825  train_AUPR_ab=0.9070  train_AUPR_ag=0.8475  train_P@5_ab=0.9500  train_P@5_ag=1.0000  val_loss=0.3093  val_AUPR_all=0.6150  val_AUPR_ab=0.7758  val_AUPR_ag=0.3924  val_P@5_ab=0.9500  val_P@5_ag=0.6000  select=0.5841
Ep055  LR0=4.81e-05  pw=1.03  aucα=0.300  token_p=0.020  dropE=(0.020,0.080)  smooth=0.010  train_loss=0.1195  train_AUPR_all=0.8856  train_AUPR_ab=0.9105  train_AUPR_ag=0.8496  train_P@5_ab=1.0000  train_P@5_ag=1.0000  val_loss=0.3169  val_AUPR_all=0.6016  val_AUPR_ab=0.7691  val_AUPR_ag=0.3931  val_P@5_ab=1.0000  val_P@5_ag=0.2500  select=0.5811
Ep056  LR0=4.48e-05  pw=1.03  aucα=0.300  token_p=0.020  dropE=(0.020,0.080)  smooth=0.010  train_loss=0.1185  train_AUPR_all=0.8865  train_AUPR_ab=0.9098  train_AUPR_ag=0.8532  train_P@5_ab=0.9500  train_P@5_ag=1.0000  val_loss=0.3281  val_AUPR_all=0.6040  val_AUPR_ab=0.7650  val_AUPR_ag=0.3780  val_P@5_ab=1.0000  val_P@5_ag=0.3500  select=0.5715
Ep057  LR0=4.16e-05  pw=1.03  aucα=0.300  token_p=0.020  dropE=(0.020,0.080)  smooth=0.010  train_loss=0.1150  train_AUPR_all=0.8923  train_AUPR_ab=0.9155  train_AUPR_ag=0.8592  train_P@5_ab=1.0000  train_P@5_ag=1.0000  val_loss=0.3138  val_AUPR_all=0.6065  val_AUPR_ab=0.7659  val_AUPR_ag=0.3842  val_P@5_ab=0.9000  val_P@5_ag=0.3500  select=0.5751
Ep058  LR0=3.85e-05  pw=1.02  aucα=0.300  token_p=0.020  dropE=(0.020,0.080)  smooth=0.010  train_loss=0.1179  train_AUPR_all=0.8865  train_AUPR_ab=0.9104  train_AUPR_ag=0.8519  train_P@5_ab=0.9000  train_P@5_ag=1.0000  val_loss=0.3163  val_AUPR_all=0.6116  val_AUPR_ab=0.7670  val_AUPR_ag=0.3964  val_P@5_ab=0.8500  val_P@5_ag=0.6500  select=0.5817
Ep059  LR0=3.55e-05  pw=1.02  aucα=0.300  token_p=0.020  dropE=(0.020,0.080)  smooth=0.010  train_loss=0.1169  train_AUPR_all=0.8881  train_AUPR_ab=0.9117  train_AUPR_ag=0.8540  train_P@5_ab=1.0000  train_P@5_ag=1.0000  val_loss=0.3198  val_AUPR_all=0.6088  val_AUPR_ab=0.7674  val_AUPR_ag=0.3915  val_P@5_ab=0.9500  val_P@5_ag=0.3500  select=0.5794
Ep060  LR0=3.25e-05  pw=1.02  aucα=0.300  token_p=0.020  dropE=(0.020,0.080)  smooth=0.010  train_loss=0.1150  train_AUPR_all=0.8921  train_AUPR_ab=0.9161  train_AUPR_ag=0.8573  train_P@5_ab=1.0000  train_P@5_ag=1.0000  val_loss=0.3205  val_AUPR_all=0.6132  val_AUPR_ab=0.7739  val_AUPR_ag=0.3826  val_P@5_ab=0.9500  val_P@5_ag=0.3000  select=0.5782
Ep061  LR0=2.97e-05  pw=1.02  aucα=0.300  token_p=0.020  dropE=(0.020,0.080)  smooth=0.010  train_loss=0.1092  train_AUPR_all=0.9010  train_AUPR_ab=0.9226  train_AUPR_ag=0.8699  train_P@5_ab=1.0000  train_P@5_ag=1.0000  val_loss=0.3188  val_AUPR_all=0.6043  val_AUPR_ab=0.7675  val_AUPR_ag=0.3828  val_P@5_ab=0.9000  val_P@5_ag=0.3500  select=0.5751
Ep062  LR0=2.70e-05  pw=1.02  aucα=0.300  token_p=0.020  dropE=(0.020,0.080)  smooth=0.010  train_loss=0.1069  train_AUPR_all=0.9052  train_AUPR_ab=0.9265  train_AUPR_ag=0.8745  train_P@5_ab=1.0000  train_P@5_ag=1.0000  val_loss=0.3180  val_AUPR_all=0.6025  val_AUPR_ab=0.7683  val_AUPR_ag=0.3755  val_P@5_ab=0.9000  val_P@5_ag=0.3000  select=0.5719
Ep063  LR0=2.44e-05  pw=1.01  aucα=0.300  token_p=0.020  dropE=(0.020,0.080)  smooth=0.010  train_loss=0.1107  train_AUPR_all=0.8991  train_AUPR_ab=0.9204  train_AUPR_ag=0.8687  train_P@5_ab=1.0000  train_P@5_ag=1.0000  val_loss=0.3220  val_AUPR_all=0.6078  val_AUPR_ab=0.7700  val_AUPR_ag=0.3850  val_P@5_ab=0.9500  val_P@5_ag=0.4000  select=0.5775
Ep064  LR0=2.19e-05  pw=1.01  aucα=0.300  token_p=0.020  dropE=(0.020,0.080)  smooth=0.010  train_loss=0.1072  train_AUPR_all=0.9041  train_AUPR_ab=0.9252  train_AUPR_ag=0.8737  train_P@5_ab=1.0000  train_P@5_ag=1.0000  val_loss=0.3195  val_AUPR_all=0.6054  val_AUPR_ab=0.7632  val_AUPR_ag=0.3870  val_P@5_ab=0.8500  val_P@5_ag=0.4000  select=0.5751
Ep065  LR0=1.96e-05  pw=1.01  aucα=0.300  token_p=0.020  dropE=(0.020,0.080)  smooth=0.010  train_loss=0.1087  train_AUPR_all=0.9023  train_AUPR_ab=0.9233  train_AUPR_ag=0.8721  train_P@5_ab=1.0000  train_P@5_ag=0.9500  val_loss=0.3193  val_AUPR_all=0.6067  val_AUPR_ab=0.7678  val_AUPR_ag=0.3885  val_P@5_ab=0.9000  val_P@5_ag=0.4000  select=0.5781
Ep066  LR0=1.73e-05  pw=1.01  aucα=0.300  token_p=0.020  dropE=(0.020,0.080)  smooth=0.010  train_loss=0.1072  train_AUPR_all=0.9043  train_AUPR_ab=0.9254  train_AUPR_ag=0.8738  train_P@5_ab=1.0000  train_P@5_ag=1.0000  val_loss=0.3240  val_AUPR_all=0.5986  val_AUPR_ab=0.7625  val_AUPR_ag=0.3812  val_P@5_ab=0.9500  val_P@5_ag=0.3500  select=0.5719
Ep067  LR0=1.52e-05  pw=1.01  aucα=0.300  token_p=0.020  dropE=(0.020,0.080)  smooth=0.010  train_loss=0.1049  train_AUPR_all=0.9078  train_AUPR_ab=0.9293  train_AUPR_ag=0.8764  train_P@5_ab=1.0000  train_P@5_ag=1.0000  val_loss=0.3268  val_AUPR_all=0.6099  val_AUPR_ab=0.7695  val_AUPR_ag=0.3888  val_P@5_ab=1.0000  val_P@5_ag=0.3500  select=0.5791
Ep068  LR0=1.32e-05  pw=1.01  aucα=0.300  token_p=0.020  dropE=(0.020,0.080)  smooth=0.010  train_loss=0.1022  train_AUPR_all=0.9126  train_AUPR_ab=0.9335  train_AUPR_ag=0.8823  train_P@5_ab=1.0000  train_P@5_ag=1.0000  val_loss=0.3253  val_AUPR_all=0.6005  val_AUPR_ab=0.7587  val_AUPR_ag=0.3854  val_P@5_ab=0.8500  val_P@5_ag=0.4000  select=0.5721
Ep069  LR0=1.14e-05  pw=1.01  aucα=0.300  token_p=0.020  dropE=(0.020,0.080)  smooth=0.010  train_loss=0.1007  train_AUPR_all=0.9145  train_AUPR_ab=0.9338  train_AUPR_ag=0.8870  train_P@5_ab=1.0000  train_P@5_ag=1.0000  val_loss=0.3260  val_AUPR_all=0.6018  val_AUPR_ab=0.7622  val_AUPR_ag=0.3827  val_P@5_ab=0.9000  val_P@5_ag=0.4000  select=0.5725
Ep070  LR0=9.66e-06  pw=1.01  aucα=0.300  token_p=0.020  dropE=(0.020,0.080)  smooth=0.010  train_loss=0.1041  train_AUPR_all=0.9088  train_AUPR_ab=0.9287  train_AUPR_ag=0.8801  train_P@5_ab=1.0000  train_P@5_ag=1.0000  val_loss=0.3272  val_AUPR_all=0.5963  val_AUPR_ab=0.7649  val_AUPR_ag=0.3779  val_P@5_ab=0.9500  val_P@5_ag=0.3500  select=0.5714
Ep071  LR0=8.09e-06  pw=1.01  aucα=0.300  token_p=0.020  dropE=(0.020,0.080)  smooth=0.010  train_loss=0.0996  train_AUPR_all=0.9158  train_AUPR_ab=0.9362  train_AUPR_ag=0.8858  train_P@5_ab=1.0000  train_P@5_ag=1.0000  val_loss=0.3263  val_AUPR_all=0.6031  val_AUPR_ab=0.7648  val_AUPR_ag=0.3804  val_P@5_ab=0.9500  val_P@5_ag=0.2500  select=0.5726
Ep072  LR0=6.67e-06  pw=1.01  aucα=0.300  token_p=0.020  dropE=(0.020,0.080)  smooth=0.010  train_loss=0.0985  train_AUPR_all=0.9180  train_AUPR_ab=0.9383  train_AUPR_ag=0.8879  train_P@5_ab=1.0000  train_P@5_ag=1.0000  val_loss=0.3285  val_AUPR_all=0.6011  val_AUPR_ab=0.7631  val_AUPR_ag=0.3781  val_P@5_ab=0.9500  val_P@5_ag=0.3500  select=0.5706
Early stopping at epoch 72. Best select=0.5949 at epoch 52.
Final saved checkpoint for fold 4: checkpoints_old/iPara_balanced_l1_g8_i5_do0.10_dpr0.10_lr0.0002_heads16_fold4.pth
Best select=0.5949 at epoch 52

==========================================================================================
Fold 5/5
==========================================================================================
Train labels: valid=399660, pos=26617, neg=373043, ignore=699540, pos_frac=0.06660
Val labels: valid=100532, pos=6613, neg=93919, ignore=173068, pos_frac=0.06578
Initializing ClassificationModel with 8 GAT layers and residual connections...
Initializing MCModel with 8 GAT layers and 5 row attention layers (drop_path_rate=0.1)
Initializing CoreModel with 1 layers, drop_path_rate=0.1
Ep001  LR0=2.00e-04  pw=8.00  aucα=0.000  token_p=0.020  dropE=(0.020,0.080)  smooth=0.010  train_loss=0.7971  train_AUPR_all=0.1836  train_AUPR_ab=0.2062  train_AUPR_ag=0.1504  train_P@5_ab=0.2000  train_P@5_ag=0.3000  val_loss=0.7704  val_AUPR_all=0.4012  val_AUPR_ab=0.4892  val_AUPR_ag=0.2834  val_P@5_ab=0.5000  val_P@5_ag=0.8500  select=0.3863
  Saved checkpoint: checkpoints_old/iPara_balanced_l1_g8_i5_do0.10_dpr0.10_lr0.0002_heads16_fold5.pth  select=0.3863  val_ab=0.4892  val_ag=0.2834  val_all=0.4012
Ep002  LR0=2.00e-04  pw=7.33  aucα=0.000  token_p=0.020  dropE=(0.020,0.080)  smooth=0.010  train_loss=0.5341  train_AUPR_all=0.3890  train_AUPR_ab=0.4736  train_AUPR_ag=0.2508  train_P@5_ab=0.5000  train_P@5_ag=0.8500  val_loss=0.6401  val_AUPR_all=0.4906  val_AUPR_ab=0.5980  val_AUPR_ag=0.3060  val_P@5_ab=0.7500  val_P@5_ag=0.9500  select=0.4520
  Saved checkpoint: checkpoints_old/iPara_balanced_l1_g8_i5_do0.10_dpr0.10_lr0.0002_heads16_fold5.pth  select=0.4520  val_ab=0.5980  val_ag=0.3060  val_all=0.4906
Ep003  LR0=2.00e-04  pw=6.73  aucα=0.000  token_p=0.020  dropE=(0.020,0.080)  smooth=0.010  train_loss=0.4671  train_AUPR_all=0.4628  train_AUPR_ab=0.5426  train_AUPR_ag=0.3167  train_P@5_ab=0.4500  train_P@5_ag=0.9000  val_loss=0.6353  val_AUPR_all=0.5134  val_AUPR_ab=0.6427  val_AUPR_ag=0.3216  val_P@5_ab=0.9500  val_P@5_ag=0.9500  select=0.4821
  Saved checkpoint: checkpoints_old/iPara_balanced_l1_g8_i5_do0.10_dpr0.10_lr0.0002_heads16_fold5.pth  select=0.4821  val_ab=0.6427  val_ag=0.3216  val_all=0.5134
Ep004  LR0=1.99e-04  pw=6.19  aucα=0.000  token_p=0.020  dropE=(0.020,0.080)  smooth=0.010  train_loss=0.4303  train_AUPR_all=0.4845  train_AUPR_ab=0.5667  train_AUPR_ag=0.3341  train_P@5_ab=0.7500  train_P@5_ag=0.9500  val_loss=0.5866  val_AUPR_all=0.5263  val_AUPR_ab=0.6489  val_AUPR_ag=0.3411  val_P@5_ab=0.6000  val_P@5_ag=0.9000  select=0.4950
  Saved checkpoint: checkpoints_old/iPara_balanced_l1_g8_i5_do0.10_dpr0.10_lr0.0002_heads16_fold5.pth  select=0.4950  val_ab=0.6489  val_ag=0.3411  val_all=0.5263
Ep005  LR0=1.99e-04  pw=5.69  aucα=0.000  token_p=0.020  dropE=(0.020,0.080)  smooth=0.010  train_loss=0.4042  train_AUPR_all=0.5065  train_AUPR_ab=0.5925  train_AUPR_ag=0.3473  train_P@5_ab=0.7500  train_P@5_ag=0.8500  val_loss=0.5708  val_AUPR_all=0.5396  val_AUPR_ab=0.6749  val_AUPR_ag=0.3345  val_P@5_ab=0.9500  val_P@5_ag=0.8500  select=0.5047
  Saved checkpoint: checkpoints_old/iPara_balanced_l1_g8_i5_do0.10_dpr0.10_lr0.0002_heads16_fold5.pth  select=0.5047  val_ab=0.6749  val_ag=0.3345  val_all=0.5396
Ep006  LR0=1.98e-04  pw=5.25  aucα=0.000  token_p=0.020  dropE=(0.020,0.080)  smooth=0.010  train_loss=0.3791  train_AUPR_all=0.5129  train_AUPR_ab=0.5995  train_AUPR_ag=0.3529  train_P@5_ab=0.9500  train_P@5_ag=0.8000  val_loss=0.5310  val_AUPR_all=0.5646  val_AUPR_ab=0.6938  val_AUPR_ag=0.3571  val_P@5_ab=1.0000  val_P@5_ag=1.0000  select=0.5255
  Saved checkpoint: checkpoints_old/iPara_balanced_l1_g8_i5_do0.10_dpr0.10_lr0.0002_heads16_fold5.pth  select=0.5255  val_ab=0.6938  val_ag=0.3571  val_all=0.5646
Ep007  LR0=1.97e-04  pw=4.84  aucα=0.000  token_p=0.020  dropE=(0.020,0.080)  smooth=0.010  train_loss=0.3592  train_AUPR_all=0.5287  train_AUPR_ab=0.6170  train_AUPR_ag=0.3635  train_P@5_ab=0.7500  train_P@5_ag=0.9000  val_loss=0.5374  val_AUPR_all=0.5508  val_AUPR_ab=0.6985  val_AUPR_ag=0.3351  val_P@5_ab=1.0000  val_P@5_ag=0.7500  select=0.5168
Ep008  LR0=1.96e-04  pw=4.48  aucα=0.000  token_p=0.020  dropE=(0.020,0.080)  smooth=0.010  train_loss=0.3402  train_AUPR_all=0.5405  train_AUPR_ab=0.6393  train_AUPR_ag=0.3641  train_P@5_ab=0.9000  train_P@5_ag=0.9500  val_loss=0.4993  val_AUPR_all=0.5658  val_AUPR_ab=0.7089  val_AUPR_ag=0.3533  val_P@5_ab=1.0000  val_P@5_ag=0.9500  select=0.5311
  Saved checkpoint: checkpoints_old/iPara_balanced_l1_g8_i5_do0.10_dpr0.10_lr0.0002_heads16_fold5.pth  select=0.5311  val_ab=0.7089  val_ag=0.3533  val_all=0.5658
Ep009  LR0=1.95e-04  pw=4.15  aucα=0.000  token_p=0.020  dropE=(0.020,0.080)  smooth=0.010  train_loss=0.3204  train_AUPR_all=0.5477  train_AUPR_ab=0.6402  train_AUPR_ag=0.3825  train_P@5_ab=0.9000  train_P@5_ag=0.8000  val_loss=0.4804  val_AUPR_all=0.5544  val_AUPR_ab=0.6904  val_AUPR_ag=0.3579  val_P@5_ab=0.8000  val_P@5_ag=0.9000  select=0.5242
Ep010  LR0=1.94e-04  pw=3.85  aucα=0.030  token_p=0.020  dropE=(0.020,0.080)  smooth=0.010  train_loss=0.3224  train_AUPR_all=0.5512  train_AUPR_ab=0.6493  train_AUPR_ag=0.3776  train_P@5_ab=0.8500  train_P@5_ag=0.9500  val_loss=0.4541  val_AUPR_all=0.5840  val_AUPR_ab=0.7205  val_AUPR_ag=0.3642  val_P@5_ab=0.9500  val_P@5_ag=0.9000  select=0.5423
  Saved checkpoint: checkpoints_old/iPara_balanced_l1_g8_i5_do0.10_dpr0.10_lr0.0002_heads16_fold5.pth  select=0.5423  val_ab=0.7205  val_ag=0.3642  val_all=0.5840
Unfreezing DyM parameters.
Ep011  LR0=1.92e-04  pw=3.58  aucα=0.060  token_p=0.020  dropE=(0.020,0.080)  smooth=0.010  train_loss=0.3186  train_AUPR_all=0.5651  train_AUPR_ab=0.6639  train_AUPR_ag=0.3911  train_P@5_ab=0.9500  train_P@5_ag=1.0000  val_loss=0.4386  val_AUPR_all=0.5887  val_AUPR_ab=0.7310  val_AUPR_ag=0.3555  val_P@5_ab=0.9500  val_P@5_ag=0.9500  select=0.5433
  Saved checkpoint: checkpoints_old/iPara_balanced_l1_g8_i5_do0.10_dpr0.10_lr0.0002_heads16_fold5.pth  select=0.5433  val_ab=0.7310  val_ag=0.3555  val_all=0.5887
Ep012  LR0=1.91e-04  pw=3.33  aucα=0.090  token_p=0.020  dropE=(0.020,0.080)  smooth=0.010  train_loss=0.3164  train_AUPR_all=0.5781  train_AUPR_ab=0.6776  train_AUPR_ag=0.4083  train_P@5_ab=0.9000  train_P@5_ag=0.9000  val_loss=0.4255  val_AUPR_all=0.5880  val_AUPR_ab=0.7336  val_AUPR_ag=0.3668  val_P@5_ab=0.9500  val_P@5_ag=0.9000  select=0.5502
  Saved checkpoint: checkpoints_old/iPara_balanced_l1_g8_i5_do0.10_dpr0.10_lr0.0002_heads16_fold5.pth  select=0.5502  val_ab=0.7336  val_ag=0.3668  val_all=0.5880
Ep013  LR0=1.89e-04  pw=3.11  aucα=0.120  token_p=0.020  dropE=(0.020,0.080)  smooth=0.010  train_loss=0.3140  train_AUPR_all=0.5930  train_AUPR_ab=0.6920  train_AUPR_ag=0.4261  train_P@5_ab=0.8500  train_P@5_ag=0.9500  val_loss=0.4161  val_AUPR_all=0.5859  val_AUPR_ab=0.7356  val_AUPR_ag=0.3702  val_P@5_ab=1.0000  val_P@5_ag=0.9500  select=0.5529
  Saved checkpoint: checkpoints_old/iPara_balanced_l1_g8_i5_do0.10_dpr0.10_lr0.0002_heads16_fold5.pth  select=0.5529  val_ab=0.7356  val_ag=0.3702  val_all=0.5859
Ep014  LR0=1.87e-04  pw=2.91  aucα=0.150  token_p=0.020  dropE=(0.020,0.080)  smooth=0.010  train_loss=0.3160  train_AUPR_all=0.5990  train_AUPR_ab=0.7059  train_AUPR_ag=0.4223  train_P@5_ab=0.9000  train_P@5_ag=0.8500  val_loss=0.3962  val_AUPR_all=0.6034  val_AUPR_ab=0.7456  val_AUPR_ag=0.3781  val_P@5_ab=1.0000  val_P@5_ag=0.9000  select=0.5619
  Saved checkpoint: checkpoints_old/iPara_balanced_l1_g8_i5_do0.10_dpr0.10_lr0.0002_heads16_fold5.pth  select=0.5619  val_ab=0.7456  val_ag=0.3781  val_all=0.6034
Ep015  LR0=1.85e-04  pw=2.73  aucα=0.180  token_p=0.020  dropE=(0.020,0.080)  smooth=0.010  train_loss=0.3154  train_AUPR_all=0.6021  train_AUPR_ab=0.7065  train_AUPR_ag=0.4317  train_P@5_ab=0.8500  train_P@5_ag=0.9000  val_loss=0.3959  val_AUPR_all=0.5956  val_AUPR_ab=0.7476  val_AUPR_ag=0.3563  val_P@5_ab=1.0000  val_P@5_ag=0.9500  select=0.5519
Ep016  LR0=1.83e-04  pw=2.56  aucα=0.210  token_p=0.020  dropE=(0.020,0.080)  smooth=0.010  train_loss=0.3215  train_AUPR_all=0.6067  train_AUPR_ab=0.7103  train_AUPR_ag=0.4336  train_P@5_ab=0.9500  train_P@5_ag=0.9500  val_loss=0.3902  val_AUPR_all=0.5920  val_AUPR_ab=0.7467  val_AUPR_ag=0.3491  val_P@5_ab=1.0000  val_P@5_ag=0.9000  select=0.5479
Ep017  LR0=1.81e-04  pw=2.41  aucα=0.240  token_p=0.020  dropE=(0.020,0.080)  smooth=0.010  train_loss=0.3161  train_AUPR_all=0.6225  train_AUPR_ab=0.7236  train_AUPR_ag=0.4583  train_P@5_ab=0.9500  train_P@5_ag=0.8500  val_loss=0.3654  val_AUPR_all=0.6066  val_AUPR_ab=0.7527  val_AUPR_ag=0.3733  val_P@5_ab=1.0000  val_P@5_ag=0.8500  select=0.5630
  Saved checkpoint: checkpoints_old/iPara_balanced_l1_g8_i5_do0.10_dpr0.10_lr0.0002_heads16_fold5.pth  select=0.5630  val_ab=0.7527  val_ag=0.3733  val_all=0.6066
Ep018  LR0=1.79e-04  pw=2.28  aucα=0.270  token_p=0.020  dropE=(0.020,0.080)  smooth=0.010  train_loss=0.3189  train_AUPR_all=0.6310  train_AUPR_ab=0.7336  train_AUPR_ag=0.4663  train_P@5_ab=1.0000  train_P@5_ag=0.9500  val_loss=0.3717  val_AUPR_all=0.5963  val_AUPR_ab=0.7495  val_AUPR_ag=0.3525  val_P@5_ab=1.0000  val_P@5_ag=0.8500  select=0.5510
Ep019  LR0=1.76e-04  pw=2.16  aucα=0.300  token_p=0.020  dropE=(0.020,0.080)  smooth=0.010  train_loss=0.3203  train_AUPR_all=0.6336  train_AUPR_ab=0.7315  train_AUPR_ag=0.4758  train_P@5_ab=0.9500  train_P@5_ag=0.9000  val_loss=0.3732  val_AUPR_all=0.5876  val_AUPR_ab=0.7345  val_AUPR_ag=0.3565  val_P@5_ab=1.0000  val_P@5_ag=0.9000  select=0.5455
Ep020  LR0=1.73e-04  pw=2.05  aucα=0.300  token_p=0.020  dropE=(0.020,0.080)  smooth=0.010  train_loss=0.3082  train_AUPR_all=0.6450  train_AUPR_ab=0.7404  train_AUPR_ag=0.4918  train_P@5_ab=0.9000  train_P@5_ag=1.0000  val_loss=0.3621  val_AUPR_all=0.5916  val_AUPR_ab=0.7496  val_AUPR_ag=0.3512  val_P@5_ab=1.0000  val_P@5_ag=0.9500  select=0.5504
Ep021  LR0=1.71e-04  pw=1.95  aucα=0.300  token_p=0.020  dropE=(0.020,0.080)  smooth=0.010  train_loss=0.2956  train_AUPR_all=0.6610  train_AUPR_ab=0.7530  train_AUPR_ag=0.5163  train_P@5_ab=1.0000  train_P@5_ag=0.9500  val_loss=0.3441  val_AUPR_all=0.6087  val_AUPR_ab=0.7645  val_AUPR_ag=0.3681  val_P@5_ab=1.0000  val_P@5_ag=0.8500  select=0.5663
  Saved checkpoint: checkpoints_old/iPara_balanced_l1_g8_i5_do0.10_dpr0.10_lr0.0002_heads16_fold5.pth  select=0.5663  val_ab=0.7645  val_ag=0.3681  val_all=0.6087
Ep022  LR0=1.68e-04  pw=1.86  aucα=0.300  token_p=0.020  dropE=(0.020,0.080)  smooth=0.010  train_loss=0.2863  train_AUPR_all=0.6658  train_AUPR_ab=0.7572  train_AUPR_ag=0.5210  train_P@5_ab=1.0000  train_P@5_ag=0.9500  val_loss=0.3420  val_AUPR_all=0.6010  val_AUPR_ab=0.7493  val_AUPR_ag=0.3700  val_P@5_ab=1.0000  val_P@5_ag=0.9000  select=0.5597
Ep023  LR0=1.65e-04  pw=1.78  aucα=0.300  token_p=0.020  dropE=(0.020,0.080)  smooth=0.010  train_loss=0.2780  train_AUPR_all=0.6704  train_AUPR_ab=0.7614  train_AUPR_ag=0.5270  train_P@5_ab=1.0000  train_P@5_ag=1.0000  val_loss=0.3355  val_AUPR_all=0.6047  val_AUPR_ab=0.7615  val_AUPR_ag=0.3690  val_P@5_ab=1.0000  val_P@5_ag=0.9000  select=0.5652
Ep024  LR0=1.62e-04  pw=1.70  aucα=0.300  token_p=0.020  dropE=(0.020,0.080)  smooth=0.010  train_loss=0.2676  train_AUPR_all=0.6814  train_AUPR_ab=0.7666  train_AUPR_ag=0.5483  train_P@5_ab=0.9000  train_P@5_ag=0.9500  val_loss=0.3289  val_AUPR_all=0.6078  val_AUPR_ab=0.7598  val_AUPR_ag=0.3762  val_P@5_ab=1.0000  val_P@5_ag=1.0000  select=0.5680
  Saved checkpoint: checkpoints_old/iPara_balanced_l1_g8_i5_do0.10_dpr0.10_lr0.0002_heads16_fold5.pth  select=0.5680  val_ab=0.7598  val_ag=0.3762  val_all=0.6078
Ep025  LR0=1.59e-04  pw=1.64  aucα=0.300  token_p=0.020  dropE=(0.020,0.080)  smooth=0.010  train_loss=0.2593  train_AUPR_all=0.6898  train_AUPR_ab=0.7697  train_AUPR_ag=0.5672  train_P@5_ab=0.8500  train_P@5_ag=1.0000  val_loss=0.3437  val_AUPR_all=0.6049  val_AUPR_ab=0.7681  val_AUPR_ag=0.3516  val_P@5_ab=1.0000  val_P@5_ag=0.9500  select=0.5598
Ep026  LR0=1.56e-04  pw=1.57  aucα=0.300  token_p=0.020  dropE=(0.020,0.080)  smooth=0.010  train_loss=0.2527  train_AUPR_all=0.6952  train_AUPR_ab=0.7781  train_AUPR_ag=0.5672  train_P@5_ab=1.0000  train_P@5_ag=1.0000  val_loss=0.3287  val_AUPR_all=0.6087  val_AUPR_ab=0.7667  val_AUPR_ag=0.3698  val_P@5_ab=1.0000  val_P@5_ag=0.9000  select=0.5682
  Saved checkpoint: checkpoints_old/iPara_balanced_l1_g8_i5_do0.10_dpr0.10_lr0.0002_heads16_fold5.pth  select=0.5682  val_ab=0.7667  val_ag=0.3698  val_all=0.6087
Ep027  LR0=1.52e-04  pw=1.52  aucα=0.300  token_p=0.020  dropE=(0.020,0.080)  smooth=0.010  train_loss=0.2419  train_AUPR_all=0.7097  train_AUPR_ab=0.7860  train_AUPR_ag=0.5926  train_P@5_ab=1.0000  train_P@5_ag=0.9500  val_loss=0.3406  val_AUPR_all=0.5937  val_AUPR_ab=0.7663  val_AUPR_ag=0.3598  val_P@5_ab=1.0000  val_P@5_ag=0.9500  select=0.5631
Ep028  LR0=1.49e-04  pw=1.47  aucα=0.300  token_p=0.020  dropE=(0.020,0.080)  smooth=0.010  train_loss=0.2333  train_AUPR_all=0.7201  train_AUPR_ab=0.7906  train_AUPR_ag=0.6136  train_P@5_ab=1.0000  train_P@5_ag=1.0000  val_loss=0.3254  val_AUPR_all=0.6069  val_AUPR_ab=0.7731  val_AUPR_ag=0.3649  val_P@5_ab=1.0000  val_P@5_ag=0.9500  select=0.5690
  Saved checkpoint: checkpoints_old/iPara_balanced_l1_g8_i5_do0.10_dpr0.10_lr0.0002_heads16_fold5.pth  select=0.5690  val_ab=0.7731  val_ag=0.3649  val_all=0.6069
Ep029  LR0=1.46e-04  pw=1.43  aucα=0.300  token_p=0.020  dropE=(0.020,0.080)  smooth=0.010  train_loss=0.2239  train_AUPR_all=0.7320  train_AUPR_ab=0.8007  train_AUPR_ag=0.6289  train_P@5_ab=1.0000  train_P@5_ag=1.0000  val_loss=0.3208  val_AUPR_all=0.5990  val_AUPR_ab=0.7608  val_AUPR_ag=0.3592  val_P@5_ab=1.0000  val_P@5_ag=0.9500  select=0.5600
Ep030  LR0=1.42e-04  pw=1.39  aucα=0.300  token_p=0.020  dropE=(0.020,0.080)  smooth=0.010  train_loss=0.2207  train_AUPR_all=0.7325  train_AUPR_ab=0.7999  train_AUPR_ag=0.6298  train_P@5_ab=0.9500  train_P@5_ag=0.9500  val_loss=0.3371  val_AUPR_all=0.5828  val_AUPR_ab=0.7639  val_AUPR_ag=0.3533  val_P@5_ab=0.9500  val_P@5_ag=0.9000  select=0.5586
Ep031  LR0=1.38e-04  pw=1.35  aucα=0.300  token_p=0.020  dropE=(0.020,0.080)  smooth=0.010  train_loss=0.2108  train_AUPR_all=0.7483  train_AUPR_ab=0.8092  train_AUPR_ag=0.6580  train_P@5_ab=1.0000  train_P@5_ag=1.0000  val_loss=0.3124  val_AUPR_all=0.6112  val_AUPR_ab=0.7772  val_AUPR_ag=0.3727  val_P@5_ab=1.0000  val_P@5_ag=1.0000  select=0.5750
  Saved checkpoint: checkpoints_old/iPara_balanced_l1_g8_i5_do0.10_dpr0.10_lr0.0002_heads16_fold5.pth  select=0.5750  val_ab=0.7772  val_ag=0.3727  val_all=0.6112
Ep032  LR0=1.35e-04  pw=1.32  aucα=0.300  token_p=0.020  dropE=(0.020,0.080)  smooth=0.010  train_loss=0.2062  train_AUPR_all=0.7543  train_AUPR_ab=0.8145  train_AUPR_ag=0.6647  train_P@5_ab=1.0000  train_P@5_ag=0.9000  val_loss=0.3234  val_AUPR_all=0.6033  val_AUPR_ab=0.7685  val_AUPR_ag=0.3617  val_P@5_ab=0.9500  val_P@5_ag=0.9500  select=0.5651
Ep033  LR0=1.31e-04  pw=1.29  aucα=0.300  token_p=0.020  dropE=(0.020,0.080)  smooth=0.010  train_loss=0.2011  train_AUPR_all=0.7601  train_AUPR_ab=0.8199  train_AUPR_ag=0.6711  train_P@5_ab=1.0000  train_P@5_ag=0.9500  val_loss=0.3151  val_AUPR_all=0.6093  val_AUPR_ab=0.7741  val_AUPR_ag=0.3819  val_P@5_ab=0.9500  val_P@5_ag=1.0000  select=0.5780
  Saved checkpoint: checkpoints_old/iPara_balanced_l1_g8_i5_do0.10_dpr0.10_lr0.0002_heads16_fold5.pth  select=0.5780  val_ab=0.7741  val_ag=0.3819  val_all=0.6093
Ep034  LR0=1.27e-04  pw=1.26  aucα=0.300  token_p=0.020  dropE=(0.020,0.080)  smooth=0.010  train_loss=0.1930  train_AUPR_all=0.7726  train_AUPR_ab=0.8258  train_AUPR_ag=0.6947  train_P@5_ab=1.0000  train_P@5_ag=1.0000  val_loss=0.3136  val_AUPR_all=0.5972  val_AUPR_ab=0.7640  val_AUPR_ag=0.3758  val_P@5_ab=1.0000  val_P@5_ag=1.0000  select=0.5699
Ep035  LR0=1.24e-04  pw=1.23  aucα=0.300  token_p=0.020  dropE=(0.020,0.080)  smooth=0.010  train_loss=0.1870  train_AUPR_all=0.7791  train_AUPR_ab=0.8288  train_AUPR_ag=0.7063  train_P@5_ab=1.0000  train_P@5_ag=1.0000  val_loss=0.3215  val_AUPR_all=0.5977  val_AUPR_ab=0.7648  val_AUPR_ag=0.3816  val_P@5_ab=1.0000  val_P@5_ag=0.9500  select=0.5732
Ep036  LR0=1.20e-04  pw=1.21  aucα=0.300  token_p=0.020  dropE=(0.020,0.080)  smooth=0.010  train_loss=0.1818  train_AUPR_all=0.7893  train_AUPR_ab=0.8369  train_AUPR_ag=0.7198  train_P@5_ab=1.0000  train_P@5_ag=1.0000  val_loss=0.3325  val_AUPR_all=0.5880  val_AUPR_ab=0.7578  val_AUPR_ag=0.3543  val_P@5_ab=0.9000  val_P@5_ag=0.9500  select=0.5561
Ep037  LR0=1.16e-04  pw=1.19  aucα=0.300  token_p=0.020  dropE=(0.020,0.080)  smooth=0.010  train_loss=0.1750  train_AUPR_all=0.8001  train_AUPR_ab=0.8416  train_AUPR_ag=0.7407  train_P@5_ab=1.0000  train_P@5_ag=1.0000  val_loss=0.3208  val_AUPR_all=0.5865  val_AUPR_ab=0.7598  val_AUPR_ag=0.3697  val_P@5_ab=1.0000  val_P@5_ag=0.9500  select=0.5647
Ep038  LR0=1.12e-04  pw=1.17  aucα=0.300  token_p=0.020  dropE=(0.020,0.080)  smooth=0.010  train_loss=0.1745  train_AUPR_all=0.7994  train_AUPR_ab=0.8422  train_AUPR_ag=0.7380  train_P@5_ab=1.0000  train_P@5_ag=1.0000  val_loss=0.3316  val_AUPR_all=0.5833  val_AUPR_ab=0.7584  val_AUPR_ag=0.3682  val_P@5_ab=1.0000  val_P@5_ag=0.9500  select=0.5633
Ep039  LR0=1.08e-04  pw=1.16  aucα=0.300  token_p=0.020  dropE=(0.020,0.080)  smooth=0.010  train_loss=0.1669  train_AUPR_all=0.8129  train_AUPR_ab=0.8520  train_AUPR_ag=0.7568  train_P@5_ab=1.0000  train_P@5_ag=1.0000  val_loss=0.3222  val_AUPR_all=0.6052  val_AUPR_ab=0.7698  val_AUPR_ag=0.3860  val_P@5_ab=0.9000  val_P@5_ag=1.0000  select=0.5779
Ep040  LR0=1.04e-04  pw=1.14  aucα=0.300  token_p=0.020  dropE=(0.020,0.080)  smooth=0.010  train_loss=0.1634  train_AUPR_all=0.8172  train_AUPR_ab=0.8569  train_AUPR_ag=0.7599  train_P@5_ab=1.0000  train_P@5_ag=1.0000  val_loss=0.3311  val_AUPR_all=0.5930  val_AUPR_ab=0.7579  val_AUPR_ag=0.3708  val_P@5_ab=0.7000  val_P@5_ag=0.9500  select=0.5643
Ep041  LR0=1.00e-04  pw=1.13  aucα=0.300  token_p=0.020  dropE=(0.020,0.080)  smooth=0.010  train_loss=0.1578  train_AUPR_all=0.8251  train_AUPR_ab=0.8619  train_AUPR_ag=0.7724  train_P@5_ab=1.0000  train_P@5_ag=0.9000  val_loss=0.3161  val_AUPR_all=0.6006  val_AUPR_ab=0.7620  val_AUPR_ag=0.3834  val_P@5_ab=0.9500  val_P@5_ag=0.8000  select=0.5727
Ep042  LR0=9.63e-05  pw=1.12  aucα=0.300  token_p=0.020  dropE=(0.020,0.080)  smooth=0.010  train_loss=0.1574  train_AUPR_all=0.8257  train_AUPR_ab=0.8635  train_AUPR_ag=0.7712  train_P@5_ab=1.0000  train_P@5_ag=0.9500  val_loss=0.3251  val_AUPR_all=0.5876  val_AUPR_ab=0.7594  val_AUPR_ag=0.3678  val_P@5_ab=0.9500  val_P@5_ag=0.9500  select=0.5636
Ep043  LR0=9.24e-05  pw=1.10  aucα=0.300  token_p=0.020  dropE=(0.020,0.080)  smooth=0.010  train_loss=0.1492  train_AUPR_all=0.8392  train_AUPR_ab=0.8729  train_AUPR_ag=0.7911  train_P@5_ab=1.0000  train_P@5_ag=1.0000  val_loss=0.3181  val_AUPR_all=0.5992  val_AUPR_ab=0.7739  val_AUPR_ag=0.3717  val_P@5_ab=1.0000  val_P@5_ag=0.8000  select=0.5728
Ep044  LR0=8.85e-05  pw=1.09  aucα=0.300  token_p=0.020  dropE=(0.020,0.080)  smooth=0.010  train_loss=0.1480  train_AUPR_all=0.8399  train_AUPR_ab=0.8738  train_AUPR_ag=0.7912  train_P@5_ab=1.0000  train_P@5_ag=1.0000  val_loss=0.3308  val_AUPR_all=0.5904  val_AUPR_ab=0.7710  val_AUPR_ag=0.3585  val_P@5_ab=0.9500  val_P@5_ag=1.0000  select=0.5648
Ep045  LR0=8.46e-05  pw=1.09  aucα=0.300  token_p=0.020  dropE=(0.020,0.080)  smooth=0.010  train_loss=0.1418  train_AUPR_all=0.8504  train_AUPR_ab=0.8837  train_AUPR_ag=0.8023  train_P@5_ab=1.0000  train_P@5_ag=1.0000  val_loss=0.3217  val_AUPR_all=0.5829  val_AUPR_ab=0.7626  val_AUPR_ag=0.3485  val_P@5_ab=1.0000  val_P@5_ag=0.8500  select=0.5555
Ep046  LR0=8.08e-05  pw=1.08  aucα=0.300  token_p=0.020  dropE=(0.020,0.080)  smooth=0.010  train_loss=0.1386  train_AUPR_all=0.8560  train_AUPR_ab=0.8891  train_AUPR_ag=0.8079  train_P@5_ab=1.0000  train_P@5_ag=1.0000  val_loss=0.3205  val_AUPR_all=0.5864  val_AUPR_ab=0.7705  val_AUPR_ag=0.3546  val_P@5_ab=0.9500  val_P@5_ag=0.5500  select=0.5625
Ep047  LR0=7.70e-05  pw=1.07  aucα=0.300  token_p=0.020  dropE=(0.020,0.080)  smooth=0.010  train_loss=0.1394  train_AUPR_all=0.8536  train_AUPR_ab=0.8879  train_AUPR_ag=0.8040  train_P@5_ab=1.0000  train_P@5_ag=1.0000  val_loss=0.3311  val_AUPR_all=0.5796  val_AUPR_ab=0.7586  val_AUPR_ag=0.3499  val_P@5_ab=1.0000  val_P@5_ag=0.7500  select=0.5543
Ep048  LR0=7.32e-05  pw=1.06  aucα=0.300  token_p=0.020  dropE=(0.020,0.080)  smooth=0.010  train_loss=0.1330  train_AUPR_all=0.8634  train_AUPR_ab=0.8931  train_AUPR_ag=0.8206  train_P@5_ab=1.0000  train_P@5_ag=1.0000  val_loss=0.3403  val_AUPR_all=0.5717  val_AUPR_ab=0.7615  val_AUPR_ag=0.3497  val_P@5_ab=1.0000  val_P@5_ag=0.6500  select=0.5556
Ep049  LR0=6.94e-05  pw=1.06  aucα=0.300  token_p=0.020  dropE=(0.020,0.080)  smooth=0.010  train_loss=0.1340  train_AUPR_all=0.8633  train_AUPR_ab=0.8934  train_AUPR_ag=0.8204  train_P@5_ab=1.0000  train_P@5_ag=1.0000  val_loss=0.3235  val_AUPR_all=0.5936  val_AUPR_ab=0.7656  val_AUPR_ag=0.3679  val_P@5_ab=1.0000  val_P@5_ag=0.8500  select=0.5668
Ep050  LR0=6.57e-05  pw=1.05  aucα=0.300  token_p=0.020  dropE=(0.020,0.080)  smooth=0.010  train_loss=0.1301  train_AUPR_all=0.8674  train_AUPR_ab=0.8950  train_AUPR_ag=0.8280  train_P@5_ab=1.0000  train_P@5_ag=1.0000  val_loss=0.3344  val_AUPR_all=0.5711  val_AUPR_ab=0.7684  val_AUPR_ag=0.3478  val_P@5_ab=0.9500  val_P@5_ag=0.4500  select=0.5581
Ep051  LR0=6.21e-05  pw=1.05  aucα=0.300  token_p=0.020  dropE=(0.020,0.080)  smooth=0.010  train_loss=0.1293  train_AUPR_all=0.8689  train_AUPR_ab=0.8969  train_AUPR_ag=0.8286  train_P@5_ab=0.9500  train_P@5_ag=1.0000  val_loss=0.3228  val_AUPR_all=0.5882  val_AUPR_ab=0.7612  val_AUPR_ag=0.3620  val_P@5_ab=1.0000  val_P@5_ag=0.7500  select=0.5616
Ep052  LR0=5.85e-05  pw=1.04  aucα=0.300  token_p=0.020  dropE=(0.020,0.080)  smooth=0.010  train_loss=0.1233  train_AUPR_all=0.8786  train_AUPR_ab=0.9060  train_AUPR_ag=0.8391  train_P@5_ab=1.0000  train_P@5_ag=1.0000  val_loss=0.3342  val_AUPR_all=0.5858  val_AUPR_ab=0.7719  val_AUPR_ag=0.3584  val_P@5_ab=0.9000  val_P@5_ag=0.5000  select=0.5652
Ep053  LR0=5.50e-05  pw=1.04  aucα=0.300  token_p=0.020  dropE=(0.020,0.080)  smooth=0.010  train_loss=0.1208  train_AUPR_all=0.8828  train_AUPR_ab=0.9100  train_AUPR_ag=0.8432  train_P@5_ab=1.0000  train_P@5_ag=1.0000  val_loss=0.3333  val_AUPR_all=0.5757  val_AUPR_ab=0.7648  val_AUPR_ag=0.3453  val_P@5_ab=1.0000  val_P@5_ag=0.4500  select=0.5550
Early stopping at epoch 53. Best select=0.5780 at epoch 33.
Final saved checkpoint for fold 5: checkpoints_old/iPara_balanced_l1_g8_i5_do0.10_dpr0.10_lr0.0002_heads16_fold5.pth
Best select=0.5780 at epoch 33
