Device: cuda
Visible GPUs: 1
GPU 0: NVIDIA RTX PRO 6000 Blackwell Server Edition
Config:
  sequence_file: para_tv_esmsequences_1600.npz
  data_file: para_tv_esminterfaces_1600.npz
  edge_file: para_tv_esmedges_1600.npz
  seq_len: 1600
  vocab_size: 31
  num_classes: 2
  pad_id: 1
  eoc_id: 24
  embed_dim: 256
  num_heads: 16
  num_layers: 1
  num_gnn_layers: 8
  num_int_layers: 3
  dropout: 0.1
  drop_path_rate: 0.1
  batch_size: 4
  num_epochs: 70
  warmup_epochs: 10
  min_stop_epoch: 45
  early_stop: 20
  learning_rate: 0.0002
  weight_decay: 0.0001
  max_grad_norm: 0.5
  accum_steps: 1
  amp: True
  weight_start: 20.0
  weight_end: 1.0
  weight_anneal_tau: 8.0
  dropedge_min: 0.02
  dropedge_max: 0.08
  token_drop_p: 0.02
  smooth_lambda: 0.01
  aucpr_alpha: 0.3
  aucpr_ramp_start: 10
  aucpr_ramp_len: 10
  aucpr_bins: 64
  aucpr_temp: 0.05
  antibody_loss_weight: 1.0
  antigen_loss_weight: 1.0
  n_splits: 5
  num_workers: 0
  select_ab_weight: 0.5
  select_ag_weight: 0.5
Dataset size: 858

==========================================================================================
Fold 1/5
==========================================================================================
Train labels: valid=399467, pos=26433, neg=373034, ignore=698133, pos_frac=0.06617
Val labels: valid=100725, pos=6797, neg=93928, ignore=174475, pos_frac=0.06748
Initializing ClassificationModel with 8 GAT layers and residual connections...
Initializing MCModel with 8 GAT layers and 3 row attention layers (drop_path_rate=0.1, use_esm=True)
Initializing CoreModel with 1 layers, drop_path_rate=0.1
Ep001  LR0=2.00e-04  pw=20.00  aucα=0.000  token_p=0.020  dropE=(0.020,0.080)  smooth=0.010  train_loss=1.2362  train_AUPR_all=0.1712  train_AUPR_ab=0.1937  train_AUPR_ag=0.1450  train_P@5_ab=0.0500  train_P@5_ag=0.0500  val_loss=1.2904  val_AUPR_all=0.3631  val_AUPR_ab=0.4608  val_AUPR_ag=0.2148  val_P@5_ab=0.6000  val_P@5_ag=0.7500  select=0.3378
  Saved checkpoint: checkpoints_newesm/iPara_balanced_l1_g8_i3_do0.10_dpr0.10_lr0.0002_heads16_fold1.pth  select=0.3378  val_ab=0.4608  val_ag=0.2148  val_all=0.3631
Ep002  LR0=2.00e-04  pw=17.77  aucα=0.000  token_p=0.020  dropE=(0.020,0.080)  smooth=0.010  train_loss=0.8236  train_AUPR_all=0.3716  train_AUPR_ab=0.4444  train_AUPR_ag=0.2487  train_P@5_ab=0.7500  train_P@5_ag=0.8500  val_loss=1.2387  val_AUPR_all=0.4348  val_AUPR_ab=0.5367  val_AUPR_ag=0.2673  val_P@5_ab=0.6000  val_P@5_ag=0.8000  select=0.4020
  Saved checkpoint: checkpoints_newesm/iPara_balanced_l1_g8_i3_do0.10_dpr0.10_lr0.0002_heads16_fold1.pth  select=0.4020  val_ab=0.5367  val_ag=0.2673  val_all=0.4348
Ep003  LR0=2.00e-04  pw=15.80  aucα=0.000  token_p=0.020  dropE=(0.020,0.080)  smooth=0.010  train_loss=0.7418  train_AUPR_all=0.4202  train_AUPR_ab=0.4865  train_AUPR_ag=0.2930  train_P@5_ab=0.7500  train_P@5_ag=0.8000  val_loss=1.0692  val_AUPR_all=0.4700  val_AUPR_ab=0.5733  val_AUPR_ag=0.2890  val_P@5_ab=0.8000  val_P@5_ag=0.8000  select=0.4311
  Saved checkpoint: checkpoints_newesm/iPara_balanced_l1_g8_i3_do0.10_dpr0.10_lr0.0002_heads16_fold1.pth  select=0.4311  val_ab=0.5733  val_ag=0.2890  val_all=0.4700
Ep004  LR0=1.99e-04  pw=14.06  aucα=0.000  token_p=0.020  dropE=(0.020,0.080)  smooth=0.010  train_loss=0.6689  train_AUPR_all=0.4323  train_AUPR_ab=0.5078  train_AUPR_ag=0.2943  train_P@5_ab=0.8000  train_P@5_ag=0.7000  val_loss=1.1927  val_AUPR_all=0.4449  val_AUPR_ab=0.5636  val_AUPR_ag=0.2651  val_P@5_ab=0.6500  val_P@5_ag=0.6000  select=0.4143
Ep005  LR0=1.98e-04  pw=12.52  aucα=0.000  token_p=0.020  dropE=(0.020,0.080)  smooth=0.010  train_loss=0.6204  train_AUPR_all=0.4625  train_AUPR_ab=0.5466  train_AUPR_ag=0.3089  train_P@5_ab=0.6500  train_P@5_ag=0.9000  val_loss=1.5606  val_AUPR_all=0.4553  val_AUPR_ab=0.5874  val_AUPR_ag=0.2532  val_P@5_ab=0.9500  val_P@5_ag=0.9000  select=0.4203
Ep006  LR0=1.97e-04  pw=11.17  aucα=0.000  token_p=0.020  dropE=(0.020,0.080)  smooth=0.010  train_loss=0.5747  train_AUPR_all=0.4765  train_AUPR_ab=0.5631  train_AUPR_ag=0.3173  train_P@5_ab=0.6500  train_P@5_ag=0.6000  val_loss=0.8266  val_AUPR_all=0.4578  val_AUPR_ab=0.5696  val_AUPR_ag=0.2911  val_P@5_ab=0.5500  val_P@5_ag=0.7000  select=0.4303
Ep007  LR0=1.96e-04  pw=9.97  aucα=0.000  token_p=0.020  dropE=(0.020,0.080)  smooth=0.010  train_loss=0.5291  train_AUPR_all=0.4864  train_AUPR_ab=0.5857  train_AUPR_ag=0.3167  train_P@5_ab=0.8500  train_P@5_ag=0.7500  val_loss=0.8587  val_AUPR_all=0.4918  val_AUPR_ab=0.6198  val_AUPR_ag=0.2970  val_P@5_ab=0.9500  val_P@5_ag=0.9000  select=0.4584
  Saved checkpoint: checkpoints_newesm/iPara_balanced_l1_g8_i3_do0.10_dpr0.10_lr0.0002_heads16_fold1.pth  select=0.4584  val_ab=0.6198  val_ag=0.2970  val_all=0.4918
Ep008  LR0=1.95e-04  pw=8.92  aucα=0.000  token_p=0.020  dropE=(0.020,0.080)  smooth=0.010  train_loss=0.4957  train_AUPR_all=0.5121  train_AUPR_ab=0.6026  train_AUPR_ag=0.3491  train_P@5_ab=0.8500  train_P@5_ag=0.9000  val_loss=0.7884  val_AUPR_all=0.3891  val_AUPR_ab=0.5762  val_AUPR_ag=0.2214  val_P@5_ab=0.4500  val_P@5_ag=0.5000  select=0.3988
Ep009  LR0=1.94e-04  pw=7.99  aucα=0.000  token_p=0.020  dropE=(0.020,0.080)  smooth=0.010  train_loss=0.4638  train_AUPR_all=0.5126  train_AUPR_ab=0.6067  train_AUPR_ag=0.3441  train_P@5_ab=0.6500  train_P@5_ag=0.9500  val_loss=0.7724  val_AUPR_all=0.5099  val_AUPR_ab=0.6211  val_AUPR_ag=0.3329  val_P@5_ab=0.7500  val_P@5_ag=0.7500  select=0.4770
  Saved checkpoint: checkpoints_newesm/iPara_balanced_l1_g8_i3_do0.10_dpr0.10_lr0.0002_heads16_fold1.pth  select=0.4770  val_ab=0.6211  val_ag=0.3329  val_all=0.5099
Ep010  LR0=1.92e-04  pw=7.17  aucα=0.030  token_p=0.020  dropE=(0.020,0.080)  smooth=0.010  train_loss=0.4500  train_AUPR_all=0.5279  train_AUPR_ab=0.6210  train_AUPR_ag=0.3568  train_P@5_ab=0.9000  train_P@5_ag=0.8500  val_loss=0.8086  val_AUPR_all=0.5110  val_AUPR_ab=0.6491  val_AUPR_ag=0.2981  val_P@5_ab=0.9500  val_P@5_ag=0.8500  select=0.4736
Unfreezing DyM parameters.
Ep011  LR0=1.90e-04  pw=6.44  aucα=0.060  token_p=0.020  dropE=(0.020,0.080)  smooth=0.010  train_loss=0.4356  train_AUPR_all=0.5473  train_AUPR_ab=0.6505  train_AUPR_ag=0.3700  train_P@5_ab=0.8500  train_P@5_ag=0.9500  val_loss=0.7013  val_AUPR_all=0.4949  val_AUPR_ab=0.6392  val_AUPR_ag=0.2670  val_P@5_ab=0.9000  val_P@5_ag=0.7500  select=0.4531
Ep012  LR0=1.88e-04  pw=5.80  aucα=0.090  token_p=0.020  dropE=(0.020,0.080)  smooth=0.010  train_loss=0.4285  train_AUPR_all=0.5505  train_AUPR_ab=0.6514  train_AUPR_ag=0.3790  train_P@5_ab=0.7500  train_P@5_ag=0.8000  val_loss=0.6031  val_AUPR_all=0.5321  val_AUPR_ab=0.6539  val_AUPR_ag=0.3232  val_P@5_ab=0.8000  val_P@5_ag=0.9000  select=0.4886
  Saved checkpoint: checkpoints_newesm/iPara_balanced_l1_g8_i3_do0.10_dpr0.10_lr0.0002_heads16_fold1.pth  select=0.4886  val_ab=0.6539  val_ag=0.3232  val_all=0.5321
Ep013  LR0=1.86e-04  pw=5.24  aucα=0.120  token_p=0.020  dropE=(0.020,0.080)  smooth=0.010  train_loss=0.4174  train_AUPR_all=0.5560  train_AUPR_ab=0.6612  train_AUPR_ag=0.3758  train_P@5_ab=1.0000  train_P@5_ag=0.9500  val_loss=0.6197  val_AUPR_all=0.5412  val_AUPR_ab=0.6787  val_AUPR_ag=0.3223  val_P@5_ab=0.9000  val_P@5_ag=0.8500  select=0.5005
  Saved checkpoint: checkpoints_newesm/iPara_balanced_l1_g8_i3_do0.10_dpr0.10_lr0.0002_heads16_fold1.pth  select=0.5005  val_ab=0.6787  val_ag=0.3223  val_all=0.5412
Ep014  LR0=1.83e-04  pw=4.74  aucα=0.150  token_p=0.020  dropE=(0.020,0.080)  smooth=0.010  train_loss=0.4089  train_AUPR_all=0.5582  train_AUPR_ab=0.6701  train_AUPR_ag=0.3764  train_P@5_ab=0.9000  train_P@5_ag=0.9000  val_loss=0.6493  val_AUPR_all=0.5473  val_AUPR_ab=0.6899  val_AUPR_ag=0.3156  val_P@5_ab=0.9500  val_P@5_ag=0.9500  select=0.5027
  Saved checkpoint: checkpoints_newesm/iPara_balanced_l1_g8_i3_do0.10_dpr0.10_lr0.0002_heads16_fold1.pth  select=0.5027  val_ab=0.6899  val_ag=0.3156  val_all=0.5473
Ep015  LR0=1.81e-04  pw=4.30  aucα=0.180  token_p=0.020  dropE=(0.020,0.080)  smooth=0.010  train_loss=0.3989  train_AUPR_all=0.5761  train_AUPR_ab=0.6851  train_AUPR_ag=0.3988  train_P@5_ab=0.9000  train_P@5_ag=0.9000  val_loss=0.4792  val_AUPR_all=0.5711  val_AUPR_ab=0.6930  val_AUPR_ag=0.3730  val_P@5_ab=1.0000  val_P@5_ag=0.9000  select=0.5330
  Saved checkpoint: checkpoints_newesm/iPara_balanced_l1_g8_i3_do0.10_dpr0.10_lr0.0002_heads16_fold1.pth  select=0.5330  val_ab=0.6930  val_ag=0.3730  val_all=0.5711
Ep016  LR0=1.78e-04  pw=3.91  aucα=0.210  token_p=0.020  dropE=(0.020,0.080)  smooth=0.010  train_loss=0.3922  train_AUPR_all=0.5895  train_AUPR_ab=0.7011  train_AUPR_ag=0.4074  train_P@5_ab=0.9000  train_P@5_ag=0.9000  val_loss=0.4949  val_AUPR_all=0.5511  val_AUPR_ab=0.6998  val_AUPR_ag=0.3349  val_P@5_ab=0.9500  val_P@5_ag=0.8000  select=0.5174
Ep017  LR0=1.75e-04  pw=3.57  aucα=0.240  token_p=0.020  dropE=(0.020,0.080)  smooth=0.010  train_loss=0.3856  train_AUPR_all=0.5966  train_AUPR_ab=0.7035  train_AUPR_ag=0.4236  train_P@5_ab=1.0000  train_P@5_ag=0.8500  val_loss=0.4583  val_AUPR_all=0.5781  val_AUPR_ab=0.7057  val_AUPR_ag=0.3710  val_P@5_ab=1.0000  val_P@5_ag=0.9000  select=0.5383
  Saved checkpoint: checkpoints_newesm/iPara_balanced_l1_g8_i3_do0.10_dpr0.10_lr0.0002_heads16_fold1.pth  select=0.5383  val_ab=0.7057  val_ag=0.3710  val_all=0.5781
Ep018  LR0=1.72e-04  pw=3.27  aucα=0.270  token_p=0.020  dropE=(0.020,0.080)  smooth=0.010  train_loss=0.3819  train_AUPR_all=0.6042  train_AUPR_ab=0.7154  train_AUPR_ag=0.4226  train_P@5_ab=1.0000  train_P@5_ag=0.7500  val_loss=0.4281  val_AUPR_all=0.5833  val_AUPR_ab=0.7103  val_AUPR_ag=0.3683  val_P@5_ab=0.9500  val_P@5_ag=0.8500  select=0.5393
  Saved checkpoint: checkpoints_newesm/iPara_balanced_l1_g8_i3_do0.10_dpr0.10_lr0.0002_heads16_fold1.pth  select=0.5393  val_ab=0.7103  val_ag=0.3683  val_all=0.5833
Ep019  LR0=1.69e-04  pw=3.00  aucα=0.300  token_p=0.020  dropE=(0.020,0.080)  smooth=0.010  train_loss=0.3787  train_AUPR_all=0.6109  train_AUPR_ab=0.7169  train_AUPR_ag=0.4383  train_P@5_ab=0.9500  train_P@5_ag=0.7500  val_loss=0.4310  val_AUPR_all=0.5825  val_AUPR_ab=0.7195  val_AUPR_ag=0.3645  val_P@5_ab=0.9500  val_P@5_ag=0.9000  select=0.5420
  Saved checkpoint: checkpoints_newesm/iPara_balanced_l1_g8_i3_do0.10_dpr0.10_lr0.0002_heads16_fold1.pth  select=0.5420  val_ab=0.7195  val_ag=0.3645  val_all=0.5825
Ep020  LR0=1.66e-04  pw=2.77  aucα=0.300  token_p=0.020  dropE=(0.020,0.080)  smooth=0.010  train_loss=0.3601  train_AUPR_all=0.6203  train_AUPR_ab=0.7287  train_AUPR_ag=0.4469  train_P@5_ab=0.9500  train_P@5_ag=0.9000  val_loss=0.4364  val_AUPR_all=0.5535  val_AUPR_ab=0.6892  val_AUPR_ag=0.3547  val_P@5_ab=0.9500  val_P@5_ag=0.8500  select=0.5220
Ep021  LR0=1.62e-04  pw=2.56  aucα=0.300  token_p=0.020  dropE=(0.020,0.080)  smooth=0.010  train_loss=0.3517  train_AUPR_all=0.6191  train_AUPR_ab=0.7245  train_AUPR_ag=0.4484  train_P@5_ab=1.0000  train_P@5_ag=0.9500  val_loss=0.3988  val_AUPR_all=0.5707  val_AUPR_ab=0.7189  val_AUPR_ag=0.3652  val_P@5_ab=0.9500  val_P@5_ag=0.9000  select=0.5420
Ep022  LR0=1.59e-04  pw=2.38  aucα=0.300  token_p=0.020  dropE=(0.020,0.080)  smooth=0.010  train_loss=0.3355  train_AUPR_all=0.6318  train_AUPR_ab=0.7405  train_AUPR_ag=0.4567  train_P@5_ab=0.9500  train_P@5_ag=0.9000  val_loss=0.3888  val_AUPR_all=0.5803  val_AUPR_ab=0.7295  val_AUPR_ag=0.3639  val_P@5_ab=0.9500  val_P@5_ag=0.8500  select=0.5467
  Saved checkpoint: checkpoints_newesm/iPara_balanced_l1_g8_i3_do0.10_dpr0.10_lr0.0002_heads16_fold1.pth  select=0.5467  val_ab=0.7295  val_ag=0.3639  val_all=0.5803
Ep023  LR0=1.55e-04  pw=2.21  aucα=0.300  token_p=0.020  dropE=(0.020,0.080)  smooth=0.010  train_loss=0.3169  train_AUPR_all=0.6456  train_AUPR_ab=0.7452  train_AUPR_ag=0.4872  train_P@5_ab=0.9500  train_P@5_ag=1.0000  val_loss=0.3719  val_AUPR_all=0.5872  val_AUPR_ab=0.7272  val_AUPR_ag=0.3852  val_P@5_ab=0.9000  val_P@5_ag=0.8500  select=0.5562
  Saved checkpoint: checkpoints_newesm/iPara_balanced_l1_g8_i3_do0.10_dpr0.10_lr0.0002_heads16_fold1.pth  select=0.5562  val_ab=0.7272  val_ag=0.3852  val_all=0.5872
Ep024  LR0=1.51e-04  pw=2.07  aucα=0.300  token_p=0.020  dropE=(0.020,0.080)  smooth=0.010  train_loss=0.3055  train_AUPR_all=0.6510  train_AUPR_ab=0.7518  train_AUPR_ag=0.4913  train_P@5_ab=0.9500  train_P@5_ag=0.9500  val_loss=0.3735  val_AUPR_all=0.5962  val_AUPR_ab=0.7417  val_AUPR_ag=0.3687  val_P@5_ab=0.9500  val_P@5_ag=0.7500  select=0.5552
Ep025  LR0=1.48e-04  pw=1.95  aucα=0.300  token_p=0.020  dropE=(0.020,0.080)  smooth=0.010  train_loss=0.2951  train_AUPR_all=0.6601  train_AUPR_ab=0.7616  train_AUPR_ag=0.4975  train_P@5_ab=1.0000  train_P@5_ag=0.9000  val_loss=0.3512  val_AUPR_all=0.5979  val_AUPR_ab=0.7346  val_AUPR_ag=0.3826  val_P@5_ab=0.9500  val_P@5_ag=0.9000  select=0.5586
  Saved checkpoint: checkpoints_newesm/iPara_balanced_l1_g8_i3_do0.10_dpr0.10_lr0.0002_heads16_fold1.pth  select=0.5586  val_ab=0.7346  val_ag=0.3826  val_all=0.5979
Ep026  LR0=1.44e-04  pw=1.83  aucα=0.300  token_p=0.020  dropE=(0.020,0.080)  smooth=0.010  train_loss=0.2890  train_AUPR_all=0.6592  train_AUPR_ab=0.7529  train_AUPR_ag=0.5116  train_P@5_ab=1.0000  train_P@5_ag=0.9000  val_loss=0.3678  val_AUPR_all=0.5861  val_AUPR_ab=0.7376  val_AUPR_ag=0.3511  val_P@5_ab=0.9000  val_P@5_ag=0.9000  select=0.5443
Ep027  LR0=1.39e-04  pw=1.74  aucα=0.300  token_p=0.020  dropE=(0.020,0.080)  smooth=0.010  train_loss=0.2719  train_AUPR_all=0.6787  train_AUPR_ab=0.7710  train_AUPR_ag=0.5341  train_P@5_ab=1.0000  train_P@5_ag=1.0000  val_loss=0.3414  val_AUPR_all=0.5894  val_AUPR_ab=0.7282  val_AUPR_ag=0.3852  val_P@5_ab=0.9000  val_P@5_ag=0.9000  select=0.5567
Ep028  LR0=1.35e-04  pw=1.65  aucα=0.300  token_p=0.020  dropE=(0.020,0.080)  smooth=0.010  train_loss=0.2649  train_AUPR_all=0.6819  train_AUPR_ab=0.7700  train_AUPR_ag=0.5462  train_P@5_ab=0.9500  train_P@5_ag=0.9500  val_loss=0.3339  val_AUPR_all=0.5895  val_AUPR_ab=0.7353  val_AUPR_ag=0.3728  val_P@5_ab=0.9500  val_P@5_ag=0.8000  select=0.5540
Ep029  LR0=1.31e-04  pw=1.57  aucα=0.300  token_p=0.020  dropE=(0.020,0.080)  smooth=0.010  train_loss=0.2589  train_AUPR_all=0.6860  train_AUPR_ab=0.7745  train_AUPR_ag=0.5475  train_P@5_ab=1.0000  train_P@5_ag=0.9500  val_loss=0.3305  val_AUPR_all=0.5991  val_AUPR_ab=0.7457  val_AUPR_ag=0.3862  val_P@5_ab=0.9500  val_P@5_ag=0.9500  select=0.5660
  Saved checkpoint: checkpoints_newesm/iPara_balanced_l1_g8_i3_do0.10_dpr0.10_lr0.0002_heads16_fold1.pth  select=0.5660  val_ab=0.7457  val_ag=0.3862  val_all=0.5991
Ep030  LR0=1.27e-04  pw=1.51  aucα=0.300  token_p=0.020  dropE=(0.020,0.080)  smooth=0.010  train_loss=0.2470  train_AUPR_all=0.7018  train_AUPR_ab=0.7857  train_AUPR_ag=0.5717  train_P@5_ab=1.0000  train_P@5_ag=0.9500  val_loss=0.3159  val_AUPR_all=0.6088  val_AUPR_ab=0.7516  val_AUPR_ag=0.3847  val_P@5_ab=0.9500  val_P@5_ag=0.8500  select=0.5682
  Saved checkpoint: checkpoints_newesm/iPara_balanced_l1_g8_i3_do0.10_dpr0.10_lr0.0002_heads16_fold1.pth  select=0.5682  val_ab=0.7516  val_ag=0.3847  val_all=0.6088
Ep031  LR0=1.22e-04  pw=1.45  aucα=0.300  token_p=0.020  dropE=(0.020,0.080)  smooth=0.010  train_loss=0.2410  train_AUPR_all=0.7026  train_AUPR_ab=0.7845  train_AUPR_ag=0.5761  train_P@5_ab=1.0000  train_P@5_ag=0.9500  val_loss=0.3159  val_AUPR_all=0.6041  val_AUPR_ab=0.7423  val_AUPR_ag=0.3932  val_P@5_ab=0.9500  val_P@5_ag=0.8500  select=0.5678
Ep032  LR0=1.18e-04  pw=1.39  aucα=0.300  token_p=0.020  dropE=(0.020,0.080)  smooth=0.010  train_loss=0.2324  train_AUPR_all=0.7145  train_AUPR_ab=0.7928  train_AUPR_ag=0.5942  train_P@5_ab=0.9500  train_P@5_ag=0.9500  val_loss=0.3206  val_AUPR_all=0.6020  val_AUPR_ab=0.7539  val_AUPR_ag=0.3933  val_P@5_ab=0.9500  val_P@5_ag=0.8500  select=0.5736
  Saved checkpoint: checkpoints_newesm/iPara_balanced_l1_g8_i3_do0.10_dpr0.10_lr0.0002_heads16_fold1.pth  select=0.5736  val_ab=0.7539  val_ag=0.3933  val_all=0.6020
Ep033  LR0=1.14e-04  pw=1.35  aucα=0.300  token_p=0.020  dropE=(0.020,0.080)  smooth=0.010  train_loss=0.2238  train_AUPR_all=0.7285  train_AUPR_ab=0.8035  train_AUPR_ag=0.6141  train_P@5_ab=1.0000  train_P@5_ag=1.0000  val_loss=0.3161  val_AUPR_all=0.5986  val_AUPR_ab=0.7464  val_AUPR_ag=0.3861  val_P@5_ab=0.8000  val_P@5_ag=0.9000  select=0.5662
Ep034  LR0=1.09e-04  pw=1.31  aucα=0.300  token_p=0.020  dropE=(0.020,0.080)  smooth=0.010  train_loss=0.2240  train_AUPR_all=0.7241  train_AUPR_ab=0.7995  train_AUPR_ag=0.6094  train_P@5_ab=1.0000  train_P@5_ag=0.9500  val_loss=0.2988  val_AUPR_all=0.6058  val_AUPR_ab=0.7478  val_AUPR_ag=0.3897  val_P@5_ab=0.9000  val_P@5_ag=0.9500  select=0.5688
Ep035  LR0=1.05e-04  pw=1.27  aucα=0.300  token_p=0.020  dropE=(0.020,0.080)  smooth=0.010  train_loss=0.2185  train_AUPR_all=0.7291  train_AUPR_ab=0.8021  train_AUPR_ag=0.6189  train_P@5_ab=1.0000  train_P@5_ag=1.0000  val_loss=0.3046  val_AUPR_all=0.6057  val_AUPR_ab=0.7451  val_AUPR_ag=0.3998  val_P@5_ab=0.9500  val_P@5_ag=0.9000  select=0.5725
Ep036  LR0=1.00e-04  pw=1.24  aucα=0.300  token_p=0.020  dropE=(0.020,0.080)  smooth=0.010  train_loss=0.2126  train_AUPR_all=0.7353  train_AUPR_ab=0.8085  train_AUPR_ag=0.6239  train_P@5_ab=1.0000  train_P@5_ag=1.0000  val_loss=0.3029  val_AUPR_all=0.6035  val_AUPR_ab=0.7561  val_AUPR_ag=0.3735  val_P@5_ab=0.9500  val_P@5_ag=0.9000  select=0.5648
Ep037  LR0=9.58e-05  pw=1.21  aucα=0.300  token_p=0.020  dropE=(0.020,0.080)  smooth=0.010  train_loss=0.2033  train_AUPR_all=0.7512  train_AUPR_ab=0.8182  train_AUPR_ag=0.6495  train_P@5_ab=1.0000  train_P@5_ag=1.0000  val_loss=0.2957  val_AUPR_all=0.6123  val_AUPR_ab=0.7561  val_AUPR_ag=0.4027  val_P@5_ab=1.0000  val_P@5_ag=0.8000  select=0.5794
  Saved checkpoint: checkpoints_newesm/iPara_balanced_l1_g8_i3_do0.10_dpr0.10_lr0.0002_heads16_fold1.pth  select=0.5794  val_ab=0.7561  val_ag=0.4027  val_all=0.6123
Ep038  LR0=9.13e-05  pw=1.19  aucα=0.300  token_p=0.020  dropE=(0.020,0.080)  smooth=0.010  train_loss=0.1946  train_AUPR_all=0.7640  train_AUPR_ab=0.8267  train_AUPR_ag=0.6700  train_P@5_ab=1.0000  train_P@5_ag=1.0000  val_loss=0.2966  val_AUPR_all=0.6114  val_AUPR_ab=0.7587  val_AUPR_ag=0.3971  val_P@5_ab=0.9500  val_P@5_ag=0.8000  select=0.5779
Ep039  LR0=8.69e-05  pw=1.16  aucα=0.300  token_p=0.020  dropE=(0.020,0.080)  smooth=0.010  train_loss=0.1957  train_AUPR_all=0.7624  train_AUPR_ab=0.8261  train_AUPR_ag=0.6670  train_P@5_ab=1.0000  train_P@5_ag=1.0000  val_loss=0.2933  val_AUPR_all=0.6090  val_AUPR_ab=0.7490  val_AUPR_ag=0.4041  val_P@5_ab=0.9500  val_P@5_ag=0.8500  select=0.5765
Ep040  LR0=8.24e-05  pw=1.15  aucα=0.300  token_p=0.020  dropE=(0.020,0.080)  smooth=0.010  train_loss=0.1900  train_AUPR_all=0.7694  train_AUPR_ab=0.8309  train_AUPR_ag=0.6772  train_P@5_ab=1.0000  train_P@5_ag=1.0000  val_loss=0.2945  val_AUPR_all=0.6052  val_AUPR_ab=0.7533  val_AUPR_ag=0.3967  val_P@5_ab=0.9500  val_P@5_ag=0.7500  select=0.5750
Ep041  LR0=7.81e-05  pw=1.13  aucα=0.300  token_p=0.020  dropE=(0.020,0.080)  smooth=0.010  train_loss=0.1829  train_AUPR_all=0.7803  train_AUPR_ab=0.8376  train_AUPR_ag=0.6959  train_P@5_ab=1.0000  train_P@5_ag=0.9500  val_loss=0.3017  val_AUPR_all=0.6014  val_AUPR_ab=0.7591  val_AUPR_ag=0.3922  val_P@5_ab=1.0000  val_P@5_ag=0.6000  select=0.5756
Ep042  LR0=7.37e-05  pw=1.11  aucα=0.300  token_p=0.020  dropE=(0.020,0.080)  smooth=0.010  train_loss=0.1806  train_AUPR_all=0.7831  train_AUPR_ab=0.8375  train_AUPR_ag=0.7027  train_P@5_ab=1.0000  train_P@5_ag=0.8500  val_loss=0.2909  val_AUPR_all=0.6115  val_AUPR_ab=0.7556  val_AUPR_ag=0.4180  val_P@5_ab=0.9500  val_P@5_ag=0.9000  select=0.5868
  Saved checkpoint: checkpoints_newesm/iPara_balanced_l1_g8_i3_do0.10_dpr0.10_lr0.0002_heads16_fold1.pth  select=0.5868  val_ab=0.7556  val_ag=0.4180  val_all=0.6115
Ep043  LR0=6.94e-05  pw=1.10  aucα=0.300  token_p=0.020  dropE=(0.020,0.080)  smooth=0.010  train_loss=0.1719  train_AUPR_all=0.7990  train_AUPR_ab=0.8507  train_AUPR_ag=0.7222  train_P@5_ab=1.0000  train_P@5_ag=1.0000  val_loss=0.3000  val_AUPR_all=0.6023  val_AUPR_ab=0.7560  val_AUPR_ag=0.3855  val_P@5_ab=0.9500  val_P@5_ag=0.6000  select=0.5708
Ep044  LR0=6.52e-05  pw=1.09  aucα=0.300  token_p=0.020  dropE=(0.020,0.080)  smooth=0.010  train_loss=0.1741  train_AUPR_all=0.7937  train_AUPR_ab=0.8455  train_AUPR_ag=0.7171  train_P@5_ab=1.0000  train_P@5_ag=1.0000  val_loss=0.2989  val_AUPR_all=0.5990  val_AUPR_ab=0.7510  val_AUPR_ag=0.3818  val_P@5_ab=1.0000  val_P@5_ag=0.5500  select=0.5664
Ep045  LR0=6.10e-05  pw=1.08  aucα=0.300  token_p=0.020  dropE=(0.020,0.080)  smooth=0.010  train_loss=0.1683  train_AUPR_all=0.8041  train_AUPR_ab=0.8549  train_AUPR_ag=0.7290  train_P@5_ab=1.0000  train_P@5_ag=1.0000  val_loss=0.3041  val_AUPR_all=0.6018  val_AUPR_ab=0.7550  val_AUPR_ag=0.3808  val_P@5_ab=0.9500  val_P@5_ag=0.8000  select=0.5679
Ep046  LR0=5.70e-05  pw=1.07  aucα=0.300  token_p=0.020  dropE=(0.020,0.080)  smooth=0.010  train_loss=0.1669  train_AUPR_all=0.8046  train_AUPR_ab=0.8529  train_AUPR_ag=0.7334  train_P@5_ab=1.0000  train_P@5_ag=1.0000  val_loss=0.3000  val_AUPR_all=0.6035  val_AUPR_ab=0.7537  val_AUPR_ag=0.3923  val_P@5_ab=0.9500  val_P@5_ag=0.7500  select=0.5730
Ep047  LR0=5.30e-05  pw=1.06  aucα=0.300  token_p=0.020  dropE=(0.020,0.080)  smooth=0.010  train_loss=0.1617  train_AUPR_all=0.8151  train_AUPR_ab=0.8624  train_AUPR_ag=0.7452  train_P@5_ab=1.0000  train_P@5_ag=1.0000  val_loss=0.3012  val_AUPR_all=0.6037  val_AUPR_ab=0.7566  val_AUPR_ag=0.3814  val_P@5_ab=0.9500  val_P@5_ag=0.6500  select=0.5690
Ep048  LR0=4.91e-05  pw=1.05  aucα=0.300  token_p=0.020  dropE=(0.020,0.080)  smooth=0.010  train_loss=0.1608  train_AUPR_all=0.8151  train_AUPR_ab=0.8627  train_AUPR_ag=0.7444  train_P@5_ab=1.0000  train_P@5_ag=1.0000  val_loss=0.3015  val_AUPR_all=0.6015  val_AUPR_ab=0.7531  val_AUPR_ag=0.3848  val_P@5_ab=1.0000  val_P@5_ag=0.6000  select=0.5689
Ep049  LR0=4.53e-05  pw=1.05  aucα=0.300  token_p=0.020  dropE=(0.020,0.080)  smooth=0.010  train_loss=0.1579  train_AUPR_all=0.8204  train_AUPR_ab=0.8657  train_AUPR_ag=0.7538  train_P@5_ab=1.0000  train_P@5_ag=1.0000  val_loss=0.2962  val_AUPR_all=0.6044  val_AUPR_ab=0.7509  val_AUPR_ag=0.3960  val_P@5_ab=1.0000  val_P@5_ag=0.6500  select=0.5734
Ep050  LR0=4.16e-05  pw=1.04  aucα=0.300  token_p=0.020  dropE=(0.020,0.080)  smooth=0.010  train_loss=0.1528  train_AUPR_all=0.8287  train_AUPR_ab=0.8740  train_AUPR_ag=0.7613  train_P@5_ab=1.0000  train_P@5_ag=1.0000  val_loss=0.2955  val_AUPR_all=0.6034  val_AUPR_ab=0.7474  val_AUPR_ag=0.3990  val_P@5_ab=1.0000  val_P@5_ag=0.8000  select=0.5732
Ep051  LR0=3.81e-05  pw=1.04  aucα=0.300  token_p=0.020  dropE=(0.020,0.080)  smooth=0.010  train_loss=0.1561  train_AUPR_all=0.8204  train_AUPR_ab=0.8674  train_AUPR_ag=0.7505  train_P@5_ab=1.0000  train_P@5_ag=0.9000  val_loss=0.2940  val_AUPR_all=0.6073  val_AUPR_ab=0.7545  val_AUPR_ag=0.3996  val_P@5_ab=0.9500  val_P@5_ag=0.7500  select=0.5771
Ep052  LR0=3.46e-05  pw=1.03  aucα=0.300  token_p=0.020  dropE=(0.020,0.080)  smooth=0.010  train_loss=0.1519  train_AUPR_all=0.8278  train_AUPR_ab=0.8693  train_AUPR_ag=0.7668  train_P@5_ab=1.0000  train_P@5_ag=0.9500  val_loss=0.3011  val_AUPR_all=0.6077  val_AUPR_ab=0.7514  val_AUPR_ag=0.3991  val_P@5_ab=0.9500  val_P@5_ag=0.7500  select=0.5753
Ep053  LR0=3.13e-05  pw=1.03  aucα=0.300  token_p=0.020  dropE=(0.020,0.080)  smooth=0.010  train_loss=0.1504  train_AUPR_all=0.8303  train_AUPR_ab=0.8746  train_AUPR_ag=0.7642  train_P@5_ab=0.9500  train_P@5_ag=0.9500  val_loss=0.2990  val_AUPR_all=0.6063  val_AUPR_ab=0.7528  val_AUPR_ag=0.4022  val_P@5_ab=0.9500  val_P@5_ag=0.7000  select=0.5775
Ep054  LR0=2.82e-05  pw=1.03  aucα=0.300  token_p=0.020  dropE=(0.020,0.080)  smooth=0.010  train_loss=0.1494  train_AUPR_all=0.8332  train_AUPR_ab=0.8755  train_AUPR_ag=0.7708  train_P@5_ab=1.0000  train_P@5_ag=0.9500  val_loss=0.2980  val_AUPR_all=0.6061  val_AUPR_ab=0.7549  val_AUPR_ag=0.3946  val_P@5_ab=0.9500  val_P@5_ag=0.6500  select=0.5747
Ep055  LR0=2.51e-05  pw=1.02  aucα=0.300  token_p=0.020  dropE=(0.020,0.080)  smooth=0.010  train_loss=0.1457  train_AUPR_all=0.8392  train_AUPR_ab=0.8811  train_AUPR_ag=0.7766  train_P@5_ab=1.0000  train_P@5_ag=1.0000  val_loss=0.2995  val_AUPR_all=0.6093  val_AUPR_ab=0.7549  val_AUPR_ag=0.3968  val_P@5_ab=0.9500  val_P@5_ag=0.5500  select=0.5759
Ep056  LR0=2.23e-05  pw=1.02  aucα=0.300  token_p=0.020  dropE=(0.020,0.080)  smooth=0.010  train_loss=0.1460  train_AUPR_all=0.8382  train_AUPR_ab=0.8802  train_AUPR_ag=0.7755  train_P@5_ab=1.0000  train_P@5_ag=1.0000  val_loss=0.2996  val_AUPR_all=0.6053  val_AUPR_ab=0.7548  val_AUPR_ag=0.3931  val_P@5_ab=0.9500  val_P@5_ag=0.7000  select=0.5740
Ep057  LR0=1.96e-05  pw=1.02  aucα=0.300  token_p=0.020  dropE=(0.020,0.080)  smooth=0.010  train_loss=0.1383  train_AUPR_all=0.8516  train_AUPR_ab=0.8893  train_AUPR_ag=0.7956  train_P@5_ab=1.0000  train_P@5_ag=1.0000  val_loss=0.3076  val_AUPR_all=0.6012  val_AUPR_ab=0.7503  val_AUPR_ag=0.3940  val_P@5_ab=1.0000  val_P@5_ag=0.6000  select=0.5721
Ep058  LR0=1.70e-05  pw=1.02  aucα=0.300  token_p=0.020  dropE=(0.020,0.080)  smooth=0.010  train_loss=0.1378  train_AUPR_all=0.8529  train_AUPR_ab=0.8920  train_AUPR_ag=0.7944  train_P@5_ab=1.0000  train_P@5_ag=1.0000  val_loss=0.3083  val_AUPR_all=0.6002  val_AUPR_ab=0.7517  val_AUPR_ag=0.3876  val_P@5_ab=0.9000  val_P@5_ag=0.6500  select=0.5697
Ep059  LR0=1.46e-05  pw=1.01  aucα=0.300  token_p=0.020  dropE=(0.020,0.080)  smooth=0.010  train_loss=0.1356  train_AUPR_all=0.8573  train_AUPR_ab=0.8938  train_AUPR_ag=0.8031  train_P@5_ab=1.0000  train_P@5_ag=1.0000  val_loss=0.3095  val_AUPR_all=0.5971  val_AUPR_ab=0.7483  val_AUPR_ag=0.3867  val_P@5_ab=0.9500  val_P@5_ag=0.7000  select=0.5675
Ep060  LR0=1.24e-05  pw=1.01  aucα=0.300  token_p=0.020  dropE=(0.020,0.080)  smooth=0.010  train_loss=0.1375  train_AUPR_all=0.8532  train_AUPR_ab=0.8926  train_AUPR_ag=0.7944  train_P@5_ab=1.0000  train_P@5_ag=1.0000  val_loss=0.3090  val_AUPR_all=0.6016  val_AUPR_ab=0.7530  val_AUPR_ag=0.3918  val_P@5_ab=0.9500  val_P@5_ag=0.7500  select=0.5724
Ep061  LR0=1.04e-05  pw=1.01  aucα=0.300  token_p=0.020  dropE=(0.020,0.080)  smooth=0.010  train_loss=0.1385  train_AUPR_all=0.8515  train_AUPR_ab=0.8910  train_AUPR_ag=0.7928  train_P@5_ab=1.0000  train_P@5_ag=1.0000  val_loss=0.3054  val_AUPR_all=0.5992  val_AUPR_ab=0.7520  val_AUPR_ag=0.3886  val_P@5_ab=0.9500  val_P@5_ag=0.7000  select=0.5703
Ep062  LR0=8.53e-06  pw=1.01  aucα=0.300  token_p=0.020  dropE=(0.020,0.080)  smooth=0.010  train_loss=0.1331  train_AUPR_all=0.8609  train_AUPR_ab=0.8954  train_AUPR_ag=0.8098  train_P@5_ab=1.0000  train_P@5_ag=1.0000  val_loss=0.3123  val_AUPR_all=0.5975  val_AUPR_ab=0.7517  val_AUPR_ag=0.3870  val_P@5_ab=0.9500  val_P@5_ag=0.8000  select=0.5693
Early stopping at epoch 62. Best select=0.5868 at epoch 42.
Final saved checkpoint for fold 1: checkpoints_newesm/iPara_balanced_l1_g8_i3_do0.10_dpr0.10_lr0.0002_heads16_fold1.pth
Best select=0.5868 at epoch 42

==========================================================================================
Fold 2/5
==========================================================================================
Train labels: valid=400834, pos=26650, neg=374184, ignore=696766, pos_frac=0.06649
Val labels: valid=99358, pos=6580, neg=92778, ignore=175842, pos_frac=0.06623
Initializing ClassificationModel with 8 GAT layers and residual connections...
Initializing MCModel with 8 GAT layers and 3 row attention layers (drop_path_rate=0.1, use_esm=True)
Initializing CoreModel with 1 layers, drop_path_rate=0.1
Ep001  LR0=2.00e-04  pw=20.00  aucα=0.000  token_p=0.020  dropE=(0.020,0.080)  smooth=0.010  train_loss=1.1571  train_AUPR_all=0.2467  train_AUPR_ab=0.3152  train_AUPR_ag=0.1704  train_P@5_ab=0.5000  train_P@5_ag=0.9000  val_loss=1.2684  val_AUPR_all=0.3489  val_AUPR_ab=0.4466  val_AUPR_ag=0.1876  val_P@5_ab=0.4500  val_P@5_ag=0.7500  select=0.3171
  Saved checkpoint: checkpoints_newesm/iPara_balanced_l1_g8_i3_do0.10_dpr0.10_lr0.0002_heads16_fold2.pth  select=0.3171  val_ab=0.4466  val_ag=0.1876  val_all=0.3489
Ep002  LR0=2.00e-04  pw=17.77  aucα=0.000  token_p=0.020  dropE=(0.020,0.080)  smooth=0.010  train_loss=0.8579  train_AUPR_all=0.3476  train_AUPR_ab=0.4409  train_AUPR_ag=0.2095  train_P@5_ab=0.4000  train_P@5_ag=0.6500  val_loss=1.0562  val_AUPR_all=0.4122  val_AUPR_ab=0.5373  val_AUPR_ag=0.2444  val_P@5_ab=0.7000  val_P@5_ag=0.5000  select=0.3908
  Saved checkpoint: checkpoints_newesm/iPara_balanced_l1_g8_i3_do0.10_dpr0.10_lr0.0002_heads16_fold2.pth  select=0.3908  val_ab=0.5373  val_ag=0.2444  val_all=0.4122
Ep003  LR0=2.00e-04  pw=15.80  aucα=0.000  token_p=0.020  dropE=(0.020,0.080)  smooth=0.010  train_loss=0.7231  train_AUPR_all=0.4153  train_AUPR_ab=0.5022  train_AUPR_ag=0.2675  train_P@5_ab=0.7000  train_P@5_ag=1.0000  val_loss=1.7283  val_AUPR_all=0.4514  val_AUPR_ab=0.5835  val_AUPR_ag=0.2610  val_P@5_ab=0.8500  val_P@5_ag=0.7000  select=0.4222
  Saved checkpoint: checkpoints_newesm/iPara_balanced_l1_g8_i3_do0.10_dpr0.10_lr0.0002_heads16_fold2.pth  select=0.4222  val_ab=0.5835  val_ag=0.2610  val_all=0.4514
Ep004  LR0=1.99e-04  pw=14.06  aucα=0.000  token_p=0.020  dropE=(0.020,0.080)  smooth=0.010  train_loss=0.6921  train_AUPR_all=0.4437  train_AUPR_ab=0.5316  train_AUPR_ag=0.2928  train_P@5_ab=0.6000  train_P@5_ag=0.9500  val_loss=0.9314  val_AUPR_all=0.4285  val_AUPR_ab=0.5429  val_AUPR_ag=0.2781  val_P@5_ab=0.5500  val_P@5_ag=1.0000  select=0.4105
Ep005  LR0=1.98e-04  pw=12.52  aucα=0.000  token_p=0.020  dropE=(0.020,0.080)  smooth=0.010  train_loss=0.6222  train_AUPR_all=0.4633  train_AUPR_ab=0.5513  train_AUPR_ag=0.3054  train_P@5_ab=0.6500  train_P@5_ag=0.9000  val_loss=0.8133  val_AUPR_all=0.4999  val_AUPR_ab=0.6056  val_AUPR_ag=0.3184  val_P@5_ab=0.8500  val_P@5_ag=0.7500  select=0.4620
  Saved checkpoint: checkpoints_newesm/iPara_balanced_l1_g8_i3_do0.10_dpr0.10_lr0.0002_heads16_fold2.pth  select=0.4620  val_ab=0.6056  val_ag=0.3184  val_all=0.4999
Ep006  LR0=1.97e-04  pw=11.17  aucα=0.000  token_p=0.020  dropE=(0.020,0.080)  smooth=0.010  train_loss=0.5736  train_AUPR_all=0.4852  train_AUPR_ab=0.5757  train_AUPR_ag=0.3162  train_P@5_ab=0.7000  train_P@5_ag=0.9000  val_loss=0.8432  val_AUPR_all=0.5034  val_AUPR_ab=0.6229  val_AUPR_ag=0.3090  val_P@5_ab=0.8500  val_P@5_ag=0.8000  select=0.4659
  Saved checkpoint: checkpoints_newesm/iPara_balanced_l1_g8_i3_do0.10_dpr0.10_lr0.0002_heads16_fold2.pth  select=0.4659  val_ab=0.6229  val_ag=0.3090  val_all=0.5034
Ep007  LR0=1.96e-04  pw=9.97  aucα=0.000  token_p=0.020  dropE=(0.020,0.080)  smooth=0.010  train_loss=0.5328  train_AUPR_all=0.4950  train_AUPR_ab=0.5820  train_AUPR_ag=0.3330  train_P@5_ab=0.6000  train_P@5_ag=0.8500  val_loss=0.9053  val_AUPR_all=0.4686  val_AUPR_ab=0.6043  val_AUPR_ag=0.2918  val_P@5_ab=0.4500  val_P@5_ag=0.8000  select=0.4480
Ep008  LR0=1.95e-04  pw=8.92  aucα=0.000  token_p=0.020  dropE=(0.020,0.080)  smooth=0.010  train_loss=0.4995  train_AUPR_all=0.5065  train_AUPR_ab=0.5954  train_AUPR_ag=0.3412  train_P@5_ab=0.9000  train_P@5_ag=0.8500  val_loss=0.7975  val_AUPR_all=0.5011  val_AUPR_ab=0.6220  val_AUPR_ag=0.2981  val_P@5_ab=0.8500  val_P@5_ag=0.8500  select=0.4600
Ep009  LR0=1.94e-04  pw=7.99  aucα=0.000  token_p=0.020  dropE=(0.020,0.080)  smooth=0.010  train_loss=0.4717  train_AUPR_all=0.5159  train_AUPR_ab=0.6133  train_AUPR_ag=0.3442  train_P@5_ab=0.7500  train_P@5_ag=0.9500  val_loss=0.7113  val_AUPR_all=0.5281  val_AUPR_ab=0.6313  val_AUPR_ag=0.3497  val_P@5_ab=0.7000  val_P@5_ag=1.0000  select=0.4905
  Saved checkpoint: checkpoints_newesm/iPara_balanced_l1_g8_i3_do0.10_dpr0.10_lr0.0002_heads16_fold2.pth  select=0.4905  val_ab=0.6313  val_ag=0.3497  val_all=0.5281
Ep010  LR0=1.92e-04  pw=7.17  aucα=0.030  token_p=0.020  dropE=(0.020,0.080)  smooth=0.010  train_loss=0.4533  train_AUPR_all=0.5229  train_AUPR_ab=0.6133  train_AUPR_ag=0.3569  train_P@5_ab=0.5000  train_P@5_ag=0.8500  val_loss=0.6306  val_AUPR_all=0.5341  val_AUPR_ab=0.6462  val_AUPR_ag=0.3519  val_P@5_ab=0.8000  val_P@5_ag=0.8000  select=0.4990
  Saved checkpoint: checkpoints_newesm/iPara_balanced_l1_g8_i3_do0.10_dpr0.10_lr0.0002_heads16_fold2.pth  select=0.4990  val_ab=0.6462  val_ag=0.3519  val_all=0.5341
Unfreezing DyM parameters.
Ep011  LR0=1.90e-04  pw=6.44  aucα=0.060  token_p=0.020  dropE=(0.020,0.080)  smooth=0.010  train_loss=0.4424  train_AUPR_all=0.5405  train_AUPR_ab=0.6414  train_AUPR_ag=0.3627  train_P@5_ab=0.7000  train_P@5_ag=0.9000  val_loss=0.6280  val_AUPR_all=0.5384  val_AUPR_ab=0.6433  val_AUPR_ag=0.3609  val_P@5_ab=0.7500  val_P@5_ag=0.8500  select=0.5021
  Saved checkpoint: checkpoints_newesm/iPara_balanced_l1_g8_i3_do0.10_dpr0.10_lr0.0002_heads16_fold2.pth  select=0.5021  val_ab=0.6433  val_ag=0.3609  val_all=0.5384
Ep012  LR0=1.88e-04  pw=5.80  aucα=0.090  token_p=0.020  dropE=(0.020,0.080)  smooth=0.010  train_loss=0.4335  train_AUPR_all=0.5449  train_AUPR_ab=0.6507  train_AUPR_ag=0.3663  train_P@5_ab=0.9000  train_P@5_ag=0.8000  val_loss=0.5794  val_AUPR_all=0.5055  val_AUPR_ab=0.6181  val_AUPR_ag=0.3239  val_P@5_ab=0.5000  val_P@5_ag=0.9500  select=0.4710
Ep013  LR0=1.86e-04  pw=5.24  aucα=0.120  token_p=0.020  dropE=(0.020,0.080)  smooth=0.010  train_loss=0.4234  train_AUPR_all=0.5548  train_AUPR_ab=0.6642  train_AUPR_ag=0.3712  train_P@5_ab=0.8000  train_P@5_ag=1.0000  val_loss=0.5755  val_AUPR_all=0.5362  val_AUPR_ab=0.6543  val_AUPR_ag=0.3397  val_P@5_ab=0.7500  val_P@5_ag=0.9000  select=0.4970
Ep014  LR0=1.83e-04  pw=4.74  aucα=0.150  token_p=0.020  dropE=(0.020,0.080)  smooth=0.010  train_loss=0.4150  train_AUPR_all=0.5584  train_AUPR_ab=0.6623  train_AUPR_ag=0.3828  train_P@5_ab=0.8500  train_P@5_ag=0.8000  val_loss=0.5912  val_AUPR_all=0.5443  val_AUPR_ab=0.6692  val_AUPR_ag=0.3407  val_P@5_ab=0.8000  val_P@5_ag=0.9500  select=0.5050
  Saved checkpoint: checkpoints_newesm/iPara_balanced_l1_g8_i3_do0.10_dpr0.10_lr0.0002_heads16_fold2.pth  select=0.5050  val_ab=0.6692  val_ag=0.3407  val_all=0.5443
Ep015  LR0=1.81e-04  pw=4.30  aucα=0.180  token_p=0.020  dropE=(0.020,0.080)  smooth=0.010  train_loss=0.4065  train_AUPR_all=0.5654  train_AUPR_ab=0.6779  train_AUPR_ag=0.3819  train_P@5_ab=0.8000  train_P@5_ag=0.8000  val_loss=0.5685  val_AUPR_all=0.5383  val_AUPR_ab=0.6764  val_AUPR_ag=0.3425  val_P@5_ab=0.9000  val_P@5_ag=0.9000  select=0.5094
  Saved checkpoint: checkpoints_newesm/iPara_balanced_l1_g8_i3_do0.10_dpr0.10_lr0.0002_heads16_fold2.pth  select=0.5094  val_ab=0.6764  val_ag=0.3425  val_all=0.5383
Ep016  LR0=1.78e-04  pw=3.91  aucα=0.210  token_p=0.020  dropE=(0.020,0.080)  smooth=0.010  train_loss=0.3972  train_AUPR_all=0.5852  train_AUPR_ab=0.6987  train_AUPR_ag=0.4034  train_P@5_ab=1.0000  train_P@5_ag=0.8500  val_loss=0.4927  val_AUPR_all=0.5525  val_AUPR_ab=0.6848  val_AUPR_ag=0.3492  val_P@5_ab=0.9000  val_P@5_ag=0.8500  select=0.5170
  Saved checkpoint: checkpoints_newesm/iPara_balanced_l1_g8_i3_do0.10_dpr0.10_lr0.0002_heads16_fold2.pth  select=0.5170  val_ab=0.6848  val_ag=0.3492  val_all=0.5525
Ep017  LR0=1.75e-04  pw=3.57  aucα=0.240  token_p=0.020  dropE=(0.020,0.080)  smooth=0.010  train_loss=0.3890  train_AUPR_all=0.5983  train_AUPR_ab=0.7109  train_AUPR_ag=0.4134  train_P@5_ab=0.8500  train_P@5_ag=0.8500  val_loss=0.4557  val_AUPR_all=0.5691  val_AUPR_ab=0.6970  val_AUPR_ag=0.3634  val_P@5_ab=1.0000  val_P@5_ag=0.9000  select=0.5302
  Saved checkpoint: checkpoints_newesm/iPara_balanced_l1_g8_i3_do0.10_dpr0.10_lr0.0002_heads16_fold2.pth  select=0.5302  val_ab=0.6970  val_ag=0.3634  val_all=0.5691
Ep018  LR0=1.72e-04  pw=3.27  aucα=0.270  token_p=0.020  dropE=(0.020,0.080)  smooth=0.010  train_loss=0.3877  train_AUPR_all=0.5952  train_AUPR_ab=0.7103  train_AUPR_ag=0.4165  train_P@5_ab=1.0000  train_P@5_ag=0.7500  val_loss=0.4716  val_AUPR_all=0.5435  val_AUPR_ab=0.6737  val_AUPR_ag=0.3639  val_P@5_ab=1.0000  val_P@5_ag=1.0000  select=0.5188
Ep019  LR0=1.69e-04  pw=3.00  aucα=0.300  token_p=0.020  dropE=(0.020,0.080)  smooth=0.010  train_loss=0.3846  train_AUPR_all=0.6014  train_AUPR_ab=0.7151  train_AUPR_ag=0.4218  train_P@5_ab=1.0000  train_P@5_ag=0.8500  val_loss=0.4335  val_AUPR_all=0.5756  val_AUPR_ab=0.7044  val_AUPR_ag=0.3705  val_P@5_ab=0.9000  val_P@5_ag=0.9500  select=0.5375
  Saved checkpoint: checkpoints_newesm/iPara_balanced_l1_g8_i3_do0.10_dpr0.10_lr0.0002_heads16_fold2.pth  select=0.5375  val_ab=0.7044  val_ag=0.3705  val_all=0.5756
Ep020  LR0=1.66e-04  pw=2.77  aucα=0.300  token_p=0.020  dropE=(0.020,0.080)  smooth=0.010  train_loss=0.3681  train_AUPR_all=0.6095  train_AUPR_ab=0.7225  train_AUPR_ag=0.4298  train_P@5_ab=0.9000  train_P@5_ag=0.9000  val_loss=0.4408  val_AUPR_all=0.5534  val_AUPR_ab=0.6878  val_AUPR_ag=0.3427  val_P@5_ab=0.9500  val_P@5_ag=0.8000  select=0.5152
Ep021  LR0=1.62e-04  pw=2.56  aucα=0.300  token_p=0.020  dropE=(0.020,0.080)  smooth=0.010  train_loss=0.3532  train_AUPR_all=0.6177  train_AUPR_ab=0.7274  train_AUPR_ag=0.4411  train_P@5_ab=1.0000  train_P@5_ag=0.9000  val_loss=0.4023  val_AUPR_all=0.5733  val_AUPR_ab=0.7055  val_AUPR_ag=0.3595  val_P@5_ab=1.0000  val_P@5_ag=0.8500  select=0.5325
Ep022  LR0=1.59e-04  pw=2.38  aucα=0.300  token_p=0.020  dropE=(0.020,0.080)  smooth=0.010  train_loss=0.3327  train_AUPR_all=0.6355  train_AUPR_ab=0.7429  train_AUPR_ag=0.4658  train_P@5_ab=0.9500  train_P@5_ag=0.9500  val_loss=0.4203  val_AUPR_all=0.5637  val_AUPR_ab=0.7047  val_AUPR_ag=0.3466  val_P@5_ab=0.9500  val_P@5_ag=0.9000  select=0.5257
Ep023  LR0=1.55e-04  pw=2.21  aucα=0.300  token_p=0.020  dropE=(0.020,0.080)  smooth=0.010  train_loss=0.3240  train_AUPR_all=0.6379  train_AUPR_ab=0.7441  train_AUPR_ag=0.4711  train_P@5_ab=1.0000  train_P@5_ag=0.7500  val_loss=0.3782  val_AUPR_all=0.5589  val_AUPR_ab=0.6952  val_AUPR_ag=0.3528  val_P@5_ab=1.0000  val_P@5_ag=0.8500  select=0.5240
Ep024  LR0=1.51e-04  pw=2.07  aucα=0.300  token_p=0.020  dropE=(0.020,0.080)  smooth=0.010  train_loss=0.3107  train_AUPR_all=0.6495  train_AUPR_ab=0.7543  train_AUPR_ag=0.4851  train_P@5_ab=1.0000  train_P@5_ag=0.9000  val_loss=0.3594  val_AUPR_all=0.5938  val_AUPR_ab=0.7234  val_AUPR_ag=0.3846  val_P@5_ab=0.9500  val_P@5_ag=0.9000  select=0.5540
  Saved checkpoint: checkpoints_newesm/iPara_balanced_l1_g8_i3_do0.10_dpr0.10_lr0.0002_heads16_fold2.pth  select=0.5540  val_ab=0.7234  val_ag=0.3846  val_all=0.5938
Ep025  LR0=1.48e-04  pw=1.95  aucα=0.300  token_p=0.020  dropE=(0.020,0.080)  smooth=0.010  train_loss=0.2986  train_AUPR_all=0.6546  train_AUPR_ab=0.7534  train_AUPR_ag=0.4984  train_P@5_ab=1.0000  train_P@5_ag=1.0000  val_loss=0.3518  val_AUPR_all=0.5937  val_AUPR_ab=0.7269  val_AUPR_ag=0.3912  val_P@5_ab=1.0000  val_P@5_ag=0.8000  select=0.5591
  Saved checkpoint: checkpoints_newesm/iPara_balanced_l1_g8_i3_do0.10_dpr0.10_lr0.0002_heads16_fold2.pth  select=0.5591  val_ab=0.7269  val_ag=0.3912  val_all=0.5937
Ep026  LR0=1.44e-04  pw=1.83  aucα=0.300  token_p=0.020  dropE=(0.020,0.080)  smooth=0.010  train_loss=0.2890  train_AUPR_all=0.6600  train_AUPR_ab=0.7570  train_AUPR_ag=0.5092  train_P@5_ab=1.0000  train_P@5_ag=0.9000  val_loss=0.3467  val_AUPR_all=0.5942  val_AUPR_ab=0.7315  val_AUPR_ag=0.3930  val_P@5_ab=0.9500  val_P@5_ag=0.8500  select=0.5622
  Saved checkpoint: checkpoints_newesm/iPara_balanced_l1_g8_i3_do0.10_dpr0.10_lr0.0002_heads16_fold2.pth  select=0.5622  val_ab=0.7315  val_ag=0.3930  val_all=0.5942
Ep027  LR0=1.39e-04  pw=1.74  aucα=0.300  token_p=0.020  dropE=(0.020,0.080)  smooth=0.010  train_loss=0.2808  train_AUPR_all=0.6649  train_AUPR_ab=0.7608  train_AUPR_ag=0.5148  train_P@5_ab=1.0000  train_P@5_ag=0.9000  val_loss=0.3405  val_AUPR_all=0.5814  val_AUPR_ab=0.7075  val_AUPR_ag=0.3887  val_P@5_ab=0.9500  val_P@5_ag=0.8500  select=0.5481
Ep028  LR0=1.35e-04  pw=1.65  aucα=0.300  token_p=0.020  dropE=(0.020,0.080)  smooth=0.010  train_loss=0.2711  train_AUPR_all=0.6751  train_AUPR_ab=0.7690  train_AUPR_ag=0.5303  train_P@5_ab=1.0000  train_P@5_ag=0.9500  val_loss=0.3265  val_AUPR_all=0.5985  val_AUPR_ab=0.7245  val_AUPR_ag=0.4046  val_P@5_ab=0.9500  val_P@5_ag=0.9000  select=0.5646
  Saved checkpoint: checkpoints_newesm/iPara_balanced_l1_g8_i3_do0.10_dpr0.10_lr0.0002_heads16_fold2.pth  select=0.5646  val_ab=0.7245  val_ag=0.4046  val_all=0.5985
Ep029  LR0=1.31e-04  pw=1.57  aucα=0.300  token_p=0.020  dropE=(0.020,0.080)  smooth=0.010  train_loss=0.2559  train_AUPR_all=0.6912  train_AUPR_ab=0.7801  train_AUPR_ag=0.5541  train_P@5_ab=0.9500  train_P@5_ag=0.9000  val_loss=0.3378  val_AUPR_all=0.5829  val_AUPR_ab=0.7238  val_AUPR_ag=0.3617  val_P@5_ab=0.9500  val_P@5_ag=0.9000  select=0.5428
Ep030  LR0=1.27e-04  pw=1.51  aucα=0.300  token_p=0.020  dropE=(0.020,0.080)  smooth=0.010  train_loss=0.2538  train_AUPR_all=0.6896  train_AUPR_ab=0.7768  train_AUPR_ag=0.5562  train_P@5_ab=1.0000  train_P@5_ag=0.9500  val_loss=0.3203  val_AUPR_all=0.5975  val_AUPR_ab=0.7272  val_AUPR_ag=0.3992  val_P@5_ab=1.0000  val_P@5_ag=0.9500  select=0.5632
Ep031  LR0=1.22e-04  pw=1.45  aucα=0.300  token_p=0.020  dropE=(0.020,0.080)  smooth=0.010  train_loss=0.2470  train_AUPR_all=0.6979  train_AUPR_ab=0.7814  train_AUPR_ag=0.5710  train_P@5_ab=1.0000  train_P@5_ag=1.0000  val_loss=0.3257  val_AUPR_all=0.5934  val_AUPR_ab=0.7323  val_AUPR_ag=0.3925  val_P@5_ab=0.9500  val_P@5_ag=0.9500  select=0.5624
Ep032  LR0=1.18e-04  pw=1.39  aucα=0.300  token_p=0.020  dropE=(0.020,0.080)  smooth=0.010  train_loss=0.2392  train_AUPR_all=0.7055  train_AUPR_ab=0.7914  train_AUPR_ag=0.5744  train_P@5_ab=0.9500  train_P@5_ag=1.0000  val_loss=0.3162  val_AUPR_all=0.6061  val_AUPR_ab=0.7418  val_AUPR_ag=0.4002  val_P@5_ab=0.9500  val_P@5_ag=1.0000  select=0.5710
  Saved checkpoint: checkpoints_newesm/iPara_balanced_l1_g8_i3_do0.10_dpr0.10_lr0.0002_heads16_fold2.pth  select=0.5710  val_ab=0.7418  val_ag=0.4002  val_all=0.6061
Ep033  LR0=1.14e-04  pw=1.35  aucα=0.300  token_p=0.020  dropE=(0.020,0.080)  smooth=0.010  train_loss=0.2321  train_AUPR_all=0.7122  train_AUPR_ab=0.7916  train_AUPR_ag=0.5924  train_P@5_ab=1.0000  train_P@5_ag=0.9500  val_loss=0.3227  val_AUPR_all=0.5978  val_AUPR_ab=0.7381  val_AUPR_ag=0.4047  val_P@5_ab=1.0000  val_P@5_ag=0.9500  select=0.5714
  Saved checkpoint: checkpoints_newesm/iPara_balanced_l1_g8_i3_do0.10_dpr0.10_lr0.0002_heads16_fold2.pth  select=0.5714  val_ab=0.7381  val_ag=0.4047  val_all=0.5978
Ep034  LR0=1.09e-04  pw=1.31  aucα=0.300  token_p=0.020  dropE=(0.020,0.080)  smooth=0.010  train_loss=0.2256  train_AUPR_all=0.7216  train_AUPR_ab=0.7977  train_AUPR_ag=0.6074  train_P@5_ab=1.0000  train_P@5_ag=0.9500  val_loss=0.3113  val_AUPR_all=0.6034  val_AUPR_ab=0.7456  val_AUPR_ag=0.3918  val_P@5_ab=1.0000  val_P@5_ag=0.8500  select=0.5687
Ep035  LR0=1.05e-04  pw=1.27  aucα=0.300  token_p=0.020  dropE=(0.020,0.080)  smooth=0.010  train_loss=0.2180  train_AUPR_all=0.7320  train_AUPR_ab=0.8018  train_AUPR_ag=0.6277  train_P@5_ab=1.0000  train_P@5_ag=1.0000  val_loss=0.3144  val_AUPR_all=0.6057  val_AUPR_ab=0.7456  val_AUPR_ag=0.4094  val_P@5_ab=1.0000  val_P@5_ag=0.9500  select=0.5775
  Saved checkpoint: checkpoints_newesm/iPara_balanced_l1_g8_i3_do0.10_dpr0.10_lr0.0002_heads16_fold2.pth  select=0.5775  val_ab=0.7456  val_ag=0.4094  val_all=0.6057
Ep036  LR0=1.00e-04  pw=1.24  aucα=0.300  token_p=0.020  dropE=(0.020,0.080)  smooth=0.010  train_loss=0.2128  train_AUPR_all=0.7384  train_AUPR_ab=0.8093  train_AUPR_ag=0.6329  train_P@5_ab=1.0000  train_P@5_ag=0.9500  val_loss=0.3016  val_AUPR_all=0.6135  val_AUPR_ab=0.7462  val_AUPR_ag=0.4154  val_P@5_ab=1.0000  val_P@5_ag=1.0000  select=0.5808
  Saved checkpoint: checkpoints_newesm/iPara_balanced_l1_g8_i3_do0.10_dpr0.10_lr0.0002_heads16_fold2.pth  select=0.5808  val_ab=0.7462  val_ag=0.4154  val_all=0.6135
Ep037  LR0=9.58e-05  pw=1.21  aucα=0.300  token_p=0.020  dropE=(0.020,0.080)  smooth=0.010  train_loss=0.2035  train_AUPR_all=0.7519  train_AUPR_ab=0.8179  train_AUPR_ag=0.6541  train_P@5_ab=1.0000  train_P@5_ag=0.9500  val_loss=0.3055  val_AUPR_all=0.6036  val_AUPR_ab=0.7383  val_AUPR_ag=0.4115  val_P@5_ab=1.0000  val_P@5_ag=1.0000  select=0.5749
Ep038  LR0=9.13e-05  pw=1.19  aucα=0.300  token_p=0.020  dropE=(0.020,0.080)  smooth=0.010  train_loss=0.2002  train_AUPR_all=0.7550  train_AUPR_ab=0.8203  train_AUPR_ag=0.6589  train_P@5_ab=1.0000  train_P@5_ag=1.0000  val_loss=0.3046  val_AUPR_all=0.6041  val_AUPR_ab=0.7428  val_AUPR_ag=0.4113  val_P@5_ab=1.0000  val_P@5_ag=0.9500  select=0.5771
Ep039  LR0=8.69e-05  pw=1.16  aucα=0.300  token_p=0.020  dropE=(0.020,0.080)  smooth=0.010  train_loss=0.1945  train_AUPR_all=0.7644  train_AUPR_ab=0.8275  train_AUPR_ag=0.6712  train_P@5_ab=1.0000  train_P@5_ag=1.0000  val_loss=0.3110  val_AUPR_all=0.5941  val_AUPR_ab=0.7443  val_AUPR_ag=0.4005  val_P@5_ab=1.0000  val_P@5_ag=0.9000  select=0.5724
Ep040  LR0=8.24e-05  pw=1.15  aucα=0.300  token_p=0.020  dropE=(0.020,0.080)  smooth=0.010  train_loss=0.1938  train_AUPR_all=0.7640  train_AUPR_ab=0.8236  train_AUPR_ag=0.6772  train_P@5_ab=1.0000  train_P@5_ag=1.0000  val_loss=0.3054  val_AUPR_all=0.6042  val_AUPR_ab=0.7432  val_AUPR_ag=0.4056  val_P@5_ab=1.0000  val_P@5_ag=0.8000  select=0.5744
Ep041  LR0=7.81e-05  pw=1.13  aucα=0.300  token_p=0.020  dropE=(0.020,0.080)  smooth=0.010  train_loss=0.1880  train_AUPR_all=0.7726  train_AUPR_ab=0.8323  train_AUPR_ag=0.6852  train_P@5_ab=1.0000  train_P@5_ag=0.9500  val_loss=0.3082  val_AUPR_all=0.6015  val_AUPR_ab=0.7535  val_AUPR_ag=0.3988  val_P@5_ab=1.0000  val_P@5_ag=1.0000  select=0.5761
Ep042  LR0=7.37e-05  pw=1.11  aucα=0.300  token_p=0.020  dropE=(0.020,0.080)  smooth=0.010  train_loss=0.1846  train_AUPR_all=0.7753  train_AUPR_ab=0.8296  train_AUPR_ag=0.6964  train_P@5_ab=1.0000  train_P@5_ag=0.9500  val_loss=0.2973  val_AUPR_all=0.6072  val_AUPR_ab=0.7480  val_AUPR_ag=0.4105  val_P@5_ab=1.0000  val_P@5_ag=0.9000  select=0.5792
Ep043  LR0=6.94e-05  pw=1.10  aucα=0.300  token_p=0.020  dropE=(0.020,0.080)  smooth=0.010  train_loss=0.1814  train_AUPR_all=0.7806  train_AUPR_ab=0.8363  train_AUPR_ag=0.6997  train_P@5_ab=0.9500  train_P@5_ag=1.0000  val_loss=0.3125  val_AUPR_all=0.5936  val_AUPR_ab=0.7389  val_AUPR_ag=0.4071  val_P@5_ab=1.0000  val_P@5_ag=1.0000  select=0.5730
Ep044  LR0=6.52e-05  pw=1.09  aucα=0.300  token_p=0.020  dropE=(0.020,0.080)  smooth=0.010  train_loss=0.1766  train_AUPR_all=0.7902  train_AUPR_ab=0.8422  train_AUPR_ag=0.7151  train_P@5_ab=1.0000  train_P@5_ag=1.0000  val_loss=0.2955  val_AUPR_all=0.6126  val_AUPR_ab=0.7514  val_AUPR_ag=0.4208  val_P@5_ab=1.0000  val_P@5_ag=1.0000  select=0.5861
  Saved checkpoint: checkpoints_newesm/iPara_balanced_l1_g8_i3_do0.10_dpr0.10_lr0.0002_heads16_fold2.pth  select=0.5861  val_ab=0.7514  val_ag=0.4208  val_all=0.6126
Ep045  LR0=6.10e-05  pw=1.08  aucα=0.300  token_p=0.020  dropE=(0.020,0.080)  smooth=0.010  train_loss=0.1737  train_AUPR_all=0.7949  train_AUPR_ab=0.8470  train_AUPR_ag=0.7194  train_P@5_ab=0.9500  train_P@5_ag=1.0000  val_loss=0.2948  val_AUPR_all=0.6124  val_AUPR_ab=0.7461  val_AUPR_ag=0.4145  val_P@5_ab=0.9500  val_P@5_ag=0.9500  select=0.5803
Ep046  LR0=5.70e-05  pw=1.07  aucα=0.300  token_p=0.020  dropE=(0.020,0.080)  smooth=0.010  train_loss=0.1726  train_AUPR_all=0.7950  train_AUPR_ab=0.8456  train_AUPR_ag=0.7219  train_P@5_ab=1.0000  train_P@5_ag=1.0000  val_loss=0.3016  val_AUPR_all=0.6025  val_AUPR_ab=0.7508  val_AUPR_ag=0.3968  val_P@5_ab=1.0000  val_P@5_ag=0.8500  select=0.5738
Ep047  LR0=5.30e-05  pw=1.06  aucα=0.300  token_p=0.020  dropE=(0.020,0.080)  smooth=0.010  train_loss=0.1659  train_AUPR_all=0.8065  train_AUPR_ab=0.8562  train_AUPR_ag=0.7342  train_P@5_ab=1.0000  train_P@5_ag=0.9500  val_loss=0.2989  val_AUPR_all=0.6056  val_AUPR_ab=0.7474  val_AUPR_ag=0.4106  val_P@5_ab=1.0000  val_P@5_ag=0.9500  select=0.5790
Ep048  LR0=4.91e-05  pw=1.05  aucα=0.300  token_p=0.020  dropE=(0.020,0.080)  smooth=0.010  train_loss=0.1634  train_AUPR_all=0.8108  train_AUPR_ab=0.8605  train_AUPR_ag=0.7384  train_P@5_ab=1.0000  train_P@5_ag=1.0000  val_loss=0.2979  val_AUPR_all=0.6095  val_AUPR_ab=0.7539  val_AUPR_ag=0.4080  val_P@5_ab=1.0000  val_P@5_ag=0.9500  select=0.5809
Ep049  LR0=4.53e-05  pw=1.05  aucα=0.300  token_p=0.020  dropE=(0.020,0.080)  smooth=0.010  train_loss=0.1616  train_AUPR_all=0.8134  train_AUPR_ab=0.8603  train_AUPR_ag=0.7457  train_P@5_ab=1.0000  train_P@5_ag=1.0000  val_loss=0.2914  val_AUPR_all=0.6128  val_AUPR_ab=0.7526  val_AUPR_ag=0.4107  val_P@5_ab=0.9500  val_P@5_ag=1.0000  select=0.5816
Ep050  LR0=4.16e-05  pw=1.04  aucα=0.300  token_p=0.020  dropE=(0.020,0.080)  smooth=0.010  train_loss=0.1580  train_AUPR_all=0.8185  train_AUPR_ab=0.8653  train_AUPR_ag=0.7507  train_P@5_ab=1.0000  train_P@5_ag=1.0000  val_loss=0.2945  val_AUPR_all=0.6108  val_AUPR_ab=0.7562  val_AUPR_ag=0.4127  val_P@5_ab=1.0000  val_P@5_ag=1.0000  select=0.5844
Ep051  LR0=3.81e-05  pw=1.04  aucα=0.300  token_p=0.020  dropE=(0.020,0.080)  smooth=0.010  train_loss=0.1607  train_AUPR_all=0.8144  train_AUPR_ab=0.8607  train_AUPR_ag=0.7476  train_P@5_ab=1.0000  train_P@5_ag=1.0000  val_loss=0.2996  val_AUPR_all=0.6105  val_AUPR_ab=0.7521  val_AUPR_ag=0.4038  val_P@5_ab=0.9000  val_P@5_ag=0.9000  select=0.5779
Ep052  LR0=3.46e-05  pw=1.03  aucα=0.300  token_p=0.020  dropE=(0.020,0.080)  smooth=0.010  train_loss=0.1572  train_AUPR_all=0.8195  train_AUPR_ab=0.8628  train_AUPR_ag=0.7570  train_P@5_ab=1.0000  train_P@5_ag=1.0000  val_loss=0.2963  val_AUPR_all=0.6061  val_AUPR_ab=0.7511  val_AUPR_ag=0.4049  val_P@5_ab=1.0000  val_P@5_ag=1.0000  select=0.5780
Ep053  LR0=3.13e-05  pw=1.03  aucα=0.300  token_p=0.020  dropE=(0.020,0.080)  smooth=0.010  train_loss=0.1537  train_AUPR_all=0.8264  train_AUPR_ab=0.8656  train_AUPR_ag=0.7707  train_P@5_ab=1.0000  train_P@5_ag=1.0000  val_loss=0.3003  val_AUPR_all=0.6083  val_AUPR_ab=0.7541  val_AUPR_ag=0.4061  val_P@5_ab=1.0000  val_P@5_ag=0.9500  select=0.5801
Ep054  LR0=2.82e-05  pw=1.03  aucα=0.300  token_p=0.020  dropE=(0.020,0.080)  smooth=0.010  train_loss=0.1544  train_AUPR_all=0.8246  train_AUPR_ab=0.8684  train_AUPR_ag=0.7617  train_P@5_ab=1.0000  train_P@5_ag=1.0000  val_loss=0.3021  val_AUPR_all=0.6025  val_AUPR_ab=0.7521  val_AUPR_ag=0.4010  val_P@5_ab=1.0000  val_P@5_ag=0.9500  select=0.5766
Ep055  LR0=2.51e-05  pw=1.02  aucα=0.300  token_p=0.020  dropE=(0.020,0.080)  smooth=0.010  train_loss=0.1529  train_AUPR_all=0.8261  train_AUPR_ab=0.8701  train_AUPR_ag=0.7626  train_P@5_ab=1.0000  train_P@5_ag=0.9500  val_loss=0.2948  val_AUPR_all=0.6126  val_AUPR_ab=0.7540  val_AUPR_ag=0.4113  val_P@5_ab=1.0000  val_P@5_ag=0.9500  select=0.5827
Ep056  LR0=2.23e-05  pw=1.02  aucα=0.300  token_p=0.020  dropE=(0.020,0.080)  smooth=0.010  train_loss=0.1446  train_AUPR_all=0.8418  train_AUPR_ab=0.8807  train_AUPR_ag=0.7857  train_P@5_ab=1.0000  train_P@5_ag=1.0000  val_loss=0.3006  val_AUPR_all=0.6032  val_AUPR_ab=0.7551  val_AUPR_ag=0.3914  val_P@5_ab=1.0000  val_P@5_ag=0.9000  select=0.5732
Ep057  LR0=1.96e-05  pw=1.02  aucα=0.300  token_p=0.020  dropE=(0.020,0.080)  smooth=0.010  train_loss=0.1493  train_AUPR_all=0.8337  train_AUPR_ab=0.8770  train_AUPR_ag=0.7708  train_P@5_ab=1.0000  train_P@5_ag=1.0000  val_loss=0.3019  val_AUPR_all=0.5993  val_AUPR_ab=0.7487  val_AUPR_ag=0.3897  val_P@5_ab=1.0000  val_P@5_ag=0.9000  select=0.5692
Ep058  LR0=1.70e-05  pw=1.02  aucα=0.300  token_p=0.020  dropE=(0.020,0.080)  smooth=0.010  train_loss=0.1456  train_AUPR_all=0.8390  train_AUPR_ab=0.8781  train_AUPR_ag=0.7827  train_P@5_ab=1.0000  train_P@5_ag=1.0000  val_loss=0.2985  val_AUPR_all=0.6038  val_AUPR_ab=0.7509  val_AUPR_ag=0.3998  val_P@5_ab=0.9500  val_P@5_ag=0.9000  select=0.5753
Ep059  LR0=1.46e-05  pw=1.01  aucα=0.300  token_p=0.020  dropE=(0.020,0.080)  smooth=0.010  train_loss=0.1445  train_AUPR_all=0.8411  train_AUPR_ab=0.8785  train_AUPR_ag=0.7879  train_P@5_ab=1.0000  train_P@5_ag=1.0000  val_loss=0.3028  val_AUPR_all=0.6026  val_AUPR_ab=0.7552  val_AUPR_ag=0.3892  val_P@5_ab=1.0000  val_P@5_ag=0.9000  select=0.5722
Ep060  LR0=1.24e-05  pw=1.01  aucα=0.300  token_p=0.020  dropE=(0.020,0.080)  smooth=0.010  train_loss=0.1454  train_AUPR_all=0.8393  train_AUPR_ab=0.8762  train_AUPR_ag=0.7868  train_P@5_ab=1.0000  train_P@5_ag=1.0000  val_loss=0.3023  val_AUPR_all=0.6053  val_AUPR_ab=0.7560  val_AUPR_ag=0.3960  val_P@5_ab=1.0000  val_P@5_ag=0.9000  select=0.5760
Ep061  LR0=1.04e-05  pw=1.01  aucα=0.300  token_p=0.020  dropE=(0.020,0.080)  smooth=0.010  train_loss=0.1415  train_AUPR_all=0.8462  train_AUPR_ab=0.8834  train_AUPR_ag=0.7929  train_P@5_ab=0.9500  train_P@5_ag=1.0000  val_loss=0.3031  val_AUPR_all=0.6021  val_AUPR_ab=0.7549  val_AUPR_ag=0.3924  val_P@5_ab=1.0000  val_P@5_ag=0.9000  select=0.5737
Ep062  LR0=8.53e-06  pw=1.01  aucα=0.300  token_p=0.020  dropE=(0.020,0.080)  smooth=0.010  train_loss=0.1373  train_AUPR_all=0.8534  train_AUPR_ab=0.8920  train_AUPR_ag=0.7969  train_P@5_ab=1.0000  train_P@5_ag=1.0000  val_loss=0.3038  val_AUPR_all=0.6034  val_AUPR_ab=0.7537  val_AUPR_ag=0.3901  val_P@5_ab=1.0000  val_P@5_ag=0.9000  select=0.5719
Ep063  LR0=6.86e-06  pw=1.01  aucα=0.300  token_p=0.020  dropE=(0.020,0.080)  smooth=0.010  train_loss=0.1381  train_AUPR_all=0.8523  train_AUPR_ab=0.8894  train_AUPR_ag=0.7989  train_P@5_ab=1.0000  train_P@5_ag=1.0000  val_loss=0.3050  val_AUPR_all=0.6008  val_AUPR_ab=0.7549  val_AUPR_ag=0.3893  val_P@5_ab=1.0000  val_P@5_ag=0.9000  select=0.5721
Ep064  LR0=5.38e-06  pw=1.01  aucα=0.300  token_p=0.020  dropE=(0.020,0.080)  smooth=0.010  train_loss=0.1395  train_AUPR_all=0.8498  train_AUPR_ab=0.8848  train_AUPR_ag=0.7996  train_P@5_ab=1.0000  train_P@5_ag=1.0000  val_loss=0.3032  val_AUPR_all=0.6027  val_AUPR_ab=0.7553  val_AUPR_ag=0.3949  val_P@5_ab=1.0000  val_P@5_ag=0.9000  select=0.5751
Early stopping at epoch 64. Best select=0.5861 at epoch 44.
Final saved checkpoint for fold 2: checkpoints_newesm/iPara_balanced_l1_g8_i3_do0.10_dpr0.10_lr0.0002_heads16_fold2.pth
Best select=0.5861 at epoch 44

==========================================================================================
Fold 3/5
==========================================================================================
Train labels: valid=401949, pos=26660, neg=375289, ignore=695651, pos_frac=0.06633
Val labels: valid=98243, pos=6570, neg=91673, ignore=176957, pos_frac=0.06687
Initializing ClassificationModel with 8 GAT layers and residual connections...
Initializing MCModel with 8 GAT layers and 3 row attention layers (drop_path_rate=0.1, use_esm=True)
Initializing CoreModel with 1 layers, drop_path_rate=0.1
Ep001  LR0=2.00e-04  pw=20.00  aucα=0.000  token_p=0.020  dropE=(0.020,0.080)  smooth=0.010  train_loss=1.3157  train_AUPR_all=0.1601  train_AUPR_ab=0.1739  train_AUPR_ag=0.1408  train_P@5_ab=0.0000  train_P@5_ag=0.2000  val_loss=1.4247  val_AUPR_all=0.3457  val_AUPR_ab=0.4380  val_AUPR_ag=0.2013  val_P@5_ab=0.8000  val_P@5_ag=0.8500  select=0.3197
  Saved checkpoint: checkpoints_newesm/iPara_balanced_l1_g8_i3_do0.10_dpr0.10_lr0.0002_heads16_fold3.pth  select=0.3197  val_ab=0.4380  val_ag=0.2013  val_all=0.3457
Ep002  LR0=2.00e-04  pw=17.77  aucα=0.000  token_p=0.020  dropE=(0.020,0.080)  smooth=0.010  train_loss=0.8356  train_AUPR_all=0.3707  train_AUPR_ab=0.4644  train_AUPR_ag=0.2199  train_P@5_ab=0.7500  train_P@5_ag=0.9000  val_loss=1.3395  val_AUPR_all=0.4308  val_AUPR_ab=0.5302  val_AUPR_ag=0.2731  val_P@5_ab=0.7500  val_P@5_ag=0.9000  select=0.4017
  Saved checkpoint: checkpoints_newesm/iPara_balanced_l1_g8_i3_do0.10_dpr0.10_lr0.0002_heads16_fold3.pth  select=0.4017  val_ab=0.5302  val_ag=0.2731  val_all=0.4308
Ep003  LR0=2.00e-04  pw=15.80  aucα=0.000  token_p=0.020  dropE=(0.020,0.080)  smooth=0.010  train_loss=0.7608  train_AUPR_all=0.4036  train_AUPR_ab=0.4890  train_AUPR_ag=0.2584  train_P@5_ab=0.7500  train_P@5_ag=1.0000  val_loss=1.1868  val_AUPR_all=0.4438  val_AUPR_ab=0.5530  val_AUPR_ag=0.2565  val_P@5_ab=0.9500  val_P@5_ag=0.9500  select=0.4047
  Saved checkpoint: checkpoints_newesm/iPara_balanced_l1_g8_i3_do0.10_dpr0.10_lr0.0002_heads16_fold3.pth  select=0.4047  val_ab=0.5530  val_ag=0.2565  val_all=0.4438
Ep004  LR0=1.99e-04  pw=14.06  aucα=0.000  token_p=0.020  dropE=(0.020,0.080)  smooth=0.010  train_loss=0.6821  train_AUPR_all=0.4324  train_AUPR_ab=0.5250  train_AUPR_ag=0.2749  train_P@5_ab=0.8000  train_P@5_ag=0.6500  val_loss=1.7388  val_AUPR_all=0.4566  val_AUPR_ab=0.5983  val_AUPR_ag=0.2465  val_P@5_ab=0.8000  val_P@5_ag=1.0000  select=0.4224
  Saved checkpoint: checkpoints_newesm/iPara_balanced_l1_g8_i3_do0.10_dpr0.10_lr0.0002_heads16_fold3.pth  select=0.4224  val_ab=0.5983  val_ag=0.2465  val_all=0.4566
Ep005  LR0=1.98e-04  pw=12.52  aucα=0.000  token_p=0.020  dropE=(0.020,0.080)  smooth=0.010  train_loss=0.6194  train_AUPR_all=0.4628  train_AUPR_ab=0.5623  train_AUPR_ag=0.2921  train_P@5_ab=0.5500  train_P@5_ag=0.7500  val_loss=1.2804  val_AUPR_all=0.4383  val_AUPR_ab=0.5561  val_AUPR_ag=0.2565  val_P@5_ab=0.8500  val_P@5_ag=0.2500  select=0.4063
Ep006  LR0=1.97e-04  pw=11.17  aucα=0.000  token_p=0.020  dropE=(0.020,0.080)  smooth=0.010  train_loss=0.5874  train_AUPR_all=0.4746  train_AUPR_ab=0.5653  train_AUPR_ag=0.3145  train_P@5_ab=0.7500  train_P@5_ag=1.0000  val_loss=0.8824  val_AUPR_all=0.5040  val_AUPR_ab=0.6330  val_AUPR_ag=0.2995  val_P@5_ab=0.8500  val_P@5_ag=1.0000  select=0.4663
  Saved checkpoint: checkpoints_newesm/iPara_balanced_l1_g8_i3_do0.10_dpr0.10_lr0.0002_heads16_fold3.pth  select=0.4663  val_ab=0.6330  val_ag=0.2995  val_all=0.5040
Ep007  LR0=1.96e-04  pw=9.97  aucα=0.000  token_p=0.020  dropE=(0.020,0.080)  smooth=0.010  train_loss=0.5438  train_AUPR_all=0.4958  train_AUPR_ab=0.5894  train_AUPR_ag=0.3313  train_P@5_ab=0.9500  train_P@5_ag=0.9500  val_loss=0.9673  val_AUPR_all=0.4732  val_AUPR_ab=0.6080  val_AUPR_ag=0.2613  val_P@5_ab=0.9000  val_P@5_ag=0.7500  select=0.4346
Ep008  LR0=1.95e-04  pw=8.92  aucα=0.000  token_p=0.020  dropE=(0.020,0.080)  smooth=0.010  train_loss=0.5101  train_AUPR_all=0.5046  train_AUPR_ab=0.6087  train_AUPR_ag=0.3251  train_P@5_ab=0.9500  train_P@5_ag=1.0000  val_loss=0.8571  val_AUPR_all=0.5164  val_AUPR_ab=0.6497  val_AUPR_ag=0.3117  val_P@5_ab=0.8500  val_P@5_ag=0.9500  select=0.4807
  Saved checkpoint: checkpoints_newesm/iPara_balanced_l1_g8_i3_do0.10_dpr0.10_lr0.0002_heads16_fold3.pth  select=0.4807  val_ab=0.6497  val_ag=0.3117  val_all=0.5164
Ep009  LR0=1.94e-04  pw=7.99  aucα=0.000  token_p=0.020  dropE=(0.020,0.080)  smooth=0.010  train_loss=0.4772  train_AUPR_all=0.5082  train_AUPR_ab=0.6004  train_AUPR_ag=0.3394  train_P@5_ab=0.7500  train_P@5_ag=0.8500  val_loss=0.6935  val_AUPR_all=0.5049  val_AUPR_ab=0.6273  val_AUPR_ag=0.3013  val_P@5_ab=0.9500  val_P@5_ag=0.8500  select=0.4643
Ep010  LR0=1.92e-04  pw=7.17  aucα=0.030  token_p=0.020  dropE=(0.020,0.080)  smooth=0.010  train_loss=0.4615  train_AUPR_all=0.5194  train_AUPR_ab=0.6182  train_AUPR_ag=0.3411  train_P@5_ab=0.8500  train_P@5_ag=0.9500  val_loss=0.6802  val_AUPR_all=0.5158  val_AUPR_ab=0.6418  val_AUPR_ag=0.3365  val_P@5_ab=1.0000  val_P@5_ag=0.8500  select=0.4892
  Saved checkpoint: checkpoints_newesm/iPara_balanced_l1_g8_i3_do0.10_dpr0.10_lr0.0002_heads16_fold3.pth  select=0.4892  val_ab=0.6418  val_ag=0.3365  val_all=0.5158
Unfreezing DyM parameters.
Ep011  LR0=1.90e-04  pw=6.44  aucα=0.060  token_p=0.020  dropE=(0.020,0.080)  smooth=0.010  train_loss=0.4458  train_AUPR_all=0.5357  train_AUPR_ab=0.6363  train_AUPR_ag=0.3581  train_P@5_ab=1.0000  train_P@5_ag=1.0000  val_loss=0.6607  val_AUPR_all=0.5423  val_AUPR_ab=0.6730  val_AUPR_ag=0.3399  val_P@5_ab=0.9500  val_P@5_ag=0.9000  select=0.5065
  Saved checkpoint: checkpoints_newesm/iPara_balanced_l1_g8_i3_do0.10_dpr0.10_lr0.0002_heads16_fold3.pth  select=0.5065  val_ab=0.6730  val_ag=0.3399  val_all=0.5423
Ep012  LR0=1.88e-04  pw=5.80  aucα=0.090  token_p=0.020  dropE=(0.020,0.080)  smooth=0.010  train_loss=0.4315  train_AUPR_all=0.5478  train_AUPR_ab=0.6501  train_AUPR_ag=0.3695  train_P@5_ab=0.9000  train_P@5_ag=0.8500  val_loss=0.5946  val_AUPR_all=0.5433  val_AUPR_ab=0.6674  val_AUPR_ag=0.3440  val_P@5_ab=0.9500  val_P@5_ag=1.0000  select=0.5057
Ep013  LR0=1.86e-04  pw=5.24  aucα=0.120  token_p=0.020  dropE=(0.020,0.080)  smooth=0.010  train_loss=0.4253  train_AUPR_all=0.5513  train_AUPR_ab=0.6538  train_AUPR_ag=0.3706  train_P@5_ab=0.8500  train_P@5_ag=0.9500  val_loss=0.5416  val_AUPR_all=0.5614  val_AUPR_ab=0.6876  val_AUPR_ag=0.3531  val_P@5_ab=0.9500  val_P@5_ag=0.9000  select=0.5203
  Saved checkpoint: checkpoints_newesm/iPara_balanced_l1_g8_i3_do0.10_dpr0.10_lr0.0002_heads16_fold3.pth  select=0.5203  val_ab=0.6876  val_ag=0.3531  val_all=0.5614
Ep014  LR0=1.83e-04  pw=4.74  aucα=0.150  token_p=0.020  dropE=(0.020,0.080)  smooth=0.010  train_loss=0.4184  train_AUPR_all=0.5581  train_AUPR_ab=0.6639  train_AUPR_ag=0.3748  train_P@5_ab=0.8500  train_P@5_ag=0.8500  val_loss=0.4945  val_AUPR_all=0.5670  val_AUPR_ab=0.6883  val_AUPR_ag=0.3693  val_P@5_ab=0.9500  val_P@5_ag=0.9500  select=0.5288
  Saved checkpoint: checkpoints_newesm/iPara_balanced_l1_g8_i3_do0.10_dpr0.10_lr0.0002_heads16_fold3.pth  select=0.5288  val_ab=0.6883  val_ag=0.3693  val_all=0.5670
Ep015  LR0=1.81e-04  pw=4.30  aucα=0.180  token_p=0.020  dropE=(0.020,0.080)  smooth=0.010  train_loss=0.4122  train_AUPR_all=0.5690  train_AUPR_ab=0.6790  train_AUPR_ag=0.3832  train_P@5_ab=0.9500  train_P@5_ag=0.9500  val_loss=0.5759  val_AUPR_all=0.5473  val_AUPR_ab=0.6790  val_AUPR_ag=0.3267  val_P@5_ab=0.9000  val_P@5_ag=1.0000  select=0.5029
Ep016  LR0=1.78e-04  pw=3.91  aucα=0.210  token_p=0.020  dropE=(0.020,0.080)  smooth=0.010  train_loss=0.4005  train_AUPR_all=0.5824  train_AUPR_ab=0.6940  train_AUPR_ag=0.3964  train_P@5_ab=1.0000  train_P@5_ag=1.0000  val_loss=0.5100  val_AUPR_all=0.5562  val_AUPR_ab=0.6848  val_AUPR_ag=0.3517  val_P@5_ab=0.9500  val_P@5_ag=1.0000  select=0.5182
Ep017  LR0=1.75e-04  pw=3.57  aucα=0.240  token_p=0.020  dropE=(0.020,0.080)  smooth=0.010  train_loss=0.3968  train_AUPR_all=0.5869  train_AUPR_ab=0.6964  train_AUPR_ag=0.4037  train_P@5_ab=0.8500  train_P@5_ag=0.9500  val_loss=0.4418  val_AUPR_all=0.5776  val_AUPR_ab=0.7076  val_AUPR_ag=0.3745  val_P@5_ab=0.9500  val_P@5_ag=1.0000  select=0.5410
  Saved checkpoint: checkpoints_newesm/iPara_balanced_l1_g8_i3_do0.10_dpr0.10_lr0.0002_heads16_fold3.pth  select=0.5410  val_ab=0.7076  val_ag=0.3745  val_all=0.5776
Ep018  LR0=1.72e-04  pw=3.27  aucα=0.270  token_p=0.020  dropE=(0.020,0.080)  smooth=0.010  train_loss=0.3898  train_AUPR_all=0.5984  train_AUPR_ab=0.7116  train_AUPR_ag=0.4128  train_P@5_ab=1.0000  train_P@5_ag=0.9500  val_loss=0.4313  val_AUPR_all=0.5944  val_AUPR_ab=0.7184  val_AUPR_ag=0.3976  val_P@5_ab=0.9000  val_P@5_ag=0.9500  select=0.5580
  Saved checkpoint: checkpoints_newesm/iPara_balanced_l1_g8_i3_do0.10_dpr0.10_lr0.0002_heads16_fold3.pth  select=0.5580  val_ab=0.7184  val_ag=0.3976  val_all=0.5944
Ep019  LR0=1.69e-04  pw=3.00  aucα=0.300  token_p=0.020  dropE=(0.020,0.080)  smooth=0.010  train_loss=0.3888  train_AUPR_all=0.6043  train_AUPR_ab=0.7155  train_AUPR_ag=0.4239  train_P@5_ab=0.9500  train_P@5_ag=0.9000  val_loss=0.4503  val_AUPR_all=0.5610  val_AUPR_ab=0.6915  val_AUPR_ag=0.3467  val_P@5_ab=0.9000  val_P@5_ag=0.9500  select=0.5191
Ep020  LR0=1.66e-04  pw=2.77  aucα=0.300  token_p=0.020  dropE=(0.020,0.080)  smooth=0.010  train_loss=0.3683  train_AUPR_all=0.6164  train_AUPR_ab=0.7310  train_AUPR_ag=0.4301  train_P@5_ab=1.0000  train_P@5_ag=0.9500  val_loss=0.3888  val_AUPR_all=0.5904  val_AUPR_ab=0.7187  val_AUPR_ag=0.3751  val_P@5_ab=0.9000  val_P@5_ag=0.7500  select=0.5469
Ep021  LR0=1.62e-04  pw=2.56  aucα=0.300  token_p=0.020  dropE=(0.020,0.080)  smooth=0.010  train_loss=0.3576  train_AUPR_all=0.6176  train_AUPR_ab=0.7309  train_AUPR_ag=0.4352  train_P@5_ab=0.8000  train_P@5_ag=0.8500  val_loss=0.3688  val_AUPR_all=0.6048  val_AUPR_ab=0.7348  val_AUPR_ag=0.3995  val_P@5_ab=0.9500  val_P@5_ag=0.6000  select=0.5671
  Saved checkpoint: checkpoints_newesm/iPara_balanced_l1_g8_i3_do0.10_dpr0.10_lr0.0002_heads16_fold3.pth  select=0.5671  val_ab=0.7348  val_ag=0.3995  val_all=0.6048
Ep022  LR0=1.59e-04  pw=2.38  aucα=0.300  token_p=0.020  dropE=(0.020,0.080)  smooth=0.010  train_loss=0.3416  train_AUPR_all=0.6244  train_AUPR_ab=0.7360  train_AUPR_ag=0.4446  train_P@5_ab=1.0000  train_P@5_ag=0.9500  val_loss=0.3720  val_AUPR_all=0.5933  val_AUPR_ab=0.7287  val_AUPR_ag=0.3827  val_P@5_ab=1.0000  val_P@5_ag=0.8500  select=0.5557
Ep023  LR0=1.55e-04  pw=2.21  aucα=0.300  token_p=0.020  dropE=(0.020,0.080)  smooth=0.010  train_loss=0.3260  train_AUPR_all=0.6370  train_AUPR_ab=0.7471  train_AUPR_ag=0.4629  train_P@5_ab=0.9500  train_P@5_ag=0.9500  val_loss=0.3544  val_AUPR_all=0.6075  val_AUPR_ab=0.7252  val_AUPR_ag=0.4095  val_P@5_ab=0.9000  val_P@5_ag=1.0000  select=0.5673
  Saved checkpoint: checkpoints_newesm/iPara_balanced_l1_g8_i3_do0.10_dpr0.10_lr0.0002_heads16_fold3.pth  select=0.5673  val_ab=0.7252  val_ag=0.4095  val_all=0.6075
Ep024  LR0=1.51e-04  pw=2.07  aucα=0.300  token_p=0.020  dropE=(0.020,0.080)  smooth=0.010  train_loss=0.3126  train_AUPR_all=0.6452  train_AUPR_ab=0.7510  train_AUPR_ag=0.4760  train_P@5_ab=1.0000  train_P@5_ag=1.0000  val_loss=0.3569  val_AUPR_all=0.5986  val_AUPR_ab=0.7285  val_AUPR_ag=0.3921  val_P@5_ab=0.8000  val_P@5_ag=0.9000  select=0.5603
Ep025  LR0=1.48e-04  pw=1.95  aucα=0.300  token_p=0.020  dropE=(0.020,0.080)  smooth=0.010  train_loss=0.3056  train_AUPR_all=0.6460  train_AUPR_ab=0.7529  train_AUPR_ag=0.4770  train_P@5_ab=1.0000  train_P@5_ag=0.9500  val_loss=0.3497  val_AUPR_all=0.6031  val_AUPR_ab=0.7257  val_AUPR_ag=0.4099  val_P@5_ab=0.9500  val_P@5_ag=0.9000  select=0.5678
  Saved checkpoint: checkpoints_newesm/iPara_balanced_l1_g8_i3_do0.10_dpr0.10_lr0.0002_heads16_fold3.pth  select=0.5678  val_ab=0.7257  val_ag=0.4099  val_all=0.6031
Ep026  LR0=1.44e-04  pw=1.83  aucα=0.300  token_p=0.020  dropE=(0.020,0.080)  smooth=0.010  train_loss=0.2884  train_AUPR_all=0.6617  train_AUPR_ab=0.7619  train_AUPR_ag=0.5046  train_P@5_ab=1.0000  train_P@5_ag=1.0000  val_loss=0.3346  val_AUPR_all=0.6082  val_AUPR_ab=0.7382  val_AUPR_ag=0.4029  val_P@5_ab=1.0000  val_P@5_ag=1.0000  select=0.5705
  Saved checkpoint: checkpoints_newesm/iPara_balanced_l1_g8_i3_do0.10_dpr0.10_lr0.0002_heads16_fold3.pth  select=0.5705  val_ab=0.7382  val_ag=0.4029  val_all=0.6082
Ep027  LR0=1.39e-04  pw=1.74  aucα=0.300  token_p=0.020  dropE=(0.020,0.080)  smooth=0.010  train_loss=0.2805  train_AUPR_all=0.6680  train_AUPR_ab=0.7693  train_AUPR_ag=0.5089  train_P@5_ab=1.0000  train_P@5_ag=0.9000  val_loss=0.3356  val_AUPR_all=0.5928  val_AUPR_ab=0.7252  val_AUPR_ag=0.3799  val_P@5_ab=0.9000  val_P@5_ag=1.0000  select=0.5525
Ep028  LR0=1.35e-04  pw=1.65  aucα=0.300  token_p=0.020  dropE=(0.020,0.080)  smooth=0.010  train_loss=0.2715  train_AUPR_all=0.6761  train_AUPR_ab=0.7760  train_AUPR_ag=0.5196  train_P@5_ab=0.9500  train_P@5_ag=0.9500  val_loss=0.3206  val_AUPR_all=0.6136  val_AUPR_ab=0.7419  val_AUPR_ag=0.4043  val_P@5_ab=0.9500  val_P@5_ag=1.0000  select=0.5731
  Saved checkpoint: checkpoints_newesm/iPara_balanced_l1_g8_i3_do0.10_dpr0.10_lr0.0002_heads16_fold3.pth  select=0.5731  val_ab=0.7419  val_ag=0.4043  val_all=0.6136
Ep029  LR0=1.31e-04  pw=1.57  aucα=0.300  token_p=0.020  dropE=(0.020,0.080)  smooth=0.010  train_loss=0.2650  train_AUPR_all=0.6772  train_AUPR_ab=0.7714  train_AUPR_ag=0.5313  train_P@5_ab=0.9500  train_P@5_ag=0.9500  val_loss=0.3237  val_AUPR_all=0.6026  val_AUPR_ab=0.7408  val_AUPR_ag=0.3911  val_P@5_ab=1.0000  val_P@5_ag=1.0000  select=0.5660
Ep030  LR0=1.27e-04  pw=1.51  aucα=0.300  token_p=0.020  dropE=(0.020,0.080)  smooth=0.010  train_loss=0.2534  train_AUPR_all=0.6894  train_AUPR_ab=0.7805  train_AUPR_ag=0.5484  train_P@5_ab=1.0000  train_P@5_ag=0.9000  val_loss=0.3093  val_AUPR_all=0.6120  val_AUPR_ab=0.7439  val_AUPR_ag=0.4064  val_P@5_ab=0.9500  val_P@5_ag=0.8500  select=0.5752
  Saved checkpoint: checkpoints_newesm/iPara_balanced_l1_g8_i3_do0.10_dpr0.10_lr0.0002_heads16_fold3.pth  select=0.5752  val_ab=0.7439  val_ag=0.4064  val_all=0.6120
Ep031  LR0=1.22e-04  pw=1.45  aucα=0.300  token_p=0.020  dropE=(0.020,0.080)  smooth=0.010  train_loss=0.2446  train_AUPR_all=0.6981  train_AUPR_ab=0.7825  train_AUPR_ag=0.5692  train_P@5_ab=0.9500  train_P@5_ag=0.9500  val_loss=0.3116  val_AUPR_all=0.6102  val_AUPR_ab=0.7457  val_AUPR_ag=0.4008  val_P@5_ab=1.0000  val_P@5_ag=1.0000  select=0.5733
Ep032  LR0=1.18e-04  pw=1.39  aucα=0.300  token_p=0.020  dropE=(0.020,0.080)  smooth=0.010  train_loss=0.2398  train_AUPR_all=0.7035  train_AUPR_ab=0.7837  train_AUPR_ag=0.5820  train_P@5_ab=0.9500  train_P@5_ag=1.0000  val_loss=0.3032  val_AUPR_all=0.6091  val_AUPR_ab=0.7434  val_AUPR_ag=0.4003  val_P@5_ab=0.9500  val_P@5_ag=1.0000  select=0.5718
Ep033  LR0=1.14e-04  pw=1.35  aucα=0.300  token_p=0.020  dropE=(0.020,0.080)  smooth=0.010  train_loss=0.2303  train_AUPR_all=0.7171  train_AUPR_ab=0.7991  train_AUPR_ag=0.5925  train_P@5_ab=0.9000  train_P@5_ag=0.9500  val_loss=0.3031  val_AUPR_all=0.6122  val_AUPR_ab=0.7543  val_AUPR_ag=0.3814  val_P@5_ab=0.9500  val_P@5_ag=0.9000  select=0.5679
Ep034  LR0=1.09e-04  pw=1.31  aucα=0.300  token_p=0.020  dropE=(0.020,0.080)  smooth=0.010  train_loss=0.2275  train_AUPR_all=0.7175  train_AUPR_ab=0.7950  train_AUPR_ag=0.6002  train_P@5_ab=0.9500  train_P@5_ag=1.0000  val_loss=0.2941  val_AUPR_all=0.6208  val_AUPR_ab=0.7558  val_AUPR_ag=0.4035  val_P@5_ab=1.0000  val_P@5_ag=0.9000  select=0.5796
  Saved checkpoint: checkpoints_newesm/iPara_balanced_l1_g8_i3_do0.10_dpr0.10_lr0.0002_heads16_fold3.pth  select=0.5796  val_ab=0.7558  val_ag=0.4035  val_all=0.6208
Ep035  LR0=1.05e-04  pw=1.27  aucα=0.300  token_p=0.020  dropE=(0.020,0.080)  smooth=0.010  train_loss=0.2176  train_AUPR_all=0.7321  train_AUPR_ab=0.8063  train_AUPR_ag=0.6208  train_P@5_ab=1.0000  train_P@5_ag=1.0000  val_loss=0.2880  val_AUPR_all=0.6246  val_AUPR_ab=0.7501  val_AUPR_ag=0.4247  val_P@5_ab=0.9500  val_P@5_ag=1.0000  select=0.5874
  Saved checkpoint: checkpoints_newesm/iPara_balanced_l1_g8_i3_do0.10_dpr0.10_lr0.0002_heads16_fold3.pth  select=0.5874  val_ab=0.7501  val_ag=0.4247  val_all=0.6246
Ep036  LR0=1.00e-04  pw=1.24  aucα=0.300  token_p=0.020  dropE=(0.020,0.080)  smooth=0.010  train_loss=0.2133  train_AUPR_all=0.7347  train_AUPR_ab=0.8095  train_AUPR_ag=0.6219  train_P@5_ab=0.9500  train_P@5_ag=0.9500  val_loss=0.2897  val_AUPR_all=0.6201  val_AUPR_ab=0.7637  val_AUPR_ag=0.3940  val_P@5_ab=1.0000  val_P@5_ag=1.0000  select=0.5788
Ep037  LR0=9.58e-05  pw=1.21  aucα=0.300  token_p=0.020  dropE=(0.020,0.080)  smooth=0.010  train_loss=0.2085  train_AUPR_all=0.7421  train_AUPR_ab=0.8117  train_AUPR_ag=0.6374  train_P@5_ab=0.9500  train_P@5_ag=0.9500  val_loss=0.2964  val_AUPR_all=0.6201  val_AUPR_ab=0.7612  val_AUPR_ag=0.3983  val_P@5_ab=0.9000  val_P@5_ag=0.9500  select=0.5798
Ep038  LR0=9.13e-05  pw=1.19  aucα=0.300  token_p=0.020  dropE=(0.020,0.080)  smooth=0.010  train_loss=0.2015  train_AUPR_all=0.7522  train_AUPR_ab=0.8169  train_AUPR_ag=0.6560  train_P@5_ab=1.0000  train_P@5_ag=1.0000  val_loss=0.2911  val_AUPR_all=0.6198  val_AUPR_ab=0.7580  val_AUPR_ag=0.4038  val_P@5_ab=1.0000  val_P@5_ag=1.0000  select=0.5809
Ep039  LR0=8.69e-05  pw=1.16  aucα=0.300  token_p=0.020  dropE=(0.020,0.080)  smooth=0.010  train_loss=0.1942  train_AUPR_all=0.7637  train_AUPR_ab=0.8279  train_AUPR_ag=0.6686  train_P@5_ab=0.9500  train_P@5_ag=1.0000  val_loss=0.2927  val_AUPR_all=0.6204  val_AUPR_ab=0.7599  val_AUPR_ag=0.3999  val_P@5_ab=1.0000  val_P@5_ag=1.0000  select=0.5799
Ep040  LR0=8.24e-05  pw=1.15  aucα=0.300  token_p=0.020  dropE=(0.020,0.080)  smooth=0.010  train_loss=0.1931  train_AUPR_all=0.7635  train_AUPR_ab=0.8256  train_AUPR_ag=0.6715  train_P@5_ab=1.0000  train_P@5_ag=1.0000  val_loss=0.2919  val_AUPR_all=0.6140  val_AUPR_ab=0.7504  val_AUPR_ag=0.4000  val_P@5_ab=0.9500  val_P@5_ag=0.9500  select=0.5752
Ep041  LR0=7.81e-05  pw=1.13  aucα=0.300  token_p=0.020  dropE=(0.020,0.080)  smooth=0.010  train_loss=0.1856  train_AUPR_all=0.7753  train_AUPR_ab=0.8319  train_AUPR_ag=0.6927  train_P@5_ab=1.0000  train_P@5_ag=1.0000  val_loss=0.2928  val_AUPR_all=0.6225  val_AUPR_ab=0.7634  val_AUPR_ag=0.4012  val_P@5_ab=0.9500  val_P@5_ag=0.9500  select=0.5823
Ep042  LR0=7.37e-05  pw=1.11  aucα=0.300  token_p=0.020  dropE=(0.020,0.080)  smooth=0.010  train_loss=0.1805  train_AUPR_all=0.7849  train_AUPR_ab=0.8406  train_AUPR_ag=0.7033  train_P@5_ab=1.0000  train_P@5_ag=0.9500  val_loss=0.2993  val_AUPR_all=0.6154  val_AUPR_ab=0.7540  val_AUPR_ag=0.3972  val_P@5_ab=0.9500  val_P@5_ag=0.9500  select=0.5756
Ep043  LR0=6.94e-05  pw=1.10  aucα=0.300  token_p=0.020  dropE=(0.020,0.080)  smooth=0.010  train_loss=0.1785  train_AUPR_all=0.7866  train_AUPR_ab=0.8437  train_AUPR_ag=0.7022  train_P@5_ab=1.0000  train_P@5_ag=1.0000  val_loss=0.2936  val_AUPR_all=0.6162  val_AUPR_ab=0.7634  val_AUPR_ag=0.3855  val_P@5_ab=0.9500  val_P@5_ag=0.9500  select=0.5744
Ep044  LR0=6.52e-05  pw=1.09  aucα=0.300  token_p=0.020  dropE=(0.020,0.080)  smooth=0.010  train_loss=0.1774  train_AUPR_all=0.7858  train_AUPR_ab=0.8395  train_AUPR_ag=0.7073  train_P@5_ab=0.9500  train_P@5_ag=1.0000  val_loss=0.2986  val_AUPR_all=0.6045  val_AUPR_ab=0.7464  val_AUPR_ag=0.3801  val_P@5_ab=1.0000  val_P@5_ag=1.0000  select=0.5632
Ep045  LR0=6.10e-05  pw=1.08  aucα=0.300  token_p=0.020  dropE=(0.020,0.080)  smooth=0.010  train_loss=0.1741  train_AUPR_all=0.7937  train_AUPR_ab=0.8463  train_AUPR_ag=0.7171  train_P@5_ab=1.0000  train_P@5_ag=0.9500  val_loss=0.2886  val_AUPR_all=0.6212  val_AUPR_ab=0.7682  val_AUPR_ag=0.3889  val_P@5_ab=0.9500  val_P@5_ag=0.9500  select=0.5786
Ep046  LR0=5.70e-05  pw=1.07  aucα=0.300  token_p=0.020  dropE=(0.020,0.080)  smooth=0.010  train_loss=0.1660  train_AUPR_all=0.8062  train_AUPR_ab=0.8563  train_AUPR_ag=0.7328  train_P@5_ab=0.9500  train_P@5_ag=1.0000  val_loss=0.2933  val_AUPR_all=0.6181  val_AUPR_ab=0.7587  val_AUPR_ag=0.3947  val_P@5_ab=1.0000  val_P@5_ag=1.0000  select=0.5767
Ep047  LR0=5.30e-05  pw=1.06  aucα=0.300  token_p=0.020  dropE=(0.020,0.080)  smooth=0.010  train_loss=0.1662  train_AUPR_all=0.8051  train_AUPR_ab=0.8557  train_AUPR_ag=0.7310  train_P@5_ab=0.9000  train_P@5_ag=1.0000  val_loss=0.2954  val_AUPR_all=0.6133  val_AUPR_ab=0.7548  val_AUPR_ag=0.3955  val_P@5_ab=0.9000  val_P@5_ag=0.8500  select=0.5751
Ep048  LR0=4.91e-05  pw=1.05  aucα=0.300  token_p=0.020  dropE=(0.020,0.080)  smooth=0.010  train_loss=0.1610  train_AUPR_all=0.8146  train_AUPR_ab=0.8631  train_AUPR_ag=0.7431  train_P@5_ab=1.0000  train_P@5_ag=1.0000  val_loss=0.3022  val_AUPR_all=0.6156  val_AUPR_ab=0.7588  val_AUPR_ag=0.3981  val_P@5_ab=0.9500  val_P@5_ag=1.0000  select=0.5785
Ep049  LR0=4.53e-05  pw=1.05  aucα=0.300  token_p=0.020  dropE=(0.020,0.080)  smooth=0.010  train_loss=0.1607  train_AUPR_all=0.8142  train_AUPR_ab=0.8594  train_AUPR_ag=0.7482  train_P@5_ab=0.9500  train_P@5_ag=1.0000  val_loss=0.2979  val_AUPR_all=0.6099  val_AUPR_ab=0.7584  val_AUPR_ag=0.3794  val_P@5_ab=1.0000  val_P@5_ag=1.0000  select=0.5689
Ep050  LR0=4.16e-05  pw=1.04  aucα=0.300  token_p=0.020  dropE=(0.020,0.080)  smooth=0.010  train_loss=0.1559  train_AUPR_all=0.8221  train_AUPR_ab=0.8683  train_AUPR_ag=0.7546  train_P@5_ab=1.0000  train_P@5_ag=1.0000  val_loss=0.2991  val_AUPR_all=0.6149  val_AUPR_ab=0.7591  val_AUPR_ag=0.3876  val_P@5_ab=0.9500  val_P@5_ag=1.0000  select=0.5734
Ep051  LR0=3.81e-05  pw=1.04  aucα=0.300  token_p=0.020  dropE=(0.020,0.080)  smooth=0.010  train_loss=0.1577  train_AUPR_all=0.8187  train_AUPR_ab=0.8661  train_AUPR_ag=0.7486  train_P@5_ab=0.9500  train_P@5_ag=1.0000  val_loss=0.2987  val_AUPR_all=0.6144  val_AUPR_ab=0.7568  val_AUPR_ag=0.3963  val_P@5_ab=0.9500  val_P@5_ag=1.0000  select=0.5766
Ep052  LR0=3.46e-05  pw=1.03  aucα=0.300  token_p=0.020  dropE=(0.020,0.080)  smooth=0.010  train_loss=0.1528  train_AUPR_all=0.8269  train_AUPR_ab=0.8712  train_AUPR_ag=0.7618  train_P@5_ab=1.0000  train_P@5_ag=1.0000  val_loss=0.2974  val_AUPR_all=0.6136  val_AUPR_ab=0.7553  val_AUPR_ag=0.3948  val_P@5_ab=0.9500  val_P@5_ag=1.0000  select=0.5751
Ep053  LR0=3.13e-05  pw=1.03  aucα=0.300  token_p=0.020  dropE=(0.020,0.080)  smooth=0.010  train_loss=0.1539  train_AUPR_all=0.8238  train_AUPR_ab=0.8658  train_AUPR_ag=0.7632  train_P@5_ab=1.0000  train_P@5_ag=1.0000  val_loss=0.2950  val_AUPR_all=0.6109  val_AUPR_ab=0.7550  val_AUPR_ag=0.3851  val_P@5_ab=0.9000  val_P@5_ag=1.0000  select=0.5701
Ep054  LR0=2.82e-05  pw=1.03  aucα=0.300  token_p=0.020  dropE=(0.020,0.080)  smooth=0.010  train_loss=0.1447  train_AUPR_all=0.8405  train_AUPR_ab=0.8797  train_AUPR_ag=0.7837  train_P@5_ab=0.9500  train_P@5_ag=0.9500  val_loss=0.3013  val_AUPR_all=0.6134  val_AUPR_ab=0.7585  val_AUPR_ag=0.3905  val_P@5_ab=0.9500  val_P@5_ag=1.0000  select=0.5745
Ep055  LR0=2.51e-05  pw=1.02  aucα=0.300  token_p=0.020  dropE=(0.020,0.080)  smooth=0.010  train_loss=0.1446  train_AUPR_all=0.8413  train_AUPR_ab=0.8801  train_AUPR_ag=0.7850  train_P@5_ab=0.9500  train_P@5_ag=1.0000  val_loss=0.3021  val_AUPR_all=0.6091  val_AUPR_ab=0.7594  val_AUPR_ag=0.3769  val_P@5_ab=0.9500  val_P@5_ag=1.0000  select=0.5681
Early stopping at epoch 55. Best select=0.5874 at epoch 35.
Final saved checkpoint for fold 3: checkpoints_newesm/iPara_balanced_l1_g8_i3_do0.10_dpr0.10_lr0.0002_heads16_fold3.pth
Best select=0.5874 at epoch 35

==========================================================================================
Fold 4/5
==========================================================================================
Train labels: valid=398858, pos=26560, neg=372298, ignore=700342, pos_frac=0.06659
Val labels: valid=101334, pos=6670, neg=94664, ignore=172266, pos_frac=0.06582
Initializing ClassificationModel with 8 GAT layers and residual connections...
Initializing MCModel with 8 GAT layers and 3 row attention layers (drop_path_rate=0.1, use_esm=True)
Initializing CoreModel with 1 layers, drop_path_rate=0.1
Ep001  LR0=2.00e-04  pw=20.00  aucα=0.000  token_p=0.020  dropE=(0.020,0.080)  smooth=0.010  train_loss=1.2126  train_AUPR_all=0.2580  train_AUPR_ab=0.3141  train_AUPR_ag=0.1851  train_P@5_ab=0.4000  train_P@5_ag=0.8500  val_loss=1.1898  val_AUPR_all=0.3517  val_AUPR_ab=0.4638  val_AUPR_ag=0.2026  val_P@5_ab=0.7000  val_P@5_ag=0.7000  select=0.3332
  Saved checkpoint: checkpoints_newesm/iPara_balanced_l1_g8_i3_do0.10_dpr0.10_lr0.0002_heads16_fold4.pth  select=0.3332  val_ab=0.4638  val_ag=0.2026  val_all=0.3517
Ep002  LR0=2.00e-04  pw=17.77  aucα=0.000  token_p=0.020  dropE=(0.020,0.080)  smooth=0.010  train_loss=0.8400  train_AUPR_all=0.3634  train_AUPR_ab=0.4518  train_AUPR_ag=0.2269  train_P@5_ab=0.9000  train_P@5_ag=0.7000  val_loss=1.0998  val_AUPR_all=0.4130  val_AUPR_ab=0.4959  val_AUPR_ag=0.2566  val_P@5_ab=0.8500  val_P@5_ag=1.0000  select=0.3763
  Saved checkpoint: checkpoints_newesm/iPara_balanced_l1_g8_i3_do0.10_dpr0.10_lr0.0002_heads16_fold4.pth  select=0.3763  val_ab=0.4959  val_ag=0.2566  val_all=0.4130
Ep003  LR0=2.00e-04  pw=15.80  aucα=0.000  token_p=0.020  dropE=(0.020,0.080)  smooth=0.010  train_loss=0.7360  train_AUPR_all=0.4180  train_AUPR_ab=0.4872  train_AUPR_ag=0.2858  train_P@5_ab=0.5500  train_P@5_ag=0.8500  val_loss=1.4571  val_AUPR_all=0.4224  val_AUPR_ab=0.5607  val_AUPR_ag=0.2073  val_P@5_ab=0.6000  val_P@5_ag=0.9500  select=0.3840
  Saved checkpoint: checkpoints_newesm/iPara_balanced_l1_g8_i3_do0.10_dpr0.10_lr0.0002_heads16_fold4.pth  select=0.3840  val_ab=0.5607  val_ag=0.2073  val_all=0.4224
Ep004  LR0=1.99e-04  pw=14.06  aucα=0.000  token_p=0.020  dropE=(0.020,0.080)  smooth=0.010  train_loss=0.6619  train_AUPR_all=0.4575  train_AUPR_ab=0.5436  train_AUPR_ag=0.3016  train_P@5_ab=0.8500  train_P@5_ag=0.8500  val_loss=0.9152  val_AUPR_all=0.4929  val_AUPR_ab=0.6058  val_AUPR_ag=0.2996  val_P@5_ab=0.9500  val_P@5_ag=1.0000  select=0.4527
  Saved checkpoint: checkpoints_newesm/iPara_balanced_l1_g8_i3_do0.10_dpr0.10_lr0.0002_heads16_fold4.pth  select=0.4527  val_ab=0.6058  val_ag=0.2996  val_all=0.4929
Ep005  LR0=1.98e-04  pw=12.52  aucα=0.000  token_p=0.020  dropE=(0.020,0.080)  smooth=0.010  train_loss=0.6180  train_AUPR_all=0.4625  train_AUPR_ab=0.5536  train_AUPR_ag=0.3006  train_P@5_ab=0.8000  train_P@5_ag=0.7500  val_loss=0.8330  val_AUPR_all=0.4737  val_AUPR_ab=0.5851  val_AUPR_ag=0.2822  val_P@5_ab=0.8000  val_P@5_ag=0.9500  select=0.4337
Ep006  LR0=1.97e-04  pw=11.17  aucα=0.000  token_p=0.020  dropE=(0.020,0.080)  smooth=0.010  train_loss=0.5646  train_AUPR_all=0.4905  train_AUPR_ab=0.5745  train_AUPR_ag=0.3335  train_P@5_ab=0.7500  train_P@5_ag=0.9000  val_loss=0.7961  val_AUPR_all=0.4207  val_AUPR_ab=0.6071  val_AUPR_ag=0.2423  val_P@5_ab=0.6500  val_P@5_ag=1.0000  select=0.4247
Ep007  LR0=1.96e-04  pw=9.97  aucα=0.000  token_p=0.020  dropE=(0.020,0.080)  smooth=0.010  train_loss=0.5237  train_AUPR_all=0.5072  train_AUPR_ab=0.5975  train_AUPR_ag=0.3439  train_P@5_ab=0.8000  train_P@5_ag=0.9000  val_loss=0.8127  val_AUPR_all=0.4829  val_AUPR_ab=0.6440  val_AUPR_ag=0.2920  val_P@5_ab=1.0000  val_P@5_ag=0.9500  select=0.4680
  Saved checkpoint: checkpoints_newesm/iPara_balanced_l1_g8_i3_do0.10_dpr0.10_lr0.0002_heads16_fold4.pth  select=0.4680  val_ab=0.6440  val_ag=0.2920  val_all=0.4829
Ep008  LR0=1.95e-04  pw=8.92  aucα=0.000  token_p=0.020  dropE=(0.020,0.080)  smooth=0.010  train_loss=0.4991  train_AUPR_all=0.5100  train_AUPR_ab=0.5981  train_AUPR_ag=0.3471  train_P@5_ab=0.7500  train_P@5_ag=0.8000  val_loss=0.7591  val_AUPR_all=0.4935  val_AUPR_ab=0.6375  val_AUPR_ag=0.3132  val_P@5_ab=0.8500  val_P@5_ag=0.9500  select=0.4753
  Saved checkpoint: checkpoints_newesm/iPara_balanced_l1_g8_i3_do0.10_dpr0.10_lr0.0002_heads16_fold4.pth  select=0.4753  val_ab=0.6375  val_ag=0.3132  val_all=0.4935
Ep009  LR0=1.94e-04  pw=7.99  aucα=0.000  token_p=0.020  dropE=(0.020,0.080)  smooth=0.010  train_loss=0.4602  train_AUPR_all=0.5273  train_AUPR_ab=0.6187  train_AUPR_ag=0.3589  train_P@5_ab=0.8500  train_P@5_ag=0.8500  val_loss=0.8357  val_AUPR_all=0.5170  val_AUPR_ab=0.6629  val_AUPR_ag=0.2954  val_P@5_ab=0.9500  val_P@5_ag=0.7500  select=0.4792
  Saved checkpoint: checkpoints_newesm/iPara_balanced_l1_g8_i3_do0.10_dpr0.10_lr0.0002_heads16_fold4.pth  select=0.4792  val_ab=0.6629  val_ag=0.2954  val_all=0.5170
Ep010  LR0=1.92e-04  pw=7.17  aucα=0.030  token_p=0.020  dropE=(0.020,0.080)  smooth=0.010  train_loss=0.4459  train_AUPR_all=0.5406  train_AUPR_ab=0.6388  train_AUPR_ag=0.3635  train_P@5_ab=0.8500  train_P@5_ag=0.9500  val_loss=0.6895  val_AUPR_all=0.5372  val_AUPR_ab=0.6706  val_AUPR_ag=0.3295  val_P@5_ab=0.8500  val_P@5_ag=0.9500  select=0.5000
  Saved checkpoint: checkpoints_newesm/iPara_balanced_l1_g8_i3_do0.10_dpr0.10_lr0.0002_heads16_fold4.pth  select=0.5000  val_ab=0.6706  val_ag=0.3295  val_all=0.5372
Unfreezing DyM parameters.
Ep011  LR0=1.90e-04  pw=6.44  aucα=0.060  token_p=0.020  dropE=(0.020,0.080)  smooth=0.010  train_loss=0.4374  train_AUPR_all=0.5457  train_AUPR_ab=0.6456  train_AUPR_ag=0.3703  train_P@5_ab=0.9000  train_P@5_ag=0.9500  val_loss=0.6554  val_AUPR_all=0.5161  val_AUPR_ab=0.6523  val_AUPR_ag=0.3160  val_P@5_ab=0.8000  val_P@5_ag=0.8500  select=0.4842
Ep012  LR0=1.88e-04  pw=5.80  aucα=0.090  token_p=0.020  dropE=(0.020,0.080)  smooth=0.010  train_loss=0.4262  train_AUPR_all=0.5562  train_AUPR_ab=0.6588  train_AUPR_ag=0.3765  train_P@5_ab=0.7500  train_P@5_ag=0.8500  val_loss=0.5862  val_AUPR_all=0.5422  val_AUPR_ab=0.6927  val_AUPR_ag=0.3014  val_P@5_ab=0.9500  val_P@5_ag=0.9000  select=0.4971
Ep013  LR0=1.86e-04  pw=5.24  aucα=0.120  token_p=0.020  dropE=(0.020,0.080)  smooth=0.010  train_loss=0.4202  train_AUPR_all=0.5593  train_AUPR_ab=0.6687  train_AUPR_ag=0.3713  train_P@5_ab=0.8000  train_P@5_ag=0.9000  val_loss=0.5399  val_AUPR_all=0.5518  val_AUPR_ab=0.6893  val_AUPR_ag=0.3430  val_P@5_ab=0.9000  val_P@5_ag=0.6500  select=0.5161
  Saved checkpoint: checkpoints_newesm/iPara_balanced_l1_g8_i3_do0.10_dpr0.10_lr0.0002_heads16_fold4.pth  select=0.5161  val_ab=0.6893  val_ag=0.3430  val_all=0.5518
Ep014  LR0=1.83e-04  pw=4.74  aucα=0.150  token_p=0.020  dropE=(0.020,0.080)  smooth=0.010  train_loss=0.4140  train_AUPR_all=0.5610  train_AUPR_ab=0.6677  train_AUPR_ag=0.3798  train_P@5_ab=0.9000  train_P@5_ag=0.9500  val_loss=0.5329  val_AUPR_all=0.5241  val_AUPR_ab=0.6997  val_AUPR_ag=0.3076  val_P@5_ab=0.9000  val_P@5_ag=0.6500  select=0.5036
Ep015  LR0=1.81e-04  pw=4.30  aucα=0.180  token_p=0.020  dropE=(0.020,0.080)  smooth=0.010  train_loss=0.4011  train_AUPR_all=0.5846  train_AUPR_ab=0.6944  train_AUPR_ag=0.4003  train_P@5_ab=0.9500  train_P@5_ag=0.8500  val_loss=0.4879  val_AUPR_all=0.5665  val_AUPR_ab=0.7032  val_AUPR_ag=0.3526  val_P@5_ab=0.9500  val_P@5_ag=0.8000  select=0.5279
  Saved checkpoint: checkpoints_newesm/iPara_balanced_l1_g8_i3_do0.10_dpr0.10_lr0.0002_heads16_fold4.pth  select=0.5279  val_ab=0.7032  val_ag=0.3526  val_all=0.5665
Ep016  LR0=1.78e-04  pw=3.91  aucα=0.210  token_p=0.020  dropE=(0.020,0.080)  smooth=0.010  train_loss=0.3980  train_AUPR_all=0.5838  train_AUPR_ab=0.6991  train_AUPR_ag=0.3943  train_P@5_ab=0.9000  train_P@5_ag=0.9000  val_loss=0.4810  val_AUPR_all=0.5548  val_AUPR_ab=0.7019  val_AUPR_ag=0.3252  val_P@5_ab=0.9000  val_P@5_ag=0.7500  select=0.5136
Ep017  LR0=1.75e-04  pw=3.57  aucα=0.240  token_p=0.020  dropE=(0.020,0.080)  smooth=0.010  train_loss=0.3931  train_AUPR_all=0.5877  train_AUPR_ab=0.6994  train_AUPR_ag=0.4044  train_P@5_ab=0.9000  train_P@5_ag=0.8500  val_loss=0.4363  val_AUPR_all=0.5888  val_AUPR_ab=0.7199  val_AUPR_ag=0.3878  val_P@5_ab=0.9500  val_P@5_ag=0.8500  select=0.5539
  Saved checkpoint: checkpoints_newesm/iPara_balanced_l1_g8_i3_do0.10_dpr0.10_lr0.0002_heads16_fold4.pth  select=0.5539  val_ab=0.7199  val_ag=0.3878  val_all=0.5888
Ep018  LR0=1.72e-04  pw=3.27  aucα=0.270  token_p=0.020  dropE=(0.020,0.080)  smooth=0.010  train_loss=0.3889  train_AUPR_all=0.5970  train_AUPR_ab=0.7104  train_AUPR_ag=0.4063  train_P@5_ab=0.9000  train_P@5_ag=0.9500  val_loss=0.4271  val_AUPR_all=0.5802  val_AUPR_ab=0.7139  val_AUPR_ag=0.3950  val_P@5_ab=0.9500  val_P@5_ag=0.9000  select=0.5544
  Saved checkpoint: checkpoints_newesm/iPara_balanced_l1_g8_i3_do0.10_dpr0.10_lr0.0002_heads16_fold4.pth  select=0.5544  val_ab=0.7139  val_ag=0.3950  val_all=0.5802
Ep019  LR0=1.69e-04  pw=3.00  aucα=0.300  token_p=0.020  dropE=(0.020,0.080)  smooth=0.010  train_loss=0.3822  train_AUPR_all=0.6089  train_AUPR_ab=0.7202  train_AUPR_ag=0.4231  train_P@5_ab=1.0000  train_P@5_ag=0.9000  val_loss=0.4415  val_AUPR_all=0.5604  val_AUPR_ab=0.7106  val_AUPR_ag=0.3255  val_P@5_ab=0.9500  val_P@5_ag=0.9500  select=0.5181
Ep020  LR0=1.66e-04  pw=2.77  aucα=0.300  token_p=0.020  dropE=(0.020,0.080)  smooth=0.010  train_loss=0.3643  train_AUPR_all=0.6209  train_AUPR_ab=0.7331  train_AUPR_ag=0.4374  train_P@5_ab=0.9500  train_P@5_ag=0.9500  val_loss=0.4038  val_AUPR_all=0.5662  val_AUPR_ab=0.7292  val_AUPR_ag=0.3489  val_P@5_ab=1.0000  val_P@5_ag=0.8500  select=0.5391
Ep021  LR0=1.62e-04  pw=2.56  aucα=0.300  token_p=0.020  dropE=(0.020,0.080)  smooth=0.010  train_loss=0.3508  train_AUPR_all=0.6272  train_AUPR_ab=0.7375  train_AUPR_ag=0.4473  train_P@5_ab=0.9000  train_P@5_ag=0.9500  val_loss=0.3990  val_AUPR_all=0.5888  val_AUPR_ab=0.7357  val_AUPR_ag=0.3604  val_P@5_ab=1.0000  val_P@5_ag=0.9000  select=0.5480
Ep022  LR0=1.59e-04  pw=2.38  aucα=0.300  token_p=0.020  dropE=(0.020,0.080)  smooth=0.010  train_loss=0.3362  train_AUPR_all=0.6354  train_AUPR_ab=0.7436  train_AUPR_ag=0.4592  train_P@5_ab=0.9500  train_P@5_ag=1.0000  val_loss=0.3861  val_AUPR_all=0.5969  val_AUPR_ab=0.7252  val_AUPR_ag=0.3919  val_P@5_ab=0.9000  val_P@5_ag=0.9000  select=0.5586
  Saved checkpoint: checkpoints_newesm/iPara_balanced_l1_g8_i3_do0.10_dpr0.10_lr0.0002_heads16_fold4.pth  select=0.5586  val_ab=0.7252  val_ag=0.3919  val_all=0.5969
Ep023  LR0=1.55e-04  pw=2.21  aucα=0.300  token_p=0.020  dropE=(0.020,0.080)  smooth=0.010  train_loss=0.3246  train_AUPR_all=0.6379  train_AUPR_ab=0.7454  train_AUPR_ag=0.4671  train_P@5_ab=1.0000  train_P@5_ag=0.8000  val_loss=0.3663  val_AUPR_all=0.5937  val_AUPR_ab=0.7155  val_AUPR_ag=0.4065  val_P@5_ab=1.0000  val_P@5_ag=1.0000  select=0.5610
  Saved checkpoint: checkpoints_newesm/iPara_balanced_l1_g8_i3_do0.10_dpr0.10_lr0.0002_heads16_fold4.pth  select=0.5610  val_ab=0.7155  val_ag=0.4065  val_all=0.5937
Ep024  LR0=1.51e-04  pw=2.07  aucα=0.300  token_p=0.020  dropE=(0.020,0.080)  smooth=0.010  train_loss=0.3069  train_AUPR_all=0.6524  train_AUPR_ab=0.7568  train_AUPR_ag=0.4839  train_P@5_ab=1.0000  train_P@5_ag=1.0000  val_loss=0.3693  val_AUPR_all=0.5827  val_AUPR_ab=0.7170  val_AUPR_ag=0.3738  val_P@5_ab=0.9000  val_P@5_ag=0.9500  select=0.5454
Ep025  LR0=1.48e-04  pw=1.95  aucα=0.300  token_p=0.020  dropE=(0.020,0.080)  smooth=0.010  train_loss=0.2979  train_AUPR_all=0.6592  train_AUPR_ab=0.7648  train_AUPR_ag=0.4920  train_P@5_ab=1.0000  train_P@5_ag=0.9500  val_loss=0.3513  val_AUPR_all=0.6065  val_AUPR_ab=0.7436  val_AUPR_ag=0.3933  val_P@5_ab=0.9500  val_P@5_ag=0.8500  select=0.5684
  Saved checkpoint: checkpoints_newesm/iPara_balanced_l1_g8_i3_do0.10_dpr0.10_lr0.0002_heads16_fold4.pth  select=0.5684  val_ab=0.7436  val_ag=0.3933  val_all=0.6065
Ep026  LR0=1.44e-04  pw=1.83  aucα=0.300  token_p=0.020  dropE=(0.020,0.080)  smooth=0.010  train_loss=0.2872  train_AUPR_all=0.6654  train_AUPR_ab=0.7687  train_AUPR_ag=0.5004  train_P@5_ab=0.9500  train_P@5_ag=0.8500  val_loss=0.3538  val_AUPR_all=0.5922  val_AUPR_ab=0.7438  val_AUPR_ag=0.3696  val_P@5_ab=1.0000  val_P@5_ag=1.0000  select=0.5567
Ep027  LR0=1.39e-04  pw=1.74  aucα=0.300  token_p=0.020  dropE=(0.020,0.080)  smooth=0.010  train_loss=0.2791  train_AUPR_all=0.6680  train_AUPR_ab=0.7680  train_AUPR_ag=0.5086  train_P@5_ab=0.9500  train_P@5_ag=0.9500  val_loss=0.3442  val_AUPR_all=0.5955  val_AUPR_ab=0.7488  val_AUPR_ag=0.3637  val_P@5_ab=0.9500  val_P@5_ag=1.0000  select=0.5562
Ep028  LR0=1.35e-04  pw=1.65  aucα=0.300  token_p=0.020  dropE=(0.020,0.080)  smooth=0.010  train_loss=0.2689  train_AUPR_all=0.6788  train_AUPR_ab=0.7781  train_AUPR_ag=0.5214  train_P@5_ab=1.0000  train_P@5_ag=1.0000  val_loss=0.3184  val_AUPR_all=0.6114  val_AUPR_ab=0.7480  val_AUPR_ag=0.3976  val_P@5_ab=1.0000  val_P@5_ag=1.0000  select=0.5728
  Saved checkpoint: checkpoints_newesm/iPara_balanced_l1_g8_i3_do0.10_dpr0.10_lr0.0002_heads16_fold4.pth  select=0.5728  val_ab=0.7480  val_ag=0.3976  val_all=0.6114
Ep029  LR0=1.31e-04  pw=1.57  aucα=0.300  token_p=0.020  dropE=(0.020,0.080)  smooth=0.010  train_loss=0.2584  train_AUPR_all=0.6924  train_AUPR_ab=0.7863  train_AUPR_ag=0.5457  train_P@5_ab=0.9500  train_P@5_ag=1.0000  val_loss=0.3174  val_AUPR_all=0.6090  val_AUPR_ab=0.7426  val_AUPR_ag=0.3990  val_P@5_ab=1.0000  val_P@5_ag=1.0000  select=0.5708
Ep030  LR0=1.27e-04  pw=1.51  aucα=0.300  token_p=0.020  dropE=(0.020,0.080)  smooth=0.010  train_loss=0.2516  train_AUPR_all=0.6954  train_AUPR_ab=0.7883  train_AUPR_ag=0.5501  train_P@5_ab=0.9500  train_P@5_ag=0.8500  val_loss=0.3146  val_AUPR_all=0.6115  val_AUPR_ab=0.7481  val_AUPR_ag=0.4005  val_P@5_ab=1.0000  val_P@5_ag=0.9500  select=0.5743
  Saved checkpoint: checkpoints_newesm/iPara_balanced_l1_g8_i3_do0.10_dpr0.10_lr0.0002_heads16_fold4.pth  select=0.5743  val_ab=0.7481  val_ag=0.4005  val_all=0.6115
Ep031  LR0=1.22e-04  pw=1.45  aucα=0.300  token_p=0.020  dropE=(0.020,0.080)  smooth=0.010  train_loss=0.2437  train_AUPR_all=0.7034  train_AUPR_ab=0.7914  train_AUPR_ag=0.5671  train_P@5_ab=1.0000  train_P@5_ag=0.8500  val_loss=0.3148  val_AUPR_all=0.6104  val_AUPR_ab=0.7469  val_AUPR_ag=0.3999  val_P@5_ab=1.0000  val_P@5_ag=0.9500  select=0.5734
Ep032  LR0=1.18e-04  pw=1.39  aucα=0.300  token_p=0.020  dropE=(0.020,0.080)  smooth=0.010  train_loss=0.2368  train_AUPR_all=0.7111  train_AUPR_ab=0.7995  train_AUPR_ag=0.5739  train_P@5_ab=0.9500  train_P@5_ag=0.9500  val_loss=0.3068  val_AUPR_all=0.6187  val_AUPR_ab=0.7599  val_AUPR_ag=0.3990  val_P@5_ab=1.0000  val_P@5_ag=0.8500  select=0.5794
  Saved checkpoint: checkpoints_newesm/iPara_balanced_l1_g8_i3_do0.10_dpr0.10_lr0.0002_heads16_fold4.pth  select=0.5794  val_ab=0.7599  val_ag=0.3990  val_all=0.6187
Ep033  LR0=1.14e-04  pw=1.35  aucα=0.300  token_p=0.020  dropE=(0.020,0.080)  smooth=0.010  train_loss=0.2276  train_AUPR_all=0.7199  train_AUPR_ab=0.8032  train_AUPR_ag=0.5912  train_P@5_ab=0.9500  train_P@5_ag=1.0000  val_loss=0.3039  val_AUPR_all=0.6214  val_AUPR_ab=0.7558  val_AUPR_ag=0.4253  val_P@5_ab=0.9500  val_P@5_ag=0.8500  select=0.5906
  Saved checkpoint: checkpoints_newesm/iPara_balanced_l1_g8_i3_do0.10_dpr0.10_lr0.0002_heads16_fold4.pth  select=0.5906  val_ab=0.7558  val_ag=0.4253  val_all=0.6214
Ep034  LR0=1.09e-04  pw=1.31  aucα=0.300  token_p=0.020  dropE=(0.020,0.080)  smooth=0.010  train_loss=0.2248  train_AUPR_all=0.7234  train_AUPR_ab=0.8044  train_AUPR_ag=0.5986  train_P@5_ab=0.9500  train_P@5_ag=1.0000  val_loss=0.2944  val_AUPR_all=0.6339  val_AUPR_ab=0.7573  val_AUPR_ag=0.4461  val_P@5_ab=1.0000  val_P@5_ag=1.0000  select=0.6017
  Saved checkpoint: checkpoints_newesm/iPara_balanced_l1_g8_i3_do0.10_dpr0.10_lr0.0002_heads16_fold4.pth  select=0.6017  val_ab=0.7573  val_ag=0.4461  val_all=0.6339
Ep035  LR0=1.05e-04  pw=1.27  aucα=0.300  token_p=0.020  dropE=(0.020,0.080)  smooth=0.010  train_loss=0.2155  train_AUPR_all=0.7365  train_AUPR_ab=0.8134  train_AUPR_ag=0.6188  train_P@5_ab=0.9500  train_P@5_ag=1.0000  val_loss=0.2980  val_AUPR_all=0.6351  val_AUPR_ab=0.7687  val_AUPR_ag=0.4426  val_P@5_ab=1.0000  val_P@5_ag=1.0000  select=0.6056
  Saved checkpoint: checkpoints_newesm/iPara_balanced_l1_g8_i3_do0.10_dpr0.10_lr0.0002_heads16_fold4.pth  select=0.6056  val_ab=0.7687  val_ag=0.4426  val_all=0.6351
Ep036  LR0=1.00e-04  pw=1.24  aucα=0.300  token_p=0.020  dropE=(0.020,0.080)  smooth=0.010  train_loss=0.2093  train_AUPR_all=0.7438  train_AUPR_ab=0.8172  train_AUPR_ag=0.6320  train_P@5_ab=0.9500  train_P@5_ag=1.0000  val_loss=0.2995  val_AUPR_all=0.6192  val_AUPR_ab=0.7598  val_AUPR_ag=0.4227  val_P@5_ab=0.9500  val_P@5_ag=1.0000  select=0.5913
Ep037  LR0=9.58e-05  pw=1.21  aucα=0.300  token_p=0.020  dropE=(0.020,0.080)  smooth=0.010  train_loss=0.2082  train_AUPR_all=0.7454  train_AUPR_ab=0.8211  train_AUPR_ag=0.6298  train_P@5_ab=1.0000  train_P@5_ag=0.9500  val_loss=0.2939  val_AUPR_all=0.6260  val_AUPR_ab=0.7610  val_AUPR_ag=0.4252  val_P@5_ab=0.9500  val_P@5_ag=1.0000  select=0.5931
Ep038  LR0=9.13e-05  pw=1.19  aucα=0.300  token_p=0.020  dropE=(0.020,0.080)  smooth=0.010  train_loss=0.2014  train_AUPR_all=0.7535  train_AUPR_ab=0.8279  train_AUPR_ag=0.6393  train_P@5_ab=1.0000  train_P@5_ag=0.9500  val_loss=0.2891  val_AUPR_all=0.6311  val_AUPR_ab=0.7678  val_AUPR_ag=0.4257  val_P@5_ab=0.9500  val_P@5_ag=0.9500  select=0.5968
Ep039  LR0=8.69e-05  pw=1.16  aucα=0.300  token_p=0.020  dropE=(0.020,0.080)  smooth=0.010  train_loss=0.1975  train_AUPR_all=0.7585  train_AUPR_ab=0.8282  train_AUPR_ag=0.6526  train_P@5_ab=1.0000  train_P@5_ag=1.0000  val_loss=0.2903  val_AUPR_all=0.6259  val_AUPR_ab=0.7641  val_AUPR_ag=0.4134  val_P@5_ab=0.9000  val_P@5_ag=1.0000  select=0.5887
Ep040  LR0=8.24e-05  pw=1.15  aucα=0.300  token_p=0.020  dropE=(0.020,0.080)  smooth=0.010  train_loss=0.1891  train_AUPR_all=0.7709  train_AUPR_ab=0.8329  train_AUPR_ag=0.6779  train_P@5_ab=1.0000  train_P@5_ag=1.0000  val_loss=0.2925  val_AUPR_all=0.6263  val_AUPR_ab=0.7655  val_AUPR_ag=0.4272  val_P@5_ab=0.9500  val_P@5_ag=0.9500  select=0.5964
Ep041  LR0=7.81e-05  pw=1.13  aucα=0.300  token_p=0.020  dropE=(0.020,0.080)  smooth=0.010  train_loss=0.1857  train_AUPR_all=0.7764  train_AUPR_ab=0.8407  train_AUPR_ag=0.6782  train_P@5_ab=0.9500  train_P@5_ag=1.0000  val_loss=0.2917  val_AUPR_all=0.6255  val_AUPR_ab=0.7622  val_AUPR_ag=0.4242  val_P@5_ab=0.9500  val_P@5_ag=1.0000  select=0.5932
Ep042  LR0=7.37e-05  pw=1.11  aucα=0.300  token_p=0.020  dropE=(0.020,0.080)  smooth=0.010  train_loss=0.1774  train_AUPR_all=0.7902  train_AUPR_ab=0.8523  train_AUPR_ag=0.6953  train_P@5_ab=1.0000  train_P@5_ag=0.9500  val_loss=0.2927  val_AUPR_all=0.6225  val_AUPR_ab=0.7670  val_AUPR_ag=0.4148  val_P@5_ab=1.0000  val_P@5_ag=0.9000  select=0.5909
Ep043  LR0=6.94e-05  pw=1.10  aucα=0.300  token_p=0.020  dropE=(0.020,0.080)  smooth=0.010  train_loss=0.1762  train_AUPR_all=0.7920  train_AUPR_ab=0.8533  train_AUPR_ag=0.6993  train_P@5_ab=1.0000  train_P@5_ag=0.9500  val_loss=0.2946  val_AUPR_all=0.6262  val_AUPR_ab=0.7636  val_AUPR_ag=0.4332  val_P@5_ab=0.9500  val_P@5_ag=0.9500  select=0.5984
Ep044  LR0=6.52e-05  pw=1.09  aucα=0.300  token_p=0.020  dropE=(0.020,0.080)  smooth=0.010  train_loss=0.1706  train_AUPR_all=0.8010  train_AUPR_ab=0.8601  train_AUPR_ag=0.7113  train_P@5_ab=1.0000  train_P@5_ag=1.0000  val_loss=0.2957  val_AUPR_all=0.6129  val_AUPR_ab=0.7471  val_AUPR_ag=0.4217  val_P@5_ab=0.8000  val_P@5_ag=1.0000  select=0.5844
Ep045  LR0=6.10e-05  pw=1.08  aucα=0.300  token_p=0.020  dropE=(0.020,0.080)  smooth=0.010  train_loss=0.1681  train_AUPR_all=0.8050  train_AUPR_ab=0.8608  train_AUPR_ag=0.7208  train_P@5_ab=1.0000  train_P@5_ag=1.0000  val_loss=0.2884  val_AUPR_all=0.6253  val_AUPR_ab=0.7633  val_AUPR_ag=0.4378  val_P@5_ab=0.9500  val_P@5_ag=1.0000  select=0.6006
Ep046  LR0=5.70e-05  pw=1.07  aucα=0.300  token_p=0.020  dropE=(0.020,0.080)  smooth=0.010  train_loss=0.1688  train_AUPR_all=0.8024  train_AUPR_ab=0.8576  train_AUPR_ag=0.7194  train_P@5_ab=1.0000  train_P@5_ag=1.0000  val_loss=0.2900  val_AUPR_all=0.6273  val_AUPR_ab=0.7645  val_AUPR_ag=0.4339  val_P@5_ab=1.0000  val_P@5_ag=1.0000  select=0.5992
Ep047  LR0=5.30e-05  pw=1.06  aucα=0.300  token_p=0.020  dropE=(0.020,0.080)  smooth=0.010  train_loss=0.1622  train_AUPR_all=0.8138  train_AUPR_ab=0.8674  train_AUPR_ag=0.7328  train_P@5_ab=0.9500  train_P@5_ag=1.0000  val_loss=0.2935  val_AUPR_all=0.6226  val_AUPR_ab=0.7616  val_AUPR_ag=0.4291  val_P@5_ab=0.9000  val_P@5_ag=0.9000  select=0.5953
Ep048  LR0=4.91e-05  pw=1.05  aucα=0.300  token_p=0.020  dropE=(0.020,0.080)  smooth=0.010  train_loss=0.1630  train_AUPR_all=0.8119  train_AUPR_ab=0.8664  train_AUPR_ag=0.7291  train_P@5_ab=1.0000  train_P@5_ag=1.0000  val_loss=0.2884  val_AUPR_all=0.6145  val_AUPR_ab=0.7534  val_AUPR_ag=0.4157  val_P@5_ab=0.9500  val_P@5_ag=0.9500  select=0.5845
Ep049  LR0=4.53e-05  pw=1.05  aucα=0.300  token_p=0.020  dropE=(0.020,0.080)  smooth=0.010  train_loss=0.1574  train_AUPR_all=0.8214  train_AUPR_ab=0.8738  train_AUPR_ag=0.7423  train_P@5_ab=1.0000  train_P@5_ag=1.0000  val_loss=0.2957  val_AUPR_all=0.6157  val_AUPR_ab=0.7543  val_AUPR_ag=0.4204  val_P@5_ab=0.9000  val_P@5_ag=0.9000  select=0.5874
Ep050  LR0=4.16e-05  pw=1.04  aucα=0.300  token_p=0.020  dropE=(0.020,0.080)  smooth=0.010  train_loss=0.1577  train_AUPR_all=0.8211  train_AUPR_ab=0.8721  train_AUPR_ag=0.7447  train_P@5_ab=1.0000  train_P@5_ag=1.0000  val_loss=0.2902  val_AUPR_all=0.6192  val_AUPR_ab=0.7541  val_AUPR_ag=0.4332  val_P@5_ab=0.9500  val_P@5_ag=0.9000  select=0.5936
Ep051  LR0=3.81e-05  pw=1.04  aucα=0.300  token_p=0.020  dropE=(0.020,0.080)  smooth=0.010  train_loss=0.1540  train_AUPR_all=0.8279  train_AUPR_ab=0.8805  train_AUPR_ag=0.7472  train_P@5_ab=1.0000  train_P@5_ag=1.0000  val_loss=0.2874  val_AUPR_all=0.6255  val_AUPR_ab=0.7554  val_AUPR_ag=0.4427  val_P@5_ab=1.0000  val_P@5_ag=1.0000  select=0.5991
Ep052  LR0=3.46e-05  pw=1.03  aucα=0.300  token_p=0.020  dropE=(0.020,0.080)  smooth=0.010  train_loss=0.1512  train_AUPR_all=0.8307  train_AUPR_ab=0.8801  train_AUPR_ag=0.7558  train_P@5_ab=1.0000  train_P@5_ag=1.0000  val_loss=0.2894  val_AUPR_all=0.6259  val_AUPR_ab=0.7558  val_AUPR_ag=0.4480  val_P@5_ab=1.0000  val_P@5_ag=1.0000  select=0.6019
Ep053  LR0=3.13e-05  pw=1.03  aucα=0.300  token_p=0.020  dropE=(0.020,0.080)  smooth=0.010  train_loss=0.1488  train_AUPR_all=0.8350  train_AUPR_ab=0.8826  train_AUPR_ag=0.7634  train_P@5_ab=1.0000  train_P@5_ag=1.0000  val_loss=0.2955  val_AUPR_all=0.6217  val_AUPR_ab=0.7583  val_AUPR_ag=0.4214  val_P@5_ab=0.9500  val_P@5_ag=0.9000  select=0.5899
Ep054  LR0=2.82e-05  pw=1.03  aucα=0.300  token_p=0.020  dropE=(0.020,0.080)  smooth=0.010  train_loss=0.1435  train_AUPR_all=0.8452  train_AUPR_ab=0.8913  train_AUPR_ag=0.7754  train_P@5_ab=1.0000  train_P@5_ag=1.0000  val_loss=0.2921  val_AUPR_all=0.6230  val_AUPR_ab=0.7556  val_AUPR_ag=0.4321  val_P@5_ab=0.9500  val_P@5_ag=0.9500  select=0.5939
Ep055  LR0=2.51e-05  pw=1.02  aucα=0.300  token_p=0.020  dropE=(0.020,0.080)  smooth=0.010  train_loss=0.1457  train_AUPR_all=0.8407  train_AUPR_ab=0.8888  train_AUPR_ag=0.7677  train_P@5_ab=1.0000  train_P@5_ag=1.0000  val_loss=0.2946  val_AUPR_all=0.6204  val_AUPR_ab=0.7538  val_AUPR_ag=0.4249  val_P@5_ab=1.0000  val_P@5_ag=0.9500  select=0.5894
Early stopping at epoch 55. Best select=0.6056 at epoch 35.
Final saved checkpoint for fold 4: checkpoints_newesm/iPara_balanced_l1_g8_i3_do0.10_dpr0.10_lr0.0002_heads16_fold4.pth
Best select=0.6056 at epoch 35

==========================================================================================
Fold 5/5
==========================================================================================
Train labels: valid=399660, pos=26617, neg=373043, ignore=699540, pos_frac=0.06660
Val labels: valid=100532, pos=6613, neg=93919, ignore=173068, pos_frac=0.06578
Initializing ClassificationModel with 8 GAT layers and residual connections...
Initializing MCModel with 8 GAT layers and 3 row attention layers (drop_path_rate=0.1, use_esm=True)
Initializing CoreModel with 1 layers, drop_path_rate=0.1
Ep001  LR0=2.00e-04  pw=20.00  aucα=0.000  token_p=0.020  dropE=(0.020,0.080)  smooth=0.010  train_loss=1.2553  train_AUPR_all=0.1666  train_AUPR_ab=0.1892  train_AUPR_ag=0.1367  train_P@5_ab=0.1500  train_P@5_ag=0.1000  val_loss=1.4036  val_AUPR_all=0.3279  val_AUPR_ab=0.4743  val_AUPR_ag=0.1802  val_P@5_ab=0.8500  val_P@5_ag=1.0000  select=0.3273
  Saved checkpoint: checkpoints_newesm/iPara_balanced_l1_g8_i3_do0.10_dpr0.10_lr0.0002_heads16_fold5.pth  select=0.3273  val_ab=0.4743  val_ag=0.1802  val_all=0.3279
Ep002  LR0=2.00e-04  pw=17.77  aucα=0.000  token_p=0.020  dropE=(0.020,0.080)  smooth=0.010  train_loss=0.8429  train_AUPR_all=0.3631  train_AUPR_ab=0.4326  train_AUPR_ag=0.2494  train_P@5_ab=0.6500  train_P@5_ag=0.9500  val_loss=1.2959  val_AUPR_all=0.3803  val_AUPR_ab=0.5296  val_AUPR_ag=0.1847  val_P@5_ab=0.5500  val_P@5_ag=0.8000  select=0.3571
  Saved checkpoint: checkpoints_newesm/iPara_balanced_l1_g8_i3_do0.10_dpr0.10_lr0.0002_heads16_fold5.pth  select=0.3571  val_ab=0.5296  val_ag=0.1847  val_all=0.3803
Ep003  LR0=2.00e-04  pw=15.80  aucα=0.000  token_p=0.020  dropE=(0.020,0.080)  smooth=0.010  train_loss=0.7508  train_AUPR_all=0.4075  train_AUPR_ab=0.4936  train_AUPR_ag=0.2681  train_P@5_ab=0.7000  train_P@5_ag=1.0000  val_loss=1.2213  val_AUPR_all=0.3975  val_AUPR_ab=0.5951  val_AUPR_ag=0.1775  val_P@5_ab=0.6500  val_P@5_ag=0.8500  select=0.3863
  Saved checkpoint: checkpoints_newesm/iPara_balanced_l1_g8_i3_do0.10_dpr0.10_lr0.0002_heads16_fold5.pth  select=0.3863  val_ab=0.5951  val_ag=0.1775  val_all=0.3975
Ep004  LR0=1.99e-04  pw=14.06  aucα=0.000  token_p=0.020  dropE=(0.020,0.080)  smooth=0.010  train_loss=0.6819  train_AUPR_all=0.4530  train_AUPR_ab=0.5384  train_AUPR_ag=0.2969  train_P@5_ab=0.6500  train_P@5_ag=0.9000  val_loss=1.0522  val_AUPR_all=0.4161  val_AUPR_ab=0.5955  val_AUPR_ag=0.2224  val_P@5_ab=0.4500  val_P@5_ag=0.7000  select=0.4090
  Saved checkpoint: checkpoints_newesm/iPara_balanced_l1_g8_i3_do0.10_dpr0.10_lr0.0002_heads16_fold5.pth  select=0.4090  val_ab=0.5955  val_ag=0.2224  val_all=0.4161
Ep005  LR0=1.98e-04  pw=12.52  aucα=0.000  token_p=0.020  dropE=(0.020,0.080)  smooth=0.010  train_loss=0.6197  train_AUPR_all=0.4651  train_AUPR_ab=0.5446  train_AUPR_ag=0.3154  train_P@5_ab=0.8000  train_P@5_ag=0.8000  val_loss=1.2837  val_AUPR_all=0.3978  val_AUPR_ab=0.6038  val_AUPR_ag=0.1915  val_P@5_ab=0.5500  val_P@5_ag=0.6500  select=0.3976
Ep006  LR0=1.97e-04  pw=11.17  aucα=0.000  token_p=0.020  dropE=(0.020,0.080)  smooth=0.010  train_loss=0.5910  train_AUPR_all=0.4750  train_AUPR_ab=0.5558  train_AUPR_ag=0.3196  train_P@5_ab=0.6500  train_P@5_ag=0.9000  val_loss=0.8641  val_AUPR_all=0.4503  val_AUPR_ab=0.6319  val_AUPR_ag=0.2419  val_P@5_ab=0.7000  val_P@5_ag=0.7000  select=0.4369
  Saved checkpoint: checkpoints_newesm/iPara_balanced_l1_g8_i3_do0.10_dpr0.10_lr0.0002_heads16_fold5.pth  select=0.4369  val_ab=0.6319  val_ag=0.2419  val_all=0.4503
Ep007  LR0=1.96e-04  pw=9.97  aucα=0.000  token_p=0.020  dropE=(0.020,0.080)  smooth=0.010  train_loss=0.5411  train_AUPR_all=0.5015  train_AUPR_ab=0.5871  train_AUPR_ag=0.3347  train_P@5_ab=0.5500  train_P@5_ag=0.9000  val_loss=1.4964  val_AUPR_all=0.2817  val_AUPR_ab=0.6271  val_AUPR_ag=0.1462  val_P@5_ab=0.3500  val_P@5_ag=0.8000  select=0.3866
Ep008  LR0=1.95e-04  pw=8.92  aucα=0.000  token_p=0.020  dropE=(0.020,0.080)  smooth=0.010  train_loss=0.5043  train_AUPR_all=0.5114  train_AUPR_ab=0.5967  train_AUPR_ag=0.3437  train_P@5_ab=0.8000  train_P@5_ag=1.0000  val_loss=0.8588  val_AUPR_all=0.4766  val_AUPR_ab=0.6653  val_AUPR_ag=0.2437  val_P@5_ab=0.6000  val_P@5_ag=0.9000  select=0.4545
  Saved checkpoint: checkpoints_newesm/iPara_balanced_l1_g8_i3_do0.10_dpr0.10_lr0.0002_heads16_fold5.pth  select=0.4545  val_ab=0.6653  val_ag=0.2437  val_all=0.4766
Ep009  LR0=1.94e-04  pw=7.99  aucα=0.000  token_p=0.020  dropE=(0.020,0.080)  smooth=0.010  train_loss=0.4677  train_AUPR_all=0.5253  train_AUPR_ab=0.6227  train_AUPR_ag=0.3545  train_P@5_ab=0.8000  train_P@5_ag=0.9500  val_loss=0.8207  val_AUPR_all=0.5076  val_AUPR_ab=0.6774  val_AUPR_ag=0.2402  val_P@5_ab=1.0000  val_P@5_ag=0.7500  select=0.4588
  Saved checkpoint: checkpoints_newesm/iPara_balanced_l1_g8_i3_do0.10_dpr0.10_lr0.0002_heads16_fold5.pth  select=0.4588  val_ab=0.6774  val_ag=0.2402  val_all=0.5076
Ep010  LR0=1.92e-04  pw=7.17  aucα=0.030  token_p=0.020  dropE=(0.020,0.080)  smooth=0.010  train_loss=0.4555  train_AUPR_all=0.5251  train_AUPR_ab=0.6152  train_AUPR_ag=0.3579  train_P@5_ab=0.7000  train_P@5_ag=0.8000  val_loss=0.7681  val_AUPR_all=0.4731  val_AUPR_ab=0.6660  val_AUPR_ag=0.2621  val_P@5_ab=0.8500  val_P@5_ag=0.9000  select=0.4640
  Saved checkpoint: checkpoints_newesm/iPara_balanced_l1_g8_i3_do0.10_dpr0.10_lr0.0002_heads16_fold5.pth  select=0.4640  val_ab=0.6660  val_ag=0.2621  val_all=0.4731
Unfreezing DyM parameters.
Ep011  LR0=1.90e-04  pw=6.44  aucα=0.060  token_p=0.020  dropE=(0.020,0.080)  smooth=0.010  train_loss=0.4401  train_AUPR_all=0.5446  train_AUPR_ab=0.6426  train_AUPR_ag=0.3635  train_P@5_ab=0.5500  train_P@5_ag=1.0000  val_loss=0.7486  val_AUPR_all=0.4703  val_AUPR_ab=0.6693  val_AUPR_ag=0.2467  val_P@5_ab=1.0000  val_P@5_ag=0.9000  select=0.4580
Ep012  LR0=1.88e-04  pw=5.80  aucα=0.090  token_p=0.020  dropE=(0.020,0.080)  smooth=0.010  train_loss=0.4301  train_AUPR_all=0.5563  train_AUPR_ab=0.6582  train_AUPR_ag=0.3794  train_P@5_ab=0.7500  train_P@5_ag=0.9000  val_loss=0.6220  val_AUPR_all=0.5150  val_AUPR_ab=0.6976  val_AUPR_ag=0.2982  val_P@5_ab=0.9500  val_P@5_ag=0.9500  select=0.4979
  Saved checkpoint: checkpoints_newesm/iPara_balanced_l1_g8_i3_do0.10_dpr0.10_lr0.0002_heads16_fold5.pth  select=0.4979  val_ab=0.6976  val_ag=0.2982  val_all=0.5150
Ep013  LR0=1.86e-04  pw=5.24  aucα=0.120  token_p=0.020  dropE=(0.020,0.080)  smooth=0.010  train_loss=0.4196  train_AUPR_all=0.5554  train_AUPR_ab=0.6572  train_AUPR_ag=0.3776  train_P@5_ab=0.9500  train_P@5_ag=1.0000  val_loss=0.5177  val_AUPR_all=0.5535  val_AUPR_ab=0.7048  val_AUPR_ag=0.3459  val_P@5_ab=1.0000  val_P@5_ag=0.9000  select=0.5254
  Saved checkpoint: checkpoints_newesm/iPara_balanced_l1_g8_i3_do0.10_dpr0.10_lr0.0002_heads16_fold5.pth  select=0.5254  val_ab=0.7048  val_ag=0.3459  val_all=0.5535
Ep014  LR0=1.83e-04  pw=4.74  aucα=0.150  token_p=0.020  dropE=(0.020,0.080)  smooth=0.010  train_loss=0.4116  train_AUPR_all=0.5715  train_AUPR_ab=0.6799  train_AUPR_ag=0.3884  train_P@5_ab=1.0000  train_P@5_ag=1.0000  val_loss=0.6146  val_AUPR_all=0.5011  val_AUPR_ab=0.6892  val_AUPR_ag=0.2631  val_P@5_ab=0.9000  val_P@5_ag=0.9000  select=0.4761
Ep015  LR0=1.81e-04  pw=4.30  aucα=0.180  token_p=0.020  dropE=(0.020,0.080)  smooth=0.010  train_loss=0.4032  train_AUPR_all=0.5812  train_AUPR_ab=0.6842  train_AUPR_ag=0.4034  train_P@5_ab=0.9500  train_P@5_ag=0.9500  val_loss=0.5553  val_AUPR_all=0.4999  val_AUPR_ab=0.6425  val_AUPR_ag=0.2899  val_P@5_ab=0.9500  val_P@5_ag=0.9000  select=0.4662
Ep016  LR0=1.78e-04  pw=3.91  aucα=0.210  token_p=0.020  dropE=(0.020,0.080)  smooth=0.010  train_loss=0.3953  train_AUPR_all=0.5902  train_AUPR_ab=0.6971  train_AUPR_ag=0.4112  train_P@5_ab=1.0000  train_P@5_ag=0.9000  val_loss=0.4892  val_AUPR_all=0.5424  val_AUPR_ab=0.7175  val_AUPR_ag=0.3157  val_P@5_ab=1.0000  val_P@5_ag=0.8500  select=0.5166
Ep017  LR0=1.75e-04  pw=3.57  aucα=0.240  token_p=0.020  dropE=(0.020,0.080)  smooth=0.010  train_loss=0.3923  train_AUPR_all=0.5961  train_AUPR_ab=0.7007  train_AUPR_ag=0.4206  train_P@5_ab=0.9000  train_P@5_ag=0.9500  val_loss=0.4387  val_AUPR_all=0.5784  val_AUPR_ab=0.7301  val_AUPR_ag=0.3452  val_P@5_ab=1.0000  val_P@5_ag=0.9000  select=0.5376
  Saved checkpoint: checkpoints_newesm/iPara_balanced_l1_g8_i3_do0.10_dpr0.10_lr0.0002_heads16_fold5.pth  select=0.5376  val_ab=0.7301  val_ag=0.3452  val_all=0.5784
Ep018  LR0=1.72e-04  pw=3.27  aucα=0.270  token_p=0.020  dropE=(0.020,0.080)  smooth=0.010  train_loss=0.3866  train_AUPR_all=0.6012  train_AUPR_ab=0.7144  train_AUPR_ag=0.4164  train_P@5_ab=1.0000  train_P@5_ag=0.8500  val_loss=0.4591  val_AUPR_all=0.5479  val_AUPR_ab=0.7110  val_AUPR_ag=0.3126  val_P@5_ab=1.0000  val_P@5_ag=0.9000  select=0.5118
Ep019  LR0=1.69e-04  pw=3.00  aucα=0.300  token_p=0.020  dropE=(0.020,0.080)  smooth=0.010  train_loss=0.3827  train_AUPR_all=0.6094  train_AUPR_ab=0.7178  train_AUPR_ag=0.4317  train_P@5_ab=0.9500  train_P@5_ag=1.0000  val_loss=0.4298  val_AUPR_all=0.5650  val_AUPR_ab=0.7120  val_AUPR_ag=0.3451  val_P@5_ab=1.0000  val_P@5_ag=0.9000  select=0.5286
Ep020  LR0=1.66e-04  pw=2.77  aucα=0.300  token_p=0.020  dropE=(0.020,0.080)  smooth=0.010  train_loss=0.3657  train_AUPR_all=0.6157  train_AUPR_ab=0.7225  train_AUPR_ag=0.4403  train_P@5_ab=0.9500  train_P@5_ag=0.9000  val_loss=0.4025  val_AUPR_all=0.5707  val_AUPR_ab=0.7246  val_AUPR_ag=0.3511  val_P@5_ab=1.0000  val_P@5_ag=1.0000  select=0.5379
  Saved checkpoint: checkpoints_newesm/iPara_balanced_l1_g8_i3_do0.10_dpr0.10_lr0.0002_heads16_fold5.pth  select=0.5379  val_ab=0.7246  val_ag=0.3511  val_all=0.5707
Ep021  LR0=1.62e-04  pw=2.56  aucα=0.300  token_p=0.020  dropE=(0.020,0.080)  smooth=0.010  train_loss=0.3530  train_AUPR_all=0.6204  train_AUPR_ab=0.7277  train_AUPR_ag=0.4462  train_P@5_ab=0.9500  train_P@5_ag=1.0000  val_loss=0.3863  val_AUPR_all=0.5908  val_AUPR_ab=0.7475  val_AUPR_ag=0.3458  val_P@5_ab=0.9500  val_P@5_ag=0.8500  select=0.5466
  Saved checkpoint: checkpoints_newesm/iPara_balanced_l1_g8_i3_do0.10_dpr0.10_lr0.0002_heads16_fold5.pth  select=0.5466  val_ab=0.7475  val_ag=0.3458  val_all=0.5908
Ep022  LR0=1.59e-04  pw=2.38  aucα=0.300  token_p=0.020  dropE=(0.020,0.080)  smooth=0.010  train_loss=0.3385  train_AUPR_all=0.6289  train_AUPR_ab=0.7310  train_AUPR_ag=0.4640  train_P@5_ab=0.9000  train_P@5_ag=0.9000  val_loss=0.3895  val_AUPR_all=0.5661  val_AUPR_ab=0.7418  val_AUPR_ag=0.3247  val_P@5_ab=1.0000  val_P@5_ag=0.8000  select=0.5333
Ep023  LR0=1.55e-04  pw=2.21  aucα=0.300  token_p=0.020  dropE=(0.020,0.080)  smooth=0.010  train_loss=0.3243  train_AUPR_all=0.6365  train_AUPR_ab=0.7410  train_AUPR_ag=0.4692  train_P@5_ab=0.9500  train_P@5_ag=0.9500  val_loss=0.3718  val_AUPR_all=0.5713  val_AUPR_ab=0.7349  val_AUPR_ag=0.3365  val_P@5_ab=1.0000  val_P@5_ag=0.9500  select=0.5357
Ep024  LR0=1.51e-04  pw=2.07  aucα=0.300  token_p=0.020  dropE=(0.020,0.080)  smooth=0.010  train_loss=0.3084  train_AUPR_all=0.6514  train_AUPR_ab=0.7544  train_AUPR_ag=0.4873  train_P@5_ab=1.0000  train_P@5_ag=0.9500  val_loss=0.3664  val_AUPR_all=0.5787  val_AUPR_ab=0.7361  val_AUPR_ag=0.3309  val_P@5_ab=1.0000  val_P@5_ag=0.9500  select=0.5335
Ep025  LR0=1.48e-04  pw=1.95  aucα=0.300  token_p=0.020  dropE=(0.020,0.080)  smooth=0.010  train_loss=0.2993  train_AUPR_all=0.6527  train_AUPR_ab=0.7532  train_AUPR_ag=0.4924  train_P@5_ab=0.9500  train_P@5_ag=0.8500  val_loss=0.3694  val_AUPR_all=0.5661  val_AUPR_ab=0.7473  val_AUPR_ag=0.3188  val_P@5_ab=1.0000  val_P@5_ag=0.7500  select=0.5330
Ep026  LR0=1.44e-04  pw=1.83  aucα=0.300  token_p=0.020  dropE=(0.020,0.080)  smooth=0.010  train_loss=0.2923  train_AUPR_all=0.6576  train_AUPR_ab=0.7589  train_AUPR_ag=0.4967  train_P@5_ab=1.0000  train_P@5_ag=1.0000  val_loss=0.3617  val_AUPR_all=0.5738  val_AUPR_ab=0.7447  val_AUPR_ag=0.3100  val_P@5_ab=1.0000  val_P@5_ag=0.7500  select=0.5273
Ep027  LR0=1.39e-04  pw=1.74  aucα=0.300  token_p=0.020  dropE=(0.020,0.080)  smooth=0.010  train_loss=0.2774  train_AUPR_all=0.6723  train_AUPR_ab=0.7687  train_AUPR_ag=0.5200  train_P@5_ab=0.9500  train_P@5_ag=0.9500  val_loss=0.3534  val_AUPR_all=0.5598  val_AUPR_ab=0.7487  val_AUPR_ag=0.3266  val_P@5_ab=1.0000  val_P@5_ag=0.7500  select=0.5377
Ep028  LR0=1.35e-04  pw=1.65  aucα=0.300  token_p=0.020  dropE=(0.020,0.080)  smooth=0.010  train_loss=0.2684  train_AUPR_all=0.6821  train_AUPR_ab=0.7743  train_AUPR_ag=0.5384  train_P@5_ab=1.0000  train_P@5_ag=0.9500  val_loss=0.3458  val_AUPR_all=0.5681  val_AUPR_ab=0.7405  val_AUPR_ag=0.3246  val_P@5_ab=1.0000  val_P@5_ag=0.8000  select=0.5325
Ep029  LR0=1.31e-04  pw=1.57  aucα=0.300  token_p=0.020  dropE=(0.020,0.080)  smooth=0.010  train_loss=0.2621  train_AUPR_all=0.6829  train_AUPR_ab=0.7748  train_AUPR_ag=0.5390  train_P@5_ab=1.0000  train_P@5_ag=1.0000  val_loss=0.3294  val_AUPR_all=0.5940  val_AUPR_ab=0.7474  val_AUPR_ag=0.3656  val_P@5_ab=1.0000  val_P@5_ag=0.7500  select=0.5565
  Saved checkpoint: checkpoints_newesm/iPara_balanced_l1_g8_i3_do0.10_dpr0.10_lr0.0002_heads16_fold5.pth  select=0.5565  val_ab=0.7474  val_ag=0.3656  val_all=0.5940
Ep030  LR0=1.27e-04  pw=1.51  aucα=0.300  token_p=0.020  dropE=(0.020,0.080)  smooth=0.010  train_loss=0.2539  train_AUPR_all=0.6886  train_AUPR_ab=0.7775  train_AUPR_ag=0.5496  train_P@5_ab=1.0000  train_P@5_ag=0.8000  val_loss=0.3326  val_AUPR_all=0.5774  val_AUPR_ab=0.7619  val_AUPR_ag=0.3266  val_P@5_ab=1.0000  val_P@5_ag=0.8000  select=0.5443
Ep031  LR0=1.22e-04  pw=1.45  aucα=0.300  token_p=0.020  dropE=(0.020,0.080)  smooth=0.010  train_loss=0.2438  train_AUPR_all=0.7004  train_AUPR_ab=0.7863  train_AUPR_ag=0.5679  train_P@5_ab=1.0000  train_P@5_ag=0.9000  val_loss=0.3381  val_AUPR_all=0.5677  val_AUPR_ab=0.7551  val_AUPR_ag=0.3403  val_P@5_ab=0.9500  val_P@5_ag=0.8000  select=0.5477
Ep032  LR0=1.18e-04  pw=1.39  aucα=0.300  token_p=0.020  dropE=(0.020,0.080)  smooth=0.010  train_loss=0.2378  train_AUPR_all=0.7073  train_AUPR_ab=0.7903  train_AUPR_ag=0.5793  train_P@5_ab=1.0000  train_P@5_ag=1.0000  val_loss=0.3295  val_AUPR_all=0.5687  val_AUPR_ab=0.7548  val_AUPR_ag=0.3316  val_P@5_ab=0.9500  val_P@5_ag=0.8500  select=0.5432
Ep033  LR0=1.14e-04  pw=1.35  aucα=0.300  token_p=0.020  dropE=(0.020,0.080)  smooth=0.010  train_loss=0.2281  train_AUPR_all=0.7217  train_AUPR_ab=0.8032  train_AUPR_ag=0.5966  train_P@5_ab=1.0000  train_P@5_ag=0.9500  val_loss=0.3191  val_AUPR_all=0.5913  val_AUPR_ab=0.7537  val_AUPR_ag=0.3388  val_P@5_ab=1.0000  val_P@5_ag=0.7000  select=0.5462
Ep034  LR0=1.09e-04  pw=1.31  aucα=0.300  token_p=0.020  dropE=(0.020,0.080)  smooth=0.010  train_loss=0.2217  train_AUPR_all=0.7271  train_AUPR_ab=0.8055  train_AUPR_ag=0.6065  train_P@5_ab=0.9500  train_P@5_ag=0.9500  val_loss=0.3167  val_AUPR_all=0.5690  val_AUPR_ab=0.7499  val_AUPR_ag=0.3260  val_P@5_ab=1.0000  val_P@5_ag=0.8000  select=0.5380
Ep035  LR0=1.05e-04  pw=1.27  aucα=0.300  token_p=0.020  dropE=(0.020,0.080)  smooth=0.010  train_loss=0.2194  train_AUPR_all=0.7287  train_AUPR_ab=0.8037  train_AUPR_ag=0.6148  train_P@5_ab=1.0000  train_P@5_ag=0.9500  val_loss=0.3216  val_AUPR_all=0.5656  val_AUPR_ab=0.7532  val_AUPR_ag=0.3011  val_P@5_ab=1.0000  val_P@5_ag=0.6000  select=0.5272
Ep036  LR0=1.00e-04  pw=1.24  aucα=0.300  token_p=0.020  dropE=(0.020,0.080)  smooth=0.010  train_loss=0.2118  train_AUPR_all=0.7393  train_AUPR_ab=0.8155  train_AUPR_ag=0.6226  train_P@5_ab=1.0000  train_P@5_ag=1.0000  val_loss=0.3152  val_AUPR_all=0.5719  val_AUPR_ab=0.7500  val_AUPR_ag=0.3290  val_P@5_ab=0.8500  val_P@5_ag=0.8000  select=0.5395
Ep037  LR0=9.58e-05  pw=1.21  aucα=0.300  token_p=0.020  dropE=(0.020,0.080)  smooth=0.010  train_loss=0.2079  train_AUPR_all=0.7443  train_AUPR_ab=0.8155  train_AUPR_ag=0.6362  train_P@5_ab=1.0000  train_P@5_ag=1.0000  val_loss=0.3124  val_AUPR_all=0.5918  val_AUPR_ab=0.7538  val_AUPR_ag=0.3473  val_P@5_ab=0.9500  val_P@5_ag=0.5500  select=0.5505
Ep038  LR0=9.13e-05  pw=1.19  aucα=0.300  token_p=0.020  dropE=(0.020,0.080)  smooth=0.010  train_loss=0.2038  train_AUPR_all=0.7483  train_AUPR_ab=0.8181  train_AUPR_ag=0.6424  train_P@5_ab=1.0000  train_P@5_ag=1.0000  val_loss=0.3096  val_AUPR_all=0.5881  val_AUPR_ab=0.7510  val_AUPR_ag=0.3569  val_P@5_ab=0.9500  val_P@5_ag=0.9000  select=0.5540
Ep039  LR0=8.69e-05  pw=1.16  aucα=0.300  token_p=0.020  dropE=(0.020,0.080)  smooth=0.010  train_loss=0.1945  train_AUPR_all=0.7617  train_AUPR_ab=0.8297  train_AUPR_ag=0.6578  train_P@5_ab=1.0000  train_P@5_ag=1.0000  val_loss=0.3278  val_AUPR_all=0.5801  val_AUPR_ab=0.7576  val_AUPR_ag=0.3409  val_P@5_ab=0.9500  val_P@5_ag=0.7500  select=0.5492
Ep040  LR0=8.24e-05  pw=1.15  aucα=0.300  token_p=0.020  dropE=(0.020,0.080)  smooth=0.010  train_loss=0.1904  train_AUPR_all=0.7704  train_AUPR_ab=0.8354  train_AUPR_ag=0.6723  train_P@5_ab=1.0000  train_P@5_ag=0.9500  val_loss=0.3137  val_AUPR_all=0.5800  val_AUPR_ab=0.7504  val_AUPR_ag=0.3406  val_P@5_ab=0.8000  val_P@5_ag=0.8000  select=0.5455
Ep041  LR0=7.81e-05  pw=1.13  aucα=0.300  token_p=0.020  dropE=(0.020,0.080)  smooth=0.010  train_loss=0.1895  train_AUPR_all=0.7695  train_AUPR_ab=0.8315  train_AUPR_ag=0.6762  train_P@5_ab=1.0000  train_P@5_ag=1.0000  val_loss=0.3088  val_AUPR_all=0.5888  val_AUPR_ab=0.7635  val_AUPR_ag=0.3463  val_P@5_ab=0.9500  val_P@5_ag=0.9000  select=0.5549
Ep042  LR0=7.37e-05  pw=1.11  aucα=0.300  token_p=0.020  dropE=(0.020,0.080)  smooth=0.010  train_loss=0.1830  train_AUPR_all=0.7788  train_AUPR_ab=0.8383  train_AUPR_ag=0.6895  train_P@5_ab=1.0000  train_P@5_ag=1.0000  val_loss=0.3075  val_AUPR_all=0.5817  val_AUPR_ab=0.7514  val_AUPR_ag=0.3618  val_P@5_ab=0.9000  val_P@5_ag=0.8000  select=0.5566
  Saved checkpoint: checkpoints_newesm/iPara_balanced_l1_g8_i3_do0.10_dpr0.10_lr0.0002_heads16_fold5.pth  select=0.5566  val_ab=0.7514  val_ag=0.3618  val_all=0.5817
Ep043  LR0=6.94e-05  pw=1.10  aucα=0.300  token_p=0.020  dropE=(0.020,0.080)  smooth=0.010  train_loss=0.1796  train_AUPR_all=0.7856  train_AUPR_ab=0.8440  train_AUPR_ag=0.6984  train_P@5_ab=1.0000  train_P@5_ag=0.9000  val_loss=0.3134  val_AUPR_all=0.5779  val_AUPR_ab=0.7463  val_AUPR_ag=0.3577  val_P@5_ab=0.9000  val_P@5_ag=0.8500  select=0.5520
Ep044  LR0=6.52e-05  pw=1.09  aucα=0.300  token_p=0.020  dropE=(0.020,0.080)  smooth=0.010  train_loss=0.1764  train_AUPR_all=0.7894  train_AUPR_ab=0.8459  train_AUPR_ag=0.7050  train_P@5_ab=0.9500  train_P@5_ag=0.9500  val_loss=0.3199  val_AUPR_all=0.5774  val_AUPR_ab=0.7540  val_AUPR_ag=0.3471  val_P@5_ab=0.9000  val_P@5_ag=0.8500  select=0.5505
Ep045  LR0=6.10e-05  pw=1.08  aucα=0.300  token_p=0.020  dropE=(0.020,0.080)  smooth=0.010  train_loss=0.1736  train_AUPR_all=0.7940  train_AUPR_ab=0.8515  train_AUPR_ag=0.7081  train_P@5_ab=1.0000  train_P@5_ag=1.0000  val_loss=0.3107  val_AUPR_all=0.5817  val_AUPR_ab=0.7502  val_AUPR_ag=0.3574  val_P@5_ab=1.0000  val_P@5_ag=0.9000  select=0.5538
Ep046  LR0=5.70e-05  pw=1.07  aucα=0.300  token_p=0.020  dropE=(0.020,0.080)  smooth=0.010  train_loss=0.1655  train_AUPR_all=0.8078  train_AUPR_ab=0.8599  train_AUPR_ag=0.7296  train_P@5_ab=1.0000  train_P@5_ag=1.0000  val_loss=0.3090  val_AUPR_all=0.5851  val_AUPR_ab=0.7509  val_AUPR_ag=0.3655  val_P@5_ab=0.9500  val_P@5_ag=0.9000  select=0.5582
  Saved checkpoint: checkpoints_newesm/iPara_balanced_l1_g8_i3_do0.10_dpr0.10_lr0.0002_heads16_fold5.pth  select=0.5582  val_ab=0.7509  val_ag=0.3655  val_all=0.5851
Ep047  LR0=5.30e-05  pw=1.06  aucα=0.300  token_p=0.020  dropE=(0.020,0.080)  smooth=0.010  train_loss=0.1640  train_AUPR_all=0.8099  train_AUPR_ab=0.8619  train_AUPR_ag=0.7322  train_P@5_ab=1.0000  train_P@5_ag=1.0000  val_loss=0.3061  val_AUPR_all=0.5824  val_AUPR_ab=0.7543  val_AUPR_ag=0.3471  val_P@5_ab=0.9000  val_P@5_ag=0.8500  select=0.5507
Ep048  LR0=4.91e-05  pw=1.05  aucα=0.300  token_p=0.020  dropE=(0.020,0.080)  smooth=0.010  train_loss=0.1597  train_AUPR_all=0.8179  train_AUPR_ab=0.8708  train_AUPR_ag=0.7381  train_P@5_ab=1.0000  train_P@5_ag=0.9500  val_loss=0.3249  val_AUPR_all=0.5587  val_AUPR_ab=0.7528  val_AUPR_ag=0.3308  val_P@5_ab=0.8500  val_P@5_ag=0.8500  select=0.5418
Ep049  LR0=4.53e-05  pw=1.05  aucα=0.300  token_p=0.020  dropE=(0.020,0.080)  smooth=0.010  train_loss=0.1569  train_AUPR_all=0.8216  train_AUPR_ab=0.8686  train_AUPR_ag=0.7520  train_P@5_ab=1.0000  train_P@5_ag=1.0000  val_loss=0.3198  val_AUPR_all=0.5631  val_AUPR_ab=0.7525  val_AUPR_ag=0.3299  val_P@5_ab=0.9000  val_P@5_ag=0.7000  select=0.5412
Ep050  LR0=4.16e-05  pw=1.04  aucα=0.300  token_p=0.020  dropE=(0.020,0.080)  smooth=0.010  train_loss=0.1529  train_AUPR_all=0.8277  train_AUPR_ab=0.8755  train_AUPR_ag=0.7562  train_P@5_ab=1.0000  train_P@5_ag=1.0000  val_loss=0.3135  val_AUPR_all=0.5764  val_AUPR_ab=0.7451  val_AUPR_ag=0.3546  val_P@5_ab=0.8500  val_P@5_ag=0.7500  select=0.5499
Ep051  LR0=3.81e-05  pw=1.04  aucα=0.300  token_p=0.020  dropE=(0.020,0.080)  smooth=0.010  train_loss=0.1537  train_AUPR_all=0.8250  train_AUPR_ab=0.8723  train_AUPR_ag=0.7544  train_P@5_ab=1.0000  train_P@5_ag=1.0000  val_loss=0.3111  val_AUPR_all=0.5850  val_AUPR_ab=0.7551  val_AUPR_ag=0.3642  val_P@5_ab=0.8500  val_P@5_ag=0.9000  select=0.5597
  Saved checkpoint: checkpoints_newesm/iPara_balanced_l1_g8_i3_do0.10_dpr0.10_lr0.0002_heads16_fold5.pth  select=0.5597  val_ab=0.7551  val_ag=0.3642  val_all=0.5850
Ep052  LR0=3.46e-05  pw=1.03  aucα=0.300  token_p=0.020  dropE=(0.020,0.080)  smooth=0.010  train_loss=0.1504  train_AUPR_all=0.8328  train_AUPR_ab=0.8790  train_AUPR_ag=0.7638  train_P@5_ab=1.0000  train_P@5_ag=1.0000  val_loss=0.3177  val_AUPR_all=0.5767  val_AUPR_ab=0.7552  val_AUPR_ag=0.3465  val_P@5_ab=0.8500  val_P@5_ag=0.8000  select=0.5509
Ep053  LR0=3.13e-05  pw=1.03  aucα=0.300  token_p=0.020  dropE=(0.020,0.080)  smooth=0.010  train_loss=0.1487  train_AUPR_all=0.8348  train_AUPR_ab=0.8810  train_AUPR_ag=0.7663  train_P@5_ab=1.0000  train_P@5_ag=0.8000  val_loss=0.3138  val_AUPR_all=0.5848  val_AUPR_ab=0.7527  val_AUPR_ag=0.3564  val_P@5_ab=0.9000  val_P@5_ag=0.8000  select=0.5545
Ep054  LR0=2.82e-05  pw=1.03  aucα=0.300  token_p=0.020  dropE=(0.020,0.080)  smooth=0.010  train_loss=0.1483  train_AUPR_all=0.8360  train_AUPR_ab=0.8821  train_AUPR_ag=0.7665  train_P@5_ab=1.0000  train_P@5_ag=1.0000  val_loss=0.3141  val_AUPR_all=0.5847  val_AUPR_ab=0.7594  val_AUPR_ag=0.3637  val_P@5_ab=0.9500  val_P@5_ag=0.7500  select=0.5616
  Saved checkpoint: checkpoints_newesm/iPara_balanced_l1_g8_i3_do0.10_dpr0.10_lr0.0002_heads16_fold5.pth  select=0.5616  val_ab=0.7594  val_ag=0.3637  val_all=0.5847
Ep055  LR0=2.51e-05  pw=1.02  aucα=0.300  token_p=0.020  dropE=(0.020,0.080)  smooth=0.010  train_loss=0.1421  train_AUPR_all=0.8470  train_AUPR_ab=0.8908  train_AUPR_ag=0.7808  train_P@5_ab=1.0000  train_P@5_ag=1.0000  val_loss=0.3088  val_AUPR_all=0.5859  val_AUPR_ab=0.7579  val_AUPR_ag=0.3647  val_P@5_ab=0.9000  val_P@5_ag=0.7000  select=0.5613
Ep056  LR0=2.23e-05  pw=1.02  aucα=0.300  token_p=0.020  dropE=(0.020,0.080)  smooth=0.010  train_loss=0.1408  train_AUPR_all=0.8477  train_AUPR_ab=0.8889  train_AUPR_ag=0.7858  train_P@5_ab=0.9500  train_P@5_ag=0.9500  val_loss=0.3168  val_AUPR_all=0.5760  val_AUPR_ab=0.7496  val_AUPR_ag=0.3591  val_P@5_ab=0.7000  val_P@5_ag=0.7000  select=0.5543
Ep057  LR0=1.96e-05  pw=1.02  aucα=0.300  token_p=0.020  dropE=(0.020,0.080)  smooth=0.010  train_loss=0.1444  train_AUPR_all=0.8407  train_AUPR_ab=0.8826  train_AUPR_ag=0.7786  train_P@5_ab=1.0000  train_P@5_ag=1.0000  val_loss=0.3131  val_AUPR_all=0.5853  val_AUPR_ab=0.7548  val_AUPR_ag=0.3632  val_P@5_ab=0.9500  val_P@5_ag=0.8500  select=0.5590
Ep058  LR0=1.70e-05  pw=1.02  aucα=0.300  token_p=0.020  dropE=(0.020,0.080)  smooth=0.010  train_loss=0.1397  train_AUPR_all=0.8500  train_AUPR_ab=0.8934  train_AUPR_ag=0.7845  train_P@5_ab=1.0000  train_P@5_ag=1.0000  val_loss=0.3159  val_AUPR_all=0.5811  val_AUPR_ab=0.7533  val_AUPR_ag=0.3611  val_P@5_ab=0.8000  val_P@5_ag=0.8500  select=0.5572
Ep059  LR0=1.46e-05  pw=1.01  aucα=0.300  token_p=0.020  dropE=(0.020,0.080)  smooth=0.010  train_loss=0.1364  train_AUPR_all=0.8559  train_AUPR_ab=0.8973  train_AUPR_ag=0.7934  train_P@5_ab=1.0000  train_P@5_ag=1.0000  val_loss=0.3164  val_AUPR_all=0.5829  val_AUPR_ab=0.7542  val_AUPR_ag=0.3632  val_P@5_ab=0.8000  val_P@5_ag=0.8500  select=0.5587
Ep060  LR0=1.24e-05  pw=1.01  aucα=0.300  token_p=0.020  dropE=(0.020,0.080)  smooth=0.010  train_loss=0.1377  train_AUPR_all=0.8534  train_AUPR_ab=0.8944  train_AUPR_ag=0.7914  train_P@5_ab=1.0000  train_P@5_ag=1.0000  val_loss=0.3187  val_AUPR_all=0.5770  val_AUPR_ab=0.7528  val_AUPR_ag=0.3569  val_P@5_ab=0.9000  val_P@5_ag=0.7500  select=0.5548
Ep061  LR0=1.04e-05  pw=1.01  aucα=0.300  token_p=0.020  dropE=(0.020,0.080)  smooth=0.010  train_loss=0.1408  train_AUPR_all=0.8479  train_AUPR_ab=0.8898  train_AUPR_ag=0.7854  train_P@5_ab=1.0000  train_P@5_ag=0.9500  val_loss=0.3114  val_AUPR_all=0.5793  val_AUPR_ab=0.7474  val_AUPR_ag=0.3643  val_P@5_ab=0.9000  val_P@5_ag=0.7500  select=0.5558
Ep062  LR0=8.53e-06  pw=1.01  aucα=0.300  token_p=0.020  dropE=(0.020,0.080)  smooth=0.010  train_loss=0.1351  train_AUPR_all=0.8573  train_AUPR_ab=0.8983  train_AUPR_ag=0.7955  train_P@5_ab=1.0000  train_P@5_ag=1.0000  val_loss=0.3138  val_AUPR_all=0.5795  val_AUPR_ab=0.7496  val_AUPR_ag=0.3588  val_P@5_ab=0.8000  val_P@5_ag=0.8000  select=0.5542
Ep063  LR0=6.86e-06  pw=1.01  aucα=0.300  token_p=0.020  dropE=(0.020,0.080)  smooth=0.010  train_loss=0.1372  train_AUPR_all=0.8547  train_AUPR_ab=0.8945  train_AUPR_ag=0.7952  train_P@5_ab=1.0000  train_P@5_ag=1.0000  val_loss=0.3153  val_AUPR_all=0.5823  val_AUPR_ab=0.7514  val_AUPR_ag=0.3612  val_P@5_ab=0.9000  val_P@5_ag=0.8000  select=0.5563
Ep064  LR0=5.38e-06  pw=1.01  aucα=0.300  token_p=0.020  dropE=(0.020,0.080)  smooth=0.010  train_loss=0.1312  train_AUPR_all=0.8644  train_AUPR_ab=0.9038  train_AUPR_ag=0.8048  train_P@5_ab=1.0000  train_P@5_ag=1.0000  val_loss=0.3182  val_AUPR_all=0.5797  val_AUPR_ab=0.7513  val_AUPR_ag=0.3608  val_P@5_ab=0.8500  val_P@5_ag=0.8000  select=0.5560
Ep065  LR0=4.09e-06  pw=1.01  aucα=0.300  token_p=0.020  dropE=(0.020,0.080)  smooth=0.010  train_loss=0.1308  train_AUPR_all=0.8655  train_AUPR_ab=0.9038  train_AUPR_ag=0.8083  train_P@5_ab=1.0000  train_P@5_ag=1.0000  val_loss=0.3167  val_AUPR_all=0.5805  val_AUPR_ab=0.7521  val_AUPR_ag=0.3595  val_P@5_ab=0.9000  val_P@5_ag=0.8500  select=0.5558
Ep066  LR0=3.00e-06  pw=1.01  aucα=0.300  token_p=0.020  dropE=(0.020,0.080)  smooth=0.010  train_loss=0.1354  train_AUPR_all=0.8575  train_AUPR_ab=0.8974  train_AUPR_ag=0.7976  train_P@5_ab=1.0000  train_P@5_ag=1.0000  val_loss=0.3153  val_AUPR_all=0.5822  val_AUPR_ab=0.7510  val_AUPR_ag=0.3630  val_P@5_ab=0.9000  val_P@5_ag=0.8500  select=0.5570
Ep067  LR0=2.10e-06  pw=1.00  aucα=0.300  token_p=0.020  dropE=(0.020,0.080)  smooth=0.010  train_loss=0.1350  train_AUPR_all=0.8577  train_AUPR_ab=0.8977  train_AUPR_ag=0.7978  train_P@5_ab=1.0000  train_P@5_ag=1.0000  val_loss=0.3150  val_AUPR_all=0.5831  val_AUPR_ab=0.7528  val_AUPR_ag=0.3626  val_P@5_ab=0.9000  val_P@5_ag=0.7500  select=0.5577
Ep068  LR0=1.40e-06  pw=1.00  aucα=0.300  token_p=0.020  dropE=(0.020,0.080)  smooth=0.010  train_loss=0.1355  train_AUPR_all=0.8562  train_AUPR_ab=0.8946  train_AUPR_ag=0.7986  train_P@5_ab=1.0000  train_P@5_ag=1.0000  val_loss=0.3164  val_AUPR_all=0.5809  val_AUPR_ab=0.7524  val_AUPR_ag=0.3621  val_P@5_ab=0.9000  val_P@5_ag=0.8500  select=0.5573
Ep069  LR0=9.02e-07  pw=1.00  aucα=0.300  token_p=0.020  dropE=(0.020,0.080)  smooth=0.010  train_loss=0.1367  train_AUPR_all=0.8550  train_AUPR_ab=0.8948  train_AUPR_ag=0.7955  train_P@5_ab=1.0000  train_P@5_ag=1.0000  val_loss=0.3158  val_AUPR_all=0.5808  val_AUPR_ab=0.7518  val_AUPR_ag=0.3620  val_P@5_ab=0.9000  val_P@5_ag=0.8500  select=0.5569
Ep070  LR0=6.00e-07  pw=1.00  aucα=0.300  token_p=0.020  dropE=(0.020,0.080)  smooth=0.010  train_loss=0.1365  train_AUPR_all=0.8545  train_AUPR_ab=0.8942  train_AUPR_ag=0.7955  train_P@5_ab=1.0000  train_P@5_ag=1.0000  val_loss=0.3156  val_AUPR_all=0.5816  val_AUPR_ab=0.7518  val_AUPR_ag=0.3627  val_P@5_ab=0.9000  val_P@5_ag=0.8500  select=0.5573
Final saved checkpoint for fold 5: checkpoints_newesm/iPara_balanced_l1_g8_i3_do0.10_dpr0.10_lr0.0002_heads16_fold5.pth
Best select=0.5616 at epoch 54
