Device: cuda
Visible GPUs: 1
GPU 0: NVIDIA RTX PRO 6000 Blackwell Server Edition
Config:
  sequence_file: para_tv_esmsequences_1600.npz
  data_file: para_tv_esminterfaces_1600.npz
  edge_file: para_tv_esmedges_1600.npz
  seq_len: 1600
  vocab_size: 31
  num_classes: 2
  pad_id: 1
  eoc_id: 24
  embed_dim: 256
  num_heads: 16
  num_layers: 1
  num_gnn_layers: 5
  num_int_layers: 5
  dropout: 0.1
  drop_path_rate: 0.1
  batch_size: 4
  num_epochs: 60
  warmup_epochs: 10
  min_stop_epoch: 45
  early_stop: 20
  learning_rate: 0.0002
  weight_decay: 0.0001
  max_grad_norm: 0.5
  accum_steps: 1
  amp: True
  weight_start: 20.0
  weight_end: 1.0
  weight_anneal_tau: 8.0
  dropedge_min: 0.02
  dropedge_max: 0.08
  token_drop_p: 0.02
  smooth_lambda: 0.01
  aucpr_alpha: 0.3
  aucpr_ramp_start: 10
  aucpr_ramp_len: 10
  aucpr_bins: 64
  aucpr_temp: 0.05
  antibody_loss_weight: 1.0
  antigen_loss_weight: 1.0
  n_splits: 5
  num_workers: 0
  select_ab_weight: 0.5
  select_ag_weight: 0.5
Dataset size: 858

==========================================================================================
Fold 1/5
==========================================================================================
Train labels: valid=399467, pos=26433, neg=373034, ignore=698133, pos_frac=0.06617
Val labels: valid=100725, pos=6797, neg=93928, ignore=174475, pos_frac=0.06748
Initializing ClassificationModel with 5 GAT layers and residual connections...
Initializing MCModel with 5 GAT layers and 5 row attention layers (drop_path_rate=0.1)
Initializing CoreModel with 1 layers, drop_path_rate=0.1
Ep001  LR0=2.00e-04  pw=20.00  aucα=0.000  token_p=0.020  dropE=(0.020,0.080)  smooth=0.010  train_loss=1.2072  train_AUPR_all=0.1896  train_AUPR_ab=0.2234  train_AUPR_ag=0.1456  train_P@5_ab=0.0500  train_P@5_ag=0.1500  val_loss=1.1656  val_AUPR_all=0.3852  val_AUPR_ab=0.4739  val_AUPR_ag=0.2262  val_P@5_ab=0.2500  val_P@5_ag=0.8000  select=0.3501
  Saved checkpoint: checkpoints_CERS/iPara_balanced_l1_g5_i5_do0.10_dpr0.10_lr0.0002_heads16_fold1.pth  select=0.3501  val_ab=0.4739  val_ag=0.2262  val_all=0.3852
Ep002  LR0=2.00e-04  pw=17.77  aucα=0.000  token_p=0.020  dropE=(0.020,0.080)  smooth=0.010  train_loss=0.8354  train_AUPR_all=0.3717  train_AUPR_ab=0.4535  train_AUPR_ag=0.2428  train_P@5_ab=0.5500  train_P@5_ag=0.8000  val_loss=1.4998  val_AUPR_all=0.3756  val_AUPR_ab=0.4995  val_AUPR_ag=0.1925  val_P@5_ab=0.8000  val_P@5_ag=0.8000  select=0.3460
Ep003  LR0=1.99e-04  pw=15.80  aucα=0.000  token_p=0.020  dropE=(0.020,0.080)  smooth=0.010  train_loss=0.7426  train_AUPR_all=0.4096  train_AUPR_ab=0.4950  train_AUPR_ag=0.2707  train_P@5_ab=0.8500  train_P@5_ag=0.6500  val_loss=1.2207  val_AUPR_all=0.4412  val_AUPR_ab=0.5620  val_AUPR_ag=0.2315  val_P@5_ab=0.5000  val_P@5_ag=1.0000  select=0.3967
  Saved checkpoint: checkpoints_CERS/iPara_balanced_l1_g5_i5_do0.10_dpr0.10_lr0.0002_heads16_fold1.pth  select=0.3967  val_ab=0.5620  val_ag=0.2315  val_all=0.4412
Ep004  LR0=1.99e-04  pw=14.06  aucα=0.000  token_p=0.020  dropE=(0.020,0.080)  smooth=0.010  train_loss=0.6683  train_AUPR_all=0.4444  train_AUPR_ab=0.5309  train_AUPR_ag=0.2930  train_P@5_ab=0.7000  train_P@5_ag=0.8000  val_loss=1.0682  val_AUPR_all=0.4498  val_AUPR_ab=0.5796  val_AUPR_ag=0.2397  val_P@5_ab=0.7000  val_P@5_ag=0.8000  select=0.4096
  Saved checkpoint: checkpoints_CERS/iPara_balanced_l1_g5_i5_do0.10_dpr0.10_lr0.0002_heads16_fold1.pth  select=0.4096  val_ab=0.5796  val_ag=0.2397  val_all=0.4498
Unfreezing DyM parameters.
Ep005  LR0=1.98e-04  pw=12.52  aucα=0.000  token_p=0.020  dropE=(0.020,0.080)  smooth=0.010  train_loss=0.6107  train_AUPR_all=0.4725  train_AUPR_ab=0.5513  train_AUPR_ag=0.3261  train_P@5_ab=0.7000  train_P@5_ag=0.9500  val_loss=0.8870  val_AUPR_all=0.4623  val_AUPR_ab=0.5873  val_AUPR_ag=0.2593  val_P@5_ab=0.5500  val_P@5_ag=0.5000  select=0.4233
  Saved checkpoint: checkpoints_CERS/iPara_balanced_l1_g5_i5_do0.10_dpr0.10_lr0.0002_heads16_fold1.pth  select=0.4233  val_ab=0.5873  val_ag=0.2593  val_all=0.4623
Ep006  LR0=1.97e-04  pw=11.17  aucα=0.000  token_p=0.020  dropE=(0.020,0.080)  smooth=0.010  train_loss=0.5648  train_AUPR_all=0.4944  train_AUPR_ab=0.5860  train_AUPR_ag=0.3315  train_P@5_ab=0.7500  train_P@5_ag=0.8500  val_loss=0.9975  val_AUPR_all=0.4579  val_AUPR_ab=0.6041  val_AUPR_ag=0.2372  val_P@5_ab=0.4000  val_P@5_ag=0.3000  select=0.4207
Ep007  LR0=1.95e-04  pw=9.97  aucα=0.000  token_p=0.020  dropE=(0.020,0.080)  smooth=0.010  train_loss=0.5172  train_AUPR_all=0.5164  train_AUPR_ab=0.6153  train_AUPR_ag=0.3458  train_P@5_ab=0.8000  train_P@5_ag=0.8000  val_loss=1.0919  val_AUPR_all=0.4112  val_AUPR_ab=0.5992  val_AUPR_ag=0.1926  val_P@5_ab=0.8500  val_P@5_ag=0.5500  select=0.3959
Ep008  LR0=1.93e-04  pw=8.92  aucα=0.000  token_p=0.020  dropE=(0.020,0.080)  smooth=0.010  train_loss=0.4920  train_AUPR_all=0.5164  train_AUPR_ab=0.6157  train_AUPR_ag=0.3436  train_P@5_ab=0.6000  train_P@5_ag=0.8500  val_loss=0.8667  val_AUPR_all=0.4835  val_AUPR_ab=0.6098  val_AUPR_ag=0.2704  val_P@5_ab=0.9000  val_P@5_ag=0.9000  select=0.4401
  Saved checkpoint: checkpoints_CERS/iPara_balanced_l1_g5_i5_do0.10_dpr0.10_lr0.0002_heads16_fold1.pth  select=0.4401  val_ab=0.6098  val_ag=0.2704  val_all=0.4835
Ep009  LR0=1.91e-04  pw=7.99  aucα=0.000  token_p=0.020  dropE=(0.020,0.080)  smooth=0.010  train_loss=0.4539  train_AUPR_all=0.5340  train_AUPR_ab=0.6351  train_AUPR_ag=0.3559  train_P@5_ab=0.8000  train_P@5_ag=0.8500  val_loss=0.7134  val_AUPR_all=0.4854  val_AUPR_ab=0.6344  val_AUPR_ag=0.2645  val_P@5_ab=0.9500  val_P@5_ag=0.7500  select=0.4495
  Saved checkpoint: checkpoints_CERS/iPara_balanced_l1_g5_i5_do0.10_dpr0.10_lr0.0002_heads16_fold1.pth  select=0.4495  val_ab=0.6344  val_ag=0.2645  val_all=0.4854
Ep010  LR0=1.89e-04  pw=7.17  aucα=0.030  token_p=0.020  dropE=(0.020,0.080)  smooth=0.010  train_loss=0.4426  train_AUPR_all=0.5425  train_AUPR_ab=0.6473  train_AUPR_ag=0.3634  train_P@5_ab=0.9000  train_P@5_ag=0.7500  val_loss=0.6895  val_AUPR_all=0.5135  val_AUPR_ab=0.6556  val_AUPR_ag=0.2971  val_P@5_ab=0.9500  val_P@5_ag=0.7000  select=0.4764
  Saved checkpoint: checkpoints_CERS/iPara_balanced_l1_g5_i5_do0.10_dpr0.10_lr0.0002_heads16_fold1.pth  select=0.4764  val_ab=0.6556  val_ag=0.2971  val_all=0.5135
Ep011  LR0=1.87e-04  pw=6.44  aucα=0.060  token_p=0.020  dropE=(0.020,0.080)  smooth=0.010  train_loss=0.4283  train_AUPR_all=0.5521  train_AUPR_ab=0.6644  train_AUPR_ag=0.3683  train_P@5_ab=0.8500  train_P@5_ag=0.7500  val_loss=0.6532  val_AUPR_all=0.4619  val_AUPR_ab=0.6593  val_AUPR_ag=0.2621  val_P@5_ab=0.9500  val_P@5_ag=0.8500  select=0.4607
Ep012  LR0=1.84e-04  pw=5.80  aucα=0.090  token_p=0.020  dropE=(0.020,0.080)  smooth=0.010  train_loss=0.4220  train_AUPR_all=0.5567  train_AUPR_ab=0.6609  train_AUPR_ag=0.3842  train_P@5_ab=0.9000  train_P@5_ag=0.8500  val_loss=0.6142  val_AUPR_all=0.4869  val_AUPR_ab=0.6469  val_AUPR_ag=0.2683  val_P@5_ab=0.8500  val_P@5_ag=1.0000  select=0.4576
Ep013  LR0=1.81e-04  pw=5.24  aucα=0.120  token_p=0.020  dropE=(0.020,0.080)  smooth=0.010  train_loss=0.4129  train_AUPR_all=0.5687  train_AUPR_ab=0.6791  train_AUPR_ag=0.3911  train_P@5_ab=1.0000  train_P@5_ag=0.9000  val_loss=0.5668  val_AUPR_all=0.5211  val_AUPR_ab=0.6588  val_AUPR_ag=0.3240  val_P@5_ab=1.0000  val_P@5_ag=0.9500  select=0.4914
  Saved checkpoint: checkpoints_CERS/iPara_balanced_l1_g5_i5_do0.10_dpr0.10_lr0.0002_heads16_fold1.pth  select=0.4914  val_ab=0.6588  val_ag=0.3240  val_all=0.5211
Ep014  LR0=1.78e-04  pw=4.74  aucα=0.150  token_p=0.020  dropE=(0.020,0.080)  smooth=0.010  train_loss=0.4021  train_AUPR_all=0.5784  train_AUPR_ab=0.6888  train_AUPR_ag=0.3955  train_P@5_ab=0.8500  train_P@5_ag=0.9500  val_loss=0.5526  val_AUPR_all=0.4946  val_AUPR_ab=0.6555  val_AUPR_ag=0.3014  val_P@5_ab=0.9000  val_P@5_ag=0.9500  select=0.4785
Ep015  LR0=1.74e-04  pw=4.30  aucα=0.180  token_p=0.020  dropE=(0.020,0.080)  smooth=0.010  train_loss=0.3919  train_AUPR_all=0.5928  train_AUPR_ab=0.7021  train_AUPR_ag=0.4132  train_P@5_ab=0.9000  train_P@5_ag=0.9000  val_loss=0.5006  val_AUPR_all=0.5242  val_AUPR_ab=0.6785  val_AUPR_ag=0.3167  val_P@5_ab=0.9500  val_P@5_ag=0.9500  select=0.4976
  Saved checkpoint: checkpoints_CERS/iPara_balanced_l1_g5_i5_do0.10_dpr0.10_lr0.0002_heads16_fold1.pth  select=0.4976  val_ab=0.6785  val_ag=0.3167  val_all=0.5242
Ep016  LR0=1.71e-04  pw=3.91  aucα=0.210  token_p=0.020  dropE=(0.020,0.080)  smooth=0.010  train_loss=0.3845  train_AUPR_all=0.6031  train_AUPR_ab=0.7089  train_AUPR_ag=0.4295  train_P@5_ab=0.9500  train_P@5_ag=0.9000  val_loss=0.4954  val_AUPR_all=0.5108  val_AUPR_ab=0.6817  val_AUPR_ag=0.3161  val_P@5_ab=0.9500  val_P@5_ag=0.9500  select=0.4989
  Saved checkpoint: checkpoints_CERS/iPara_balanced_l1_g5_i5_do0.10_dpr0.10_lr0.0002_heads16_fold1.pth  select=0.4989  val_ab=0.6817  val_ag=0.3161  val_all=0.5108
Ep017  LR0=1.67e-04  pw=3.57  aucα=0.240  token_p=0.020  dropE=(0.020,0.080)  smooth=0.010  train_loss=0.3809  train_AUPR_all=0.6089  train_AUPR_ab=0.7190  train_AUPR_ag=0.4287  train_P@5_ab=1.0000  train_P@5_ag=0.9500  val_loss=0.4741  val_AUPR_all=0.5172  val_AUPR_ab=0.6656  val_AUPR_ag=0.3084  val_P@5_ab=0.9000  val_P@5_ag=1.0000  select=0.4870
Ep018  LR0=1.63e-04  pw=3.27  aucα=0.270  token_p=0.020  dropE=(0.020,0.080)  smooth=0.010  train_loss=0.3727  train_AUPR_all=0.6167  train_AUPR_ab=0.7226  train_AUPR_ag=0.4448  train_P@5_ab=0.9500  train_P@5_ag=0.8500  val_loss=0.4788  val_AUPR_all=0.5434  val_AUPR_ab=0.7135  val_AUPR_ag=0.3124  val_P@5_ab=1.0000  val_P@5_ag=0.9000  select=0.5129
  Saved checkpoint: checkpoints_CERS/iPara_balanced_l1_g5_i5_do0.10_dpr0.10_lr0.0002_heads16_fold1.pth  select=0.5129  val_ab=0.7135  val_ag=0.3124  val_all=0.5434
Ep019  LR0=1.59e-04  pw=3.00  aucα=0.300  token_p=0.020  dropE=(0.020,0.080)  smooth=0.010  train_loss=0.3693  train_AUPR_all=0.6274  train_AUPR_ab=0.7313  train_AUPR_ag=0.4610  train_P@5_ab=1.0000  train_P@5_ag=0.9000  val_loss=0.4434  val_AUPR_all=0.5411  val_AUPR_ab=0.6971  val_AUPR_ag=0.3377  val_P@5_ab=1.0000  val_P@5_ag=0.9500  select=0.5174
  Saved checkpoint: checkpoints_CERS/iPara_balanced_l1_g5_i5_do0.10_dpr0.10_lr0.0002_heads16_fold1.pth  select=0.5174  val_ab=0.6971  val_ag=0.3377  val_all=0.5411
Ep020  LR0=1.55e-04  pw=2.77  aucα=0.300  token_p=0.020  dropE=(0.020,0.080)  smooth=0.010  train_loss=0.3520  train_AUPR_all=0.6309  train_AUPR_ab=0.7349  train_AUPR_ag=0.4632  train_P@5_ab=0.9000  train_P@5_ag=0.9000  val_loss=0.4357  val_AUPR_all=0.5201  val_AUPR_ab=0.6902  val_AUPR_ag=0.3121  val_P@5_ab=0.9500  val_P@5_ag=0.9500  select=0.5012
Ep021  LR0=1.50e-04  pw=2.56  aucα=0.300  token_p=0.020  dropE=(0.020,0.080)  smooth=0.010  train_loss=0.3364  train_AUPR_all=0.6453  train_AUPR_ab=0.7453  train_AUPR_ag=0.4860  train_P@5_ab=0.9500  train_P@5_ag=0.9000  val_loss=0.4137  val_AUPR_all=0.5212  val_AUPR_ab=0.6964  val_AUPR_ag=0.3027  val_P@5_ab=0.9500  val_P@5_ag=0.9500  select=0.4996
Ep022  LR0=1.46e-04  pw=2.38  aucα=0.300  token_p=0.020  dropE=(0.020,0.080)  smooth=0.010  train_loss=0.3174  train_AUPR_all=0.6567  train_AUPR_ab=0.7512  train_AUPR_ag=0.5069  train_P@5_ab=0.9500  train_P@5_ag=0.9000  val_loss=0.4177  val_AUPR_all=0.5410  val_AUPR_ab=0.7109  val_AUPR_ag=0.3195  val_P@5_ab=1.0000  val_P@5_ag=0.9500  select=0.5152
Ep023  LR0=1.41e-04  pw=2.21  aucα=0.300  token_p=0.020  dropE=(0.020,0.080)  smooth=0.010  train_loss=0.3061  train_AUPR_all=0.6645  train_AUPR_ab=0.7604  train_AUPR_ag=0.5135  train_P@5_ab=1.0000  train_P@5_ag=0.8500  val_loss=0.3860  val_AUPR_all=0.5366  val_AUPR_ab=0.7080  val_AUPR_ag=0.3316  val_P@5_ab=1.0000  val_P@5_ag=0.9500  select=0.5198
  Saved checkpoint: checkpoints_CERS/iPara_balanced_l1_g5_i5_do0.10_dpr0.10_lr0.0002_heads16_fold1.pth  select=0.5198  val_ab=0.7080  val_ag=0.3316  val_all=0.5366
Ep024  LR0=1.36e-04  pw=2.07  aucα=0.300  token_p=0.020  dropE=(0.020,0.080)  smooth=0.010  train_loss=0.2933  train_AUPR_all=0.6734  train_AUPR_ab=0.7628  train_AUPR_ag=0.5335  train_P@5_ab=1.0000  train_P@5_ag=1.0000  val_loss=0.3857  val_AUPR_all=0.5187  val_AUPR_ab=0.7058  val_AUPR_ag=0.3258  val_P@5_ab=0.9000  val_P@5_ag=0.9000  select=0.5158
Ep025  LR0=1.31e-04  pw=1.95  aucα=0.300  token_p=0.020  dropE=(0.020,0.080)  smooth=0.010  train_loss=0.2839  train_AUPR_all=0.6780  train_AUPR_ab=0.7679  train_AUPR_ag=0.5366  train_P@5_ab=1.0000  train_P@5_ag=0.9500  val_loss=0.3798  val_AUPR_all=0.5116  val_AUPR_ab=0.6920  val_AUPR_ag=0.3133  val_P@5_ab=0.9000  val_P@5_ag=0.9500  select=0.5026
Ep026  LR0=1.26e-04  pw=1.83  aucα=0.300  token_p=0.020  dropE=(0.020,0.080)  smooth=0.010  train_loss=0.2732  train_AUPR_all=0.6853  train_AUPR_ab=0.7758  train_AUPR_ag=0.5429  train_P@5_ab=1.0000  train_P@5_ag=0.9500  val_loss=0.3608  val_AUPR_all=0.5455  val_AUPR_ab=0.7250  val_AUPR_ag=0.3153  val_P@5_ab=0.9500  val_P@5_ag=0.9500  select=0.5202
  Saved checkpoint: checkpoints_CERS/iPara_balanced_l1_g5_i5_do0.10_dpr0.10_lr0.0002_heads16_fold1.pth  select=0.5202  val_ab=0.7250  val_ag=0.3153  val_all=0.5455
Ep027  LR0=1.21e-04  pw=1.74  aucα=0.300  token_p=0.020  dropE=(0.020,0.080)  smooth=0.010  train_loss=0.2583  train_AUPR_all=0.7016  train_AUPR_ab=0.7841  train_AUPR_ag=0.5729  train_P@5_ab=1.0000  train_P@5_ag=1.0000  val_loss=0.3686  val_AUPR_all=0.5592  val_AUPR_ab=0.7207  val_AUPR_ag=0.3517  val_P@5_ab=0.9500  val_P@5_ag=1.0000  select=0.5362
  Saved checkpoint: checkpoints_CERS/iPara_balanced_l1_g5_i5_do0.10_dpr0.10_lr0.0002_heads16_fold1.pth  select=0.5362  val_ab=0.7207  val_ag=0.3517  val_all=0.5592
Ep028  LR0=1.16e-04  pw=1.65  aucα=0.300  token_p=0.020  dropE=(0.020,0.080)  smooth=0.010  train_loss=0.2508  train_AUPR_all=0.7083  train_AUPR_ab=0.7890  train_AUPR_ag=0.5845  train_P@5_ab=1.0000  train_P@5_ag=0.9000  val_loss=0.3456  val_AUPR_all=0.5678  val_AUPR_ab=0.7275  val_AUPR_ag=0.3492  val_P@5_ab=0.9500  val_P@5_ag=0.9000  select=0.5383
  Saved checkpoint: checkpoints_CERS/iPara_balanced_l1_g5_i5_do0.10_dpr0.10_lr0.0002_heads16_fold1.pth  select=0.5383  val_ab=0.7275  val_ag=0.3492  val_all=0.5678
Ep029  LR0=1.11e-04  pw=1.57  aucα=0.300  token_p=0.020  dropE=(0.020,0.080)  smooth=0.010  train_loss=0.2407  train_AUPR_all=0.7187  train_AUPR_ab=0.7967  train_AUPR_ag=0.5982  train_P@5_ab=0.9500  train_P@5_ag=1.0000  val_loss=0.3494  val_AUPR_all=0.5429  val_AUPR_ab=0.7138  val_AUPR_ag=0.3257  val_P@5_ab=0.9500  val_P@5_ag=0.9500  select=0.5197
Ep030  LR0=1.05e-04  pw=1.51  aucα=0.300  token_p=0.020  dropE=(0.020,0.080)  smooth=0.010  train_loss=0.2277  train_AUPR_all=0.7324  train_AUPR_ab=0.8034  train_AUPR_ag=0.6236  train_P@5_ab=1.0000  train_P@5_ag=1.0000  val_loss=0.3313  val_AUPR_all=0.5770  val_AUPR_ab=0.7327  val_AUPR_ag=0.3533  val_P@5_ab=1.0000  val_P@5_ag=0.9000  select=0.5430
  Saved checkpoint: checkpoints_CERS/iPara_balanced_l1_g5_i5_do0.10_dpr0.10_lr0.0002_heads16_fold1.pth  select=0.5430  val_ab=0.7327  val_ag=0.3533  val_all=0.5770
Ep031  LR0=1.00e-04  pw=1.45  aucα=0.300  token_p=0.020  dropE=(0.020,0.080)  smooth=0.010  train_loss=0.2244  train_AUPR_all=0.7341  train_AUPR_ab=0.8047  train_AUPR_ag=0.6270  train_P@5_ab=1.0000  train_P@5_ag=1.0000  val_loss=0.3469  val_AUPR_all=0.5347  val_AUPR_ab=0.7212  val_AUPR_ag=0.2962  val_P@5_ab=0.9500  val_P@5_ag=0.8500  select=0.5087
Ep032  LR0=9.50e-05  pw=1.39  aucα=0.300  token_p=0.020  dropE=(0.020,0.080)  smooth=0.010  train_loss=0.2125  train_AUPR_all=0.7511  train_AUPR_ab=0.8173  train_AUPR_ag=0.6506  train_P@5_ab=1.0000  train_P@5_ag=0.9500  val_loss=0.3289  val_AUPR_all=0.5764  val_AUPR_ab=0.7392  val_AUPR_ag=0.3539  val_P@5_ab=0.9500  val_P@5_ag=0.9500  select=0.5465
  Saved checkpoint: checkpoints_CERS/iPara_balanced_l1_g5_i5_do0.10_dpr0.10_lr0.0002_heads16_fold1.pth  select=0.5465  val_ab=0.7392  val_ag=0.3539  val_all=0.5764
Ep033  LR0=8.98e-05  pw=1.35  aucα=0.300  token_p=0.020  dropE=(0.020,0.080)  smooth=0.010  train_loss=0.2054  train_AUPR_all=0.7594  train_AUPR_ab=0.8229  train_AUPR_ag=0.6637  train_P@5_ab=1.0000  train_P@5_ag=1.0000  val_loss=0.3472  val_AUPR_all=0.5326  val_AUPR_ab=0.7267  val_AUPR_ag=0.3223  val_P@5_ab=0.9000  val_P@5_ag=0.7000  select=0.5245
Ep034  LR0=8.46e-05  pw=1.31  aucα=0.300  token_p=0.020  dropE=(0.020,0.080)  smooth=0.010  train_loss=0.2026  train_AUPR_all=0.7608  train_AUPR_ab=0.8237  train_AUPR_ag=0.6663  train_P@5_ab=1.0000  train_P@5_ag=0.9000  val_loss=0.3339  val_AUPR_all=0.5467  val_AUPR_ab=0.7259  val_AUPR_ag=0.3166  val_P@5_ab=1.0000  val_P@5_ag=0.8500  select=0.5212
Ep035  LR0=7.95e-05  pw=1.27  aucα=0.300  token_p=0.020  dropE=(0.020,0.080)  smooth=0.010  train_loss=0.1987  train_AUPR_all=0.7652  train_AUPR_ab=0.8283  train_AUPR_ag=0.6698  train_P@5_ab=1.0000  train_P@5_ag=1.0000  val_loss=0.3216  val_AUPR_all=0.5789  val_AUPR_ab=0.7360  val_AUPR_ag=0.3567  val_P@5_ab=1.0000  val_P@5_ag=0.8000  select=0.5463
Ep036  LR0=7.44e-05  pw=1.24  aucα=0.300  token_p=0.020  dropE=(0.020,0.080)  smooth=0.010  train_loss=0.1913  train_AUPR_all=0.7769  train_AUPR_ab=0.8353  train_AUPR_ag=0.6894  train_P@5_ab=1.0000  train_P@5_ag=1.0000  val_loss=0.3234  val_AUPR_all=0.5752  val_AUPR_ab=0.7425  val_AUPR_ag=0.3623  val_P@5_ab=0.9000  val_P@5_ag=0.7500  select=0.5524
  Saved checkpoint: checkpoints_CERS/iPara_balanced_l1_g5_i5_do0.10_dpr0.10_lr0.0002_heads16_fold1.pth  select=0.5524  val_ab=0.7425  val_ag=0.3623  val_all=0.5752
Ep037  LR0=6.94e-05  pw=1.21  aucα=0.300  token_p=0.020  dropE=(0.020,0.080)  smooth=0.010  train_loss=0.1830  train_AUPR_all=0.7881  train_AUPR_ab=0.8456  train_AUPR_ag=0.7015  train_P@5_ab=1.0000  train_P@5_ag=0.9000  val_loss=0.3242  val_AUPR_all=0.5874  val_AUPR_ab=0.7362  val_AUPR_ag=0.3806  val_P@5_ab=1.0000  val_P@5_ag=0.8000  select=0.5584
  Saved checkpoint: checkpoints_CERS/iPara_balanced_l1_g5_i5_do0.10_dpr0.10_lr0.0002_heads16_fold1.pth  select=0.5584  val_ab=0.7362  val_ag=0.3806  val_all=0.5874
Ep038  LR0=6.45e-05  pw=1.19  aucα=0.300  token_p=0.020  dropE=(0.020,0.080)  smooth=0.010  train_loss=0.1757  train_AUPR_all=0.7989  train_AUPR_ab=0.8506  train_AUPR_ag=0.7222  train_P@5_ab=1.0000  train_P@5_ag=1.0000  val_loss=0.3280  val_AUPR_all=0.5836  val_AUPR_ab=0.7386  val_AUPR_ag=0.3734  val_P@5_ab=1.0000  val_P@5_ag=0.8500  select=0.5560
Ep039  LR0=5.97e-05  pw=1.16  aucα=0.300  token_p=0.020  dropE=(0.020,0.080)  smooth=0.010  train_loss=0.1743  train_AUPR_all=0.7987  train_AUPR_ab=0.8505  train_AUPR_ag=0.7218  train_P@5_ab=0.9500  train_P@5_ag=1.0000  val_loss=0.3244  val_AUPR_all=0.5699  val_AUPR_ab=0.7371  val_AUPR_ag=0.3618  val_P@5_ab=0.9500  val_P@5_ag=0.8500  select=0.5494
Ep040  LR0=5.50e-05  pw=1.15  aucα=0.300  token_p=0.020  dropE=(0.020,0.080)  smooth=0.010  train_loss=0.1694  train_AUPR_all=0.8054  train_AUPR_ab=0.8567  train_AUPR_ag=0.7283  train_P@5_ab=1.0000  train_P@5_ag=1.0000  val_loss=0.3225  val_AUPR_all=0.5810  val_AUPR_ab=0.7380  val_AUPR_ag=0.3617  val_P@5_ab=0.9500  val_P@5_ag=0.9500  select=0.5499
Ep041  LR0=5.04e-05  pw=1.13  aucα=0.300  token_p=0.020  dropE=(0.020,0.080)  smooth=0.010  train_loss=0.1624  train_AUPR_all=0.8168  train_AUPR_ab=0.8660  train_AUPR_ag=0.7431  train_P@5_ab=1.0000  train_P@5_ag=1.0000  val_loss=0.3255  val_AUPR_all=0.5704  val_AUPR_ab=0.7395  val_AUPR_ag=0.3583  val_P@5_ab=0.9500  val_P@5_ag=0.8500  select=0.5489
Ep042  LR0=4.59e-05  pw=1.11  aucα=0.300  token_p=0.020  dropE=(0.020,0.080)  smooth=0.010  train_loss=0.1637  train_AUPR_all=0.8152  train_AUPR_ab=0.8644  train_AUPR_ag=0.7414  train_P@5_ab=1.0000  train_P@5_ag=1.0000  val_loss=0.3203  val_AUPR_all=0.5766  val_AUPR_ab=0.7368  val_AUPR_ag=0.3659  val_P@5_ab=0.9000  val_P@5_ag=0.8500  select=0.5514
Ep043  LR0=4.16e-05  pw=1.10  aucα=0.300  token_p=0.020  dropE=(0.020,0.080)  smooth=0.010  train_loss=0.1560  train_AUPR_all=0.8274  train_AUPR_ab=0.8753  train_AUPR_ag=0.7554  train_P@5_ab=1.0000  train_P@5_ag=1.0000  val_loss=0.3145  val_AUPR_all=0.5917  val_AUPR_ab=0.7412  val_AUPR_ag=0.3907  val_P@5_ab=0.9500  val_P@5_ag=0.9500  select=0.5659
  Saved checkpoint: checkpoints_CERS/iPara_balanced_l1_g5_i5_do0.10_dpr0.10_lr0.0002_heads16_fold1.pth  select=0.5659  val_ab=0.7412  val_ag=0.3907  val_all=0.5917
Ep044  LR0=3.75e-05  pw=1.09  aucα=0.300  token_p=0.020  dropE=(0.020,0.080)  smooth=0.010  train_loss=0.1591  train_AUPR_all=0.8201  train_AUPR_ab=0.8661  train_AUPR_ag=0.7516  train_P@5_ab=1.0000  train_P@5_ag=1.0000  val_loss=0.3207  val_AUPR_all=0.5846  val_AUPR_ab=0.7440  val_AUPR_ag=0.3761  val_P@5_ab=0.9000  val_P@5_ag=0.7500  select=0.5600
Ep045  LR0=3.35e-05  pw=1.08  aucα=0.300  token_p=0.020  dropE=(0.020,0.080)  smooth=0.010  train_loss=0.1504  train_AUPR_all=0.8343  train_AUPR_ab=0.8773  train_AUPR_ag=0.7704  train_P@5_ab=0.9500  train_P@5_ag=1.0000  val_loss=0.3140  val_AUPR_all=0.5886  val_AUPR_ab=0.7465  val_AUPR_ag=0.3784  val_P@5_ab=0.9000  val_P@5_ag=0.7500  select=0.5625
Ep046  LR0=2.97e-05  pw=1.07  aucα=0.300  token_p=0.020  dropE=(0.020,0.080)  smooth=0.010  train_loss=0.1500  train_AUPR_all=0.8351  train_AUPR_ab=0.8796  train_AUPR_ag=0.7687  train_P@5_ab=1.0000  train_P@5_ag=1.0000  val_loss=0.3215  val_AUPR_all=0.5807  val_AUPR_ab=0.7418  val_AUPR_ag=0.3701  val_P@5_ab=0.9500  val_P@5_ag=0.6500  select=0.5559
Ep047  LR0=2.61e-05  pw=1.06  aucα=0.300  token_p=0.020  dropE=(0.020,0.080)  smooth=0.010  train_loss=0.1452  train_AUPR_all=0.8425  train_AUPR_ab=0.8853  train_AUPR_ag=0.7786  train_P@5_ab=1.0000  train_P@5_ag=1.0000  val_loss=0.3201  val_AUPR_all=0.5858  val_AUPR_ab=0.7449  val_AUPR_ag=0.3743  val_P@5_ab=0.9500  val_P@5_ag=0.8000  select=0.5596
Ep048  LR0=2.27e-05  pw=1.05  aucα=0.300  token_p=0.020  dropE=(0.020,0.080)  smooth=0.010  train_loss=0.1450  train_AUPR_all=0.8435  train_AUPR_ab=0.8857  train_AUPR_ag=0.7808  train_P@5_ab=0.9500  train_P@5_ag=0.9500  val_loss=0.3171  val_AUPR_all=0.5863  val_AUPR_ab=0.7462  val_AUPR_ag=0.3740  val_P@5_ab=1.0000  val_P@5_ag=0.7500  select=0.5601
Ep049  LR0=1.96e-05  pw=1.05  aucα=0.300  token_p=0.020  dropE=(0.020,0.080)  smooth=0.010  train_loss=0.1440  train_AUPR_all=0.8427  train_AUPR_ab=0.8856  train_AUPR_ag=0.7779  train_P@5_ab=1.0000  train_P@5_ag=1.0000  val_loss=0.3209  val_AUPR_all=0.5879  val_AUPR_ab=0.7461  val_AUPR_ag=0.3789  val_P@5_ab=1.0000  val_P@5_ag=0.8000  select=0.5625
Ep050  LR0=1.66e-05  pw=1.04  aucα=0.300  token_p=0.020  dropE=(0.020,0.080)  smooth=0.010  train_loss=0.1402  train_AUPR_all=0.8506  train_AUPR_ab=0.8899  train_AUPR_ag=0.7921  train_P@5_ab=1.0000  train_P@5_ag=1.0000  val_loss=0.3184  val_AUPR_all=0.5871  val_AUPR_ab=0.7435  val_AUPR_ag=0.3788  val_P@5_ab=1.0000  val_P@5_ag=0.8000  select=0.5611
Ep051  LR0=1.39e-05  pw=1.04  aucα=0.300  token_p=0.020  dropE=(0.020,0.080)  smooth=0.010  train_loss=0.1430  train_AUPR_all=0.8451  train_AUPR_ab=0.8849  train_AUPR_ag=0.7865  train_P@5_ab=1.0000  train_P@5_ag=0.9500  val_loss=0.3159  val_AUPR_all=0.5884  val_AUPR_ab=0.7444  val_AUPR_ag=0.3765  val_P@5_ab=1.0000  val_P@5_ag=0.8000  select=0.5604
Ep052  LR0=1.14e-05  pw=1.03  aucα=0.300  token_p=0.020  dropE=(0.020,0.080)  smooth=0.010  train_loss=0.1414  train_AUPR_all=0.8477  train_AUPR_ab=0.8872  train_AUPR_ag=0.7890  train_P@5_ab=1.0000  train_P@5_ag=1.0000  val_loss=0.3175  val_AUPR_all=0.5861  val_AUPR_ab=0.7447  val_AUPR_ag=0.3727  val_P@5_ab=1.0000  val_P@5_ag=0.8000  select=0.5587
Ep053  LR0=9.12e-06  pw=1.03  aucα=0.300  token_p=0.020  dropE=(0.020,0.080)  smooth=0.010  train_loss=0.1421  train_AUPR_all=0.8457  train_AUPR_ab=0.8887  train_AUPR_ag=0.7810  train_P@5_ab=1.0000  train_P@5_ag=0.9500  val_loss=0.3130  val_AUPR_all=0.5891  val_AUPR_ab=0.7461  val_AUPR_ag=0.3778  val_P@5_ab=0.9500  val_P@5_ag=0.8500  select=0.5620
Ep054  LR0=7.13e-06  pw=1.03  aucα=0.300  token_p=0.020  dropE=(0.020,0.080)  smooth=0.010  train_loss=0.1416  train_AUPR_all=0.8468  train_AUPR_ab=0.8877  train_AUPR_ag=0.7859  train_P@5_ab=0.9500  train_P@5_ag=1.0000  val_loss=0.3156  val_AUPR_all=0.5862  val_AUPR_ab=0.7441  val_AUPR_ag=0.3755  val_P@5_ab=0.9500  val_P@5_ag=0.8000  select=0.5598
Ep055  LR0=5.38e-06  pw=1.02  aucα=0.300  token_p=0.020  dropE=(0.020,0.080)  smooth=0.010  train_loss=0.1375  train_AUPR_all=0.8533  train_AUPR_ab=0.8934  train_AUPR_ag=0.7934  train_P@5_ab=1.0000  train_P@5_ag=1.0000  val_loss=0.3173  val_AUPR_all=0.5851  val_AUPR_ab=0.7429  val_AUPR_ag=0.3749  val_P@5_ab=0.9500  val_P@5_ag=0.7500  select=0.5589
Ep056  LR0=3.90e-06  pw=1.02  aucα=0.300  token_p=0.020  dropE=(0.020,0.080)  smooth=0.010  train_loss=0.1389  train_AUPR_all=0.8498  train_AUPR_ab=0.8902  train_AUPR_ag=0.7894  train_P@5_ab=1.0000  train_P@5_ag=1.0000  val_loss=0.3167  val_AUPR_all=0.5856  val_AUPR_ab=0.7459  val_AUPR_ag=0.3750  val_P@5_ab=0.9500  val_P@5_ag=0.8000  select=0.5605
Ep057  LR0=2.68e-06  pw=1.02  aucα=0.300  token_p=0.020  dropE=(0.020,0.080)  smooth=0.010  train_loss=0.1321  train_AUPR_all=0.8630  train_AUPR_ab=0.9006  train_AUPR_ag=0.8067  train_P@5_ab=1.0000  train_P@5_ag=1.0000  val_loss=0.3176  val_AUPR_all=0.5857  val_AUPR_ab=0.7444  val_AUPR_ag=0.3753  val_P@5_ab=1.0000  val_P@5_ag=0.8000  select=0.5599
Ep058  LR0=1.73e-06  pw=1.02  aucα=0.300  token_p=0.020  dropE=(0.020,0.080)  smooth=0.010  train_loss=0.1331  train_AUPR_all=0.8609  train_AUPR_ab=0.9012  train_AUPR_ag=0.7999  train_P@5_ab=1.0000  train_P@5_ag=0.9500  val_loss=0.3170  val_AUPR_all=0.5859  val_AUPR_ab=0.7440  val_AUPR_ag=0.3752  val_P@5_ab=1.0000  val_P@5_ag=0.8000  select=0.5596
Ep059  LR0=1.05e-06  pw=1.01  aucα=0.300  token_p=0.020  dropE=(0.020,0.080)  smooth=0.010  train_loss=0.1311  train_AUPR_all=0.8645  train_AUPR_ab=0.9023  train_AUPR_ag=0.8075  train_P@5_ab=1.0000  train_P@5_ag=1.0000  val_loss=0.3172  val_AUPR_all=0.5862  val_AUPR_ab=0.7445  val_AUPR_ag=0.3755  val_P@5_ab=1.0000  val_P@5_ag=0.8000  select=0.5600
Ep060  LR0=6.37e-07  pw=1.01  aucα=0.300  token_p=0.020  dropE=(0.020,0.080)  smooth=0.010  train_loss=0.1332  train_AUPR_all=0.8592  train_AUPR_ab=0.8977  train_AUPR_ag=0.8010  train_P@5_ab=1.0000  train_P@5_ag=1.0000  val_loss=0.3172  val_AUPR_all=0.5860  val_AUPR_ab=0.7443  val_AUPR_ag=0.3756  val_P@5_ab=0.9500  val_P@5_ag=0.8000  select=0.5599
Final saved checkpoint for fold 1: checkpoints_CERS/iPara_balanced_l1_g5_i5_do0.10_dpr0.10_lr0.0002_heads16_fold1.pth
Best select=0.5659 at epoch 43

==========================================================================================
Fold 2/5
==========================================================================================
Train labels: valid=400834, pos=26650, neg=374184, ignore=696766, pos_frac=0.06649
Val labels: valid=99358, pos=6580, neg=92778, ignore=175842, pos_frac=0.06623
Initializing ClassificationModel with 5 GAT layers and residual connections...
Initializing MCModel with 5 GAT layers and 5 row attention layers (drop_path_rate=0.1)
Initializing CoreModel with 1 layers, drop_path_rate=0.1
Ep001  LR0=2.00e-04  pw=20.00  aucα=0.000  token_p=0.020  dropE=(0.020,0.080)  smooth=0.010  train_loss=1.1017  train_AUPR_all=0.2868  train_AUPR_ab=0.3713  train_AUPR_ag=0.1847  train_P@5_ab=0.4000  train_P@5_ag=0.6000  val_loss=1.3725  val_AUPR_all=0.4066  val_AUPR_ab=0.5095  val_AUPR_ag=0.2350  val_P@5_ab=0.7500  val_P@5_ag=0.6000  select=0.3723
  Saved checkpoint: checkpoints_CERS/iPara_balanced_l1_g5_i5_do0.10_dpr0.10_lr0.0002_heads16_fold2.pth  select=0.3723  val_ab=0.5095  val_ag=0.2350  val_all=0.4066
Ep002  LR0=2.00e-04  pw=17.77  aucα=0.000  token_p=0.020  dropE=(0.020,0.080)  smooth=0.010  train_loss=0.8242  train_AUPR_all=0.3854  train_AUPR_ab=0.4725  train_AUPR_ag=0.2478  train_P@5_ab=0.8000  train_P@5_ag=0.8500  val_loss=1.0365  val_AUPR_all=0.4449  val_AUPR_ab=0.5454  val_AUPR_ag=0.2806  val_P@5_ab=0.6500  val_P@5_ag=1.0000  select=0.4130
  Saved checkpoint: checkpoints_CERS/iPara_balanced_l1_g5_i5_do0.10_dpr0.10_lr0.0002_heads16_fold2.pth  select=0.4130  val_ab=0.5454  val_ag=0.2806  val_all=0.4449
Ep003  LR0=1.99e-04  pw=15.80  aucα=0.000  token_p=0.020  dropE=(0.020,0.080)  smooth=0.010  train_loss=0.7299  train_AUPR_all=0.4341  train_AUPR_ab=0.5179  train_AUPR_ag=0.2924  train_P@5_ab=0.7500  train_P@5_ag=0.8500  val_loss=2.0907  val_AUPR_all=0.4463  val_AUPR_ab=0.5856  val_AUPR_ag=0.2284  val_P@5_ab=0.8500  val_P@5_ag=0.9500  select=0.4070
Ep004  LR0=1.99e-04  pw=14.06  aucα=0.000  token_p=0.020  dropE=(0.020,0.080)  smooth=0.010  train_loss=0.6629  train_AUPR_all=0.4592  train_AUPR_ab=0.5484  train_AUPR_ag=0.3014  train_P@5_ab=0.8000  train_P@5_ag=0.9500  val_loss=1.4088  val_AUPR_all=0.4526  val_AUPR_ab=0.5988  val_AUPR_ag=0.2462  val_P@5_ab=0.7500  val_P@5_ag=0.8500  select=0.4225
  Saved checkpoint: checkpoints_CERS/iPara_balanced_l1_g5_i5_do0.10_dpr0.10_lr0.0002_heads16_fold2.pth  select=0.4225  val_ab=0.5988  val_ag=0.2462  val_all=0.4526
Unfreezing DyM parameters.
Ep005  LR0=1.98e-04  pw=12.52  aucα=0.000  token_p=0.020  dropE=(0.020,0.080)  smooth=0.010  train_loss=0.6189  train_AUPR_all=0.4653  train_AUPR_ab=0.5658  train_AUPR_ag=0.2965  train_P@5_ab=0.6500  train_P@5_ag=0.8500  val_loss=0.9103  val_AUPR_all=0.4675  val_AUPR_ab=0.6120  val_AUPR_ag=0.3019  val_P@5_ab=0.8000  val_P@5_ag=0.8000  select=0.4570
  Saved checkpoint: checkpoints_CERS/iPara_balanced_l1_g5_i5_do0.10_dpr0.10_lr0.0002_heads16_fold2.pth  select=0.4570  val_ab=0.6120  val_ag=0.3019  val_all=0.4675
Ep006  LR0=1.97e-04  pw=11.17  aucα=0.000  token_p=0.020  dropE=(0.020,0.080)  smooth=0.010  train_loss=0.5604  train_AUPR_all=0.5018  train_AUPR_ab=0.5945  train_AUPR_ag=0.3370  train_P@5_ab=0.9000  train_P@5_ag=0.9000  val_loss=0.7941  val_AUPR_all=0.5034  val_AUPR_ab=0.6324  val_AUPR_ag=0.2988  val_P@5_ab=0.9500  val_P@5_ag=0.8500  select=0.4656
  Saved checkpoint: checkpoints_CERS/iPara_balanced_l1_g5_i5_do0.10_dpr0.10_lr0.0002_heads16_fold2.pth  select=0.4656  val_ab=0.6324  val_ag=0.2988  val_all=0.5034
Ep007  LR0=1.95e-04  pw=9.97  aucα=0.000  token_p=0.020  dropE=(0.020,0.080)  smooth=0.010  train_loss=0.5190  train_AUPR_all=0.5239  train_AUPR_ab=0.6299  train_AUPR_ag=0.3437  train_P@5_ab=0.9000  train_P@5_ag=0.9000  val_loss=0.7163  val_AUPR_all=0.5338  val_AUPR_ab=0.6314  val_AUPR_ag=0.3555  val_P@5_ab=0.6000  val_P@5_ag=1.0000  select=0.4935
  Saved checkpoint: checkpoints_CERS/iPara_balanced_l1_g5_i5_do0.10_dpr0.10_lr0.0002_heads16_fold2.pth  select=0.4935  val_ab=0.6314  val_ag=0.3555  val_all=0.5338
Ep008  LR0=1.93e-04  pw=8.92  aucα=0.000  token_p=0.020  dropE=(0.020,0.080)  smooth=0.010  train_loss=0.4856  train_AUPR_all=0.5290  train_AUPR_ab=0.6274  train_AUPR_ag=0.3541  train_P@5_ab=0.9000  train_P@5_ag=0.9500  val_loss=0.7744  val_AUPR_all=0.5304  val_AUPR_ab=0.6614  val_AUPR_ag=0.3212  val_P@5_ab=0.9500  val_P@5_ag=0.9500  select=0.4913
Ep009  LR0=1.91e-04  pw=7.99  aucα=0.000  token_p=0.020  dropE=(0.020,0.080)  smooth=0.010  train_loss=0.4528  train_AUPR_all=0.5368  train_AUPR_ab=0.6436  train_AUPR_ag=0.3603  train_P@5_ab=0.9000  train_P@5_ag=0.8500  val_loss=0.7214  val_AUPR_all=0.4975  val_AUPR_ab=0.6227  val_AUPR_ag=0.3077  val_P@5_ab=0.9500  val_P@5_ag=0.9000  select=0.4652
Ep010  LR0=1.89e-04  pw=7.17  aucα=0.030  token_p=0.020  dropE=(0.020,0.080)  smooth=0.010  train_loss=0.4402  train_AUPR_all=0.5442  train_AUPR_ab=0.6542  train_AUPR_ag=0.3602  train_P@5_ab=0.9500  train_P@5_ag=0.8000  val_loss=0.6155  val_AUPR_all=0.5514  val_AUPR_ab=0.6544  val_AUPR_ag=0.3736  val_P@5_ab=0.8000  val_P@5_ag=0.9000  select=0.5140
  Saved checkpoint: checkpoints_CERS/iPara_balanced_l1_g5_i5_do0.10_dpr0.10_lr0.0002_heads16_fold2.pth  select=0.5140  val_ab=0.6544  val_ag=0.3736  val_all=0.5514
Ep011  LR0=1.87e-04  pw=6.44  aucα=0.060  token_p=0.020  dropE=(0.020,0.080)  smooth=0.010  train_loss=0.4302  train_AUPR_all=0.5576  train_AUPR_ab=0.6683  train_AUPR_ag=0.3756  train_P@5_ab=1.0000  train_P@5_ag=0.9000  val_loss=0.6403  val_AUPR_all=0.5253  val_AUPR_ab=0.6369  val_AUPR_ag=0.3226  val_P@5_ab=0.7500  val_P@5_ag=1.0000  select=0.4797
Ep012  LR0=1.84e-04  pw=5.80  aucα=0.090  token_p=0.020  dropE=(0.020,0.080)  smooth=0.010  train_loss=0.4170  train_AUPR_all=0.5678  train_AUPR_ab=0.6765  train_AUPR_ag=0.3861  train_P@5_ab=0.9000  train_P@5_ag=0.9500  val_loss=0.6517  val_AUPR_all=0.5058  val_AUPR_ab=0.6580  val_AUPR_ag=0.2969  val_P@5_ab=0.8500  val_P@5_ag=0.9000  select=0.4774
Ep013  LR0=1.81e-04  pw=5.24  aucα=0.120  token_p=0.020  dropE=(0.020,0.080)  smooth=0.010  train_loss=0.4056  train_AUPR_all=0.5821  train_AUPR_ab=0.6927  train_AUPR_ag=0.4005  train_P@5_ab=0.9500  train_P@5_ag=0.9500  val_loss=0.5362  val_AUPR_all=0.5715  val_AUPR_ab=0.6959  val_AUPR_ag=0.3654  val_P@5_ab=0.8000  val_P@5_ag=1.0000  select=0.5306
  Saved checkpoint: checkpoints_CERS/iPara_balanced_l1_g5_i5_do0.10_dpr0.10_lr0.0002_heads16_fold2.pth  select=0.5306  val_ab=0.6959  val_ag=0.3654  val_all=0.5715
Ep014  LR0=1.78e-04  pw=4.74  aucα=0.150  token_p=0.020  dropE=(0.020,0.080)  smooth=0.010  train_loss=0.4034  train_AUPR_all=0.5825  train_AUPR_ab=0.6916  train_AUPR_ag=0.4036  train_P@5_ab=0.9500  train_P@5_ag=0.9500  val_loss=0.5025  val_AUPR_all=0.5850  val_AUPR_ab=0.6984  val_AUPR_ag=0.3921  val_P@5_ab=0.9500  val_P@5_ag=0.9000  select=0.5452
  Saved checkpoint: checkpoints_CERS/iPara_balanced_l1_g5_i5_do0.10_dpr0.10_lr0.0002_heads16_fold2.pth  select=0.5452  val_ab=0.6984  val_ag=0.3921  val_all=0.5850
Ep015  LR0=1.74e-04  pw=4.30  aucα=0.180  token_p=0.020  dropE=(0.020,0.080)  smooth=0.010  train_loss=0.3933  train_AUPR_all=0.5925  train_AUPR_ab=0.7007  train_AUPR_ag=0.4146  train_P@5_ab=0.9500  train_P@5_ag=0.9000  val_loss=0.5327  val_AUPR_all=0.5505  val_AUPR_ab=0.6678  val_AUPR_ag=0.3458  val_P@5_ab=0.7000  val_P@5_ag=0.9000  select=0.5068
Ep016  LR0=1.71e-04  pw=3.91  aucα=0.210  token_p=0.020  dropE=(0.020,0.080)  smooth=0.010  train_loss=0.3850  train_AUPR_all=0.6012  train_AUPR_ab=0.7086  train_AUPR_ag=0.4273  train_P@5_ab=1.0000  train_P@5_ag=0.8500  val_loss=0.4791  val_AUPR_all=0.5626  val_AUPR_ab=0.6702  val_AUPR_ag=0.3855  val_P@5_ab=0.9500  val_P@5_ag=1.0000  select=0.5278
Ep017  LR0=1.67e-04  pw=3.57  aucα=0.240  token_p=0.020  dropE=(0.020,0.080)  smooth=0.010  train_loss=0.3779  train_AUPR_all=0.6107  train_AUPR_ab=0.7127  train_AUPR_ag=0.4450  train_P@5_ab=1.0000  train_P@5_ag=0.9500  val_loss=0.4671  val_AUPR_all=0.5433  val_AUPR_ab=0.6696  val_AUPR_ag=0.3511  val_P@5_ab=1.0000  val_P@5_ag=0.8500  select=0.5103
Ep018  LR0=1.63e-04  pw=3.27  aucα=0.270  token_p=0.020  dropE=(0.020,0.080)  smooth=0.010  train_loss=0.3710  train_AUPR_all=0.6217  train_AUPR_ab=0.7298  train_AUPR_ag=0.4464  train_P@5_ab=1.0000  train_P@5_ag=1.0000  val_loss=0.4433  val_AUPR_all=0.5885  val_AUPR_ab=0.7125  val_AUPR_ag=0.3837  val_P@5_ab=0.9000  val_P@5_ag=0.9000  select=0.5481
  Saved checkpoint: checkpoints_CERS/iPara_balanced_l1_g5_i5_do0.10_dpr0.10_lr0.0002_heads16_fold2.pth  select=0.5481  val_ab=0.7125  val_ag=0.3837  val_all=0.5885
Ep019  LR0=1.59e-04  pw=3.00  aucα=0.300  token_p=0.020  dropE=(0.020,0.080)  smooth=0.010  train_loss=0.3655  train_AUPR_all=0.6305  train_AUPR_ab=0.7338  train_AUPR_ag=0.4658  train_P@5_ab=1.0000  train_P@5_ag=0.9500  val_loss=0.4383  val_AUPR_all=0.5607  val_AUPR_ab=0.6809  val_AUPR_ag=0.3784  val_P@5_ab=0.9000  val_P@5_ag=1.0000  select=0.5296
Ep020  LR0=1.55e-04  pw=2.77  aucα=0.300  token_p=0.020  dropE=(0.020,0.080)  smooth=0.010  train_loss=0.3478  train_AUPR_all=0.6389  train_AUPR_ab=0.7382  train_AUPR_ag=0.4806  train_P@5_ab=0.9500  train_P@5_ag=1.0000  val_loss=0.4171  val_AUPR_all=0.5729  val_AUPR_ab=0.7034  val_AUPR_ag=0.3681  val_P@5_ab=0.9500  val_P@5_ag=0.9000  select=0.5358
Ep021  LR0=1.50e-04  pw=2.56  aucα=0.300  token_p=0.020  dropE=(0.020,0.080)  smooth=0.010  train_loss=0.3340  train_AUPR_all=0.6472  train_AUPR_ab=0.7451  train_AUPR_ag=0.4920  train_P@5_ab=1.0000  train_P@5_ag=0.9000  val_loss=0.4103  val_AUPR_all=0.5815  val_AUPR_ab=0.7196  val_AUPR_ag=0.3815  val_P@5_ab=0.9500  val_P@5_ag=0.9500  select=0.5505
  Saved checkpoint: checkpoints_CERS/iPara_balanced_l1_g5_i5_do0.10_dpr0.10_lr0.0002_heads16_fold2.pth  select=0.5505  val_ab=0.7196  val_ag=0.3815  val_all=0.5815
Ep022  LR0=1.46e-04  pw=2.38  aucα=0.300  token_p=0.020  dropE=(0.020,0.080)  smooth=0.010  train_loss=0.3188  train_AUPR_all=0.6564  train_AUPR_ab=0.7522  train_AUPR_ag=0.5066  train_P@5_ab=0.9500  train_P@5_ag=1.0000  val_loss=0.3901  val_AUPR_all=0.5729  val_AUPR_ab=0.7113  val_AUPR_ag=0.3857  val_P@5_ab=0.9500  val_P@5_ag=1.0000  select=0.5485
Ep023  LR0=1.41e-04  pw=2.21  aucα=0.300  token_p=0.020  dropE=(0.020,0.080)  smooth=0.010  train_loss=0.3025  train_AUPR_all=0.6685  train_AUPR_ab=0.7609  train_AUPR_ag=0.5240  train_P@5_ab=0.9500  train_P@5_ag=0.9500  val_loss=0.4177  val_AUPR_all=0.4996  val_AUPR_ab=0.6493  val_AUPR_ag=0.3117  val_P@5_ab=1.0000  val_P@5_ag=0.9500  select=0.4805
Ep024  LR0=1.36e-04  pw=2.07  aucα=0.300  token_p=0.020  dropE=(0.020,0.080)  smooth=0.010  train_loss=0.2852  train_AUPR_all=0.6871  train_AUPR_ab=0.7746  train_AUPR_ag=0.5519  train_P@5_ab=1.0000  train_P@5_ag=1.0000  val_loss=0.3798  val_AUPR_all=0.5818  val_AUPR_ab=0.7200  val_AUPR_ag=0.3770  val_P@5_ab=0.9500  val_P@5_ag=1.0000  select=0.5485
Ep025  LR0=1.31e-04  pw=1.95  aucα=0.300  token_p=0.020  dropE=(0.020,0.080)  smooth=0.010  train_loss=0.2747  train_AUPR_all=0.6938  train_AUPR_ab=0.7785  train_AUPR_ag=0.5651  train_P@5_ab=1.0000  train_P@5_ag=1.0000  val_loss=0.3733  val_AUPR_all=0.5519  val_AUPR_ab=0.6962  val_AUPR_ag=0.3385  val_P@5_ab=0.9000  val_P@5_ag=0.8500  select=0.5174
Ep026  LR0=1.26e-04  pw=1.83  aucα=0.300  token_p=0.020  dropE=(0.020,0.080)  smooth=0.010  train_loss=0.2618  train_AUPR_all=0.7030  train_AUPR_ab=0.7838  train_AUPR_ag=0.5804  train_P@5_ab=0.9500  train_P@5_ag=1.0000  val_loss=0.3631  val_AUPR_all=0.5784  val_AUPR_ab=0.6972  val_AUPR_ag=0.4032  val_P@5_ab=0.9500  val_P@5_ag=0.9500  select=0.5502
Ep027  LR0=1.21e-04  pw=1.74  aucα=0.300  token_p=0.020  dropE=(0.020,0.080)  smooth=0.010  train_loss=0.2536  train_AUPR_all=0.7095  train_AUPR_ab=0.7847  train_AUPR_ag=0.5965  train_P@5_ab=1.0000  train_P@5_ag=0.9500  val_loss=0.3560  val_AUPR_all=0.5788  val_AUPR_ab=0.7100  val_AUPR_ag=0.3811  val_P@5_ab=1.0000  val_P@5_ag=1.0000  select=0.5455
Ep028  LR0=1.16e-04  pw=1.65  aucα=0.300  token_p=0.020  dropE=(0.020,0.080)  smooth=0.010  train_loss=0.2450  train_AUPR_all=0.7201  train_AUPR_ab=0.7958  train_AUPR_ag=0.6061  train_P@5_ab=0.9500  train_P@5_ag=1.0000  val_loss=0.3534  val_AUPR_all=0.5896  val_AUPR_ab=0.7223  val_AUPR_ag=0.3979  val_P@5_ab=0.9500  val_P@5_ag=0.9000  select=0.5601
  Saved checkpoint: checkpoints_CERS/iPara_balanced_l1_g5_i5_do0.10_dpr0.10_lr0.0002_heads16_fold2.pth  select=0.5601  val_ab=0.7223  val_ag=0.3979  val_all=0.5896
Ep029  LR0=1.11e-04  pw=1.57  aucα=0.300  token_p=0.020  dropE=(0.020,0.080)  smooth=0.010  train_loss=0.2355  train_AUPR_all=0.7282  train_AUPR_ab=0.8014  train_AUPR_ag=0.6183  train_P@5_ab=1.0000  train_P@5_ag=1.0000  val_loss=0.3350  val_AUPR_all=0.5881  val_AUPR_ab=0.7210  val_AUPR_ag=0.4097  val_P@5_ab=0.9500  val_P@5_ag=1.0000  select=0.5654
  Saved checkpoint: checkpoints_CERS/iPara_balanced_l1_g5_i5_do0.10_dpr0.10_lr0.0002_heads16_fold2.pth  select=0.5654  val_ab=0.7210  val_ag=0.4097  val_all=0.5881
Ep030  LR0=1.05e-04  pw=1.51  aucα=0.300  token_p=0.020  dropE=(0.020,0.080)  smooth=0.010  train_loss=0.2239  train_AUPR_all=0.7419  train_AUPR_ab=0.8114  train_AUPR_ag=0.6388  train_P@5_ab=1.0000  train_P@5_ag=1.0000  val_loss=0.3223  val_AUPR_all=0.6065  val_AUPR_ab=0.7331  val_AUPR_ag=0.4222  val_P@5_ab=1.0000  val_P@5_ag=0.9500  select=0.5776
  Saved checkpoint: checkpoints_CERS/iPara_balanced_l1_g5_i5_do0.10_dpr0.10_lr0.0002_heads16_fold2.pth  select=0.5776  val_ab=0.7331  val_ag=0.4222  val_all=0.6065
Ep031  LR0=1.00e-04  pw=1.45  aucα=0.300  token_p=0.020  dropE=(0.020,0.080)  smooth=0.010  train_loss=0.2129  train_AUPR_all=0.7549  train_AUPR_ab=0.8205  train_AUPR_ag=0.6579  train_P@5_ab=1.0000  train_P@5_ag=1.0000  val_loss=0.3234  val_AUPR_all=0.5942  val_AUPR_ab=0.7348  val_AUPR_ag=0.4057  val_P@5_ab=1.0000  val_P@5_ag=0.9500  select=0.5702
Ep032  LR0=9.50e-05  pw=1.39  aucα=0.300  token_p=0.020  dropE=(0.020,0.080)  smooth=0.010  train_loss=0.2089  train_AUPR_all=0.7572  train_AUPR_ab=0.8226  train_AUPR_ag=0.6603  train_P@5_ab=1.0000  train_P@5_ag=1.0000  val_loss=0.3146  val_AUPR_all=0.6014  val_AUPR_ab=0.7261  val_AUPR_ag=0.4220  val_P@5_ab=1.0000  val_P@5_ag=0.9000  select=0.5740
Ep033  LR0=8.98e-05  pw=1.35  aucα=0.300  token_p=0.020  dropE=(0.020,0.080)  smooth=0.010  train_loss=0.2041  train_AUPR_all=0.7634  train_AUPR_ab=0.8268  train_AUPR_ag=0.6697  train_P@5_ab=1.0000  train_P@5_ag=1.0000  val_loss=0.3088  val_AUPR_all=0.6089  val_AUPR_ab=0.7320  val_AUPR_ag=0.4326  val_P@5_ab=0.9500  val_P@5_ag=1.0000  select=0.5823
  Saved checkpoint: checkpoints_CERS/iPara_balanced_l1_g5_i5_do0.10_dpr0.10_lr0.0002_heads16_fold2.pth  select=0.5823  val_ab=0.7320  val_ag=0.4326  val_all=0.6089
Ep034  LR0=8.46e-05  pw=1.31  aucα=0.300  token_p=0.020  dropE=(0.020,0.080)  smooth=0.010  train_loss=0.1958  train_AUPR_all=0.7731  train_AUPR_ab=0.8318  train_AUPR_ag=0.6873  train_P@5_ab=1.0000  train_P@5_ag=0.9500  val_loss=0.3113  val_AUPR_all=0.6068  val_AUPR_ab=0.7279  val_AUPR_ag=0.4310  val_P@5_ab=0.9000  val_P@5_ag=1.0000  select=0.5794
Ep035  LR0=7.95e-05  pw=1.27  aucα=0.300  token_p=0.020  dropE=(0.020,0.080)  smooth=0.010  train_loss=0.1895  train_AUPR_all=0.7814  train_AUPR_ab=0.8370  train_AUPR_ag=0.7004  train_P@5_ab=1.0000  train_P@5_ag=1.0000  val_loss=0.3175  val_AUPR_all=0.5969  val_AUPR_ab=0.7286  val_AUPR_ag=0.4130  val_P@5_ab=0.9500  val_P@5_ag=0.9500  select=0.5708
Ep036  LR0=7.44e-05  pw=1.24  aucα=0.300  token_p=0.020  dropE=(0.020,0.080)  smooth=0.010  train_loss=0.1810  train_AUPR_all=0.7939  train_AUPR_ab=0.8466  train_AUPR_ag=0.7174  train_P@5_ab=1.0000  train_P@5_ag=1.0000  val_loss=0.3172  val_AUPR_all=0.5977  val_AUPR_ab=0.7308  val_AUPR_ag=0.4093  val_P@5_ab=0.9500  val_P@5_ag=0.9500  select=0.5701
Ep037  LR0=6.94e-05  pw=1.21  aucα=0.300  token_p=0.020  dropE=(0.020,0.080)  smooth=0.010  train_loss=0.1767  train_AUPR_all=0.7998  train_AUPR_ab=0.8549  train_AUPR_ag=0.7184  train_P@5_ab=1.0000  train_P@5_ag=1.0000  val_loss=0.3161  val_AUPR_all=0.5840  val_AUPR_ab=0.7120  val_AUPR_ag=0.4192  val_P@5_ab=1.0000  val_P@5_ag=0.9000  select=0.5656
Ep038  LR0=6.45e-05  pw=1.19  aucα=0.300  token_p=0.020  dropE=(0.020,0.080)  smooth=0.010  train_loss=0.1717  train_AUPR_all=0.8058  train_AUPR_ab=0.8557  train_AUPR_ag=0.7333  train_P@5_ab=1.0000  train_P@5_ag=0.9500  val_loss=0.3080  val_AUPR_all=0.5984  val_AUPR_ab=0.7266  val_AUPR_ag=0.4231  val_P@5_ab=0.9000  val_P@5_ag=0.9500  select=0.5749
Ep039  LR0=5.97e-05  pw=1.16  aucα=0.300  token_p=0.020  dropE=(0.020,0.080)  smooth=0.010  train_loss=0.1651  train_AUPR_all=0.8160  train_AUPR_ab=0.8650  train_AUPR_ag=0.7444  train_P@5_ab=1.0000  train_P@5_ag=1.0000  val_loss=0.3140  val_AUPR_all=0.5913  val_AUPR_ab=0.7117  val_AUPR_ag=0.4300  val_P@5_ab=0.9500  val_P@5_ag=1.0000  select=0.5708
Ep040  LR0=5.50e-05  pw=1.15  aucα=0.300  token_p=0.020  dropE=(0.020,0.080)  smooth=0.010  train_loss=0.1597  train_AUPR_all=0.8234  train_AUPR_ab=0.8693  train_AUPR_ag=0.7565  train_P@5_ab=1.0000  train_P@5_ag=1.0000  val_loss=0.3156  val_AUPR_all=0.5903  val_AUPR_ab=0.7180  val_AUPR_ag=0.4183  val_P@5_ab=0.9500  val_P@5_ag=1.0000  select=0.5681
Ep041  LR0=5.04e-05  pw=1.13  aucα=0.300  token_p=0.020  dropE=(0.020,0.080)  smooth=0.010  train_loss=0.1558  train_AUPR_all=0.8308  train_AUPR_ab=0.8775  train_AUPR_ag=0.7620  train_P@5_ab=1.0000  train_P@5_ag=1.0000  val_loss=0.3126  val_AUPR_all=0.5994  val_AUPR_ab=0.7227  val_AUPR_ag=0.4334  val_P@5_ab=0.9000  val_P@5_ag=1.0000  select=0.5781
Ep042  LR0=4.59e-05  pw=1.11  aucα=0.300  token_p=0.020  dropE=(0.020,0.080)  smooth=0.010  train_loss=0.1557  train_AUPR_all=0.8298  train_AUPR_ab=0.8760  train_AUPR_ag=0.7619  train_P@5_ab=1.0000  train_P@5_ag=1.0000  val_loss=0.3147  val_AUPR_all=0.5947  val_AUPR_ab=0.7217  val_AUPR_ag=0.4171  val_P@5_ab=0.9500  val_P@5_ag=0.9000  select=0.5694
Ep043  LR0=4.16e-05  pw=1.10  aucα=0.300  token_p=0.020  dropE=(0.020,0.080)  smooth=0.010  train_loss=0.1504  train_AUPR_all=0.8377  train_AUPR_ab=0.8800  train_AUPR_ag=0.7762  train_P@5_ab=1.0000  train_P@5_ag=1.0000  val_loss=0.3134  val_AUPR_all=0.5903  val_AUPR_ab=0.7178  val_AUPR_ag=0.4211  val_P@5_ab=0.9000  val_P@5_ag=0.9500  select=0.5694
Ep044  LR0=3.75e-05  pw=1.09  aucα=0.300  token_p=0.020  dropE=(0.020,0.080)  smooth=0.010  train_loss=0.1486  train_AUPR_all=0.8396  train_AUPR_ab=0.8834  train_AUPR_ag=0.7752  train_P@5_ab=1.0000  train_P@5_ag=1.0000  val_loss=0.3192  val_AUPR_all=0.5816  val_AUPR_ab=0.7099  val_AUPR_ag=0.4127  val_P@5_ab=0.8000  val_P@5_ag=0.9500  select=0.5613
Ep045  LR0=3.35e-05  pw=1.08  aucα=0.300  token_p=0.020  dropE=(0.020,0.080)  smooth=0.010  train_loss=0.1493  train_AUPR_all=0.8377  train_AUPR_ab=0.8823  train_AUPR_ag=0.7717  train_P@5_ab=1.0000  train_P@5_ag=1.0000  val_loss=0.3095  val_AUPR_all=0.5965  val_AUPR_ab=0.7231  val_AUPR_ag=0.4273  val_P@5_ab=0.9000  val_P@5_ag=1.0000  select=0.5752
Ep046  LR0=2.97e-05  pw=1.07  aucα=0.300  token_p=0.020  dropE=(0.020,0.080)  smooth=0.010  train_loss=0.1423  train_AUPR_all=0.8489  train_AUPR_ab=0.8897  train_AUPR_ag=0.7893  train_P@5_ab=1.0000  train_P@5_ag=1.0000  val_loss=0.3154  val_AUPR_all=0.5912  val_AUPR_ab=0.7201  val_AUPR_ag=0.4237  val_P@5_ab=0.7500  val_P@5_ag=1.0000  select=0.5719
Ep047  LR0=2.61e-05  pw=1.06  aucα=0.300  token_p=0.020  dropE=(0.020,0.080)  smooth=0.010  train_loss=0.1403  train_AUPR_all=0.8511  train_AUPR_ab=0.8913  train_AUPR_ag=0.7920  train_P@5_ab=1.0000  train_P@5_ag=1.0000  val_loss=0.3170  val_AUPR_all=0.5920  val_AUPR_ab=0.7247  val_AUPR_ag=0.4091  val_P@5_ab=0.9000  val_P@5_ag=1.0000  select=0.5669
Ep048  LR0=2.27e-05  pw=1.05  aucα=0.300  token_p=0.020  dropE=(0.020,0.080)  smooth=0.010  train_loss=0.1398  train_AUPR_all=0.8526  train_AUPR_ab=0.8914  train_AUPR_ag=0.7961  train_P@5_ab=1.0000  train_P@5_ag=1.0000  val_loss=0.3112  val_AUPR_all=0.5938  val_AUPR_ab=0.7222  val_AUPR_ag=0.4201  val_P@5_ab=0.8000  val_P@5_ag=1.0000  select=0.5712
Ep049  LR0=1.96e-05  pw=1.05  aucα=0.300  token_p=0.020  dropE=(0.020,0.080)  smooth=0.010  train_loss=0.1357  train_AUPR_all=0.8592  train_AUPR_ab=0.8987  train_AUPR_ag=0.8013  train_P@5_ab=1.0000  train_P@5_ag=0.9500  val_loss=0.3108  val_AUPR_all=0.5962  val_AUPR_ab=0.7246  val_AUPR_ag=0.4186  val_P@5_ab=0.8000  val_P@5_ag=1.0000  select=0.5716
Ep050  LR0=1.66e-05  pw=1.04  aucα=0.300  token_p=0.020  dropE=(0.020,0.080)  smooth=0.010  train_loss=0.1336  train_AUPR_all=0.8626  train_AUPR_ab=0.9001  train_AUPR_ag=0.8079  train_P@5_ab=1.0000  train_P@5_ag=1.0000  val_loss=0.3123  val_AUPR_all=0.5955  val_AUPR_ab=0.7238  val_AUPR_ag=0.4221  val_P@5_ab=0.9000  val_P@5_ag=1.0000  select=0.5729
Ep051  LR0=1.39e-05  pw=1.04  aucα=0.300  token_p=0.020  dropE=(0.020,0.080)  smooth=0.010  train_loss=0.1322  train_AUPR_all=0.8646  train_AUPR_ab=0.9024  train_AUPR_ag=0.8086  train_P@5_ab=1.0000  train_P@5_ag=1.0000  val_loss=0.3156  val_AUPR_all=0.5916  val_AUPR_ab=0.7217  val_AUPR_ag=0.4181  val_P@5_ab=0.7500  val_P@5_ag=0.9500  select=0.5699
Ep052  LR0=1.14e-05  pw=1.03  aucα=0.300  token_p=0.020  dropE=(0.020,0.080)  smooth=0.010  train_loss=0.1312  train_AUPR_all=0.8658  train_AUPR_ab=0.9037  train_AUPR_ag=0.8101  train_P@5_ab=1.0000  train_P@5_ag=1.0000  val_loss=0.3104  val_AUPR_all=0.5927  val_AUPR_ab=0.7236  val_AUPR_ag=0.4172  val_P@5_ab=0.7500  val_P@5_ag=1.0000  select=0.5704
Ep053  LR0=9.12e-06  pw=1.03  aucα=0.300  token_p=0.020  dropE=(0.020,0.080)  smooth=0.010  train_loss=0.1345  train_AUPR_all=0.8595  train_AUPR_ab=0.8974  train_AUPR_ag=0.8043  train_P@5_ab=1.0000  train_P@5_ag=1.0000  val_loss=0.3129  val_AUPR_all=0.5886  val_AUPR_ab=0.7161  val_AUPR_ag=0.4186  val_P@5_ab=0.7500  val_P@5_ag=1.0000  select=0.5674
Early stopping at epoch 53. Best select=0.5823 at epoch 33.
Final saved checkpoint for fold 2: checkpoints_CERS/iPara_balanced_l1_g5_i5_do0.10_dpr0.10_lr0.0002_heads16_fold2.pth
Best select=0.5823 at epoch 33

==========================================================================================
Fold 3/5
==========================================================================================
Train labels: valid=401949, pos=26660, neg=375289, ignore=695651, pos_frac=0.06633
Val labels: valid=98243, pos=6570, neg=91673, ignore=176957, pos_frac=0.06687
Initializing ClassificationModel with 5 GAT layers and residual connections...
Initializing MCModel with 5 GAT layers and 5 row attention layers (drop_path_rate=0.1)
Initializing CoreModel with 1 layers, drop_path_rate=0.1
Ep001  LR0=2.00e-04  pw=20.00  aucα=0.000  token_p=0.020  dropE=(0.020,0.080)  smooth=0.010  train_loss=1.1837  train_AUPR_all=0.2867  train_AUPR_ab=0.3666  train_AUPR_ag=0.1850  train_P@5_ab=0.6000  train_P@5_ag=0.8500  val_loss=1.2597  val_AUPR_all=0.3828  val_AUPR_ab=0.4710  val_AUPR_ag=0.2337  val_P@5_ab=0.5000  val_P@5_ag=1.0000  select=0.3523
  Saved checkpoint: checkpoints_CERS/iPara_balanced_l1_g5_i5_do0.10_dpr0.10_lr0.0002_heads16_fold3.pth  select=0.3523  val_ab=0.4710  val_ag=0.2337  val_all=0.3828
Ep002  LR0=2.00e-04  pw=17.77  aucα=0.000  token_p=0.020  dropE=(0.020,0.080)  smooth=0.010  train_loss=0.8415  train_AUPR_all=0.3707  train_AUPR_ab=0.4567  train_AUPR_ag=0.2367  train_P@5_ab=0.6500  train_P@5_ag=0.8500  val_loss=1.1558  val_AUPR_all=0.4402  val_AUPR_ab=0.5540  val_AUPR_ag=0.2516  val_P@5_ab=0.6000  val_P@5_ag=0.7500  select=0.4028
  Saved checkpoint: checkpoints_CERS/iPara_balanced_l1_g5_i5_do0.10_dpr0.10_lr0.0002_heads16_fold3.pth  select=0.4028  val_ab=0.5540  val_ag=0.2516  val_all=0.4402
Ep003  LR0=1.99e-04  pw=15.80  aucα=0.000  token_p=0.020  dropE=(0.020,0.080)  smooth=0.010  train_loss=0.7235  train_AUPR_all=0.4138  train_AUPR_ab=0.5013  train_AUPR_ag=0.2675  train_P@5_ab=0.4500  train_P@5_ag=0.8500  val_loss=1.0186  val_AUPR_all=0.4369  val_AUPR_ab=0.5400  val_AUPR_ag=0.2843  val_P@5_ab=0.8000  val_P@5_ag=0.9500  select=0.4121
  Saved checkpoint: checkpoints_CERS/iPara_balanced_l1_g5_i5_do0.10_dpr0.10_lr0.0002_heads16_fold3.pth  select=0.4121  val_ab=0.5400  val_ag=0.2843  val_all=0.4369
Ep004  LR0=1.99e-04  pw=14.06  aucα=0.000  token_p=0.020  dropE=(0.020,0.080)  smooth=0.010  train_loss=0.6643  train_AUPR_all=0.4571  train_AUPR_ab=0.5435  train_AUPR_ag=0.3041  train_P@5_ab=0.9000  train_P@5_ag=0.8000  val_loss=0.8974  val_AUPR_all=0.4831  val_AUPR_ab=0.6025  val_AUPR_ag=0.2871  val_P@5_ab=0.8000  val_P@5_ag=0.8000  select=0.4448
  Saved checkpoint: checkpoints_CERS/iPara_balanced_l1_g5_i5_do0.10_dpr0.10_lr0.0002_heads16_fold3.pth  select=0.4448  val_ab=0.6025  val_ag=0.2871  val_all=0.4831
Unfreezing DyM parameters.
Ep005  LR0=1.98e-04  pw=12.52  aucα=0.000  token_p=0.020  dropE=(0.020,0.080)  smooth=0.010  train_loss=0.6150  train_AUPR_all=0.4742  train_AUPR_ab=0.5640  train_AUPR_ag=0.3121  train_P@5_ab=0.7000  train_P@5_ag=0.9000  val_loss=0.8258  val_AUPR_all=0.4865  val_AUPR_ab=0.5899  val_AUPR_ag=0.3198  val_P@5_ab=0.6500  val_P@5_ag=0.9000  select=0.4548
  Saved checkpoint: checkpoints_CERS/iPara_balanced_l1_g5_i5_do0.10_dpr0.10_lr0.0002_heads16_fold3.pth  select=0.4548  val_ab=0.5899  val_ag=0.3198  val_all=0.4865
Ep006  LR0=1.97e-04  pw=11.17  aucα=0.000  token_p=0.020  dropE=(0.020,0.080)  smooth=0.010  train_loss=0.5642  train_AUPR_all=0.4980  train_AUPR_ab=0.5891  train_AUPR_ag=0.3327  train_P@5_ab=0.6500  train_P@5_ag=0.9000  val_loss=0.8004  val_AUPR_all=0.5203  val_AUPR_ab=0.6414  val_AUPR_ag=0.3074  val_P@5_ab=0.9000  val_P@5_ag=1.0000  select=0.4744
  Saved checkpoint: checkpoints_CERS/iPara_balanced_l1_g5_i5_do0.10_dpr0.10_lr0.0002_heads16_fold3.pth  select=0.4744  val_ab=0.6414  val_ag=0.3074  val_all=0.5203
Ep007  LR0=1.95e-04  pw=9.97  aucα=0.000  token_p=0.020  dropE=(0.020,0.080)  smooth=0.010  train_loss=0.5291  train_AUPR_all=0.5098  train_AUPR_ab=0.6090  train_AUPR_ag=0.3315  train_P@5_ab=0.8000  train_P@5_ag=0.9500  val_loss=0.9505  val_AUPR_all=0.5083  val_AUPR_ab=0.6294  val_AUPR_ag=0.3096  val_P@5_ab=0.8000  val_P@5_ag=1.0000  select=0.4695
Ep008  LR0=1.93e-04  pw=8.92  aucα=0.000  token_p=0.020  dropE=(0.020,0.080)  smooth=0.010  train_loss=0.4912  train_AUPR_all=0.5207  train_AUPR_ab=0.6251  train_AUPR_ag=0.3451  train_P@5_ab=0.9000  train_P@5_ag=0.9000  val_loss=0.7498  val_AUPR_all=0.5301  val_AUPR_ab=0.6539  val_AUPR_ag=0.3292  val_P@5_ab=0.8000  val_P@5_ag=1.0000  select=0.4915
  Saved checkpoint: checkpoints_CERS/iPara_balanced_l1_g5_i5_do0.10_dpr0.10_lr0.0002_heads16_fold3.pth  select=0.4915  val_ab=0.6539  val_ag=0.3292  val_all=0.5301
Ep009  LR0=1.91e-04  pw=7.99  aucα=0.000  token_p=0.020  dropE=(0.020,0.080)  smooth=0.010  train_loss=0.4645  train_AUPR_all=0.5260  train_AUPR_ab=0.6310  train_AUPR_ag=0.3458  train_P@5_ab=0.7000  train_P@5_ag=0.6500  val_loss=0.7322  val_AUPR_all=0.5346  val_AUPR_ab=0.6644  val_AUPR_ag=0.3148  val_P@5_ab=0.8500  val_P@5_ag=0.8500  select=0.4896
Ep010  LR0=1.89e-04  pw=7.17  aucα=0.030  token_p=0.020  dropE=(0.020,0.080)  smooth=0.010  train_loss=0.4466  train_AUPR_all=0.5410  train_AUPR_ab=0.6451  train_AUPR_ag=0.3648  train_P@5_ab=0.8500  train_P@5_ag=0.9500  val_loss=0.6290  val_AUPR_all=0.5471  val_AUPR_ab=0.6689  val_AUPR_ag=0.3459  val_P@5_ab=0.6500  val_P@5_ag=0.9500  select=0.5074
  Saved checkpoint: checkpoints_CERS/iPara_balanced_l1_g5_i5_do0.10_dpr0.10_lr0.0002_heads16_fold3.pth  select=0.5074  val_ab=0.6689  val_ag=0.3459  val_all=0.5471
Ep011  LR0=1.87e-04  pw=6.44  aucα=0.060  token_p=0.020  dropE=(0.020,0.080)  smooth=0.010  train_loss=0.4306  train_AUPR_all=0.5572  train_AUPR_ab=0.6656  train_AUPR_ag=0.3751  train_P@5_ab=0.9500  train_P@5_ag=0.9500  val_loss=0.5615  val_AUPR_all=0.5776  val_AUPR_ab=0.6953  val_AUPR_ag=0.3741  val_P@5_ab=0.9500  val_P@5_ag=0.8000  select=0.5347
  Saved checkpoint: checkpoints_CERS/iPara_balanced_l1_g5_i5_do0.10_dpr0.10_lr0.0002_heads16_fold3.pth  select=0.5347  val_ab=0.6953  val_ag=0.3741  val_all=0.5776
Ep012  LR0=1.84e-04  pw=5.80  aucα=0.090  token_p=0.020  dropE=(0.020,0.080)  smooth=0.010  train_loss=0.4236  train_AUPR_all=0.5647  train_AUPR_ab=0.6764  train_AUPR_ag=0.3745  train_P@5_ab=0.8000  train_P@5_ag=0.9000  val_loss=0.5654  val_AUPR_all=0.5210  val_AUPR_ab=0.6554  val_AUPR_ag=0.3372  val_P@5_ab=0.7500  val_P@5_ag=0.8000  select=0.4963
Ep013  LR0=1.81e-04  pw=5.24  aucα=0.120  token_p=0.020  dropE=(0.020,0.080)  smooth=0.010  train_loss=0.4127  train_AUPR_all=0.5698  train_AUPR_ab=0.6750  train_AUPR_ag=0.3901  train_P@5_ab=0.9000  train_P@5_ag=1.0000  val_loss=0.6151  val_AUPR_all=0.5486  val_AUPR_ab=0.6897  val_AUPR_ag=0.3209  val_P@5_ab=0.9000  val_P@5_ag=0.9000  select=0.5053
Ep014  LR0=1.78e-04  pw=4.74  aucα=0.150  token_p=0.020  dropE=(0.020,0.080)  smooth=0.010  train_loss=0.4057  train_AUPR_all=0.5765  train_AUPR_ab=0.6840  train_AUPR_ag=0.3992  train_P@5_ab=0.9500  train_P@5_ag=0.9500  val_loss=0.5204  val_AUPR_all=0.5133  val_AUPR_ab=0.6979  val_AUPR_ag=0.3017  val_P@5_ab=0.8500  val_P@5_ag=1.0000  select=0.4998
Ep015  LR0=1.74e-04  pw=4.30  aucα=0.180  token_p=0.020  dropE=(0.020,0.080)  smooth=0.010  train_loss=0.3958  train_AUPR_all=0.5911  train_AUPR_ab=0.6994  train_AUPR_ag=0.4155  train_P@5_ab=1.0000  train_P@5_ag=0.9500  val_loss=0.4822  val_AUPR_all=0.5118  val_AUPR_ab=0.6881  val_AUPR_ag=0.2886  val_P@5_ab=0.9000  val_P@5_ag=0.6000  select=0.4883
Ep016  LR0=1.71e-04  pw=3.91  aucα=0.210  token_p=0.020  dropE=(0.020,0.080)  smooth=0.010  train_loss=0.3851  train_AUPR_all=0.6028  train_AUPR_ab=0.7126  train_AUPR_ag=0.4233  train_P@5_ab=0.9500  train_P@5_ag=0.9500  val_loss=0.4539  val_AUPR_all=0.5859  val_AUPR_ab=0.7121  val_AUPR_ag=0.3792  val_P@5_ab=0.9500  val_P@5_ag=0.9500  select=0.5456
  Saved checkpoint: checkpoints_CERS/iPara_balanced_l1_g5_i5_do0.10_dpr0.10_lr0.0002_heads16_fold3.pth  select=0.5456  val_ab=0.7121  val_ag=0.3792  val_all=0.5859
Ep017  LR0=1.67e-04  pw=3.57  aucα=0.240  token_p=0.020  dropE=(0.020,0.080)  smooth=0.010  train_loss=0.3815  train_AUPR_all=0.6079  train_AUPR_ab=0.7137  train_AUPR_ag=0.4351  train_P@5_ab=1.0000  train_P@5_ag=0.9500  val_loss=0.4536  val_AUPR_all=0.5884  val_AUPR_ab=0.7080  val_AUPR_ag=0.3851  val_P@5_ab=0.9000  val_P@5_ag=1.0000  select=0.5466
  Saved checkpoint: checkpoints_CERS/iPara_balanced_l1_g5_i5_do0.10_dpr0.10_lr0.0002_heads16_fold3.pth  select=0.5466  val_ab=0.7080  val_ag=0.3851  val_all=0.5884
Ep018  LR0=1.63e-04  pw=3.27  aucα=0.270  token_p=0.020  dropE=(0.020,0.080)  smooth=0.010  train_loss=0.3760  train_AUPR_all=0.6144  train_AUPR_ab=0.7210  train_AUPR_ag=0.4428  train_P@5_ab=0.9000  train_P@5_ag=0.9000  val_loss=0.4180  val_AUPR_all=0.6000  val_AUPR_ab=0.7205  val_AUPR_ag=0.3995  val_P@5_ab=0.9000  val_P@5_ag=0.9500  select=0.5600
  Saved checkpoint: checkpoints_CERS/iPara_balanced_l1_g5_i5_do0.10_dpr0.10_lr0.0002_heads16_fold3.pth  select=0.5600  val_ab=0.7205  val_ag=0.3995  val_all=0.6000
Ep019  LR0=1.59e-04  pw=3.00  aucα=0.300  token_p=0.020  dropE=(0.020,0.080)  smooth=0.010  train_loss=0.3725  train_AUPR_all=0.6270  train_AUPR_ab=0.7340  train_AUPR_ag=0.4561  train_P@5_ab=0.9500  train_P@5_ag=0.8500  val_loss=0.4103  val_AUPR_all=0.5934  val_AUPR_ab=0.7212  val_AUPR_ag=0.3855  val_P@5_ab=0.9500  val_P@5_ag=1.0000  select=0.5533
Ep020  LR0=1.55e-04  pw=2.77  aucα=0.300  token_p=0.020  dropE=(0.020,0.080)  smooth=0.010  train_loss=0.3533  train_AUPR_all=0.6335  train_AUPR_ab=0.7399  train_AUPR_ag=0.4639  train_P@5_ab=1.0000  train_P@5_ag=0.9500  val_loss=0.3976  val_AUPR_all=0.5917  val_AUPR_ab=0.7226  val_AUPR_ag=0.3841  val_P@5_ab=0.9500  val_P@5_ag=0.9000  select=0.5533
Ep021  LR0=1.50e-04  pw=2.56  aucα=0.300  token_p=0.020  dropE=(0.020,0.080)  smooth=0.010  train_loss=0.3367  train_AUPR_all=0.6443  train_AUPR_ab=0.7457  train_AUPR_ag=0.4840  train_P@5_ab=0.9000  train_P@5_ag=1.0000  val_loss=0.4101  val_AUPR_all=0.5720  val_AUPR_ab=0.7026  val_AUPR_ag=0.3644  val_P@5_ab=0.9000  val_P@5_ag=0.9000  select=0.5335
Ep022  LR0=1.46e-04  pw=2.38  aucα=0.300  token_p=0.020  dropE=(0.020,0.080)  smooth=0.010  train_loss=0.3236  train_AUPR_all=0.6497  train_AUPR_ab=0.7501  train_AUPR_ag=0.4918  train_P@5_ab=0.9500  train_P@5_ag=0.9500  val_loss=0.3749  val_AUPR_all=0.5962  val_AUPR_ab=0.7158  val_AUPR_ag=0.4018  val_P@5_ab=1.0000  val_P@5_ag=0.8500  select=0.5588
Ep023  LR0=1.41e-04  pw=2.21  aucα=0.300  token_p=0.020  dropE=(0.020,0.080)  smooth=0.010  train_loss=0.3056  train_AUPR_all=0.6652  train_AUPR_ab=0.7572  train_AUPR_ag=0.5224  train_P@5_ab=1.0000  train_P@5_ag=1.0000  val_loss=0.3584  val_AUPR_all=0.5913  val_AUPR_ab=0.7244  val_AUPR_ag=0.3792  val_P@5_ab=0.9500  val_P@5_ag=0.9500  select=0.5518
Ep024  LR0=1.36e-04  pw=2.07  aucα=0.300  token_p=0.020  dropE=(0.020,0.080)  smooth=0.010  train_loss=0.2943  train_AUPR_all=0.6707  train_AUPR_ab=0.7630  train_AUPR_ag=0.5261  train_P@5_ab=1.0000  train_P@5_ag=0.9000  val_loss=0.3399  val_AUPR_all=0.6113  val_AUPR_ab=0.7334  val_AUPR_ag=0.4153  val_P@5_ab=1.0000  val_P@5_ag=0.9000  select=0.5744
  Saved checkpoint: checkpoints_CERS/iPara_balanced_l1_g5_i5_do0.10_dpr0.10_lr0.0002_heads16_fold3.pth  select=0.5744  val_ab=0.7334  val_ag=0.4153  val_all=0.6113
Ep025  LR0=1.31e-04  pw=1.95  aucα=0.300  token_p=0.020  dropE=(0.020,0.080)  smooth=0.010  train_loss=0.2827  train_AUPR_all=0.6807  train_AUPR_ab=0.7689  train_AUPR_ag=0.5451  train_P@5_ab=0.9500  train_P@5_ag=0.9500  val_loss=0.3392  val_AUPR_all=0.6059  val_AUPR_ab=0.7311  val_AUPR_ag=0.4104  val_P@5_ab=0.9000  val_P@5_ag=1.0000  select=0.5707
Ep026  LR0=1.26e-04  pw=1.83  aucα=0.300  token_p=0.020  dropE=(0.020,0.080)  smooth=0.010  train_loss=0.2729  train_AUPR_all=0.6871  train_AUPR_ab=0.7729  train_AUPR_ag=0.5554  train_P@5_ab=1.0000  train_P@5_ag=1.0000  val_loss=0.3249  val_AUPR_all=0.6119  val_AUPR_ab=0.7355  val_AUPR_ag=0.4197  val_P@5_ab=0.9500  val_P@5_ag=0.9000  select=0.5776
  Saved checkpoint: checkpoints_CERS/iPara_balanced_l1_g5_i5_do0.10_dpr0.10_lr0.0002_heads16_fold3.pth  select=0.5776  val_ab=0.7355  val_ag=0.4197  val_all=0.6119
Ep027  LR0=1.21e-04  pw=1.74  aucα=0.300  token_p=0.020  dropE=(0.020,0.080)  smooth=0.010  train_loss=0.2616  train_AUPR_all=0.6955  train_AUPR_ab=0.7755  train_AUPR_ag=0.5734  train_P@5_ab=0.9500  train_P@5_ag=0.8500  val_loss=0.3252  val_AUPR_all=0.6063  val_AUPR_ab=0.7315  val_AUPR_ag=0.4220  val_P@5_ab=0.9500  val_P@5_ag=0.9500  select=0.5768
Ep028  LR0=1.16e-04  pw=1.65  aucα=0.300  token_p=0.020  dropE=(0.020,0.080)  smooth=0.010  train_loss=0.2518  train_AUPR_all=0.7048  train_AUPR_ab=0.7833  train_AUPR_ag=0.5852  train_P@5_ab=1.0000  train_P@5_ag=1.0000  val_loss=0.3146  val_AUPR_all=0.6205  val_AUPR_ab=0.7457  val_AUPR_ag=0.4278  val_P@5_ab=1.0000  val_P@5_ag=0.9000  select=0.5867
  Saved checkpoint: checkpoints_CERS/iPara_balanced_l1_g5_i5_do0.10_dpr0.10_lr0.0002_heads16_fold3.pth  select=0.5867  val_ab=0.7457  val_ag=0.4278  val_all=0.6205
Ep029  LR0=1.11e-04  pw=1.57  aucα=0.300  token_p=0.020  dropE=(0.020,0.080)  smooth=0.010  train_loss=0.2387  train_AUPR_all=0.7213  train_AUPR_ab=0.7954  train_AUPR_ag=0.6102  train_P@5_ab=1.0000  train_P@5_ag=1.0000  val_loss=0.3155  val_AUPR_all=0.6149  val_AUPR_ab=0.7393  val_AUPR_ag=0.4177  val_P@5_ab=0.9500  val_P@5_ag=1.0000  select=0.5785
Ep030  LR0=1.05e-04  pw=1.51  aucα=0.300  token_p=0.020  dropE=(0.020,0.080)  smooth=0.010  train_loss=0.2303  train_AUPR_all=0.7277  train_AUPR_ab=0.7960  train_AUPR_ag=0.6256  train_P@5_ab=1.0000  train_P@5_ag=1.0000  val_loss=0.3137  val_AUPR_all=0.6153  val_AUPR_ab=0.7454  val_AUPR_ag=0.4073  val_P@5_ab=1.0000  val_P@5_ag=0.9000  select=0.5763
Ep031  LR0=1.00e-04  pw=1.45  aucα=0.300  token_p=0.020  dropE=(0.020,0.080)  smooth=0.010  train_loss=0.2221  train_AUPR_all=0.7384  train_AUPR_ab=0.8059  train_AUPR_ag=0.6382  train_P@5_ab=1.0000  train_P@5_ag=0.9500  val_loss=0.3115  val_AUPR_all=0.6164  val_AUPR_ab=0.7448  val_AUPR_ag=0.4256  val_P@5_ab=0.9000  val_P@5_ag=0.9500  select=0.5852
Ep032  LR0=9.50e-05  pw=1.39  aucα=0.300  token_p=0.020  dropE=(0.020,0.080)  smooth=0.010  train_loss=0.2131  train_AUPR_all=0.7482  train_AUPR_ab=0.8132  train_AUPR_ag=0.6512  train_P@5_ab=1.0000  train_P@5_ag=1.0000  val_loss=0.3125  val_AUPR_all=0.6171  val_AUPR_ab=0.7475  val_AUPR_ag=0.4219  val_P@5_ab=0.9000  val_P@5_ag=0.9500  select=0.5847
Ep033  LR0=8.98e-05  pw=1.35  aucα=0.300  token_p=0.020  dropE=(0.020,0.080)  smooth=0.010  train_loss=0.2048  train_AUPR_all=0.7603  train_AUPR_ab=0.8225  train_AUPR_ag=0.6691  train_P@5_ab=1.0000  train_P@5_ag=1.0000  val_loss=0.3092  val_AUPR_all=0.6039  val_AUPR_ab=0.7405  val_AUPR_ag=0.3964  val_P@5_ab=0.9000  val_P@5_ag=0.7500  select=0.5685
Ep034  LR0=8.46e-05  pw=1.31  aucα=0.300  token_p=0.020  dropE=(0.020,0.080)  smooth=0.010  train_loss=0.1999  train_AUPR_all=0.7662  train_AUPR_ab=0.8239  train_AUPR_ag=0.6821  train_P@5_ab=1.0000  train_P@5_ag=1.0000  val_loss=0.3125  val_AUPR_all=0.6039  val_AUPR_ab=0.7453  val_AUPR_ag=0.4002  val_P@5_ab=0.9000  val_P@5_ag=0.9500  select=0.5727
Ep035  LR0=7.95e-05  pw=1.27  aucα=0.300  token_p=0.020  dropE=(0.020,0.080)  smooth=0.010  train_loss=0.1933  train_AUPR_all=0.7720  train_AUPR_ab=0.8261  train_AUPR_ag=0.6930  train_P@5_ab=1.0000  train_P@5_ag=1.0000  val_loss=0.3131  val_AUPR_all=0.5984  val_AUPR_ab=0.7441  val_AUPR_ag=0.3731  val_P@5_ab=0.9000  val_P@5_ag=1.0000  select=0.5586
Ep036  LR0=7.44e-05  pw=1.24  aucα=0.300  token_p=0.020  dropE=(0.020,0.080)  smooth=0.010  train_loss=0.1862  train_AUPR_all=0.7829  train_AUPR_ab=0.8378  train_AUPR_ag=0.7019  train_P@5_ab=1.0000  train_P@5_ag=1.0000  val_loss=0.3048  val_AUPR_all=0.6116  val_AUPR_ab=0.7400  val_AUPR_ag=0.4125  val_P@5_ab=1.0000  val_P@5_ag=0.9500  select=0.5763
Ep037  LR0=6.94e-05  pw=1.21  aucα=0.300  token_p=0.020  dropE=(0.020,0.080)  smooth=0.010  train_loss=0.1806  train_AUPR_all=0.7914  train_AUPR_ab=0.8434  train_AUPR_ag=0.7149  train_P@5_ab=1.0000  train_P@5_ag=1.0000  val_loss=0.3174  val_AUPR_all=0.5946  val_AUPR_ab=0.7382  val_AUPR_ag=0.3933  val_P@5_ab=0.9500  val_P@5_ag=0.9000  select=0.5657
Ep038  LR0=6.45e-05  pw=1.19  aucα=0.300  token_p=0.020  dropE=(0.020,0.080)  smooth=0.010  train_loss=0.1798  train_AUPR_all=0.7911  train_AUPR_ab=0.8413  train_AUPR_ag=0.7177  train_P@5_ab=1.0000  train_P@5_ag=1.0000  val_loss=0.3054  val_AUPR_all=0.6051  val_AUPR_ab=0.7432  val_AUPR_ag=0.3992  val_P@5_ab=0.8500  val_P@5_ag=0.9500  select=0.5712
Ep039  LR0=5.97e-05  pw=1.16  aucα=0.300  token_p=0.020  dropE=(0.020,0.080)  smooth=0.010  train_loss=0.1715  train_AUPR_all=0.8024  train_AUPR_ab=0.8529  train_AUPR_ag=0.7286  train_P@5_ab=1.0000  train_P@5_ag=1.0000  val_loss=0.3122  val_AUPR_all=0.6009  val_AUPR_ab=0.7386  val_AUPR_ag=0.3996  val_P@5_ab=0.9500  val_P@5_ag=0.9500  select=0.5691
Ep040  LR0=5.50e-05  pw=1.15  aucα=0.300  token_p=0.020  dropE=(0.020,0.080)  smooth=0.010  train_loss=0.1655  train_AUPR_all=0.8127  train_AUPR_ab=0.8591  train_AUPR_ag=0.7450  train_P@5_ab=1.0000  train_P@5_ag=1.0000  val_loss=0.3171  val_AUPR_all=0.5888  val_AUPR_ab=0.7337  val_AUPR_ag=0.3809  val_P@5_ab=0.8500  val_P@5_ag=1.0000  select=0.5573
Ep041  LR0=5.04e-05  pw=1.13  aucα=0.300  token_p=0.020  dropE=(0.020,0.080)  smooth=0.010  train_loss=0.1646  train_AUPR_all=0.8141  train_AUPR_ab=0.8620  train_AUPR_ag=0.7443  train_P@5_ab=1.0000  train_P@5_ag=1.0000  val_loss=0.3099  val_AUPR_all=0.5997  val_AUPR_ab=0.7425  val_AUPR_ag=0.3816  val_P@5_ab=1.0000  val_P@5_ag=0.9500  select=0.5620
Ep042  LR0=4.59e-05  pw=1.11  aucα=0.300  token_p=0.020  dropE=(0.020,0.080)  smooth=0.010  train_loss=0.1631  train_AUPR_all=0.8147  train_AUPR_ab=0.8589  train_AUPR_ag=0.7504  train_P@5_ab=1.0000  train_P@5_ag=1.0000  val_loss=0.3088  val_AUPR_all=0.5925  val_AUPR_ab=0.7431  val_AUPR_ag=0.3669  val_P@5_ab=0.8500  val_P@5_ag=0.9500  select=0.5550
Ep043  LR0=4.16e-05  pw=1.10  aucα=0.300  token_p=0.020  dropE=(0.020,0.080)  smooth=0.010  train_loss=0.1559  train_AUPR_all=0.8265  train_AUPR_ab=0.8698  train_AUPR_ag=0.7635  train_P@5_ab=1.0000  train_P@5_ag=1.0000  val_loss=0.3105  val_AUPR_all=0.5964  val_AUPR_ab=0.7443  val_AUPR_ag=0.3845  val_P@5_ab=0.9500  val_P@5_ag=0.9500  select=0.5644
Ep044  LR0=3.75e-05  pw=1.09  aucα=0.300  token_p=0.020  dropE=(0.020,0.080)  smooth=0.010  train_loss=0.1540  train_AUPR_all=0.8282  train_AUPR_ab=0.8685  train_AUPR_ag=0.7701  train_P@5_ab=1.0000  train_P@5_ag=0.9000  val_loss=0.3140  val_AUPR_all=0.5913  val_AUPR_ab=0.7398  val_AUPR_ag=0.3769  val_P@5_ab=0.9500  val_P@5_ag=0.8500  select=0.5583
Ep045  LR0=3.35e-05  pw=1.08  aucα=0.300  token_p=0.020  dropE=(0.020,0.080)  smooth=0.010  train_loss=0.1525  train_AUPR_all=0.8304  train_AUPR_ab=0.8720  train_AUPR_ag=0.7698  train_P@5_ab=1.0000  train_P@5_ag=0.9500  val_loss=0.3154  val_AUPR_all=0.5922  val_AUPR_ab=0.7370  val_AUPR_ag=0.3850  val_P@5_ab=0.9000  val_P@5_ag=0.9500  select=0.5610
Ep046  LR0=2.97e-05  pw=1.07  aucα=0.300  token_p=0.020  dropE=(0.020,0.080)  smooth=0.010  train_loss=0.1465  train_AUPR_all=0.8419  train_AUPR_ab=0.8830  train_AUPR_ag=0.7819  train_P@5_ab=1.0000  train_P@5_ag=0.9500  val_loss=0.3154  val_AUPR_all=0.5874  val_AUPR_ab=0.7367  val_AUPR_ag=0.3732  val_P@5_ab=0.9000  val_P@5_ag=0.8000  select=0.5550
Ep047  LR0=2.61e-05  pw=1.06  aucα=0.300  token_p=0.020  dropE=(0.020,0.080)  smooth=0.010  train_loss=0.1475  train_AUPR_all=0.8377  train_AUPR_ab=0.8783  train_AUPR_ag=0.7785  train_P@5_ab=1.0000  train_P@5_ag=0.9500  val_loss=0.3148  val_AUPR_all=0.5876  val_AUPR_ab=0.7380  val_AUPR_ag=0.3770  val_P@5_ab=0.9000  val_P@5_ag=0.9500  select=0.5575
Ep048  LR0=2.27e-05  pw=1.05  aucα=0.300  token_p=0.020  dropE=(0.020,0.080)  smooth=0.010  train_loss=0.1445  train_AUPR_all=0.8437  train_AUPR_ab=0.8827  train_AUPR_ag=0.7872  train_P@5_ab=1.0000  train_P@5_ag=1.0000  val_loss=0.3187  val_AUPR_all=0.5835  val_AUPR_ab=0.7373  val_AUPR_ag=0.3695  val_P@5_ab=0.9000  val_P@5_ag=0.8500  select=0.5534
Early stopping at epoch 48. Best select=0.5867 at epoch 28.
Final saved checkpoint for fold 3: checkpoints_CERS/iPara_balanced_l1_g5_i5_do0.10_dpr0.10_lr0.0002_heads16_fold3.pth
Best select=0.5867 at epoch 28

==========================================================================================
Fold 4/5
==========================================================================================
Train labels: valid=398858, pos=26560, neg=372298, ignore=700342, pos_frac=0.06659
Val labels: valid=101334, pos=6670, neg=94664, ignore=172266, pos_frac=0.06582
Initializing ClassificationModel with 5 GAT layers and residual connections...
Initializing MCModel with 5 GAT layers and 5 row attention layers (drop_path_rate=0.1)
Initializing CoreModel with 1 layers, drop_path_rate=0.1
Ep001  LR0=2.00e-04  pw=20.00  aucα=0.000  token_p=0.020  dropE=(0.020,0.080)  smooth=0.010  train_loss=1.0857  train_AUPR_all=0.2749  train_AUPR_ab=0.3461  train_AUPR_ag=0.1830  train_P@5_ab=0.6500  train_P@5_ag=0.7500  val_loss=1.5123  val_AUPR_all=0.3648  val_AUPR_ab=0.4751  val_AUPR_ag=0.2048  val_P@5_ab=0.6500  val_P@5_ag=0.9500  select=0.3399
  Saved checkpoint: checkpoints_CERS/iPara_balanced_l1_g5_i5_do0.10_dpr0.10_lr0.0002_heads16_fold4.pth  select=0.3399  val_ab=0.4751  val_ag=0.2048  val_all=0.3648
Ep002  LR0=2.00e-04  pw=17.77  aucα=0.000  token_p=0.020  dropE=(0.020,0.080)  smooth=0.010  train_loss=0.8091  train_AUPR_all=0.3893  train_AUPR_ab=0.4709  train_AUPR_ag=0.2595  train_P@5_ab=0.9500  train_P@5_ag=0.7000  val_loss=1.2911  val_AUPR_all=0.3791  val_AUPR_ab=0.5337  val_AUPR_ag=0.2106  val_P@5_ab=0.8500  val_P@5_ag=0.9000  select=0.3721
  Saved checkpoint: checkpoints_CERS/iPara_balanced_l1_g5_i5_do0.10_dpr0.10_lr0.0002_heads16_fold4.pth  select=0.3721  val_ab=0.5337  val_ag=0.2106  val_all=0.3791
Ep003  LR0=1.99e-04  pw=15.80  aucα=0.000  token_p=0.020  dropE=(0.020,0.080)  smooth=0.010  train_loss=0.7306  train_AUPR_all=0.4193  train_AUPR_ab=0.5010  train_AUPR_ag=0.2778  train_P@5_ab=0.8500  train_P@5_ag=0.8500  val_loss=1.3829  val_AUPR_all=0.3996  val_AUPR_ab=0.5501  val_AUPR_ag=0.2122  val_P@5_ab=0.6500  val_P@5_ag=0.9500  select=0.3812
  Saved checkpoint: checkpoints_CERS/iPara_balanced_l1_g5_i5_do0.10_dpr0.10_lr0.0002_heads16_fold4.pth  select=0.3812  val_ab=0.5501  val_ag=0.2122  val_all=0.3996
Ep004  LR0=1.99e-04  pw=14.06  aucα=0.000  token_p=0.020  dropE=(0.020,0.080)  smooth=0.010  train_loss=0.6526  train_AUPR_all=0.4656  train_AUPR_ab=0.5449  train_AUPR_ag=0.3134  train_P@5_ab=0.6500  train_P@5_ag=0.9500  val_loss=1.0418  val_AUPR_all=0.4783  val_AUPR_ab=0.6143  val_AUPR_ag=0.2591  val_P@5_ab=0.9000  val_P@5_ag=0.8500  select=0.4367
  Saved checkpoint: checkpoints_CERS/iPara_balanced_l1_g5_i5_do0.10_dpr0.10_lr0.0002_heads16_fold4.pth  select=0.4367  val_ab=0.6143  val_ag=0.2591  val_all=0.4783
Unfreezing DyM parameters.
Ep005  LR0=1.98e-04  pw=12.52  aucα=0.000  token_p=0.020  dropE=(0.020,0.080)  smooth=0.010  train_loss=0.5988  train_AUPR_all=0.4795  train_AUPR_ab=0.5596  train_AUPR_ag=0.3276  train_P@5_ab=0.5500  train_P@5_ag=0.9500  val_loss=0.8142  val_AUPR_all=0.4927  val_AUPR_ab=0.6216  val_AUPR_ag=0.3102  val_P@5_ab=0.9000  val_P@5_ag=0.9000  select=0.4659
  Saved checkpoint: checkpoints_CERS/iPara_balanced_l1_g5_i5_do0.10_dpr0.10_lr0.0002_heads16_fold4.pth  select=0.4659  val_ab=0.6216  val_ag=0.3102  val_all=0.4927
Ep006  LR0=1.97e-04  pw=11.17  aucα=0.000  token_p=0.020  dropE=(0.020,0.080)  smooth=0.010  train_loss=0.5608  train_AUPR_all=0.4950  train_AUPR_ab=0.5838  train_AUPR_ag=0.3337  train_P@5_ab=0.9500  train_P@5_ag=0.9500  val_loss=0.8491  val_AUPR_all=0.5032  val_AUPR_ab=0.6362  val_AUPR_ag=0.2882  val_P@5_ab=0.9000  val_P@5_ag=0.8500  select=0.4622
Ep007  LR0=1.95e-04  pw=9.97  aucα=0.000  token_p=0.020  dropE=(0.020,0.080)  smooth=0.010  train_loss=0.5272  train_AUPR_all=0.5131  train_AUPR_ab=0.6130  train_AUPR_ag=0.3425  train_P@5_ab=0.8000  train_P@5_ag=0.8500  val_loss=0.7588  val_AUPR_all=0.4877  val_AUPR_ab=0.6344  val_AUPR_ag=0.3119  val_P@5_ab=0.7500  val_P@5_ag=0.8500  select=0.4732
  Saved checkpoint: checkpoints_CERS/iPara_balanced_l1_g5_i5_do0.10_dpr0.10_lr0.0002_heads16_fold4.pth  select=0.4732  val_ab=0.6344  val_ag=0.3119  val_all=0.4877
Ep008  LR0=1.93e-04  pw=8.92  aucα=0.000  token_p=0.020  dropE=(0.020,0.080)  smooth=0.010  train_loss=0.4849  train_AUPR_all=0.5195  train_AUPR_ab=0.6098  train_AUPR_ag=0.3553  train_P@5_ab=0.7500  train_P@5_ag=0.9000  val_loss=0.7131  val_AUPR_all=0.5368  val_AUPR_ab=0.6555  val_AUPR_ag=0.3386  val_P@5_ab=0.9500  val_P@5_ag=1.0000  select=0.4971
  Saved checkpoint: checkpoints_CERS/iPara_balanced_l1_g5_i5_do0.10_dpr0.10_lr0.0002_heads16_fold4.pth  select=0.4971  val_ab=0.6555  val_ag=0.3386  val_all=0.5368
Ep009  LR0=1.91e-04  pw=7.99  aucα=0.000  token_p=0.020  dropE=(0.020,0.080)  smooth=0.010  train_loss=0.4544  train_AUPR_all=0.5408  train_AUPR_ab=0.6363  train_AUPR_ag=0.3680  train_P@5_ab=0.7000  train_P@5_ag=1.0000  val_loss=0.6637  val_AUPR_all=0.5426  val_AUPR_ab=0.6730  val_AUPR_ag=0.3392  val_P@5_ab=0.7500  val_P@5_ag=0.9500  select=0.5061
  Saved checkpoint: checkpoints_CERS/iPara_balanced_l1_g5_i5_do0.10_dpr0.10_lr0.0002_heads16_fold4.pth  select=0.5061  val_ab=0.6730  val_ag=0.3392  val_all=0.5426
Ep010  LR0=1.89e-04  pw=7.17  aucα=0.030  token_p=0.020  dropE=(0.020,0.080)  smooth=0.010  train_loss=0.4401  train_AUPR_all=0.5457  train_AUPR_ab=0.6428  train_AUPR_ag=0.3749  train_P@5_ab=0.8000  train_P@5_ag=0.9000  val_loss=0.6297  val_AUPR_all=0.5459  val_AUPR_ab=0.6843  val_AUPR_ag=0.3229  val_P@5_ab=0.8500  val_P@5_ag=0.8500  select=0.5036
Ep011  LR0=1.87e-04  pw=6.44  aucα=0.060  token_p=0.020  dropE=(0.020,0.080)  smooth=0.010  train_loss=0.4241  train_AUPR_all=0.5599  train_AUPR_ab=0.6650  train_AUPR_ag=0.3808  train_P@5_ab=0.9000  train_P@5_ag=0.9000  val_loss=0.5841  val_AUPR_all=0.5648  val_AUPR_ab=0.6896  val_AUPR_ag=0.3605  val_P@5_ab=0.9500  val_P@5_ag=0.8500  select=0.5250
  Saved checkpoint: checkpoints_CERS/iPara_balanced_l1_g5_i5_do0.10_dpr0.10_lr0.0002_heads16_fold4.pth  select=0.5250  val_ab=0.6896  val_ag=0.3605  val_all=0.5648
Ep012  LR0=1.84e-04  pw=5.80  aucα=0.090  token_p=0.020  dropE=(0.020,0.080)  smooth=0.010  train_loss=0.4206  train_AUPR_all=0.5628  train_AUPR_ab=0.6693  train_AUPR_ag=0.3840  train_P@5_ab=0.8000  train_P@5_ag=0.8500  val_loss=0.5641  val_AUPR_all=0.5559  val_AUPR_ab=0.6828  val_AUPR_ag=0.3554  val_P@5_ab=0.8500  val_P@5_ag=1.0000  select=0.5191
Ep013  LR0=1.81e-04  pw=5.24  aucα=0.120  token_p=0.020  dropE=(0.020,0.080)  smooth=0.010  train_loss=0.4084  train_AUPR_all=0.5741  train_AUPR_ab=0.6757  train_AUPR_ag=0.4021  train_P@5_ab=0.9500  train_P@5_ag=1.0000  val_loss=0.5180  val_AUPR_all=0.5662  val_AUPR_ab=0.6934  val_AUPR_ag=0.3533  val_P@5_ab=0.8500  val_P@5_ag=0.9000  select=0.5234
Ep014  LR0=1.78e-04  pw=4.74  aucα=0.150  token_p=0.020  dropE=(0.020,0.080)  smooth=0.010  train_loss=0.4007  train_AUPR_all=0.5825  train_AUPR_ab=0.6861  train_AUPR_ag=0.4084  train_P@5_ab=1.0000  train_P@5_ag=0.9500  val_loss=0.5062  val_AUPR_all=0.5787  val_AUPR_ab=0.7017  val_AUPR_ag=0.3825  val_P@5_ab=0.9500  val_P@5_ag=0.9500  select=0.5421
  Saved checkpoint: checkpoints_CERS/iPara_balanced_l1_g5_i5_do0.10_dpr0.10_lr0.0002_heads16_fold4.pth  select=0.5421  val_ab=0.7017  val_ag=0.3825  val_all=0.5787
Ep015  LR0=1.74e-04  pw=4.30  aucα=0.180  token_p=0.020  dropE=(0.020,0.080)  smooth=0.010  train_loss=0.3937  train_AUPR_all=0.5844  train_AUPR_ab=0.6917  train_AUPR_ag=0.4084  train_P@5_ab=0.9500  train_P@5_ag=0.8000  val_loss=0.4885  val_AUPR_all=0.5685  val_AUPR_ab=0.7021  val_AUPR_ag=0.3645  val_P@5_ab=0.9000  val_P@5_ag=0.9000  select=0.5333
Ep016  LR0=1.71e-04  pw=3.91  aucα=0.210  token_p=0.020  dropE=(0.020,0.080)  smooth=0.010  train_loss=0.3855  train_AUPR_all=0.6035  train_AUPR_ab=0.7067  train_AUPR_ag=0.4318  train_P@5_ab=0.9500  train_P@5_ag=0.9500  val_loss=0.4723  val_AUPR_all=0.5774  val_AUPR_ab=0.7018  val_AUPR_ag=0.3796  val_P@5_ab=0.9500  val_P@5_ag=0.9000  select=0.5407
Ep017  LR0=1.67e-04  pw=3.57  aucα=0.240  token_p=0.020  dropE=(0.020,0.080)  smooth=0.010  train_loss=0.3776  train_AUPR_all=0.6101  train_AUPR_ab=0.7142  train_AUPR_ag=0.4378  train_P@5_ab=0.9000  train_P@5_ag=0.9500  val_loss=0.4373  val_AUPR_all=0.5911  val_AUPR_ab=0.7135  val_AUPR_ag=0.3975  val_P@5_ab=0.9500  val_P@5_ag=0.9000  select=0.5555
  Saved checkpoint: checkpoints_CERS/iPara_balanced_l1_g5_i5_do0.10_dpr0.10_lr0.0002_heads16_fold4.pth  select=0.5555  val_ab=0.7135  val_ag=0.3975  val_all=0.5911
Ep018  LR0=1.63e-04  pw=3.27  aucα=0.270  token_p=0.020  dropE=(0.020,0.080)  smooth=0.010  train_loss=0.3771  train_AUPR_all=0.6100  train_AUPR_ab=0.7120  train_AUPR_ag=0.4444  train_P@5_ab=1.0000  train_P@5_ag=0.9000  val_loss=0.4230  val_AUPR_all=0.5900  val_AUPR_ab=0.7083  val_AUPR_ag=0.3984  val_P@5_ab=1.0000  val_P@5_ag=0.9500  select=0.5534
Ep019  LR0=1.59e-04  pw=3.00  aucα=0.300  token_p=0.020  dropE=(0.020,0.080)  smooth=0.010  train_loss=0.3665  train_AUPR_all=0.6273  train_AUPR_ab=0.7307  train_AUPR_ag=0.4581  train_P@5_ab=0.9500  train_P@5_ag=0.8500  val_loss=0.3995  val_AUPR_all=0.6018  val_AUPR_ab=0.7259  val_AUPR_ag=0.4053  val_P@5_ab=1.0000  val_P@5_ag=0.8500  select=0.5656
  Saved checkpoint: checkpoints_CERS/iPara_balanced_l1_g5_i5_do0.10_dpr0.10_lr0.0002_heads16_fold4.pth  select=0.5656  val_ab=0.7259  val_ag=0.4053  val_all=0.6018
Ep020  LR0=1.55e-04  pw=2.77  aucα=0.300  token_p=0.020  dropE=(0.020,0.080)  smooth=0.010  train_loss=0.3541  train_AUPR_all=0.6326  train_AUPR_ab=0.7371  train_AUPR_ag=0.4623  train_P@5_ab=1.0000  train_P@5_ag=1.0000  val_loss=0.3947  val_AUPR_all=0.5894  val_AUPR_ab=0.7103  val_AUPR_ag=0.3953  val_P@5_ab=0.9500  val_P@5_ag=0.8500  select=0.5528
Ep021  LR0=1.50e-04  pw=2.56  aucα=0.300  token_p=0.020  dropE=(0.020,0.080)  smooth=0.010  train_loss=0.3361  train_AUPR_all=0.6445  train_AUPR_ab=0.7444  train_AUPR_ag=0.4838  train_P@5_ab=0.9500  train_P@5_ag=1.0000  val_loss=0.3814  val_AUPR_all=0.5980  val_AUPR_ab=0.7300  val_AUPR_ag=0.4095  val_P@5_ab=1.0000  val_P@5_ag=0.9000  select=0.5697
  Saved checkpoint: checkpoints_CERS/iPara_balanced_l1_g5_i5_do0.10_dpr0.10_lr0.0002_heads16_fold4.pth  select=0.5697  val_ab=0.7300  val_ag=0.4095  val_all=0.5980
Ep022  LR0=1.46e-04  pw=2.38  aucα=0.300  token_p=0.020  dropE=(0.020,0.080)  smooth=0.010  train_loss=0.3229  train_AUPR_all=0.6482  train_AUPR_ab=0.7417  train_AUPR_ag=0.4987  train_P@5_ab=1.0000  train_P@5_ag=0.9500  val_loss=0.3753  val_AUPR_all=0.6059  val_AUPR_ab=0.7372  val_AUPR_ag=0.3983  val_P@5_ab=1.0000  val_P@5_ag=0.9000  select=0.5678
Ep023  LR0=1.41e-04  pw=2.21  aucα=0.300  token_p=0.020  dropE=(0.020,0.080)  smooth=0.010  train_loss=0.3094  train_AUPR_all=0.6574  train_AUPR_ab=0.7513  train_AUPR_ag=0.5080  train_P@5_ab=1.0000  train_P@5_ag=0.9000  val_loss=0.3557  val_AUPR_all=0.6062  val_AUPR_ab=0.7344  val_AUPR_ag=0.4004  val_P@5_ab=0.9500  val_P@5_ag=0.9500  select=0.5674
Ep024  LR0=1.36e-04  pw=2.07  aucα=0.300  token_p=0.020  dropE=(0.020,0.080)  smooth=0.010  train_loss=0.2941  train_AUPR_all=0.6729  train_AUPR_ab=0.7641  train_AUPR_ag=0.5297  train_P@5_ab=1.0000  train_P@5_ag=0.9500  val_loss=0.3624  val_AUPR_all=0.6049  val_AUPR_ab=0.7330  val_AUPR_ag=0.4067  val_P@5_ab=0.9000  val_P@5_ag=0.9500  select=0.5699
  Saved checkpoint: checkpoints_CERS/iPara_balanced_l1_g5_i5_do0.10_dpr0.10_lr0.0002_heads16_fold4.pth  select=0.5699  val_ab=0.7330  val_ag=0.4067  val_all=0.6049
Ep025  LR0=1.31e-04  pw=1.95  aucα=0.300  token_p=0.020  dropE=(0.020,0.080)  smooth=0.010  train_loss=0.2822  train_AUPR_all=0.6815  train_AUPR_ab=0.7667  train_AUPR_ag=0.5495  train_P@5_ab=0.9000  train_P@5_ag=1.0000  val_loss=0.3456  val_AUPR_all=0.6014  val_AUPR_ab=0.7312  val_AUPR_ag=0.4070  val_P@5_ab=1.0000  val_P@5_ag=0.9000  select=0.5691
Ep026  LR0=1.26e-04  pw=1.83  aucα=0.300  token_p=0.020  dropE=(0.020,0.080)  smooth=0.010  train_loss=0.2717  train_AUPR_all=0.6879  train_AUPR_ab=0.7722  train_AUPR_ag=0.5582  train_P@5_ab=1.0000  train_P@5_ag=0.8500  val_loss=0.3342  val_AUPR_all=0.6072  val_AUPR_ab=0.7363  val_AUPR_ag=0.4098  val_P@5_ab=0.9000  val_P@5_ag=0.9500  select=0.5731
  Saved checkpoint: checkpoints_CERS/iPara_balanced_l1_g5_i5_do0.10_dpr0.10_lr0.0002_heads16_fold4.pth  select=0.5731  val_ab=0.7363  val_ag=0.4098  val_all=0.6072
Ep027  LR0=1.21e-04  pw=1.74  aucα=0.300  token_p=0.020  dropE=(0.020,0.080)  smooth=0.010  train_loss=0.2582  train_AUPR_all=0.7004  train_AUPR_ab=0.7785  train_AUPR_ag=0.5799  train_P@5_ab=0.9500  train_P@5_ag=1.0000  val_loss=0.3345  val_AUPR_all=0.6108  val_AUPR_ab=0.7426  val_AUPR_ag=0.4078  val_P@5_ab=0.9500  val_P@5_ag=0.9000  select=0.5752
  Saved checkpoint: checkpoints_CERS/iPara_balanced_l1_g5_i5_do0.10_dpr0.10_lr0.0002_heads16_fold4.pth  select=0.5752  val_ab=0.7426  val_ag=0.4078  val_all=0.6108
Ep028  LR0=1.16e-04  pw=1.65  aucα=0.300  token_p=0.020  dropE=(0.020,0.080)  smooth=0.010  train_loss=0.2480  train_AUPR_all=0.7098  train_AUPR_ab=0.7854  train_AUPR_ag=0.5940  train_P@5_ab=1.0000  train_P@5_ag=1.0000  val_loss=0.3253  val_AUPR_all=0.6216  val_AUPR_ab=0.7510  val_AUPR_ag=0.4266  val_P@5_ab=0.9500  val_P@5_ag=0.9500  select=0.5888
  Saved checkpoint: checkpoints_CERS/iPara_balanced_l1_g5_i5_do0.10_dpr0.10_lr0.0002_heads16_fold4.pth  select=0.5888  val_ab=0.7510  val_ag=0.4266  val_all=0.6216
Ep029  LR0=1.11e-04  pw=1.57  aucα=0.300  token_p=0.020  dropE=(0.020,0.080)  smooth=0.010  train_loss=0.2374  train_AUPR_all=0.7218  train_AUPR_ab=0.7923  train_AUPR_ag=0.6152  train_P@5_ab=0.9500  train_P@5_ag=0.9500  val_loss=0.3273  val_AUPR_all=0.6084  val_AUPR_ab=0.7514  val_AUPR_ag=0.4175  val_P@5_ab=0.9500  val_P@5_ag=0.8000  select=0.5844
Ep030  LR0=1.05e-04  pw=1.51  aucα=0.300  token_p=0.020  dropE=(0.020,0.080)  smooth=0.010  train_loss=0.2260  train_AUPR_all=0.7386  train_AUPR_ab=0.8086  train_AUPR_ag=0.6325  train_P@5_ab=1.0000  train_P@5_ag=1.0000  val_loss=0.3245  val_AUPR_all=0.6122  val_AUPR_ab=0.7495  val_AUPR_ag=0.4200  val_P@5_ab=1.0000  val_P@5_ag=0.9500  select=0.5848
Ep031  LR0=1.00e-04  pw=1.45  aucα=0.300  token_p=0.020  dropE=(0.020,0.080)  smooth=0.010  train_loss=0.2217  train_AUPR_all=0.7407  train_AUPR_ab=0.8087  train_AUPR_ag=0.6383  train_P@5_ab=1.0000  train_P@5_ag=1.0000  val_loss=0.3135  val_AUPR_all=0.6135  val_AUPR_ab=0.7506  val_AUPR_ag=0.4228  val_P@5_ab=0.9000  val_P@5_ag=0.9500  select=0.5867
Ep032  LR0=9.50e-05  pw=1.39  aucα=0.300  token_p=0.020  dropE=(0.020,0.080)  smooth=0.010  train_loss=0.2160  train_AUPR_all=0.7455  train_AUPR_ab=0.8117  train_AUPR_ag=0.6464  train_P@5_ab=1.0000  train_P@5_ag=0.8000  val_loss=0.3072  val_AUPR_all=0.6162  val_AUPR_ab=0.7457  val_AUPR_ag=0.4175  val_P@5_ab=1.0000  val_P@5_ag=0.7500  select=0.5816
Ep033  LR0=8.98e-05  pw=1.35  aucα=0.300  token_p=0.020  dropE=(0.020,0.080)  smooth=0.010  train_loss=0.2065  train_AUPR_all=0.7576  train_AUPR_ab=0.8190  train_AUPR_ag=0.6661  train_P@5_ab=1.0000  train_P@5_ag=1.0000  val_loss=0.3216  val_AUPR_all=0.5973  val_AUPR_ab=0.7353  val_AUPR_ag=0.4196  val_P@5_ab=1.0000  val_P@5_ag=1.0000  select=0.5774
Ep034  LR0=8.46e-05  pw=1.31  aucα=0.300  token_p=0.020  dropE=(0.020,0.080)  smooth=0.010  train_loss=0.1972  train_AUPR_all=0.7695  train_AUPR_ab=0.8268  train_AUPR_ag=0.6841  train_P@5_ab=1.0000  train_P@5_ag=1.0000  val_loss=0.3151  val_AUPR_all=0.6113  val_AUPR_ab=0.7507  val_AUPR_ag=0.4208  val_P@5_ab=1.0000  val_P@5_ag=0.9500  select=0.5858
Ep035  LR0=7.95e-05  pw=1.27  aucα=0.300  token_p=0.020  dropE=(0.020,0.080)  smooth=0.010  train_loss=0.1914  train_AUPR_all=0.7778  train_AUPR_ab=0.8340  train_AUPR_ag=0.6943  train_P@5_ab=1.0000  train_P@5_ag=1.0000  val_loss=0.3065  val_AUPR_all=0.6121  val_AUPR_ab=0.7430  val_AUPR_ag=0.4259  val_P@5_ab=0.9000  val_P@5_ag=0.8500  select=0.5844
Ep036  LR0=7.44e-05  pw=1.24  aucα=0.300  token_p=0.020  dropE=(0.020,0.080)  smooth=0.010  train_loss=0.1867  train_AUPR_all=0.7814  train_AUPR_ab=0.8348  train_AUPR_ag=0.7026  train_P@5_ab=1.0000  train_P@5_ag=1.0000  val_loss=0.3141  val_AUPR_all=0.6166  val_AUPR_ab=0.7492  val_AUPR_ag=0.4305  val_P@5_ab=1.0000  val_P@5_ag=1.0000  select=0.5899
  Saved checkpoint: checkpoints_CERS/iPara_balanced_l1_g5_i5_do0.10_dpr0.10_lr0.0002_heads16_fold4.pth  select=0.5899  val_ab=0.7492  val_ag=0.4305  val_all=0.6166
Ep037  LR0=6.94e-05  pw=1.21  aucα=0.300  token_p=0.020  dropE=(0.020,0.080)  smooth=0.010  train_loss=0.1849  train_AUPR_all=0.7834  train_AUPR_ab=0.8399  train_AUPR_ag=0.6993  train_P@5_ab=1.0000  train_P@5_ag=1.0000  val_loss=0.3050  val_AUPR_all=0.6097  val_AUPR_ab=0.7439  val_AUPR_ag=0.4226  val_P@5_ab=1.0000  val_P@5_ag=0.9500  select=0.5832
Ep038  LR0=6.45e-05  pw=1.19  aucα=0.300  token_p=0.020  dropE=(0.020,0.080)  smooth=0.010  train_loss=0.1797  train_AUPR_all=0.7915  train_AUPR_ab=0.8424  train_AUPR_ag=0.7168  train_P@5_ab=0.8500  train_P@5_ag=1.0000  val_loss=0.3044  val_AUPR_all=0.6137  val_AUPR_ab=0.7446  val_AUPR_ag=0.4223  val_P@5_ab=0.9500  val_P@5_ag=0.9000  select=0.5834
Ep039  LR0=5.97e-05  pw=1.16  aucα=0.300  token_p=0.020  dropE=(0.020,0.080)  smooth=0.010  train_loss=0.1732  train_AUPR_all=0.8001  train_AUPR_ab=0.8493  train_AUPR_ag=0.7272  train_P@5_ab=1.0000  train_P@5_ag=1.0000  val_loss=0.3121  val_AUPR_all=0.6049  val_AUPR_ab=0.7455  val_AUPR_ag=0.4226  val_P@5_ab=1.0000  val_P@5_ag=1.0000  select=0.5841
Ep040  LR0=5.50e-05  pw=1.15  aucα=0.300  token_p=0.020  dropE=(0.020,0.080)  smooth=0.010  train_loss=0.1681  train_AUPR_all=0.8093  train_AUPR_ab=0.8589  train_AUPR_ag=0.7356  train_P@5_ab=1.0000  train_P@5_ag=0.9500  val_loss=0.3141  val_AUPR_all=0.6052  val_AUPR_ab=0.7381  val_AUPR_ag=0.4248  val_P@5_ab=0.9500  val_P@5_ag=0.9500  select=0.5814
Ep041  LR0=5.04e-05  pw=1.13  aucα=0.300  token_p=0.020  dropE=(0.020,0.080)  smooth=0.010  train_loss=0.1625  train_AUPR_all=0.8155  train_AUPR_ab=0.8623  train_AUPR_ag=0.7460  train_P@5_ab=1.0000  train_P@5_ag=1.0000  val_loss=0.3104  val_AUPR_all=0.6063  val_AUPR_ab=0.7337  val_AUPR_ag=0.4351  val_P@5_ab=1.0000  val_P@5_ag=1.0000  select=0.5844
Ep042  LR0=4.59e-05  pw=1.11  aucα=0.300  token_p=0.020  dropE=(0.020,0.080)  smooth=0.010  train_loss=0.1571  train_AUPR_all=0.8256  train_AUPR_ab=0.8678  train_AUPR_ag=0.7636  train_P@5_ab=1.0000  train_P@5_ag=1.0000  val_loss=0.3106  val_AUPR_all=0.6117  val_AUPR_ab=0.7417  val_AUPR_ag=0.4305  val_P@5_ab=0.9500  val_P@5_ag=1.0000  select=0.5861
Ep043  LR0=4.16e-05  pw=1.10  aucα=0.300  token_p=0.020  dropE=(0.020,0.080)  smooth=0.010  train_loss=0.1597  train_AUPR_all=0.8200  train_AUPR_ab=0.8647  train_AUPR_ag=0.7544  train_P@5_ab=1.0000  train_P@5_ag=1.0000  val_loss=0.3118  val_AUPR_all=0.6032  val_AUPR_ab=0.7359  val_AUPR_ag=0.4288  val_P@5_ab=1.0000  val_P@5_ag=0.9000  select=0.5823
Ep044  LR0=3.75e-05  pw=1.09  aucα=0.300  token_p=0.020  dropE=(0.020,0.080)  smooth=0.010  train_loss=0.1533  train_AUPR_all=0.8299  train_AUPR_ab=0.8724  train_AUPR_ag=0.7674  train_P@5_ab=1.0000  train_P@5_ag=1.0000  val_loss=0.3124  val_AUPR_all=0.6072  val_AUPR_ab=0.7328  val_AUPR_ag=0.4341  val_P@5_ab=0.9000  val_P@5_ag=1.0000  select=0.5835
Ep045  LR0=3.35e-05  pw=1.08  aucα=0.300  token_p=0.020  dropE=(0.020,0.080)  smooth=0.010  train_loss=0.1472  train_AUPR_all=0.8399  train_AUPR_ab=0.8793  train_AUPR_ag=0.7820  train_P@5_ab=1.0000  train_P@5_ag=1.0000  val_loss=0.3103  val_AUPR_all=0.6044  val_AUPR_ab=0.7366  val_AUPR_ag=0.4258  val_P@5_ab=1.0000  val_P@5_ag=1.0000  select=0.5812
Ep046  LR0=2.97e-05  pw=1.07  aucα=0.300  token_p=0.020  dropE=(0.020,0.080)  smooth=0.010  train_loss=0.1452  train_AUPR_all=0.8430  train_AUPR_ab=0.8827  train_AUPR_ag=0.7845  train_P@5_ab=1.0000  train_P@5_ag=1.0000  val_loss=0.3081  val_AUPR_all=0.6121  val_AUPR_ab=0.7391  val_AUPR_ag=0.4409  val_P@5_ab=0.9000  val_P@5_ag=0.9500  select=0.5900
  Saved checkpoint: checkpoints_CERS/iPara_balanced_l1_g5_i5_do0.10_dpr0.10_lr0.0002_heads16_fold4.pth  select=0.5900  val_ab=0.7391  val_ag=0.4409  val_all=0.6121
Ep047  LR0=2.61e-05  pw=1.06  aucα=0.300  token_p=0.020  dropE=(0.020,0.080)  smooth=0.010  train_loss=0.1459  train_AUPR_all=0.8420  train_AUPR_ab=0.8818  train_AUPR_ag=0.7836  train_P@5_ab=1.0000  train_P@5_ag=1.0000  val_loss=0.3099  val_AUPR_all=0.6084  val_AUPR_ab=0.7380  val_AUPR_ag=0.4341  val_P@5_ab=0.9500  val_P@5_ag=1.0000  select=0.5861
Ep048  LR0=2.27e-05  pw=1.05  aucα=0.300  token_p=0.020  dropE=(0.020,0.080)  smooth=0.010  train_loss=0.1419  train_AUPR_all=0.8475  train_AUPR_ab=0.8868  train_AUPR_ag=0.7892  train_P@5_ab=1.0000  train_P@5_ag=1.0000  val_loss=0.3107  val_AUPR_all=0.6098  val_AUPR_ab=0.7434  val_AUPR_ag=0.4269  val_P@5_ab=1.0000  val_P@5_ag=1.0000  select=0.5852
Ep049  LR0=1.96e-05  pw=1.05  aucα=0.300  token_p=0.020  dropE=(0.020,0.080)  smooth=0.010  train_loss=0.1388  train_AUPR_all=0.8529  train_AUPR_ab=0.8898  train_AUPR_ag=0.7982  train_P@5_ab=1.0000  train_P@5_ag=1.0000  val_loss=0.3094  val_AUPR_all=0.6048  val_AUPR_ab=0.7332  val_AUPR_ag=0.4280  val_P@5_ab=1.0000  val_P@5_ag=0.8500  select=0.5806
Ep050  LR0=1.66e-05  pw=1.04  aucα=0.300  token_p=0.020  dropE=(0.020,0.080)  smooth=0.010  train_loss=0.1413  train_AUPR_all=0.8491  train_AUPR_ab=0.8888  train_AUPR_ag=0.7905  train_P@5_ab=1.0000  train_P@5_ag=1.0000  val_loss=0.3113  val_AUPR_all=0.6066  val_AUPR_ab=0.7374  val_AUPR_ag=0.4298  val_P@5_ab=1.0000  val_P@5_ag=0.9500  select=0.5836
Ep051  LR0=1.39e-05  pw=1.04  aucα=0.300  token_p=0.020  dropE=(0.020,0.080)  smooth=0.010  train_loss=0.1407  train_AUPR_all=0.8487  train_AUPR_ab=0.8847  train_AUPR_ag=0.7963  train_P@5_ab=0.9500  train_P@5_ag=1.0000  val_loss=0.3093  val_AUPR_all=0.6078  val_AUPR_ab=0.7416  val_AUPR_ag=0.4273  val_P@5_ab=1.0000  val_P@5_ag=0.9500  select=0.5845
Ep052  LR0=1.14e-05  pw=1.03  aucα=0.300  token_p=0.020  dropE=(0.020,0.080)  smooth=0.010  train_loss=0.1396  train_AUPR_all=0.8517  train_AUPR_ab=0.8910  train_AUPR_ag=0.7937  train_P@5_ab=1.0000  train_P@5_ag=1.0000  val_loss=0.3091  val_AUPR_all=0.6057  val_AUPR_ab=0.7373  val_AUPR_ag=0.4241  val_P@5_ab=0.9500  val_P@5_ag=0.9500  select=0.5807
Ep053  LR0=9.12e-06  pw=1.03  aucα=0.300  token_p=0.020  dropE=(0.020,0.080)  smooth=0.010  train_loss=0.1337  train_AUPR_all=0.8614  train_AUPR_ab=0.8963  train_AUPR_ag=0.8101  train_P@5_ab=1.0000  train_P@5_ag=1.0000  val_loss=0.3132  val_AUPR_all=0.6073  val_AUPR_ab=0.7396  val_AUPR_ag=0.4272  val_P@5_ab=1.0000  val_P@5_ag=0.9000  select=0.5834
Ep054  LR0=7.13e-06  pw=1.03  aucα=0.300  token_p=0.020  dropE=(0.020,0.080)  smooth=0.010  train_loss=0.1381  train_AUPR_all=0.8533  train_AUPR_ab=0.8898  train_AUPR_ag=0.7998  train_P@5_ab=1.0000  train_P@5_ag=1.0000  val_loss=0.3108  val_AUPR_all=0.6045  val_AUPR_ab=0.7347  val_AUPR_ag=0.4256  val_P@5_ab=0.9000  val_P@5_ag=1.0000  select=0.5801
Ep055  LR0=5.38e-06  pw=1.02  aucα=0.300  token_p=0.020  dropE=(0.020,0.080)  smooth=0.010  train_loss=0.1337  train_AUPR_all=0.8601  train_AUPR_ab=0.8975  train_AUPR_ag=0.8047  train_P@5_ab=0.9500  train_P@5_ag=1.0000  val_loss=0.3095  val_AUPR_all=0.6057  val_AUPR_ab=0.7374  val_AUPR_ag=0.4259  val_P@5_ab=0.9500  val_P@5_ag=0.9500  select=0.5816
Ep056  LR0=3.90e-06  pw=1.02  aucα=0.300  token_p=0.020  dropE=(0.020,0.080)  smooth=0.010  train_loss=0.1334  train_AUPR_all=0.8609  train_AUPR_ab=0.8969  train_AUPR_ag=0.8077  train_P@5_ab=1.0000  train_P@5_ag=1.0000  val_loss=0.3090  val_AUPR_all=0.6080  val_AUPR_ab=0.7397  val_AUPR_ag=0.4264  val_P@5_ab=0.9500  val_P@5_ag=1.0000  select=0.5831
Ep057  LR0=2.68e-06  pw=1.02  aucα=0.300  token_p=0.020  dropE=(0.020,0.080)  smooth=0.010  train_loss=0.1346  train_AUPR_all=0.8588  train_AUPR_ab=0.8957  train_AUPR_ag=0.8043  train_P@5_ab=1.0000  train_P@5_ag=1.0000  val_loss=0.3108  val_AUPR_all=0.6051  val_AUPR_ab=0.7372  val_AUPR_ag=0.4242  val_P@5_ab=0.9500  val_P@5_ag=0.9500  select=0.5807
Ep058  LR0=1.73e-06  pw=1.02  aucα=0.300  token_p=0.020  dropE=(0.020,0.080)  smooth=0.010  train_loss=0.1348  train_AUPR_all=0.8576  train_AUPR_ab=0.8936  train_AUPR_ag=0.8049  train_P@5_ab=1.0000  train_P@5_ag=1.0000  val_loss=0.3108  val_AUPR_all=0.6057  val_AUPR_ab=0.7382  val_AUPR_ag=0.4248  val_P@5_ab=0.9500  val_P@5_ag=0.9500  select=0.5815
Ep059  LR0=1.05e-06  pw=1.01  aucα=0.300  token_p=0.020  dropE=(0.020,0.080)  smooth=0.010  train_loss=0.1349  train_AUPR_all=0.8561  train_AUPR_ab=0.8912  train_AUPR_ag=0.8047  train_P@5_ab=1.0000  train_P@5_ag=1.0000  val_loss=0.3110  val_AUPR_all=0.6060  val_AUPR_ab=0.7386  val_AUPR_ag=0.4249  val_P@5_ab=0.9500  val_P@5_ag=0.9500  select=0.5817
Ep060  LR0=6.37e-07  pw=1.01  aucα=0.300  token_p=0.020  dropE=(0.020,0.080)  smooth=0.010  train_loss=0.1335  train_AUPR_all=0.8596  train_AUPR_ab=0.8962  train_AUPR_ag=0.8053  train_P@5_ab=1.0000  train_P@5_ag=1.0000  val_loss=0.3109  val_AUPR_all=0.6060  val_AUPR_ab=0.7384  val_AUPR_ag=0.4251  val_P@5_ab=0.9500  val_P@5_ag=0.9500  select=0.5817
Final saved checkpoint for fold 4: checkpoints_CERS/iPara_balanced_l1_g5_i5_do0.10_dpr0.10_lr0.0002_heads16_fold4.pth
Best select=0.5900 at epoch 46

==========================================================================================
Fold 5/5
==========================================================================================
Train labels: valid=399660, pos=26617, neg=373043, ignore=699540, pos_frac=0.06660
Val labels: valid=100532, pos=6613, neg=93919, ignore=173068, pos_frac=0.06578
Initializing ClassificationModel with 5 GAT layers and residual connections...
Initializing MCModel with 5 GAT layers and 5 row attention layers (drop_path_rate=0.1)
Initializing CoreModel with 1 layers, drop_path_rate=0.1
Ep001  LR0=2.00e-04  pw=20.00  aucα=0.000  token_p=0.020  dropE=(0.020,0.080)  smooth=0.010  train_loss=1.1201  train_AUPR_all=0.2283  train_AUPR_ab=0.2689  train_AUPR_ag=0.1716  train_P@5_ab=0.7000  train_P@5_ag=0.4000  val_loss=1.4163  val_AUPR_all=0.3687  val_AUPR_ab=0.5082  val_AUPR_ag=0.1599  val_P@5_ab=0.6500  val_P@5_ag=0.6500  select=0.3340
  Saved checkpoint: checkpoints_CERS/iPara_balanced_l1_g5_i5_do0.10_dpr0.10_lr0.0002_heads16_fold5.pth  select=0.3340  val_ab=0.5082  val_ag=0.1599  val_all=0.3687
Ep002  LR0=2.00e-04  pw=17.77  aucα=0.000  token_p=0.020  dropE=(0.020,0.080)  smooth=0.010  train_loss=0.8383  train_AUPR_all=0.3746  train_AUPR_ab=0.4510  train_AUPR_ag=0.2543  train_P@5_ab=0.7500  train_P@5_ag=0.8000  val_loss=1.2357  val_AUPR_all=0.3551  val_AUPR_ab=0.5304  val_AUPR_ag=0.1390  val_P@5_ab=0.6000  val_P@5_ag=0.2000  select=0.3347
  Saved checkpoint: checkpoints_CERS/iPara_balanced_l1_g5_i5_do0.10_dpr0.10_lr0.0002_heads16_fold5.pth  select=0.3347  val_ab=0.5304  val_ag=0.1390  val_all=0.3551
Ep003  LR0=1.99e-04  pw=15.80  aucα=0.000  token_p=0.020  dropE=(0.020,0.080)  smooth=0.010  train_loss=0.7447  train_AUPR_all=0.4183  train_AUPR_ab=0.4990  train_AUPR_ag=0.2822  train_P@5_ab=0.6000  train_P@5_ag=0.9000  val_loss=1.0090  val_AUPR_all=0.4554  val_AUPR_ab=0.5881  val_AUPR_ag=0.2478  val_P@5_ab=0.4000  val_P@5_ag=0.6500  select=0.4180
  Saved checkpoint: checkpoints_CERS/iPara_balanced_l1_g5_i5_do0.10_dpr0.10_lr0.0002_heads16_fold5.pth  select=0.4180  val_ab=0.5881  val_ag=0.2478  val_all=0.4554
Ep004  LR0=1.99e-04  pw=14.06  aucα=0.000  token_p=0.020  dropE=(0.020,0.080)  smooth=0.010  train_loss=0.6597  train_AUPR_all=0.4542  train_AUPR_ab=0.5213  train_AUPR_ag=0.3228  train_P@5_ab=0.6000  train_P@5_ag=0.8500  val_loss=1.2642  val_AUPR_all=0.4197  val_AUPR_ab=0.5980  val_AUPR_ag=0.2043  val_P@5_ab=0.5500  val_P@5_ag=0.7500  select=0.4011
Unfreezing DyM parameters.
Ep005  LR0=1.98e-04  pw=12.52  aucα=0.000  token_p=0.020  dropE=(0.020,0.080)  smooth=0.010  train_loss=0.6093  train_AUPR_all=0.4713  train_AUPR_ab=0.5552  train_AUPR_ag=0.3149  train_P@5_ab=0.6500  train_P@5_ag=0.9500  val_loss=0.8269  val_AUPR_all=0.4968  val_AUPR_ab=0.6338  val_AUPR_ag=0.2905  val_P@5_ab=0.6000  val_P@5_ag=0.6500  select=0.4622
  Saved checkpoint: checkpoints_CERS/iPara_balanced_l1_g5_i5_do0.10_dpr0.10_lr0.0002_heads16_fold5.pth  select=0.4622  val_ab=0.6338  val_ag=0.2905  val_all=0.4968
Ep006  LR0=1.97e-04  pw=11.17  aucα=0.000  token_p=0.020  dropE=(0.020,0.080)  smooth=0.010  train_loss=0.5678  train_AUPR_all=0.4893  train_AUPR_ab=0.5747  train_AUPR_ag=0.3313  train_P@5_ab=0.8500  train_P@5_ag=0.6500  val_loss=0.7675  val_AUPR_all=0.5006  val_AUPR_ab=0.6574  val_AUPR_ag=0.2985  val_P@5_ab=0.7500  val_P@5_ag=0.6500  select=0.4780
  Saved checkpoint: checkpoints_CERS/iPara_balanced_l1_g5_i5_do0.10_dpr0.10_lr0.0002_heads16_fold5.pth  select=0.4780  val_ab=0.6574  val_ag=0.2985  val_all=0.5006
Ep007  LR0=1.95e-04  pw=9.97  aucα=0.000  token_p=0.020  dropE=(0.020,0.080)  smooth=0.010  train_loss=0.5319  train_AUPR_all=0.5016  train_AUPR_ab=0.5807  train_AUPR_ag=0.3461  train_P@5_ab=0.4500  train_P@5_ag=1.0000  val_loss=0.9517  val_AUPR_all=0.3317  val_AUPR_ab=0.6175  val_AUPR_ag=0.1813  val_P@5_ab=0.5000  val_P@5_ag=0.5500  select=0.3994
Ep008  LR0=1.93e-04  pw=8.92  aucα=0.000  token_p=0.020  dropE=(0.020,0.080)  smooth=0.010  train_loss=0.4917  train_AUPR_all=0.5192  train_AUPR_ab=0.6033  train_AUPR_ag=0.3568  train_P@5_ab=0.9000  train_P@5_ag=0.9000  val_loss=0.7222  val_AUPR_all=0.5372  val_AUPR_ab=0.6833  val_AUPR_ag=0.3138  val_P@5_ab=0.8000  val_P@5_ag=0.9000  select=0.4985
  Saved checkpoint: checkpoints_CERS/iPara_balanced_l1_g5_i5_do0.10_dpr0.10_lr0.0002_heads16_fold5.pth  select=0.4985  val_ab=0.6833  val_ag=0.3138  val_all=0.5372
Ep009  LR0=1.91e-04  pw=7.99  aucα=0.000  token_p=0.020  dropE=(0.020,0.080)  smooth=0.010  train_loss=0.4545  train_AUPR_all=0.5393  train_AUPR_ab=0.6330  train_AUPR_ag=0.3687  train_P@5_ab=0.7500  train_P@5_ag=0.9500  val_loss=0.7273  val_AUPR_all=0.5045  val_AUPR_ab=0.6674  val_AUPR_ag=0.2836  val_P@5_ab=0.9000  val_P@5_ag=0.9500  select=0.4755
Ep010  LR0=1.89e-04  pw=7.17  aucα=0.030  token_p=0.020  dropE=(0.020,0.080)  smooth=0.010  train_loss=0.4428  train_AUPR_all=0.5454  train_AUPR_ab=0.6428  train_AUPR_ag=0.3734  train_P@5_ab=0.9500  train_P@5_ag=0.9000  val_loss=0.6939  val_AUPR_all=0.4925  val_AUPR_ab=0.6751  val_AUPR_ag=0.2702  val_P@5_ab=0.9000  val_P@5_ag=0.9500  select=0.4726
Ep011  LR0=1.87e-04  pw=6.44  aucα=0.060  token_p=0.020  dropE=(0.020,0.080)  smooth=0.010  train_loss=0.4339  train_AUPR_all=0.5550  train_AUPR_ab=0.6493  train_AUPR_ag=0.3868  train_P@5_ab=0.8000  train_P@5_ag=0.8000  val_loss=0.6703  val_AUPR_all=0.4921  val_AUPR_ab=0.6798  val_AUPR_ag=0.2663  val_P@5_ab=0.8500  val_P@5_ag=0.7000  select=0.4731
Ep012  LR0=1.84e-04  pw=5.80  aucα=0.090  token_p=0.020  dropE=(0.020,0.080)  smooth=0.010  train_loss=0.4196  train_AUPR_all=0.5652  train_AUPR_ab=0.6631  train_AUPR_ag=0.3932  train_P@5_ab=0.9500  train_P@5_ag=0.9000  val_loss=0.6117  val_AUPR_all=0.5154  val_AUPR_ab=0.6915  val_AUPR_ag=0.2725  val_P@5_ab=1.0000  val_P@5_ag=0.9500  select=0.4820
Ep013  LR0=1.81e-04  pw=5.24  aucα=0.120  token_p=0.020  dropE=(0.020,0.080)  smooth=0.010  train_loss=0.4118  train_AUPR_all=0.5723  train_AUPR_ab=0.6718  train_AUPR_ag=0.4014  train_P@5_ab=0.8000  train_P@5_ag=1.0000  val_loss=0.5313  val_AUPR_all=0.5491  val_AUPR_ab=0.6792  val_AUPR_ag=0.3255  val_P@5_ab=0.9500  val_P@5_ag=0.8000  select=0.5023
  Saved checkpoint: checkpoints_CERS/iPara_balanced_l1_g5_i5_do0.10_dpr0.10_lr0.0002_heads16_fold5.pth  select=0.5023  val_ab=0.6792  val_ag=0.3255  val_all=0.5491
Ep014  LR0=1.78e-04  pw=4.74  aucα=0.150  token_p=0.020  dropE=(0.020,0.080)  smooth=0.010  train_loss=0.4031  train_AUPR_all=0.5827  train_AUPR_ab=0.6871  train_AUPR_ag=0.4055  train_P@5_ab=1.0000  train_P@5_ag=0.9500  val_loss=0.5616  val_AUPR_all=0.5110  val_AUPR_ab=0.6709  val_AUPR_ag=0.2724  val_P@5_ab=1.0000  val_P@5_ag=0.9500  select=0.4717
Ep015  LR0=1.74e-04  pw=4.30  aucα=0.180  token_p=0.020  dropE=(0.020,0.080)  smooth=0.010  train_loss=0.3953  train_AUPR_all=0.5894  train_AUPR_ab=0.6915  train_AUPR_ag=0.4157  train_P@5_ab=0.9500  train_P@5_ag=0.9500  val_loss=0.4907  val_AUPR_all=0.5602  val_AUPR_ab=0.7040  val_AUPR_ag=0.3264  val_P@5_ab=0.9500  val_P@5_ag=0.8000  select=0.5152
  Saved checkpoint: checkpoints_CERS/iPara_balanced_l1_g5_i5_do0.10_dpr0.10_lr0.0002_heads16_fold5.pth  select=0.5152  val_ab=0.7040  val_ag=0.3264  val_all=0.5602
Ep016  LR0=1.71e-04  pw=3.91  aucα=0.210  token_p=0.020  dropE=(0.020,0.080)  smooth=0.010  train_loss=0.3868  train_AUPR_all=0.6008  train_AUPR_ab=0.7054  train_AUPR_ag=0.4265  train_P@5_ab=0.9500  train_P@5_ag=0.9500  val_loss=0.4933  val_AUPR_all=0.5499  val_AUPR_ab=0.7028  val_AUPR_ag=0.3188  val_P@5_ab=0.9000  val_P@5_ag=0.8500  select=0.5108
Ep017  LR0=1.67e-04  pw=3.57  aucα=0.240  token_p=0.020  dropE=(0.020,0.080)  smooth=0.010  train_loss=0.3773  train_AUPR_all=0.6141  train_AUPR_ab=0.7166  train_AUPR_ag=0.4455  train_P@5_ab=0.9500  train_P@5_ag=0.9000  val_loss=0.4713  val_AUPR_all=0.5355  val_AUPR_ab=0.6979  val_AUPR_ag=0.3272  val_P@5_ab=1.0000  val_P@5_ag=0.9500  select=0.5125
Ep018  LR0=1.63e-04  pw=3.27  aucα=0.270  token_p=0.020  dropE=(0.020,0.080)  smooth=0.010  train_loss=0.3739  train_AUPR_all=0.6181  train_AUPR_ab=0.7189  train_AUPR_ag=0.4519  train_P@5_ab=1.0000  train_P@5_ag=0.9500  val_loss=0.4478  val_AUPR_all=0.5252  val_AUPR_ab=0.7207  val_AUPR_ag=0.3122  val_P@5_ab=1.0000  val_P@5_ag=1.0000  select=0.5164
  Saved checkpoint: checkpoints_CERS/iPara_balanced_l1_g5_i5_do0.10_dpr0.10_lr0.0002_heads16_fold5.pth  select=0.5164  val_ab=0.7207  val_ag=0.3122  val_all=0.5252
Ep019  LR0=1.59e-04  pw=3.00  aucα=0.300  token_p=0.020  dropE=(0.020,0.080)  smooth=0.010  train_loss=0.3661  train_AUPR_all=0.6304  train_AUPR_ab=0.7314  train_AUPR_ag=0.4696  train_P@5_ab=1.0000  train_P@5_ag=0.9500  val_loss=0.4458  val_AUPR_all=0.5215  val_AUPR_ab=0.7243  val_AUPR_ag=0.2774  val_P@5_ab=1.0000  val_P@5_ag=0.7500  select=0.5009
Ep020  LR0=1.55e-04  pw=2.77  aucα=0.300  token_p=0.020  dropE=(0.020,0.080)  smooth=0.010  train_loss=0.3508  train_AUPR_all=0.6363  train_AUPR_ab=0.7345  train_AUPR_ag=0.4787  train_P@5_ab=1.0000  train_P@5_ag=0.8500  val_loss=0.4220  val_AUPR_all=0.5703  val_AUPR_ab=0.7207  val_AUPR_ag=0.3399  val_P@5_ab=1.0000  val_P@5_ag=0.9500  select=0.5303
  Saved checkpoint: checkpoints_CERS/iPara_balanced_l1_g5_i5_do0.10_dpr0.10_lr0.0002_heads16_fold5.pth  select=0.5303  val_ab=0.7207  val_ag=0.3399  val_all=0.5703
Ep021  LR0=1.50e-04  pw=2.56  aucα=0.300  token_p=0.020  dropE=(0.020,0.080)  smooth=0.010  train_loss=0.3369  train_AUPR_all=0.6411  train_AUPR_ab=0.7368  train_AUPR_ag=0.4886  train_P@5_ab=0.9500  train_P@5_ag=1.0000  val_loss=0.4131  val_AUPR_all=0.5289  val_AUPR_ab=0.7277  val_AUPR_ag=0.3172  val_P@5_ab=1.0000  val_P@5_ag=0.9500  select=0.5224
Ep022  LR0=1.46e-04  pw=2.38  aucα=0.300  token_p=0.020  dropE=(0.020,0.080)  smooth=0.010  train_loss=0.3225  train_AUPR_all=0.6518  train_AUPR_ab=0.7468  train_AUPR_ag=0.5020  train_P@5_ab=1.0000  train_P@5_ag=0.9500  val_loss=0.3906  val_AUPR_all=0.5838  val_AUPR_ab=0.7334  val_AUPR_ag=0.3645  val_P@5_ab=1.0000  val_P@5_ag=0.9000  select=0.5489
  Saved checkpoint: checkpoints_CERS/iPara_balanced_l1_g5_i5_do0.10_dpr0.10_lr0.0002_heads16_fold5.pth  select=0.5489  val_ab=0.7334  val_ag=0.3645  val_all=0.5838
Ep023  LR0=1.41e-04  pw=2.21  aucα=0.300  token_p=0.020  dropE=(0.020,0.080)  smooth=0.010  train_loss=0.3058  train_AUPR_all=0.6641  train_AUPR_ab=0.7533  train_AUPR_ag=0.5240  train_P@5_ab=0.9500  train_P@5_ag=1.0000  val_loss=0.3741  val_AUPR_all=0.5912  val_AUPR_ab=0.7315  val_AUPR_ag=0.3813  val_P@5_ab=1.0000  val_P@5_ag=0.9500  select=0.5564
  Saved checkpoint: checkpoints_CERS/iPara_balanced_l1_g5_i5_do0.10_dpr0.10_lr0.0002_heads16_fold5.pth  select=0.5564  val_ab=0.7315  val_ag=0.3813  val_all=0.5912
Ep024  LR0=1.36e-04  pw=2.07  aucα=0.300  token_p=0.020  dropE=(0.020,0.080)  smooth=0.010  train_loss=0.2912  train_AUPR_all=0.6775  train_AUPR_ab=0.7640  train_AUPR_ag=0.5437  train_P@5_ab=1.0000  train_P@5_ag=0.9500  val_loss=0.3749  val_AUPR_all=0.5864  val_AUPR_ab=0.7247  val_AUPR_ag=0.3855  val_P@5_ab=1.0000  val_P@5_ag=0.9000  select=0.5551
Ep025  LR0=1.31e-04  pw=1.95  aucα=0.300  token_p=0.020  dropE=(0.020,0.080)  smooth=0.010  train_loss=0.2805  train_AUPR_all=0.6840  train_AUPR_ab=0.7672  train_AUPR_ag=0.5547  train_P@5_ab=1.0000  train_P@5_ag=1.0000  val_loss=0.3526  val_AUPR_all=0.5931  val_AUPR_ab=0.7372  val_AUPR_ag=0.3819  val_P@5_ab=1.0000  val_P@5_ag=0.8000  select=0.5596
  Saved checkpoint: checkpoints_CERS/iPara_balanced_l1_g5_i5_do0.10_dpr0.10_lr0.0002_heads16_fold5.pth  select=0.5596  val_ab=0.7372  val_ag=0.3819  val_all=0.5931
Ep026  LR0=1.26e-04  pw=1.83  aucα=0.300  token_p=0.020  dropE=(0.020,0.080)  smooth=0.010  train_loss=0.2653  train_AUPR_all=0.7001  train_AUPR_ab=0.7775  train_AUPR_ag=0.5812  train_P@5_ab=1.0000  train_P@5_ag=1.0000  val_loss=0.3531  val_AUPR_all=0.5900  val_AUPR_ab=0.7331  val_AUPR_ag=0.3746  val_P@5_ab=1.0000  val_P@5_ag=0.9500  select=0.5538
Ep027  LR0=1.21e-04  pw=1.74  aucα=0.300  token_p=0.020  dropE=(0.020,0.080)  smooth=0.010  train_loss=0.2573  train_AUPR_all=0.7034  train_AUPR_ab=0.7796  train_AUPR_ag=0.5873  train_P@5_ab=0.9500  train_P@5_ag=0.9500  val_loss=0.3492  val_AUPR_all=0.5883  val_AUPR_ab=0.7333  val_AUPR_ag=0.3764  val_P@5_ab=1.0000  val_P@5_ag=0.9000  select=0.5548
Ep028  LR0=1.16e-04  pw=1.65  aucα=0.300  token_p=0.020  dropE=(0.020,0.080)  smooth=0.010  train_loss=0.2495  train_AUPR_all=0.7094  train_AUPR_ab=0.7808  train_AUPR_ag=0.6011  train_P@5_ab=1.0000  train_P@5_ag=1.0000  val_loss=0.3391  val_AUPR_all=0.5879  val_AUPR_ab=0.7344  val_AUPR_ag=0.3622  val_P@5_ab=1.0000  val_P@5_ag=0.9000  select=0.5483
Ep029  LR0=1.11e-04  pw=1.57  aucα=0.300  token_p=0.020  dropE=(0.020,0.080)  smooth=0.010  train_loss=0.2389  train_AUPR_all=0.7195  train_AUPR_ab=0.7855  train_AUPR_ag=0.6204  train_P@5_ab=1.0000  train_P@5_ag=1.0000  val_loss=0.3463  val_AUPR_all=0.5816  val_AUPR_ab=0.7345  val_AUPR_ag=0.3744  val_P@5_ab=1.0000  val_P@5_ag=0.9000  select=0.5545
Ep030  LR0=1.05e-04  pw=1.51  aucα=0.300  token_p=0.020  dropE=(0.020,0.080)  smooth=0.010  train_loss=0.2265  train_AUPR_all=0.7366  train_AUPR_ab=0.8034  train_AUPR_ag=0.6364  train_P@5_ab=1.0000  train_P@5_ag=0.9500  val_loss=0.3286  val_AUPR_all=0.6033  val_AUPR_ab=0.7456  val_AUPR_ag=0.3935  val_P@5_ab=1.0000  val_P@5_ag=0.8500  select=0.5696
  Saved checkpoint: checkpoints_CERS/iPara_balanced_l1_g5_i5_do0.10_dpr0.10_lr0.0002_heads16_fold5.pth  select=0.5696  val_ab=0.7456  val_ag=0.3935  val_all=0.6033
Ep031  LR0=1.00e-04  pw=1.45  aucα=0.300  token_p=0.020  dropE=(0.020,0.080)  smooth=0.010  train_loss=0.2184  train_AUPR_all=0.7452  train_AUPR_ab=0.8051  train_AUPR_ag=0.6568  train_P@5_ab=0.9000  train_P@5_ag=0.9500  val_loss=0.3416  val_AUPR_all=0.5866  val_AUPR_ab=0.7380  val_AUPR_ag=0.3885  val_P@5_ab=1.0000  val_P@5_ag=0.9000  select=0.5632
Ep032  LR0=9.50e-05  pw=1.39  aucα=0.300  token_p=0.020  dropE=(0.020,0.080)  smooth=0.010  train_loss=0.2144  train_AUPR_all=0.7459  train_AUPR_ab=0.8074  train_AUPR_ag=0.6545  train_P@5_ab=0.9500  train_P@5_ag=0.9500  val_loss=0.3232  val_AUPR_all=0.5988  val_AUPR_ab=0.7446  val_AUPR_ag=0.4020  val_P@5_ab=1.0000  val_P@5_ag=0.9500  select=0.5733
  Saved checkpoint: checkpoints_CERS/iPara_balanced_l1_g5_i5_do0.10_dpr0.10_lr0.0002_heads16_fold5.pth  select=0.5733  val_ab=0.7446  val_ag=0.4020  val_all=0.5988
Ep033  LR0=8.98e-05  pw=1.35  aucα=0.300  token_p=0.020  dropE=(0.020,0.080)  smooth=0.010  train_loss=0.2050  train_AUPR_all=0.7588  train_AUPR_ab=0.8140  train_AUPR_ag=0.6776  train_P@5_ab=1.0000  train_P@5_ag=1.0000  val_loss=0.3197  val_AUPR_all=0.5912  val_AUPR_ab=0.7414  val_AUPR_ag=0.3870  val_P@5_ab=0.9500  val_P@5_ag=0.9500  select=0.5642
Ep034  LR0=8.46e-05  pw=1.31  aucα=0.300  token_p=0.020  dropE=(0.020,0.080)  smooth=0.010  train_loss=0.1967  train_AUPR_all=0.7719  train_AUPR_ab=0.8303  train_AUPR_ag=0.6854  train_P@5_ab=1.0000  train_P@5_ag=0.9500  val_loss=0.3338  val_AUPR_all=0.5800  val_AUPR_ab=0.7270  val_AUPR_ag=0.3843  val_P@5_ab=0.9000  val_P@5_ag=0.9000  select=0.5556
Ep035  LR0=7.95e-05  pw=1.27  aucα=0.300  token_p=0.020  dropE=(0.020,0.080)  smooth=0.010  train_loss=0.1933  train_AUPR_all=0.7750  train_AUPR_ab=0.8279  train_AUPR_ag=0.6973  train_P@5_ab=1.0000  train_P@5_ag=1.0000  val_loss=0.3143  val_AUPR_all=0.5960  val_AUPR_ab=0.7443  val_AUPR_ag=0.4032  val_P@5_ab=1.0000  val_P@5_ag=0.9500  select=0.5737
  Saved checkpoint: checkpoints_CERS/iPara_balanced_l1_g5_i5_do0.10_dpr0.10_lr0.0002_heads16_fold5.pth  select=0.5737  val_ab=0.7443  val_ag=0.4032  val_all=0.5960
Ep036  LR0=7.44e-05  pw=1.24  aucα=0.300  token_p=0.020  dropE=(0.020,0.080)  smooth=0.010  train_loss=0.1913  train_AUPR_all=0.7763  train_AUPR_ab=0.8283  train_AUPR_ag=0.7002  train_P@5_ab=1.0000  train_P@5_ag=1.0000  val_loss=0.3275  val_AUPR_all=0.5819  val_AUPR_ab=0.7358  val_AUPR_ag=0.3923  val_P@5_ab=0.9000  val_P@5_ag=0.9000  select=0.5641
Ep037  LR0=6.94e-05  pw=1.21  aucα=0.300  token_p=0.020  dropE=(0.020,0.080)  smooth=0.010  train_loss=0.1828  train_AUPR_all=0.7883  train_AUPR_ab=0.8394  train_AUPR_ag=0.7134  train_P@5_ab=0.9500  train_P@5_ag=1.0000  val_loss=0.3220  val_AUPR_all=0.5855  val_AUPR_ab=0.7318  val_AUPR_ag=0.3855  val_P@5_ab=0.8500  val_P@5_ag=0.7500  select=0.5586
Ep038  LR0=6.45e-05  pw=1.19  aucα=0.300  token_p=0.020  dropE=(0.020,0.080)  smooth=0.010  train_loss=0.1774  train_AUPR_all=0.7948  train_AUPR_ab=0.8446  train_AUPR_ag=0.7214  train_P@5_ab=1.0000  train_P@5_ag=0.9500  val_loss=0.3202  val_AUPR_all=0.5852  val_AUPR_ab=0.7382  val_AUPR_ag=0.3888  val_P@5_ab=1.0000  val_P@5_ag=0.8000  select=0.5635
Ep039  LR0=5.97e-05  pw=1.16  aucα=0.300  token_p=0.020  dropE=(0.020,0.080)  smooth=0.010  train_loss=0.1694  train_AUPR_all=0.8088  train_AUPR_ab=0.8515  train_AUPR_ag=0.7470  train_P@5_ab=0.9500  train_P@5_ag=1.0000  val_loss=0.3193  val_AUPR_all=0.5884  val_AUPR_ab=0.7307  val_AUPR_ag=0.3959  val_P@5_ab=0.9500  val_P@5_ag=0.9000  select=0.5633
Ep040  LR0=5.50e-05  pw=1.15  aucα=0.300  token_p=0.020  dropE=(0.020,0.080)  smooth=0.010  train_loss=0.1684  train_AUPR_all=0.8083  train_AUPR_ab=0.8502  train_AUPR_ag=0.7479  train_P@5_ab=1.0000  train_P@5_ag=1.0000  val_loss=0.3231  val_AUPR_all=0.5838  val_AUPR_ab=0.7283  val_AUPR_ag=0.3923  val_P@5_ab=0.9500  val_P@5_ag=0.9000  select=0.5603
Ep041  LR0=5.04e-05  pw=1.13  aucα=0.300  token_p=0.020  dropE=(0.020,0.080)  smooth=0.010  train_loss=0.1663  train_AUPR_all=0.8096  train_AUPR_ab=0.8511  train_AUPR_ag=0.7497  train_P@5_ab=1.0000  train_P@5_ag=0.9500  val_loss=0.3279  val_AUPR_all=0.5778  val_AUPR_ab=0.7363  val_AUPR_ag=0.3887  val_P@5_ab=0.9500  val_P@5_ag=0.9000  select=0.5625
Ep042  LR0=4.59e-05  pw=1.11  aucα=0.300  token_p=0.020  dropE=(0.020,0.080)  smooth=0.010  train_loss=0.1572  train_AUPR_all=0.8258  train_AUPR_ab=0.8663  train_AUPR_ag=0.7670  train_P@5_ab=1.0000  train_P@5_ag=1.0000  val_loss=0.3247  val_AUPR_all=0.5810  val_AUPR_ab=0.7405  val_AUPR_ag=0.3741  val_P@5_ab=0.9500  val_P@5_ag=0.8500  select=0.5573
Ep043  LR0=4.16e-05  pw=1.10  aucα=0.300  token_p=0.020  dropE=(0.020,0.080)  smooth=0.010  train_loss=0.1575  train_AUPR_all=0.8248  train_AUPR_ab=0.8659  train_AUPR_ag=0.7651  train_P@5_ab=1.0000  train_P@5_ag=1.0000  val_loss=0.3245  val_AUPR_all=0.5822  val_AUPR_ab=0.7335  val_AUPR_ag=0.3904  val_P@5_ab=0.8500  val_P@5_ag=0.7500  select=0.5620
Ep044  LR0=3.75e-05  pw=1.09  aucα=0.300  token_p=0.020  dropE=(0.020,0.080)  smooth=0.010  train_loss=0.1559  train_AUPR_all=0.8257  train_AUPR_ab=0.8660  train_AUPR_ag=0.7676  train_P@5_ab=1.0000  train_P@5_ag=1.0000  val_loss=0.3282  val_AUPR_all=0.5753  val_AUPR_ab=0.7296  val_AUPR_ag=0.3797  val_P@5_ab=0.9500  val_P@5_ag=0.9500  select=0.5547
Ep045  LR0=3.35e-05  pw=1.08  aucα=0.300  token_p=0.020  dropE=(0.020,0.080)  smooth=0.010  train_loss=0.1527  train_AUPR_all=0.8319  train_AUPR_ab=0.8694  train_AUPR_ag=0.7780  train_P@5_ab=1.0000  train_P@5_ag=1.0000  val_loss=0.3202  val_AUPR_all=0.5846  val_AUPR_ab=0.7290  val_AUPR_ag=0.3884  val_P@5_ab=0.7000  val_P@5_ag=0.8000  select=0.5587
Ep046  LR0=2.97e-05  pw=1.07  aucα=0.300  token_p=0.020  dropE=(0.020,0.080)  smooth=0.010  train_loss=0.1490  train_AUPR_all=0.8372  train_AUPR_ab=0.8740  train_AUPR_ag=0.7840  train_P@5_ab=0.9500  train_P@5_ag=1.0000  val_loss=0.3222  val_AUPR_all=0.5817  val_AUPR_ab=0.7291  val_AUPR_ag=0.3879  val_P@5_ab=0.9000  val_P@5_ag=0.9000  select=0.5585
Ep047  LR0=2.61e-05  pw=1.06  aucα=0.300  token_p=0.020  dropE=(0.020,0.080)  smooth=0.010  train_loss=0.1472  train_AUPR_all=0.8397  train_AUPR_ab=0.8771  train_AUPR_ag=0.7855  train_P@5_ab=1.0000  train_P@5_ag=1.0000  val_loss=0.3217  val_AUPR_all=0.5745  val_AUPR_ab=0.7293  val_AUPR_ag=0.3831  val_P@5_ab=0.9000  val_P@5_ag=0.8500  select=0.5562
Ep048  LR0=2.27e-05  pw=1.05  aucα=0.300  token_p=0.020  dropE=(0.020,0.080)  smooth=0.010  train_loss=0.1430  train_AUPR_all=0.8466  train_AUPR_ab=0.8825  train_AUPR_ag=0.7945  train_P@5_ab=1.0000  train_P@5_ag=1.0000  val_loss=0.3200  val_AUPR_all=0.5809  val_AUPR_ab=0.7292  val_AUPR_ag=0.3882  val_P@5_ab=0.8000  val_P@5_ag=0.8500  select=0.5587
Ep049  LR0=1.96e-05  pw=1.05  aucα=0.300  token_p=0.020  dropE=(0.020,0.080)  smooth=0.010  train_loss=0.1413  train_AUPR_all=0.8496  train_AUPR_ab=0.8849  train_AUPR_ag=0.7984  train_P@5_ab=1.0000  train_P@5_ag=0.9500  val_loss=0.3236  val_AUPR_all=0.5799  val_AUPR_ab=0.7262  val_AUPR_ag=0.3904  val_P@5_ab=0.8000  val_P@5_ag=0.8000  select=0.5583
Ep050  LR0=1.66e-05  pw=1.04  aucα=0.300  token_p=0.020  dropE=(0.020,0.080)  smooth=0.010  train_loss=0.1420  train_AUPR_all=0.8486  train_AUPR_ab=0.8834  train_AUPR_ag=0.7985  train_P@5_ab=1.0000  train_P@5_ag=1.0000  val_loss=0.3218  val_AUPR_all=0.5791  val_AUPR_ab=0.7268  val_AUPR_ag=0.3888  val_P@5_ab=0.8500  val_P@5_ag=0.8500  select=0.5578
Ep051  LR0=1.39e-05  pw=1.04  aucα=0.300  token_p=0.020  dropE=(0.020,0.080)  smooth=0.010  train_loss=0.1417  train_AUPR_all=0.8480  train_AUPR_ab=0.8833  train_AUPR_ag=0.7970  train_P@5_ab=1.0000  train_P@5_ag=1.0000  val_loss=0.3222  val_AUPR_all=0.5784  val_AUPR_ab=0.7294  val_AUPR_ag=0.3887  val_P@5_ab=0.7500  val_P@5_ag=0.8500  select=0.5591
Ep052  LR0=1.14e-05  pw=1.03  aucα=0.300  token_p=0.020  dropE=(0.020,0.080)  smooth=0.010  train_loss=0.1399  train_AUPR_all=0.8508  train_AUPR_ab=0.8875  train_AUPR_ag=0.7972  train_P@5_ab=1.0000  train_P@5_ag=1.0000  val_loss=0.3244  val_AUPR_all=0.5762  val_AUPR_ab=0.7235  val_AUPR_ag=0.3837  val_P@5_ab=0.8000  val_P@5_ag=0.8500  select=0.5536
Ep053  LR0=9.12e-06  pw=1.03  aucα=0.300  token_p=0.020  dropE=(0.020,0.080)  smooth=0.010  train_loss=0.1395  train_AUPR_all=0.8510  train_AUPR_ab=0.8865  train_AUPR_ag=0.7992  train_P@5_ab=1.0000  train_P@5_ag=1.0000  val_loss=0.3239  val_AUPR_all=0.5758  val_AUPR_ab=0.7270  val_AUPR_ag=0.3840  val_P@5_ab=0.7500  val_P@5_ag=0.8000  select=0.5555
Ep054  LR0=7.13e-06  pw=1.03  aucα=0.300  token_p=0.020  dropE=(0.020,0.080)  smooth=0.010  train_loss=0.1368  train_AUPR_all=0.8564  train_AUPR_ab=0.8904  train_AUPR_ag=0.8070  train_P@5_ab=0.9500  train_P@5_ag=1.0000  val_loss=0.3244  val_AUPR_all=0.5746  val_AUPR_ab=0.7276  val_AUPR_ag=0.3827  val_P@5_ab=0.9000  val_P@5_ag=0.8000  select=0.5552
Ep055  LR0=5.38e-06  pw=1.02  aucα=0.300  token_p=0.020  dropE=(0.020,0.080)  smooth=0.010  train_loss=0.1356  train_AUPR_all=0.8582  train_AUPR_ab=0.8915  train_AUPR_ag=0.8101  train_P@5_ab=1.0000  train_P@5_ag=1.0000  val_loss=0.3256  val_AUPR_all=0.5737  val_AUPR_ab=0.7259  val_AUPR_ag=0.3809  val_P@5_ab=0.8000  val_P@5_ag=0.8000  select=0.5534
Early stopping at epoch 55. Best select=0.5737 at epoch 35.
Final saved checkpoint for fold 5: checkpoints_CERS/iPara_balanced_l1_g5_i5_do0.10_dpr0.10_lr0.0002_heads16_fold5.pth
Best select=0.5737 at epoch 35
