Device: cuda
Visible GPUs: 1
GPU 0: NVIDIA RTX PRO 6000 Blackwell Server Edition
Config:
  sequence_file: para_tv_esmsequences_1600.npz
  data_file: para_tv_esminterfaces_1600.npz
  edge_file: para_tv_esmedges_1600.npz
  seq_len: 1600
  vocab_size: 31
  num_classes: 2
  pad_id: 1
  eoc_id: 24
  embed_dim: 256
  num_heads: 16
  num_layers: 1
  num_gnn_layers: 6
  num_int_layers: 5
  dropout: 0.1
  drop_path_rate: 0.1
  batch_size: 4
  num_epochs: 60
  warmup_epochs: 10
  min_stop_epoch: 45
  early_stop: 20
  learning_rate: 0.0002
  weight_decay: 0.0001
  max_grad_norm: 0.5
  accum_steps: 1
  amp: True
  weight_start: 20.0
  weight_end: 1.0
  weight_anneal_tau: 8.0
  dropedge_min: 0.02
  dropedge_max: 0.08
  token_drop_p: 0.02
  smooth_lambda: 0.01
  aucpr_alpha: 0.3
  aucpr_ramp_start: 10
  aucpr_ramp_len: 10
  aucpr_bins: 64
  aucpr_temp: 0.05
  antibody_loss_weight: 1.0
  antigen_loss_weight: 1.0
  n_splits: 5
  num_workers: 0
  select_ab_weight: 0.5
  select_ag_weight: 0.5
Dataset size: 858

==========================================================================================
Fold 1/5
==========================================================================================
Train labels: valid=399467, pos=26433, neg=373034, ignore=698133, pos_frac=0.06617
Val labels: valid=100725, pos=6797, neg=93928, ignore=174475, pos_frac=0.06748
Initializing ClassificationModel with 6 GAT layers and residual connections...
Initializing MCModel with 6 GAT layers and 5 row attention layers (drop_path_rate=0.1)
Initializing CoreModel with 1 layers, drop_path_rate=0.1
Ep001  LR0=2.00e-04  pw=20.00  aucα=0.000  token_p=0.020  dropE=(0.020,0.080)  smooth=0.010  train_loss=1.1149  train_AUPR_all=0.2122  train_AUPR_ab=0.2427  train_AUPR_ag=0.1667  train_P@5_ab=0.1500  train_P@5_ag=0.3500  val_loss=1.3606  val_AUPR_all=0.3608  val_AUPR_ab=0.4699  val_AUPR_ag=0.1901  val_P@5_ab=0.5500  val_P@5_ag=0.6500  select=0.3300
  Saved checkpoint: checkpoints_CE/iPara_balanced_l1_g6_i5_do0.10_dpr0.10_lr0.0002_heads16_fold1.pth  select=0.3300  val_ab=0.4699  val_ag=0.1901  val_all=0.3608
Ep002  LR0=2.00e-04  pw=17.77  aucα=0.000  token_p=0.020  dropE=(0.020,0.080)  smooth=0.010  train_loss=0.8223  train_AUPR_all=0.3819  train_AUPR_ab=0.4647  train_AUPR_ag=0.2460  train_P@5_ab=0.7000  train_P@5_ag=0.7000  val_loss=1.0161  val_AUPR_all=0.4305  val_AUPR_ab=0.5363  val_AUPR_ag=0.2581  val_P@5_ab=0.3000  val_P@5_ag=0.9500  select=0.3972
  Saved checkpoint: checkpoints_CE/iPara_balanced_l1_g6_i5_do0.10_dpr0.10_lr0.0002_heads16_fold1.pth  select=0.3972  val_ab=0.5363  val_ag=0.2581  val_all=0.4305
Ep003  LR0=1.99e-04  pw=15.80  aucα=0.000  token_p=0.020  dropE=(0.020,0.080)  smooth=0.010  train_loss=0.7234  train_AUPR_all=0.4226  train_AUPR_ab=0.5039  train_AUPR_ag=0.2816  train_P@5_ab=0.7500  train_P@5_ag=1.0000  val_loss=1.1182  val_AUPR_all=0.4444  val_AUPR_ab=0.5672  val_AUPR_ag=0.2347  val_P@5_ab=0.8500  val_P@5_ag=0.5000  select=0.4010
  Saved checkpoint: checkpoints_CE/iPara_balanced_l1_g6_i5_do0.10_dpr0.10_lr0.0002_heads16_fold1.pth  select=0.4010  val_ab=0.5672  val_ag=0.2347  val_all=0.4444
Ep004  LR0=1.99e-04  pw=14.06  aucα=0.000  token_p=0.020  dropE=(0.020,0.080)  smooth=0.010  train_loss=0.6681  train_AUPR_all=0.4418  train_AUPR_ab=0.5300  train_AUPR_ag=0.2874  train_P@5_ab=0.4000  train_P@5_ag=0.7500  val_loss=0.9335  val_AUPR_all=0.4518  val_AUPR_ab=0.5805  val_AUPR_ag=0.2602  val_P@5_ab=0.7500  val_P@5_ag=0.8500  select=0.4204
  Saved checkpoint: checkpoints_CE/iPara_balanced_l1_g6_i5_do0.10_dpr0.10_lr0.0002_heads16_fold1.pth  select=0.4204  val_ab=0.5805  val_ag=0.2602  val_all=0.4518
Unfreezing DyM parameters.
Ep005  LR0=1.98e-04  pw=12.52  aucα=0.000  token_p=0.020  dropE=(0.020,0.080)  smooth=0.010  train_loss=0.6082  train_AUPR_all=0.4721  train_AUPR_ab=0.5547  train_AUPR_ag=0.3188  train_P@5_ab=0.6000  train_P@5_ag=0.8500  val_loss=0.8548  val_AUPR_all=0.4081  val_AUPR_ab=0.5786  val_AUPR_ag=0.2371  val_P@5_ab=0.4500  val_P@5_ag=0.8000  select=0.4079
Ep006  LR0=1.97e-04  pw=11.17  aucα=0.000  token_p=0.020  dropE=(0.020,0.080)  smooth=0.010  train_loss=0.5699  train_AUPR_all=0.4890  train_AUPR_ab=0.5781  train_AUPR_ag=0.3238  train_P@5_ab=0.8000  train_P@5_ag=0.9500  val_loss=0.9610  val_AUPR_all=0.4632  val_AUPR_ab=0.5883  val_AUPR_ag=0.2762  val_P@5_ab=0.8500  val_P@5_ag=1.0000  select=0.4323
  Saved checkpoint: checkpoints_CE/iPara_balanced_l1_g6_i5_do0.10_dpr0.10_lr0.0002_heads16_fold1.pth  select=0.4323  val_ab=0.5883  val_ag=0.2762  val_all=0.4632
Ep007  LR0=1.95e-04  pw=9.97  aucα=0.000  token_p=0.020  dropE=(0.020,0.080)  smooth=0.010  train_loss=0.5211  train_AUPR_all=0.5135  train_AUPR_ab=0.6085  train_AUPR_ag=0.3446  train_P@5_ab=0.8500  train_P@5_ag=0.8500  val_loss=0.7185  val_AUPR_all=0.5250  val_AUPR_ab=0.6534  val_AUPR_ag=0.3313  val_P@5_ab=0.8500  val_P@5_ag=0.9500  select=0.4923
  Saved checkpoint: checkpoints_CE/iPara_balanced_l1_g6_i5_do0.10_dpr0.10_lr0.0002_heads16_fold1.pth  select=0.4923  val_ab=0.6534  val_ag=0.3313  val_all=0.5250
Ep008  LR0=1.93e-04  pw=8.92  aucα=0.000  token_p=0.020  dropE=(0.020,0.080)  smooth=0.010  train_loss=0.4877  train_AUPR_all=0.5162  train_AUPR_ab=0.6120  train_AUPR_ag=0.3514  train_P@5_ab=0.9000  train_P@5_ag=0.8000  val_loss=0.7314  val_AUPR_all=0.4689  val_AUPR_ab=0.6156  val_AUPR_ag=0.2913  val_P@5_ab=0.7500  val_P@5_ag=0.8500  select=0.4534
Ep009  LR0=1.91e-04  pw=7.99  aucα=0.000  token_p=0.020  dropE=(0.020,0.080)  smooth=0.010  train_loss=0.4509  train_AUPR_all=0.5348  train_AUPR_ab=0.6313  train_AUPR_ag=0.3668  train_P@5_ab=0.9000  train_P@5_ag=0.8000  val_loss=0.6995  val_AUPR_all=0.4810  val_AUPR_ab=0.6630  val_AUPR_ag=0.2648  val_P@5_ab=0.7500  val_P@5_ag=0.7500  select=0.4639
Ep010  LR0=1.89e-04  pw=7.17  aucα=0.030  token_p=0.020  dropE=(0.020,0.080)  smooth=0.010  train_loss=0.4418  train_AUPR_all=0.5450  train_AUPR_ab=0.6484  train_AUPR_ag=0.3687  train_P@5_ab=0.9000  train_P@5_ag=0.8500  val_loss=0.6394  val_AUPR_all=0.4557  val_AUPR_ab=0.6244  val_AUPR_ag=0.2799  val_P@5_ab=0.4500  val_P@5_ag=0.9000  select=0.4522
Ep011  LR0=1.87e-04  pw=6.44  aucα=0.060  token_p=0.020  dropE=(0.020,0.080)  smooth=0.010  train_loss=0.4265  train_AUPR_all=0.5585  train_AUPR_ab=0.6603  train_AUPR_ag=0.3843  train_P@5_ab=0.9500  train_P@5_ag=0.9000  val_loss=0.6305  val_AUPR_all=0.4607  val_AUPR_ab=0.6407  val_AUPR_ag=0.2922  val_P@5_ab=0.9000  val_P@5_ag=0.7500  select=0.4665
Ep012  LR0=1.84e-04  pw=5.80  aucα=0.090  token_p=0.020  dropE=(0.020,0.080)  smooth=0.010  train_loss=0.4186  train_AUPR_all=0.5652  train_AUPR_ab=0.6655  train_AUPR_ag=0.3941  train_P@5_ab=0.9500  train_P@5_ag=0.9500  val_loss=0.5939  val_AUPR_all=0.4887  val_AUPR_ab=0.6386  val_AUPR_ag=0.3178  val_P@5_ab=0.9000  val_P@5_ag=1.0000  select=0.4782
Ep013  LR0=1.81e-04  pw=5.24  aucα=0.120  token_p=0.020  dropE=(0.020,0.080)  smooth=0.010  train_loss=0.4080  train_AUPR_all=0.5812  train_AUPR_ab=0.6836  train_AUPR_ag=0.4094  train_P@5_ab=0.9000  train_P@5_ag=0.9000  val_loss=0.5669  val_AUPR_all=0.5023  val_AUPR_ab=0.6604  val_AUPR_ag=0.3078  val_P@5_ab=0.8000  val_P@5_ag=0.8000  select=0.4841
Ep014  LR0=1.78e-04  pw=4.74  aucα=0.150  token_p=0.020  dropE=(0.020,0.080)  smooth=0.010  train_loss=0.3983  train_AUPR_all=0.5872  train_AUPR_ab=0.6972  train_AUPR_ag=0.4081  train_P@5_ab=0.9000  train_P@5_ag=0.9500  val_loss=0.5676  val_AUPR_all=0.4955  val_AUPR_ab=0.6749  val_AUPR_ag=0.3081  val_P@5_ab=0.9000  val_P@5_ag=0.9000  select=0.4915
Ep015  LR0=1.74e-04  pw=4.30  aucα=0.180  token_p=0.020  dropE=(0.020,0.080)  smooth=0.010  train_loss=0.3875  train_AUPR_all=0.5977  train_AUPR_ab=0.7017  train_AUPR_ag=0.4269  train_P@5_ab=0.9500  train_P@5_ag=0.9500  val_loss=0.5364  val_AUPR_all=0.5169  val_AUPR_ab=0.6896  val_AUPR_ag=0.3156  val_P@5_ab=1.0000  val_P@5_ag=0.9500  select=0.5026
  Saved checkpoint: checkpoints_CE/iPara_balanced_l1_g6_i5_do0.10_dpr0.10_lr0.0002_heads16_fold1.pth  select=0.5026  val_ab=0.6896  val_ag=0.3156  val_all=0.5169
Ep016  LR0=1.71e-04  pw=3.91  aucα=0.210  token_p=0.020  dropE=(0.020,0.080)  smooth=0.010  train_loss=0.3806  train_AUPR_all=0.6067  train_AUPR_ab=0.7120  train_AUPR_ag=0.4340  train_P@5_ab=0.9000  train_P@5_ag=0.8500  val_loss=0.4860  val_AUPR_all=0.5633  val_AUPR_ab=0.6918  val_AUPR_ag=0.3603  val_P@5_ab=0.8500  val_P@5_ag=0.9500  select=0.5261
  Saved checkpoint: checkpoints_CE/iPara_balanced_l1_g6_i5_do0.10_dpr0.10_lr0.0002_heads16_fold1.pth  select=0.5261  val_ab=0.6918  val_ag=0.3603  val_all=0.5633
Ep017  LR0=1.67e-04  pw=3.57  aucα=0.240  token_p=0.020  dropE=(0.020,0.080)  smooth=0.010  train_loss=0.3749  train_AUPR_all=0.6155  train_AUPR_ab=0.7157  train_AUPR_ag=0.4516  train_P@5_ab=1.0000  train_P@5_ag=0.9000  val_loss=0.4577  val_AUPR_all=0.5690  val_AUPR_ab=0.6937  val_AUPR_ag=0.3680  val_P@5_ab=0.9000  val_P@5_ag=1.0000  select=0.5309
  Saved checkpoint: checkpoints_CE/iPara_balanced_l1_g6_i5_do0.10_dpr0.10_lr0.0002_heads16_fold1.pth  select=0.5309  val_ab=0.6937  val_ag=0.3680  val_all=0.5690
Ep018  LR0=1.63e-04  pw=3.27  aucα=0.270  token_p=0.020  dropE=(0.020,0.080)  smooth=0.010  train_loss=0.3715  train_AUPR_all=0.6235  train_AUPR_ab=0.7225  train_AUPR_ag=0.4632  train_P@5_ab=0.9500  train_P@5_ag=1.0000  val_loss=0.4503  val_AUPR_all=0.5670  val_AUPR_ab=0.7191  val_AUPR_ag=0.3425  val_P@5_ab=1.0000  val_P@5_ag=0.9500  select=0.5308
Ep019  LR0=1.59e-04  pw=3.00  aucα=0.300  token_p=0.020  dropE=(0.020,0.080)  smooth=0.010  train_loss=0.3634  train_AUPR_all=0.6312  train_AUPR_ab=0.7312  train_AUPR_ag=0.4722  train_P@5_ab=1.0000  train_P@5_ag=1.0000  val_loss=0.4179  val_AUPR_all=0.5763  val_AUPR_ab=0.7101  val_AUPR_ag=0.3674  val_P@5_ab=1.0000  val_P@5_ag=1.0000  select=0.5388
  Saved checkpoint: checkpoints_CE/iPara_balanced_l1_g6_i5_do0.10_dpr0.10_lr0.0002_heads16_fold1.pth  select=0.5388  val_ab=0.7101  val_ag=0.3674  val_all=0.5763
Ep020  LR0=1.55e-04  pw=2.77  aucα=0.300  token_p=0.020  dropE=(0.020,0.080)  smooth=0.010  train_loss=0.3484  train_AUPR_all=0.6393  train_AUPR_ab=0.7368  train_AUPR_ag=0.4828  train_P@5_ab=0.9000  train_P@5_ag=0.9500  val_loss=0.4289  val_AUPR_all=0.5512  val_AUPR_ab=0.6873  val_AUPR_ag=0.3486  val_P@5_ab=0.9500  val_P@5_ag=0.9500  select=0.5179
Ep021  LR0=1.50e-04  pw=2.56  aucα=0.300  token_p=0.020  dropE=(0.020,0.080)  smooth=0.010  train_loss=0.3317  train_AUPR_all=0.6470  train_AUPR_ab=0.7398  train_AUPR_ag=0.4991  train_P@5_ab=0.9500  train_P@5_ag=0.9000  val_loss=0.4048  val_AUPR_all=0.5510  val_AUPR_ab=0.7256  val_AUPR_ag=0.3361  val_P@5_ab=1.0000  val_P@5_ag=1.0000  select=0.5308
Ep022  LR0=1.46e-04  pw=2.38  aucα=0.300  token_p=0.020  dropE=(0.020,0.080)  smooth=0.010  train_loss=0.3153  train_AUPR_all=0.6588  train_AUPR_ab=0.7523  train_AUPR_ag=0.5104  train_P@5_ab=1.0000  train_P@5_ag=0.9500  val_loss=0.4013  val_AUPR_all=0.5162  val_AUPR_ab=0.7020  val_AUPR_ag=0.3083  val_P@5_ab=0.9000  val_P@5_ag=0.7500  select=0.5052
Ep023  LR0=1.41e-04  pw=2.21  aucα=0.300  token_p=0.020  dropE=(0.020,0.080)  smooth=0.010  train_loss=0.3016  train_AUPR_all=0.6705  train_AUPR_ab=0.7613  train_AUPR_ag=0.5286  train_P@5_ab=0.9500  train_P@5_ag=0.9000  val_loss=0.3832  val_AUPR_all=0.5719  val_AUPR_ab=0.7205  val_AUPR_ag=0.3487  val_P@5_ab=0.9500  val_P@5_ag=1.0000  select=0.5346
Ep024  LR0=1.36e-04  pw=2.07  aucα=0.300  token_p=0.020  dropE=(0.020,0.080)  smooth=0.010  train_loss=0.2892  train_AUPR_all=0.6812  train_AUPR_ab=0.7678  train_AUPR_ag=0.5456  train_P@5_ab=1.0000  train_P@5_ag=0.9500  val_loss=0.3710  val_AUPR_all=0.5553  val_AUPR_ab=0.7227  val_AUPR_ag=0.3325  val_P@5_ab=1.0000  val_P@5_ag=1.0000  select=0.5276
Ep025  LR0=1.31e-04  pw=1.95  aucα=0.300  token_p=0.020  dropE=(0.020,0.080)  smooth=0.010  train_loss=0.2748  train_AUPR_all=0.6922  train_AUPR_ab=0.7768  train_AUPR_ag=0.5611  train_P@5_ab=1.0000  train_P@5_ag=1.0000  val_loss=0.3526  val_AUPR_all=0.6037  val_AUPR_ab=0.7350  val_AUPR_ag=0.3993  val_P@5_ab=1.0000  val_P@5_ag=0.9500  select=0.5672
  Saved checkpoint: checkpoints_CE/iPara_balanced_l1_g6_i5_do0.10_dpr0.10_lr0.0002_heads16_fold1.pth  select=0.5672  val_ab=0.7350  val_ag=0.3993  val_all=0.6037
Ep026  LR0=1.26e-04  pw=1.83  aucα=0.300  token_p=0.020  dropE=(0.020,0.080)  smooth=0.010  train_loss=0.2670  train_AUPR_all=0.6965  train_AUPR_ab=0.7762  train_AUPR_ag=0.5740  train_P@5_ab=1.0000  train_P@5_ag=0.9500  val_loss=0.3472  val_AUPR_all=0.5966  val_AUPR_ab=0.7331  val_AUPR_ag=0.3874  val_P@5_ab=0.9500  val_P@5_ag=1.0000  select=0.5602
Ep027  LR0=1.21e-04  pw=1.74  aucα=0.300  token_p=0.020  dropE=(0.020,0.080)  smooth=0.010  train_loss=0.2519  train_AUPR_all=0.7128  train_AUPR_ab=0.7894  train_AUPR_ag=0.5945  train_P@5_ab=1.0000  train_P@5_ag=0.9000  val_loss=0.3651  val_AUPR_all=0.5830  val_AUPR_ab=0.7278  val_AUPR_ag=0.3767  val_P@5_ab=1.0000  val_P@5_ag=0.9500  select=0.5523
Ep028  LR0=1.16e-04  pw=1.65  aucα=0.300  token_p=0.020  dropE=(0.020,0.080)  smooth=0.010  train_loss=0.2406  train_AUPR_all=0.7210  train_AUPR_ab=0.7926  train_AUPR_ag=0.6121  train_P@5_ab=1.0000  train_P@5_ag=1.0000  val_loss=0.3490  val_AUPR_all=0.5836  val_AUPR_ab=0.7123  val_AUPR_ag=0.3933  val_P@5_ab=0.9500  val_P@5_ag=0.8500  select=0.5528
Ep029  LR0=1.11e-04  pw=1.57  aucα=0.300  token_p=0.020  dropE=(0.020,0.080)  smooth=0.010  train_loss=0.2354  train_AUPR_all=0.7252  train_AUPR_ab=0.7947  train_AUPR_ag=0.6196  train_P@5_ab=1.0000  train_P@5_ag=1.0000  val_loss=0.3352  val_AUPR_all=0.5936  val_AUPR_ab=0.7396  val_AUPR_ag=0.3906  val_P@5_ab=1.0000  val_P@5_ag=0.9500  select=0.5651
Ep030  LR0=1.05e-04  pw=1.51  aucα=0.300  token_p=0.020  dropE=(0.020,0.080)  smooth=0.010  train_loss=0.2225  train_AUPR_all=0.7423  train_AUPR_ab=0.8060  train_AUPR_ag=0.6472  train_P@5_ab=0.9500  train_P@5_ag=1.0000  val_loss=0.3355  val_AUPR_all=0.5993  val_AUPR_ab=0.7369  val_AUPR_ag=0.3998  val_P@5_ab=1.0000  val_P@5_ag=0.8500  select=0.5683
  Saved checkpoint: checkpoints_CE/iPara_balanced_l1_g6_i5_do0.10_dpr0.10_lr0.0002_heads16_fold1.pth  select=0.5683  val_ab=0.7369  val_ag=0.3998  val_all=0.5993
Ep031  LR0=1.00e-04  pw=1.45  aucα=0.300  token_p=0.020  dropE=(0.020,0.080)  smooth=0.010  train_loss=0.2187  train_AUPR_all=0.7439  train_AUPR_ab=0.8045  train_AUPR_ag=0.6542  train_P@5_ab=1.0000  train_P@5_ag=0.9500  val_loss=0.3454  val_AUPR_all=0.5764  val_AUPR_ab=0.7340  val_AUPR_ag=0.3697  val_P@5_ab=1.0000  val_P@5_ag=1.0000  select=0.5519
Ep032  LR0=9.50e-05  pw=1.39  aucα=0.300  token_p=0.020  dropE=(0.020,0.080)  smooth=0.010  train_loss=0.2072  train_AUPR_all=0.7593  train_AUPR_ab=0.8184  train_AUPR_ag=0.6716  train_P@5_ab=1.0000  train_P@5_ag=1.0000  val_loss=0.3384  val_AUPR_all=0.5887  val_AUPR_ab=0.7296  val_AUPR_ag=0.3910  val_P@5_ab=1.0000  val_P@5_ag=0.7500  select=0.5603
Ep033  LR0=8.98e-05  pw=1.35  aucα=0.300  token_p=0.020  dropE=(0.020,0.080)  smooth=0.010  train_loss=0.2004  train_AUPR_all=0.7669  train_AUPR_ab=0.8242  train_AUPR_ag=0.6818  train_P@5_ab=1.0000  train_P@5_ag=1.0000  val_loss=0.3270  val_AUPR_all=0.5916  val_AUPR_ab=0.7354  val_AUPR_ag=0.3908  val_P@5_ab=1.0000  val_P@5_ag=0.8000  select=0.5631
Ep034  LR0=8.46e-05  pw=1.31  aucα=0.300  token_p=0.020  dropE=(0.020,0.080)  smooth=0.010  train_loss=0.1993  train_AUPR_all=0.7643  train_AUPR_ab=0.8202  train_AUPR_ag=0.6813  train_P@5_ab=1.0000  train_P@5_ag=1.0000  val_loss=0.3320  val_AUPR_all=0.5724  val_AUPR_ab=0.7285  val_AUPR_ag=0.3610  val_P@5_ab=1.0000  val_P@5_ag=0.8000  select=0.5447
Ep035  LR0=7.95e-05  pw=1.27  aucα=0.300  token_p=0.020  dropE=(0.020,0.080)  smooth=0.010  train_loss=0.1911  train_AUPR_all=0.7790  train_AUPR_ab=0.8310  train_AUPR_ag=0.7032  train_P@5_ab=1.0000  train_P@5_ag=1.0000  val_loss=0.3274  val_AUPR_all=0.5862  val_AUPR_ab=0.7336  val_AUPR_ag=0.3858  val_P@5_ab=1.0000  val_P@5_ag=0.7500  select=0.5597
Ep036  LR0=7.44e-05  pw=1.24  aucα=0.300  token_p=0.020  dropE=(0.020,0.080)  smooth=0.010  train_loss=0.1864  train_AUPR_all=0.7827  train_AUPR_ab=0.8320  train_AUPR_ag=0.7107  train_P@5_ab=1.0000  train_P@5_ag=0.9500  val_loss=0.3253  val_AUPR_all=0.5858  val_AUPR_ab=0.7329  val_AUPR_ag=0.3908  val_P@5_ab=1.0000  val_P@5_ag=0.8500  select=0.5619
Ep037  LR0=6.94e-05  pw=1.21  aucα=0.300  token_p=0.020  dropE=(0.020,0.080)  smooth=0.010  train_loss=0.1786  train_AUPR_all=0.7954  train_AUPR_ab=0.8441  train_AUPR_ag=0.7239  train_P@5_ab=1.0000  train_P@5_ag=1.0000  val_loss=0.3174  val_AUPR_all=0.5869  val_AUPR_ab=0.7333  val_AUPR_ag=0.3920  val_P@5_ab=1.0000  val_P@5_ag=1.0000  select=0.5626
Ep038  LR0=6.45e-05  pw=1.19  aucα=0.300  token_p=0.020  dropE=(0.020,0.080)  smooth=0.010  train_loss=0.1713  train_AUPR_all=0.8062  train_AUPR_ab=0.8533  train_AUPR_ag=0.7371  train_P@5_ab=1.0000  train_P@5_ag=1.0000  val_loss=0.3159  val_AUPR_all=0.5897  val_AUPR_ab=0.7357  val_AUPR_ag=0.3849  val_P@5_ab=1.0000  val_P@5_ag=0.8000  select=0.5603
Ep039  LR0=5.97e-05  pw=1.16  aucα=0.300  token_p=0.020  dropE=(0.020,0.080)  smooth=0.010  train_loss=0.1703  train_AUPR_all=0.8050  train_AUPR_ab=0.8496  train_AUPR_ag=0.7398  train_P@5_ab=0.9500  train_P@5_ag=1.0000  val_loss=0.3211  val_AUPR_all=0.5825  val_AUPR_ab=0.7373  val_AUPR_ag=0.3816  val_P@5_ab=1.0000  val_P@5_ag=0.7000  select=0.5594
Ep040  LR0=5.50e-05  pw=1.15  aucα=0.300  token_p=0.020  dropE=(0.020,0.080)  smooth=0.010  train_loss=0.1650  train_AUPR_all=0.8131  train_AUPR_ab=0.8546  train_AUPR_ag=0.7531  train_P@5_ab=1.0000  train_P@5_ag=1.0000  val_loss=0.3257  val_AUPR_all=0.5837  val_AUPR_ab=0.7343  val_AUPR_ag=0.3896  val_P@5_ab=1.0000  val_P@5_ag=0.7500  select=0.5619
Ep041  LR0=5.04e-05  pw=1.13  aucα=0.300  token_p=0.020  dropE=(0.020,0.080)  smooth=0.010  train_loss=0.1595  train_AUPR_all=0.8225  train_AUPR_ab=0.8666  train_AUPR_ag=0.7573  train_P@5_ab=1.0000  train_P@5_ag=1.0000  val_loss=0.3237  val_AUPR_all=0.5776  val_AUPR_ab=0.7300  val_AUPR_ag=0.3756  val_P@5_ab=0.9500  val_P@5_ag=0.7500  select=0.5528
Ep042  LR0=4.59e-05  pw=1.11  aucα=0.300  token_p=0.020  dropE=(0.020,0.080)  smooth=0.010  train_loss=0.1570  train_AUPR_all=0.8239  train_AUPR_ab=0.8647  train_AUPR_ag=0.7642  train_P@5_ab=1.0000  train_P@5_ag=1.0000  val_loss=0.3276  val_AUPR_all=0.5845  val_AUPR_ab=0.7381  val_AUPR_ag=0.3808  val_P@5_ab=1.0000  val_P@5_ag=0.8000  select=0.5595
Ep043  LR0=4.16e-05  pw=1.10  aucα=0.300  token_p=0.020  dropE=(0.020,0.080)  smooth=0.010  train_loss=0.1508  train_AUPR_all=0.8358  train_AUPR_ab=0.8753  train_AUPR_ag=0.7778  train_P@5_ab=1.0000  train_P@5_ag=1.0000  val_loss=0.3201  val_AUPR_all=0.5791  val_AUPR_ab=0.7358  val_AUPR_ag=0.3795  val_P@5_ab=0.9000  val_P@5_ag=0.8000  select=0.5577
Ep044  LR0=3.75e-05  pw=1.09  aucα=0.300  token_p=0.020  dropE=(0.020,0.080)  smooth=0.010  train_loss=0.1533  train_AUPR_all=0.8303  train_AUPR_ab=0.8700  train_AUPR_ag=0.7723  train_P@5_ab=0.9500  train_P@5_ag=1.0000  val_loss=0.3182  val_AUPR_all=0.5786  val_AUPR_ab=0.7299  val_AUPR_ag=0.3818  val_P@5_ab=0.9500  val_P@5_ag=0.7000  select=0.5558
Ep045  LR0=3.35e-05  pw=1.08  aucα=0.300  token_p=0.020  dropE=(0.020,0.080)  smooth=0.010  train_loss=0.1472  train_AUPR_all=0.8411  train_AUPR_ab=0.8791  train_AUPR_ag=0.7856  train_P@5_ab=1.0000  train_P@5_ag=1.0000  val_loss=0.3244  val_AUPR_all=0.5761  val_AUPR_ab=0.7306  val_AUPR_ag=0.3768  val_P@5_ab=0.8500  val_P@5_ag=0.7000  select=0.5537
Ep046  LR0=2.97e-05  pw=1.07  aucα=0.300  token_p=0.020  dropE=(0.020,0.080)  smooth=0.010  train_loss=0.1469  train_AUPR_all=0.8402  train_AUPR_ab=0.8777  train_AUPR_ag=0.7852  train_P@5_ab=0.9500  train_P@5_ag=1.0000  val_loss=0.3195  val_AUPR_all=0.5780  val_AUPR_ab=0.7291  val_AUPR_ag=0.3769  val_P@5_ab=0.9500  val_P@5_ag=0.7500  select=0.5530
Ep047  LR0=2.61e-05  pw=1.06  aucα=0.300  token_p=0.020  dropE=(0.020,0.080)  smooth=0.010  train_loss=0.1408  train_AUPR_all=0.8502  train_AUPR_ab=0.8868  train_AUPR_ag=0.7964  train_P@5_ab=1.0000  train_P@5_ag=1.0000  val_loss=0.3204  val_AUPR_all=0.5814  val_AUPR_ab=0.7329  val_AUPR_ag=0.3823  val_P@5_ab=0.8500  val_P@5_ag=0.7500  select=0.5576
Ep048  LR0=2.27e-05  pw=1.05  aucα=0.300  token_p=0.020  dropE=(0.020,0.080)  smooth=0.010  train_loss=0.1415  train_AUPR_all=0.8475  train_AUPR_ab=0.8840  train_AUPR_ag=0.7941  train_P@5_ab=1.0000  train_P@5_ag=1.0000  val_loss=0.3204  val_AUPR_all=0.5763  val_AUPR_ab=0.7290  val_AUPR_ag=0.3763  val_P@5_ab=0.8500  val_P@5_ag=0.7000  select=0.5526
Ep049  LR0=1.96e-05  pw=1.05  aucα=0.300  token_p=0.020  dropE=(0.020,0.080)  smooth=0.010  train_loss=0.1392  train_AUPR_all=0.8515  train_AUPR_ab=0.8877  train_AUPR_ag=0.7979  train_P@5_ab=0.9500  train_P@5_ag=1.0000  val_loss=0.3201  val_AUPR_all=0.5779  val_AUPR_ab=0.7278  val_AUPR_ag=0.3848  val_P@5_ab=0.7000  val_P@5_ag=0.7000  select=0.5563
Ep050  LR0=1.66e-05  pw=1.04  aucα=0.300  token_p=0.020  dropE=(0.020,0.080)  smooth=0.010  train_loss=0.1345  train_AUPR_all=0.8607  train_AUPR_ab=0.8940  train_AUPR_ag=0.8116  train_P@5_ab=1.0000  train_P@5_ag=1.0000  val_loss=0.3241  val_AUPR_all=0.5746  val_AUPR_ab=0.7246  val_AUPR_ag=0.3809  val_P@5_ab=0.7000  val_P@5_ag=0.6000  select=0.5528
Early stopping at epoch 50. Best select=0.5683 at epoch 30.
Final saved checkpoint for fold 1: checkpoints_CE/iPara_balanced_l1_g6_i5_do0.10_dpr0.10_lr0.0002_heads16_fold1.pth
Best select=0.5683 at epoch 30

==========================================================================================
Fold 2/5
==========================================================================================
Train labels: valid=400834, pos=26650, neg=374184, ignore=696766, pos_frac=0.06649
Val labels: valid=99358, pos=6580, neg=92778, ignore=175842, pos_frac=0.06623
Initializing ClassificationModel with 6 GAT layers and residual connections...
Initializing MCModel with 6 GAT layers and 5 row attention layers (drop_path_rate=0.1)
Initializing CoreModel with 1 layers, drop_path_rate=0.1
Ep001  LR0=2.00e-04  pw=20.00  aucα=0.000  token_p=0.020  dropE=(0.020,0.080)  smooth=0.010  train_loss=1.1428  train_AUPR_all=0.2171  train_AUPR_ab=0.2490  train_AUPR_ag=0.1742  train_P@5_ab=0.4500  train_P@5_ag=0.9500  val_loss=1.2498  val_AUPR_all=0.4046  val_AUPR_ab=0.4970  val_AUPR_ag=0.2445  val_P@5_ab=0.8500  val_P@5_ag=0.6500  select=0.3708
  Saved checkpoint: checkpoints_CE/iPara_balanced_l1_g6_i5_do0.10_dpr0.10_lr0.0002_heads16_fold2.pth  select=0.3708  val_ab=0.4970  val_ag=0.2445  val_all=0.4046
Ep002  LR0=2.00e-04  pw=17.77  aucα=0.000  token_p=0.020  dropE=(0.020,0.080)  smooth=0.010  train_loss=0.8247  train_AUPR_all=0.3749  train_AUPR_ab=0.4563  train_AUPR_ag=0.2477  train_P@5_ab=0.7000  train_P@5_ag=0.9000  val_loss=1.0926  val_AUPR_all=0.4067  val_AUPR_ab=0.4984  val_AUPR_ag=0.2434  val_P@5_ab=0.5500  val_P@5_ag=0.8500  select=0.3709
Ep003  LR0=1.99e-04  pw=15.80  aucα=0.000  token_p=0.020  dropE=(0.020,0.080)  smooth=0.010  train_loss=0.7291  train_AUPR_all=0.4208  train_AUPR_ab=0.4982  train_AUPR_ag=0.2837  train_P@5_ab=0.7500  train_P@5_ag=0.9000  val_loss=1.1174  val_AUPR_all=0.4200  val_AUPR_ab=0.5534  val_AUPR_ag=0.2315  val_P@5_ab=0.9000  val_P@5_ag=0.1000  select=0.3924
  Saved checkpoint: checkpoints_CE/iPara_balanced_l1_g6_i5_do0.10_dpr0.10_lr0.0002_heads16_fold2.pth  select=0.3924  val_ab=0.5534  val_ag=0.2315  val_all=0.4200
Ep004  LR0=1.99e-04  pw=14.06  aucα=0.000  token_p=0.020  dropE=(0.020,0.080)  smooth=0.010  train_loss=0.6787  train_AUPR_all=0.4479  train_AUPR_ab=0.5318  train_AUPR_ag=0.2991  train_P@5_ab=0.8500  train_P@5_ag=0.8500  val_loss=0.8561  val_AUPR_all=0.4611  val_AUPR_ab=0.5599  val_AUPR_ag=0.2935  val_P@5_ab=0.8000  val_P@5_ag=0.5500  select=0.4267
  Saved checkpoint: checkpoints_CE/iPara_balanced_l1_g6_i5_do0.10_dpr0.10_lr0.0002_heads16_fold2.pth  select=0.4267  val_ab=0.5599  val_ag=0.2935  val_all=0.4611
Unfreezing DyM parameters.
Ep005  LR0=1.98e-04  pw=12.52  aucα=0.000  token_p=0.020  dropE=(0.020,0.080)  smooth=0.010  train_loss=0.6045  train_AUPR_all=0.4852  train_AUPR_ab=0.5793  train_AUPR_ag=0.3242  train_P@5_ab=0.9000  train_P@5_ag=0.9000  val_loss=0.8172  val_AUPR_all=0.5131  val_AUPR_ab=0.5989  val_AUPR_ag=0.3446  val_P@5_ab=0.7000  val_P@5_ag=0.8500  select=0.4717
  Saved checkpoint: checkpoints_CE/iPara_balanced_l1_g6_i5_do0.10_dpr0.10_lr0.0002_heads16_fold2.pth  select=0.4717  val_ab=0.5989  val_ag=0.3446  val_all=0.5131
Ep006  LR0=1.97e-04  pw=11.17  aucα=0.000  token_p=0.020  dropE=(0.020,0.080)  smooth=0.010  train_loss=0.5740  train_AUPR_all=0.4876  train_AUPR_ab=0.5870  train_AUPR_ag=0.3173  train_P@5_ab=0.9000  train_P@5_ag=0.9500  val_loss=0.9487  val_AUPR_all=0.4929  val_AUPR_ab=0.6202  val_AUPR_ag=0.2718  val_P@5_ab=0.8500  val_P@5_ag=0.9500  select=0.4460
Ep007  LR0=1.95e-04  pw=9.97  aucα=0.000  token_p=0.020  dropE=(0.020,0.080)  smooth=0.010  train_loss=0.5228  train_AUPR_all=0.5152  train_AUPR_ab=0.6156  train_AUPR_ag=0.3407  train_P@5_ab=0.8000  train_P@5_ag=0.8000  val_loss=0.9733  val_AUPR_all=0.4978  val_AUPR_ab=0.6299  val_AUPR_ag=0.3018  val_P@5_ab=0.7000  val_P@5_ag=0.9000  select=0.4658
Ep008  LR0=1.93e-04  pw=8.92  aucα=0.000  token_p=0.020  dropE=(0.020,0.080)  smooth=0.010  train_loss=0.4886  train_AUPR_all=0.5229  train_AUPR_ab=0.6280  train_AUPR_ag=0.3469  train_P@5_ab=0.9500  train_P@5_ag=0.8000  val_loss=0.7019  val_AUPR_all=0.5158  val_AUPR_ab=0.6425  val_AUPR_ag=0.3151  val_P@5_ab=0.8000  val_P@5_ag=0.9500  select=0.4788
  Saved checkpoint: checkpoints_CE/iPara_balanced_l1_g6_i5_do0.10_dpr0.10_lr0.0002_heads16_fold2.pth  select=0.4788  val_ab=0.6425  val_ag=0.3151  val_all=0.5158
Ep009  LR0=1.91e-04  pw=7.99  aucα=0.000  token_p=0.020  dropE=(0.020,0.080)  smooth=0.010  train_loss=0.4506  train_AUPR_all=0.5353  train_AUPR_ab=0.6485  train_AUPR_ag=0.3461  train_P@5_ab=0.9000  train_P@5_ag=0.7500  val_loss=0.6918  val_AUPR_all=0.5244  val_AUPR_ab=0.6339  val_AUPR_ag=0.3364  val_P@5_ab=0.8000  val_P@5_ag=0.9000  select=0.4852
  Saved checkpoint: checkpoints_CE/iPara_balanced_l1_g6_i5_do0.10_dpr0.10_lr0.0002_heads16_fold2.pth  select=0.4852  val_ab=0.6339  val_ag=0.3364  val_all=0.5244
Ep010  LR0=1.89e-04  pw=7.17  aucα=0.030  token_p=0.020  dropE=(0.020,0.080)  smooth=0.010  train_loss=0.4406  train_AUPR_all=0.5505  train_AUPR_ab=0.6582  train_AUPR_ag=0.3682  train_P@5_ab=0.9500  train_P@5_ag=0.7500  val_loss=0.6821  val_AUPR_all=0.5424  val_AUPR_ab=0.6657  val_AUPR_ag=0.3367  val_P@5_ab=0.8500  val_P@5_ag=0.9000  select=0.5012
  Saved checkpoint: checkpoints_CE/iPara_balanced_l1_g6_i5_do0.10_dpr0.10_lr0.0002_heads16_fold2.pth  select=0.5012  val_ab=0.6657  val_ag=0.3367  val_all=0.5424
Ep011  LR0=1.87e-04  pw=6.44  aucα=0.060  token_p=0.020  dropE=(0.020,0.080)  smooth=0.010  train_loss=0.4292  train_AUPR_all=0.5594  train_AUPR_ab=0.6688  train_AUPR_ag=0.3762  train_P@5_ab=0.9500  train_P@5_ag=0.7000  val_loss=0.6109  val_AUPR_all=0.5359  val_AUPR_ab=0.6529  val_AUPR_ag=0.3422  val_P@5_ab=0.9000  val_P@5_ag=0.8500  select=0.4975
Ep012  LR0=1.84e-04  pw=5.80  aucα=0.090  token_p=0.020  dropE=(0.020,0.080)  smooth=0.010  train_loss=0.4199  train_AUPR_all=0.5665  train_AUPR_ab=0.6740  train_AUPR_ag=0.3858  train_P@5_ab=0.9500  train_P@5_ag=0.9500  val_loss=0.5722  val_AUPR_all=0.5466  val_AUPR_ab=0.6674  val_AUPR_ag=0.3673  val_P@5_ab=0.8500  val_P@5_ag=1.0000  select=0.5173
  Saved checkpoint: checkpoints_CE/iPara_balanced_l1_g6_i5_do0.10_dpr0.10_lr0.0002_heads16_fold2.pth  select=0.5173  val_ab=0.6674  val_ag=0.3673  val_all=0.5466
Ep013  LR0=1.81e-04  pw=5.24  aucα=0.120  token_p=0.020  dropE=(0.020,0.080)  smooth=0.010  train_loss=0.4119  train_AUPR_all=0.5756  train_AUPR_ab=0.6843  train_AUPR_ag=0.3973  train_P@5_ab=1.0000  train_P@5_ag=0.9500  val_loss=0.5625  val_AUPR_all=0.5497  val_AUPR_ab=0.6860  val_AUPR_ag=0.3503  val_P@5_ab=0.9000  val_P@5_ag=0.8500  select=0.5181
  Saved checkpoint: checkpoints_CE/iPara_balanced_l1_g6_i5_do0.10_dpr0.10_lr0.0002_heads16_fold2.pth  select=0.5181  val_ab=0.6860  val_ag=0.3503  val_all=0.5497
Ep014  LR0=1.78e-04  pw=4.74  aucα=0.150  token_p=0.020  dropE=(0.020,0.080)  smooth=0.010  train_loss=0.4028  train_AUPR_all=0.5832  train_AUPR_ab=0.6966  train_AUPR_ag=0.3973  train_P@5_ab=0.8500  train_P@5_ag=0.9000  val_loss=0.5191  val_AUPR_all=0.5543  val_AUPR_ab=0.6854  val_AUPR_ag=0.3593  val_P@5_ab=0.8500  val_P@5_ag=0.5500  select=0.5223
  Saved checkpoint: checkpoints_CE/iPara_balanced_l1_g6_i5_do0.10_dpr0.10_lr0.0002_heads16_fold2.pth  select=0.5223  val_ab=0.6854  val_ag=0.3593  val_all=0.5543
Ep015  LR0=1.74e-04  pw=4.30  aucα=0.180  token_p=0.020  dropE=(0.020,0.080)  smooth=0.010  train_loss=0.3961  train_AUPR_all=0.5916  train_AUPR_ab=0.7043  train_AUPR_ag=0.4078  train_P@5_ab=0.9000  train_P@5_ag=1.0000  val_loss=0.5304  val_AUPR_all=0.5299  val_AUPR_ab=0.6830  val_AUPR_ag=0.3480  val_P@5_ab=0.8500  val_P@5_ag=0.9500  select=0.5155
Ep016  LR0=1.71e-04  pw=3.91  aucα=0.210  token_p=0.020  dropE=(0.020,0.080)  smooth=0.010  train_loss=0.3866  train_AUPR_all=0.6022  train_AUPR_ab=0.7127  train_AUPR_ag=0.4230  train_P@5_ab=0.9500  train_P@5_ag=1.0000  val_loss=0.4833  val_AUPR_all=0.5479  val_AUPR_ab=0.6781  val_AUPR_ag=0.3541  val_P@5_ab=0.9000  val_P@5_ag=1.0000  select=0.5161
Ep017  LR0=1.67e-04  pw=3.57  aucα=0.240  token_p=0.020  dropE=(0.020,0.080)  smooth=0.010  train_loss=0.3827  train_AUPR_all=0.6072  train_AUPR_ab=0.7212  train_AUPR_ag=0.4220  train_P@5_ab=1.0000  train_P@5_ag=0.9000  val_loss=0.4738  val_AUPR_all=0.5744  val_AUPR_ab=0.7047  val_AUPR_ag=0.3611  val_P@5_ab=0.8000  val_P@5_ag=0.8000  select=0.5329
  Saved checkpoint: checkpoints_CE/iPara_balanced_l1_g6_i5_do0.10_dpr0.10_lr0.0002_heads16_fold2.pth  select=0.5329  val_ab=0.7047  val_ag=0.3611  val_all=0.5744
Ep018  LR0=1.63e-04  pw=3.27  aucα=0.270  token_p=0.020  dropE=(0.020,0.080)  smooth=0.010  train_loss=0.3819  train_AUPR_all=0.6083  train_AUPR_ab=0.7170  train_AUPR_ag=0.4322  train_P@5_ab=0.9500  train_P@5_ag=0.8500  val_loss=0.4453  val_AUPR_all=0.5611  val_AUPR_ab=0.7065  val_AUPR_ag=0.3777  val_P@5_ab=0.8500  val_P@5_ag=1.0000  select=0.5421
  Saved checkpoint: checkpoints_CE/iPara_balanced_l1_g6_i5_do0.10_dpr0.10_lr0.0002_heads16_fold2.pth  select=0.5421  val_ab=0.7065  val_ag=0.3777  val_all=0.5611
Ep019  LR0=1.59e-04  pw=3.00  aucα=0.300  token_p=0.020  dropE=(0.020,0.080)  smooth=0.010  train_loss=0.3696  train_AUPR_all=0.6280  train_AUPR_ab=0.7337  train_AUPR_ag=0.4600  train_P@5_ab=0.9000  train_P@5_ag=0.9000  val_loss=0.4271  val_AUPR_all=0.5808  val_AUPR_ab=0.7026  val_AUPR_ag=0.3838  val_P@5_ab=0.9000  val_P@5_ag=0.9000  select=0.5432
  Saved checkpoint: checkpoints_CE/iPara_balanced_l1_g6_i5_do0.10_dpr0.10_lr0.0002_heads16_fold2.pth  select=0.5432  val_ab=0.7026  val_ag=0.3838  val_all=0.5808
Ep020  LR0=1.55e-04  pw=2.77  aucα=0.300  token_p=0.020  dropE=(0.020,0.080)  smooth=0.010  train_loss=0.3566  train_AUPR_all=0.6314  train_AUPR_ab=0.7367  train_AUPR_ag=0.4624  train_P@5_ab=0.8500  train_P@5_ag=0.9000  val_loss=0.4223  val_AUPR_all=0.5889  val_AUPR_ab=0.7151  val_AUPR_ag=0.3840  val_P@5_ab=0.9000  val_P@5_ag=0.8500  select=0.5495
  Saved checkpoint: checkpoints_CE/iPara_balanced_l1_g6_i5_do0.10_dpr0.10_lr0.0002_heads16_fold2.pth  select=0.5495  val_ab=0.7151  val_ag=0.3840  val_all=0.5889
Ep021  LR0=1.50e-04  pw=2.56  aucα=0.300  token_p=0.020  dropE=(0.020,0.080)  smooth=0.010  train_loss=0.3393  train_AUPR_all=0.6447  train_AUPR_ab=0.7487  train_AUPR_ag=0.4804  train_P@5_ab=0.9500  train_P@5_ag=1.0000  val_loss=0.4364  val_AUPR_all=0.5911  val_AUPR_ab=0.7184  val_AUPR_ag=0.3963  val_P@5_ab=0.9000  val_P@5_ag=1.0000  select=0.5573
  Saved checkpoint: checkpoints_CE/iPara_balanced_l1_g6_i5_do0.10_dpr0.10_lr0.0002_heads16_fold2.pth  select=0.5573  val_ab=0.7184  val_ag=0.3963  val_all=0.5911
Ep022  LR0=1.46e-04  pw=2.38  aucα=0.300  token_p=0.020  dropE=(0.020,0.080)  smooth=0.010  train_loss=0.3249  train_AUPR_all=0.6484  train_AUPR_ab=0.7522  train_AUPR_ag=0.4840  train_P@5_ab=1.0000  train_P@5_ag=0.9500  val_loss=0.3701  val_AUPR_all=0.6101  val_AUPR_ab=0.7316  val_AUPR_ag=0.4111  val_P@5_ab=0.9000  val_P@5_ag=1.0000  select=0.5714
  Saved checkpoint: checkpoints_CE/iPara_balanced_l1_g6_i5_do0.10_dpr0.10_lr0.0002_heads16_fold2.pth  select=0.5714  val_ab=0.7316  val_ag=0.4111  val_all=0.6101
Ep023  LR0=1.41e-04  pw=2.21  aucα=0.300  token_p=0.020  dropE=(0.020,0.080)  smooth=0.010  train_loss=0.3073  train_AUPR_all=0.6642  train_AUPR_ab=0.7616  train_AUPR_ag=0.5123  train_P@5_ab=0.9500  train_P@5_ag=0.9500  val_loss=0.3802  val_AUPR_all=0.5820  val_AUPR_ab=0.7070  val_AUPR_ag=0.3835  val_P@5_ab=0.9500  val_P@5_ag=0.9500  select=0.5452
Ep024  LR0=1.36e-04  pw=2.07  aucα=0.300  token_p=0.020  dropE=(0.020,0.080)  smooth=0.010  train_loss=0.3018  train_AUPR_all=0.6635  train_AUPR_ab=0.7629  train_AUPR_ag=0.5079  train_P@5_ab=1.0000  train_P@5_ag=0.9500  val_loss=0.3714  val_AUPR_all=0.5884  val_AUPR_ab=0.7213  val_AUPR_ag=0.3807  val_P@5_ab=0.9500  val_P@5_ag=1.0000  select=0.5510
Ep025  LR0=1.31e-04  pw=1.95  aucα=0.300  token_p=0.020  dropE=(0.020,0.080)  smooth=0.010  train_loss=0.2870  train_AUPR_all=0.6747  train_AUPR_ab=0.7697  train_AUPR_ag=0.5266  train_P@5_ab=1.0000  train_P@5_ag=1.0000  val_loss=0.3446  val_AUPR_all=0.5957  val_AUPR_ab=0.7238  val_AUPR_ag=0.4072  val_P@5_ab=0.9500  val_P@5_ag=0.9500  select=0.5655
Ep026  LR0=1.26e-04  pw=1.83  aucα=0.300  token_p=0.020  dropE=(0.020,0.080)  smooth=0.010  train_loss=0.2734  train_AUPR_all=0.6883  train_AUPR_ab=0.7792  train_AUPR_ag=0.5484  train_P@5_ab=1.0000  train_P@5_ag=1.0000  val_loss=0.3467  val_AUPR_all=0.5989  val_AUPR_ab=0.7224  val_AUPR_ag=0.4156  val_P@5_ab=0.9000  val_P@5_ag=0.9000  select=0.5690
Ep027  LR0=1.21e-04  pw=1.74  aucα=0.300  token_p=0.020  dropE=(0.020,0.080)  smooth=0.010  train_loss=0.2635  train_AUPR_all=0.6961  train_AUPR_ab=0.7799  train_AUPR_ag=0.5669  train_P@5_ab=1.0000  train_P@5_ag=0.9500  val_loss=0.3533  val_AUPR_all=0.5620  val_AUPR_ab=0.6922  val_AUPR_ag=0.3764  val_P@5_ab=1.0000  val_P@5_ag=0.9000  select=0.5343
Ep028  LR0=1.16e-04  pw=1.65  aucα=0.300  token_p=0.020  dropE=(0.020,0.080)  smooth=0.010  train_loss=0.2494  train_AUPR_all=0.7118  train_AUPR_ab=0.7923  train_AUPR_ag=0.5894  train_P@5_ab=1.0000  train_P@5_ag=1.0000  val_loss=0.3411  val_AUPR_all=0.5763  val_AUPR_ab=0.7230  val_AUPR_ag=0.3826  val_P@5_ab=1.0000  val_P@5_ag=1.0000  select=0.5528
Ep029  LR0=1.11e-04  pw=1.57  aucα=0.300  token_p=0.020  dropE=(0.020,0.080)  smooth=0.010  train_loss=0.2415  train_AUPR_all=0.7185  train_AUPR_ab=0.7977  train_AUPR_ag=0.5984  train_P@5_ab=1.0000  train_P@5_ag=0.9500  val_loss=0.3399  val_AUPR_all=0.5970  val_AUPR_ab=0.7251  val_AUPR_ag=0.4040  val_P@5_ab=0.9500  val_P@5_ag=1.0000  select=0.5646
Ep030  LR0=1.05e-04  pw=1.51  aucα=0.300  token_p=0.020  dropE=(0.020,0.080)  smooth=0.010  train_loss=0.2309  train_AUPR_all=0.7311  train_AUPR_ab=0.8032  train_AUPR_ag=0.6230  train_P@5_ab=1.0000  train_P@5_ag=1.0000  val_loss=0.3262  val_AUPR_all=0.6046  val_AUPR_ab=0.7447  val_AUPR_ag=0.4167  val_P@5_ab=0.8500  val_P@5_ag=1.0000  select=0.5807
  Saved checkpoint: checkpoints_CE/iPara_balanced_l1_g6_i5_do0.10_dpr0.10_lr0.0002_heads16_fold2.pth  select=0.5807  val_ab=0.7447  val_ag=0.4167  val_all=0.6046
Ep031  LR0=1.00e-04  pw=1.45  aucα=0.300  token_p=0.020  dropE=(0.020,0.080)  smooth=0.010  train_loss=0.2280  train_AUPR_all=0.7291  train_AUPR_ab=0.8007  train_AUPR_ag=0.6223  train_P@5_ab=1.0000  train_P@5_ag=0.9500  val_loss=0.3392  val_AUPR_all=0.5931  val_AUPR_ab=0.7301  val_AUPR_ag=0.4042  val_P@5_ab=1.0000  val_P@5_ag=0.9500  select=0.5671
Ep032  LR0=9.50e-05  pw=1.39  aucα=0.300  token_p=0.020  dropE=(0.020,0.080)  smooth=0.010  train_loss=0.2175  train_AUPR_all=0.7420  train_AUPR_ab=0.8088  train_AUPR_ag=0.6423  train_P@5_ab=1.0000  train_P@5_ag=1.0000  val_loss=0.3164  val_AUPR_all=0.6130  val_AUPR_ab=0.7464  val_AUPR_ag=0.4153  val_P@5_ab=1.0000  val_P@5_ag=0.9500  select=0.5808
  Saved checkpoint: checkpoints_CE/iPara_balanced_l1_g6_i5_do0.10_dpr0.10_lr0.0002_heads16_fold2.pth  select=0.5808  val_ab=0.7464  val_ag=0.4153  val_all=0.6130
Ep033  LR0=8.98e-05  pw=1.35  aucα=0.300  token_p=0.020  dropE=(0.020,0.080)  smooth=0.010  train_loss=0.2079  train_AUPR_all=0.7561  train_AUPR_ab=0.8205  train_AUPR_ag=0.6610  train_P@5_ab=1.0000  train_P@5_ag=1.0000  val_loss=0.3284  val_AUPR_all=0.5974  val_AUPR_ab=0.7359  val_AUPR_ag=0.3966  val_P@5_ab=1.0000  val_P@5_ag=0.8000  select=0.5662
Ep034  LR0=8.46e-05  pw=1.31  aucα=0.300  token_p=0.020  dropE=(0.020,0.080)  smooth=0.010  train_loss=0.1993  train_AUPR_all=0.7677  train_AUPR_ab=0.8279  train_AUPR_ag=0.6797  train_P@5_ab=1.0000  train_P@5_ag=0.8500  val_loss=0.3217  val_AUPR_all=0.6044  val_AUPR_ab=0.7434  val_AUPR_ag=0.3941  val_P@5_ab=1.0000  val_P@5_ag=0.9500  select=0.5687
Ep035  LR0=7.95e-05  pw=1.27  aucα=0.300  token_p=0.020  dropE=(0.020,0.080)  smooth=0.010  train_loss=0.1952  train_AUPR_all=0.7715  train_AUPR_ab=0.8320  train_AUPR_ag=0.6825  train_P@5_ab=1.0000  train_P@5_ag=1.0000  val_loss=0.3199  val_AUPR_all=0.5917  val_AUPR_ab=0.7323  val_AUPR_ag=0.3912  val_P@5_ab=1.0000  val_P@5_ag=0.7500  select=0.5618
Ep036  LR0=7.44e-05  pw=1.24  aucα=0.300  token_p=0.020  dropE=(0.020,0.080)  smooth=0.010  train_loss=0.1898  train_AUPR_all=0.7805  train_AUPR_ab=0.8380  train_AUPR_ag=0.6970  train_P@5_ab=1.0000  train_P@5_ag=1.0000  val_loss=0.3226  val_AUPR_all=0.5872  val_AUPR_ab=0.7313  val_AUPR_ag=0.3940  val_P@5_ab=0.9500  val_P@5_ag=0.6500  select=0.5626
Ep037  LR0=6.94e-05  pw=1.21  aucα=0.300  token_p=0.020  dropE=(0.020,0.080)  smooth=0.010  train_loss=0.1856  train_AUPR_all=0.7833  train_AUPR_ab=0.8372  train_AUPR_ag=0.7053  train_P@5_ab=1.0000  train_P@5_ag=0.9000  val_loss=0.3216  val_AUPR_all=0.5977  val_AUPR_ab=0.7375  val_AUPR_ag=0.4045  val_P@5_ab=1.0000  val_P@5_ag=0.8500  select=0.5710
Ep038  LR0=6.45e-05  pw=1.19  aucα=0.300  token_p=0.020  dropE=(0.020,0.080)  smooth=0.010  train_loss=0.1808  train_AUPR_all=0.7899  train_AUPR_ab=0.8454  train_AUPR_ag=0.7090  train_P@5_ab=1.0000  train_P@5_ag=1.0000  val_loss=0.3090  val_AUPR_all=0.6073  val_AUPR_ab=0.7430  val_AUPR_ag=0.4066  val_P@5_ab=1.0000  val_P@5_ag=0.9500  select=0.5748
Ep039  LR0=5.97e-05  pw=1.16  aucα=0.300  token_p=0.020  dropE=(0.020,0.080)  smooth=0.010  train_loss=0.1785  train_AUPR_all=0.7912  train_AUPR_ab=0.8428  train_AUPR_ag=0.7161  train_P@5_ab=1.0000  train_P@5_ag=1.0000  val_loss=0.3173  val_AUPR_all=0.5931  val_AUPR_ab=0.7347  val_AUPR_ag=0.3975  val_P@5_ab=0.9000  val_P@5_ag=0.7500  select=0.5661
Ep040  LR0=5.50e-05  pw=1.15  aucα=0.300  token_p=0.020  dropE=(0.020,0.080)  smooth=0.010  train_loss=0.1716  train_AUPR_all=0.8031  train_AUPR_ab=0.8524  train_AUPR_ag=0.7316  train_P@5_ab=1.0000  train_P@5_ag=0.9500  val_loss=0.3079  val_AUPR_all=0.6119  val_AUPR_ab=0.7411  val_AUPR_ag=0.4294  val_P@5_ab=1.0000  val_P@5_ag=0.9500  select=0.5852
  Saved checkpoint: checkpoints_CE/iPara_balanced_l1_g6_i5_do0.10_dpr0.10_lr0.0002_heads16_fold2.pth  select=0.5852  val_ab=0.7411  val_ag=0.4294  val_all=0.6119
Ep041  LR0=5.04e-05  pw=1.13  aucα=0.300  token_p=0.020  dropE=(0.020,0.080)  smooth=0.010  train_loss=0.1651  train_AUPR_all=0.8138  train_AUPR_ab=0.8609  train_AUPR_ag=0.7457  train_P@5_ab=1.0000  train_P@5_ag=1.0000  val_loss=0.3110  val_AUPR_all=0.5901  val_AUPR_ab=0.7301  val_AUPR_ag=0.4120  val_P@5_ab=1.0000  val_P@5_ag=0.9000  select=0.5711
Ep042  LR0=4.59e-05  pw=1.11  aucα=0.300  token_p=0.020  dropE=(0.020,0.080)  smooth=0.010  train_loss=0.1651  train_AUPR_all=0.8125  train_AUPR_ab=0.8598  train_AUPR_ag=0.7440  train_P@5_ab=1.0000  train_P@5_ag=1.0000  val_loss=0.3100  val_AUPR_all=0.6035  val_AUPR_ab=0.7392  val_AUPR_ag=0.4095  val_P@5_ab=1.0000  val_P@5_ag=0.8500  select=0.5744
Ep043  LR0=4.16e-05  pw=1.10  aucα=0.300  token_p=0.020  dropE=(0.020,0.080)  smooth=0.010  train_loss=0.1615  train_AUPR_all=0.8180  train_AUPR_ab=0.8643  train_AUPR_ag=0.7510  train_P@5_ab=1.0000  train_P@5_ag=1.0000  val_loss=0.3109  val_AUPR_all=0.6051  val_AUPR_ab=0.7428  val_AUPR_ag=0.4124  val_P@5_ab=1.0000  val_P@5_ag=0.9000  select=0.5776
Ep044  LR0=3.75e-05  pw=1.09  aucα=0.300  token_p=0.020  dropE=(0.020,0.080)  smooth=0.010  train_loss=0.1580  train_AUPR_all=0.8229  train_AUPR_ab=0.8664  train_AUPR_ag=0.7605  train_P@5_ab=0.9500  train_P@5_ag=1.0000  val_loss=0.3078  val_AUPR_all=0.6064  val_AUPR_ab=0.7422  val_AUPR_ag=0.4173  val_P@5_ab=1.0000  val_P@5_ag=0.8500  select=0.5798
Ep045  LR0=3.35e-05  pw=1.08  aucα=0.300  token_p=0.020  dropE=(0.020,0.080)  smooth=0.010  train_loss=0.1564  train_AUPR_all=0.8252  train_AUPR_ab=0.8698  train_AUPR_ag=0.7611  train_P@5_ab=1.0000  train_P@5_ag=0.9500  val_loss=0.3093  val_AUPR_all=0.6026  val_AUPR_ab=0.7437  val_AUPR_ag=0.4112  val_P@5_ab=1.0000  val_P@5_ag=0.8500  select=0.5775
Ep046  LR0=2.97e-05  pw=1.07  aucα=0.300  token_p=0.020  dropE=(0.020,0.080)  smooth=0.010  train_loss=0.1512  train_AUPR_all=0.8331  train_AUPR_ab=0.8746  train_AUPR_ag=0.7733  train_P@5_ab=1.0000  train_P@5_ag=1.0000  val_loss=0.3124  val_AUPR_all=0.5943  val_AUPR_ab=0.7362  val_AUPR_ag=0.4080  val_P@5_ab=1.0000  val_P@5_ag=0.9000  select=0.5721
Ep047  LR0=2.61e-05  pw=1.06  aucα=0.300  token_p=0.020  dropE=(0.020,0.080)  smooth=0.010  train_loss=0.1497  train_AUPR_all=0.8358  train_AUPR_ab=0.8746  train_AUPR_ag=0.7805  train_P@5_ab=1.0000  train_P@5_ag=1.0000  val_loss=0.3110  val_AUPR_all=0.6017  val_AUPR_ab=0.7411  val_AUPR_ag=0.4199  val_P@5_ab=1.0000  val_P@5_ag=0.8500  select=0.5805
Ep048  LR0=2.27e-05  pw=1.05  aucα=0.300  token_p=0.020  dropE=(0.020,0.080)  smooth=0.010  train_loss=0.1468  train_AUPR_all=0.8393  train_AUPR_ab=0.8787  train_AUPR_ag=0.7828  train_P@5_ab=0.9500  train_P@5_ag=1.0000  val_loss=0.3087  val_AUPR_all=0.6016  val_AUPR_ab=0.7424  val_AUPR_ag=0.4150  val_P@5_ab=1.0000  val_P@5_ag=0.9500  select=0.5787
Ep049  LR0=1.96e-05  pw=1.05  aucα=0.300  token_p=0.020  dropE=(0.020,0.080)  smooth=0.010  train_loss=0.1412  train_AUPR_all=0.8500  train_AUPR_ab=0.8880  train_AUPR_ag=0.7955  train_P@5_ab=1.0000  train_P@5_ag=1.0000  val_loss=0.3119  val_AUPR_all=0.6030  val_AUPR_ab=0.7438  val_AUPR_ag=0.4089  val_P@5_ab=1.0000  val_P@5_ag=0.9000  select=0.5763
Ep050  LR0=1.66e-05  pw=1.04  aucα=0.300  token_p=0.020  dropE=(0.020,0.080)  smooth=0.010  train_loss=0.1419  train_AUPR_all=0.8476  train_AUPR_ab=0.8859  train_AUPR_ag=0.7923  train_P@5_ab=1.0000  train_P@5_ag=1.0000  val_loss=0.3103  val_AUPR_all=0.6016  val_AUPR_ab=0.7425  val_AUPR_ag=0.4049  val_P@5_ab=1.0000  val_P@5_ag=0.9000  select=0.5737
Ep051  LR0=1.39e-05  pw=1.04  aucα=0.300  token_p=0.020  dropE=(0.020,0.080)  smooth=0.010  train_loss=0.1384  train_AUPR_all=0.8535  train_AUPR_ab=0.8923  train_AUPR_ag=0.7968  train_P@5_ab=1.0000  train_P@5_ag=1.0000  val_loss=0.3146  val_AUPR_all=0.5957  val_AUPR_ab=0.7412  val_AUPR_ag=0.3965  val_P@5_ab=0.9500  val_P@5_ag=0.9000  select=0.5688
Ep052  LR0=1.14e-05  pw=1.03  aucα=0.300  token_p=0.020  dropE=(0.020,0.080)  smooth=0.010  train_loss=0.1412  train_AUPR_all=0.8487  train_AUPR_ab=0.8864  train_AUPR_ag=0.7946  train_P@5_ab=1.0000  train_P@5_ag=1.0000  val_loss=0.3126  val_AUPR_all=0.5975  val_AUPR_ab=0.7403  val_AUPR_ag=0.4012  val_P@5_ab=1.0000  val_P@5_ag=0.9500  select=0.5708
Ep053  LR0=9.12e-06  pw=1.03  aucα=0.300  token_p=0.020  dropE=(0.020,0.080)  smooth=0.010  train_loss=0.1380  train_AUPR_all=0.8537  train_AUPR_ab=0.8918  train_AUPR_ag=0.7983  train_P@5_ab=1.0000  train_P@5_ag=1.0000  val_loss=0.3135  val_AUPR_all=0.5973  val_AUPR_ab=0.7390  val_AUPR_ag=0.4033  val_P@5_ab=0.9500  val_P@5_ag=0.9500  select=0.5711
Ep054  LR0=7.13e-06  pw=1.03  aucα=0.300  token_p=0.020  dropE=(0.020,0.080)  smooth=0.010  train_loss=0.1385  train_AUPR_all=0.8533  train_AUPR_ab=0.8898  train_AUPR_ag=0.8008  train_P@5_ab=1.0000  train_P@5_ag=1.0000  val_loss=0.3135  val_AUPR_all=0.5946  val_AUPR_ab=0.7355  val_AUPR_ag=0.4034  val_P@5_ab=0.9500  val_P@5_ag=0.9500  select=0.5694
Ep055  LR0=5.38e-06  pw=1.02  aucα=0.300  token_p=0.020  dropE=(0.020,0.080)  smooth=0.010  train_loss=0.1408  train_AUPR_all=0.8473  train_AUPR_ab=0.8876  train_AUPR_ag=0.7888  train_P@5_ab=1.0000  train_P@5_ag=1.0000  val_loss=0.3121  val_AUPR_all=0.5977  val_AUPR_ab=0.7396  val_AUPR_ag=0.4019  val_P@5_ab=1.0000  val_P@5_ag=0.9500  select=0.5707
Ep056  LR0=3.90e-06  pw=1.02  aucα=0.300  token_p=0.020  dropE=(0.020,0.080)  smooth=0.010  train_loss=0.1377  train_AUPR_all=0.8542  train_AUPR_ab=0.8907  train_AUPR_ag=0.8018  train_P@5_ab=1.0000  train_P@5_ag=1.0000  val_loss=0.3132  val_AUPR_all=0.5974  val_AUPR_ab=0.7392  val_AUPR_ag=0.4063  val_P@5_ab=1.0000  val_P@5_ag=0.9500  select=0.5728
Ep057  LR0=2.68e-06  pw=1.02  aucα=0.300  token_p=0.020  dropE=(0.020,0.080)  smooth=0.010  train_loss=0.1371  train_AUPR_all=0.8552  train_AUPR_ab=0.8918  train_AUPR_ag=0.8026  train_P@5_ab=1.0000  train_P@5_ag=1.0000  val_loss=0.3119  val_AUPR_all=0.5985  val_AUPR_ab=0.7396  val_AUPR_ag=0.4056  val_P@5_ab=1.0000  val_P@5_ag=0.9000  select=0.5726
Ep058  LR0=1.73e-06  pw=1.02  aucα=0.300  token_p=0.020  dropE=(0.020,0.080)  smooth=0.010  train_loss=0.1386  train_AUPR_all=0.8522  train_AUPR_ab=0.8897  train_AUPR_ag=0.7979  train_P@5_ab=1.0000  train_P@5_ag=1.0000  val_loss=0.3118  val_AUPR_all=0.5983  val_AUPR_ab=0.7384  val_AUPR_ag=0.4065  val_P@5_ab=1.0000  val_P@5_ag=0.9000  select=0.5724
Ep059  LR0=1.05e-06  pw=1.01  aucα=0.300  token_p=0.020  dropE=(0.020,0.080)  smooth=0.010  train_loss=0.1347  train_AUPR_all=0.8586  train_AUPR_ab=0.8945  train_AUPR_ag=0.8068  train_P@5_ab=0.9500  train_P@5_ag=1.0000  val_loss=0.3124  val_AUPR_all=0.5971  val_AUPR_ab=0.7385  val_AUPR_ag=0.4044  val_P@5_ab=1.0000  val_P@5_ag=0.9000  select=0.5714
Ep060  LR0=6.37e-07  pw=1.01  aucα=0.300  token_p=0.020  dropE=(0.020,0.080)  smooth=0.010  train_loss=0.1326  train_AUPR_all=0.8621  train_AUPR_ab=0.8988  train_AUPR_ag=0.8086  train_P@5_ab=1.0000  train_P@5_ag=1.0000  val_loss=0.3124  val_AUPR_all=0.5970  val_AUPR_ab=0.7386  val_AUPR_ag=0.4043  val_P@5_ab=1.0000  val_P@5_ag=0.9000  select=0.5714
Early stopping at epoch 60. Best select=0.5852 at epoch 40.
Final saved checkpoint for fold 2: checkpoints_CE/iPara_balanced_l1_g6_i5_do0.10_dpr0.10_lr0.0002_heads16_fold2.pth
Best select=0.5852 at epoch 40

==========================================================================================
Fold 3/5
==========================================================================================
Train labels: valid=401949, pos=26660, neg=375289, ignore=695651, pos_frac=0.06633
Val labels: valid=98243, pos=6570, neg=91673, ignore=176957, pos_frac=0.06687
Initializing ClassificationModel with 6 GAT layers and residual connections...
Initializing MCModel with 6 GAT layers and 5 row attention layers (drop_path_rate=0.1)
Initializing CoreModel with 1 layers, drop_path_rate=0.1
Ep001  LR0=2.00e-04  pw=20.00  aucα=0.000  token_p=0.020  dropE=(0.020,0.080)  smooth=0.010  train_loss=1.1467  train_AUPR_all=0.2081  train_AUPR_ab=0.2452  train_AUPR_ag=0.1556  train_P@5_ab=0.1000  train_P@5_ag=0.2000  val_loss=1.2318  val_AUPR_all=0.4240  val_AUPR_ab=0.5122  val_AUPR_ag=0.2690  val_P@5_ab=0.8500  val_P@5_ag=0.7500  select=0.3906
  Saved checkpoint: checkpoints_CE/iPara_balanced_l1_g6_i5_do0.10_dpr0.10_lr0.0002_heads16_fold3.pth  select=0.3906  val_ab=0.5122  val_ag=0.2690  val_all=0.4240
Ep002  LR0=2.00e-04  pw=17.77  aucα=0.000  token_p=0.020  dropE=(0.020,0.080)  smooth=0.010  train_loss=0.8473  train_AUPR_all=0.3663  train_AUPR_ab=0.4497  train_AUPR_ag=0.2424  train_P@5_ab=0.5500  train_P@5_ag=0.8000  val_loss=1.4737  val_AUPR_all=0.4348  val_AUPR_ab=0.5618  val_AUPR_ag=0.2448  val_P@5_ab=0.7500  val_P@5_ag=0.6000  select=0.4033
  Saved checkpoint: checkpoints_CE/iPara_balanced_l1_g6_i5_do0.10_dpr0.10_lr0.0002_heads16_fold3.pth  select=0.4033  val_ab=0.5618  val_ag=0.2448  val_all=0.4348
Ep003  LR0=1.99e-04  pw=15.80  aucα=0.000  token_p=0.020  dropE=(0.020,0.080)  smooth=0.010  train_loss=0.7314  train_AUPR_all=0.4222  train_AUPR_ab=0.4997  train_AUPR_ag=0.2817  train_P@5_ab=0.8000  train_P@5_ag=0.8500  val_loss=1.4549  val_AUPR_all=0.4299  val_AUPR_ab=0.5366  val_AUPR_ag=0.2508  val_P@5_ab=0.8000  val_P@5_ag=0.9000  select=0.3937
Ep004  LR0=1.99e-04  pw=14.06  aucα=0.000  token_p=0.020  dropE=(0.020,0.080)  smooth=0.010  train_loss=0.6705  train_AUPR_all=0.4379  train_AUPR_ab=0.5178  train_AUPR_ag=0.2889  train_P@5_ab=0.6000  train_P@5_ag=1.0000  val_loss=1.0299  val_AUPR_all=0.4783  val_AUPR_ab=0.5920  val_AUPR_ag=0.3109  val_P@5_ab=0.8000  val_P@5_ag=0.9000  select=0.4515
  Saved checkpoint: checkpoints_CE/iPara_balanced_l1_g6_i5_do0.10_dpr0.10_lr0.0002_heads16_fold3.pth  select=0.4515  val_ab=0.5920  val_ag=0.3109  val_all=0.4783
Unfreezing DyM parameters.
Ep005  LR0=1.98e-04  pw=12.52  aucα=0.000  token_p=0.020  dropE=(0.020,0.080)  smooth=0.010  train_loss=0.6146  train_AUPR_all=0.4726  train_AUPR_ab=0.5605  train_AUPR_ag=0.3148  train_P@5_ab=0.7500  train_P@5_ag=0.9500  val_loss=1.1967  val_AUPR_all=0.4786  val_AUPR_ab=0.6088  val_AUPR_ag=0.2692  val_P@5_ab=0.8000  val_P@5_ag=0.7500  select=0.4390
Ep006  LR0=1.97e-04  pw=11.17  aucα=0.000  token_p=0.020  dropE=(0.020,0.080)  smooth=0.010  train_loss=0.5669  train_AUPR_all=0.4907  train_AUPR_ab=0.5850  train_AUPR_ag=0.3284  train_P@5_ab=0.8500  train_P@5_ag=0.7500  val_loss=1.0811  val_AUPR_all=0.4819  val_AUPR_ab=0.6169  val_AUPR_ag=0.2762  val_P@5_ab=0.9000  val_P@5_ag=0.8000  select=0.4466
Ep007  LR0=1.95e-04  pw=9.97  aucα=0.000  token_p=0.020  dropE=(0.020,0.080)  smooth=0.010  train_loss=0.5260  train_AUPR_all=0.5087  train_AUPR_ab=0.6083  train_AUPR_ag=0.3337  train_P@5_ab=0.8000  train_P@5_ag=1.0000  val_loss=0.8498  val_AUPR_all=0.5245  val_AUPR_ab=0.6583  val_AUPR_ag=0.3104  val_P@5_ab=0.9000  val_P@5_ag=0.7000  select=0.4843
  Saved checkpoint: checkpoints_CE/iPara_balanced_l1_g6_i5_do0.10_dpr0.10_lr0.0002_heads16_fold3.pth  select=0.4843  val_ab=0.6583  val_ag=0.3104  val_all=0.5245
Ep008  LR0=1.93e-04  pw=8.92  aucα=0.000  token_p=0.020  dropE=(0.020,0.080)  smooth=0.010  train_loss=0.4920  train_AUPR_all=0.5174  train_AUPR_ab=0.6175  train_AUPR_ag=0.3450  train_P@5_ab=1.0000  train_P@5_ag=0.9000  val_loss=0.7541  val_AUPR_all=0.5371  val_AUPR_ab=0.6588  val_AUPR_ag=0.3232  val_P@5_ab=0.9500  val_P@5_ag=0.8500  select=0.4910
  Saved checkpoint: checkpoints_CE/iPara_balanced_l1_g6_i5_do0.10_dpr0.10_lr0.0002_heads16_fold3.pth  select=0.4910  val_ab=0.6588  val_ag=0.3232  val_all=0.5371
Ep009  LR0=1.91e-04  pw=7.99  aucα=0.000  token_p=0.020  dropE=(0.020,0.080)  smooth=0.010  train_loss=0.4585  train_AUPR_all=0.5270  train_AUPR_ab=0.6309  train_AUPR_ag=0.3524  train_P@5_ab=0.7000  train_P@5_ag=0.9500  val_loss=0.8357  val_AUPR_all=0.4986  val_AUPR_ab=0.6639  val_AUPR_ag=0.2841  val_P@5_ab=0.8000  val_P@5_ag=0.8500  select=0.4740
Ep010  LR0=1.89e-04  pw=7.17  aucα=0.030  token_p=0.020  dropE=(0.020,0.080)  smooth=0.010  train_loss=0.4458  train_AUPR_all=0.5385  train_AUPR_ab=0.6493  train_AUPR_ag=0.3515  train_P@5_ab=0.8500  train_P@5_ag=0.7500  val_loss=0.6469  val_AUPR_all=0.5330  val_AUPR_ab=0.6752  val_AUPR_ag=0.3264  val_P@5_ab=0.8000  val_P@5_ag=0.9000  select=0.5008
  Saved checkpoint: checkpoints_CE/iPara_balanced_l1_g6_i5_do0.10_dpr0.10_lr0.0002_heads16_fold3.pth  select=0.5008  val_ab=0.6752  val_ag=0.3264  val_all=0.5330
Ep011  LR0=1.87e-04  pw=6.44  aucα=0.060  token_p=0.020  dropE=(0.020,0.080)  smooth=0.010  train_loss=0.4352  train_AUPR_all=0.5426  train_AUPR_ab=0.6491  train_AUPR_ag=0.3614  train_P@5_ab=0.7500  train_P@5_ag=0.8500  val_loss=0.6772  val_AUPR_all=0.4942  val_AUPR_ab=0.6736  val_AUPR_ag=0.2844  val_P@5_ab=0.7500  val_P@5_ag=0.9000  select=0.4790
Ep012  LR0=1.84e-04  pw=5.80  aucα=0.090  token_p=0.020  dropE=(0.020,0.080)  smooth=0.010  train_loss=0.4245  train_AUPR_all=0.5586  train_AUPR_ab=0.6686  train_AUPR_ag=0.3767  train_P@5_ab=0.8500  train_P@5_ag=1.0000  val_loss=0.5984  val_AUPR_all=0.5538  val_AUPR_ab=0.6922  val_AUPR_ag=0.3338  val_P@5_ab=0.9500  val_P@5_ag=0.6000  select=0.5130
  Saved checkpoint: checkpoints_CE/iPara_balanced_l1_g6_i5_do0.10_dpr0.10_lr0.0002_heads16_fold3.pth  select=0.5130  val_ab=0.6922  val_ag=0.3338  val_all=0.5538
Ep013  LR0=1.81e-04  pw=5.24  aucα=0.120  token_p=0.020  dropE=(0.020,0.080)  smooth=0.010  train_loss=0.4141  train_AUPR_all=0.5700  train_AUPR_ab=0.6828  train_AUPR_ag=0.3830  train_P@5_ab=0.9500  train_P@5_ag=0.8000  val_loss=0.5735  val_AUPR_all=0.5638  val_AUPR_ab=0.6805  val_AUPR_ag=0.3758  val_P@5_ab=0.9000  val_P@5_ag=0.8500  select=0.5281
  Saved checkpoint: checkpoints_CE/iPara_balanced_l1_g6_i5_do0.10_dpr0.10_lr0.0002_heads16_fold3.pth  select=0.5281  val_ab=0.6805  val_ag=0.3758  val_all=0.5638
Ep014  LR0=1.78e-04  pw=4.74  aucα=0.150  token_p=0.020  dropE=(0.020,0.080)  smooth=0.010  train_loss=0.4057  train_AUPR_all=0.5764  train_AUPR_ab=0.6915  train_AUPR_ag=0.3894  train_P@5_ab=0.9500  train_P@5_ag=0.9000  val_loss=0.4921  val_AUPR_all=0.5869  val_AUPR_ab=0.7039  val_AUPR_ag=0.4071  val_P@5_ab=1.0000  val_P@5_ag=0.9500  select=0.5555
  Saved checkpoint: checkpoints_CE/iPara_balanced_l1_g6_i5_do0.10_dpr0.10_lr0.0002_heads16_fold3.pth  select=0.5555  val_ab=0.7039  val_ag=0.4071  val_all=0.5869
Ep015  LR0=1.74e-04  pw=4.30  aucα=0.180  token_p=0.020  dropE=(0.020,0.080)  smooth=0.010  train_loss=0.3978  train_AUPR_all=0.5871  train_AUPR_ab=0.6998  train_AUPR_ag=0.4026  train_P@5_ab=0.9500  train_P@5_ag=0.9500  val_loss=0.4724  val_AUPR_all=0.5855  val_AUPR_ab=0.7148  val_AUPR_ag=0.3897  val_P@5_ab=1.0000  val_P@5_ag=1.0000  select=0.5523
Ep016  LR0=1.71e-04  pw=3.91  aucα=0.210  token_p=0.020  dropE=(0.020,0.080)  smooth=0.010  train_loss=0.3926  train_AUPR_all=0.5915  train_AUPR_ab=0.7090  train_AUPR_ag=0.4014  train_P@5_ab=0.9500  train_P@5_ag=0.7500  val_loss=0.5157  val_AUPR_all=0.5498  val_AUPR_ab=0.6948  val_AUPR_ag=0.3446  val_P@5_ab=0.9500  val_P@5_ag=1.0000  select=0.5197
Ep017  LR0=1.67e-04  pw=3.57  aucα=0.240  token_p=0.020  dropE=(0.020,0.080)  smooth=0.010  train_loss=0.3894  train_AUPR_all=0.5942  train_AUPR_ab=0.7092  train_AUPR_ag=0.4049  train_P@5_ab=0.9500  train_P@5_ag=0.8000  val_loss=0.4462  val_AUPR_all=0.5878  val_AUPR_ab=0.7178  val_AUPR_ag=0.3702  val_P@5_ab=1.0000  val_P@5_ag=1.0000  select=0.5440
Ep018  LR0=1.63e-04  pw=3.27  aucα=0.270  token_p=0.020  dropE=(0.020,0.080)  smooth=0.010  train_loss=0.3843  train_AUPR_all=0.6016  train_AUPR_ab=0.7179  train_AUPR_ag=0.4119  train_P@5_ab=0.9500  train_P@5_ag=1.0000  val_loss=0.4277  val_AUPR_all=0.5884  val_AUPR_ab=0.7092  val_AUPR_ag=0.3972  val_P@5_ab=0.9000  val_P@5_ag=0.9000  select=0.5532
Ep019  LR0=1.59e-04  pw=3.00  aucα=0.300  token_p=0.020  dropE=(0.020,0.080)  smooth=0.010  train_loss=0.3728  train_AUPR_all=0.6243  train_AUPR_ab=0.7357  train_AUPR_ag=0.4453  train_P@5_ab=0.9500  train_P@5_ag=0.8000  val_loss=0.4143  val_AUPR_all=0.5733  val_AUPR_ab=0.7072  val_AUPR_ag=0.3697  val_P@5_ab=0.7500  val_P@5_ag=1.0000  select=0.5385
Ep020  LR0=1.55e-04  pw=2.77  aucα=0.300  token_p=0.020  dropE=(0.020,0.080)  smooth=0.010  train_loss=0.3595  train_AUPR_all=0.6270  train_AUPR_ab=0.7360  train_AUPR_ag=0.4533  train_P@5_ab=0.9500  train_P@5_ag=0.9000  val_loss=0.4060  val_AUPR_all=0.5214  val_AUPR_ab=0.6943  val_AUPR_ag=0.3085  val_P@5_ab=0.9500  val_P@5_ag=0.6500  select=0.5014
Ep021  LR0=1.50e-04  pw=2.56  aucα=0.300  token_p=0.020  dropE=(0.020,0.080)  smooth=0.010  train_loss=0.3427  train_AUPR_all=0.6359  train_AUPR_ab=0.7410  train_AUPR_ag=0.4673  train_P@5_ab=1.0000  train_P@5_ag=0.9500  val_loss=0.3854  val_AUPR_all=0.5965  val_AUPR_ab=0.7223  val_AUPR_ag=0.3907  val_P@5_ab=0.9500  val_P@5_ag=1.0000  select=0.5565
  Saved checkpoint: checkpoints_CE/iPara_balanced_l1_g6_i5_do0.10_dpr0.10_lr0.0002_heads16_fold3.pth  select=0.5565  val_ab=0.7223  val_ag=0.3907  val_all=0.5965
Ep022  LR0=1.46e-04  pw=2.38  aucα=0.300  token_p=0.020  dropE=(0.020,0.080)  smooth=0.010  train_loss=0.3286  train_AUPR_all=0.6438  train_AUPR_ab=0.7504  train_AUPR_ag=0.4743  train_P@5_ab=0.9000  train_P@5_ag=1.0000  val_loss=0.3699  val_AUPR_all=0.5913  val_AUPR_ab=0.7168  val_AUPR_ag=0.3898  val_P@5_ab=1.0000  val_P@5_ag=1.0000  select=0.5533
Ep023  LR0=1.41e-04  pw=2.21  aucα=0.300  token_p=0.020  dropE=(0.020,0.080)  smooth=0.010  train_loss=0.3114  train_AUPR_all=0.6608  train_AUPR_ab=0.7628  train_AUPR_ag=0.5001  train_P@5_ab=0.9500  train_P@5_ag=0.9500  val_loss=0.3772  val_AUPR_all=0.5220  val_AUPR_ab=0.7044  val_AUPR_ag=0.2952  val_P@5_ab=1.0000  val_P@5_ag=0.9000  select=0.4998
Ep024  LR0=1.36e-04  pw=2.07  aucα=0.300  token_p=0.020  dropE=(0.020,0.080)  smooth=0.010  train_loss=0.2993  train_AUPR_all=0.6642  train_AUPR_ab=0.7596  train_AUPR_ag=0.5143  train_P@5_ab=0.9000  train_P@5_ag=0.9500  val_loss=0.3419  val_AUPR_all=0.6121  val_AUPR_ab=0.7432  val_AUPR_ag=0.4092  val_P@5_ab=1.0000  val_P@5_ag=1.0000  select=0.5762
  Saved checkpoint: checkpoints_CE/iPara_balanced_l1_g6_i5_do0.10_dpr0.10_lr0.0002_heads16_fold3.pth  select=0.5762  val_ab=0.7432  val_ag=0.4092  val_all=0.6121
Ep025  LR0=1.31e-04  pw=1.95  aucα=0.300  token_p=0.020  dropE=(0.020,0.080)  smooth=0.010  train_loss=0.2880  train_AUPR_all=0.6703  train_AUPR_ab=0.7659  train_AUPR_ag=0.5206  train_P@5_ab=1.0000  train_P@5_ag=0.9000  val_loss=0.3533  val_AUPR_all=0.5703  val_AUPR_ab=0.7389  val_AUPR_ag=0.3323  val_P@5_ab=1.0000  val_P@5_ag=0.7500  select=0.5356
Ep026  LR0=1.26e-04  pw=1.83  aucα=0.300  token_p=0.020  dropE=(0.020,0.080)  smooth=0.010  train_loss=0.2754  train_AUPR_all=0.6853  train_AUPR_ab=0.7786  train_AUPR_ag=0.5415  train_P@5_ab=0.9500  train_P@5_ag=0.9500  val_loss=0.3453  val_AUPR_all=0.5938  val_AUPR_ab=0.7350  val_AUPR_ag=0.3662  val_P@5_ab=1.0000  val_P@5_ag=0.9500  select=0.5506
Ep027  LR0=1.21e-04  pw=1.74  aucα=0.300  token_p=0.020  dropE=(0.020,0.080)  smooth=0.010  train_loss=0.2662  train_AUPR_all=0.6900  train_AUPR_ab=0.7773  train_AUPR_ag=0.5556  train_P@5_ab=1.0000  train_P@5_ag=0.9500  val_loss=0.3276  val_AUPR_all=0.6132  val_AUPR_ab=0.7478  val_AUPR_ag=0.3970  val_P@5_ab=1.0000  val_P@5_ag=0.8500  select=0.5724
Ep028  LR0=1.16e-04  pw=1.65  aucα=0.300  token_p=0.020  dropE=(0.020,0.080)  smooth=0.010  train_loss=0.2557  train_AUPR_all=0.6984  train_AUPR_ab=0.7833  train_AUPR_ag=0.5672  train_P@5_ab=1.0000  train_P@5_ag=1.0000  val_loss=0.3406  val_AUPR_all=0.6097  val_AUPR_ab=0.7441  val_AUPR_ag=0.3991  val_P@5_ab=1.0000  val_P@5_ag=0.9000  select=0.5716
Ep029  LR0=1.11e-04  pw=1.57  aucα=0.300  token_p=0.020  dropE=(0.020,0.080)  smooth=0.010  train_loss=0.2425  train_AUPR_all=0.7160  train_AUPR_ab=0.7952  train_AUPR_ag=0.5954  train_P@5_ab=1.0000  train_P@5_ag=0.9500  val_loss=0.3329  val_AUPR_all=0.5912  val_AUPR_ab=0.7462  val_AUPR_ag=0.3600  val_P@5_ab=1.0000  val_P@5_ag=0.9000  select=0.5531
Ep030  LR0=1.05e-04  pw=1.51  aucα=0.300  token_p=0.020  dropE=(0.020,0.080)  smooth=0.010  train_loss=0.2374  train_AUPR_all=0.7161  train_AUPR_ab=0.7922  train_AUPR_ag=0.6006  train_P@5_ab=0.9500  train_P@5_ag=0.9500  val_loss=0.3323  val_AUPR_all=0.5928  val_AUPR_ab=0.7384  val_AUPR_ag=0.3758  val_P@5_ab=1.0000  val_P@5_ag=0.8500  select=0.5571
Ep031  LR0=1.00e-04  pw=1.45  aucα=0.300  token_p=0.020  dropE=(0.020,0.080)  smooth=0.010  train_loss=0.2275  train_AUPR_all=0.7289  train_AUPR_ab=0.7995  train_AUPR_ag=0.6234  train_P@5_ab=1.0000  train_P@5_ag=1.0000  val_loss=0.3108  val_AUPR_all=0.6105  val_AUPR_ab=0.7510  val_AUPR_ag=0.3990  val_P@5_ab=0.9500  val_P@5_ag=0.9500  select=0.5750
Ep032  LR0=9.50e-05  pw=1.39  aucα=0.300  token_p=0.020  dropE=(0.020,0.080)  smooth=0.010  train_loss=0.2177  train_AUPR_all=0.7437  train_AUPR_ab=0.8179  train_AUPR_ag=0.6319  train_P@5_ab=1.0000  train_P@5_ag=0.9000  val_loss=0.3057  val_AUPR_all=0.6113  val_AUPR_ab=0.7526  val_AUPR_ag=0.3957  val_P@5_ab=1.0000  val_P@5_ag=0.9500  select=0.5742
Ep033  LR0=8.98e-05  pw=1.35  aucα=0.300  token_p=0.020  dropE=(0.020,0.080)  smooth=0.010  train_loss=0.2117  train_AUPR_all=0.7478  train_AUPR_ab=0.8182  train_AUPR_ag=0.6415  train_P@5_ab=1.0000  train_P@5_ag=0.9500  val_loss=0.3013  val_AUPR_all=0.6120  val_AUPR_ab=0.7541  val_AUPR_ag=0.3883  val_P@5_ab=1.0000  val_P@5_ag=0.9500  select=0.5712
Ep034  LR0=8.46e-05  pw=1.31  aucα=0.300  token_p=0.020  dropE=(0.020,0.080)  smooth=0.010  train_loss=0.2010  train_AUPR_all=0.7631  train_AUPR_ab=0.8272  train_AUPR_ag=0.6675  train_P@5_ab=1.0000  train_P@5_ag=1.0000  val_loss=0.3060  val_AUPR_all=0.6177  val_AUPR_ab=0.7530  val_AUPR_ag=0.4111  val_P@5_ab=1.0000  val_P@5_ag=0.9500  select=0.5820
  Saved checkpoint: checkpoints_CE/iPara_balanced_l1_g6_i5_do0.10_dpr0.10_lr0.0002_heads16_fold3.pth  select=0.5820  val_ab=0.7530  val_ag=0.4111  val_all=0.6177
Ep035  LR0=7.95e-05  pw=1.27  aucα=0.300  token_p=0.020  dropE=(0.020,0.080)  smooth=0.010  train_loss=0.1950  train_AUPR_all=0.7728  train_AUPR_ab=0.8325  train_AUPR_ag=0.6844  train_P@5_ab=1.0000  train_P@5_ag=1.0000  val_loss=0.3079  val_AUPR_all=0.6083  val_AUPR_ab=0.7505  val_AUPR_ag=0.4001  val_P@5_ab=0.9500  val_P@5_ag=1.0000  select=0.5753
Ep036  LR0=7.44e-05  pw=1.24  aucα=0.300  token_p=0.020  dropE=(0.020,0.080)  smooth=0.010  train_loss=0.1877  train_AUPR_all=0.7823  train_AUPR_ab=0.8382  train_AUPR_ag=0.7002  train_P@5_ab=1.0000  train_P@5_ag=1.0000  val_loss=0.3138  val_AUPR_all=0.5885  val_AUPR_ab=0.7364  val_AUPR_ag=0.3781  val_P@5_ab=0.8000  val_P@5_ag=0.9500  select=0.5572
Ep037  LR0=6.94e-05  pw=1.21  aucα=0.300  token_p=0.020  dropE=(0.020,0.080)  smooth=0.010  train_loss=0.1846  train_AUPR_all=0.7841  train_AUPR_ab=0.8436  train_AUPR_ag=0.6952  train_P@5_ab=0.9500  train_P@5_ag=1.0000  val_loss=0.3187  val_AUPR_all=0.6003  val_AUPR_ab=0.7451  val_AUPR_ag=0.4001  val_P@5_ab=0.9000  val_P@5_ag=1.0000  select=0.5726
Ep038  LR0=6.45e-05  pw=1.19  aucα=0.300  token_p=0.020  dropE=(0.020,0.080)  smooth=0.010  train_loss=0.1785  train_AUPR_all=0.7935  train_AUPR_ab=0.8472  train_AUPR_ag=0.7143  train_P@5_ab=1.0000  train_P@5_ag=1.0000  val_loss=0.3014  val_AUPR_all=0.6093  val_AUPR_ab=0.7518  val_AUPR_ag=0.4127  val_P@5_ab=1.0000  val_P@5_ag=0.9500  select=0.5822
  Saved checkpoint: checkpoints_CE/iPara_balanced_l1_g6_i5_do0.10_dpr0.10_lr0.0002_heads16_fold3.pth  select=0.5822  val_ab=0.7518  val_ag=0.4127  val_all=0.6093
Ep039  LR0=5.97e-05  pw=1.16  aucα=0.300  token_p=0.020  dropE=(0.020,0.080)  smooth=0.010  train_loss=0.1714  train_AUPR_all=0.8056  train_AUPR_ab=0.8604  train_AUPR_ag=0.7238  train_P@5_ab=1.0000  train_P@5_ag=1.0000  val_loss=0.3105  val_AUPR_all=0.5961  val_AUPR_ab=0.7363  val_AUPR_ag=0.4016  val_P@5_ab=0.8000  val_P@5_ag=0.9500  select=0.5690
Ep040  LR0=5.50e-05  pw=1.15  aucα=0.300  token_p=0.020  dropE=(0.020,0.080)  smooth=0.010  train_loss=0.1683  train_AUPR_all=0.8082  train_AUPR_ab=0.8596  train_AUPR_ag=0.7322  train_P@5_ab=1.0000  train_P@5_ag=1.0000  val_loss=0.3059  val_AUPR_all=0.5989  val_AUPR_ab=0.7362  val_AUPR_ag=0.4013  val_P@5_ab=0.8000  val_P@5_ag=0.8500  select=0.5688
Ep041  LR0=5.04e-05  pw=1.13  aucα=0.300  token_p=0.020  dropE=(0.020,0.080)  smooth=0.010  train_loss=0.1671  train_AUPR_all=0.8098  train_AUPR_ab=0.8579  train_AUPR_ag=0.7396  train_P@5_ab=1.0000  train_P@5_ag=1.0000  val_loss=0.3087  val_AUPR_all=0.5937  val_AUPR_ab=0.7398  val_AUPR_ag=0.3868  val_P@5_ab=0.9000  val_P@5_ag=0.8500  select=0.5633
Ep042  LR0=4.59e-05  pw=1.11  aucα=0.300  token_p=0.020  dropE=(0.020,0.080)  smooth=0.010  train_loss=0.1602  train_AUPR_all=0.8197  train_AUPR_ab=0.8682  train_AUPR_ag=0.7481  train_P@5_ab=1.0000  train_P@5_ag=1.0000  val_loss=0.3016  val_AUPR_all=0.5980  val_AUPR_ab=0.7356  val_AUPR_ag=0.3990  val_P@5_ab=0.8500  val_P@5_ag=1.0000  select=0.5673
Ep043  LR0=4.16e-05  pw=1.10  aucα=0.300  token_p=0.020  dropE=(0.020,0.080)  smooth=0.010  train_loss=0.1557  train_AUPR_all=0.8275  train_AUPR_ab=0.8716  train_AUPR_ag=0.7632  train_P@5_ab=1.0000  train_P@5_ag=1.0000  val_loss=0.3040  val_AUPR_all=0.6050  val_AUPR_ab=0.7504  val_AUPR_ag=0.4003  val_P@5_ab=1.0000  val_P@5_ag=1.0000  select=0.5753
Ep044  LR0=3.75e-05  pw=1.09  aucα=0.300  token_p=0.020  dropE=(0.020,0.080)  smooth=0.010  train_loss=0.1554  train_AUPR_all=0.8268  train_AUPR_ab=0.8727  train_AUPR_ag=0.7590  train_P@5_ab=1.0000  train_P@5_ag=1.0000  val_loss=0.3030  val_AUPR_all=0.6052  val_AUPR_ab=0.7470  val_AUPR_ag=0.4043  val_P@5_ab=0.8500  val_P@5_ag=0.8500  select=0.5756
Ep045  LR0=3.35e-05  pw=1.08  aucα=0.300  token_p=0.020  dropE=(0.020,0.080)  smooth=0.010  train_loss=0.1556  train_AUPR_all=0.8252  train_AUPR_ab=0.8696  train_AUPR_ag=0.7601  train_P@5_ab=1.0000  train_P@5_ag=0.9500  val_loss=0.3027  val_AUPR_all=0.6060  val_AUPR_ab=0.7440  val_AUPR_ag=0.4069  val_P@5_ab=1.0000  val_P@5_ag=1.0000  select=0.5755
Ep046  LR0=2.97e-05  pw=1.07  aucα=0.300  token_p=0.020  dropE=(0.020,0.080)  smooth=0.010  train_loss=0.1473  train_AUPR_all=0.8387  train_AUPR_ab=0.8848  train_AUPR_ag=0.7696  train_P@5_ab=1.0000  train_P@5_ag=0.9000  val_loss=0.3081  val_AUPR_all=0.5952  val_AUPR_ab=0.7398  val_AUPR_ag=0.3982  val_P@5_ab=0.8000  val_P@5_ag=0.8500  select=0.5690
Ep047  LR0=2.61e-05  pw=1.06  aucα=0.300  token_p=0.020  dropE=(0.020,0.080)  smooth=0.010  train_loss=0.1476  train_AUPR_all=0.8380  train_AUPR_ab=0.8810  train_AUPR_ag=0.7747  train_P@5_ab=1.0000  train_P@5_ag=1.0000  val_loss=0.3017  val_AUPR_all=0.5996  val_AUPR_ab=0.7371  val_AUPR_ag=0.3960  val_P@5_ab=0.8000  val_P@5_ag=0.8500  select=0.5666
Ep048  LR0=2.27e-05  pw=1.05  aucα=0.300  token_p=0.020  dropE=(0.020,0.080)  smooth=0.010  train_loss=0.1457  train_AUPR_all=0.8417  train_AUPR_ab=0.8822  train_AUPR_ag=0.7824  train_P@5_ab=1.0000  train_P@5_ag=1.0000  val_loss=0.3034  val_AUPR_all=0.6033  val_AUPR_ab=0.7420  val_AUPR_ag=0.4084  val_P@5_ab=0.8000  val_P@5_ag=1.0000  select=0.5752
Ep049  LR0=1.96e-05  pw=1.05  aucα=0.300  token_p=0.020  dropE=(0.020,0.080)  smooth=0.010  train_loss=0.1424  train_AUPR_all=0.8467  train_AUPR_ab=0.8861  train_AUPR_ag=0.7890  train_P@5_ab=1.0000  train_P@5_ag=1.0000  val_loss=0.3055  val_AUPR_all=0.6002  val_AUPR_ab=0.7411  val_AUPR_ag=0.3985  val_P@5_ab=0.8000  val_P@5_ag=1.0000  select=0.5698
Ep050  LR0=1.66e-05  pw=1.04  aucα=0.300  token_p=0.020  dropE=(0.020,0.080)  smooth=0.010  train_loss=0.1426  train_AUPR_all=0.8458  train_AUPR_ab=0.8865  train_AUPR_ag=0.7865  train_P@5_ab=1.0000  train_P@5_ag=0.9500  val_loss=0.3071  val_AUPR_all=0.5991  val_AUPR_ab=0.7392  val_AUPR_ag=0.4015  val_P@5_ab=0.8500  val_P@5_ag=1.0000  select=0.5704
Ep051  LR0=1.39e-05  pw=1.04  aucα=0.300  token_p=0.020  dropE=(0.020,0.080)  smooth=0.010  train_loss=0.1381  train_AUPR_all=0.8539  train_AUPR_ab=0.8928  train_AUPR_ag=0.7965  train_P@5_ab=1.0000  train_P@5_ag=1.0000  val_loss=0.3054  val_AUPR_all=0.5953  val_AUPR_ab=0.7389  val_AUPR_ag=0.3940  val_P@5_ab=0.8500  val_P@5_ag=0.9500  select=0.5665
Ep052  LR0=1.14e-05  pw=1.03  aucα=0.300  token_p=0.020  dropE=(0.020,0.080)  smooth=0.010  train_loss=0.1377  train_AUPR_all=0.8534  train_AUPR_ab=0.8911  train_AUPR_ag=0.7984  train_P@5_ab=1.0000  train_P@5_ag=0.9000  val_loss=0.3102  val_AUPR_all=0.5928  val_AUPR_ab=0.7361  val_AUPR_ag=0.3902  val_P@5_ab=0.8500  val_P@5_ag=0.8500  select=0.5632
Ep053  LR0=9.12e-06  pw=1.03  aucα=0.300  token_p=0.020  dropE=(0.020,0.080)  smooth=0.010  train_loss=0.1387  train_AUPR_all=0.8522  train_AUPR_ab=0.8916  train_AUPR_ag=0.7943  train_P@5_ab=1.0000  train_P@5_ag=1.0000  val_loss=0.3082  val_AUPR_all=0.5941  val_AUPR_ab=0.7371  val_AUPR_ag=0.3951  val_P@5_ab=0.9000  val_P@5_ag=0.8500  select=0.5661
Ep054  LR0=7.13e-06  pw=1.03  aucα=0.300  token_p=0.020  dropE=(0.020,0.080)  smooth=0.010  train_loss=0.1365  train_AUPR_all=0.8549  train_AUPR_ab=0.8934  train_AUPR_ag=0.7979  train_P@5_ab=1.0000  train_P@5_ag=0.9500  val_loss=0.3061  val_AUPR_all=0.5962  val_AUPR_ab=0.7355  val_AUPR_ag=0.3976  val_P@5_ab=0.8000  val_P@5_ag=0.8500  select=0.5666
Ep055  LR0=5.38e-06  pw=1.02  aucα=0.300  token_p=0.020  dropE=(0.020,0.080)  smooth=0.010  train_loss=0.1342  train_AUPR_all=0.8593  train_AUPR_ab=0.8962  train_AUPR_ag=0.8051  train_P@5_ab=1.0000  train_P@5_ag=1.0000  val_loss=0.3078  val_AUPR_all=0.5953  val_AUPR_ab=0.7376  val_AUPR_ag=0.3941  val_P@5_ab=0.8500  val_P@5_ag=0.8500  select=0.5659
Ep056  LR0=3.90e-06  pw=1.02  aucα=0.300  token_p=0.020  dropE=(0.020,0.080)  smooth=0.010  train_loss=0.1357  train_AUPR_all=0.8558  train_AUPR_ab=0.8944  train_AUPR_ag=0.7989  train_P@5_ab=1.0000  train_P@5_ag=1.0000  val_loss=0.3068  val_AUPR_all=0.5965  val_AUPR_ab=0.7396  val_AUPR_ag=0.3929  val_P@5_ab=0.9000  val_P@5_ag=0.8500  select=0.5663
Ep057  LR0=2.68e-06  pw=1.02  aucα=0.300  token_p=0.020  dropE=(0.020,0.080)  smooth=0.010  train_loss=0.1326  train_AUPR_all=0.8616  train_AUPR_ab=0.8986  train_AUPR_ag=0.8069  train_P@5_ab=1.0000  train_P@5_ag=0.9500  val_loss=0.3085  val_AUPR_all=0.5949  val_AUPR_ab=0.7392  val_AUPR_ag=0.3914  val_P@5_ab=0.8000  val_P@5_ag=0.8500  select=0.5653
Ep058  LR0=1.73e-06  pw=1.02  aucα=0.300  token_p=0.020  dropE=(0.020,0.080)  smooth=0.010  train_loss=0.1318  train_AUPR_all=0.8628  train_AUPR_ab=0.9007  train_AUPR_ag=0.8067  train_P@5_ab=1.0000  train_P@5_ag=0.9500  val_loss=0.3077  val_AUPR_all=0.5956  val_AUPR_ab=0.7388  val_AUPR_ag=0.3922  val_P@5_ab=0.8500  val_P@5_ag=0.8500  select=0.5655
Early stopping at epoch 58. Best select=0.5822 at epoch 38.
Final saved checkpoint for fold 3: checkpoints_CE/iPara_balanced_l1_g6_i5_do0.10_dpr0.10_lr0.0002_heads16_fold3.pth
Best select=0.5822 at epoch 38

==========================================================================================
Fold 4/5
==========================================================================================
Train labels: valid=398858, pos=26560, neg=372298, ignore=700342, pos_frac=0.06659
Val labels: valid=101334, pos=6670, neg=94664, ignore=172266, pos_frac=0.06582
Initializing ClassificationModel with 6 GAT layers and residual connections...
Initializing MCModel with 6 GAT layers and 5 row attention layers (drop_path_rate=0.1)
Initializing CoreModel with 1 layers, drop_path_rate=0.1
Ep001  LR0=2.00e-04  pw=20.00  aucα=0.000  token_p=0.020  dropE=(0.020,0.080)  smooth=0.010  train_loss=1.0923  train_AUPR_all=0.2832  train_AUPR_ab=0.3559  train_AUPR_ag=0.1900  train_P@5_ab=0.6000  train_P@5_ag=0.6000  val_loss=1.6163  val_AUPR_all=0.3515  val_AUPR_ab=0.4408  val_AUPR_ag=0.2064  val_P@5_ab=0.8000  val_P@5_ag=1.0000  select=0.3236
  Saved checkpoint: checkpoints_CE/iPara_balanced_l1_g6_i5_do0.10_dpr0.10_lr0.0002_heads16_fold4.pth  select=0.3236  val_ab=0.4408  val_ag=0.2064  val_all=0.3515
Ep002  LR0=2.00e-04  pw=17.77  aucα=0.000  token_p=0.020  dropE=(0.020,0.080)  smooth=0.010  train_loss=0.8353  train_AUPR_all=0.3670  train_AUPR_ab=0.4527  train_AUPR_ag=0.2385  train_P@5_ab=0.8500  train_P@5_ag=0.6500  val_loss=1.1706  val_AUPR_all=0.4292  val_AUPR_ab=0.5545  val_AUPR_ag=0.2289  val_P@5_ab=0.8500  val_P@5_ag=0.9500  select=0.3917
  Saved checkpoint: checkpoints_CE/iPara_balanced_l1_g6_i5_do0.10_dpr0.10_lr0.0002_heads16_fold4.pth  select=0.3917  val_ab=0.5545  val_ag=0.2289  val_all=0.4292
Ep003  LR0=1.99e-04  pw=15.80  aucα=0.000  token_p=0.020  dropE=(0.020,0.080)  smooth=0.010  train_loss=0.7348  train_AUPR_all=0.4047  train_AUPR_ab=0.4907  train_AUPR_ag=0.2663  train_P@5_ab=0.8500  train_P@5_ag=0.9500  val_loss=1.1295  val_AUPR_all=0.4346  val_AUPR_ab=0.5682  val_AUPR_ag=0.2561  val_P@5_ab=0.5500  val_P@5_ag=0.8500  select=0.4121
  Saved checkpoint: checkpoints_CE/iPara_balanced_l1_g6_i5_do0.10_dpr0.10_lr0.0002_heads16_fold4.pth  select=0.4121  val_ab=0.5682  val_ag=0.2561  val_all=0.4346
Ep004  LR0=1.99e-04  pw=14.06  aucα=0.000  token_p=0.020  dropE=(0.020,0.080)  smooth=0.010  train_loss=0.6634  train_AUPR_all=0.4542  train_AUPR_ab=0.5354  train_AUPR_ag=0.3038  train_P@5_ab=0.7500  train_P@5_ag=0.9000  val_loss=1.0086  val_AUPR_all=0.4482  val_AUPR_ab=0.5889  val_AUPR_ag=0.2724  val_P@5_ab=0.7500  val_P@5_ag=0.9500  select=0.4306
  Saved checkpoint: checkpoints_CE/iPara_balanced_l1_g6_i5_do0.10_dpr0.10_lr0.0002_heads16_fold4.pth  select=0.4306  val_ab=0.5889  val_ag=0.2724  val_all=0.4482
Unfreezing DyM parameters.
Ep005  LR0=1.98e-04  pw=12.52  aucα=0.000  token_p=0.020  dropE=(0.020,0.080)  smooth=0.010  train_loss=0.6039  train_AUPR_all=0.4793  train_AUPR_ab=0.5593  train_AUPR_ag=0.3318  train_P@5_ab=0.5000  train_P@5_ag=0.9000  val_loss=0.8028  val_AUPR_all=0.5093  val_AUPR_ab=0.6287  val_AUPR_ag=0.3126  val_P@5_ab=1.0000  val_P@5_ag=0.8000  select=0.4707
  Saved checkpoint: checkpoints_CE/iPara_balanced_l1_g6_i5_do0.10_dpr0.10_lr0.0002_heads16_fold4.pth  select=0.4707  val_ab=0.6287  val_ag=0.3126  val_all=0.5093
Ep006  LR0=1.97e-04  pw=11.17  aucα=0.000  token_p=0.020  dropE=(0.020,0.080)  smooth=0.010  train_loss=0.5533  train_AUPR_all=0.4978  train_AUPR_ab=0.5813  train_AUPR_ag=0.3419  train_P@5_ab=0.8000  train_P@5_ag=0.9500  val_loss=0.8630  val_AUPR_all=0.5004  val_AUPR_ab=0.6454  val_AUPR_ag=0.2942  val_P@5_ab=1.0000  val_P@5_ag=0.9000  select=0.4698
Ep007  LR0=1.95e-04  pw=9.97  aucα=0.000  token_p=0.020  dropE=(0.020,0.080)  smooth=0.010  train_loss=0.5213  train_AUPR_all=0.5129  train_AUPR_ab=0.6026  train_AUPR_ag=0.3467  train_P@5_ab=0.7500  train_P@5_ag=0.9000  val_loss=0.9752  val_AUPR_all=0.4951  val_AUPR_ab=0.6464  val_AUPR_ag=0.2906  val_P@5_ab=0.9500  val_P@5_ag=0.9500  select=0.4685
Ep008  LR0=1.93e-04  pw=8.92  aucα=0.000  token_p=0.020  dropE=(0.020,0.080)  smooth=0.010  train_loss=0.4824  train_AUPR_all=0.5319  train_AUPR_ab=0.6287  train_AUPR_ag=0.3599  train_P@5_ab=0.8000  train_P@5_ag=0.9500  val_loss=0.7725  val_AUPR_all=0.4957  val_AUPR_ab=0.6826  val_AUPR_ag=0.2763  val_P@5_ab=0.9500  val_P@5_ag=1.0000  select=0.4795
  Saved checkpoint: checkpoints_CE/iPara_balanced_l1_g6_i5_do0.10_dpr0.10_lr0.0002_heads16_fold4.pth  select=0.4795  val_ab=0.6826  val_ag=0.2763  val_all=0.4957
Ep009  LR0=1.91e-04  pw=7.99  aucα=0.000  token_p=0.020  dropE=(0.020,0.080)  smooth=0.010  train_loss=0.4547  train_AUPR_all=0.5420  train_AUPR_ab=0.6396  train_AUPR_ag=0.3669  train_P@5_ab=0.8500  train_P@5_ag=0.9000  val_loss=0.6868  val_AUPR_all=0.5415  val_AUPR_ab=0.6770  val_AUPR_ag=0.3289  val_P@5_ab=0.9000  val_P@5_ag=0.8500  select=0.5030
  Saved checkpoint: checkpoints_CE/iPara_balanced_l1_g6_i5_do0.10_dpr0.10_lr0.0002_heads16_fold4.pth  select=0.5030  val_ab=0.6770  val_ag=0.3289  val_all=0.5415
Ep010  LR0=1.89e-04  pw=7.17  aucα=0.030  token_p=0.020  dropE=(0.020,0.080)  smooth=0.010  train_loss=0.4389  train_AUPR_all=0.5545  train_AUPR_ab=0.6533  train_AUPR_ag=0.3794  train_P@5_ab=0.9000  train_P@5_ag=0.9500  val_loss=0.6273  val_AUPR_all=0.5289  val_AUPR_ab=0.6537  val_AUPR_ag=0.3516  val_P@5_ab=0.8500  val_P@5_ag=0.9000  select=0.5026
Ep011  LR0=1.87e-04  pw=6.44  aucα=0.060  token_p=0.020  dropE=(0.020,0.080)  smooth=0.010  train_loss=0.4287  train_AUPR_all=0.5603  train_AUPR_ab=0.6631  train_AUPR_ag=0.3832  train_P@5_ab=0.7500  train_P@5_ag=0.9000  val_loss=0.5967  val_AUPR_all=0.5638  val_AUPR_ab=0.6925  val_AUPR_ag=0.3639  val_P@5_ab=0.9500  val_P@5_ag=1.0000  select=0.5282
  Saved checkpoint: checkpoints_CE/iPara_balanced_l1_g6_i5_do0.10_dpr0.10_lr0.0002_heads16_fold4.pth  select=0.5282  val_ab=0.6925  val_ag=0.3639  val_all=0.5638
Ep012  LR0=1.84e-04  pw=5.80  aucα=0.090  token_p=0.020  dropE=(0.020,0.080)  smooth=0.010  train_loss=0.4158  train_AUPR_all=0.5729  train_AUPR_ab=0.6787  train_AUPR_ag=0.3922  train_P@5_ab=0.8500  train_P@5_ag=0.9500  val_loss=0.5677  val_AUPR_all=0.5654  val_AUPR_ab=0.7052  val_AUPR_ag=0.3399  val_P@5_ab=0.9500  val_P@5_ag=0.9500  select=0.5225
Ep013  LR0=1.81e-04  pw=5.24  aucα=0.120  token_p=0.020  dropE=(0.020,0.080)  smooth=0.010  train_loss=0.4082  train_AUPR_all=0.5767  train_AUPR_ab=0.6819  train_AUPR_ag=0.3957  train_P@5_ab=0.9000  train_P@5_ag=1.0000  val_loss=0.5217  val_AUPR_all=0.5722  val_AUPR_ab=0.7134  val_AUPR_ag=0.3584  val_P@5_ab=1.0000  val_P@5_ag=0.9500  select=0.5359
  Saved checkpoint: checkpoints_CE/iPara_balanced_l1_g6_i5_do0.10_dpr0.10_lr0.0002_heads16_fold4.pth  select=0.5359  val_ab=0.7134  val_ag=0.3584  val_all=0.5722
Ep014  LR0=1.78e-04  pw=4.74  aucα=0.150  token_p=0.020  dropE=(0.020,0.080)  smooth=0.010  train_loss=0.3990  train_AUPR_all=0.5881  train_AUPR_ab=0.6946  train_AUPR_ag=0.4115  train_P@5_ab=0.9500  train_P@5_ag=0.8500  val_loss=0.4993  val_AUPR_all=0.5833  val_AUPR_ab=0.7113  val_AUPR_ag=0.3790  val_P@5_ab=0.9500  val_P@5_ag=0.9500  select=0.5452
  Saved checkpoint: checkpoints_CE/iPara_balanced_l1_g6_i5_do0.10_dpr0.10_lr0.0002_heads16_fold4.pth  select=0.5452  val_ab=0.7113  val_ag=0.3790  val_all=0.5833
Ep015  LR0=1.74e-04  pw=4.30  aucα=0.180  token_p=0.020  dropE=(0.020,0.080)  smooth=0.010  train_loss=0.3955  train_AUPR_all=0.5911  train_AUPR_ab=0.6966  train_AUPR_ag=0.4139  train_P@5_ab=1.0000  train_P@5_ag=0.9500  val_loss=0.4757  val_AUPR_all=0.5829  val_AUPR_ab=0.7162  val_AUPR_ag=0.3687  val_P@5_ab=0.9500  val_P@5_ag=1.0000  select=0.5424
Ep016  LR0=1.71e-04  pw=3.91  aucα=0.210  token_p=0.020  dropE=(0.020,0.080)  smooth=0.010  train_loss=0.3867  train_AUPR_all=0.5969  train_AUPR_ab=0.7030  train_AUPR_ag=0.4215  train_P@5_ab=0.9500  train_P@5_ag=0.9500  val_loss=0.4671  val_AUPR_all=0.5642  val_AUPR_ab=0.7118  val_AUPR_ag=0.3549  val_P@5_ab=1.0000  val_P@5_ag=0.8500  select=0.5334
Ep017  LR0=1.67e-04  pw=3.57  aucα=0.240  token_p=0.020  dropE=(0.020,0.080)  smooth=0.010  train_loss=0.3818  train_AUPR_all=0.6080  train_AUPR_ab=0.7175  train_AUPR_ag=0.4290  train_P@5_ab=1.0000  train_P@5_ag=0.9000  val_loss=0.4608  val_AUPR_all=0.5517  val_AUPR_ab=0.7086  val_AUPR_ag=0.3257  val_P@5_ab=0.9500  val_P@5_ag=0.9000  select=0.5172
Ep018  LR0=1.63e-04  pw=3.27  aucα=0.270  token_p=0.020  dropE=(0.020,0.080)  smooth=0.010  train_loss=0.3779  train_AUPR_all=0.6116  train_AUPR_ab=0.7207  train_AUPR_ag=0.4301  train_P@5_ab=0.9000  train_P@5_ag=0.9000  val_loss=0.4310  val_AUPR_all=0.5588  val_AUPR_ab=0.7250  val_AUPR_ag=0.3461  val_P@5_ab=1.0000  val_P@5_ag=0.9000  select=0.5356
Ep019  LR0=1.59e-04  pw=3.00  aucα=0.300  token_p=0.020  dropE=(0.020,0.080)  smooth=0.010  train_loss=0.3724  train_AUPR_all=0.6228  train_AUPR_ab=0.7264  train_AUPR_ag=0.4538  train_P@5_ab=0.9500  train_P@5_ag=0.9500  val_loss=0.4100  val_AUPR_all=0.5979  val_AUPR_ab=0.7302  val_AUPR_ag=0.3896  val_P@5_ab=1.0000  val_P@5_ag=1.0000  select=0.5599
  Saved checkpoint: checkpoints_CE/iPara_balanced_l1_g6_i5_do0.10_dpr0.10_lr0.0002_heads16_fold4.pth  select=0.5599  val_ab=0.7302  val_ag=0.3896  val_all=0.5979
Ep020  LR0=1.55e-04  pw=2.77  aucα=0.300  token_p=0.020  dropE=(0.020,0.080)  smooth=0.010  train_loss=0.3562  train_AUPR_all=0.6325  train_AUPR_ab=0.7416  train_AUPR_ag=0.4559  train_P@5_ab=1.0000  train_P@5_ag=0.9000  val_loss=0.3950  val_AUPR_all=0.5689  val_AUPR_ab=0.7278  val_AUPR_ag=0.3423  val_P@5_ab=0.9500  val_P@5_ag=0.8500  select=0.5351
Ep021  LR0=1.50e-04  pw=2.56  aucα=0.300  token_p=0.020  dropE=(0.020,0.080)  smooth=0.010  train_loss=0.3392  train_AUPR_all=0.6389  train_AUPR_ab=0.7422  train_AUPR_ag=0.4743  train_P@5_ab=0.9500  train_P@5_ag=0.9000  val_loss=0.3824  val_AUPR_all=0.5922  val_AUPR_ab=0.7274  val_AUPR_ag=0.3808  val_P@5_ab=0.9000  val_P@5_ag=0.9500  select=0.5541
Ep022  LR0=1.46e-04  pw=2.38  aucα=0.300  token_p=0.020  dropE=(0.020,0.080)  smooth=0.010  train_loss=0.3234  train_AUPR_all=0.6498  train_AUPR_ab=0.7486  train_AUPR_ag=0.4897  train_P@5_ab=1.0000  train_P@5_ag=0.9000  val_loss=0.4351  val_AUPR_all=0.5591  val_AUPR_ab=0.7197  val_AUPR_ag=0.3006  val_P@5_ab=1.0000  val_P@5_ag=0.8500  select=0.5101
Ep023  LR0=1.41e-04  pw=2.21  aucα=0.300  token_p=0.020  dropE=(0.020,0.080)  smooth=0.010  train_loss=0.3074  train_AUPR_all=0.6638  train_AUPR_ab=0.7615  train_AUPR_ag=0.5074  train_P@5_ab=0.9000  train_P@5_ag=0.9500  val_loss=0.3586  val_AUPR_all=0.6119  val_AUPR_ab=0.7469  val_AUPR_ag=0.4055  val_P@5_ab=1.0000  val_P@5_ag=0.9000  select=0.5762
  Saved checkpoint: checkpoints_CE/iPara_balanced_l1_g6_i5_do0.10_dpr0.10_lr0.0002_heads16_fold4.pth  select=0.5762  val_ab=0.7469  val_ag=0.4055  val_all=0.6119
Ep024  LR0=1.36e-04  pw=2.07  aucα=0.300  token_p=0.020  dropE=(0.020,0.080)  smooth=0.010  train_loss=0.2993  train_AUPR_all=0.6640  train_AUPR_ab=0.7599  train_AUPR_ag=0.5121  train_P@5_ab=1.0000  train_P@5_ag=0.9500  val_loss=0.3516  val_AUPR_all=0.6059  val_AUPR_ab=0.7375  val_AUPR_ag=0.3999  val_P@5_ab=0.9500  val_P@5_ag=0.9500  select=0.5687
Ep025  LR0=1.31e-04  pw=1.95  aucα=0.300  token_p=0.020  dropE=(0.020,0.080)  smooth=0.010  train_loss=0.2883  train_AUPR_all=0.6707  train_AUPR_ab=0.7651  train_AUPR_ag=0.5218  train_P@5_ab=0.9500  train_P@5_ag=1.0000  val_loss=0.3424  val_AUPR_all=0.6089  val_AUPR_ab=0.7511  val_AUPR_ag=0.3875  val_P@5_ab=1.0000  val_P@5_ag=1.0000  select=0.5693
Ep026  LR0=1.26e-04  pw=1.83  aucα=0.300  token_p=0.020  dropE=(0.020,0.080)  smooth=0.010  train_loss=0.2756  train_AUPR_all=0.6819  train_AUPR_ab=0.7729  train_AUPR_ag=0.5393  train_P@5_ab=1.0000  train_P@5_ag=0.9500  val_loss=0.3420  val_AUPR_all=0.5890  val_AUPR_ab=0.7381  val_AUPR_ag=0.3831  val_P@5_ab=0.9500  val_P@5_ag=0.9000  select=0.5606
Ep027  LR0=1.21e-04  pw=1.74  aucα=0.300  token_p=0.020  dropE=(0.020,0.080)  smooth=0.010  train_loss=0.2635  train_AUPR_all=0.6959  train_AUPR_ab=0.7833  train_AUPR_ag=0.5599  train_P@5_ab=1.0000  train_P@5_ag=1.0000  val_loss=0.3262  val_AUPR_all=0.6238  val_AUPR_ab=0.7536  val_AUPR_ag=0.4255  val_P@5_ab=1.0000  val_P@5_ag=1.0000  select=0.5896
  Saved checkpoint: checkpoints_CE/iPara_balanced_l1_g6_i5_do0.10_dpr0.10_lr0.0002_heads16_fold4.pth  select=0.5896  val_ab=0.7536  val_ag=0.4255  val_all=0.6238
Ep028  LR0=1.16e-04  pw=1.65  aucα=0.300  token_p=0.020  dropE=(0.020,0.080)  smooth=0.010  train_loss=0.2530  train_AUPR_all=0.7036  train_AUPR_ab=0.7901  train_AUPR_ag=0.5688  train_P@5_ab=1.0000  train_P@5_ag=1.0000  val_loss=0.3130  val_AUPR_all=0.6248  val_AUPR_ab=0.7478  val_AUPR_ag=0.4342  val_P@5_ab=1.0000  val_P@5_ag=0.9500  select=0.5910
  Saved checkpoint: checkpoints_CE/iPara_balanced_l1_g6_i5_do0.10_dpr0.10_lr0.0002_heads16_fold4.pth  select=0.5910  val_ab=0.7478  val_ag=0.4342  val_all=0.6248
Ep029  LR0=1.11e-04  pw=1.57  aucα=0.300  token_p=0.020  dropE=(0.020,0.080)  smooth=0.010  train_loss=0.2444  train_AUPR_all=0.7114  train_AUPR_ab=0.7930  train_AUPR_ag=0.5850  train_P@5_ab=1.0000  train_P@5_ag=0.9500  val_loss=0.3232  val_AUPR_all=0.6059  val_AUPR_ab=0.7378  val_AUPR_ag=0.3969  val_P@5_ab=0.9500  val_P@5_ag=0.9500  select=0.5674
Ep030  LR0=1.05e-04  pw=1.51  aucα=0.300  token_p=0.020  dropE=(0.020,0.080)  smooth=0.010  train_loss=0.2388  train_AUPR_all=0.7175  train_AUPR_ab=0.7974  train_AUPR_ag=0.5951  train_P@5_ab=1.0000  train_P@5_ag=0.9500  val_loss=0.3145  val_AUPR_all=0.6070  val_AUPR_ab=0.7419  val_AUPR_ag=0.4007  val_P@5_ab=0.9500  val_P@5_ag=0.9500  select=0.5713
Ep031  LR0=1.00e-04  pw=1.45  aucα=0.300  token_p=0.020  dropE=(0.020,0.080)  smooth=0.010  train_loss=0.2319  train_AUPR_all=0.7223  train_AUPR_ab=0.8011  train_AUPR_ag=0.6013  train_P@5_ab=1.0000  train_P@5_ag=1.0000  val_loss=0.3103  val_AUPR_all=0.6180  val_AUPR_ab=0.7533  val_AUPR_ag=0.4125  val_P@5_ab=1.0000  val_P@5_ag=0.8500  select=0.5829
Ep032  LR0=9.50e-05  pw=1.39  aucα=0.300  token_p=0.020  dropE=(0.020,0.080)  smooth=0.010  train_loss=0.2201  train_AUPR_all=0.7392  train_AUPR_ab=0.8102  train_AUPR_ag=0.6319  train_P@5_ab=1.0000  train_P@5_ag=0.9000  val_loss=0.3028  val_AUPR_all=0.6168  val_AUPR_ab=0.7418  val_AUPR_ag=0.4277  val_P@5_ab=1.0000  val_P@5_ag=0.9500  select=0.5847
Ep033  LR0=8.98e-05  pw=1.35  aucα=0.300  token_p=0.020  dropE=(0.020,0.080)  smooth=0.010  train_loss=0.2149  train_AUPR_all=0.7433  train_AUPR_ab=0.8141  train_AUPR_ag=0.6356  train_P@5_ab=0.9500  train_P@5_ag=1.0000  val_loss=0.3054  val_AUPR_all=0.6212  val_AUPR_ab=0.7553  val_AUPR_ag=0.4205  val_P@5_ab=1.0000  val_P@5_ag=0.8000  select=0.5879
Ep034  LR0=8.46e-05  pw=1.31  aucα=0.300  token_p=0.020  dropE=(0.020,0.080)  smooth=0.010  train_loss=0.2030  train_AUPR_all=0.7598  train_AUPR_ab=0.8280  train_AUPR_ag=0.6560  train_P@5_ab=1.0000  train_P@5_ag=0.9500  val_loss=0.3008  val_AUPR_all=0.6145  val_AUPR_ab=0.7453  val_AUPR_ag=0.4216  val_P@5_ab=0.9500  val_P@5_ag=0.9500  select=0.5835
Ep035  LR0=7.95e-05  pw=1.27  aucα=0.300  token_p=0.020  dropE=(0.020,0.080)  smooth=0.010  train_loss=0.1991  train_AUPR_all=0.7661  train_AUPR_ab=0.8321  train_AUPR_ag=0.6664  train_P@5_ab=1.0000  train_P@5_ag=0.9000  val_loss=0.3001  val_AUPR_all=0.6173  val_AUPR_ab=0.7502  val_AUPR_ag=0.4231  val_P@5_ab=0.9000  val_P@5_ag=0.9000  select=0.5866
Ep036  LR0=7.44e-05  pw=1.24  aucα=0.300  token_p=0.020  dropE=(0.020,0.080)  smooth=0.010  train_loss=0.1948  train_AUPR_all=0.7675  train_AUPR_ab=0.8304  train_AUPR_ag=0.6726  train_P@5_ab=1.0000  train_P@5_ag=1.0000  val_loss=0.2985  val_AUPR_all=0.6149  val_AUPR_ab=0.7425  val_AUPR_ag=0.4327  val_P@5_ab=0.9000  val_P@5_ag=0.8500  select=0.5876
Ep037  LR0=6.94e-05  pw=1.21  aucα=0.300  token_p=0.020  dropE=(0.020,0.080)  smooth=0.010  train_loss=0.1885  train_AUPR_all=0.7784  train_AUPR_ab=0.8374  train_AUPR_ag=0.6904  train_P@5_ab=1.0000  train_P@5_ag=1.0000  val_loss=0.3030  val_AUPR_all=0.6155  val_AUPR_ab=0.7480  val_AUPR_ag=0.4212  val_P@5_ab=0.9000  val_P@5_ag=0.9500  select=0.5846
Ep038  LR0=6.45e-05  pw=1.19  aucα=0.300  token_p=0.020  dropE=(0.020,0.080)  smooth=0.010  train_loss=0.1800  train_AUPR_all=0.7918  train_AUPR_ab=0.8513  train_AUPR_ag=0.7014  train_P@5_ab=1.0000  train_P@5_ag=0.9500  val_loss=0.2994  val_AUPR_all=0.6210  val_AUPR_ab=0.7472  val_AUPR_ag=0.4392  val_P@5_ab=0.9000  val_P@5_ag=0.9000  select=0.5932
  Saved checkpoint: checkpoints_CE/iPara_balanced_l1_g6_i5_do0.10_dpr0.10_lr0.0002_heads16_fold4.pth  select=0.5932  val_ab=0.7472  val_ag=0.4392  val_all=0.6210
Ep039  LR0=5.97e-05  pw=1.16  aucα=0.300  token_p=0.020  dropE=(0.020,0.080)  smooth=0.010  train_loss=0.1771  train_AUPR_all=0.7961  train_AUPR_ab=0.8546  train_AUPR_ag=0.7074  train_P@5_ab=1.0000  train_P@5_ag=1.0000  val_loss=0.2920  val_AUPR_all=0.6275  val_AUPR_ab=0.7586  val_AUPR_ag=0.4330  val_P@5_ab=1.0000  val_P@5_ag=0.9000  select=0.5958
  Saved checkpoint: checkpoints_CE/iPara_balanced_l1_g6_i5_do0.10_dpr0.10_lr0.0002_heads16_fold4.pth  select=0.5958  val_ab=0.7586  val_ag=0.4330  val_all=0.6275
Ep040  LR0=5.50e-05  pw=1.15  aucα=0.300  token_p=0.020  dropE=(0.020,0.080)  smooth=0.010  train_loss=0.1745  train_AUPR_all=0.7988  train_AUPR_ab=0.8546  train_AUPR_ag=0.7149  train_P@5_ab=0.9500  train_P@5_ag=1.0000  val_loss=0.2847  val_AUPR_all=0.6353  val_AUPR_ab=0.7574  val_AUPR_ag=0.4571  val_P@5_ab=0.9500  val_P@5_ag=0.9500  select=0.6072
  Saved checkpoint: checkpoints_CE/iPara_balanced_l1_g6_i5_do0.10_dpr0.10_lr0.0002_heads16_fold4.pth  select=0.6072  val_ab=0.7574  val_ag=0.4571  val_all=0.6353
Ep041  LR0=5.04e-05  pw=1.13  aucα=0.300  token_p=0.020  dropE=(0.020,0.080)  smooth=0.010  train_loss=0.1653  train_AUPR_all=0.8131  train_AUPR_ab=0.8671  train_AUPR_ag=0.7310  train_P@5_ab=1.0000  train_P@5_ag=1.0000  val_loss=0.2974  val_AUPR_all=0.6214  val_AUPR_ab=0.7523  val_AUPR_ag=0.4308  val_P@5_ab=0.9000  val_P@5_ag=0.8000  select=0.5916
Ep042  LR0=4.59e-05  pw=1.11  aucα=0.300  token_p=0.020  dropE=(0.020,0.080)  smooth=0.010  train_loss=0.1624  train_AUPR_all=0.8172  train_AUPR_ab=0.8680  train_AUPR_ag=0.7406  train_P@5_ab=1.0000  train_P@5_ag=0.9500  val_loss=0.2945  val_AUPR_all=0.6239  val_AUPR_ab=0.7527  val_AUPR_ag=0.4386  val_P@5_ab=0.9500  val_P@5_ag=0.9500  select=0.5957
Ep043  LR0=4.16e-05  pw=1.10  aucα=0.300  token_p=0.020  dropE=(0.020,0.080)  smooth=0.010  train_loss=0.1615  train_AUPR_all=0.8172  train_AUPR_ab=0.8667  train_AUPR_ag=0.7430  train_P@5_ab=1.0000  train_P@5_ag=1.0000  val_loss=0.2901  val_AUPR_all=0.6207  val_AUPR_ab=0.7452  val_AUPR_ag=0.4474  val_P@5_ab=0.8500  val_P@5_ag=0.8000  select=0.5963
Ep044  LR0=3.75e-05  pw=1.09  aucα=0.300  token_p=0.020  dropE=(0.020,0.080)  smooth=0.010  train_loss=0.1603  train_AUPR_all=0.8195  train_AUPR_ab=0.8690  train_AUPR_ag=0.7455  train_P@5_ab=1.0000  train_P@5_ag=1.0000  val_loss=0.2956  val_AUPR_all=0.6197  val_AUPR_ab=0.7465  val_AUPR_ag=0.4341  val_P@5_ab=0.8500  val_P@5_ag=0.9000  select=0.5903
Ep045  LR0=3.35e-05  pw=1.08  aucα=0.300  token_p=0.020  dropE=(0.020,0.080)  smooth=0.010  train_loss=0.1563  train_AUPR_all=0.8260  train_AUPR_ab=0.8743  train_AUPR_ag=0.7536  train_P@5_ab=1.0000  train_P@5_ag=1.0000  val_loss=0.2951  val_AUPR_all=0.6259  val_AUPR_ab=0.7548  val_AUPR_ag=0.4470  val_P@5_ab=0.8500  val_P@5_ag=0.9500  select=0.6009
Ep046  LR0=2.97e-05  pw=1.07  aucα=0.300  token_p=0.020  dropE=(0.020,0.080)  smooth=0.010  train_loss=0.1504  train_AUPR_all=0.8345  train_AUPR_ab=0.8798  train_AUPR_ag=0.7663  train_P@5_ab=0.9500  train_P@5_ag=1.0000  val_loss=0.2968  val_AUPR_all=0.6230  val_AUPR_ab=0.7529  val_AUPR_ag=0.4417  val_P@5_ab=0.9500  val_P@5_ag=0.8500  select=0.5973
Ep047  LR0=2.61e-05  pw=1.06  aucα=0.300  token_p=0.020  dropE=(0.020,0.080)  smooth=0.010  train_loss=0.1513  train_AUPR_all=0.8328  train_AUPR_ab=0.8791  train_AUPR_ag=0.7632  train_P@5_ab=1.0000  train_P@5_ag=0.9500  val_loss=0.2887  val_AUPR_all=0.6316  val_AUPR_ab=0.7518  val_AUPR_ag=0.4625  val_P@5_ab=0.9500  val_P@5_ag=1.0000  select=0.6072
Ep048  LR0=2.27e-05  pw=1.05  aucα=0.300  token_p=0.020  dropE=(0.020,0.080)  smooth=0.010  train_loss=0.1461  train_AUPR_all=0.8416  train_AUPR_ab=0.8862  train_AUPR_ag=0.7743  train_P@5_ab=0.9500  train_P@5_ag=0.9500  val_loss=0.2958  val_AUPR_all=0.6231  val_AUPR_ab=0.7511  val_AUPR_ag=0.4382  val_P@5_ab=0.8500  val_P@5_ag=0.8500  select=0.5947
Ep049  LR0=1.96e-05  pw=1.05  aucα=0.300  token_p=0.020  dropE=(0.020,0.080)  smooth=0.010  train_loss=0.1437  train_AUPR_all=0.8455  train_AUPR_ab=0.8864  train_AUPR_ag=0.7847  train_P@5_ab=1.0000  train_P@5_ag=1.0000  val_loss=0.2937  val_AUPR_all=0.6230  val_AUPR_ab=0.7520  val_AUPR_ag=0.4413  val_P@5_ab=0.8500  val_P@5_ag=0.9000  select=0.5967
Ep050  LR0=1.66e-05  pw=1.04  aucα=0.300  token_p=0.020  dropE=(0.020,0.080)  smooth=0.010  train_loss=0.1462  train_AUPR_all=0.8399  train_AUPR_ab=0.8831  train_AUPR_ag=0.7751  train_P@5_ab=1.0000  train_P@5_ag=1.0000  val_loss=0.2971  val_AUPR_all=0.6213  val_AUPR_ab=0.7502  val_AUPR_ag=0.4383  val_P@5_ab=0.8500  val_P@5_ag=0.9500  select=0.5943
Ep051  LR0=1.39e-05  pw=1.04  aucα=0.300  token_p=0.020  dropE=(0.020,0.080)  smooth=0.010  train_loss=0.1444  train_AUPR_all=0.8443  train_AUPR_ab=0.8879  train_AUPR_ag=0.7792  train_P@5_ab=1.0000  train_P@5_ag=1.0000  val_loss=0.2938  val_AUPR_all=0.6224  val_AUPR_ab=0.7505  val_AUPR_ag=0.4404  val_P@5_ab=0.8000  val_P@5_ag=0.9000  select=0.5955
Ep052  LR0=1.14e-05  pw=1.03  aucα=0.300  token_p=0.020  dropE=(0.020,0.080)  smooth=0.010  train_loss=0.1437  train_AUPR_all=0.8439  train_AUPR_ab=0.8863  train_AUPR_ag=0.7807  train_P@5_ab=1.0000  train_P@5_ag=1.0000  val_loss=0.2978  val_AUPR_all=0.6203  val_AUPR_ab=0.7468  val_AUPR_ag=0.4405  val_P@5_ab=0.9000  val_P@5_ag=0.9000  select=0.5937
Ep053  LR0=9.12e-06  pw=1.03  aucα=0.300  token_p=0.020  dropE=(0.020,0.080)  smooth=0.010  train_loss=0.1421  train_AUPR_all=0.8464  train_AUPR_ab=0.8913  train_AUPR_ag=0.7787  train_P@5_ab=1.0000  train_P@5_ag=1.0000  val_loss=0.2958  val_AUPR_all=0.6224  val_AUPR_ab=0.7503  val_AUPR_ag=0.4415  val_P@5_ab=0.8500  val_P@5_ag=0.9500  select=0.5959
Ep054  LR0=7.13e-06  pw=1.03  aucα=0.300  token_p=0.020  dropE=(0.020,0.080)  smooth=0.010  train_loss=0.1410  train_AUPR_all=0.8486  train_AUPR_ab=0.8909  train_AUPR_ag=0.7852  train_P@5_ab=1.0000  train_P@5_ag=1.0000  val_loss=0.2955  val_AUPR_all=0.6213  val_AUPR_ab=0.7497  val_AUPR_ag=0.4401  val_P@5_ab=0.8500  val_P@5_ag=0.9500  select=0.5949
Ep055  LR0=5.38e-06  pw=1.02  aucα=0.300  token_p=0.020  dropE=(0.020,0.080)  smooth=0.010  train_loss=0.1362  train_AUPR_all=0.8576  train_AUPR_ab=0.8999  train_AUPR_ag=0.7937  train_P@5_ab=1.0000  train_P@5_ag=1.0000  val_loss=0.2968  val_AUPR_all=0.6206  val_AUPR_ab=0.7470  val_AUPR_ag=0.4406  val_P@5_ab=0.8000  val_P@5_ag=0.9500  select=0.5938
Ep056  LR0=3.90e-06  pw=1.02  aucα=0.300  token_p=0.020  dropE=(0.020,0.080)  smooth=0.010  train_loss=0.1372  train_AUPR_all=0.8541  train_AUPR_ab=0.8945  train_AUPR_ag=0.7938  train_P@5_ab=1.0000  train_P@5_ag=1.0000  val_loss=0.2952  val_AUPR_all=0.6217  val_AUPR_ab=0.7467  val_AUPR_ag=0.4434  val_P@5_ab=0.8500  val_P@5_ag=0.9500  select=0.5951
Ep057  LR0=2.68e-06  pw=1.02  aucα=0.300  token_p=0.020  dropE=(0.020,0.080)  smooth=0.010  train_loss=0.1370  train_AUPR_all=0.8548  train_AUPR_ab=0.8959  train_AUPR_ag=0.7924  train_P@5_ab=1.0000  train_P@5_ag=1.0000  val_loss=0.2954  val_AUPR_all=0.6221  val_AUPR_ab=0.7479  val_AUPR_ag=0.4428  val_P@5_ab=0.9000  val_P@5_ag=0.9500  select=0.5953
Ep058  LR0=1.73e-06  pw=1.02  aucα=0.300  token_p=0.020  dropE=(0.020,0.080)  smooth=0.010  train_loss=0.1358  train_AUPR_all=0.8571  train_AUPR_ab=0.8976  train_AUPR_ag=0.7956  train_P@5_ab=1.0000  train_P@5_ag=1.0000  val_loss=0.2949  val_AUPR_all=0.6226  val_AUPR_ab=0.7478  val_AUPR_ag=0.4439  val_P@5_ab=0.9000  val_P@5_ag=1.0000  select=0.5959
Ep059  LR0=1.05e-06  pw=1.01  aucα=0.300  token_p=0.020  dropE=(0.020,0.080)  smooth=0.010  train_loss=0.1403  train_AUPR_all=0.8492  train_AUPR_ab=0.8920  train_AUPR_ag=0.7850  train_P@5_ab=1.0000  train_P@5_ag=1.0000  val_loss=0.2944  val_AUPR_all=0.6230  val_AUPR_ab=0.7484  val_AUPR_ag=0.4448  val_P@5_ab=0.9000  val_P@5_ag=0.9500  select=0.5966
Ep060  LR0=6.37e-07  pw=1.01  aucα=0.300  token_p=0.020  dropE=(0.020,0.080)  smooth=0.010  train_loss=0.1354  train_AUPR_all=0.8567  train_AUPR_ab=0.8984  train_AUPR_ag=0.7937  train_P@5_ab=1.0000  train_P@5_ag=1.0000  val_loss=0.2947  val_AUPR_all=0.6227  val_AUPR_ab=0.7482  val_AUPR_ag=0.4442  val_P@5_ab=0.9000  val_P@5_ag=1.0000  select=0.5962
Early stopping at epoch 60. Best select=0.6072 at epoch 40.
Final saved checkpoint for fold 4: checkpoints_CE/iPara_balanced_l1_g6_i5_do0.10_dpr0.10_lr0.0002_heads16_fold4.pth
Best select=0.6072 at epoch 40

==========================================================================================
Fold 5/5
==========================================================================================
Train labels: valid=399660, pos=26617, neg=373043, ignore=699540, pos_frac=0.06660
Val labels: valid=100532, pos=6613, neg=93919, ignore=173068, pos_frac=0.06578
Initializing ClassificationModel with 6 GAT layers and residual connections...
Initializing MCModel with 6 GAT layers and 5 row attention layers (drop_path_rate=0.1)
Initializing CoreModel with 1 layers, drop_path_rate=0.1
Ep001  LR0=2.00e-04  pw=20.00  aucα=0.000  token_p=0.020  dropE=(0.020,0.080)  smooth=0.010  train_loss=1.0980  train_AUPR_all=0.2683  train_AUPR_ab=0.3245  train_AUPR_ag=0.1899  train_P@5_ab=0.7000  train_P@5_ag=0.8500  val_loss=1.2493  val_AUPR_all=0.3529  val_AUPR_ab=0.4663  val_AUPR_ag=0.1874  val_P@5_ab=0.4000  val_P@5_ag=0.7000  select=0.3269
  Saved checkpoint: checkpoints_CE/iPara_balanced_l1_g6_i5_do0.10_dpr0.10_lr0.0002_heads16_fold5.pth  select=0.3269  val_ab=0.4663  val_ag=0.1874  val_all=0.3529
Ep002  LR0=2.00e-04  pw=17.77  aucα=0.000  token_p=0.020  dropE=(0.020,0.080)  smooth=0.010  train_loss=0.8388  train_AUPR_all=0.3734  train_AUPR_ab=0.4570  train_AUPR_ag=0.2413  train_P@5_ab=0.7500  train_P@5_ag=0.8500  val_loss=1.0455  val_AUPR_all=0.4460  val_AUPR_ab=0.5723  val_AUPR_ag=0.2385  val_P@5_ab=0.7500  val_P@5_ag=1.0000  select=0.4054
  Saved checkpoint: checkpoints_CE/iPara_balanced_l1_g6_i5_do0.10_dpr0.10_lr0.0002_heads16_fold5.pth  select=0.4054  val_ab=0.5723  val_ag=0.2385  val_all=0.4460
Ep003  LR0=1.99e-04  pw=15.80  aucα=0.000  token_p=0.020  dropE=(0.020,0.080)  smooth=0.010  train_loss=0.7231  train_AUPR_all=0.4238  train_AUPR_ab=0.4985  train_AUPR_ag=0.2862  train_P@5_ab=0.5000  train_P@5_ag=0.7500  val_loss=1.0366  val_AUPR_all=0.4070  val_AUPR_ab=0.5667  val_AUPR_ag=0.2402  val_P@5_ab=0.6000  val_P@5_ag=0.9000  select=0.4035
Ep004  LR0=1.99e-04  pw=14.06  aucα=0.000  token_p=0.020  dropE=(0.020,0.080)  smooth=0.010  train_loss=0.6719  train_AUPR_all=0.4509  train_AUPR_ab=0.5207  train_AUPR_ag=0.3141  train_P@5_ab=0.6500  train_P@5_ag=0.7500  val_loss=1.1562  val_AUPR_all=0.4625  val_AUPR_ab=0.6019  val_AUPR_ag=0.2545  val_P@5_ab=0.8500  val_P@5_ag=0.8000  select=0.4282
  Saved checkpoint: checkpoints_CE/iPara_balanced_l1_g6_i5_do0.10_dpr0.10_lr0.0002_heads16_fold5.pth  select=0.4282  val_ab=0.6019  val_ag=0.2545  val_all=0.4625
Unfreezing DyM parameters.
Ep005  LR0=1.98e-04  pw=12.52  aucα=0.000  token_p=0.020  dropE=(0.020,0.080)  smooth=0.010  train_loss=0.6121  train_AUPR_all=0.4733  train_AUPR_ab=0.5560  train_AUPR_ag=0.3179  train_P@5_ab=0.8000  train_P@5_ag=0.8500  val_loss=0.8805  val_AUPR_all=0.5044  val_AUPR_ab=0.6329  val_AUPR_ag=0.3015  val_P@5_ab=0.7000  val_P@5_ag=0.9000  select=0.4672
  Saved checkpoint: checkpoints_CE/iPara_balanced_l1_g6_i5_do0.10_dpr0.10_lr0.0002_heads16_fold5.pth  select=0.4672  val_ab=0.6329  val_ag=0.3015  val_all=0.5044
Ep006  LR0=1.97e-04  pw=11.17  aucα=0.000  token_p=0.020  dropE=(0.020,0.080)  smooth=0.010  train_loss=0.5657  train_AUPR_all=0.5028  train_AUPR_ab=0.5886  train_AUPR_ag=0.3421  train_P@5_ab=0.7500  train_P@5_ag=0.9500  val_loss=0.8263  val_AUPR_all=0.5082  val_AUPR_ab=0.6681  val_AUPR_ag=0.2808  val_P@5_ab=0.8500  val_P@5_ag=0.7500  select=0.4745
  Saved checkpoint: checkpoints_CE/iPara_balanced_l1_g6_i5_do0.10_dpr0.10_lr0.0002_heads16_fold5.pth  select=0.4745  val_ab=0.6681  val_ag=0.2808  val_all=0.5082
Ep007  LR0=1.95e-04  pw=9.97  aucα=0.000  token_p=0.020  dropE=(0.020,0.080)  smooth=0.010  train_loss=0.5195  train_AUPR_all=0.5241  train_AUPR_ab=0.6179  train_AUPR_ag=0.3523  train_P@5_ab=0.9000  train_P@5_ag=1.0000  val_loss=0.7367  val_AUPR_all=0.5111  val_AUPR_ab=0.6343  val_AUPR_ag=0.3013  val_P@5_ab=0.8500  val_P@5_ag=0.9000  select=0.4678
Ep008  LR0=1.93e-04  pw=8.92  aucα=0.000  token_p=0.020  dropE=(0.020,0.080)  smooth=0.010  train_loss=0.4867  train_AUPR_all=0.5229  train_AUPR_ab=0.6093  train_AUPR_ag=0.3582  train_P@5_ab=0.9000  train_P@5_ag=0.8500  val_loss=0.8117  val_AUPR_all=0.5226  val_AUPR_ab=0.6650  val_AUPR_ag=0.3119  val_P@5_ab=0.5000  val_P@5_ag=1.0000  select=0.4885
  Saved checkpoint: checkpoints_CE/iPara_balanced_l1_g6_i5_do0.10_dpr0.10_lr0.0002_heads16_fold5.pth  select=0.4885  val_ab=0.6650  val_ag=0.3119  val_all=0.5226
Ep009  LR0=1.91e-04  pw=7.99  aucα=0.000  token_p=0.020  dropE=(0.020,0.080)  smooth=0.010  train_loss=0.4558  train_AUPR_all=0.5387  train_AUPR_ab=0.6371  train_AUPR_ag=0.3594  train_P@5_ab=1.0000  train_P@5_ag=0.9500  val_loss=0.7311  val_AUPR_all=0.5331  val_AUPR_ab=0.6954  val_AUPR_ag=0.2892  val_P@5_ab=1.0000  val_P@5_ag=0.8500  select=0.4923
  Saved checkpoint: checkpoints_CE/iPara_balanced_l1_g6_i5_do0.10_dpr0.10_lr0.0002_heads16_fold5.pth  select=0.4923  val_ab=0.6954  val_ag=0.2892  val_all=0.5331
Ep010  LR0=1.89e-04  pw=7.17  aucα=0.030  token_p=0.020  dropE=(0.020,0.080)  smooth=0.010  train_loss=0.4376  train_AUPR_all=0.5487  train_AUPR_ab=0.6500  train_AUPR_ag=0.3708  train_P@5_ab=0.9000  train_P@5_ag=0.8500  val_loss=0.7392  val_AUPR_all=0.4962  val_AUPR_ab=0.7016  val_AUPR_ag=0.2692  val_P@5_ab=0.9500  val_P@5_ag=0.9500  select=0.4854
Ep011  LR0=1.87e-04  pw=6.44  aucα=0.060  token_p=0.020  dropE=(0.020,0.080)  smooth=0.010  train_loss=0.4322  train_AUPR_all=0.5580  train_AUPR_ab=0.6627  train_AUPR_ag=0.3795  train_P@5_ab=0.9500  train_P@5_ag=0.8500  val_loss=0.5791  val_AUPR_all=0.5422  val_AUPR_ab=0.6725  val_AUPR_ag=0.3342  val_P@5_ab=0.9000  val_P@5_ag=1.0000  select=0.5034
  Saved checkpoint: checkpoints_CE/iPara_balanced_l1_g6_i5_do0.10_dpr0.10_lr0.0002_heads16_fold5.pth  select=0.5034  val_ab=0.6725  val_ag=0.3342  val_all=0.5422
Ep012  LR0=1.84e-04  pw=5.80  aucα=0.090  token_p=0.020  dropE=(0.020,0.080)  smooth=0.010  train_loss=0.4199  train_AUPR_all=0.5659  train_AUPR_ab=0.6731  train_AUPR_ag=0.3821  train_P@5_ab=1.0000  train_P@5_ag=0.9000  val_loss=0.6100  val_AUPR_all=0.5382  val_AUPR_ab=0.7001  val_AUPR_ag=0.3060  val_P@5_ab=0.8500  val_P@5_ag=0.9500  select=0.5031
Ep013  LR0=1.81e-04  pw=5.24  aucα=0.120  token_p=0.020  dropE=(0.020,0.080)  smooth=0.010  train_loss=0.4133  train_AUPR_all=0.5734  train_AUPR_ab=0.6778  train_AUPR_ag=0.3968  train_P@5_ab=0.9500  train_P@5_ag=0.9000  val_loss=0.6093  val_AUPR_all=0.5185  val_AUPR_ab=0.7052  val_AUPR_ag=0.2707  val_P@5_ab=0.9500  val_P@5_ag=0.8500  select=0.4880
Ep014  LR0=1.78e-04  pw=4.74  aucα=0.150  token_p=0.020  dropE=(0.020,0.080)  smooth=0.010  train_loss=0.4047  train_AUPR_all=0.5794  train_AUPR_ab=0.6888  train_AUPR_ag=0.3955  train_P@5_ab=0.9000  train_P@5_ag=0.8500  val_loss=0.5929  val_AUPR_all=0.5268  val_AUPR_ab=0.6917  val_AUPR_ag=0.2814  val_P@5_ab=1.0000  val_P@5_ag=0.9500  select=0.4865
Ep015  LR0=1.74e-04  pw=4.30  aucα=0.180  token_p=0.020  dropE=(0.020,0.080)  smooth=0.010  train_loss=0.3968  train_AUPR_all=0.5879  train_AUPR_ab=0.6948  train_AUPR_ag=0.4090  train_P@5_ab=0.9000  train_P@5_ag=0.9000  val_loss=0.5370  val_AUPR_all=0.5368  val_AUPR_ab=0.7156  val_AUPR_ag=0.2960  val_P@5_ab=1.0000  val_P@5_ag=0.8500  select=0.5058
  Saved checkpoint: checkpoints_CE/iPara_balanced_l1_g6_i5_do0.10_dpr0.10_lr0.0002_heads16_fold5.pth  select=0.5058  val_ab=0.7156  val_ag=0.2960  val_all=0.5368
Ep016  LR0=1.71e-04  pw=3.91  aucα=0.210  token_p=0.020  dropE=(0.020,0.080)  smooth=0.010  train_loss=0.3882  train_AUPR_all=0.5974  train_AUPR_ab=0.7028  train_AUPR_ag=0.4222  train_P@5_ab=1.0000  train_P@5_ag=0.8500  val_loss=0.5289  val_AUPR_all=0.5493  val_AUPR_ab=0.7209  val_AUPR_ag=0.2961  val_P@5_ab=0.9000  val_P@5_ag=0.9000  select=0.5085
  Saved checkpoint: checkpoints_CE/iPara_balanced_l1_g6_i5_do0.10_dpr0.10_lr0.0002_heads16_fold5.pth  select=0.5085  val_ab=0.7209  val_ag=0.2961  val_all=0.5493
Ep017  LR0=1.67e-04  pw=3.57  aucα=0.240  token_p=0.020  dropE=(0.020,0.080)  smooth=0.010  train_loss=0.3804  train_AUPR_all=0.6090  train_AUPR_ab=0.7142  train_AUPR_ag=0.4333  train_P@5_ab=1.0000  train_P@5_ag=0.9500  val_loss=0.4405  val_AUPR_all=0.5928  val_AUPR_ab=0.7453  val_AUPR_ag=0.3424  val_P@5_ab=1.0000  val_P@5_ag=0.9500  select=0.5438
  Saved checkpoint: checkpoints_CE/iPara_balanced_l1_g6_i5_do0.10_dpr0.10_lr0.0002_heads16_fold5.pth  select=0.5438  val_ab=0.7453  val_ag=0.3424  val_all=0.5928
Ep018  LR0=1.63e-04  pw=3.27  aucα=0.270  token_p=0.020  dropE=(0.020,0.080)  smooth=0.010  train_loss=0.3773  train_AUPR_all=0.6093  train_AUPR_ab=0.7157  train_AUPR_ag=0.4313  train_P@5_ab=0.9000  train_P@5_ag=0.9500  val_loss=0.4285  val_AUPR_all=0.5805  val_AUPR_ab=0.7309  val_AUPR_ag=0.3546  val_P@5_ab=1.0000  val_P@5_ag=0.9000  select=0.5428
Ep019  LR0=1.59e-04  pw=3.00  aucα=0.300  token_p=0.020  dropE=(0.020,0.080)  smooth=0.010  train_loss=0.3716  train_AUPR_all=0.6225  train_AUPR_ab=0.7273  train_AUPR_ag=0.4518  train_P@5_ab=0.9000  train_P@5_ag=0.9500  val_loss=0.4369  val_AUPR_all=0.5723  val_AUPR_ab=0.7273  val_AUPR_ag=0.3324  val_P@5_ab=1.0000  val_P@5_ag=0.8500  select=0.5299
Ep020  LR0=1.55e-04  pw=2.77  aucα=0.300  token_p=0.020  dropE=(0.020,0.080)  smooth=0.010  train_loss=0.3579  train_AUPR_all=0.6282  train_AUPR_ab=0.7315  train_AUPR_ag=0.4600  train_P@5_ab=1.0000  train_P@5_ag=0.8000  val_loss=0.4137  val_AUPR_all=0.5889  val_AUPR_ab=0.7369  val_AUPR_ag=0.3567  val_P@5_ab=1.0000  val_P@5_ag=0.9500  select=0.5468
  Saved checkpoint: checkpoints_CE/iPara_balanced_l1_g6_i5_do0.10_dpr0.10_lr0.0002_heads16_fold5.pth  select=0.5468  val_ab=0.7369  val_ag=0.3567  val_all=0.5889
Ep021  LR0=1.50e-04  pw=2.56  aucα=0.300  token_p=0.020  dropE=(0.020,0.080)  smooth=0.010  train_loss=0.3413  train_AUPR_all=0.6357  train_AUPR_ab=0.7375  train_AUPR_ag=0.4711  train_P@5_ab=0.9000  train_P@5_ag=0.8000  val_loss=0.4055  val_AUPR_all=0.5754  val_AUPR_ab=0.7391  val_AUPR_ag=0.3399  val_P@5_ab=1.0000  val_P@5_ag=0.9500  select=0.5395
Ep022  LR0=1.46e-04  pw=2.38  aucα=0.300  token_p=0.020  dropE=(0.020,0.080)  smooth=0.010  train_loss=0.3256  train_AUPR_all=0.6494  train_AUPR_ab=0.7500  train_AUPR_ag=0.4888  train_P@5_ab=1.0000  train_P@5_ag=0.9500  val_loss=0.3897  val_AUPR_all=0.5796  val_AUPR_ab=0.7285  val_AUPR_ag=0.3529  val_P@5_ab=1.0000  val_P@5_ag=0.9000  select=0.5407
Ep023  LR0=1.41e-04  pw=2.21  aucα=0.300  token_p=0.020  dropE=(0.020,0.080)  smooth=0.010  train_loss=0.3085  train_AUPR_all=0.6615  train_AUPR_ab=0.7568  train_AUPR_ag=0.5104  train_P@5_ab=0.9500  train_P@5_ag=0.9500  val_loss=0.3853  val_AUPR_all=0.5779  val_AUPR_ab=0.7400  val_AUPR_ag=0.3534  val_P@5_ab=1.0000  val_P@5_ag=0.9500  select=0.5467
Ep024  LR0=1.36e-04  pw=2.07  aucα=0.300  token_p=0.020  dropE=(0.020,0.080)  smooth=0.010  train_loss=0.2949  train_AUPR_all=0.6688  train_AUPR_ab=0.7657  train_AUPR_ag=0.5135  train_P@5_ab=1.0000  train_P@5_ag=0.9500  val_loss=0.3722  val_AUPR_all=0.5948  val_AUPR_ab=0.7486  val_AUPR_ag=0.3693  val_P@5_ab=1.0000  val_P@5_ag=0.9500  select=0.5589
  Saved checkpoint: checkpoints_CE/iPara_balanced_l1_g6_i5_do0.10_dpr0.10_lr0.0002_heads16_fold5.pth  select=0.5589  val_ab=0.7486  val_ag=0.3693  val_all=0.5948
Ep025  LR0=1.31e-04  pw=1.95  aucα=0.300  token_p=0.020  dropE=(0.020,0.080)  smooth=0.010  train_loss=0.2847  train_AUPR_all=0.6755  train_AUPR_ab=0.7643  train_AUPR_ag=0.5345  train_P@5_ab=0.9500  train_P@5_ag=0.9500  val_loss=0.3534  val_AUPR_all=0.6026  val_AUPR_ab=0.7508  val_AUPR_ag=0.3896  val_P@5_ab=1.0000  val_P@5_ag=1.0000  select=0.5702
  Saved checkpoint: checkpoints_CE/iPara_balanced_l1_g6_i5_do0.10_dpr0.10_lr0.0002_heads16_fold5.pth  select=0.5702  val_ab=0.7508  val_ag=0.3896  val_all=0.6026
Ep026  LR0=1.26e-04  pw=1.83  aucα=0.300  token_p=0.020  dropE=(0.020,0.080)  smooth=0.010  train_loss=0.2677  train_AUPR_all=0.6952  train_AUPR_ab=0.7797  train_AUPR_ag=0.5642  train_P@5_ab=0.9500  train_P@5_ag=0.9500  val_loss=0.3583  val_AUPR_all=0.5893  val_AUPR_ab=0.7459  val_AUPR_ag=0.3660  val_P@5_ab=1.0000  val_P@5_ag=0.9000  select=0.5559
Ep027  LR0=1.21e-04  pw=1.74  aucα=0.300  token_p=0.020  dropE=(0.020,0.080)  smooth=0.010  train_loss=0.2607  train_AUPR_all=0.6994  train_AUPR_ab=0.7811  train_AUPR_ag=0.5728  train_P@5_ab=1.0000  train_P@5_ag=1.0000  val_loss=0.3587  val_AUPR_all=0.5663  val_AUPR_ab=0.7257  val_AUPR_ag=0.3322  val_P@5_ab=0.9500  val_P@5_ag=0.9000  select=0.5289
Ep028  LR0=1.16e-04  pw=1.65  aucα=0.300  token_p=0.020  dropE=(0.020,0.080)  smooth=0.010  train_loss=0.2491  train_AUPR_all=0.7097  train_AUPR_ab=0.7875  train_AUPR_ag=0.5891  train_P@5_ab=0.9500  train_P@5_ag=1.0000  val_loss=0.3443  val_AUPR_all=0.5918  val_AUPR_ab=0.7564  val_AUPR_ag=0.3639  val_P@5_ab=1.0000  val_P@5_ag=0.9500  select=0.5602
Ep029  LR0=1.11e-04  pw=1.57  aucα=0.300  token_p=0.020  dropE=(0.020,0.080)  smooth=0.010  train_loss=0.2435  train_AUPR_all=0.7136  train_AUPR_ab=0.7909  train_AUPR_ag=0.5946  train_P@5_ab=0.9500  train_P@5_ag=1.0000  val_loss=0.3343  val_AUPR_all=0.5915  val_AUPR_ab=0.7582  val_AUPR_ag=0.3601  val_P@5_ab=1.0000  val_P@5_ag=1.0000  select=0.5592
Ep030  LR0=1.05e-04  pw=1.51  aucα=0.300  token_p=0.020  dropE=(0.020,0.080)  smooth=0.010  train_loss=0.2315  train_AUPR_all=0.7271  train_AUPR_ab=0.7990  train_AUPR_ag=0.6174  train_P@5_ab=0.9500  train_P@5_ag=1.0000  val_loss=0.3357  val_AUPR_all=0.5866  val_AUPR_ab=0.7559  val_AUPR_ag=0.3645  val_P@5_ab=1.0000  val_P@5_ag=1.0000  select=0.5602
Ep031  LR0=1.00e-04  pw=1.45  aucα=0.300  token_p=0.020  dropE=(0.020,0.080)  smooth=0.010  train_loss=0.2230  train_AUPR_all=0.7366  train_AUPR_ab=0.8040  train_AUPR_ag=0.6348  train_P@5_ab=1.0000  train_P@5_ag=0.9500  val_loss=0.3339  val_AUPR_all=0.5818  val_AUPR_ab=0.7551  val_AUPR_ag=0.3595  val_P@5_ab=1.0000  val_P@5_ag=1.0000  select=0.5573
Ep032  LR0=9.50e-05  pw=1.39  aucα=0.300  token_p=0.020  dropE=(0.020,0.080)  smooth=0.010  train_loss=0.2136  train_AUPR_all=0.7481  train_AUPR_ab=0.8111  train_AUPR_ag=0.6532  train_P@5_ab=1.0000  train_P@5_ag=1.0000  val_loss=0.3263  val_AUPR_all=0.5998  val_AUPR_ab=0.7620  val_AUPR_ag=0.3797  val_P@5_ab=0.9500  val_P@5_ag=0.9500  select=0.5709
  Saved checkpoint: checkpoints_CE/iPara_balanced_l1_g6_i5_do0.10_dpr0.10_lr0.0002_heads16_fold5.pth  select=0.5709  val_ab=0.7620  val_ag=0.3797  val_all=0.5998
Ep033  LR0=8.98e-05  pw=1.35  aucα=0.300  token_p=0.020  dropE=(0.020,0.080)  smooth=0.010  train_loss=0.2079  train_AUPR_all=0.7565  train_AUPR_ab=0.8199  train_AUPR_ag=0.6611  train_P@5_ab=1.0000  train_P@5_ag=0.9500  val_loss=0.3214  val_AUPR_all=0.5938  val_AUPR_ab=0.7595  val_AUPR_ag=0.3658  val_P@5_ab=1.0000  val_P@5_ag=0.9500  select=0.5627
Ep034  LR0=8.46e-05  pw=1.31  aucα=0.300  token_p=0.020  dropE=(0.020,0.080)  smooth=0.010  train_loss=0.2048  train_AUPR_all=0.7563  train_AUPR_ab=0.8193  train_AUPR_ag=0.6621  train_P@5_ab=1.0000  train_P@5_ag=0.9500  val_loss=0.3206  val_AUPR_all=0.5939  val_AUPR_ab=0.7589  val_AUPR_ag=0.3734  val_P@5_ab=1.0000  val_P@5_ag=0.9500  select=0.5661
Ep035  LR0=7.95e-05  pw=1.27  aucα=0.300  token_p=0.020  dropE=(0.020,0.080)  smooth=0.010  train_loss=0.1921  train_AUPR_all=0.7746  train_AUPR_ab=0.8337  train_AUPR_ag=0.6859  train_P@5_ab=1.0000  train_P@5_ag=0.9500  val_loss=0.3218  val_AUPR_all=0.5946  val_AUPR_ab=0.7569  val_AUPR_ag=0.3836  val_P@5_ab=1.0000  val_P@5_ag=0.9000  select=0.5702
Ep036  LR0=7.44e-05  pw=1.24  aucα=0.300  token_p=0.020  dropE=(0.020,0.080)  smooth=0.010  train_loss=0.1883  train_AUPR_all=0.7801  train_AUPR_ab=0.8357  train_AUPR_ag=0.6974  train_P@5_ab=1.0000  train_P@5_ag=1.0000  val_loss=0.3176  val_AUPR_all=0.5987  val_AUPR_ab=0.7467  val_AUPR_ag=0.3978  val_P@5_ab=0.9500  val_P@5_ag=0.9500  select=0.5723
  Saved checkpoint: checkpoints_CE/iPara_balanced_l1_g6_i5_do0.10_dpr0.10_lr0.0002_heads16_fold5.pth  select=0.5723  val_ab=0.7467  val_ag=0.3978  val_all=0.5987
Ep037  LR0=6.94e-05  pw=1.21  aucα=0.300  token_p=0.020  dropE=(0.020,0.080)  smooth=0.010  train_loss=0.1861  train_AUPR_all=0.7816  train_AUPR_ab=0.8370  train_AUPR_ag=0.6992  train_P@5_ab=1.0000  train_P@5_ag=0.9500  val_loss=0.3128  val_AUPR_all=0.5952  val_AUPR_ab=0.7440  val_AUPR_ag=0.3866  val_P@5_ab=0.9500  val_P@5_ag=0.9500  select=0.5653
Ep038  LR0=6.45e-05  pw=1.19  aucα=0.300  token_p=0.020  dropE=(0.020,0.080)  smooth=0.010  train_loss=0.1804  train_AUPR_all=0.7895  train_AUPR_ab=0.8432  train_AUPR_ag=0.7098  train_P@5_ab=1.0000  train_P@5_ag=0.9000  val_loss=0.3210  val_AUPR_all=0.5938  val_AUPR_ab=0.7507  val_AUPR_ag=0.3803  val_P@5_ab=0.9500  val_P@5_ag=0.9500  select=0.5655
Ep039  LR0=5.97e-05  pw=1.16  aucα=0.300  token_p=0.020  dropE=(0.020,0.080)  smooth=0.010  train_loss=0.1755  train_AUPR_all=0.7977  train_AUPR_ab=0.8483  train_AUPR_ag=0.7225  train_P@5_ab=1.0000  train_P@5_ag=1.0000  val_loss=0.3147  val_AUPR_all=0.5885  val_AUPR_ab=0.7501  val_AUPR_ag=0.3665  val_P@5_ab=1.0000  val_P@5_ag=1.0000  select=0.5583
Ep040  LR0=5.50e-05  pw=1.15  aucα=0.300  token_p=0.020  dropE=(0.020,0.080)  smooth=0.010  train_loss=0.1692  train_AUPR_all=0.8062  train_AUPR_ab=0.8529  train_AUPR_ag=0.7376  train_P@5_ab=1.0000  train_P@5_ag=1.0000  val_loss=0.3235  val_AUPR_all=0.5892  val_AUPR_ab=0.7408  val_AUPR_ag=0.3829  val_P@5_ab=1.0000  val_P@5_ag=0.9500  select=0.5619
Ep041  LR0=5.04e-05  pw=1.13  aucα=0.300  token_p=0.020  dropE=(0.020,0.080)  smooth=0.010  train_loss=0.1639  train_AUPR_all=0.8143  train_AUPR_ab=0.8607  train_AUPR_ag=0.7461  train_P@5_ab=1.0000  train_P@5_ag=1.0000  val_loss=0.3242  val_AUPR_all=0.5875  val_AUPR_ab=0.7422  val_AUPR_ag=0.3691  val_P@5_ab=0.8000  val_P@5_ag=0.9500  select=0.5557
Ep042  LR0=4.59e-05  pw=1.11  aucα=0.300  token_p=0.020  dropE=(0.020,0.080)  smooth=0.010  train_loss=0.1618  train_AUPR_all=0.8172  train_AUPR_ab=0.8648  train_AUPR_ag=0.7464  train_P@5_ab=1.0000  train_P@5_ag=1.0000  val_loss=0.3201  val_AUPR_all=0.5923  val_AUPR_ab=0.7500  val_AUPR_ag=0.3780  val_P@5_ab=0.9500  val_P@5_ag=0.9000  select=0.5640
Ep043  LR0=4.16e-05  pw=1.10  aucα=0.300  token_p=0.020  dropE=(0.020,0.080)  smooth=0.010  train_loss=0.1597  train_AUPR_all=0.8200  train_AUPR_ab=0.8649  train_AUPR_ag=0.7535  train_P@5_ab=1.0000  train_P@5_ag=1.0000  val_loss=0.3160  val_AUPR_all=0.5896  val_AUPR_ab=0.7387  val_AUPR_ag=0.3829  val_P@5_ab=0.8500  val_P@5_ag=0.9000  select=0.5608
Ep044  LR0=3.75e-05  pw=1.09  aucα=0.300  token_p=0.020  dropE=(0.020,0.080)  smooth=0.010  train_loss=0.1570  train_AUPR_all=0.8242  train_AUPR_ab=0.8678  train_AUPR_ag=0.7600  train_P@5_ab=1.0000  train_P@5_ag=1.0000  val_loss=0.3163  val_AUPR_all=0.5898  val_AUPR_ab=0.7474  val_AUPR_ag=0.3768  val_P@5_ab=0.9000  val_P@5_ag=0.8500  select=0.5621
Ep045  LR0=3.35e-05  pw=1.08  aucα=0.300  token_p=0.020  dropE=(0.020,0.080)  smooth=0.010  train_loss=0.1551  train_AUPR_all=0.8264  train_AUPR_ab=0.8721  train_AUPR_ag=0.7585  train_P@5_ab=1.0000  train_P@5_ag=0.9500  val_loss=0.3139  val_AUPR_all=0.5941  val_AUPR_ab=0.7461  val_AUPR_ag=0.3837  val_P@5_ab=0.8000  val_P@5_ag=0.9000  select=0.5649
Ep046  LR0=2.97e-05  pw=1.07  aucα=0.300  token_p=0.020  dropE=(0.020,0.080)  smooth=0.010  train_loss=0.1532  train_AUPR_all=0.8289  train_AUPR_ab=0.8725  train_AUPR_ag=0.7645  train_P@5_ab=0.9500  train_P@5_ag=1.0000  val_loss=0.3167  val_AUPR_all=0.5898  val_AUPR_ab=0.7478  val_AUPR_ag=0.3856  val_P@5_ab=0.8000  val_P@5_ag=0.8000  select=0.5667
Ep047  LR0=2.61e-05  pw=1.06  aucα=0.300  token_p=0.020  dropE=(0.020,0.080)  smooth=0.010  train_loss=0.1477  train_AUPR_all=0.8396  train_AUPR_ab=0.8810  train_AUPR_ag=0.7782  train_P@5_ab=1.0000  train_P@5_ag=1.0000  val_loss=0.3141  val_AUPR_all=0.5898  val_AUPR_ab=0.7415  val_AUPR_ag=0.3882  val_P@5_ab=0.7500  val_P@5_ag=0.9000  select=0.5648
Ep048  LR0=2.27e-05  pw=1.05  aucα=0.300  token_p=0.020  dropE=(0.020,0.080)  smooth=0.010  train_loss=0.1454  train_AUPR_all=0.8419  train_AUPR_ab=0.8834  train_AUPR_ag=0.7798  train_P@5_ab=1.0000  train_P@5_ag=1.0000  val_loss=0.3141  val_AUPR_all=0.5889  val_AUPR_ab=0.7427  val_AUPR_ag=0.3755  val_P@5_ab=0.8500  val_P@5_ag=0.7500  select=0.5591
Ep049  LR0=1.96e-05  pw=1.05  aucα=0.300  token_p=0.020  dropE=(0.020,0.080)  smooth=0.010  train_loss=0.1452  train_AUPR_all=0.8421  train_AUPR_ab=0.8817  train_AUPR_ag=0.7842  train_P@5_ab=1.0000  train_P@5_ag=1.0000  val_loss=0.3160  val_AUPR_all=0.5890  val_AUPR_ab=0.7401  val_AUPR_ag=0.3827  val_P@5_ab=0.8500  val_P@5_ag=0.8500  select=0.5614
Ep050  LR0=1.66e-05  pw=1.04  aucα=0.300  token_p=0.020  dropE=(0.020,0.080)  smooth=0.010  train_loss=0.1426  train_AUPR_all=0.8453  train_AUPR_ab=0.8851  train_AUPR_ag=0.7860  train_P@5_ab=1.0000  train_P@5_ag=1.0000  val_loss=0.3130  val_AUPR_all=0.5897  val_AUPR_ab=0.7442  val_AUPR_ag=0.3821  val_P@5_ab=0.8500  val_P@5_ag=0.8500  select=0.5631
Ep051  LR0=1.39e-05  pw=1.04  aucα=0.300  token_p=0.020  dropE=(0.020,0.080)  smooth=0.010  train_loss=0.1416  train_AUPR_all=0.8471  train_AUPR_ab=0.8881  train_AUPR_ag=0.7859  train_P@5_ab=1.0000  train_P@5_ag=1.0000  val_loss=0.3156  val_AUPR_all=0.5845  val_AUPR_ab=0.7388  val_AUPR_ag=0.3809  val_P@5_ab=0.8500  val_P@5_ag=0.8000  select=0.5598
Ep052  LR0=1.14e-05  pw=1.03  aucα=0.300  token_p=0.020  dropE=(0.020,0.080)  smooth=0.010  train_loss=0.1405  train_AUPR_all=0.8492  train_AUPR_ab=0.8880  train_AUPR_ag=0.7921  train_P@5_ab=1.0000  train_P@5_ag=1.0000  val_loss=0.3154  val_AUPR_all=0.5861  val_AUPR_ab=0.7400  val_AUPR_ag=0.3820  val_P@5_ab=0.8000  val_P@5_ag=0.8500  select=0.5610
Ep053  LR0=9.12e-06  pw=1.03  aucα=0.300  token_p=0.020  dropE=(0.020,0.080)  smooth=0.010  train_loss=0.1403  train_AUPR_all=0.8493  train_AUPR_ab=0.8885  train_AUPR_ag=0.7910  train_P@5_ab=1.0000  train_P@5_ag=1.0000  val_loss=0.3163  val_AUPR_all=0.5873  val_AUPR_ab=0.7403  val_AUPR_ag=0.3824  val_P@5_ab=0.8500  val_P@5_ag=0.8000  select=0.5614
Ep054  LR0=7.13e-06  pw=1.03  aucα=0.300  token_p=0.020  dropE=(0.020,0.080)  smooth=0.010  train_loss=0.1363  train_AUPR_all=0.8553  train_AUPR_ab=0.8935  train_AUPR_ag=0.7983  train_P@5_ab=0.9500  train_P@5_ag=1.0000  val_loss=0.3160  val_AUPR_all=0.5849  val_AUPR_ab=0.7386  val_AUPR_ag=0.3831  val_P@5_ab=0.8500  val_P@5_ag=0.8000  select=0.5608
Ep055  LR0=5.38e-06  pw=1.02  aucα=0.300  token_p=0.020  dropE=(0.020,0.080)  smooth=0.010  train_loss=0.1348  train_AUPR_all=0.8580  train_AUPR_ab=0.8965  train_AUPR_ag=0.8007  train_P@5_ab=1.0000  train_P@5_ag=0.9500  val_loss=0.3169  val_AUPR_all=0.5853  val_AUPR_ab=0.7387  val_AUPR_ag=0.3816  val_P@5_ab=0.8500  val_P@5_ag=0.8000  select=0.5601
Ep056  LR0=3.90e-06  pw=1.02  aucα=0.300  token_p=0.020  dropE=(0.020,0.080)  smooth=0.010  train_loss=0.1328  train_AUPR_all=0.8608  train_AUPR_ab=0.8974  train_AUPR_ag=0.8064  train_P@5_ab=1.0000  train_P@5_ag=1.0000  val_loss=0.3192  val_AUPR_all=0.5835  val_AUPR_ab=0.7377  val_AUPR_ag=0.3789  val_P@5_ab=0.7500  val_P@5_ag=0.7500  select=0.5583
Early stopping at epoch 56. Best select=0.5723 at epoch 36.
Final saved checkpoint for fold 5: checkpoints_CE/iPara_balanced_l1_g6_i5_do0.10_dpr0.10_lr0.0002_heads16_fold5.pth
Best select=0.5723 at epoch 36
