Device: cuda
Visible GPUs: 1
GPU 0: NVIDIA RTX PRO 6000 Blackwell Server Edition
Config:
  sequence_file: para_tv_esmsequences_1600.npz
  data_file: para_tv_esminterfaces_1600.npz
  edge_file: para_tv_esmedges_1600.npz
  seq_len: 1600
  vocab_size: 31
  num_classes: 2
  pad_id: 1
  eoc_id: 24
  embed_dim: 256
  num_heads: 16
  num_layers: 1
  num_gnn_layers: 6
  num_int_layers: 4
  dropout: 0.1
  drop_path_rate: 0.1
  batch_size: 4
  num_epochs: 70
  warmup_epochs: 10
  min_stop_epoch: 45
  early_stop: 20
  learning_rate: 0.0002
  weight_decay: 0.0001
  max_grad_norm: 0.5
  accum_steps: 1
  amp: True
  weight_start: 20.0
  weight_end: 1.0
  weight_anneal_tau: 8.0
  dropedge_min: 0.02
  dropedge_max: 0.08
  token_drop_p: 0.02
  smooth_lambda: 0.01
  aucpr_alpha: 0.3
  aucpr_ramp_start: 10
  aucpr_ramp_len: 10
  aucpr_bins: 64
  aucpr_temp: 0.05
  antibody_loss_weight: 1.0
  antigen_loss_weight: 1.0
  n_splits: 5
  num_workers: 0
  select_ab_weight: 0.5
  select_ag_weight: 0.5
Dataset size: 858

==========================================================================================
Fold 1/5
==========================================================================================
Train labels: valid=399467, pos=26433, neg=373034, ignore=698133, pos_frac=0.06617
Val labels: valid=100725, pos=6797, neg=93928, ignore=174475, pos_frac=0.06748
Initializing ClassificationModel with 6 GAT layers and residual connections...
Initializing MCModel with 6 GAT layers and 4 row attention layers (drop_path_rate=0.1)
Initializing CoreModel with 1 layers, drop_path_rate=0.1
Ep001  LR0=2.00e-04  pw=20.00  aucα=0.000  token_p=0.020  dropE=(0.020,0.080)  smooth=0.010  train_loss=1.1003  train_AUPR_all=0.2119  train_AUPR_ab=0.2464  train_AUPR_ag=0.1626  train_P@5_ab=0.0500  train_P@5_ag=0.0000  val_loss=1.1522  val_AUPR_all=0.4287  val_AUPR_ab=0.5301  val_AUPR_ag=0.2677  val_P@5_ab=0.6500  val_P@5_ag=0.6500  select=0.3989
  Saved checkpoint: checkpoints_old/iPara_balanced_l1_g6_i4_do0.10_dpr0.10_lr0.0002_heads16_fold1.pth  select=0.3989  val_ab=0.5301  val_ag=0.2677  val_all=0.4287
Ep002  LR0=2.00e-04  pw=17.77  aucα=0.000  token_p=0.020  dropE=(0.020,0.080)  smooth=0.010  train_loss=0.7948  train_AUPR_all=0.3759  train_AUPR_ab=0.4619  train_AUPR_ag=0.2385  train_P@5_ab=0.9500  train_P@5_ag=0.6000  val_loss=1.0388  val_AUPR_all=0.4346  val_AUPR_ab=0.5573  val_AUPR_ag=0.2373  val_P@5_ab=1.0000  val_P@5_ag=0.5000  select=0.3973
Ep003  LR0=2.00e-04  pw=15.80  aucα=0.000  token_p=0.020  dropE=(0.020,0.080)  smooth=0.010  train_loss=0.6877  train_AUPR_all=0.4515  train_AUPR_ab=0.5351  train_AUPR_ag=0.3045  train_P@5_ab=0.6000  train_P@5_ag=1.0000  val_loss=0.9007  val_AUPR_all=0.5141  val_AUPR_ab=0.6115  val_AUPR_ag=0.3384  val_P@5_ab=0.8500  val_P@5_ag=0.9000  select=0.4750
  Saved checkpoint: checkpoints_old/iPara_balanced_l1_g6_i4_do0.10_dpr0.10_lr0.0002_heads16_fold1.pth  select=0.4750  val_ab=0.6115  val_ag=0.3384  val_all=0.5141
Ep004  LR0=1.99e-04  pw=14.06  aucα=0.000  token_p=0.020  dropE=(0.020,0.080)  smooth=0.010  train_loss=0.6340  train_AUPR_all=0.4655  train_AUPR_ab=0.5545  train_AUPR_ag=0.3123  train_P@5_ab=0.6500  train_P@5_ag=0.8500  val_loss=0.8359  val_AUPR_all=0.5194  val_AUPR_ab=0.6172  val_AUPR_ag=0.3485  val_P@5_ab=0.9000  val_P@5_ag=1.0000  select=0.4829
  Saved checkpoint: checkpoints_old/iPara_balanced_l1_g6_i4_do0.10_dpr0.10_lr0.0002_heads16_fold1.pth  select=0.4829  val_ab=0.6172  val_ag=0.3485  val_all=0.5194
Ep005  LR0=1.98e-04  pw=12.52  aucα=0.000  token_p=0.020  dropE=(0.020,0.080)  smooth=0.010  train_loss=0.5936  train_AUPR_all=0.5008  train_AUPR_ab=0.5911  train_AUPR_ag=0.3403  train_P@5_ab=0.9500  train_P@5_ag=0.8000  val_loss=0.8588  val_AUPR_all=0.5238  val_AUPR_ab=0.6428  val_AUPR_ag=0.3337  val_P@5_ab=1.0000  val_P@5_ag=1.0000  select=0.4882
  Saved checkpoint: checkpoints_old/iPara_balanced_l1_g6_i4_do0.10_dpr0.10_lr0.0002_heads16_fold1.pth  select=0.4882  val_ab=0.6428  val_ag=0.3337  val_all=0.5238
Ep006  LR0=1.97e-04  pw=11.17  aucα=0.000  token_p=0.020  dropE=(0.020,0.080)  smooth=0.010  train_loss=0.5454  train_AUPR_all=0.5197  train_AUPR_ab=0.6108  train_AUPR_ag=0.3585  train_P@5_ab=0.7000  train_P@5_ag=1.0000  val_loss=0.7617  val_AUPR_all=0.5382  val_AUPR_ab=0.6556  val_AUPR_ag=0.3428  val_P@5_ab=0.7000  val_P@5_ag=1.0000  select=0.4992
  Saved checkpoint: checkpoints_old/iPara_balanced_l1_g6_i4_do0.10_dpr0.10_lr0.0002_heads16_fold1.pth  select=0.4992  val_ab=0.6556  val_ag=0.3428  val_all=0.5382
Ep007  LR0=1.96e-04  pw=9.97  aucα=0.000  token_p=0.020  dropE=(0.020,0.080)  smooth=0.010  train_loss=0.5133  train_AUPR_all=0.5309  train_AUPR_ab=0.6196  train_AUPR_ag=0.3715  train_P@5_ab=0.8500  train_P@5_ag=0.9000  val_loss=0.7302  val_AUPR_all=0.5266  val_AUPR_ab=0.6704  val_AUPR_ag=0.3237  val_P@5_ab=0.9000  val_P@5_ag=0.8500  select=0.4970
Ep008  LR0=1.95e-04  pw=8.92  aucα=0.000  token_p=0.020  dropE=(0.020,0.080)  smooth=0.010  train_loss=0.4798  train_AUPR_all=0.5347  train_AUPR_ab=0.6254  train_AUPR_ag=0.3743  train_P@5_ab=0.8500  train_P@5_ag=1.0000  val_loss=0.6583  val_AUPR_all=0.5610  val_AUPR_ab=0.6843  val_AUPR_ag=0.3647  val_P@5_ab=1.0000  val_P@5_ag=0.8500  select=0.5245
  Saved checkpoint: checkpoints_old/iPara_balanced_l1_g6_i4_do0.10_dpr0.10_lr0.0002_heads16_fold1.pth  select=0.5245  val_ab=0.6843  val_ag=0.3647  val_all=0.5610
Ep009  LR0=1.94e-04  pw=7.99  aucα=0.000  token_p=0.020  dropE=(0.020,0.080)  smooth=0.010  train_loss=0.4396  train_AUPR_all=0.5531  train_AUPR_ab=0.6502  train_AUPR_ag=0.3844  train_P@5_ab=0.8500  train_P@5_ag=0.8500  val_loss=0.6434  val_AUPR_all=0.5662  val_AUPR_ab=0.6969  val_AUPR_ag=0.3704  val_P@5_ab=1.0000  val_P@5_ag=0.9500  select=0.5336
  Saved checkpoint: checkpoints_old/iPara_balanced_l1_g6_i4_do0.10_dpr0.10_lr0.0002_heads16_fold1.pth  select=0.5336  val_ab=0.6969  val_ag=0.3704  val_all=0.5662
Ep010  LR0=1.92e-04  pw=7.17  aucα=0.030  token_p=0.020  dropE=(0.020,0.080)  smooth=0.010  train_loss=0.4313  train_AUPR_all=0.5521  train_AUPR_ab=0.6456  train_AUPR_ag=0.3914  train_P@5_ab=0.8000  train_P@5_ag=1.0000  val_loss=0.6082  val_AUPR_all=0.5746  val_AUPR_ab=0.6923  val_AUPR_ag=0.3782  val_P@5_ab=0.9500  val_P@5_ag=1.0000  select=0.5353
  Saved checkpoint: checkpoints_old/iPara_balanced_l1_g6_i4_do0.10_dpr0.10_lr0.0002_heads16_fold1.pth  select=0.5353  val_ab=0.6923  val_ag=0.3782  val_all=0.5746
Unfreezing DyM parameters.
Ep011  LR0=1.90e-04  pw=6.44  aucα=0.060  token_p=0.020  dropE=(0.020,0.080)  smooth=0.010  train_loss=0.4180  train_AUPR_all=0.5704  train_AUPR_ab=0.6722  train_AUPR_ag=0.3980  train_P@5_ab=0.9000  train_P@5_ag=0.9000  val_loss=0.5801  val_AUPR_all=0.5690  val_AUPR_ab=0.6961  val_AUPR_ag=0.3656  val_P@5_ab=1.0000  val_P@5_ag=1.0000  select=0.5308
Ep012  LR0=1.88e-04  pw=5.80  aucα=0.090  token_p=0.020  dropE=(0.020,0.080)  smooth=0.010  train_loss=0.4068  train_AUPR_all=0.5797  train_AUPR_ab=0.6787  train_AUPR_ag=0.4143  train_P@5_ab=0.9500  train_P@5_ag=0.6500  val_loss=0.5446  val_AUPR_all=0.5818  val_AUPR_ab=0.7096  val_AUPR_ag=0.3830  val_P@5_ab=1.0000  val_P@5_ag=1.0000  select=0.5463
  Saved checkpoint: checkpoints_old/iPara_balanced_l1_g6_i4_do0.10_dpr0.10_lr0.0002_heads16_fold1.pth  select=0.5463  val_ab=0.7096  val_ag=0.3830  val_all=0.5818
Ep013  LR0=1.86e-04  pw=5.24  aucα=0.120  token_p=0.020  dropE=(0.020,0.080)  smooth=0.010  train_loss=0.3968  train_AUPR_all=0.5867  train_AUPR_ab=0.6885  train_AUPR_ag=0.4171  train_P@5_ab=0.8500  train_P@5_ag=0.7000  val_loss=0.5186  val_AUPR_all=0.5821  val_AUPR_ab=0.7120  val_AUPR_ag=0.3845  val_P@5_ab=1.0000  val_P@5_ag=1.0000  select=0.5482
  Saved checkpoint: checkpoints_old/iPara_balanced_l1_g6_i4_do0.10_dpr0.10_lr0.0002_heads16_fold1.pth  select=0.5482  val_ab=0.7120  val_ag=0.3845  val_all=0.5821
Ep014  LR0=1.83e-04  pw=4.74  aucα=0.150  token_p=0.020  dropE=(0.020,0.080)  smooth=0.010  train_loss=0.3879  train_AUPR_all=0.5946  train_AUPR_ab=0.6927  train_AUPR_ag=0.4323  train_P@5_ab=0.8500  train_P@5_ag=0.8500  val_loss=0.5292  val_AUPR_all=0.5669  val_AUPR_ab=0.7087  val_AUPR_ag=0.3569  val_P@5_ab=0.9500  val_P@5_ag=0.9500  select=0.5328
Ep015  LR0=1.81e-04  pw=4.30  aucα=0.180  token_p=0.020  dropE=(0.020,0.080)  smooth=0.010  train_loss=0.3778  train_AUPR_all=0.6082  train_AUPR_ab=0.7066  train_AUPR_ag=0.4450  train_P@5_ab=0.8000  train_P@5_ag=0.9000  val_loss=0.5117  val_AUPR_all=0.5868  val_AUPR_ab=0.7236  val_AUPR_ag=0.3721  val_P@5_ab=0.8500  val_P@5_ag=0.9500  select=0.5478
Ep016  LR0=1.78e-04  pw=3.91  aucα=0.210  token_p=0.020  dropE=(0.020,0.080)  smooth=0.010  train_loss=0.3694  train_AUPR_all=0.6221  train_AUPR_ab=0.7219  train_AUPR_ag=0.4568  train_P@5_ab=0.9500  train_P@5_ag=0.9500  val_loss=0.4592  val_AUPR_all=0.5896  val_AUPR_ab=0.7315  val_AUPR_ag=0.3698  val_P@5_ab=1.0000  val_P@5_ag=1.0000  select=0.5506
  Saved checkpoint: checkpoints_old/iPara_balanced_l1_g6_i4_do0.10_dpr0.10_lr0.0002_heads16_fold1.pth  select=0.5506  val_ab=0.7315  val_ag=0.3698  val_all=0.5896
Ep017  LR0=1.75e-04  pw=3.57  aucα=0.240  token_p=0.020  dropE=(0.020,0.080)  smooth=0.010  train_loss=0.3652  train_AUPR_all=0.6248  train_AUPR_ab=0.7243  train_AUPR_ag=0.4628  train_P@5_ab=1.0000  train_P@5_ag=0.9000  val_loss=0.4545  val_AUPR_all=0.5851  val_AUPR_ab=0.7202  val_AUPR_ag=0.3710  val_P@5_ab=0.9500  val_P@5_ag=0.9500  select=0.5456
Ep018  LR0=1.72e-04  pw=3.27  aucα=0.270  token_p=0.020  dropE=(0.020,0.080)  smooth=0.010  train_loss=0.3562  train_AUPR_all=0.6378  train_AUPR_ab=0.7335  train_AUPR_ag=0.4826  train_P@5_ab=1.0000  train_P@5_ag=0.9500  val_loss=0.4603  val_AUPR_all=0.5915  val_AUPR_ab=0.7341  val_AUPR_ag=0.3701  val_P@5_ab=0.9000  val_P@5_ag=1.0000  select=0.5521
  Saved checkpoint: checkpoints_old/iPara_balanced_l1_g6_i4_do0.10_dpr0.10_lr0.0002_heads16_fold1.pth  select=0.5521  val_ab=0.7341  val_ag=0.3701  val_all=0.5915
Ep019  LR0=1.69e-04  pw=3.00  aucα=0.300  token_p=0.020  dropE=(0.020,0.080)  smooth=0.010  train_loss=0.3536  train_AUPR_all=0.6426  train_AUPR_ab=0.7353  train_AUPR_ag=0.4947  train_P@5_ab=0.9500  train_P@5_ag=0.9500  val_loss=0.4244  val_AUPR_all=0.5883  val_AUPR_ab=0.7352  val_AUPR_ag=0.3601  val_P@5_ab=0.9500  val_P@5_ag=1.0000  select=0.5477
Ep020  LR0=1.66e-04  pw=2.77  aucα=0.300  token_p=0.020  dropE=(0.020,0.080)  smooth=0.010  train_loss=0.3322  train_AUPR_all=0.6572  train_AUPR_ab=0.7468  train_AUPR_ag=0.5172  train_P@5_ab=0.9000  train_P@5_ag=0.7500  val_loss=0.4075  val_AUPR_all=0.5921  val_AUPR_ab=0.7348  val_AUPR_ag=0.3770  val_P@5_ab=0.9000  val_P@5_ag=0.9500  select=0.5559
  Saved checkpoint: checkpoints_old/iPara_balanced_l1_g6_i4_do0.10_dpr0.10_lr0.0002_heads16_fold1.pth  select=0.5559  val_ab=0.7348  val_ag=0.3770  val_all=0.5921
Ep021  LR0=1.62e-04  pw=2.56  aucα=0.300  token_p=0.020  dropE=(0.020,0.080)  smooth=0.010  train_loss=0.3185  train_AUPR_all=0.6627  train_AUPR_ab=0.7551  train_AUPR_ag=0.5148  train_P@5_ab=1.0000  train_P@5_ag=0.9000  val_loss=0.3947  val_AUPR_all=0.5973  val_AUPR_ab=0.7368  val_AUPR_ag=0.3789  val_P@5_ab=0.9000  val_P@5_ag=0.9500  select=0.5578
  Saved checkpoint: checkpoints_old/iPara_balanced_l1_g6_i4_do0.10_dpr0.10_lr0.0002_heads16_fold1.pth  select=0.5578  val_ab=0.7368  val_ag=0.3789  val_all=0.5973
Ep022  LR0=1.59e-04  pw=2.38  aucα=0.300  token_p=0.020  dropE=(0.020,0.080)  smooth=0.010  train_loss=0.3005  train_AUPR_all=0.6801  train_AUPR_ab=0.7639  train_AUPR_ag=0.5494  train_P@5_ab=1.0000  train_P@5_ag=1.0000  val_loss=0.3893  val_AUPR_all=0.5899  val_AUPR_ab=0.7447  val_AUPR_ag=0.3592  val_P@5_ab=0.9000  val_P@5_ag=1.0000  select=0.5519
Ep023  LR0=1.55e-04  pw=2.21  aucα=0.300  token_p=0.020  dropE=(0.020,0.080)  smooth=0.010  train_loss=0.2910  train_AUPR_all=0.6820  train_AUPR_ab=0.7652  train_AUPR_ag=0.5536  train_P@5_ab=1.0000  train_P@5_ag=0.9500  val_loss=0.4055  val_AUPR_all=0.5845  val_AUPR_ab=0.7389  val_AUPR_ag=0.3465  val_P@5_ab=1.0000  val_P@5_ag=0.7500  select=0.5427
Ep024  LR0=1.51e-04  pw=2.07  aucα=0.300  token_p=0.020  dropE=(0.020,0.080)  smooth=0.010  train_loss=0.2766  train_AUPR_all=0.6951  train_AUPR_ab=0.7747  train_AUPR_ag=0.5722  train_P@5_ab=1.0000  train_P@5_ag=0.8500  val_loss=0.3946  val_AUPR_all=0.5784  val_AUPR_ab=0.7348  val_AUPR_ag=0.3485  val_P@5_ab=0.9500  val_P@5_ag=0.9500  select=0.5416
Ep025  LR0=1.48e-04  pw=1.95  aucα=0.300  token_p=0.020  dropE=(0.020,0.080)  smooth=0.010  train_loss=0.2645  train_AUPR_all=0.7026  train_AUPR_ab=0.7764  train_AUPR_ag=0.5905  train_P@5_ab=1.0000  train_P@5_ag=0.9000  val_loss=0.3640  val_AUPR_all=0.5941  val_AUPR_ab=0.7454  val_AUPR_ag=0.3637  val_P@5_ab=0.9000  val_P@5_ag=0.9000  select=0.5546
Ep026  LR0=1.44e-04  pw=1.83  aucα=0.300  token_p=0.020  dropE=(0.020,0.080)  smooth=0.010  train_loss=0.2525  train_AUPR_all=0.7103  train_AUPR_ab=0.7771  train_AUPR_ag=0.6103  train_P@5_ab=1.0000  train_P@5_ag=0.9500  val_loss=0.3695  val_AUPR_all=0.5875  val_AUPR_ab=0.7413  val_AUPR_ag=0.3701  val_P@5_ab=0.9500  val_P@5_ag=0.9500  select=0.5557
Ep027  LR0=1.39e-04  pw=1.74  aucα=0.300  token_p=0.020  dropE=(0.020,0.080)  smooth=0.010  train_loss=0.2405  train_AUPR_all=0.7252  train_AUPR_ab=0.7906  train_AUPR_ag=0.6273  train_P@5_ab=1.0000  train_P@5_ag=0.9500  val_loss=0.3520  val_AUPR_all=0.5949  val_AUPR_ab=0.7520  val_AUPR_ag=0.3658  val_P@5_ab=0.9500  val_P@5_ag=0.9500  select=0.5589
  Saved checkpoint: checkpoints_old/iPara_balanced_l1_g6_i4_do0.10_dpr0.10_lr0.0002_heads16_fold1.pth  select=0.5589  val_ab=0.7520  val_ag=0.3658  val_all=0.5949
Ep028  LR0=1.35e-04  pw=1.65  aucα=0.300  token_p=0.020  dropE=(0.020,0.080)  smooth=0.010  train_loss=0.2319  train_AUPR_all=0.7331  train_AUPR_ab=0.7942  train_AUPR_ag=0.6426  train_P@5_ab=1.0000  train_P@5_ag=1.0000  val_loss=0.3469  val_AUPR_all=0.5802  val_AUPR_ab=0.7449  val_AUPR_ag=0.3535  val_P@5_ab=0.9500  val_P@5_ag=1.0000  select=0.5492
Ep029  LR0=1.31e-04  pw=1.57  aucα=0.300  token_p=0.020  dropE=(0.020,0.080)  smooth=0.010  train_loss=0.2227  train_AUPR_all=0.7435  train_AUPR_ab=0.7995  train_AUPR_ag=0.6615  train_P@5_ab=1.0000  train_P@5_ag=1.0000  val_loss=0.3465  val_AUPR_all=0.5889  val_AUPR_ab=0.7462  val_AUPR_ag=0.3652  val_P@5_ab=0.8500  val_P@5_ag=0.9000  select=0.5557
Ep030  LR0=1.27e-04  pw=1.51  aucα=0.300  token_p=0.020  dropE=(0.020,0.080)  smooth=0.010  train_loss=0.2111  train_AUPR_all=0.7591  train_AUPR_ab=0.8111  train_AUPR_ag=0.6836  train_P@5_ab=1.0000  train_P@5_ag=1.0000  val_loss=0.3462  val_AUPR_all=0.5915  val_AUPR_ab=0.7449  val_AUPR_ag=0.3789  val_P@5_ab=0.9000  val_P@5_ag=0.9500  select=0.5619
  Saved checkpoint: checkpoints_old/iPara_balanced_l1_g6_i4_do0.10_dpr0.10_lr0.0002_heads16_fold1.pth  select=0.5619  val_ab=0.7449  val_ag=0.3789  val_all=0.5915
Ep031  LR0=1.22e-04  pw=1.45  aucα=0.300  token_p=0.020  dropE=(0.020,0.080)  smooth=0.010  train_loss=0.2067  train_AUPR_all=0.7623  train_AUPR_ab=0.8106  train_AUPR_ag=0.6925  train_P@5_ab=1.0000  train_P@5_ag=1.0000  val_loss=0.3485  val_AUPR_all=0.5740  val_AUPR_ab=0.7395  val_AUPR_ag=0.3630  val_P@5_ab=0.9000  val_P@5_ag=0.8500  select=0.5512
Ep032  LR0=1.18e-04  pw=1.39  aucα=0.300  token_p=0.020  dropE=(0.020,0.080)  smooth=0.010  train_loss=0.1981  train_AUPR_all=0.7722  train_AUPR_ab=0.8192  train_AUPR_ag=0.7045  train_P@5_ab=1.0000  train_P@5_ag=0.9500  val_loss=0.3479  val_AUPR_all=0.5814  val_AUPR_ab=0.7506  val_AUPR_ag=0.3468  val_P@5_ab=0.9000  val_P@5_ag=0.8000  select=0.5487
Ep033  LR0=1.14e-04  pw=1.35  aucα=0.300  token_p=0.020  dropE=(0.020,0.080)  smooth=0.010  train_loss=0.1916  train_AUPR_all=0.7804  train_AUPR_ab=0.8256  train_AUPR_ag=0.7151  train_P@5_ab=1.0000  train_P@5_ag=1.0000  val_loss=0.3399  val_AUPR_all=0.5947  val_AUPR_ab=0.7551  val_AUPR_ag=0.3716  val_P@5_ab=0.9000  val_P@5_ag=0.6500  select=0.5634
  Saved checkpoint: checkpoints_old/iPara_balanced_l1_g6_i4_do0.10_dpr0.10_lr0.0002_heads16_fold1.pth  select=0.5634  val_ab=0.7551  val_ag=0.3716  val_all=0.5947
Ep034  LR0=1.09e-04  pw=1.31  aucα=0.300  token_p=0.020  dropE=(0.020,0.080)  smooth=0.010  train_loss=0.1870  train_AUPR_all=0.7842  train_AUPR_ab=0.8250  train_AUPR_ag=0.7261  train_P@5_ab=1.0000  train_P@5_ag=1.0000  val_loss=0.3434  val_AUPR_all=0.5964  val_AUPR_ab=0.7575  val_AUPR_ag=0.3624  val_P@5_ab=0.9500  val_P@5_ag=0.7500  select=0.5599
Ep035  LR0=1.05e-04  pw=1.27  aucα=0.300  token_p=0.020  dropE=(0.020,0.080)  smooth=0.010  train_loss=0.1813  train_AUPR_all=0.7906  train_AUPR_ab=0.8313  train_AUPR_ag=0.7327  train_P@5_ab=1.0000  train_P@5_ag=0.9000  val_loss=0.3369  val_AUPR_all=0.5963  val_AUPR_ab=0.7545  val_AUPR_ag=0.3716  val_P@5_ab=0.9500  val_P@5_ag=0.7500  select=0.5631
Ep036  LR0=1.00e-04  pw=1.24  aucα=0.300  token_p=0.020  dropE=(0.020,0.080)  smooth=0.010  train_loss=0.1762  train_AUPR_all=0.7976  train_AUPR_ab=0.8353  train_AUPR_ag=0.7441  train_P@5_ab=1.0000  train_P@5_ag=1.0000  val_loss=0.3293  val_AUPR_all=0.5961  val_AUPR_ab=0.7613  val_AUPR_ag=0.3648  val_P@5_ab=0.9500  val_P@5_ag=0.7500  select=0.5631
Ep037  LR0=9.58e-05  pw=1.21  aucα=0.300  token_p=0.020  dropE=(0.020,0.080)  smooth=0.010  train_loss=0.1680  train_AUPR_all=0.8113  train_AUPR_ab=0.8478  train_AUPR_ag=0.7593  train_P@5_ab=1.0000  train_P@5_ag=1.0000  val_loss=0.3247  val_AUPR_all=0.5863  val_AUPR_ab=0.7423  val_AUPR_ag=0.3657  val_P@5_ab=0.9500  val_P@5_ag=0.9000  select=0.5540
Ep038  LR0=9.13e-05  pw=1.19  aucα=0.300  token_p=0.020  dropE=(0.020,0.080)  smooth=0.010  train_loss=0.1621  train_AUPR_all=0.8205  train_AUPR_ab=0.8563  train_AUPR_ag=0.7695  train_P@5_ab=1.0000  train_P@5_ag=1.0000  val_loss=0.3434  val_AUPR_all=0.5757  val_AUPR_ab=0.7507  val_AUPR_ag=0.3408  val_P@5_ab=0.9500  val_P@5_ag=0.7000  select=0.5458
Ep039  LR0=8.69e-05  pw=1.16  aucα=0.300  token_p=0.020  dropE=(0.020,0.080)  smooth=0.010  train_loss=0.1587  train_AUPR_all=0.8250  train_AUPR_ab=0.8595  train_AUPR_ag=0.7758  train_P@5_ab=0.9500  train_P@5_ag=1.0000  val_loss=0.3409  val_AUPR_all=0.5784  val_AUPR_ab=0.7491  val_AUPR_ag=0.3501  val_P@5_ab=0.9000  val_P@5_ag=0.6000  select=0.5496
Ep040  LR0=8.24e-05  pw=1.15  aucα=0.300  token_p=0.020  dropE=(0.020,0.080)  smooth=0.010  train_loss=0.1549  train_AUPR_all=0.8304  train_AUPR_ab=0.8633  train_AUPR_ag=0.7835  train_P@5_ab=1.0000  train_P@5_ag=1.0000  val_loss=0.3343  val_AUPR_all=0.5817  val_AUPR_ab=0.7573  val_AUPR_ag=0.3388  val_P@5_ab=1.0000  val_P@5_ag=0.5500  select=0.5480
Ep041  LR0=7.81e-05  pw=1.13  aucα=0.300  token_p=0.020  dropE=(0.020,0.080)  smooth=0.010  train_loss=0.1480  train_AUPR_all=0.8407  train_AUPR_ab=0.8730  train_AUPR_ag=0.7943  train_P@5_ab=1.0000  train_P@5_ag=1.0000  val_loss=0.3316  val_AUPR_all=0.5857  val_AUPR_ab=0.7533  val_AUPR_ag=0.3543  val_P@5_ab=0.9500  val_P@5_ag=0.7000  select=0.5538
Ep042  LR0=7.37e-05  pw=1.11  aucα=0.300  token_p=0.020  dropE=(0.020,0.080)  smooth=0.010  train_loss=0.1443  train_AUPR_all=0.8471  train_AUPR_ab=0.8771  train_AUPR_ag=0.8046  train_P@5_ab=1.0000  train_P@5_ag=1.0000  val_loss=0.3338  val_AUPR_all=0.5702  val_AUPR_ab=0.7585  val_AUPR_ag=0.3386  val_P@5_ab=1.0000  val_P@5_ag=0.5500  select=0.5486
Ep043  LR0=6.94e-05  pw=1.10  aucα=0.300  token_p=0.020  dropE=(0.020,0.080)  smooth=0.010  train_loss=0.1401  train_AUPR_all=0.8523  train_AUPR_ab=0.8822  train_AUPR_ag=0.8096  train_P@5_ab=0.9500  train_P@5_ag=0.9500  val_loss=0.3280  val_AUPR_all=0.5818  val_AUPR_ab=0.7573  val_AUPR_ag=0.3487  val_P@5_ab=0.9000  val_P@5_ag=0.6500  select=0.5530
Ep044  LR0=6.52e-05  pw=1.09  aucα=0.300  token_p=0.020  dropE=(0.020,0.080)  smooth=0.010  train_loss=0.1413  train_AUPR_all=0.8498  train_AUPR_ab=0.8785  train_AUPR_ag=0.8090  train_P@5_ab=1.0000  train_P@5_ag=1.0000  val_loss=0.3386  val_AUPR_all=0.5772  val_AUPR_ab=0.7554  val_AUPR_ag=0.3411  val_P@5_ab=0.8500  val_P@5_ag=0.6000  select=0.5483
Ep045  LR0=6.10e-05  pw=1.08  aucα=0.300  token_p=0.020  dropE=(0.020,0.080)  smooth=0.010  train_loss=0.1356  train_AUPR_all=0.8604  train_AUPR_ab=0.8905  train_AUPR_ag=0.8173  train_P@5_ab=1.0000  train_P@5_ag=1.0000  val_loss=0.3303  val_AUPR_all=0.5697  val_AUPR_ab=0.7485  val_AUPR_ag=0.3344  val_P@5_ab=0.8500  val_P@5_ag=0.6000  select=0.5414
Ep046  LR0=5.70e-05  pw=1.07  aucα=0.300  token_p=0.020  dropE=(0.020,0.080)  smooth=0.010  train_loss=0.1337  train_AUPR_all=0.8629  train_AUPR_ab=0.8913  train_AUPR_ag=0.8222  train_P@5_ab=1.0000  train_P@5_ag=1.0000  val_loss=0.3356  val_AUPR_all=0.5750  val_AUPR_ab=0.7474  val_AUPR_ag=0.3339  val_P@5_ab=0.8000  val_P@5_ag=0.6000  select=0.5407
Ep047  LR0=5.30e-05  pw=1.06  aucα=0.300  token_p=0.020  dropE=(0.020,0.080)  smooth=0.010  train_loss=0.1278  train_AUPR_all=0.8719  train_AUPR_ab=0.8976  train_AUPR_ag=0.8353  train_P@5_ab=1.0000  train_P@5_ag=1.0000  val_loss=0.3413  val_AUPR_all=0.5771  val_AUPR_ab=0.7560  val_AUPR_ag=0.3415  val_P@5_ab=0.9000  val_P@5_ag=0.7000  select=0.5488
Ep048  LR0=4.91e-05  pw=1.05  aucα=0.300  token_p=0.020  dropE=(0.020,0.080)  smooth=0.010  train_loss=0.1274  train_AUPR_all=0.8734  train_AUPR_ab=0.8990  train_AUPR_ag=0.8372  train_P@5_ab=1.0000  train_P@5_ag=1.0000  val_loss=0.3400  val_AUPR_all=0.5708  val_AUPR_ab=0.7430  val_AUPR_ag=0.3323  val_P@5_ab=0.8500  val_P@5_ag=0.6500  select=0.5376
Ep049  LR0=4.53e-05  pw=1.05  aucα=0.300  token_p=0.020  dropE=(0.020,0.080)  smooth=0.010  train_loss=0.1262  train_AUPR_all=0.8742  train_AUPR_ab=0.9011  train_AUPR_ag=0.8358  train_P@5_ab=1.0000  train_P@5_ag=1.0000  val_loss=0.3314  val_AUPR_all=0.5711  val_AUPR_ab=0.7465  val_AUPR_ag=0.3416  val_P@5_ab=0.8500  val_P@5_ag=0.6500  select=0.5441
Ep050  LR0=4.16e-05  pw=1.04  aucα=0.300  token_p=0.020  dropE=(0.020,0.080)  smooth=0.010  train_loss=0.1216  train_AUPR_all=0.8813  train_AUPR_ab=0.9091  train_AUPR_ag=0.8405  train_P@5_ab=1.0000  train_P@5_ag=1.0000  val_loss=0.3389  val_AUPR_all=0.5808  val_AUPR_ab=0.7561  val_AUPR_ag=0.3542  val_P@5_ab=0.8000  val_P@5_ag=0.6000  select=0.5551
Ep051  LR0=3.81e-05  pw=1.04  aucα=0.300  token_p=0.020  dropE=(0.020,0.080)  smooth=0.010  train_loss=0.1222  train_AUPR_all=0.8809  train_AUPR_ab=0.9053  train_AUPR_ag=0.8463  train_P@5_ab=1.0000  train_P@5_ag=1.0000  val_loss=0.3513  val_AUPR_all=0.5562  val_AUPR_ab=0.7483  val_AUPR_ag=0.3204  val_P@5_ab=0.9500  val_P@5_ag=0.6000  select=0.5344
Ep052  LR0=3.46e-05  pw=1.03  aucα=0.300  token_p=0.020  dropE=(0.020,0.080)  smooth=0.010  train_loss=0.1196  train_AUPR_all=0.8844  train_AUPR_ab=0.9075  train_AUPR_ag=0.8516  train_P@5_ab=1.0000  train_P@5_ag=1.0000  val_loss=0.3366  val_AUPR_all=0.5705  val_AUPR_ab=0.7507  val_AUPR_ag=0.3463  val_P@5_ab=0.9500  val_P@5_ag=0.9000  select=0.5485
Ep053  LR0=3.13e-05  pw=1.03  aucα=0.300  token_p=0.020  dropE=(0.020,0.080)  smooth=0.010  train_loss=0.1200  train_AUPR_all=0.8833  train_AUPR_ab=0.9071  train_AUPR_ag=0.8491  train_P@5_ab=1.0000  train_P@5_ag=1.0000  val_loss=0.3465  val_AUPR_all=0.5615  val_AUPR_ab=0.7469  val_AUPR_ag=0.3334  val_P@5_ab=0.9500  val_P@5_ag=0.4000  select=0.5402
Early stopping at epoch 53. Best select=0.5634 at epoch 33.
Final saved checkpoint for fold 1: checkpoints_old/iPara_balanced_l1_g6_i4_do0.10_dpr0.10_lr0.0002_heads16_fold1.pth
Best select=0.5634 at epoch 33

==========================================================================================
Fold 2/5
==========================================================================================
Train labels: valid=400834, pos=26650, neg=374184, ignore=696766, pos_frac=0.06649
Val labels: valid=99358, pos=6580, neg=92778, ignore=175842, pos_frac=0.06623
Initializing ClassificationModel with 6 GAT layers and residual connections...
Initializing MCModel with 6 GAT layers and 4 row attention layers (drop_path_rate=0.1)
Initializing CoreModel with 1 layers, drop_path_rate=0.1
Ep001  LR0=2.00e-04  pw=20.00  aucα=0.000  token_p=0.020  dropE=(0.020,0.080)  smooth=0.010  train_loss=1.1426  train_AUPR_all=0.2054  train_AUPR_ab=0.2261  train_AUPR_ag=0.1765  train_P@5_ab=0.3000  train_P@5_ag=0.1500  val_loss=1.0976  val_AUPR_all=0.4172  val_AUPR_ab=0.5154  val_AUPR_ag=0.2847  val_P@5_ab=0.9500  val_P@5_ag=0.7500  select=0.4000
  Saved checkpoint: checkpoints_old/iPara_balanced_l1_g6_i4_do0.10_dpr0.10_lr0.0002_heads16_fold2.pth  select=0.4000  val_ab=0.5154  val_ag=0.2847  val_all=0.4172
Ep002  LR0=2.00e-04  pw=17.77  aucα=0.000  token_p=0.020  dropE=(0.020,0.080)  smooth=0.010  train_loss=0.7963  train_AUPR_all=0.3855  train_AUPR_ab=0.4787  train_AUPR_ag=0.2354  train_P@5_ab=0.9000  train_P@5_ag=0.6500  val_loss=0.9434  val_AUPR_all=0.4762  val_AUPR_ab=0.5668  val_AUPR_ag=0.3339  val_P@5_ab=0.8000  val_P@5_ag=0.8500  select=0.4503
  Saved checkpoint: checkpoints_old/iPara_balanced_l1_g6_i4_do0.10_dpr0.10_lr0.0002_heads16_fold2.pth  select=0.4503  val_ab=0.5668  val_ag=0.3339  val_all=0.4762
Ep003  LR0=2.00e-04  pw=15.80  aucα=0.000  token_p=0.020  dropE=(0.020,0.080)  smooth=0.010  train_loss=0.7114  train_AUPR_all=0.4396  train_AUPR_ab=0.5272  train_AUPR_ag=0.2870  train_P@5_ab=0.6500  train_P@5_ag=0.9000  val_loss=0.9027  val_AUPR_all=0.5102  val_AUPR_ab=0.6122  val_AUPR_ag=0.3300  val_P@5_ab=0.9000  val_P@5_ag=0.9500  select=0.4711
  Saved checkpoint: checkpoints_old/iPara_balanced_l1_g6_i4_do0.10_dpr0.10_lr0.0002_heads16_fold2.pth  select=0.4711  val_ab=0.6122  val_ag=0.3300  val_all=0.5102
Ep004  LR0=1.99e-04  pw=14.06  aucα=0.000  token_p=0.020  dropE=(0.020,0.080)  smooth=0.010  train_loss=0.6394  train_AUPR_all=0.4794  train_AUPR_ab=0.5736  train_AUPR_ag=0.3135  train_P@5_ab=0.5000  train_P@5_ag=0.4000  val_loss=0.8228  val_AUPR_all=0.5188  val_AUPR_ab=0.6276  val_AUPR_ag=0.3511  val_P@5_ab=0.8000  val_P@5_ag=1.0000  select=0.4894
  Saved checkpoint: checkpoints_old/iPara_balanced_l1_g6_i4_do0.10_dpr0.10_lr0.0002_heads16_fold2.pth  select=0.4894  val_ab=0.6276  val_ag=0.3511  val_all=0.5188
Ep005  LR0=1.98e-04  pw=12.52  aucα=0.000  token_p=0.020  dropE=(0.020,0.080)  smooth=0.010  train_loss=0.5878  train_AUPR_all=0.4972  train_AUPR_ab=0.5987  train_AUPR_ag=0.3244  train_P@5_ab=0.7500  train_P@5_ag=0.8500  val_loss=0.7909  val_AUPR_all=0.5347  val_AUPR_ab=0.6334  val_AUPR_ag=0.3487  val_P@5_ab=0.6000  val_P@5_ag=0.8500  select=0.4910
  Saved checkpoint: checkpoints_old/iPara_balanced_l1_g6_i4_do0.10_dpr0.10_lr0.0002_heads16_fold2.pth  select=0.4910  val_ab=0.6334  val_ag=0.3487  val_all=0.5347
Ep006  LR0=1.97e-04  pw=11.17  aucα=0.000  token_p=0.020  dropE=(0.020,0.080)  smooth=0.010  train_loss=0.5469  train_AUPR_all=0.5135  train_AUPR_ab=0.6078  train_AUPR_ag=0.3406  train_P@5_ab=0.8500  train_P@5_ag=0.9500  val_loss=0.8305  val_AUPR_all=0.5127  val_AUPR_ab=0.6449  val_AUPR_ag=0.3407  val_P@5_ab=0.6000  val_P@5_ag=0.9000  select=0.4928
  Saved checkpoint: checkpoints_old/iPara_balanced_l1_g6_i4_do0.10_dpr0.10_lr0.0002_heads16_fold2.pth  select=0.4928  val_ab=0.6449  val_ag=0.3407  val_all=0.5127
Ep007  LR0=1.96e-04  pw=9.97  aucα=0.000  token_p=0.020  dropE=(0.020,0.080)  smooth=0.010  train_loss=0.5118  train_AUPR_all=0.5241  train_AUPR_ab=0.6272  train_AUPR_ag=0.3465  train_P@5_ab=0.8500  train_P@5_ag=0.8000  val_loss=0.7257  val_AUPR_all=0.5431  val_AUPR_ab=0.6599  val_AUPR_ag=0.3585  val_P@5_ab=0.9000  val_P@5_ag=0.7500  select=0.5092
  Saved checkpoint: checkpoints_old/iPara_balanced_l1_g6_i4_do0.10_dpr0.10_lr0.0002_heads16_fold2.pth  select=0.5092  val_ab=0.6599  val_ag=0.3585  val_all=0.5431
Ep008  LR0=1.95e-04  pw=8.92  aucα=0.000  token_p=0.020  dropE=(0.020,0.080)  smooth=0.010  train_loss=0.4767  train_AUPR_all=0.5383  train_AUPR_ab=0.6474  train_AUPR_ag=0.3583  train_P@5_ab=0.8000  train_P@5_ag=0.9500  val_loss=0.6716  val_AUPR_all=0.5627  val_AUPR_ab=0.6607  val_AUPR_ag=0.4077  val_P@5_ab=0.8000  val_P@5_ag=0.9500  select=0.5342
  Saved checkpoint: checkpoints_old/iPara_balanced_l1_g6_i4_do0.10_dpr0.10_lr0.0002_heads16_fold2.pth  select=0.5342  val_ab=0.6607  val_ag=0.4077  val_all=0.5627
Ep009  LR0=1.94e-04  pw=7.99  aucα=0.000  token_p=0.020  dropE=(0.020,0.080)  smooth=0.010  train_loss=0.4484  train_AUPR_all=0.5407  train_AUPR_ab=0.6413  train_AUPR_ag=0.3659  train_P@5_ab=1.0000  train_P@5_ag=0.9500  val_loss=0.6113  val_AUPR_all=0.5738  val_AUPR_ab=0.6722  val_AUPR_ag=0.4012  val_P@5_ab=0.8000  val_P@5_ag=1.0000  select=0.5367
  Saved checkpoint: checkpoints_old/iPara_balanced_l1_g6_i4_do0.10_dpr0.10_lr0.0002_heads16_fold2.pth  select=0.5367  val_ab=0.6722  val_ag=0.4012  val_all=0.5738
Ep010  LR0=1.92e-04  pw=7.17  aucα=0.030  token_p=0.020  dropE=(0.020,0.080)  smooth=0.010  train_loss=0.4339  train_AUPR_all=0.5528  train_AUPR_ab=0.6552  train_AUPR_ag=0.3796  train_P@5_ab=0.9000  train_P@5_ag=0.8500  val_loss=0.5877  val_AUPR_all=0.5760  val_AUPR_ab=0.6875  val_AUPR_ag=0.4087  val_P@5_ab=1.0000  val_P@5_ag=0.9000  select=0.5481
  Saved checkpoint: checkpoints_old/iPara_balanced_l1_g6_i4_do0.10_dpr0.10_lr0.0002_heads16_fold2.pth  select=0.5481  val_ab=0.6875  val_ag=0.4087  val_all=0.5760
Unfreezing DyM parameters.
Ep011  LR0=1.90e-04  pw=6.44  aucα=0.060  token_p=0.020  dropE=(0.020,0.080)  smooth=0.010  train_loss=0.4211  train_AUPR_all=0.5629  train_AUPR_ab=0.6709  train_AUPR_ag=0.3869  train_P@5_ab=0.9000  train_P@5_ag=0.7500  val_loss=0.5768  val_AUPR_all=0.5808  val_AUPR_ab=0.7000  val_AUPR_ag=0.3879  val_P@5_ab=0.8000  val_P@5_ag=0.9500  select=0.5439
Ep012  LR0=1.88e-04  pw=5.80  aucα=0.090  token_p=0.020  dropE=(0.020,0.080)  smooth=0.010  train_loss=0.4139  train_AUPR_all=0.5693  train_AUPR_ab=0.6758  train_AUPR_ag=0.3916  train_P@5_ab=0.9500  train_P@5_ag=0.9000  val_loss=0.5451  val_AUPR_all=0.5751  val_AUPR_ab=0.6913  val_AUPR_ag=0.4017  val_P@5_ab=0.8000  val_P@5_ag=0.8500  select=0.5465
Ep013  LR0=1.86e-04  pw=5.24  aucα=0.120  token_p=0.020  dropE=(0.020,0.080)  smooth=0.010  train_loss=0.3984  train_AUPR_all=0.5843  train_AUPR_ab=0.6861  train_AUPR_ag=0.4139  train_P@5_ab=0.8500  train_P@5_ag=0.7000  val_loss=0.5302  val_AUPR_all=0.5766  val_AUPR_ab=0.7077  val_AUPR_ag=0.3807  val_P@5_ab=0.9000  val_P@5_ag=0.7500  select=0.5442
Ep014  LR0=1.83e-04  pw=4.74  aucα=0.150  token_p=0.020  dropE=(0.020,0.080)  smooth=0.010  train_loss=0.3866  train_AUPR_all=0.6005  train_AUPR_ab=0.7050  train_AUPR_ag=0.4298  train_P@5_ab=0.9000  train_P@5_ag=0.8500  val_loss=0.5278  val_AUPR_all=0.5646  val_AUPR_ab=0.6984  val_AUPR_ag=0.4008  val_P@5_ab=1.0000  val_P@5_ag=0.8500  select=0.5496
  Saved checkpoint: checkpoints_old/iPara_balanced_l1_g6_i4_do0.10_dpr0.10_lr0.0002_heads16_fold2.pth  select=0.5496  val_ab=0.6984  val_ag=0.4008  val_all=0.5646
Ep015  LR0=1.81e-04  pw=4.30  aucα=0.180  token_p=0.020  dropE=(0.020,0.080)  smooth=0.010  train_loss=0.3843  train_AUPR_all=0.5985  train_AUPR_ab=0.7057  train_AUPR_ag=0.4263  train_P@5_ab=0.9000  train_P@5_ag=0.8500  val_loss=0.4713  val_AUPR_all=0.6001  val_AUPR_ab=0.7216  val_AUPR_ag=0.4093  val_P@5_ab=0.9000  val_P@5_ag=0.9000  select=0.5654
  Saved checkpoint: checkpoints_old/iPara_balanced_l1_g6_i4_do0.10_dpr0.10_lr0.0002_heads16_fold2.pth  select=0.5654  val_ab=0.7216  val_ag=0.4093  val_all=0.6001
Ep016  LR0=1.78e-04  pw=3.91  aucα=0.210  token_p=0.020  dropE=(0.020,0.080)  smooth=0.010  train_loss=0.3756  train_AUPR_all=0.6115  train_AUPR_ab=0.7188  train_AUPR_ag=0.4384  train_P@5_ab=0.9500  train_P@5_ag=0.8000  val_loss=0.4597  val_AUPR_all=0.6010  val_AUPR_ab=0.7303  val_AUPR_ag=0.4015  val_P@5_ab=0.9000  val_P@5_ag=0.8500  select=0.5659
  Saved checkpoint: checkpoints_old/iPara_balanced_l1_g6_i4_do0.10_dpr0.10_lr0.0002_heads16_fold2.pth  select=0.5659  val_ab=0.7303  val_ag=0.4015  val_all=0.6010
Ep017  LR0=1.75e-04  pw=3.57  aucα=0.240  token_p=0.020  dropE=(0.020,0.080)  smooth=0.010  train_loss=0.3685  train_AUPR_all=0.6201  train_AUPR_ab=0.7172  train_AUPR_ag=0.4649  train_P@5_ab=1.0000  train_P@5_ag=1.0000  val_loss=0.4456  val_AUPR_all=0.5949  val_AUPR_ab=0.7250  val_AUPR_ag=0.4015  val_P@5_ab=0.9000  val_P@5_ag=1.0000  select=0.5633
Ep018  LR0=1.72e-04  pw=3.27  aucα=0.270  token_p=0.020  dropE=(0.020,0.080)  smooth=0.010  train_loss=0.3634  train_AUPR_all=0.6317  train_AUPR_ab=0.7306  train_AUPR_ag=0.4756  train_P@5_ab=1.0000  train_P@5_ag=1.0000  val_loss=0.4546  val_AUPR_all=0.5933  val_AUPR_ab=0.7260  val_AUPR_ag=0.3954  val_P@5_ab=0.9500  val_P@5_ag=0.9500  select=0.5607
Ep019  LR0=1.69e-04  pw=3.00  aucα=0.300  token_p=0.020  dropE=(0.020,0.080)  smooth=0.010  train_loss=0.3572  train_AUPR_all=0.6424  train_AUPR_ab=0.7408  train_AUPR_ag=0.4874  train_P@5_ab=1.0000  train_P@5_ag=0.9000  val_loss=0.4129  val_AUPR_all=0.5995  val_AUPR_ab=0.7201  val_AUPR_ag=0.4071  val_P@5_ab=0.9500  val_P@5_ag=0.9500  select=0.5636
Ep020  LR0=1.66e-04  pw=2.77  aucα=0.300  token_p=0.020  dropE=(0.020,0.080)  smooth=0.010  train_loss=0.3358  train_AUPR_all=0.6556  train_AUPR_ab=0.7490  train_AUPR_ag=0.5090  train_P@5_ab=1.0000  train_P@5_ag=1.0000  val_loss=0.3984  val_AUPR_all=0.6091  val_AUPR_ab=0.7288  val_AUPR_ag=0.4211  val_P@5_ab=0.9500  val_P@5_ag=0.8500  select=0.5750
  Saved checkpoint: checkpoints_old/iPara_balanced_l1_g6_i4_do0.10_dpr0.10_lr0.0002_heads16_fold2.pth  select=0.5750  val_ab=0.7288  val_ag=0.4211  val_all=0.6091
Ep021  LR0=1.62e-04  pw=2.56  aucα=0.300  token_p=0.020  dropE=(0.020,0.080)  smooth=0.010  train_loss=0.3234  train_AUPR_all=0.6571  train_AUPR_ab=0.7448  train_AUPR_ag=0.5209  train_P@5_ab=1.0000  train_P@5_ag=1.0000  val_loss=0.4165  val_AUPR_all=0.5992  val_AUPR_ab=0.7325  val_AUPR_ag=0.4002  val_P@5_ab=1.0000  val_P@5_ag=0.9000  select=0.5663
Ep022  LR0=1.59e-04  pw=2.38  aucα=0.300  token_p=0.020  dropE=(0.020,0.080)  smooth=0.010  train_loss=0.3067  train_AUPR_all=0.6702  train_AUPR_ab=0.7559  train_AUPR_ag=0.5371  train_P@5_ab=1.0000  train_P@5_ag=1.0000  val_loss=0.3787  val_AUPR_all=0.6191  val_AUPR_ab=0.7425  val_AUPR_ag=0.4177  val_P@5_ab=0.9000  val_P@5_ag=0.8500  select=0.5801
  Saved checkpoint: checkpoints_old/iPara_balanced_l1_g6_i4_do0.10_dpr0.10_lr0.0002_heads16_fold2.pth  select=0.5801  val_ab=0.7425  val_ag=0.4177  val_all=0.6191
Ep023  LR0=1.55e-04  pw=2.21  aucα=0.300  token_p=0.020  dropE=(0.020,0.080)  smooth=0.010  train_loss=0.2937  train_AUPR_all=0.6798  train_AUPR_ab=0.7608  train_AUPR_ag=0.5557  train_P@5_ab=1.0000  train_P@5_ag=0.9500  val_loss=0.3994  val_AUPR_all=0.5837  val_AUPR_ab=0.7300  val_AUPR_ag=0.3945  val_P@5_ab=0.9500  val_P@5_ag=0.9000  select=0.5623
Ep024  LR0=1.51e-04  pw=2.07  aucα=0.300  token_p=0.020  dropE=(0.020,0.080)  smooth=0.010  train_loss=0.2808  train_AUPR_all=0.6885  train_AUPR_ab=0.7666  train_AUPR_ag=0.5700  train_P@5_ab=1.0000  train_P@5_ag=0.9500  val_loss=0.3517  val_AUPR_all=0.6152  val_AUPR_ab=0.7422  val_AUPR_ag=0.4149  val_P@5_ab=0.8500  val_P@5_ag=1.0000  select=0.5785
Ep025  LR0=1.48e-04  pw=1.95  aucα=0.300  token_p=0.020  dropE=(0.020,0.080)  smooth=0.010  train_loss=0.2659  train_AUPR_all=0.7018  train_AUPR_ab=0.7754  train_AUPR_ag=0.5913  train_P@5_ab=1.0000  train_P@5_ag=0.9500  val_loss=0.3711  val_AUPR_all=0.6119  val_AUPR_ab=0.7465  val_AUPR_ag=0.4159  val_P@5_ab=0.9500  val_P@5_ag=1.0000  select=0.5812
  Saved checkpoint: checkpoints_old/iPara_balanced_l1_g6_i4_do0.10_dpr0.10_lr0.0002_heads16_fold2.pth  select=0.5812  val_ab=0.7465  val_ag=0.4159  val_all=0.6119
Ep026  LR0=1.44e-04  pw=1.83  aucα=0.300  token_p=0.020  dropE=(0.020,0.080)  smooth=0.010  train_loss=0.2536  train_AUPR_all=0.7134  train_AUPR_ab=0.7793  train_AUPR_ag=0.6175  train_P@5_ab=1.0000  train_P@5_ag=0.9500  val_loss=0.3773  val_AUPR_all=0.6069  val_AUPR_ab=0.7481  val_AUPR_ag=0.3943  val_P@5_ab=0.9500  val_P@5_ag=1.0000  select=0.5712
Ep027  LR0=1.39e-04  pw=1.74  aucα=0.300  token_p=0.020  dropE=(0.020,0.080)  smooth=0.010  train_loss=0.2445  train_AUPR_all=0.7222  train_AUPR_ab=0.7877  train_AUPR_ag=0.6260  train_P@5_ab=0.9500  train_P@5_ag=1.0000  val_loss=0.3585  val_AUPR_all=0.6045  val_AUPR_ab=0.7522  val_AUPR_ag=0.4203  val_P@5_ab=0.9500  val_P@5_ag=1.0000  select=0.5862
  Saved checkpoint: checkpoints_old/iPara_balanced_l1_g6_i4_do0.10_dpr0.10_lr0.0002_heads16_fold2.pth  select=0.5862  val_ab=0.7522  val_ag=0.4203  val_all=0.6045
Ep028  LR0=1.35e-04  pw=1.65  aucα=0.300  token_p=0.020  dropE=(0.020,0.080)  smooth=0.010  train_loss=0.2361  train_AUPR_all=0.7317  train_AUPR_ab=0.7901  train_AUPR_ag=0.6482  train_P@5_ab=1.0000  train_P@5_ag=1.0000  val_loss=0.3504  val_AUPR_all=0.6167  val_AUPR_ab=0.7547  val_AUPR_ag=0.4069  val_P@5_ab=0.9000  val_P@5_ag=0.8500  select=0.5808
Ep029  LR0=1.31e-04  pw=1.57  aucα=0.300  token_p=0.020  dropE=(0.020,0.080)  smooth=0.010  train_loss=0.2284  train_AUPR_all=0.7374  train_AUPR_ab=0.7979  train_AUPR_ag=0.6499  train_P@5_ab=0.9500  train_P@5_ag=1.0000  val_loss=0.3348  val_AUPR_all=0.6125  val_AUPR_ab=0.7538  val_AUPR_ag=0.4219  val_P@5_ab=1.0000  val_P@5_ag=1.0000  select=0.5878
  Saved checkpoint: checkpoints_old/iPara_balanced_l1_g6_i4_do0.10_dpr0.10_lr0.0002_heads16_fold2.pth  select=0.5878  val_ab=0.7538  val_ag=0.4219  val_all=0.6125
Ep030  LR0=1.27e-04  pw=1.51  aucα=0.300  token_p=0.020  dropE=(0.020,0.080)  smooth=0.010  train_loss=0.2168  train_AUPR_all=0.7488  train_AUPR_ab=0.8058  train_AUPR_ag=0.6668  train_P@5_ab=0.9500  train_P@5_ag=0.9500  val_loss=0.3406  val_AUPR_all=0.6026  val_AUPR_ab=0.7475  val_AUPR_ag=0.3997  val_P@5_ab=1.0000  val_P@5_ag=0.9500  select=0.5736
Ep031  LR0=1.22e-04  pw=1.45  aucα=0.300  token_p=0.020  dropE=(0.020,0.080)  smooth=0.010  train_loss=0.2086  train_AUPR_all=0.7577  train_AUPR_ab=0.8055  train_AUPR_ag=0.6903  train_P@5_ab=0.9500  train_P@5_ag=1.0000  val_loss=0.3390  val_AUPR_all=0.5980  val_AUPR_ab=0.7564  val_AUPR_ag=0.3886  val_P@5_ab=1.0000  val_P@5_ag=0.9000  select=0.5725
Ep032  LR0=1.18e-04  pw=1.39  aucα=0.300  token_p=0.020  dropE=(0.020,0.080)  smooth=0.010  train_loss=0.2036  train_AUPR_all=0.7669  train_AUPR_ab=0.8161  train_AUPR_ag=0.6973  train_P@5_ab=0.9500  train_P@5_ag=1.0000  val_loss=0.3351  val_AUPR_all=0.5928  val_AUPR_ab=0.7520  val_AUPR_ag=0.4092  val_P@5_ab=1.0000  val_P@5_ag=0.9000  select=0.5806
Ep033  LR0=1.14e-04  pw=1.35  aucα=0.300  token_p=0.020  dropE=(0.020,0.080)  smooth=0.010  train_loss=0.1957  train_AUPR_all=0.7749  train_AUPR_ab=0.8185  train_AUPR_ag=0.7138  train_P@5_ab=1.0000  train_P@5_ag=0.9500  val_loss=0.3375  val_AUPR_all=0.6098  val_AUPR_ab=0.7558  val_AUPR_ag=0.4105  val_P@5_ab=1.0000  val_P@5_ag=0.9000  select=0.5832
Ep034  LR0=1.09e-04  pw=1.31  aucα=0.300  token_p=0.020  dropE=(0.020,0.080)  smooth=0.010  train_loss=0.1903  train_AUPR_all=0.7805  train_AUPR_ab=0.8240  train_AUPR_ag=0.7195  train_P@5_ab=1.0000  train_P@5_ag=1.0000  val_loss=0.3215  val_AUPR_all=0.6205  val_AUPR_ab=0.7579  val_AUPR_ag=0.4204  val_P@5_ab=1.0000  val_P@5_ag=0.9500  select=0.5891
  Saved checkpoint: checkpoints_old/iPara_balanced_l1_g6_i4_do0.10_dpr0.10_lr0.0002_heads16_fold2.pth  select=0.5891  val_ab=0.7579  val_ag=0.4204  val_all=0.6205
Ep035  LR0=1.05e-04  pw=1.27  aucα=0.300  token_p=0.020  dropE=(0.020,0.080)  smooth=0.010  train_loss=0.1860  train_AUPR_all=0.7854  train_AUPR_ab=0.8272  train_AUPR_ag=0.7270  train_P@5_ab=1.0000  train_P@5_ag=1.0000  val_loss=0.3272  val_AUPR_all=0.5996  val_AUPR_ab=0.7518  val_AUPR_ag=0.3990  val_P@5_ab=1.0000  val_P@5_ag=0.9000  select=0.5754
Ep036  LR0=1.00e-04  pw=1.24  aucα=0.300  token_p=0.020  dropE=(0.020,0.080)  smooth=0.010  train_loss=0.1801  train_AUPR_all=0.7947  train_AUPR_ab=0.8339  train_AUPR_ag=0.7402  train_P@5_ab=1.0000  train_P@5_ag=1.0000  val_loss=0.3256  val_AUPR_all=0.6041  val_AUPR_ab=0.7480  val_AUPR_ag=0.4104  val_P@5_ab=0.9500  val_P@5_ag=0.8000  select=0.5792
Ep037  LR0=9.58e-05  pw=1.21  aucα=0.300  token_p=0.020  dropE=(0.020,0.080)  smooth=0.010  train_loss=0.1716  train_AUPR_all=0.8065  train_AUPR_ab=0.8434  train_AUPR_ag=0.7551  train_P@5_ab=1.0000  train_P@5_ag=1.0000  val_loss=0.3235  val_AUPR_all=0.6022  val_AUPR_ab=0.7563  val_AUPR_ag=0.4041  val_P@5_ab=0.9500  val_P@5_ag=0.9500  select=0.5802
Ep038  LR0=9.13e-05  pw=1.19  aucα=0.300  token_p=0.020  dropE=(0.020,0.080)  smooth=0.010  train_loss=0.1667  train_AUPR_all=0.8131  train_AUPR_ab=0.8480  train_AUPR_ag=0.7646  train_P@5_ab=1.0000  train_P@5_ag=1.0000  val_loss=0.3279  val_AUPR_all=0.5981  val_AUPR_ab=0.7547  val_AUPR_ag=0.4017  val_P@5_ab=0.8500  val_P@5_ag=0.9500  select=0.5782
Ep039  LR0=8.69e-05  pw=1.16  aucα=0.300  token_p=0.020  dropE=(0.020,0.080)  smooth=0.010  train_loss=0.1651  train_AUPR_all=0.8153  train_AUPR_ab=0.8479  train_AUPR_ag=0.7707  train_P@5_ab=0.9500  train_P@5_ag=1.0000  val_loss=0.3210  val_AUPR_all=0.5970  val_AUPR_ab=0.7537  val_AUPR_ag=0.3883  val_P@5_ab=1.0000  val_P@5_ag=0.8500  select=0.5710
Ep040  LR0=8.24e-05  pw=1.15  aucα=0.300  token_p=0.020  dropE=(0.020,0.080)  smooth=0.010  train_loss=0.1600  train_AUPR_all=0.8225  train_AUPR_ab=0.8545  train_AUPR_ag=0.7786  train_P@5_ab=1.0000  train_P@5_ag=1.0000  val_loss=0.3216  val_AUPR_all=0.6086  val_AUPR_ab=0.7546  val_AUPR_ag=0.4048  val_P@5_ab=0.9500  val_P@5_ag=0.8500  select=0.5797
Ep041  LR0=7.81e-05  pw=1.13  aucα=0.300  token_p=0.020  dropE=(0.020,0.080)  smooth=0.010  train_loss=0.1569  train_AUPR_all=0.8256  train_AUPR_ab=0.8559  train_AUPR_ag=0.7843  train_P@5_ab=1.0000  train_P@5_ag=1.0000  val_loss=0.3248  val_AUPR_all=0.5953  val_AUPR_ab=0.7505  val_AUPR_ag=0.4020  val_P@5_ab=0.9000  val_P@5_ag=0.7500  select=0.5763
Ep042  LR0=7.37e-05  pw=1.11  aucα=0.300  token_p=0.020  dropE=(0.020,0.080)  smooth=0.010  train_loss=0.1528  train_AUPR_all=0.8323  train_AUPR_ab=0.8622  train_AUPR_ag=0.7912  train_P@5_ab=1.0000  train_P@5_ag=1.0000  val_loss=0.3333  val_AUPR_all=0.5834  val_AUPR_ab=0.7444  val_AUPR_ag=0.3785  val_P@5_ab=0.9500  val_P@5_ag=0.5000  select=0.5614
Ep043  LR0=6.94e-05  pw=1.10  aucα=0.300  token_p=0.020  dropE=(0.020,0.080)  smooth=0.010  train_loss=0.1471  train_AUPR_all=0.8427  train_AUPR_ab=0.8710  train_AUPR_ag=0.8040  train_P@5_ab=1.0000  train_P@5_ag=1.0000  val_loss=0.3377  val_AUPR_all=0.5746  val_AUPR_ab=0.7506  val_AUPR_ag=0.3830  val_P@5_ab=0.9000  val_P@5_ag=0.5000  select=0.5668
Ep044  LR0=6.52e-05  pw=1.09  aucα=0.300  token_p=0.020  dropE=(0.020,0.080)  smooth=0.010  train_loss=0.1435  train_AUPR_all=0.8469  train_AUPR_ab=0.8755  train_AUPR_ag=0.8075  train_P@5_ab=1.0000  train_P@5_ag=1.0000  val_loss=0.3233  val_AUPR_all=0.5972  val_AUPR_ab=0.7552  val_AUPR_ag=0.3873  val_P@5_ab=1.0000  val_P@5_ag=0.9000  select=0.5713
Ep045  LR0=6.10e-05  pw=1.08  aucα=0.300  token_p=0.020  dropE=(0.020,0.080)  smooth=0.010  train_loss=0.1404  train_AUPR_all=0.8531  train_AUPR_ab=0.8815  train_AUPR_ag=0.8139  train_P@5_ab=1.0000  train_P@5_ag=1.0000  val_loss=0.3413  val_AUPR_all=0.5689  val_AUPR_ab=0.7478  val_AUPR_ag=0.3580  val_P@5_ab=0.9500  val_P@5_ag=0.5000  select=0.5529
Ep046  LR0=5.70e-05  pw=1.07  aucα=0.300  token_p=0.020  dropE=(0.020,0.080)  smooth=0.010  train_loss=0.1354  train_AUPR_all=0.8610  train_AUPR_ab=0.8881  train_AUPR_ag=0.8233  train_P@5_ab=1.0000  train_P@5_ag=1.0000  val_loss=0.3311  val_AUPR_all=0.5796  val_AUPR_ab=0.7487  val_AUPR_ag=0.3730  val_P@5_ab=0.9000  val_P@5_ag=0.4500  select=0.5609
Ep047  LR0=5.30e-05  pw=1.06  aucα=0.300  token_p=0.020  dropE=(0.020,0.080)  smooth=0.010  train_loss=0.1333  train_AUPR_all=0.8644  train_AUPR_ab=0.8903  train_AUPR_ag=0.8289  train_P@5_ab=1.0000  train_P@5_ag=1.0000  val_loss=0.3268  val_AUPR_all=0.5856  val_AUPR_ab=0.7499  val_AUPR_ag=0.3880  val_P@5_ab=0.9000  val_P@5_ag=0.5000  select=0.5690
Ep048  LR0=4.91e-05  pw=1.05  aucα=0.300  token_p=0.020  dropE=(0.020,0.080)  smooth=0.010  train_loss=0.1292  train_AUPR_all=0.8711  train_AUPR_ab=0.8974  train_AUPR_ag=0.8344  train_P@5_ab=1.0000  train_P@5_ag=1.0000  val_loss=0.3297  val_AUPR_all=0.5776  val_AUPR_ab=0.7446  val_AUPR_ag=0.3670  val_P@5_ab=0.8500  val_P@5_ag=0.4000  select=0.5558
Ep049  LR0=4.53e-05  pw=1.05  aucα=0.300  token_p=0.020  dropE=(0.020,0.080)  smooth=0.010  train_loss=0.1306  train_AUPR_all=0.8677  train_AUPR_ab=0.8947  train_AUPR_ag=0.8303  train_P@5_ab=1.0000  train_P@5_ag=1.0000  val_loss=0.3275  val_AUPR_all=0.5796  val_AUPR_ab=0.7471  val_AUPR_ag=0.3663  val_P@5_ab=0.8500  val_P@5_ag=0.3500  select=0.5567
Ep050  LR0=4.16e-05  pw=1.04  aucα=0.300  token_p=0.020  dropE=(0.020,0.080)  smooth=0.010  train_loss=0.1254  train_AUPR_all=0.8762  train_AUPR_ab=0.9009  train_AUPR_ag=0.8418  train_P@5_ab=1.0000  train_P@5_ag=1.0000  val_loss=0.3276  val_AUPR_all=0.5846  val_AUPR_ab=0.7427  val_AUPR_ag=0.3737  val_P@5_ab=0.9000  val_P@5_ag=0.5500  select=0.5582
Ep051  LR0=3.81e-05  pw=1.04  aucα=0.300  token_p=0.020  dropE=(0.020,0.080)  smooth=0.010  train_loss=0.1235  train_AUPR_all=0.8795  train_AUPR_ab=0.9029  train_AUPR_ag=0.8471  train_P@5_ab=1.0000  train_P@5_ag=1.0000  val_loss=0.3321  val_AUPR_all=0.5757  val_AUPR_ab=0.7471  val_AUPR_ag=0.3644  val_P@5_ab=0.8000  val_P@5_ag=0.3500  select=0.5557
Ep052  LR0=3.46e-05  pw=1.03  aucα=0.300  token_p=0.020  dropE=(0.020,0.080)  smooth=0.010  train_loss=0.1245  train_AUPR_all=0.8765  train_AUPR_ab=0.8989  train_AUPR_ag=0.8455  train_P@5_ab=1.0000  train_P@5_ag=1.0000  val_loss=0.3298  val_AUPR_all=0.5825  val_AUPR_ab=0.7438  val_AUPR_ag=0.3702  val_P@5_ab=0.8000  val_P@5_ag=0.4500  select=0.5570
Ep053  LR0=3.13e-05  pw=1.03  aucα=0.300  token_p=0.020  dropE=(0.020,0.080)  smooth=0.010  train_loss=0.1201  train_AUPR_all=0.8838  train_AUPR_ab=0.9080  train_AUPR_ag=0.8499  train_P@5_ab=1.0000  train_P@5_ag=1.0000  val_loss=0.3329  val_AUPR_all=0.5819  val_AUPR_ab=0.7415  val_AUPR_ag=0.3751  val_P@5_ab=0.9000  val_P@5_ag=0.5500  select=0.5583
Ep054  LR0=2.82e-05  pw=1.03  aucα=0.300  token_p=0.020  dropE=(0.020,0.080)  smooth=0.010  train_loss=0.1196  train_AUPR_all=0.8857  train_AUPR_ab=0.9095  train_AUPR_ag=0.8523  train_P@5_ab=1.0000  train_P@5_ag=1.0000  val_loss=0.3316  val_AUPR_all=0.5788  val_AUPR_ab=0.7482  val_AUPR_ag=0.3655  val_P@5_ab=0.8500  val_P@5_ag=0.4000  select=0.5569
Early stopping at epoch 54. Best select=0.5891 at epoch 34.
Final saved checkpoint for fold 2: checkpoints_old/iPara_balanced_l1_g6_i4_do0.10_dpr0.10_lr0.0002_heads16_fold2.pth
Best select=0.5891 at epoch 34

==========================================================================================
Fold 3/5
==========================================================================================
Train labels: valid=401949, pos=26660, neg=375289, ignore=695651, pos_frac=0.06633
Val labels: valid=98243, pos=6570, neg=91673, ignore=176957, pos_frac=0.06687
Initializing ClassificationModel with 6 GAT layers and residual connections...
Initializing MCModel with 6 GAT layers and 4 row attention layers (drop_path_rate=0.1)
Initializing CoreModel with 1 layers, drop_path_rate=0.1
Ep001  LR0=2.00e-04  pw=20.00  aucα=0.000  token_p=0.020  dropE=(0.020,0.080)  smooth=0.010  train_loss=1.1561  train_AUPR_all=0.1838  train_AUPR_ab=0.2200  train_AUPR_ag=0.1390  train_P@5_ab=0.0500  train_P@5_ag=0.0500  val_loss=1.0239  val_AUPR_all=0.4402  val_AUPR_ab=0.5139  val_AUPR_ag=0.3333  val_P@5_ab=0.6500  val_P@5_ag=0.9500  select=0.4236
  Saved checkpoint: checkpoints_old/iPara_balanced_l1_g6_i4_do0.10_dpr0.10_lr0.0002_heads16_fold3.pth  select=0.4236  val_ab=0.5139  val_ag=0.3333  val_all=0.4402
Ep002  LR0=2.00e-04  pw=17.77  aucα=0.000  token_p=0.020  dropE=(0.020,0.080)  smooth=0.010  train_loss=0.7760  train_AUPR_all=0.4044  train_AUPR_ab=0.4975  train_AUPR_ag=0.2498  train_P@5_ab=0.9000  train_P@5_ag=0.9000  val_loss=0.9323  val_AUPR_all=0.4825  val_AUPR_ab=0.5737  val_AUPR_ag=0.3302  val_P@5_ab=0.9500  val_P@5_ag=0.9500  select=0.4520
  Saved checkpoint: checkpoints_old/iPara_balanced_l1_g6_i4_do0.10_dpr0.10_lr0.0002_heads16_fold3.pth  select=0.4520  val_ab=0.5737  val_ag=0.3302  val_all=0.4825
Ep003  LR0=2.00e-04  pw=15.80  aucα=0.000  token_p=0.020  dropE=(0.020,0.080)  smooth=0.010  train_loss=0.7035  train_AUPR_all=0.4456  train_AUPR_ab=0.5390  train_AUPR_ag=0.2879  train_P@5_ab=0.8000  train_P@5_ag=0.7000  val_loss=0.8547  val_AUPR_all=0.5006  val_AUPR_ab=0.5932  val_AUPR_ag=0.3565  val_P@5_ab=0.8000  val_P@5_ag=1.0000  select=0.4748
  Saved checkpoint: checkpoints_old/iPara_balanced_l1_g6_i4_do0.10_dpr0.10_lr0.0002_heads16_fold3.pth  select=0.4748  val_ab=0.5932  val_ag=0.3565  val_all=0.5006
Ep004  LR0=1.99e-04  pw=14.06  aucα=0.000  token_p=0.020  dropE=(0.020,0.080)  smooth=0.010  train_loss=0.6400  train_AUPR_all=0.4834  train_AUPR_ab=0.5767  train_AUPR_ag=0.3215  train_P@5_ab=0.7500  train_P@5_ag=0.7500  val_loss=0.8697  val_AUPR_all=0.5383  val_AUPR_ab=0.6445  val_AUPR_ag=0.3494  val_P@5_ab=0.9500  val_P@5_ag=0.8500  select=0.4970
  Saved checkpoint: checkpoints_old/iPara_balanced_l1_g6_i4_do0.10_dpr0.10_lr0.0002_heads16_fold3.pth  select=0.4970  val_ab=0.6445  val_ag=0.3494  val_all=0.5383
Ep005  LR0=1.98e-04  pw=12.52  aucα=0.000  token_p=0.020  dropE=(0.020,0.080)  smooth=0.010  train_loss=0.5991  train_AUPR_all=0.4900  train_AUPR_ab=0.5880  train_AUPR_ag=0.3216  train_P@5_ab=0.7500  train_P@5_ag=0.9000  val_loss=0.8056  val_AUPR_all=0.5427  val_AUPR_ab=0.6554  val_AUPR_ag=0.3603  val_P@5_ab=0.9500  val_P@5_ag=1.0000  select=0.5078
  Saved checkpoint: checkpoints_old/iPara_balanced_l1_g6_i4_do0.10_dpr0.10_lr0.0002_heads16_fold3.pth  select=0.5078  val_ab=0.6554  val_ag=0.3603  val_all=0.5427
Ep006  LR0=1.97e-04  pw=11.17  aucα=0.000  token_p=0.020  dropE=(0.020,0.080)  smooth=0.010  train_loss=0.5519  train_AUPR_all=0.5079  train_AUPR_ab=0.6019  train_AUPR_ag=0.3409  train_P@5_ab=0.7000  train_P@5_ag=0.8500  val_loss=0.7278  val_AUPR_all=0.5535  val_AUPR_ab=0.6551  val_AUPR_ag=0.3604  val_P@5_ab=0.8000  val_P@5_ag=1.0000  select=0.5077
Ep007  LR0=1.96e-04  pw=9.97  aucα=0.000  token_p=0.020  dropE=(0.020,0.080)  smooth=0.010  train_loss=0.5231  train_AUPR_all=0.5170  train_AUPR_ab=0.6067  train_AUPR_ag=0.3597  train_P@5_ab=0.8000  train_P@5_ag=0.8500  val_loss=0.6514  val_AUPR_all=0.5701  val_AUPR_ab=0.6756  val_AUPR_ag=0.3817  val_P@5_ab=0.9000  val_P@5_ag=1.0000  select=0.5287
  Saved checkpoint: checkpoints_old/iPara_balanced_l1_g6_i4_do0.10_dpr0.10_lr0.0002_heads16_fold3.pth  select=0.5287  val_ab=0.6756  val_ag=0.3817  val_all=0.5701
Ep008  LR0=1.95e-04  pw=8.92  aucα=0.000  token_p=0.020  dropE=(0.020,0.080)  smooth=0.010  train_loss=0.4814  train_AUPR_all=0.5407  train_AUPR_ab=0.6387  train_AUPR_ag=0.3672  train_P@5_ab=0.8500  train_P@5_ag=0.9500  val_loss=0.6561  val_AUPR_all=0.5741  val_AUPR_ab=0.6821  val_AUPR_ag=0.3884  val_P@5_ab=0.9500  val_P@5_ag=1.0000  select=0.5352
  Saved checkpoint: checkpoints_old/iPara_balanced_l1_g6_i4_do0.10_dpr0.10_lr0.0002_heads16_fold3.pth  select=0.5352  val_ab=0.6821  val_ag=0.3884  val_all=0.5741
Ep009  LR0=1.94e-04  pw=7.99  aucα=0.000  token_p=0.020  dropE=(0.020,0.080)  smooth=0.010  train_loss=0.4531  train_AUPR_all=0.5396  train_AUPR_ab=0.6418  train_AUPR_ag=0.3618  train_P@5_ab=0.9500  train_P@5_ag=1.0000  val_loss=0.6153  val_AUPR_all=0.5687  val_AUPR_ab=0.6856  val_AUPR_ag=0.3683  val_P@5_ab=0.9000  val_P@5_ag=0.8500  select=0.5269
Ep010  LR0=1.92e-04  pw=7.17  aucα=0.030  token_p=0.020  dropE=(0.020,0.080)  smooth=0.010  train_loss=0.4376  train_AUPR_all=0.5557  train_AUPR_ab=0.6517  train_AUPR_ag=0.3819  train_P@5_ab=0.8000  train_P@5_ag=0.9500  val_loss=0.5974  val_AUPR_all=0.5583  val_AUPR_ab=0.6890  val_AUPR_ag=0.3569  val_P@5_ab=0.9500  val_P@5_ag=0.9000  select=0.5230
Unfreezing DyM parameters.
Ep011  LR0=1.90e-04  pw=6.44  aucα=0.060  token_p=0.020  dropE=(0.020,0.080)  smooth=0.010  train_loss=0.4265  train_AUPR_all=0.5600  train_AUPR_ab=0.6651  train_AUPR_ag=0.3846  train_P@5_ab=0.8000  train_P@5_ag=1.0000  val_loss=0.5739  val_AUPR_all=0.5845  val_AUPR_ab=0.7014  val_AUPR_ag=0.3755  val_P@5_ab=0.8500  val_P@5_ag=0.9500  select=0.5384
  Saved checkpoint: checkpoints_old/iPara_balanced_l1_g6_i4_do0.10_dpr0.10_lr0.0002_heads16_fold3.pth  select=0.5384  val_ab=0.7014  val_ag=0.3755  val_all=0.5845
Ep012  LR0=1.88e-04  pw=5.80  aucα=0.090  token_p=0.020  dropE=(0.020,0.080)  smooth=0.010  train_loss=0.4185  train_AUPR_all=0.5732  train_AUPR_ab=0.6775  train_AUPR_ag=0.3968  train_P@5_ab=0.9000  train_P@5_ag=1.0000  val_loss=0.5267  val_AUPR_all=0.5909  val_AUPR_ab=0.7109  val_AUPR_ag=0.3809  val_P@5_ab=1.0000  val_P@5_ag=1.0000  select=0.5459
  Saved checkpoint: checkpoints_old/iPara_balanced_l1_g6_i4_do0.10_dpr0.10_lr0.0002_heads16_fold3.pth  select=0.5459  val_ab=0.7109  val_ag=0.3809  val_all=0.5909
Ep013  LR0=1.86e-04  pw=5.24  aucα=0.120  token_p=0.020  dropE=(0.020,0.080)  smooth=0.010  train_loss=0.4033  train_AUPR_all=0.5850  train_AUPR_ab=0.6919  train_AUPR_ag=0.4045  train_P@5_ab=0.9500  train_P@5_ag=1.0000  val_loss=0.4903  val_AUPR_all=0.6038  val_AUPR_ab=0.7171  val_AUPR_ag=0.4071  val_P@5_ab=1.0000  val_P@5_ag=1.0000  select=0.5621
  Saved checkpoint: checkpoints_old/iPara_balanced_l1_g6_i4_do0.10_dpr0.10_lr0.0002_heads16_fold3.pth  select=0.5621  val_ab=0.7171  val_ag=0.4071  val_all=0.6038
Ep014  LR0=1.83e-04  pw=4.74  aucα=0.150  token_p=0.020  dropE=(0.020,0.080)  smooth=0.010  train_loss=0.3942  train_AUPR_all=0.5948  train_AUPR_ab=0.7026  train_AUPR_ag=0.4145  train_P@5_ab=0.9000  train_P@5_ag=1.0000  val_loss=0.4928  val_AUPR_all=0.5897  val_AUPR_ab=0.7135  val_AUPR_ag=0.4076  val_P@5_ab=0.9000  val_P@5_ag=0.9000  select=0.5606
Ep015  LR0=1.81e-04  pw=4.30  aucα=0.180  token_p=0.020  dropE=(0.020,0.080)  smooth=0.010  train_loss=0.3872  train_AUPR_all=0.5967  train_AUPR_ab=0.6963  train_AUPR_ag=0.4306  train_P@5_ab=0.9500  train_P@5_ag=1.0000  val_loss=0.4734  val_AUPR_all=0.5988  val_AUPR_ab=0.7246  val_AUPR_ag=0.3958  val_P@5_ab=0.8500  val_P@5_ag=0.9000  select=0.5602
Ep016  LR0=1.78e-04  pw=3.91  aucα=0.210  token_p=0.020  dropE=(0.020,0.080)  smooth=0.010  train_loss=0.3747  train_AUPR_all=0.6131  train_AUPR_ab=0.7119  train_AUPR_ag=0.4498  train_P@5_ab=0.8500  train_P@5_ag=0.9500  val_loss=0.4497  val_AUPR_all=0.6010  val_AUPR_ab=0.7329  val_AUPR_ag=0.3847  val_P@5_ab=0.9000  val_P@5_ag=0.8500  select=0.5588
Ep017  LR0=1.75e-04  pw=3.57  aucα=0.240  token_p=0.020  dropE=(0.020,0.080)  smooth=0.010  train_loss=0.3707  train_AUPR_all=0.6240  train_AUPR_ab=0.7307  train_AUPR_ag=0.4506  train_P@5_ab=1.0000  train_P@5_ag=0.9000  val_loss=0.4336  val_AUPR_all=0.6052  val_AUPR_ab=0.7343  val_AUPR_ag=0.3935  val_P@5_ab=0.9500  val_P@5_ag=1.0000  select=0.5639
  Saved checkpoint: checkpoints_old/iPara_balanced_l1_g6_i4_do0.10_dpr0.10_lr0.0002_heads16_fold3.pth  select=0.5639  val_ab=0.7343  val_ag=0.3935  val_all=0.6052
Ep018  LR0=1.72e-04  pw=3.27  aucα=0.270  token_p=0.020  dropE=(0.020,0.080)  smooth=0.010  train_loss=0.3643  train_AUPR_all=0.6297  train_AUPR_ab=0.7332  train_AUPR_ag=0.4598  train_P@5_ab=1.0000  train_P@5_ag=0.9500  val_loss=0.4028  val_AUPR_all=0.6112  val_AUPR_ab=0.7332  val_AUPR_ag=0.4142  val_P@5_ab=1.0000  val_P@5_ag=0.9000  select=0.5737
  Saved checkpoint: checkpoints_old/iPara_balanced_l1_g6_i4_do0.10_dpr0.10_lr0.0002_heads16_fold3.pth  select=0.5737  val_ab=0.7332  val_ag=0.4142  val_all=0.6112
Ep019  LR0=1.69e-04  pw=3.00  aucα=0.300  token_p=0.020  dropE=(0.020,0.080)  smooth=0.010  train_loss=0.3560  train_AUPR_all=0.6444  train_AUPR_ab=0.7439  train_AUPR_ag=0.4847  train_P@5_ab=1.0000  train_P@5_ag=1.0000  val_loss=0.3936  val_AUPR_all=0.6135  val_AUPR_ab=0.7468  val_AUPR_ag=0.3986  val_P@5_ab=1.0000  val_P@5_ag=0.9000  select=0.5727
Ep020  LR0=1.66e-04  pw=2.77  aucα=0.300  token_p=0.020  dropE=(0.020,0.080)  smooth=0.010  train_loss=0.3380  train_AUPR_all=0.6553  train_AUPR_ab=0.7533  train_AUPR_ag=0.5017  train_P@5_ab=1.0000  train_P@5_ag=0.9500  val_loss=0.3854  val_AUPR_all=0.6072  val_AUPR_ab=0.7388  val_AUPR_ag=0.3982  val_P@5_ab=1.0000  val_P@5_ag=0.9000  select=0.5685
Ep021  LR0=1.62e-04  pw=2.56  aucα=0.300  token_p=0.020  dropE=(0.020,0.080)  smooth=0.010  train_loss=0.3232  train_AUPR_all=0.6617  train_AUPR_ab=0.7520  train_AUPR_ag=0.5212  train_P@5_ab=1.0000  train_P@5_ag=0.9000  val_loss=0.3825  val_AUPR_all=0.6041  val_AUPR_ab=0.7391  val_AUPR_ag=0.3900  val_P@5_ab=0.8500  val_P@5_ag=0.9000  select=0.5645
Ep022  LR0=1.59e-04  pw=2.38  aucα=0.300  token_p=0.020  dropE=(0.020,0.080)  smooth=0.010  train_loss=0.3051  train_AUPR_all=0.6767  train_AUPR_ab=0.7670  train_AUPR_ag=0.5363  train_P@5_ab=0.9500  train_P@5_ag=0.9500  val_loss=0.3576  val_AUPR_all=0.6100  val_AUPR_ab=0.7413  val_AUPR_ag=0.4097  val_P@5_ab=0.8500  val_P@5_ag=0.9000  select=0.5755
  Saved checkpoint: checkpoints_old/iPara_balanced_l1_g6_i4_do0.10_dpr0.10_lr0.0002_heads16_fold3.pth  select=0.5755  val_ab=0.7413  val_ag=0.4097  val_all=0.6100
Ep023  LR0=1.55e-04  pw=2.21  aucα=0.300  token_p=0.020  dropE=(0.020,0.080)  smooth=0.010  train_loss=0.2924  train_AUPR_all=0.6803  train_AUPR_ab=0.7662  train_AUPR_ag=0.5482  train_P@5_ab=1.0000  train_P@5_ag=1.0000  val_loss=0.3803  val_AUPR_all=0.6032  val_AUPR_ab=0.7542  val_AUPR_ag=0.3957  val_P@5_ab=0.9500  val_P@5_ag=0.8000  select=0.5749
Ep024  LR0=1.51e-04  pw=2.07  aucα=0.300  token_p=0.020  dropE=(0.020,0.080)  smooth=0.010  train_loss=0.2792  train_AUPR_all=0.6912  train_AUPR_ab=0.7734  train_AUPR_ag=0.5646  train_P@5_ab=0.9500  train_P@5_ag=0.9500  val_loss=0.3503  val_AUPR_all=0.6132  val_AUPR_ab=0.7526  val_AUPR_ag=0.4031  val_P@5_ab=1.0000  val_P@5_ag=0.9000  select=0.5778
  Saved checkpoint: checkpoints_old/iPara_balanced_l1_g6_i4_do0.10_dpr0.10_lr0.0002_heads16_fold3.pth  select=0.5778  val_ab=0.7526  val_ag=0.4031  val_all=0.6132
Ep025  LR0=1.48e-04  pw=1.95  aucα=0.300  token_p=0.020  dropE=(0.020,0.080)  smooth=0.010  train_loss=0.2643  train_AUPR_all=0.7086  train_AUPR_ab=0.7864  train_AUPR_ag=0.5913  train_P@5_ab=1.0000  train_P@5_ag=0.9000  val_loss=0.3478  val_AUPR_all=0.6140  val_AUPR_ab=0.7557  val_AUPR_ag=0.3983  val_P@5_ab=1.0000  val_P@5_ag=0.9000  select=0.5770
Ep026  LR0=1.44e-04  pw=1.83  aucα=0.300  token_p=0.020  dropE=(0.020,0.080)  smooth=0.010  train_loss=0.2541  train_AUPR_all=0.7139  train_AUPR_ab=0.7941  train_AUPR_ag=0.5915  train_P@5_ab=0.9500  train_P@5_ag=1.0000  val_loss=0.3476  val_AUPR_all=0.6072  val_AUPR_ab=0.7582  val_AUPR_ag=0.4160  val_P@5_ab=1.0000  val_P@5_ag=0.9000  select=0.5871
  Saved checkpoint: checkpoints_old/iPara_balanced_l1_g6_i4_do0.10_dpr0.10_lr0.0002_heads16_fold3.pth  select=0.5871  val_ab=0.7582  val_ag=0.4160  val_all=0.6072
Ep027  LR0=1.39e-04  pw=1.74  aucα=0.300  token_p=0.020  dropE=(0.020,0.080)  smooth=0.010  train_loss=0.2433  train_AUPR_all=0.7253  train_AUPR_ab=0.7988  train_AUPR_ag=0.6146  train_P@5_ab=0.9500  train_P@5_ag=1.0000  val_loss=0.3317  val_AUPR_all=0.6091  val_AUPR_ab=0.7461  val_AUPR_ag=0.3953  val_P@5_ab=1.0000  val_P@5_ag=0.9000  select=0.5707
Ep028  LR0=1.35e-04  pw=1.65  aucα=0.300  token_p=0.020  dropE=(0.020,0.080)  smooth=0.010  train_loss=0.2371  train_AUPR_all=0.7273  train_AUPR_ab=0.7979  train_AUPR_ag=0.6218  train_P@5_ab=1.0000  train_P@5_ag=0.9000  val_loss=0.3324  val_AUPR_all=0.6147  val_AUPR_ab=0.7563  val_AUPR_ag=0.4044  val_P@5_ab=1.0000  val_P@5_ag=0.9000  select=0.5803
Ep029  LR0=1.31e-04  pw=1.57  aucα=0.300  token_p=0.020  dropE=(0.020,0.080)  smooth=0.010  train_loss=0.2213  train_AUPR_all=0.7491  train_AUPR_ab=0.8110  train_AUPR_ag=0.6581  train_P@5_ab=1.0000  train_P@5_ag=0.9500  val_loss=0.3573  val_AUPR_all=0.6051  val_AUPR_ab=0.7536  val_AUPR_ag=0.3947  val_P@5_ab=1.0000  val_P@5_ag=0.9000  select=0.5741
Ep030  LR0=1.27e-04  pw=1.51  aucα=0.300  token_p=0.020  dropE=(0.020,0.080)  smooth=0.010  train_loss=0.2156  train_AUPR_all=0.7541  train_AUPR_ab=0.8150  train_AUPR_ag=0.6648  train_P@5_ab=1.0000  train_P@5_ag=1.0000  val_loss=0.3260  val_AUPR_all=0.6111  val_AUPR_ab=0.7525  val_AUPR_ag=0.4033  val_P@5_ab=1.0000  val_P@5_ag=1.0000  select=0.5779
Ep031  LR0=1.22e-04  pw=1.45  aucα=0.300  token_p=0.020  dropE=(0.020,0.080)  smooth=0.010  train_loss=0.2081  train_AUPR_all=0.7599  train_AUPR_ab=0.8167  train_AUPR_ag=0.6771  train_P@5_ab=0.9500  train_P@5_ag=0.9000  val_loss=0.3303  val_AUPR_all=0.5990  val_AUPR_ab=0.7397  val_AUPR_ag=0.4036  val_P@5_ab=0.9500  val_P@5_ag=1.0000  select=0.5716
Ep032  LR0=1.18e-04  pw=1.39  aucα=0.300  token_p=0.020  dropE=(0.020,0.080)  smooth=0.010  train_loss=0.1979  train_AUPR_all=0.7728  train_AUPR_ab=0.8269  train_AUPR_ag=0.6945  train_P@5_ab=1.0000  train_P@5_ag=0.9500  val_loss=0.3345  val_AUPR_all=0.6030  val_AUPR_ab=0.7490  val_AUPR_ag=0.4002  val_P@5_ab=1.0000  val_P@5_ag=0.9000  select=0.5746
Ep033  LR0=1.14e-04  pw=1.35  aucα=0.300  token_p=0.020  dropE=(0.020,0.080)  smooth=0.010  train_loss=0.1968  train_AUPR_all=0.7734  train_AUPR_ab=0.8262  train_AUPR_ag=0.6971  train_P@5_ab=0.9500  train_P@5_ag=1.0000  val_loss=0.3167  val_AUPR_all=0.6152  val_AUPR_ab=0.7584  val_AUPR_ag=0.4060  val_P@5_ab=1.0000  val_P@5_ag=0.9500  select=0.5822
Ep034  LR0=1.09e-04  pw=1.31  aucα=0.300  token_p=0.020  dropE=(0.020,0.080)  smooth=0.010  train_loss=0.1903  train_AUPR_all=0.7822  train_AUPR_ab=0.8339  train_AUPR_ag=0.7074  train_P@5_ab=1.0000  train_P@5_ag=1.0000  val_loss=0.3119  val_AUPR_all=0.6123  val_AUPR_ab=0.7558  val_AUPR_ag=0.4027  val_P@5_ab=1.0000  val_P@5_ag=1.0000  select=0.5793
Ep035  LR0=1.05e-04  pw=1.27  aucα=0.300  token_p=0.020  dropE=(0.020,0.080)  smooth=0.010  train_loss=0.1782  train_AUPR_all=0.7985  train_AUPR_ab=0.8442  train_AUPR_ag=0.7327  train_P@5_ab=0.9000  train_P@5_ag=0.9000  val_loss=0.3226  val_AUPR_all=0.6001  val_AUPR_ab=0.7481  val_AUPR_ag=0.4013  val_P@5_ab=1.0000  val_P@5_ag=0.9500  select=0.5747
Ep036  LR0=1.00e-04  pw=1.24  aucα=0.300  token_p=0.020  dropE=(0.020,0.080)  smooth=0.010  train_loss=0.1758  train_AUPR_all=0.8032  train_AUPR_ab=0.8479  train_AUPR_ag=0.7390  train_P@5_ab=1.0000  train_P@5_ag=1.0000  val_loss=0.3148  val_AUPR_all=0.6133  val_AUPR_ab=0.7555  val_AUPR_ag=0.4102  val_P@5_ab=1.0000  val_P@5_ag=0.9500  select=0.5829
Ep037  LR0=9.58e-05  pw=1.21  aucα=0.300  token_p=0.020  dropE=(0.020,0.080)  smooth=0.010  train_loss=0.1669  train_AUPR_all=0.8147  train_AUPR_ab=0.8560  train_AUPR_ag=0.7558  train_P@5_ab=1.0000  train_P@5_ag=1.0000  val_loss=0.3284  val_AUPR_all=0.6024  val_AUPR_ab=0.7640  val_AUPR_ag=0.3856  val_P@5_ab=1.0000  val_P@5_ag=0.7000  select=0.5748
Ep038  LR0=9.13e-05  pw=1.19  aucα=0.300  token_p=0.020  dropE=(0.020,0.080)  smooth=0.010  train_loss=0.1623  train_AUPR_all=0.8217  train_AUPR_ab=0.8626  train_AUPR_ag=0.7631  train_P@5_ab=1.0000  train_P@5_ag=1.0000  val_loss=0.3199  val_AUPR_all=0.5935  val_AUPR_ab=0.7558  val_AUPR_ag=0.3747  val_P@5_ab=1.0000  val_P@5_ag=0.8500  select=0.5653
Ep039  LR0=8.69e-05  pw=1.16  aucα=0.300  token_p=0.020  dropE=(0.020,0.080)  smooth=0.010  train_loss=0.1568  train_AUPR_all=0.8291  train_AUPR_ab=0.8678  train_AUPR_ag=0.7735  train_P@5_ab=1.0000  train_P@5_ag=1.0000  val_loss=0.3130  val_AUPR_all=0.6069  val_AUPR_ab=0.7609  val_AUPR_ag=0.4012  val_P@5_ab=0.9500  val_P@5_ag=0.8000  select=0.5810
Ep040  LR0=8.24e-05  pw=1.15  aucα=0.300  token_p=0.020  dropE=(0.020,0.080)  smooth=0.010  train_loss=0.1562  train_AUPR_all=0.8287  train_AUPR_ab=0.8695  train_AUPR_ag=0.7701  train_P@5_ab=1.0000  train_P@5_ag=1.0000  val_loss=0.3142  val_AUPR_all=0.5999  val_AUPR_ab=0.7562  val_AUPR_ag=0.3854  val_P@5_ab=1.0000  val_P@5_ag=0.9000  select=0.5708
Ep041  LR0=7.81e-05  pw=1.13  aucα=0.300  token_p=0.020  dropE=(0.020,0.080)  smooth=0.010  train_loss=0.1505  train_AUPR_all=0.8379  train_AUPR_ab=0.8744  train_AUPR_ag=0.7853  train_P@5_ab=1.0000  train_P@5_ag=1.0000  val_loss=0.3242  val_AUPR_all=0.6051  val_AUPR_ab=0.7519  val_AUPR_ag=0.3839  val_P@5_ab=0.9500  val_P@5_ag=0.7500  select=0.5679
Ep042  LR0=7.37e-05  pw=1.11  aucα=0.300  token_p=0.020  dropE=(0.020,0.080)  smooth=0.010  train_loss=0.1438  train_AUPR_all=0.8491  train_AUPR_ab=0.8840  train_AUPR_ag=0.7991  train_P@5_ab=1.0000  train_P@5_ag=1.0000  val_loss=0.3187  val_AUPR_all=0.6054  val_AUPR_ab=0.7605  val_AUPR_ag=0.3835  val_P@5_ab=1.0000  val_P@5_ag=0.7500  select=0.5720
Ep043  LR0=6.94e-05  pw=1.10  aucα=0.300  token_p=0.020  dropE=(0.020,0.080)  smooth=0.010  train_loss=0.1420  train_AUPR_all=0.8500  train_AUPR_ab=0.8848  train_AUPR_ag=0.7999  train_P@5_ab=1.0000  train_P@5_ag=1.0000  val_loss=0.3136  val_AUPR_all=0.5965  val_AUPR_ab=0.7480  val_AUPR_ag=0.3763  val_P@5_ab=0.9500  val_P@5_ag=0.8000  select=0.5621
Ep044  LR0=6.52e-05  pw=1.09  aucα=0.300  token_p=0.020  dropE=(0.020,0.080)  smooth=0.010  train_loss=0.1407  train_AUPR_all=0.8522  train_AUPR_ab=0.8842  train_AUPR_ag=0.8066  train_P@5_ab=1.0000  train_P@5_ag=1.0000  val_loss=0.3166  val_AUPR_all=0.5961  val_AUPR_ab=0.7493  val_AUPR_ag=0.3844  val_P@5_ab=0.8000  val_P@5_ag=0.6500  select=0.5669
Ep045  LR0=6.10e-05  pw=1.08  aucα=0.300  token_p=0.020  dropE=(0.020,0.080)  smooth=0.010  train_loss=0.1347  train_AUPR_all=0.8621  train_AUPR_ab=0.8942  train_AUPR_ag=0.8159  train_P@5_ab=1.0000  train_P@5_ag=1.0000  val_loss=0.3227  val_AUPR_all=0.5914  val_AUPR_ab=0.7507  val_AUPR_ag=0.3716  val_P@5_ab=0.9000  val_P@5_ag=0.5500  select=0.5611
Ep046  LR0=5.70e-05  pw=1.07  aucα=0.300  token_p=0.020  dropE=(0.020,0.080)  smooth=0.010  train_loss=0.1320  train_AUPR_all=0.8661  train_AUPR_ab=0.8983  train_AUPR_ag=0.8198  train_P@5_ab=1.0000  train_P@5_ag=1.0000  val_loss=0.3199  val_AUPR_all=0.5971  val_AUPR_ab=0.7505  val_AUPR_ag=0.3811  val_P@5_ab=1.0000  val_P@5_ag=0.5500  select=0.5658
Early stopping at epoch 46. Best select=0.5871 at epoch 26.
Final saved checkpoint for fold 3: checkpoints_old/iPara_balanced_l1_g6_i4_do0.10_dpr0.10_lr0.0002_heads16_fold3.pth
Best select=0.5871 at epoch 26

==========================================================================================
Fold 4/5
==========================================================================================
Train labels: valid=398858, pos=26560, neg=372298, ignore=700342, pos_frac=0.06659
Val labels: valid=101334, pos=6670, neg=94664, ignore=172266, pos_frac=0.06582
Initializing ClassificationModel with 6 GAT layers and residual connections...
Initializing MCModel with 6 GAT layers and 4 row attention layers (drop_path_rate=0.1)
Initializing CoreModel with 1 layers, drop_path_rate=0.1
Ep001  LR0=2.00e-04  pw=20.00  aucα=0.000  token_p=0.020  dropE=(0.020,0.080)  smooth=0.010  train_loss=1.1070  train_AUPR_all=0.2046  train_AUPR_ab=0.2372  train_AUPR_ag=0.1606  train_P@5_ab=0.4000  train_P@5_ag=0.1000  val_loss=1.3598  val_AUPR_all=0.4191  val_AUPR_ab=0.5337  val_AUPR_ag=0.2529  val_P@5_ab=0.9500  val_P@5_ag=0.9000  select=0.3933
  Saved checkpoint: checkpoints_old/iPara_balanced_l1_g6_i4_do0.10_dpr0.10_lr0.0002_heads16_fold4.pth  select=0.3933  val_ab=0.5337  val_ag=0.2529  val_all=0.4191
Ep002  LR0=2.00e-04  pw=17.77  aucα=0.000  token_p=0.020  dropE=(0.020,0.080)  smooth=0.010  train_loss=0.7864  train_AUPR_all=0.3795  train_AUPR_ab=0.4634  train_AUPR_ag=0.2453  train_P@5_ab=0.5000  train_P@5_ag=0.6500  val_loss=1.0662  val_AUPR_all=0.4320  val_AUPR_ab=0.5418  val_AUPR_ag=0.3095  val_P@5_ab=0.7500  val_P@5_ag=0.6500  select=0.4257
  Saved checkpoint: checkpoints_old/iPara_balanced_l1_g6_i4_do0.10_dpr0.10_lr0.0002_heads16_fold4.pth  select=0.4257  val_ab=0.5418  val_ag=0.3095  val_all=0.4320
Ep003  LR0=2.00e-04  pw=15.80  aucα=0.000  token_p=0.020  dropE=(0.020,0.080)  smooth=0.010  train_loss=0.6778  train_AUPR_all=0.4576  train_AUPR_ab=0.5431  train_AUPR_ag=0.3134  train_P@5_ab=0.8500  train_P@5_ag=0.8000  val_loss=0.9241  val_AUPR_all=0.4865  val_AUPR_ab=0.6098  val_AUPR_ag=0.3221  val_P@5_ab=0.9500  val_P@5_ag=0.9000  select=0.4659
  Saved checkpoint: checkpoints_old/iPara_balanced_l1_g6_i4_do0.10_dpr0.10_lr0.0002_heads16_fold4.pth  select=0.4659  val_ab=0.6098  val_ag=0.3221  val_all=0.4865
Ep004  LR0=1.99e-04  pw=14.06  aucα=0.000  token_p=0.020  dropE=(0.020,0.080)  smooth=0.010  train_loss=0.6310  train_AUPR_all=0.4834  train_AUPR_ab=0.5739  train_AUPR_ag=0.3246  train_P@5_ab=0.9500  train_P@5_ag=0.7500  val_loss=0.8395  val_AUPR_all=0.5289  val_AUPR_ab=0.6401  val_AUPR_ag=0.3415  val_P@5_ab=1.0000  val_P@5_ag=0.9000  select=0.4908
  Saved checkpoint: checkpoints_old/iPara_balanced_l1_g6_i4_do0.10_dpr0.10_lr0.0002_heads16_fold4.pth  select=0.4908  val_ab=0.6401  val_ag=0.3415  val_all=0.5289
Ep005  LR0=1.98e-04  pw=12.52  aucα=0.000  token_p=0.020  dropE=(0.020,0.080)  smooth=0.010  train_loss=0.5899  train_AUPR_all=0.4983  train_AUPR_ab=0.5832  train_AUPR_ag=0.3435  train_P@5_ab=0.8000  train_P@5_ag=0.8500  val_loss=0.7985  val_AUPR_all=0.5309  val_AUPR_ab=0.6470  val_AUPR_ag=0.3446  val_P@5_ab=1.0000  val_P@5_ag=0.9000  select=0.4958
  Saved checkpoint: checkpoints_old/iPara_balanced_l1_g6_i4_do0.10_dpr0.10_lr0.0002_heads16_fold4.pth  select=0.4958  val_ab=0.6470  val_ag=0.3446  val_all=0.5309
Ep006  LR0=1.97e-04  pw=11.17  aucα=0.000  token_p=0.020  dropE=(0.020,0.080)  smooth=0.010  train_loss=0.5448  train_AUPR_all=0.5142  train_AUPR_ab=0.5943  train_AUPR_ag=0.3571  train_P@5_ab=0.7000  train_P@5_ag=1.0000  val_loss=0.7500  val_AUPR_all=0.5503  val_AUPR_ab=0.6663  val_AUPR_ag=0.3505  val_P@5_ab=1.0000  val_P@5_ag=0.9000  select=0.5084
  Saved checkpoint: checkpoints_old/iPara_balanced_l1_g6_i4_do0.10_dpr0.10_lr0.0002_heads16_fold4.pth  select=0.5084  val_ab=0.6663  val_ag=0.3505  val_all=0.5503
Ep007  LR0=1.96e-04  pw=9.97  aucα=0.000  token_p=0.020  dropE=(0.020,0.080)  smooth=0.010  train_loss=0.5076  train_AUPR_all=0.5225  train_AUPR_ab=0.6162  train_AUPR_ag=0.3568  train_P@5_ab=0.9000  train_P@5_ag=0.9500  val_loss=0.7351  val_AUPR_all=0.5547  val_AUPR_ab=0.6782  val_AUPR_ag=0.3528  val_P@5_ab=1.0000  val_P@5_ag=1.0000  select=0.5155
  Saved checkpoint: checkpoints_old/iPara_balanced_l1_g6_i4_do0.10_dpr0.10_lr0.0002_heads16_fold4.pth  select=0.5155  val_ab=0.6782  val_ag=0.3528  val_all=0.5547
Ep008  LR0=1.95e-04  pw=8.92  aucα=0.000  token_p=0.020  dropE=(0.020,0.080)  smooth=0.010  train_loss=0.4870  train_AUPR_all=0.5225  train_AUPR_ab=0.6241  train_AUPR_ag=0.3525  train_P@5_ab=0.8000  train_P@5_ag=0.8500  val_loss=0.6727  val_AUPR_all=0.5557  val_AUPR_ab=0.6964  val_AUPR_ag=0.3481  val_P@5_ab=0.9500  val_P@5_ag=1.0000  select=0.5223
  Saved checkpoint: checkpoints_old/iPara_balanced_l1_g6_i4_do0.10_dpr0.10_lr0.0002_heads16_fold4.pth  select=0.5223  val_ab=0.6964  val_ag=0.3481  val_all=0.5557
Ep009  LR0=1.94e-04  pw=7.99  aucα=0.000  token_p=0.020  dropE=(0.020,0.080)  smooth=0.010  train_loss=0.4449  train_AUPR_all=0.5491  train_AUPR_ab=0.6480  train_AUPR_ag=0.3778  train_P@5_ab=0.8500  train_P@5_ag=0.9500  val_loss=0.6296  val_AUPR_all=0.5696  val_AUPR_ab=0.6902  val_AUPR_ag=0.3686  val_P@5_ab=0.9000  val_P@5_ag=0.9000  select=0.5294
  Saved checkpoint: checkpoints_old/iPara_balanced_l1_g6_i4_do0.10_dpr0.10_lr0.0002_heads16_fold4.pth  select=0.5294  val_ab=0.6902  val_ag=0.3686  val_all=0.5696
Ep010  LR0=1.92e-04  pw=7.17  aucα=0.030  token_p=0.020  dropE=(0.020,0.080)  smooth=0.010  train_loss=0.4340  train_AUPR_all=0.5497  train_AUPR_ab=0.6458  train_AUPR_ag=0.3824  train_P@5_ab=0.8500  train_P@5_ag=0.7000  val_loss=0.6443  val_AUPR_all=0.5595  val_AUPR_ab=0.6964  val_AUPR_ag=0.3714  val_P@5_ab=1.0000  val_P@5_ag=0.9500  select=0.5339
  Saved checkpoint: checkpoints_old/iPara_balanced_l1_g6_i4_do0.10_dpr0.10_lr0.0002_heads16_fold4.pth  select=0.5339  val_ab=0.6964  val_ag=0.3714  val_all=0.5595
Unfreezing DyM parameters.
Ep011  LR0=1.90e-04  pw=6.44  aucα=0.060  token_p=0.020  dropE=(0.020,0.080)  smooth=0.010  train_loss=0.4240  train_AUPR_all=0.5656  train_AUPR_ab=0.6667  train_AUPR_ag=0.3930  train_P@5_ab=1.0000  train_P@5_ag=0.9500  val_loss=0.6154  val_AUPR_all=0.5657  val_AUPR_ab=0.6966  val_AUPR_ag=0.3547  val_P@5_ab=0.9500  val_P@5_ag=0.9500  select=0.5256
Ep012  LR0=1.88e-04  pw=5.80  aucα=0.090  token_p=0.020  dropE=(0.020,0.080)  smooth=0.010  train_loss=0.4107  train_AUPR_all=0.5695  train_AUPR_ab=0.6732  train_AUPR_ag=0.3929  train_P@5_ab=0.9500  train_P@5_ag=0.7000  val_loss=0.5298  val_AUPR_all=0.5909  val_AUPR_ab=0.7238  val_AUPR_ag=0.3832  val_P@5_ab=0.9500  val_P@5_ag=0.9500  select=0.5535
  Saved checkpoint: checkpoints_old/iPara_balanced_l1_g6_i4_do0.10_dpr0.10_lr0.0002_heads16_fold4.pth  select=0.5535  val_ab=0.7238  val_ag=0.3832  val_all=0.5909
Ep013  LR0=1.86e-04  pw=5.24  aucα=0.120  token_p=0.020  dropE=(0.020,0.080)  smooth=0.010  train_loss=0.3991  train_AUPR_all=0.5889  train_AUPR_ab=0.6920  train_AUPR_ag=0.4186  train_P@5_ab=1.0000  train_P@5_ag=0.8500  val_loss=0.5419  val_AUPR_all=0.5931  val_AUPR_ab=0.7217  val_AUPR_ag=0.3860  val_P@5_ab=1.0000  val_P@5_ag=0.9500  select=0.5539
  Saved checkpoint: checkpoints_old/iPara_balanced_l1_g6_i4_do0.10_dpr0.10_lr0.0002_heads16_fold4.pth  select=0.5539  val_ab=0.7217  val_ag=0.3860  val_all=0.5931
Ep014  LR0=1.83e-04  pw=4.74  aucα=0.150  token_p=0.020  dropE=(0.020,0.080)  smooth=0.010  train_loss=0.3928  train_AUPR_all=0.5948  train_AUPR_ab=0.6968  train_AUPR_ag=0.4237  train_P@5_ab=1.0000  train_P@5_ag=0.9500  val_loss=0.4918  val_AUPR_all=0.5966  val_AUPR_ab=0.7282  val_AUPR_ag=0.3908  val_P@5_ab=0.9500  val_P@5_ag=0.8000  select=0.5595
  Saved checkpoint: checkpoints_old/iPara_balanced_l1_g6_i4_do0.10_dpr0.10_lr0.0002_heads16_fold4.pth  select=0.5595  val_ab=0.7282  val_ag=0.3908  val_all=0.5966
Ep015  LR0=1.81e-04  pw=4.30  aucα=0.180  token_p=0.020  dropE=(0.020,0.080)  smooth=0.010  train_loss=0.3812  train_AUPR_all=0.6047  train_AUPR_ab=0.7084  train_AUPR_ag=0.4376  train_P@5_ab=1.0000  train_P@5_ag=0.9500  val_loss=0.4824  val_AUPR_all=0.5941  val_AUPR_ab=0.7208  val_AUPR_ag=0.3877  val_P@5_ab=0.9500  val_P@5_ag=0.9500  select=0.5542
Ep016  LR0=1.78e-04  pw=3.91  aucα=0.210  token_p=0.020  dropE=(0.020,0.080)  smooth=0.010  train_loss=0.3748  train_AUPR_all=0.6137  train_AUPR_ab=0.7124  train_AUPR_ag=0.4498  train_P@5_ab=0.9500  train_P@5_ag=1.0000  val_loss=0.4485  val_AUPR_all=0.6046  val_AUPR_ab=0.7417  val_AUPR_ag=0.3912  val_P@5_ab=0.9500  val_P@5_ag=1.0000  select=0.5665
  Saved checkpoint: checkpoints_old/iPara_balanced_l1_g6_i4_do0.10_dpr0.10_lr0.0002_heads16_fold4.pth  select=0.5665  val_ab=0.7417  val_ag=0.3912  val_all=0.6046
Ep017  LR0=1.75e-04  pw=3.57  aucα=0.240  token_p=0.020  dropE=(0.020,0.080)  smooth=0.010  train_loss=0.3691  train_AUPR_all=0.6216  train_AUPR_ab=0.7152  train_AUPR_ag=0.4713  train_P@5_ab=0.9000  train_P@5_ag=0.9000  val_loss=0.4384  val_AUPR_all=0.5977  val_AUPR_ab=0.7326  val_AUPR_ag=0.3866  val_P@5_ab=0.9500  val_P@5_ag=0.9500  select=0.5596
Ep018  LR0=1.72e-04  pw=3.27  aucα=0.270  token_p=0.020  dropE=(0.020,0.080)  smooth=0.010  train_loss=0.3622  train_AUPR_all=0.6329  train_AUPR_ab=0.7302  train_AUPR_ag=0.4766  train_P@5_ab=0.9000  train_P@5_ag=0.9000  val_loss=0.4354  val_AUPR_all=0.6044  val_AUPR_ab=0.7403  val_AUPR_ag=0.3887  val_P@5_ab=0.9500  val_P@5_ag=0.9500  select=0.5645
Ep019  LR0=1.69e-04  pw=3.00  aucα=0.300  token_p=0.020  dropE=(0.020,0.080)  smooth=0.010  train_loss=0.3537  train_AUPR_all=0.6443  train_AUPR_ab=0.7363  train_AUPR_ag=0.4984  train_P@5_ab=1.0000  train_P@5_ag=1.0000  val_loss=0.4084  val_AUPR_all=0.5954  val_AUPR_ab=0.7404  val_AUPR_ag=0.3813  val_P@5_ab=0.9500  val_P@5_ag=0.9000  select=0.5608
Ep020  LR0=1.66e-04  pw=2.77  aucα=0.300  token_p=0.020  dropE=(0.020,0.080)  smooth=0.010  train_loss=0.3359  train_AUPR_all=0.6524  train_AUPR_ab=0.7467  train_AUPR_ag=0.5042  train_P@5_ab=1.0000  train_P@5_ag=0.8500  val_loss=0.4224  val_AUPR_all=0.6079  val_AUPR_ab=0.7478  val_AUPR_ag=0.3926  val_P@5_ab=1.0000  val_P@5_ag=0.9500  select=0.5702
  Saved checkpoint: checkpoints_old/iPara_balanced_l1_g6_i4_do0.10_dpr0.10_lr0.0002_heads16_fold4.pth  select=0.5702  val_ab=0.7478  val_ag=0.3926  val_all=0.6079
Ep021  LR0=1.62e-04  pw=2.56  aucα=0.300  token_p=0.020  dropE=(0.020,0.080)  smooth=0.010  train_loss=0.3188  train_AUPR_all=0.6681  train_AUPR_ab=0.7535  train_AUPR_ag=0.5349  train_P@5_ab=0.9500  train_P@5_ag=0.9000  val_loss=0.4028  val_AUPR_all=0.6120  val_AUPR_ab=0.7481  val_AUPR_ag=0.4108  val_P@5_ab=1.0000  val_P@5_ag=1.0000  select=0.5795
  Saved checkpoint: checkpoints_old/iPara_balanced_l1_g6_i4_do0.10_dpr0.10_lr0.0002_heads16_fold4.pth  select=0.5795  val_ab=0.7481  val_ag=0.4108  val_all=0.6120
Ep022  LR0=1.59e-04  pw=2.38  aucα=0.300  token_p=0.020  dropE=(0.020,0.080)  smooth=0.010  train_loss=0.3053  train_AUPR_all=0.6716  train_AUPR_ab=0.7539  train_AUPR_ag=0.5442  train_P@5_ab=1.0000  train_P@5_ag=0.9000  val_loss=0.3875  val_AUPR_all=0.6092  val_AUPR_ab=0.7572  val_AUPR_ag=0.3735  val_P@5_ab=0.9500  val_P@5_ag=0.9500  select=0.5653
Ep023  LR0=1.55e-04  pw=2.21  aucα=0.300  token_p=0.020  dropE=(0.020,0.080)  smooth=0.010  train_loss=0.2908  train_AUPR_all=0.6853  train_AUPR_ab=0.7677  train_AUPR_ag=0.5581  train_P@5_ab=1.0000  train_P@5_ag=0.8000  val_loss=0.3656  val_AUPR_all=0.6113  val_AUPR_ab=0.7572  val_AUPR_ag=0.3849  val_P@5_ab=1.0000  val_P@5_ag=0.8000  select=0.5711
Ep024  LR0=1.51e-04  pw=2.07  aucα=0.300  token_p=0.020  dropE=(0.020,0.080)  smooth=0.010  train_loss=0.2787  train_AUPR_all=0.6925  train_AUPR_ab=0.7679  train_AUPR_ag=0.5779  train_P@5_ab=1.0000  train_P@5_ag=0.9500  val_loss=0.3628  val_AUPR_all=0.6086  val_AUPR_ab=0.7575  val_AUPR_ag=0.4001  val_P@5_ab=1.0000  val_P@5_ag=1.0000  select=0.5788
Ep025  LR0=1.48e-04  pw=1.95  aucα=0.300  token_p=0.020  dropE=(0.020,0.080)  smooth=0.010  train_loss=0.2675  train_AUPR_all=0.7015  train_AUPR_ab=0.7738  train_AUPR_ag=0.5923  train_P@5_ab=1.0000  train_P@5_ag=1.0000  val_loss=0.3530  val_AUPR_all=0.6125  val_AUPR_ab=0.7621  val_AUPR_ag=0.4050  val_P@5_ab=0.9500  val_P@5_ag=0.9500  select=0.5836
  Saved checkpoint: checkpoints_old/iPara_balanced_l1_g6_i4_do0.10_dpr0.10_lr0.0002_heads16_fold4.pth  select=0.5836  val_ab=0.7621  val_ag=0.4050  val_all=0.6125
Ep026  LR0=1.44e-04  pw=1.83  aucα=0.300  token_p=0.020  dropE=(0.020,0.080)  smooth=0.010  train_loss=0.2592  train_AUPR_all=0.7041  train_AUPR_ab=0.7778  train_AUPR_ag=0.5929  train_P@5_ab=0.9500  train_P@5_ag=1.0000  val_loss=0.3432  val_AUPR_all=0.6176  val_AUPR_ab=0.7633  val_AUPR_ag=0.4013  val_P@5_ab=1.0000  val_P@5_ag=0.9000  select=0.5823
Ep027  LR0=1.39e-04  pw=1.74  aucα=0.300  token_p=0.020  dropE=(0.020,0.080)  smooth=0.010  train_loss=0.2442  train_AUPR_all=0.7243  train_AUPR_ab=0.7919  train_AUPR_ag=0.6238  train_P@5_ab=0.9500  train_P@5_ag=1.0000  val_loss=0.3478  val_AUPR_all=0.6157  val_AUPR_ab=0.7626  val_AUPR_ag=0.4073  val_P@5_ab=1.0000  val_P@5_ag=0.9500  select=0.5850
  Saved checkpoint: checkpoints_old/iPara_balanced_l1_g6_i4_do0.10_dpr0.10_lr0.0002_heads16_fold4.pth  select=0.5850  val_ab=0.7626  val_ag=0.4073  val_all=0.6157
Ep028  LR0=1.35e-04  pw=1.65  aucα=0.300  token_p=0.020  dropE=(0.020,0.080)  smooth=0.010  train_loss=0.2340  train_AUPR_all=0.7342  train_AUPR_ab=0.7952  train_AUPR_ag=0.6450  train_P@5_ab=1.0000  train_P@5_ag=1.0000  val_loss=0.3314  val_AUPR_all=0.6192  val_AUPR_ab=0.7674  val_AUPR_ag=0.4068  val_P@5_ab=1.0000  val_P@5_ag=0.9500  select=0.5871
  Saved checkpoint: checkpoints_old/iPara_balanced_l1_g6_i4_do0.10_dpr0.10_lr0.0002_heads16_fold4.pth  select=0.5871  val_ab=0.7674  val_ag=0.4068  val_all=0.6192
Ep029  LR0=1.31e-04  pw=1.57  aucα=0.300  token_p=0.020  dropE=(0.020,0.080)  smooth=0.010  train_loss=0.2246  train_AUPR_all=0.7464  train_AUPR_ab=0.8072  train_AUPR_ag=0.6568  train_P@5_ab=0.9500  train_P@5_ag=1.0000  val_loss=0.3321  val_AUPR_all=0.6113  val_AUPR_ab=0.7612  val_AUPR_ag=0.4035  val_P@5_ab=0.9000  val_P@5_ag=0.9500  select=0.5824
Ep030  LR0=1.27e-04  pw=1.51  aucα=0.300  token_p=0.020  dropE=(0.020,0.080)  smooth=0.010  train_loss=0.2190  train_AUPR_all=0.7470  train_AUPR_ab=0.8010  train_AUPR_ag=0.6691  train_P@5_ab=0.9500  train_P@5_ag=1.0000  val_loss=0.3272  val_AUPR_all=0.6049  val_AUPR_ab=0.7593  val_AUPR_ag=0.4012  val_P@5_ab=0.9500  val_P@5_ag=1.0000  select=0.5802
Ep031  LR0=1.22e-04  pw=1.45  aucα=0.300  token_p=0.020  dropE=(0.020,0.080)  smooth=0.010  train_loss=0.2112  train_AUPR_all=0.7567  train_AUPR_ab=0.8087  train_AUPR_ag=0.6818  train_P@5_ab=1.0000  train_P@5_ag=1.0000  val_loss=0.3264  val_AUPR_all=0.6095  val_AUPR_ab=0.7650  val_AUPR_ag=0.3956  val_P@5_ab=1.0000  val_P@5_ag=1.0000  select=0.5803
Ep032  LR0=1.18e-04  pw=1.39  aucα=0.300  token_p=0.020  dropE=(0.020,0.080)  smooth=0.010  train_loss=0.2020  train_AUPR_all=0.7684  train_AUPR_ab=0.8219  train_AUPR_ag=0.6903  train_P@5_ab=1.0000  train_P@5_ag=1.0000  val_loss=0.3318  val_AUPR_all=0.6052  val_AUPR_ab=0.7684  val_AUPR_ag=0.3854  val_P@5_ab=1.0000  val_P@5_ag=0.8000  select=0.5769
Ep033  LR0=1.14e-04  pw=1.35  aucα=0.300  token_p=0.020  dropE=(0.020,0.080)  smooth=0.010  train_loss=0.1955  train_AUPR_all=0.7776  train_AUPR_ab=0.8269  train_AUPR_ag=0.7069  train_P@5_ab=1.0000  train_P@5_ag=0.9500  val_loss=0.3098  val_AUPR_all=0.6176  val_AUPR_ab=0.7649  val_AUPR_ag=0.4044  val_P@5_ab=0.9500  val_P@5_ag=0.9000  select=0.5846
Ep034  LR0=1.09e-04  pw=1.31  aucα=0.300  token_p=0.020  dropE=(0.020,0.080)  smooth=0.010  train_loss=0.1896  train_AUPR_all=0.7842  train_AUPR_ab=0.8311  train_AUPR_ag=0.7167  train_P@5_ab=1.0000  train_P@5_ag=1.0000  val_loss=0.3129  val_AUPR_all=0.6101  val_AUPR_ab=0.7692  val_AUPR_ag=0.3898  val_P@5_ab=1.0000  val_P@5_ag=0.9500  select=0.5795
Ep035  LR0=1.05e-04  pw=1.27  aucα=0.300  token_p=0.020  dropE=(0.020,0.080)  smooth=0.010  train_loss=0.1831  train_AUPR_all=0.7908  train_AUPR_ab=0.8394  train_AUPR_ag=0.7196  train_P@5_ab=1.0000  train_P@5_ag=1.0000  val_loss=0.3164  val_AUPR_all=0.6184  val_AUPR_ab=0.7691  val_AUPR_ag=0.4128  val_P@5_ab=1.0000  val_P@5_ag=0.8000  select=0.5909
  Saved checkpoint: checkpoints_old/iPara_balanced_l1_g6_i4_do0.10_dpr0.10_lr0.0002_heads16_fold4.pth  select=0.5909  val_ab=0.7691  val_ag=0.4128  val_all=0.6184
Ep036  LR0=1.00e-04  pw=1.24  aucα=0.300  token_p=0.020  dropE=(0.020,0.080)  smooth=0.010  train_loss=0.1792  train_AUPR_all=0.7952  train_AUPR_ab=0.8388  train_AUPR_ag=0.7325  train_P@5_ab=1.0000  train_P@5_ag=1.0000  val_loss=0.3268  val_AUPR_all=0.6063  val_AUPR_ab=0.7669  val_AUPR_ag=0.4066  val_P@5_ab=1.0000  val_P@5_ag=0.9500  select=0.5867
Ep037  LR0=9.58e-05  pw=1.21  aucα=0.300  token_p=0.020  dropE=(0.020,0.080)  smooth=0.010  train_loss=0.1717  train_AUPR_all=0.8084  train_AUPR_ab=0.8498  train_AUPR_ag=0.7489  train_P@5_ab=0.9500  train_P@5_ag=1.0000  val_loss=0.3324  val_AUPR_all=0.5975  val_AUPR_ab=0.7637  val_AUPR_ag=0.3993  val_P@5_ab=0.9500  val_P@5_ag=0.7500  select=0.5815
Ep038  LR0=9.13e-05  pw=1.19  aucα=0.300  token_p=0.020  dropE=(0.020,0.080)  smooth=0.010  train_loss=0.1668  train_AUPR_all=0.8147  train_AUPR_ab=0.8572  train_AUPR_ag=0.7533  train_P@5_ab=1.0000  train_P@5_ag=0.9500  val_loss=0.3177  val_AUPR_all=0.6120  val_AUPR_ab=0.7599  val_AUPR_ag=0.4106  val_P@5_ab=0.9500  val_P@5_ag=1.0000  select=0.5852
Ep039  LR0=8.69e-05  pw=1.16  aucα=0.300  token_p=0.020  dropE=(0.020,0.080)  smooth=0.010  train_loss=0.1638  train_AUPR_all=0.8169  train_AUPR_ab=0.8545  train_AUPR_ag=0.7631  train_P@5_ab=1.0000  train_P@5_ag=1.0000  val_loss=0.3346  val_AUPR_all=0.5913  val_AUPR_ab=0.7607  val_AUPR_ag=0.3941  val_P@5_ab=0.9000  val_P@5_ag=0.8500  select=0.5774
Ep040  LR0=8.24e-05  pw=1.15  aucα=0.300  token_p=0.020  dropE=(0.020,0.080)  smooth=0.010  train_loss=0.1612  train_AUPR_all=0.8212  train_AUPR_ab=0.8591  train_AUPR_ag=0.7670  train_P@5_ab=1.0000  train_P@5_ag=1.0000  val_loss=0.3166  val_AUPR_all=0.6087  val_AUPR_ab=0.7653  val_AUPR_ag=0.3932  val_P@5_ab=0.9000  val_P@5_ag=0.8500  select=0.5792
Ep041  LR0=7.81e-05  pw=1.13  aucα=0.300  token_p=0.020  dropE=(0.020,0.080)  smooth=0.010  train_loss=0.1540  train_AUPR_all=0.8314  train_AUPR_ab=0.8696  train_AUPR_ag=0.7763  train_P@5_ab=1.0000  train_P@5_ag=0.9500  val_loss=0.3308  val_AUPR_all=0.5998  val_AUPR_ab=0.7560  val_AUPR_ag=0.3936  val_P@5_ab=1.0000  val_P@5_ag=0.7500  select=0.5748
Ep042  LR0=7.37e-05  pw=1.11  aucα=0.300  token_p=0.020  dropE=(0.020,0.080)  smooth=0.010  train_loss=0.1502  train_AUPR_all=0.8371  train_AUPR_ab=0.8742  train_AUPR_ag=0.7831  train_P@5_ab=1.0000  train_P@5_ag=0.9500  val_loss=0.3196  val_AUPR_all=0.5982  val_AUPR_ab=0.7628  val_AUPR_ag=0.3846  val_P@5_ab=1.0000  val_P@5_ag=0.7500  select=0.5737
Ep043  LR0=6.94e-05  pw=1.10  aucα=0.300  token_p=0.020  dropE=(0.020,0.080)  smooth=0.010  train_loss=0.1465  train_AUPR_all=0.8442  train_AUPR_ab=0.8798  train_AUPR_ag=0.7929  train_P@5_ab=1.0000  train_P@5_ag=1.0000  val_loss=0.3178  val_AUPR_all=0.6075  val_AUPR_ab=0.7636  val_AUPR_ag=0.4162  val_P@5_ab=1.0000  val_P@5_ag=0.7500  select=0.5899
Ep044  LR0=6.52e-05  pw=1.09  aucα=0.300  token_p=0.020  dropE=(0.020,0.080)  smooth=0.010  train_loss=0.1436  train_AUPR_all=0.8469  train_AUPR_ab=0.8817  train_AUPR_ag=0.7964  train_P@5_ab=1.0000  train_P@5_ag=1.0000  val_loss=0.3245  val_AUPR_all=0.6053  val_AUPR_ab=0.7594  val_AUPR_ag=0.4016  val_P@5_ab=1.0000  val_P@5_ag=0.8000  select=0.5805
Ep045  LR0=6.10e-05  pw=1.08  aucα=0.300  token_p=0.020  dropE=(0.020,0.080)  smooth=0.010  train_loss=0.1424  train_AUPR_all=0.8498  train_AUPR_ab=0.8830  train_AUPR_ag=0.8021  train_P@5_ab=1.0000  train_P@5_ag=1.0000  val_loss=0.3188  val_AUPR_all=0.6061  val_AUPR_ab=0.7668  val_AUPR_ag=0.4017  val_P@5_ab=1.0000  val_P@5_ag=0.9000  select=0.5843
Ep046  LR0=5.70e-05  pw=1.07  aucα=0.300  token_p=0.020  dropE=(0.020,0.080)  smooth=0.010  train_loss=0.1387  train_AUPR_all=0.8551  train_AUPR_ab=0.8887  train_AUPR_ag=0.8061  train_P@5_ab=1.0000  train_P@5_ag=1.0000  val_loss=0.3202  val_AUPR_all=0.5993  val_AUPR_ab=0.7465  val_AUPR_ag=0.3962  val_P@5_ab=0.9500  val_P@5_ag=0.8500  select=0.5714
Ep047  LR0=5.30e-05  pw=1.06  aucα=0.300  token_p=0.020  dropE=(0.020,0.080)  smooth=0.010  train_loss=0.1369  train_AUPR_all=0.8577  train_AUPR_ab=0.8894  train_AUPR_ag=0.8122  train_P@5_ab=1.0000  train_P@5_ag=1.0000  val_loss=0.3199  val_AUPR_all=0.5960  val_AUPR_ab=0.7585  val_AUPR_ag=0.3919  val_P@5_ab=0.9500  val_P@5_ag=0.7500  select=0.5752
Ep048  LR0=4.91e-05  pw=1.05  aucα=0.300  token_p=0.020  dropE=(0.020,0.080)  smooth=0.010  train_loss=0.1314  train_AUPR_all=0.8667  train_AUPR_ab=0.8977  train_AUPR_ag=0.8219  train_P@5_ab=1.0000  train_P@5_ag=1.0000  val_loss=0.3254  val_AUPR_all=0.6057  val_AUPR_ab=0.7625  val_AUPR_ag=0.3915  val_P@5_ab=1.0000  val_P@5_ag=0.7500  select=0.5770
Ep049  LR0=4.53e-05  pw=1.05  aucα=0.300  token_p=0.020  dropE=(0.020,0.080)  smooth=0.010  train_loss=0.1264  train_AUPR_all=0.8752  train_AUPR_ab=0.9050  train_AUPR_ag=0.8317  train_P@5_ab=1.0000  train_P@5_ag=1.0000  val_loss=0.3193  val_AUPR_all=0.5970  val_AUPR_ab=0.7607  val_AUPR_ag=0.3908  val_P@5_ab=0.9500  val_P@5_ag=0.5500  select=0.5757
Ep050  LR0=4.16e-05  pw=1.04  aucα=0.300  token_p=0.020  dropE=(0.020,0.080)  smooth=0.010  train_loss=0.1233  train_AUPR_all=0.8798  train_AUPR_ab=0.9090  train_AUPR_ag=0.8375  train_P@5_ab=1.0000  train_P@5_ag=1.0000  val_loss=0.3209  val_AUPR_all=0.5979  val_AUPR_ab=0.7599  val_AUPR_ag=0.3959  val_P@5_ab=0.9500  val_P@5_ag=0.7000  select=0.5779
Ep051  LR0=3.81e-05  pw=1.04  aucα=0.300  token_p=0.020  dropE=(0.020,0.080)  smooth=0.010  train_loss=0.1266  train_AUPR_all=0.8735  train_AUPR_ab=0.9016  train_AUPR_ag=0.8330  train_P@5_ab=1.0000  train_P@5_ag=1.0000  val_loss=0.3268  val_AUPR_all=0.6019  val_AUPR_ab=0.7566  val_AUPR_ag=0.3956  val_P@5_ab=0.9000  val_P@5_ag=0.8500  select=0.5761
Ep052  LR0=3.46e-05  pw=1.03  aucα=0.300  token_p=0.020  dropE=(0.020,0.080)  smooth=0.010  train_loss=0.1216  train_AUPR_all=0.8819  train_AUPR_ab=0.9103  train_AUPR_ag=0.8405  train_P@5_ab=1.0000  train_P@5_ag=1.0000  val_loss=0.3212  val_AUPR_all=0.6037  val_AUPR_ab=0.7574  val_AUPR_ag=0.3955  val_P@5_ab=0.9000  val_P@5_ag=0.7500  select=0.5765
Ep053  LR0=3.13e-05  pw=1.03  aucα=0.300  token_p=0.020  dropE=(0.020,0.080)  smooth=0.010  train_loss=0.1168  train_AUPR_all=0.8902  train_AUPR_ab=0.9168  train_AUPR_ag=0.8511  train_P@5_ab=1.0000  train_P@5_ag=1.0000  val_loss=0.3246  val_AUPR_all=0.6006  val_AUPR_ab=0.7496  val_AUPR_ag=0.3942  val_P@5_ab=0.9000  val_P@5_ag=0.7000  select=0.5719
Ep054  LR0=2.82e-05  pw=1.03  aucα=0.300  token_p=0.020  dropE=(0.020,0.080)  smooth=0.010  train_loss=0.1162  train_AUPR_all=0.8892  train_AUPR_ab=0.9163  train_AUPR_ag=0.8491  train_P@5_ab=1.0000  train_P@5_ag=1.0000  val_loss=0.3224  val_AUPR_all=0.5931  val_AUPR_ab=0.7476  val_AUPR_ag=0.3913  val_P@5_ab=0.8500  val_P@5_ag=0.7500  select=0.5694
Ep055  LR0=2.51e-05  pw=1.02  aucα=0.300  token_p=0.020  dropE=(0.020,0.080)  smooth=0.010  train_loss=0.1169  train_AUPR_all=0.8876  train_AUPR_ab=0.9153  train_AUPR_ag=0.8467  train_P@5_ab=1.0000  train_P@5_ag=1.0000  val_loss=0.3290  val_AUPR_all=0.5951  val_AUPR_ab=0.7613  val_AUPR_ag=0.3826  val_P@5_ab=0.9500  val_P@5_ag=0.6000  select=0.5719
Early stopping at epoch 55. Best select=0.5909 at epoch 35.
Final saved checkpoint for fold 4: checkpoints_old/iPara_balanced_l1_g6_i4_do0.10_dpr0.10_lr0.0002_heads16_fold4.pth
Best select=0.5909 at epoch 35

==========================================================================================
Fold 5/5
==========================================================================================
Train labels: valid=399660, pos=26617, neg=373043, ignore=699540, pos_frac=0.06660
Val labels: valid=100532, pos=6613, neg=93919, ignore=173068, pos_frac=0.06578
Initializing ClassificationModel with 6 GAT layers and residual connections...
Initializing MCModel with 6 GAT layers and 4 row attention layers (drop_path_rate=0.1)
Initializing CoreModel with 1 layers, drop_path_rate=0.1
Ep001  LR0=2.00e-04  pw=20.00  aucα=0.000  token_p=0.020  dropE=(0.020,0.080)  smooth=0.010  train_loss=1.1589  train_AUPR_all=0.2564  train_AUPR_ab=0.3186  train_AUPR_ag=0.1790  train_P@5_ab=0.7000  train_P@5_ag=0.8000  val_loss=1.0415  val_AUPR_all=0.4074  val_AUPR_ab=0.5046  val_AUPR_ag=0.2303  val_P@5_ab=0.7000  val_P@5_ag=0.7500  select=0.3675
  Saved checkpoint: checkpoints_old/iPara_balanced_l1_g6_i4_do0.10_dpr0.10_lr0.0002_heads16_fold5.pth  select=0.3675  val_ab=0.5046  val_ag=0.2303  val_all=0.4074
Ep002  LR0=2.00e-04  pw=17.77  aucα=0.000  token_p=0.020  dropE=(0.020,0.080)  smooth=0.010  train_loss=0.7725  train_AUPR_all=0.4103  train_AUPR_ab=0.4897  train_AUPR_ag=0.2736  train_P@5_ab=0.5000  train_P@5_ag=0.9500  val_loss=0.9112  val_AUPR_all=0.4839  val_AUPR_ab=0.5972  val_AUPR_ag=0.3019  val_P@5_ab=0.8500  val_P@5_ag=1.0000  select=0.4496
  Saved checkpoint: checkpoints_old/iPara_balanced_l1_g6_i4_do0.10_dpr0.10_lr0.0002_heads16_fold5.pth  select=0.4496  val_ab=0.5972  val_ag=0.3019  val_all=0.4839
Ep003  LR0=2.00e-04  pw=15.80  aucα=0.000  token_p=0.020  dropE=(0.020,0.080)  smooth=0.010  train_loss=0.7070  train_AUPR_all=0.4415  train_AUPR_ab=0.5187  train_AUPR_ag=0.3026  train_P@5_ab=0.6000  train_P@5_ag=0.9000  val_loss=0.8582  val_AUPR_all=0.4962  val_AUPR_ab=0.6056  val_AUPR_ag=0.3150  val_P@5_ab=0.9500  val_P@5_ag=0.9500  select=0.4603
  Saved checkpoint: checkpoints_old/iPara_balanced_l1_g6_i4_do0.10_dpr0.10_lr0.0002_heads16_fold5.pth  select=0.4603  val_ab=0.6056  val_ag=0.3150  val_all=0.4962
Ep004  LR0=1.99e-04  pw=14.06  aucα=0.000  token_p=0.020  dropE=(0.020,0.080)  smooth=0.010  train_loss=0.6432  train_AUPR_all=0.4700  train_AUPR_ab=0.5466  train_AUPR_ag=0.3233  train_P@5_ab=0.6500  train_P@5_ag=0.9000  val_loss=0.7985  val_AUPR_all=0.5222  val_AUPR_ab=0.6336  val_AUPR_ag=0.3326  val_P@5_ab=0.6500  val_P@5_ag=0.9000  select=0.4831
  Saved checkpoint: checkpoints_old/iPara_balanced_l1_g6_i4_do0.10_dpr0.10_lr0.0002_heads16_fold5.pth  select=0.4831  val_ab=0.6336  val_ag=0.3326  val_all=0.5222
Ep005  LR0=1.98e-04  pw=12.52  aucα=0.000  token_p=0.020  dropE=(0.020,0.080)  smooth=0.010  train_loss=0.6045  train_AUPR_all=0.4837  train_AUPR_ab=0.5649  train_AUPR_ag=0.3307  train_P@5_ab=0.8000  train_P@5_ag=1.0000  val_loss=0.7748  val_AUPR_all=0.5394  val_AUPR_ab=0.6563  val_AUPR_ag=0.3397  val_P@5_ab=0.7000  val_P@5_ag=0.9500  select=0.4980
  Saved checkpoint: checkpoints_old/iPara_balanced_l1_g6_i4_do0.10_dpr0.10_lr0.0002_heads16_fold5.pth  select=0.4980  val_ab=0.6563  val_ag=0.3397  val_all=0.5394
Ep006  LR0=1.97e-04  pw=11.17  aucα=0.000  token_p=0.020  dropE=(0.020,0.080)  smooth=0.010  train_loss=0.5589  train_AUPR_all=0.5074  train_AUPR_ab=0.5930  train_AUPR_ag=0.3469  train_P@5_ab=0.8000  train_P@5_ag=0.8000  val_loss=0.7530  val_AUPR_all=0.5287  val_AUPR_ab=0.6746  val_AUPR_ag=0.3439  val_P@5_ab=1.0000  val_P@5_ag=0.9500  select=0.5092
  Saved checkpoint: checkpoints_old/iPara_balanced_l1_g6_i4_do0.10_dpr0.10_lr0.0002_heads16_fold5.pth  select=0.5092  val_ab=0.6746  val_ag=0.3439  val_all=0.5287
Ep007  LR0=1.96e-04  pw=9.97  aucα=0.000  token_p=0.020  dropE=(0.020,0.080)  smooth=0.010  train_loss=0.5242  train_AUPR_all=0.5166  train_AUPR_ab=0.6111  train_AUPR_ag=0.3533  train_P@5_ab=0.8000  train_P@5_ag=0.9500  val_loss=0.6859  val_AUPR_all=0.5570  val_AUPR_ab=0.6778  val_AUPR_ag=0.3626  val_P@5_ab=0.8000  val_P@5_ag=0.9500  select=0.5202
  Saved checkpoint: checkpoints_old/iPara_balanced_l1_g6_i4_do0.10_dpr0.10_lr0.0002_heads16_fold5.pth  select=0.5202  val_ab=0.6778  val_ag=0.3626  val_all=0.5570
Ep008  LR0=1.95e-04  pw=8.92  aucα=0.000  token_p=0.020  dropE=(0.020,0.080)  smooth=0.010  train_loss=0.4848  train_AUPR_all=0.5316  train_AUPR_ab=0.6196  train_AUPR_ag=0.3655  train_P@5_ab=0.9000  train_P@5_ag=0.9000  val_loss=0.6818  val_AUPR_all=0.5510  val_AUPR_ab=0.6787  val_AUPR_ag=0.3446  val_P@5_ab=0.9000  val_P@5_ag=0.8000  select=0.5116
Ep009  LR0=1.94e-04  pw=7.99  aucα=0.000  token_p=0.020  dropE=(0.020,0.080)  smooth=0.010  train_loss=0.4487  train_AUPR_all=0.5428  train_AUPR_ab=0.6385  train_AUPR_ag=0.3757  train_P@5_ab=0.9500  train_P@5_ag=0.8500  val_loss=0.6576  val_AUPR_all=0.5473  val_AUPR_ab=0.6903  val_AUPR_ag=0.3545  val_P@5_ab=0.9000  val_P@5_ag=0.9000  select=0.5224
  Saved checkpoint: checkpoints_old/iPara_balanced_l1_g6_i4_do0.10_dpr0.10_lr0.0002_heads16_fold5.pth  select=0.5224  val_ab=0.6903  val_ag=0.3545  val_all=0.5473
Ep010  LR0=1.92e-04  pw=7.17  aucα=0.030  token_p=0.020  dropE=(0.020,0.080)  smooth=0.010  train_loss=0.4405  train_AUPR_all=0.5462  train_AUPR_ab=0.6409  train_AUPR_ag=0.3790  train_P@5_ab=0.8000  train_P@5_ag=0.9000  val_loss=0.6189  val_AUPR_all=0.5649  val_AUPR_ab=0.7122  val_AUPR_ag=0.3570  val_P@5_ab=0.9500  val_P@5_ag=0.8000  select=0.5346
  Saved checkpoint: checkpoints_old/iPara_balanced_l1_g6_i4_do0.10_dpr0.10_lr0.0002_heads16_fold5.pth  select=0.5346  val_ab=0.7122  val_ag=0.3570  val_all=0.5649
Unfreezing DyM parameters.
Ep011  LR0=1.90e-04  pw=6.44  aucα=0.060  token_p=0.020  dropE=(0.020,0.080)  smooth=0.010  train_loss=0.4237  train_AUPR_all=0.5633  train_AUPR_ab=0.6594  train_AUPR_ag=0.3987  train_P@5_ab=0.9500  train_P@5_ag=1.0000  val_loss=0.5692  val_AUPR_all=0.5730  val_AUPR_ab=0.7186  val_AUPR_ag=0.3438  val_P@5_ab=0.9500  val_P@5_ag=0.9500  select=0.5312
Ep012  LR0=1.88e-04  pw=5.80  aucα=0.090  token_p=0.020  dropE=(0.020,0.080)  smooth=0.010  train_loss=0.4175  train_AUPR_all=0.5706  train_AUPR_ab=0.6706  train_AUPR_ag=0.3977  train_P@5_ab=0.9500  train_P@5_ag=0.8500  val_loss=0.5479  val_AUPR_all=0.5263  val_AUPR_ab=0.7157  val_AUPR_ag=0.3275  val_P@5_ab=1.0000  val_P@5_ag=0.8000  select=0.5216
Ep013  LR0=1.86e-04  pw=5.24  aucα=0.120  token_p=0.020  dropE=(0.020,0.080)  smooth=0.010  train_loss=0.4025  train_AUPR_all=0.5857  train_AUPR_ab=0.6854  train_AUPR_ag=0.4180  train_P@5_ab=0.8000  train_P@5_ag=0.9000  val_loss=0.5111  val_AUPR_all=0.5914  val_AUPR_ab=0.7360  val_AUPR_ag=0.3639  val_P@5_ab=1.0000  val_P@5_ag=0.9000  select=0.5499
  Saved checkpoint: checkpoints_old/iPara_balanced_l1_g6_i4_do0.10_dpr0.10_lr0.0002_heads16_fold5.pth  select=0.5499  val_ab=0.7360  val_ag=0.3639  val_all=0.5914
Ep014  LR0=1.83e-04  pw=4.74  aucα=0.150  token_p=0.020  dropE=(0.020,0.080)  smooth=0.010  train_loss=0.3939  train_AUPR_all=0.5917  train_AUPR_ab=0.6935  train_AUPR_ag=0.4228  train_P@5_ab=0.9000  train_P@5_ag=0.9000  val_loss=0.4818  val_AUPR_all=0.5980  val_AUPR_ab=0.7386  val_AUPR_ag=0.3722  val_P@5_ab=1.0000  val_P@5_ag=0.9000  select=0.5554
  Saved checkpoint: checkpoints_old/iPara_balanced_l1_g6_i4_do0.10_dpr0.10_lr0.0002_heads16_fold5.pth  select=0.5554  val_ab=0.7386  val_ag=0.3722  val_all=0.5980
Ep015  LR0=1.81e-04  pw=4.30  aucα=0.180  token_p=0.020  dropE=(0.020,0.080)  smooth=0.010  train_loss=0.3833  train_AUPR_all=0.6054  train_AUPR_ab=0.7086  train_AUPR_ag=0.4365  train_P@5_ab=0.9500  train_P@5_ag=0.9000  val_loss=0.4742  val_AUPR_all=0.5885  val_AUPR_ab=0.7408  val_AUPR_ag=0.3603  val_P@5_ab=1.0000  val_P@5_ag=0.6000  select=0.5505
Ep016  LR0=1.78e-04  pw=3.91  aucα=0.210  token_p=0.020  dropE=(0.020,0.080)  smooth=0.010  train_loss=0.3743  train_AUPR_all=0.6147  train_AUPR_ab=0.7103  train_AUPR_ag=0.4575  train_P@5_ab=1.0000  train_P@5_ag=1.0000  val_loss=0.4468  val_AUPR_all=0.6045  val_AUPR_ab=0.7457  val_AUPR_ag=0.3808  val_P@5_ab=1.0000  val_P@5_ag=0.8000  select=0.5632
  Saved checkpoint: checkpoints_old/iPara_balanced_l1_g6_i4_do0.10_dpr0.10_lr0.0002_heads16_fold5.pth  select=0.5632  val_ab=0.7457  val_ag=0.3808  val_all=0.6045
Ep017  LR0=1.75e-04  pw=3.57  aucα=0.240  token_p=0.020  dropE=(0.020,0.080)  smooth=0.010  train_loss=0.3696  train_AUPR_all=0.6244  train_AUPR_ab=0.7217  train_AUPR_ag=0.4645  train_P@5_ab=0.9500  train_P@5_ag=1.0000  val_loss=0.4273  val_AUPR_all=0.5953  val_AUPR_ab=0.7436  val_AUPR_ag=0.3667  val_P@5_ab=1.0000  val_P@5_ag=0.9000  select=0.5551
Ep018  LR0=1.72e-04  pw=3.27  aucα=0.270  token_p=0.020  dropE=(0.020,0.080)  smooth=0.010  train_loss=0.3630  train_AUPR_all=0.6282  train_AUPR_ab=0.7250  train_AUPR_ag=0.4695  train_P@5_ab=1.0000  train_P@5_ag=1.0000  val_loss=0.4279  val_AUPR_all=0.5986  val_AUPR_ab=0.7456  val_AUPR_ag=0.3619  val_P@5_ab=1.0000  val_P@5_ag=0.9000  select=0.5537
Ep019  LR0=1.69e-04  pw=3.00  aucα=0.300  token_p=0.020  dropE=(0.020,0.080)  smooth=0.010  train_loss=0.3598  train_AUPR_all=0.6371  train_AUPR_ab=0.7266  train_AUPR_ag=0.4956  train_P@5_ab=1.0000  train_P@5_ag=0.8500  val_loss=0.4040  val_AUPR_all=0.5997  val_AUPR_ab=0.7477  val_AUPR_ag=0.3707  val_P@5_ab=1.0000  val_P@5_ag=0.9500  select=0.5592
Ep020  LR0=1.66e-04  pw=2.77  aucα=0.300  token_p=0.020  dropE=(0.020,0.080)  smooth=0.010  train_loss=0.3402  train_AUPR_all=0.6524  train_AUPR_ab=0.7434  train_AUPR_ag=0.5060  train_P@5_ab=0.9500  train_P@5_ag=1.0000  val_loss=0.3860  val_AUPR_all=0.6132  val_AUPR_ab=0.7580  val_AUPR_ag=0.3856  val_P@5_ab=1.0000  val_P@5_ag=0.9500  select=0.5718
  Saved checkpoint: checkpoints_old/iPara_balanced_l1_g6_i4_do0.10_dpr0.10_lr0.0002_heads16_fold5.pth  select=0.5718  val_ab=0.7580  val_ag=0.3856  val_all=0.6132
Ep021  LR0=1.62e-04  pw=2.56  aucα=0.300  token_p=0.020  dropE=(0.020,0.080)  smooth=0.010  train_loss=0.3264  train_AUPR_all=0.6553  train_AUPR_ab=0.7394  train_AUPR_ag=0.5222  train_P@5_ab=1.0000  train_P@5_ag=1.0000  val_loss=0.3902  val_AUPR_all=0.5982  val_AUPR_ab=0.7521  val_AUPR_ag=0.3679  val_P@5_ab=1.0000  val_P@5_ag=0.7000  select=0.5600
Ep022  LR0=1.59e-04  pw=2.38  aucα=0.300  token_p=0.020  dropE=(0.020,0.080)  smooth=0.010  train_loss=0.3075  train_AUPR_all=0.6705  train_AUPR_ab=0.7555  train_AUPR_ag=0.5385  train_P@5_ab=1.0000  train_P@5_ag=0.8500  val_loss=0.3771  val_AUPR_all=0.6019  val_AUPR_ab=0.7553  val_AUPR_ag=0.3659  val_P@5_ab=1.0000  val_P@5_ag=0.9000  select=0.5606
Ep023  LR0=1.55e-04  pw=2.21  aucα=0.300  token_p=0.020  dropE=(0.020,0.080)  smooth=0.010  train_loss=0.2962  train_AUPR_all=0.6761  train_AUPR_ab=0.7589  train_AUPR_ag=0.5476  train_P@5_ab=1.0000  train_P@5_ag=0.9500  val_loss=0.3651  val_AUPR_all=0.6033  val_AUPR_ab=0.7433  val_AUPR_ag=0.3952  val_P@5_ab=1.0000  val_P@5_ag=0.9500  select=0.5693
Ep024  LR0=1.51e-04  pw=2.07  aucα=0.300  token_p=0.020  dropE=(0.020,0.080)  smooth=0.010  train_loss=0.2807  train_AUPR_all=0.6887  train_AUPR_ab=0.7648  train_AUPR_ag=0.5727  train_P@5_ab=1.0000  train_P@5_ag=1.0000  val_loss=0.3694  val_AUPR_all=0.6067  val_AUPR_ab=0.7569  val_AUPR_ag=0.3874  val_P@5_ab=1.0000  val_P@5_ag=0.9500  select=0.5721
  Saved checkpoint: checkpoints_old/iPara_balanced_l1_g6_i4_do0.10_dpr0.10_lr0.0002_heads16_fold5.pth  select=0.5721  val_ab=0.7569  val_ag=0.3874  val_all=0.6067
Ep025  LR0=1.48e-04  pw=1.95  aucα=0.300  token_p=0.020  dropE=(0.020,0.080)  smooth=0.010  train_loss=0.2681  train_AUPR_all=0.7017  train_AUPR_ab=0.7764  train_AUPR_ag=0.5888  train_P@5_ab=0.9000  train_P@5_ag=0.9500  val_loss=0.3602  val_AUPR_all=0.6046  val_AUPR_ab=0.7582  val_AUPR_ag=0.3879  val_P@5_ab=1.0000  val_P@5_ag=0.8500  select=0.5730
  Saved checkpoint: checkpoints_old/iPara_balanced_l1_g6_i4_do0.10_dpr0.10_lr0.0002_heads16_fold5.pth  select=0.5730  val_ab=0.7582  val_ag=0.3879  val_all=0.6046
Ep026  LR0=1.44e-04  pw=1.83  aucα=0.300  token_p=0.020  dropE=(0.020,0.080)  smooth=0.010  train_loss=0.2596  train_AUPR_all=0.7062  train_AUPR_ab=0.7785  train_AUPR_ag=0.5970  train_P@5_ab=1.0000  train_P@5_ag=0.9500  val_loss=0.3509  val_AUPR_all=0.6195  val_AUPR_ab=0.7711  val_AUPR_ag=0.3915  val_P@5_ab=1.0000  val_P@5_ag=0.9500  select=0.5813
  Saved checkpoint: checkpoints_old/iPara_balanced_l1_g6_i4_do0.10_dpr0.10_lr0.0002_heads16_fold5.pth  select=0.5813  val_ab=0.7711  val_ag=0.3915  val_all=0.6195
Ep027  LR0=1.39e-04  pw=1.74  aucα=0.300  token_p=0.020  dropE=(0.020,0.080)  smooth=0.010  train_loss=0.2448  train_AUPR_all=0.7232  train_AUPR_ab=0.7890  train_AUPR_ag=0.6247  train_P@5_ab=1.0000  train_P@5_ag=1.0000  val_loss=0.3515  val_AUPR_all=0.6008  val_AUPR_ab=0.7667  val_AUPR_ag=0.3872  val_P@5_ab=1.0000  val_P@5_ag=0.9500  select=0.5769
Ep028  LR0=1.35e-04  pw=1.65  aucα=0.300  token_p=0.020  dropE=(0.020,0.080)  smooth=0.010  train_loss=0.2414  train_AUPR_all=0.7204  train_AUPR_ab=0.7886  train_AUPR_ag=0.6188  train_P@5_ab=1.0000  train_P@5_ag=0.9000  val_loss=0.3432  val_AUPR_all=0.6076  val_AUPR_ab=0.7598  val_AUPR_ag=0.3818  val_P@5_ab=1.0000  val_P@5_ag=0.9500  select=0.5708
Ep029  LR0=1.31e-04  pw=1.57  aucα=0.300  token_p=0.020  dropE=(0.020,0.080)  smooth=0.010  train_loss=0.2269  train_AUPR_all=0.7392  train_AUPR_ab=0.7987  train_AUPR_ag=0.6513  train_P@5_ab=1.0000  train_P@5_ag=1.0000  val_loss=0.3520  val_AUPR_all=0.5916  val_AUPR_ab=0.7706  val_AUPR_ag=0.3623  val_P@5_ab=1.0000  val_P@5_ag=0.9500  select=0.5665
Ep030  LR0=1.27e-04  pw=1.51  aucα=0.300  token_p=0.020  dropE=(0.020,0.080)  smooth=0.010  train_loss=0.2180  train_AUPR_all=0.7516  train_AUPR_ab=0.8111  train_AUPR_ag=0.6639  train_P@5_ab=1.0000  train_P@5_ag=0.9500  val_loss=0.3154  val_AUPR_all=0.6164  val_AUPR_ab=0.7666  val_AUPR_ag=0.3869  val_P@5_ab=0.9500  val_P@5_ag=0.9500  select=0.5768
Ep031  LR0=1.22e-04  pw=1.45  aucα=0.300  token_p=0.020  dropE=(0.020,0.080)  smooth=0.010  train_loss=0.2142  train_AUPR_all=0.7509  train_AUPR_ab=0.8064  train_AUPR_ag=0.6699  train_P@5_ab=1.0000  train_P@5_ag=1.0000  val_loss=0.3223  val_AUPR_all=0.6119  val_AUPR_ab=0.7635  val_AUPR_ag=0.3921  val_P@5_ab=1.0000  val_P@5_ag=0.9500  select=0.5778
Ep032  LR0=1.18e-04  pw=1.39  aucα=0.300  token_p=0.020  dropE=(0.020,0.080)  smooth=0.010  train_loss=0.2007  train_AUPR_all=0.7712  train_AUPR_ab=0.8195  train_AUPR_ag=0.7018  train_P@5_ab=1.0000  train_P@5_ag=1.0000  val_loss=0.3345  val_AUPR_all=0.5989  val_AUPR_ab=0.7722  val_AUPR_ag=0.3647  val_P@5_ab=1.0000  val_P@5_ag=0.8500  select=0.5684
Ep033  LR0=1.14e-04  pw=1.35  aucα=0.300  token_p=0.020  dropE=(0.020,0.080)  smooth=0.010  train_loss=0.1994  train_AUPR_all=0.7695  train_AUPR_ab=0.8181  train_AUPR_ag=0.6994  train_P@5_ab=1.0000  train_P@5_ag=1.0000  val_loss=0.3210  val_AUPR_all=0.6011  val_AUPR_ab=0.7665  val_AUPR_ag=0.3726  val_P@5_ab=1.0000  val_P@5_ag=0.9000  select=0.5696
Ep034  LR0=1.09e-04  pw=1.31  aucα=0.300  token_p=0.020  dropE=(0.020,0.080)  smooth=0.010  train_loss=0.1919  train_AUPR_all=0.7774  train_AUPR_ab=0.8254  train_AUPR_ag=0.7079  train_P@5_ab=0.9500  train_P@5_ag=0.9000  val_loss=0.3154  val_AUPR_all=0.6078  val_AUPR_ab=0.7592  val_AUPR_ag=0.3941  val_P@5_ab=1.0000  val_P@5_ag=0.9000  select=0.5766
Ep035  LR0=1.05e-04  pw=1.27  aucα=0.300  token_p=0.020  dropE=(0.020,0.080)  smooth=0.010  train_loss=0.1857  train_AUPR_all=0.7862  train_AUPR_ab=0.8290  train_AUPR_ag=0.7255  train_P@5_ab=1.0000  train_P@5_ag=1.0000  val_loss=0.3277  val_AUPR_all=0.6100  val_AUPR_ab=0.7684  val_AUPR_ag=0.3909  val_P@5_ab=1.0000  val_P@5_ag=0.9500  select=0.5797
Ep036  LR0=1.00e-04  pw=1.24  aucα=0.300  token_p=0.020  dropE=(0.020,0.080)  smooth=0.010  train_loss=0.1758  train_AUPR_all=0.8028  train_AUPR_ab=0.8433  train_AUPR_ag=0.7452  train_P@5_ab=1.0000  train_P@5_ag=1.0000  val_loss=0.3197  val_AUPR_all=0.6051  val_AUPR_ab=0.7543  val_AUPR_ag=0.3878  val_P@5_ab=0.9500  val_P@5_ag=0.9500  select=0.5711
Ep037  LR0=9.58e-05  pw=1.21  aucα=0.300  token_p=0.020  dropE=(0.020,0.080)  smooth=0.010  train_loss=0.1715  train_AUPR_all=0.8074  train_AUPR_ab=0.8471  train_AUPR_ag=0.7510  train_P@5_ab=1.0000  train_P@5_ag=0.9000  val_loss=0.3167  val_AUPR_all=0.6025  val_AUPR_ab=0.7587  val_AUPR_ag=0.3755  val_P@5_ab=0.9500  val_P@5_ag=0.9500  select=0.5671
Ep038  LR0=9.13e-05  pw=1.19  aucα=0.300  token_p=0.020  dropE=(0.020,0.080)  smooth=0.010  train_loss=0.1694  train_AUPR_all=0.8089  train_AUPR_ab=0.8455  train_AUPR_ag=0.7573  train_P@5_ab=1.0000  train_P@5_ag=0.9500  val_loss=0.3278  val_AUPR_all=0.5807  val_AUPR_ab=0.7498  val_AUPR_ag=0.3535  val_P@5_ab=0.9000  val_P@5_ag=0.9000  select=0.5517
Ep039  LR0=8.69e-05  pw=1.16  aucα=0.300  token_p=0.020  dropE=(0.020,0.080)  smooth=0.010  train_loss=0.1625  train_AUPR_all=0.8213  train_AUPR_ab=0.8593  train_AUPR_ag=0.7670  train_P@5_ab=1.0000  train_P@5_ag=1.0000  val_loss=0.3264  val_AUPR_all=0.5925  val_AUPR_ab=0.7679  val_AUPR_ag=0.3640  val_P@5_ab=0.9000  val_P@5_ag=0.7500  select=0.5660
Ep040  LR0=8.24e-05  pw=1.15  aucα=0.300  token_p=0.020  dropE=(0.020,0.080)  smooth=0.010  train_loss=0.1583  train_AUPR_all=0.8261  train_AUPR_ab=0.8611  train_AUPR_ag=0.7763  train_P@5_ab=0.9500  train_P@5_ag=1.0000  val_loss=0.3186  val_AUPR_all=0.5933  val_AUPR_ab=0.7613  val_AUPR_ag=0.3643  val_P@5_ab=1.0000  val_P@5_ag=0.7500  select=0.5628
Ep041  LR0=7.81e-05  pw=1.13  aucα=0.300  token_p=0.020  dropE=(0.020,0.080)  smooth=0.010  train_loss=0.1580  train_AUPR_all=0.8247  train_AUPR_ab=0.8611  train_AUPR_ag=0.7724  train_P@5_ab=1.0000  train_P@5_ag=1.0000  val_loss=0.3192  val_AUPR_all=0.5867  val_AUPR_ab=0.7627  val_AUPR_ag=0.3663  val_P@5_ab=0.9500  val_P@5_ag=0.8000  select=0.5645
Ep042  LR0=7.37e-05  pw=1.11  aucα=0.300  token_p=0.020  dropE=(0.020,0.080)  smooth=0.010  train_loss=0.1512  train_AUPR_all=0.8368  train_AUPR_ab=0.8705  train_AUPR_ag=0.7890  train_P@5_ab=1.0000  train_P@5_ag=1.0000  val_loss=0.3235  val_AUPR_all=0.6020  val_AUPR_ab=0.7694  val_AUPR_ag=0.3694  val_P@5_ab=0.9500  val_P@5_ag=0.7500  select=0.5694
Ep043  LR0=6.94e-05  pw=1.10  aucα=0.300  token_p=0.020  dropE=(0.020,0.080)  smooth=0.010  train_loss=0.1450  train_AUPR_all=0.8460  train_AUPR_ab=0.8789  train_AUPR_ag=0.7992  train_P@5_ab=1.0000  train_P@5_ag=1.0000  val_loss=0.3209  val_AUPR_all=0.5931  val_AUPR_ab=0.7517  val_AUPR_ag=0.3626  val_P@5_ab=0.9000  val_P@5_ag=0.6000  select=0.5571
Ep044  LR0=6.52e-05  pw=1.09  aucα=0.300  token_p=0.020  dropE=(0.020,0.080)  smooth=0.010  train_loss=0.1404  train_AUPR_all=0.8539  train_AUPR_ab=0.8866  train_AUPR_ag=0.8069  train_P@5_ab=1.0000  train_P@5_ag=0.9000  val_loss=0.3266  val_AUPR_all=0.5783  val_AUPR_ab=0.7533  val_AUPR_ag=0.3585  val_P@5_ab=0.8500  val_P@5_ag=0.4000  select=0.5559
Ep045  LR0=6.10e-05  pw=1.08  aucα=0.300  token_p=0.020  dropE=(0.020,0.080)  smooth=0.010  train_loss=0.1408  train_AUPR_all=0.8520  train_AUPR_ab=0.8832  train_AUPR_ag=0.8076  train_P@5_ab=1.0000  train_P@5_ag=1.0000  val_loss=0.3181  val_AUPR_all=0.5912  val_AUPR_ab=0.7505  val_AUPR_ag=0.3764  val_P@5_ab=0.8500  val_P@5_ag=0.6500  select=0.5635
Ep046  LR0=5.70e-05  pw=1.07  aucα=0.300  token_p=0.020  dropE=(0.020,0.080)  smooth=0.010  train_loss=0.1340  train_AUPR_all=0.8628  train_AUPR_ab=0.8914  train_AUPR_ag=0.8220  train_P@5_ab=0.9500  train_P@5_ag=1.0000  val_loss=0.3229  val_AUPR_all=0.5742  val_AUPR_ab=0.7457  val_AUPR_ag=0.3613  val_P@5_ab=0.8000  val_P@5_ag=0.5000  select=0.5535
Early stopping at epoch 46. Best select=0.5813 at epoch 26.
Final saved checkpoint for fold 5: checkpoints_old/iPara_balanced_l1_g6_i4_do0.10_dpr0.10_lr0.0002_heads16_fold5.pth
Best select=0.5813 at epoch 26
