Device: cuda
Visible GPUs: 1
GPU 0: NVIDIA RTX PRO 6000 Blackwell Server Edition
Config:
  sequence_file: para_tv_esmsequences_1600.npz
  data_file: para_tv_esminterfaces_1600.npz
  edge_file: para_tv_esmedges_1600.npz
  seq_len: 1600
  vocab_size: 31
  num_classes: 2
  pad_id: 1
  eoc_id: 24
  embed_dim: 256
  num_heads: 16
  num_layers: 1
  num_gnn_layers: 6
  num_int_layers: 6
  dropout: 0.1
  drop_path_rate: 0.1
  batch_size: 4
  num_epochs: 80
  warmup_epochs: 10
  min_stop_epoch: 45
  early_stop: 20
  learning_rate: 0.0002
  weight_decay: 0.0001
  max_grad_norm: 0.5
  accum_steps: 1
  amp: True
  weight_start: 8.0
  weight_end: 1.0
  weight_anneal_tau: 10.0
  dropedge_min: 0.02
  dropedge_max: 0.08
  token_drop_p: 0.02
  smooth_lambda: 0.01
  aucpr_alpha: 0.3
  aucpr_ramp_start: 10
  aucpr_ramp_len: 10
  aucpr_bins: 64
  aucpr_temp: 0.05
  antibody_loss_weight: 1.0
  antigen_loss_weight: 1.0
  n_splits: 5
  num_workers: 0
  select_ab_weight: 0.5
  select_ag_weight: 0.5
Dataset size: 858

==========================================================================================
Fold 1/5
==========================================================================================
Train labels: valid=399467, pos=26433, neg=373034, ignore=698133, pos_frac=0.06617
Val labels: valid=100725, pos=6797, neg=93928, ignore=174475, pos_frac=0.06748
Initializing ClassificationModel with 6 GAT layers and residual connections...
Initializing MCModel with 6 GAT layers and 6 row attention layers (drop_path_rate=0.1)
Initializing CoreModel with 1 layers, drop_path_rate=0.1
Ep001  LR0=2.00e-04  pw=8.00  aucα=0.000  token_p=0.020  dropE=(0.020,0.080)  smooth=0.010  train_loss=0.7119  train_AUPR_all=0.2504  train_AUPR_ab=0.3188  train_AUPR_ag=0.1652  train_P@5_ab=0.6500  train_P@5_ag=0.7000  val_loss=0.8470  val_AUPR_all=0.4081  val_AUPR_ab=0.5188  val_AUPR_ag=0.2253  val_P@5_ab=0.5500  val_P@5_ag=1.0000  select=0.3721
  Saved checkpoint: checkpoints_post/iPara_balanced_l1_g6_i6_do0.10_dpr0.10_lr0.0002_heads16_fold1.pth  select=0.3721  val_ab=0.5188  val_ag=0.2253  val_all=0.4081
Ep002  LR0=2.00e-04  pw=7.33  aucα=0.000  token_p=0.020  dropE=(0.020,0.080)  smooth=0.010  train_loss=0.5485  train_AUPR_all=0.3869  train_AUPR_ab=0.4727  train_AUPR_ag=0.2492  train_P@5_ab=0.8000  train_P@5_ag=0.7500  val_loss=0.7470  val_AUPR_all=0.4386  val_AUPR_ab=0.5701  val_AUPR_ag=0.2325  val_P@5_ab=0.7500  val_P@5_ag=0.8500  select=0.4013
  Saved checkpoint: checkpoints_post/iPara_balanced_l1_g6_i6_do0.10_dpr0.10_lr0.0002_heads16_fold1.pth  select=0.4013  val_ab=0.5701  val_ag=0.2325  val_all=0.4386
Ep003  LR0=2.00e-04  pw=6.73  aucα=0.000  token_p=0.020  dropE=(0.020,0.080)  smooth=0.010  train_loss=0.4959  train_AUPR_all=0.4244  train_AUPR_ab=0.5101  train_AUPR_ag=0.2821  train_P@5_ab=0.7500  train_P@5_ag=0.8500  val_loss=0.8607  val_AUPR_all=0.4111  val_AUPR_ab=0.5461  val_AUPR_ag=0.2029  val_P@5_ab=0.8000  val_P@5_ag=0.6000  select=0.3745
Ep004  LR0=1.99e-04  pw=6.19  aucα=0.000  token_p=0.020  dropE=(0.020,0.080)  smooth=0.010  train_loss=0.4592  train_AUPR_all=0.4539  train_AUPR_ab=0.5372  train_AUPR_ag=0.3128  train_P@5_ab=0.9000  train_P@5_ag=0.8000  val_loss=0.7076  val_AUPR_all=0.4563  val_AUPR_ab=0.5964  val_AUPR_ag=0.2307  val_P@5_ab=0.6500  val_P@5_ag=1.0000  select=0.4136
  Saved checkpoint: checkpoints_post/iPara_balanced_l1_g6_i6_do0.10_dpr0.10_lr0.0002_heads16_fold1.pth  select=0.4136  val_ab=0.5964  val_ag=0.2307  val_all=0.4563
Ep005  LR0=1.99e-04  pw=5.69  aucα=0.000  token_p=0.020  dropE=(0.020,0.080)  smooth=0.010  train_loss=0.4272  train_AUPR_all=0.4766  train_AUPR_ab=0.5693  train_AUPR_ag=0.3209  train_P@5_ab=0.7000  train_P@5_ag=0.9500  val_loss=0.6230  val_AUPR_all=0.5082  val_AUPR_ab=0.6216  val_AUPR_ag=0.3347  val_P@5_ab=0.9000  val_P@5_ag=1.0000  select=0.4782
  Saved checkpoint: checkpoints_post/iPara_balanced_l1_g6_i6_do0.10_dpr0.10_lr0.0002_heads16_fold1.pth  select=0.4782  val_ab=0.6216  val_ag=0.3347  val_all=0.5082
Ep006  LR0=1.98e-04  pw=5.25  aucα=0.000  token_p=0.020  dropE=(0.020,0.080)  smooth=0.010  train_loss=0.3985  train_AUPR_all=0.4932  train_AUPR_ab=0.5902  train_AUPR_ag=0.3281  train_P@5_ab=0.9000  train_P@5_ag=1.0000  val_loss=0.7629  val_AUPR_all=0.4988  val_AUPR_ab=0.6480  val_AUPR_ag=0.2715  val_P@5_ab=1.0000  val_P@5_ag=1.0000  select=0.4598
Ep007  LR0=1.97e-04  pw=4.84  aucα=0.000  token_p=0.020  dropE=(0.020,0.080)  smooth=0.010  train_loss=0.3783  train_AUPR_all=0.5015  train_AUPR_ab=0.5956  train_AUPR_ag=0.3399  train_P@5_ab=0.9000  train_P@5_ag=1.0000  val_loss=0.5766  val_AUPR_all=0.5233  val_AUPR_ab=0.6354  val_AUPR_ag=0.3346  val_P@5_ab=0.9000  val_P@5_ag=1.0000  select=0.4850
  Saved checkpoint: checkpoints_post/iPara_balanced_l1_g6_i6_do0.10_dpr0.10_lr0.0002_heads16_fold1.pth  select=0.4850  val_ab=0.6354  val_ag=0.3346  val_all=0.5233
Ep008  LR0=1.96e-04  pw=4.48  aucα=0.000  token_p=0.020  dropE=(0.020,0.080)  smooth=0.010  train_loss=0.3553  train_AUPR_all=0.5217  train_AUPR_ab=0.6192  train_AUPR_ag=0.3573  train_P@5_ab=0.9000  train_P@5_ag=0.9500  val_loss=0.5637  val_AUPR_all=0.5215  val_AUPR_ab=0.6461  val_AUPR_ag=0.3237  val_P@5_ab=0.9500  val_P@5_ag=1.0000  select=0.4849
Ep009  LR0=1.95e-04  pw=4.15  aucα=0.000  token_p=0.020  dropE=(0.020,0.080)  smooth=0.010  train_loss=0.3361  train_AUPR_all=0.5271  train_AUPR_ab=0.6314  train_AUPR_ag=0.3569  train_P@5_ab=0.9500  train_P@5_ag=0.8500  val_loss=0.5062  val_AUPR_all=0.5427  val_AUPR_ab=0.6535  val_AUPR_ag=0.3482  val_P@5_ab=0.8000  val_P@5_ag=1.0000  select=0.5009
  Saved checkpoint: checkpoints_post/iPara_balanced_l1_g6_i6_do0.10_dpr0.10_lr0.0002_heads16_fold1.pth  select=0.5009  val_ab=0.6535  val_ag=0.3482  val_all=0.5427
Ep010  LR0=1.94e-04  pw=3.85  aucα=0.030  token_p=0.020  dropE=(0.020,0.080)  smooth=0.010  train_loss=0.3313  train_AUPR_all=0.5444  train_AUPR_ab=0.6434  train_AUPR_ag=0.3802  train_P@5_ab=0.9500  train_P@5_ag=0.9500  val_loss=0.6708  val_AUPR_all=0.5002  val_AUPR_ab=0.6511  val_AUPR_ag=0.2857  val_P@5_ab=0.9000  val_P@5_ag=1.0000  select=0.4684
Unfreezing DyM parameters.
Ep011  LR0=1.92e-04  pw=3.58  aucα=0.060  token_p=0.020  dropE=(0.020,0.080)  smooth=0.010  train_loss=0.3345  train_AUPR_all=0.5510  train_AUPR_ab=0.6575  train_AUPR_ag=0.3755  train_P@5_ab=0.8500  train_P@5_ag=0.9500  val_loss=0.4711  val_AUPR_all=0.5499  val_AUPR_ab=0.6794  val_AUPR_ag=0.3410  val_P@5_ab=0.9500  val_P@5_ag=1.0000  select=0.5102
  Saved checkpoint: checkpoints_post/iPara_balanced_l1_g6_i6_do0.10_dpr0.10_lr0.0002_heads16_fold1.pth  select=0.5102  val_ab=0.6794  val_ag=0.3410  val_all=0.5499
Ep012  LR0=1.91e-04  pw=3.33  aucα=0.090  token_p=0.020  dropE=(0.020,0.080)  smooth=0.010  train_loss=0.3316  train_AUPR_all=0.5555  train_AUPR_ab=0.6596  train_AUPR_ag=0.3873  train_P@5_ab=0.9500  train_P@5_ag=0.9500  val_loss=0.4627  val_AUPR_all=0.5494  val_AUPR_ab=0.6777  val_AUPR_ag=0.3402  val_P@5_ab=0.9000  val_P@5_ag=1.0000  select=0.5090
Ep013  LR0=1.89e-04  pw=3.11  aucα=0.120  token_p=0.020  dropE=(0.020,0.080)  smooth=0.010  train_loss=0.3312  train_AUPR_all=0.5636  train_AUPR_ab=0.6701  train_AUPR_ag=0.3907  train_P@5_ab=0.8500  train_P@5_ag=1.0000  val_loss=0.4415  val_AUPR_all=0.5600  val_AUPR_ab=0.6964  val_AUPR_ag=0.3524  val_P@5_ab=1.0000  val_P@5_ag=1.0000  select=0.5244
  Saved checkpoint: checkpoints_post/iPara_balanced_l1_g6_i6_do0.10_dpr0.10_lr0.0002_heads16_fold1.pth  select=0.5244  val_ab=0.6964  val_ag=0.3524  val_all=0.5600
Ep014  LR0=1.87e-04  pw=2.91  aucα=0.150  token_p=0.020  dropE=(0.020,0.080)  smooth=0.010  train_loss=0.3294  train_AUPR_all=0.5779  train_AUPR_ab=0.6840  train_AUPR_ag=0.4097  train_P@5_ab=0.9000  train_P@5_ag=1.0000  val_loss=0.4333  val_AUPR_all=0.5596  val_AUPR_ab=0.6862  val_AUPR_ag=0.3647  val_P@5_ab=0.9000  val_P@5_ag=1.0000  select=0.5254
  Saved checkpoint: checkpoints_post/iPara_balanced_l1_g6_i6_do0.10_dpr0.10_lr0.0002_heads16_fold1.pth  select=0.5254  val_ab=0.6862  val_ag=0.3647  val_all=0.5596
Ep015  LR0=1.85e-04  pw=2.73  aucα=0.180  token_p=0.020  dropE=(0.020,0.080)  smooth=0.010  train_loss=0.3301  train_AUPR_all=0.5840  train_AUPR_ab=0.6883  train_AUPR_ag=0.4172  train_P@5_ab=0.8500  train_P@5_ag=0.9500  val_loss=0.4644  val_AUPR_all=0.5350  val_AUPR_ab=0.6873  val_AUPR_ag=0.3152  val_P@5_ab=0.9500  val_P@5_ag=1.0000  select=0.5012
Ep016  LR0=1.83e-04  pw=2.56  aucα=0.210  token_p=0.020  dropE=(0.020,0.080)  smooth=0.010  train_loss=0.3341  train_AUPR_all=0.5918  train_AUPR_ab=0.6987  train_AUPR_ag=0.4210  train_P@5_ab=0.9500  train_P@5_ag=1.0000  val_loss=0.4340  val_AUPR_all=0.5230  val_AUPR_ab=0.6739  val_AUPR_ag=0.3239  val_P@5_ab=0.9000  val_P@5_ag=1.0000  select=0.4989
Ep017  LR0=1.81e-04  pw=2.41  aucα=0.240  token_p=0.020  dropE=(0.020,0.080)  smooth=0.010  train_loss=0.3321  train_AUPR_all=0.6019  train_AUPR_ab=0.7052  train_AUPR_ag=0.4403  train_P@5_ab=0.9500  train_P@5_ag=0.9000  val_loss=0.3858  val_AUPR_all=0.5708  val_AUPR_ab=0.7002  val_AUPR_ag=0.3760  val_P@5_ab=0.9500  val_P@5_ag=1.0000  select=0.5381
  Saved checkpoint: checkpoints_post/iPara_balanced_l1_g6_i6_do0.10_dpr0.10_lr0.0002_heads16_fold1.pth  select=0.5381  val_ab=0.7002  val_ag=0.3760  val_all=0.5708
Ep018  LR0=1.79e-04  pw=2.28  aucα=0.270  token_p=0.020  dropE=(0.020,0.080)  smooth=0.010  train_loss=0.3366  train_AUPR_all=0.6037  train_AUPR_ab=0.7080  train_AUPR_ag=0.4398  train_P@5_ab=0.8000  train_P@5_ag=0.8500  val_loss=0.3827  val_AUPR_all=0.5775  val_AUPR_ab=0.7103  val_AUPR_ag=0.3662  val_P@5_ab=0.8500  val_P@5_ag=1.0000  select=0.5383
  Saved checkpoint: checkpoints_post/iPara_balanced_l1_g6_i6_do0.10_dpr0.10_lr0.0002_heads16_fold1.pth  select=0.5383  val_ab=0.7103  val_ag=0.3662  val_all=0.5775
Ep019  LR0=1.76e-04  pw=2.16  aucα=0.300  token_p=0.020  dropE=(0.020,0.080)  smooth=0.010  train_loss=0.3372  train_AUPR_all=0.6170  train_AUPR_ab=0.7208  train_AUPR_ag=0.4571  train_P@5_ab=1.0000  train_P@5_ag=1.0000  val_loss=0.3916  val_AUPR_all=0.5614  val_AUPR_ab=0.7128  val_AUPR_ag=0.3430  val_P@5_ab=1.0000  val_P@5_ag=0.9500  select=0.5279
Ep020  LR0=1.73e-04  pw=2.05  aucα=0.300  token_p=0.020  dropE=(0.020,0.080)  smooth=0.010  train_loss=0.3263  train_AUPR_all=0.6215  train_AUPR_ab=0.7236  train_AUPR_ag=0.4624  train_P@5_ab=0.9500  train_P@5_ag=1.0000  val_loss=0.3695  val_AUPR_all=0.5848  val_AUPR_ab=0.7232  val_AUPR_ag=0.3674  val_P@5_ab=1.0000  val_P@5_ag=1.0000  select=0.5453
  Saved checkpoint: checkpoints_post/iPara_balanced_l1_g6_i6_do0.10_dpr0.10_lr0.0002_heads16_fold1.pth  select=0.5453  val_ab=0.7232  val_ag=0.3674  val_all=0.5848
Ep021  LR0=1.71e-04  pw=1.95  aucα=0.300  token_p=0.020  dropE=(0.020,0.080)  smooth=0.010  train_loss=0.3144  train_AUPR_all=0.6338  train_AUPR_ab=0.7351  train_AUPR_ag=0.4781  train_P@5_ab=1.0000  train_P@5_ag=1.0000  val_loss=0.4013  val_AUPR_all=0.5589  val_AUPR_ab=0.7055  val_AUPR_ag=0.3401  val_P@5_ab=0.9000  val_P@5_ag=1.0000  select=0.5228
Ep022  LR0=1.68e-04  pw=1.86  aucα=0.300  token_p=0.020  dropE=(0.020,0.080)  smooth=0.010  train_loss=0.3033  train_AUPR_all=0.6457  train_AUPR_ab=0.7482  train_AUPR_ag=0.4885  train_P@5_ab=0.9500  train_P@5_ag=1.0000  val_loss=0.3503  val_AUPR_all=0.5903  val_AUPR_ab=0.7254  val_AUPR_ag=0.3778  val_P@5_ab=1.0000  val_P@5_ag=1.0000  select=0.5516
  Saved checkpoint: checkpoints_post/iPara_balanced_l1_g6_i6_do0.10_dpr0.10_lr0.0002_heads16_fold1.pth  select=0.5516  val_ab=0.7254  val_ag=0.3778  val_all=0.5903
Ep023  LR0=1.65e-04  pw=1.78  aucα=0.300  token_p=0.020  dropE=(0.020,0.080)  smooth=0.010  train_loss=0.2983  train_AUPR_all=0.6480  train_AUPR_ab=0.7481  train_AUPR_ag=0.4951  train_P@5_ab=0.9500  train_P@5_ag=0.9000  val_loss=0.3665  val_AUPR_all=0.5719  val_AUPR_ab=0.7106  val_AUPR_ag=0.3685  val_P@5_ab=0.9000  val_P@5_ag=1.0000  select=0.5395
Ep024  LR0=1.62e-04  pw=1.70  aucα=0.300  token_p=0.020  dropE=(0.020,0.080)  smooth=0.010  train_loss=0.2847  train_AUPR_all=0.6616  train_AUPR_ab=0.7560  train_AUPR_ag=0.5190  train_P@5_ab=1.0000  train_P@5_ag=0.9500  val_loss=0.3420  val_AUPR_all=0.5818  val_AUPR_ab=0.7149  val_AUPR_ag=0.3788  val_P@5_ab=1.0000  val_P@5_ag=1.0000  select=0.5468
Ep025  LR0=1.59e-04  pw=1.64  aucα=0.300  token_p=0.020  dropE=(0.020,0.080)  smooth=0.010  train_loss=0.2760  train_AUPR_all=0.6700  train_AUPR_ab=0.7593  train_AUPR_ag=0.5356  train_P@5_ab=1.0000  train_P@5_ag=1.0000  val_loss=0.3409  val_AUPR_all=0.5879  val_AUPR_ab=0.7311  val_AUPR_ag=0.3791  val_P@5_ab=0.9500  val_P@5_ag=1.0000  select=0.5551
  Saved checkpoint: checkpoints_post/iPara_balanced_l1_g6_i6_do0.10_dpr0.10_lr0.0002_heads16_fold1.pth  select=0.5551  val_ab=0.7311  val_ag=0.3791  val_all=0.5879
Ep026  LR0=1.56e-04  pw=1.57  aucα=0.300  token_p=0.020  dropE=(0.020,0.080)  smooth=0.010  train_loss=0.2695  train_AUPR_all=0.6761  train_AUPR_ab=0.7656  train_AUPR_ag=0.5410  train_P@5_ab=1.0000  train_P@5_ag=1.0000  val_loss=0.3289  val_AUPR_all=0.5952  val_AUPR_ab=0.7348  val_AUPR_ag=0.3800  val_P@5_ab=1.0000  val_P@5_ag=1.0000  select=0.5574
  Saved checkpoint: checkpoints_post/iPara_balanced_l1_g6_i6_do0.10_dpr0.10_lr0.0002_heads16_fold1.pth  select=0.5574  val_ab=0.7348  val_ag=0.3800  val_all=0.5952
Ep027  LR0=1.52e-04  pw=1.52  aucα=0.300  token_p=0.020  dropE=(0.020,0.080)  smooth=0.010  train_loss=0.2564  train_AUPR_all=0.6940  train_AUPR_ab=0.7791  train_AUPR_ag=0.5670  train_P@5_ab=1.0000  train_P@5_ag=1.0000  val_loss=0.3350  val_AUPR_all=0.5839  val_AUPR_ab=0.7230  val_AUPR_ag=0.3810  val_P@5_ab=0.9000  val_P@5_ag=1.0000  select=0.5520
Ep028  LR0=1.49e-04  pw=1.47  aucα=0.300  token_p=0.020  dropE=(0.020,0.080)  smooth=0.010  train_loss=0.2512  train_AUPR_all=0.6952  train_AUPR_ab=0.7781  train_AUPR_ag=0.5700  train_P@5_ab=1.0000  train_P@5_ag=1.0000  val_loss=0.3386  val_AUPR_all=0.5855  val_AUPR_ab=0.7263  val_AUPR_ag=0.3856  val_P@5_ab=1.0000  val_P@5_ag=1.0000  select=0.5559
Ep029  LR0=1.46e-04  pw=1.43  aucα=0.300  token_p=0.020  dropE=(0.020,0.080)  smooth=0.010  train_loss=0.2417  train_AUPR_all=0.7084  train_AUPR_ab=0.7841  train_AUPR_ag=0.5966  train_P@5_ab=0.9500  train_P@5_ag=0.9000  val_loss=0.3257  val_AUPR_all=0.6009  val_AUPR_ab=0.7438  val_AUPR_ag=0.3973  val_P@5_ab=1.0000  val_P@5_ag=1.0000  select=0.5706
  Saved checkpoint: checkpoints_post/iPara_balanced_l1_g6_i6_do0.10_dpr0.10_lr0.0002_heads16_fold1.pth  select=0.5706  val_ab=0.7438  val_ag=0.3973  val_all=0.6009
Ep030  LR0=1.42e-04  pw=1.39  aucα=0.300  token_p=0.020  dropE=(0.020,0.080)  smooth=0.010  train_loss=0.2316  train_AUPR_all=0.7215  train_AUPR_ab=0.7929  train_AUPR_ag=0.6161  train_P@5_ab=1.0000  train_P@5_ag=0.9500  val_loss=0.3193  val_AUPR_all=0.5994  val_AUPR_ab=0.7402  val_AUPR_ag=0.3972  val_P@5_ab=1.0000  val_P@5_ag=1.0000  select=0.5687
Ep031  LR0=1.38e-04  pw=1.35  aucα=0.300  token_p=0.020  dropE=(0.020,0.080)  smooth=0.010  train_loss=0.2262  train_AUPR_all=0.7293  train_AUPR_ab=0.7972  train_AUPR_ag=0.6295  train_P@5_ab=0.9500  train_P@5_ag=1.0000  val_loss=0.3352  val_AUPR_all=0.5816  val_AUPR_ab=0.7310  val_AUPR_ag=0.3725  val_P@5_ab=0.9000  val_P@5_ag=0.9500  select=0.5518
Ep032  LR0=1.35e-04  pw=1.32  aucα=0.300  token_p=0.020  dropE=(0.020,0.080)  smooth=0.010  train_loss=0.2162  train_AUPR_all=0.7448  train_AUPR_ab=0.8120  train_AUPR_ag=0.6455  train_P@5_ab=1.0000  train_P@5_ag=1.0000  val_loss=0.3310  val_AUPR_all=0.5875  val_AUPR_ab=0.7489  val_AUPR_ag=0.3786  val_P@5_ab=0.9000  val_P@5_ag=1.0000  select=0.5637
Ep033  LR0=1.31e-04  pw=1.29  aucα=0.300  token_p=0.020  dropE=(0.020,0.080)  smooth=0.010  train_loss=0.2087  train_AUPR_all=0.7554  train_AUPR_ab=0.8180  train_AUPR_ag=0.6634  train_P@5_ab=1.0000  train_P@5_ag=1.0000  val_loss=0.3197  val_AUPR_all=0.5974  val_AUPR_ab=0.7376  val_AUPR_ag=0.3917  val_P@5_ab=0.8500  val_P@5_ag=1.0000  select=0.5646
Ep034  LR0=1.27e-04  pw=1.26  aucα=0.300  token_p=0.020  dropE=(0.020,0.080)  smooth=0.010  train_loss=0.2095  train_AUPR_all=0.7513  train_AUPR_ab=0.8124  train_AUPR_ag=0.6624  train_P@5_ab=1.0000  train_P@5_ag=0.9500  val_loss=0.3160  val_AUPR_all=0.5975  val_AUPR_ab=0.7367  val_AUPR_ag=0.3985  val_P@5_ab=1.0000  val_P@5_ag=1.0000  select=0.5676
Ep035  LR0=1.24e-04  pw=1.23  aucα=0.300  token_p=0.020  dropE=(0.020,0.080)  smooth=0.010  train_loss=0.2014  train_AUPR_all=0.7615  train_AUPR_ab=0.8197  train_AUPR_ag=0.6770  train_P@5_ab=1.0000  train_P@5_ag=0.9500  val_loss=0.3203  val_AUPR_all=0.5854  val_AUPR_ab=0.7472  val_AUPR_ag=0.3855  val_P@5_ab=0.9500  val_P@5_ag=1.0000  select=0.5663
Ep036  LR0=1.20e-04  pw=1.21  aucα=0.300  token_p=0.020  dropE=(0.020,0.080)  smooth=0.010  train_loss=0.1930  train_AUPR_all=0.7757  train_AUPR_ab=0.8300  train_AUPR_ag=0.6971  train_P@5_ab=1.0000  train_P@5_ag=0.9500  val_loss=0.3223  val_AUPR_all=0.5897  val_AUPR_ab=0.7508  val_AUPR_ag=0.3827  val_P@5_ab=0.9000  val_P@5_ag=0.9500  select=0.5668
Ep037  LR0=1.16e-04  pw=1.19  aucα=0.300  token_p=0.020  dropE=(0.020,0.080)  smooth=0.010  train_loss=0.1865  train_AUPR_all=0.7858  train_AUPR_ab=0.8382  train_AUPR_ag=0.7095  train_P@5_ab=1.0000  train_P@5_ag=1.0000  val_loss=0.3212  val_AUPR_all=0.6015  val_AUPR_ab=0.7474  val_AUPR_ag=0.3952  val_P@5_ab=0.9500  val_P@5_ag=1.0000  select=0.5713
  Saved checkpoint: checkpoints_post/iPara_balanced_l1_g6_i6_do0.10_dpr0.10_lr0.0002_heads16_fold1.pth  select=0.5713  val_ab=0.7474  val_ag=0.3952  val_all=0.6015
Ep038  LR0=1.12e-04  pw=1.17  aucα=0.300  token_p=0.020  dropE=(0.020,0.080)  smooth=0.010  train_loss=0.1790  train_AUPR_all=0.7956  train_AUPR_ab=0.8455  train_AUPR_ag=0.7223  train_P@5_ab=1.0000  train_P@5_ag=0.9500  val_loss=0.3261  val_AUPR_all=0.5851  val_AUPR_ab=0.7327  val_AUPR_ag=0.3880  val_P@5_ab=0.8500  val_P@5_ag=1.0000  select=0.5603
Ep039  LR0=1.08e-04  pw=1.16  aucα=0.300  token_p=0.020  dropE=(0.020,0.080)  smooth=0.010  train_loss=0.1782  train_AUPR_all=0.7979  train_AUPR_ab=0.8467  train_AUPR_ag=0.7268  train_P@5_ab=1.0000  train_P@5_ag=1.0000  val_loss=0.3194  val_AUPR_all=0.5919  val_AUPR_ab=0.7316  val_AUPR_ag=0.3996  val_P@5_ab=0.9000  val_P@5_ag=0.9500  select=0.5656
Ep040  LR0=1.04e-04  pw=1.14  aucα=0.300  token_p=0.020  dropE=(0.020,0.080)  smooth=0.010  train_loss=0.1706  train_AUPR_all=0.8088  train_AUPR_ab=0.8560  train_AUPR_ag=0.7396  train_P@5_ab=1.0000  train_P@5_ag=1.0000  val_loss=0.3305  val_AUPR_all=0.5827  val_AUPR_ab=0.7359  val_AUPR_ag=0.3779  val_P@5_ab=0.9500  val_P@5_ag=0.7000  select=0.5569
Ep041  LR0=1.00e-04  pw=1.13  aucα=0.300  token_p=0.020  dropE=(0.020,0.080)  smooth=0.010  train_loss=0.1652  train_AUPR_all=0.8157  train_AUPR_ab=0.8590  train_AUPR_ag=0.7523  train_P@5_ab=0.9500  train_P@5_ag=1.0000  val_loss=0.3341  val_AUPR_all=0.5773  val_AUPR_ab=0.7349  val_AUPR_ag=0.3668  val_P@5_ab=0.9500  val_P@5_ag=0.6000  select=0.5509
Ep042  LR0=9.63e-05  pw=1.12  aucα=0.300  token_p=0.020  dropE=(0.020,0.080)  smooth=0.010  train_loss=0.1614  train_AUPR_all=0.8227  train_AUPR_ab=0.8674  train_AUPR_ag=0.7566  train_P@5_ab=1.0000  train_P@5_ag=0.9500  val_loss=0.3314  val_AUPR_all=0.5952  val_AUPR_ab=0.7410  val_AUPR_ag=0.4003  val_P@5_ab=0.9000  val_P@5_ag=0.8500  select=0.5707
Ep043  LR0=9.24e-05  pw=1.10  aucα=0.300  token_p=0.020  dropE=(0.020,0.080)  smooth=0.010  train_loss=0.1536  train_AUPR_all=0.8353  train_AUPR_ab=0.8745  train_AUPR_ag=0.7781  train_P@5_ab=1.0000  train_P@5_ag=1.0000  val_loss=0.3231  val_AUPR_all=0.5842  val_AUPR_ab=0.7429  val_AUPR_ag=0.3813  val_P@5_ab=0.9000  val_P@5_ag=0.9000  select=0.5621
Ep044  LR0=8.85e-05  pw=1.09  aucα=0.300  token_p=0.020  dropE=(0.020,0.080)  smooth=0.010  train_loss=0.1578  train_AUPR_all=0.8266  train_AUPR_ab=0.8672  train_AUPR_ag=0.7677  train_P@5_ab=1.0000  train_P@5_ag=1.0000  val_loss=0.3259  val_AUPR_all=0.5863  val_AUPR_ab=0.7486  val_AUPR_ag=0.3802  val_P@5_ab=0.8500  val_P@5_ag=0.8000  select=0.5644
Ep045  LR0=8.46e-05  pw=1.09  aucα=0.300  token_p=0.020  dropE=(0.020,0.080)  smooth=0.010  train_loss=0.1481  train_AUPR_all=0.8442  train_AUPR_ab=0.8813  train_AUPR_ag=0.7905  train_P@5_ab=1.0000  train_P@5_ag=1.0000  val_loss=0.3222  val_AUPR_all=0.5908  val_AUPR_ab=0.7497  val_AUPR_ag=0.3836  val_P@5_ab=0.8500  val_P@5_ag=0.7000  select=0.5667
Ep046  LR0=8.08e-05  pw=1.08  aucα=0.300  token_p=0.020  dropE=(0.020,0.080)  smooth=0.010  train_loss=0.1455  train_AUPR_all=0.8466  train_AUPR_ab=0.8829  train_AUPR_ag=0.7941  train_P@5_ab=1.0000  train_P@5_ag=0.9500  val_loss=0.3284  val_AUPR_all=0.5803  val_AUPR_ab=0.7429  val_AUPR_ag=0.3813  val_P@5_ab=0.9000  val_P@5_ag=0.8000  select=0.5621
Ep047  LR0=7.70e-05  pw=1.07  aucα=0.300  token_p=0.020  dropE=(0.020,0.080)  smooth=0.010  train_loss=0.1413  train_AUPR_all=0.8557  train_AUPR_ab=0.8917  train_AUPR_ag=0.8034  train_P@5_ab=1.0000  train_P@5_ag=1.0000  val_loss=0.3218  val_AUPR_all=0.5812  val_AUPR_ab=0.7380  val_AUPR_ag=0.3757  val_P@5_ab=0.9500  val_P@5_ag=0.5500  select=0.5568
Ep048  LR0=7.32e-05  pw=1.06  aucα=0.300  token_p=0.020  dropE=(0.020,0.080)  smooth=0.010  train_loss=0.1391  train_AUPR_all=0.8576  train_AUPR_ab=0.8931  train_AUPR_ag=0.8055  train_P@5_ab=1.0000  train_P@5_ag=0.9500  val_loss=0.3299  val_AUPR_all=0.5746  val_AUPR_ab=0.7339  val_AUPR_ag=0.3638  val_P@5_ab=0.9000  val_P@5_ag=0.5500  select=0.5488
Ep049  LR0=6.94e-05  pw=1.06  aucα=0.300  token_p=0.020  dropE=(0.020,0.080)  smooth=0.010  train_loss=0.1363  train_AUPR_all=0.8624  train_AUPR_ab=0.8966  train_AUPR_ag=0.8117  train_P@5_ab=1.0000  train_P@5_ag=1.0000  val_loss=0.3266  val_AUPR_all=0.5684  val_AUPR_ab=0.7386  val_AUPR_ag=0.3691  val_P@5_ab=0.9000  val_P@5_ag=0.6000  select=0.5538
Ep050  LR0=6.57e-05  pw=1.05  aucα=0.300  token_p=0.020  dropE=(0.020,0.080)  smooth=0.010  train_loss=0.1312  train_AUPR_all=0.8703  train_AUPR_ab=0.9020  train_AUPR_ag=0.8236  train_P@5_ab=0.9500  train_P@5_ag=0.9500  val_loss=0.3291  val_AUPR_all=0.5828  val_AUPR_ab=0.7421  val_AUPR_ag=0.3831  val_P@5_ab=0.9500  val_P@5_ag=0.7500  select=0.5626
Ep051  LR0=6.21e-05  pw=1.05  aucα=0.300  token_p=0.020  dropE=(0.020,0.080)  smooth=0.010  train_loss=0.1348  train_AUPR_all=0.8641  train_AUPR_ab=0.8988  train_AUPR_ag=0.8120  train_P@5_ab=1.0000  train_P@5_ag=1.0000  val_loss=0.3208  val_AUPR_all=0.5901  val_AUPR_ab=0.7416  val_AUPR_ag=0.3875  val_P@5_ab=0.9500  val_P@5_ag=0.6000  select=0.5645
Ep052  LR0=5.85e-05  pw=1.04  aucα=0.300  token_p=0.020  dropE=(0.020,0.080)  smooth=0.010  train_loss=0.1277  train_AUPR_all=0.8764  train_AUPR_ab=0.9084  train_AUPR_ag=0.8291  train_P@5_ab=1.0000  train_P@5_ag=1.0000  val_loss=0.3310  val_AUPR_all=0.5907  val_AUPR_ab=0.7439  val_AUPR_ag=0.3889  val_P@5_ab=0.9000  val_P@5_ag=0.5000  select=0.5664
Ep053  LR0=5.50e-05  pw=1.04  aucα=0.300  token_p=0.020  dropE=(0.020,0.080)  smooth=0.010  train_loss=0.1281  train_AUPR_all=0.8754  train_AUPR_ab=0.9073  train_AUPR_ag=0.8279  train_P@5_ab=0.9500  train_P@5_ag=1.0000  val_loss=0.3328  val_AUPR_all=0.5830  val_AUPR_ab=0.7379  val_AUPR_ag=0.3834  val_P@5_ab=0.9000  val_P@5_ag=0.6500  select=0.5606
Ep054  LR0=5.15e-05  pw=1.03  aucα=0.300  token_p=0.020  dropE=(0.020,0.080)  smooth=0.010  train_loss=0.1248  train_AUPR_all=0.8797  train_AUPR_ab=0.9105  train_AUPR_ag=0.8340  train_P@5_ab=1.0000  train_P@5_ag=1.0000  val_loss=0.3363  val_AUPR_all=0.5793  val_AUPR_ab=0.7298  val_AUPR_ag=0.3899  val_P@5_ab=0.8000  val_P@5_ag=0.6000  select=0.5599
Ep055  LR0=4.81e-05  pw=1.03  aucα=0.300  token_p=0.020  dropE=(0.020,0.080)  smooth=0.010  train_loss=0.1205  train_AUPR_all=0.8875  train_AUPR_ab=0.9180  train_AUPR_ag=0.8420  train_P@5_ab=1.0000  train_P@5_ag=1.0000  val_loss=0.3282  val_AUPR_all=0.5813  val_AUPR_ab=0.7379  val_AUPR_ag=0.3809  val_P@5_ab=0.8500  val_P@5_ag=0.4500  select=0.5594
Ep056  LR0=4.48e-05  pw=1.03  aucα=0.300  token_p=0.020  dropE=(0.020,0.080)  smooth=0.010  train_loss=0.1216  train_AUPR_all=0.8857  train_AUPR_ab=0.9160  train_AUPR_ag=0.8408  train_P@5_ab=1.0000  train_P@5_ag=1.0000  val_loss=0.3348  val_AUPR_all=0.5757  val_AUPR_ab=0.7301  val_AUPR_ag=0.3710  val_P@5_ab=0.8000  val_P@5_ag=0.5000  select=0.5506
Ep057  LR0=4.16e-05  pw=1.03  aucα=0.300  token_p=0.020  dropE=(0.020,0.080)  smooth=0.010  train_loss=0.1123  train_AUPR_all=0.8999  train_AUPR_ab=0.9286  train_AUPR_ag=0.8558  train_P@5_ab=0.9500  train_P@5_ag=1.0000  val_loss=0.3429  val_AUPR_all=0.5752  val_AUPR_ab=0.7367  val_AUPR_ag=0.3618  val_P@5_ab=0.9000  val_P@5_ag=0.5000  select=0.5492
Early stopping at epoch 57. Best select=0.5713 at epoch 37.
Final saved checkpoint for fold 1: checkpoints_post/iPara_balanced_l1_g6_i6_do0.10_dpr0.10_lr0.0002_heads16_fold1.pth
Best select=0.5713 at epoch 37

==========================================================================================
Fold 2/5
==========================================================================================
Train labels: valid=400834, pos=26650, neg=374184, ignore=696766, pos_frac=0.06649
Val labels: valid=99358, pos=6580, neg=92778, ignore=175842, pos_frac=0.06623
Initializing ClassificationModel with 6 GAT layers and residual connections...
Initializing MCModel with 6 GAT layers and 6 row attention layers (drop_path_rate=0.1)
Initializing CoreModel with 1 layers, drop_path_rate=0.1
Ep001  LR0=2.00e-04  pw=8.00  aucα=0.000  token_p=0.020  dropE=(0.020,0.080)  smooth=0.010  train_loss=0.8652  train_AUPR_all=0.1664  train_AUPR_ab=0.1820  train_AUPR_ag=0.1497  train_P@5_ab=0.6500  train_P@5_ag=0.4500  val_loss=0.9559  val_AUPR_all=0.3158  val_AUPR_ab=0.4225  val_AUPR_ag=0.1546  val_P@5_ab=0.6000  val_P@5_ag=0.6500  select=0.2886
  Saved checkpoint: checkpoints_post/iPara_balanced_l1_g6_i6_do0.10_dpr0.10_lr0.0002_heads16_fold2.pth  select=0.2886  val_ab=0.4225  val_ag=0.1546  val_all=0.3158
Ep002  LR0=2.00e-04  pw=7.33  aucα=0.000  token_p=0.020  dropE=(0.020,0.080)  smooth=0.010  train_loss=0.5820  train_AUPR_all=0.3558  train_AUPR_ab=0.4474  train_AUPR_ag=0.2187  train_P@5_ab=0.4000  train_P@5_ag=0.9000  val_loss=0.7809  val_AUPR_all=0.4092  val_AUPR_ab=0.5388  val_AUPR_ag=0.1919  val_P@5_ab=0.8000  val_P@5_ag=0.3500  select=0.3654
  Saved checkpoint: checkpoints_post/iPara_balanced_l1_g6_i6_do0.10_dpr0.10_lr0.0002_heads16_fold2.pth  select=0.3654  val_ab=0.5388  val_ag=0.1919  val_all=0.4092
Ep003  LR0=2.00e-04  pw=6.73  aucα=0.000  token_p=0.020  dropE=(0.020,0.080)  smooth=0.010  train_loss=0.5109  train_AUPR_all=0.4052  train_AUPR_ab=0.5014  train_AUPR_ag=0.2523  train_P@5_ab=0.6500  train_P@5_ag=0.7000  val_loss=0.7605  val_AUPR_all=0.4502  val_AUPR_ab=0.5767  val_AUPR_ag=0.2411  val_P@5_ab=0.6500  val_P@5_ag=0.6500  select=0.4089
  Saved checkpoint: checkpoints_post/iPara_balanced_l1_g6_i6_do0.10_dpr0.10_lr0.0002_heads16_fold2.pth  select=0.4089  val_ab=0.5767  val_ag=0.2411  val_all=0.4502
Ep004  LR0=1.99e-04  pw=6.19  aucα=0.000  token_p=0.020  dropE=(0.020,0.080)  smooth=0.010  train_loss=0.4628  train_AUPR_all=0.4355  train_AUPR_ab=0.5353  train_AUPR_ag=0.2738  train_P@5_ab=0.8500  train_P@5_ag=0.5000  val_loss=0.7514  val_AUPR_all=0.4467  val_AUPR_ab=0.5940  val_AUPR_ag=0.1988  val_P@5_ab=0.9000  val_P@5_ag=0.7000  select=0.3964
Ep005  LR0=1.99e-04  pw=5.69  aucα=0.000  token_p=0.020  dropE=(0.020,0.080)  smooth=0.010  train_loss=0.4282  train_AUPR_all=0.4661  train_AUPR_ab=0.5609  train_AUPR_ag=0.3101  train_P@5_ab=0.7000  train_P@5_ag=1.0000  val_loss=0.6705  val_AUPR_all=0.4660  val_AUPR_ab=0.5932  val_AUPR_ag=0.2526  val_P@5_ab=1.0000  val_P@5_ag=0.7000  select=0.4229
  Saved checkpoint: checkpoints_post/iPara_balanced_l1_g6_i6_do0.10_dpr0.10_lr0.0002_heads16_fold2.pth  select=0.4229  val_ab=0.5932  val_ag=0.2526  val_all=0.4660
Ep006  LR0=1.98e-04  pw=5.25  aucα=0.000  token_p=0.020  dropE=(0.020,0.080)  smooth=0.010  train_loss=0.4043  train_AUPR_all=0.4847  train_AUPR_ab=0.5868  train_AUPR_ag=0.3202  train_P@5_ab=0.7500  train_P@5_ag=0.9000  val_loss=0.7256  val_AUPR_all=0.4834  val_AUPR_ab=0.6324  val_AUPR_ag=0.2559  val_P@5_ab=0.7500  val_P@5_ag=1.0000  select=0.4441
  Saved checkpoint: checkpoints_post/iPara_balanced_l1_g6_i6_do0.10_dpr0.10_lr0.0002_heads16_fold2.pth  select=0.4441  val_ab=0.6324  val_ag=0.2559  val_all=0.4834
Ep007  LR0=1.97e-04  pw=4.84  aucα=0.000  token_p=0.020  dropE=(0.020,0.080)  smooth=0.010  train_loss=0.3800  train_AUPR_all=0.4999  train_AUPR_ab=0.6098  train_AUPR_ag=0.3242  train_P@5_ab=0.7500  train_P@5_ag=0.8000  val_loss=0.6192  val_AUPR_all=0.5100  val_AUPR_ab=0.6387  val_AUPR_ag=0.3038  val_P@5_ab=0.8500  val_P@5_ag=0.8000  select=0.4712
  Saved checkpoint: checkpoints_post/iPara_balanced_l1_g6_i6_do0.10_dpr0.10_lr0.0002_heads16_fold2.pth  select=0.4712  val_ab=0.6387  val_ag=0.3038  val_all=0.5100
Ep008  LR0=1.96e-04  pw=4.48  aucα=0.000  token_p=0.020  dropE=(0.020,0.080)  smooth=0.010  train_loss=0.3589  train_AUPR_all=0.5038  train_AUPR_ab=0.6122  train_AUPR_ag=0.3299  train_P@5_ab=0.8000  train_P@5_ag=0.8500  val_loss=0.5726  val_AUPR_all=0.5138  val_AUPR_ab=0.6376  val_AUPR_ag=0.3206  val_P@5_ab=0.7000  val_P@5_ag=0.9500  select=0.4791
  Saved checkpoint: checkpoints_post/iPara_balanced_l1_g6_i6_do0.10_dpr0.10_lr0.0002_heads16_fold2.pth  select=0.4791  val_ab=0.6376  val_ag=0.3206  val_all=0.5138
Ep009  LR0=1.95e-04  pw=4.15  aucα=0.000  token_p=0.020  dropE=(0.020,0.080)  smooth=0.010  train_loss=0.3383  train_AUPR_all=0.5199  train_AUPR_ab=0.6224  train_AUPR_ag=0.3530  train_P@5_ab=0.9000  train_P@5_ag=1.0000  val_loss=0.5201  val_AUPR_all=0.5376  val_AUPR_ab=0.6534  val_AUPR_ag=0.3382  val_P@5_ab=0.9000  val_P@5_ag=0.9500  select=0.4958
  Saved checkpoint: checkpoints_post/iPara_balanced_l1_g6_i6_do0.10_dpr0.10_lr0.0002_heads16_fold2.pth  select=0.4958  val_ab=0.6534  val_ag=0.3382  val_all=0.5376
Ep010  LR0=1.94e-04  pw=3.85  aucα=0.030  token_p=0.020  dropE=(0.020,0.080)  smooth=0.010  train_loss=0.3354  train_AUPR_all=0.5332  train_AUPR_ab=0.6429  train_AUPR_ag=0.3554  train_P@5_ab=0.6500  train_P@5_ag=0.8500  val_loss=0.5307  val_AUPR_all=0.5322  val_AUPR_ab=0.6571  val_AUPR_ag=0.3135  val_P@5_ab=1.0000  val_P@5_ag=1.0000  select=0.4853
Unfreezing DyM parameters.
Ep011  LR0=1.92e-04  pw=3.58  aucα=0.060  token_p=0.020  dropE=(0.020,0.080)  smooth=0.010  train_loss=0.3337  train_AUPR_all=0.5466  train_AUPR_ab=0.6537  train_AUPR_ag=0.3720  train_P@5_ab=0.8000  train_P@5_ag=0.9500  val_loss=0.5468  val_AUPR_all=0.5204  val_AUPR_ab=0.6542  val_AUPR_ag=0.3242  val_P@5_ab=0.8500  val_P@5_ag=1.0000  select=0.4892
Ep012  LR0=1.91e-04  pw=3.33  aucα=0.090  token_p=0.020  dropE=(0.020,0.080)  smooth=0.010  train_loss=0.3346  train_AUPR_all=0.5546  train_AUPR_ab=0.6651  train_AUPR_ag=0.3747  train_P@5_ab=0.9000  train_P@5_ag=0.9500  val_loss=0.4551  val_AUPR_all=0.5588  val_AUPR_ab=0.6757  val_AUPR_ag=0.3714  val_P@5_ab=0.9500  val_P@5_ag=0.9500  select=0.5236
  Saved checkpoint: checkpoints_post/iPara_balanced_l1_g6_i6_do0.10_dpr0.10_lr0.0002_heads16_fold2.pth  select=0.5236  val_ab=0.6757  val_ag=0.3714  val_all=0.5588
Ep013  LR0=1.89e-04  pw=3.11  aucα=0.120  token_p=0.020  dropE=(0.020,0.080)  smooth=0.010  train_loss=0.3369  train_AUPR_all=0.5581  train_AUPR_ab=0.6676  train_AUPR_ag=0.3833  train_P@5_ab=1.0000  train_P@5_ag=0.8500  val_loss=0.4298  val_AUPR_all=0.5569  val_AUPR_ab=0.6674  val_AUPR_ag=0.3574  val_P@5_ab=0.9000  val_P@5_ag=0.9000  select=0.5124
Ep014  LR0=1.87e-04  pw=2.91  aucα=0.150  token_p=0.020  dropE=(0.020,0.080)  smooth=0.010  train_loss=0.3370  train_AUPR_all=0.5664  train_AUPR_ab=0.6769  train_AUPR_ag=0.3895  train_P@5_ab=0.9000  train_P@5_ag=1.0000  val_loss=0.4180  val_AUPR_all=0.5793  val_AUPR_ab=0.6891  val_AUPR_ag=0.3873  val_P@5_ab=0.9000  val_P@5_ag=0.9000  select=0.5382
  Saved checkpoint: checkpoints_post/iPara_balanced_l1_g6_i6_do0.10_dpr0.10_lr0.0002_heads16_fold2.pth  select=0.5382  val_ab=0.6891  val_ag=0.3873  val_all=0.5793
Ep015  LR0=1.85e-04  pw=2.73  aucα=0.180  token_p=0.020  dropE=(0.020,0.080)  smooth=0.010  train_loss=0.3350  train_AUPR_all=0.5788  train_AUPR_ab=0.6888  train_AUPR_ag=0.4041  train_P@5_ab=0.9500  train_P@5_ag=0.9000  val_loss=0.4191  val_AUPR_all=0.5637  val_AUPR_ab=0.6935  val_AUPR_ag=0.3604  val_P@5_ab=0.8500  val_P@5_ag=0.8500  select=0.5270
Ep016  LR0=1.83e-04  pw=2.56  aucα=0.210  token_p=0.020  dropE=(0.020,0.080)  smooth=0.010  train_loss=0.3393  train_AUPR_all=0.5863  train_AUPR_ab=0.6995  train_AUPR_ag=0.4081  train_P@5_ab=1.0000  train_P@5_ag=0.9500  val_loss=0.4088  val_AUPR_all=0.5491  val_AUPR_ab=0.6622  val_AUPR_ag=0.3447  val_P@5_ab=0.7500  val_P@5_ag=0.9000  select=0.5034
Ep017  LR0=1.81e-04  pw=2.41  aucα=0.240  token_p=0.020  dropE=(0.020,0.080)  smooth=0.010  train_loss=0.3437  train_AUPR_all=0.5829  train_AUPR_ab=0.6925  train_AUPR_ag=0.4114  train_P@5_ab=1.0000  train_P@5_ag=0.9000  val_loss=0.3868  val_AUPR_all=0.5763  val_AUPR_ab=0.6873  val_AUPR_ag=0.3941  val_P@5_ab=0.8500  val_P@5_ag=0.9500  select=0.5407
  Saved checkpoint: checkpoints_post/iPara_balanced_l1_g6_i6_do0.10_dpr0.10_lr0.0002_heads16_fold2.pth  select=0.5407  val_ab=0.6873  val_ag=0.3941  val_all=0.5763
Ep018  LR0=1.79e-04  pw=2.28  aucα=0.270  token_p=0.020  dropE=(0.020,0.080)  smooth=0.010  train_loss=0.3441  train_AUPR_all=0.5943  train_AUPR_ab=0.7048  train_AUPR_ag=0.4214  train_P@5_ab=0.9500  train_P@5_ag=0.8000  val_loss=0.3920  val_AUPR_all=0.5627  val_AUPR_ab=0.6923  val_AUPR_ag=0.3522  val_P@5_ab=1.0000  val_P@5_ag=0.9500  select=0.5223
Ep019  LR0=1.76e-04  pw=2.16  aucα=0.300  token_p=0.020  dropE=(0.020,0.080)  smooth=0.010  train_loss=0.3489  train_AUPR_all=0.5991  train_AUPR_ab=0.7074  train_AUPR_ag=0.4311  train_P@5_ab=0.9500  train_P@5_ag=1.0000  val_loss=0.3626  val_AUPR_all=0.5843  val_AUPR_ab=0.7116  val_AUPR_ag=0.3625  val_P@5_ab=0.9000  val_P@5_ag=0.8500  select=0.5371
Ep020  LR0=1.73e-04  pw=2.05  aucα=0.300  token_p=0.020  dropE=(0.020,0.080)  smooth=0.010  train_loss=0.3378  train_AUPR_all=0.6074  train_AUPR_ab=0.7159  train_AUPR_ag=0.4402  train_P@5_ab=0.9500  train_P@5_ag=0.8000  val_loss=0.3643  val_AUPR_all=0.5851  val_AUPR_ab=0.7166  val_AUPR_ag=0.3726  val_P@5_ab=1.0000  val_P@5_ag=0.8000  select=0.5446
  Saved checkpoint: checkpoints_post/iPara_balanced_l1_g6_i6_do0.10_dpr0.10_lr0.0002_heads16_fold2.pth  select=0.5446  val_ab=0.7166  val_ag=0.3726  val_all=0.5851
Ep021  LR0=1.71e-04  pw=1.95  aucα=0.300  token_p=0.020  dropE=(0.020,0.080)  smooth=0.010  train_loss=0.3230  train_AUPR_all=0.6219  train_AUPR_ab=0.7295  train_AUPR_ag=0.4556  train_P@5_ab=0.9500  train_P@5_ag=0.9500  val_loss=0.3552  val_AUPR_all=0.5822  val_AUPR_ab=0.7097  val_AUPR_ag=0.3942  val_P@5_ab=1.0000  val_P@5_ag=0.9500  select=0.5519
  Saved checkpoint: checkpoints_post/iPara_balanced_l1_g6_i6_do0.10_dpr0.10_lr0.0002_heads16_fold2.pth  select=0.5519  val_ab=0.7097  val_ag=0.3942  val_all=0.5822
Ep022  LR0=1.68e-04  pw=1.86  aucα=0.300  token_p=0.020  dropE=(0.020,0.080)  smooth=0.010  train_loss=0.3122  train_AUPR_all=0.6339  train_AUPR_ab=0.7365  train_AUPR_ag=0.4784  train_P@5_ab=0.9500  train_P@5_ag=0.9000  val_loss=0.3491  val_AUPR_all=0.5816  val_AUPR_ab=0.7065  val_AUPR_ag=0.3929  val_P@5_ab=0.9000  val_P@5_ag=0.9500  select=0.5497
Ep023  LR0=1.65e-04  pw=1.78  aucα=0.300  token_p=0.020  dropE=(0.020,0.080)  smooth=0.010  train_loss=0.3007  train_AUPR_all=0.6417  train_AUPR_ab=0.7475  train_AUPR_ag=0.4809  train_P@5_ab=0.9500  train_P@5_ag=0.9000  val_loss=0.3412  val_AUPR_all=0.5835  val_AUPR_ab=0.7217  val_AUPR_ag=0.3934  val_P@5_ab=0.9500  val_P@5_ag=0.8000  select=0.5576
  Saved checkpoint: checkpoints_post/iPara_balanced_l1_g6_i6_do0.10_dpr0.10_lr0.0002_heads16_fold2.pth  select=0.5576  val_ab=0.7217  val_ag=0.3934  val_all=0.5835
Ep024  LR0=1.62e-04  pw=1.70  aucα=0.300  token_p=0.020  dropE=(0.020,0.080)  smooth=0.010  train_loss=0.2958  train_AUPR_all=0.6420  train_AUPR_ab=0.7413  train_AUPR_ag=0.4907  train_P@5_ab=0.9500  train_P@5_ag=0.9500  val_loss=0.3484  val_AUPR_all=0.5724  val_AUPR_ab=0.7061  val_AUPR_ag=0.3593  val_P@5_ab=1.0000  val_P@5_ag=0.8000  select=0.5327
Ep025  LR0=1.59e-04  pw=1.64  aucα=0.300  token_p=0.020  dropE=(0.020,0.080)  smooth=0.010  train_loss=0.2839  train_AUPR_all=0.6580  train_AUPR_ab=0.7520  train_AUPR_ag=0.5168  train_P@5_ab=1.0000  train_P@5_ag=1.0000  val_loss=0.3324  val_AUPR_all=0.5827  val_AUPR_ab=0.7055  val_AUPR_ag=0.3931  val_P@5_ab=1.0000  val_P@5_ag=0.8500  select=0.5493
Ep026  LR0=1.56e-04  pw=1.57  aucα=0.300  token_p=0.020  dropE=(0.020,0.080)  smooth=0.010  train_loss=0.2731  train_AUPR_all=0.6673  train_AUPR_ab=0.7569  train_AUPR_ag=0.5322  train_P@5_ab=1.0000  train_P@5_ag=0.9500  val_loss=0.3290  val_AUPR_all=0.5890  val_AUPR_ab=0.7188  val_AUPR_ag=0.3854  val_P@5_ab=0.9500  val_P@5_ag=0.9500  select=0.5521
Ep027  LR0=1.52e-04  pw=1.52  aucα=0.300  token_p=0.020  dropE=(0.020,0.080)  smooth=0.010  train_loss=0.2641  train_AUPR_all=0.6820  train_AUPR_ab=0.7726  train_AUPR_ag=0.5463  train_P@5_ab=0.9500  train_P@5_ag=1.0000  val_loss=0.3197  val_AUPR_all=0.5989  val_AUPR_ab=0.7305  val_AUPR_ag=0.3913  val_P@5_ab=1.0000  val_P@5_ag=0.9000  select=0.5609
  Saved checkpoint: checkpoints_post/iPara_balanced_l1_g6_i6_do0.10_dpr0.10_lr0.0002_heads16_fold2.pth  select=0.5609  val_ab=0.7305  val_ag=0.3913  val_all=0.5989
Ep028  LR0=1.49e-04  pw=1.47  aucα=0.300  token_p=0.020  dropE=(0.020,0.080)  smooth=0.010  train_loss=0.2568  train_AUPR_all=0.6857  train_AUPR_ab=0.7743  train_AUPR_ag=0.5539  train_P@5_ab=1.0000  train_P@5_ag=0.9500  val_loss=0.3207  val_AUPR_all=0.5981  val_AUPR_ab=0.7213  val_AUPR_ag=0.4068  val_P@5_ab=0.9500  val_P@5_ag=1.0000  select=0.5640
  Saved checkpoint: checkpoints_post/iPara_balanced_l1_g6_i6_do0.10_dpr0.10_lr0.0002_heads16_fold2.pth  select=0.5640  val_ab=0.7213  val_ag=0.4068  val_all=0.5981
Ep029  LR0=1.46e-04  pw=1.43  aucα=0.300  token_p=0.020  dropE=(0.020,0.080)  smooth=0.010  train_loss=0.2503  train_AUPR_all=0.6935  train_AUPR_ab=0.7749  train_AUPR_ag=0.5736  train_P@5_ab=1.0000  train_P@5_ag=1.0000  val_loss=0.3045  val_AUPR_all=0.6094  val_AUPR_ab=0.7214  val_AUPR_ag=0.4279  val_P@5_ab=0.9500  val_P@5_ag=0.9000  select=0.5747
  Saved checkpoint: checkpoints_post/iPara_balanced_l1_g6_i6_do0.10_dpr0.10_lr0.0002_heads16_fold2.pth  select=0.5747  val_ab=0.7214  val_ag=0.4279  val_all=0.6094
Ep030  LR0=1.42e-04  pw=1.39  aucα=0.300  token_p=0.020  dropE=(0.020,0.080)  smooth=0.010  train_loss=0.2443  train_AUPR_all=0.7013  train_AUPR_ab=0.7806  train_AUPR_ag=0.5838  train_P@5_ab=1.0000  train_P@5_ag=1.0000  val_loss=0.3273  val_AUPR_all=0.5908  val_AUPR_ab=0.7199  val_AUPR_ag=0.4052  val_P@5_ab=1.0000  val_P@5_ag=1.0000  select=0.5625
Ep031  LR0=1.38e-04  pw=1.35  aucα=0.300  token_p=0.020  dropE=(0.020,0.080)  smooth=0.010  train_loss=0.2360  train_AUPR_all=0.7139  train_AUPR_ab=0.7915  train_AUPR_ag=0.6002  train_P@5_ab=1.0000  train_P@5_ag=1.0000  val_loss=0.3258  val_AUPR_all=0.5872  val_AUPR_ab=0.7203  val_AUPR_ag=0.4143  val_P@5_ab=0.9500  val_P@5_ag=1.0000  select=0.5673
Ep032  LR0=1.35e-04  pw=1.32  aucα=0.300  token_p=0.020  dropE=(0.020,0.080)  smooth=0.010  train_loss=0.2307  train_AUPR_all=0.7174  train_AUPR_ab=0.7909  train_AUPR_ag=0.6094  train_P@5_ab=1.0000  train_P@5_ag=1.0000  val_loss=0.3178  val_AUPR_all=0.6018  val_AUPR_ab=0.7284  val_AUPR_ag=0.4047  val_P@5_ab=1.0000  val_P@5_ag=1.0000  select=0.5665
Ep033  LR0=1.31e-04  pw=1.29  aucα=0.300  token_p=0.020  dropE=(0.020,0.080)  smooth=0.010  train_loss=0.2190  train_AUPR_all=0.7361  train_AUPR_ab=0.8057  train_AUPR_ag=0.6345  train_P@5_ab=1.0000  train_P@5_ag=1.0000  val_loss=0.3185  val_AUPR_all=0.5973  val_AUPR_ab=0.7264  val_AUPR_ag=0.4231  val_P@5_ab=1.0000  val_P@5_ag=1.0000  select=0.5747
Ep034  LR0=1.27e-04  pw=1.26  aucα=0.300  token_p=0.020  dropE=(0.020,0.080)  smooth=0.010  train_loss=0.2126  train_AUPR_all=0.7455  train_AUPR_ab=0.8117  train_AUPR_ag=0.6491  train_P@5_ab=1.0000  train_P@5_ag=1.0000  val_loss=0.3074  val_AUPR_all=0.6090  val_AUPR_ab=0.7375  val_AUPR_ag=0.4251  val_P@5_ab=0.9000  val_P@5_ag=0.9500  select=0.5813
  Saved checkpoint: checkpoints_post/iPara_balanced_l1_g6_i6_do0.10_dpr0.10_lr0.0002_heads16_fold2.pth  select=0.5813  val_ab=0.7375  val_ag=0.4251  val_all=0.6090
Ep035  LR0=1.24e-04  pw=1.23  aucα=0.300  token_p=0.020  dropE=(0.020,0.080)  smooth=0.010  train_loss=0.2101  train_AUPR_all=0.7466  train_AUPR_ab=0.8123  train_AUPR_ag=0.6504  train_P@5_ab=1.0000  train_P@5_ag=1.0000  val_loss=0.3042  val_AUPR_all=0.6152  val_AUPR_ab=0.7426  val_AUPR_ag=0.4274  val_P@5_ab=1.0000  val_P@5_ag=1.0000  select=0.5850
  Saved checkpoint: checkpoints_post/iPara_balanced_l1_g6_i6_do0.10_dpr0.10_lr0.0002_heads16_fold2.pth  select=0.5850  val_ab=0.7426  val_ag=0.4274  val_all=0.6152
Ep036  LR0=1.20e-04  pw=1.21  aucα=0.300  token_p=0.020  dropE=(0.020,0.080)  smooth=0.010  train_loss=0.2051  train_AUPR_all=0.7541  train_AUPR_ab=0.8169  train_AUPR_ag=0.6626  train_P@5_ab=1.0000  train_P@5_ag=1.0000  val_loss=0.3197  val_AUPR_all=0.5941  val_AUPR_ab=0.7220  val_AUPR_ag=0.4054  val_P@5_ab=0.9000  val_P@5_ag=0.9000  select=0.5637
Ep037  LR0=1.16e-04  pw=1.19  aucα=0.300  token_p=0.020  dropE=(0.020,0.080)  smooth=0.010  train_loss=0.1958  train_AUPR_all=0.7688  train_AUPR_ab=0.8250  train_AUPR_ag=0.6878  train_P@5_ab=1.0000  train_P@5_ag=0.9000  val_loss=0.3031  val_AUPR_all=0.6140  val_AUPR_ab=0.7401  val_AUPR_ag=0.4252  val_P@5_ab=1.0000  val_P@5_ag=1.0000  select=0.5827
Ep038  LR0=1.12e-04  pw=1.17  aucα=0.300  token_p=0.020  dropE=(0.020,0.080)  smooth=0.010  train_loss=0.1935  train_AUPR_all=0.7703  train_AUPR_ab=0.8282  train_AUPR_ag=0.6867  train_P@5_ab=1.0000  train_P@5_ag=1.0000  val_loss=0.3082  val_AUPR_all=0.5993  val_AUPR_ab=0.7321  val_AUPR_ag=0.4263  val_P@5_ab=1.0000  val_P@5_ag=1.0000  select=0.5792
Ep039  LR0=1.08e-04  pw=1.16  aucα=0.300  token_p=0.020  dropE=(0.020,0.080)  smooth=0.010  train_loss=0.1851  train_AUPR_all=0.7866  train_AUPR_ab=0.8384  train_AUPR_ag=0.7121  train_P@5_ab=1.0000  train_P@5_ag=1.0000  val_loss=0.3164  val_AUPR_all=0.5894  val_AUPR_ab=0.7269  val_AUPR_ag=0.3952  val_P@5_ab=1.0000  val_P@5_ag=0.9500  select=0.5611
Ep040  LR0=1.04e-04  pw=1.14  aucα=0.300  token_p=0.020  dropE=(0.020,0.080)  smooth=0.010  train_loss=0.1827  train_AUPR_all=0.7887  train_AUPR_ab=0.8434  train_AUPR_ag=0.7092  train_P@5_ab=1.0000  train_P@5_ag=1.0000  val_loss=0.3093  val_AUPR_all=0.6012  val_AUPR_ab=0.7274  val_AUPR_ag=0.4144  val_P@5_ab=1.0000  val_P@5_ag=0.8500  select=0.5709
Ep041  LR0=1.00e-04  pw=1.13  aucα=0.300  token_p=0.020  dropE=(0.020,0.080)  smooth=0.010  train_loss=0.1784  train_AUPR_all=0.7947  train_AUPR_ab=0.8473  train_AUPR_ag=0.7191  train_P@5_ab=1.0000  train_P@5_ag=1.0000  val_loss=0.3147  val_AUPR_all=0.5912  val_AUPR_ab=0.7288  val_AUPR_ag=0.4012  val_P@5_ab=0.9500  val_P@5_ag=0.8000  select=0.5650
Ep042  LR0=9.63e-05  pw=1.12  aucα=0.300  token_p=0.020  dropE=(0.020,0.080)  smooth=0.010  train_loss=0.1695  train_AUPR_all=0.8090  train_AUPR_ab=0.8555  train_AUPR_ag=0.7421  train_P@5_ab=1.0000  train_P@5_ag=1.0000  val_loss=0.3108  val_AUPR_all=0.5881  val_AUPR_ab=0.7208  val_AUPR_ag=0.3985  val_P@5_ab=0.9500  val_P@5_ag=0.9000  select=0.5596
Ep043  LR0=9.24e-05  pw=1.10  aucα=0.300  token_p=0.020  dropE=(0.020,0.080)  smooth=0.010  train_loss=0.1648  train_AUPR_all=0.8174  train_AUPR_ab=0.8609  train_AUPR_ag=0.7553  train_P@5_ab=1.0000  train_P@5_ag=1.0000  val_loss=0.3164  val_AUPR_all=0.5903  val_AUPR_ab=0.7243  val_AUPR_ag=0.3999  val_P@5_ab=1.0000  val_P@5_ag=1.0000  select=0.5621
Ep044  LR0=8.85e-05  pw=1.09  aucα=0.300  token_p=0.020  dropE=(0.020,0.080)  smooth=0.010  train_loss=0.1598  train_AUPR_all=0.8247  train_AUPR_ab=0.8666  train_AUPR_ag=0.7649  train_P@5_ab=1.0000  train_P@5_ag=1.0000  val_loss=0.3147  val_AUPR_all=0.6022  val_AUPR_ab=0.7422  val_AUPR_ag=0.4138  val_P@5_ab=1.0000  val_P@5_ag=0.9500  select=0.5780
Ep045  LR0=8.46e-05  pw=1.09  aucα=0.300  token_p=0.020  dropE=(0.020,0.080)  smooth=0.010  train_loss=0.1619  train_AUPR_all=0.8220  train_AUPR_ab=0.8690  train_AUPR_ag=0.7538  train_P@5_ab=1.0000  train_P@5_ag=1.0000  val_loss=0.3095  val_AUPR_all=0.5931  val_AUPR_ab=0.7236  val_AUPR_ag=0.4128  val_P@5_ab=0.9000  val_P@5_ag=0.7500  select=0.5682
Ep046  LR0=8.08e-05  pw=1.08  aucα=0.300  token_p=0.020  dropE=(0.020,0.080)  smooth=0.010  train_loss=0.1556  train_AUPR_all=0.8316  train_AUPR_ab=0.8742  train_AUPR_ag=0.7701  train_P@5_ab=1.0000  train_P@5_ag=1.0000  val_loss=0.3063  val_AUPR_all=0.5992  val_AUPR_ab=0.7295  val_AUPR_ag=0.4087  val_P@5_ab=0.9000  val_P@5_ag=0.9500  select=0.5691
Ep047  LR0=7.70e-05  pw=1.07  aucα=0.300  token_p=0.020  dropE=(0.020,0.080)  smooth=0.010  train_loss=0.1526  train_AUPR_all=0.8358  train_AUPR_ab=0.8780  train_AUPR_ag=0.7745  train_P@5_ab=1.0000  train_P@5_ag=1.0000  val_loss=0.3204  val_AUPR_all=0.5939  val_AUPR_ab=0.7363  val_AUPR_ag=0.4053  val_P@5_ab=0.9500  val_P@5_ag=0.9000  select=0.5708
Ep048  LR0=7.32e-05  pw=1.06  aucα=0.300  token_p=0.020  dropE=(0.020,0.080)  smooth=0.010  train_loss=0.1533  train_AUPR_all=0.8342  train_AUPR_ab=0.8742  train_AUPR_ag=0.7767  train_P@5_ab=0.9500  train_P@5_ag=1.0000  val_loss=0.3194  val_AUPR_all=0.5913  val_AUPR_ab=0.7302  val_AUPR_ag=0.4022  val_P@5_ab=0.9000  val_P@5_ag=0.8000  select=0.5662
Ep049  LR0=6.94e-05  pw=1.06  aucα=0.300  token_p=0.020  dropE=(0.020,0.080)  smooth=0.010  train_loss=0.1435  train_AUPR_all=0.8499  train_AUPR_ab=0.8886  train_AUPR_ag=0.7932  train_P@5_ab=1.0000  train_P@5_ag=1.0000  val_loss=0.3129  val_AUPR_all=0.5950  val_AUPR_ab=0.7324  val_AUPR_ag=0.4096  val_P@5_ab=0.9500  val_P@5_ag=0.9000  select=0.5710
Ep050  LR0=6.57e-05  pw=1.05  aucα=0.300  token_p=0.020  dropE=(0.020,0.080)  smooth=0.010  train_loss=0.1433  train_AUPR_all=0.8515  train_AUPR_ab=0.8901  train_AUPR_ag=0.7950  train_P@5_ab=1.0000  train_P@5_ag=1.0000  val_loss=0.3223  val_AUPR_all=0.5864  val_AUPR_ab=0.7233  val_AUPR_ag=0.4098  val_P@5_ab=0.9500  val_P@5_ag=0.7500  select=0.5665
Ep051  LR0=6.21e-05  pw=1.05  aucα=0.300  token_p=0.020  dropE=(0.020,0.080)  smooth=0.010  train_loss=0.1424  train_AUPR_all=0.8515  train_AUPR_ab=0.8903  train_AUPR_ag=0.7949  train_P@5_ab=1.0000  train_P@5_ag=1.0000  val_loss=0.3195  val_AUPR_all=0.5954  val_AUPR_ab=0.7317  val_AUPR_ag=0.4025  val_P@5_ab=1.0000  val_P@5_ag=0.6500  select=0.5671
Ep052  LR0=5.85e-05  pw=1.04  aucα=0.300  token_p=0.020  dropE=(0.020,0.080)  smooth=0.010  train_loss=0.1353  train_AUPR_all=0.8630  train_AUPR_ab=0.8995  train_AUPR_ag=0.8094  train_P@5_ab=1.0000  train_P@5_ag=1.0000  val_loss=0.3137  val_AUPR_all=0.6068  val_AUPR_ab=0.7386  val_AUPR_ag=0.4167  val_P@5_ab=0.9000  val_P@5_ag=0.8500  select=0.5776
Ep053  LR0=5.50e-05  pw=1.04  aucα=0.300  token_p=0.020  dropE=(0.020,0.080)  smooth=0.010  train_loss=0.1320  train_AUPR_all=0.8695  train_AUPR_ab=0.9031  train_AUPR_ag=0.8205  train_P@5_ab=1.0000  train_P@5_ag=1.0000  val_loss=0.3273  val_AUPR_all=0.5931  val_AUPR_ab=0.7356  val_AUPR_ag=0.3909  val_P@5_ab=0.9500  val_P@5_ag=0.6500  select=0.5633
Ep054  LR0=5.15e-05  pw=1.03  aucα=0.300  token_p=0.020  dropE=(0.020,0.080)  smooth=0.010  train_loss=0.1339  train_AUPR_all=0.8655  train_AUPR_ab=0.9017  train_AUPR_ag=0.8116  train_P@5_ab=1.0000  train_P@5_ag=1.0000  val_loss=0.3222  val_AUPR_all=0.5944  val_AUPR_ab=0.7308  val_AUPR_ag=0.4036  val_P@5_ab=0.9500  val_P@5_ag=0.7500  select=0.5672
Ep055  LR0=4.81e-05  pw=1.03  aucα=0.300  token_p=0.020  dropE=(0.020,0.080)  smooth=0.010  train_loss=0.1264  train_AUPR_all=0.8769  train_AUPR_ab=0.9094  train_AUPR_ag=0.8289  train_P@5_ab=1.0000  train_P@5_ag=1.0000  val_loss=0.3179  val_AUPR_all=0.5915  val_AUPR_ab=0.7308  val_AUPR_ag=0.4007  val_P@5_ab=1.0000  val_P@5_ag=0.8500  select=0.5657
Early stopping at epoch 55. Best select=0.5850 at epoch 35.
Final saved checkpoint for fold 2: checkpoints_post/iPara_balanced_l1_g6_i6_do0.10_dpr0.10_lr0.0002_heads16_fold2.pth
Best select=0.5850 at epoch 35

==========================================================================================
Fold 3/5
==========================================================================================
Train labels: valid=401949, pos=26660, neg=375289, ignore=695651, pos_frac=0.06633
Val labels: valid=98243, pos=6570, neg=91673, ignore=176957, pos_frac=0.06687
Initializing ClassificationModel with 6 GAT layers and residual connections...
Initializing MCModel with 6 GAT layers and 6 row attention layers (drop_path_rate=0.1)
Initializing CoreModel with 1 layers, drop_path_rate=0.1
Ep001  LR0=2.00e-04  pw=8.00  aucα=0.000  token_p=0.020  dropE=(0.020,0.080)  smooth=0.010  train_loss=0.8802  train_AUPR_all=0.1560  train_AUPR_ab=0.1648  train_AUPR_ag=0.1475  train_P@5_ab=0.4500  train_P@5_ag=0.5000  val_loss=0.9470  val_AUPR_all=0.3192  val_AUPR_ab=0.3951  val_AUPR_ag=0.1968  val_P@5_ab=0.7500  val_P@5_ag=0.8000  select=0.2959
  Saved checkpoint: checkpoints_post/iPara_balanced_l1_g6_i6_do0.10_dpr0.10_lr0.0002_heads16_fold3.pth  select=0.2959  val_ab=0.3951  val_ag=0.1968  val_all=0.3192
Ep002  LR0=2.00e-04  pw=7.33  aucα=0.000  token_p=0.020  dropE=(0.020,0.080)  smooth=0.010  train_loss=0.5969  train_AUPR_all=0.3405  train_AUPR_ab=0.4267  train_AUPR_ag=0.2196  train_P@5_ab=0.7500  train_P@5_ag=0.4500  val_loss=0.8592  val_AUPR_all=0.4045  val_AUPR_ab=0.5143  val_AUPR_ag=0.2259  val_P@5_ab=0.8000  val_P@5_ag=0.7000  select=0.3701
  Saved checkpoint: checkpoints_post/iPara_balanced_l1_g6_i6_do0.10_dpr0.10_lr0.0002_heads16_fold3.pth  select=0.3701  val_ab=0.5143  val_ag=0.2259  val_all=0.4045
Ep003  LR0=2.00e-04  pw=6.73  aucα=0.000  token_p=0.020  dropE=(0.020,0.080)  smooth=0.010  train_loss=0.5198  train_AUPR_all=0.3889  train_AUPR_ab=0.4760  train_AUPR_ag=0.2479  train_P@5_ab=0.7000  train_P@5_ag=0.7500  val_loss=0.8907  val_AUPR_all=0.4446  val_AUPR_ab=0.5554  val_AUPR_ag=0.2526  val_P@5_ab=0.9000  val_P@5_ag=1.0000  select=0.4040
  Saved checkpoint: checkpoints_post/iPara_balanced_l1_g6_i6_do0.10_dpr0.10_lr0.0002_heads16_fold3.pth  select=0.4040  val_ab=0.5554  val_ag=0.2526  val_all=0.4446
Ep004  LR0=1.99e-04  pw=6.19  aucα=0.000  token_p=0.020  dropE=(0.020,0.080)  smooth=0.010  train_loss=0.4674  train_AUPR_all=0.4311  train_AUPR_ab=0.5263  train_AUPR_ag=0.2761  train_P@5_ab=0.6500  train_P@5_ag=0.5500  val_loss=0.7620  val_AUPR_all=0.4374  val_AUPR_ab=0.5679  val_AUPR_ag=0.2209  val_P@5_ab=0.9000  val_P@5_ag=1.0000  select=0.3944
Ep005  LR0=1.99e-04  pw=5.69  aucα=0.000  token_p=0.020  dropE=(0.020,0.080)  smooth=0.010  train_loss=0.4391  train_AUPR_all=0.4471  train_AUPR_ab=0.5445  train_AUPR_ag=0.2875  train_P@5_ab=0.7500  train_P@5_ag=0.9000  val_loss=0.6270  val_AUPR_all=0.4740  val_AUPR_ab=0.5865  val_AUPR_ag=0.2834  val_P@5_ab=0.8000  val_P@5_ag=1.0000  select=0.4349
  Saved checkpoint: checkpoints_post/iPara_balanced_l1_g6_i6_do0.10_dpr0.10_lr0.0002_heads16_fold3.pth  select=0.4349  val_ab=0.5865  val_ag=0.2834  val_all=0.4740
Ep006  LR0=1.98e-04  pw=5.25  aucα=0.000  token_p=0.020  dropE=(0.020,0.080)  smooth=0.010  train_loss=0.4044  train_AUPR_all=0.4732  train_AUPR_ab=0.5700  train_AUPR_ag=0.3126  train_P@5_ab=0.7500  train_P@5_ag=0.9000  val_loss=0.6221  val_AUPR_all=0.4882  val_AUPR_ab=0.6008  val_AUPR_ag=0.2921  val_P@5_ab=0.8000  val_P@5_ag=0.9500  select=0.4464
  Saved checkpoint: checkpoints_post/iPara_balanced_l1_g6_i6_do0.10_dpr0.10_lr0.0002_heads16_fold3.pth  select=0.4464  val_ab=0.6008  val_ag=0.2921  val_all=0.4882
Ep007  LR0=1.97e-04  pw=4.84  aucα=0.000  token_p=0.020  dropE=(0.020,0.080)  smooth=0.010  train_loss=0.3806  train_AUPR_all=0.4918  train_AUPR_ab=0.5874  train_AUPR_ag=0.3309  train_P@5_ab=0.8500  train_P@5_ag=0.8500  val_loss=0.6454  val_AUPR_all=0.4753  val_AUPR_ab=0.6270  val_AUPR_ag=0.2291  val_P@5_ab=0.9000  val_P@5_ag=0.8000  select=0.4280
Ep008  LR0=1.96e-04  pw=4.48  aucα=0.000  token_p=0.020  dropE=(0.020,0.080)  smooth=0.010  train_loss=0.3600  train_AUPR_all=0.5010  train_AUPR_ab=0.6032  train_AUPR_ag=0.3349  train_P@5_ab=0.9500  train_P@5_ag=0.9000  val_loss=0.5182  val_AUPR_all=0.5273  val_AUPR_ab=0.6496  val_AUPR_ag=0.3265  val_P@5_ab=0.9000  val_P@5_ag=0.8500  select=0.4881
  Saved checkpoint: checkpoints_post/iPara_balanced_l1_g6_i6_do0.10_dpr0.10_lr0.0002_heads16_fold3.pth  select=0.4881  val_ab=0.6496  val_ag=0.3265  val_all=0.5273
Ep009  LR0=1.95e-04  pw=4.15  aucα=0.000  token_p=0.020  dropE=(0.020,0.080)  smooth=0.010  train_loss=0.3413  train_AUPR_all=0.5136  train_AUPR_ab=0.6198  train_AUPR_ag=0.3385  train_P@5_ab=0.7000  train_P@5_ag=0.9500  val_loss=0.5132  val_AUPR_all=0.5404  val_AUPR_ab=0.6629  val_AUPR_ag=0.3243  val_P@5_ab=0.8000  val_P@5_ag=0.9500  select=0.4936
  Saved checkpoint: checkpoints_post/iPara_balanced_l1_g6_i6_do0.10_dpr0.10_lr0.0002_heads16_fold3.pth  select=0.4936  val_ab=0.6629  val_ag=0.3243  val_all=0.5404
Ep010  LR0=1.94e-04  pw=3.85  aucα=0.030  token_p=0.020  dropE=(0.020,0.080)  smooth=0.010  train_loss=0.3400  train_AUPR_all=0.5187  train_AUPR_ab=0.6205  train_AUPR_ag=0.3511  train_P@5_ab=0.9500  train_P@5_ag=0.8500  val_loss=0.5283  val_AUPR_all=0.5312  val_AUPR_ab=0.6670  val_AUPR_ag=0.3037  val_P@5_ab=0.9000  val_P@5_ag=0.8000  select=0.4854
Unfreezing DyM parameters.
Ep011  LR0=1.92e-04  pw=3.58  aucα=0.060  token_p=0.020  dropE=(0.020,0.080)  smooth=0.010  train_loss=0.3390  train_AUPR_all=0.5340  train_AUPR_ab=0.6403  train_AUPR_ag=0.3605  train_P@5_ab=0.8500  train_P@5_ag=1.0000  val_loss=0.5085  val_AUPR_all=0.5099  val_AUPR_ab=0.6496  val_AUPR_ag=0.2924  val_P@5_ab=0.8500  val_P@5_ag=0.9500  select=0.4710
Ep012  LR0=1.91e-04  pw=3.33  aucα=0.090  token_p=0.020  dropE=(0.020,0.080)  smooth=0.010  train_loss=0.3381  train_AUPR_all=0.5433  train_AUPR_ab=0.6575  train_AUPR_ag=0.3589  train_P@5_ab=0.8000  train_P@5_ag=1.0000  val_loss=0.4851  val_AUPR_all=0.5514  val_AUPR_ab=0.6914  val_AUPR_ag=0.3234  val_P@5_ab=1.0000  val_P@5_ag=0.9500  select=0.5074
  Saved checkpoint: checkpoints_post/iPara_balanced_l1_g6_i6_do0.10_dpr0.10_lr0.0002_heads16_fold3.pth  select=0.5074  val_ab=0.6914  val_ag=0.3234  val_all=0.5514
Ep013  LR0=1.89e-04  pw=3.11  aucα=0.120  token_p=0.020  dropE=(0.020,0.080)  smooth=0.010  train_loss=0.3361  train_AUPR_all=0.5579  train_AUPR_ab=0.6689  train_AUPR_ag=0.3799  train_P@5_ab=1.0000  train_P@5_ag=1.0000  val_loss=0.4903  val_AUPR_all=0.5203  val_AUPR_ab=0.6701  val_AUPR_ag=0.2868  val_P@5_ab=0.9000  val_P@5_ag=0.9500  select=0.4785
Ep014  LR0=1.87e-04  pw=2.91  aucα=0.150  token_p=0.020  dropE=(0.020,0.080)  smooth=0.010  train_loss=0.3383  train_AUPR_all=0.5631  train_AUPR_ab=0.6746  train_AUPR_ag=0.3843  train_P@5_ab=0.9000  train_P@5_ag=1.0000  val_loss=0.4234  val_AUPR_all=0.5652  val_AUPR_ab=0.6936  val_AUPR_ag=0.3487  val_P@5_ab=0.9500  val_P@5_ag=0.9500  select=0.5211
  Saved checkpoint: checkpoints_post/iPara_balanced_l1_g6_i6_do0.10_dpr0.10_lr0.0002_heads16_fold3.pth  select=0.5211  val_ab=0.6936  val_ag=0.3487  val_all=0.5652
Ep015  LR0=1.85e-04  pw=2.73  aucα=0.180  token_p=0.020  dropE=(0.020,0.080)  smooth=0.010  train_loss=0.3410  train_AUPR_all=0.5678  train_AUPR_ab=0.6821  train_AUPR_ag=0.3866  train_P@5_ab=0.9500  train_P@5_ag=0.9000  val_loss=0.4078  val_AUPR_all=0.5615  val_AUPR_ab=0.7058  val_AUPR_ag=0.3286  val_P@5_ab=0.9500  val_P@5_ag=0.8500  select=0.5172
Ep016  LR0=1.83e-04  pw=2.56  aucα=0.210  token_p=0.020  dropE=(0.020,0.080)  smooth=0.010  train_loss=0.3415  train_AUPR_all=0.5779  train_AUPR_ab=0.6866  train_AUPR_ag=0.4067  train_P@5_ab=1.0000  train_P@5_ag=0.9000  val_loss=0.4407  val_AUPR_all=0.5265  val_AUPR_ab=0.6579  val_AUPR_ag=0.3180  val_P@5_ab=0.8000  val_P@5_ag=1.0000  select=0.4879
Ep017  LR0=1.81e-04  pw=2.41  aucα=0.240  token_p=0.020  dropE=(0.020,0.080)  smooth=0.010  train_loss=0.3424  train_AUPR_all=0.5854  train_AUPR_ab=0.6966  train_AUPR_ag=0.4100  train_P@5_ab=1.0000  train_P@5_ag=1.0000  val_loss=0.4055  val_AUPR_all=0.5600  val_AUPR_ab=0.6958  val_AUPR_ag=0.3581  val_P@5_ab=0.8500  val_P@5_ag=1.0000  select=0.5269
  Saved checkpoint: checkpoints_post/iPara_balanced_l1_g6_i6_do0.10_dpr0.10_lr0.0002_heads16_fold3.pth  select=0.5269  val_ab=0.6958  val_ag=0.3581  val_all=0.5600
Ep018  LR0=1.79e-04  pw=2.28  aucα=0.270  token_p=0.020  dropE=(0.020,0.080)  smooth=0.010  train_loss=0.3452  train_AUPR_all=0.5919  train_AUPR_ab=0.7035  train_AUPR_ag=0.4179  train_P@5_ab=1.0000  train_P@5_ag=0.9000  val_loss=0.3781  val_AUPR_all=0.5764  val_AUPR_ab=0.7234  val_AUPR_ag=0.3505  val_P@5_ab=0.9500  val_P@5_ag=1.0000  select=0.5370
  Saved checkpoint: checkpoints_post/iPara_balanced_l1_g6_i6_do0.10_dpr0.10_lr0.0002_heads16_fold3.pth  select=0.5370  val_ab=0.7234  val_ag=0.3505  val_all=0.5764
Ep019  LR0=1.76e-04  pw=2.16  aucα=0.300  token_p=0.020  dropE=(0.020,0.080)  smooth=0.010  train_loss=0.3483  train_AUPR_all=0.5976  train_AUPR_ab=0.7085  train_AUPR_ag=0.4250  train_P@5_ab=1.0000  train_P@5_ag=1.0000  val_loss=0.3653  val_AUPR_all=0.5854  val_AUPR_ab=0.7105  val_AUPR_ag=0.3810  val_P@5_ab=0.9000  val_P@5_ag=1.0000  select=0.5457
  Saved checkpoint: checkpoints_post/iPara_balanced_l1_g6_i6_do0.10_dpr0.10_lr0.0002_heads16_fold3.pth  select=0.5457  val_ab=0.7105  val_ag=0.3810  val_all=0.5854
Ep020  LR0=1.73e-04  pw=2.05  aucα=0.300  token_p=0.020  dropE=(0.020,0.080)  smooth=0.010  train_loss=0.3351  train_AUPR_all=0.6112  train_AUPR_ab=0.7202  train_AUPR_ag=0.4430  train_P@5_ab=0.9500  train_P@5_ag=1.0000  val_loss=0.3623  val_AUPR_all=0.5679  val_AUPR_ab=0.7043  val_AUPR_ag=0.3684  val_P@5_ab=0.9500  val_P@5_ag=0.9000  select=0.5363
Ep021  LR0=1.71e-04  pw=1.95  aucα=0.300  token_p=0.020  dropE=(0.020,0.080)  smooth=0.010  train_loss=0.3266  train_AUPR_all=0.6154  train_AUPR_ab=0.7219  train_AUPR_ag=0.4513  train_P@5_ab=0.9000  train_P@5_ag=0.9500  val_loss=0.3581  val_AUPR_all=0.5893  val_AUPR_ab=0.7279  val_AUPR_ag=0.3810  val_P@5_ab=0.9000  val_P@5_ag=0.9000  select=0.5544
  Saved checkpoint: checkpoints_post/iPara_balanced_l1_g6_i6_do0.10_dpr0.10_lr0.0002_heads16_fold3.pth  select=0.5544  val_ab=0.7279  val_ag=0.3810  val_all=0.5893
Ep022  LR0=1.68e-04  pw=1.86  aucα=0.300  token_p=0.020  dropE=(0.020,0.080)  smooth=0.010  train_loss=0.3155  train_AUPR_all=0.6271  train_AUPR_ab=0.7354  train_AUPR_ag=0.4606  train_P@5_ab=1.0000  train_P@5_ag=1.0000  val_loss=0.3328  val_AUPR_all=0.6028  val_AUPR_ab=0.7268  val_AUPR_ag=0.4019  val_P@5_ab=0.8500  val_P@5_ag=0.9500  select=0.5644
  Saved checkpoint: checkpoints_post/iPara_balanced_l1_g6_i6_do0.10_dpr0.10_lr0.0002_heads16_fold3.pth  select=0.5644  val_ab=0.7268  val_ag=0.4019  val_all=0.6028
Ep023  LR0=1.65e-04  pw=1.78  aucα=0.300  token_p=0.020  dropE=(0.020,0.080)  smooth=0.010  train_loss=0.3091  train_AUPR_all=0.6276  train_AUPR_ab=0.7344  train_AUPR_ag=0.4650  train_P@5_ab=1.0000  train_P@5_ag=0.9500  val_loss=0.3481  val_AUPR_all=0.5760  val_AUPR_ab=0.7208  val_AUPR_ag=0.3605  val_P@5_ab=0.9500  val_P@5_ag=0.9500  select=0.5407
Ep024  LR0=1.62e-04  pw=1.70  aucα=0.300  token_p=0.020  dropE=(0.020,0.080)  smooth=0.010  train_loss=0.2946  train_AUPR_all=0.6465  train_AUPR_ab=0.7487  train_AUPR_ag=0.4921  train_P@5_ab=0.9500  train_P@5_ag=0.9500  val_loss=0.3291  val_AUPR_all=0.5976  val_AUPR_ab=0.7313  val_AUPR_ag=0.3854  val_P@5_ab=0.9500  val_P@5_ag=1.0000  select=0.5584
Ep025  LR0=1.59e-04  pw=1.64  aucα=0.300  token_p=0.020  dropE=(0.020,0.080)  smooth=0.010  train_loss=0.2868  train_AUPR_all=0.6505  train_AUPR_ab=0.7524  train_AUPR_ag=0.4960  train_P@5_ab=0.9500  train_P@5_ag=1.0000  val_loss=0.3139  val_AUPR_all=0.6055  val_AUPR_ab=0.7293  val_AUPR_ag=0.3973  val_P@5_ab=0.9500  val_P@5_ag=0.9500  select=0.5633
Ep026  LR0=1.56e-04  pw=1.57  aucα=0.300  token_p=0.020  dropE=(0.020,0.080)  smooth=0.010  train_loss=0.2795  train_AUPR_all=0.6603  train_AUPR_ab=0.7553  train_AUPR_ag=0.5175  train_P@5_ab=1.0000  train_P@5_ag=1.0000  val_loss=0.3360  val_AUPR_all=0.5872  val_AUPR_ab=0.7363  val_AUPR_ag=0.3823  val_P@5_ab=0.9000  val_P@5_ag=1.0000  select=0.5593
Ep027  LR0=1.52e-04  pw=1.52  aucα=0.300  token_p=0.020  dropE=(0.020,0.080)  smooth=0.010  train_loss=0.2663  train_AUPR_all=0.6758  train_AUPR_ab=0.7682  train_AUPR_ag=0.5384  train_P@5_ab=1.0000  train_P@5_ag=0.9000  val_loss=0.3373  val_AUPR_all=0.5896  val_AUPR_ab=0.7376  val_AUPR_ag=0.3709  val_P@5_ab=0.9500  val_P@5_ag=1.0000  select=0.5542
Ep028  LR0=1.49e-04  pw=1.47  aucα=0.300  token_p=0.020  dropE=(0.020,0.080)  smooth=0.010  train_loss=0.2630  train_AUPR_all=0.6767  train_AUPR_ab=0.7678  train_AUPR_ag=0.5405  train_P@5_ab=1.0000  train_P@5_ag=1.0000  val_loss=0.3139  val_AUPR_all=0.6024  val_AUPR_ab=0.7391  val_AUPR_ag=0.3985  val_P@5_ab=0.9500  val_P@5_ag=1.0000  select=0.5688
  Saved checkpoint: checkpoints_post/iPara_balanced_l1_g6_i6_do0.10_dpr0.10_lr0.0002_heads16_fold3.pth  select=0.5688  val_ab=0.7391  val_ag=0.3985  val_all=0.6024
Ep029  LR0=1.46e-04  pw=1.43  aucα=0.300  token_p=0.020  dropE=(0.020,0.080)  smooth=0.010  train_loss=0.2555  train_AUPR_all=0.6875  train_AUPR_ab=0.7741  train_AUPR_ag=0.5598  train_P@5_ab=1.0000  train_P@5_ag=0.9500  val_loss=0.3147  val_AUPR_all=0.5893  val_AUPR_ab=0.7395  val_AUPR_ag=0.3777  val_P@5_ab=1.0000  val_P@5_ag=1.0000  select=0.5586
Ep030  LR0=1.42e-04  pw=1.39  aucα=0.300  token_p=0.020  dropE=(0.020,0.080)  smooth=0.010  train_loss=0.2426  train_AUPR_all=0.7031  train_AUPR_ab=0.7852  train_AUPR_ag=0.5821  train_P@5_ab=1.0000  train_P@5_ag=1.0000  val_loss=0.3093  val_AUPR_all=0.6129  val_AUPR_ab=0.7528  val_AUPR_ag=0.3962  val_P@5_ab=0.9500  val_P@5_ag=1.0000  select=0.5745
  Saved checkpoint: checkpoints_post/iPara_balanced_l1_g6_i6_do0.10_dpr0.10_lr0.0002_heads16_fold3.pth  select=0.5745  val_ab=0.7528  val_ag=0.3962  val_all=0.6129
Ep031  LR0=1.38e-04  pw=1.35  aucα=0.300  token_p=0.020  dropE=(0.020,0.080)  smooth=0.010  train_loss=0.2362  train_AUPR_all=0.7110  train_AUPR_ab=0.7867  train_AUPR_ag=0.5999  train_P@5_ab=1.0000  train_P@5_ag=0.9500  val_loss=0.3140  val_AUPR_all=0.5935  val_AUPR_ab=0.7372  val_AUPR_ag=0.3882  val_P@5_ab=1.0000  val_P@5_ag=1.0000  select=0.5627
Ep032  LR0=1.35e-04  pw=1.32  aucα=0.300  token_p=0.020  dropE=(0.020,0.080)  smooth=0.010  train_loss=0.2301  train_AUPR_all=0.7197  train_AUPR_ab=0.7902  train_AUPR_ag=0.6169  train_P@5_ab=1.0000  train_P@5_ag=1.0000  val_loss=0.3184  val_AUPR_all=0.5887  val_AUPR_ab=0.7431  val_AUPR_ag=0.3649  val_P@5_ab=0.9500  val_P@5_ag=1.0000  select=0.5540
Ep033  LR0=1.31e-04  pw=1.29  aucα=0.300  token_p=0.020  dropE=(0.020,0.080)  smooth=0.010  train_loss=0.2202  train_AUPR_all=0.7331  train_AUPR_ab=0.8026  train_AUPR_ag=0.6319  train_P@5_ab=1.0000  train_P@5_ag=1.0000  val_loss=0.3192  val_AUPR_all=0.5956  val_AUPR_ab=0.7446  val_AUPR_ag=0.3760  val_P@5_ab=0.9500  val_P@5_ag=1.0000  select=0.5603
Ep034  LR0=1.27e-04  pw=1.26  aucα=0.300  token_p=0.020  dropE=(0.020,0.080)  smooth=0.010  train_loss=0.2138  train_AUPR_all=0.7432  train_AUPR_ab=0.8089  train_AUPR_ag=0.6477  train_P@5_ab=1.0000  train_P@5_ag=1.0000  val_loss=0.3000  val_AUPR_all=0.6007  val_AUPR_ab=0.7403  val_AUPR_ag=0.4001  val_P@5_ab=1.0000  val_P@5_ag=1.0000  select=0.5702
Ep035  LR0=1.24e-04  pw=1.23  aucα=0.300  token_p=0.020  dropE=(0.020,0.080)  smooth=0.010  train_loss=0.2126  train_AUPR_all=0.7427  train_AUPR_ab=0.8086  train_AUPR_ag=0.6470  train_P@5_ab=1.0000  train_P@5_ag=0.9500  val_loss=0.2958  val_AUPR_all=0.6153  val_AUPR_ab=0.7555  val_AUPR_ag=0.4053  val_P@5_ab=1.0000  val_P@5_ag=1.0000  select=0.5804
  Saved checkpoint: checkpoints_post/iPara_balanced_l1_g6_i6_do0.10_dpr0.10_lr0.0002_heads16_fold3.pth  select=0.5804  val_ab=0.7555  val_ag=0.4053  val_all=0.6153
Ep036  LR0=1.20e-04  pw=1.21  aucα=0.300  token_p=0.020  dropE=(0.020,0.080)  smooth=0.010  train_loss=0.2030  train_AUPR_all=0.7572  train_AUPR_ab=0.8156  train_AUPR_ag=0.6729  train_P@5_ab=1.0000  train_P@5_ag=1.0000  val_loss=0.3058  val_AUPR_all=0.5808  val_AUPR_ab=0.7303  val_AUPR_ag=0.3886  val_P@5_ab=1.0000  val_P@5_ag=1.0000  select=0.5594
Ep037  LR0=1.16e-04  pw=1.19  aucα=0.300  token_p=0.020  dropE=(0.020,0.080)  smooth=0.010  train_loss=0.1964  train_AUPR_all=0.7677  train_AUPR_ab=0.8258  train_AUPR_ag=0.6838  train_P@5_ab=1.0000  train_P@5_ag=1.0000  val_loss=0.2986  val_AUPR_all=0.6044  val_AUPR_ab=0.7505  val_AUPR_ag=0.3850  val_P@5_ab=0.9500  val_P@5_ag=1.0000  select=0.5678
Ep038  LR0=1.12e-04  pw=1.17  aucα=0.300  token_p=0.020  dropE=(0.020,0.080)  smooth=0.010  train_loss=0.1929  train_AUPR_all=0.7733  train_AUPR_ab=0.8309  train_AUPR_ag=0.6901  train_P@5_ab=1.0000  train_P@5_ag=0.9500  val_loss=0.3021  val_AUPR_all=0.5949  val_AUPR_ab=0.7483  val_AUPR_ag=0.3593  val_P@5_ab=1.0000  val_P@5_ag=1.0000  select=0.5538
Ep039  LR0=1.08e-04  pw=1.16  aucα=0.300  token_p=0.020  dropE=(0.020,0.080)  smooth=0.010  train_loss=0.1890  train_AUPR_all=0.7774  train_AUPR_ab=0.8295  train_AUPR_ag=0.7026  train_P@5_ab=1.0000  train_P@5_ag=1.0000  val_loss=0.3080  val_AUPR_all=0.5965  val_AUPR_ab=0.7472  val_AUPR_ag=0.3840  val_P@5_ab=1.0000  val_P@5_ag=1.0000  select=0.5656
Ep040  LR0=1.04e-04  pw=1.14  aucα=0.300  token_p=0.020  dropE=(0.020,0.080)  smooth=0.010  train_loss=0.1807  train_AUPR_all=0.7908  train_AUPR_ab=0.8430  train_AUPR_ag=0.7147  train_P@5_ab=1.0000  train_P@5_ag=1.0000  val_loss=0.3052  val_AUPR_all=0.6049  val_AUPR_ab=0.7487  val_AUPR_ag=0.3979  val_P@5_ab=1.0000  val_P@5_ag=1.0000  select=0.5733
Ep041  LR0=1.00e-04  pw=1.13  aucα=0.300  token_p=0.020  dropE=(0.020,0.080)  smooth=0.010  train_loss=0.1749  train_AUPR_all=0.8010  train_AUPR_ab=0.8508  train_AUPR_ag=0.7291  train_P@5_ab=1.0000  train_P@5_ag=1.0000  val_loss=0.3079  val_AUPR_all=0.5856  val_AUPR_ab=0.7406  val_AUPR_ag=0.3782  val_P@5_ab=1.0000  val_P@5_ag=1.0000  select=0.5594
Ep042  LR0=9.63e-05  pw=1.12  aucα=0.300  token_p=0.020  dropE=(0.020,0.080)  smooth=0.010  train_loss=0.1728  train_AUPR_all=0.8035  train_AUPR_ab=0.8503  train_AUPR_ag=0.7362  train_P@5_ab=1.0000  train_P@5_ag=1.0000  val_loss=0.3028  val_AUPR_all=0.5970  val_AUPR_ab=0.7557  val_AUPR_ag=0.3794  val_P@5_ab=0.9500  val_P@5_ag=1.0000  select=0.5675
Ep043  LR0=9.24e-05  pw=1.10  aucα=0.300  token_p=0.020  dropE=(0.020,0.080)  smooth=0.010  train_loss=0.1705  train_AUPR_all=0.8061  train_AUPR_ab=0.8526  train_AUPR_ag=0.7393  train_P@5_ab=1.0000  train_P@5_ag=1.0000  val_loss=0.3043  val_AUPR_all=0.5881  val_AUPR_ab=0.7494  val_AUPR_ag=0.3550  val_P@5_ab=1.0000  val_P@5_ag=0.9000  select=0.5522
Ep044  LR0=8.85e-05  pw=1.09  aucα=0.300  token_p=0.020  dropE=(0.020,0.080)  smooth=0.010  train_loss=0.1621  train_AUPR_all=0.8214  train_AUPR_ab=0.8679  train_AUPR_ag=0.7538  train_P@5_ab=1.0000  train_P@5_ag=1.0000  val_loss=0.3169  val_AUPR_all=0.5928  val_AUPR_ab=0.7438  val_AUPR_ag=0.3841  val_P@5_ab=0.9500  val_P@5_ag=0.9500  select=0.5640
Ep045  LR0=8.46e-05  pw=1.09  aucα=0.300  token_p=0.020  dropE=(0.020,0.080)  smooth=0.010  train_loss=0.1590  train_AUPR_all=0.8242  train_AUPR_ab=0.8681  train_AUPR_ag=0.7604  train_P@5_ab=1.0000  train_P@5_ag=0.9500  val_loss=0.3148  val_AUPR_all=0.5891  val_AUPR_ab=0.7497  val_AUPR_ag=0.3825  val_P@5_ab=1.0000  val_P@5_ag=0.9000  select=0.5661
Ep046  LR0=8.08e-05  pw=1.08  aucα=0.300  token_p=0.020  dropE=(0.020,0.080)  smooth=0.010  train_loss=0.1581  train_AUPR_all=0.8269  train_AUPR_ab=0.8697  train_AUPR_ag=0.7649  train_P@5_ab=1.0000  train_P@5_ag=1.0000  val_loss=0.3026  val_AUPR_all=0.5879  val_AUPR_ab=0.7479  val_AUPR_ag=0.3653  val_P@5_ab=1.0000  val_P@5_ag=1.0000  select=0.5566
Ep047  LR0=7.70e-05  pw=1.07  aucα=0.300  token_p=0.020  dropE=(0.020,0.080)  smooth=0.010  train_loss=0.1504  train_AUPR_all=0.8384  train_AUPR_ab=0.8789  train_AUPR_ag=0.7792  train_P@5_ab=1.0000  train_P@5_ag=1.0000  val_loss=0.3148  val_AUPR_all=0.5870  val_AUPR_ab=0.7369  val_AUPR_ag=0.3798  val_P@5_ab=0.9000  val_P@5_ag=0.9500  select=0.5584
Ep048  LR0=7.32e-05  pw=1.06  aucα=0.300  token_p=0.020  dropE=(0.020,0.080)  smooth=0.010  train_loss=0.1504  train_AUPR_all=0.8389  train_AUPR_ab=0.8788  train_AUPR_ag=0.7806  train_P@5_ab=1.0000  train_P@5_ag=1.0000  val_loss=0.3090  val_AUPR_all=0.5941  val_AUPR_ab=0.7481  val_AUPR_ag=0.3716  val_P@5_ab=1.0000  val_P@5_ag=0.9500  select=0.5598
Ep049  LR0=6.94e-05  pw=1.06  aucα=0.300  token_p=0.020  dropE=(0.020,0.080)  smooth=0.010  train_loss=0.1443  train_AUPR_all=0.8493  train_AUPR_ab=0.8874  train_AUPR_ag=0.7940  train_P@5_ab=1.0000  train_P@5_ag=1.0000  val_loss=0.3146  val_AUPR_all=0.5820  val_AUPR_ab=0.7405  val_AUPR_ag=0.3697  val_P@5_ab=0.9500  val_P@5_ag=0.8000  select=0.5551
Ep050  LR0=6.57e-05  pw=1.05  aucα=0.300  token_p=0.020  dropE=(0.020,0.080)  smooth=0.010  train_loss=0.1427  train_AUPR_all=0.8508  train_AUPR_ab=0.8900  train_AUPR_ag=0.7929  train_P@5_ab=1.0000  train_P@5_ag=0.9500  val_loss=0.3196  val_AUPR_all=0.5788  val_AUPR_ab=0.7402  val_AUPR_ag=0.3580  val_P@5_ab=1.0000  val_P@5_ag=0.8000  select=0.5491
Ep051  LR0=6.21e-05  pw=1.05  aucα=0.300  token_p=0.020  dropE=(0.020,0.080)  smooth=0.010  train_loss=0.1392  train_AUPR_all=0.8566  train_AUPR_ab=0.8939  train_AUPR_ag=0.8016  train_P@5_ab=1.0000  train_P@5_ag=1.0000  val_loss=0.3155  val_AUPR_all=0.5867  val_AUPR_ab=0.7407  val_AUPR_ag=0.3731  val_P@5_ab=0.9500  val_P@5_ag=0.9000  select=0.5569
Ep052  LR0=5.85e-05  pw=1.04  aucα=0.300  token_p=0.020  dropE=(0.020,0.080)  smooth=0.010  train_loss=0.1362  train_AUPR_all=0.8608  train_AUPR_ab=0.8964  train_AUPR_ag=0.8082  train_P@5_ab=1.0000  train_P@5_ag=1.0000  val_loss=0.3170  val_AUPR_all=0.5897  val_AUPR_ab=0.7459  val_AUPR_ag=0.3698  val_P@5_ab=0.9500  val_P@5_ag=0.8500  select=0.5578
Ep053  LR0=5.50e-05  pw=1.04  aucα=0.300  token_p=0.020  dropE=(0.020,0.080)  smooth=0.010  train_loss=0.1312  train_AUPR_all=0.8697  train_AUPR_ab=0.9028  train_AUPR_ag=0.8212  train_P@5_ab=1.0000  train_P@5_ag=0.9500  val_loss=0.3166  val_AUPR_all=0.5816  val_AUPR_ab=0.7414  val_AUPR_ag=0.3504  val_P@5_ab=0.9000  val_P@5_ag=0.6500  select=0.5459
Ep054  LR0=5.15e-05  pw=1.03  aucα=0.300  token_p=0.020  dropE=(0.020,0.080)  smooth=0.010  train_loss=0.1328  train_AUPR_all=0.8673  train_AUPR_ab=0.9029  train_AUPR_ag=0.8146  train_P@5_ab=1.0000  train_P@5_ag=1.0000  val_loss=0.3199  val_AUPR_all=0.5856  val_AUPR_ab=0.7496  val_AUPR_ag=0.3618  val_P@5_ab=1.0000  val_P@5_ag=0.7000  select=0.5557
Ep055  LR0=4.81e-05  pw=1.03  aucα=0.300  token_p=0.020  dropE=(0.020,0.080)  smooth=0.010  train_loss=0.1268  train_AUPR_all=0.8764  train_AUPR_ab=0.9101  train_AUPR_ag=0.8260  train_P@5_ab=1.0000  train_P@5_ag=1.0000  val_loss=0.3187  val_AUPR_all=0.5877  val_AUPR_ab=0.7444  val_AUPR_ag=0.3741  val_P@5_ab=0.9500  val_P@5_ag=0.7500  select=0.5592
Early stopping at epoch 55. Best select=0.5804 at epoch 35.
Final saved checkpoint for fold 3: checkpoints_post/iPara_balanced_l1_g6_i6_do0.10_dpr0.10_lr0.0002_heads16_fold3.pth
Best select=0.5804 at epoch 35

==========================================================================================
Fold 4/5
==========================================================================================
Train labels: valid=398858, pos=26560, neg=372298, ignore=700342, pos_frac=0.06659
Val labels: valid=101334, pos=6670, neg=94664, ignore=172266, pos_frac=0.06582
Initializing ClassificationModel with 6 GAT layers and residual connections...
Initializing MCModel with 6 GAT layers and 6 row attention layers (drop_path_rate=0.1)
Initializing CoreModel with 1 layers, drop_path_rate=0.1
Ep001  LR0=2.00e-04  pw=8.00  aucα=0.000  token_p=0.020  dropE=(0.020,0.080)  smooth=0.010  train_loss=0.9010  train_AUPR_all=0.1510  train_AUPR_ab=0.1588  train_AUPR_ag=0.1457  train_P@5_ab=0.2000  train_P@5_ag=0.5500  val_loss=0.9203  val_AUPR_all=0.3069  val_AUPR_ab=0.3974  val_AUPR_ag=0.1638  val_P@5_ab=0.6000  val_P@5_ag=0.7000  select=0.2806
  Saved checkpoint: checkpoints_post/iPara_balanced_l1_g6_i6_do0.10_dpr0.10_lr0.0002_heads16_fold4.pth  select=0.2806  val_ab=0.3974  val_ag=0.1638  val_all=0.3069
Ep002  LR0=2.00e-04  pw=7.33  aucα=0.000  token_p=0.020  dropE=(0.020,0.080)  smooth=0.010  train_loss=0.5723  train_AUPR_all=0.3659  train_AUPR_ab=0.4484  train_AUPR_ag=0.2395  train_P@5_ab=0.7500  train_P@5_ag=0.9000  val_loss=0.8402  val_AUPR_all=0.3866  val_AUPR_ab=0.5058  val_AUPR_ag=0.1984  val_P@5_ab=0.9500  val_P@5_ag=0.8000  select=0.3521
  Saved checkpoint: checkpoints_post/iPara_balanced_l1_g6_i6_do0.10_dpr0.10_lr0.0002_heads16_fold4.pth  select=0.3521  val_ab=0.5058  val_ag=0.1984  val_all=0.3866
Ep003  LR0=2.00e-04  pw=6.73  aucα=0.000  token_p=0.020  dropE=(0.020,0.080)  smooth=0.010  train_loss=0.5113  train_AUPR_all=0.4162  train_AUPR_ab=0.5012  train_AUPR_ag=0.2784  train_P@5_ab=0.5000  train_P@5_ag=0.8500  val_loss=0.7935  val_AUPR_all=0.4114  val_AUPR_ab=0.5559  val_AUPR_ag=0.2089  val_P@5_ab=0.9000  val_P@5_ag=0.6500  select=0.3824
  Saved checkpoint: checkpoints_post/iPara_balanced_l1_g6_i6_do0.10_dpr0.10_lr0.0002_heads16_fold4.pth  select=0.3824  val_ab=0.5559  val_ag=0.2089  val_all=0.4114
Ep004  LR0=1.99e-04  pw=6.19  aucα=0.000  token_p=0.020  dropE=(0.020,0.080)  smooth=0.010  train_loss=0.4619  train_AUPR_all=0.4415  train_AUPR_ab=0.5387  train_AUPR_ag=0.2829  train_P@5_ab=0.8500  train_P@5_ag=0.7000  val_loss=0.7026  val_AUPR_all=0.4578  val_AUPR_ab=0.5732  val_AUPR_ag=0.2607  val_P@5_ab=0.9500  val_P@5_ag=1.0000  select=0.4170
  Saved checkpoint: checkpoints_post/iPara_balanced_l1_g6_i6_do0.10_dpr0.10_lr0.0002_heads16_fold4.pth  select=0.4170  val_ab=0.5732  val_ag=0.2607  val_all=0.4578
Ep005  LR0=1.99e-04  pw=5.69  aucα=0.000  token_p=0.020  dropE=(0.020,0.080)  smooth=0.010  train_loss=0.4243  train_AUPR_all=0.4817  train_AUPR_ab=0.5790  train_AUPR_ag=0.3152  train_P@5_ab=0.8500  train_P@5_ag=0.9500  val_loss=0.6539  val_AUPR_all=0.4801  val_AUPR_ab=0.6166  val_AUPR_ag=0.2635  val_P@5_ab=0.8500  val_P@5_ag=1.0000  select=0.4400
  Saved checkpoint: checkpoints_post/iPara_balanced_l1_g6_i6_do0.10_dpr0.10_lr0.0002_heads16_fold4.pth  select=0.4400  val_ab=0.6166  val_ag=0.2635  val_all=0.4801
Ep006  LR0=1.98e-04  pw=5.25  aucα=0.000  token_p=0.020  dropE=(0.020,0.080)  smooth=0.010  train_loss=0.3949  train_AUPR_all=0.4945  train_AUPR_ab=0.5877  train_AUPR_ag=0.3380  train_P@5_ab=0.7500  train_P@5_ag=0.7500  val_loss=0.7009  val_AUPR_all=0.4569  val_AUPR_ab=0.5956  val_AUPR_ag=0.2392  val_P@5_ab=0.8500  val_P@5_ag=0.9000  select=0.4174
Ep007  LR0=1.97e-04  pw=4.84  aucα=0.000  token_p=0.020  dropE=(0.020,0.080)  smooth=0.010  train_loss=0.3765  train_AUPR_all=0.4991  train_AUPR_ab=0.5973  train_AUPR_ag=0.3332  train_P@5_ab=0.7500  train_P@5_ag=0.9500  val_loss=0.8257  val_AUPR_all=0.4438  val_AUPR_ab=0.6271  val_AUPR_ag=0.1755  val_P@5_ab=1.0000  val_P@5_ag=0.0500  select=0.4013
Ep008  LR0=1.96e-04  pw=4.48  aucα=0.000  token_p=0.020  dropE=(0.020,0.080)  smooth=0.010  train_loss=0.3529  train_AUPR_all=0.5219  train_AUPR_ab=0.6247  train_AUPR_ag=0.3487  train_P@5_ab=0.9000  train_P@5_ag=0.8500  val_loss=0.5307  val_AUPR_all=0.5291  val_AUPR_ab=0.6471  val_AUPR_ag=0.3351  val_P@5_ab=0.7500  val_P@5_ag=0.9500  select=0.4911
  Saved checkpoint: checkpoints_post/iPara_balanced_l1_g6_i6_do0.10_dpr0.10_lr0.0002_heads16_fold4.pth  select=0.4911  val_ab=0.6471  val_ag=0.3351  val_all=0.5291
Ep009  LR0=1.95e-04  pw=4.15  aucα=0.000  token_p=0.020  dropE=(0.020,0.080)  smooth=0.010  train_loss=0.3348  train_AUPR_all=0.5301  train_AUPR_ab=0.6289  train_AUPR_ag=0.3595  train_P@5_ab=0.9000  train_P@5_ag=0.9000  val_loss=0.5585  val_AUPR_all=0.5181  val_AUPR_ab=0.6665  val_AUPR_ag=0.2935  val_P@5_ab=0.9000  val_P@5_ag=0.9000  select=0.4800
Ep010  LR0=1.94e-04  pw=3.85  aucα=0.030  token_p=0.020  dropE=(0.020,0.080)  smooth=0.010  train_loss=0.3329  train_AUPR_all=0.5439  train_AUPR_ab=0.6489  train_AUPR_ag=0.3691  train_P@5_ab=0.9000  train_P@5_ag=0.9500  val_loss=0.4821  val_AUPR_all=0.5447  val_AUPR_ab=0.6594  val_AUPR_ag=0.3597  val_P@5_ab=0.9000  val_P@5_ag=0.9500  select=0.5096
  Saved checkpoint: checkpoints_post/iPara_balanced_l1_g6_i6_do0.10_dpr0.10_lr0.0002_heads16_fold4.pth  select=0.5096  val_ab=0.6594  val_ag=0.3597  val_all=0.5447
Unfreezing DyM parameters.
Ep011  LR0=1.92e-04  pw=3.58  aucα=0.060  token_p=0.020  dropE=(0.020,0.080)  smooth=0.010  train_loss=0.3340  train_AUPR_all=0.5439  train_AUPR_ab=0.6512  train_AUPR_ag=0.3659  train_P@5_ab=0.8500  train_P@5_ag=0.9000  val_loss=0.6001  val_AUPR_all=0.4777  val_AUPR_ab=0.6450  val_AUPR_ag=0.2606  val_P@5_ab=0.7500  val_P@5_ag=0.9000  select=0.4528
Ep012  LR0=1.91e-04  pw=3.33  aucα=0.090  token_p=0.020  dropE=(0.020,0.080)  smooth=0.010  train_loss=0.3346  train_AUPR_all=0.5514  train_AUPR_ab=0.6584  train_AUPR_ag=0.3751  train_P@5_ab=0.8500  train_P@5_ag=1.0000  val_loss=0.4713  val_AUPR_all=0.5463  val_AUPR_ab=0.6941  val_AUPR_ag=0.3146  val_P@5_ab=0.9000  val_P@5_ag=1.0000  select=0.5044
Ep013  LR0=1.89e-04  pw=3.11  aucα=0.120  token_p=0.020  dropE=(0.020,0.080)  smooth=0.010  train_loss=0.3334  train_AUPR_all=0.5649  train_AUPR_ab=0.6721  train_AUPR_ag=0.3905  train_P@5_ab=0.9000  train_P@5_ag=0.9000  val_loss=0.4319  val_AUPR_all=0.5729  val_AUPR_ab=0.7082  val_AUPR_ag=0.3708  val_P@5_ab=0.9500  val_P@5_ag=0.9500  select=0.5395
  Saved checkpoint: checkpoints_post/iPara_balanced_l1_g6_i6_do0.10_dpr0.10_lr0.0002_heads16_fold4.pth  select=0.5395  val_ab=0.7082  val_ag=0.3708  val_all=0.5729
Ep014  LR0=1.87e-04  pw=2.91  aucα=0.150  token_p=0.020  dropE=(0.020,0.080)  smooth=0.010  train_loss=0.3359  train_AUPR_all=0.5695  train_AUPR_ab=0.6856  train_AUPR_ag=0.3840  train_P@5_ab=0.9500  train_P@5_ag=0.9000  val_loss=0.4626  val_AUPR_all=0.5432  val_AUPR_ab=0.6980  val_AUPR_ag=0.2897  val_P@5_ab=0.9000  val_P@5_ag=0.9500  select=0.4939
Ep015  LR0=1.85e-04  pw=2.73  aucα=0.180  token_p=0.020  dropE=(0.020,0.080)  smooth=0.010  train_loss=0.3373  train_AUPR_all=0.5767  train_AUPR_ab=0.6867  train_AUPR_ag=0.4007  train_P@5_ab=0.9500  train_P@5_ag=0.8500  val_loss=0.4437  val_AUPR_all=0.5422  val_AUPR_ab=0.7112  val_AUPR_ag=0.2847  val_P@5_ab=1.0000  val_P@5_ag=0.8500  select=0.4979
Ep016  LR0=1.83e-04  pw=2.56  aucα=0.210  token_p=0.020  dropE=(0.020,0.080)  smooth=0.010  train_loss=0.3410  train_AUPR_all=0.5825  train_AUPR_ab=0.6957  train_AUPR_ag=0.4029  train_P@5_ab=1.0000  train_P@5_ag=1.0000  val_loss=0.4101  val_AUPR_all=0.5511  val_AUPR_ab=0.7161  val_AUPR_ag=0.2975  val_P@5_ab=0.9000  val_P@5_ag=0.9500  select=0.5068
Ep017  LR0=1.81e-04  pw=2.41  aucα=0.240  token_p=0.020  dropE=(0.020,0.080)  smooth=0.010  train_loss=0.3404  train_AUPR_all=0.5891  train_AUPR_ab=0.6998  train_AUPR_ag=0.4132  train_P@5_ab=0.9000  train_P@5_ag=1.0000  val_loss=0.3994  val_AUPR_all=0.5517  val_AUPR_ab=0.7054  val_AUPR_ag=0.3113  val_P@5_ab=0.9500  val_P@5_ag=0.8500  select=0.5083
Ep018  LR0=1.79e-04  pw=2.28  aucα=0.270  token_p=0.020  dropE=(0.020,0.080)  smooth=0.010  train_loss=0.3425  train_AUPR_all=0.5946  train_AUPR_ab=0.7027  train_AUPR_ag=0.4245  train_P@5_ab=1.0000  train_P@5_ag=0.9000  val_loss=0.3730  val_AUPR_all=0.5817  val_AUPR_ab=0.7161  val_AUPR_ag=0.3658  val_P@5_ab=0.9000  val_P@5_ag=0.9500  select=0.5409
  Saved checkpoint: checkpoints_post/iPara_balanced_l1_g6_i6_do0.10_dpr0.10_lr0.0002_heads16_fold4.pth  select=0.5409  val_ab=0.7161  val_ag=0.3658  val_all=0.5817
Ep019  LR0=1.76e-04  pw=2.16  aucα=0.300  token_p=0.020  dropE=(0.020,0.080)  smooth=0.010  train_loss=0.3472  train_AUPR_all=0.6029  train_AUPR_ab=0.7110  train_AUPR_ag=0.4320  train_P@5_ab=1.0000  train_P@5_ag=1.0000  val_loss=0.3641  val_AUPR_all=0.5961  val_AUPR_ab=0.7293  val_AUPR_ag=0.3898  val_P@5_ab=1.0000  val_P@5_ag=1.0000  select=0.5595
  Saved checkpoint: checkpoints_post/iPara_balanced_l1_g6_i6_do0.10_dpr0.10_lr0.0002_heads16_fold4.pth  select=0.5595  val_ab=0.7293  val_ag=0.3898  val_all=0.5961
Ep020  LR0=1.73e-04  pw=2.05  aucα=0.300  token_p=0.020  dropE=(0.020,0.080)  smooth=0.010  train_loss=0.3345  train_AUPR_all=0.6108  train_AUPR_ab=0.7192  train_AUPR_ag=0.4421  train_P@5_ab=1.0000  train_P@5_ag=0.9000  val_loss=0.3654  val_AUPR_all=0.5898  val_AUPR_ab=0.7354  val_AUPR_ag=0.3667  val_P@5_ab=1.0000  val_P@5_ag=0.9000  select=0.5510
Ep021  LR0=1.71e-04  pw=1.95  aucα=0.300  token_p=0.020  dropE=(0.020,0.080)  smooth=0.010  train_loss=0.3228  train_AUPR_all=0.6246  train_AUPR_ab=0.7332  train_AUPR_ag=0.4559  train_P@5_ab=1.0000  train_P@5_ag=0.9000  val_loss=0.3528  val_AUPR_all=0.5845  val_AUPR_ab=0.7306  val_AUPR_ag=0.3816  val_P@5_ab=0.9000  val_P@5_ag=0.8500  select=0.5561
Ep022  LR0=1.68e-04  pw=1.86  aucα=0.300  token_p=0.020  dropE=(0.020,0.080)  smooth=0.010  train_loss=0.3112  train_AUPR_all=0.6338  train_AUPR_ab=0.7386  train_AUPR_ag=0.4718  train_P@5_ab=1.0000  train_P@5_ag=0.9500  val_loss=0.3420  val_AUPR_all=0.5964  val_AUPR_ab=0.7385  val_AUPR_ag=0.3783  val_P@5_ab=0.9500  val_P@5_ag=0.9000  select=0.5584
Ep023  LR0=1.65e-04  pw=1.78  aucα=0.300  token_p=0.020  dropE=(0.020,0.080)  smooth=0.010  train_loss=0.3040  train_AUPR_all=0.6385  train_AUPR_ab=0.7399  train_AUPR_ag=0.4827  train_P@5_ab=0.9000  train_P@5_ag=1.0000  val_loss=0.3453  val_AUPR_all=0.5925  val_AUPR_ab=0.7437  val_AUPR_ag=0.3566  val_P@5_ab=1.0000  val_P@5_ag=0.9000  select=0.5501
Ep024  LR0=1.62e-04  pw=1.70  aucα=0.300  token_p=0.020  dropE=(0.020,0.080)  smooth=0.010  train_loss=0.2904  train_AUPR_all=0.6545  train_AUPR_ab=0.7566  train_AUPR_ag=0.4979  train_P@5_ab=1.0000  train_P@5_ag=0.9500  val_loss=0.3353  val_AUPR_all=0.5929  val_AUPR_ab=0.7444  val_AUPR_ag=0.3437  val_P@5_ab=1.0000  val_P@5_ag=0.9500  select=0.5441
Ep025  LR0=1.59e-04  pw=1.64  aucα=0.300  token_p=0.020  dropE=(0.020,0.080)  smooth=0.010  train_loss=0.2862  train_AUPR_all=0.6550  train_AUPR_ab=0.7521  train_AUPR_ag=0.5072  train_P@5_ab=1.0000  train_P@5_ag=0.9000  val_loss=0.3467  val_AUPR_all=0.5736  val_AUPR_ab=0.7270  val_AUPR_ag=0.3385  val_P@5_ab=0.9000  val_P@5_ag=1.0000  select=0.5327
Ep026  LR0=1.56e-04  pw=1.57  aucα=0.300  token_p=0.020  dropE=(0.020,0.080)  smooth=0.010  train_loss=0.2790  train_AUPR_all=0.6611  train_AUPR_ab=0.7578  train_AUPR_ag=0.5146  train_P@5_ab=1.0000  train_P@5_ag=1.0000  val_loss=0.3163  val_AUPR_all=0.6071  val_AUPR_ab=0.7476  val_AUPR_ag=0.3849  val_P@5_ab=0.9500  val_P@5_ag=1.0000  select=0.5663
  Saved checkpoint: checkpoints_post/iPara_balanced_l1_g6_i6_do0.10_dpr0.10_lr0.0002_heads16_fold4.pth  select=0.5663  val_ab=0.7476  val_ag=0.3849  val_all=0.6071
Ep027  LR0=1.52e-04  pw=1.52  aucα=0.300  token_p=0.020  dropE=(0.020,0.080)  smooth=0.010  train_loss=0.2673  train_AUPR_all=0.6766  train_AUPR_ab=0.7683  train_AUPR_ag=0.5381  train_P@5_ab=1.0000  train_P@5_ag=1.0000  val_loss=0.3288  val_AUPR_all=0.5978  val_AUPR_ab=0.7528  val_AUPR_ag=0.3779  val_P@5_ab=1.0000  val_P@5_ag=1.0000  select=0.5654
Ep028  LR0=1.49e-04  pw=1.47  aucα=0.300  token_p=0.020  dropE=(0.020,0.080)  smooth=0.010  train_loss=0.2571  train_AUPR_all=0.6883  train_AUPR_ab=0.7747  train_AUPR_ag=0.5587  train_P@5_ab=1.0000  train_P@5_ag=0.9000  val_loss=0.3377  val_AUPR_all=0.5908  val_AUPR_ab=0.7512  val_AUPR_ag=0.3562  val_P@5_ab=0.9500  val_P@5_ag=0.9500  select=0.5537
Ep029  LR0=1.46e-04  pw=1.43  aucα=0.300  token_p=0.020  dropE=(0.020,0.080)  smooth=0.010  train_loss=0.2488  train_AUPR_all=0.6975  train_AUPR_ab=0.7830  train_AUPR_ag=0.5684  train_P@5_ab=0.9500  train_P@5_ag=1.0000  val_loss=0.3266  val_AUPR_all=0.6010  val_AUPR_ab=0.7488  val_AUPR_ag=0.3926  val_P@5_ab=0.9500  val_P@5_ag=0.9500  select=0.5707
  Saved checkpoint: checkpoints_post/iPara_balanced_l1_g6_i6_do0.10_dpr0.10_lr0.0002_heads16_fold4.pth  select=0.5707  val_ab=0.7488  val_ag=0.3926  val_all=0.6010
Ep030  LR0=1.42e-04  pw=1.39  aucα=0.300  token_p=0.020  dropE=(0.020,0.080)  smooth=0.010  train_loss=0.2419  train_AUPR_all=0.7051  train_AUPR_ab=0.7850  train_AUPR_ag=0.5853  train_P@5_ab=0.9500  train_P@5_ag=1.0000  val_loss=0.3193  val_AUPR_all=0.5940  val_AUPR_ab=0.7349  val_AUPR_ag=0.3758  val_P@5_ab=0.8500  val_P@5_ag=0.8500  select=0.5553
Ep031  LR0=1.38e-04  pw=1.35  aucα=0.300  token_p=0.020  dropE=(0.020,0.080)  smooth=0.010  train_loss=0.2361  train_AUPR_all=0.7121  train_AUPR_ab=0.7915  train_AUPR_ag=0.5931  train_P@5_ab=1.0000  train_P@5_ag=0.9500  val_loss=0.3238  val_AUPR_all=0.5978  val_AUPR_ab=0.7439  val_AUPR_ag=0.3827  val_P@5_ab=0.8500  val_P@5_ag=1.0000  select=0.5633
Ep032  LR0=1.35e-04  pw=1.32  aucα=0.300  token_p=0.020  dropE=(0.020,0.080)  smooth=0.010  train_loss=0.2288  train_AUPR_all=0.7232  train_AUPR_ab=0.7973  train_AUPR_ag=0.6129  train_P@5_ab=1.0000  train_P@5_ag=0.9500  val_loss=0.3222  val_AUPR_all=0.5768  val_AUPR_ab=0.7352  val_AUPR_ag=0.3548  val_P@5_ab=0.9000  val_P@5_ag=0.9000  select=0.5450
Ep033  LR0=1.31e-04  pw=1.29  aucα=0.300  token_p=0.020  dropE=(0.020,0.080)  smooth=0.010  train_loss=0.2245  train_AUPR_all=0.7268  train_AUPR_ab=0.8006  train_AUPR_ag=0.6172  train_P@5_ab=0.9500  train_P@5_ag=1.0000  val_loss=0.3131  val_AUPR_all=0.5993  val_AUPR_ab=0.7477  val_AUPR_ag=0.3808  val_P@5_ab=0.9500  val_P@5_ag=0.9000  select=0.5642
Ep034  LR0=1.27e-04  pw=1.26  aucα=0.300  token_p=0.020  dropE=(0.020,0.080)  smooth=0.010  train_loss=0.2153  train_AUPR_all=0.7417  train_AUPR_ab=0.8109  train_AUPR_ag=0.6396  train_P@5_ab=0.9500  train_P@5_ag=1.0000  val_loss=0.3137  val_AUPR_all=0.5984  val_AUPR_ab=0.7527  val_AUPR_ag=0.3965  val_P@5_ab=0.8500  val_P@5_ag=0.9500  select=0.5746
  Saved checkpoint: checkpoints_post/iPara_balanced_l1_g6_i6_do0.10_dpr0.10_lr0.0002_heads16_fold4.pth  select=0.5746  val_ab=0.7527  val_ag=0.3965  val_all=0.5984
Ep035  LR0=1.24e-04  pw=1.23  aucα=0.300  token_p=0.020  dropE=(0.020,0.080)  smooth=0.010  train_loss=0.2034  train_AUPR_all=0.7589  train_AUPR_ab=0.8222  train_AUPR_ag=0.6645  train_P@5_ab=1.0000  train_P@5_ag=1.0000  val_loss=0.3149  val_AUPR_all=0.6024  val_AUPR_ab=0.7609  val_AUPR_ag=0.3732  val_P@5_ab=1.0000  val_P@5_ag=0.9500  select=0.5671
Ep036  LR0=1.20e-04  pw=1.21  aucα=0.300  token_p=0.020  dropE=(0.020,0.080)  smooth=0.010  train_loss=0.2021  train_AUPR_all=0.7601  train_AUPR_ab=0.8253  train_AUPR_ag=0.6630  train_P@5_ab=1.0000  train_P@5_ag=1.0000  val_loss=0.3062  val_AUPR_all=0.6011  val_AUPR_ab=0.7492  val_AUPR_ag=0.3777  val_P@5_ab=0.9000  val_P@5_ag=0.8500  select=0.5634
Ep037  LR0=1.16e-04  pw=1.19  aucα=0.300  token_p=0.020  dropE=(0.020,0.080)  smooth=0.010  train_loss=0.1990  train_AUPR_all=0.7640  train_AUPR_ab=0.8258  train_AUPR_ag=0.6731  train_P@5_ab=0.9500  train_P@5_ag=0.9500  val_loss=0.3141  val_AUPR_all=0.5848  val_AUPR_ab=0.7463  val_AUPR_ag=0.3546  val_P@5_ab=0.8500  val_P@5_ag=0.9500  select=0.5505
Ep038  LR0=1.12e-04  pw=1.17  aucα=0.300  token_p=0.020  dropE=(0.020,0.080)  smooth=0.010  train_loss=0.1904  train_AUPR_all=0.7766  train_AUPR_ab=0.8350  train_AUPR_ag=0.6904  train_P@5_ab=1.0000  train_P@5_ag=1.0000  val_loss=0.3238  val_AUPR_all=0.5943  val_AUPR_ab=0.7441  val_AUPR_ag=0.3881  val_P@5_ab=0.9000  val_P@5_ag=0.9000  select=0.5661
Ep039  LR0=1.08e-04  pw=1.16  aucα=0.300  token_p=0.020  dropE=(0.020,0.080)  smooth=0.010  train_loss=0.1808  train_AUPR_all=0.7919  train_AUPR_ab=0.8476  train_AUPR_ag=0.7085  train_P@5_ab=1.0000  train_P@5_ag=1.0000  val_loss=0.3148  val_AUPR_all=0.5918  val_AUPR_ab=0.7417  val_AUPR_ag=0.3803  val_P@5_ab=0.9000  val_P@5_ag=0.9500  select=0.5610
Ep040  LR0=1.04e-04  pw=1.14  aucα=0.300  token_p=0.020  dropE=(0.020,0.080)  smooth=0.010  train_loss=0.1773  train_AUPR_all=0.7980  train_AUPR_ab=0.8504  train_AUPR_ag=0.7206  train_P@5_ab=1.0000  train_P@5_ag=1.0000  val_loss=0.3100  val_AUPR_all=0.5926  val_AUPR_ab=0.7442  val_AUPR_ag=0.3829  val_P@5_ab=0.8000  val_P@5_ag=0.9500  select=0.5636
Ep041  LR0=1.00e-04  pw=1.13  aucα=0.300  token_p=0.020  dropE=(0.020,0.080)  smooth=0.010  train_loss=0.1755  train_AUPR_all=0.7995  train_AUPR_ab=0.8513  train_AUPR_ag=0.7233  train_P@5_ab=1.0000  train_P@5_ag=1.0000  val_loss=0.3120  val_AUPR_all=0.5978  val_AUPR_ab=0.7502  val_AUPR_ag=0.3826  val_P@5_ab=0.9000  val_P@5_ag=0.8000  select=0.5664
Ep042  LR0=9.63e-05  pw=1.12  aucα=0.300  token_p=0.020  dropE=(0.020,0.080)  smooth=0.010  train_loss=0.1667  train_AUPR_all=0.8144  train_AUPR_ab=0.8656  train_AUPR_ag=0.7373  train_P@5_ab=1.0000  train_P@5_ag=1.0000  val_loss=0.3197  val_AUPR_all=0.5893  val_AUPR_ab=0.7485  val_AUPR_ag=0.3809  val_P@5_ab=0.8500  val_P@5_ag=0.8000  select=0.5647
Ep043  LR0=9.24e-05  pw=1.10  aucα=0.300  token_p=0.020  dropE=(0.020,0.080)  smooth=0.010  train_loss=0.1627  train_AUPR_all=0.8199  train_AUPR_ab=0.8678  train_AUPR_ag=0.7492  train_P@5_ab=0.9500  train_P@5_ag=1.0000  val_loss=0.3279  val_AUPR_all=0.5810  val_AUPR_ab=0.7403  val_AUPR_ag=0.3772  val_P@5_ab=0.8500  val_P@5_ag=0.7000  select=0.5588
Ep044  LR0=8.85e-05  pw=1.09  aucα=0.300  token_p=0.020  dropE=(0.020,0.080)  smooth=0.010  train_loss=0.1612  train_AUPR_all=0.8219  train_AUPR_ab=0.8695  train_AUPR_ag=0.7512  train_P@5_ab=1.0000  train_P@5_ag=1.0000  val_loss=0.3242  val_AUPR_all=0.5836  val_AUPR_ab=0.7403  val_AUPR_ag=0.3825  val_P@5_ab=0.9000  val_P@5_ag=0.8500  select=0.5614
Ep045  LR0=8.46e-05  pw=1.09  aucα=0.300  token_p=0.020  dropE=(0.020,0.080)  smooth=0.010  train_loss=0.1568  train_AUPR_all=0.8293  train_AUPR_ab=0.8743  train_AUPR_ag=0.7626  train_P@5_ab=1.0000  train_P@5_ag=0.9500  val_loss=0.3140  val_AUPR_all=0.6005  val_AUPR_ab=0.7464  val_AUPR_ag=0.3975  val_P@5_ab=1.0000  val_P@5_ag=0.8000  select=0.5719
Ep046  LR0=8.08e-05  pw=1.08  aucα=0.300  token_p=0.020  dropE=(0.020,0.080)  smooth=0.010  train_loss=0.1549  train_AUPR_all=0.8322  train_AUPR_ab=0.8799  train_AUPR_ag=0.7601  train_P@5_ab=1.0000  train_P@5_ag=1.0000  val_loss=0.3165  val_AUPR_all=0.5950  val_AUPR_ab=0.7477  val_AUPR_ag=0.3824  val_P@5_ab=0.9000  val_P@5_ag=0.8000  select=0.5650
Ep047  LR0=7.70e-05  pw=1.07  aucα=0.300  token_p=0.020  dropE=(0.020,0.080)  smooth=0.010  train_loss=0.1472  train_AUPR_all=0.8446  train_AUPR_ab=0.8865  train_AUPR_ag=0.7820  train_P@5_ab=1.0000  train_P@5_ag=1.0000  val_loss=0.3405  val_AUPR_all=0.5821  val_AUPR_ab=0.7341  val_AUPR_ag=0.3593  val_P@5_ab=0.8000  val_P@5_ag=0.7000  select=0.5467
Ep048  LR0=7.32e-05  pw=1.06  aucα=0.300  token_p=0.020  dropE=(0.020,0.080)  smooth=0.010  train_loss=0.1479  train_AUPR_all=0.8432  train_AUPR_ab=0.8849  train_AUPR_ag=0.7814  train_P@5_ab=1.0000  train_P@5_ag=1.0000  val_loss=0.3185  val_AUPR_all=0.5943  val_AUPR_ab=0.7449  val_AUPR_ag=0.3811  val_P@5_ab=0.8000  val_P@5_ag=0.7000  select=0.5630
Ep049  LR0=6.94e-05  pw=1.06  aucα=0.300  token_p=0.020  dropE=(0.020,0.080)  smooth=0.010  train_loss=0.1385  train_AUPR_all=0.8587  train_AUPR_ab=0.8971  train_AUPR_ag=0.8009  train_P@5_ab=1.0000  train_P@5_ag=1.0000  val_loss=0.3317  val_AUPR_all=0.5839  val_AUPR_ab=0.7470  val_AUPR_ag=0.3755  val_P@5_ab=0.8500  val_P@5_ag=0.5500  select=0.5613
Ep050  LR0=6.57e-05  pw=1.05  aucα=0.300  token_p=0.020  dropE=(0.020,0.080)  smooth=0.010  train_loss=0.1371  train_AUPR_all=0.8599  train_AUPR_ab=0.8964  train_AUPR_ag=0.8052  train_P@5_ab=0.9500  train_P@5_ag=1.0000  val_loss=0.3364  val_AUPR_all=0.5813  val_AUPR_ab=0.7436  val_AUPR_ag=0.3707  val_P@5_ab=0.9500  val_P@5_ag=0.6500  select=0.5571
Ep051  LR0=6.21e-05  pw=1.05  aucα=0.300  token_p=0.020  dropE=(0.020,0.080)  smooth=0.010  train_loss=0.1368  train_AUPR_all=0.8611  train_AUPR_ab=0.8978  train_AUPR_ag=0.8065  train_P@5_ab=1.0000  train_P@5_ag=1.0000  val_loss=0.3345  val_AUPR_all=0.5725  val_AUPR_ab=0.7416  val_AUPR_ag=0.3532  val_P@5_ab=0.9500  val_P@5_ag=0.6500  select=0.5474
Ep052  LR0=5.85e-05  pw=1.04  aucα=0.300  token_p=0.020  dropE=(0.020,0.080)  smooth=0.010  train_loss=0.1341  train_AUPR_all=0.8645  train_AUPR_ab=0.9028  train_AUPR_ag=0.8067  train_P@5_ab=1.0000  train_P@5_ag=1.0000  val_loss=0.3312  val_AUPR_all=0.5782  val_AUPR_ab=0.7366  val_AUPR_ag=0.3772  val_P@5_ab=0.9500  val_P@5_ag=0.6000  select=0.5569
Ep053  LR0=5.50e-05  pw=1.04  aucα=0.300  token_p=0.020  dropE=(0.020,0.080)  smooth=0.010  train_loss=0.1325  train_AUPR_all=0.8681  train_AUPR_ab=0.9053  train_AUPR_ag=0.8127  train_P@5_ab=1.0000  train_P@5_ag=0.9500  val_loss=0.3277  val_AUPR_all=0.5885  val_AUPR_ab=0.7418  val_AUPR_ag=0.3831  val_P@5_ab=0.8500  val_P@5_ag=0.5500  select=0.5625
Ep054  LR0=5.15e-05  pw=1.03  aucα=0.300  token_p=0.020  dropE=(0.020,0.080)  smooth=0.010  train_loss=0.1291  train_AUPR_all=0.8717  train_AUPR_ab=0.9086  train_AUPR_ag=0.8157  train_P@5_ab=1.0000  train_P@5_ag=1.0000  val_loss=0.3386  val_AUPR_all=0.5739  val_AUPR_ab=0.7273  val_AUPR_ag=0.3701  val_P@5_ab=0.7000  val_P@5_ag=0.8000  select=0.5487
Early stopping at epoch 54. Best select=0.5746 at epoch 34.
Final saved checkpoint for fold 4: checkpoints_post/iPara_balanced_l1_g6_i6_do0.10_dpr0.10_lr0.0002_heads16_fold4.pth
Best select=0.5746 at epoch 34

==========================================================================================
Fold 5/5
==========================================================================================
Train labels: valid=399660, pos=26617, neg=373043, ignore=699540, pos_frac=0.06660
Val labels: valid=100532, pos=6613, neg=93919, ignore=173068, pos_frac=0.06578
Initializing ClassificationModel with 6 GAT layers and residual connections...
Initializing MCModel with 6 GAT layers and 6 row attention layers (drop_path_rate=0.1)
Initializing CoreModel with 1 layers, drop_path_rate=0.1
Ep001  LR0=2.00e-04  pw=8.00  aucα=0.000  token_p=0.020  dropE=(0.020,0.080)  smooth=0.010  train_loss=0.8737  train_AUPR_all=0.1616  train_AUPR_ab=0.1841  train_AUPR_ag=0.1411  train_P@5_ab=0.6000  train_P@5_ag=0.1000  val_loss=1.4035  val_AUPR_all=0.3031  val_AUPR_ab=0.4373  val_AUPR_ag=0.1562  val_P@5_ab=0.7000  val_P@5_ag=0.6500  select=0.2967
  Saved checkpoint: checkpoints_post/iPara_balanced_l1_g6_i6_do0.10_dpr0.10_lr0.0002_heads16_fold5.pth  select=0.2967  val_ab=0.4373  val_ag=0.1562  val_all=0.3031
Ep002  LR0=2.00e-04  pw=7.33  aucα=0.000  token_p=0.020  dropE=(0.020,0.080)  smooth=0.010  train_loss=0.5920  train_AUPR_all=0.3561  train_AUPR_ab=0.4326  train_AUPR_ag=0.2427  train_P@5_ab=0.7500  train_P@5_ag=0.8500  val_loss=0.9036  val_AUPR_all=0.4039  val_AUPR_ab=0.5580  val_AUPR_ag=0.1598  val_P@5_ab=0.7000  val_P@5_ag=0.7000  select=0.3589
  Saved checkpoint: checkpoints_post/iPara_balanced_l1_g6_i6_do0.10_dpr0.10_lr0.0002_heads16_fold5.pth  select=0.3589  val_ab=0.5580  val_ag=0.1598  val_all=0.4039
Ep003  LR0=2.00e-04  pw=6.73  aucα=0.000  token_p=0.020  dropE=(0.020,0.080)  smooth=0.010  train_loss=0.5126  train_AUPR_all=0.4080  train_AUPR_ab=0.5006  train_AUPR_ag=0.2620  train_P@5_ab=0.8500  train_P@5_ag=0.6500  val_loss=0.9245  val_AUPR_all=0.4035  val_AUPR_ab=0.5363  val_AUPR_ag=0.1812  val_P@5_ab=0.8000  val_P@5_ag=0.6500  select=0.3587
Ep004  LR0=1.99e-04  pw=6.19  aucα=0.000  token_p=0.020  dropE=(0.020,0.080)  smooth=0.010  train_loss=0.4624  train_AUPR_all=0.4381  train_AUPR_ab=0.5243  train_AUPR_ag=0.2941  train_P@5_ab=0.9000  train_P@5_ag=0.9500  val_loss=0.7231  val_AUPR_all=0.4566  val_AUPR_ab=0.6068  val_AUPR_ag=0.2002  val_P@5_ab=0.7500  val_P@5_ag=0.6500  select=0.4035
  Saved checkpoint: checkpoints_post/iPara_balanced_l1_g6_i6_do0.10_dpr0.10_lr0.0002_heads16_fold5.pth  select=0.4035  val_ab=0.6068  val_ag=0.2002  val_all=0.4566
Ep005  LR0=1.99e-04  pw=5.69  aucα=0.000  token_p=0.020  dropE=(0.020,0.080)  smooth=0.010  train_loss=0.4340  train_AUPR_all=0.4544  train_AUPR_ab=0.5460  train_AUPR_ag=0.3023  train_P@5_ab=0.6500  train_P@5_ag=0.8000  val_loss=0.6804  val_AUPR_all=0.4748  val_AUPR_ab=0.6291  val_AUPR_ag=0.2153  val_P@5_ab=0.9500  val_P@5_ag=0.9500  select=0.4222
  Saved checkpoint: checkpoints_post/iPara_balanced_l1_g6_i6_do0.10_dpr0.10_lr0.0002_heads16_fold5.pth  select=0.4222  val_ab=0.6291  val_ag=0.2153  val_all=0.4748
Ep006  LR0=1.98e-04  pw=5.25  aucα=0.000  token_p=0.020  dropE=(0.020,0.080)  smooth=0.010  train_loss=0.4052  train_AUPR_all=0.4809  train_AUPR_ab=0.5741  train_AUPR_ag=0.3269  train_P@5_ab=0.9000  train_P@5_ag=0.9000  val_loss=0.7523  val_AUPR_all=0.4728  val_AUPR_ab=0.6471  val_AUPR_ag=0.1949  val_P@5_ab=0.8500  val_P@5_ag=0.8500  select=0.4210
Ep007  LR0=1.97e-04  pw=4.84  aucα=0.000  token_p=0.020  dropE=(0.020,0.080)  smooth=0.010  train_loss=0.3841  train_AUPR_all=0.4873  train_AUPR_ab=0.5839  train_AUPR_ag=0.3234  train_P@5_ab=0.8000  train_P@5_ag=0.9500  val_loss=0.6507  val_AUPR_all=0.4690  val_AUPR_ab=0.6254  val_AUPR_ag=0.2107  val_P@5_ab=0.7000  val_P@5_ag=0.8000  select=0.4180
Ep008  LR0=1.96e-04  pw=4.48  aucα=0.000  token_p=0.020  dropE=(0.020,0.080)  smooth=0.010  train_loss=0.3622  train_AUPR_all=0.5050  train_AUPR_ab=0.5996  train_AUPR_ag=0.3438  train_P@5_ab=0.8500  train_P@5_ag=0.8500  val_loss=0.5603  val_AUPR_all=0.5163  val_AUPR_ab=0.6641  val_AUPR_ag=0.2723  val_P@5_ab=0.9000  val_P@5_ag=1.0000  select=0.4682
  Saved checkpoint: checkpoints_post/iPara_balanced_l1_g6_i6_do0.10_dpr0.10_lr0.0002_heads16_fold5.pth  select=0.4682  val_ab=0.6641  val_ag=0.2723  val_all=0.5163
Ep009  LR0=1.95e-04  pw=4.15  aucα=0.000  token_p=0.020  dropE=(0.020,0.080)  smooth=0.010  train_loss=0.3405  train_AUPR_all=0.5141  train_AUPR_ab=0.6080  train_AUPR_ag=0.3533  train_P@5_ab=0.7000  train_P@5_ag=0.9000  val_loss=0.5565  val_AUPR_all=0.4782  val_AUPR_ab=0.6524  val_AUPR_ag=0.2121  val_P@5_ab=0.3500  val_P@5_ag=0.9000  select=0.4323
Ep010  LR0=1.94e-04  pw=3.85  aucα=0.030  token_p=0.020  dropE=(0.020,0.080)  smooth=0.010  train_loss=0.3418  train_AUPR_all=0.5290  train_AUPR_ab=0.6253  train_AUPR_ag=0.3644  train_P@5_ab=0.8500  train_P@5_ag=0.8500  val_loss=0.4992  val_AUPR_all=0.5421  val_AUPR_ab=0.6890  val_AUPR_ag=0.3005  val_P@5_ab=0.9000  val_P@5_ag=1.0000  select=0.4947
  Saved checkpoint: checkpoints_post/iPara_balanced_l1_g6_i6_do0.10_dpr0.10_lr0.0002_heads16_fold5.pth  select=0.4947  val_ab=0.6890  val_ag=0.3005  val_all=0.5421
Unfreezing DyM parameters.
Ep011  LR0=1.92e-04  pw=3.58  aucα=0.060  token_p=0.020  dropE=(0.020,0.080)  smooth=0.010  train_loss=0.3366  train_AUPR_all=0.5403  train_AUPR_ab=0.6452  train_AUPR_ag=0.3635  train_P@5_ab=0.8500  train_P@5_ag=1.0000  val_loss=0.5073  val_AUPR_all=0.4983  val_AUPR_ab=0.6442  val_AUPR_ag=0.2782  val_P@5_ab=0.7500  val_P@5_ag=0.9000  select=0.4612
Ep012  LR0=1.91e-04  pw=3.33  aucα=0.090  token_p=0.020  dropE=(0.020,0.080)  smooth=0.010  train_loss=0.3401  train_AUPR_all=0.5422  train_AUPR_ab=0.6428  train_AUPR_ag=0.3757  train_P@5_ab=0.9500  train_P@5_ag=1.0000  val_loss=0.4456  val_AUPR_all=0.5579  val_AUPR_ab=0.7087  val_AUPR_ag=0.3229  val_P@5_ab=1.0000  val_P@5_ag=1.0000  select=0.5158
  Saved checkpoint: checkpoints_post/iPara_balanced_l1_g6_i6_do0.10_dpr0.10_lr0.0002_heads16_fold5.pth  select=0.5158  val_ab=0.7087  val_ag=0.3229  val_all=0.5579
Ep013  LR0=1.89e-04  pw=3.11  aucα=0.120  token_p=0.020  dropE=(0.020,0.080)  smooth=0.010  train_loss=0.3368  train_AUPR_all=0.5588  train_AUPR_ab=0.6664  train_AUPR_ag=0.3840  train_P@5_ab=0.8000  train_P@5_ag=1.0000  val_loss=0.4534  val_AUPR_all=0.5370  val_AUPR_ab=0.6976  val_AUPR_ag=0.3003  val_P@5_ab=1.0000  val_P@5_ag=0.9500  select=0.4989
Ep014  LR0=1.87e-04  pw=2.91  aucα=0.150  token_p=0.020  dropE=(0.020,0.080)  smooth=0.010  train_loss=0.3383  train_AUPR_all=0.5649  train_AUPR_ab=0.6703  train_AUPR_ag=0.3947  train_P@5_ab=0.9500  train_P@5_ag=0.8500  val_loss=0.4389  val_AUPR_all=0.5257  val_AUPR_ab=0.6783  val_AUPR_ag=0.2971  val_P@5_ab=1.0000  val_P@5_ag=0.9000  select=0.4877
Ep015  LR0=1.85e-04  pw=2.73  aucα=0.180  token_p=0.020  dropE=(0.020,0.080)  smooth=0.010  train_loss=0.3407  train_AUPR_all=0.5693  train_AUPR_ab=0.6735  train_AUPR_ag=0.4019  train_P@5_ab=0.9500  train_P@5_ag=1.0000  val_loss=0.4078  val_AUPR_all=0.5649  val_AUPR_ab=0.7164  val_AUPR_ag=0.3245  val_P@5_ab=1.0000  val_P@5_ag=0.9000  select=0.5205
  Saved checkpoint: checkpoints_post/iPara_balanced_l1_g6_i6_do0.10_dpr0.10_lr0.0002_heads16_fold5.pth  select=0.5205  val_ab=0.7164  val_ag=0.3245  val_all=0.5649
Ep016  LR0=1.83e-04  pw=2.56  aucα=0.210  token_p=0.020  dropE=(0.020,0.080)  smooth=0.010  train_loss=0.3375  train_AUPR_all=0.5838  train_AUPR_ab=0.6867  train_AUPR_ag=0.4209  train_P@5_ab=0.8000  train_P@5_ag=0.9500  val_loss=0.4030  val_AUPR_all=0.5641  val_AUPR_ab=0.7156  val_AUPR_ag=0.3247  val_P@5_ab=0.9500  val_P@5_ag=1.0000  select=0.5201
Ep017  LR0=1.81e-04  pw=2.41  aucα=0.240  token_p=0.020  dropE=(0.020,0.080)  smooth=0.010  train_loss=0.3411  train_AUPR_all=0.5922  train_AUPR_ab=0.7000  train_AUPR_ag=0.4228  train_P@5_ab=0.9000  train_P@5_ag=1.0000  val_loss=0.4382  val_AUPR_all=0.5132  val_AUPR_ab=0.6873  val_AUPR_ag=0.2871  val_P@5_ab=0.9500  val_P@5_ag=0.9000  select=0.4872
Ep018  LR0=1.79e-04  pw=2.28  aucα=0.270  token_p=0.020  dropE=(0.020,0.080)  smooth=0.010  train_loss=0.3443  train_AUPR_all=0.5942  train_AUPR_ab=0.7019  train_AUPR_ag=0.4244  train_P@5_ab=0.9500  train_P@5_ag=0.9500  val_loss=0.3833  val_AUPR_all=0.5702  val_AUPR_ab=0.7280  val_AUPR_ag=0.3175  val_P@5_ab=0.9000  val_P@5_ag=0.9000  select=0.5227
  Saved checkpoint: checkpoints_post/iPara_balanced_l1_g6_i6_do0.10_dpr0.10_lr0.0002_heads16_fold5.pth  select=0.5227  val_ab=0.7280  val_ag=0.3175  val_all=0.5702
Ep019  LR0=1.76e-04  pw=2.16  aucα=0.300  token_p=0.020  dropE=(0.020,0.080)  smooth=0.010  train_loss=0.3444  train_AUPR_all=0.6059  train_AUPR_ab=0.7104  train_AUPR_ag=0.4438  train_P@5_ab=0.9000  train_P@5_ag=0.9500  val_loss=0.3767  val_AUPR_all=0.5696  val_AUPR_ab=0.7215  val_AUPR_ag=0.3229  val_P@5_ab=0.9500  val_P@5_ag=1.0000  select=0.5222
Ep020  LR0=1.73e-04  pw=2.05  aucα=0.300  token_p=0.020  dropE=(0.020,0.080)  smooth=0.010  train_loss=0.3372  train_AUPR_all=0.6074  train_AUPR_ab=0.7113  train_AUPR_ag=0.4462  train_P@5_ab=0.9000  train_P@5_ag=0.8500  val_loss=0.3687  val_AUPR_all=0.5772  val_AUPR_ab=0.7282  val_AUPR_ag=0.3264  val_P@5_ab=0.9500  val_P@5_ag=0.9000  select=0.5273
  Saved checkpoint: checkpoints_post/iPara_balanced_l1_g6_i6_do0.10_dpr0.10_lr0.0002_heads16_fold5.pth  select=0.5273  val_ab=0.7282  val_ag=0.3264  val_all=0.5772
Ep021  LR0=1.71e-04  pw=1.95  aucα=0.300  token_p=0.020  dropE=(0.020,0.080)  smooth=0.010  train_loss=0.3271  train_AUPR_all=0.6141  train_AUPR_ab=0.7182  train_AUPR_ag=0.4547  train_P@5_ab=1.0000  train_P@5_ag=0.9500  val_loss=0.3585  val_AUPR_all=0.5713  val_AUPR_ab=0.7223  val_AUPR_ag=0.3319  val_P@5_ab=1.0000  val_P@5_ag=1.0000  select=0.5271
Ep022  LR0=1.68e-04  pw=1.86  aucα=0.300  token_p=0.020  dropE=(0.020,0.080)  smooth=0.010  train_loss=0.3154  train_AUPR_all=0.6253  train_AUPR_ab=0.7267  train_AUPR_ag=0.4707  train_P@5_ab=1.0000  train_P@5_ag=0.9500  val_loss=0.3855  val_AUPR_all=0.5432  val_AUPR_ab=0.7074  val_AUPR_ag=0.2951  val_P@5_ab=0.9500  val_P@5_ag=0.9500  select=0.5012
Ep023  LR0=1.65e-04  pw=1.78  aucα=0.300  token_p=0.020  dropE=(0.020,0.080)  smooth=0.010  train_loss=0.3029  train_AUPR_all=0.6400  train_AUPR_ab=0.7389  train_AUPR_ag=0.4894  train_P@5_ab=0.9500  train_P@5_ag=1.0000  val_loss=0.3492  val_AUPR_all=0.5701  val_AUPR_ab=0.7165  val_AUPR_ag=0.3352  val_P@5_ab=0.9000  val_P@5_ag=0.9500  select=0.5259
Ep024  LR0=1.62e-04  pw=1.70  aucα=0.300  token_p=0.020  dropE=(0.020,0.080)  smooth=0.010  train_loss=0.2942  train_AUPR_all=0.6492  train_AUPR_ab=0.7467  train_AUPR_ag=0.5019  train_P@5_ab=0.9000  train_P@5_ag=0.9000  val_loss=0.3388  val_AUPR_all=0.5838  val_AUPR_ab=0.7317  val_AUPR_ag=0.3494  val_P@5_ab=0.9500  val_P@5_ag=0.9500  select=0.5405
  Saved checkpoint: checkpoints_post/iPara_balanced_l1_g6_i6_do0.10_dpr0.10_lr0.0002_heads16_fold5.pth  select=0.5405  val_ab=0.7317  val_ag=0.3494  val_all=0.5838
Ep025  LR0=1.59e-04  pw=1.64  aucα=0.300  token_p=0.020  dropE=(0.020,0.080)  smooth=0.010  train_loss=0.2884  train_AUPR_all=0.6493  train_AUPR_ab=0.7456  train_AUPR_ag=0.5039  train_P@5_ab=1.0000  train_P@5_ag=1.0000  val_loss=0.3319  val_AUPR_all=0.5834  val_AUPR_ab=0.7309  val_AUPR_ag=0.3669  val_P@5_ab=1.0000  val_P@5_ag=1.0000  select=0.5489
  Saved checkpoint: checkpoints_post/iPara_balanced_l1_g6_i6_do0.10_dpr0.10_lr0.0002_heads16_fold5.pth  select=0.5489  val_ab=0.7309  val_ag=0.3669  val_all=0.5834
Ep026  LR0=1.56e-04  pw=1.57  aucα=0.300  token_p=0.020  dropE=(0.020,0.080)  smooth=0.010  train_loss=0.2792  train_AUPR_all=0.6628  train_AUPR_ab=0.7573  train_AUPR_ag=0.5207  train_P@5_ab=1.0000  train_P@5_ag=1.0000  val_loss=0.3498  val_AUPR_all=0.5658  val_AUPR_ab=0.7270  val_AUPR_ag=0.3250  val_P@5_ab=0.9500  val_P@5_ag=1.0000  select=0.5260
Ep027  LR0=1.52e-04  pw=1.52  aucα=0.300  token_p=0.020  dropE=(0.020,0.080)  smooth=0.010  train_loss=0.2699  train_AUPR_all=0.6691  train_AUPR_ab=0.7580  train_AUPR_ag=0.5362  train_P@5_ab=0.9500  train_P@5_ag=0.9500  val_loss=0.3267  val_AUPR_all=0.5871  val_AUPR_ab=0.7373  val_AUPR_ag=0.3581  val_P@5_ab=1.0000  val_P@5_ag=0.9500  select=0.5477
Ep028  LR0=1.49e-04  pw=1.47  aucα=0.300  token_p=0.020  dropE=(0.020,0.080)  smooth=0.010  train_loss=0.2635  train_AUPR_all=0.6760  train_AUPR_ab=0.7632  train_AUPR_ag=0.5454  train_P@5_ab=1.0000  train_P@5_ag=0.9500  val_loss=0.3256  val_AUPR_all=0.5855  val_AUPR_ab=0.7341  val_AUPR_ag=0.3555  val_P@5_ab=1.0000  val_P@5_ag=0.9000  select=0.5448
Ep029  LR0=1.46e-04  pw=1.43  aucα=0.300  token_p=0.020  dropE=(0.020,0.080)  smooth=0.010  train_loss=0.2549  train_AUPR_all=0.6860  train_AUPR_ab=0.7669  train_AUPR_ag=0.5663  train_P@5_ab=0.9500  train_P@5_ag=1.0000  val_loss=0.3278  val_AUPR_all=0.5758  val_AUPR_ab=0.7319  val_AUPR_ag=0.3609  val_P@5_ab=0.9000  val_P@5_ag=0.9500  select=0.5464
Ep030  LR0=1.42e-04  pw=1.39  aucα=0.300  token_p=0.020  dropE=(0.020,0.080)  smooth=0.010  train_loss=0.2455  train_AUPR_all=0.6972  train_AUPR_ab=0.7740  train_AUPR_ag=0.5836  train_P@5_ab=1.0000  train_P@5_ag=1.0000  val_loss=0.3191  val_AUPR_all=0.5873  val_AUPR_ab=0.7479  val_AUPR_ag=0.3624  val_P@5_ab=1.0000  val_P@5_ag=1.0000  select=0.5551
  Saved checkpoint: checkpoints_post/iPara_balanced_l1_g6_i6_do0.10_dpr0.10_lr0.0002_heads16_fold5.pth  select=0.5551  val_ab=0.7479  val_ag=0.3624  val_all=0.5873
Ep031  LR0=1.38e-04  pw=1.35  aucα=0.300  token_p=0.020  dropE=(0.020,0.080)  smooth=0.010  train_loss=0.2379  train_AUPR_all=0.7100  train_AUPR_ab=0.7867  train_AUPR_ag=0.5969  train_P@5_ab=1.0000  train_P@5_ag=0.9500  val_loss=0.3250  val_AUPR_all=0.5786  val_AUPR_ab=0.7387  val_AUPR_ag=0.3488  val_P@5_ab=1.0000  val_P@5_ag=1.0000  select=0.5438
Ep032  LR0=1.35e-04  pw=1.32  aucα=0.300  token_p=0.020  dropE=(0.020,0.080)  smooth=0.010  train_loss=0.2314  train_AUPR_all=0.7172  train_AUPR_ab=0.7875  train_AUPR_ag=0.6140  train_P@5_ab=0.9500  train_P@5_ag=1.0000  val_loss=0.3179  val_AUPR_all=0.5830  val_AUPR_ab=0.7424  val_AUPR_ag=0.3403  val_P@5_ab=0.9500  val_P@5_ag=0.9000  select=0.5413
Ep033  LR0=1.31e-04  pw=1.29  aucα=0.300  token_p=0.020  dropE=(0.020,0.080)  smooth=0.010  train_loss=0.2224  train_AUPR_all=0.7297  train_AUPR_ab=0.7960  train_AUPR_ag=0.6327  train_P@5_ab=1.0000  train_P@5_ag=1.0000  val_loss=0.3422  val_AUPR_all=0.5681  val_AUPR_ab=0.7482  val_AUPR_ag=0.3396  val_P@5_ab=1.0000  val_P@5_ag=0.7500  select=0.5439
Ep034  LR0=1.27e-04  pw=1.26  aucα=0.300  token_p=0.020  dropE=(0.020,0.080)  smooth=0.010  train_loss=0.2155  train_AUPR_all=0.7406  train_AUPR_ab=0.8045  train_AUPR_ag=0.6471  train_P@5_ab=1.0000  train_P@5_ag=1.0000  val_loss=0.3350  val_AUPR_all=0.5568  val_AUPR_ab=0.7222  val_AUPR_ag=0.3256  val_P@5_ab=1.0000  val_P@5_ag=1.0000  select=0.5239
Ep035  LR0=1.24e-04  pw=1.23  aucα=0.300  token_p=0.020  dropE=(0.020,0.080)  smooth=0.010  train_loss=0.2107  train_AUPR_all=0.7463  train_AUPR_ab=0.8068  train_AUPR_ag=0.6581  train_P@5_ab=1.0000  train_P@5_ag=1.0000  val_loss=0.3220  val_AUPR_all=0.5801  val_AUPR_ab=0.7388  val_AUPR_ag=0.3616  val_P@5_ab=1.0000  val_P@5_ag=1.0000  select=0.5502
Ep036  LR0=1.20e-04  pw=1.21  aucα=0.300  token_p=0.020  dropE=(0.020,0.080)  smooth=0.010  train_loss=0.2066  train_AUPR_all=0.7483  train_AUPR_ab=0.8058  train_AUPR_ag=0.6650  train_P@5_ab=1.0000  train_P@5_ag=0.9500  val_loss=0.3282  val_AUPR_all=0.5741  val_AUPR_ab=0.7442  val_AUPR_ag=0.3426  val_P@5_ab=1.0000  val_P@5_ag=0.9000  select=0.5434
Ep037  LR0=1.16e-04  pw=1.19  aucα=0.300  token_p=0.020  dropE=(0.020,0.080)  smooth=0.010  train_loss=0.2004  train_AUPR_all=0.7595  train_AUPR_ab=0.8175  train_AUPR_ag=0.6751  train_P@5_ab=1.0000  train_P@5_ag=1.0000  val_loss=0.3197  val_AUPR_all=0.5646  val_AUPR_ab=0.7435  val_AUPR_ag=0.3321  val_P@5_ab=0.9500  val_P@5_ag=0.8500  select=0.5378
Ep038  LR0=1.12e-04  pw=1.17  aucα=0.300  token_p=0.020  dropE=(0.020,0.080)  smooth=0.010  train_loss=0.1944  train_AUPR_all=0.7702  train_AUPR_ab=0.8264  train_AUPR_ag=0.6884  train_P@5_ab=1.0000  train_P@5_ag=1.0000  val_loss=0.3270  val_AUPR_all=0.5674  val_AUPR_ab=0.7297  val_AUPR_ag=0.3565  val_P@5_ab=0.8500  val_P@5_ag=0.8500  select=0.5431
Ep039  LR0=1.08e-04  pw=1.16  aucα=0.300  token_p=0.020  dropE=(0.020,0.080)  smooth=0.010  train_loss=0.1840  train_AUPR_all=0.7859  train_AUPR_ab=0.8350  train_AUPR_ag=0.7150  train_P@5_ab=1.0000  train_P@5_ag=1.0000  val_loss=0.3371  val_AUPR_all=0.5594  val_AUPR_ab=0.7373  val_AUPR_ag=0.3279  val_P@5_ab=1.0000  val_P@5_ag=0.8500  select=0.5326
Ep040  LR0=1.04e-04  pw=1.14  aucα=0.300  token_p=0.020  dropE=(0.020,0.080)  smooth=0.010  train_loss=0.1814  train_AUPR_all=0.7905  train_AUPR_ab=0.8388  train_AUPR_ag=0.7207  train_P@5_ab=1.0000  train_P@5_ag=1.0000  val_loss=0.3237  val_AUPR_all=0.5722  val_AUPR_ab=0.7510  val_AUPR_ag=0.3359  val_P@5_ab=1.0000  val_P@5_ag=0.7000  select=0.5435
Ep041  LR0=1.00e-04  pw=1.13  aucα=0.300  token_p=0.020  dropE=(0.020,0.080)  smooth=0.010  train_loss=0.1831  train_AUPR_all=0.7848  train_AUPR_ab=0.8374  train_AUPR_ag=0.7084  train_P@5_ab=1.0000  train_P@5_ag=1.0000  val_loss=0.3229  val_AUPR_all=0.5827  val_AUPR_ab=0.7451  val_AUPR_ag=0.3519  val_P@5_ab=0.9500  val_P@5_ag=0.9500  select=0.5485
Ep042  LR0=9.63e-05  pw=1.12  aucα=0.300  token_p=0.020  dropE=(0.020,0.080)  smooth=0.010  train_loss=0.1708  train_AUPR_all=0.8064  train_AUPR_ab=0.8510  train_AUPR_ag=0.7421  train_P@5_ab=1.0000  train_P@5_ag=1.0000  val_loss=0.3201  val_AUPR_all=0.5741  val_AUPR_ab=0.7375  val_AUPR_ag=0.3469  val_P@5_ab=0.9500  val_P@5_ag=0.7000  select=0.5422
Ep043  LR0=9.24e-05  pw=1.10  aucα=0.300  token_p=0.020  dropE=(0.020,0.080)  smooth=0.010  train_loss=0.1673  train_AUPR_all=0.8106  train_AUPR_ab=0.8527  train_AUPR_ag=0.7503  train_P@5_ab=0.9500  train_P@5_ag=0.9000  val_loss=0.3348  val_AUPR_all=0.5693  val_AUPR_ab=0.7468  val_AUPR_ag=0.3384  val_P@5_ab=0.9500  val_P@5_ag=0.7500  select=0.5426
Ep044  LR0=8.85e-05  pw=1.09  aucα=0.300  token_p=0.020  dropE=(0.020,0.080)  smooth=0.010  train_loss=0.1678  train_AUPR_all=0.8104  train_AUPR_ab=0.8537  train_AUPR_ag=0.7482  train_P@5_ab=1.0000  train_P@5_ag=1.0000  val_loss=0.3297  val_AUPR_all=0.5676  val_AUPR_ab=0.7407  val_AUPR_ag=0.3499  val_P@5_ab=0.9500  val_P@5_ag=0.6500  select=0.5453
Ep045  LR0=8.46e-05  pw=1.09  aucα=0.300  token_p=0.020  dropE=(0.020,0.080)  smooth=0.010  train_loss=0.1617  train_AUPR_all=0.8198  train_AUPR_ab=0.8625  train_AUPR_ag=0.7579  train_P@5_ab=1.0000  train_P@5_ag=1.0000  val_loss=0.3220  val_AUPR_all=0.5818  val_AUPR_ab=0.7468  val_AUPR_ag=0.3646  val_P@5_ab=1.0000  val_P@5_ag=0.8000  select=0.5557
  Saved checkpoint: checkpoints_post/iPara_balanced_l1_g6_i6_do0.10_dpr0.10_lr0.0002_heads16_fold5.pth  select=0.5557  val_ab=0.7468  val_ag=0.3646  val_all=0.5818
Ep046  LR0=8.08e-05  pw=1.08  aucα=0.300  token_p=0.020  dropE=(0.020,0.080)  smooth=0.010  train_loss=0.1576  train_AUPR_all=0.8272  train_AUPR_ab=0.8675  train_AUPR_ag=0.7686  train_P@5_ab=1.0000  train_P@5_ag=1.0000  val_loss=0.3267  val_AUPR_all=0.5756  val_AUPR_ab=0.7483  val_AUPR_ag=0.3449  val_P@5_ab=0.9500  val_P@5_ag=0.7500  select=0.5466
Ep047  LR0=7.70e-05  pw=1.07  aucα=0.300  token_p=0.020  dropE=(0.020,0.080)  smooth=0.010  train_loss=0.1542  train_AUPR_all=0.8332  train_AUPR_ab=0.8711  train_AUPR_ag=0.7793  train_P@5_ab=1.0000  train_P@5_ag=1.0000  val_loss=0.3142  val_AUPR_all=0.5747  val_AUPR_ab=0.7397  val_AUPR_ag=0.3627  val_P@5_ab=0.9500  val_P@5_ag=0.7500  select=0.5512
Ep048  LR0=7.32e-05  pw=1.06  aucα=0.300  token_p=0.020  dropE=(0.020,0.080)  smooth=0.010  train_loss=0.1481  train_AUPR_all=0.8417  train_AUPR_ab=0.8783  train_AUPR_ag=0.7888  train_P@5_ab=1.0000  train_P@5_ag=1.0000  val_loss=0.3421  val_AUPR_all=0.5732  val_AUPR_ab=0.7403  val_AUPR_ag=0.3506  val_P@5_ab=0.9000  val_P@5_ag=0.8500  select=0.5454
Ep049  LR0=6.94e-05  pw=1.06  aucα=0.300  token_p=0.020  dropE=(0.020,0.080)  smooth=0.010  train_loss=0.1440  train_AUPR_all=0.8502  train_AUPR_ab=0.8873  train_AUPR_ag=0.7959  train_P@5_ab=1.0000  train_P@5_ag=1.0000  val_loss=0.3300  val_AUPR_all=0.5656  val_AUPR_ab=0.7407  val_AUPR_ag=0.3519  val_P@5_ab=0.8500  val_P@5_ag=0.8500  select=0.5463
Ep050  LR0=6.57e-05  pw=1.05  aucα=0.300  token_p=0.020  dropE=(0.020,0.080)  smooth=0.010  train_loss=0.1453  train_AUPR_all=0.8467  train_AUPR_ab=0.8825  train_AUPR_ag=0.7947  train_P@5_ab=1.0000  train_P@5_ag=0.9500  val_loss=0.3283  val_AUPR_all=0.5728  val_AUPR_ab=0.7338  val_AUPR_ag=0.3618  val_P@5_ab=0.9000  val_P@5_ag=0.7500  select=0.5478
Ep051  LR0=6.21e-05  pw=1.05  aucα=0.300  token_p=0.020  dropE=(0.020,0.080)  smooth=0.010  train_loss=0.1415  train_AUPR_all=0.8530  train_AUPR_ab=0.8898  train_AUPR_ag=0.7994  train_P@5_ab=1.0000  train_P@5_ag=1.0000  val_loss=0.3269  val_AUPR_all=0.5716  val_AUPR_ab=0.7369  val_AUPR_ag=0.3607  val_P@5_ab=0.9500  val_P@5_ag=0.9500  select=0.5488
Ep052  LR0=5.85e-05  pw=1.04  aucα=0.300  token_p=0.020  dropE=(0.020,0.080)  smooth=0.010  train_loss=0.1397  train_AUPR_all=0.8550  train_AUPR_ab=0.8888  train_AUPR_ag=0.8054  train_P@5_ab=0.9500  train_P@5_ag=1.0000  val_loss=0.3296  val_AUPR_all=0.5712  val_AUPR_ab=0.7337  val_AUPR_ag=0.3569  val_P@5_ab=0.9000  val_P@5_ag=0.8000  select=0.5453
Ep053  LR0=5.50e-05  pw=1.04  aucα=0.300  token_p=0.020  dropE=(0.020,0.080)  smooth=0.010  train_loss=0.1365  train_AUPR_all=0.8615  train_AUPR_ab=0.8949  train_AUPR_ag=0.8128  train_P@5_ab=1.0000  train_P@5_ag=1.0000  val_loss=0.3314  val_AUPR_all=0.5608  val_AUPR_ab=0.7357  val_AUPR_ag=0.3415  val_P@5_ab=0.9000  val_P@5_ag=0.7500  select=0.5386
Ep054  LR0=5.15e-05  pw=1.03  aucα=0.300  token_p=0.020  dropE=(0.020,0.080)  smooth=0.010  train_loss=0.1317  train_AUPR_all=0.8692  train_AUPR_ab=0.8993  train_AUPR_ag=0.8259  train_P@5_ab=1.0000  train_P@5_ag=1.0000  val_loss=0.3373  val_AUPR_all=0.5592  val_AUPR_ab=0.7218  val_AUPR_ag=0.3443  val_P@5_ab=0.8500  val_P@5_ag=0.8000  select=0.5331
Ep055  LR0=4.81e-05  pw=1.03  aucα=0.300  token_p=0.020  dropE=(0.020,0.080)  smooth=0.010  train_loss=0.1279  train_AUPR_all=0.8760  train_AUPR_ab=0.9063  train_AUPR_ag=0.8319  train_P@5_ab=1.0000  train_P@5_ag=1.0000  val_loss=0.3403  val_AUPR_all=0.5587  val_AUPR_ab=0.7281  val_AUPR_ag=0.3370  val_P@5_ab=0.9000  val_P@5_ag=0.6500  select=0.5325
Ep056  LR0=4.48e-05  pw=1.03  aucα=0.300  token_p=0.020  dropE=(0.020,0.080)  smooth=0.010  train_loss=0.1286  train_AUPR_all=0.8736  train_AUPR_ab=0.9035  train_AUPR_ag=0.8299  train_P@5_ab=0.9500  train_P@5_ag=1.0000  val_loss=0.3374  val_AUPR_all=0.5615  val_AUPR_ab=0.7279  val_AUPR_ag=0.3438  val_P@5_ab=0.9000  val_P@5_ag=0.7500  select=0.5358
Ep057  LR0=4.16e-05  pw=1.03  aucα=0.300  token_p=0.020  dropE=(0.020,0.080)  smooth=0.010  train_loss=0.1259  train_AUPR_all=0.8779  train_AUPR_ab=0.9088  train_AUPR_ag=0.8322  train_P@5_ab=1.0000  train_P@5_ag=1.0000  val_loss=0.3412  val_AUPR_all=0.5674  val_AUPR_ab=0.7253  val_AUPR_ag=0.3608  val_P@5_ab=0.7500  val_P@5_ag=0.8500  select=0.5430
Ep058  LR0=3.85e-05  pw=1.02  aucα=0.300  token_p=0.020  dropE=(0.020,0.080)  smooth=0.010  train_loss=0.1228  train_AUPR_all=0.8825  train_AUPR_ab=0.9111  train_AUPR_ag=0.8409  train_P@5_ab=1.0000  train_P@5_ag=1.0000  val_loss=0.3368  val_AUPR_all=0.5652  val_AUPR_ab=0.7261  val_AUPR_ag=0.3606  val_P@5_ab=0.8000  val_P@5_ag=0.7500  select=0.5434
Ep059  LR0=3.55e-05  pw=1.02  aucα=0.300  token_p=0.020  dropE=(0.020,0.080)  smooth=0.010  train_loss=0.1235  train_AUPR_all=0.8818  train_AUPR_ab=0.9108  train_AUPR_ag=0.8392  train_P@5_ab=1.0000  train_P@5_ag=1.0000  val_loss=0.3350  val_AUPR_all=0.5720  val_AUPR_ab=0.7347  val_AUPR_ag=0.3533  val_P@5_ab=0.8500  val_P@5_ag=0.7000  select=0.5440
Ep060  LR0=3.25e-05  pw=1.02  aucα=0.300  token_p=0.020  dropE=(0.020,0.080)  smooth=0.010  train_loss=0.1233  train_AUPR_all=0.8819  train_AUPR_ab=0.9121  train_AUPR_ag=0.8371  train_P@5_ab=1.0000  train_P@5_ag=1.0000  val_loss=0.3437  val_AUPR_all=0.5567  val_AUPR_ab=0.7224  val_AUPR_ag=0.3432  val_P@5_ab=0.7500  val_P@5_ag=0.6000  select=0.5328
Ep061  LR0=2.97e-05  pw=1.02  aucα=0.300  token_p=0.020  dropE=(0.020,0.080)  smooth=0.010  train_loss=0.1158  train_AUPR_all=0.8940  train_AUPR_ab=0.9193  train_AUPR_ag=0.8569  train_P@5_ab=1.0000  train_P@5_ag=1.0000  val_loss=0.3469  val_AUPR_all=0.5544  val_AUPR_ab=0.7182  val_AUPR_ag=0.3424  val_P@5_ab=0.9000  val_P@5_ag=0.6000  select=0.5303
Ep062  LR0=2.70e-05  pw=1.02  aucα=0.300  token_p=0.020  dropE=(0.020,0.080)  smooth=0.010  train_loss=0.1143  train_AUPR_all=0.8967  train_AUPR_ab=0.9220  train_AUPR_ag=0.8592  train_P@5_ab=1.0000  train_P@5_ag=1.0000  val_loss=0.3463  val_AUPR_all=0.5466  val_AUPR_ab=0.7156  val_AUPR_ag=0.3312  val_P@5_ab=0.7500  val_P@5_ag=0.4000  select=0.5234
Ep063  LR0=2.44e-05  pw=1.01  aucα=0.300  token_p=0.020  dropE=(0.020,0.080)  smooth=0.010  train_loss=0.1117  train_AUPR_all=0.9009  train_AUPR_ab=0.9251  train_AUPR_ag=0.8650  train_P@5_ab=1.0000  train_P@5_ag=1.0000  val_loss=0.3559  val_AUPR_all=0.5489  val_AUPR_ab=0.7211  val_AUPR_ag=0.3297  val_P@5_ab=0.7500  val_P@5_ag=0.4500  select=0.5254
Ep064  LR0=2.19e-05  pw=1.01  aucα=0.300  token_p=0.020  dropE=(0.020,0.080)  smooth=0.010  train_loss=0.1128  train_AUPR_all=0.8990  train_AUPR_ab=0.9250  train_AUPR_ag=0.8603  train_P@5_ab=1.0000  train_P@5_ag=1.0000  val_loss=0.3460  val_AUPR_all=0.5597  val_AUPR_ab=0.7241  val_AUPR_ag=0.3450  val_P@5_ab=0.8000  val_P@5_ag=0.6500  select=0.5345
Ep065  LR0=1.96e-05  pw=1.01  aucα=0.300  token_p=0.020  dropE=(0.020,0.080)  smooth=0.010  train_loss=0.1082  train_AUPR_all=0.9068  train_AUPR_ab=0.9329  train_AUPR_ag=0.8676  train_P@5_ab=1.0000  train_P@5_ag=1.0000  val_loss=0.3510  val_AUPR_all=0.5485  val_AUPR_ab=0.7128  val_AUPR_ag=0.3398  val_P@5_ab=0.7500  val_P@5_ag=0.3500  select=0.5263
Early stopping at epoch 65. Best select=0.5557 at epoch 45.
Final saved checkpoint for fold 5: checkpoints_post/iPara_balanced_l1_g6_i6_do0.10_dpr0.10_lr0.0002_heads16_fold5.pth
Best select=0.5557 at epoch 45
