Device: cuda
Visible GPUs: 1
GPU 0: NVIDIA RTX PRO 6000 Blackwell Server Edition
Config:
  sequence_file: para_tv_esmsequences_1600.npz
  data_file: para_tv_esminterfaces_1600.npz
  edge_file: para_tv_esmedges_1600.npz
  seq_len: 1600
  vocab_size: 31
  num_classes: 2
  pad_id: 1
  eoc_id: 24
  embed_dim: 256
  num_heads: 16
  num_layers: 1
  num_gnn_layers: 6
  num_int_layers: 3
  dropout: 0.1
  drop_path_rate: 0.1
  batch_size: 4
  num_epochs: 70
  warmup_epochs: 10
  min_stop_epoch: 45
  early_stop: 20
  learning_rate: 0.0002
  weight_decay: 0.0001
  max_grad_norm: 0.5
  accum_steps: 1
  amp: True
  weight_start: 20.0
  weight_end: 1.0
  weight_anneal_tau: 8.0
  dropedge_min: 0.02
  dropedge_max: 0.08
  token_drop_p: 0.02
  smooth_lambda: 0.01
  aucpr_alpha: 0.3
  aucpr_ramp_start: 10
  aucpr_ramp_len: 10
  aucpr_bins: 64
  aucpr_temp: 0.05
  antibody_loss_weight: 1.0
  antigen_loss_weight: 1.0
  n_splits: 5
  num_workers: 0
  select_ab_weight: 0.5
  select_ag_weight: 0.5
Dataset size: 858

==========================================================================================
Fold 1/5
==========================================================================================
Train labels: valid=399467, pos=26433, neg=373034, ignore=698133, pos_frac=0.06617
Val labels: valid=100725, pos=6797, neg=93928, ignore=174475, pos_frac=0.06748
Initializing ClassificationModel with 6 GAT layers and residual connections...
Initializing MCModel with 6 GAT layers and 3 row attention layers (drop_path_rate=0.1, use_esm=True)
Initializing CoreModel with 1 layers, drop_path_rate=0.1
Ep001  LR0=2.00e-04  pw=20.00  aucα=0.000  token_p=0.020  dropE=(0.020,0.080)  smooth=0.010  train_loss=1.1682  train_AUPR_all=0.1941  train_AUPR_ab=0.2213  train_AUPR_ag=0.1542  train_P@5_ab=0.1500  train_P@5_ag=0.1000  val_loss=1.3371  val_AUPR_all=0.3738  val_AUPR_ab=0.4866  val_AUPR_ag=0.1952  val_P@5_ab=0.6500  val_P@5_ag=0.5500  select=0.3409
  Saved checkpoint: checkpoints_newesm/iPara_balanced_l1_g6_i3_do0.10_dpr0.10_lr0.0002_heads16_fold1.pth  select=0.3409  val_ab=0.4866  val_ag=0.1952  val_all=0.3738
Ep002  LR0=2.00e-04  pw=17.77  aucα=0.000  token_p=0.020  dropE=(0.020,0.080)  smooth=0.010  train_loss=0.8188  train_AUPR_all=0.3869  train_AUPR_ab=0.4576  train_AUPR_ag=0.2654  train_P@5_ab=0.6000  train_P@5_ag=0.7000  val_loss=1.1604  val_AUPR_all=0.4254  val_AUPR_ab=0.5403  val_AUPR_ag=0.2398  val_P@5_ab=0.6000  val_P@5_ag=0.7500  select=0.3900
  Saved checkpoint: checkpoints_newesm/iPara_balanced_l1_g6_i3_do0.10_dpr0.10_lr0.0002_heads16_fold1.pth  select=0.3900  val_ab=0.5403  val_ag=0.2398  val_all=0.4254
Ep003  LR0=2.00e-04  pw=15.80  aucα=0.000  token_p=0.020  dropE=(0.020,0.080)  smooth=0.010  train_loss=0.7291  train_AUPR_all=0.4179  train_AUPR_ab=0.5015  train_AUPR_ag=0.2765  train_P@5_ab=0.9000  train_P@5_ag=0.9000  val_loss=1.0863  val_AUPR_all=0.4605  val_AUPR_ab=0.5790  val_AUPR_ag=0.2752  val_P@5_ab=0.8000  val_P@5_ag=0.6500  select=0.4271
  Saved checkpoint: checkpoints_newesm/iPara_balanced_l1_g6_i3_do0.10_dpr0.10_lr0.0002_heads16_fold1.pth  select=0.4271  val_ab=0.5790  val_ag=0.2752  val_all=0.4605
Ep004  LR0=1.99e-04  pw=14.06  aucα=0.000  token_p=0.020  dropE=(0.020,0.080)  smooth=0.010  train_loss=0.6585  train_AUPR_all=0.4511  train_AUPR_ab=0.5317  train_AUPR_ag=0.3020  train_P@5_ab=0.7000  train_P@5_ag=0.9500  val_loss=1.5204  val_AUPR_all=0.3922  val_AUPR_ab=0.5544  val_AUPR_ag=0.2366  val_P@5_ab=0.4500  val_P@5_ag=0.6000  select=0.3955
Ep005  LR0=1.98e-04  pw=12.52  aucα=0.000  token_p=0.020  dropE=(0.020,0.080)  smooth=0.010  train_loss=0.6068  train_AUPR_all=0.4598  train_AUPR_ab=0.5479  train_AUPR_ag=0.3041  train_P@5_ab=0.6500  train_P@5_ag=0.7000  val_loss=0.8389  val_AUPR_all=0.4884  val_AUPR_ab=0.6061  val_AUPR_ag=0.2932  val_P@5_ab=0.9000  val_P@5_ag=0.7500  select=0.4497
  Saved checkpoint: checkpoints_newesm/iPara_balanced_l1_g6_i3_do0.10_dpr0.10_lr0.0002_heads16_fold1.pth  select=0.4497  val_ab=0.6061  val_ag=0.2932  val_all=0.4884
Ep006  LR0=1.97e-04  pw=11.17  aucα=0.000  token_p=0.020  dropE=(0.020,0.080)  smooth=0.010  train_loss=0.5549  train_AUPR_all=0.5094  train_AUPR_ab=0.6031  train_AUPR_ag=0.3391  train_P@5_ab=0.7500  train_P@5_ag=0.9000  val_loss=0.8178  val_AUPR_all=0.4690  val_AUPR_ab=0.5895  val_AUPR_ag=0.2894  val_P@5_ab=0.4500  val_P@5_ag=1.0000  select=0.4395
Ep007  LR0=1.96e-04  pw=9.97  aucα=0.000  token_p=0.020  dropE=(0.020,0.080)  smooth=0.010  train_loss=0.5239  train_AUPR_all=0.5150  train_AUPR_ab=0.6138  train_AUPR_ag=0.3453  train_P@5_ab=0.8500  train_P@5_ag=0.8000  val_loss=0.9483  val_AUPR_all=0.4958  val_AUPR_ab=0.6506  val_AUPR_ag=0.3090  val_P@5_ab=0.8500  val_P@5_ag=0.9500  select=0.4798
  Saved checkpoint: checkpoints_newesm/iPara_balanced_l1_g6_i3_do0.10_dpr0.10_lr0.0002_heads16_fold1.pth  select=0.4798  val_ab=0.6506  val_ag=0.3090  val_all=0.4958
Ep008  LR0=1.95e-04  pw=8.92  aucα=0.000  token_p=0.020  dropE=(0.020,0.080)  smooth=0.010  train_loss=0.4860  train_AUPR_all=0.5228  train_AUPR_ab=0.6157  train_AUPR_ag=0.3523  train_P@5_ab=0.9500  train_P@5_ag=0.8500  val_loss=0.7226  val_AUPR_all=0.5284  val_AUPR_ab=0.6487  val_AUPR_ag=0.3257  val_P@5_ab=1.0000  val_P@5_ag=0.9500  select=0.4872
  Saved checkpoint: checkpoints_newesm/iPara_balanced_l1_g6_i3_do0.10_dpr0.10_lr0.0002_heads16_fold1.pth  select=0.4872  val_ab=0.6487  val_ag=0.3257  val_all=0.5284
Ep009  LR0=1.94e-04  pw=7.99  aucα=0.000  token_p=0.020  dropE=(0.020,0.080)  smooth=0.010  train_loss=0.4576  train_AUPR_all=0.5263  train_AUPR_ab=0.6239  train_AUPR_ag=0.3520  train_P@5_ab=0.9000  train_P@5_ag=0.7500  val_loss=0.6684  val_AUPR_all=0.5389  val_AUPR_ab=0.6465  val_AUPR_ag=0.3449  val_P@5_ab=0.8500  val_P@5_ag=0.9500  select=0.4957
  Saved checkpoint: checkpoints_newesm/iPara_balanced_l1_g6_i3_do0.10_dpr0.10_lr0.0002_heads16_fold1.pth  select=0.4957  val_ab=0.6465  val_ag=0.3449  val_all=0.5389
Ep010  LR0=1.92e-04  pw=7.17  aucα=0.030  token_p=0.020  dropE=(0.020,0.080)  smooth=0.010  train_loss=0.4450  train_AUPR_all=0.5347  train_AUPR_ab=0.6351  train_AUPR_ag=0.3605  train_P@5_ab=0.8000  train_P@5_ag=0.8500  val_loss=0.7219  val_AUPR_all=0.5245  val_AUPR_ab=0.6564  val_AUPR_ag=0.3178  val_P@5_ab=0.5500  val_P@5_ag=0.9000  select=0.4871
Unfreezing DyM parameters.
Ep011  LR0=1.90e-04  pw=6.44  aucα=0.060  token_p=0.020  dropE=(0.020,0.080)  smooth=0.010  train_loss=0.4265  train_AUPR_all=0.5642  train_AUPR_ab=0.6696  train_AUPR_ag=0.3828  train_P@5_ab=1.0000  train_P@5_ag=1.0000  val_loss=0.6363  val_AUPR_all=0.5477  val_AUPR_ab=0.6877  val_AUPR_ag=0.3341  val_P@5_ab=1.0000  val_P@5_ag=0.7500  select=0.5109
  Saved checkpoint: checkpoints_newesm/iPara_balanced_l1_g6_i3_do0.10_dpr0.10_lr0.0002_heads16_fold1.pth  select=0.5109  val_ab=0.6877  val_ag=0.3341  val_all=0.5477
Ep012  LR0=1.88e-04  pw=5.80  aucα=0.090  token_p=0.020  dropE=(0.020,0.080)  smooth=0.010  train_loss=0.4216  train_AUPR_all=0.5587  train_AUPR_ab=0.6601  train_AUPR_ag=0.3816  train_P@5_ab=0.8500  train_P@5_ag=0.9500  val_loss=0.5670  val_AUPR_all=0.5539  val_AUPR_ab=0.6854  val_AUPR_ag=0.3465  val_P@5_ab=0.8500  val_P@5_ag=0.8000  select=0.5159
  Saved checkpoint: checkpoints_newesm/iPara_balanced_l1_g6_i3_do0.10_dpr0.10_lr0.0002_heads16_fold1.pth  select=0.5159  val_ab=0.6854  val_ag=0.3465  val_all=0.5539
Ep013  LR0=1.86e-04  pw=5.24  aucα=0.120  token_p=0.020  dropE=(0.020,0.080)  smooth=0.010  train_loss=0.4086  train_AUPR_all=0.5743  train_AUPR_ab=0.6761  train_AUPR_ag=0.4023  train_P@5_ab=0.8000  train_P@5_ag=0.8000  val_loss=0.5334  val_AUPR_all=0.5503  val_AUPR_ab=0.6943  val_AUPR_ag=0.3406  val_P@5_ab=1.0000  val_P@5_ag=0.9500  select=0.5174
  Saved checkpoint: checkpoints_newesm/iPara_balanced_l1_g6_i3_do0.10_dpr0.10_lr0.0002_heads16_fold1.pth  select=0.5174  val_ab=0.6943  val_ag=0.3406  val_all=0.5503
Ep014  LR0=1.83e-04  pw=4.74  aucα=0.150  token_p=0.020  dropE=(0.020,0.080)  smooth=0.010  train_loss=0.4010  train_AUPR_all=0.5863  train_AUPR_ab=0.6892  train_AUPR_ag=0.4118  train_P@5_ab=1.0000  train_P@5_ag=1.0000  val_loss=0.5433  val_AUPR_all=0.5471  val_AUPR_ab=0.6672  val_AUPR_ag=0.3584  val_P@5_ab=0.9500  val_P@5_ag=1.0000  select=0.5128
Ep015  LR0=1.81e-04  pw=4.30  aucα=0.180  token_p=0.020  dropE=(0.020,0.080)  smooth=0.010  train_loss=0.3929  train_AUPR_all=0.5901  train_AUPR_ab=0.6995  train_AUPR_ag=0.4065  train_P@5_ab=0.9500  train_P@5_ag=1.0000  val_loss=0.5061  val_AUPR_all=0.5397  val_AUPR_ab=0.6987  val_AUPR_ag=0.3325  val_P@5_ab=1.0000  val_P@5_ag=0.9500  select=0.5156
Ep016  LR0=1.78e-04  pw=3.91  aucα=0.210  token_p=0.020  dropE=(0.020,0.080)  smooth=0.010  train_loss=0.3899  train_AUPR_all=0.5962  train_AUPR_ab=0.7050  train_AUPR_ag=0.4162  train_P@5_ab=0.9500  train_P@5_ag=0.8500  val_loss=0.4816  val_AUPR_all=0.5705  val_AUPR_ab=0.6985  val_AUPR_ag=0.3625  val_P@5_ab=1.0000  val_P@5_ag=1.0000  select=0.5305
  Saved checkpoint: checkpoints_newesm/iPara_balanced_l1_g6_i3_do0.10_dpr0.10_lr0.0002_heads16_fold1.pth  select=0.5305  val_ab=0.6985  val_ag=0.3625  val_all=0.5705
Ep017  LR0=1.75e-04  pw=3.57  aucα=0.240  token_p=0.020  dropE=(0.020,0.080)  smooth=0.010  train_loss=0.3814  train_AUPR_all=0.6063  train_AUPR_ab=0.7168  train_AUPR_ag=0.4243  train_P@5_ab=0.9500  train_P@5_ag=0.8000  val_loss=0.4910  val_AUPR_all=0.5559  val_AUPR_ab=0.6992  val_AUPR_ag=0.3259  val_P@5_ab=0.9500  val_P@5_ag=0.9500  select=0.5125
Ep018  LR0=1.72e-04  pw=3.27  aucα=0.270  token_p=0.020  dropE=(0.020,0.080)  smooth=0.010  train_loss=0.3764  train_AUPR_all=0.6172  train_AUPR_ab=0.7202  train_AUPR_ag=0.4483  train_P@5_ab=1.0000  train_P@5_ag=0.8500  val_loss=0.4362  val_AUPR_all=0.5759  val_AUPR_ab=0.7068  val_AUPR_ag=0.3722  val_P@5_ab=1.0000  val_P@5_ag=0.9500  select=0.5395
  Saved checkpoint: checkpoints_newesm/iPara_balanced_l1_g6_i3_do0.10_dpr0.10_lr0.0002_heads16_fold1.pth  select=0.5395  val_ab=0.7068  val_ag=0.3722  val_all=0.5759
Ep019  LR0=1.69e-04  pw=3.00  aucα=0.300  token_p=0.020  dropE=(0.020,0.080)  smooth=0.010  train_loss=0.3749  train_AUPR_all=0.6197  train_AUPR_ab=0.7276  train_AUPR_ag=0.4451  train_P@5_ab=1.0000  train_P@5_ag=0.9000  val_loss=0.4226  val_AUPR_all=0.5732  val_AUPR_ab=0.7010  val_AUPR_ag=0.3720  val_P@5_ab=1.0000  val_P@5_ag=0.9500  select=0.5365
Ep020  LR0=1.66e-04  pw=2.77  aucα=0.300  token_p=0.020  dropE=(0.020,0.080)  smooth=0.010  train_loss=0.3546  train_AUPR_all=0.6330  train_AUPR_ab=0.7378  train_AUPR_ag=0.4628  train_P@5_ab=1.0000  train_P@5_ag=1.0000  val_loss=0.4257  val_AUPR_all=0.5748  val_AUPR_ab=0.7087  val_AUPR_ag=0.3736  val_P@5_ab=1.0000  val_P@5_ag=1.0000  select=0.5412
  Saved checkpoint: checkpoints_newesm/iPara_balanced_l1_g6_i3_do0.10_dpr0.10_lr0.0002_heads16_fold1.pth  select=0.5412  val_ab=0.7087  val_ag=0.3736  val_all=0.5748
Ep021  LR0=1.62e-04  pw=2.56  aucα=0.300  token_p=0.020  dropE=(0.020,0.080)  smooth=0.010  train_loss=0.3413  train_AUPR_all=0.6349  train_AUPR_ab=0.7381  train_AUPR_ag=0.4691  train_P@5_ab=1.0000  train_P@5_ag=0.9500  val_loss=0.4082  val_AUPR_all=0.5544  val_AUPR_ab=0.7074  val_AUPR_ag=0.3500  val_P@5_ab=0.8500  val_P@5_ag=1.0000  select=0.5287
Ep022  LR0=1.59e-04  pw=2.38  aucα=0.300  token_p=0.020  dropE=(0.020,0.080)  smooth=0.010  train_loss=0.3226  train_AUPR_all=0.6484  train_AUPR_ab=0.7473  train_AUPR_ag=0.4898  train_P@5_ab=0.9500  train_P@5_ag=0.9500  val_loss=0.4002  val_AUPR_all=0.5591  val_AUPR_ab=0.6966  val_AUPR_ag=0.3734  val_P@5_ab=0.8000  val_P@5_ag=0.9500  select=0.5350
Ep023  LR0=1.55e-04  pw=2.21  aucα=0.300  token_p=0.020  dropE=(0.020,0.080)  smooth=0.010  train_loss=0.3107  train_AUPR_all=0.6585  train_AUPR_ab=0.7566  train_AUPR_ag=0.5018  train_P@5_ab=0.9500  train_P@5_ag=0.9500  val_loss=0.3795  val_AUPR_all=0.5858  val_AUPR_ab=0.7262  val_AUPR_ag=0.3674  val_P@5_ab=0.9500  val_P@5_ag=1.0000  select=0.5468
  Saved checkpoint: checkpoints_newesm/iPara_balanced_l1_g6_i3_do0.10_dpr0.10_lr0.0002_heads16_fold1.pth  select=0.5468  val_ab=0.7262  val_ag=0.3674  val_all=0.5858
Ep024  LR0=1.51e-04  pw=2.07  aucα=0.300  token_p=0.020  dropE=(0.020,0.080)  smooth=0.010  train_loss=0.2989  train_AUPR_all=0.6662  train_AUPR_ab=0.7624  train_AUPR_ag=0.5134  train_P@5_ab=1.0000  train_P@5_ag=1.0000  val_loss=0.3631  val_AUPR_all=0.5890  val_AUPR_ab=0.7258  val_AUPR_ag=0.3829  val_P@5_ab=0.9500  val_P@5_ag=1.0000  select=0.5543
  Saved checkpoint: checkpoints_newesm/iPara_balanced_l1_g6_i3_do0.10_dpr0.10_lr0.0002_heads16_fold1.pth  select=0.5543  val_ab=0.7258  val_ag=0.3829  val_all=0.5890
Ep025  LR0=1.48e-04  pw=1.95  aucα=0.300  token_p=0.020  dropE=(0.020,0.080)  smooth=0.010  train_loss=0.2861  train_AUPR_all=0.6735  train_AUPR_ab=0.7672  train_AUPR_ag=0.5264  train_P@5_ab=1.0000  train_P@5_ag=1.0000  val_loss=0.3590  val_AUPR_all=0.5885  val_AUPR_ab=0.7215  val_AUPR_ag=0.3860  val_P@5_ab=1.0000  val_P@5_ag=0.9500  select=0.5537
Ep026  LR0=1.44e-04  pw=1.83  aucα=0.300  token_p=0.020  dropE=(0.020,0.080)  smooth=0.010  train_loss=0.2798  train_AUPR_all=0.6764  train_AUPR_ab=0.7640  train_AUPR_ag=0.5390  train_P@5_ab=1.0000  train_P@5_ag=1.0000  val_loss=0.3369  val_AUPR_all=0.6029  val_AUPR_ab=0.7307  val_AUPR_ag=0.3965  val_P@5_ab=0.9500  val_P@5_ag=1.0000  select=0.5636
  Saved checkpoint: checkpoints_newesm/iPara_balanced_l1_g6_i3_do0.10_dpr0.10_lr0.0002_heads16_fold1.pth  select=0.5636  val_ab=0.7307  val_ag=0.3965  val_all=0.6029
Ep027  LR0=1.39e-04  pw=1.74  aucα=0.300  token_p=0.020  dropE=(0.020,0.080)  smooth=0.010  train_loss=0.2643  train_AUPR_all=0.6903  train_AUPR_ab=0.7763  train_AUPR_ag=0.5560  train_P@5_ab=1.0000  train_P@5_ag=1.0000  val_loss=0.3408  val_AUPR_all=0.5981  val_AUPR_ab=0.7377  val_AUPR_ag=0.4012  val_P@5_ab=0.9000  val_P@5_ag=0.9500  select=0.5695
  Saved checkpoint: checkpoints_newesm/iPara_balanced_l1_g6_i3_do0.10_dpr0.10_lr0.0002_heads16_fold1.pth  select=0.5695  val_ab=0.7377  val_ag=0.4012  val_all=0.5981
Ep028  LR0=1.35e-04  pw=1.65  aucα=0.300  token_p=0.020  dropE=(0.020,0.080)  smooth=0.010  train_loss=0.2559  train_AUPR_all=0.6986  train_AUPR_ab=0.7804  train_AUPR_ag=0.5722  train_P@5_ab=1.0000  train_P@5_ag=1.0000  val_loss=0.3312  val_AUPR_all=0.5947  val_AUPR_ab=0.7298  val_AUPR_ag=0.3996  val_P@5_ab=1.0000  val_P@5_ag=0.9500  select=0.5647
Ep029  LR0=1.31e-04  pw=1.57  aucα=0.300  token_p=0.020  dropE=(0.020,0.080)  smooth=0.010  train_loss=0.2487  train_AUPR_all=0.7035  train_AUPR_ab=0.7853  train_AUPR_ag=0.5771  train_P@5_ab=0.9500  train_P@5_ag=1.0000  val_loss=0.3249  val_AUPR_all=0.6019  val_AUPR_ab=0.7281  val_AUPR_ag=0.4069  val_P@5_ab=1.0000  val_P@5_ag=0.9500  select=0.5675
Ep030  LR0=1.27e-04  pw=1.51  aucα=0.300  token_p=0.020  dropE=(0.020,0.080)  smooth=0.010  train_loss=0.2351  train_AUPR_all=0.7204  train_AUPR_ab=0.7970  train_AUPR_ag=0.6028  train_P@5_ab=1.0000  train_P@5_ag=0.9500  val_loss=0.3273  val_AUPR_all=0.5937  val_AUPR_ab=0.7280  val_AUPR_ag=0.3905  val_P@5_ab=0.9000  val_P@5_ag=0.9500  select=0.5593
Ep031  LR0=1.22e-04  pw=1.45  aucα=0.300  token_p=0.020  dropE=(0.020,0.080)  smooth=0.010  train_loss=0.2308  train_AUPR_all=0.7238  train_AUPR_ab=0.7983  train_AUPR_ag=0.6105  train_P@5_ab=1.0000  train_P@5_ag=1.0000  val_loss=0.3161  val_AUPR_all=0.6061  val_AUPR_ab=0.7321  val_AUPR_ag=0.4180  val_P@5_ab=1.0000  val_P@5_ag=1.0000  select=0.5750
  Saved checkpoint: checkpoints_newesm/iPara_balanced_l1_g6_i3_do0.10_dpr0.10_lr0.0002_heads16_fold1.pth  select=0.5750  val_ab=0.7321  val_ag=0.4180  val_all=0.6061
Ep032  LR0=1.18e-04  pw=1.39  aucα=0.300  token_p=0.020  dropE=(0.020,0.080)  smooth=0.010  train_loss=0.2218  train_AUPR_all=0.7373  train_AUPR_ab=0.8090  train_AUPR_ag=0.6295  train_P@5_ab=1.0000  train_P@5_ag=1.0000  val_loss=0.3139  val_AUPR_all=0.6096  val_AUPR_ab=0.7375  val_AUPR_ag=0.4142  val_P@5_ab=1.0000  val_P@5_ag=1.0000  select=0.5759
  Saved checkpoint: checkpoints_newesm/iPara_balanced_l1_g6_i3_do0.10_dpr0.10_lr0.0002_heads16_fold1.pth  select=0.5759  val_ab=0.7375  val_ag=0.4142  val_all=0.6096
Ep033  LR0=1.14e-04  pw=1.35  aucα=0.300  token_p=0.020  dropE=(0.020,0.080)  smooth=0.010  train_loss=0.2125  train_AUPR_all=0.7452  train_AUPR_ab=0.8148  train_AUPR_ag=0.6390  train_P@5_ab=1.0000  train_P@5_ag=1.0000  val_loss=0.3233  val_AUPR_all=0.5935  val_AUPR_ab=0.7281  val_AUPR_ag=0.4002  val_P@5_ab=0.9500  val_P@5_ag=1.0000  select=0.5641
Ep034  LR0=1.09e-04  pw=1.31  aucα=0.300  token_p=0.020  dropE=(0.020,0.080)  smooth=0.010  train_loss=0.2126  train_AUPR_all=0.7414  train_AUPR_ab=0.8070  train_AUPR_ag=0.6426  train_P@5_ab=1.0000  train_P@5_ag=0.9500  val_loss=0.3058  val_AUPR_all=0.5959  val_AUPR_ab=0.7276  val_AUPR_ag=0.4172  val_P@5_ab=0.9500  val_P@5_ag=1.0000  select=0.5724
Ep035  LR0=1.05e-04  pw=1.27  aucα=0.300  token_p=0.020  dropE=(0.020,0.080)  smooth=0.010  train_loss=0.2052  train_AUPR_all=0.7508  train_AUPR_ab=0.8153  train_AUPR_ag=0.6540  train_P@5_ab=1.0000  train_P@5_ag=1.0000  val_loss=0.3201  val_AUPR_all=0.5902  val_AUPR_ab=0.7300  val_AUPR_ag=0.3911  val_P@5_ab=0.9000  val_P@5_ag=1.0000  select=0.5605
Ep036  LR0=1.00e-04  pw=1.24  aucα=0.300  token_p=0.020  dropE=(0.020,0.080)  smooth=0.010  train_loss=0.1992  train_AUPR_all=0.7598  train_AUPR_ab=0.8214  train_AUPR_ag=0.6674  train_P@5_ab=1.0000  train_P@5_ag=1.0000  val_loss=0.3087  val_AUPR_all=0.6058  val_AUPR_ab=0.7336  val_AUPR_ag=0.4146  val_P@5_ab=1.0000  val_P@5_ag=1.0000  select=0.5741
Ep037  LR0=9.58e-05  pw=1.21  aucα=0.300  token_p=0.020  dropE=(0.020,0.080)  smooth=0.010  train_loss=0.1887  train_AUPR_all=0.7767  train_AUPR_ab=0.8331  train_AUPR_ag=0.6932  train_P@5_ab=1.0000  train_P@5_ag=1.0000  val_loss=0.3048  val_AUPR_all=0.5985  val_AUPR_ab=0.7258  val_AUPR_ag=0.4167  val_P@5_ab=0.9500  val_P@5_ag=1.0000  select=0.5713
Ep038  LR0=9.13e-05  pw=1.19  aucα=0.300  token_p=0.020  dropE=(0.020,0.080)  smooth=0.010  train_loss=0.1842  train_AUPR_all=0.7843  train_AUPR_ab=0.8392  train_AUPR_ag=0.7032  train_P@5_ab=1.0000  train_P@5_ag=1.0000  val_loss=0.3116  val_AUPR_all=0.5896  val_AUPR_ab=0.7304  val_AUPR_ag=0.4053  val_P@5_ab=0.9500  val_P@5_ag=0.8500  select=0.5679
Ep039  LR0=8.69e-05  pw=1.16  aucα=0.300  token_p=0.020  dropE=(0.020,0.080)  smooth=0.010  train_loss=0.1826  train_AUPR_all=0.7823  train_AUPR_ab=0.8323  train_AUPR_ag=0.7086  train_P@5_ab=1.0000  train_P@5_ag=1.0000  val_loss=0.3040  val_AUPR_all=0.5945  val_AUPR_ab=0.7293  val_AUPR_ag=0.4021  val_P@5_ab=0.9000  val_P@5_ag=0.9500  select=0.5657
Ep040  LR0=8.24e-05  pw=1.15  aucα=0.300  token_p=0.020  dropE=(0.020,0.080)  smooth=0.010  train_loss=0.1782  train_AUPR_all=0.7727  train_AUPR_ab=0.8240  train_AUPR_ag=0.6963  train_P@5_ab=0.9000  train_P@5_ag=0.9000  val_loss=0.3130  val_AUPR_all=0.5913  val_AUPR_ab=0.7272  val_AUPR_ag=0.4053  val_P@5_ab=0.9000  val_P@5_ag=1.0000  select=0.5663
Ep041  LR0=7.81e-05  pw=1.13  aucα=0.300  token_p=0.020  dropE=(0.020,0.080)  smooth=0.010  train_loss=0.1707  train_AUPR_all=0.8023  train_AUPR_ab=0.8490  train_AUPR_ag=0.7339  train_P@5_ab=1.0000  train_P@5_ag=1.0000  val_loss=0.3106  val_AUPR_all=0.5915  val_AUPR_ab=0.7343  val_AUPR_ag=0.3952  val_P@5_ab=1.0000  val_P@5_ag=0.9000  select=0.5647
Ep042  LR0=7.37e-05  pw=1.11  aucα=0.300  token_p=0.020  dropE=(0.020,0.080)  smooth=0.010  train_loss=0.1683  train_AUPR_all=0.8034  train_AUPR_ab=0.8495  train_AUPR_ag=0.7362  train_P@5_ab=0.9000  train_P@5_ag=0.9500  val_loss=0.3038  val_AUPR_all=0.5981  val_AUPR_ab=0.7335  val_AUPR_ag=0.4095  val_P@5_ab=1.0000  val_P@5_ag=1.0000  select=0.5715
Ep043  LR0=6.94e-05  pw=1.10  aucα=0.300  token_p=0.020  dropE=(0.020,0.080)  smooth=0.010  train_loss=0.1622  train_AUPR_all=0.8158  train_AUPR_ab=0.8617  train_AUPR_ag=0.7483  train_P@5_ab=1.0000  train_P@5_ag=0.9500  val_loss=0.3065  val_AUPR_all=0.5989  val_AUPR_ab=0.7362  val_AUPR_ag=0.4175  val_P@5_ab=1.0000  val_P@5_ag=0.9000  select=0.5769
  Saved checkpoint: checkpoints_newesm/iPara_balanced_l1_g6_i3_do0.10_dpr0.10_lr0.0002_heads16_fold1.pth  select=0.5769  val_ab=0.7362  val_ag=0.4175  val_all=0.5989
Ep044  LR0=6.52e-05  pw=1.09  aucα=0.300  token_p=0.020  dropE=(0.020,0.080)  smooth=0.010  train_loss=0.1638  train_AUPR_all=0.8117  train_AUPR_ab=0.8577  train_AUPR_ag=0.7445  train_P@5_ab=1.0000  train_P@5_ag=0.9500  val_loss=0.2949  val_AUPR_all=0.6026  val_AUPR_ab=0.7337  val_AUPR_ag=0.4214  val_P@5_ab=0.9000  val_P@5_ag=1.0000  select=0.5775
  Saved checkpoint: checkpoints_newesm/iPara_balanced_l1_g6_i3_do0.10_dpr0.10_lr0.0002_heads16_fold1.pth  select=0.5775  val_ab=0.7337  val_ag=0.4214  val_all=0.6026
Ep045  LR0=6.10e-05  pw=1.08  aucα=0.300  token_p=0.020  dropE=(0.020,0.080)  smooth=0.010  train_loss=0.1569  train_AUPR_all=0.8232  train_AUPR_ab=0.8665  train_AUPR_ag=0.7598  train_P@5_ab=1.0000  train_P@5_ag=0.9500  val_loss=0.3002  val_AUPR_all=0.6139  val_AUPR_ab=0.7406  val_AUPR_ag=0.4351  val_P@5_ab=1.0000  val_P@5_ag=0.9500  select=0.5879
  Saved checkpoint: checkpoints_newesm/iPara_balanced_l1_g6_i3_do0.10_dpr0.10_lr0.0002_heads16_fold1.pth  select=0.5879  val_ab=0.7406  val_ag=0.4351  val_all=0.6139
Ep046  LR0=5.70e-05  pw=1.07  aucα=0.300  token_p=0.020  dropE=(0.020,0.080)  smooth=0.010  train_loss=0.1556  train_AUPR_all=0.8245  train_AUPR_ab=0.8656  train_AUPR_ag=0.7643  train_P@5_ab=1.0000  train_P@5_ag=1.0000  val_loss=0.3050  val_AUPR_all=0.6022  val_AUPR_ab=0.7361  val_AUPR_ag=0.4155  val_P@5_ab=0.9500  val_P@5_ag=0.9500  select=0.5758
Ep047  LR0=5.30e-05  pw=1.06  aucα=0.300  token_p=0.020  dropE=(0.020,0.080)  smooth=0.010  train_loss=0.1511  train_AUPR_all=0.8329  train_AUPR_ab=0.8743  train_AUPR_ag=0.7723  train_P@5_ab=1.0000  train_P@5_ag=0.9500  val_loss=0.3006  val_AUPR_all=0.5981  val_AUPR_ab=0.7300  val_AUPR_ag=0.4179  val_P@5_ab=0.9500  val_P@5_ag=0.8500  select=0.5739
Ep048  LR0=4.91e-05  pw=1.05  aucα=0.300  token_p=0.020  dropE=(0.020,0.080)  smooth=0.010  train_loss=0.1474  train_AUPR_all=0.8379  train_AUPR_ab=0.8784  train_AUPR_ag=0.7786  train_P@5_ab=1.0000  train_P@5_ag=1.0000  val_loss=0.3020  val_AUPR_all=0.6070  val_AUPR_ab=0.7381  val_AUPR_ag=0.4249  val_P@5_ab=1.0000  val_P@5_ag=0.8000  select=0.5815
Ep049  LR0=4.53e-05  pw=1.05  aucα=0.300  token_p=0.020  dropE=(0.020,0.080)  smooth=0.010  train_loss=0.1471  train_AUPR_all=0.8385  train_AUPR_ab=0.8759  train_AUPR_ag=0.7841  train_P@5_ab=1.0000  train_P@5_ag=1.0000  val_loss=0.3060  val_AUPR_all=0.5931  val_AUPR_ab=0.7281  val_AUPR_ag=0.4154  val_P@5_ab=1.0000  val_P@5_ag=0.8500  select=0.5718
Ep050  LR0=4.16e-05  pw=1.04  aucα=0.300  token_p=0.020  dropE=(0.020,0.080)  smooth=0.010  train_loss=0.1402  train_AUPR_all=0.8488  train_AUPR_ab=0.8845  train_AUPR_ag=0.7962  train_P@5_ab=1.0000  train_P@5_ag=0.9500  val_loss=0.3056  val_AUPR_all=0.6024  val_AUPR_ab=0.7356  val_AUPR_ag=0.4178  val_P@5_ab=0.9500  val_P@5_ag=0.8000  select=0.5767
Ep051  LR0=3.81e-05  pw=1.04  aucα=0.300  token_p=0.020  dropE=(0.020,0.080)  smooth=0.010  train_loss=0.1438  train_AUPR_all=0.8439  train_AUPR_ab=0.8806  train_AUPR_ag=0.7903  train_P@5_ab=1.0000  train_P@5_ag=1.0000  val_loss=0.2992  val_AUPR_all=0.6015  val_AUPR_ab=0.7337  val_AUPR_ag=0.4257  val_P@5_ab=1.0000  val_P@5_ag=0.8500  select=0.5797
Ep052  LR0=3.46e-05  pw=1.03  aucα=0.300  token_p=0.020  dropE=(0.020,0.080)  smooth=0.010  train_loss=0.1414  train_AUPR_all=0.8473  train_AUPR_ab=0.8848  train_AUPR_ag=0.7925  train_P@5_ab=1.0000  train_P@5_ag=1.0000  val_loss=0.3045  val_AUPR_all=0.6033  val_AUPR_ab=0.7377  val_AUPR_ag=0.4255  val_P@5_ab=1.0000  val_P@5_ag=0.8000  select=0.5816
Ep053  LR0=3.13e-05  pw=1.03  aucα=0.300  token_p=0.020  dropE=(0.020,0.080)  smooth=0.010  train_loss=0.1401  train_AUPR_all=0.8480  train_AUPR_ab=0.8851  train_AUPR_ag=0.7933  train_P@5_ab=1.0000  train_P@5_ag=1.0000  val_loss=0.2989  val_AUPR_all=0.6064  val_AUPR_ab=0.7399  val_AUPR_ag=0.4238  val_P@5_ab=1.0000  val_P@5_ag=0.7500  select=0.5818
Ep054  LR0=2.82e-05  pw=1.03  aucα=0.300  token_p=0.020  dropE=(0.020,0.080)  smooth=0.010  train_loss=0.1389  train_AUPR_all=0.8511  train_AUPR_ab=0.8886  train_AUPR_ag=0.7956  train_P@5_ab=1.0000  train_P@5_ag=1.0000  val_loss=0.3014  val_AUPR_all=0.5989  val_AUPR_ab=0.7349  val_AUPR_ag=0.4189  val_P@5_ab=1.0000  val_P@5_ag=0.6500  select=0.5769
Ep055  LR0=2.51e-05  pw=1.02  aucα=0.300  token_p=0.020  dropE=(0.020,0.080)  smooth=0.010  train_loss=0.1337  train_AUPR_all=0.8592  train_AUPR_ab=0.8924  train_AUPR_ag=0.8110  train_P@5_ab=1.0000  train_P@5_ag=1.0000  val_loss=0.3015  val_AUPR_all=0.6061  val_AUPR_ab=0.7399  val_AUPR_ag=0.4258  val_P@5_ab=1.0000  val_P@5_ag=0.7000  select=0.5829
Ep056  LR0=2.23e-05  pw=1.02  aucα=0.300  token_p=0.020  dropE=(0.020,0.080)  smooth=0.010  train_loss=0.1366  train_AUPR_all=0.8556  train_AUPR_ab=0.8901  train_AUPR_ag=0.8053  train_P@5_ab=1.0000  train_P@5_ag=1.0000  val_loss=0.2994  val_AUPR_all=0.6068  val_AUPR_ab=0.7387  val_AUPR_ag=0.4274  val_P@5_ab=0.9500  val_P@5_ag=0.7500  select=0.5830
Ep057  LR0=1.96e-05  pw=1.02  aucα=0.300  token_p=0.020  dropE=(0.020,0.080)  smooth=0.010  train_loss=0.1277  train_AUPR_all=0.8704  train_AUPR_ab=0.9029  train_AUPR_ag=0.8227  train_P@5_ab=1.0000  train_P@5_ag=1.0000  val_loss=0.3057  val_AUPR_all=0.6014  val_AUPR_ab=0.7318  val_AUPR_ag=0.4283  val_P@5_ab=1.0000  val_P@5_ag=0.6500  select=0.5801
Ep058  LR0=1.70e-05  pw=1.02  aucα=0.300  token_p=0.020  dropE=(0.020,0.080)  smooth=0.010  train_loss=0.1281  train_AUPR_all=0.8690  train_AUPR_ab=0.9007  train_AUPR_ag=0.8229  train_P@5_ab=1.0000  train_P@5_ag=1.0000  val_loss=0.3080  val_AUPR_all=0.5947  val_AUPR_ab=0.7334  val_AUPR_ag=0.4146  val_P@5_ab=1.0000  val_P@5_ag=0.6000  select=0.5740
Ep059  LR0=1.46e-05  pw=1.01  aucα=0.300  token_p=0.020  dropE=(0.020,0.080)  smooth=0.010  train_loss=0.1247  train_AUPR_all=0.8740  train_AUPR_ab=0.9053  train_AUPR_ag=0.8277  train_P@5_ab=1.0000  train_P@5_ag=1.0000  val_loss=0.3055  val_AUPR_all=0.6020  val_AUPR_ab=0.7342  val_AUPR_ag=0.4286  val_P@5_ab=0.9500  val_P@5_ag=0.6000  select=0.5814
Ep060  LR0=1.24e-05  pw=1.01  aucα=0.300  token_p=0.020  dropE=(0.020,0.080)  smooth=0.010  train_loss=0.1246  train_AUPR_all=0.8753  train_AUPR_ab=0.9053  train_AUPR_ag=0.8315  train_P@5_ab=1.0000  train_P@5_ag=1.0000  val_loss=0.3048  val_AUPR_all=0.6021  val_AUPR_ab=0.7359  val_AUPR_ag=0.4265  val_P@5_ab=0.9000  val_P@5_ag=0.6000  select=0.5812
Ep061  LR0=1.04e-05  pw=1.01  aucα=0.300  token_p=0.020  dropE=(0.020,0.080)  smooth=0.010  train_loss=0.1249  train_AUPR_all=0.8741  train_AUPR_ab=0.9051  train_AUPR_ag=0.8284  train_P@5_ab=1.0000  train_P@5_ag=0.9500  val_loss=0.3070  val_AUPR_all=0.6000  val_AUPR_ab=0.7346  val_AUPR_ag=0.4238  val_P@5_ab=0.9500  val_P@5_ag=0.6500  select=0.5792
Ep062  LR0=8.53e-06  pw=1.01  aucα=0.300  token_p=0.020  dropE=(0.020,0.080)  smooth=0.010  train_loss=0.1240  train_AUPR_all=0.8758  train_AUPR_ab=0.9071  train_AUPR_ag=0.8298  train_P@5_ab=1.0000  train_P@5_ag=1.0000  val_loss=0.3059  val_AUPR_all=0.6010  val_AUPR_ab=0.7346  val_AUPR_ag=0.4243  val_P@5_ab=0.9500  val_P@5_ag=0.7500  select=0.5795
Ep063  LR0=6.86e-06  pw=1.01  aucα=0.300  token_p=0.020  dropE=(0.020,0.080)  smooth=0.010  train_loss=0.1284  train_AUPR_all=0.8683  train_AUPR_ab=0.9005  train_AUPR_ag=0.8214  train_P@5_ab=1.0000  train_P@5_ag=1.0000  val_loss=0.3069  val_AUPR_all=0.5999  val_AUPR_ab=0.7338  val_AUPR_ag=0.4251  val_P@5_ab=0.9500  val_P@5_ag=0.7000  select=0.5795
Ep064  LR0=5.38e-06  pw=1.01  aucα=0.300  token_p=0.020  dropE=(0.020,0.080)  smooth=0.010  train_loss=0.1238  train_AUPR_all=0.8769  train_AUPR_ab=0.9073  train_AUPR_ag=0.8321  train_P@5_ab=1.0000  train_P@5_ag=1.0000  val_loss=0.3058  val_AUPR_all=0.6012  val_AUPR_ab=0.7343  val_AUPR_ag=0.4236  val_P@5_ab=0.9500  val_P@5_ag=0.7000  select=0.5789
Ep065  LR0=4.09e-06  pw=1.01  aucα=0.300  token_p=0.020  dropE=(0.020,0.080)  smooth=0.010  train_loss=0.1232  train_AUPR_all=0.8782  train_AUPR_ab=0.9092  train_AUPR_ag=0.8326  train_P@5_ab=1.0000  train_P@5_ag=1.0000  val_loss=0.3070  val_AUPR_all=0.6002  val_AUPR_ab=0.7343  val_AUPR_ag=0.4235  val_P@5_ab=0.9500  val_P@5_ag=0.7000  select=0.5789
Early stopping at epoch 65. Best select=0.5879 at epoch 45.
Final saved checkpoint for fold 1: checkpoints_newesm/iPara_balanced_l1_g6_i3_do0.10_dpr0.10_lr0.0002_heads16_fold1.pth
Best select=0.5879 at epoch 45

==========================================================================================
Fold 2/5
==========================================================================================
Train labels: valid=400834, pos=26650, neg=374184, ignore=696766, pos_frac=0.06649
Val labels: valid=99358, pos=6580, neg=92778, ignore=175842, pos_frac=0.06623
Initializing ClassificationModel with 6 GAT layers and residual connections...
Initializing MCModel with 6 GAT layers and 3 row attention layers (drop_path_rate=0.1, use_esm=True)
Initializing CoreModel with 1 layers, drop_path_rate=0.1
Ep001  LR0=2.00e-04  pw=20.00  aucα=0.000  token_p=0.020  dropE=(0.020,0.080)  smooth=0.010  train_loss=1.1806  train_AUPR_all=0.1946  train_AUPR_ab=0.2234  train_AUPR_ag=0.1534  train_P@5_ab=0.1000  train_P@5_ag=0.0000  val_loss=1.5591  val_AUPR_all=0.3875  val_AUPR_ab=0.4897  val_AUPR_ag=0.2196  val_P@5_ab=0.6000  val_P@5_ag=0.7500  select=0.3546
  Saved checkpoint: checkpoints_newesm/iPara_balanced_l1_g6_i3_do0.10_dpr0.10_lr0.0002_heads16_fold2.pth  select=0.3546  val_ab=0.4897  val_ag=0.2196  val_all=0.3875
Ep002  LR0=2.00e-04  pw=17.77  aucα=0.000  token_p=0.020  dropE=(0.020,0.080)  smooth=0.010  train_loss=0.8311  train_AUPR_all=0.3826  train_AUPR_ab=0.4642  train_AUPR_ag=0.2522  train_P@5_ab=0.8000  train_P@5_ag=0.9000  val_loss=1.4608  val_AUPR_all=0.3707  val_AUPR_ab=0.5090  val_AUPR_ag=0.2182  val_P@5_ab=0.8500  val_P@5_ag=0.9000  select=0.3636
  Saved checkpoint: checkpoints_newesm/iPara_balanced_l1_g6_i3_do0.10_dpr0.10_lr0.0002_heads16_fold2.pth  select=0.3636  val_ab=0.5090  val_ag=0.2182  val_all=0.3707
Ep003  LR0=2.00e-04  pw=15.80  aucα=0.000  token_p=0.020  dropE=(0.020,0.080)  smooth=0.010  train_loss=0.7315  train_AUPR_all=0.4278  train_AUPR_ab=0.5129  train_AUPR_ag=0.2793  train_P@5_ab=0.6500  train_P@5_ag=0.8500  val_loss=1.1156  val_AUPR_all=0.4739  val_AUPR_ab=0.5942  val_AUPR_ag=0.2698  val_P@5_ab=0.8000  val_P@5_ag=0.9000  select=0.4320
  Saved checkpoint: checkpoints_newesm/iPara_balanced_l1_g6_i3_do0.10_dpr0.10_lr0.0002_heads16_fold2.pth  select=0.4320  val_ab=0.5942  val_ag=0.2698  val_all=0.4739
Ep004  LR0=1.99e-04  pw=14.06  aucα=0.000  token_p=0.020  dropE=(0.020,0.080)  smooth=0.010  train_loss=0.6587  train_AUPR_all=0.4646  train_AUPR_ab=0.5593  train_AUPR_ag=0.3031  train_P@5_ab=0.8000  train_P@5_ag=0.8000  val_loss=1.1167  val_AUPR_all=0.4695  val_AUPR_ab=0.5836  val_AUPR_ag=0.2791  val_P@5_ab=0.8500  val_P@5_ag=0.9500  select=0.4314
Ep005  LR0=1.98e-04  pw=12.52  aucα=0.000  token_p=0.020  dropE=(0.020,0.080)  smooth=0.010  train_loss=0.6277  train_AUPR_all=0.4729  train_AUPR_ab=0.5678  train_AUPR_ag=0.3102  train_P@5_ab=0.7000  train_P@5_ag=0.5500  val_loss=0.8954  val_AUPR_all=0.4720  val_AUPR_ab=0.5741  val_AUPR_ag=0.2812  val_P@5_ab=0.8000  val_P@5_ag=1.0000  select=0.4276
Ep006  LR0=1.97e-04  pw=11.17  aucα=0.000  token_p=0.020  dropE=(0.020,0.080)  smooth=0.010  train_loss=0.5777  train_AUPR_all=0.4894  train_AUPR_ab=0.5858  train_AUPR_ag=0.3187  train_P@5_ab=0.6500  train_P@5_ag=0.9500  val_loss=1.0293  val_AUPR_all=0.4850  val_AUPR_ab=0.6172  val_AUPR_ag=0.2629  val_P@5_ab=0.7500  val_P@5_ag=0.9000  select=0.4400
  Saved checkpoint: checkpoints_newesm/iPara_balanced_l1_g6_i3_do0.10_dpr0.10_lr0.0002_heads16_fold2.pth  select=0.4400  val_ab=0.6172  val_ag=0.2629  val_all=0.4850
Ep007  LR0=1.96e-04  pw=9.97  aucα=0.000  token_p=0.020  dropE=(0.020,0.080)  smooth=0.010  train_loss=0.5271  train_AUPR_all=0.5123  train_AUPR_ab=0.6178  train_AUPR_ag=0.3301  train_P@5_ab=0.9000  train_P@5_ag=0.9500  val_loss=0.9333  val_AUPR_all=0.4746  val_AUPR_ab=0.6122  val_AUPR_ag=0.2853  val_P@5_ab=0.6000  val_P@5_ag=0.7000  select=0.4488
  Saved checkpoint: checkpoints_newesm/iPara_balanced_l1_g6_i3_do0.10_dpr0.10_lr0.0002_heads16_fold2.pth  select=0.4488  val_ab=0.6122  val_ag=0.2853  val_all=0.4746
Ep008  LR0=1.95e-04  pw=8.92  aucα=0.000  token_p=0.020  dropE=(0.020,0.080)  smooth=0.010  train_loss=0.4969  train_AUPR_all=0.5223  train_AUPR_ab=0.6361  train_AUPR_ag=0.3348  train_P@5_ab=0.9000  train_P@5_ag=1.0000  val_loss=0.7249  val_AUPR_all=0.5179  val_AUPR_ab=0.6231  val_AUPR_ag=0.3454  val_P@5_ab=0.8500  val_P@5_ag=0.8500  select=0.4843
  Saved checkpoint: checkpoints_newesm/iPara_balanced_l1_g6_i3_do0.10_dpr0.10_lr0.0002_heads16_fold2.pth  select=0.4843  val_ab=0.6231  val_ag=0.3454  val_all=0.5179
Ep009  LR0=1.94e-04  pw=7.99  aucα=0.000  token_p=0.020  dropE=(0.020,0.080)  smooth=0.010  train_loss=0.4629  train_AUPR_all=0.5207  train_AUPR_ab=0.6229  train_AUPR_ag=0.3446  train_P@5_ab=0.8500  train_P@5_ag=0.9000  val_loss=0.7019  val_AUPR_all=0.5011  val_AUPR_ab=0.6131  val_AUPR_ag=0.3103  val_P@5_ab=0.7000  val_P@5_ag=0.9000  select=0.4617
Ep010  LR0=1.92e-04  pw=7.17  aucα=0.030  token_p=0.020  dropE=(0.020,0.080)  smooth=0.010  train_loss=0.4482  train_AUPR_all=0.5343  train_AUPR_ab=0.6437  train_AUPR_ag=0.3484  train_P@5_ab=0.9500  train_P@5_ag=0.9000  val_loss=0.6769  val_AUPR_all=0.5250  val_AUPR_ab=0.6439  val_AUPR_ag=0.3502  val_P@5_ab=0.4500  val_P@5_ag=0.8500  select=0.4971
  Saved checkpoint: checkpoints_newesm/iPara_balanced_l1_g6_i3_do0.10_dpr0.10_lr0.0002_heads16_fold2.pth  select=0.4971  val_ab=0.6439  val_ag=0.3502  val_all=0.5250
Unfreezing DyM parameters.
Ep011  LR0=1.90e-04  pw=6.44  aucα=0.060  token_p=0.020  dropE=(0.020,0.080)  smooth=0.010  train_loss=0.4392  train_AUPR_all=0.5487  train_AUPR_ab=0.6604  train_AUPR_ag=0.3617  train_P@5_ab=0.9000  train_P@5_ag=0.8000  val_loss=0.6763  val_AUPR_all=0.5406  val_AUPR_ab=0.6646  val_AUPR_ag=0.3266  val_P@5_ab=0.8000  val_P@5_ag=1.0000  select=0.4956
Ep012  LR0=1.88e-04  pw=5.80  aucα=0.090  token_p=0.020  dropE=(0.020,0.080)  smooth=0.010  train_loss=0.4243  train_AUPR_all=0.5573  train_AUPR_ab=0.6708  train_AUPR_ag=0.3684  train_P@5_ab=0.9500  train_P@5_ag=0.9500  val_loss=0.6453  val_AUPR_all=0.5181  val_AUPR_ab=0.6369  val_AUPR_ag=0.3339  val_P@5_ab=0.9500  val_P@5_ag=0.9500  select=0.4854
Ep013  LR0=1.86e-04  pw=5.24  aucα=0.120  token_p=0.020  dropE=(0.020,0.080)  smooth=0.010  train_loss=0.4141  train_AUPR_all=0.5660  train_AUPR_ab=0.6826  train_AUPR_ag=0.3705  train_P@5_ab=0.9000  train_P@5_ag=0.9000  val_loss=0.8782  val_AUPR_all=0.4884  val_AUPR_ab=0.6466  val_AUPR_ag=0.2618  val_P@5_ab=0.9000  val_P@5_ag=0.7500  select=0.4542
Ep014  LR0=1.83e-04  pw=4.74  aucα=0.150  token_p=0.020  dropE=(0.020,0.080)  smooth=0.010  train_loss=0.4079  train_AUPR_all=0.5764  train_AUPR_ab=0.6898  train_AUPR_ag=0.3882  train_P@5_ab=0.8500  train_P@5_ag=1.0000  val_loss=0.6021  val_AUPR_all=0.5394  val_AUPR_ab=0.6604  val_AUPR_ag=0.3503  val_P@5_ab=0.9500  val_P@5_ag=0.9000  select=0.5053
  Saved checkpoint: checkpoints_newesm/iPara_balanced_l1_g6_i3_do0.10_dpr0.10_lr0.0002_heads16_fold2.pth  select=0.5053  val_ab=0.6604  val_ag=0.3503  val_all=0.5394
Ep015  LR0=1.81e-04  pw=4.30  aucα=0.180  token_p=0.020  dropE=(0.020,0.080)  smooth=0.010  train_loss=0.3991  train_AUPR_all=0.5869  train_AUPR_ab=0.7036  train_AUPR_ag=0.3955  train_P@5_ab=0.9500  train_P@5_ag=0.9500  val_loss=0.5435  val_AUPR_all=0.5622  val_AUPR_ab=0.6973  val_AUPR_ag=0.3469  val_P@5_ab=0.9000  val_P@5_ag=0.9500  select=0.5221
  Saved checkpoint: checkpoints_newesm/iPara_balanced_l1_g6_i3_do0.10_dpr0.10_lr0.0002_heads16_fold2.pth  select=0.5221  val_ab=0.6973  val_ag=0.3469  val_all=0.5622
Ep016  LR0=1.78e-04  pw=3.91  aucα=0.210  token_p=0.020  dropE=(0.020,0.080)  smooth=0.010  train_loss=0.3937  train_AUPR_all=0.5899  train_AUPR_ab=0.7032  train_AUPR_ag=0.4033  train_P@5_ab=1.0000  train_P@5_ag=0.8000  val_loss=0.4799  val_AUPR_all=0.5734  val_AUPR_ab=0.7012  val_AUPR_ag=0.3609  val_P@5_ab=0.9000  val_P@5_ag=0.9000  select=0.5311
  Saved checkpoint: checkpoints_newesm/iPara_balanced_l1_g6_i3_do0.10_dpr0.10_lr0.0002_heads16_fold2.pth  select=0.5311  val_ab=0.7012  val_ag=0.3609  val_all=0.5734
Ep017  LR0=1.75e-04  pw=3.57  aucα=0.240  token_p=0.020  dropE=(0.020,0.080)  smooth=0.010  train_loss=0.3878  train_AUPR_all=0.5962  train_AUPR_ab=0.7120  train_AUPR_ag=0.4074  train_P@5_ab=1.0000  train_P@5_ag=0.9000  val_loss=0.4702  val_AUPR_all=0.5709  val_AUPR_ab=0.7004  val_AUPR_ag=0.3774  val_P@5_ab=0.9000  val_P@5_ag=0.7500  select=0.5389
  Saved checkpoint: checkpoints_newesm/iPara_balanced_l1_g6_i3_do0.10_dpr0.10_lr0.0002_heads16_fold2.pth  select=0.5389  val_ab=0.7004  val_ag=0.3774  val_all=0.5709
Ep018  LR0=1.72e-04  pw=3.27  aucα=0.270  token_p=0.020  dropE=(0.020,0.080)  smooth=0.010  train_loss=0.3815  train_AUPR_all=0.6096  train_AUPR_ab=0.7239  train_AUPR_ag=0.4256  train_P@5_ab=0.9500  train_P@5_ag=1.0000  val_loss=0.4467  val_AUPR_all=0.5785  val_AUPR_ab=0.6943  val_AUPR_ag=0.3865  val_P@5_ab=1.0000  val_P@5_ag=1.0000  select=0.5404
  Saved checkpoint: checkpoints_newesm/iPara_balanced_l1_g6_i3_do0.10_dpr0.10_lr0.0002_heads16_fold2.pth  select=0.5404  val_ab=0.6943  val_ag=0.3865  val_all=0.5785
Ep019  LR0=1.69e-04  pw=3.00  aucα=0.300  token_p=0.020  dropE=(0.020,0.080)  smooth=0.010  train_loss=0.3783  train_AUPR_all=0.6167  train_AUPR_ab=0.7357  train_AUPR_ag=0.4248  train_P@5_ab=1.0000  train_P@5_ag=1.0000  val_loss=0.4174  val_AUPR_all=0.5876  val_AUPR_ab=0.7194  val_AUPR_ag=0.3894  val_P@5_ab=0.9000  val_P@5_ag=1.0000  select=0.5544
  Saved checkpoint: checkpoints_newesm/iPara_balanced_l1_g6_i3_do0.10_dpr0.10_lr0.0002_heads16_fold2.pth  select=0.5544  val_ab=0.7194  val_ag=0.3894  val_all=0.5876
Ep020  LR0=1.66e-04  pw=2.77  aucα=0.300  token_p=0.020  dropE=(0.020,0.080)  smooth=0.010  train_loss=0.3591  train_AUPR_all=0.6272  train_AUPR_ab=0.7405  train_AUPR_ag=0.4458  train_P@5_ab=1.0000  train_P@5_ag=1.0000  val_loss=0.4291  val_AUPR_all=0.5784  val_AUPR_ab=0.7045  val_AUPR_ag=0.3769  val_P@5_ab=0.9500  val_P@5_ag=0.9000  select=0.5407
Ep021  LR0=1.62e-04  pw=2.56  aucα=0.300  token_p=0.020  dropE=(0.020,0.080)  smooth=0.010  train_loss=0.3470  train_AUPR_all=0.6271  train_AUPR_ab=0.7386  train_AUPR_ag=0.4477  train_P@5_ab=1.0000  train_P@5_ag=0.8500  val_loss=0.3907  val_AUPR_all=0.5942  val_AUPR_ab=0.7207  val_AUPR_ag=0.3955  val_P@5_ab=0.8500  val_P@5_ag=0.9500  select=0.5581
  Saved checkpoint: checkpoints_newesm/iPara_balanced_l1_g6_i3_do0.10_dpr0.10_lr0.0002_heads16_fold2.pth  select=0.5581  val_ab=0.7207  val_ag=0.3955  val_all=0.5942
Ep022  LR0=1.59e-04  pw=2.38  aucα=0.300  token_p=0.020  dropE=(0.020,0.080)  smooth=0.010  train_loss=0.3325  train_AUPR_all=0.6391  train_AUPR_ab=0.7476  train_AUPR_ag=0.4657  train_P@5_ab=1.0000  train_P@5_ag=1.0000  val_loss=0.3923  val_AUPR_all=0.5804  val_AUPR_ab=0.7113  val_AUPR_ag=0.3904  val_P@5_ab=0.9500  val_P@5_ag=0.9500  select=0.5508
Ep023  LR0=1.55e-04  pw=2.21  aucα=0.300  token_p=0.020  dropE=(0.020,0.080)  smooth=0.010  train_loss=0.3227  train_AUPR_all=0.6403  train_AUPR_ab=0.7519  train_AUPR_ag=0.4620  train_P@5_ab=0.9500  train_P@5_ag=0.8000  val_loss=0.3754  val_AUPR_all=0.5955  val_AUPR_ab=0.7247  val_AUPR_ag=0.3958  val_P@5_ab=0.9000  val_P@5_ag=0.9000  select=0.5603
  Saved checkpoint: checkpoints_newesm/iPara_balanced_l1_g6_i3_do0.10_dpr0.10_lr0.0002_heads16_fold2.pth  select=0.5603  val_ab=0.7247  val_ag=0.3958  val_all=0.5955
Ep024  LR0=1.51e-04  pw=2.07  aucα=0.300  token_p=0.020  dropE=(0.020,0.080)  smooth=0.010  train_loss=0.3073  train_AUPR_all=0.6513  train_AUPR_ab=0.7557  train_AUPR_ag=0.4857  train_P@5_ab=1.0000  train_P@5_ag=0.9500  val_loss=0.3768  val_AUPR_all=0.5698  val_AUPR_ab=0.7085  val_AUPR_ag=0.3807  val_P@5_ab=0.9000  val_P@5_ag=0.9000  select=0.5446
Ep025  LR0=1.48e-04  pw=1.95  aucα=0.300  token_p=0.020  dropE=(0.020,0.080)  smooth=0.010  train_loss=0.2962  train_AUPR_all=0.6606  train_AUPR_ab=0.7647  train_AUPR_ag=0.4961  train_P@5_ab=0.9500  train_P@5_ag=1.0000  val_loss=0.3668  val_AUPR_all=0.5892  val_AUPR_ab=0.7268  val_AUPR_ag=0.3794  val_P@5_ab=0.9500  val_P@5_ag=0.9500  select=0.5531
Ep026  LR0=1.44e-04  pw=1.83  aucα=0.300  token_p=0.020  dropE=(0.020,0.080)  smooth=0.010  train_loss=0.2823  train_AUPR_all=0.6722  train_AUPR_ab=0.7725  train_AUPR_ag=0.5133  train_P@5_ab=0.9500  train_P@5_ag=1.0000  val_loss=0.3525  val_AUPR_all=0.6006  val_AUPR_ab=0.7383  val_AUPR_ag=0.3867  val_P@5_ab=0.9500  val_P@5_ag=1.0000  select=0.5625
  Saved checkpoint: checkpoints_newesm/iPara_balanced_l1_g6_i3_do0.10_dpr0.10_lr0.0002_heads16_fold2.pth  select=0.5625  val_ab=0.7383  val_ag=0.3867  val_all=0.6006
Ep027  LR0=1.39e-04  pw=1.74  aucα=0.300  token_p=0.020  dropE=(0.020,0.080)  smooth=0.010  train_loss=0.2746  train_AUPR_all=0.6761  train_AUPR_ab=0.7720  train_AUPR_ag=0.5277  train_P@5_ab=1.0000  train_P@5_ag=0.8500  val_loss=0.3385  val_AUPR_all=0.5959  val_AUPR_ab=0.7313  val_AUPR_ag=0.3849  val_P@5_ab=1.0000  val_P@5_ag=0.9500  select=0.5581
Ep028  LR0=1.35e-04  pw=1.65  aucα=0.300  token_p=0.020  dropE=(0.020,0.080)  smooth=0.010  train_loss=0.2633  train_AUPR_all=0.6892  train_AUPR_ab=0.7823  train_AUPR_ag=0.5451  train_P@5_ab=1.0000  train_P@5_ag=0.9000  val_loss=0.3446  val_AUPR_all=0.5878  val_AUPR_ab=0.7261  val_AUPR_ag=0.3923  val_P@5_ab=0.9500  val_P@5_ag=1.0000  select=0.5592
Ep029  LR0=1.31e-04  pw=1.57  aucα=0.300  token_p=0.020  dropE=(0.020,0.080)  smooth=0.010  train_loss=0.2557  train_AUPR_all=0.6952  train_AUPR_ab=0.7867  train_AUPR_ag=0.5537  train_P@5_ab=1.0000  train_P@5_ag=1.0000  val_loss=0.3330  val_AUPR_all=0.5977  val_AUPR_ab=0.7343  val_AUPR_ag=0.3869  val_P@5_ab=0.9500  val_P@5_ag=1.0000  select=0.5606
Ep030  LR0=1.27e-04  pw=1.51  aucα=0.300  token_p=0.020  dropE=(0.020,0.080)  smooth=0.010  train_loss=0.2466  train_AUPR_all=0.7034  train_AUPR_ab=0.7893  train_AUPR_ag=0.5705  train_P@5_ab=1.0000  train_P@5_ag=1.0000  val_loss=0.3354  val_AUPR_all=0.5935  val_AUPR_ab=0.7357  val_AUPR_ag=0.3880  val_P@5_ab=0.9500  val_P@5_ag=0.9500  select=0.5619
Ep031  LR0=1.22e-04  pw=1.45  aucα=0.300  token_p=0.020  dropE=(0.020,0.080)  smooth=0.010  train_loss=0.2387  train_AUPR_all=0.7121  train_AUPR_ab=0.7992  train_AUPR_ag=0.5774  train_P@5_ab=1.0000  train_P@5_ag=0.9500  val_loss=0.3334  val_AUPR_all=0.5988  val_AUPR_ab=0.7346  val_AUPR_ag=0.4057  val_P@5_ab=0.9000  val_P@5_ag=0.8000  select=0.5701
  Saved checkpoint: checkpoints_newesm/iPara_balanced_l1_g6_i3_do0.10_dpr0.10_lr0.0002_heads16_fold2.pth  select=0.5701  val_ab=0.7346  val_ag=0.4057  val_all=0.5988
Ep032  LR0=1.18e-04  pw=1.39  aucα=0.300  token_p=0.020  dropE=(0.020,0.080)  smooth=0.010  train_loss=0.2299  train_AUPR_all=0.7216  train_AUPR_ab=0.8012  train_AUPR_ag=0.6006  train_P@5_ab=1.0000  train_P@5_ag=1.0000  val_loss=0.3200  val_AUPR_all=0.5979  val_AUPR_ab=0.7420  val_AUPR_ag=0.3901  val_P@5_ab=0.9000  val_P@5_ag=0.9500  select=0.5661
Ep033  LR0=1.14e-04  pw=1.35  aucα=0.300  token_p=0.020  dropE=(0.020,0.080)  smooth=0.010  train_loss=0.2244  train_AUPR_all=0.7274  train_AUPR_ab=0.8054  train_AUPR_ag=0.6095  train_P@5_ab=1.0000  train_P@5_ag=1.0000  val_loss=0.3231  val_AUPR_all=0.5999  val_AUPR_ab=0.7397  val_AUPR_ag=0.4001  val_P@5_ab=1.0000  val_P@5_ag=1.0000  select=0.5699
Ep034  LR0=1.09e-04  pw=1.31  aucα=0.300  token_p=0.020  dropE=(0.020,0.080)  smooth=0.010  train_loss=0.2155  train_AUPR_all=0.7404  train_AUPR_ab=0.8174  train_AUPR_ag=0.6234  train_P@5_ab=0.9500  train_P@5_ag=1.0000  val_loss=0.3187  val_AUPR_all=0.5962  val_AUPR_ab=0.7381  val_AUPR_ag=0.3920  val_P@5_ab=0.9500  val_P@5_ag=0.9000  select=0.5650
Ep035  LR0=1.05e-04  pw=1.27  aucα=0.300  token_p=0.020  dropE=(0.020,0.080)  smooth=0.010  train_loss=0.2076  train_AUPR_all=0.7496  train_AUPR_ab=0.8195  train_AUPR_ag=0.6445  train_P@5_ab=1.0000  train_P@5_ag=1.0000  val_loss=0.3231  val_AUPR_all=0.6031  val_AUPR_ab=0.7413  val_AUPR_ag=0.3927  val_P@5_ab=0.9500  val_P@5_ag=1.0000  select=0.5670
Ep036  LR0=1.00e-04  pw=1.24  aucα=0.300  token_p=0.020  dropE=(0.020,0.080)  smooth=0.010  train_loss=0.2004  train_AUPR_all=0.7602  train_AUPR_ab=0.8277  train_AUPR_ag=0.6593  train_P@5_ab=0.9500  train_P@5_ag=1.0000  val_loss=0.3330  val_AUPR_all=0.5887  val_AUPR_ab=0.7354  val_AUPR_ag=0.3879  val_P@5_ab=1.0000  val_P@5_ag=0.9000  select=0.5616
Ep037  LR0=9.58e-05  pw=1.21  aucα=0.300  token_p=0.020  dropE=(0.020,0.080)  smooth=0.010  train_loss=0.1988  train_AUPR_all=0.7605  train_AUPR_ab=0.8288  train_AUPR_ag=0.6584  train_P@5_ab=1.0000  train_P@5_ag=1.0000  val_loss=0.3146  val_AUPR_all=0.6042  val_AUPR_ab=0.7390  val_AUPR_ag=0.3954  val_P@5_ab=1.0000  val_P@5_ag=1.0000  select=0.5672
Ep038  LR0=9.13e-05  pw=1.19  aucα=0.300  token_p=0.020  dropE=(0.020,0.080)  smooth=0.010  train_loss=0.1926  train_AUPR_all=0.7696  train_AUPR_ab=0.8355  train_AUPR_ag=0.6716  train_P@5_ab=1.0000  train_P@5_ag=1.0000  val_loss=0.3269  val_AUPR_all=0.5867  val_AUPR_ab=0.7256  val_AUPR_ag=0.3950  val_P@5_ab=1.0000  val_P@5_ag=1.0000  select=0.5603
Ep039  LR0=8.69e-05  pw=1.16  aucα=0.300  token_p=0.020  dropE=(0.020,0.080)  smooth=0.010  train_loss=0.1870  train_AUPR_all=0.7765  train_AUPR_ab=0.8365  train_AUPR_ag=0.6882  train_P@5_ab=0.9500  train_P@5_ag=1.0000  val_loss=0.3062  val_AUPR_all=0.6046  val_AUPR_ab=0.7420  val_AUPR_ag=0.4061  val_P@5_ab=0.9000  val_P@5_ag=1.0000  select=0.5740
  Saved checkpoint: checkpoints_newesm/iPara_balanced_l1_g6_i3_do0.10_dpr0.10_lr0.0002_heads16_fold2.pth  select=0.5740  val_ab=0.7420  val_ag=0.4061  val_all=0.6046
Ep040  LR0=8.24e-05  pw=1.15  aucα=0.300  token_p=0.020  dropE=(0.020,0.080)  smooth=0.010  train_loss=0.1850  train_AUPR_all=0.7788  train_AUPR_ab=0.8394  train_AUPR_ag=0.6898  train_P@5_ab=1.0000  train_P@5_ag=0.9500  val_loss=0.3198  val_AUPR_all=0.5848  val_AUPR_ab=0.7377  val_AUPR_ag=0.3924  val_P@5_ab=0.9500  val_P@5_ag=1.0000  select=0.5650
Ep041  LR0=7.81e-05  pw=1.13  aucα=0.300  token_p=0.020  dropE=(0.020,0.080)  smooth=0.010  train_loss=0.1786  train_AUPR_all=0.7892  train_AUPR_ab=0.8478  train_AUPR_ag=0.7025  train_P@5_ab=1.0000  train_P@5_ag=1.0000  val_loss=0.3189  val_AUPR_all=0.5985  val_AUPR_ab=0.7388  val_AUPR_ag=0.4054  val_P@5_ab=1.0000  val_P@5_ag=0.9000  select=0.5721
Ep042  LR0=7.37e-05  pw=1.11  aucα=0.300  token_p=0.020  dropE=(0.020,0.080)  smooth=0.010  train_loss=0.1735  train_AUPR_all=0.7977  train_AUPR_ab=0.8545  train_AUPR_ag=0.7140  train_P@5_ab=1.0000  train_P@5_ag=1.0000  val_loss=0.3102  val_AUPR_all=0.6031  val_AUPR_ab=0.7450  val_AUPR_ag=0.4091  val_P@5_ab=0.9500  val_P@5_ag=1.0000  select=0.5770
  Saved checkpoint: checkpoints_newesm/iPara_balanced_l1_g6_i3_do0.10_dpr0.10_lr0.0002_heads16_fold2.pth  select=0.5770  val_ab=0.7450  val_ag=0.4091  val_all=0.6031
Ep043  LR0=6.94e-05  pw=1.10  aucα=0.300  token_p=0.020  dropE=(0.020,0.080)  smooth=0.010  train_loss=0.1748  train_AUPR_all=0.7951  train_AUPR_ab=0.8514  train_AUPR_ag=0.7122  train_P@5_ab=1.0000  train_P@5_ag=0.9500  val_loss=0.3023  val_AUPR_all=0.6077  val_AUPR_ab=0.7411  val_AUPR_ag=0.4143  val_P@5_ab=0.9000  val_P@5_ag=1.0000  select=0.5777
  Saved checkpoint: checkpoints_newesm/iPara_balanced_l1_g6_i3_do0.10_dpr0.10_lr0.0002_heads16_fold2.pth  select=0.5777  val_ab=0.7411  val_ag=0.4143  val_all=0.6077
Ep044  LR0=6.52e-05  pw=1.09  aucα=0.300  token_p=0.020  dropE=(0.020,0.080)  smooth=0.010  train_loss=0.1651  train_AUPR_all=0.8097  train_AUPR_ab=0.8605  train_AUPR_ag=0.7354  train_P@5_ab=1.0000  train_P@5_ag=1.0000  val_loss=0.3141  val_AUPR_all=0.6143  val_AUPR_ab=0.7539  val_AUPR_ag=0.4079  val_P@5_ab=0.9000  val_P@5_ag=1.0000  select=0.5809
  Saved checkpoint: checkpoints_newesm/iPara_balanced_l1_g6_i3_do0.10_dpr0.10_lr0.0002_heads16_fold2.pth  select=0.5809  val_ab=0.7539  val_ag=0.4079  val_all=0.6143
Ep045  LR0=6.10e-05  pw=1.08  aucα=0.300  token_p=0.020  dropE=(0.020,0.080)  smooth=0.010  train_loss=0.1610  train_AUPR_all=0.8173  train_AUPR_ab=0.8698  train_AUPR_ag=0.7395  train_P@5_ab=0.9500  train_P@5_ag=1.0000  val_loss=0.3146  val_AUPR_all=0.6026  val_AUPR_ab=0.7437  val_AUPR_ag=0.4036  val_P@5_ab=0.9000  val_P@5_ag=1.0000  select=0.5736
Ep046  LR0=5.70e-05  pw=1.07  aucα=0.300  token_p=0.020  dropE=(0.020,0.080)  smooth=0.010  train_loss=0.1581  train_AUPR_all=0.8208  train_AUPR_ab=0.8719  train_AUPR_ag=0.7450  train_P@5_ab=0.9500  train_P@5_ag=1.0000  val_loss=0.3203  val_AUPR_all=0.5990  val_AUPR_ab=0.7450  val_AUPR_ag=0.4061  val_P@5_ab=0.8000  val_P@5_ag=1.0000  select=0.5756
Ep047  LR0=5.30e-05  pw=1.06  aucα=0.300  token_p=0.020  dropE=(0.020,0.080)  smooth=0.010  train_loss=0.1545  train_AUPR_all=0.8278  train_AUPR_ab=0.8758  train_AUPR_ag=0.7569  train_P@5_ab=1.0000  train_P@5_ag=1.0000  val_loss=0.3249  val_AUPR_all=0.5934  val_AUPR_ab=0.7418  val_AUPR_ag=0.3906  val_P@5_ab=0.8500  val_P@5_ag=0.8000  select=0.5662
Ep048  LR0=4.91e-05  pw=1.05  aucα=0.300  token_p=0.020  dropE=(0.020,0.080)  smooth=0.010  train_loss=0.1584  train_AUPR_all=0.8194  train_AUPR_ab=0.8703  train_AUPR_ag=0.7440  train_P@5_ab=1.0000  train_P@5_ag=1.0000  val_loss=0.3165  val_AUPR_all=0.6050  val_AUPR_ab=0.7491  val_AUPR_ag=0.4060  val_P@5_ab=0.9000  val_P@5_ag=0.9500  select=0.5776
Ep049  LR0=4.53e-05  pw=1.05  aucα=0.300  token_p=0.020  dropE=(0.020,0.080)  smooth=0.010  train_loss=0.1542  train_AUPR_all=0.8272  train_AUPR_ab=0.8747  train_AUPR_ag=0.7577  train_P@5_ab=1.0000  train_P@5_ag=1.0000  val_loss=0.3071  val_AUPR_all=0.6075  val_AUPR_ab=0.7503  val_AUPR_ag=0.4035  val_P@5_ab=0.8500  val_P@5_ag=0.8000  select=0.5769
Ep050  LR0=4.16e-05  pw=1.04  aucα=0.300  token_p=0.020  dropE=(0.020,0.080)  smooth=0.010  train_loss=0.1492  train_AUPR_all=0.8354  train_AUPR_ab=0.8799  train_AUPR_ag=0.7703  train_P@5_ab=1.0000  train_P@5_ag=1.0000  val_loss=0.3265  val_AUPR_all=0.5930  val_AUPR_ab=0.7451  val_AUPR_ag=0.3897  val_P@5_ab=0.8500  val_P@5_ag=0.7500  select=0.5674
Ep051  LR0=3.81e-05  pw=1.04  aucα=0.300  token_p=0.020  dropE=(0.020,0.080)  smooth=0.010  train_loss=0.1486  train_AUPR_all=0.8372  train_AUPR_ab=0.8807  train_AUPR_ag=0.7742  train_P@5_ab=1.0000  train_P@5_ag=1.0000  val_loss=0.3239  val_AUPR_all=0.5939  val_AUPR_ab=0.7401  val_AUPR_ag=0.3988  val_P@5_ab=0.8000  val_P@5_ag=0.8500  select=0.5694
Ep052  LR0=3.46e-05  pw=1.03  aucα=0.300  token_p=0.020  dropE=(0.020,0.080)  smooth=0.010  train_loss=0.1467  train_AUPR_all=0.8401  train_AUPR_ab=0.8865  train_AUPR_ag=0.7715  train_P@5_ab=1.0000  train_P@5_ag=1.0000  val_loss=0.3167  val_AUPR_all=0.6003  val_AUPR_ab=0.7448  val_AUPR_ag=0.3939  val_P@5_ab=0.9500  val_P@5_ag=0.8500  select=0.5694
Ep053  LR0=3.13e-05  pw=1.03  aucα=0.300  token_p=0.020  dropE=(0.020,0.080)  smooth=0.010  train_loss=0.1406  train_AUPR_all=0.8497  train_AUPR_ab=0.8920  train_AUPR_ag=0.7871  train_P@5_ab=1.0000  train_P@5_ag=1.0000  val_loss=0.3230  val_AUPR_all=0.5988  val_AUPR_ab=0.7462  val_AUPR_ag=0.3992  val_P@5_ab=0.9500  val_P@5_ag=0.8500  select=0.5727
Ep054  LR0=2.82e-05  pw=1.03  aucα=0.300  token_p=0.020  dropE=(0.020,0.080)  smooth=0.010  train_loss=0.1437  train_AUPR_all=0.8435  train_AUPR_ab=0.8864  train_AUPR_ag=0.7806  train_P@5_ab=0.9500  train_P@5_ag=1.0000  val_loss=0.3193  val_AUPR_all=0.5950  val_AUPR_ab=0.7446  val_AUPR_ag=0.3947  val_P@5_ab=0.9000  val_P@5_ag=0.8000  select=0.5696
Ep055  LR0=2.51e-05  pw=1.02  aucα=0.300  token_p=0.020  dropE=(0.020,0.080)  smooth=0.010  train_loss=0.1396  train_AUPR_all=0.8515  train_AUPR_ab=0.8934  train_AUPR_ag=0.7896  train_P@5_ab=1.0000  train_P@5_ag=1.0000  val_loss=0.3211  val_AUPR_all=0.5975  val_AUPR_ab=0.7440  val_AUPR_ag=0.3909  val_P@5_ab=0.9000  val_P@5_ag=0.6500  select=0.5675
Ep056  LR0=2.23e-05  pw=1.02  aucα=0.300  token_p=0.020  dropE=(0.020,0.080)  smooth=0.010  train_loss=0.1403  train_AUPR_all=0.8493  train_AUPR_ab=0.8920  train_AUPR_ag=0.7864  train_P@5_ab=1.0000  train_P@5_ag=0.9500  val_loss=0.3266  val_AUPR_all=0.5893  val_AUPR_ab=0.7420  val_AUPR_ag=0.3871  val_P@5_ab=0.9000  val_P@5_ag=0.7000  select=0.5646
Ep057  LR0=1.96e-05  pw=1.02  aucα=0.300  token_p=0.020  dropE=(0.020,0.080)  smooth=0.010  train_loss=0.1377  train_AUPR_all=0.8549  train_AUPR_ab=0.8943  train_AUPR_ag=0.7975  train_P@5_ab=1.0000  train_P@5_ag=1.0000  val_loss=0.3243  val_AUPR_all=0.5939  val_AUPR_ab=0.7466  val_AUPR_ag=0.3918  val_P@5_ab=0.9000  val_P@5_ag=0.6500  select=0.5692
Ep058  LR0=1.70e-05  pw=1.02  aucα=0.300  token_p=0.020  dropE=(0.020,0.080)  smooth=0.010  train_loss=0.1339  train_AUPR_all=0.8601  train_AUPR_ab=0.8989  train_AUPR_ag=0.8029  train_P@5_ab=1.0000  train_P@5_ag=1.0000  val_loss=0.3291  val_AUPR_all=0.5949  val_AUPR_ab=0.7486  val_AUPR_ag=0.3933  val_P@5_ab=0.9000  val_P@5_ag=0.7500  select=0.5709
Ep059  LR0=1.46e-05  pw=1.01  aucα=0.300  token_p=0.020  dropE=(0.020,0.080)  smooth=0.010  train_loss=0.1318  train_AUPR_all=0.8646  train_AUPR_ab=0.9026  train_AUPR_ag=0.8083  train_P@5_ab=1.0000  train_P@5_ag=1.0000  val_loss=0.3279  val_AUPR_all=0.5938  val_AUPR_ab=0.7439  val_AUPR_ag=0.3910  val_P@5_ab=0.9000  val_P@5_ag=0.6000  select=0.5674
Ep060  LR0=1.24e-05  pw=1.01  aucα=0.300  token_p=0.020  dropE=(0.020,0.080)  smooth=0.010  train_loss=0.1296  train_AUPR_all=0.8678  train_AUPR_ab=0.9052  train_AUPR_ag=0.8130  train_P@5_ab=1.0000  train_P@5_ag=1.0000  val_loss=0.3289  val_AUPR_all=0.5898  val_AUPR_ab=0.7455  val_AUPR_ag=0.3875  val_P@5_ab=0.9500  val_P@5_ag=0.5500  select=0.5665
Ep061  LR0=1.04e-05  pw=1.01  aucα=0.300  token_p=0.020  dropE=(0.020,0.080)  smooth=0.010  train_loss=0.1308  train_AUPR_all=0.8656  train_AUPR_ab=0.9036  train_AUPR_ag=0.8091  train_P@5_ab=1.0000  train_P@5_ag=1.0000  val_loss=0.3252  val_AUPR_all=0.5958  val_AUPR_ab=0.7475  val_AUPR_ag=0.3938  val_P@5_ab=0.9000  val_P@5_ag=0.6500  select=0.5706
Ep062  LR0=8.53e-06  pw=1.01  aucα=0.300  token_p=0.020  dropE=(0.020,0.080)  smooth=0.010  train_loss=0.1345  train_AUPR_all=0.8582  train_AUPR_ab=0.8945  train_AUPR_ag=0.8052  train_P@5_ab=1.0000  train_P@5_ag=1.0000  val_loss=0.3236  val_AUPR_all=0.5931  val_AUPR_ab=0.7451  val_AUPR_ag=0.3922  val_P@5_ab=0.9500  val_P@5_ag=0.5500  select=0.5686
Ep063  LR0=6.86e-06  pw=1.01  aucα=0.300  token_p=0.020  dropE=(0.020,0.080)  smooth=0.010  train_loss=0.1332  train_AUPR_all=0.8622  train_AUPR_ab=0.8995  train_AUPR_ag=0.8074  train_P@5_ab=1.0000  train_P@5_ag=1.0000  val_loss=0.3257  val_AUPR_all=0.5921  val_AUPR_ab=0.7466  val_AUPR_ag=0.3890  val_P@5_ab=0.9500  val_P@5_ag=0.5500  select=0.5678
Ep064  LR0=5.38e-06  pw=1.01  aucα=0.300  token_p=0.020  dropE=(0.020,0.080)  smooth=0.010  train_loss=0.1245  train_AUPR_all=0.8763  train_AUPR_ab=0.9119  train_AUPR_ag=0.8235  train_P@5_ab=1.0000  train_P@5_ag=1.0000  val_loss=0.3269  val_AUPR_all=0.5927  val_AUPR_ab=0.7451  val_AUPR_ag=0.3898  val_P@5_ab=0.9000  val_P@5_ag=0.6000  select=0.5675
Early stopping at epoch 64. Best select=0.5809 at epoch 44.
Final saved checkpoint for fold 2: checkpoints_newesm/iPara_balanced_l1_g6_i3_do0.10_dpr0.10_lr0.0002_heads16_fold2.pth
Best select=0.5809 at epoch 44

==========================================================================================
Fold 3/5
==========================================================================================
Train labels: valid=401949, pos=26660, neg=375289, ignore=695651, pos_frac=0.06633
Val labels: valid=98243, pos=6570, neg=91673, ignore=176957, pos_frac=0.06687
Initializing ClassificationModel with 6 GAT layers and residual connections...
Initializing MCModel with 6 GAT layers and 3 row attention layers (drop_path_rate=0.1, use_esm=True)
Initializing CoreModel with 1 layers, drop_path_rate=0.1
Ep001  LR0=2.00e-04  pw=20.00  aucα=0.000  token_p=0.020  dropE=(0.020,0.080)  smooth=0.010  train_loss=1.1837  train_AUPR_all=0.2860  train_AUPR_ab=0.3532  train_AUPR_ag=0.1927  train_P@5_ab=0.8000  train_P@5_ag=0.8500  val_loss=1.2465  val_AUPR_all=0.3952  val_AUPR_ab=0.4851  val_AUPR_ag=0.2471  val_P@5_ab=0.4000  val_P@5_ag=0.8500  select=0.3661
  Saved checkpoint: checkpoints_newesm/iPara_balanced_l1_g6_i3_do0.10_dpr0.10_lr0.0002_heads16_fold3.pth  select=0.3661  val_ab=0.4851  val_ag=0.2471  val_all=0.3952
Ep002  LR0=2.00e-04  pw=17.77  aucα=0.000  token_p=0.020  dropE=(0.020,0.080)  smooth=0.010  train_loss=0.8439  train_AUPR_all=0.3684  train_AUPR_ab=0.4546  train_AUPR_ag=0.2366  train_P@5_ab=0.8000  train_P@5_ag=0.7000  val_loss=1.1171  val_AUPR_all=0.4092  val_AUPR_ab=0.5082  val_AUPR_ag=0.2469  val_P@5_ab=0.3000  val_P@5_ag=0.8000  select=0.3775
  Saved checkpoint: checkpoints_newesm/iPara_balanced_l1_g6_i3_do0.10_dpr0.10_lr0.0002_heads16_fold3.pth  select=0.3775  val_ab=0.5082  val_ag=0.2469  val_all=0.4092
Ep003  LR0=2.00e-04  pw=15.80  aucα=0.000  token_p=0.020  dropE=(0.020,0.080)  smooth=0.010  train_loss=0.7351  train_AUPR_all=0.4159  train_AUPR_ab=0.5013  train_AUPR_ag=0.2698  train_P@5_ab=0.7500  train_P@5_ag=0.6500  val_loss=0.9911  val_AUPR_all=0.4685  val_AUPR_ab=0.5731  val_AUPR_ag=0.2799  val_P@5_ab=0.8500  val_P@5_ag=0.6500  select=0.4265
  Saved checkpoint: checkpoints_newesm/iPara_balanced_l1_g6_i3_do0.10_dpr0.10_lr0.0002_heads16_fold3.pth  select=0.4265  val_ab=0.5731  val_ag=0.2799  val_all=0.4685
Ep004  LR0=1.99e-04  pw=14.06  aucα=0.000  token_p=0.020  dropE=(0.020,0.080)  smooth=0.010  train_loss=0.6600  train_AUPR_all=0.4442  train_AUPR_ab=0.5278  train_AUPR_ag=0.2937  train_P@5_ab=0.7500  train_P@5_ag=0.9500  val_loss=0.8672  val_AUPR_all=0.4857  val_AUPR_ab=0.5881  val_AUPR_ag=0.3123  val_P@5_ab=0.3000  val_P@5_ag=0.9500  select=0.4502
  Saved checkpoint: checkpoints_newesm/iPara_balanced_l1_g6_i3_do0.10_dpr0.10_lr0.0002_heads16_fold3.pth  select=0.4502  val_ab=0.5881  val_ag=0.3123  val_all=0.4857
Ep005  LR0=1.98e-04  pw=12.52  aucα=0.000  token_p=0.020  dropE=(0.020,0.080)  smooth=0.010  train_loss=0.6057  train_AUPR_all=0.4674  train_AUPR_ab=0.5553  train_AUPR_ag=0.3081  train_P@5_ab=0.8000  train_P@5_ag=0.6500  val_loss=1.7735  val_AUPR_all=0.4381  val_AUPR_ab=0.6066  val_AUPR_ag=0.2476  val_P@5_ab=0.7500  val_P@5_ag=0.7500  select=0.4271
Ep006  LR0=1.97e-04  pw=11.17  aucα=0.000  token_p=0.020  dropE=(0.020,0.080)  smooth=0.010  train_loss=0.5679  train_AUPR_all=0.4915  train_AUPR_ab=0.5816  train_AUPR_ag=0.3296  train_P@5_ab=0.6500  train_P@5_ag=0.8500  val_loss=0.8712  val_AUPR_all=0.5134  val_AUPR_ab=0.6335  val_AUPR_ag=0.3243  val_P@5_ab=0.9000  val_P@5_ag=0.8000  select=0.4789
  Saved checkpoint: checkpoints_newesm/iPara_balanced_l1_g6_i3_do0.10_dpr0.10_lr0.0002_heads16_fold3.pth  select=0.4789  val_ab=0.6335  val_ag=0.3243  val_all=0.5134
Ep007  LR0=1.96e-04  pw=9.97  aucα=0.000  token_p=0.020  dropE=(0.020,0.080)  smooth=0.010  train_loss=0.5329  train_AUPR_all=0.4993  train_AUPR_ab=0.5913  train_AUPR_ag=0.3330  train_P@5_ab=0.8500  train_P@5_ag=0.9000  val_loss=0.7563  val_AUPR_all=0.5131  val_AUPR_ab=0.6298  val_AUPR_ag=0.3235  val_P@5_ab=0.9000  val_P@5_ag=0.6000  select=0.4767
Ep008  LR0=1.95e-04  pw=8.92  aucα=0.000  token_p=0.020  dropE=(0.020,0.080)  smooth=0.010  train_loss=0.4924  train_AUPR_all=0.5118  train_AUPR_ab=0.6074  train_AUPR_ag=0.3438  train_P@5_ab=0.5000  train_P@5_ag=0.9000  val_loss=0.6779  val_AUPR_all=0.5438  val_AUPR_ab=0.6569  val_AUPR_ag=0.3557  val_P@5_ab=0.9000  val_P@5_ag=0.9500  select=0.5063
  Saved checkpoint: checkpoints_newesm/iPara_balanced_l1_g6_i3_do0.10_dpr0.10_lr0.0002_heads16_fold3.pth  select=0.5063  val_ab=0.6569  val_ag=0.3557  val_all=0.5438
Ep009  LR0=1.94e-04  pw=7.99  aucα=0.000  token_p=0.020  dropE=(0.020,0.080)  smooth=0.010  train_loss=0.4587  train_AUPR_all=0.5234  train_AUPR_ab=0.6210  train_AUPR_ag=0.3528  train_P@5_ab=0.9000  train_P@5_ag=0.9000  val_loss=0.7175  val_AUPR_all=0.4989  val_AUPR_ab=0.6394  val_AUPR_ag=0.3227  val_P@5_ab=0.7500  val_P@5_ag=0.8500  select=0.4810
Ep010  LR0=1.92e-04  pw=7.17  aucα=0.030  token_p=0.020  dropE=(0.020,0.080)  smooth=0.010  train_loss=0.4488  train_AUPR_all=0.5383  train_AUPR_ab=0.6366  train_AUPR_ag=0.3668  train_P@5_ab=0.7000  train_P@5_ag=0.8500  val_loss=0.6373  val_AUPR_all=0.5527  val_AUPR_ab=0.6669  val_AUPR_ag=0.3605  val_P@5_ab=0.9000  val_P@5_ag=0.9000  select=0.5137
  Saved checkpoint: checkpoints_newesm/iPara_balanced_l1_g6_i3_do0.10_dpr0.10_lr0.0002_heads16_fold3.pth  select=0.5137  val_ab=0.6669  val_ag=0.3605  val_all=0.5527
Unfreezing DyM parameters.
Ep011  LR0=1.90e-04  pw=6.44  aucα=0.060  token_p=0.020  dropE=(0.020,0.080)  smooth=0.010  train_loss=0.4360  train_AUPR_all=0.5421  train_AUPR_ab=0.6450  train_AUPR_ag=0.3624  train_P@5_ab=0.8000  train_P@5_ag=0.8500  val_loss=0.5874  val_AUPR_all=0.5522  val_AUPR_ab=0.6684  val_AUPR_ag=0.3421  val_P@5_ab=0.8500  val_P@5_ag=0.8500  select=0.5052
Ep012  LR0=1.88e-04  pw=5.80  aucα=0.090  token_p=0.020  dropE=(0.020,0.080)  smooth=0.010  train_loss=0.4281  train_AUPR_all=0.5535  train_AUPR_ab=0.6598  train_AUPR_ag=0.3738  train_P@5_ab=0.8500  train_P@5_ag=0.9000  val_loss=0.5724  val_AUPR_all=0.5613  val_AUPR_ab=0.6813  val_AUPR_ag=0.3563  val_P@5_ab=1.0000  val_P@5_ag=0.9000  select=0.5188
  Saved checkpoint: checkpoints_newesm/iPara_balanced_l1_g6_i3_do0.10_dpr0.10_lr0.0002_heads16_fold3.pth  select=0.5188  val_ab=0.6813  val_ag=0.3563  val_all=0.5613
Ep013  LR0=1.86e-04  pw=5.24  aucα=0.120  token_p=0.020  dropE=(0.020,0.080)  smooth=0.010  train_loss=0.4157  train_AUPR_all=0.5645  train_AUPR_ab=0.6690  train_AUPR_ag=0.3889  train_P@5_ab=0.9000  train_P@5_ag=1.0000  val_loss=0.5141  val_AUPR_all=0.5771  val_AUPR_ab=0.7007  val_AUPR_ag=0.3798  val_P@5_ab=0.9500  val_P@5_ag=0.9500  select=0.5403
  Saved checkpoint: checkpoints_newesm/iPara_balanced_l1_g6_i3_do0.10_dpr0.10_lr0.0002_heads16_fold3.pth  select=0.5403  val_ab=0.7007  val_ag=0.3798  val_all=0.5771
Ep014  LR0=1.83e-04  pw=4.74  aucα=0.150  token_p=0.020  dropE=(0.020,0.080)  smooth=0.010  train_loss=0.4065  train_AUPR_all=0.5766  train_AUPR_ab=0.6879  train_AUPR_ag=0.3925  train_P@5_ab=0.9000  train_P@5_ag=0.9500  val_loss=0.4977  val_AUPR_all=0.5863  val_AUPR_ab=0.7016  val_AUPR_ag=0.3896  val_P@5_ab=1.0000  val_P@5_ag=0.9500  select=0.5456
  Saved checkpoint: checkpoints_newesm/iPara_balanced_l1_g6_i3_do0.10_dpr0.10_lr0.0002_heads16_fold3.pth  select=0.5456  val_ab=0.7016  val_ag=0.3896  val_all=0.5863
Ep015  LR0=1.81e-04  pw=4.30  aucα=0.180  token_p=0.020  dropE=(0.020,0.080)  smooth=0.010  train_loss=0.4011  train_AUPR_all=0.5839  train_AUPR_ab=0.6951  train_AUPR_ag=0.4019  train_P@5_ab=1.0000  train_P@5_ag=0.9500  val_loss=0.4860  val_AUPR_all=0.5530  val_AUPR_ab=0.7003  val_AUPR_ag=0.3586  val_P@5_ab=1.0000  val_P@5_ag=0.8500  select=0.5294
Ep016  LR0=1.78e-04  pw=3.91  aucα=0.210  token_p=0.020  dropE=(0.020,0.080)  smooth=0.010  train_loss=0.3922  train_AUPR_all=0.5919  train_AUPR_ab=0.7032  train_AUPR_ag=0.4084  train_P@5_ab=0.9500  train_P@5_ag=0.9000  val_loss=0.4633  val_AUPR_all=0.5371  val_AUPR_ab=0.6872  val_AUPR_ag=0.3503  val_P@5_ab=0.8500  val_P@5_ag=0.9500  select=0.5187
Ep017  LR0=1.75e-04  pw=3.57  aucα=0.240  token_p=0.020  dropE=(0.020,0.080)  smooth=0.010  train_loss=0.3847  train_AUPR_all=0.6043  train_AUPR_ab=0.7151  train_AUPR_ag=0.4231  train_P@5_ab=0.9000  train_P@5_ag=1.0000  val_loss=0.4693  val_AUPR_all=0.5576  val_AUPR_ab=0.6873  val_AUPR_ag=0.3420  val_P@5_ab=0.9000  val_P@5_ag=0.8000  select=0.5147
Ep018  LR0=1.72e-04  pw=3.27  aucα=0.270  token_p=0.020  dropE=(0.020,0.080)  smooth=0.010  train_loss=0.3836  train_AUPR_all=0.6035  train_AUPR_ab=0.7173  train_AUPR_ag=0.4202  train_P@5_ab=0.8500  train_P@5_ag=0.9000  val_loss=0.4333  val_AUPR_all=0.5558  val_AUPR_ab=0.7072  val_AUPR_ag=0.3557  val_P@5_ab=0.9500  val_P@5_ag=0.9000  select=0.5315
Ep019  LR0=1.69e-04  pw=3.00  aucα=0.300  token_p=0.020  dropE=(0.020,0.080)  smooth=0.010  train_loss=0.3765  train_AUPR_all=0.6178  train_AUPR_ab=0.7273  train_AUPR_ag=0.4438  train_P@5_ab=1.0000  train_P@5_ag=0.9500  val_loss=0.4309  val_AUPR_all=0.5673  val_AUPR_ab=0.7017  val_AUPR_ag=0.3717  val_P@5_ab=0.9500  val_P@5_ag=0.9500  select=0.5367
Ep020  LR0=1.66e-04  pw=2.77  aucα=0.300  token_p=0.020  dropE=(0.020,0.080)  smooth=0.010  train_loss=0.3585  train_AUPR_all=0.6264  train_AUPR_ab=0.7322  train_AUPR_ag=0.4577  train_P@5_ab=0.9500  train_P@5_ag=0.9500  val_loss=0.4622  val_AUPR_all=0.5607  val_AUPR_ab=0.7031  val_AUPR_ag=0.3275  val_P@5_ab=0.9500  val_P@5_ag=1.0000  select=0.5153
Ep021  LR0=1.62e-04  pw=2.56  aucα=0.300  token_p=0.020  dropE=(0.020,0.080)  smooth=0.010  train_loss=0.3436  train_AUPR_all=0.6301  train_AUPR_ab=0.7397  train_AUPR_ag=0.4566  train_P@5_ab=1.0000  train_P@5_ag=0.8000  val_loss=0.3943  val_AUPR_all=0.5885  val_AUPR_ab=0.7177  val_AUPR_ag=0.3818  val_P@5_ab=0.7000  val_P@5_ag=0.9500  select=0.5498
  Saved checkpoint: checkpoints_newesm/iPara_balanced_l1_g6_i3_do0.10_dpr0.10_lr0.0002_heads16_fold3.pth  select=0.5498  val_ab=0.7177  val_ag=0.3818  val_all=0.5885
Ep022  LR0=1.59e-04  pw=2.38  aucα=0.300  token_p=0.020  dropE=(0.020,0.080)  smooth=0.010  train_loss=0.3329  train_AUPR_all=0.6384  train_AUPR_ab=0.7413  train_AUPR_ag=0.4770  train_P@5_ab=1.0000  train_P@5_ag=1.0000  val_loss=0.3683  val_AUPR_all=0.6034  val_AUPR_ab=0.7320  val_AUPR_ag=0.3975  val_P@5_ab=1.0000  val_P@5_ag=0.9000  select=0.5648
  Saved checkpoint: checkpoints_newesm/iPara_balanced_l1_g6_i3_do0.10_dpr0.10_lr0.0002_heads16_fold3.pth  select=0.5648  val_ab=0.7320  val_ag=0.3975  val_all=0.6034
Ep023  LR0=1.55e-04  pw=2.21  aucα=0.300  token_p=0.020  dropE=(0.020,0.080)  smooth=0.010  train_loss=0.3152  train_AUPR_all=0.6495  train_AUPR_ab=0.7511  train_AUPR_ag=0.4906  train_P@5_ab=0.9500  train_P@5_ag=0.9000  val_loss=0.3616  val_AUPR_all=0.5923  val_AUPR_ab=0.7287  val_AUPR_ag=0.4077  val_P@5_ab=1.0000  val_P@5_ag=1.0000  select=0.5682
  Saved checkpoint: checkpoints_newesm/iPara_balanced_l1_g6_i3_do0.10_dpr0.10_lr0.0002_heads16_fold3.pth  select=0.5682  val_ab=0.7287  val_ag=0.4077  val_all=0.5923
Ep024  LR0=1.51e-04  pw=2.07  aucα=0.300  token_p=0.020  dropE=(0.020,0.080)  smooth=0.010  train_loss=0.2989  train_AUPR_all=0.6621  train_AUPR_ab=0.7572  train_AUPR_ag=0.5137  train_P@5_ab=1.0000  train_P@5_ag=0.9500  val_loss=0.3662  val_AUPR_all=0.5368  val_AUPR_ab=0.7116  val_AUPR_ag=0.3321  val_P@5_ab=0.9500  val_P@5_ag=1.0000  select=0.5218
Ep025  LR0=1.48e-04  pw=1.95  aucα=0.300  token_p=0.020  dropE=(0.020,0.080)  smooth=0.010  train_loss=0.2925  train_AUPR_all=0.6644  train_AUPR_ab=0.7599  train_AUPR_ag=0.5150  train_P@5_ab=1.0000  train_P@5_ag=1.0000  val_loss=0.3408  val_AUPR_all=0.5920  val_AUPR_ab=0.7330  val_AUPR_ag=0.3899  val_P@5_ab=0.9500  val_P@5_ag=0.8500  select=0.5614
Ep026  LR0=1.44e-04  pw=1.83  aucα=0.300  token_p=0.020  dropE=(0.020,0.080)  smooth=0.010  train_loss=0.2829  train_AUPR_all=0.6697  train_AUPR_ab=0.7642  train_AUPR_ag=0.5234  train_P@5_ab=0.9500  train_P@5_ag=0.8500  val_loss=0.3399  val_AUPR_all=0.6034  val_AUPR_ab=0.7333  val_AUPR_ag=0.3976  val_P@5_ab=0.9500  val_P@5_ag=0.8500  select=0.5655
Ep027  LR0=1.39e-04  pw=1.74  aucα=0.300  token_p=0.020  dropE=(0.020,0.080)  smooth=0.010  train_loss=0.2689  train_AUPR_all=0.6843  train_AUPR_ab=0.7753  train_AUPR_ag=0.5442  train_P@5_ab=0.9500  train_P@5_ag=0.9000  val_loss=0.3288  val_AUPR_all=0.6094  val_AUPR_ab=0.7385  val_AUPR_ag=0.4091  val_P@5_ab=0.9000  val_P@5_ag=0.9000  select=0.5738
  Saved checkpoint: checkpoints_newesm/iPara_balanced_l1_g6_i3_do0.10_dpr0.10_lr0.0002_heads16_fold3.pth  select=0.5738  val_ab=0.7385  val_ag=0.4091  val_all=0.6094
Ep028  LR0=1.35e-04  pw=1.65  aucα=0.300  token_p=0.020  dropE=(0.020,0.080)  smooth=0.010  train_loss=0.2629  train_AUPR_all=0.6868  train_AUPR_ab=0.7777  train_AUPR_ag=0.5469  train_P@5_ab=1.0000  train_P@5_ag=0.9500  val_loss=0.3271  val_AUPR_all=0.6040  val_AUPR_ab=0.7361  val_AUPR_ag=0.3953  val_P@5_ab=0.9000  val_P@5_ag=0.9000  select=0.5657
Ep029  LR0=1.31e-04  pw=1.57  aucα=0.300  token_p=0.020  dropE=(0.020,0.080)  smooth=0.010  train_loss=0.2525  train_AUPR_all=0.6993  train_AUPR_ab=0.7833  train_AUPR_ag=0.5704  train_P@5_ab=1.0000  train_P@5_ag=0.9500  val_loss=0.3107  val_AUPR_all=0.6122  val_AUPR_ab=0.7411  val_AUPR_ag=0.4028  val_P@5_ab=0.9500  val_P@5_ag=0.8500  select=0.5720
Ep030  LR0=1.27e-04  pw=1.51  aucα=0.300  token_p=0.020  dropE=(0.020,0.080)  smooth=0.010  train_loss=0.2406  train_AUPR_all=0.7132  train_AUPR_ab=0.7918  train_AUPR_ag=0.5956  train_P@5_ab=1.0000  train_P@5_ag=1.0000  val_loss=0.3270  val_AUPR_all=0.5951  val_AUPR_ab=0.7403  val_AUPR_ag=0.3761  val_P@5_ab=1.0000  val_P@5_ag=1.0000  select=0.5582
Ep031  LR0=1.22e-04  pw=1.45  aucα=0.300  token_p=0.020  dropE=(0.020,0.080)  smooth=0.010  train_loss=0.2362  train_AUPR_all=0.7156  train_AUPR_ab=0.7947  train_AUPR_ag=0.5961  train_P@5_ab=1.0000  train_P@5_ag=1.0000  val_loss=0.3199  val_AUPR_all=0.5844  val_AUPR_ab=0.7322  val_AUPR_ag=0.3555  val_P@5_ab=1.0000  val_P@5_ag=0.9500  select=0.5439
Ep032  LR0=1.18e-04  pw=1.39  aucα=0.300  token_p=0.020  dropE=(0.020,0.080)  smooth=0.010  train_loss=0.2288  train_AUPR_all=0.7221  train_AUPR_ab=0.7986  train_AUPR_ag=0.6065  train_P@5_ab=0.9500  train_P@5_ag=0.9000  val_loss=0.3094  val_AUPR_all=0.5979  val_AUPR_ab=0.7304  val_AUPR_ag=0.3979  val_P@5_ab=0.9000  val_P@5_ag=0.9000  select=0.5642
Ep033  LR0=1.14e-04  pw=1.35  aucα=0.300  token_p=0.020  dropE=(0.020,0.080)  smooth=0.010  train_loss=0.2216  train_AUPR_all=0.7262  train_AUPR_ab=0.7981  train_AUPR_ag=0.6175  train_P@5_ab=1.0000  train_P@5_ag=1.0000  val_loss=0.3358  val_AUPR_all=0.5907  val_AUPR_ab=0.7251  val_AUPR_ag=0.3854  val_P@5_ab=1.0000  val_P@5_ag=1.0000  select=0.5553
Ep034  LR0=1.09e-04  pw=1.31  aucα=0.300  token_p=0.020  dropE=(0.020,0.080)  smooth=0.010  train_loss=0.2142  train_AUPR_all=0.7381  train_AUPR_ab=0.8047  train_AUPR_ag=0.6389  train_P@5_ab=1.0000  train_P@5_ag=1.0000  val_loss=0.2970  val_AUPR_all=0.6203  val_AUPR_ab=0.7424  val_AUPR_ag=0.4252  val_P@5_ab=1.0000  val_P@5_ag=1.0000  select=0.5838
  Saved checkpoint: checkpoints_newesm/iPara_balanced_l1_g6_i3_do0.10_dpr0.10_lr0.0002_heads16_fold3.pth  select=0.5838  val_ab=0.7424  val_ag=0.4252  val_all=0.6203
Ep035  LR0=1.05e-04  pw=1.27  aucα=0.300  token_p=0.020  dropE=(0.020,0.080)  smooth=0.010  train_loss=0.2087  train_AUPR_all=0.7462  train_AUPR_ab=0.8131  train_AUPR_ag=0.6465  train_P@5_ab=1.0000  train_P@5_ag=0.9500  val_loss=0.3143  val_AUPR_all=0.5984  val_AUPR_ab=0.7400  val_AUPR_ag=0.3847  val_P@5_ab=0.9500  val_P@5_ag=0.9000  select=0.5624
Ep036  LR0=1.00e-04  pw=1.24  aucα=0.300  token_p=0.020  dropE=(0.020,0.080)  smooth=0.010  train_loss=0.1994  train_AUPR_all=0.7617  train_AUPR_ab=0.8237  train_AUPR_ag=0.6699  train_P@5_ab=1.0000  train_P@5_ag=1.0000  val_loss=0.3035  val_AUPR_all=0.6019  val_AUPR_ab=0.7294  val_AUPR_ag=0.4125  val_P@5_ab=1.0000  val_P@5_ag=1.0000  select=0.5709
Ep037  LR0=9.58e-05  pw=1.21  aucα=0.300  token_p=0.020  dropE=(0.020,0.080)  smooth=0.010  train_loss=0.1987  train_AUPR_all=0.7607  train_AUPR_ab=0.8240  train_AUPR_ag=0.6669  train_P@5_ab=1.0000  train_P@5_ag=1.0000  val_loss=0.3064  val_AUPR_all=0.5972  val_AUPR_ab=0.7324  val_AUPR_ag=0.3903  val_P@5_ab=1.0000  val_P@5_ag=0.9000  select=0.5613
Ep038  LR0=9.13e-05  pw=1.19  aucα=0.300  token_p=0.020  dropE=(0.020,0.080)  smooth=0.010  train_loss=0.1896  train_AUPR_all=0.7731  train_AUPR_ab=0.8306  train_AUPR_ag=0.6883  train_P@5_ab=1.0000  train_P@5_ag=1.0000  val_loss=0.3053  val_AUPR_all=0.5965  val_AUPR_ab=0.7412  val_AUPR_ag=0.3791  val_P@5_ab=1.0000  val_P@5_ag=0.8500  select=0.5601
Ep039  LR0=8.69e-05  pw=1.16  aucα=0.300  token_p=0.020  dropE=(0.020,0.080)  smooth=0.010  train_loss=0.1836  train_AUPR_all=0.7835  train_AUPR_ab=0.8389  train_AUPR_ag=0.7029  train_P@5_ab=1.0000  train_P@5_ag=1.0000  val_loss=0.3055  val_AUPR_all=0.6040  val_AUPR_ab=0.7402  val_AUPR_ag=0.4061  val_P@5_ab=1.0000  val_P@5_ag=0.9500  select=0.5731
Ep040  LR0=8.24e-05  pw=1.15  aucα=0.300  token_p=0.020  dropE=(0.020,0.080)  smooth=0.010  train_loss=0.1772  train_AUPR_all=0.7939  train_AUPR_ab=0.8470  train_AUPR_ag=0.7164  train_P@5_ab=1.0000  train_P@5_ag=1.0000  val_loss=0.3015  val_AUPR_all=0.6079  val_AUPR_ab=0.7414  val_AUPR_ag=0.4038  val_P@5_ab=1.0000  val_P@5_ag=0.8500  select=0.5726
Ep041  LR0=7.81e-05  pw=1.13  aucα=0.300  token_p=0.020  dropE=(0.020,0.080)  smooth=0.010  train_loss=0.1762  train_AUPR_all=0.7934  train_AUPR_ab=0.8425  train_AUPR_ag=0.7218  train_P@5_ab=1.0000  train_P@5_ag=1.0000  val_loss=0.3077  val_AUPR_all=0.5987  val_AUPR_ab=0.7336  val_AUPR_ag=0.4011  val_P@5_ab=1.0000  val_P@5_ag=1.0000  select=0.5674
Ep042  LR0=7.37e-05  pw=1.11  aucα=0.300  token_p=0.020  dropE=(0.020,0.080)  smooth=0.010  train_loss=0.1747  train_AUPR_all=0.7942  train_AUPR_ab=0.8463  train_AUPR_ag=0.7181  train_P@5_ab=1.0000  train_P@5_ag=1.0000  val_loss=0.3194  val_AUPR_all=0.5889  val_AUPR_ab=0.7336  val_AUPR_ag=0.3772  val_P@5_ab=0.9500  val_P@5_ag=1.0000  select=0.5554
Ep043  LR0=6.94e-05  pw=1.10  aucα=0.300  token_p=0.020  dropE=(0.020,0.080)  smooth=0.010  train_loss=0.1666  train_AUPR_all=0.8102  train_AUPR_ab=0.8606  train_AUPR_ag=0.7362  train_P@5_ab=1.0000  train_P@5_ag=1.0000  val_loss=0.3122  val_AUPR_all=0.5859  val_AUPR_ab=0.7240  val_AUPR_ag=0.3894  val_P@5_ab=0.9500  val_P@5_ag=1.0000  select=0.5567
Ep044  LR0=6.52e-05  pw=1.09  aucα=0.300  token_p=0.020  dropE=(0.020,0.080)  smooth=0.010  train_loss=0.1652  train_AUPR_all=0.8096  train_AUPR_ab=0.8584  train_AUPR_ag=0.7382  train_P@5_ab=1.0000  train_P@5_ag=1.0000  val_loss=0.3118  val_AUPR_all=0.5890  val_AUPR_ab=0.7162  val_AUPR_ag=0.4076  val_P@5_ab=0.9000  val_P@5_ag=1.0000  select=0.5619
Ep045  LR0=6.10e-05  pw=1.08  aucα=0.300  token_p=0.020  dropE=(0.020,0.080)  smooth=0.010  train_loss=0.1594  train_AUPR_all=0.8184  train_AUPR_ab=0.8660  train_AUPR_ag=0.7489  train_P@5_ab=1.0000  train_P@5_ag=0.9500  val_loss=0.3129  val_AUPR_all=0.5955  val_AUPR_ab=0.7329  val_AUPR_ag=0.3978  val_P@5_ab=1.0000  val_P@5_ag=1.0000  select=0.5654
Ep046  LR0=5.70e-05  pw=1.07  aucα=0.300  token_p=0.020  dropE=(0.020,0.080)  smooth=0.010  train_loss=0.1592  train_AUPR_all=0.8181  train_AUPR_ab=0.8646  train_AUPR_ag=0.7501  train_P@5_ab=0.9500  train_P@5_ag=1.0000  val_loss=0.3069  val_AUPR_all=0.5918  val_AUPR_ab=0.7267  val_AUPR_ag=0.3988  val_P@5_ab=0.9500  val_P@5_ag=0.9000  select=0.5627
Ep047  LR0=5.30e-05  pw=1.06  aucα=0.300  token_p=0.020  dropE=(0.020,0.080)  smooth=0.010  train_loss=0.1533  train_AUPR_all=0.8292  train_AUPR_ab=0.8717  train_AUPR_ag=0.7671  train_P@5_ab=1.0000  train_P@5_ag=1.0000  val_loss=0.3078  val_AUPR_all=0.5979  val_AUPR_ab=0.7311  val_AUPR_ag=0.4048  val_P@5_ab=0.9500  val_P@5_ag=0.9500  select=0.5680
Ep048  LR0=4.91e-05  pw=1.05  aucα=0.300  token_p=0.020  dropE=(0.020,0.080)  smooth=0.010  train_loss=0.1517  train_AUPR_all=0.8295  train_AUPR_ab=0.8711  train_AUPR_ag=0.7688  train_P@5_ab=1.0000  train_P@5_ag=0.9500  val_loss=0.3012  val_AUPR_all=0.6030  val_AUPR_ab=0.7347  val_AUPR_ag=0.4105  val_P@5_ab=0.9500  val_P@5_ag=0.9500  select=0.5726
Ep049  LR0=4.53e-05  pw=1.05  aucα=0.300  token_p=0.020  dropE=(0.020,0.080)  smooth=0.010  train_loss=0.1500  train_AUPR_all=0.8337  train_AUPR_ab=0.8756  train_AUPR_ag=0.7727  train_P@5_ab=0.9500  train_P@5_ag=1.0000  val_loss=0.3008  val_AUPR_all=0.6041  val_AUPR_ab=0.7325  val_AUPR_ag=0.4159  val_P@5_ab=0.8500  val_P@5_ag=0.9500  select=0.5742
Ep050  LR0=4.16e-05  pw=1.04  aucα=0.300  token_p=0.020  dropE=(0.020,0.080)  smooth=0.010  train_loss=0.1503  train_AUPR_all=0.8320  train_AUPR_ab=0.8726  train_AUPR_ag=0.7735  train_P@5_ab=1.0000  train_P@5_ag=0.9500  val_loss=0.3039  val_AUPR_all=0.6025  val_AUPR_ab=0.7304  val_AUPR_ag=0.4146  val_P@5_ab=0.9000  val_P@5_ag=0.9500  select=0.5725
Ep051  LR0=3.81e-05  pw=1.04  aucα=0.300  token_p=0.020  dropE=(0.020,0.080)  smooth=0.010  train_loss=0.1411  train_AUPR_all=0.8487  train_AUPR_ab=0.8864  train_AUPR_ag=0.7935  train_P@5_ab=1.0000  train_P@5_ag=1.0000  val_loss=0.3133  val_AUPR_all=0.5880  val_AUPR_ab=0.7239  val_AUPR_ag=0.3916  val_P@5_ab=0.9500  val_P@5_ag=0.9000  select=0.5578
Ep052  LR0=3.46e-05  pw=1.03  aucα=0.300  token_p=0.020  dropE=(0.020,0.080)  smooth=0.010  train_loss=0.1422  train_AUPR_all=0.8466  train_AUPR_ab=0.8845  train_AUPR_ag=0.7920  train_P@5_ab=1.0000  train_P@5_ag=1.0000  val_loss=0.3140  val_AUPR_all=0.5928  val_AUPR_ab=0.7311  val_AUPR_ag=0.3924  val_P@5_ab=0.9000  val_P@5_ag=0.9500  select=0.5617
Ep053  LR0=3.13e-05  pw=1.03  aucα=0.300  token_p=0.020  dropE=(0.020,0.080)  smooth=0.010  train_loss=0.1374  train_AUPR_all=0.8548  train_AUPR_ab=0.8920  train_AUPR_ag=0.8006  train_P@5_ab=1.0000  train_P@5_ag=1.0000  val_loss=0.3143  val_AUPR_all=0.5858  val_AUPR_ab=0.7246  val_AUPR_ag=0.3829  val_P@5_ab=0.9000  val_P@5_ag=0.9000  select=0.5538
Ep054  LR0=2.82e-05  pw=1.03  aucα=0.300  token_p=0.020  dropE=(0.020,0.080)  smooth=0.010  train_loss=0.1428  train_AUPR_all=0.8440  train_AUPR_ab=0.8844  train_AUPR_ag=0.7850  train_P@5_ab=1.0000  train_P@5_ag=1.0000  val_loss=0.3113  val_AUPR_all=0.5940  val_AUPR_ab=0.7310  val_AUPR_ag=0.3943  val_P@5_ab=0.9500  val_P@5_ag=0.9500  select=0.5626
Early stopping at epoch 54. Best select=0.5838 at epoch 34.
Final saved checkpoint for fold 3: checkpoints_newesm/iPara_balanced_l1_g6_i3_do0.10_dpr0.10_lr0.0002_heads16_fold3.pth
Best select=0.5838 at epoch 34

==========================================================================================
Fold 4/5
==========================================================================================
Train labels: valid=398858, pos=26560, neg=372298, ignore=700342, pos_frac=0.06659
Val labels: valid=101334, pos=6670, neg=94664, ignore=172266, pos_frac=0.06582
Initializing ClassificationModel with 6 GAT layers and residual connections...
Initializing MCModel with 6 GAT layers and 3 row attention layers (drop_path_rate=0.1, use_esm=True)
Initializing CoreModel with 1 layers, drop_path_rate=0.1
Ep001  LR0=2.00e-04  pw=20.00  aucα=0.000  token_p=0.020  dropE=(0.020,0.080)  smooth=0.010  train_loss=1.1822  train_AUPR_all=0.1999  train_AUPR_ab=0.2264  train_AUPR_ag=0.1616  train_P@5_ab=0.0500  train_P@5_ag=0.2500  val_loss=1.4200  val_AUPR_all=0.3419  val_AUPR_ab=0.4425  val_AUPR_ag=0.1909  val_P@5_ab=0.8500  val_P@5_ag=0.9000  select=0.3167
  Saved checkpoint: checkpoints_newesm/iPara_balanced_l1_g6_i3_do0.10_dpr0.10_lr0.0002_heads16_fold4.pth  select=0.3167  val_ab=0.4425  val_ag=0.1909  val_all=0.3419
Ep002  LR0=2.00e-04  pw=17.77  aucα=0.000  token_p=0.020  dropE=(0.020,0.080)  smooth=0.010  train_loss=0.8573  train_AUPR_all=0.3645  train_AUPR_ab=0.4526  train_AUPR_ag=0.2352  train_P@5_ab=0.6000  train_P@5_ag=0.8500  val_loss=1.2126  val_AUPR_all=0.3528  val_AUPR_ab=0.4624  val_AUPR_ag=0.2107  val_P@5_ab=0.5500  val_P@5_ag=0.5500  select=0.3365
  Saved checkpoint: checkpoints_newesm/iPara_balanced_l1_g6_i3_do0.10_dpr0.10_lr0.0002_heads16_fold4.pth  select=0.3365  val_ab=0.4624  val_ag=0.2107  val_all=0.3528
Ep003  LR0=2.00e-04  pw=15.80  aucα=0.000  token_p=0.020  dropE=(0.020,0.080)  smooth=0.010  train_loss=0.7628  train_AUPR_all=0.4010  train_AUPR_ab=0.4829  train_AUPR_ag=0.2625  train_P@5_ab=0.6000  train_P@5_ag=0.7500  val_loss=1.3011  val_AUPR_all=0.4210  val_AUPR_ab=0.5553  val_AUPR_ag=0.2115  val_P@5_ab=0.9000  val_P@5_ag=0.9000  select=0.3834
  Saved checkpoint: checkpoints_newesm/iPara_balanced_l1_g6_i3_do0.10_dpr0.10_lr0.0002_heads16_fold4.pth  select=0.3834  val_ab=0.5553  val_ag=0.2115  val_all=0.4210
Ep004  LR0=1.99e-04  pw=14.06  aucα=0.000  token_p=0.020  dropE=(0.020,0.080)  smooth=0.010  train_loss=0.6613  train_AUPR_all=0.4379  train_AUPR_ab=0.5194  train_AUPR_ag=0.2923  train_P@5_ab=0.8000  train_P@5_ag=0.8500  val_loss=1.2714  val_AUPR_all=0.4362  val_AUPR_ab=0.5782  val_AUPR_ag=0.2234  val_P@5_ab=0.9000  val_P@5_ag=0.9000  select=0.4008
  Saved checkpoint: checkpoints_newesm/iPara_balanced_l1_g6_i3_do0.10_dpr0.10_lr0.0002_heads16_fold4.pth  select=0.4008  val_ab=0.5782  val_ag=0.2234  val_all=0.4362
Ep005  LR0=1.98e-04  pw=12.52  aucα=0.000  token_p=0.020  dropE=(0.020,0.080)  smooth=0.010  train_loss=0.6108  train_AUPR_all=0.4669  train_AUPR_ab=0.5479  train_AUPR_ag=0.3158  train_P@5_ab=0.7000  train_P@5_ag=0.8500  val_loss=1.0120  val_AUPR_all=0.4766  val_AUPR_ab=0.6041  val_AUPR_ag=0.2771  val_P@5_ab=0.6500  val_P@5_ag=0.8500  select=0.4406
  Saved checkpoint: checkpoints_newesm/iPara_balanced_l1_g6_i3_do0.10_dpr0.10_lr0.0002_heads16_fold4.pth  select=0.4406  val_ab=0.6041  val_ag=0.2771  val_all=0.4766
Ep006  LR0=1.97e-04  pw=11.17  aucα=0.000  token_p=0.020  dropE=(0.020,0.080)  smooth=0.010  train_loss=0.5723  train_AUPR_all=0.4831  train_AUPR_ab=0.5714  train_AUPR_ag=0.3187  train_P@5_ab=0.7500  train_P@5_ag=1.0000  val_loss=1.0612  val_AUPR_all=0.4965  val_AUPR_ab=0.6344  val_AUPR_ag=0.2666  val_P@5_ab=0.9500  val_P@5_ag=0.9500  select=0.4505
  Saved checkpoint: checkpoints_newesm/iPara_balanced_l1_g6_i3_do0.10_dpr0.10_lr0.0002_heads16_fold4.pth  select=0.4505  val_ab=0.6344  val_ag=0.2666  val_all=0.4965
Ep007  LR0=1.96e-04  pw=9.97  aucα=0.000  token_p=0.020  dropE=(0.020,0.080)  smooth=0.010  train_loss=0.5228  train_AUPR_all=0.5096  train_AUPR_ab=0.5967  train_AUPR_ag=0.3446  train_P@5_ab=0.6000  train_P@5_ag=1.0000  val_loss=0.7864  val_AUPR_all=0.5169  val_AUPR_ab=0.6440  val_AUPR_ag=0.3143  val_P@5_ab=0.6000  val_P@5_ag=0.9500  select=0.4791
  Saved checkpoint: checkpoints_newesm/iPara_balanced_l1_g6_i3_do0.10_dpr0.10_lr0.0002_heads16_fold4.pth  select=0.4791  val_ab=0.6440  val_ag=0.3143  val_all=0.5169
Ep008  LR0=1.95e-04  pw=8.92  aucα=0.000  token_p=0.020  dropE=(0.020,0.080)  smooth=0.010  train_loss=0.4882  train_AUPR_all=0.5130  train_AUPR_ab=0.6051  train_AUPR_ag=0.3452  train_P@5_ab=0.7500  train_P@5_ag=0.9000  val_loss=0.9234  val_AUPR_all=0.5133  val_AUPR_ab=0.6686  val_AUPR_ag=0.2824  val_P@5_ab=0.7500  val_P@5_ag=0.8000  select=0.4755
Ep009  LR0=1.94e-04  pw=7.99  aucα=0.000  token_p=0.020  dropE=(0.020,0.080)  smooth=0.010  train_loss=0.4624  train_AUPR_all=0.5189  train_AUPR_ab=0.6148  train_AUPR_ag=0.3473  train_P@5_ab=0.8000  train_P@5_ag=0.7500  val_loss=1.1540  val_AUPR_all=0.4975  val_AUPR_ab=0.6555  val_AUPR_ag=0.2637  val_P@5_ab=0.8000  val_P@5_ag=0.9500  select=0.4596
Ep010  LR0=1.92e-04  pw=7.17  aucα=0.030  token_p=0.020  dropE=(0.020,0.080)  smooth=0.010  train_loss=0.4468  train_AUPR_all=0.5299  train_AUPR_ab=0.6302  train_AUPR_ag=0.3563  train_P@5_ab=0.7500  train_P@5_ag=0.9500  val_loss=0.7414  val_AUPR_all=0.5459  val_AUPR_ab=0.6845  val_AUPR_ag=0.3296  val_P@5_ab=1.0000  val_P@5_ag=1.0000  select=0.5071
  Saved checkpoint: checkpoints_newesm/iPara_balanced_l1_g6_i3_do0.10_dpr0.10_lr0.0002_heads16_fold4.pth  select=0.5071  val_ab=0.6845  val_ag=0.3296  val_all=0.5459
Unfreezing DyM parameters.
Ep011  LR0=1.90e-04  pw=6.44  aucα=0.060  token_p=0.020  dropE=(0.020,0.080)  smooth=0.010  train_loss=0.4343  train_AUPR_all=0.5509  train_AUPR_ab=0.6544  train_AUPR_ag=0.3735  train_P@5_ab=0.8500  train_P@5_ag=0.9000  val_loss=0.6458  val_AUPR_all=0.5297  val_AUPR_ab=0.6632  val_AUPR_ag=0.3191  val_P@5_ab=0.8500  val_P@5_ag=0.9500  select=0.4912
Ep012  LR0=1.88e-04  pw=5.80  aucα=0.090  token_p=0.020  dropE=(0.020,0.080)  smooth=0.010  train_loss=0.4226  train_AUPR_all=0.5590  train_AUPR_ab=0.6615  train_AUPR_ag=0.3830  train_P@5_ab=0.9500  train_P@5_ag=0.9500  val_loss=0.5473  val_AUPR_all=0.5596  val_AUPR_ab=0.6907  val_AUPR_ag=0.3532  val_P@5_ab=0.8000  val_P@5_ag=0.9500  select=0.5219
  Saved checkpoint: checkpoints_newesm/iPara_balanced_l1_g6_i3_do0.10_dpr0.10_lr0.0002_heads16_fold4.pth  select=0.5219  val_ab=0.6907  val_ag=0.3532  val_all=0.5596
Ep013  LR0=1.86e-04  pw=5.24  aucα=0.120  token_p=0.020  dropE=(0.020,0.080)  smooth=0.010  train_loss=0.4119  train_AUPR_all=0.5667  train_AUPR_ab=0.6736  train_AUPR_ag=0.3833  train_P@5_ab=0.7500  train_P@5_ag=0.9000  val_loss=0.6024  val_AUPR_all=0.5148  val_AUPR_ab=0.7026  val_AUPR_ag=0.2781  val_P@5_ab=0.9500  val_P@5_ag=0.9500  select=0.4904
Ep014  LR0=1.83e-04  pw=4.74  aucα=0.150  token_p=0.020  dropE=(0.020,0.080)  smooth=0.010  train_loss=0.4069  train_AUPR_all=0.5763  train_AUPR_ab=0.6841  train_AUPR_ag=0.3944  train_P@5_ab=0.9000  train_P@5_ag=0.8500  val_loss=0.5053  val_AUPR_all=0.5703  val_AUPR_ab=0.7064  val_AUPR_ag=0.3528  val_P@5_ab=1.0000  val_P@5_ag=0.9500  select=0.5296
  Saved checkpoint: checkpoints_newesm/iPara_balanced_l1_g6_i3_do0.10_dpr0.10_lr0.0002_heads16_fold4.pth  select=0.5296  val_ab=0.7064  val_ag=0.3528  val_all=0.5703
Ep015  LR0=1.81e-04  pw=4.30  aucα=0.180  token_p=0.020  dropE=(0.020,0.080)  smooth=0.010  train_loss=0.4027  train_AUPR_all=0.5739  train_AUPR_ab=0.6902  train_AUPR_ag=0.3806  train_P@5_ab=0.9500  train_P@5_ag=0.7000  val_loss=0.5398  val_AUPR_all=0.5409  val_AUPR_ab=0.6991  val_AUPR_ag=0.3079  val_P@5_ab=0.9000  val_P@5_ag=1.0000  select=0.5035
Ep016  LR0=1.78e-04  pw=3.91  aucα=0.210  token_p=0.020  dropE=(0.020,0.080)  smooth=0.010  train_loss=0.3936  train_AUPR_all=0.5820  train_AUPR_ab=0.6967  train_AUPR_ag=0.3945  train_P@5_ab=0.8500  train_P@5_ag=0.7500  val_loss=0.4543  val_AUPR_all=0.5884  val_AUPR_ab=0.7273  val_AUPR_ag=0.3780  val_P@5_ab=0.9000  val_P@5_ag=0.9500  select=0.5526
  Saved checkpoint: checkpoints_newesm/iPara_balanced_l1_g6_i3_do0.10_dpr0.10_lr0.0002_heads16_fold4.pth  select=0.5526  val_ab=0.7273  val_ag=0.3780  val_all=0.5884
Ep017  LR0=1.75e-04  pw=3.57  aucα=0.240  token_p=0.020  dropE=(0.020,0.080)  smooth=0.010  train_loss=0.3883  train_AUPR_all=0.5943  train_AUPR_ab=0.7035  train_AUPR_ag=0.4124  train_P@5_ab=0.9500  train_P@5_ag=0.9500  val_loss=0.4432  val_AUPR_all=0.5647  val_AUPR_ab=0.7087  val_AUPR_ag=0.3574  val_P@5_ab=0.9000  val_P@5_ag=0.8500  select=0.5331
Ep018  LR0=1.72e-04  pw=3.27  aucα=0.270  token_p=0.020  dropE=(0.020,0.080)  smooth=0.010  train_loss=0.3831  train_AUPR_all=0.6048  train_AUPR_ab=0.7137  train_AUPR_ag=0.4257  train_P@5_ab=0.8500  train_P@5_ag=0.9500  val_loss=0.4324  val_AUPR_all=0.5692  val_AUPR_ab=0.7233  val_AUPR_ag=0.3471  val_P@5_ab=0.9500  val_P@5_ag=0.7500  select=0.5352
Ep019  LR0=1.69e-04  pw=3.00  aucα=0.300  token_p=0.020  dropE=(0.020,0.080)  smooth=0.010  train_loss=0.3788  train_AUPR_all=0.6124  train_AUPR_ab=0.7238  train_AUPR_ag=0.4291  train_P@5_ab=1.0000  train_P@5_ag=0.8000  val_loss=0.4586  val_AUPR_all=0.5485  val_AUPR_ab=0.7186  val_AUPR_ag=0.3233  val_P@5_ab=0.9000  val_P@5_ag=1.0000  select=0.5210
Ep020  LR0=1.66e-04  pw=2.77  aucα=0.300  token_p=0.020  dropE=(0.020,0.080)  smooth=0.010  train_loss=0.3613  train_AUPR_all=0.6201  train_AUPR_ab=0.7288  train_AUPR_ag=0.4415  train_P@5_ab=0.9500  train_P@5_ag=0.8000  val_loss=0.4735  val_AUPR_all=0.5575  val_AUPR_ab=0.7092  val_AUPR_ag=0.3338  val_P@5_ab=1.0000  val_P@5_ag=0.9500  select=0.5215
Ep021  LR0=1.62e-04  pw=2.56  aucα=0.300  token_p=0.020  dropE=(0.020,0.080)  smooth=0.010  train_loss=0.3495  train_AUPR_all=0.6235  train_AUPR_ab=0.7340  train_AUPR_ag=0.4463  train_P@5_ab=1.0000  train_P@5_ag=0.9000  val_loss=0.4025  val_AUPR_all=0.5813  val_AUPR_ab=0.7242  val_AUPR_ag=0.3624  val_P@5_ab=0.9500  val_P@5_ag=0.9500  select=0.5433
Ep022  LR0=1.59e-04  pw=2.38  aucα=0.300  token_p=0.020  dropE=(0.020,0.080)  smooth=0.010  train_loss=0.3349  train_AUPR_all=0.6315  train_AUPR_ab=0.7417  train_AUPR_ag=0.4537  train_P@5_ab=0.9500  train_P@5_ag=0.9000  val_loss=0.3908  val_AUPR_all=0.5832  val_AUPR_ab=0.7272  val_AUPR_ag=0.3646  val_P@5_ab=0.9500  val_P@5_ag=1.0000  select=0.5459
Ep023  LR0=1.55e-04  pw=2.21  aucα=0.300  token_p=0.020  dropE=(0.020,0.080)  smooth=0.010  train_loss=0.3181  train_AUPR_all=0.6438  train_AUPR_ab=0.7492  train_AUPR_ag=0.4738  train_P@5_ab=0.9000  train_P@5_ag=0.8000  val_loss=0.3653  val_AUPR_all=0.6054  val_AUPR_ab=0.7480  val_AUPR_ag=0.3787  val_P@5_ab=1.0000  val_P@5_ag=0.9500  select=0.5634
  Saved checkpoint: checkpoints_newesm/iPara_balanced_l1_g6_i3_do0.10_dpr0.10_lr0.0002_heads16_fold4.pth  select=0.5634  val_ab=0.7480  val_ag=0.3787  val_all=0.6054
Ep024  LR0=1.51e-04  pw=2.07  aucα=0.300  token_p=0.020  dropE=(0.020,0.080)  smooth=0.010  train_loss=0.3070  train_AUPR_all=0.6518  train_AUPR_ab=0.7570  train_AUPR_ag=0.4837  train_P@5_ab=1.0000  train_P@5_ag=1.0000  val_loss=0.3650  val_AUPR_all=0.5895  val_AUPR_ab=0.7326  val_AUPR_ag=0.3660  val_P@5_ab=0.9000  val_P@5_ag=0.6500  select=0.5493
Ep025  LR0=1.48e-04  pw=1.95  aucα=0.300  token_p=0.020  dropE=(0.020,0.080)  smooth=0.010  train_loss=0.2978  train_AUPR_all=0.6509  train_AUPR_ab=0.7551  train_AUPR_ag=0.4859  train_P@5_ab=1.0000  train_P@5_ag=0.9000  val_loss=0.3504  val_AUPR_all=0.5962  val_AUPR_ab=0.7412  val_AUPR_ag=0.3695  val_P@5_ab=1.0000  val_P@5_ag=1.0000  select=0.5554
Ep026  LR0=1.44e-04  pw=1.83  aucα=0.300  token_p=0.020  dropE=(0.020,0.080)  smooth=0.010  train_loss=0.2846  train_AUPR_all=0.6655  train_AUPR_ab=0.7668  train_AUPR_ag=0.5051  train_P@5_ab=0.9500  train_P@5_ag=0.9500  val_loss=0.3625  val_AUPR_all=0.5729  val_AUPR_ab=0.7430  val_AUPR_ag=0.3657  val_P@5_ab=0.9500  val_P@5_ag=1.0000  select=0.5543
Ep027  LR0=1.39e-04  pw=1.74  aucα=0.300  token_p=0.020  dropE=(0.020,0.080)  smooth=0.010  train_loss=0.2761  train_AUPR_all=0.6718  train_AUPR_ab=0.7687  train_AUPR_ag=0.5190  train_P@5_ab=1.0000  train_P@5_ag=0.8500  val_loss=0.3340  val_AUPR_all=0.5998  val_AUPR_ab=0.7457  val_AUPR_ag=0.3810  val_P@5_ab=1.0000  val_P@5_ag=1.0000  select=0.5634
Ep028  LR0=1.35e-04  pw=1.65  aucα=0.300  token_p=0.020  dropE=(0.020,0.080)  smooth=0.010  train_loss=0.2664  train_AUPR_all=0.6790  train_AUPR_ab=0.7735  train_AUPR_ag=0.5303  train_P@5_ab=1.0000  train_P@5_ag=0.9000  val_loss=0.3397  val_AUPR_all=0.5921  val_AUPR_ab=0.7415  val_AUPR_ag=0.3778  val_P@5_ab=1.0000  val_P@5_ag=1.0000  select=0.5596
Ep029  LR0=1.31e-04  pw=1.57  aucα=0.300  token_p=0.020  dropE=(0.020,0.080)  smooth=0.010  train_loss=0.2596  train_AUPR_all=0.6839  train_AUPR_ab=0.7737  train_AUPR_ag=0.5441  train_P@5_ab=1.0000  train_P@5_ag=1.0000  val_loss=0.3379  val_AUPR_all=0.5821  val_AUPR_ab=0.7313  val_AUPR_ag=0.3745  val_P@5_ab=0.9000  val_P@5_ag=0.9000  select=0.5529
Ep030  LR0=1.27e-04  pw=1.51  aucα=0.300  token_p=0.020  dropE=(0.020,0.080)  smooth=0.010  train_loss=0.2516  train_AUPR_all=0.6897  train_AUPR_ab=0.7792  train_AUPR_ag=0.5507  train_P@5_ab=0.9500  train_P@5_ag=1.0000  val_loss=0.3276  val_AUPR_all=0.5991  val_AUPR_ab=0.7378  val_AUPR_ag=0.3927  val_P@5_ab=1.0000  val_P@5_ag=1.0000  select=0.5652
  Saved checkpoint: checkpoints_newesm/iPara_balanced_l1_g6_i3_do0.10_dpr0.10_lr0.0002_heads16_fold4.pth  select=0.5652  val_ab=0.7378  val_ag=0.3927  val_all=0.5991
Ep031  LR0=1.22e-04  pw=1.45  aucα=0.300  token_p=0.020  dropE=(0.020,0.080)  smooth=0.010  train_loss=0.2419  train_AUPR_all=0.7036  train_AUPR_ab=0.7912  train_AUPR_ag=0.5673  train_P@5_ab=0.9500  train_P@5_ag=0.8000  val_loss=0.3108  val_AUPR_all=0.6063  val_AUPR_ab=0.7472  val_AUPR_ag=0.3983  val_P@5_ab=0.9500  val_P@5_ag=0.9000  select=0.5727
  Saved checkpoint: checkpoints_newesm/iPara_balanced_l1_g6_i3_do0.10_dpr0.10_lr0.0002_heads16_fold4.pth  select=0.5727  val_ab=0.7472  val_ag=0.3983  val_all=0.6063
Ep032  LR0=1.18e-04  pw=1.39  aucα=0.300  token_p=0.020  dropE=(0.020,0.080)  smooth=0.010  train_loss=0.2362  train_AUPR_all=0.7095  train_AUPR_ab=0.7944  train_AUPR_ag=0.5784  train_P@5_ab=0.9500  train_P@5_ag=0.9500  val_loss=0.3128  val_AUPR_all=0.6055  val_AUPR_ab=0.7466  val_AUPR_ag=0.3859  val_P@5_ab=0.9000  val_P@5_ag=1.0000  select=0.5662
Ep033  LR0=1.14e-04  pw=1.35  aucα=0.300  token_p=0.020  dropE=(0.020,0.080)  smooth=0.010  train_loss=0.2278  train_AUPR_all=0.7179  train_AUPR_ab=0.8009  train_AUPR_ag=0.5875  train_P@5_ab=1.0000  train_P@5_ag=0.9500  val_loss=0.3074  val_AUPR_all=0.6093  val_AUPR_ab=0.7496  val_AUPR_ag=0.3974  val_P@5_ab=0.8500  val_P@5_ag=1.0000  select=0.5735
  Saved checkpoint: checkpoints_newesm/iPara_balanced_l1_g6_i3_do0.10_dpr0.10_lr0.0002_heads16_fold4.pth  select=0.5735  val_ab=0.7496  val_ag=0.3974  val_all=0.6093
Ep034  LR0=1.09e-04  pw=1.31  aucα=0.300  token_p=0.020  dropE=(0.020,0.080)  smooth=0.010  train_loss=0.2209  train_AUPR_all=0.7256  train_AUPR_ab=0.8056  train_AUPR_ag=0.6018  train_P@5_ab=0.9500  train_P@5_ag=0.9500  val_loss=0.3116  val_AUPR_all=0.6044  val_AUPR_ab=0.7470  val_AUPR_ag=0.3933  val_P@5_ab=0.8000  val_P@5_ag=1.0000  select=0.5702
Ep035  LR0=1.05e-04  pw=1.27  aucα=0.300  token_p=0.020  dropE=(0.020,0.080)  smooth=0.010  train_loss=0.2175  train_AUPR_all=0.7322  train_AUPR_ab=0.8081  train_AUPR_ag=0.6176  train_P@5_ab=1.0000  train_P@5_ag=1.0000  val_loss=0.3089  val_AUPR_all=0.6043  val_AUPR_ab=0.7525  val_AUPR_ag=0.3852  val_P@5_ab=0.9000  val_P@5_ag=0.9000  select=0.5689
Ep036  LR0=1.00e-04  pw=1.24  aucα=0.300  token_p=0.020  dropE=(0.020,0.080)  smooth=0.010  train_loss=0.2120  train_AUPR_all=0.7381  train_AUPR_ab=0.8145  train_AUPR_ag=0.6209  train_P@5_ab=1.0000  train_P@5_ag=0.9000  val_loss=0.3089  val_AUPR_all=0.6026  val_AUPR_ab=0.7580  val_AUPR_ag=0.3729  val_P@5_ab=0.9500  val_P@5_ag=0.9500  select=0.5654
Ep037  LR0=9.58e-05  pw=1.21  aucα=0.300  token_p=0.020  dropE=(0.020,0.080)  smooth=0.010  train_loss=0.2069  train_AUPR_all=0.7432  train_AUPR_ab=0.8138  train_AUPR_ag=0.6357  train_P@5_ab=1.0000  train_P@5_ag=1.0000  val_loss=0.3063  val_AUPR_all=0.6104  val_AUPR_ab=0.7614  val_AUPR_ag=0.4039  val_P@5_ab=0.9500  val_P@5_ag=0.9500  select=0.5827
  Saved checkpoint: checkpoints_newesm/iPara_balanced_l1_g6_i3_do0.10_dpr0.10_lr0.0002_heads16_fold4.pth  select=0.5827  val_ab=0.7614  val_ag=0.4039  val_all=0.6104
Ep038  LR0=9.13e-05  pw=1.19  aucα=0.300  token_p=0.020  dropE=(0.020,0.080)  smooth=0.010  train_loss=0.1995  train_AUPR_all=0.7564  train_AUPR_ab=0.8249  train_AUPR_ag=0.6526  train_P@5_ab=1.0000  train_P@5_ag=1.0000  val_loss=0.3061  val_AUPR_all=0.6119  val_AUPR_ab=0.7551  val_AUPR_ag=0.4049  val_P@5_ab=0.9500  val_P@5_ag=0.9000  select=0.5800
Ep039  LR0=8.69e-05  pw=1.16  aucα=0.300  token_p=0.020  dropE=(0.020,0.080)  smooth=0.010  train_loss=0.1951  train_AUPR_all=0.7625  train_AUPR_ab=0.8318  train_AUPR_ag=0.6567  train_P@5_ab=1.0000  train_P@5_ag=1.0000  val_loss=0.2984  val_AUPR_all=0.6089  val_AUPR_ab=0.7516  val_AUPR_ag=0.4043  val_P@5_ab=0.9000  val_P@5_ag=0.9000  select=0.5779
Ep040  LR0=8.24e-05  pw=1.15  aucα=0.300  token_p=0.020  dropE=(0.020,0.080)  smooth=0.010  train_loss=0.1880  train_AUPR_all=0.7738  train_AUPR_ab=0.8356  train_AUPR_ag=0.6815  train_P@5_ab=1.0000  train_P@5_ag=1.0000  val_loss=0.2978  val_AUPR_all=0.6116  val_AUPR_ab=0.7498  val_AUPR_ag=0.4110  val_P@5_ab=0.9500  val_P@5_ag=0.9500  select=0.5804
Ep041  LR0=7.81e-05  pw=1.13  aucα=0.300  token_p=0.020  dropE=(0.020,0.080)  smooth=0.010  train_loss=0.1836  train_AUPR_all=0.7795  train_AUPR_ab=0.8417  train_AUPR_ag=0.6852  train_P@5_ab=1.0000  train_P@5_ag=1.0000  val_loss=0.2934  val_AUPR_all=0.6202  val_AUPR_ab=0.7600  val_AUPR_ag=0.4299  val_P@5_ab=0.9500  val_P@5_ag=0.9500  select=0.5950
  Saved checkpoint: checkpoints_newesm/iPara_balanced_l1_g6_i3_do0.10_dpr0.10_lr0.0002_heads16_fold4.pth  select=0.5950  val_ab=0.7600  val_ag=0.4299  val_all=0.6202
Ep042  LR0=7.37e-05  pw=1.11  aucα=0.300  token_p=0.020  dropE=(0.020,0.080)  smooth=0.010  train_loss=0.1795  train_AUPR_all=0.7868  train_AUPR_ab=0.8471  train_AUPR_ag=0.6954  train_P@5_ab=1.0000  train_P@5_ag=0.9500  val_loss=0.2962  val_AUPR_all=0.6135  val_AUPR_ab=0.7526  val_AUPR_ag=0.4212  val_P@5_ab=1.0000  val_P@5_ag=0.8500  select=0.5869
Ep043  LR0=6.94e-05  pw=1.10  aucα=0.300  token_p=0.020  dropE=(0.020,0.080)  smooth=0.010  train_loss=0.1748  train_AUPR_all=0.7937  train_AUPR_ab=0.8514  train_AUPR_ag=0.7063  train_P@5_ab=1.0000  train_P@5_ag=1.0000  val_loss=0.2936  val_AUPR_all=0.6096  val_AUPR_ab=0.7532  val_AUPR_ag=0.4031  val_P@5_ab=0.9000  val_P@5_ag=0.9000  select=0.5782
Ep044  LR0=6.52e-05  pw=1.09  aucα=0.300  token_p=0.020  dropE=(0.020,0.080)  smooth=0.010  train_loss=0.1775  train_AUPR_all=0.7871  train_AUPR_ab=0.8443  train_AUPR_ag=0.7012  train_P@5_ab=1.0000  train_P@5_ag=1.0000  val_loss=0.2968  val_AUPR_all=0.6158  val_AUPR_ab=0.7612  val_AUPR_ag=0.4021  val_P@5_ab=1.0000  val_P@5_ag=0.9000  select=0.5816
Ep045  LR0=6.10e-05  pw=1.08  aucα=0.300  token_p=0.020  dropE=(0.020,0.080)  smooth=0.010  train_loss=0.1696  train_AUPR_all=0.8022  train_AUPR_ab=0.8596  train_AUPR_ag=0.7152  train_P@5_ab=1.0000  train_P@5_ag=1.0000  val_loss=0.3020  val_AUPR_all=0.6155  val_AUPR_ab=0.7526  val_AUPR_ag=0.4227  val_P@5_ab=1.0000  val_P@5_ag=1.0000  select=0.5876
Ep046  LR0=5.70e-05  pw=1.07  aucα=0.300  token_p=0.020  dropE=(0.020,0.080)  smooth=0.010  train_loss=0.1711  train_AUPR_all=0.7979  train_AUPR_ab=0.8548  train_AUPR_ag=0.7117  train_P@5_ab=0.9500  train_P@5_ag=1.0000  val_loss=0.2956  val_AUPR_all=0.6211  val_AUPR_ab=0.7551  val_AUPR_ag=0.4227  val_P@5_ab=1.0000  val_P@5_ag=0.8500  select=0.5889
Ep047  LR0=5.30e-05  pw=1.06  aucα=0.300  token_p=0.020  dropE=(0.020,0.080)  smooth=0.010  train_loss=0.1666  train_AUPR_all=0.8052  train_AUPR_ab=0.8589  train_AUPR_ag=0.7244  train_P@5_ab=1.0000  train_P@5_ag=1.0000  val_loss=0.3005  val_AUPR_all=0.6169  val_AUPR_ab=0.7527  val_AUPR_ag=0.4214  val_P@5_ab=0.8000  val_P@5_ag=0.9500  select=0.5871
Ep048  LR0=4.91e-05  pw=1.05  aucα=0.300  token_p=0.020  dropE=(0.020,0.080)  smooth=0.010  train_loss=0.1644  train_AUPR_all=0.8073  train_AUPR_ab=0.8596  train_AUPR_ag=0.7287  train_P@5_ab=1.0000  train_P@5_ag=1.0000  val_loss=0.3015  val_AUPR_all=0.6232  val_AUPR_ab=0.7659  val_AUPR_ag=0.4261  val_P@5_ab=1.0000  val_P@5_ag=0.9000  select=0.5960
  Saved checkpoint: checkpoints_newesm/iPara_balanced_l1_g6_i3_do0.10_dpr0.10_lr0.0002_heads16_fold4.pth  select=0.5960  val_ab=0.7659  val_ag=0.4261  val_all=0.6232
Ep049  LR0=4.53e-05  pw=1.05  aucα=0.300  token_p=0.020  dropE=(0.020,0.080)  smooth=0.010  train_loss=0.1597  train_AUPR_all=0.8163  train_AUPR_ab=0.8664  train_AUPR_ag=0.7409  train_P@5_ab=1.0000  train_P@5_ag=1.0000  val_loss=0.2954  val_AUPR_all=0.6157  val_AUPR_ab=0.7616  val_AUPR_ag=0.4187  val_P@5_ab=0.9000  val_P@5_ag=0.8500  select=0.5902
Ep050  LR0=4.16e-05  pw=1.04  aucα=0.300  token_p=0.020  dropE=(0.020,0.080)  smooth=0.010  train_loss=0.1580  train_AUPR_all=0.8180  train_AUPR_ab=0.8675  train_AUPR_ag=0.7435  train_P@5_ab=0.9500  train_P@5_ag=1.0000  val_loss=0.2945  val_AUPR_all=0.6137  val_AUPR_ab=0.7616  val_AUPR_ag=0.3996  val_P@5_ab=0.9500  val_P@5_ag=0.7500  select=0.5806
Ep051  LR0=3.81e-05  pw=1.04  aucα=0.300  token_p=0.020  dropE=(0.020,0.080)  smooth=0.010  train_loss=0.1532  train_AUPR_all=0.8283  train_AUPR_ab=0.8751  train_AUPR_ag=0.7589  train_P@5_ab=1.0000  train_P@5_ag=1.0000  val_loss=0.2880  val_AUPR_all=0.6219  val_AUPR_ab=0.7661  val_AUPR_ag=0.4193  val_P@5_ab=0.9500  val_P@5_ag=0.8500  select=0.5927
Ep052  LR0=3.46e-05  pw=1.03  aucα=0.300  token_p=0.020  dropE=(0.020,0.080)  smooth=0.010  train_loss=0.1501  train_AUPR_all=0.8332  train_AUPR_ab=0.8793  train_AUPR_ag=0.7639  train_P@5_ab=1.0000  train_P@5_ag=1.0000  val_loss=0.2990  val_AUPR_all=0.6162  val_AUPR_ab=0.7667  val_AUPR_ag=0.4099  val_P@5_ab=0.9500  val_P@5_ag=0.8000  select=0.5883
Ep053  LR0=3.13e-05  pw=1.03  aucα=0.300  token_p=0.020  dropE=(0.020,0.080)  smooth=0.010  train_loss=0.1511  train_AUPR_all=0.8286  train_AUPR_ab=0.8760  train_AUPR_ag=0.7568  train_P@5_ab=1.0000  train_P@5_ag=0.9500  val_loss=0.2940  val_AUPR_all=0.6194  val_AUPR_ab=0.7639  val_AUPR_ag=0.4160  val_P@5_ab=0.9500  val_P@5_ag=0.7500  select=0.5899
Ep054  LR0=2.82e-05  pw=1.03  aucα=0.300  token_p=0.020  dropE=(0.020,0.080)  smooth=0.010  train_loss=0.1452  train_AUPR_all=0.8407  train_AUPR_ab=0.8842  train_AUPR_ag=0.7758  train_P@5_ab=1.0000  train_P@5_ag=1.0000  val_loss=0.3041  val_AUPR_all=0.6206  val_AUPR_ab=0.7678  val_AUPR_ag=0.4074  val_P@5_ab=0.9500  val_P@5_ag=0.8000  select=0.5876
Ep055  LR0=2.51e-05  pw=1.02  aucα=0.300  token_p=0.020  dropE=(0.020,0.080)  smooth=0.010  train_loss=0.1427  train_AUPR_all=0.8452  train_AUPR_ab=0.8879  train_AUPR_ag=0.7812  train_P@5_ab=1.0000  train_P@5_ag=1.0000  val_loss=0.3007  val_AUPR_all=0.6192  val_AUPR_ab=0.7651  val_AUPR_ag=0.4156  val_P@5_ab=0.9500  val_P@5_ag=0.8000  select=0.5904
Ep056  LR0=2.23e-05  pw=1.02  aucα=0.300  token_p=0.020  dropE=(0.020,0.080)  smooth=0.010  train_loss=0.1458  train_AUPR_all=0.8388  train_AUPR_ab=0.8836  train_AUPR_ag=0.7716  train_P@5_ab=1.0000  train_P@5_ag=0.9000  val_loss=0.2979  val_AUPR_all=0.6166  val_AUPR_ab=0.7609  val_AUPR_ag=0.4153  val_P@5_ab=1.0000  val_P@5_ag=0.8500  select=0.5881
Ep057  LR0=1.96e-05  pw=1.02  aucα=0.300  token_p=0.020  dropE=(0.020,0.080)  smooth=0.010  train_loss=0.1412  train_AUPR_all=0.8475  train_AUPR_ab=0.8904  train_AUPR_ag=0.7828  train_P@5_ab=1.0000  train_P@5_ag=1.0000  val_loss=0.2992  val_AUPR_all=0.6214  val_AUPR_ab=0.7666  val_AUPR_ag=0.4198  val_P@5_ab=1.0000  val_P@5_ag=0.8000  select=0.5932
Ep058  LR0=1.70e-05  pw=1.02  aucα=0.300  token_p=0.020  dropE=(0.020,0.080)  smooth=0.010  train_loss=0.1470  train_AUPR_all=0.8364  train_AUPR_ab=0.8811  train_AUPR_ag=0.7696  train_P@5_ab=1.0000  train_P@5_ag=0.9000  val_loss=0.2975  val_AUPR_all=0.6152  val_AUPR_ab=0.7550  val_AUPR_ag=0.4162  val_P@5_ab=0.9500  val_P@5_ag=0.9000  select=0.5856
Ep059  LR0=1.46e-05  pw=1.01  aucα=0.300  token_p=0.020  dropE=(0.020,0.080)  smooth=0.010  train_loss=0.1436  train_AUPR_all=0.8424  train_AUPR_ab=0.8877  train_AUPR_ag=0.7738  train_P@5_ab=1.0000  train_P@5_ag=1.0000  val_loss=0.2997  val_AUPR_all=0.6185  val_AUPR_ab=0.7642  val_AUPR_ag=0.4110  val_P@5_ab=0.9500  val_P@5_ag=0.9000  select=0.5876
Ep060  LR0=1.24e-05  pw=1.01  aucα=0.300  token_p=0.020  dropE=(0.020,0.080)  smooth=0.010  train_loss=0.1424  train_AUPR_all=0.8453  train_AUPR_ab=0.8881  train_AUPR_ag=0.7815  train_P@5_ab=1.0000  train_P@5_ag=1.0000  val_loss=0.3027  val_AUPR_all=0.6166  val_AUPR_ab=0.7614  val_AUPR_ag=0.4140  val_P@5_ab=0.9000  val_P@5_ag=0.8000  select=0.5877
Ep061  LR0=1.04e-05  pw=1.01  aucα=0.300  token_p=0.020  dropE=(0.020,0.080)  smooth=0.010  train_loss=0.1382  train_AUPR_all=0.8521  train_AUPR_ab=0.8934  train_AUPR_ag=0.7899  train_P@5_ab=0.9500  train_P@5_ag=1.0000  val_loss=0.3028  val_AUPR_all=0.6144  val_AUPR_ab=0.7616  val_AUPR_ag=0.4131  val_P@5_ab=0.9500  val_P@5_ag=0.8500  select=0.5874
Ep062  LR0=8.53e-06  pw=1.01  aucα=0.300  token_p=0.020  dropE=(0.020,0.080)  smooth=0.010  train_loss=0.1335  train_AUPR_all=0.8599  train_AUPR_ab=0.8983  train_AUPR_ag=0.8025  train_P@5_ab=1.0000  train_P@5_ag=0.9500  val_loss=0.3023  val_AUPR_all=0.6181  val_AUPR_ab=0.7658  val_AUPR_ag=0.4118  val_P@5_ab=1.0000  val_P@5_ag=0.8500  select=0.5888
Ep063  LR0=6.86e-06  pw=1.01  aucα=0.300  token_p=0.020  dropE=(0.020,0.080)  smooth=0.010  train_loss=0.1403  train_AUPR_all=0.8487  train_AUPR_ab=0.8897  train_AUPR_ag=0.7878  train_P@5_ab=1.0000  train_P@5_ag=1.0000  val_loss=0.3011  val_AUPR_all=0.6155  val_AUPR_ab=0.7628  val_AUPR_ag=0.4103  val_P@5_ab=1.0000  val_P@5_ag=0.8000  select=0.5866
Ep064  LR0=5.38e-06  pw=1.01  aucα=0.300  token_p=0.020  dropE=(0.020,0.080)  smooth=0.010  train_loss=0.1354  train_AUPR_all=0.8576  train_AUPR_ab=0.8982  train_AUPR_ag=0.7960  train_P@5_ab=1.0000  train_P@5_ag=1.0000  val_loss=0.3037  val_AUPR_all=0.6169  val_AUPR_ab=0.7639  val_AUPR_ag=0.4118  val_P@5_ab=0.9500  val_P@5_ag=0.9000  select=0.5878
Ep065  LR0=4.09e-06  pw=1.01  aucα=0.300  token_p=0.020  dropE=(0.020,0.080)  smooth=0.010  train_loss=0.1384  train_AUPR_all=0.8521  train_AUPR_ab=0.8950  train_AUPR_ag=0.7871  train_P@5_ab=1.0000  train_P@5_ag=1.0000  val_loss=0.3019  val_AUPR_all=0.6178  val_AUPR_ab=0.7630  val_AUPR_ag=0.4156  val_P@5_ab=1.0000  val_P@5_ag=0.8500  select=0.5893
Ep066  LR0=3.00e-06  pw=1.01  aucα=0.300  token_p=0.020  dropE=(0.020,0.080)  smooth=0.010  train_loss=0.1400  train_AUPR_all=0.8480  train_AUPR_ab=0.8903  train_AUPR_ag=0.7844  train_P@5_ab=1.0000  train_P@5_ag=1.0000  val_loss=0.3022  val_AUPR_all=0.6190  val_AUPR_ab=0.7648  val_AUPR_ag=0.4178  val_P@5_ab=1.0000  val_P@5_ag=0.9000  select=0.5913
Ep067  LR0=2.10e-06  pw=1.00  aucα=0.300  token_p=0.020  dropE=(0.020,0.080)  smooth=0.010  train_loss=0.1364  train_AUPR_all=0.8555  train_AUPR_ab=0.8975  train_AUPR_ag=0.7922  train_P@5_ab=1.0000  train_P@5_ag=1.0000  val_loss=0.3016  val_AUPR_all=0.6187  val_AUPR_ab=0.7658  val_AUPR_ag=0.4141  val_P@5_ab=1.0000  val_P@5_ag=0.8500  select=0.5900
Ep068  LR0=1.40e-06  pw=1.00  aucα=0.300  token_p=0.020  dropE=(0.020,0.080)  smooth=0.010  train_loss=0.1347  train_AUPR_all=0.8586  train_AUPR_ab=0.8989  train_AUPR_ag=0.7977  train_P@5_ab=1.0000  train_P@5_ag=1.0000  val_loss=0.3022  val_AUPR_all=0.6168  val_AUPR_ab=0.7651  val_AUPR_ag=0.4118  val_P@5_ab=1.0000  val_P@5_ag=0.8000  select=0.5885
Early stopping at epoch 68. Best select=0.5960 at epoch 48.
Final saved checkpoint for fold 4: checkpoints_newesm/iPara_balanced_l1_g6_i3_do0.10_dpr0.10_lr0.0002_heads16_fold4.pth
Best select=0.5960 at epoch 48

==========================================================================================
Fold 5/5
==========================================================================================
Train labels: valid=399660, pos=26617, neg=373043, ignore=699540, pos_frac=0.06660
Val labels: valid=100532, pos=6613, neg=93919, ignore=173068, pos_frac=0.06578
Initializing ClassificationModel with 6 GAT layers and residual connections...
Initializing MCModel with 6 GAT layers and 3 row attention layers (drop_path_rate=0.1, use_esm=True)
Initializing CoreModel with 1 layers, drop_path_rate=0.1
Ep001  LR0=2.00e-04  pw=20.00  aucα=0.000  token_p=0.020  dropE=(0.020,0.080)  smooth=0.010  train_loss=1.1534  train_AUPR_all=0.2013  train_AUPR_ab=0.2253  train_AUPR_ag=0.1653  train_P@5_ab=0.2000  train_P@5_ag=0.0500  val_loss=1.7128  val_AUPR_all=0.3655  val_AUPR_ab=0.4903  val_AUPR_ag=0.1833  val_P@5_ab=0.6500  val_P@5_ag=0.7000  select=0.3368
  Saved checkpoint: checkpoints_newesm/iPara_balanced_l1_g6_i3_do0.10_dpr0.10_lr0.0002_heads16_fold5.pth  select=0.3368  val_ab=0.4903  val_ag=0.1833  val_all=0.3655
Ep002  LR0=2.00e-04  pw=17.77  aucα=0.000  token_p=0.020  dropE=(0.020,0.080)  smooth=0.010  train_loss=0.8211  train_AUPR_all=0.3770  train_AUPR_ab=0.4582  train_AUPR_ag=0.2492  train_P@5_ab=0.7500  train_P@5_ag=0.8000  val_loss=1.1417  val_AUPR_all=0.4080  val_AUPR_ab=0.5363  val_AUPR_ag=0.2018  val_P@5_ab=0.4500  val_P@5_ag=0.7000  select=0.3690
  Saved checkpoint: checkpoints_newesm/iPara_balanced_l1_g6_i3_do0.10_dpr0.10_lr0.0002_heads16_fold5.pth  select=0.3690  val_ab=0.5363  val_ag=0.2018  val_all=0.4080
Ep003  LR0=2.00e-04  pw=15.80  aucα=0.000  token_p=0.020  dropE=(0.020,0.080)  smooth=0.010  train_loss=0.7316  train_AUPR_all=0.4277  train_AUPR_ab=0.5111  train_AUPR_ag=0.2834  train_P@5_ab=0.9000  train_P@5_ag=0.8500  val_loss=1.1613  val_AUPR_all=0.4216  val_AUPR_ab=0.5572  val_AUPR_ag=0.2467  val_P@5_ab=0.7500  val_P@5_ag=0.8000  select=0.4019
  Saved checkpoint: checkpoints_newesm/iPara_balanced_l1_g6_i3_do0.10_dpr0.10_lr0.0002_heads16_fold5.pth  select=0.4019  val_ab=0.5572  val_ag=0.2467  val_all=0.4216
Ep004  LR0=1.99e-04  pw=14.06  aucα=0.000  token_p=0.020  dropE=(0.020,0.080)  smooth=0.010  train_loss=0.6708  train_AUPR_all=0.4518  train_AUPR_ab=0.5298  train_AUPR_ag=0.3059  train_P@5_ab=0.7500  train_P@5_ag=0.7000  val_loss=1.4584  val_AUPR_all=0.4413  val_AUPR_ab=0.5980  val_AUPR_ag=0.2081  val_P@5_ab=0.9500  val_P@5_ag=0.8500  select=0.4030
  Saved checkpoint: checkpoints_newesm/iPara_balanced_l1_g6_i3_do0.10_dpr0.10_lr0.0002_heads16_fold5.pth  select=0.4030  val_ab=0.5980  val_ag=0.2081  val_all=0.4413
Ep005  LR0=1.98e-04  pw=12.52  aucα=0.000  token_p=0.020  dropE=(0.020,0.080)  smooth=0.010  train_loss=0.6303  train_AUPR_all=0.4668  train_AUPR_ab=0.5461  train_AUPR_ag=0.3166  train_P@5_ab=0.6500  train_P@5_ag=0.8000  val_loss=0.9208  val_AUPR_all=0.4483  val_AUPR_ab=0.6142  val_AUPR_ag=0.2272  val_P@5_ab=0.6500  val_P@5_ag=0.7000  select=0.4207
  Saved checkpoint: checkpoints_newesm/iPara_balanced_l1_g6_i3_do0.10_dpr0.10_lr0.0002_heads16_fold5.pth  select=0.4207  val_ab=0.6142  val_ag=0.2272  val_all=0.4483
Ep006  LR0=1.97e-04  pw=11.17  aucα=0.000  token_p=0.020  dropE=(0.020,0.080)  smooth=0.010  train_loss=0.5751  train_AUPR_all=0.4867  train_AUPR_ab=0.5684  train_AUPR_ag=0.3279  train_P@5_ab=0.6000  train_P@5_ag=0.8000  val_loss=0.9354  val_AUPR_all=0.4835  val_AUPR_ab=0.6519  val_AUPR_ag=0.2442  val_P@5_ab=0.5000  val_P@5_ag=0.7000  select=0.4481
  Saved checkpoint: checkpoints_newesm/iPara_balanced_l1_g6_i3_do0.10_dpr0.10_lr0.0002_heads16_fold5.pth  select=0.4481  val_ab=0.6519  val_ag=0.2442  val_all=0.4835
Ep007  LR0=1.96e-04  pw=9.97  aucα=0.000  token_p=0.020  dropE=(0.020,0.080)  smooth=0.010  train_loss=0.5328  train_AUPR_all=0.5025  train_AUPR_ab=0.5852  train_AUPR_ag=0.3414  train_P@5_ab=0.4500  train_P@5_ag=0.8000  val_loss=0.9404  val_AUPR_all=0.2948  val_AUPR_ab=0.6057  val_AUPR_ag=0.1835  val_P@5_ab=0.4000  val_P@5_ag=0.9000  select=0.3946
Ep008  LR0=1.95e-04  pw=8.92  aucα=0.000  token_p=0.020  dropE=(0.020,0.080)  smooth=0.010  train_loss=0.5033  train_AUPR_all=0.5116  train_AUPR_ab=0.5996  train_AUPR_ag=0.3453  train_P@5_ab=0.7000  train_P@5_ag=0.9000  val_loss=0.6703  val_AUPR_all=0.5327  val_AUPR_ab=0.6684  val_AUPR_ag=0.3120  val_P@5_ab=0.9000  val_P@5_ag=0.6000  select=0.4902
  Saved checkpoint: checkpoints_newesm/iPara_balanced_l1_g6_i3_do0.10_dpr0.10_lr0.0002_heads16_fold5.pth  select=0.4902  val_ab=0.6684  val_ag=0.3120  val_all=0.5327
Ep009  LR0=1.94e-04  pw=7.99  aucα=0.000  token_p=0.020  dropE=(0.020,0.080)  smooth=0.010  train_loss=0.4629  train_AUPR_all=0.5163  train_AUPR_ab=0.6048  train_AUPR_ag=0.3462  train_P@5_ab=0.6500  train_P@5_ag=0.8000  val_loss=0.7369  val_AUPR_all=0.5045  val_AUPR_ab=0.6847  val_AUPR_ag=0.2801  val_P@5_ab=0.7000  val_P@5_ag=0.9000  select=0.4824
Ep010  LR0=1.92e-04  pw=7.17  aucα=0.030  token_p=0.020  dropE=(0.020,0.080)  smooth=0.010  train_loss=0.4550  train_AUPR_all=0.5300  train_AUPR_ab=0.6197  train_AUPR_ag=0.3609  train_P@5_ab=0.7500  train_P@5_ag=0.8000  val_loss=0.7839  val_AUPR_all=0.5122  val_AUPR_ab=0.6772  val_AUPR_ag=0.2643  val_P@5_ab=0.9000  val_P@5_ag=0.8000  select=0.4707
Unfreezing DyM parameters.
Ep011  LR0=1.90e-04  pw=6.44  aucα=0.060  token_p=0.020  dropE=(0.020,0.080)  smooth=0.010  train_loss=0.4385  train_AUPR_all=0.5402  train_AUPR_ab=0.6407  train_AUPR_ag=0.3624  train_P@5_ab=0.9000  train_P@5_ag=0.8000  val_loss=0.6099  val_AUPR_all=0.5122  val_AUPR_ab=0.6852  val_AUPR_ag=0.2911  val_P@5_ab=0.9000  val_P@5_ag=0.8500  select=0.4882
Ep012  LR0=1.88e-04  pw=5.80  aucα=0.090  token_p=0.020  dropE=(0.020,0.080)  smooth=0.010  train_loss=0.4216  train_AUPR_all=0.5671  train_AUPR_ab=0.6708  train_AUPR_ag=0.3876  train_P@5_ab=0.8500  train_P@5_ag=1.0000  val_loss=0.6319  val_AUPR_all=0.4994  val_AUPR_ab=0.7074  val_AUPR_ag=0.2588  val_P@5_ab=0.9000  val_P@5_ag=0.8500  select=0.4831
Ep013  LR0=1.86e-04  pw=5.24  aucα=0.120  token_p=0.020  dropE=(0.020,0.080)  smooth=0.010  train_loss=0.4155  train_AUPR_all=0.5683  train_AUPR_ab=0.6771  train_AUPR_ag=0.3832  train_P@5_ab=0.9000  train_P@5_ag=0.7500  val_loss=0.5576  val_AUPR_all=0.5005  val_AUPR_ab=0.6866  val_AUPR_ag=0.2907  val_P@5_ab=0.8500  val_P@5_ag=0.9000  select=0.4887
Ep014  LR0=1.83e-04  pw=4.74  aucα=0.150  token_p=0.020  dropE=(0.020,0.080)  smooth=0.010  train_loss=0.4067  train_AUPR_all=0.5781  train_AUPR_ab=0.6862  train_AUPR_ag=0.3974  train_P@5_ab=0.9000  train_P@5_ag=0.9500  val_loss=0.5100  val_AUPR_all=0.5598  val_AUPR_ab=0.7029  val_AUPR_ag=0.3380  val_P@5_ab=1.0000  val_P@5_ag=0.8000  select=0.5205
  Saved checkpoint: checkpoints_newesm/iPara_balanced_l1_g6_i3_do0.10_dpr0.10_lr0.0002_heads16_fold5.pth  select=0.5205  val_ab=0.7029  val_ag=0.3380  val_all=0.5598
Ep015  LR0=1.81e-04  pw=4.30  aucα=0.180  token_p=0.020  dropE=(0.020,0.080)  smooth=0.010  train_loss=0.4006  train_AUPR_all=0.5801  train_AUPR_ab=0.6884  train_AUPR_ag=0.4011  train_P@5_ab=1.0000  train_P@5_ag=0.8500  val_loss=0.4944  val_AUPR_all=0.5346  val_AUPR_ab=0.7056  val_AUPR_ag=0.3006  val_P@5_ab=0.9000  val_P@5_ag=0.9000  select=0.5031
Ep016  LR0=1.78e-04  pw=3.91  aucα=0.210  token_p=0.020  dropE=(0.020,0.080)  smooth=0.010  train_loss=0.3926  train_AUPR_all=0.5916  train_AUPR_ab=0.6996  train_AUPR_ag=0.4106  train_P@5_ab=0.9000  train_P@5_ag=1.0000  val_loss=0.5007  val_AUPR_all=0.5507  val_AUPR_ab=0.7269  val_AUPR_ag=0.3264  val_P@5_ab=1.0000  val_P@5_ag=0.9000  select=0.5266
  Saved checkpoint: checkpoints_newesm/iPara_balanced_l1_g6_i3_do0.10_dpr0.10_lr0.0002_heads16_fold5.pth  select=0.5266  val_ab=0.7269  val_ag=0.3264  val_all=0.5507
Ep017  LR0=1.75e-04  pw=3.57  aucα=0.240  token_p=0.020  dropE=(0.020,0.080)  smooth=0.010  train_loss=0.3849  train_AUPR_all=0.6012  train_AUPR_ab=0.7075  train_AUPR_ag=0.4249  train_P@5_ab=1.0000  train_P@5_ag=0.9000  val_loss=0.4564  val_AUPR_all=0.5572  val_AUPR_ab=0.7316  val_AUPR_ag=0.3267  val_P@5_ab=1.0000  val_P@5_ag=0.9000  select=0.5291
  Saved checkpoint: checkpoints_newesm/iPara_balanced_l1_g6_i3_do0.10_dpr0.10_lr0.0002_heads16_fold5.pth  select=0.5291  val_ab=0.7316  val_ag=0.3267  val_all=0.5572
Ep018  LR0=1.72e-04  pw=3.27  aucα=0.270  token_p=0.020  dropE=(0.020,0.080)  smooth=0.010  train_loss=0.3823  train_AUPR_all=0.6057  train_AUPR_ab=0.7097  train_AUPR_ag=0.4328  train_P@5_ab=0.9500  train_P@5_ag=1.0000  val_loss=0.4291  val_AUPR_all=0.5676  val_AUPR_ab=0.7235  val_AUPR_ag=0.3490  val_P@5_ab=1.0000  val_P@5_ag=0.8500  select=0.5362
  Saved checkpoint: checkpoints_newesm/iPara_balanced_l1_g6_i3_do0.10_dpr0.10_lr0.0002_heads16_fold5.pth  select=0.5362  val_ab=0.7235  val_ag=0.3490  val_all=0.5676
Ep019  LR0=1.69e-04  pw=3.00  aucα=0.300  token_p=0.020  dropE=(0.020,0.080)  smooth=0.010  train_loss=0.3731  train_AUPR_all=0.6197  train_AUPR_ab=0.7215  train_AUPR_ag=0.4538  train_P@5_ab=0.9000  train_P@5_ag=0.8500  val_loss=0.4139  val_AUPR_all=0.5829  val_AUPR_ab=0.7406  val_AUPR_ag=0.3488  val_P@5_ab=1.0000  val_P@5_ag=0.8500  select=0.5447
  Saved checkpoint: checkpoints_newesm/iPara_balanced_l1_g6_i3_do0.10_dpr0.10_lr0.0002_heads16_fold5.pth  select=0.5447  val_ab=0.7406  val_ag=0.3488  val_all=0.5829
Ep020  LR0=1.66e-04  pw=2.77  aucα=0.300  token_p=0.020  dropE=(0.020,0.080)  smooth=0.010  train_loss=0.3631  train_AUPR_all=0.6201  train_AUPR_ab=0.7262  train_AUPR_ag=0.4454  train_P@5_ab=0.9500  train_P@5_ag=0.7500  val_loss=0.4025  val_AUPR_all=0.5821  val_AUPR_ab=0.7360  val_AUPR_ag=0.3431  val_P@5_ab=1.0000  val_P@5_ag=0.9500  select=0.5395
Ep021  LR0=1.62e-04  pw=2.56  aucα=0.300  token_p=0.020  dropE=(0.020,0.080)  smooth=0.010  train_loss=0.3462  train_AUPR_all=0.6304  train_AUPR_ab=0.7335  train_AUPR_ag=0.4636  train_P@5_ab=0.9500  train_P@5_ag=0.9500  val_loss=0.3977  val_AUPR_all=0.5571  val_AUPR_ab=0.7293  val_AUPR_ag=0.3290  val_P@5_ab=1.0000  val_P@5_ag=0.9500  select=0.5292
Ep022  LR0=1.59e-04  pw=2.38  aucα=0.300  token_p=0.020  dropE=(0.020,0.080)  smooth=0.010  train_loss=0.3316  train_AUPR_all=0.6376  train_AUPR_ab=0.7412  train_AUPR_ag=0.4711  train_P@5_ab=0.9000  train_P@5_ag=0.8500  val_loss=0.3919  val_AUPR_all=0.5663  val_AUPR_ab=0.7274  val_AUPR_ag=0.3434  val_P@5_ab=0.9500  val_P@5_ag=0.8500  select=0.5354
Ep023  LR0=1.55e-04  pw=2.21  aucα=0.300  token_p=0.020  dropE=(0.020,0.080)  smooth=0.010  train_loss=0.3173  train_AUPR_all=0.6478  train_AUPR_ab=0.7450  train_AUPR_ag=0.4926  train_P@5_ab=0.9500  train_P@5_ag=0.9500  val_loss=0.3732  val_AUPR_all=0.5727  val_AUPR_ab=0.7216  val_AUPR_ag=0.3558  val_P@5_ab=1.0000  val_P@5_ag=0.8000  select=0.5387
Ep024  LR0=1.51e-04  pw=2.07  aucα=0.300  token_p=0.020  dropE=(0.020,0.080)  smooth=0.010  train_loss=0.3038  train_AUPR_all=0.6575  train_AUPR_ab=0.7557  train_AUPR_ag=0.5003  train_P@5_ab=0.9500  train_P@5_ag=1.0000  val_loss=0.3768  val_AUPR_all=0.5694  val_AUPR_ab=0.7514  val_AUPR_ag=0.3269  val_P@5_ab=1.0000  val_P@5_ag=1.0000  select=0.5391
Ep025  LR0=1.48e-04  pw=1.95  aucα=0.300  token_p=0.020  dropE=(0.020,0.080)  smooth=0.010  train_loss=0.2917  train_AUPR_all=0.6684  train_AUPR_ab=0.7637  train_AUPR_ag=0.5179  train_P@5_ab=1.0000  train_P@5_ag=1.0000  val_loss=0.3508  val_AUPR_all=0.5862  val_AUPR_ab=0.7440  val_AUPR_ag=0.3445  val_P@5_ab=1.0000  val_P@5_ag=1.0000  select=0.5442
Ep026  LR0=1.44e-04  pw=1.83  aucα=0.300  token_p=0.020  dropE=(0.020,0.080)  smooth=0.010  train_loss=0.2823  train_AUPR_all=0.6724  train_AUPR_ab=0.7671  train_AUPR_ag=0.5226  train_P@5_ab=1.0000  train_P@5_ag=0.8500  val_loss=0.3361  val_AUPR_all=0.6069  val_AUPR_ab=0.7555  val_AUPR_ag=0.4026  val_P@5_ab=1.0000  val_P@5_ag=0.9500  select=0.5790
  Saved checkpoint: checkpoints_newesm/iPara_balanced_l1_g6_i3_do0.10_dpr0.10_lr0.0002_heads16_fold5.pth  select=0.5790  val_ab=0.7555  val_ag=0.4026  val_all=0.6069
Ep027  LR0=1.39e-04  pw=1.74  aucα=0.300  token_p=0.020  dropE=(0.020,0.080)  smooth=0.010  train_loss=0.2708  train_AUPR_all=0.6827  train_AUPR_ab=0.7700  train_AUPR_ag=0.5466  train_P@5_ab=1.0000  train_P@5_ag=0.8500  val_loss=0.3346  val_AUPR_all=0.5883  val_AUPR_ab=0.7421  val_AUPR_ag=0.3489  val_P@5_ab=1.0000  val_P@5_ag=0.9000  select=0.5455
Ep028  LR0=1.35e-04  pw=1.65  aucα=0.300  token_p=0.020  dropE=(0.020,0.080)  smooth=0.010  train_loss=0.2609  train_AUPR_all=0.6909  train_AUPR_ab=0.7787  train_AUPR_ag=0.5537  train_P@5_ab=1.0000  train_P@5_ag=1.0000  val_loss=0.3445  val_AUPR_all=0.5814  val_AUPR_ab=0.7456  val_AUPR_ag=0.3743  val_P@5_ab=1.0000  val_P@5_ag=0.9500  select=0.5599
Ep029  LR0=1.31e-04  pw=1.57  aucα=0.300  token_p=0.020  dropE=(0.020,0.080)  smooth=0.010  train_loss=0.2540  train_AUPR_all=0.6967  train_AUPR_ab=0.7820  train_AUPR_ag=0.5647  train_P@5_ab=1.0000  train_P@5_ag=0.9500  val_loss=0.3245  val_AUPR_all=0.5892  val_AUPR_ab=0.7480  val_AUPR_ag=0.3734  val_P@5_ab=1.0000  val_P@5_ag=0.9500  select=0.5607
Ep030  LR0=1.27e-04  pw=1.51  aucα=0.300  token_p=0.020  dropE=(0.020,0.080)  smooth=0.010  train_loss=0.2437  train_AUPR_all=0.7091  train_AUPR_ab=0.7931  train_AUPR_ag=0.5799  train_P@5_ab=1.0000  train_P@5_ag=1.0000  val_loss=0.3346  val_AUPR_all=0.5819  val_AUPR_ab=0.7414  val_AUPR_ag=0.3657  val_P@5_ab=1.0000  val_P@5_ag=0.9000  select=0.5536
Ep031  LR0=1.22e-04  pw=1.45  aucα=0.300  token_p=0.020  dropE=(0.020,0.080)  smooth=0.010  train_loss=0.2343  train_AUPR_all=0.7181  train_AUPR_ab=0.7982  train_AUPR_ag=0.5937  train_P@5_ab=1.0000  train_P@5_ag=0.9000  val_loss=0.3214  val_AUPR_all=0.5900  val_AUPR_ab=0.7574  val_AUPR_ag=0.3758  val_P@5_ab=0.9500  val_P@5_ag=0.9500  select=0.5666
Ep032  LR0=1.18e-04  pw=1.39  aucα=0.300  token_p=0.020  dropE=(0.020,0.080)  smooth=0.010  train_loss=0.2240  train_AUPR_all=0.7323  train_AUPR_ab=0.8066  train_AUPR_ag=0.6187  train_P@5_ab=0.9500  train_P@5_ag=1.0000  val_loss=0.3227  val_AUPR_all=0.5826  val_AUPR_ab=0.7511  val_AUPR_ag=0.3591  val_P@5_ab=1.0000  val_P@5_ag=0.9500  select=0.5551
Ep033  LR0=1.14e-04  pw=1.35  aucα=0.300  token_p=0.020  dropE=(0.020,0.080)  smooth=0.010  train_loss=0.2181  train_AUPR_all=0.7386  train_AUPR_ab=0.8112  train_AUPR_ag=0.6275  train_P@5_ab=0.9500  train_P@5_ag=1.0000  val_loss=0.3207  val_AUPR_all=0.5831  val_AUPR_ab=0.7370  val_AUPR_ag=0.3705  val_P@5_ab=0.9000  val_P@5_ag=0.9000  select=0.5537
Ep034  LR0=1.09e-04  pw=1.31  aucα=0.300  token_p=0.020  dropE=(0.020,0.080)  smooth=0.010  train_loss=0.2117  train_AUPR_all=0.7462  train_AUPR_ab=0.8128  train_AUPR_ag=0.6465  train_P@5_ab=1.0000  train_P@5_ag=1.0000  val_loss=0.3301  val_AUPR_all=0.5726  val_AUPR_ab=0.7313  val_AUPR_ag=0.3605  val_P@5_ab=1.0000  val_P@5_ag=0.9000  select=0.5459
Ep035  LR0=1.05e-04  pw=1.27  aucα=0.300  token_p=0.020  dropE=(0.020,0.080)  smooth=0.010  train_loss=0.2029  train_AUPR_all=0.7563  train_AUPR_ab=0.8204  train_AUPR_ag=0.6604  train_P@5_ab=1.0000  train_P@5_ag=0.9500  val_loss=0.3248  val_AUPR_all=0.5785  val_AUPR_ab=0.7502  val_AUPR_ag=0.3491  val_P@5_ab=1.0000  val_P@5_ag=0.8500  select=0.5497
Ep036  LR0=1.00e-04  pw=1.24  aucα=0.300  token_p=0.020  dropE=(0.020,0.080)  smooth=0.010  train_loss=0.1986  train_AUPR_all=0.7623  train_AUPR_ab=0.8247  train_AUPR_ag=0.6689  train_P@5_ab=1.0000  train_P@5_ag=1.0000  val_loss=0.3146  val_AUPR_all=0.5781  val_AUPR_ab=0.7344  val_AUPR_ag=0.3709  val_P@5_ab=0.9500  val_P@5_ag=0.9500  select=0.5526
Ep037  LR0=9.58e-05  pw=1.21  aucα=0.300  token_p=0.020  dropE=(0.020,0.080)  smooth=0.010  train_loss=0.1947  train_AUPR_all=0.7671  train_AUPR_ab=0.8263  train_AUPR_ag=0.6792  train_P@5_ab=1.0000  train_P@5_ag=0.9500  val_loss=0.3173  val_AUPR_all=0.5790  val_AUPR_ab=0.7501  val_AUPR_ag=0.3610  val_P@5_ab=1.0000  val_P@5_ag=0.9500  select=0.5555
Ep038  LR0=9.13e-05  pw=1.19  aucα=0.300  token_p=0.020  dropE=(0.020,0.080)  smooth=0.010  train_loss=0.1871  train_AUPR_all=0.7784  train_AUPR_ab=0.8389  train_AUPR_ag=0.6871  train_P@5_ab=1.0000  train_P@5_ag=1.0000  val_loss=0.3135  val_AUPR_all=0.5790  val_AUPR_ab=0.7411  val_AUPR_ag=0.3760  val_P@5_ab=0.8500  val_P@5_ag=1.0000  select=0.5586
Ep039  LR0=8.69e-05  pw=1.16  aucα=0.300  token_p=0.020  dropE=(0.020,0.080)  smooth=0.010  train_loss=0.1829  train_AUPR_all=0.7837  train_AUPR_ab=0.8375  train_AUPR_ag=0.7036  train_P@5_ab=0.9500  train_P@5_ag=0.9500  val_loss=0.3111  val_AUPR_all=0.5823  val_AUPR_ab=0.7453  val_AUPR_ag=0.3659  val_P@5_ab=0.9500  val_P@5_ag=0.9500  select=0.5556
Ep040  LR0=8.24e-05  pw=1.15  aucα=0.300  token_p=0.020  dropE=(0.020,0.080)  smooth=0.010  train_loss=0.1767  train_AUPR_all=0.7937  train_AUPR_ab=0.8470  train_AUPR_ag=0.7146  train_P@5_ab=1.0000  train_P@5_ag=0.9500  val_loss=0.3234  val_AUPR_all=0.5652  val_AUPR_ab=0.7335  val_AUPR_ag=0.3499  val_P@5_ab=0.9500  val_P@5_ag=0.9500  select=0.5417
Ep041  LR0=7.81e-05  pw=1.13  aucα=0.300  token_p=0.020  dropE=(0.020,0.080)  smooth=0.010  train_loss=0.1713  train_AUPR_all=0.8018  train_AUPR_ab=0.8514  train_AUPR_ag=0.7286  train_P@5_ab=0.9500  train_P@5_ag=1.0000  val_loss=0.3144  val_AUPR_all=0.5883  val_AUPR_ab=0.7470  val_AUPR_ag=0.3770  val_P@5_ab=1.0000  val_P@5_ag=0.9500  select=0.5620
Ep042  LR0=7.37e-05  pw=1.11  aucα=0.300  token_p=0.020  dropE=(0.020,0.080)  smooth=0.010  train_loss=0.1724  train_AUPR_all=0.7989  train_AUPR_ab=0.8494  train_AUPR_ag=0.7239  train_P@5_ab=0.9500  train_P@5_ag=1.0000  val_loss=0.3154  val_AUPR_all=0.5696  val_AUPR_ab=0.7379  val_AUPR_ag=0.3620  val_P@5_ab=0.9500  val_P@5_ag=0.9000  select=0.5500
Ep043  LR0=6.94e-05  pw=1.10  aucα=0.300  token_p=0.020  dropE=(0.020,0.080)  smooth=0.010  train_loss=0.1671  train_AUPR_all=0.8083  train_AUPR_ab=0.8559  train_AUPR_ag=0.7387  train_P@5_ab=1.0000  train_P@5_ag=1.0000  val_loss=0.3153  val_AUPR_all=0.5802  val_AUPR_ab=0.7449  val_AUPR_ag=0.3663  val_P@5_ab=0.9000  val_P@5_ag=0.9500  select=0.5556
Ep044  LR0=6.52e-05  pw=1.09  aucα=0.300  token_p=0.020  dropE=(0.020,0.080)  smooth=0.010  train_loss=0.1604  train_AUPR_all=0.8185  train_AUPR_ab=0.8636  train_AUPR_ag=0.7523  train_P@5_ab=1.0000  train_P@5_ag=1.0000  val_loss=0.3177  val_AUPR_all=0.5792  val_AUPR_ab=0.7417  val_AUPR_ag=0.3655  val_P@5_ab=0.9500  val_P@5_ag=0.9000  select=0.5536
Ep045  LR0=6.10e-05  pw=1.08  aucα=0.300  token_p=0.020  dropE=(0.020,0.080)  smooth=0.010  train_loss=0.1613  train_AUPR_all=0.8172  train_AUPR_ab=0.8632  train_AUPR_ag=0.7492  train_P@5_ab=1.0000  train_P@5_ag=1.0000  val_loss=0.3144  val_AUPR_all=0.5818  val_AUPR_ab=0.7461  val_AUPR_ag=0.3684  val_P@5_ab=1.0000  val_P@5_ag=0.8500  select=0.5572
Ep046  LR0=5.70e-05  pw=1.07  aucα=0.300  token_p=0.020  dropE=(0.020,0.080)  smooth=0.010  train_loss=0.1576  train_AUPR_all=0.8217  train_AUPR_ab=0.8640  train_AUPR_ag=0.7601  train_P@5_ab=1.0000  train_P@5_ag=1.0000  val_loss=0.3165  val_AUPR_all=0.5765  val_AUPR_ab=0.7426  val_AUPR_ag=0.3727  val_P@5_ab=0.9500  val_P@5_ag=0.8000  select=0.5576
Early stopping at epoch 46. Best select=0.5790 at epoch 26.
Final saved checkpoint for fold 5: checkpoints_newesm/iPara_balanced_l1_g6_i3_do0.10_dpr0.10_lr0.0002_heads16_fold5.pth
Best select=0.5790 at epoch 26
