Device: cuda
Visible GPUs: 1
GPU 0: NVIDIA RTX PRO 6000 Blackwell Server Edition
Config:
  sequence_file: para_tv_esmsequences_1600.npz
  data_file: para_tv_esminterfaces_1600.npz
  edge_file: para_tv_esmedges_1600.npz
  seq_len: 1600
  vocab_size: 31
  num_classes: 2
  pad_id: 1
  eoc_id: 24
  embed_dim: 256
  num_heads: 16
  num_layers: 1
  num_gnn_layers: 7
  num_int_layers: 6
  dropout: 0.1
  drop_path_rate: 0.1
  batch_size: 4
  num_epochs: 80
  warmup_epochs: 10
  min_stop_epoch: 45
  early_stop: 20
  learning_rate: 0.0002
  weight_decay: 0.0001
  max_grad_norm: 0.5
  accum_steps: 1
  amp: True
  weight_start: 8.0
  weight_end: 1.0
  weight_anneal_tau: 10.0
  dropedge_min: 0.02
  dropedge_max: 0.08
  token_drop_p: 0.02
  smooth_lambda: 0.01
  aucpr_alpha: 0.3
  aucpr_ramp_start: 10
  aucpr_ramp_len: 10
  aucpr_bins: 64
  aucpr_temp: 0.05
  antibody_loss_weight: 1.0
  antigen_loss_weight: 1.0
  n_splits: 5
  num_workers: 0
  select_ab_weight: 0.5
  select_ag_weight: 0.5
Dataset size: 858

==========================================================================================
Fold 1/5
==========================================================================================
Train labels: valid=399467, pos=26433, neg=373034, ignore=698133, pos_frac=0.06617
Val labels: valid=100725, pos=6797, neg=93928, ignore=174475, pos_frac=0.06748
Initializing ClassificationModel with 7 GAT layers and residual connections...
Initializing MCModel with 7 GAT layers and 6 row attention layers (drop_path_rate=0.1, use_esm=True)
Initializing CoreModel with 1 layers, drop_path_rate=0.1
Ep001  LR0=2.00e-04  pw=8.00  aucα=0.000  token_p=0.020  dropE=(0.020,0.080)  smooth=0.010  train_loss=0.8872  train_AUPR_all=0.1632  train_AUPR_ab=0.1740  train_AUPR_ag=0.1496  train_P@5_ab=0.2000  train_P@5_ag=0.1500  val_loss=0.8956  val_AUPR_all=0.3701  val_AUPR_ab=0.4847  val_AUPR_ag=0.1760  val_P@5_ab=0.6500  val_P@5_ag=0.9500  select=0.3304
  Saved checkpoint: checkpoints_esm/iPara_balanced_l1_g7_i6_do0.10_dpr0.10_lr0.0002_heads16_fold1.pth  select=0.3304  val_ab=0.4847  val_ag=0.1760  val_all=0.3701
Ep002  LR0=2.00e-04  pw=7.33  aucα=0.000  token_p=0.020  dropE=(0.020,0.080)  smooth=0.010  train_loss=0.5635  train_AUPR_all=0.3735  train_AUPR_ab=0.4579  train_AUPR_ag=0.2414  train_P@5_ab=0.8000  train_P@5_ag=0.9500  val_loss=0.9956  val_AUPR_all=0.4049  val_AUPR_ab=0.5380  val_AUPR_ag=0.1885  val_P@5_ab=0.5500  val_P@5_ag=0.8000  select=0.3632
  Saved checkpoint: checkpoints_esm/iPara_balanced_l1_g7_i6_do0.10_dpr0.10_lr0.0002_heads16_fold1.pth  select=0.3632  val_ab=0.5380  val_ag=0.1885  val_all=0.4049
Ep003  LR0=2.00e-04  pw=6.73  aucα=0.000  token_p=0.020  dropE=(0.020,0.080)  smooth=0.010  train_loss=0.4932  train_AUPR_all=0.4099  train_AUPR_ab=0.4981  train_AUPR_ag=0.2630  train_P@5_ab=0.7500  train_P@5_ag=0.8500  val_loss=0.7301  val_AUPR_all=0.4191  val_AUPR_ab=0.5334  val_AUPR_ag=0.2242  val_P@5_ab=0.5000  val_P@5_ag=0.9000  select=0.3788
  Saved checkpoint: checkpoints_esm/iPara_balanced_l1_g7_i6_do0.10_dpr0.10_lr0.0002_heads16_fold1.pth  select=0.3788  val_ab=0.5334  val_ag=0.2242  val_all=0.4191
Ep004  LR0=1.99e-04  pw=6.19  aucα=0.000  token_p=0.020  dropE=(0.020,0.080)  smooth=0.010  train_loss=0.4476  train_AUPR_all=0.4551  train_AUPR_ab=0.5438  train_AUPR_ag=0.3023  train_P@5_ab=0.8500  train_P@5_ag=1.0000  val_loss=1.1170  val_AUPR_all=0.4360  val_AUPR_ab=0.5958  val_AUPR_ag=0.2369  val_P@5_ab=0.7500  val_P@5_ag=0.9500  select=0.4164
  Saved checkpoint: checkpoints_esm/iPara_balanced_l1_g7_i6_do0.10_dpr0.10_lr0.0002_heads16_fold1.pth  select=0.4164  val_ab=0.5958  val_ag=0.2369  val_all=0.4360
Ep005  LR0=1.99e-04  pw=5.69  aucα=0.000  token_p=0.020  dropE=(0.020,0.080)  smooth=0.010  train_loss=0.4205  train_AUPR_all=0.4556  train_AUPR_ab=0.5464  train_AUPR_ag=0.2987  train_P@5_ab=0.8500  train_P@5_ag=0.7500  val_loss=0.6566  val_AUPR_all=0.4655  val_AUPR_ab=0.5839  val_AUPR_ag=0.2579  val_P@5_ab=0.6500  val_P@5_ag=0.9500  select=0.4209
  Saved checkpoint: checkpoints_esm/iPara_balanced_l1_g7_i6_do0.10_dpr0.10_lr0.0002_heads16_fold1.pth  select=0.4209  val_ab=0.5839  val_ag=0.2579  val_all=0.4655
Ep006  LR0=1.98e-04  pw=5.25  aucα=0.000  token_p=0.020  dropE=(0.020,0.080)  smooth=0.010  train_loss=0.3881  train_AUPR_all=0.4952  train_AUPR_ab=0.5889  train_AUPR_ag=0.3353  train_P@5_ab=0.8000  train_P@5_ag=0.8000  val_loss=0.6845  val_AUPR_all=0.4598  val_AUPR_ab=0.6320  val_AUPR_ag=0.2623  val_P@5_ab=0.8500  val_P@5_ag=1.0000  select=0.4472
  Saved checkpoint: checkpoints_esm/iPara_balanced_l1_g7_i6_do0.10_dpr0.10_lr0.0002_heads16_fold1.pth  select=0.4472  val_ab=0.6320  val_ag=0.2623  val_all=0.4598
Ep007  LR0=1.97e-04  pw=4.84  aucα=0.000  token_p=0.020  dropE=(0.020,0.080)  smooth=0.010  train_loss=0.3693  train_AUPR_all=0.5088  train_AUPR_ab=0.6103  train_AUPR_ag=0.3361  train_P@5_ab=0.8500  train_P@5_ag=0.9500  val_loss=0.5810  val_AUPR_all=0.4993  val_AUPR_ab=0.6064  val_AUPR_ag=0.3139  val_P@5_ab=0.7000  val_P@5_ag=1.0000  select=0.4602
  Saved checkpoint: checkpoints_esm/iPara_balanced_l1_g7_i6_do0.10_dpr0.10_lr0.0002_heads16_fold1.pth  select=0.4602  val_ab=0.6064  val_ag=0.3139  val_all=0.4993
Ep008  LR0=1.96e-04  pw=4.48  aucα=0.000  token_p=0.020  dropE=(0.020,0.080)  smooth=0.010  train_loss=0.3492  train_AUPR_all=0.5159  train_AUPR_ab=0.6124  train_AUPR_ag=0.3474  train_P@5_ab=0.8500  train_P@5_ag=0.9000  val_loss=0.5550  val_AUPR_all=0.5234  val_AUPR_ab=0.6566  val_AUPR_ag=0.3516  val_P@5_ab=1.0000  val_P@5_ag=1.0000  select=0.5041
  Saved checkpoint: checkpoints_esm/iPara_balanced_l1_g7_i6_do0.10_dpr0.10_lr0.0002_heads16_fold1.pth  select=0.5041  val_ab=0.6566  val_ag=0.3516  val_all=0.5234
Ep009  LR0=1.95e-04  pw=4.15  aucα=0.000  token_p=0.020  dropE=(0.020,0.080)  smooth=0.010  train_loss=0.3299  train_AUPR_all=0.5119  train_AUPR_ab=0.6093  train_AUPR_ag=0.3400  train_P@5_ab=0.7000  train_P@5_ag=0.7500  val_loss=0.5323  val_AUPR_all=0.5335  val_AUPR_ab=0.6665  val_AUPR_ag=0.3267  val_P@5_ab=0.9500  val_P@5_ag=1.0000  select=0.4966
Ep010  LR0=1.94e-04  pw=3.85  aucα=0.030  token_p=0.020  dropE=(0.020,0.080)  smooth=0.010  train_loss=0.3318  train_AUPR_all=0.5328  train_AUPR_ab=0.6286  train_AUPR_ag=0.3640  train_P@5_ab=0.7500  train_P@5_ag=0.9500  val_loss=0.5412  val_AUPR_all=0.4740  val_AUPR_ab=0.5765  val_AUPR_ag=0.3118  val_P@5_ab=0.9500  val_P@5_ag=1.0000  select=0.4442
Unfreezing DyM parameters.
Ep011  LR0=1.92e-04  pw=3.58  aucα=0.060  token_p=0.020  dropE=(0.020,0.080)  smooth=0.010  train_loss=0.3244  train_AUPR_all=0.5503  train_AUPR_ab=0.6566  train_AUPR_ag=0.3661  train_P@5_ab=0.9500  train_P@5_ag=0.5500  val_loss=0.4952  val_AUPR_all=0.5403  val_AUPR_ab=0.6721  val_AUPR_ag=0.3246  val_P@5_ab=0.9500  val_P@5_ag=1.0000  select=0.4984
Ep012  LR0=1.91e-04  pw=3.33  aucα=0.090  token_p=0.020  dropE=(0.020,0.080)  smooth=0.010  train_loss=0.3247  train_AUPR_all=0.5573  train_AUPR_ab=0.6616  train_AUPR_ag=0.3794  train_P@5_ab=0.8500  train_P@5_ag=0.9000  val_loss=0.5386  val_AUPR_all=0.5522  val_AUPR_ab=0.6852  val_AUPR_ag=0.3256  val_P@5_ab=0.9000  val_P@5_ag=1.0000  select=0.5054
  Saved checkpoint: checkpoints_esm/iPara_balanced_l1_g7_i6_do0.10_dpr0.10_lr0.0002_heads16_fold1.pth  select=0.5054  val_ab=0.6852  val_ag=0.3256  val_all=0.5522
Ep013  LR0=1.89e-04  pw=3.11  aucα=0.120  token_p=0.020  dropE=(0.020,0.080)  smooth=0.010  train_loss=0.3244  train_AUPR_all=0.5706  train_AUPR_ab=0.6724  train_AUPR_ag=0.3966  train_P@5_ab=0.7000  train_P@5_ag=0.9000  val_loss=0.4288  val_AUPR_all=0.5725  val_AUPR_ab=0.7032  val_AUPR_ag=0.3557  val_P@5_ab=0.9500  val_P@5_ag=1.0000  select=0.5295
  Saved checkpoint: checkpoints_esm/iPara_balanced_l1_g7_i6_do0.10_dpr0.10_lr0.0002_heads16_fold1.pth  select=0.5295  val_ab=0.7032  val_ag=0.3557  val_all=0.5725
Ep014  LR0=1.87e-04  pw=2.91  aucα=0.150  token_p=0.020  dropE=(0.020,0.080)  smooth=0.010  train_loss=0.3245  train_AUPR_all=0.5823  train_AUPR_ab=0.6932  train_AUPR_ag=0.3985  train_P@5_ab=0.8500  train_P@5_ag=0.8500  val_loss=0.4333  val_AUPR_all=0.5605  val_AUPR_ab=0.6918  val_AUPR_ag=0.3519  val_P@5_ab=0.8500  val_P@5_ag=1.0000  select=0.5218
Ep015  LR0=1.85e-04  pw=2.73  aucα=0.180  token_p=0.020  dropE=(0.020,0.080)  smooth=0.010  train_loss=0.3286  train_AUPR_all=0.5869  train_AUPR_ab=0.6943  train_AUPR_ag=0.4078  train_P@5_ab=0.9500  train_P@5_ag=1.0000  val_loss=0.4128  val_AUPR_all=0.5739  val_AUPR_ab=0.7015  val_AUPR_ag=0.3660  val_P@5_ab=0.9500  val_P@5_ag=1.0000  select=0.5338
  Saved checkpoint: checkpoints_esm/iPara_balanced_l1_g7_i6_do0.10_dpr0.10_lr0.0002_heads16_fold1.pth  select=0.5338  val_ab=0.7015  val_ag=0.3660  val_all=0.5739
Ep016  LR0=1.83e-04  pw=2.56  aucα=0.210  token_p=0.020  dropE=(0.020,0.080)  smooth=0.010  train_loss=0.3238  train_AUPR_all=0.6013  train_AUPR_ab=0.7057  train_AUPR_ag=0.4300  train_P@5_ab=0.9000  train_P@5_ag=0.9500  val_loss=0.4034  val_AUPR_all=0.5819  val_AUPR_ab=0.7143  val_AUPR_ag=0.3606  val_P@5_ab=1.0000  val_P@5_ag=1.0000  select=0.5375
  Saved checkpoint: checkpoints_esm/iPara_balanced_l1_g7_i6_do0.10_dpr0.10_lr0.0002_heads16_fold1.pth  select=0.5375  val_ab=0.7143  val_ag=0.3606  val_all=0.5819
Ep017  LR0=1.81e-04  pw=2.41  aucα=0.240  token_p=0.020  dropE=(0.020,0.080)  smooth=0.010  train_loss=0.3268  train_AUPR_all=0.6047  train_AUPR_ab=0.7133  train_AUPR_ag=0.4256  train_P@5_ab=1.0000  train_P@5_ag=0.8000  val_loss=0.3886  val_AUPR_all=0.5796  val_AUPR_ab=0.7196  val_AUPR_ag=0.3773  val_P@5_ab=1.0000  val_P@5_ag=1.0000  select=0.5484
  Saved checkpoint: checkpoints_esm/iPara_balanced_l1_g7_i6_do0.10_dpr0.10_lr0.0002_heads16_fold1.pth  select=0.5484  val_ab=0.7196  val_ag=0.3773  val_all=0.5796
Ep018  LR0=1.79e-04  pw=2.28  aucα=0.270  token_p=0.020  dropE=(0.020,0.080)  smooth=0.010  train_loss=0.3294  train_AUPR_all=0.6120  train_AUPR_ab=0.7176  train_AUPR_ag=0.4402  train_P@5_ab=1.0000  train_P@5_ag=0.8500  val_loss=0.3789  val_AUPR_all=0.5729  val_AUPR_ab=0.7056  val_AUPR_ag=0.3691  val_P@5_ab=0.9500  val_P@5_ag=1.0000  select=0.5374
Ep019  LR0=1.76e-04  pw=2.16  aucα=0.300  token_p=0.020  dropE=(0.020,0.080)  smooth=0.010  train_loss=0.3320  train_AUPR_all=0.6202  train_AUPR_ab=0.7267  train_AUPR_ag=0.4469  train_P@5_ab=1.0000  train_P@5_ag=0.8500  val_loss=0.3810  val_AUPR_all=0.5739  val_AUPR_ab=0.7241  val_AUPR_ag=0.3502  val_P@5_ab=0.9500  val_P@5_ag=1.0000  select=0.5371
Ep020  LR0=1.73e-04  pw=2.05  aucα=0.300  token_p=0.020  dropE=(0.020,0.080)  smooth=0.010  train_loss=0.3205  train_AUPR_all=0.6297  train_AUPR_ab=0.7343  train_AUPR_ag=0.4597  train_P@5_ab=1.0000  train_P@5_ag=0.9000  val_loss=0.3657  val_AUPR_all=0.5825  val_AUPR_ab=0.7202  val_AUPR_ag=0.3786  val_P@5_ab=0.9500  val_P@5_ag=1.0000  select=0.5494
  Saved checkpoint: checkpoints_esm/iPara_balanced_l1_g7_i6_do0.10_dpr0.10_lr0.0002_heads16_fold1.pth  select=0.5494  val_ab=0.7202  val_ag=0.3786  val_all=0.5825
Ep021  LR0=1.71e-04  pw=1.95  aucα=0.300  token_p=0.020  dropE=(0.020,0.080)  smooth=0.010  train_loss=0.3117  train_AUPR_all=0.6341  train_AUPR_ab=0.7379  train_AUPR_ag=0.4663  train_P@5_ab=1.0000  train_P@5_ag=1.0000  val_loss=0.3470  val_AUPR_all=0.5935  val_AUPR_ab=0.7281  val_AUPR_ag=0.3675  val_P@5_ab=0.9500  val_P@5_ag=1.0000  select=0.5478
Ep022  LR0=1.68e-04  pw=1.86  aucα=0.300  token_p=0.020  dropE=(0.020,0.080)  smooth=0.010  train_loss=0.2971  train_AUPR_all=0.6509  train_AUPR_ab=0.7553  train_AUPR_ag=0.4836  train_P@5_ab=1.0000  train_P@5_ag=0.9000  val_loss=0.3417  val_AUPR_all=0.5974  val_AUPR_ab=0.7266  val_AUPR_ag=0.3906  val_P@5_ab=0.9500  val_P@5_ag=1.0000  select=0.5586
  Saved checkpoint: checkpoints_esm/iPara_balanced_l1_g7_i6_do0.10_dpr0.10_lr0.0002_heads16_fold1.pth  select=0.5586  val_ab=0.7266  val_ag=0.3906  val_all=0.5974
Ep023  LR0=1.65e-04  pw=1.78  aucα=0.300  token_p=0.020  dropE=(0.020,0.080)  smooth=0.010  train_loss=0.2899  train_AUPR_all=0.6535  train_AUPR_ab=0.7583  train_AUPR_ag=0.4852  train_P@5_ab=1.0000  train_P@5_ag=0.8500  val_loss=0.3510  val_AUPR_all=0.5836  val_AUPR_ab=0.7310  val_AUPR_ag=0.3627  val_P@5_ab=0.9500  val_P@5_ag=0.9500  select=0.5468
Ep024  LR0=1.62e-04  pw=1.70  aucα=0.300  token_p=0.020  dropE=(0.020,0.080)  smooth=0.010  train_loss=0.2814  train_AUPR_all=0.6589  train_AUPR_ab=0.7588  train_AUPR_ag=0.4995  train_P@5_ab=0.9000  train_P@5_ag=0.9500  val_loss=0.3386  val_AUPR_all=0.5972  val_AUPR_ab=0.7296  val_AUPR_ag=0.3861  val_P@5_ab=1.0000  val_P@5_ag=1.0000  select=0.5579
Ep025  LR0=1.59e-04  pw=1.64  aucα=0.300  token_p=0.020  dropE=(0.020,0.080)  smooth=0.010  train_loss=0.2733  train_AUPR_all=0.6685  train_AUPR_ab=0.7673  train_AUPR_ag=0.5129  train_P@5_ab=0.9500  train_P@5_ag=0.9000  val_loss=0.3454  val_AUPR_all=0.5792  val_AUPR_ab=0.7353  val_AUPR_ag=0.3438  val_P@5_ab=0.9500  val_P@5_ag=1.0000  select=0.5395
Ep026  LR0=1.56e-04  pw=1.57  aucα=0.300  token_p=0.020  dropE=(0.020,0.080)  smooth=0.010  train_loss=0.2673  train_AUPR_all=0.6757  train_AUPR_ab=0.7722  train_AUPR_ag=0.5242  train_P@5_ab=1.0000  train_P@5_ag=0.9500  val_loss=0.3286  val_AUPR_all=0.6004  val_AUPR_ab=0.7434  val_AUPR_ag=0.3870  val_P@5_ab=0.9000  val_P@5_ag=1.0000  select=0.5652
  Saved checkpoint: checkpoints_esm/iPara_balanced_l1_g7_i6_do0.10_dpr0.10_lr0.0002_heads16_fold1.pth  select=0.5652  val_ab=0.7434  val_ag=0.3870  val_all=0.6004
Ep027  LR0=1.52e-04  pw=1.52  aucα=0.300  token_p=0.020  dropE=(0.020,0.080)  smooth=0.010  train_loss=0.2576  train_AUPR_all=0.6883  train_AUPR_ab=0.7817  train_AUPR_ag=0.5430  train_P@5_ab=1.0000  train_P@5_ag=1.0000  val_loss=0.3444  val_AUPR_all=0.5656  val_AUPR_ab=0.7297  val_AUPR_ag=0.3344  val_P@5_ab=0.9500  val_P@5_ag=0.9500  select=0.5320
Ep028  LR0=1.49e-04  pw=1.47  aucα=0.300  token_p=0.020  dropE=(0.020,0.080)  smooth=0.010  train_loss=0.2519  train_AUPR_all=0.6914  train_AUPR_ab=0.7816  train_AUPR_ag=0.5504  train_P@5_ab=1.0000  train_P@5_ag=1.0000  val_loss=0.3154  val_AUPR_all=0.6052  val_AUPR_ab=0.7488  val_AUPR_ag=0.3854  val_P@5_ab=1.0000  val_P@5_ag=1.0000  select=0.5671
  Saved checkpoint: checkpoints_esm/iPara_balanced_l1_g7_i6_do0.10_dpr0.10_lr0.0002_heads16_fold1.pth  select=0.5671  val_ab=0.7488  val_ag=0.3854  val_all=0.6052
Ep029  LR0=1.46e-04  pw=1.43  aucα=0.300  token_p=0.020  dropE=(0.020,0.080)  smooth=0.010  train_loss=0.2403  train_AUPR_all=0.7084  train_AUPR_ab=0.7921  train_AUPR_ag=0.5791  train_P@5_ab=1.0000  train_P@5_ag=0.9500  val_loss=0.3288  val_AUPR_all=0.5951  val_AUPR_ab=0.7415  val_AUPR_ag=0.3767  val_P@5_ab=1.0000  val_P@5_ag=0.9500  select=0.5591
Ep030  LR0=1.42e-04  pw=1.39  aucα=0.300  token_p=0.020  dropE=(0.020,0.080)  smooth=0.010  train_loss=0.2330  train_AUPR_all=0.7172  train_AUPR_ab=0.8011  train_AUPR_ag=0.5880  train_P@5_ab=0.8500  train_P@5_ag=0.9500  val_loss=0.3096  val_AUPR_all=0.6105  val_AUPR_ab=0.7466  val_AUPR_ag=0.4014  val_P@5_ab=1.0000  val_P@5_ag=1.0000  select=0.5740
  Saved checkpoint: checkpoints_esm/iPara_balanced_l1_g7_i6_do0.10_dpr0.10_lr0.0002_heads16_fold1.pth  select=0.5740  val_ab=0.7466  val_ag=0.4014  val_all=0.6105
Ep031  LR0=1.38e-04  pw=1.35  aucα=0.300  token_p=0.020  dropE=(0.020,0.080)  smooth=0.010  train_loss=0.2282  train_AUPR_all=0.7201  train_AUPR_ab=0.8002  train_AUPR_ag=0.5979  train_P@5_ab=1.0000  train_P@5_ag=0.9500  val_loss=0.3115  val_AUPR_all=0.6079  val_AUPR_ab=0.7462  val_AUPR_ag=0.4088  val_P@5_ab=0.9500  val_P@5_ag=1.0000  select=0.5775
  Saved checkpoint: checkpoints_esm/iPara_balanced_l1_g7_i6_do0.10_dpr0.10_lr0.0002_heads16_fold1.pth  select=0.5775  val_ab=0.7462  val_ag=0.4088  val_all=0.6079
Ep032  LR0=1.35e-04  pw=1.32  aucα=0.300  token_p=0.020  dropE=(0.020,0.080)  smooth=0.010  train_loss=0.2194  train_AUPR_all=0.7320  train_AUPR_ab=0.8068  train_AUPR_ag=0.6178  train_P@5_ab=0.9500  train_P@5_ag=1.0000  val_loss=0.3100  val_AUPR_all=0.5928  val_AUPR_ab=0.7454  val_AUPR_ag=0.3903  val_P@5_ab=1.0000  val_P@5_ag=1.0000  select=0.5678
Ep033  LR0=1.31e-04  pw=1.29  aucα=0.300  token_p=0.020  dropE=(0.020,0.080)  smooth=0.010  train_loss=0.2125  train_AUPR_all=0.7428  train_AUPR_ab=0.8165  train_AUPR_ag=0.6308  train_P@5_ab=1.0000  train_P@5_ag=1.0000  val_loss=0.3124  val_AUPR_all=0.5980  val_AUPR_ab=0.7458  val_AUPR_ag=0.3979  val_P@5_ab=1.0000  val_P@5_ag=1.0000  select=0.5719
Ep034  LR0=1.27e-04  pw=1.26  aucα=0.300  token_p=0.020  dropE=(0.020,0.080)  smooth=0.010  train_loss=0.2133  train_AUPR_all=0.7369  train_AUPR_ab=0.8119  train_AUPR_ag=0.6223  train_P@5_ab=0.9500  train_P@5_ag=1.0000  val_loss=0.2955  val_AUPR_all=0.6157  val_AUPR_ab=0.7541  val_AUPR_ag=0.4100  val_P@5_ab=0.9500  val_P@5_ag=0.8500  select=0.5820
  Saved checkpoint: checkpoints_esm/iPara_balanced_l1_g7_i6_do0.10_dpr0.10_lr0.0002_heads16_fold1.pth  select=0.5820  val_ab=0.7541  val_ag=0.4100  val_all=0.6157
Ep035  LR0=1.24e-04  pw=1.23  aucα=0.300  token_p=0.020  dropE=(0.020,0.080)  smooth=0.010  train_loss=0.2070  train_AUPR_all=0.7451  train_AUPR_ab=0.8176  train_AUPR_ag=0.6344  train_P@5_ab=1.0000  train_P@5_ag=1.0000  val_loss=0.2977  val_AUPR_all=0.6155  val_AUPR_ab=0.7476  val_AUPR_ag=0.4263  val_P@5_ab=0.9000  val_P@5_ag=1.0000  select=0.5870
  Saved checkpoint: checkpoints_esm/iPara_balanced_l1_g7_i6_do0.10_dpr0.10_lr0.0002_heads16_fold1.pth  select=0.5870  val_ab=0.7476  val_ag=0.4263  val_all=0.6155
Ep036  LR0=1.20e-04  pw=1.21  aucα=0.300  token_p=0.020  dropE=(0.020,0.080)  smooth=0.010  train_loss=0.2022  train_AUPR_all=0.7546  train_AUPR_ab=0.8258  train_AUPR_ag=0.6467  train_P@5_ab=1.0000  train_P@5_ag=1.0000  val_loss=0.3068  val_AUPR_all=0.6049  val_AUPR_ab=0.7541  val_AUPR_ag=0.3928  val_P@5_ab=0.9500  val_P@5_ag=0.8000  select=0.5734
Ep037  LR0=1.16e-04  pw=1.19  aucα=0.300  token_p=0.020  dropE=(0.020,0.080)  smooth=0.010  train_loss=0.1936  train_AUPR_all=0.7671  train_AUPR_ab=0.8321  train_AUPR_ag=0.6692  train_P@5_ab=1.0000  train_P@5_ag=1.0000  val_loss=0.3043  val_AUPR_all=0.5896  val_AUPR_ab=0.7410  val_AUPR_ag=0.3730  val_P@5_ab=1.0000  val_P@5_ag=0.9500  select=0.5570
Ep038  LR0=1.12e-04  pw=1.17  aucα=0.300  token_p=0.020  dropE=(0.020,0.080)  smooth=0.010  train_loss=0.1856  train_AUPR_all=0.7801  train_AUPR_ab=0.8406  train_AUPR_ag=0.6894  train_P@5_ab=1.0000  train_P@5_ag=0.9500  val_loss=0.3009  val_AUPR_all=0.6144  val_AUPR_ab=0.7537  val_AUPR_ag=0.4223  val_P@5_ab=1.0000  val_P@5_ag=0.9500  select=0.5880
  Saved checkpoint: checkpoints_esm/iPara_balanced_l1_g7_i6_do0.10_dpr0.10_lr0.0002_heads16_fold1.pth  select=0.5880  val_ab=0.7537  val_ag=0.4223  val_all=0.6144
Ep039  LR0=1.08e-04  pw=1.16  aucα=0.300  token_p=0.020  dropE=(0.020,0.080)  smooth=0.010  train_loss=0.1852  train_AUPR_all=0.7768  train_AUPR_ab=0.8388  train_AUPR_ag=0.6829  train_P@5_ab=1.0000  train_P@5_ag=1.0000  val_loss=0.2881  val_AUPR_all=0.6168  val_AUPR_ab=0.7494  val_AUPR_ag=0.4218  val_P@5_ab=1.0000  val_P@5_ag=0.9500  select=0.5856
Ep040  LR0=1.04e-04  pw=1.14  aucα=0.300  token_p=0.020  dropE=(0.020,0.080)  smooth=0.010  train_loss=0.1808  train_AUPR_all=0.7859  train_AUPR_ab=0.8447  train_AUPR_ag=0.6980  train_P@5_ab=1.0000  train_P@5_ag=1.0000  val_loss=0.2963  val_AUPR_all=0.6045  val_AUPR_ab=0.7441  val_AUPR_ag=0.4117  val_P@5_ab=1.0000  val_P@5_ag=1.0000  select=0.5779
Ep041  LR0=1.00e-04  pw=1.13  aucα=0.300  token_p=0.020  dropE=(0.020,0.080)  smooth=0.010  train_loss=0.1730  train_AUPR_all=0.7991  train_AUPR_ab=0.8534  train_AUPR_ag=0.7179  train_P@5_ab=1.0000  train_P@5_ag=1.0000  val_loss=0.2958  val_AUPR_all=0.6030  val_AUPR_ab=0.7434  val_AUPR_ag=0.4229  val_P@5_ab=1.0000  val_P@5_ag=1.0000  select=0.5831
Ep042  LR0=9.63e-05  pw=1.12  aucα=0.300  token_p=0.020  dropE=(0.020,0.080)  smooth=0.010  train_loss=0.1703  train_AUPR_all=0.8027  train_AUPR_ab=0.8578  train_AUPR_ag=0.7200  train_P@5_ab=1.0000  train_P@5_ag=0.9500  val_loss=0.3022  val_AUPR_all=0.5954  val_AUPR_ab=0.7427  val_AUPR_ag=0.3954  val_P@5_ab=0.9500  val_P@5_ag=0.8500  select=0.5690
Ep043  LR0=9.24e-05  pw=1.10  aucα=0.300  token_p=0.020  dropE=(0.020,0.080)  smooth=0.010  train_loss=0.1621  train_AUPR_all=0.8165  train_AUPR_ab=0.8661  train_AUPR_ag=0.7423  train_P@5_ab=1.0000  train_P@5_ag=1.0000  val_loss=0.3113  val_AUPR_all=0.5866  val_AUPR_ab=0.7406  val_AUPR_ag=0.3820  val_P@5_ab=0.9000  val_P@5_ag=0.6500  select=0.5613
Ep044  LR0=8.85e-05  pw=1.09  aucα=0.300  token_p=0.020  dropE=(0.020,0.080)  smooth=0.010  train_loss=0.1660  train_AUPR_all=0.8081  train_AUPR_ab=0.8605  train_AUPR_ag=0.7302  train_P@5_ab=1.0000  train_P@5_ag=1.0000  val_loss=0.2955  val_AUPR_all=0.6094  val_AUPR_ab=0.7487  val_AUPR_ag=0.4199  val_P@5_ab=1.0000  val_P@5_ag=0.9500  select=0.5843
Ep045  LR0=8.46e-05  pw=1.09  aucα=0.300  token_p=0.020  dropE=(0.020,0.080)  smooth=0.010  train_loss=0.1561  train_AUPR_all=0.8254  train_AUPR_ab=0.8749  train_AUPR_ag=0.7506  train_P@5_ab=1.0000  train_P@5_ag=0.9500  val_loss=0.3061  val_AUPR_all=0.5964  val_AUPR_ab=0.7446  val_AUPR_ag=0.3950  val_P@5_ab=0.9500  val_P@5_ag=0.8500  select=0.5698
Ep046  LR0=8.08e-05  pw=1.08  aucα=0.300  token_p=0.020  dropE=(0.020,0.080)  smooth=0.010  train_loss=0.1565  train_AUPR_all=0.8249  train_AUPR_ab=0.8749  train_AUPR_ag=0.7498  train_P@5_ab=1.0000  train_P@5_ag=1.0000  val_loss=0.3038  val_AUPR_all=0.6004  val_AUPR_ab=0.7467  val_AUPR_ag=0.4129  val_P@5_ab=1.0000  val_P@5_ag=1.0000  select=0.5798
Ep047  LR0=7.70e-05  pw=1.07  aucα=0.300  token_p=0.020  dropE=(0.020,0.080)  smooth=0.010  train_loss=0.1506  train_AUPR_all=0.8355  train_AUPR_ab=0.8816  train_AUPR_ag=0.7666  train_P@5_ab=1.0000  train_P@5_ag=1.0000  val_loss=0.3034  val_AUPR_all=0.5953  val_AUPR_ab=0.7332  val_AUPR_ag=0.4031  val_P@5_ab=0.9000  val_P@5_ag=0.7500  select=0.5681
Ep048  LR0=7.32e-05  pw=1.06  aucα=0.300  token_p=0.020  dropE=(0.020,0.080)  smooth=0.010  train_loss=0.1494  train_AUPR_all=0.8359  train_AUPR_ab=0.8810  train_AUPR_ag=0.7679  train_P@5_ab=1.0000  train_P@5_ag=1.0000  val_loss=0.3097  val_AUPR_all=0.5972  val_AUPR_ab=0.7387  val_AUPR_ag=0.4047  val_P@5_ab=0.9500  val_P@5_ag=0.9000  select=0.5717
Ep049  LR0=6.94e-05  pw=1.06  aucα=0.300  token_p=0.020  dropE=(0.020,0.080)  smooth=0.010  train_loss=0.1430  train_AUPR_all=0.8461  train_AUPR_ab=0.8909  train_AUPR_ag=0.7783  train_P@5_ab=1.0000  train_P@5_ag=1.0000  val_loss=0.3173  val_AUPR_all=0.5910  val_AUPR_ab=0.7455  val_AUPR_ag=0.3836  val_P@5_ab=0.9000  val_P@5_ag=0.7000  select=0.5645
Ep050  LR0=6.57e-05  pw=1.05  aucα=0.300  token_p=0.020  dropE=(0.020,0.080)  smooth=0.010  train_loss=0.1392  train_AUPR_all=0.8525  train_AUPR_ab=0.8964  train_AUPR_ag=0.7859  train_P@5_ab=1.0000  train_P@5_ag=1.0000  val_loss=0.3127  val_AUPR_all=0.5891  val_AUPR_ab=0.7367  val_AUPR_ag=0.3793  val_P@5_ab=0.9500  val_P@5_ag=0.6000  select=0.5580
Ep051  LR0=6.21e-05  pw=1.05  aucα=0.300  token_p=0.020  dropE=(0.020,0.080)  smooth=0.010  train_loss=0.1436  train_AUPR_all=0.8449  train_AUPR_ab=0.8886  train_AUPR_ag=0.7794  train_P@5_ab=1.0000  train_P@5_ag=1.0000  val_loss=0.3086  val_AUPR_all=0.5913  val_AUPR_ab=0.7372  val_AUPR_ag=0.3994  val_P@5_ab=0.9500  val_P@5_ag=0.7500  select=0.5683
Ep052  LR0=5.85e-05  pw=1.04  aucα=0.300  token_p=0.020  dropE=(0.020,0.080)  smooth=0.010  train_loss=0.1370  train_AUPR_all=0.8555  train_AUPR_ab=0.8977  train_AUPR_ag=0.7918  train_P@5_ab=1.0000  train_P@5_ag=1.0000  val_loss=0.3152  val_AUPR_all=0.5838  val_AUPR_ab=0.7327  val_AUPR_ag=0.3806  val_P@5_ab=0.9500  val_P@5_ag=0.8000  select=0.5566
Ep053  LR0=5.50e-05  pw=1.04  aucα=0.300  token_p=0.020  dropE=(0.020,0.080)  smooth=0.010  train_loss=0.1361  train_AUPR_all=0.8567  train_AUPR_ab=0.8995  train_AUPR_ag=0.7908  train_P@5_ab=1.0000  train_P@5_ag=1.0000  val_loss=0.3172  val_AUPR_all=0.5797  val_AUPR_ab=0.7378  val_AUPR_ag=0.3835  val_P@5_ab=1.0000  val_P@5_ag=0.7500  select=0.5606
Ep054  LR0=5.15e-05  pw=1.03  aucα=0.300  token_p=0.020  dropE=(0.020,0.080)  smooth=0.010  train_loss=0.1339  train_AUPR_all=0.8599  train_AUPR_ab=0.8995  train_AUPR_ag=0.7999  train_P@5_ab=1.0000  train_P@5_ag=1.0000  val_loss=0.3147  val_AUPR_all=0.5819  val_AUPR_ab=0.7353  val_AUPR_ag=0.3834  val_P@5_ab=0.9000  val_P@5_ag=0.5000  select=0.5593
Ep055  LR0=4.81e-05  pw=1.03  aucα=0.300  token_p=0.020  dropE=(0.020,0.080)  smooth=0.010  train_loss=0.1299  train_AUPR_all=0.8668  train_AUPR_ab=0.9072  train_AUPR_ag=0.8047  train_P@5_ab=0.9500  train_P@5_ag=1.0000  val_loss=0.3122  val_AUPR_all=0.5922  val_AUPR_ab=0.7406  val_AUPR_ag=0.3957  val_P@5_ab=0.8000  val_P@5_ag=0.9000  select=0.5681
Ep056  LR0=4.48e-05  pw=1.03  aucα=0.300  token_p=0.020  dropE=(0.020,0.080)  smooth=0.010  train_loss=0.1290  train_AUPR_all=0.8698  train_AUPR_ab=0.9080  train_AUPR_ag=0.8122  train_P@5_ab=1.0000  train_P@5_ag=1.0000  val_loss=0.3108  val_AUPR_all=0.5922  val_AUPR_ab=0.7335  val_AUPR_ag=0.3962  val_P@5_ab=0.8500  val_P@5_ag=0.7500  select=0.5648
Ep057  LR0=4.16e-05  pw=1.03  aucα=0.300  token_p=0.020  dropE=(0.020,0.080)  smooth=0.010  train_loss=0.1222  train_AUPR_all=0.8804  train_AUPR_ab=0.9166  train_AUPR_ag=0.8249  train_P@5_ab=1.0000  train_P@5_ag=1.0000  val_loss=0.3147  val_AUPR_all=0.5865  val_AUPR_ab=0.7265  val_AUPR_ag=0.3915  val_P@5_ab=0.8000  val_P@5_ag=0.6000  select=0.5590
Ep058  LR0=3.85e-05  pw=1.02  aucα=0.300  token_p=0.020  dropE=(0.020,0.080)  smooth=0.010  train_loss=0.1188  train_AUPR_all=0.8846  train_AUPR_ab=0.9190  train_AUPR_ag=0.8324  train_P@5_ab=0.9500  train_P@5_ag=1.0000  val_loss=0.3163  val_AUPR_all=0.5895  val_AUPR_ab=0.7315  val_AUPR_ag=0.3970  val_P@5_ab=0.8500  val_P@5_ag=0.5500  select=0.5643
Early stopping at epoch 58. Best select=0.5880 at epoch 38.
Final saved checkpoint for fold 1: checkpoints_esm/iPara_balanced_l1_g7_i6_do0.10_dpr0.10_lr0.0002_heads16_fold1.pth
Best select=0.5880 at epoch 38

==========================================================================================
Fold 2/5
==========================================================================================
Train labels: valid=400834, pos=26650, neg=374184, ignore=696766, pos_frac=0.06649
Val labels: valid=99358, pos=6580, neg=92778, ignore=175842, pos_frac=0.06623
Initializing ClassificationModel with 7 GAT layers and residual connections...
Initializing MCModel with 7 GAT layers and 6 row attention layers (drop_path_rate=0.1, use_esm=True)
Initializing CoreModel with 1 layers, drop_path_rate=0.1
Ep001  LR0=2.00e-04  pw=8.00  aucα=0.000  token_p=0.020  dropE=(0.020,0.080)  smooth=0.010  train_loss=0.7590  train_AUPR_all=0.2624  train_AUPR_ab=0.3270  train_AUPR_ag=0.1841  train_P@5_ab=0.4000  train_P@5_ag=0.5500  val_loss=0.9618  val_AUPR_all=0.3276  val_AUPR_ab=0.4805  val_AUPR_ag=0.1484  val_P@5_ab=0.9000  val_P@5_ag=0.1500  select=0.3145
  Saved checkpoint: checkpoints_esm/iPara_balanced_l1_g7_i6_do0.10_dpr0.10_lr0.0002_heads16_fold2.pth  select=0.3145  val_ab=0.4805  val_ag=0.1484  val_all=0.3276
Ep002  LR0=2.00e-04  pw=7.33  aucα=0.000  token_p=0.020  dropE=(0.020,0.080)  smooth=0.010  train_loss=0.5331  train_AUPR_all=0.4017  train_AUPR_ab=0.4908  train_AUPR_ag=0.2537  train_P@5_ab=0.8500  train_P@5_ag=0.9500  val_loss=0.7951  val_AUPR_all=0.4289  val_AUPR_ab=0.5156  val_AUPR_ag=0.2735  val_P@5_ab=0.6000  val_P@5_ag=0.8000  select=0.3946
  Saved checkpoint: checkpoints_esm/iPara_balanced_l1_g7_i6_do0.10_dpr0.10_lr0.0002_heads16_fold2.pth  select=0.3946  val_ab=0.5156  val_ag=0.2735  val_all=0.4289
Ep003  LR0=2.00e-04  pw=6.73  aucα=0.000  token_p=0.020  dropE=(0.020,0.080)  smooth=0.010  train_loss=0.4786  train_AUPR_all=0.4440  train_AUPR_ab=0.5341  train_AUPR_ag=0.2865  train_P@5_ab=1.0000  train_P@5_ag=1.0000  val_loss=0.6626  val_AUPR_all=0.4770  val_AUPR_ab=0.5842  val_AUPR_ag=0.2935  val_P@5_ab=0.8500  val_P@5_ag=0.8500  select=0.4389
  Saved checkpoint: checkpoints_esm/iPara_balanced_l1_g7_i6_do0.10_dpr0.10_lr0.0002_heads16_fold2.pth  select=0.4389  val_ab=0.5842  val_ag=0.2935  val_all=0.4770
Ep004  LR0=1.99e-04  pw=6.19  aucα=0.000  token_p=0.020  dropE=(0.020,0.080)  smooth=0.010  train_loss=0.4444  train_AUPR_all=0.4691  train_AUPR_ab=0.5592  train_AUPR_ag=0.3095  train_P@5_ab=0.9000  train_P@5_ag=0.7500  val_loss=0.9164  val_AUPR_all=0.4384  val_AUPR_ab=0.6090  val_AUPR_ag=0.1813  val_P@5_ab=0.9500  val_P@5_ag=0.5000  select=0.3951
Ep005  LR0=1.99e-04  pw=5.69  aucα=0.000  token_p=0.020  dropE=(0.020,0.080)  smooth=0.010  train_loss=0.4154  train_AUPR_all=0.4867  train_AUPR_ab=0.5766  train_AUPR_ag=0.3228  train_P@5_ab=0.8000  train_P@5_ag=1.0000  val_loss=0.6424  val_AUPR_all=0.5000  val_AUPR_ab=0.6065  val_AUPR_ag=0.3343  val_P@5_ab=0.4000  val_P@5_ag=0.9000  select=0.4704
  Saved checkpoint: checkpoints_esm/iPara_balanced_l1_g7_i6_do0.10_dpr0.10_lr0.0002_heads16_fold2.pth  select=0.4704  val_ab=0.6065  val_ag=0.3343  val_all=0.5000
Ep006  LR0=1.98e-04  pw=5.25  aucα=0.000  token_p=0.020  dropE=(0.020,0.080)  smooth=0.010  train_loss=0.3930  train_AUPR_all=0.4978  train_AUPR_ab=0.5909  train_AUPR_ag=0.3287  train_P@5_ab=0.7000  train_P@5_ag=0.9000  val_loss=0.5532  val_AUPR_all=0.5246  val_AUPR_ab=0.6141  val_AUPR_ag=0.3643  val_P@5_ab=0.8000  val_P@5_ag=0.9500  select=0.4892
  Saved checkpoint: checkpoints_esm/iPara_balanced_l1_g7_i6_do0.10_dpr0.10_lr0.0002_heads16_fold2.pth  select=0.4892  val_ab=0.6141  val_ag=0.3643  val_all=0.5246
Ep007  LR0=1.97e-04  pw=4.84  aucα=0.000  token_p=0.020  dropE=(0.020,0.080)  smooth=0.010  train_loss=0.3713  train_AUPR_all=0.5130  train_AUPR_ab=0.6127  train_AUPR_ag=0.3382  train_P@5_ab=0.7000  train_P@5_ag=0.9000  val_loss=0.5898  val_AUPR_all=0.5166  val_AUPR_ab=0.6463  val_AUPR_ag=0.3208  val_P@5_ab=0.8500  val_P@5_ag=0.9000  select=0.4835
Ep008  LR0=1.96e-04  pw=4.48  aucα=0.000  token_p=0.020  dropE=(0.020,0.080)  smooth=0.010  train_loss=0.3461  train_AUPR_all=0.5263  train_AUPR_ab=0.6302  train_AUPR_ag=0.3476  train_P@5_ab=0.7500  train_P@5_ag=0.8500  val_loss=0.5431  val_AUPR_all=0.5194  val_AUPR_ab=0.6485  val_AUPR_ag=0.3131  val_P@5_ab=0.9000  val_P@5_ag=0.9000  select=0.4808
Ep009  LR0=1.95e-04  pw=4.15  aucα=0.000  token_p=0.020  dropE=(0.020,0.080)  smooth=0.010  train_loss=0.3256  train_AUPR_all=0.5439  train_AUPR_ab=0.6477  train_AUPR_ag=0.3645  train_P@5_ab=0.7500  train_P@5_ag=1.0000  val_loss=0.5215  val_AUPR_all=0.5373  val_AUPR_ab=0.6586  val_AUPR_ag=0.3305  val_P@5_ab=0.6500  val_P@5_ag=0.9000  select=0.4945
  Saved checkpoint: checkpoints_esm/iPara_balanced_l1_g7_i6_do0.10_dpr0.10_lr0.0002_heads16_fold2.pth  select=0.4945  val_ab=0.6586  val_ag=0.3305  val_all=0.5373
Ep010  LR0=1.94e-04  pw=3.85  aucα=0.030  token_p=0.020  dropE=(0.020,0.080)  smooth=0.010  train_loss=0.3277  train_AUPR_all=0.5401  train_AUPR_ab=0.6422  train_AUPR_ag=0.3628  train_P@5_ab=0.8500  train_P@5_ag=1.0000  val_loss=0.4949  val_AUPR_all=0.5554  val_AUPR_ab=0.6638  val_AUPR_ag=0.3569  val_P@5_ab=0.9000  val_P@5_ag=1.0000  select=0.5104
  Saved checkpoint: checkpoints_esm/iPara_balanced_l1_g7_i6_do0.10_dpr0.10_lr0.0002_heads16_fold2.pth  select=0.5104  val_ab=0.6638  val_ag=0.3569  val_all=0.5554
Unfreezing DyM parameters.
Ep011  LR0=1.92e-04  pw=3.58  aucα=0.060  token_p=0.020  dropE=(0.020,0.080)  smooth=0.010  train_loss=0.3253  train_AUPR_all=0.5609  train_AUPR_ab=0.6717  train_AUPR_ag=0.3755  train_P@5_ab=0.9000  train_P@5_ag=0.9000  val_loss=0.5033  val_AUPR_all=0.5425  val_AUPR_ab=0.6568  val_AUPR_ag=0.3537  val_P@5_ab=0.8000  val_P@5_ag=0.9000  select=0.5053
Ep012  LR0=1.91e-04  pw=3.33  aucα=0.090  token_p=0.020  dropE=(0.020,0.080)  smooth=0.010  train_loss=0.3273  train_AUPR_all=0.5612  train_AUPR_ab=0.6675  train_AUPR_ag=0.3806  train_P@5_ab=0.8000  train_P@5_ag=0.9500  val_loss=0.4449  val_AUPR_all=0.5654  val_AUPR_ab=0.6862  val_AUPR_ag=0.3546  val_P@5_ab=0.9000  val_P@5_ag=0.8500  select=0.5204
  Saved checkpoint: checkpoints_esm/iPara_balanced_l1_g7_i6_do0.10_dpr0.10_lr0.0002_heads16_fold2.pth  select=0.5204  val_ab=0.6862  val_ag=0.3546  val_all=0.5654
Ep013  LR0=1.89e-04  pw=3.11  aucα=0.120  token_p=0.020  dropE=(0.020,0.080)  smooth=0.010  train_loss=0.3275  train_AUPR_all=0.5696  train_AUPR_ab=0.6869  train_AUPR_ag=0.3734  train_P@5_ab=0.9500  train_P@5_ag=0.9000  val_loss=0.4483  val_AUPR_all=0.5632  val_AUPR_ab=0.6726  val_AUPR_ag=0.3696  val_P@5_ab=0.7500  val_P@5_ag=0.9500  select=0.5211
  Saved checkpoint: checkpoints_esm/iPara_balanced_l1_g7_i6_do0.10_dpr0.10_lr0.0002_heads16_fold2.pth  select=0.5211  val_ab=0.6726  val_ag=0.3696  val_all=0.5632
Ep014  LR0=1.87e-04  pw=2.91  aucα=0.150  token_p=0.020  dropE=(0.020,0.080)  smooth=0.010  train_loss=0.3235  train_AUPR_all=0.5860  train_AUPR_ab=0.7006  train_AUPR_ag=0.3951  train_P@5_ab=0.8500  train_P@5_ag=0.9500  val_loss=0.4788  val_AUPR_all=0.5476  val_AUPR_ab=0.6744  val_AUPR_ag=0.3347  val_P@5_ab=0.7500  val_P@5_ag=0.9000  select=0.5045
Ep015  LR0=1.85e-04  pw=2.73  aucα=0.180  token_p=0.020  dropE=(0.020,0.080)  smooth=0.010  train_loss=0.3260  train_AUPR_all=0.5931  train_AUPR_ab=0.7136  train_AUPR_ag=0.3960  train_P@5_ab=0.9000  train_P@5_ag=0.8500  val_loss=0.4192  val_AUPR_all=0.5644  val_AUPR_ab=0.6895  val_AUPR_ag=0.3705  val_P@5_ab=0.8500  val_P@5_ag=1.0000  select=0.5300
  Saved checkpoint: checkpoints_esm/iPara_balanced_l1_g7_i6_do0.10_dpr0.10_lr0.0002_heads16_fold2.pth  select=0.5300  val_ab=0.6895  val_ag=0.3705  val_all=0.5644
Ep016  LR0=1.83e-04  pw=2.56  aucα=0.210  token_p=0.020  dropE=(0.020,0.080)  smooth=0.010  train_loss=0.3308  train_AUPR_all=0.5921  train_AUPR_ab=0.7101  train_AUPR_ag=0.3988  train_P@5_ab=1.0000  train_P@5_ag=0.8500  val_loss=0.3888  val_AUPR_all=0.5865  val_AUPR_ab=0.7055  val_AUPR_ag=0.3892  val_P@5_ab=0.9000  val_P@5_ag=1.0000  select=0.5473
  Saved checkpoint: checkpoints_esm/iPara_balanced_l1_g7_i6_do0.10_dpr0.10_lr0.0002_heads16_fold2.pth  select=0.5473  val_ab=0.7055  val_ag=0.3892  val_all=0.5865
Ep017  LR0=1.81e-04  pw=2.41  aucα=0.240  token_p=0.020  dropE=(0.020,0.080)  smooth=0.010  train_loss=0.3290  train_AUPR_all=0.6056  train_AUPR_ab=0.7209  train_AUPR_ag=0.4181  train_P@5_ab=0.9500  train_P@5_ag=1.0000  val_loss=0.3968  val_AUPR_all=0.5716  val_AUPR_ab=0.7097  val_AUPR_ag=0.3515  val_P@5_ab=0.9000  val_P@5_ag=1.0000  select=0.5306
Ep018  LR0=1.79e-04  pw=2.28  aucα=0.270  token_p=0.020  dropE=(0.020,0.080)  smooth=0.010  train_loss=0.3339  train_AUPR_all=0.6108  train_AUPR_ab=0.7262  train_AUPR_ag=0.4234  train_P@5_ab=1.0000  train_P@5_ag=1.0000  val_loss=0.3843  val_AUPR_all=0.5817  val_AUPR_ab=0.7125  val_AUPR_ag=0.3735  val_P@5_ab=0.9500  val_P@5_ag=0.7500  select=0.5430
Ep019  LR0=1.76e-04  pw=2.16  aucα=0.300  token_p=0.020  dropE=(0.020,0.080)  smooth=0.010  train_loss=0.3354  train_AUPR_all=0.6164  train_AUPR_ab=0.7288  train_AUPR_ag=0.4363  train_P@5_ab=1.0000  train_P@5_ag=0.9500  val_loss=0.3666  val_AUPR_all=0.5823  val_AUPR_ab=0.6958  val_AUPR_ag=0.3944  val_P@5_ab=1.0000  val_P@5_ag=0.9500  select=0.5451
Ep020  LR0=1.73e-04  pw=2.05  aucα=0.300  token_p=0.020  dropE=(0.020,0.080)  smooth=0.010  train_loss=0.3233  train_AUPR_all=0.6270  train_AUPR_ab=0.7401  train_AUPR_ag=0.4448  train_P@5_ab=1.0000  train_P@5_ag=0.9500  val_loss=0.3524  val_AUPR_all=0.5943  val_AUPR_ab=0.7093  val_AUPR_ag=0.4057  val_P@5_ab=0.9500  val_P@5_ag=1.0000  select=0.5575
  Saved checkpoint: checkpoints_esm/iPara_balanced_l1_g7_i6_do0.10_dpr0.10_lr0.0002_heads16_fold2.pth  select=0.5575  val_ab=0.7093  val_ag=0.4057  val_all=0.5943
Ep021  LR0=1.71e-04  pw=1.95  aucα=0.300  token_p=0.020  dropE=(0.020,0.080)  smooth=0.010  train_loss=0.3119  train_AUPR_all=0.6386  train_AUPR_ab=0.7487  train_AUPR_ag=0.4616  train_P@5_ab=1.0000  train_P@5_ag=0.7500  val_loss=0.3654  val_AUPR_all=0.5937  val_AUPR_ab=0.7300  val_AUPR_ag=0.3682  val_P@5_ab=0.9500  val_P@5_ag=0.9000  select=0.5491
Ep022  LR0=1.68e-04  pw=1.86  aucα=0.300  token_p=0.020  dropE=(0.020,0.080)  smooth=0.010  train_loss=0.3025  train_AUPR_all=0.6452  train_AUPR_ab=0.7577  train_AUPR_ag=0.4649  train_P@5_ab=1.0000  train_P@5_ag=1.0000  val_loss=0.3350  val_AUPR_all=0.6061  val_AUPR_ab=0.7352  val_AUPR_ag=0.3855  val_P@5_ab=0.9500  val_P@5_ag=0.8500  select=0.5603
  Saved checkpoint: checkpoints_esm/iPara_balanced_l1_g7_i6_do0.10_dpr0.10_lr0.0002_heads16_fold2.pth  select=0.5603  val_ab=0.7352  val_ag=0.3855  val_all=0.6061
Ep023  LR0=1.65e-04  pw=1.78  aucα=0.300  token_p=0.020  dropE=(0.020,0.080)  smooth=0.010  train_loss=0.2957  train_AUPR_all=0.6489  train_AUPR_ab=0.7565  train_AUPR_ag=0.4769  train_P@5_ab=0.9500  train_P@5_ag=1.0000  val_loss=0.3298  val_AUPR_all=0.6062  val_AUPR_ab=0.7393  val_AUPR_ag=0.4125  val_P@5_ab=1.0000  val_P@5_ag=0.9500  select=0.5759
  Saved checkpoint: checkpoints_esm/iPara_balanced_l1_g7_i6_do0.10_dpr0.10_lr0.0002_heads16_fold2.pth  select=0.5759  val_ab=0.7393  val_ag=0.4125  val_all=0.6062
Ep024  LR0=1.62e-04  pw=1.70  aucα=0.300  token_p=0.020  dropE=(0.020,0.080)  smooth=0.010  train_loss=0.2859  train_AUPR_all=0.6569  train_AUPR_ab=0.7666  train_AUPR_ag=0.4831  train_P@5_ab=1.0000  train_P@5_ag=0.7500  val_loss=0.3305  val_AUPR_all=0.6042  val_AUPR_ab=0.7344  val_AUPR_ag=0.3825  val_P@5_ab=0.9000  val_P@5_ag=1.0000  select=0.5585
Ep025  LR0=1.59e-04  pw=1.64  aucα=0.300  token_p=0.020  dropE=(0.020,0.080)  smooth=0.010  train_loss=0.2773  train_AUPR_all=0.6692  train_AUPR_ab=0.7766  train_AUPR_ag=0.5005  train_P@5_ab=1.0000  train_P@5_ag=1.0000  val_loss=0.3240  val_AUPR_all=0.6051  val_AUPR_ab=0.7299  val_AUPR_ag=0.4027  val_P@5_ab=1.0000  val_P@5_ag=0.9000  select=0.5663
Ep026  LR0=1.56e-04  pw=1.57  aucα=0.300  token_p=0.020  dropE=(0.020,0.080)  smooth=0.010  train_loss=0.2676  train_AUPR_all=0.6751  train_AUPR_ab=0.7713  train_AUPR_ag=0.5259  train_P@5_ab=0.9500  train_P@5_ag=0.9500  val_loss=0.3194  val_AUPR_all=0.6137  val_AUPR_ab=0.7419  val_AUPR_ag=0.4139  val_P@5_ab=1.0000  val_P@5_ag=0.9500  select=0.5779
  Saved checkpoint: checkpoints_esm/iPara_balanced_l1_g7_i6_do0.10_dpr0.10_lr0.0002_heads16_fold2.pth  select=0.5779  val_ab=0.7419  val_ag=0.4139  val_all=0.6137
Ep027  LR0=1.52e-04  pw=1.52  aucα=0.300  token_p=0.020  dropE=(0.020,0.080)  smooth=0.010  train_loss=0.2594  train_AUPR_all=0.6845  train_AUPR_ab=0.7830  train_AUPR_ag=0.5302  train_P@5_ab=0.9500  train_P@5_ag=1.0000  val_loss=0.3090  val_AUPR_all=0.6153  val_AUPR_ab=0.7443  val_AUPR_ag=0.4186  val_P@5_ab=0.9500  val_P@5_ag=0.9500  select=0.5815
  Saved checkpoint: checkpoints_esm/iPara_balanced_l1_g7_i6_do0.10_dpr0.10_lr0.0002_heads16_fold2.pth  select=0.5815  val_ab=0.7443  val_ag=0.4186  val_all=0.6153
Ep028  LR0=1.49e-04  pw=1.47  aucα=0.300  token_p=0.020  dropE=(0.020,0.080)  smooth=0.010  train_loss=0.2491  train_AUPR_all=0.6973  train_AUPR_ab=0.7890  train_AUPR_ag=0.5554  train_P@5_ab=1.0000  train_P@5_ag=0.9500  val_loss=0.3115  val_AUPR_all=0.6190  val_AUPR_ab=0.7507  val_AUPR_ag=0.4014  val_P@5_ab=1.0000  val_P@5_ag=0.8500  select=0.5760
Ep029  LR0=1.46e-04  pw=1.43  aucα=0.300  token_p=0.020  dropE=(0.020,0.080)  smooth=0.010  train_loss=0.2444  train_AUPR_all=0.7022  train_AUPR_ab=0.7935  train_AUPR_ag=0.5621  train_P@5_ab=1.0000  train_P@5_ag=1.0000  val_loss=0.3137  val_AUPR_all=0.6190  val_AUPR_ab=0.7484  val_AUPR_ag=0.4126  val_P@5_ab=1.0000  val_P@5_ag=0.9500  select=0.5805
Ep030  LR0=1.42e-04  pw=1.39  aucα=0.300  token_p=0.020  dropE=(0.020,0.080)  smooth=0.010  train_loss=0.2391  train_AUPR_all=0.7054  train_AUPR_ab=0.7950  train_AUPR_ag=0.5676  train_P@5_ab=0.9000  train_P@5_ag=1.0000  val_loss=0.3033  val_AUPR_all=0.6162  val_AUPR_ab=0.7399  val_AUPR_ag=0.4332  val_P@5_ab=0.9500  val_P@5_ag=1.0000  select=0.5865
  Saved checkpoint: checkpoints_esm/iPara_balanced_l1_g7_i6_do0.10_dpr0.10_lr0.0002_heads16_fold2.pth  select=0.5865  val_ab=0.7399  val_ag=0.4332  val_all=0.6162
Ep031  LR0=1.38e-04  pw=1.35  aucα=0.300  token_p=0.020  dropE=(0.020,0.080)  smooth=0.010  train_loss=0.2314  train_AUPR_all=0.7168  train_AUPR_ab=0.8036  train_AUPR_ag=0.5846  train_P@5_ab=1.0000  train_P@5_ag=1.0000  val_loss=0.3096  val_AUPR_all=0.6045  val_AUPR_ab=0.7315  val_AUPR_ag=0.4258  val_P@5_ab=0.9500  val_P@5_ag=0.9500  select=0.5786
Ep032  LR0=1.35e-04  pw=1.32  aucα=0.300  token_p=0.020  dropE=(0.020,0.080)  smooth=0.010  train_loss=0.2228  train_AUPR_all=0.7275  train_AUPR_ab=0.8087  train_AUPR_ag=0.6047  train_P@5_ab=0.9500  train_P@5_ag=1.0000  val_loss=0.3056  val_AUPR_all=0.6242  val_AUPR_ab=0.7572  val_AUPR_ag=0.4251  val_P@5_ab=0.9500  val_P@5_ag=1.0000  select=0.5912
  Saved checkpoint: checkpoints_esm/iPara_balanced_l1_g7_i6_do0.10_dpr0.10_lr0.0002_heads16_fold2.pth  select=0.5912  val_ab=0.7572  val_ag=0.4251  val_all=0.6242
Ep033  LR0=1.31e-04  pw=1.29  aucα=0.300  token_p=0.020  dropE=(0.020,0.080)  smooth=0.010  train_loss=0.2134  train_AUPR_all=0.7427  train_AUPR_ab=0.8178  train_AUPR_ag=0.6301  train_P@5_ab=0.9500  train_P@5_ag=0.9000  val_loss=0.3048  val_AUPR_all=0.6115  val_AUPR_ab=0.7496  val_AUPR_ag=0.4143  val_P@5_ab=1.0000  val_P@5_ag=0.8000  select=0.5820
Ep034  LR0=1.27e-04  pw=1.26  aucα=0.300  token_p=0.020  dropE=(0.020,0.080)  smooth=0.010  train_loss=0.2107  train_AUPR_all=0.7408  train_AUPR_ab=0.8200  train_AUPR_ag=0.6204  train_P@5_ab=1.0000  train_P@5_ag=1.0000  val_loss=0.3017  val_AUPR_all=0.6120  val_AUPR_ab=0.7474  val_AUPR_ag=0.4267  val_P@5_ab=1.0000  val_P@5_ag=1.0000  select=0.5870
Ep035  LR0=1.24e-04  pw=1.23  aucα=0.300  token_p=0.020  dropE=(0.020,0.080)  smooth=0.010  train_loss=0.2066  train_AUPR_all=0.7486  train_AUPR_ab=0.8199  train_AUPR_ag=0.6423  train_P@5_ab=1.0000  train_P@5_ag=1.0000  val_loss=0.3006  val_AUPR_all=0.6176  val_AUPR_ab=0.7501  val_AUPR_ag=0.4357  val_P@5_ab=1.0000  val_P@5_ag=1.0000  select=0.5929
  Saved checkpoint: checkpoints_esm/iPara_balanced_l1_g7_i6_do0.10_dpr0.10_lr0.0002_heads16_fold2.pth  select=0.5929  val_ab=0.7501  val_ag=0.4357  val_all=0.6176
Ep036  LR0=1.20e-04  pw=1.21  aucα=0.300  token_p=0.020  dropE=(0.020,0.080)  smooth=0.010  train_loss=0.1987  train_AUPR_all=0.7600  train_AUPR_ab=0.8285  train_AUPR_ag=0.6578  train_P@5_ab=1.0000  train_P@5_ag=1.0000  val_loss=0.3022  val_AUPR_all=0.6105  val_AUPR_ab=0.7421  val_AUPR_ag=0.4210  val_P@5_ab=1.0000  val_P@5_ag=1.0000  select=0.5815
Ep037  LR0=1.16e-04  pw=1.19  aucα=0.300  token_p=0.020  dropE=(0.020,0.080)  smooth=0.010  train_loss=0.1955  train_AUPR_all=0.7652  train_AUPR_ab=0.8320  train_AUPR_ag=0.6658  train_P@5_ab=1.0000  train_P@5_ag=1.0000  val_loss=0.3049  val_AUPR_all=0.6095  val_AUPR_ab=0.7500  val_AUPR_ag=0.4238  val_P@5_ab=0.9500  val_P@5_ag=1.0000  select=0.5869
Ep038  LR0=1.12e-04  pw=1.17  aucα=0.300  token_p=0.020  dropE=(0.020,0.080)  smooth=0.010  train_loss=0.1874  train_AUPR_all=0.7781  train_AUPR_ab=0.8400  train_AUPR_ag=0.6861  train_P@5_ab=1.0000  train_P@5_ag=1.0000  val_loss=0.2918  val_AUPR_all=0.6190  val_AUPR_ab=0.7544  val_AUPR_ag=0.4286  val_P@5_ab=1.0000  val_P@5_ag=1.0000  select=0.5915
Ep039  LR0=1.08e-04  pw=1.16  aucα=0.300  token_p=0.020  dropE=(0.020,0.080)  smooth=0.010  train_loss=0.1821  train_AUPR_all=0.7852  train_AUPR_ab=0.8486  train_AUPR_ag=0.6901  train_P@5_ab=1.0000  train_P@5_ag=1.0000  val_loss=0.2927  val_AUPR_all=0.6163  val_AUPR_ab=0.7444  val_AUPR_ag=0.4305  val_P@5_ab=0.8500  val_P@5_ag=0.9000  select=0.5874
Ep040  LR0=1.04e-04  pw=1.14  aucα=0.300  token_p=0.020  dropE=(0.020,0.080)  smooth=0.010  train_loss=0.1780  train_AUPR_all=0.7931  train_AUPR_ab=0.8530  train_AUPR_ag=0.7041  train_P@5_ab=1.0000  train_P@5_ag=0.9500  val_loss=0.3012  val_AUPR_all=0.6102  val_AUPR_ab=0.7506  val_AUPR_ag=0.4227  val_P@5_ab=0.9500  val_P@5_ag=0.9000  select=0.5866
Ep041  LR0=1.00e-04  pw=1.13  aucα=0.300  token_p=0.020  dropE=(0.020,0.080)  smooth=0.010  train_loss=0.1712  train_AUPR_all=0.8040  train_AUPR_ab=0.8602  train_AUPR_ag=0.7206  train_P@5_ab=0.9500  train_P@5_ag=1.0000  val_loss=0.2996  val_AUPR_all=0.5931  val_AUPR_ab=0.7497  val_AUPR_ag=0.3849  val_P@5_ab=1.0000  val_P@5_ag=0.9000  select=0.5673
Ep042  LR0=9.63e-05  pw=1.12  aucα=0.300  token_p=0.020  dropE=(0.020,0.080)  smooth=0.010  train_loss=0.1658  train_AUPR_all=0.8125  train_AUPR_ab=0.8658  train_AUPR_ag=0.7339  train_P@5_ab=1.0000  train_P@5_ag=1.0000  val_loss=0.2983  val_AUPR_all=0.6104  val_AUPR_ab=0.7440  val_AUPR_ag=0.4313  val_P@5_ab=0.9000  val_P@5_ag=0.8000  select=0.5876
Ep043  LR0=9.24e-05  pw=1.10  aucα=0.300  token_p=0.020  dropE=(0.020,0.080)  smooth=0.010  train_loss=0.1611  train_AUPR_all=0.8205  train_AUPR_ab=0.8723  train_AUPR_ag=0.7434  train_P@5_ab=1.0000  train_P@5_ag=1.0000  val_loss=0.2993  val_AUPR_all=0.6117  val_AUPR_ab=0.7492  val_AUPR_ag=0.4299  val_P@5_ab=0.9500  val_P@5_ag=1.0000  select=0.5895
Ep044  LR0=8.85e-05  pw=1.09  aucα=0.300  token_p=0.020  dropE=(0.020,0.080)  smooth=0.010  train_loss=0.1613  train_AUPR_all=0.8199  train_AUPR_ab=0.8697  train_AUPR_ag=0.7469  train_P@5_ab=0.9500  train_P@5_ag=1.0000  val_loss=0.2918  val_AUPR_all=0.6133  val_AUPR_ab=0.7423  val_AUPR_ag=0.4304  val_P@5_ab=0.9500  val_P@5_ag=0.9500  select=0.5863
Ep045  LR0=8.46e-05  pw=1.09  aucα=0.300  token_p=0.020  dropE=(0.020,0.080)  smooth=0.010  train_loss=0.1550  train_AUPR_all=0.8289  train_AUPR_ab=0.8773  train_AUPR_ag=0.7576  train_P@5_ab=1.0000  train_P@5_ag=1.0000  val_loss=0.2995  val_AUPR_all=0.6172  val_AUPR_ab=0.7523  val_AUPR_ag=0.4249  val_P@5_ab=0.9000  val_P@5_ag=0.7500  select=0.5886
Ep046  LR0=8.08e-05  pw=1.08  aucα=0.300  token_p=0.020  dropE=(0.020,0.080)  smooth=0.010  train_loss=0.1537  train_AUPR_all=0.8307  train_AUPR_ab=0.8795  train_AUPR_ag=0.7580  train_P@5_ab=0.9500  train_P@5_ag=1.0000  val_loss=0.3021  val_AUPR_all=0.6025  val_AUPR_ab=0.7432  val_AUPR_ag=0.4028  val_P@5_ab=1.0000  val_P@5_ag=0.7500  select=0.5730
Ep047  LR0=7.70e-05  pw=1.07  aucα=0.300  token_p=0.020  dropE=(0.020,0.080)  smooth=0.010  train_loss=0.1511  train_AUPR_all=0.8338  train_AUPR_ab=0.8804  train_AUPR_ag=0.7644  train_P@5_ab=1.0000  train_P@5_ag=1.0000  val_loss=0.3039  val_AUPR_all=0.6016  val_AUPR_ab=0.7478  val_AUPR_ag=0.4024  val_P@5_ab=1.0000  val_P@5_ag=0.7000  select=0.5751
Ep048  LR0=7.32e-05  pw=1.06  aucα=0.300  token_p=0.020  dropE=(0.020,0.080)  smooth=0.010  train_loss=0.1444  train_AUPR_all=0.8449  train_AUPR_ab=0.8867  train_AUPR_ag=0.7836  train_P@5_ab=1.0000  train_P@5_ag=1.0000  val_loss=0.3016  val_AUPR_all=0.6108  val_AUPR_ab=0.7522  val_AUPR_ag=0.4156  val_P@5_ab=0.9500  val_P@5_ag=0.7500  select=0.5839
Ep049  LR0=6.94e-05  pw=1.06  aucα=0.300  token_p=0.020  dropE=(0.020,0.080)  smooth=0.010  train_loss=0.1420  train_AUPR_all=0.8481  train_AUPR_ab=0.8911  train_AUPR_ag=0.7842  train_P@5_ab=0.9500  train_P@5_ag=1.0000  val_loss=0.3004  val_AUPR_all=0.6093  val_AUPR_ab=0.7438  val_AUPR_ag=0.4163  val_P@5_ab=0.8500  val_P@5_ag=0.9000  select=0.5800
Ep050  LR0=6.57e-05  pw=1.05  aucα=0.300  token_p=0.020  dropE=(0.020,0.080)  smooth=0.010  train_loss=0.1419  train_AUPR_all=0.8480  train_AUPR_ab=0.8909  train_AUPR_ag=0.7843  train_P@5_ab=1.0000  train_P@5_ag=1.0000  val_loss=0.3068  val_AUPR_all=0.5988  val_AUPR_ab=0.7470  val_AUPR_ag=0.4035  val_P@5_ab=1.0000  val_P@5_ag=0.5500  select=0.5753
Ep051  LR0=6.21e-05  pw=1.05  aucα=0.300  token_p=0.020  dropE=(0.020,0.080)  smooth=0.010  train_loss=0.1350  train_AUPR_all=0.8603  train_AUPR_ab=0.9015  train_AUPR_ag=0.7988  train_P@5_ab=1.0000  train_P@5_ag=1.0000  val_loss=0.3026  val_AUPR_all=0.6119  val_AUPR_ab=0.7451  val_AUPR_ag=0.4306  val_P@5_ab=0.9000  val_P@5_ag=0.9000  select=0.5879
Ep052  LR0=5.85e-05  pw=1.04  aucα=0.300  token_p=0.020  dropE=(0.020,0.080)  smooth=0.010  train_loss=0.1318  train_AUPR_all=0.8665  train_AUPR_ab=0.9047  train_AUPR_ag=0.8099  train_P@5_ab=1.0000  train_P@5_ag=1.0000  val_loss=0.3076  val_AUPR_all=0.6013  val_AUPR_ab=0.7402  val_AUPR_ag=0.4036  val_P@5_ab=0.9500  val_P@5_ag=0.8500  select=0.5719
Ep053  LR0=5.50e-05  pw=1.04  aucα=0.300  token_p=0.020  dropE=(0.020,0.080)  smooth=0.010  train_loss=0.1291  train_AUPR_all=0.8701  train_AUPR_ab=0.9066  train_AUPR_ag=0.8161  train_P@5_ab=1.0000  train_P@5_ag=1.0000  val_loss=0.3080  val_AUPR_all=0.5952  val_AUPR_ab=0.7363  val_AUPR_ag=0.4021  val_P@5_ab=0.8500  val_P@5_ag=0.5500  select=0.5692
Ep054  LR0=5.15e-05  pw=1.03  aucα=0.300  token_p=0.020  dropE=(0.020,0.080)  smooth=0.010  train_loss=0.1261  train_AUPR_all=0.8747  train_AUPR_ab=0.9133  train_AUPR_ag=0.8165  train_P@5_ab=1.0000  train_P@5_ag=1.0000  val_loss=0.3102  val_AUPR_all=0.5995  val_AUPR_ab=0.7373  val_AUPR_ag=0.4167  val_P@5_ab=0.8500  val_P@5_ag=0.7000  select=0.5770
Ep055  LR0=4.81e-05  pw=1.03  aucα=0.300  token_p=0.020  dropE=(0.020,0.080)  smooth=0.010  train_loss=0.1298  train_AUPR_all=0.8686  train_AUPR_ab=0.9060  train_AUPR_ag=0.8136  train_P@5_ab=1.0000  train_P@5_ag=1.0000  val_loss=0.3097  val_AUPR_all=0.5986  val_AUPR_ab=0.7305  val_AUPR_ag=0.4147  val_P@5_ab=0.8000  val_P@5_ag=0.6500  select=0.5726
Early stopping at epoch 55. Best select=0.5929 at epoch 35.
Final saved checkpoint for fold 2: checkpoints_esm/iPara_balanced_l1_g7_i6_do0.10_dpr0.10_lr0.0002_heads16_fold2.pth
Best select=0.5929 at epoch 35

==========================================================================================
Fold 3/5
==========================================================================================
Train labels: valid=401949, pos=26660, neg=375289, ignore=695651, pos_frac=0.06633
Val labels: valid=98243, pos=6570, neg=91673, ignore=176957, pos_frac=0.06687
Initializing ClassificationModel with 7 GAT layers and residual connections...
Initializing MCModel with 7 GAT layers and 6 row attention layers (drop_path_rate=0.1, use_esm=True)
Initializing CoreModel with 1 layers, drop_path_rate=0.1
Ep001  LR0=2.00e-04  pw=8.00  aucα=0.000  token_p=0.020  dropE=(0.020,0.080)  smooth=0.010  train_loss=0.7753  train_AUPR_all=0.2100  train_AUPR_ab=0.2421  train_AUPR_ag=0.1668  train_P@5_ab=0.3000  train_P@5_ag=0.7000  val_loss=0.8473  val_AUPR_all=0.3857  val_AUPR_ab=0.4652  val_AUPR_ag=0.2603  val_P@5_ab=0.5000  val_P@5_ag=1.0000  select=0.3628
  Saved checkpoint: checkpoints_esm/iPara_balanced_l1_g7_i6_do0.10_dpr0.10_lr0.0002_heads16_fold3.pth  select=0.3628  val_ab=0.4652  val_ag=0.2603  val_all=0.3857
Ep002  LR0=2.00e-04  pw=7.33  aucα=0.000  token_p=0.020  dropE=(0.020,0.080)  smooth=0.010  train_loss=0.5476  train_AUPR_all=0.3653  train_AUPR_ab=0.4480  train_AUPR_ag=0.2349  train_P@5_ab=0.4500  train_P@5_ag=0.6000  val_loss=0.7681  val_AUPR_all=0.4741  val_AUPR_ab=0.5782  val_AUPR_ag=0.2937  val_P@5_ab=0.7500  val_P@5_ag=0.9500  select=0.4359
  Saved checkpoint: checkpoints_esm/iPara_balanced_l1_g7_i6_do0.10_dpr0.10_lr0.0002_heads16_fold3.pth  select=0.4359  val_ab=0.5782  val_ag=0.2937  val_all=0.4741
Ep003  LR0=2.00e-04  pw=6.73  aucα=0.000  token_p=0.020  dropE=(0.020,0.080)  smooth=0.010  train_loss=0.4811  train_AUPR_all=0.4326  train_AUPR_ab=0.5154  train_AUPR_ag=0.2910  train_P@5_ab=0.6500  train_P@5_ag=0.7500  val_loss=0.6531  val_AUPR_all=0.4880  val_AUPR_ab=0.5749  val_AUPR_ag=0.3324  val_P@5_ab=0.9500  val_P@5_ag=0.9000  select=0.4536
  Saved checkpoint: checkpoints_esm/iPara_balanced_l1_g7_i6_do0.10_dpr0.10_lr0.0002_heads16_fold3.pth  select=0.4536  val_ab=0.5749  val_ag=0.3324  val_all=0.4880
Ep004  LR0=1.99e-04  pw=6.19  aucα=0.000  token_p=0.020  dropE=(0.020,0.080)  smooth=0.010  train_loss=0.4443  train_AUPR_all=0.4630  train_AUPR_ab=0.5491  train_AUPR_ag=0.3145  train_P@5_ab=0.7500  train_P@5_ag=0.9500  val_loss=0.6221  val_AUPR_all=0.5096  val_AUPR_ab=0.6132  val_AUPR_ag=0.3165  val_P@5_ab=0.6500  val_P@5_ag=0.8500  select=0.4648
  Saved checkpoint: checkpoints_esm/iPara_balanced_l1_g7_i6_do0.10_dpr0.10_lr0.0002_heads16_fold3.pth  select=0.4648  val_ab=0.6132  val_ag=0.3165  val_all=0.5096
Ep005  LR0=1.99e-04  pw=5.69  aucα=0.000  token_p=0.020  dropE=(0.020,0.080)  smooth=0.010  train_loss=0.4168  train_AUPR_all=0.4828  train_AUPR_ab=0.5625  train_AUPR_ag=0.3325  train_P@5_ab=0.7500  train_P@5_ag=1.0000  val_loss=0.6777  val_AUPR_all=0.5065  val_AUPR_ab=0.6294  val_AUPR_ag=0.3094  val_P@5_ab=0.8000  val_P@5_ag=0.8500  select=0.4694
  Saved checkpoint: checkpoints_esm/iPara_balanced_l1_g7_i6_do0.10_dpr0.10_lr0.0002_heads16_fold3.pth  select=0.4694  val_ab=0.6294  val_ag=0.3094  val_all=0.5065
Ep006  LR0=1.98e-04  pw=5.25  aucα=0.000  token_p=0.020  dropE=(0.020,0.080)  smooth=0.010  train_loss=0.3949  train_AUPR_all=0.4900  train_AUPR_ab=0.5932  train_AUPR_ag=0.3131  train_P@5_ab=0.9000  train_P@5_ag=0.7000  val_loss=0.5578  val_AUPR_all=0.5180  val_AUPR_ab=0.6128  val_AUPR_ag=0.3359  val_P@5_ab=0.3000  val_P@5_ag=0.7500  select=0.4744
  Saved checkpoint: checkpoints_esm/iPara_balanced_l1_g7_i6_do0.10_dpr0.10_lr0.0002_heads16_fold3.pth  select=0.4744  val_ab=0.6128  val_ag=0.3359  val_all=0.5180
Ep007  LR0=1.97e-04  pw=4.84  aucα=0.000  token_p=0.020  dropE=(0.020,0.080)  smooth=0.010  train_loss=0.3685  train_AUPR_all=0.5121  train_AUPR_ab=0.6074  train_AUPR_ag=0.3436  train_P@5_ab=0.8000  train_P@5_ag=0.8500  val_loss=0.5183  val_AUPR_all=0.5546  val_AUPR_ab=0.6740  val_AUPR_ag=0.3664  val_P@5_ab=0.9000  val_P@5_ag=0.8500  select=0.5202
  Saved checkpoint: checkpoints_esm/iPara_balanced_l1_g7_i6_do0.10_dpr0.10_lr0.0002_heads16_fold3.pth  select=0.5202  val_ab=0.6740  val_ag=0.3664  val_all=0.5546
Ep008  LR0=1.96e-04  pw=4.48  aucα=0.000  token_p=0.020  dropE=(0.020,0.080)  smooth=0.010  train_loss=0.3468  train_AUPR_all=0.5267  train_AUPR_ab=0.6207  train_AUPR_ag=0.3547  train_P@5_ab=0.7500  train_P@5_ag=0.8500  val_loss=0.6039  val_AUPR_all=0.5411  val_AUPR_ab=0.6685  val_AUPR_ag=0.3256  val_P@5_ab=1.0000  val_P@5_ag=0.9500  select=0.4971
Ep009  LR0=1.95e-04  pw=4.15  aucα=0.000  token_p=0.020  dropE=(0.020,0.080)  smooth=0.010  train_loss=0.3299  train_AUPR_all=0.5348  train_AUPR_ab=0.6338  train_AUPR_ag=0.3582  train_P@5_ab=0.6000  train_P@5_ag=0.8500  val_loss=0.5514  val_AUPR_all=0.5235  val_AUPR_ab=0.6645  val_AUPR_ag=0.3515  val_P@5_ab=0.8500  val_P@5_ag=0.8000  select=0.5080
Ep010  LR0=1.94e-04  pw=3.85  aucα=0.030  token_p=0.020  dropE=(0.020,0.080)  smooth=0.010  train_loss=0.3262  train_AUPR_all=0.5521  train_AUPR_ab=0.6535  train_AUPR_ag=0.3736  train_P@5_ab=0.8500  train_P@5_ag=1.0000  val_loss=0.5009  val_AUPR_all=0.5551  val_AUPR_ab=0.6821  val_AUPR_ag=0.3601  val_P@5_ab=0.9000  val_P@5_ag=1.0000  select=0.5211
  Saved checkpoint: checkpoints_esm/iPara_balanced_l1_g7_i6_do0.10_dpr0.10_lr0.0002_heads16_fold3.pth  select=0.5211  val_ab=0.6821  val_ag=0.3601  val_all=0.5551
Unfreezing DyM parameters.
Ep011  LR0=1.92e-04  pw=3.58  aucα=0.060  token_p=0.020  dropE=(0.020,0.080)  smooth=0.010  train_loss=0.3256  train_AUPR_all=0.5550  train_AUPR_ab=0.6597  train_AUPR_ag=0.3729  train_P@5_ab=0.8500  train_P@5_ag=1.0000  val_loss=0.4470  val_AUPR_all=0.5775  val_AUPR_ab=0.6947  val_AUPR_ag=0.3797  val_P@5_ab=1.0000  val_P@5_ag=0.8000  select=0.5372
  Saved checkpoint: checkpoints_esm/iPara_balanced_l1_g7_i6_do0.10_dpr0.10_lr0.0002_heads16_fold3.pth  select=0.5372  val_ab=0.6947  val_ag=0.3797  val_all=0.5775
Ep012  LR0=1.91e-04  pw=3.33  aucα=0.090  token_p=0.020  dropE=(0.020,0.080)  smooth=0.010  train_loss=0.3253  train_AUPR_all=0.5637  train_AUPR_ab=0.6700  train_AUPR_ag=0.3852  train_P@5_ab=0.8000  train_P@5_ag=1.0000  val_loss=0.4340  val_AUPR_all=0.5832  val_AUPR_ab=0.7016  val_AUPR_ag=0.3829  val_P@5_ab=0.9500  val_P@5_ag=0.9500  select=0.5423
  Saved checkpoint: checkpoints_esm/iPara_balanced_l1_g7_i6_do0.10_dpr0.10_lr0.0002_heads16_fold3.pth  select=0.5423  val_ab=0.7016  val_ag=0.3829  val_all=0.5832
Ep013  LR0=1.89e-04  pw=3.11  aucα=0.120  token_p=0.020  dropE=(0.020,0.080)  smooth=0.010  train_loss=0.3259  train_AUPR_all=0.5732  train_AUPR_ab=0.6830  train_AUPR_ag=0.3896  train_P@5_ab=0.9500  train_P@5_ag=0.9500  val_loss=0.4256  val_AUPR_all=0.5483  val_AUPR_ab=0.7008  val_AUPR_ag=0.3364  val_P@5_ab=0.8500  val_P@5_ag=0.6500  select=0.5186
Ep014  LR0=1.87e-04  pw=2.91  aucα=0.150  token_p=0.020  dropE=(0.020,0.080)  smooth=0.010  train_loss=0.3260  train_AUPR_all=0.5810  train_AUPR_ab=0.6892  train_AUPR_ag=0.4028  train_P@5_ab=1.0000  train_P@5_ag=0.8500  val_loss=0.4085  val_AUPR_all=0.5841  val_AUPR_ab=0.7105  val_AUPR_ag=0.3912  val_P@5_ab=1.0000  val_P@5_ag=0.9000  select=0.5508
  Saved checkpoint: checkpoints_esm/iPara_balanced_l1_g7_i6_do0.10_dpr0.10_lr0.0002_heads16_fold3.pth  select=0.5508  val_ab=0.7105  val_ag=0.3912  val_all=0.5841
Ep015  LR0=1.85e-04  pw=2.73  aucα=0.180  token_p=0.020  dropE=(0.020,0.080)  smooth=0.010  train_loss=0.3297  train_AUPR_all=0.5795  train_AUPR_ab=0.6919  train_AUPR_ag=0.3985  train_P@5_ab=1.0000  train_P@5_ag=0.9500  val_loss=0.3873  val_AUPR_all=0.5959  val_AUPR_ab=0.7102  val_AUPR_ag=0.4065  val_P@5_ab=0.9000  val_P@5_ag=0.9500  select=0.5584
  Saved checkpoint: checkpoints_esm/iPara_balanced_l1_g7_i6_do0.10_dpr0.10_lr0.0002_heads16_fold3.pth  select=0.5584  val_ab=0.7102  val_ag=0.4065  val_all=0.5959
Ep016  LR0=1.83e-04  pw=2.56  aucα=0.210  token_p=0.020  dropE=(0.020,0.080)  smooth=0.010  train_loss=0.3295  train_AUPR_all=0.5935  train_AUPR_ab=0.7061  train_AUPR_ag=0.4064  train_P@5_ab=1.0000  train_P@5_ag=0.9500  val_loss=0.3762  val_AUPR_all=0.5925  val_AUPR_ab=0.7112  val_AUPR_ag=0.4038  val_P@5_ab=1.0000  val_P@5_ag=1.0000  select=0.5575
Ep017  LR0=1.81e-04  pw=2.41  aucα=0.240  token_p=0.020  dropE=(0.020,0.080)  smooth=0.010  train_loss=0.3306  train_AUPR_all=0.6039  train_AUPR_ab=0.7149  train_AUPR_ag=0.4243  train_P@5_ab=1.0000  train_P@5_ag=0.9500  val_loss=0.3739  val_AUPR_all=0.5895  val_AUPR_ab=0.7151  val_AUPR_ag=0.3766  val_P@5_ab=0.9000  val_P@5_ag=1.0000  select=0.5459
Ep018  LR0=1.79e-04  pw=2.28  aucα=0.270  token_p=0.020  dropE=(0.020,0.080)  smooth=0.010  train_loss=0.3306  train_AUPR_all=0.6126  train_AUPR_ab=0.7255  train_AUPR_ag=0.4297  train_P@5_ab=1.0000  train_P@5_ag=1.0000  val_loss=0.3657  val_AUPR_all=0.5806  val_AUPR_ab=0.7092  val_AUPR_ag=0.3893  val_P@5_ab=0.8500  val_P@5_ag=1.0000  select=0.5493
Ep019  LR0=1.76e-04  pw=2.16  aucα=0.300  token_p=0.020  dropE=(0.020,0.080)  smooth=0.010  train_loss=0.3352  train_AUPR_all=0.6174  train_AUPR_ab=0.7320  train_AUPR_ag=0.4339  train_P@5_ab=0.9500  train_P@5_ag=1.0000  val_loss=0.3458  val_AUPR_all=0.6079  val_AUPR_ab=0.7293  val_AUPR_ag=0.4138  val_P@5_ab=0.9500  val_P@5_ag=1.0000  select=0.5715
  Saved checkpoint: checkpoints_esm/iPara_balanced_l1_g7_i6_do0.10_dpr0.10_lr0.0002_heads16_fold3.pth  select=0.5715  val_ab=0.7293  val_ag=0.4138  val_all=0.6079
Ep020  LR0=1.73e-04  pw=2.05  aucα=0.300  token_p=0.020  dropE=(0.020,0.080)  smooth=0.010  train_loss=0.3224  train_AUPR_all=0.6273  train_AUPR_ab=0.7372  train_AUPR_ag=0.4504  train_P@5_ab=1.0000  train_P@5_ag=0.9500  val_loss=0.3432  val_AUPR_all=0.6091  val_AUPR_ab=0.7329  val_AUPR_ag=0.4176  val_P@5_ab=0.9500  val_P@5_ag=1.0000  select=0.5752
  Saved checkpoint: checkpoints_esm/iPara_balanced_l1_g7_i6_do0.10_dpr0.10_lr0.0002_heads16_fold3.pth  select=0.5752  val_ab=0.7329  val_ag=0.4176  val_all=0.6091
Ep021  LR0=1.71e-04  pw=1.95  aucα=0.300  token_p=0.020  dropE=(0.020,0.080)  smooth=0.010  train_loss=0.3120  train_AUPR_all=0.6347  train_AUPR_ab=0.7388  train_AUPR_ag=0.4685  train_P@5_ab=0.9000  train_P@5_ag=0.9500  val_loss=0.3477  val_AUPR_all=0.5970  val_AUPR_ab=0.7220  val_AUPR_ag=0.3991  val_P@5_ab=0.9000  val_P@5_ag=1.0000  select=0.5606
Ep022  LR0=1.68e-04  pw=1.86  aucα=0.300  token_p=0.020  dropE=(0.020,0.080)  smooth=0.010  train_loss=0.3050  train_AUPR_all=0.6389  train_AUPR_ab=0.7476  train_AUPR_ag=0.4691  train_P@5_ab=1.0000  train_P@5_ag=0.9500  val_loss=0.3320  val_AUPR_all=0.5976  val_AUPR_ab=0.7122  val_AUPR_ag=0.4173  val_P@5_ab=0.9500  val_P@5_ag=1.0000  select=0.5648
Ep023  LR0=1.65e-04  pw=1.78  aucα=0.300  token_p=0.020  dropE=(0.020,0.080)  smooth=0.010  train_loss=0.2912  train_AUPR_all=0.6525  train_AUPR_ab=0.7544  train_AUPR_ag=0.4930  train_P@5_ab=0.9500  train_P@5_ag=1.0000  val_loss=0.3272  val_AUPR_all=0.6053  val_AUPR_ab=0.7371  val_AUPR_ag=0.4000  val_P@5_ab=1.0000  val_P@5_ag=1.0000  select=0.5686
Ep024  LR0=1.62e-04  pw=1.70  aucα=0.300  token_p=0.020  dropE=(0.020,0.080)  smooth=0.010  train_loss=0.2850  train_AUPR_all=0.6566  train_AUPR_ab=0.7601  train_AUPR_ag=0.4918  train_P@5_ab=0.8000  train_P@5_ag=1.0000  val_loss=0.3157  val_AUPR_all=0.6160  val_AUPR_ab=0.7364  val_AUPR_ag=0.4168  val_P@5_ab=0.9500  val_P@5_ag=0.9500  select=0.5766
  Saved checkpoint: checkpoints_esm/iPara_balanced_l1_g7_i6_do0.10_dpr0.10_lr0.0002_heads16_fold3.pth  select=0.5766  val_ab=0.7364  val_ag=0.4168  val_all=0.6160
Ep025  LR0=1.59e-04  pw=1.64  aucα=0.300  token_p=0.020  dropE=(0.020,0.080)  smooth=0.010  train_loss=0.2780  train_AUPR_all=0.6625  train_AUPR_ab=0.7631  train_AUPR_ag=0.5054  train_P@5_ab=0.9500  train_P@5_ag=0.9500  val_loss=0.3111  val_AUPR_all=0.6123  val_AUPR_ab=0.7332  val_AUPR_ag=0.4221  val_P@5_ab=1.0000  val_P@5_ag=1.0000  select=0.5776
  Saved checkpoint: checkpoints_esm/iPara_balanced_l1_g7_i6_do0.10_dpr0.10_lr0.0002_heads16_fold3.pth  select=0.5776  val_ab=0.7332  val_ag=0.4221  val_all=0.6123
Ep026  LR0=1.56e-04  pw=1.57  aucα=0.300  token_p=0.020  dropE=(0.020,0.080)  smooth=0.010  train_loss=0.2668  train_AUPR_all=0.6755  train_AUPR_ab=0.7721  train_AUPR_ag=0.5257  train_P@5_ab=0.9500  train_P@5_ag=1.0000  val_loss=0.3087  val_AUPR_all=0.6228  val_AUPR_ab=0.7505  val_AUPR_ag=0.4283  val_P@5_ab=1.0000  val_P@5_ag=1.0000  select=0.5894
  Saved checkpoint: checkpoints_esm/iPara_balanced_l1_g7_i6_do0.10_dpr0.10_lr0.0002_heads16_fold3.pth  select=0.5894  val_ab=0.7505  val_ag=0.4283  val_all=0.6228
Ep027  LR0=1.52e-04  pw=1.52  aucα=0.300  token_p=0.020  dropE=(0.020,0.080)  smooth=0.010  train_loss=0.2635  train_AUPR_all=0.6775  train_AUPR_ab=0.7742  train_AUPR_ag=0.5294  train_P@5_ab=1.0000  train_P@5_ag=1.0000  val_loss=0.3047  val_AUPR_all=0.6199  val_AUPR_ab=0.7513  val_AUPR_ag=0.4209  val_P@5_ab=0.9500  val_P@5_ag=1.0000  select=0.5861
Ep028  LR0=1.49e-04  pw=1.47  aucα=0.300  token_p=0.020  dropE=(0.020,0.080)  smooth=0.010  train_loss=0.2570  train_AUPR_all=0.6849  train_AUPR_ab=0.7773  train_AUPR_ag=0.5426  train_P@5_ab=1.0000  train_P@5_ag=1.0000  val_loss=0.3012  val_AUPR_all=0.6125  val_AUPR_ab=0.7352  val_AUPR_ag=0.4243  val_P@5_ab=0.8000  val_P@5_ag=1.0000  select=0.5797
Ep029  LR0=1.46e-04  pw=1.43  aucα=0.300  token_p=0.020  dropE=(0.020,0.080)  smooth=0.010  train_loss=0.2462  train_AUPR_all=0.6986  train_AUPR_ab=0.7856  train_AUPR_ag=0.5652  train_P@5_ab=1.0000  train_P@5_ag=1.0000  val_loss=0.3027  val_AUPR_all=0.6189  val_AUPR_ab=0.7476  val_AUPR_ag=0.4185  val_P@5_ab=1.0000  val_P@5_ag=1.0000  select=0.5831
Ep030  LR0=1.42e-04  pw=1.39  aucα=0.300  token_p=0.020  dropE=(0.020,0.080)  smooth=0.010  train_loss=0.2388  train_AUPR_all=0.7073  train_AUPR_ab=0.7950  train_AUPR_ag=0.5729  train_P@5_ab=1.0000  train_P@5_ag=1.0000  val_loss=0.2983  val_AUPR_all=0.6050  val_AUPR_ab=0.7329  val_AUPR_ag=0.3965  val_P@5_ab=1.0000  val_P@5_ag=0.9500  select=0.5647
Ep031  LR0=1.38e-04  pw=1.35  aucα=0.300  token_p=0.020  dropE=(0.020,0.080)  smooth=0.010  train_loss=0.2327  train_AUPR_all=0.7134  train_AUPR_ab=0.7983  train_AUPR_ag=0.5844  train_P@5_ab=1.0000  train_P@5_ag=1.0000  val_loss=0.2906  val_AUPR_all=0.6265  val_AUPR_ab=0.7558  val_AUPR_ag=0.4236  val_P@5_ab=1.0000  val_P@5_ag=1.0000  select=0.5897
  Saved checkpoint: checkpoints_esm/iPara_balanced_l1_g7_i6_do0.10_dpr0.10_lr0.0002_heads16_fold3.pth  select=0.5897  val_ab=0.7558  val_ag=0.4236  val_all=0.6265
Ep032  LR0=1.35e-04  pw=1.32  aucα=0.300  token_p=0.020  dropE=(0.020,0.080)  smooth=0.010  train_loss=0.2281  train_AUPR_all=0.7198  train_AUPR_ab=0.8028  train_AUPR_ag=0.5942  train_P@5_ab=0.9500  train_P@5_ag=1.0000  val_loss=0.2989  val_AUPR_all=0.6079  val_AUPR_ab=0.7382  val_AUPR_ag=0.4234  val_P@5_ab=1.0000  val_P@5_ag=1.0000  select=0.5808
Ep033  LR0=1.31e-04  pw=1.29  aucα=0.300  token_p=0.020  dropE=(0.020,0.080)  smooth=0.010  train_loss=0.2186  train_AUPR_all=0.7307  train_AUPR_ab=0.8074  train_AUPR_ag=0.6144  train_P@5_ab=1.0000  train_P@5_ag=0.9000  val_loss=0.2947  val_AUPR_all=0.6092  val_AUPR_ab=0.7479  val_AUPR_ag=0.3952  val_P@5_ab=1.0000  val_P@5_ag=0.8500  select=0.5715
Ep034  LR0=1.27e-04  pw=1.26  aucα=0.300  token_p=0.020  dropE=(0.020,0.080)  smooth=0.010  train_loss=0.2179  train_AUPR_all=0.7330  train_AUPR_ab=0.8132  train_AUPR_ag=0.6109  train_P@5_ab=1.0000  train_P@5_ag=0.9500  val_loss=0.2844  val_AUPR_all=0.6246  val_AUPR_ab=0.7492  val_AUPR_ag=0.4343  val_P@5_ab=1.0000  val_P@5_ag=1.0000  select=0.5918
  Saved checkpoint: checkpoints_esm/iPara_balanced_l1_g7_i6_do0.10_dpr0.10_lr0.0002_heads16_fold3.pth  select=0.5918  val_ab=0.7492  val_ag=0.4343  val_all=0.6246
Ep035  LR0=1.24e-04  pw=1.23  aucα=0.300  token_p=0.020  dropE=(0.020,0.080)  smooth=0.010  train_loss=0.2103  train_AUPR_all=0.7418  train_AUPR_ab=0.8132  train_AUPR_ag=0.6351  train_P@5_ab=1.0000  train_P@5_ag=1.0000  val_loss=0.2843  val_AUPR_all=0.6261  val_AUPR_ab=0.7616  val_AUPR_ag=0.4223  val_P@5_ab=1.0000  val_P@5_ag=1.0000  select=0.5920
  Saved checkpoint: checkpoints_esm/iPara_balanced_l1_g7_i6_do0.10_dpr0.10_lr0.0002_heads16_fold3.pth  select=0.5920  val_ab=0.7616  val_ag=0.4223  val_all=0.6261
Ep036  LR0=1.20e-04  pw=1.21  aucα=0.300  token_p=0.020  dropE=(0.020,0.080)  smooth=0.010  train_loss=0.2007  train_AUPR_all=0.7569  train_AUPR_ab=0.8251  train_AUPR_ag=0.6551  train_P@5_ab=1.0000  train_P@5_ag=0.9500  val_loss=0.2869  val_AUPR_all=0.6217  val_AUPR_ab=0.7598  val_AUPR_ag=0.4125  val_P@5_ab=1.0000  val_P@5_ag=1.0000  select=0.5862
Ep037  LR0=1.16e-04  pw=1.19  aucα=0.300  token_p=0.020  dropE=(0.020,0.080)  smooth=0.010  train_loss=0.1971  train_AUPR_all=0.7613  train_AUPR_ab=0.8277  train_AUPR_ag=0.6619  train_P@5_ab=1.0000  train_P@5_ag=1.0000  val_loss=0.2861  val_AUPR_all=0.6260  val_AUPR_ab=0.7656  val_AUPR_ag=0.4156  val_P@5_ab=1.0000  val_P@5_ag=1.0000  select=0.5906
Ep038  LR0=1.12e-04  pw=1.17  aucα=0.300  token_p=0.020  dropE=(0.020,0.080)  smooth=0.010  train_loss=0.1969  train_AUPR_all=0.7599  train_AUPR_ab=0.8264  train_AUPR_ag=0.6611  train_P@5_ab=1.0000  train_P@5_ag=1.0000  val_loss=0.2895  val_AUPR_all=0.6200  val_AUPR_ab=0.7545  val_AUPR_ag=0.4246  val_P@5_ab=1.0000  val_P@5_ag=1.0000  select=0.5896
Ep039  LR0=1.08e-04  pw=1.16  aucα=0.300  token_p=0.020  dropE=(0.020,0.080)  smooth=0.010  train_loss=0.1886  train_AUPR_all=0.7741  train_AUPR_ab=0.8361  train_AUPR_ag=0.6822  train_P@5_ab=1.0000  train_P@5_ag=0.9500  val_loss=0.2829  val_AUPR_all=0.6245  val_AUPR_ab=0.7606  val_AUPR_ag=0.4255  val_P@5_ab=1.0000  val_P@5_ag=1.0000  select=0.5930
  Saved checkpoint: checkpoints_esm/iPara_balanced_l1_g7_i6_do0.10_dpr0.10_lr0.0002_heads16_fold3.pth  select=0.5930  val_ab=0.7606  val_ag=0.4255  val_all=0.6245
Ep040  LR0=1.04e-04  pw=1.14  aucα=0.300  token_p=0.020  dropE=(0.020,0.080)  smooth=0.010  train_loss=0.1823  train_AUPR_all=0.7848  train_AUPR_ab=0.8446  train_AUPR_ag=0.6960  train_P@5_ab=0.9500  train_P@5_ag=1.0000  val_loss=0.2833  val_AUPR_all=0.6225  val_AUPR_ab=0.7549  val_AUPR_ag=0.4194  val_P@5_ab=1.0000  val_P@5_ag=1.0000  select=0.5872
Ep041  LR0=1.00e-04  pw=1.13  aucα=0.300  token_p=0.020  dropE=(0.020,0.080)  smooth=0.010  train_loss=0.1793  train_AUPR_all=0.7888  train_AUPR_ab=0.8499  train_AUPR_ag=0.6974  train_P@5_ab=1.0000  train_P@5_ag=0.9500  val_loss=0.2790  val_AUPR_all=0.6350  val_AUPR_ab=0.7608  val_AUPR_ag=0.4421  val_P@5_ab=1.0000  val_P@5_ag=1.0000  select=0.6014
  Saved checkpoint: checkpoints_esm/iPara_balanced_l1_g7_i6_do0.10_dpr0.10_lr0.0002_heads16_fold3.pth  select=0.6014  val_ab=0.7608  val_ag=0.4421  val_all=0.6350
Ep042  LR0=9.63e-05  pw=1.12  aucα=0.300  token_p=0.020  dropE=(0.020,0.080)  smooth=0.010  train_loss=0.1794  train_AUPR_all=0.7870  train_AUPR_ab=0.8446  train_AUPR_ag=0.7014  train_P@5_ab=0.9500  train_P@5_ag=1.0000  val_loss=0.2825  val_AUPR_all=0.6224  val_AUPR_ab=0.7512  val_AUPR_ag=0.4234  val_P@5_ab=0.9500  val_P@5_ag=1.0000  select=0.5873
Ep043  LR0=9.24e-05  pw=1.10  aucα=0.300  token_p=0.020  dropE=(0.020,0.080)  smooth=0.010  train_loss=0.1705  train_AUPR_all=0.8028  train_AUPR_ab=0.8587  train_AUPR_ag=0.7200  train_P@5_ab=1.0000  train_P@5_ag=1.0000  val_loss=0.2910  val_AUPR_all=0.6124  val_AUPR_ab=0.7581  val_AUPR_ag=0.4102  val_P@5_ab=1.0000  val_P@5_ag=0.9500  select=0.5841
Ep044  LR0=8.85e-05  pw=1.09  aucα=0.300  token_p=0.020  dropE=(0.020,0.080)  smooth=0.010  train_loss=0.1690  train_AUPR_all=0.8035  train_AUPR_ab=0.8578  train_AUPR_ag=0.7229  train_P@5_ab=0.9500  train_P@5_ag=1.0000  val_loss=0.2789  val_AUPR_all=0.6237  val_AUPR_ab=0.7596  val_AUPR_ag=0.4157  val_P@5_ab=0.9500  val_P@5_ag=1.0000  select=0.5877
Ep045  LR0=8.46e-05  pw=1.09  aucα=0.300  token_p=0.020  dropE=(0.020,0.080)  smooth=0.010  train_loss=0.1663  train_AUPR_all=0.8101  train_AUPR_ab=0.8639  train_AUPR_ag=0.7299  train_P@5_ab=1.0000  train_P@5_ag=1.0000  val_loss=0.2861  val_AUPR_all=0.6221  val_AUPR_ab=0.7625  val_AUPR_ag=0.4221  val_P@5_ab=1.0000  val_P@5_ag=1.0000  select=0.5923
Ep046  LR0=8.08e-05  pw=1.08  aucα=0.300  token_p=0.020  dropE=(0.020,0.080)  smooth=0.010  train_loss=0.1588  train_AUPR_all=0.8211  train_AUPR_ab=0.8728  train_AUPR_ag=0.7439  train_P@5_ab=1.0000  train_P@5_ag=1.0000  val_loss=0.2955  val_AUPR_all=0.6066  val_AUPR_ab=0.7491  val_AUPR_ag=0.4132  val_P@5_ab=1.0000  val_P@5_ag=1.0000  select=0.5811
Ep047  LR0=7.70e-05  pw=1.07  aucα=0.300  token_p=0.020  dropE=(0.020,0.080)  smooth=0.010  train_loss=0.1589  train_AUPR_all=0.8198  train_AUPR_ab=0.8678  train_AUPR_ag=0.7489  train_P@5_ab=1.0000  train_P@5_ag=1.0000  val_loss=0.2851  val_AUPR_all=0.6228  val_AUPR_ab=0.7665  val_AUPR_ag=0.4134  val_P@5_ab=0.9500  val_P@5_ag=1.0000  select=0.5899
Ep048  LR0=7.32e-05  pw=1.06  aucα=0.300  token_p=0.020  dropE=(0.020,0.080)  smooth=0.010  train_loss=0.1534  train_AUPR_all=0.8289  train_AUPR_ab=0.8761  train_AUPR_ag=0.7591  train_P@5_ab=1.0000  train_P@5_ag=1.0000  val_loss=0.2865  val_AUPR_all=0.6164  val_AUPR_ab=0.7585  val_AUPR_ag=0.4151  val_P@5_ab=1.0000  val_P@5_ag=0.9000  select=0.5868
Ep049  LR0=6.94e-05  pw=1.06  aucα=0.300  token_p=0.020  dropE=(0.020,0.080)  smooth=0.010  train_loss=0.1504  train_AUPR_all=0.8332  train_AUPR_ab=0.8828  train_AUPR_ag=0.7582  train_P@5_ab=1.0000  train_P@5_ag=1.0000  val_loss=0.2905  val_AUPR_all=0.6134  val_AUPR_ab=0.7517  val_AUPR_ag=0.4188  val_P@5_ab=0.9500  val_P@5_ag=0.9000  select=0.5852
Ep050  LR0=6.57e-05  pw=1.05  aucα=0.300  token_p=0.020  dropE=(0.020,0.080)  smooth=0.010  train_loss=0.1481  train_AUPR_all=0.8373  train_AUPR_ab=0.8838  train_AUPR_ag=0.7674  train_P@5_ab=1.0000  train_P@5_ag=0.9500  val_loss=0.2877  val_AUPR_all=0.6081  val_AUPR_ab=0.7510  val_AUPR_ag=0.3953  val_P@5_ab=0.9000  val_P@5_ag=0.9000  select=0.5732
Ep051  LR0=6.21e-05  pw=1.05  aucα=0.300  token_p=0.020  dropE=(0.020,0.080)  smooth=0.010  train_loss=0.1456  train_AUPR_all=0.8429  train_AUPR_ab=0.8897  train_AUPR_ag=0.7726  train_P@5_ab=1.0000  train_P@5_ag=1.0000  val_loss=0.2911  val_AUPR_all=0.6136  val_AUPR_ab=0.7591  val_AUPR_ag=0.4187  val_P@5_ab=0.9000  val_P@5_ag=0.9500  select=0.5889
Ep052  LR0=5.85e-05  pw=1.04  aucα=0.300  token_p=0.020  dropE=(0.020,0.080)  smooth=0.010  train_loss=0.1382  train_AUPR_all=0.8545  train_AUPR_ab=0.8977  train_AUPR_ag=0.7898  train_P@5_ab=1.0000  train_P@5_ag=1.0000  val_loss=0.2981  val_AUPR_all=0.6095  val_AUPR_ab=0.7530  val_AUPR_ag=0.4032  val_P@5_ab=0.9000  val_P@5_ag=0.9000  select=0.5781
Ep053  LR0=5.50e-05  pw=1.04  aucα=0.300  token_p=0.020  dropE=(0.020,0.080)  smooth=0.010  train_loss=0.1424  train_AUPR_all=0.8474  train_AUPR_ab=0.8915  train_AUPR_ag=0.7815  train_P@5_ab=1.0000  train_P@5_ag=1.0000  val_loss=0.2917  val_AUPR_all=0.6048  val_AUPR_ab=0.7467  val_AUPR_ag=0.3951  val_P@5_ab=0.9000  val_P@5_ag=0.8000  select=0.5709
Ep054  LR0=5.15e-05  pw=1.03  aucα=0.300  token_p=0.020  dropE=(0.020,0.080)  smooth=0.010  train_loss=0.1341  train_AUPR_all=0.8606  train_AUPR_ab=0.9031  train_AUPR_ag=0.7958  train_P@5_ab=1.0000  train_P@5_ag=1.0000  val_loss=0.2924  val_AUPR_all=0.6137  val_AUPR_ab=0.7592  val_AUPR_ag=0.4032  val_P@5_ab=0.8500  val_P@5_ag=0.8000  select=0.5812
Ep055  LR0=4.81e-05  pw=1.03  aucα=0.300  token_p=0.020  dropE=(0.020,0.080)  smooth=0.010  train_loss=0.1294  train_AUPR_all=0.8687  train_AUPR_ab=0.9070  train_AUPR_ag=0.8112  train_P@5_ab=1.0000  train_P@5_ag=1.0000  val_loss=0.2979  val_AUPR_all=0.6057  val_AUPR_ab=0.7504  val_AUPR_ag=0.4101  val_P@5_ab=0.8500  val_P@5_ag=0.8500  select=0.5803
Ep056  LR0=4.48e-05  pw=1.03  aucα=0.300  token_p=0.020  dropE=(0.020,0.080)  smooth=0.010  train_loss=0.1287  train_AUPR_all=0.8687  train_AUPR_ab=0.9081  train_AUPR_ag=0.8090  train_P@5_ab=1.0000  train_P@5_ag=1.0000  val_loss=0.3054  val_AUPR_all=0.5973  val_AUPR_ab=0.7438  val_AUPR_ag=0.3938  val_P@5_ab=0.8000  val_P@5_ag=0.9500  select=0.5688
Ep057  LR0=4.16e-05  pw=1.03  aucα=0.300  token_p=0.020  dropE=(0.020,0.080)  smooth=0.010  train_loss=0.1288  train_AUPR_all=0.8696  train_AUPR_ab=0.9078  train_AUPR_ag=0.8127  train_P@5_ab=1.0000  train_P@5_ag=1.0000  val_loss=0.3028  val_AUPR_all=0.6024  val_AUPR_ab=0.7528  val_AUPR_ag=0.3965  val_P@5_ab=0.9000  val_P@5_ag=0.9500  select=0.5746
Ep058  LR0=3.85e-05  pw=1.02  aucα=0.300  token_p=0.020  dropE=(0.020,0.080)  smooth=0.010  train_loss=0.1291  train_AUPR_all=0.8684  train_AUPR_ab=0.9067  train_AUPR_ag=0.8107  train_P@5_ab=1.0000  train_P@5_ag=1.0000  val_loss=0.2987  val_AUPR_all=0.6101  val_AUPR_ab=0.7520  val_AUPR_ag=0.4032  val_P@5_ab=0.7500  val_P@5_ag=0.9000  select=0.5776
Ep059  LR0=3.55e-05  pw=1.02  aucα=0.300  token_p=0.020  dropE=(0.020,0.080)  smooth=0.010  train_loss=0.1225  train_AUPR_all=0.8791  train_AUPR_ab=0.9156  train_AUPR_ag=0.8239  train_P@5_ab=1.0000  train_P@5_ag=1.0000  val_loss=0.2988  val_AUPR_all=0.6019  val_AUPR_ab=0.7487  val_AUPR_ag=0.3991  val_P@5_ab=0.7500  val_P@5_ag=0.9000  select=0.5739
Ep060  LR0=3.25e-05  pw=1.02  aucα=0.300  token_p=0.020  dropE=(0.020,0.080)  smooth=0.010  train_loss=0.1239  train_AUPR_all=0.8769  train_AUPR_ab=0.9119  train_AUPR_ag=0.8245  train_P@5_ab=1.0000  train_P@5_ag=1.0000  val_loss=0.2951  val_AUPR_all=0.6072  val_AUPR_ab=0.7505  val_AUPR_ag=0.4089  val_P@5_ab=0.9000  val_P@5_ag=0.8500  select=0.5797
Ep061  LR0=2.97e-05  pw=1.02  aucα=0.300  token_p=0.020  dropE=(0.020,0.080)  smooth=0.010  train_loss=0.1193  train_AUPR_all=0.8850  train_AUPR_ab=0.9222  train_AUPR_ag=0.8278  train_P@5_ab=1.0000  train_P@5_ag=1.0000  val_loss=0.3021  val_AUPR_all=0.6081  val_AUPR_ab=0.7525  val_AUPR_ag=0.4016  val_P@5_ab=0.9000  val_P@5_ag=0.9000  select=0.5770
Early stopping at epoch 61. Best select=0.6014 at epoch 41.
Final saved checkpoint for fold 3: checkpoints_esm/iPara_balanced_l1_g7_i6_do0.10_dpr0.10_lr0.0002_heads16_fold3.pth
Best select=0.6014 at epoch 41

==========================================================================================
Fold 4/5
==========================================================================================
Train labels: valid=398858, pos=26560, neg=372298, ignore=700342, pos_frac=0.06659
Val labels: valid=101334, pos=6670, neg=94664, ignore=172266, pos_frac=0.06582
Initializing ClassificationModel with 7 GAT layers and residual connections...
Initializing MCModel with 7 GAT layers and 6 row attention layers (drop_path_rate=0.1, use_esm=True)
Initializing CoreModel with 1 layers, drop_path_rate=0.1
Ep001  LR0=2.00e-04  pw=8.00  aucα=0.000  token_p=0.020  dropE=(0.020,0.080)  smooth=0.010  train_loss=0.7898  train_AUPR_all=0.2011  train_AUPR_ab=0.2324  train_AUPR_ag=0.1619  train_P@5_ab=0.6500  train_P@5_ag=0.4000  val_loss=0.9381  val_AUPR_all=0.3722  val_AUPR_ab=0.4775  val_AUPR_ag=0.1953  val_P@5_ab=0.7000  val_P@5_ag=0.7500  select=0.3364
  Saved checkpoint: checkpoints_esm/iPara_balanced_l1_g7_i6_do0.10_dpr0.10_lr0.0002_heads16_fold4.pth  select=0.3364  val_ab=0.4775  val_ag=0.1953  val_all=0.3722
Ep002  LR0=2.00e-04  pw=7.33  aucα=0.000  token_p=0.020  dropE=(0.020,0.080)  smooth=0.010  train_loss=0.5485  train_AUPR_all=0.3841  train_AUPR_ab=0.4581  train_AUPR_ag=0.2598  train_P@5_ab=0.8000  train_P@5_ag=0.9500  val_loss=0.7823  val_AUPR_all=0.4193  val_AUPR_ab=0.5704  val_AUPR_ag=0.1663  val_P@5_ab=0.9500  val_P@5_ag=0.2000  select=0.3684
  Saved checkpoint: checkpoints_esm/iPara_balanced_l1_g7_i6_do0.10_dpr0.10_lr0.0002_heads16_fold4.pth  select=0.3684  val_ab=0.5704  val_ag=0.1663  val_all=0.4193
Ep003  LR0=2.00e-04  pw=6.73  aucα=0.000  token_p=0.020  dropE=(0.020,0.080)  smooth=0.010  train_loss=0.4914  train_AUPR_all=0.4240  train_AUPR_ab=0.5032  train_AUPR_ag=0.2813  train_P@5_ab=0.7500  train_P@5_ag=0.7500  val_loss=0.8121  val_AUPR_all=0.4548  val_AUPR_ab=0.6012  val_AUPR_ag=0.2259  val_P@5_ab=0.9500  val_P@5_ag=0.8000  select=0.4136
  Saved checkpoint: checkpoints_esm/iPara_balanced_l1_g7_i6_do0.10_dpr0.10_lr0.0002_heads16_fold4.pth  select=0.4136  val_ab=0.6012  val_ag=0.2259  val_all=0.4548
Ep004  LR0=1.99e-04  pw=6.19  aucα=0.000  token_p=0.020  dropE=(0.020,0.080)  smooth=0.010  train_loss=0.4477  train_AUPR_all=0.4678  train_AUPR_ab=0.5564  train_AUPR_ag=0.3082  train_P@5_ab=0.7500  train_P@5_ag=0.6500  val_loss=0.6602  val_AUPR_all=0.4706  val_AUPR_ab=0.6027  val_AUPR_ag=0.2492  val_P@5_ab=0.5500  val_P@5_ag=0.9500  select=0.4259
  Saved checkpoint: checkpoints_esm/iPara_balanced_l1_g7_i6_do0.10_dpr0.10_lr0.0002_heads16_fold4.pth  select=0.4259  val_ab=0.6027  val_ag=0.2492  val_all=0.4706
Ep005  LR0=1.99e-04  pw=5.69  aucα=0.000  token_p=0.020  dropE=(0.020,0.080)  smooth=0.010  train_loss=0.4210  train_AUPR_all=0.4736  train_AUPR_ab=0.5557  train_AUPR_ag=0.3198  train_P@5_ab=0.6000  train_P@5_ag=0.7000  val_loss=0.6768  val_AUPR_all=0.4939  val_AUPR_ab=0.6413  val_AUPR_ag=0.2565  val_P@5_ab=0.9500  val_P@5_ag=0.9000  select=0.4489
  Saved checkpoint: checkpoints_esm/iPara_balanced_l1_g7_i6_do0.10_dpr0.10_lr0.0002_heads16_fold4.pth  select=0.4489  val_ab=0.6413  val_ag=0.2565  val_all=0.4939
Ep006  LR0=1.98e-04  pw=5.25  aucα=0.000  token_p=0.020  dropE=(0.020,0.080)  smooth=0.010  train_loss=0.3892  train_AUPR_all=0.5046  train_AUPR_ab=0.5959  train_AUPR_ag=0.3343  train_P@5_ab=0.7000  train_P@5_ag=0.7500  val_loss=0.6706  val_AUPR_all=0.5030  val_AUPR_ab=0.6525  val_AUPR_ag=0.2584  val_P@5_ab=1.0000  val_P@5_ag=0.9000  select=0.4554
  Saved checkpoint: checkpoints_esm/iPara_balanced_l1_g7_i6_do0.10_dpr0.10_lr0.0002_heads16_fold4.pth  select=0.4554  val_ab=0.6525  val_ag=0.2584  val_all=0.5030
Ep007  LR0=1.97e-04  pw=4.84  aucα=0.000  token_p=0.020  dropE=(0.020,0.080)  smooth=0.010  train_loss=0.3678  train_AUPR_all=0.5048  train_AUPR_ab=0.6084  train_AUPR_ag=0.3287  train_P@5_ab=0.7500  train_P@5_ag=0.8500  val_loss=0.5477  val_AUPR_all=0.5186  val_AUPR_ab=0.6538  val_AUPR_ag=0.3065  val_P@5_ab=0.9500  val_P@5_ag=0.9000  select=0.4802
  Saved checkpoint: checkpoints_esm/iPara_balanced_l1_g7_i6_do0.10_dpr0.10_lr0.0002_heads16_fold4.pth  select=0.4802  val_ab=0.6538  val_ag=0.3065  val_all=0.5186
Ep008  LR0=1.96e-04  pw=4.48  aucα=0.000  token_p=0.020  dropE=(0.020,0.080)  smooth=0.010  train_loss=0.3447  train_AUPR_all=0.5276  train_AUPR_ab=0.6253  train_AUPR_ag=0.3522  train_P@5_ab=0.8500  train_P@5_ag=1.0000  val_loss=0.5412  val_AUPR_all=0.5073  val_AUPR_ab=0.6431  val_AUPR_ag=0.3291  val_P@5_ab=0.8000  val_P@5_ag=0.9000  select=0.4861
  Saved checkpoint: checkpoints_esm/iPara_balanced_l1_g7_i6_do0.10_dpr0.10_lr0.0002_heads16_fold4.pth  select=0.4861  val_ab=0.6431  val_ag=0.3291  val_all=0.5073
Ep009  LR0=1.95e-04  pw=4.15  aucα=0.000  token_p=0.020  dropE=(0.020,0.080)  smooth=0.010  train_loss=0.3271  train_AUPR_all=0.5314  train_AUPR_ab=0.6343  train_AUPR_ag=0.3532  train_P@5_ab=0.6500  train_P@5_ag=1.0000  val_loss=0.4988  val_AUPR_all=0.5447  val_AUPR_ab=0.6743  val_AUPR_ag=0.3496  val_P@5_ab=0.9500  val_P@5_ag=1.0000  select=0.5119
  Saved checkpoint: checkpoints_esm/iPara_balanced_l1_g7_i6_do0.10_dpr0.10_lr0.0002_heads16_fold4.pth  select=0.5119  val_ab=0.6743  val_ag=0.3496  val_all=0.5447
Ep010  LR0=1.94e-04  pw=3.85  aucα=0.030  token_p=0.020  dropE=(0.020,0.080)  smooth=0.010  train_loss=0.3322  train_AUPR_all=0.5319  train_AUPR_ab=0.6314  train_AUPR_ag=0.3521  train_P@5_ab=0.7000  train_P@5_ag=0.7000  val_loss=0.5091  val_AUPR_all=0.5241  val_AUPR_ab=0.6735  val_AUPR_ag=0.2948  val_P@5_ab=0.9500  val_P@5_ag=0.8500  select=0.4842
Unfreezing DyM parameters.
Ep011  LR0=1.92e-04  pw=3.58  aucα=0.060  token_p=0.020  dropE=(0.020,0.080)  smooth=0.010  train_loss=0.3250  train_AUPR_all=0.5536  train_AUPR_ab=0.6549  train_AUPR_ag=0.3745  train_P@5_ab=0.9500  train_P@5_ag=0.8000  val_loss=0.5078  val_AUPR_all=0.5393  val_AUPR_ab=0.7003  val_AUPR_ag=0.3235  val_P@5_ab=1.0000  val_P@5_ag=0.9500  select=0.5119
Ep012  LR0=1.91e-04  pw=3.33  aucα=0.090  token_p=0.020  dropE=(0.020,0.080)  smooth=0.010  train_loss=0.3248  train_AUPR_all=0.5644  train_AUPR_ab=0.6694  train_AUPR_ag=0.3805  train_P@5_ab=0.9500  train_P@5_ag=0.9000  val_loss=0.4594  val_AUPR_all=0.5567  val_AUPR_ab=0.6981  val_AUPR_ag=0.3283  val_P@5_ab=1.0000  val_P@5_ag=0.9500  select=0.5132
  Saved checkpoint: checkpoints_esm/iPara_balanced_l1_g7_i6_do0.10_dpr0.10_lr0.0002_heads16_fold4.pth  select=0.5132  val_ab=0.6981  val_ag=0.3283  val_all=0.5567
Ep013  LR0=1.89e-04  pw=3.11  aucα=0.120  token_p=0.020  dropE=(0.020,0.080)  smooth=0.010  train_loss=0.3257  train_AUPR_all=0.5686  train_AUPR_ab=0.6793  train_AUPR_ag=0.3787  train_P@5_ab=0.9000  train_P@5_ag=0.8500  val_loss=0.4498  val_AUPR_all=0.5423  val_AUPR_ab=0.6933  val_AUPR_ag=0.3265  val_P@5_ab=0.9500  val_P@5_ag=0.9500  select=0.5099
Ep014  LR0=1.87e-04  pw=2.91  aucα=0.150  token_p=0.020  dropE=(0.020,0.080)  smooth=0.010  train_loss=0.3264  train_AUPR_all=0.5780  train_AUPR_ab=0.6896  train_AUPR_ag=0.3894  train_P@5_ab=0.9000  train_P@5_ag=0.9500  val_loss=0.4660  val_AUPR_all=0.4800  val_AUPR_ab=0.7012  val_AUPR_ag=0.2718  val_P@5_ab=1.0000  val_P@5_ag=0.8000  select=0.4865
Ep015  LR0=1.85e-04  pw=2.73  aucα=0.180  token_p=0.020  dropE=(0.020,0.080)  smooth=0.010  train_loss=0.3275  train_AUPR_all=0.5871  train_AUPR_ab=0.7004  train_AUPR_ag=0.3963  train_P@5_ab=1.0000  train_P@5_ag=0.8000  val_loss=0.4074  val_AUPR_all=0.5547  val_AUPR_ab=0.7031  val_AUPR_ag=0.3355  val_P@5_ab=0.9500  val_P@5_ag=0.8500  select=0.5193
  Saved checkpoint: checkpoints_esm/iPara_balanced_l1_g7_i6_do0.10_dpr0.10_lr0.0002_heads16_fold4.pth  select=0.5193  val_ab=0.7031  val_ag=0.3355  val_all=0.5547
Ep016  LR0=1.83e-04  pw=2.56  aucα=0.210  token_p=0.020  dropE=(0.020,0.080)  smooth=0.010  train_loss=0.3262  train_AUPR_all=0.5975  train_AUPR_ab=0.7104  train_AUPR_ag=0.4116  train_P@5_ab=0.9500  train_P@5_ag=0.7000  val_loss=0.3898  val_AUPR_all=0.5863  val_AUPR_ab=0.7269  val_AUPR_ag=0.3639  val_P@5_ab=1.0000  val_P@5_ag=0.9500  select=0.5454
  Saved checkpoint: checkpoints_esm/iPara_balanced_l1_g7_i6_do0.10_dpr0.10_lr0.0002_heads16_fold4.pth  select=0.5454  val_ab=0.7269  val_ag=0.3639  val_all=0.5863
Ep017  LR0=1.81e-04  pw=2.41  aucα=0.240  token_p=0.020  dropE=(0.020,0.080)  smooth=0.010  train_loss=0.3298  train_AUPR_all=0.6040  train_AUPR_ab=0.7182  train_AUPR_ag=0.4153  train_P@5_ab=1.0000  train_P@5_ag=0.9000  val_loss=0.4191  val_AUPR_all=0.5804  val_AUPR_ab=0.7341  val_AUPR_ag=0.3389  val_P@5_ab=1.0000  val_P@5_ag=0.9000  select=0.5365
Ep018  LR0=1.79e-04  pw=2.28  aucα=0.270  token_p=0.020  dropE=(0.020,0.080)  smooth=0.010  train_loss=0.3360  train_AUPR_all=0.6048  train_AUPR_ab=0.7158  train_AUPR_ag=0.4237  train_P@5_ab=1.0000  train_P@5_ag=0.9500  val_loss=0.3786  val_AUPR_all=0.5786  val_AUPR_ab=0.7292  val_AUPR_ag=0.3581  val_P@5_ab=0.9500  val_P@5_ag=0.9500  select=0.5437
Ep019  LR0=1.76e-04  pw=2.16  aucα=0.300  token_p=0.020  dropE=(0.020,0.080)  smooth=0.010  train_loss=0.3374  train_AUPR_all=0.6115  train_AUPR_ab=0.7227  train_AUPR_ag=0.4324  train_P@5_ab=1.0000  train_P@5_ag=0.9500  val_loss=0.3674  val_AUPR_all=0.5870  val_AUPR_ab=0.7285  val_AUPR_ag=0.3643  val_P@5_ab=1.0000  val_P@5_ag=0.9500  select=0.5464
  Saved checkpoint: checkpoints_esm/iPara_balanced_l1_g7_i6_do0.10_dpr0.10_lr0.0002_heads16_fold4.pth  select=0.5464  val_ab=0.7285  val_ag=0.3643  val_all=0.5870
Ep020  LR0=1.73e-04  pw=2.05  aucα=0.300  token_p=0.020  dropE=(0.020,0.080)  smooth=0.010  train_loss=0.3255  train_AUPR_all=0.6220  train_AUPR_ab=0.7348  train_AUPR_ag=0.4379  train_P@5_ab=1.0000  train_P@5_ag=1.0000  val_loss=0.3608  val_AUPR_all=0.5935  val_AUPR_ab=0.7436  val_AUPR_ag=0.3701  val_P@5_ab=1.0000  val_P@5_ag=1.0000  select=0.5568
  Saved checkpoint: checkpoints_esm/iPara_balanced_l1_g7_i6_do0.10_dpr0.10_lr0.0002_heads16_fold4.pth  select=0.5568  val_ab=0.7436  val_ag=0.3701  val_all=0.5935
Ep021  LR0=1.71e-04  pw=1.95  aucα=0.300  token_p=0.020  dropE=(0.020,0.080)  smooth=0.010  train_loss=0.3164  train_AUPR_all=0.6281  train_AUPR_ab=0.7411  train_AUPR_ag=0.4440  train_P@5_ab=0.9000  train_P@5_ag=1.0000  val_loss=0.3455  val_AUPR_all=0.5957  val_AUPR_ab=0.7334  val_AUPR_ag=0.3754  val_P@5_ab=1.0000  val_P@5_ag=1.0000  select=0.5544
Ep022  LR0=1.68e-04  pw=1.86  aucα=0.300  token_p=0.020  dropE=(0.020,0.080)  smooth=0.010  train_loss=0.3057  train_AUPR_all=0.6409  train_AUPR_ab=0.7515  train_AUPR_ag=0.4638  train_P@5_ab=1.0000  train_P@5_ag=0.9500  val_loss=0.3371  val_AUPR_all=0.5961  val_AUPR_ab=0.7352  val_AUPR_ag=0.3841  val_P@5_ab=0.9500  val_P@5_ag=0.9500  select=0.5597
  Saved checkpoint: checkpoints_esm/iPara_balanced_l1_g7_i6_do0.10_dpr0.10_lr0.0002_heads16_fold4.pth  select=0.5597  val_ab=0.7352  val_ag=0.3841  val_all=0.5961
Ep023  LR0=1.65e-04  pw=1.78  aucα=0.300  token_p=0.020  dropE=(0.020,0.080)  smooth=0.010  train_loss=0.2984  train_AUPR_all=0.6428  train_AUPR_ab=0.7464  train_AUPR_ag=0.4783  train_P@5_ab=0.9500  train_P@5_ag=1.0000  val_loss=0.3242  val_AUPR_all=0.6118  val_AUPR_ab=0.7431  val_AUPR_ag=0.4050  val_P@5_ab=1.0000  val_P@5_ag=0.9500  select=0.5740
  Saved checkpoint: checkpoints_esm/iPara_balanced_l1_g7_i6_do0.10_dpr0.10_lr0.0002_heads16_fold4.pth  select=0.5740  val_ab=0.7431  val_ag=0.4050  val_all=0.6118
Ep024  LR0=1.62e-04  pw=1.70  aucα=0.300  token_p=0.020  dropE=(0.020,0.080)  smooth=0.010  train_loss=0.2918  train_AUPR_all=0.6474  train_AUPR_ab=0.7524  train_AUPR_ag=0.4801  train_P@5_ab=0.9500  train_P@5_ag=0.9000  val_loss=0.3320  val_AUPR_all=0.6001  val_AUPR_ab=0.7353  val_AUPR_ag=0.3830  val_P@5_ab=0.9500  val_P@5_ag=0.9500  select=0.5592
Ep025  LR0=1.59e-04  pw=1.64  aucα=0.300  token_p=0.020  dropE=(0.020,0.080)  smooth=0.010  train_loss=0.2812  train_AUPR_all=0.6584  train_AUPR_ab=0.7626  train_AUPR_ag=0.4924  train_P@5_ab=1.0000  train_P@5_ag=0.9500  val_loss=0.3272  val_AUPR_all=0.5975  val_AUPR_ab=0.7261  val_AUPR_ag=0.3983  val_P@5_ab=0.9500  val_P@5_ag=0.9500  select=0.5622
Ep026  LR0=1.56e-04  pw=1.57  aucα=0.300  token_p=0.020  dropE=(0.020,0.080)  smooth=0.010  train_loss=0.2713  train_AUPR_all=0.6683  train_AUPR_ab=0.7686  train_AUPR_ag=0.5092  train_P@5_ab=1.0000  train_P@5_ag=0.9000  val_loss=0.3184  val_AUPR_all=0.6038  val_AUPR_ab=0.7501  val_AUPR_ag=0.3842  val_P@5_ab=1.0000  val_P@5_ag=1.0000  select=0.5671
Ep027  LR0=1.52e-04  pw=1.52  aucα=0.300  token_p=0.020  dropE=(0.020,0.080)  smooth=0.010  train_loss=0.2665  train_AUPR_all=0.6716  train_AUPR_ab=0.7744  train_AUPR_ag=0.5080  train_P@5_ab=1.0000  train_P@5_ag=0.7500  val_loss=0.3143  val_AUPR_all=0.6039  val_AUPR_ab=0.7478  val_AUPR_ag=0.3928  val_P@5_ab=1.0000  val_P@5_ag=0.9000  select=0.5703
Ep028  LR0=1.49e-04  pw=1.47  aucα=0.300  token_p=0.020  dropE=(0.020,0.080)  smooth=0.010  train_loss=0.2550  train_AUPR_all=0.6858  train_AUPR_ab=0.7831  train_AUPR_ag=0.5329  train_P@5_ab=1.0000  train_P@5_ag=0.9500  val_loss=0.3037  val_AUPR_all=0.6112  val_AUPR_ab=0.7455  val_AUPR_ag=0.4100  val_P@5_ab=0.9500  val_P@5_ag=0.9000  select=0.5778
  Saved checkpoint: checkpoints_esm/iPara_balanced_l1_g7_i6_do0.10_dpr0.10_lr0.0002_heads16_fold4.pth  select=0.5778  val_ab=0.7455  val_ag=0.4100  val_all=0.6112
Ep029  LR0=1.46e-04  pw=1.43  aucα=0.300  token_p=0.020  dropE=(0.020,0.080)  smooth=0.010  train_loss=0.2496  train_AUPR_all=0.6913  train_AUPR_ab=0.7850  train_AUPR_ag=0.5446  train_P@5_ab=0.9500  train_P@5_ag=1.0000  val_loss=0.2973  val_AUPR_all=0.6232  val_AUPR_ab=0.7543  val_AUPR_ag=0.4180  val_P@5_ab=1.0000  val_P@5_ag=0.9500  select=0.5862
  Saved checkpoint: checkpoints_esm/iPara_balanced_l1_g7_i6_do0.10_dpr0.10_lr0.0002_heads16_fold4.pth  select=0.5862  val_ab=0.7543  val_ag=0.4180  val_all=0.6232
Ep030  LR0=1.42e-04  pw=1.39  aucα=0.300  token_p=0.020  dropE=(0.020,0.080)  smooth=0.010  train_loss=0.2461  train_AUPR_all=0.6935  train_AUPR_ab=0.7856  train_AUPR_ag=0.5490  train_P@5_ab=0.9500  train_P@5_ag=0.9500  val_loss=0.3067  val_AUPR_all=0.6128  val_AUPR_ab=0.7585  val_AUPR_ag=0.4200  val_P@5_ab=1.0000  val_P@5_ag=0.8500  select=0.5893
  Saved checkpoint: checkpoints_esm/iPara_balanced_l1_g7_i6_do0.10_dpr0.10_lr0.0002_heads16_fold4.pth  select=0.5893  val_ab=0.7585  val_ag=0.4200  val_all=0.6128
Ep031  LR0=1.38e-04  pw=1.35  aucα=0.300  token_p=0.020  dropE=(0.020,0.080)  smooth=0.010  train_loss=0.2367  train_AUPR_all=0.7078  train_AUPR_ab=0.7969  train_AUPR_ag=0.5688  train_P@5_ab=1.0000  train_P@5_ag=1.0000  val_loss=0.3011  val_AUPR_all=0.6183  val_AUPR_ab=0.7604  val_AUPR_ag=0.3909  val_P@5_ab=1.0000  val_P@5_ag=1.0000  select=0.5756
Ep032  LR0=1.35e-04  pw=1.32  aucα=0.300  token_p=0.020  dropE=(0.020,0.080)  smooth=0.010  train_loss=0.2283  train_AUPR_all=0.7206  train_AUPR_ab=0.8043  train_AUPR_ag=0.5918  train_P@5_ab=1.0000  train_P@5_ag=1.0000  val_loss=0.2905  val_AUPR_all=0.6203  val_AUPR_ab=0.7575  val_AUPR_ag=0.4100  val_P@5_ab=1.0000  val_P@5_ag=0.9000  select=0.5838
Ep033  LR0=1.31e-04  pw=1.29  aucα=0.300  token_p=0.020  dropE=(0.020,0.080)  smooth=0.010  train_loss=0.2198  train_AUPR_all=0.7311  train_AUPR_ab=0.8147  train_AUPR_ag=0.6017  train_P@5_ab=1.0000  train_P@5_ag=1.0000  val_loss=0.3010  val_AUPR_all=0.6191  val_AUPR_ab=0.7617  val_AUPR_ag=0.4011  val_P@5_ab=0.9500  val_P@5_ag=0.9000  select=0.5814
Ep034  LR0=1.27e-04  pw=1.26  aucα=0.300  token_p=0.020  dropE=(0.020,0.080)  smooth=0.010  train_loss=0.2193  train_AUPR_all=0.7300  train_AUPR_ab=0.8095  train_AUPR_ag=0.6085  train_P@5_ab=1.0000  train_P@5_ag=1.0000  val_loss=0.2987  val_AUPR_all=0.6166  val_AUPR_ab=0.7486  val_AUPR_ag=0.4179  val_P@5_ab=0.9000  val_P@5_ag=0.9500  select=0.5832
Ep035  LR0=1.24e-04  pw=1.23  aucα=0.300  token_p=0.020  dropE=(0.020,0.080)  smooth=0.010  train_loss=0.2104  train_AUPR_all=0.7439  train_AUPR_ab=0.8232  train_AUPR_ag=0.6215  train_P@5_ab=1.0000  train_P@5_ag=0.9500  val_loss=0.2924  val_AUPR_all=0.6236  val_AUPR_ab=0.7670  val_AUPR_ag=0.4161  val_P@5_ab=0.9500  val_P@5_ag=0.9500  select=0.5916
  Saved checkpoint: checkpoints_esm/iPara_balanced_l1_g7_i6_do0.10_dpr0.10_lr0.0002_heads16_fold4.pth  select=0.5916  val_ab=0.7670  val_ag=0.4161  val_all=0.6236
Ep036  LR0=1.20e-04  pw=1.21  aucα=0.300  token_p=0.020  dropE=(0.020,0.080)  smooth=0.010  train_loss=0.2029  train_AUPR_all=0.7537  train_AUPR_ab=0.8245  train_AUPR_ag=0.6458  train_P@5_ab=1.0000  train_P@5_ag=1.0000  val_loss=0.2937  val_AUPR_all=0.6267  val_AUPR_ab=0.7694  val_AUPR_ag=0.4239  val_P@5_ab=0.9500  val_P@5_ag=0.9500  select=0.5967
  Saved checkpoint: checkpoints_esm/iPara_balanced_l1_g7_i6_do0.10_dpr0.10_lr0.0002_heads16_fold4.pth  select=0.5967  val_ab=0.7694  val_ag=0.4239  val_all=0.6267
Ep037  LR0=1.16e-04  pw=1.19  aucα=0.300  token_p=0.020  dropE=(0.020,0.080)  smooth=0.010  train_loss=0.2005  train_AUPR_all=0.7566  train_AUPR_ab=0.8276  train_AUPR_ag=0.6486  train_P@5_ab=0.9500  train_P@5_ag=1.0000  val_loss=0.2927  val_AUPR_all=0.6275  val_AUPR_ab=0.7744  val_AUPR_ag=0.4177  val_P@5_ab=1.0000  val_P@5_ag=0.8500  select=0.5961
Ep038  LR0=1.12e-04  pw=1.17  aucα=0.300  token_p=0.020  dropE=(0.020,0.080)  smooth=0.010  train_loss=0.1966  train_AUPR_all=0.7602  train_AUPR_ab=0.8268  train_AUPR_ag=0.6591  train_P@5_ab=0.9500  train_P@5_ag=1.0000  val_loss=0.2886  val_AUPR_all=0.6282  val_AUPR_ab=0.7661  val_AUPR_ag=0.4288  val_P@5_ab=0.9500  val_P@5_ag=1.0000  select=0.5974
  Saved checkpoint: checkpoints_esm/iPara_balanced_l1_g7_i6_do0.10_dpr0.10_lr0.0002_heads16_fold4.pth  select=0.5974  val_ab=0.7661  val_ag=0.4288  val_all=0.6282
Ep039  LR0=1.08e-04  pw=1.16  aucα=0.300  token_p=0.020  dropE=(0.020,0.080)  smooth=0.010  train_loss=0.1908  train_AUPR_all=0.7709  train_AUPR_ab=0.8374  train_AUPR_ag=0.6702  train_P@5_ab=0.9500  train_P@5_ag=1.0000  val_loss=0.2868  val_AUPR_all=0.6268  val_AUPR_ab=0.7674  val_AUPR_ag=0.4227  val_P@5_ab=0.9000  val_P@5_ag=1.0000  select=0.5951
Ep040  LR0=1.04e-04  pw=1.14  aucα=0.300  token_p=0.020  dropE=(0.020,0.080)  smooth=0.010  train_loss=0.1847  train_AUPR_all=0.7805  train_AUPR_ab=0.8411  train_AUPR_ag=0.6892  train_P@5_ab=0.8500  train_P@5_ag=1.0000  val_loss=0.3009  val_AUPR_all=0.6064  val_AUPR_ab=0.7528  val_AUPR_ag=0.4078  val_P@5_ab=1.0000  val_P@5_ag=0.9500  select=0.5803
Ep041  LR0=1.00e-04  pw=1.13  aucα=0.300  token_p=0.020  dropE=(0.020,0.080)  smooth=0.010  train_loss=0.1815  train_AUPR_all=0.7849  train_AUPR_ab=0.8461  train_AUPR_ag=0.6924  train_P@5_ab=1.0000  train_P@5_ag=1.0000  val_loss=0.2926  val_AUPR_all=0.6264  val_AUPR_ab=0.7637  val_AUPR_ag=0.4285  val_P@5_ab=0.9500  val_P@5_ag=0.9500  select=0.5961
Ep042  LR0=9.63e-05  pw=1.12  aucα=0.300  token_p=0.020  dropE=(0.020,0.080)  smooth=0.010  train_loss=0.1721  train_AUPR_all=0.8014  train_AUPR_ab=0.8572  train_AUPR_ag=0.7173  train_P@5_ab=1.0000  train_P@5_ag=1.0000  val_loss=0.2997  val_AUPR_all=0.6121  val_AUPR_ab=0.7591  val_AUPR_ag=0.3978  val_P@5_ab=0.9500  val_P@5_ag=0.9500  select=0.5784
Ep043  LR0=9.24e-05  pw=1.10  aucα=0.300  token_p=0.020  dropE=(0.020,0.080)  smooth=0.010  train_loss=0.1697  train_AUPR_all=0.8037  train_AUPR_ab=0.8577  train_AUPR_ag=0.7229  train_P@5_ab=1.0000  train_P@5_ag=0.9000  val_loss=0.2883  val_AUPR_all=0.6175  val_AUPR_ab=0.7504  val_AUPR_ag=0.4145  val_P@5_ab=0.8500  val_P@5_ag=0.9500  select=0.5824
Ep044  LR0=8.85e-05  pw=1.09  aucα=0.300  token_p=0.020  dropE=(0.020,0.080)  smooth=0.010  train_loss=0.1685  train_AUPR_all=0.8048  train_AUPR_ab=0.8586  train_AUPR_ag=0.7240  train_P@5_ab=1.0000  train_P@5_ag=1.0000  val_loss=0.2923  val_AUPR_all=0.6214  val_AUPR_ab=0.7678  val_AUPR_ag=0.4286  val_P@5_ab=1.0000  val_P@5_ag=0.9500  select=0.5982
  Saved checkpoint: checkpoints_esm/iPara_balanced_l1_g7_i6_do0.10_dpr0.10_lr0.0002_heads16_fold4.pth  select=0.5982  val_ab=0.7678  val_ag=0.4286  val_all=0.6214
Ep045  LR0=8.46e-05  pw=1.09  aucα=0.300  token_p=0.020  dropE=(0.020,0.080)  smooth=0.010  train_loss=0.1659  train_AUPR_all=0.8092  train_AUPR_ab=0.8641  train_AUPR_ag=0.7261  train_P@5_ab=1.0000  train_P@5_ag=1.0000  val_loss=0.2980  val_AUPR_all=0.6110  val_AUPR_ab=0.7599  val_AUPR_ag=0.4210  val_P@5_ab=1.0000  val_P@5_ag=1.0000  select=0.5904
Ep046  LR0=8.08e-05  pw=1.08  aucα=0.300  token_p=0.020  dropE=(0.020,0.080)  smooth=0.010  train_loss=0.1608  train_AUPR_all=0.8170  train_AUPR_ab=0.8675  train_AUPR_ag=0.7414  train_P@5_ab=1.0000  train_P@5_ag=1.0000  val_loss=0.2998  val_AUPR_all=0.6191  val_AUPR_ab=0.7667  val_AUPR_ag=0.4271  val_P@5_ab=1.0000  val_P@5_ag=1.0000  select=0.5969
Ep047  LR0=7.70e-05  pw=1.07  aucα=0.300  token_p=0.020  dropE=(0.020,0.080)  smooth=0.010  train_loss=0.1579  train_AUPR_all=0.8223  train_AUPR_ab=0.8722  train_AUPR_ag=0.7473  train_P@5_ab=1.0000  train_P@5_ag=1.0000  val_loss=0.2835  val_AUPR_all=0.6306  val_AUPR_ab=0.7648  val_AUPR_ag=0.4356  val_P@5_ab=0.9500  val_P@5_ag=0.9000  select=0.6002
  Saved checkpoint: checkpoints_esm/iPara_balanced_l1_g7_i6_do0.10_dpr0.10_lr0.0002_heads16_fold4.pth  select=0.6002  val_ab=0.7648  val_ag=0.4356  val_all=0.6306
Ep048  LR0=7.32e-05  pw=1.06  aucα=0.300  token_p=0.020  dropE=(0.020,0.080)  smooth=0.010  train_loss=0.1520  train_AUPR_all=0.8323  train_AUPR_ab=0.8783  train_AUPR_ag=0.7636  train_P@5_ab=1.0000  train_P@5_ag=1.0000  val_loss=0.2917  val_AUPR_all=0.6222  val_AUPR_ab=0.7599  val_AUPR_ag=0.4236  val_P@5_ab=0.9500  val_P@5_ag=0.8500  select=0.5917
Ep049  LR0=6.94e-05  pw=1.06  aucα=0.300  token_p=0.020  dropE=(0.020,0.080)  smooth=0.010  train_loss=0.1479  train_AUPR_all=0.8396  train_AUPR_ab=0.8850  train_AUPR_ag=0.7712  train_P@5_ab=1.0000  train_P@5_ag=1.0000  val_loss=0.2950  val_AUPR_all=0.6240  val_AUPR_ab=0.7666  val_AUPR_ag=0.4269  val_P@5_ab=0.8500  val_P@5_ag=0.7500  select=0.5968
Ep050  LR0=6.57e-05  pw=1.05  aucα=0.300  token_p=0.020  dropE=(0.020,0.080)  smooth=0.010  train_loss=0.1460  train_AUPR_all=0.8417  train_AUPR_ab=0.8870  train_AUPR_ag=0.7735  train_P@5_ab=1.0000  train_P@5_ag=1.0000  val_loss=0.2872  val_AUPR_all=0.6252  val_AUPR_ab=0.7631  val_AUPR_ag=0.4305  val_P@5_ab=0.9500  val_P@5_ag=1.0000  select=0.5968
Ep051  LR0=6.21e-05  pw=1.05  aucα=0.300  token_p=0.020  dropE=(0.020,0.080)  smooth=0.010  train_loss=0.1423  train_AUPR_all=0.8484  train_AUPR_ab=0.8904  train_AUPR_ag=0.7858  train_P@5_ab=1.0000  train_P@5_ag=1.0000  val_loss=0.3038  val_AUPR_all=0.6187  val_AUPR_ab=0.7694  val_AUPR_ag=0.4139  val_P@5_ab=0.9500  val_P@5_ag=0.7500  select=0.5917
Ep052  LR0=5.85e-05  pw=1.04  aucα=0.300  token_p=0.020  dropE=(0.020,0.080)  smooth=0.010  train_loss=0.1387  train_AUPR_all=0.8535  train_AUPR_ab=0.8958  train_AUPR_ag=0.7901  train_P@5_ab=1.0000  train_P@5_ag=0.9500  val_loss=0.2990  val_AUPR_all=0.6154  val_AUPR_ab=0.7678  val_AUPR_ag=0.3943  val_P@5_ab=0.9500  val_P@5_ag=0.8000  select=0.5811
Ep053  LR0=5.50e-05  pw=1.04  aucα=0.300  token_p=0.020  dropE=(0.020,0.080)  smooth=0.010  train_loss=0.1408  train_AUPR_all=0.8487  train_AUPR_ab=0.8883  train_AUPR_ag=0.7897  train_P@5_ab=1.0000  train_P@5_ag=1.0000  val_loss=0.3064  val_AUPR_all=0.6157  val_AUPR_ab=0.7579  val_AUPR_ag=0.4139  val_P@5_ab=0.9500  val_P@5_ag=0.9500  select=0.5859
Ep054  LR0=5.15e-05  pw=1.03  aucα=0.300  token_p=0.020  dropE=(0.020,0.080)  smooth=0.010  train_loss=0.1341  train_AUPR_all=0.8618  train_AUPR_ab=0.9000  train_AUPR_ag=0.8048  train_P@5_ab=1.0000  train_P@5_ag=1.0000  val_loss=0.3063  val_AUPR_all=0.6210  val_AUPR_ab=0.7663  val_AUPR_ag=0.4247  val_P@5_ab=0.9000  val_P@5_ag=0.9000  select=0.5955
Ep055  LR0=4.81e-05  pw=1.03  aucα=0.300  token_p=0.020  dropE=(0.020,0.080)  smooth=0.010  train_loss=0.1342  train_AUPR_all=0.8602  train_AUPR_ab=0.8992  train_AUPR_ag=0.8020  train_P@5_ab=1.0000  train_P@5_ag=1.0000  val_loss=0.3003  val_AUPR_all=0.6157  val_AUPR_ab=0.7586  val_AUPR_ag=0.4229  val_P@5_ab=0.8500  val_P@5_ag=0.7500  select=0.5908
Ep056  LR0=4.48e-05  pw=1.03  aucα=0.300  token_p=0.020  dropE=(0.020,0.080)  smooth=0.010  train_loss=0.1315  train_AUPR_all=0.8658  train_AUPR_ab=0.9032  train_AUPR_ag=0.8097  train_P@5_ab=1.0000  train_P@5_ag=1.0000  val_loss=0.2987  val_AUPR_all=0.6189  val_AUPR_ab=0.7546  val_AUPR_ag=0.4288  val_P@5_ab=0.9500  val_P@5_ag=0.9500  select=0.5917
Ep057  LR0=4.16e-05  pw=1.03  aucα=0.300  token_p=0.020  dropE=(0.020,0.080)  smooth=0.010  train_loss=0.1292  train_AUPR_all=0.8680  train_AUPR_ab=0.9038  train_AUPR_ag=0.8149  train_P@5_ab=1.0000  train_P@5_ag=1.0000  val_loss=0.3043  val_AUPR_all=0.6171  val_AUPR_ab=0.7592  val_AUPR_ag=0.4245  val_P@5_ab=0.9000  val_P@5_ag=0.9000  select=0.5919
Ep058  LR0=3.85e-05  pw=1.02  aucα=0.300  token_p=0.020  dropE=(0.020,0.080)  smooth=0.010  train_loss=0.1267  train_AUPR_all=0.8717  train_AUPR_ab=0.9071  train_AUPR_ag=0.8185  train_P@5_ab=1.0000  train_P@5_ag=1.0000  val_loss=0.3077  val_AUPR_all=0.6250  val_AUPR_ab=0.7627  val_AUPR_ag=0.4295  val_P@5_ab=0.8500  val_P@5_ag=0.8000  select=0.5961
Ep059  LR0=3.55e-05  pw=1.02  aucα=0.300  token_p=0.020  dropE=(0.020,0.080)  smooth=0.010  train_loss=0.1233  train_AUPR_all=0.8795  train_AUPR_ab=0.9121  train_AUPR_ag=0.8311  train_P@5_ab=1.0000  train_P@5_ag=1.0000  val_loss=0.3085  val_AUPR_all=0.6151  val_AUPR_ab=0.7535  val_AUPR_ag=0.4200  val_P@5_ab=0.9500  val_P@5_ag=0.9500  select=0.5867
Ep060  LR0=3.25e-05  pw=1.02  aucα=0.300  token_p=0.020  dropE=(0.020,0.080)  smooth=0.010  train_loss=0.1209  train_AUPR_all=0.8821  train_AUPR_ab=0.9157  train_AUPR_ag=0.8315  train_P@5_ab=1.0000  train_P@5_ag=1.0000  val_loss=0.3090  val_AUPR_all=0.6145  val_AUPR_ab=0.7551  val_AUPR_ag=0.4212  val_P@5_ab=0.8500  val_P@5_ag=0.7500  select=0.5881
Ep061  LR0=2.97e-05  pw=1.02  aucα=0.300  token_p=0.020  dropE=(0.020,0.080)  smooth=0.010  train_loss=0.1179  train_AUPR_all=0.8874  train_AUPR_ab=0.9208  train_AUPR_ag=0.8365  train_P@5_ab=1.0000  train_P@5_ag=1.0000  val_loss=0.3107  val_AUPR_all=0.6237  val_AUPR_ab=0.7621  val_AUPR_ag=0.4272  val_P@5_ab=0.9000  val_P@5_ag=0.8000  select=0.5946
Ep062  LR0=2.70e-05  pw=1.02  aucα=0.300  token_p=0.020  dropE=(0.020,0.080)  smooth=0.010  train_loss=0.1197  train_AUPR_all=0.8843  train_AUPR_ab=0.9166  train_AUPR_ag=0.8363  train_P@5_ab=1.0000  train_P@5_ag=1.0000  val_loss=0.3039  val_AUPR_all=0.6125  val_AUPR_ab=0.7461  val_AUPR_ag=0.4252  val_P@5_ab=0.8500  val_P@5_ag=0.7500  select=0.5856
Ep063  LR0=2.44e-05  pw=1.01  aucα=0.300  token_p=0.020  dropE=(0.020,0.080)  smooth=0.010  train_loss=0.1160  train_AUPR_all=0.8905  train_AUPR_ab=0.9237  train_AUPR_ag=0.8398  train_P@5_ab=1.0000  train_P@5_ag=1.0000  val_loss=0.3105  val_AUPR_all=0.6172  val_AUPR_ab=0.7580  val_AUPR_ag=0.4212  val_P@5_ab=0.8000  val_P@5_ag=0.7500  select=0.5896
Ep064  LR0=2.19e-05  pw=1.01  aucα=0.300  token_p=0.020  dropE=(0.020,0.080)  smooth=0.010  train_loss=0.1143  train_AUPR_all=0.8923  train_AUPR_ab=0.9265  train_AUPR_ag=0.8396  train_P@5_ab=1.0000  train_P@5_ag=1.0000  val_loss=0.3071  val_AUPR_all=0.6090  val_AUPR_ab=0.7501  val_AUPR_ag=0.4156  val_P@5_ab=0.8000  val_P@5_ag=0.6000  select=0.5828
Ep065  LR0=1.96e-05  pw=1.01  aucα=0.300  token_p=0.020  dropE=(0.020,0.080)  smooth=0.010  train_loss=0.1152  train_AUPR_all=0.8905  train_AUPR_ab=0.9209  train_AUPR_ag=0.8449  train_P@5_ab=1.0000  train_P@5_ag=1.0000  val_loss=0.3069  val_AUPR_all=0.6098  val_AUPR_ab=0.7488  val_AUPR_ag=0.4129  val_P@5_ab=0.8500  val_P@5_ag=0.8000  select=0.5808
Ep066  LR0=1.73e-05  pw=1.01  aucα=0.300  token_p=0.020  dropE=(0.020,0.080)  smooth=0.010  train_loss=0.1098  train_AUPR_all=0.9001  train_AUPR_ab=0.9299  train_AUPR_ag=0.8552  train_P@5_ab=1.0000  train_P@5_ag=1.0000  val_loss=0.3104  val_AUPR_all=0.6107  val_AUPR_ab=0.7516  val_AUPR_ag=0.4188  val_P@5_ab=0.7500  val_P@5_ag=0.5500  select=0.5852
Ep067  LR0=1.52e-05  pw=1.01  aucα=0.300  token_p=0.020  dropE=(0.020,0.080)  smooth=0.010  train_loss=0.1156  train_AUPR_all=0.8905  train_AUPR_ab=0.9219  train_AUPR_ag=0.8435  train_P@5_ab=1.0000  train_P@5_ag=1.0000  val_loss=0.3053  val_AUPR_all=0.6129  val_AUPR_ab=0.7508  val_AUPR_ag=0.4166  val_P@5_ab=0.8500  val_P@5_ag=0.6500  select=0.5837
Early stopping at epoch 67. Best select=0.6002 at epoch 47.
Final saved checkpoint for fold 4: checkpoints_esm/iPara_balanced_l1_g7_i6_do0.10_dpr0.10_lr0.0002_heads16_fold4.pth
Best select=0.6002 at epoch 47

==========================================================================================
Fold 5/5
==========================================================================================
Train labels: valid=399660, pos=26617, neg=373043, ignore=699540, pos_frac=0.06660
Val labels: valid=100532, pos=6613, neg=93919, ignore=173068, pos_frac=0.06578
Initializing ClassificationModel with 7 GAT layers and residual connections...
Initializing MCModel with 7 GAT layers and 6 row attention layers (drop_path_rate=0.1, use_esm=True)
Initializing CoreModel with 1 layers, drop_path_rate=0.1
Ep001  LR0=2.00e-04  pw=8.00  aucα=0.000  token_p=0.020  dropE=(0.020,0.080)  smooth=0.010  train_loss=0.7654  train_AUPR_all=0.2063  train_AUPR_ab=0.2366  train_AUPR_ag=0.1611  train_P@5_ab=0.4000  train_P@5_ag=0.0000  val_loss=0.8546  val_AUPR_all=0.3677  val_AUPR_ab=0.5216  val_AUPR_ag=0.1704  val_P@5_ab=0.9500  val_P@5_ag=0.6000  select=0.3460
  Saved checkpoint: checkpoints_esm/iPara_balanced_l1_g7_i6_do0.10_dpr0.10_lr0.0002_heads16_fold5.pth  select=0.3460  val_ab=0.5216  val_ag=0.1704  val_all=0.3677
Ep002  LR0=2.00e-04  pw=7.33  aucα=0.000  token_p=0.020  dropE=(0.020,0.080)  smooth=0.010  train_loss=0.5491  train_AUPR_all=0.3742  train_AUPR_ab=0.4593  train_AUPR_ag=0.2394  train_P@5_ab=0.6500  train_P@5_ag=0.6500  val_loss=0.7602  val_AUPR_all=0.4066  val_AUPR_ab=0.4930  val_AUPR_ag=0.2368  val_P@5_ab=0.5000  val_P@5_ag=0.9500  select=0.3649
  Saved checkpoint: checkpoints_esm/iPara_balanced_l1_g7_i6_do0.10_dpr0.10_lr0.0002_heads16_fold5.pth  select=0.3649  val_ab=0.4930  val_ag=0.2368  val_all=0.4066
Ep003  LR0=2.00e-04  pw=6.73  aucα=0.000  token_p=0.020  dropE=(0.020,0.080)  smooth=0.010  train_loss=0.4889  train_AUPR_all=0.4286  train_AUPR_ab=0.5041  train_AUPR_ag=0.2909  train_P@5_ab=0.8500  train_P@5_ag=0.8500  val_loss=0.7507  val_AUPR_all=0.4483  val_AUPR_ab=0.6020  val_AUPR_ag=0.2416  val_P@5_ab=0.9000  val_P@5_ag=0.8000  select=0.4218
  Saved checkpoint: checkpoints_esm/iPara_balanced_l1_g7_i6_do0.10_dpr0.10_lr0.0002_heads16_fold5.pth  select=0.4218  val_ab=0.6020  val_ag=0.2416  val_all=0.4483
Ep004  LR0=1.99e-04  pw=6.19  aucα=0.000  token_p=0.020  dropE=(0.020,0.080)  smooth=0.010  train_loss=0.4467  train_AUPR_all=0.4572  train_AUPR_ab=0.5370  train_AUPR_ag=0.3140  train_P@5_ab=0.7500  train_P@5_ag=0.9500  val_loss=0.6338  val_AUPR_all=0.4743  val_AUPR_ab=0.6222  val_AUPR_ag=0.3030  val_P@5_ab=0.5000  val_P@5_ag=0.8500  select=0.4626
  Saved checkpoint: checkpoints_esm/iPara_balanced_l1_g7_i6_do0.10_dpr0.10_lr0.0002_heads16_fold5.pth  select=0.4626  val_ab=0.6222  val_ag=0.3030  val_all=0.4743
Ep005  LR0=1.99e-04  pw=5.69  aucα=0.000  token_p=0.020  dropE=(0.020,0.080)  smooth=0.010  train_loss=0.4179  train_AUPR_all=0.4764  train_AUPR_ab=0.5642  train_AUPR_ag=0.3148  train_P@5_ab=0.7500  train_P@5_ag=0.8500  val_loss=0.6234  val_AUPR_all=0.4962  val_AUPR_ab=0.6560  val_AUPR_ag=0.2686  val_P@5_ab=0.7000  val_P@5_ag=0.5000  select=0.4623
Ep006  LR0=1.98e-04  pw=5.25  aucα=0.000  token_p=0.020  dropE=(0.020,0.080)  smooth=0.010  train_loss=0.3866  train_AUPR_all=0.5035  train_AUPR_ab=0.5884  train_AUPR_ag=0.3457  train_P@5_ab=0.6500  train_P@5_ag=0.9000  val_loss=0.8576  val_AUPR_all=0.4460  val_AUPR_ab=0.6670  val_AUPR_ag=0.2220  val_P@5_ab=0.9500  val_P@5_ag=0.8500  select=0.4445
Ep007  LR0=1.97e-04  pw=4.84  aucα=0.000  token_p=0.020  dropE=(0.020,0.080)  smooth=0.010  train_loss=0.3695  train_AUPR_all=0.5114  train_AUPR_ab=0.5991  train_AUPR_ag=0.3469  train_P@5_ab=0.7000  train_P@5_ag=0.9500  val_loss=0.6158  val_AUPR_all=0.5195  val_AUPR_ab=0.6723  val_AUPR_ag=0.2992  val_P@5_ab=1.0000  val_P@5_ag=0.8000  select=0.4857
  Saved checkpoint: checkpoints_esm/iPara_balanced_l1_g7_i6_do0.10_dpr0.10_lr0.0002_heads16_fold5.pth  select=0.4857  val_ab=0.6723  val_ag=0.2992  val_all=0.5195
Ep008  LR0=1.96e-04  pw=4.48  aucα=0.000  token_p=0.020  dropE=(0.020,0.080)  smooth=0.010  train_loss=0.3461  train_AUPR_all=0.5307  train_AUPR_ab=0.6170  train_AUPR_ag=0.3681  train_P@5_ab=0.6000  train_P@5_ag=1.0000  val_loss=0.5730  val_AUPR_all=0.5085  val_AUPR_ab=0.6594  val_AUPR_ag=0.2988  val_P@5_ab=0.9000  val_P@5_ag=0.9500  select=0.4791
Ep009  LR0=1.95e-04  pw=4.15  aucα=0.000  token_p=0.020  dropE=(0.020,0.080)  smooth=0.010  train_loss=0.3275  train_AUPR_all=0.5366  train_AUPR_ab=0.6325  train_AUPR_ag=0.3631  train_P@5_ab=0.9000  train_P@5_ag=0.8000  val_loss=0.8165  val_AUPR_all=0.3792  val_AUPR_ab=0.5949  val_AUPR_ag=0.2041  val_P@5_ab=0.4500  val_P@5_ag=0.9000  select=0.3995
Ep010  LR0=1.94e-04  pw=3.85  aucα=0.030  token_p=0.020  dropE=(0.020,0.080)  smooth=0.010  train_loss=0.3270  train_AUPR_all=0.5498  train_AUPR_ab=0.6523  train_AUPR_ag=0.3713  train_P@5_ab=0.9500  train_P@5_ag=1.0000  val_loss=0.5070  val_AUPR_all=0.5351  val_AUPR_ab=0.6896  val_AUPR_ag=0.2791  val_P@5_ab=0.9000  val_P@5_ag=0.9000  select=0.4843
Unfreezing DyM parameters.
Ep011  LR0=1.92e-04  pw=3.58  aucα=0.060  token_p=0.020  dropE=(0.020,0.080)  smooth=0.010  train_loss=0.3256  train_AUPR_all=0.5537  train_AUPR_ab=0.6590  train_AUPR_ag=0.3730  train_P@5_ab=0.8000  train_P@5_ag=1.0000  val_loss=0.4657  val_AUPR_all=0.5304  val_AUPR_ab=0.7006  val_AUPR_ag=0.3214  val_P@5_ab=0.9500  val_P@5_ag=0.8000  select=0.5110
  Saved checkpoint: checkpoints_esm/iPara_balanced_l1_g7_i6_do0.10_dpr0.10_lr0.0002_heads16_fold5.pth  select=0.5110  val_ab=0.7006  val_ag=0.3214  val_all=0.5304
Ep012  LR0=1.91e-04  pw=3.33  aucα=0.090  token_p=0.020  dropE=(0.020,0.080)  smooth=0.010  train_loss=0.3247  train_AUPR_all=0.5680  train_AUPR_ab=0.6735  train_AUPR_ag=0.3843  train_P@5_ab=0.9000  train_P@5_ag=1.0000  val_loss=0.4375  val_AUPR_all=0.5735  val_AUPR_ab=0.7094  val_AUPR_ag=0.3525  val_P@5_ab=1.0000  val_P@5_ag=1.0000  select=0.5309
  Saved checkpoint: checkpoints_esm/iPara_balanced_l1_g7_i6_do0.10_dpr0.10_lr0.0002_heads16_fold5.pth  select=0.5309  val_ab=0.7094  val_ag=0.3525  val_all=0.5735
Ep013  LR0=1.89e-04  pw=3.11  aucα=0.120  token_p=0.020  dropE=(0.020,0.080)  smooth=0.010  train_loss=0.3242  train_AUPR_all=0.5739  train_AUPR_ab=0.6785  train_AUPR_ag=0.3955  train_P@5_ab=1.0000  train_P@5_ag=1.0000  val_loss=0.4244  val_AUPR_all=0.5785  val_AUPR_ab=0.7135  val_AUPR_ag=0.3630  val_P@5_ab=0.9000  val_P@5_ag=0.9500  select=0.5382
  Saved checkpoint: checkpoints_esm/iPara_balanced_l1_g7_i6_do0.10_dpr0.10_lr0.0002_heads16_fold5.pth  select=0.5382  val_ab=0.7135  val_ag=0.3630  val_all=0.5785
Ep014  LR0=1.87e-04  pw=2.91  aucα=0.150  token_p=0.020  dropE=(0.020,0.080)  smooth=0.010  train_loss=0.3269  train_AUPR_all=0.5812  train_AUPR_ab=0.6934  train_AUPR_ag=0.3922  train_P@5_ab=0.9500  train_P@5_ag=0.9500  val_loss=0.4282  val_AUPR_all=0.5797  val_AUPR_ab=0.7250  val_AUPR_ag=0.3438  val_P@5_ab=0.9500  val_P@5_ag=0.9000  select=0.5344
Ep015  LR0=1.85e-04  pw=2.73  aucα=0.180  token_p=0.020  dropE=(0.020,0.080)  smooth=0.010  train_loss=0.3256  train_AUPR_all=0.5921  train_AUPR_ab=0.6990  train_AUPR_ag=0.4134  train_P@5_ab=1.0000  train_P@5_ag=0.9500  val_loss=0.4572  val_AUPR_all=0.5393  val_AUPR_ab=0.7241  val_AUPR_ag=0.3143  val_P@5_ab=1.0000  val_P@5_ag=0.9000  select=0.5192
Ep016  LR0=1.83e-04  pw=2.56  aucα=0.210  token_p=0.020  dropE=(0.020,0.080)  smooth=0.010  train_loss=0.3279  train_AUPR_all=0.5981  train_AUPR_ab=0.7048  train_AUPR_ag=0.4208  train_P@5_ab=0.9000  train_P@5_ag=0.9500  val_loss=0.4474  val_AUPR_all=0.5385  val_AUPR_ab=0.7309  val_AUPR_ag=0.2955  val_P@5_ab=1.0000  val_P@5_ag=0.9000  select=0.5132
Ep017  LR0=1.81e-04  pw=2.41  aucα=0.240  token_p=0.020  dropE=(0.020,0.080)  smooth=0.010  train_loss=0.3287  train_AUPR_all=0.6075  train_AUPR_ab=0.7173  train_AUPR_ag=0.4269  train_P@5_ab=1.0000  train_P@5_ag=0.9000  val_loss=0.4058  val_AUPR_all=0.5697  val_AUPR_ab=0.7270  val_AUPR_ag=0.3353  val_P@5_ab=1.0000  val_P@5_ag=0.8000  select=0.5311
Ep018  LR0=1.79e-04  pw=2.28  aucα=0.270  token_p=0.020  dropE=(0.020,0.080)  smooth=0.010  train_loss=0.3318  train_AUPR_all=0.6131  train_AUPR_ab=0.7235  train_AUPR_ag=0.4322  train_P@5_ab=1.0000  train_P@5_ag=0.9000  val_loss=0.3886  val_AUPR_all=0.5869  val_AUPR_ab=0.7372  val_AUPR_ag=0.3460  val_P@5_ab=1.0000  val_P@5_ag=0.8500  select=0.5416
  Saved checkpoint: checkpoints_esm/iPara_balanced_l1_g7_i6_do0.10_dpr0.10_lr0.0002_heads16_fold5.pth  select=0.5416  val_ab=0.7372  val_ag=0.3460  val_all=0.5869
Ep019  LR0=1.76e-04  pw=2.16  aucα=0.300  token_p=0.020  dropE=(0.020,0.080)  smooth=0.010  train_loss=0.3310  train_AUPR_all=0.6227  train_AUPR_ab=0.7326  train_AUPR_ag=0.4432  train_P@5_ab=1.0000  train_P@5_ag=1.0000  val_loss=0.3680  val_AUPR_all=0.5921  val_AUPR_ab=0.7346  val_AUPR_ag=0.3607  val_P@5_ab=0.9500  val_P@5_ag=1.0000  select=0.5477
  Saved checkpoint: checkpoints_esm/iPara_balanced_l1_g7_i6_do0.10_dpr0.10_lr0.0002_heads16_fold5.pth  select=0.5477  val_ab=0.7346  val_ag=0.3607  val_all=0.5921
Ep020  LR0=1.73e-04  pw=2.05  aucα=0.300  token_p=0.020  dropE=(0.020,0.080)  smooth=0.010  train_loss=0.3243  train_AUPR_all=0.6241  train_AUPR_ab=0.7333  train_AUPR_ag=0.4495  train_P@5_ab=0.9500  train_P@5_ag=0.8500  val_loss=0.3559  val_AUPR_all=0.6016  val_AUPR_ab=0.7501  val_AUPR_ag=0.3632  val_P@5_ab=1.0000  val_P@5_ag=1.0000  select=0.5567
  Saved checkpoint: checkpoints_esm/iPara_balanced_l1_g7_i6_do0.10_dpr0.10_lr0.0002_heads16_fold5.pth  select=0.5567  val_ab=0.7501  val_ag=0.3632  val_all=0.6016
Ep021  LR0=1.71e-04  pw=1.95  aucα=0.300  token_p=0.020  dropE=(0.020,0.080)  smooth=0.010  train_loss=0.3141  train_AUPR_all=0.6276  train_AUPR_ab=0.7298  train_AUPR_ag=0.4623  train_P@5_ab=0.9500  train_P@5_ag=0.9500  val_loss=0.3563  val_AUPR_all=0.5892  val_AUPR_ab=0.7419  val_AUPR_ag=0.3563  val_P@5_ab=1.0000  val_P@5_ag=0.9500  select=0.5491
Ep022  LR0=1.68e-04  pw=1.86  aucα=0.300  token_p=0.020  dropE=(0.020,0.080)  smooth=0.010  train_loss=0.3011  train_AUPR_all=0.6486  train_AUPR_ab=0.7570  train_AUPR_ag=0.4741  train_P@5_ab=1.0000  train_P@5_ag=0.9500  val_loss=0.3379  val_AUPR_all=0.6094  val_AUPR_ab=0.7511  val_AUPR_ag=0.3892  val_P@5_ab=1.0000  val_P@5_ag=1.0000  select=0.5702
  Saved checkpoint: checkpoints_esm/iPara_balanced_l1_g7_i6_do0.10_dpr0.10_lr0.0002_heads16_fold5.pth  select=0.5702  val_ab=0.7511  val_ag=0.3892  val_all=0.6094
Ep023  LR0=1.65e-04  pw=1.78  aucα=0.300  token_p=0.020  dropE=(0.020,0.080)  smooth=0.010  train_loss=0.2907  train_AUPR_all=0.6536  train_AUPR_ab=0.7558  train_AUPR_ag=0.4909  train_P@5_ab=0.9500  train_P@5_ag=0.9000  val_loss=0.3552  val_AUPR_all=0.5957  val_AUPR_ab=0.7531  val_AUPR_ag=0.3677  val_P@5_ab=1.0000  val_P@5_ag=0.9000  select=0.5604
Ep024  LR0=1.62e-04  pw=1.70  aucα=0.300  token_p=0.020  dropE=(0.020,0.080)  smooth=0.010  train_loss=0.2846  train_AUPR_all=0.6581  train_AUPR_ab=0.7577  train_AUPR_ag=0.5006  train_P@5_ab=1.0000  train_P@5_ag=0.9000  val_loss=0.3388  val_AUPR_all=0.5946  val_AUPR_ab=0.7400  val_AUPR_ag=0.3705  val_P@5_ab=1.0000  val_P@5_ag=0.9000  select=0.5553
Ep025  LR0=1.59e-04  pw=1.64  aucα=0.300  token_p=0.020  dropE=(0.020,0.080)  smooth=0.010  train_loss=0.2731  train_AUPR_all=0.6721  train_AUPR_ab=0.7695  train_AUPR_ag=0.5189  train_P@5_ab=0.9500  train_P@5_ag=0.9500  val_loss=0.3378  val_AUPR_all=0.5868  val_AUPR_ab=0.7390  val_AUPR_ag=0.3682  val_P@5_ab=1.0000  val_P@5_ag=1.0000  select=0.5536
Ep026  LR0=1.56e-04  pw=1.57  aucα=0.300  token_p=0.020  dropE=(0.020,0.080)  smooth=0.010  train_loss=0.2665  train_AUPR_all=0.6780  train_AUPR_ab=0.7737  train_AUPR_ag=0.5285  train_P@5_ab=1.0000  train_P@5_ag=1.0000  val_loss=0.3245  val_AUPR_all=0.6106  val_AUPR_ab=0.7537  val_AUPR_ag=0.3896  val_P@5_ab=1.0000  val_P@5_ag=1.0000  select=0.5717
  Saved checkpoint: checkpoints_esm/iPara_balanced_l1_g7_i6_do0.10_dpr0.10_lr0.0002_heads16_fold5.pth  select=0.5717  val_ab=0.7537  val_ag=0.3896  val_all=0.6106
Ep027  LR0=1.52e-04  pw=1.52  aucα=0.300  token_p=0.020  dropE=(0.020,0.080)  smooth=0.010  train_loss=0.2564  train_AUPR_all=0.6878  train_AUPR_ab=0.7786  train_AUPR_ag=0.5460  train_P@5_ab=1.0000  train_P@5_ag=0.9500  val_loss=0.3301  val_AUPR_all=0.5858  val_AUPR_ab=0.7509  val_AUPR_ag=0.3434  val_P@5_ab=1.0000  val_P@5_ag=0.7500  select=0.5472
Ep028  LR0=1.49e-04  pw=1.47  aucα=0.300  token_p=0.020  dropE=(0.020,0.080)  smooth=0.010  train_loss=0.2499  train_AUPR_all=0.6966  train_AUPR_ab=0.7877  train_AUPR_ag=0.5533  train_P@5_ab=1.0000  train_P@5_ag=0.9500  val_loss=0.3179  val_AUPR_all=0.5963  val_AUPR_ab=0.7556  val_AUPR_ag=0.3784  val_P@5_ab=1.0000  val_P@5_ag=0.9500  select=0.5670
Ep029  LR0=1.46e-04  pw=1.43  aucα=0.300  token_p=0.020  dropE=(0.020,0.080)  smooth=0.010  train_loss=0.2379  train_AUPR_all=0.7132  train_AUPR_ab=0.7983  train_AUPR_ag=0.5810  train_P@5_ab=0.9500  train_P@5_ag=1.0000  val_loss=0.3261  val_AUPR_all=0.5880  val_AUPR_ab=0.7449  val_AUPR_ag=0.3699  val_P@5_ab=1.0000  val_P@5_ag=0.8500  select=0.5574
Ep030  LR0=1.42e-04  pw=1.39  aucα=0.300  token_p=0.020  dropE=(0.020,0.080)  smooth=0.010  train_loss=0.2369  train_AUPR_all=0.7091  train_AUPR_ab=0.7941  train_AUPR_ag=0.5773  train_P@5_ab=1.0000  train_P@5_ag=0.9500  val_loss=0.3013  val_AUPR_all=0.6169  val_AUPR_ab=0.7645  val_AUPR_ag=0.3886  val_P@5_ab=1.0000  val_P@5_ag=0.9500  select=0.5765
  Saved checkpoint: checkpoints_esm/iPara_balanced_l1_g7_i6_do0.10_dpr0.10_lr0.0002_heads16_fold5.pth  select=0.5765  val_ab=0.7645  val_ag=0.3886  val_all=0.6169
Ep031  LR0=1.38e-04  pw=1.35  aucα=0.300  token_p=0.020  dropE=(0.020,0.080)  smooth=0.010  train_loss=0.2289  train_AUPR_all=0.7219  train_AUPR_ab=0.8024  train_AUPR_ag=0.5982  train_P@5_ab=1.0000  train_P@5_ag=1.0000  val_loss=0.3085  val_AUPR_all=0.6070  val_AUPR_ab=0.7634  val_AUPR_ag=0.3844  val_P@5_ab=0.9500  val_P@5_ag=0.9500  select=0.5739
Ep032  LR0=1.35e-04  pw=1.32  aucα=0.300  token_p=0.020  dropE=(0.020,0.080)  smooth=0.010  train_loss=0.2230  train_AUPR_all=0.7288  train_AUPR_ab=0.8071  train_AUPR_ag=0.6092  train_P@5_ab=0.9500  train_P@5_ag=1.0000  val_loss=0.3206  val_AUPR_all=0.5977  val_AUPR_ab=0.7564  val_AUPR_ag=0.3734  val_P@5_ab=1.0000  val_P@5_ag=1.0000  select=0.5649
Ep033  LR0=1.31e-04  pw=1.29  aucα=0.300  token_p=0.020  dropE=(0.020,0.080)  smooth=0.010  train_loss=0.2170  train_AUPR_all=0.7357  train_AUPR_ab=0.8129  train_AUPR_ag=0.6168  train_P@5_ab=1.0000  train_P@5_ag=1.0000  val_loss=0.3191  val_AUPR_all=0.5931  val_AUPR_ab=0.7636  val_AUPR_ag=0.3834  val_P@5_ab=1.0000  val_P@5_ag=0.8500  select=0.5735
Ep034  LR0=1.27e-04  pw=1.26  aucα=0.300  token_p=0.020  dropE=(0.020,0.080)  smooth=0.010  train_loss=0.2076  train_AUPR_all=0.7495  train_AUPR_ab=0.8212  train_AUPR_ag=0.6405  train_P@5_ab=1.0000  train_P@5_ag=1.0000  val_loss=0.3209  val_AUPR_all=0.5945  val_AUPR_ab=0.7658  val_AUPR_ag=0.3617  val_P@5_ab=1.0000  val_P@5_ag=1.0000  select=0.5638
Ep035  LR0=1.24e-04  pw=1.23  aucα=0.300  token_p=0.020  dropE=(0.020,0.080)  smooth=0.010  train_loss=0.2011  train_AUPR_all=0.7578  train_AUPR_ab=0.8280  train_AUPR_ag=0.6511  train_P@5_ab=1.0000  train_P@5_ag=0.9500  val_loss=0.3185  val_AUPR_all=0.5828  val_AUPR_ab=0.7580  val_AUPR_ag=0.3583  val_P@5_ab=0.9000  val_P@5_ag=0.9000  select=0.5582
Ep036  LR0=1.20e-04  pw=1.21  aucα=0.300  token_p=0.020  dropE=(0.020,0.080)  smooth=0.010  train_loss=0.1993  train_AUPR_all=0.7607  train_AUPR_ab=0.8292  train_AUPR_ag=0.6570  train_P@5_ab=1.0000  train_P@5_ag=1.0000  val_loss=0.3186  val_AUPR_all=0.5973  val_AUPR_ab=0.7602  val_AUPR_ag=0.3746  val_P@5_ab=0.9500  val_P@5_ag=0.9500  select=0.5674
Ep037  LR0=1.16e-04  pw=1.19  aucα=0.300  token_p=0.020  dropE=(0.020,0.080)  smooth=0.010  train_loss=0.1934  train_AUPR_all=0.7683  train_AUPR_ab=0.8351  train_AUPR_ag=0.6668  train_P@5_ab=1.0000  train_P@5_ag=1.0000  val_loss=0.3101  val_AUPR_all=0.5997  val_AUPR_ab=0.7495  val_AUPR_ag=0.3909  val_P@5_ab=0.9000  val_P@5_ag=1.0000  select=0.5702
Ep038  LR0=1.12e-04  pw=1.17  aucα=0.300  token_p=0.020  dropE=(0.020,0.080)  smooth=0.010  train_loss=0.1878  train_AUPR_all=0.7761  train_AUPR_ab=0.8394  train_AUPR_ag=0.6806  train_P@5_ab=0.9500  train_P@5_ag=1.0000  val_loss=0.3109  val_AUPR_all=0.5996  val_AUPR_ab=0.7570  val_AUPR_ag=0.3930  val_P@5_ab=1.0000  val_P@5_ag=0.9500  select=0.5750
Ep039  LR0=1.08e-04  pw=1.16  aucα=0.300  token_p=0.020  dropE=(0.020,0.080)  smooth=0.010  train_loss=0.1833  train_AUPR_all=0.7838  train_AUPR_ab=0.8430  train_AUPR_ag=0.6952  train_P@5_ab=1.0000  train_P@5_ag=0.9500  val_loss=0.3115  val_AUPR_all=0.5865  val_AUPR_ab=0.7523  val_AUPR_ag=0.3847  val_P@5_ab=0.9000  val_P@5_ag=1.0000  select=0.5685
Ep040  LR0=1.04e-04  pw=1.14  aucα=0.300  token_p=0.020  dropE=(0.020,0.080)  smooth=0.010  train_loss=0.1772  train_AUPR_all=0.7932  train_AUPR_ab=0.8497  train_AUPR_ag=0.7084  train_P@5_ab=1.0000  train_P@5_ag=1.0000  val_loss=0.3094  val_AUPR_all=0.5896  val_AUPR_ab=0.7464  val_AUPR_ag=0.3876  val_P@5_ab=0.9000  val_P@5_ag=1.0000  select=0.5670
Ep041  LR0=1.00e-04  pw=1.13  aucα=0.300  token_p=0.020  dropE=(0.020,0.080)  smooth=0.010  train_loss=0.1704  train_AUPR_all=0.8037  train_AUPR_ab=0.8560  train_AUPR_ag=0.7258  train_P@5_ab=1.0000  train_P@5_ag=1.0000  val_loss=0.3057  val_AUPR_all=0.5968  val_AUPR_ab=0.7519  val_AUPR_ag=0.3862  val_P@5_ab=1.0000  val_P@5_ag=1.0000  select=0.5691
Ep042  LR0=9.63e-05  pw=1.12  aucα=0.300  token_p=0.020  dropE=(0.020,0.080)  smooth=0.010  train_loss=0.1680  train_AUPR_all=0.8089  train_AUPR_ab=0.8630  train_AUPR_ag=0.7273  train_P@5_ab=1.0000  train_P@5_ag=1.0000  val_loss=0.3071  val_AUPR_all=0.5926  val_AUPR_ab=0.7497  val_AUPR_ag=0.3820  val_P@5_ab=0.8000  val_P@5_ag=1.0000  select=0.5659
Ep043  LR0=9.24e-05  pw=1.10  aucα=0.300  token_p=0.020  dropE=(0.020,0.080)  smooth=0.010  train_loss=0.1596  train_AUPR_all=0.8210  train_AUPR_ab=0.8720  train_AUPR_ag=0.7441  train_P@5_ab=1.0000  train_P@5_ag=0.9000  val_loss=0.3117  val_AUPR_all=0.5877  val_AUPR_ab=0.7449  val_AUPR_ag=0.3893  val_P@5_ab=0.9000  val_P@5_ag=1.0000  select=0.5671
Ep044  LR0=8.85e-05  pw=1.09  aucα=0.300  token_p=0.020  dropE=(0.020,0.080)  smooth=0.010  train_loss=0.1578  train_AUPR_all=0.8249  train_AUPR_ab=0.8733  train_AUPR_ag=0.7526  train_P@5_ab=1.0000  train_P@5_ag=1.0000  val_loss=0.3154  val_AUPR_all=0.5884  val_AUPR_ab=0.7449  val_AUPR_ag=0.3791  val_P@5_ab=0.9500  val_P@5_ag=0.8500  select=0.5620
Ep045  LR0=8.46e-05  pw=1.09  aucα=0.300  token_p=0.020  dropE=(0.020,0.080)  smooth=0.010  train_loss=0.1511  train_AUPR_all=0.8351  train_AUPR_ab=0.8814  train_AUPR_ag=0.7653  train_P@5_ab=1.0000  train_P@5_ag=1.0000  val_loss=0.3188  val_AUPR_all=0.5844  val_AUPR_ab=0.7391  val_AUPR_ag=0.3740  val_P@5_ab=0.9500  val_P@5_ag=1.0000  select=0.5566
Ep046  LR0=8.08e-05  pw=1.08  aucα=0.300  token_p=0.020  dropE=(0.020,0.080)  smooth=0.010  train_loss=0.1499  train_AUPR_all=0.8358  train_AUPR_ab=0.8824  train_AUPR_ag=0.7649  train_P@5_ab=0.9500  train_P@5_ag=1.0000  val_loss=0.3086  val_AUPR_all=0.5939  val_AUPR_ab=0.7499  val_AUPR_ag=0.3898  val_P@5_ab=0.9500  val_P@5_ag=1.0000  select=0.5699
Ep047  LR0=7.70e-05  pw=1.07  aucα=0.300  token_p=0.020  dropE=(0.020,0.080)  smooth=0.010  train_loss=0.1469  train_AUPR_all=0.8423  train_AUPR_ab=0.8891  train_AUPR_ag=0.7709  train_P@5_ab=0.9500  train_P@5_ag=1.0000  val_loss=0.3248  val_AUPR_all=0.5782  val_AUPR_ab=0.7360  val_AUPR_ag=0.3678  val_P@5_ab=0.9000  val_P@5_ag=0.8000  select=0.5519
Ep048  LR0=7.32e-05  pw=1.06  aucα=0.300  token_p=0.020  dropE=(0.020,0.080)  smooth=0.010  train_loss=0.1448  train_AUPR_all=0.8451  train_AUPR_ab=0.8916  train_AUPR_ag=0.7745  train_P@5_ab=1.0000  train_P@5_ag=1.0000  val_loss=0.3195  val_AUPR_all=0.5851  val_AUPR_ab=0.7429  val_AUPR_ag=0.3864  val_P@5_ab=0.9500  val_P@5_ag=1.0000  select=0.5646
Ep049  LR0=6.94e-05  pw=1.06  aucα=0.300  token_p=0.020  dropE=(0.020,0.080)  smooth=0.010  train_loss=0.1415  train_AUPR_all=0.8504  train_AUPR_ab=0.8943  train_AUPR_ag=0.7833  train_P@5_ab=1.0000  train_P@5_ag=1.0000  val_loss=0.3225  val_AUPR_all=0.5838  val_AUPR_ab=0.7347  val_AUPR_ag=0.3856  val_P@5_ab=0.9500  val_P@5_ag=0.8500  select=0.5602
Ep050  LR0=6.57e-05  pw=1.05  aucα=0.300  token_p=0.020  dropE=(0.020,0.080)  smooth=0.010  train_loss=0.1348  train_AUPR_all=0.8612  train_AUPR_ab=0.9003  train_AUPR_ag=0.8021  train_P@5_ab=0.9500  train_P@5_ag=1.0000  val_loss=0.3180  val_AUPR_all=0.5800  val_AUPR_ab=0.7327  val_AUPR_ag=0.3790  val_P@5_ab=0.8500  val_P@5_ag=0.8500  select=0.5558
Early stopping at epoch 50. Best select=0.5765 at epoch 30.
Final saved checkpoint for fold 5: checkpoints_esm/iPara_balanced_l1_g7_i6_do0.10_dpr0.10_lr0.0002_heads16_fold5.pth
Best select=0.5765 at epoch 30
