Device: cuda
Visible GPUs: 1
GPU 0: NVIDIA RTX PRO 6000 Blackwell Server Edition
Config:
  sequence_file: para_tv_esmsequences_1600.npz
  data_file: para_tv_esminterfaces_1600.npz
  edge_file: para_tv_esmedges_1600.npz
  seq_len: 1600
  vocab_size: 31
  num_classes: 2
  pad_id: 1
  eoc_id: 24
  embed_dim: 256
  num_heads: 16
  num_layers: 1
  num_gnn_layers: 10
  num_int_layers: 5
  dropout: 0.1
  drop_path_rate: 0.1
  batch_size: 4
  num_epochs: 80
  warmup_epochs: 10
  min_stop_epoch: 45
  early_stop: 20
  learning_rate: 0.0002
  weight_decay: 0.0001
  max_grad_norm: 0.5
  accum_steps: 1
  amp: True
  weight_start: 8.0
  weight_end: 1.0
  weight_anneal_tau: 10.0
  dropedge_min: 0.02
  dropedge_max: 0.08
  token_drop_p: 0.02
  smooth_lambda: 0.01
  aucpr_alpha: 0.3
  aucpr_ramp_start: 10
  aucpr_ramp_len: 10
  aucpr_bins: 64
  aucpr_temp: 0.05
  antibody_loss_weight: 1.0
  antigen_loss_weight: 1.0
  n_splits: 5
  num_workers: 0
  select_ab_weight: 0.5
  select_ag_weight: 0.5
Dataset size: 858

==========================================================================================
Fold 1/5
==========================================================================================
Train labels: valid=399467, pos=26433, neg=373034, ignore=698133, pos_frac=0.06617
Val labels: valid=100725, pos=6797, neg=93928, ignore=174475, pos_frac=0.06748
Initializing ClassificationModel with 10 GAT layers and residual connections...
Initializing MCModel with 10 GAT layers and 5 row attention layers (drop_path_rate=0.1)
Initializing CoreModel with 1 layers, drop_path_rate=0.1
Ep001  LR0=2.00e-04  pw=8.00  aucα=0.000  token_p=0.020  dropE=(0.020,0.080)  smooth=0.010  train_loss=0.7259  train_AUPR_all=0.2946  train_AUPR_ab=0.3689  train_AUPR_ag=0.2004  train_P@5_ab=0.3500  train_P@5_ag=0.8500  val_loss=0.7631  val_AUPR_all=0.4447  val_AUPR_ab=0.5391  val_AUPR_ag=0.2962  val_P@5_ab=0.8000  val_P@5_ag=0.9500  select=0.4177
  Saved checkpoint: checkpoints_balanced/iPara_balanced_l1_g10_i5_do0.10_dpr0.10_lr0.0002_heads16_fold1.pth  select=0.4177  val_ab=0.5391  val_ag=0.2962  val_all=0.4447
Ep002  LR0=2.00e-04  pw=7.33  aucα=0.000  token_p=0.020  dropE=(0.020,0.080)  smooth=0.010  train_loss=0.4988  train_AUPR_all=0.4388  train_AUPR_ab=0.5345  train_AUPR_ag=0.2823  train_P@5_ab=0.8000  train_P@5_ag=0.7000  val_loss=0.6577  val_AUPR_all=0.4927  val_AUPR_ab=0.5915  val_AUPR_ag=0.3378  val_P@5_ab=0.9000  val_P@5_ag=0.8500  select=0.4646
  Saved checkpoint: checkpoints_balanced/iPara_balanced_l1_g10_i5_do0.10_dpr0.10_lr0.0002_heads16_fold1.pth  select=0.4646  val_ab=0.5915  val_ag=0.3378  val_all=0.4927
Ep003  LR0=2.00e-04  pw=6.73  aucα=0.000  token_p=0.020  dropE=(0.020,0.080)  smooth=0.010  train_loss=0.4496  train_AUPR_all=0.4880  train_AUPR_ab=0.5762  train_AUPR_ag=0.3332  train_P@5_ab=0.9500  train_P@5_ag=0.7500  val_loss=0.6268  val_AUPR_all=0.5111  val_AUPR_ab=0.6249  val_AUPR_ag=0.3298  val_P@5_ab=0.9000  val_P@5_ag=1.0000  select=0.4774
  Saved checkpoint: checkpoints_balanced/iPara_balanced_l1_g10_i5_do0.10_dpr0.10_lr0.0002_heads16_fold1.pth  select=0.4774  val_ab=0.6249  val_ag=0.3298  val_all=0.5111
Ep004  LR0=1.99e-04  pw=6.19  aucα=0.000  token_p=0.020  dropE=(0.020,0.080)  smooth=0.010  train_loss=0.4130  train_AUPR_all=0.5163  train_AUPR_ab=0.6093  train_AUPR_ag=0.3476  train_P@5_ab=0.8000  train_P@5_ag=0.9000  val_loss=0.5833  val_AUPR_all=0.5344  val_AUPR_ab=0.6378  val_AUPR_ag=0.3547  val_P@5_ab=0.9000  val_P@5_ag=0.9500  select=0.4962
  Saved checkpoint: checkpoints_balanced/iPara_balanced_l1_g10_i5_do0.10_dpr0.10_lr0.0002_heads16_fold1.pth  select=0.4962  val_ab=0.6378  val_ag=0.3547  val_all=0.5344
Ep005  LR0=1.99e-04  pw=5.69  aucα=0.000  token_p=0.020  dropE=(0.020,0.080)  smooth=0.010  train_loss=0.3859  train_AUPR_all=0.5387  train_AUPR_ab=0.6416  train_AUPR_ag=0.3588  train_P@5_ab=0.9000  train_P@5_ag=0.8000  val_loss=0.6261  val_AUPR_all=0.5129  val_AUPR_ab=0.6574  val_AUPR_ag=0.3316  val_P@5_ab=1.0000  val_P@5_ag=0.9500  select=0.4945
Ep006  LR0=1.98e-04  pw=5.25  aucα=0.000  token_p=0.020  dropE=(0.020,0.080)  smooth=0.010  train_loss=0.3631  train_AUPR_all=0.5455  train_AUPR_ab=0.6455  train_AUPR_ag=0.3719  train_P@5_ab=0.9500  train_P@5_ag=0.9500  val_loss=0.5440  val_AUPR_all=0.5521  val_AUPR_ab=0.6743  val_AUPR_ag=0.3504  val_P@5_ab=0.8000  val_P@5_ag=1.0000  select=0.5124
  Saved checkpoint: checkpoints_balanced/iPara_balanced_l1_g10_i5_do0.10_dpr0.10_lr0.0002_heads16_fold1.pth  select=0.5124  val_ab=0.6743  val_ag=0.3504  val_all=0.5521
Ep007  LR0=1.97e-04  pw=4.84  aucα=0.000  token_p=0.020  dropE=(0.020,0.080)  smooth=0.010  train_loss=0.3408  train_AUPR_all=0.5609  train_AUPR_ab=0.6640  train_AUPR_ag=0.3836  train_P@5_ab=0.9500  train_P@5_ag=0.9500  val_loss=0.5244  val_AUPR_all=0.5608  val_AUPR_ab=0.6923  val_AUPR_ag=0.3550  val_P@5_ab=0.9500  val_P@5_ag=1.0000  select=0.5236
  Saved checkpoint: checkpoints_balanced/iPara_balanced_l1_g10_i5_do0.10_dpr0.10_lr0.0002_heads16_fold1.pth  select=0.5236  val_ab=0.6923  val_ag=0.3550  val_all=0.5608
Ep008  LR0=1.96e-04  pw=4.48  aucα=0.000  token_p=0.020  dropE=(0.020,0.080)  smooth=0.010  train_loss=0.3193  train_AUPR_all=0.5745  train_AUPR_ab=0.6787  train_AUPR_ag=0.3993  train_P@5_ab=0.9500  train_P@5_ag=0.8500  val_loss=0.5180  val_AUPR_all=0.5643  val_AUPR_ab=0.6865  val_AUPR_ag=0.3671  val_P@5_ab=0.9500  val_P@5_ag=1.0000  select=0.5268
  Saved checkpoint: checkpoints_balanced/iPara_balanced_l1_g10_i5_do0.10_dpr0.10_lr0.0002_heads16_fold1.pth  select=0.5268  val_ab=0.6865  val_ag=0.3671  val_all=0.5643
Ep009  LR0=1.95e-04  pw=4.15  aucα=0.000  token_p=0.020  dropE=(0.020,0.080)  smooth=0.010  train_loss=0.3045  train_AUPR_all=0.5822  train_AUPR_ab=0.6892  train_AUPR_ag=0.4052  train_P@5_ab=0.9500  train_P@5_ag=0.9000  val_loss=0.5065  val_AUPR_all=0.5561  val_AUPR_ab=0.6984  val_AUPR_ag=0.3723  val_P@5_ab=0.9500  val_P@5_ag=0.9500  select=0.5353
  Saved checkpoint: checkpoints_balanced/iPara_balanced_l1_g10_i5_do0.10_dpr0.10_lr0.0002_heads16_fold1.pth  select=0.5353  val_ab=0.6984  val_ag=0.3723  val_all=0.5561
Ep010  LR0=1.94e-04  pw=3.85  aucα=0.030  token_p=0.020  dropE=(0.020,0.080)  smooth=0.010  train_loss=0.3046  train_AUPR_all=0.5831  train_AUPR_ab=0.6847  train_AUPR_ag=0.4147  train_P@5_ab=0.9500  train_P@5_ag=0.8500  val_loss=0.4588  val_AUPR_all=0.5795  val_AUPR_ab=0.7088  val_AUPR_ag=0.3767  val_P@5_ab=0.9000  val_P@5_ag=0.9000  select=0.5428
  Saved checkpoint: checkpoints_balanced/iPara_balanced_l1_g10_i5_do0.10_dpr0.10_lr0.0002_heads16_fold1.pth  select=0.5428  val_ab=0.7088  val_ag=0.3767  val_all=0.5795
Unfreezing DyM parameters.
Ep011  LR0=1.92e-04  pw=3.58  aucα=0.060  token_p=0.020  dropE=(0.020,0.080)  smooth=0.010  train_loss=0.2990  train_AUPR_all=0.6017  train_AUPR_ab=0.7040  train_AUPR_ag=0.4326  train_P@5_ab=1.0000  train_P@5_ag=0.9500  val_loss=0.4588  val_AUPR_all=0.5777  val_AUPR_ab=0.7180  val_AUPR_ag=0.3687  val_P@5_ab=0.9000  val_P@5_ag=0.8500  select=0.5433
  Saved checkpoint: checkpoints_balanced/iPara_balanced_l1_g10_i5_do0.10_dpr0.10_lr0.0002_heads16_fold1.pth  select=0.5433  val_ab=0.7180  val_ag=0.3687  val_all=0.5777
Ep012  LR0=1.91e-04  pw=3.33  aucα=0.090  token_p=0.020  dropE=(0.020,0.080)  smooth=0.010  train_loss=0.2970  train_AUPR_all=0.6059  train_AUPR_ab=0.7059  train_AUPR_ag=0.4447  train_P@5_ab=1.0000  train_P@5_ag=0.9000  val_loss=0.4460  val_AUPR_all=0.5865  val_AUPR_ab=0.7288  val_AUPR_ag=0.3657  val_P@5_ab=1.0000  val_P@5_ag=0.9000  select=0.5473
  Saved checkpoint: checkpoints_balanced/iPara_balanced_l1_g10_i5_do0.10_dpr0.10_lr0.0002_heads16_fold1.pth  select=0.5473  val_ab=0.7288  val_ag=0.3657  val_all=0.5865
Ep013  LR0=1.89e-04  pw=3.11  aucα=0.120  token_p=0.020  dropE=(0.020,0.080)  smooth=0.010  train_loss=0.2964  train_AUPR_all=0.6149  train_AUPR_ab=0.7152  train_AUPR_ag=0.4530  train_P@5_ab=0.9000  train_P@5_ag=0.8500  val_loss=0.4274  val_AUPR_all=0.5835  val_AUPR_ab=0.7272  val_AUPR_ag=0.3695  val_P@5_ab=1.0000  val_P@5_ag=0.8500  select=0.5483
  Saved checkpoint: checkpoints_balanced/iPara_balanced_l1_g10_i5_do0.10_dpr0.10_lr0.0002_heads16_fold1.pth  select=0.5483  val_ab=0.7272  val_ag=0.3695  val_all=0.5835
Ep014  LR0=1.87e-04  pw=2.91  aucα=0.150  token_p=0.020  dropE=(0.020,0.080)  smooth=0.010  train_loss=0.2939  train_AUPR_all=0.6320  train_AUPR_ab=0.7365  train_AUPR_ag=0.4640  train_P@5_ab=0.9500  train_P@5_ag=0.8000  val_loss=0.4064  val_AUPR_all=0.5902  val_AUPR_ab=0.7246  val_AUPR_ag=0.3738  val_P@5_ab=0.9500  val_P@5_ag=1.0000  select=0.5492
  Saved checkpoint: checkpoints_balanced/iPara_balanced_l1_g10_i5_do0.10_dpr0.10_lr0.0002_heads16_fold1.pth  select=0.5492  val_ab=0.7246  val_ag=0.3738  val_all=0.5902
Ep015  LR0=1.85e-04  pw=2.73  aucα=0.180  token_p=0.020  dropE=(0.020,0.080)  smooth=0.010  train_loss=0.2953  train_AUPR_all=0.6375  train_AUPR_ab=0.7360  train_AUPR_ag=0.4785  train_P@5_ab=1.0000  train_P@5_ag=1.0000  val_loss=0.4098  val_AUPR_all=0.5704  val_AUPR_ab=0.7221  val_AUPR_ag=0.3467  val_P@5_ab=1.0000  val_P@5_ag=0.9000  select=0.5344
Ep016  LR0=1.83e-04  pw=2.56  aucα=0.210  token_p=0.020  dropE=(0.020,0.080)  smooth=0.010  train_loss=0.2921  train_AUPR_all=0.6495  train_AUPR_ab=0.7436  train_AUPR_ag=0.5003  train_P@5_ab=1.0000  train_P@5_ag=0.8500  val_loss=0.4171  val_AUPR_all=0.5774  val_AUPR_ab=0.7222  val_AUPR_ag=0.3705  val_P@5_ab=1.0000  val_P@5_ag=0.9000  select=0.5463
Ep017  LR0=1.81e-04  pw=2.41  aucα=0.240  token_p=0.020  dropE=(0.020,0.080)  smooth=0.010  train_loss=0.2927  train_AUPR_all=0.6562  train_AUPR_ab=0.7481  train_AUPR_ag=0.5097  train_P@5_ab=0.9500  train_P@5_ag=1.0000  val_loss=0.3933  val_AUPR_all=0.5885  val_AUPR_ab=0.7305  val_AUPR_ag=0.3772  val_P@5_ab=0.9500  val_P@5_ag=1.0000  select=0.5539
  Saved checkpoint: checkpoints_balanced/iPara_balanced_l1_g10_i5_do0.10_dpr0.10_lr0.0002_heads16_fold1.pth  select=0.5539  val_ab=0.7305  val_ag=0.3772  val_all=0.5885
Ep018  LR0=1.79e-04  pw=2.28  aucα=0.270  token_p=0.020  dropE=(0.020,0.080)  smooth=0.010  train_loss=0.2923  train_AUPR_all=0.6679  train_AUPR_ab=0.7556  train_AUPR_ag=0.5302  train_P@5_ab=1.0000  train_P@5_ag=0.9500  val_loss=0.3793  val_AUPR_all=0.5908  val_AUPR_ab=0.7347  val_AUPR_ag=0.3685  val_P@5_ab=1.0000  val_P@5_ag=0.7500  select=0.5516
Ep019  LR0=1.76e-04  pw=2.16  aucα=0.300  token_p=0.020  dropE=(0.020,0.080)  smooth=0.010  train_loss=0.2931  train_AUPR_all=0.6753  train_AUPR_ab=0.7636  train_AUPR_ag=0.5370  train_P@5_ab=1.0000  train_P@5_ag=1.0000  val_loss=0.3792  val_AUPR_all=0.5968  val_AUPR_ab=0.7463  val_AUPR_ag=0.3688  val_P@5_ab=1.0000  val_P@5_ag=0.9500  select=0.5576
  Saved checkpoint: checkpoints_balanced/iPara_balanced_l1_g10_i5_do0.10_dpr0.10_lr0.0002_heads16_fold1.pth  select=0.5576  val_ab=0.7463  val_ag=0.3688  val_all=0.5968
Ep020  LR0=1.73e-04  pw=2.05  aucα=0.300  token_p=0.020  dropE=(0.020,0.080)  smooth=0.010  train_loss=0.2806  train_AUPR_all=0.6868  train_AUPR_ab=0.7687  train_AUPR_ag=0.5591  train_P@5_ab=1.0000  train_P@5_ag=1.0000  val_loss=0.3705  val_AUPR_all=0.5825  val_AUPR_ab=0.7315  val_AUPR_ag=0.3762  val_P@5_ab=1.0000  val_P@5_ag=0.9000  select=0.5538
Ep021  LR0=1.71e-04  pw=1.95  aucα=0.300  token_p=0.020  dropE=(0.020,0.080)  smooth=0.010  train_loss=0.2689  train_AUPR_all=0.6970  train_AUPR_ab=0.7744  train_AUPR_ag=0.5781  train_P@5_ab=1.0000  train_P@5_ag=1.0000  val_loss=0.3506  val_AUPR_all=0.6010  val_AUPR_ab=0.7485  val_AUPR_ag=0.3747  val_P@5_ab=1.0000  val_P@5_ag=1.0000  select=0.5616
  Saved checkpoint: checkpoints_balanced/iPara_balanced_l1_g10_i5_do0.10_dpr0.10_lr0.0002_heads16_fold1.pth  select=0.5616  val_ab=0.7485  val_ag=0.3747  val_all=0.6010
Ep022  LR0=1.68e-04  pw=1.86  aucα=0.300  token_p=0.020  dropE=(0.020,0.080)  smooth=0.010  train_loss=0.2530  train_AUPR_all=0.7154  train_AUPR_ab=0.7865  train_AUPR_ag=0.6069  train_P@5_ab=1.0000  train_P@5_ag=1.0000  val_loss=0.3694  val_AUPR_all=0.5849  val_AUPR_ab=0.7411  val_AUPR_ag=0.3648  val_P@5_ab=0.8500  val_P@5_ag=0.8500  select=0.5529
Ep023  LR0=1.65e-04  pw=1.78  aucα=0.300  token_p=0.020  dropE=(0.020,0.080)  smooth=0.010  train_loss=0.2446  train_AUPR_all=0.7270  train_AUPR_ab=0.7956  train_AUPR_ag=0.6240  train_P@5_ab=1.0000  train_P@5_ag=0.9500  val_loss=0.3682  val_AUPR_all=0.5807  val_AUPR_ab=0.7391  val_AUPR_ag=0.3538  val_P@5_ab=0.9500  val_P@5_ag=0.9500  select=0.5464
Ep024  LR0=1.62e-04  pw=1.70  aucα=0.300  token_p=0.020  dropE=(0.020,0.080)  smooth=0.010  train_loss=0.2343  train_AUPR_all=0.7380  train_AUPR_ab=0.8017  train_AUPR_ag=0.6427  train_P@5_ab=1.0000  train_P@5_ag=1.0000  val_loss=0.3569  val_AUPR_all=0.5876  val_AUPR_ab=0.7433  val_AUPR_ag=0.3598  val_P@5_ab=0.9500  val_P@5_ag=1.0000  select=0.5516
Ep025  LR0=1.59e-04  pw=1.64  aucα=0.300  token_p=0.020  dropE=(0.020,0.080)  smooth=0.010  train_loss=0.2250  train_AUPR_all=0.7451  train_AUPR_ab=0.8052  train_AUPR_ag=0.6560  train_P@5_ab=1.0000  train_P@5_ag=1.0000  val_loss=0.3507  val_AUPR_all=0.5996  val_AUPR_ab=0.7497  val_AUPR_ag=0.3836  val_P@5_ab=1.0000  val_P@5_ag=1.0000  select=0.5666
  Saved checkpoint: checkpoints_balanced/iPara_balanced_l1_g10_i5_do0.10_dpr0.10_lr0.0002_heads16_fold1.pth  select=0.5666  val_ab=0.7497  val_ag=0.3836  val_all=0.5996
Ep026  LR0=1.56e-04  pw=1.57  aucα=0.300  token_p=0.020  dropE=(0.020,0.080)  smooth=0.010  train_loss=0.2163  train_AUPR_all=0.7542  train_AUPR_ab=0.8104  train_AUPR_ag=0.6717  train_P@5_ab=1.0000  train_P@5_ag=0.8000  val_loss=0.3387  val_AUPR_all=0.5938  val_AUPR_ab=0.7568  val_AUPR_ag=0.3798  val_P@5_ab=1.0000  val_P@5_ag=1.0000  select=0.5683
  Saved checkpoint: checkpoints_balanced/iPara_balanced_l1_g10_i5_do0.10_dpr0.10_lr0.0002_heads16_fold1.pth  select=0.5683  val_ab=0.7568  val_ag=0.3798  val_all=0.5938
Ep027  LR0=1.52e-04  pw=1.52  aucα=0.300  token_p=0.020  dropE=(0.020,0.080)  smooth=0.010  train_loss=0.2067  train_AUPR_all=0.7693  train_AUPR_ab=0.8219  train_AUPR_ag=0.6920  train_P@5_ab=1.0000  train_P@5_ag=0.9500  val_loss=0.3686  val_AUPR_all=0.5709  val_AUPR_ab=0.7486  val_AUPR_ag=0.3584  val_P@5_ab=0.9500  val_P@5_ag=0.7000  select=0.5535
Ep028  LR0=1.49e-04  pw=1.47  aucα=0.300  token_p=0.020  dropE=(0.020,0.080)  smooth=0.010  train_loss=0.1971  train_AUPR_all=0.7816  train_AUPR_ab=0.8300  train_AUPR_ag=0.7112  train_P@5_ab=1.0000  train_P@5_ag=1.0000  val_loss=0.3639  val_AUPR_all=0.5644  val_AUPR_ab=0.7394  val_AUPR_ag=0.3531  val_P@5_ab=1.0000  val_P@5_ag=0.6000  select=0.5462
Ep029  LR0=1.46e-04  pw=1.43  aucα=0.300  token_p=0.020  dropE=(0.020,0.080)  smooth=0.010  train_loss=0.1915  train_AUPR_all=0.7877  train_AUPR_ab=0.8343  train_AUPR_ag=0.7199  train_P@5_ab=1.0000  train_P@5_ag=1.0000  val_loss=0.3511  val_AUPR_all=0.5891  val_AUPR_ab=0.7569  val_AUPR_ag=0.3578  val_P@5_ab=0.9500  val_P@5_ag=0.8000  select=0.5573
Ep030  LR0=1.42e-04  pw=1.39  aucα=0.300  token_p=0.020  dropE=(0.020,0.080)  smooth=0.010  train_loss=0.1833  train_AUPR_all=0.7984  train_AUPR_ab=0.8421  train_AUPR_ag=0.7351  train_P@5_ab=0.9500  train_P@5_ag=1.0000  val_loss=0.3346  val_AUPR_all=0.5931  val_AUPR_ab=0.7632  val_AUPR_ag=0.3585  val_P@5_ab=1.0000  val_P@5_ag=0.7500  select=0.5609
Ep031  LR0=1.38e-04  pw=1.35  aucα=0.300  token_p=0.020  dropE=(0.020,0.080)  smooth=0.010  train_loss=0.1789  train_AUPR_all=0.8045  train_AUPR_ab=0.8482  train_AUPR_ag=0.7411  train_P@5_ab=1.0000  train_P@5_ag=1.0000  val_loss=0.3431  val_AUPR_all=0.5877  val_AUPR_ab=0.7577  val_AUPR_ag=0.3542  val_P@5_ab=0.9500  val_P@5_ag=0.6500  select=0.5559
Ep032  LR0=1.35e-04  pw=1.32  aucα=0.300  token_p=0.020  dropE=(0.020,0.080)  smooth=0.010  train_loss=0.1703  train_AUPR_all=0.8149  train_AUPR_ab=0.8568  train_AUPR_ag=0.7535  train_P@5_ab=1.0000  train_P@5_ag=1.0000  val_loss=0.3620  val_AUPR_all=0.5637  val_AUPR_ab=0.7438  val_AUPR_ag=0.3399  val_P@5_ab=1.0000  val_P@5_ag=0.5500  select=0.5418
Ep033  LR0=1.31e-04  pw=1.29  aucα=0.300  token_p=0.020  dropE=(0.020,0.080)  smooth=0.010  train_loss=0.1651  train_AUPR_all=0.8228  train_AUPR_ab=0.8627  train_AUPR_ag=0.7651  train_P@5_ab=1.0000  train_P@5_ag=1.0000  val_loss=0.3441  val_AUPR_all=0.5879  val_AUPR_ab=0.7492  val_AUPR_ag=0.3690  val_P@5_ab=0.9500  val_P@5_ag=0.6500  select=0.5591
Ep034  LR0=1.27e-04  pw=1.26  aucα=0.300  token_p=0.020  dropE=(0.020,0.080)  smooth=0.010  train_loss=0.1627  train_AUPR_all=0.8257  train_AUPR_ab=0.8619  train_AUPR_ag=0.7738  train_P@5_ab=1.0000  train_P@5_ag=1.0000  val_loss=0.3368  val_AUPR_all=0.5858  val_AUPR_ab=0.7515  val_AUPR_ag=0.3651  val_P@5_ab=1.0000  val_P@5_ag=0.7500  select=0.5583
Ep035  LR0=1.24e-04  pw=1.23  aucα=0.300  token_p=0.020  dropE=(0.020,0.080)  smooth=0.010  train_loss=0.1570  train_AUPR_all=0.8331  train_AUPR_ab=0.8703  train_AUPR_ag=0.7788  train_P@5_ab=1.0000  train_P@5_ag=0.9500  val_loss=0.3629  val_AUPR_all=0.5669  val_AUPR_ab=0.7521  val_AUPR_ag=0.3331  val_P@5_ab=0.9500  val_P@5_ag=0.6500  select=0.5426
Ep036  LR0=1.20e-04  pw=1.21  aucα=0.300  token_p=0.020  dropE=(0.020,0.080)  smooth=0.010  train_loss=0.1508  train_AUPR_all=0.8414  train_AUPR_ab=0.8767  train_AUPR_ag=0.7901  train_P@5_ab=1.0000  train_P@5_ag=1.0000  val_loss=0.3418  val_AUPR_all=0.5899  val_AUPR_ab=0.7503  val_AUPR_ag=0.3740  val_P@5_ab=1.0000  val_P@5_ag=0.9000  select=0.5621
Ep037  LR0=1.16e-04  pw=1.19  aucα=0.300  token_p=0.020  dropE=(0.020,0.080)  smooth=0.010  train_loss=0.1425  train_AUPR_all=0.8553  train_AUPR_ab=0.8861  train_AUPR_ag=0.8112  train_P@5_ab=1.0000  train_P@5_ag=1.0000  val_loss=0.3484  val_AUPR_all=0.5535  val_AUPR_ab=0.7394  val_AUPR_ag=0.3412  val_P@5_ab=1.0000  val_P@5_ag=0.4000  select=0.5403
Ep038  LR0=1.12e-04  pw=1.17  aucα=0.300  token_p=0.020  dropE=(0.020,0.080)  smooth=0.010  train_loss=0.1370  train_AUPR_all=0.8643  train_AUPR_ab=0.8952  train_AUPR_ag=0.8201  train_P@5_ab=1.0000  train_P@5_ag=1.0000  val_loss=0.3485  val_AUPR_all=0.5757  val_AUPR_ab=0.7551  val_AUPR_ag=0.3428  val_P@5_ab=1.0000  val_P@5_ag=0.5500  select=0.5489
Ep039  LR0=1.08e-04  pw=1.16  aucα=0.300  token_p=0.020  dropE=(0.020,0.080)  smooth=0.010  train_loss=0.1368  train_AUPR_all=0.8636  train_AUPR_ab=0.8939  train_AUPR_ag=0.8203  train_P@5_ab=1.0000  train_P@5_ag=1.0000  val_loss=0.3329  val_AUPR_all=0.5806  val_AUPR_ab=0.7491  val_AUPR_ag=0.3559  val_P@5_ab=1.0000  val_P@5_ag=0.6500  select=0.5525
Ep040  LR0=1.04e-04  pw=1.14  aucα=0.300  token_p=0.020  dropE=(0.020,0.080)  smooth=0.010  train_loss=0.1298  train_AUPR_all=0.8740  train_AUPR_ab=0.9044  train_AUPR_ag=0.8298  train_P@5_ab=0.9500  train_P@5_ag=1.0000  val_loss=0.3443  val_AUPR_all=0.5793  val_AUPR_ab=0.7522  val_AUPR_ag=0.3511  val_P@5_ab=1.0000  val_P@5_ag=0.4500  select=0.5517
Ep041  LR0=1.00e-04  pw=1.13  aucα=0.300  token_p=0.020  dropE=(0.020,0.080)  smooth=0.010  train_loss=0.1245  train_AUPR_all=0.8826  train_AUPR_ab=0.9117  train_AUPR_ag=0.8402  train_P@5_ab=1.0000  train_P@5_ag=1.0000  val_loss=0.3409  val_AUPR_all=0.5639  val_AUPR_ab=0.7510  val_AUPR_ag=0.3490  val_P@5_ab=0.9000  val_P@5_ag=0.3500  select=0.5500
Ep042  LR0=9.63e-05  pw=1.12  aucα=0.300  token_p=0.020  dropE=(0.020,0.080)  smooth=0.010  train_loss=0.1209  train_AUPR_all=0.8876  train_AUPR_ab=0.9149  train_AUPR_ag=0.8477  train_P@5_ab=1.0000  train_P@5_ag=1.0000  val_loss=0.3326  val_AUPR_all=0.5895  val_AUPR_ab=0.7554  val_AUPR_ag=0.3572  val_P@5_ab=1.0000  val_P@5_ag=0.4500  select=0.5563
Ep043  LR0=9.24e-05  pw=1.10  aucα=0.300  token_p=0.020  dropE=(0.020,0.080)  smooth=0.010  train_loss=0.1178  train_AUPR_all=0.8923  train_AUPR_ab=0.9185  train_AUPR_ag=0.8541  train_P@5_ab=1.0000  train_P@5_ag=1.0000  val_loss=0.3463  val_AUPR_all=0.5710  val_AUPR_ab=0.7515  val_AUPR_ag=0.3479  val_P@5_ab=1.0000  val_P@5_ag=0.4500  select=0.5497
Ep044  LR0=8.85e-05  pw=1.09  aucα=0.300  token_p=0.020  dropE=(0.020,0.080)  smooth=0.010  train_loss=0.1177  train_AUPR_all=0.8909  train_AUPR_ab=0.9172  train_AUPR_ag=0.8522  train_P@5_ab=1.0000  train_P@5_ag=1.0000  val_loss=0.3681  val_AUPR_all=0.5617  val_AUPR_ab=0.7431  val_AUPR_ag=0.3426  val_P@5_ab=0.9500  val_P@5_ag=0.3000  select=0.5428
Ep045  LR0=8.46e-05  pw=1.09  aucα=0.300  token_p=0.020  dropE=(0.020,0.080)  smooth=0.010  train_loss=0.1106  train_AUPR_all=0.9026  train_AUPR_ab=0.9285  train_AUPR_ag=0.8643  train_P@5_ab=1.0000  train_P@5_ag=1.0000  val_loss=0.3450  val_AUPR_all=0.5776  val_AUPR_ab=0.7455  val_AUPR_ag=0.3516  val_P@5_ab=0.9500  val_P@5_ag=0.5500  select=0.5485
Ep046  LR0=8.08e-05  pw=1.08  aucα=0.300  token_p=0.020  dropE=(0.020,0.080)  smooth=0.010  train_loss=0.1103  train_AUPR_all=0.9021  train_AUPR_ab=0.9268  train_AUPR_ag=0.8657  train_P@5_ab=1.0000  train_P@5_ag=1.0000  val_loss=0.3551  val_AUPR_all=0.5702  val_AUPR_ab=0.7438  val_AUPR_ag=0.3492  val_P@5_ab=0.9500  val_P@5_ag=0.5500  select=0.5465
Early stopping at epoch 46. Best select=0.5683 at epoch 26.
Final saved checkpoint for fold 1: checkpoints_balanced/iPara_balanced_l1_g10_i5_do0.10_dpr0.10_lr0.0002_heads16_fold1.pth
Best select=0.5683 at epoch 26

==========================================================================================
Fold 2/5
==========================================================================================
Train labels: valid=400834, pos=26650, neg=374184, ignore=696766, pos_frac=0.06649
Val labels: valid=99358, pos=6580, neg=92778, ignore=175842, pos_frac=0.06623
Initializing ClassificationModel with 10 GAT layers and residual connections...
Initializing MCModel with 10 GAT layers and 5 row attention layers (drop_path_rate=0.1)
Initializing CoreModel with 1 layers, drop_path_rate=0.1
Ep001  LR0=2.00e-04  pw=8.00  aucα=0.000  token_p=0.020  dropE=(0.020,0.080)  smooth=0.010  train_loss=0.7341  train_AUPR_all=0.2815  train_AUPR_ab=0.3603  train_AUPR_ag=0.1924  train_P@5_ab=0.7500  train_P@5_ag=0.9000  val_loss=0.7826  val_AUPR_all=0.4361  val_AUPR_ab=0.5277  val_AUPR_ag=0.2856  val_P@5_ab=0.7000  val_P@5_ag=0.7000  select=0.4067
  Saved checkpoint: checkpoints_balanced/iPara_balanced_l1_g10_i5_do0.10_dpr0.10_lr0.0002_heads16_fold2.pth  select=0.4067  val_ab=0.5277  val_ag=0.2856  val_all=0.4361
Ep002  LR0=2.00e-04  pw=7.33  aucα=0.000  token_p=0.020  dropE=(0.020,0.080)  smooth=0.010  train_loss=0.5059  train_AUPR_all=0.4438  train_AUPR_ab=0.5413  train_AUPR_ag=0.2847  train_P@5_ab=0.8500  train_P@5_ag=0.8500  val_loss=0.6676  val_AUPR_all=0.5044  val_AUPR_ab=0.6114  val_AUPR_ag=0.3391  val_P@5_ab=0.8500  val_P@5_ag=0.8500  select=0.4753
  Saved checkpoint: checkpoints_balanced/iPara_balanced_l1_g10_i5_do0.10_dpr0.10_lr0.0002_heads16_fold2.pth  select=0.4753  val_ab=0.6114  val_ag=0.3391  val_all=0.5044
Ep003  LR0=2.00e-04  pw=6.73  aucα=0.000  token_p=0.020  dropE=(0.020,0.080)  smooth=0.010  train_loss=0.4559  train_AUPR_all=0.4848  train_AUPR_ab=0.5838  train_AUPR_ag=0.3193  train_P@5_ab=1.0000  train_P@5_ag=0.9000  val_loss=0.6277  val_AUPR_all=0.5068  val_AUPR_ab=0.6128  val_AUPR_ag=0.3517  val_P@5_ab=0.6000  val_P@5_ag=0.9500  select=0.4823
  Saved checkpoint: checkpoints_balanced/iPara_balanced_l1_g10_i5_do0.10_dpr0.10_lr0.0002_heads16_fold2.pth  select=0.4823  val_ab=0.6128  val_ag=0.3517  val_all=0.5068
Ep004  LR0=1.99e-04  pw=6.19  aucα=0.000  token_p=0.020  dropE=(0.020,0.080)  smooth=0.010  train_loss=0.4244  train_AUPR_all=0.5114  train_AUPR_ab=0.6076  train_AUPR_ag=0.3440  train_P@5_ab=0.8000  train_P@5_ag=1.0000  val_loss=0.5908  val_AUPR_all=0.5295  val_AUPR_ab=0.6300  val_AUPR_ag=0.3650  val_P@5_ab=0.7000  val_P@5_ag=0.8500  select=0.4975
  Saved checkpoint: checkpoints_balanced/iPara_balanced_l1_g10_i5_do0.10_dpr0.10_lr0.0002_heads16_fold2.pth  select=0.4975  val_ab=0.6300  val_ag=0.3650  val_all=0.5295
Ep005  LR0=1.99e-04  pw=5.69  aucα=0.000  token_p=0.020  dropE=(0.020,0.080)  smooth=0.010  train_loss=0.3926  train_AUPR_all=0.5325  train_AUPR_ab=0.6333  train_AUPR_ag=0.3596  train_P@5_ab=0.8000  train_P@5_ag=1.0000  val_loss=0.5641  val_AUPR_all=0.5437  val_AUPR_ab=0.6524  val_AUPR_ag=0.3634  val_P@5_ab=0.9000  val_P@5_ag=0.9000  select=0.5079
  Saved checkpoint: checkpoints_balanced/iPara_balanced_l1_g10_i5_do0.10_dpr0.10_lr0.0002_heads16_fold2.pth  select=0.5079  val_ab=0.6524  val_ag=0.3634  val_all=0.5437
Ep006  LR0=1.98e-04  pw=5.25  aucα=0.000  token_p=0.020  dropE=(0.020,0.080)  smooth=0.010  train_loss=0.3647  train_AUPR_all=0.5508  train_AUPR_ab=0.6574  train_AUPR_ag=0.3692  train_P@5_ab=0.9500  train_P@5_ag=0.9500  val_loss=0.5315  val_AUPR_all=0.5571  val_AUPR_ab=0.6726  val_AUPR_ag=0.3858  val_P@5_ab=0.8500  val_P@5_ag=0.9500  select=0.5292
  Saved checkpoint: checkpoints_balanced/iPara_balanced_l1_g10_i5_do0.10_dpr0.10_lr0.0002_heads16_fold2.pth  select=0.5292  val_ab=0.6726  val_ag=0.3858  val_all=0.5571
Ep007  LR0=1.97e-04  pw=4.84  aucα=0.000  token_p=0.020  dropE=(0.020,0.080)  smooth=0.010  train_loss=0.3479  train_AUPR_all=0.5507  train_AUPR_ab=0.6553  train_AUPR_ag=0.3751  train_P@5_ab=0.9500  train_P@5_ag=0.9500  val_loss=0.5082  val_AUPR_all=0.5646  val_AUPR_ab=0.6722  val_AUPR_ag=0.3820  val_P@5_ab=0.8500  val_P@5_ag=0.9000  select=0.5271
Ep008  LR0=1.96e-04  pw=4.48  aucα=0.000  token_p=0.020  dropE=(0.020,0.080)  smooth=0.010  train_loss=0.3246  train_AUPR_all=0.5675  train_AUPR_ab=0.6755  train_AUPR_ag=0.3868  train_P@5_ab=0.9000  train_P@5_ag=0.9500  val_loss=0.4982  val_AUPR_all=0.5798  val_AUPR_ab=0.6915  val_AUPR_ag=0.3997  val_P@5_ab=0.9000  val_P@5_ag=0.8500  select=0.5456
  Saved checkpoint: checkpoints_balanced/iPara_balanced_l1_g10_i5_do0.10_dpr0.10_lr0.0002_heads16_fold2.pth  select=0.5456  val_ab=0.6915  val_ag=0.3997  val_all=0.5798
Ep009  LR0=1.95e-04  pw=4.15  aucα=0.000  token_p=0.020  dropE=(0.020,0.080)  smooth=0.010  train_loss=0.3086  train_AUPR_all=0.5719  train_AUPR_ab=0.6710  train_AUPR_ag=0.4029  train_P@5_ab=0.9500  train_P@5_ag=0.9000  val_loss=0.4953  val_AUPR_all=0.5762  val_AUPR_ab=0.6950  val_AUPR_ag=0.3649  val_P@5_ab=0.9000  val_P@5_ag=1.0000  select=0.5299
Ep010  LR0=1.94e-04  pw=3.85  aucα=0.030  token_p=0.020  dropE=(0.020,0.080)  smooth=0.010  train_loss=0.3058  train_AUPR_all=0.5872  train_AUPR_ab=0.6956  train_AUPR_ag=0.4079  train_P@5_ab=0.9500  train_P@5_ag=1.0000  val_loss=0.4707  val_AUPR_all=0.5815  val_AUPR_ab=0.6938  val_AUPR_ag=0.3931  val_P@5_ab=0.8500  val_P@5_ag=0.9000  select=0.5434
Unfreezing DyM parameters.
Ep011  LR0=1.92e-04  pw=3.58  aucα=0.060  token_p=0.020  dropE=(0.020,0.080)  smooth=0.010  train_loss=0.3026  train_AUPR_all=0.6004  train_AUPR_ab=0.7098  train_AUPR_ag=0.4191  train_P@5_ab=0.9500  train_P@5_ag=1.0000  val_loss=0.4405  val_AUPR_all=0.5937  val_AUPR_ab=0.7173  val_AUPR_ag=0.3896  val_P@5_ab=0.8500  val_P@5_ag=0.9000  select=0.5535
  Saved checkpoint: checkpoints_balanced/iPara_balanced_l1_g10_i5_do0.10_dpr0.10_lr0.0002_heads16_fold2.pth  select=0.5535  val_ab=0.7173  val_ag=0.3896  val_all=0.5937
Ep012  LR0=1.91e-04  pw=3.33  aucα=0.090  token_p=0.020  dropE=(0.020,0.080)  smooth=0.010  train_loss=0.3025  train_AUPR_all=0.6077  train_AUPR_ab=0.7140  train_AUPR_ag=0.4340  train_P@5_ab=0.9500  train_P@5_ag=0.9500  val_loss=0.4259  val_AUPR_all=0.5967  val_AUPR_ab=0.7120  val_AUPR_ag=0.3975  val_P@5_ab=0.8500  val_P@5_ag=0.9000  select=0.5547
  Saved checkpoint: checkpoints_balanced/iPara_balanced_l1_g10_i5_do0.10_dpr0.10_lr0.0002_heads16_fold2.pth  select=0.5547  val_ab=0.7120  val_ag=0.3975  val_all=0.5967
Ep013  LR0=1.89e-04  pw=3.11  aucα=0.120  token_p=0.020  dropE=(0.020,0.080)  smooth=0.010  train_loss=0.2989  train_AUPR_all=0.6158  train_AUPR_ab=0.7190  train_AUPR_ag=0.4480  train_P@5_ab=0.9500  train_P@5_ag=1.0000  val_loss=0.4123  val_AUPR_all=0.6077  val_AUPR_ab=0.7306  val_AUPR_ag=0.4043  val_P@5_ab=0.8000  val_P@5_ag=0.9500  select=0.5674
  Saved checkpoint: checkpoints_balanced/iPara_balanced_l1_g10_i5_do0.10_dpr0.10_lr0.0002_heads16_fold2.pth  select=0.5674  val_ab=0.7306  val_ag=0.4043  val_all=0.6077
Ep014  LR0=1.87e-04  pw=2.91  aucα=0.150  token_p=0.020  dropE=(0.020,0.080)  smooth=0.010  train_loss=0.2969  train_AUPR_all=0.6274  train_AUPR_ab=0.7276  train_AUPR_ag=0.4660  train_P@5_ab=0.9000  train_P@5_ag=1.0000  val_loss=0.4163  val_AUPR_all=0.5902  val_AUPR_ab=0.7179  val_AUPR_ag=0.4095  val_P@5_ab=0.8000  val_P@5_ag=0.9000  select=0.5637
Ep015  LR0=1.85e-04  pw=2.73  aucα=0.180  token_p=0.020  dropE=(0.020,0.080)  smooth=0.010  train_loss=0.3000  train_AUPR_all=0.6329  train_AUPR_ab=0.7339  train_AUPR_ag=0.4691  train_P@5_ab=0.9000  train_P@5_ag=1.0000  val_loss=0.3857  val_AUPR_all=0.6127  val_AUPR_ab=0.7308  val_AUPR_ag=0.4232  val_P@5_ab=0.9000  val_P@5_ag=0.9000  select=0.5770
  Saved checkpoint: checkpoints_balanced/iPara_balanced_l1_g10_i5_do0.10_dpr0.10_lr0.0002_heads16_fold2.pth  select=0.5770  val_ab=0.7308  val_ag=0.4232  val_all=0.6127
Ep016  LR0=1.83e-04  pw=2.56  aucα=0.210  token_p=0.020  dropE=(0.020,0.080)  smooth=0.010  train_loss=0.2953  train_AUPR_all=0.6452  train_AUPR_ab=0.7431  train_AUPR_ag=0.4889  train_P@5_ab=0.9500  train_P@5_ag=1.0000  val_loss=0.3915  val_AUPR_all=0.6003  val_AUPR_ab=0.7378  val_AUPR_ag=0.3852  val_P@5_ab=0.9500  val_P@5_ag=0.9000  select=0.5615
Ep017  LR0=1.81e-04  pw=2.41  aucα=0.240  token_p=0.020  dropE=(0.020,0.080)  smooth=0.010  train_loss=0.2999  train_AUPR_all=0.6499  train_AUPR_ab=0.7458  train_AUPR_ag=0.4983  train_P@5_ab=1.0000  train_P@5_ag=1.0000  val_loss=0.3780  val_AUPR_all=0.6043  val_AUPR_ab=0.7291  val_AUPR_ag=0.4068  val_P@5_ab=0.8500  val_P@5_ag=0.9000  select=0.5680
Ep018  LR0=1.79e-04  pw=2.28  aucα=0.270  token_p=0.020  dropE=(0.020,0.080)  smooth=0.010  train_loss=0.2944  train_AUPR_all=0.6686  train_AUPR_ab=0.7614  train_AUPR_ag=0.5242  train_P@5_ab=1.0000  train_P@5_ag=0.9000  val_loss=0.3832  val_AUPR_all=0.5960  val_AUPR_ab=0.7286  val_AUPR_ag=0.3979  val_P@5_ab=0.9000  val_P@5_ag=0.9000  select=0.5632
Ep019  LR0=1.76e-04  pw=2.16  aucα=0.300  token_p=0.020  dropE=(0.020,0.080)  smooth=0.010  train_loss=0.2930  train_AUPR_all=0.6770  train_AUPR_ab=0.7672  train_AUPR_ag=0.5364  train_P@5_ab=1.0000  train_P@5_ag=0.9000  val_loss=0.3656  val_AUPR_all=0.6153  val_AUPR_ab=0.7384  val_AUPR_ag=0.4174  val_P@5_ab=0.9000  val_P@5_ag=0.9000  select=0.5779
  Saved checkpoint: checkpoints_balanced/iPara_balanced_l1_g10_i5_do0.10_dpr0.10_lr0.0002_heads16_fold2.pth  select=0.5779  val_ab=0.7384  val_ag=0.4174  val_all=0.6153
Ep020  LR0=1.73e-04  pw=2.05  aucα=0.300  token_p=0.020  dropE=(0.020,0.080)  smooth=0.010  train_loss=0.2819  train_AUPR_all=0.6876  train_AUPR_ab=0.7747  train_AUPR_ag=0.5523  train_P@5_ab=1.0000  train_P@5_ag=0.9500  val_loss=0.3735  val_AUPR_all=0.6023  val_AUPR_ab=0.7366  val_AUPR_ag=0.3977  val_P@5_ab=0.9000  val_P@5_ag=0.7500  select=0.5671
Ep021  LR0=1.71e-04  pw=1.95  aucα=0.300  token_p=0.020  dropE=(0.020,0.080)  smooth=0.010  train_loss=0.2653  train_AUPR_all=0.7057  train_AUPR_ab=0.7848  train_AUPR_ag=0.5851  train_P@5_ab=1.0000  train_P@5_ag=0.9500  val_loss=0.3719  val_AUPR_all=0.5984  val_AUPR_ab=0.7374  val_AUPR_ag=0.3991  val_P@5_ab=0.8500  val_P@5_ag=0.7000  select=0.5682
Ep022  LR0=1.68e-04  pw=1.86  aucα=0.300  token_p=0.020  dropE=(0.020,0.080)  smooth=0.010  train_loss=0.2572  train_AUPR_all=0.7100  train_AUPR_ab=0.7837  train_AUPR_ag=0.5982  train_P@5_ab=1.0000  train_P@5_ag=1.0000  val_loss=0.3609  val_AUPR_all=0.6141  val_AUPR_ab=0.7467  val_AUPR_ag=0.4089  val_P@5_ab=0.9500  val_P@5_ag=0.7500  select=0.5778
Ep023  LR0=1.65e-04  pw=1.78  aucα=0.300  token_p=0.020  dropE=(0.020,0.080)  smooth=0.010  train_loss=0.2445  train_AUPR_all=0.7259  train_AUPR_ab=0.7971  train_AUPR_ag=0.6193  train_P@5_ab=1.0000  train_P@5_ag=0.8000  val_loss=0.3523  val_AUPR_all=0.5973  val_AUPR_ab=0.7406  val_AUPR_ag=0.3795  val_P@5_ab=0.9500  val_P@5_ag=0.8500  select=0.5601
Ep024  LR0=1.62e-04  pw=1.70  aucα=0.300  token_p=0.020  dropE=(0.020,0.080)  smooth=0.010  train_loss=0.2389  train_AUPR_all=0.7301  train_AUPR_ab=0.7989  train_AUPR_ag=0.6276  train_P@5_ab=0.9500  train_P@5_ag=1.0000  val_loss=0.3315  val_AUPR_all=0.6203  val_AUPR_ab=0.7518  val_AUPR_ag=0.4168  val_P@5_ab=0.9000  val_P@5_ag=0.8000  select=0.5843
  Saved checkpoint: checkpoints_balanced/iPara_balanced_l1_g10_i5_do0.10_dpr0.10_lr0.0002_heads16_fold2.pth  select=0.5843  val_ab=0.7518  val_ag=0.4168  val_all=0.6203
Ep025  LR0=1.59e-04  pw=1.64  aucα=0.300  token_p=0.020  dropE=(0.020,0.080)  smooth=0.010  train_loss=0.2275  train_AUPR_all=0.7443  train_AUPR_ab=0.8080  train_AUPR_ag=0.6504  train_P@5_ab=1.0000  train_P@5_ag=1.0000  val_loss=0.3473  val_AUPR_all=0.6096  val_AUPR_ab=0.7491  val_AUPR_ag=0.4081  val_P@5_ab=0.9500  val_P@5_ag=0.7500  select=0.5786
Ep026  LR0=1.56e-04  pw=1.57  aucα=0.300  token_p=0.020  dropE=(0.020,0.080)  smooth=0.010  train_loss=0.2163  train_AUPR_all=0.7582  train_AUPR_ab=0.8205  train_AUPR_ag=0.6665  train_P@5_ab=1.0000  train_P@5_ag=1.0000  val_loss=0.3483  val_AUPR_all=0.5914  val_AUPR_ab=0.7293  val_AUPR_ag=0.4042  val_P@5_ab=0.9500  val_P@5_ag=0.8500  select=0.5667
Ep027  LR0=1.52e-04  pw=1.52  aucα=0.300  token_p=0.020  dropE=(0.020,0.080)  smooth=0.010  train_loss=0.2038  train_AUPR_all=0.7776  train_AUPR_ab=0.8336  train_AUPR_ag=0.6961  train_P@5_ab=1.0000  train_P@5_ag=0.9500  val_loss=0.3463  val_AUPR_all=0.6135  val_AUPR_ab=0.7601  val_AUPR_ag=0.3934  val_P@5_ab=1.0000  val_P@5_ag=0.9000  select=0.5768
Ep028  LR0=1.49e-04  pw=1.47  aucα=0.300  token_p=0.020  dropE=(0.020,0.080)  smooth=0.010  train_loss=0.1998  train_AUPR_all=0.7791  train_AUPR_ab=0.8335  train_AUPR_ag=0.7001  train_P@5_ab=1.0000  train_P@5_ag=1.0000  val_loss=0.3545  val_AUPR_all=0.6065  val_AUPR_ab=0.7604  val_AUPR_ag=0.3967  val_P@5_ab=0.9500  val_P@5_ag=1.0000  select=0.5786
Ep029  LR0=1.46e-04  pw=1.43  aucα=0.300  token_p=0.020  dropE=(0.020,0.080)  smooth=0.010  train_loss=0.1900  train_AUPR_all=0.7921  train_AUPR_ab=0.8399  train_AUPR_ag=0.7236  train_P@5_ab=1.0000  train_P@5_ag=1.0000  val_loss=0.3403  val_AUPR_all=0.6136  val_AUPR_ab=0.7509  val_AUPR_ag=0.4204  val_P@5_ab=0.9500  val_P@5_ag=1.0000  select=0.5857
  Saved checkpoint: checkpoints_balanced/iPara_balanced_l1_g10_i5_do0.10_dpr0.10_lr0.0002_heads16_fold2.pth  select=0.5857  val_ab=0.7509  val_ag=0.4204  val_all=0.6136
Ep030  LR0=1.42e-04  pw=1.39  aucα=0.300  token_p=0.020  dropE=(0.020,0.080)  smooth=0.010  train_loss=0.1827  train_AUPR_all=0.8015  train_AUPR_ab=0.8482  train_AUPR_ag=0.7347  train_P@5_ab=1.0000  train_P@5_ag=0.9500  val_loss=0.3430  val_AUPR_all=0.6070  val_AUPR_ab=0.7475  val_AUPR_ag=0.4141  val_P@5_ab=1.0000  val_P@5_ag=0.8500  select=0.5808
Ep031  LR0=1.38e-04  pw=1.35  aucα=0.300  token_p=0.020  dropE=(0.020,0.080)  smooth=0.010  train_loss=0.1775  train_AUPR_all=0.8086  train_AUPR_ab=0.8576  train_AUPR_ag=0.7371  train_P@5_ab=1.0000  train_P@5_ag=1.0000  val_loss=0.3270  val_AUPR_all=0.6138  val_AUPR_ab=0.7523  val_AUPR_ag=0.4092  val_P@5_ab=0.9500  val_P@5_ag=0.7000  select=0.5808
Ep032  LR0=1.35e-04  pw=1.32  aucα=0.300  token_p=0.020  dropE=(0.020,0.080)  smooth=0.010  train_loss=0.1664  train_AUPR_all=0.8243  train_AUPR_ab=0.8661  train_AUPR_ag=0.7643  train_P@5_ab=0.9500  train_P@5_ag=1.0000  val_loss=0.3542  val_AUPR_all=0.5902  val_AUPR_ab=0.7488  val_AUPR_ag=0.3682  val_P@5_ab=1.0000  val_P@5_ag=0.6500  select=0.5585
Ep033  LR0=1.31e-04  pw=1.29  aucα=0.300  token_p=0.020  dropE=(0.020,0.080)  smooth=0.010  train_loss=0.1612  train_AUPR_all=0.8325  train_AUPR_ab=0.8722  train_AUPR_ag=0.7757  train_P@5_ab=1.0000  train_P@5_ag=1.0000  val_loss=0.3343  val_AUPR_all=0.5979  val_AUPR_ab=0.7492  val_AUPR_ag=0.3759  val_P@5_ab=1.0000  val_P@5_ag=0.7500  select=0.5625
Ep034  LR0=1.27e-04  pw=1.26  aucα=0.300  token_p=0.020  dropE=(0.020,0.080)  smooth=0.010  train_loss=0.1531  train_AUPR_all=0.8441  train_AUPR_ab=0.8832  train_AUPR_ag=0.7877  train_P@5_ab=1.0000  train_P@5_ag=1.0000  val_loss=0.3549  val_AUPR_all=0.5935  val_AUPR_ab=0.7547  val_AUPR_ag=0.3863  val_P@5_ab=0.9500  val_P@5_ag=0.8000  select=0.5705
Ep035  LR0=1.24e-04  pw=1.23  aucα=0.300  token_p=0.020  dropE=(0.020,0.080)  smooth=0.010  train_loss=0.1520  train_AUPR_all=0.8436  train_AUPR_ab=0.8774  train_AUPR_ag=0.7966  train_P@5_ab=1.0000  train_P@5_ag=0.9500  val_loss=0.3460  val_AUPR_all=0.5811  val_AUPR_ab=0.7425  val_AUPR_ag=0.3717  val_P@5_ab=1.0000  val_P@5_ag=0.3500  select=0.5571
Ep036  LR0=1.20e-04  pw=1.21  aucα=0.300  token_p=0.020  dropE=(0.020,0.080)  smooth=0.010  train_loss=0.1441  train_AUPR_all=0.8555  train_AUPR_ab=0.8901  train_AUPR_ag=0.8059  train_P@5_ab=1.0000  train_P@5_ag=0.9500  val_loss=0.3448  val_AUPR_all=0.5864  val_AUPR_ab=0.7449  val_AUPR_ag=0.3856  val_P@5_ab=1.0000  val_P@5_ag=0.8000  select=0.5652
Ep037  LR0=1.16e-04  pw=1.19  aucα=0.300  token_p=0.020  dropE=(0.020,0.080)  smooth=0.010  train_loss=0.1381  train_AUPR_all=0.8636  train_AUPR_ab=0.8961  train_AUPR_ag=0.8172  train_P@5_ab=1.0000  train_P@5_ag=1.0000  val_loss=0.3411  val_AUPR_all=0.5914  val_AUPR_ab=0.7529  val_AUPR_ag=0.3939  val_P@5_ab=1.0000  val_P@5_ag=0.8500  select=0.5734
Ep038  LR0=1.12e-04  pw=1.17  aucα=0.300  token_p=0.020  dropE=(0.020,0.080)  smooth=0.010  train_loss=0.1331  train_AUPR_all=0.8736  train_AUPR_ab=0.9057  train_AUPR_ag=0.8273  train_P@5_ab=1.0000  train_P@5_ag=1.0000  val_loss=0.3355  val_AUPR_all=0.5858  val_AUPR_ab=0.7559  val_AUPR_ag=0.3759  val_P@5_ab=1.0000  val_P@5_ag=0.7500  select=0.5659
Ep039  LR0=1.08e-04  pw=1.16  aucα=0.300  token_p=0.020  dropE=(0.020,0.080)  smooth=0.010  train_loss=0.1282  train_AUPR_all=0.8794  train_AUPR_ab=0.9092  train_AUPR_ag=0.8368  train_P@5_ab=1.0000  train_P@5_ag=1.0000  val_loss=0.3504  val_AUPR_all=0.5766  val_AUPR_ab=0.7469  val_AUPR_ag=0.3752  val_P@5_ab=1.0000  val_P@5_ag=0.4000  select=0.5610
Ep040  LR0=1.04e-04  pw=1.14  aucα=0.300  token_p=0.020  dropE=(0.020,0.080)  smooth=0.010  train_loss=0.1244  train_AUPR_all=0.8844  train_AUPR_ab=0.9150  train_AUPR_ag=0.8402  train_P@5_ab=1.0000  train_P@5_ag=1.0000  val_loss=0.3486  val_AUPR_all=0.5771  val_AUPR_ab=0.7446  val_AUPR_ag=0.3660  val_P@5_ab=1.0000  val_P@5_ag=0.4500  select=0.5553
Ep041  LR0=1.00e-04  pw=1.13  aucα=0.300  token_p=0.020  dropE=(0.020,0.080)  smooth=0.010  train_loss=0.1214  train_AUPR_all=0.8885  train_AUPR_ab=0.9169  train_AUPR_ag=0.8476  train_P@5_ab=1.0000  train_P@5_ag=1.0000  val_loss=0.3615  val_AUPR_all=0.5788  val_AUPR_ab=0.7551  val_AUPR_ag=0.3547  val_P@5_ab=1.0000  val_P@5_ag=0.4000  select=0.5549
Ep042  LR0=9.63e-05  pw=1.12  aucα=0.300  token_p=0.020  dropE=(0.020,0.080)  smooth=0.010  train_loss=0.1174  train_AUPR_all=0.8939  train_AUPR_ab=0.9185  train_AUPR_ag=0.8589  train_P@5_ab=0.9500  train_P@5_ag=1.0000  val_loss=0.3505  val_AUPR_all=0.5742  val_AUPR_ab=0.7456  val_AUPR_ag=0.3736  val_P@5_ab=0.9000  val_P@5_ag=0.6500  select=0.5596
Ep043  LR0=9.24e-05  pw=1.10  aucα=0.300  token_p=0.020  dropE=(0.020,0.080)  smooth=0.010  train_loss=0.1169  train_AUPR_all=0.8944  train_AUPR_ab=0.9208  train_AUPR_ag=0.8559  train_P@5_ab=1.0000  train_P@5_ag=1.0000  val_loss=0.3550  val_AUPR_all=0.5764  val_AUPR_ab=0.7441  val_AUPR_ag=0.3703  val_P@5_ab=1.0000  val_P@5_ag=0.6500  select=0.5572
Ep044  LR0=8.85e-05  pw=1.09  aucα=0.300  token_p=0.020  dropE=(0.020,0.080)  smooth=0.010  train_loss=0.1097  train_AUPR_all=0.9048  train_AUPR_ab=0.9297  train_AUPR_ag=0.8689  train_P@5_ab=1.0000  train_P@5_ag=1.0000  val_loss=0.3504  val_AUPR_all=0.5674  val_AUPR_ab=0.7426  val_AUPR_ag=0.3468  val_P@5_ab=0.9000  val_P@5_ag=0.5000  select=0.5447
Ep045  LR0=8.46e-05  pw=1.09  aucα=0.300  token_p=0.020  dropE=(0.020,0.080)  smooth=0.010  train_loss=0.1050  train_AUPR_all=0.9126  train_AUPR_ab=0.9373  train_AUPR_ag=0.8763  train_P@5_ab=1.0000  train_P@5_ag=1.0000  val_loss=0.3464  val_AUPR_all=0.5881  val_AUPR_ab=0.7457  val_AUPR_ag=0.3764  val_P@5_ab=1.0000  val_P@5_ag=0.6000  select=0.5610
Ep046  LR0=8.08e-05  pw=1.08  aucα=0.300  token_p=0.020  dropE=(0.020,0.080)  smooth=0.010  train_loss=0.1029  train_AUPR_all=0.9147  train_AUPR_ab=0.9357  train_AUPR_ag=0.8843  train_P@5_ab=1.0000  train_P@5_ag=1.0000  val_loss=0.3499  val_AUPR_all=0.5811  val_AUPR_ab=0.7433  val_AUPR_ag=0.3589  val_P@5_ab=1.0000  val_P@5_ag=0.6500  select=0.5511
Ep047  LR0=7.70e-05  pw=1.07  aucα=0.300  token_p=0.020  dropE=(0.020,0.080)  smooth=0.010  train_loss=0.0998  train_AUPR_all=0.9189  train_AUPR_ab=0.9400  train_AUPR_ag=0.8881  train_P@5_ab=1.0000  train_P@5_ag=1.0000  val_loss=0.3488  val_AUPR_all=0.5807  val_AUPR_ab=0.7439  val_AUPR_ag=0.3677  val_P@5_ab=0.9500  val_P@5_ag=0.7000  select=0.5558
Ep048  LR0=7.32e-05  pw=1.06  aucα=0.300  token_p=0.020  dropE=(0.020,0.080)  smooth=0.010  train_loss=0.0954  train_AUPR_all=0.9254  train_AUPR_ab=0.9457  train_AUPR_ag=0.8961  train_P@5_ab=1.0000  train_P@5_ag=1.0000  val_loss=0.3538  val_AUPR_all=0.5740  val_AUPR_ab=0.7391  val_AUPR_ag=0.3595  val_P@5_ab=1.0000  val_P@5_ag=0.5500  select=0.5493
Ep049  LR0=6.94e-05  pw=1.06  aucα=0.300  token_p=0.020  dropE=(0.020,0.080)  smooth=0.010  train_loss=0.0951  train_AUPR_all=0.9256  train_AUPR_ab=0.9459  train_AUPR_ag=0.8957  train_P@5_ab=1.0000  train_P@5_ag=1.0000  val_loss=0.3534  val_AUPR_all=0.5855  val_AUPR_ab=0.7442  val_AUPR_ag=0.3679  val_P@5_ab=1.0000  val_P@5_ag=0.7000  select=0.5560
Early stopping at epoch 49. Best select=0.5857 at epoch 29.
Final saved checkpoint for fold 2: checkpoints_balanced/iPara_balanced_l1_g10_i5_do0.10_dpr0.10_lr0.0002_heads16_fold2.pth
Best select=0.5857 at epoch 29

==========================================================================================
Fold 3/5
==========================================================================================
Train labels: valid=401949, pos=26660, neg=375289, ignore=695651, pos_frac=0.06633
Val labels: valid=98243, pos=6570, neg=91673, ignore=176957, pos_frac=0.06687
Initializing ClassificationModel with 10 GAT layers and residual connections...
Initializing MCModel with 10 GAT layers and 5 row attention layers (drop_path_rate=0.1)
Initializing CoreModel with 1 layers, drop_path_rate=0.1
Ep001  LR0=2.00e-04  pw=8.00  aucα=0.000  token_p=0.020  dropE=(0.020,0.080)  smooth=0.010  train_loss=0.8016  train_AUPR_all=0.1827  train_AUPR_ab=0.2117  train_AUPR_ag=0.1483  train_P@5_ab=0.5000  train_P@5_ag=0.3500  val_loss=0.9660  val_AUPR_all=0.3745  val_AUPR_ab=0.5077  val_AUPR_ag=0.2885  val_P@5_ab=0.9500  val_P@5_ag=0.9500  select=0.3981
  Saved checkpoint: checkpoints_balanced/iPara_balanced_l1_g10_i5_do0.10_dpr0.10_lr0.0002_heads16_fold3.pth  select=0.3981  val_ab=0.5077  val_ag=0.2885  val_all=0.3745
Ep002  LR0=2.00e-04  pw=7.33  aucα=0.000  token_p=0.020  dropE=(0.020,0.080)  smooth=0.010  train_loss=0.5285  train_AUPR_all=0.3983  train_AUPR_ab=0.4952  train_AUPR_ag=0.2462  train_P@5_ab=0.8500  train_P@5_ag=0.9500  val_loss=0.6483  val_AUPR_all=0.4923  val_AUPR_ab=0.5954  val_AUPR_ag=0.3407  val_P@5_ab=0.8500  val_P@5_ag=1.0000  select=0.4681
  Saved checkpoint: checkpoints_balanced/iPara_balanced_l1_g10_i5_do0.10_dpr0.10_lr0.0002_heads16_fold3.pth  select=0.4681  val_ab=0.5954  val_ag=0.3407  val_all=0.4923
Ep003  LR0=2.00e-04  pw=6.73  aucα=0.000  token_p=0.020  dropE=(0.020,0.080)  smooth=0.010  train_loss=0.4694  train_AUPR_all=0.4522  train_AUPR_ab=0.5611  train_AUPR_ag=0.2749  train_P@5_ab=0.9000  train_P@5_ag=0.8500  val_loss=0.6838  val_AUPR_all=0.5155  val_AUPR_ab=0.6236  val_AUPR_ag=0.3461  val_P@5_ab=0.9500  val_P@5_ag=0.9500  select=0.4848
  Saved checkpoint: checkpoints_balanced/iPara_balanced_l1_g10_i5_do0.10_dpr0.10_lr0.0002_heads16_fold3.pth  select=0.4848  val_ab=0.6236  val_ag=0.3461  val_all=0.5155
Ep004  LR0=1.99e-04  pw=6.19  aucα=0.000  token_p=0.020  dropE=(0.020,0.080)  smooth=0.010  train_loss=0.4218  train_AUPR_all=0.5067  train_AUPR_ab=0.6132  train_AUPR_ag=0.3321  train_P@5_ab=0.8000  train_P@5_ag=0.8500  val_loss=0.5818  val_AUPR_all=0.5474  val_AUPR_ab=0.6595  val_AUPR_ag=0.3652  val_P@5_ab=0.9500  val_P@5_ag=0.9500  select=0.5123
  Saved checkpoint: checkpoints_balanced/iPara_balanced_l1_g10_i5_do0.10_dpr0.10_lr0.0002_heads16_fold3.pth  select=0.5123  val_ab=0.6595  val_ag=0.3652  val_all=0.5474
Ep005  LR0=1.99e-04  pw=5.69  aucα=0.000  token_p=0.020  dropE=(0.020,0.080)  smooth=0.010  train_loss=0.3964  train_AUPR_all=0.5202  train_AUPR_ab=0.6243  train_AUPR_ag=0.3483  train_P@5_ab=0.9000  train_P@5_ag=0.9500  val_loss=0.5478  val_AUPR_all=0.5495  val_AUPR_ab=0.6562  val_AUPR_ag=0.3740  val_P@5_ab=0.9500  val_P@5_ag=0.9000  select=0.5151
  Saved checkpoint: checkpoints_balanced/iPara_balanced_l1_g10_i5_do0.10_dpr0.10_lr0.0002_heads16_fold3.pth  select=0.5151  val_ab=0.6562  val_ag=0.3740  val_all=0.5495
Ep006  LR0=1.98e-04  pw=5.25  aucα=0.000  token_p=0.020  dropE=(0.020,0.080)  smooth=0.010  train_loss=0.3699  train_AUPR_all=0.5390  train_AUPR_ab=0.6420  train_AUPR_ag=0.3701  train_P@5_ab=0.9500  train_P@5_ag=1.0000  val_loss=0.5179  val_AUPR_all=0.5642  val_AUPR_ab=0.6736  val_AUPR_ag=0.3770  val_P@5_ab=1.0000  val_P@5_ag=0.9500  select=0.5253
  Saved checkpoint: checkpoints_balanced/iPara_balanced_l1_g10_i5_do0.10_dpr0.10_lr0.0002_heads16_fold3.pth  select=0.5253  val_ab=0.6736  val_ag=0.3770  val_all=0.5642
Ep007  LR0=1.97e-04  pw=4.84  aucα=0.000  token_p=0.020  dropE=(0.020,0.080)  smooth=0.010  train_loss=0.3487  train_AUPR_all=0.5460  train_AUPR_ab=0.6463  train_AUPR_ag=0.3772  train_P@5_ab=0.9000  train_P@5_ag=0.9000  val_loss=0.5095  val_AUPR_all=0.5725  val_AUPR_ab=0.6906  val_AUPR_ag=0.3766  val_P@5_ab=0.9500  val_P@5_ag=0.9000  select=0.5336
  Saved checkpoint: checkpoints_balanced/iPara_balanced_l1_g10_i5_do0.10_dpr0.10_lr0.0002_heads16_fold3.pth  select=0.5336  val_ab=0.6906  val_ag=0.3766  val_all=0.5725
Ep008  LR0=1.96e-04  pw=4.48  aucα=0.000  token_p=0.020  dropE=(0.020,0.080)  smooth=0.010  train_loss=0.3251  train_AUPR_all=0.5678  train_AUPR_ab=0.6756  train_AUPR_ag=0.3906  train_P@5_ab=0.9000  train_P@5_ag=1.0000  val_loss=0.5047  val_AUPR_all=0.5699  val_AUPR_ab=0.6911  val_AUPR_ag=0.3739  val_P@5_ab=0.8000  val_P@5_ag=0.8500  select=0.5325
Ep009  LR0=1.95e-04  pw=4.15  aucα=0.000  token_p=0.020  dropE=(0.020,0.080)  smooth=0.010  train_loss=0.3094  train_AUPR_all=0.5772  train_AUPR_ab=0.6878  train_AUPR_ag=0.3939  train_P@5_ab=0.8500  train_P@5_ag=0.9500  val_loss=0.4821  val_AUPR_all=0.5819  val_AUPR_ab=0.7100  val_AUPR_ag=0.3723  val_P@5_ab=1.0000  val_P@5_ag=0.9500  select=0.5411
  Saved checkpoint: checkpoints_balanced/iPara_balanced_l1_g10_i5_do0.10_dpr0.10_lr0.0002_heads16_fold3.pth  select=0.5411  val_ab=0.7100  val_ag=0.3723  val_all=0.5819
Ep010  LR0=1.94e-04  pw=3.85  aucα=0.030  token_p=0.020  dropE=(0.020,0.080)  smooth=0.010  train_loss=0.3065  train_AUPR_all=0.5837  train_AUPR_ab=0.6890  train_AUPR_ag=0.4086  train_P@5_ab=0.9000  train_P@5_ag=0.9500  val_loss=0.4481  val_AUPR_all=0.5911  val_AUPR_ab=0.7076  val_AUPR_ag=0.3984  val_P@5_ab=1.0000  val_P@5_ag=0.9000  select=0.5530
  Saved checkpoint: checkpoints_balanced/iPara_balanced_l1_g10_i5_do0.10_dpr0.10_lr0.0002_heads16_fold3.pth  select=0.5530  val_ab=0.7076  val_ag=0.3984  val_all=0.5911
Unfreezing DyM parameters.
Ep011  LR0=1.92e-04  pw=3.58  aucα=0.060  token_p=0.020  dropE=(0.020,0.080)  smooth=0.010  train_loss=0.3039  train_AUPR_all=0.5961  train_AUPR_ab=0.7016  train_AUPR_ag=0.4232  train_P@5_ab=0.9000  train_P@5_ag=1.0000  val_loss=0.4315  val_AUPR_all=0.5930  val_AUPR_ab=0.7106  val_AUPR_ag=0.4002  val_P@5_ab=1.0000  val_P@5_ag=0.9000  select=0.5554
  Saved checkpoint: checkpoints_balanced/iPara_balanced_l1_g10_i5_do0.10_dpr0.10_lr0.0002_heads16_fold3.pth  select=0.5554  val_ab=0.7106  val_ag=0.4002  val_all=0.5930
Ep012  LR0=1.91e-04  pw=3.33  aucα=0.090  token_p=0.020  dropE=(0.020,0.080)  smooth=0.010  train_loss=0.3032  train_AUPR_all=0.6090  train_AUPR_ab=0.7149  train_AUPR_ag=0.4360  train_P@5_ab=0.8000  train_P@5_ag=0.9000  val_loss=0.4195  val_AUPR_all=0.5926  val_AUPR_ab=0.7184  val_AUPR_ag=0.3906  val_P@5_ab=0.9000  val_P@5_ag=0.9500  select=0.5545
Ep013  LR0=1.89e-04  pw=3.11  aucα=0.120  token_p=0.020  dropE=(0.020,0.080)  smooth=0.010  train_loss=0.3025  train_AUPR_all=0.6107  train_AUPR_ab=0.7140  train_AUPR_ag=0.4409  train_P@5_ab=0.7500  train_P@5_ag=0.9000  val_loss=0.4090  val_AUPR_all=0.5893  val_AUPR_ab=0.7176  val_AUPR_ag=0.3789  val_P@5_ab=0.9500  val_P@5_ag=0.9500  select=0.5482
Ep014  LR0=1.87e-04  pw=2.91  aucα=0.150  token_p=0.020  dropE=(0.020,0.080)  smooth=0.010  train_loss=0.2992  train_AUPR_all=0.6235  train_AUPR_ab=0.7241  train_AUPR_ag=0.4619  train_P@5_ab=0.9000  train_P@5_ag=0.9500  val_loss=0.3997  val_AUPR_all=0.5905  val_AUPR_ab=0.7197  val_AUPR_ag=0.3740  val_P@5_ab=1.0000  val_P@5_ag=0.9000  select=0.5468
Ep015  LR0=1.85e-04  pw=2.73  aucα=0.180  token_p=0.020  dropE=(0.020,0.080)  smooth=0.010  train_loss=0.3005  train_AUPR_all=0.6334  train_AUPR_ab=0.7355  train_AUPR_ag=0.4710  train_P@5_ab=1.0000  train_P@5_ag=0.9500  val_loss=0.3817  val_AUPR_all=0.6011  val_AUPR_ab=0.7279  val_AUPR_ag=0.3942  val_P@5_ab=1.0000  val_P@5_ag=0.9000  select=0.5611
  Saved checkpoint: checkpoints_balanced/iPara_balanced_l1_g10_i5_do0.10_dpr0.10_lr0.0002_heads16_fold3.pth  select=0.5611  val_ab=0.7279  val_ag=0.3942  val_all=0.6011
Ep016  LR0=1.83e-04  pw=2.56  aucα=0.210  token_p=0.020  dropE=(0.020,0.080)  smooth=0.010  train_loss=0.2976  train_AUPR_all=0.6435  train_AUPR_ab=0.7398  train_AUPR_ag=0.4907  train_P@5_ab=1.0000  train_P@5_ag=0.9500  val_loss=0.3774  val_AUPR_all=0.6006  val_AUPR_ab=0.7320  val_AUPR_ag=0.3944  val_P@5_ab=0.9500  val_P@5_ag=1.0000  select=0.5632
  Saved checkpoint: checkpoints_balanced/iPara_balanced_l1_g10_i5_do0.10_dpr0.10_lr0.0002_heads16_fold3.pth  select=0.5632  val_ab=0.7320  val_ag=0.3944  val_all=0.6006
Ep017  LR0=1.81e-04  pw=2.41  aucα=0.240  token_p=0.020  dropE=(0.020,0.080)  smooth=0.010  train_loss=0.2978  train_AUPR_all=0.6530  train_AUPR_ab=0.7506  train_AUPR_ag=0.4994  train_P@5_ab=0.9500  train_P@5_ag=0.8500  val_loss=0.3719  val_AUPR_all=0.6007  val_AUPR_ab=0.7340  val_AUPR_ag=0.3923  val_P@5_ab=0.9500  val_P@5_ag=1.0000  select=0.5631
Ep018  LR0=1.79e-04  pw=2.28  aucα=0.270  token_p=0.020  dropE=(0.020,0.080)  smooth=0.010  train_loss=0.2985  train_AUPR_all=0.6575  train_AUPR_ab=0.7476  train_AUPR_ag=0.5155  train_P@5_ab=0.9000  train_P@5_ag=0.9500  val_loss=0.3695  val_AUPR_all=0.5988  val_AUPR_ab=0.7318  val_AUPR_ag=0.3982  val_P@5_ab=0.9500  val_P@5_ag=0.9500  select=0.5650
  Saved checkpoint: checkpoints_balanced/iPara_balanced_l1_g10_i5_do0.10_dpr0.10_lr0.0002_heads16_fold3.pth  select=0.5650  val_ab=0.7318  val_ag=0.3982  val_all=0.5988
Ep019  LR0=1.76e-04  pw=2.16  aucα=0.300  token_p=0.020  dropE=(0.020,0.080)  smooth=0.010  train_loss=0.2982  train_AUPR_all=0.6711  train_AUPR_ab=0.7616  train_AUPR_ag=0.5304  train_P@5_ab=1.0000  train_P@5_ag=0.8500  val_loss=0.3774  val_AUPR_all=0.5946  val_AUPR_ab=0.7370  val_AUPR_ag=0.3723  val_P@5_ab=0.9500  val_P@5_ag=0.8500  select=0.5547
Ep020  LR0=1.73e-04  pw=2.05  aucα=0.300  token_p=0.020  dropE=(0.020,0.080)  smooth=0.010  train_loss=0.2843  train_AUPR_all=0.6819  train_AUPR_ab=0.7642  train_AUPR_ag=0.5556  train_P@5_ab=0.9000  train_P@5_ag=1.0000  val_loss=0.3515  val_AUPR_all=0.6071  val_AUPR_ab=0.7441  val_AUPR_ag=0.3883  val_P@5_ab=1.0000  val_P@5_ag=0.9500  select=0.5662
  Saved checkpoint: checkpoints_balanced/iPara_balanced_l1_g10_i5_do0.10_dpr0.10_lr0.0002_heads16_fold3.pth  select=0.5662  val_ab=0.7441  val_ag=0.3883  val_all=0.6071
Ep021  LR0=1.71e-04  pw=1.95  aucα=0.300  token_p=0.020  dropE=(0.020,0.080)  smooth=0.010  train_loss=0.2734  train_AUPR_all=0.6928  train_AUPR_ab=0.7755  train_AUPR_ag=0.5664  train_P@5_ab=0.9000  train_P@5_ag=0.9000  val_loss=0.3518  val_AUPR_all=0.6048  val_AUPR_ab=0.7370  val_AUPR_ag=0.3995  val_P@5_ab=0.8500  val_P@5_ag=0.9500  select=0.5682
  Saved checkpoint: checkpoints_balanced/iPara_balanced_l1_g10_i5_do0.10_dpr0.10_lr0.0002_heads16_fold3.pth  select=0.5682  val_ab=0.7370  val_ag=0.3995  val_all=0.6048
Ep022  LR0=1.68e-04  pw=1.86  aucα=0.300  token_p=0.020  dropE=(0.020,0.080)  smooth=0.010  train_loss=0.2590  train_AUPR_all=0.7098  train_AUPR_ab=0.7883  train_AUPR_ag=0.5918  train_P@5_ab=1.0000  train_P@5_ag=0.9000  val_loss=0.3368  val_AUPR_all=0.6136  val_AUPR_ab=0.7460  val_AUPR_ag=0.4102  val_P@5_ab=0.9500  val_P@5_ag=0.9500  select=0.5781
  Saved checkpoint: checkpoints_balanced/iPara_balanced_l1_g10_i5_do0.10_dpr0.10_lr0.0002_heads16_fold3.pth  select=0.5781  val_ab=0.7460  val_ag=0.4102  val_all=0.6136
Ep023  LR0=1.65e-04  pw=1.78  aucα=0.300  token_p=0.020  dropE=(0.020,0.080)  smooth=0.010  train_loss=0.2453  train_AUPR_all=0.7229  train_AUPR_ab=0.7950  train_AUPR_ag=0.6145  train_P@5_ab=1.0000  train_P@5_ag=0.9500  val_loss=0.3374  val_AUPR_all=0.6030  val_AUPR_ab=0.7449  val_AUPR_ag=0.3919  val_P@5_ab=1.0000  val_P@5_ag=0.8500  select=0.5684
Ep024  LR0=1.62e-04  pw=1.70  aucα=0.300  token_p=0.020  dropE=(0.020,0.080)  smooth=0.010  train_loss=0.2411  train_AUPR_all=0.7248  train_AUPR_ab=0.7941  train_AUPR_ag=0.6220  train_P@5_ab=0.9500  train_P@5_ag=0.9500  val_loss=0.3437  val_AUPR_all=0.5993  val_AUPR_ab=0.7326  val_AUPR_ag=0.3981  val_P@5_ab=0.9500  val_P@5_ag=0.9500  select=0.5654
Ep025  LR0=1.59e-04  pw=1.64  aucα=0.300  token_p=0.020  dropE=(0.020,0.080)  smooth=0.010  train_loss=0.2254  train_AUPR_all=0.7469  train_AUPR_ab=0.8081  train_AUPR_ag=0.6571  train_P@5_ab=0.9500  train_P@5_ag=1.0000  val_loss=0.3305  val_AUPR_all=0.5881  val_AUPR_ab=0.7513  val_AUPR_ag=0.3778  val_P@5_ab=1.0000  val_P@5_ag=0.8000  select=0.5645
Ep026  LR0=1.56e-04  pw=1.57  aucα=0.300  token_p=0.020  dropE=(0.020,0.080)  smooth=0.010  train_loss=0.2168  train_AUPR_all=0.7560  train_AUPR_ab=0.8113  train_AUPR_ag=0.6759  train_P@5_ab=1.0000  train_P@5_ag=0.9500  val_loss=0.3344  val_AUPR_all=0.5898  val_AUPR_ab=0.7374  val_AUPR_ag=0.3699  val_P@5_ab=0.9000  val_P@5_ag=0.8000  select=0.5537
Ep027  LR0=1.52e-04  pw=1.52  aucα=0.300  token_p=0.020  dropE=(0.020,0.080)  smooth=0.010  train_loss=0.2094  train_AUPR_all=0.7640  train_AUPR_ab=0.8175  train_AUPR_ag=0.6868  train_P@5_ab=1.0000  train_P@5_ag=1.0000  val_loss=0.3271  val_AUPR_all=0.6046  val_AUPR_ab=0.7536  val_AUPR_ag=0.3960  val_P@5_ab=1.0000  val_P@5_ag=1.0000  select=0.5748
Ep028  LR0=1.49e-04  pw=1.47  aucα=0.300  token_p=0.020  dropE=(0.020,0.080)  smooth=0.010  train_loss=0.1969  train_AUPR_all=0.7817  train_AUPR_ab=0.8340  train_AUPR_ag=0.7054  train_P@5_ab=1.0000  train_P@5_ag=0.9500  val_loss=0.3363  val_AUPR_all=0.6000  val_AUPR_ab=0.7459  val_AUPR_ag=0.3778  val_P@5_ab=1.0000  val_P@5_ag=0.8000  select=0.5618
Ep029  LR0=1.46e-04  pw=1.43  aucα=0.300  token_p=0.020  dropE=(0.020,0.080)  smooth=0.010  train_loss=0.1906  train_AUPR_all=0.7901  train_AUPR_ab=0.8370  train_AUPR_ag=0.7228  train_P@5_ab=1.0000  train_P@5_ag=0.9500  val_loss=0.3373  val_AUPR_all=0.5930  val_AUPR_ab=0.7558  val_AUPR_ag=0.3796  val_P@5_ab=1.0000  val_P@5_ag=0.8500  select=0.5677
Ep030  LR0=1.42e-04  pw=1.39  aucα=0.300  token_p=0.020  dropE=(0.020,0.080)  smooth=0.010  train_loss=0.1844  train_AUPR_all=0.7980  train_AUPR_ab=0.8460  train_AUPR_ag=0.7286  train_P@5_ab=1.0000  train_P@5_ag=0.9500  val_loss=0.3525  val_AUPR_all=0.5863  val_AUPR_ab=0.7495  val_AUPR_ag=0.3709  val_P@5_ab=1.0000  val_P@5_ag=0.6500  select=0.5602
Ep031  LR0=1.38e-04  pw=1.35  aucα=0.300  token_p=0.020  dropE=(0.020,0.080)  smooth=0.010  train_loss=0.1759  train_AUPR_all=0.8096  train_AUPR_ab=0.8523  train_AUPR_ag=0.7488  train_P@5_ab=1.0000  train_P@5_ag=1.0000  val_loss=0.3340  val_AUPR_all=0.6050  val_AUPR_ab=0.7479  val_AUPR_ag=0.3895  val_P@5_ab=1.0000  val_P@5_ag=0.8500  select=0.5687
Ep032  LR0=1.35e-04  pw=1.32  aucα=0.300  token_p=0.020  dropE=(0.020,0.080)  smooth=0.010  train_loss=0.1706  train_AUPR_all=0.8153  train_AUPR_ab=0.8557  train_AUPR_ag=0.7575  train_P@5_ab=0.9000  train_P@5_ag=0.9000  val_loss=0.3296  val_AUPR_all=0.5888  val_AUPR_ab=0.7342  val_AUPR_ag=0.3765  val_P@5_ab=1.0000  val_P@5_ag=0.8500  select=0.5554
Ep033  LR0=1.31e-04  pw=1.29  aucα=0.300  token_p=0.020  dropE=(0.020,0.080)  smooth=0.010  train_loss=0.1657  train_AUPR_all=0.8224  train_AUPR_ab=0.8608  train_AUPR_ag=0.7675  train_P@5_ab=1.0000  train_P@5_ag=1.0000  val_loss=0.3239  val_AUPR_all=0.5947  val_AUPR_ab=0.7547  val_AUPR_ag=0.3633  val_P@5_ab=1.0000  val_P@5_ag=0.5500  select=0.5590
Ep034  LR0=1.27e-04  pw=1.26  aucα=0.300  token_p=0.020  dropE=(0.020,0.080)  smooth=0.010  train_loss=0.1560  train_AUPR_all=0.8384  train_AUPR_ab=0.8756  train_AUPR_ag=0.7850  train_P@5_ab=1.0000  train_P@5_ag=0.9500  val_loss=0.3352  val_AUPR_all=0.5813  val_AUPR_ab=0.7372  val_AUPR_ag=0.3727  val_P@5_ab=1.0000  val_P@5_ag=1.0000  select=0.5549
Ep035  LR0=1.24e-04  pw=1.23  aucα=0.300  token_p=0.020  dropE=(0.020,0.080)  smooth=0.010  train_loss=0.1527  train_AUPR_all=0.8408  train_AUPR_ab=0.8787  train_AUPR_ag=0.7861  train_P@5_ab=1.0000  train_P@5_ag=1.0000  val_loss=0.3395  val_AUPR_all=0.5835  val_AUPR_ab=0.7553  val_AUPR_ag=0.3543  val_P@5_ab=0.9500  val_P@5_ag=0.6500  select=0.5548
Ep036  LR0=1.20e-04  pw=1.21  aucα=0.300  token_p=0.020  dropE=(0.020,0.080)  smooth=0.010  train_loss=0.1448  train_AUPR_all=0.8531  train_AUPR_ab=0.8858  train_AUPR_ag=0.8064  train_P@5_ab=1.0000  train_P@5_ag=1.0000  val_loss=0.3313  val_AUPR_all=0.5855  val_AUPR_ab=0.7557  val_AUPR_ag=0.3583  val_P@5_ab=1.0000  val_P@5_ag=0.4500  select=0.5570
Ep037  LR0=1.16e-04  pw=1.19  aucα=0.300  token_p=0.020  dropE=(0.020,0.080)  smooth=0.010  train_loss=0.1397  train_AUPR_all=0.8612  train_AUPR_ab=0.8942  train_AUPR_ag=0.8136  train_P@5_ab=1.0000  train_P@5_ag=1.0000  val_loss=0.3539  val_AUPR_all=0.5804  val_AUPR_ab=0.7539  val_AUPR_ag=0.3590  val_P@5_ab=1.0000  val_P@5_ag=0.5500  select=0.5565
Ep038  LR0=1.12e-04  pw=1.17  aucα=0.300  token_p=0.020  dropE=(0.020,0.080)  smooth=0.010  train_loss=0.1333  train_AUPR_all=0.8702  train_AUPR_ab=0.8992  train_AUPR_ag=0.8286  train_P@5_ab=1.0000  train_P@5_ag=1.0000  val_loss=0.3417  val_AUPR_all=0.5641  val_AUPR_ab=0.7272  val_AUPR_ag=0.3655  val_P@5_ab=0.9500  val_P@5_ag=0.7500  select=0.5464
Ep039  LR0=1.08e-04  pw=1.16  aucα=0.300  token_p=0.020  dropE=(0.020,0.080)  smooth=0.010  train_loss=0.1318  train_AUPR_all=0.8721  train_AUPR_ab=0.9039  train_AUPR_ag=0.8254  train_P@5_ab=1.0000  train_P@5_ag=1.0000  val_loss=0.3348  val_AUPR_all=0.5764  val_AUPR_ab=0.7328  val_AUPR_ag=0.3623  val_P@5_ab=1.0000  val_P@5_ag=0.5000  select=0.5475
Ep040  LR0=1.04e-04  pw=1.14  aucα=0.300  token_p=0.020  dropE=(0.020,0.080)  smooth=0.010  train_loss=0.1310  train_AUPR_all=0.8725  train_AUPR_ab=0.9023  train_AUPR_ag=0.8301  train_P@5_ab=1.0000  train_P@5_ag=1.0000  val_loss=0.3410  val_AUPR_all=0.5829  val_AUPR_ab=0.7419  val_AUPR_ag=0.3459  val_P@5_ab=0.9000  val_P@5_ag=0.4500  select=0.5439
Ep041  LR0=1.00e-04  pw=1.13  aucα=0.300  token_p=0.020  dropE=(0.020,0.080)  smooth=0.010  train_loss=0.1231  train_AUPR_all=0.8849  train_AUPR_ab=0.9123  train_AUPR_ag=0.8456  train_P@5_ab=1.0000  train_P@5_ag=1.0000  val_loss=0.3450  val_AUPR_all=0.5837  val_AUPR_ab=0.7407  val_AUPR_ag=0.3589  val_P@5_ab=1.0000  val_P@5_ag=0.7500  select=0.5498
Ep042  LR0=9.63e-05  pw=1.12  aucα=0.300  token_p=0.020  dropE=(0.020,0.080)  smooth=0.010  train_loss=0.1199  train_AUPR_all=0.8888  train_AUPR_ab=0.9146  train_AUPR_ag=0.8521  train_P@5_ab=1.0000  train_P@5_ag=1.0000  val_loss=0.3660  val_AUPR_all=0.5732  val_AUPR_ab=0.7493  val_AUPR_ag=0.3611  val_P@5_ab=1.0000  val_P@5_ag=0.7000  select=0.5552
Ep043  LR0=9.24e-05  pw=1.10  aucα=0.300  token_p=0.020  dropE=(0.020,0.080)  smooth=0.010  train_loss=0.1155  train_AUPR_all=0.8954  train_AUPR_ab=0.9192  train_AUPR_ag=0.8615  train_P@5_ab=1.0000  train_P@5_ag=1.0000  val_loss=0.3607  val_AUPR_all=0.5711  val_AUPR_ab=0.7456  val_AUPR_ag=0.3456  val_P@5_ab=1.0000  val_P@5_ag=0.6000  select=0.5456
Ep044  LR0=8.85e-05  pw=1.09  aucα=0.300  token_p=0.020  dropE=(0.020,0.080)  smooth=0.010  train_loss=0.1114  train_AUPR_all=0.9023  train_AUPR_ab=0.9265  train_AUPR_ag=0.8673  train_P@5_ab=1.0000  train_P@5_ag=1.0000  val_loss=0.3460  val_AUPR_all=0.5730  val_AUPR_ab=0.7383  val_AUPR_ag=0.3344  val_P@5_ab=1.0000  val_P@5_ag=0.4500  select=0.5364
Ep045  LR0=8.46e-05  pw=1.09  aucα=0.300  token_p=0.020  dropE=(0.020,0.080)  smooth=0.010  train_loss=0.1112  train_AUPR_all=0.9026  train_AUPR_ab=0.9255  train_AUPR_ag=0.8697  train_P@5_ab=1.0000  train_P@5_ag=1.0000  val_loss=0.3531  val_AUPR_all=0.5816  val_AUPR_ab=0.7477  val_AUPR_ag=0.3427  val_P@5_ab=1.0000  val_P@5_ag=0.5500  select=0.5452
Early stopping at epoch 45. Best select=0.5781 at epoch 22.
Final saved checkpoint for fold 3: checkpoints_balanced/iPara_balanced_l1_g10_i5_do0.10_dpr0.10_lr0.0002_heads16_fold3.pth
Best select=0.5781 at epoch 22

==========================================================================================
Fold 4/5
==========================================================================================
Train labels: valid=398858, pos=26560, neg=372298, ignore=700342, pos_frac=0.06659
Val labels: valid=101334, pos=6670, neg=94664, ignore=172266, pos_frac=0.06582
Initializing ClassificationModel with 10 GAT layers and residual connections...
Initializing MCModel with 10 GAT layers and 5 row attention layers (drop_path_rate=0.1)
Initializing CoreModel with 1 layers, drop_path_rate=0.1
Ep001  LR0=2.00e-04  pw=8.00  aucα=0.000  token_p=0.020  dropE=(0.020,0.080)  smooth=0.010  train_loss=0.7550  train_AUPR_all=0.2648  train_AUPR_ab=0.3235  train_AUPR_ag=0.1922  train_P@5_ab=0.8000  train_P@5_ag=0.6000  val_loss=0.8016  val_AUPR_all=0.4217  val_AUPR_ab=0.5330  val_AUPR_ag=0.2449  val_P@5_ab=0.7500  val_P@5_ag=0.8000  select=0.3889
  Saved checkpoint: checkpoints_balanced/iPara_balanced_l1_g10_i5_do0.10_dpr0.10_lr0.0002_heads16_fold4.pth  select=0.3889  val_ab=0.5330  val_ag=0.2449  val_all=0.4217
Ep002  LR0=2.00e-04  pw=7.33  aucα=0.000  token_p=0.020  dropE=(0.020,0.080)  smooth=0.010  train_loss=0.5135  train_AUPR_all=0.4300  train_AUPR_ab=0.5231  train_AUPR_ag=0.2790  train_P@5_ab=0.6500  train_P@5_ag=0.9500  val_loss=0.6972  val_AUPR_all=0.4752  val_AUPR_ab=0.6023  val_AUPR_ag=0.3101  val_P@5_ab=0.8500  val_P@5_ag=1.0000  select=0.4562
  Saved checkpoint: checkpoints_balanced/iPara_balanced_l1_g10_i5_do0.10_dpr0.10_lr0.0002_heads16_fold4.pth  select=0.4562  val_ab=0.6023  val_ag=0.3101  val_all=0.4752
Ep003  LR0=2.00e-04  pw=6.73  aucα=0.000  token_p=0.020  dropE=(0.020,0.080)  smooth=0.010  train_loss=0.4459  train_AUPR_all=0.4927  train_AUPR_ab=0.5879  train_AUPR_ag=0.3353  train_P@5_ab=0.9000  train_P@5_ag=0.9500  val_loss=0.6247  val_AUPR_all=0.5149  val_AUPR_ab=0.6237  val_AUPR_ag=0.3444  val_P@5_ab=0.8500  val_P@5_ag=1.0000  select=0.4841
  Saved checkpoint: checkpoints_balanced/iPara_balanced_l1_g10_i5_do0.10_dpr0.10_lr0.0002_heads16_fold4.pth  select=0.4841  val_ab=0.6237  val_ag=0.3444  val_all=0.5149
Ep004  LR0=1.99e-04  pw=6.19  aucα=0.000  token_p=0.020  dropE=(0.020,0.080)  smooth=0.010  train_loss=0.4181  train_AUPR_all=0.5119  train_AUPR_ab=0.6096  train_AUPR_ag=0.3435  train_P@5_ab=0.9500  train_P@5_ag=0.8500  val_loss=0.6283  val_AUPR_all=0.5217  val_AUPR_ab=0.6268  val_AUPR_ag=0.3562  val_P@5_ab=0.8500  val_P@5_ag=0.9000  select=0.4915
  Saved checkpoint: checkpoints_balanced/iPara_balanced_l1_g10_i5_do0.10_dpr0.10_lr0.0002_heads16_fold4.pth  select=0.4915  val_ab=0.6268  val_ag=0.3562  val_all=0.5217
Ep005  LR0=1.99e-04  pw=5.69  aucα=0.000  token_p=0.020  dropE=(0.020,0.080)  smooth=0.010  train_loss=0.3887  train_AUPR_all=0.5233  train_AUPR_ab=0.6167  train_AUPR_ag=0.3608  train_P@5_ab=0.8000  train_P@5_ag=0.9500  val_loss=0.5628  val_AUPR_all=0.5427  val_AUPR_ab=0.6501  val_AUPR_ag=0.3556  val_P@5_ab=0.7500  val_P@5_ag=0.9500  select=0.5029
  Saved checkpoint: checkpoints_balanced/iPara_balanced_l1_g10_i5_do0.10_dpr0.10_lr0.0002_heads16_fold4.pth  select=0.5029  val_ab=0.6501  val_ag=0.3556  val_all=0.5427
Ep006  LR0=1.98e-04  pw=5.25  aucα=0.000  token_p=0.020  dropE=(0.020,0.080)  smooth=0.010  train_loss=0.3666  train_AUPR_all=0.5476  train_AUPR_ab=0.6491  train_AUPR_ag=0.3735  train_P@5_ab=0.9000  train_P@5_ag=0.9500  val_loss=0.5316  val_AUPR_all=0.5530  val_AUPR_ab=0.6696  val_AUPR_ag=0.3658  val_P@5_ab=0.9500  val_P@5_ag=0.8000  select=0.5177
  Saved checkpoint: checkpoints_balanced/iPara_balanced_l1_g10_i5_do0.10_dpr0.10_lr0.0002_heads16_fold4.pth  select=0.5177  val_ab=0.6696  val_ag=0.3658  val_all=0.5530
Ep007  LR0=1.97e-04  pw=4.84  aucα=0.000  token_p=0.020  dropE=(0.020,0.080)  smooth=0.010  train_loss=0.3438  train_AUPR_all=0.5594  train_AUPR_ab=0.6614  train_AUPR_ag=0.3870  train_P@5_ab=1.0000  train_P@5_ag=1.0000  val_loss=0.5324  val_AUPR_all=0.5630  val_AUPR_ab=0.6918  val_AUPR_ag=0.3618  val_P@5_ab=0.9500  val_P@5_ag=0.8500  select=0.5268
  Saved checkpoint: checkpoints_balanced/iPara_balanced_l1_g10_i5_do0.10_dpr0.10_lr0.0002_heads16_fold4.pth  select=0.5268  val_ab=0.6918  val_ag=0.3618  val_all=0.5630
Ep008  LR0=1.96e-04  pw=4.48  aucα=0.000  token_p=0.020  dropE=(0.020,0.080)  smooth=0.010  train_loss=0.3224  train_AUPR_all=0.5757  train_AUPR_ab=0.6760  train_AUPR_ag=0.4025  train_P@5_ab=0.9500  train_P@5_ag=0.9000  val_loss=0.4900  val_AUPR_all=0.5761  val_AUPR_ab=0.6892  val_AUPR_ag=0.3926  val_P@5_ab=0.9500  val_P@5_ag=0.9500  select=0.5409
  Saved checkpoint: checkpoints_balanced/iPara_balanced_l1_g10_i5_do0.10_dpr0.10_lr0.0002_heads16_fold4.pth  select=0.5409  val_ab=0.6892  val_ag=0.3926  val_all=0.5761
Ep009  LR0=1.95e-04  pw=4.15  aucα=0.000  token_p=0.020  dropE=(0.020,0.080)  smooth=0.010  train_loss=0.3054  train_AUPR_all=0.5815  train_AUPR_ab=0.6830  train_AUPR_ag=0.4103  train_P@5_ab=0.9000  train_P@5_ag=0.9000  val_loss=0.4730  val_AUPR_all=0.5889  val_AUPR_ab=0.7106  val_AUPR_ag=0.4023  val_P@5_ab=1.0000  val_P@5_ag=0.8500  select=0.5564
  Saved checkpoint: checkpoints_balanced/iPara_balanced_l1_g10_i5_do0.10_dpr0.10_lr0.0002_heads16_fold4.pth  select=0.5564  val_ab=0.7106  val_ag=0.4023  val_all=0.5889
Ep010  LR0=1.94e-04  pw=3.85  aucα=0.030  token_p=0.020  dropE=(0.020,0.080)  smooth=0.010  train_loss=0.3044  train_AUPR_all=0.5899  train_AUPR_ab=0.6914  train_AUPR_ag=0.4200  train_P@5_ab=0.7500  train_P@5_ag=0.9500  val_loss=0.4456  val_AUPR_all=0.6013  val_AUPR_ab=0.7212  val_AUPR_ag=0.4164  val_P@5_ab=1.0000  val_P@5_ag=0.9500  select=0.5688
  Saved checkpoint: checkpoints_balanced/iPara_balanced_l1_g10_i5_do0.10_dpr0.10_lr0.0002_heads16_fold4.pth  select=0.5688  val_ab=0.7212  val_ag=0.4164  val_all=0.6013
Unfreezing DyM parameters.
Ep011  LR0=1.92e-04  pw=3.58  aucα=0.060  token_p=0.020  dropE=(0.020,0.080)  smooth=0.010  train_loss=0.3017  train_AUPR_all=0.5975  train_AUPR_ab=0.6979  train_AUPR_ag=0.4304  train_P@5_ab=1.0000  train_P@5_ag=1.0000  val_loss=0.4451  val_AUPR_all=0.5928  val_AUPR_ab=0.7301  val_AUPR_ag=0.3885  val_P@5_ab=0.9500  val_P@5_ag=0.9500  select=0.5593
Ep012  LR0=1.91e-04  pw=3.33  aucα=0.090  token_p=0.020  dropE=(0.020,0.080)  smooth=0.010  train_loss=0.3024  train_AUPR_all=0.6062  train_AUPR_ab=0.7112  train_AUPR_ag=0.4320  train_P@5_ab=1.0000  train_P@5_ag=0.9500  val_loss=0.4198  val_AUPR_all=0.6020  val_AUPR_ab=0.7360  val_AUPR_ag=0.4020  val_P@5_ab=0.9500  val_P@5_ag=0.8500  select=0.5690
  Saved checkpoint: checkpoints_balanced/iPara_balanced_l1_g10_i5_do0.10_dpr0.10_lr0.0002_heads16_fold4.pth  select=0.5690  val_ab=0.7360  val_ag=0.4020  val_all=0.6020
Ep013  LR0=1.89e-04  pw=3.11  aucα=0.120  token_p=0.020  dropE=(0.020,0.080)  smooth=0.010  train_loss=0.3002  train_AUPR_all=0.6156  train_AUPR_ab=0.7167  train_AUPR_ag=0.4498  train_P@5_ab=1.0000  train_P@5_ag=1.0000  val_loss=0.4074  val_AUPR_all=0.5914  val_AUPR_ab=0.7089  val_AUPR_ag=0.4078  val_P@5_ab=1.0000  val_P@5_ag=0.8500  select=0.5583
Ep014  LR0=1.87e-04  pw=2.91  aucα=0.150  token_p=0.020  dropE=(0.020,0.080)  smooth=0.010  train_loss=0.2979  train_AUPR_all=0.6250  train_AUPR_ab=0.7236  train_AUPR_ag=0.4654  train_P@5_ab=0.9500  train_P@5_ag=0.9500  val_loss=0.3895  val_AUPR_all=0.6132  val_AUPR_ab=0.7389  val_AUPR_ag=0.4112  val_P@5_ab=1.0000  val_P@5_ag=0.9500  select=0.5751
  Saved checkpoint: checkpoints_balanced/iPara_balanced_l1_g10_i5_do0.10_dpr0.10_lr0.0002_heads16_fold4.pth  select=0.5751  val_ab=0.7389  val_ag=0.4112  val_all=0.6132
Ep015  LR0=1.85e-04  pw=2.73  aucα=0.180  token_p=0.020  dropE=(0.020,0.080)  smooth=0.010  train_loss=0.2998  train_AUPR_all=0.6354  train_AUPR_ab=0.7362  train_AUPR_ag=0.4733  train_P@5_ab=1.0000  train_P@5_ag=1.0000  val_loss=0.3838  val_AUPR_all=0.6070  val_AUPR_ab=0.7318  val_AUPR_ag=0.4154  val_P@5_ab=1.0000  val_P@5_ag=0.9000  select=0.5736
Ep016  LR0=1.83e-04  pw=2.56  aucα=0.210  token_p=0.020  dropE=(0.020,0.080)  smooth=0.010  train_loss=0.2969  train_AUPR_all=0.6438  train_AUPR_ab=0.7383  train_AUPR_ag=0.4923  train_P@5_ab=0.9500  train_P@5_ag=0.8000  val_loss=0.3861  val_AUPR_all=0.6009  val_AUPR_ab=0.7343  val_AUPR_ag=0.3940  val_P@5_ab=0.9500  val_P@5_ag=1.0000  select=0.5642
Ep017  LR0=1.81e-04  pw=2.41  aucα=0.240  token_p=0.020  dropE=(0.020,0.080)  smooth=0.010  train_loss=0.2986  train_AUPR_all=0.6510  train_AUPR_ab=0.7447  train_AUPR_ag=0.5005  train_P@5_ab=1.0000  train_P@5_ag=0.9500  val_loss=0.3737  val_AUPR_all=0.6093  val_AUPR_ab=0.7508  val_AUPR_ag=0.3951  val_P@5_ab=0.9000  val_P@5_ag=0.9000  select=0.5729
Ep018  LR0=1.79e-04  pw=2.28  aucα=0.270  token_p=0.020  dropE=(0.020,0.080)  smooth=0.010  train_loss=0.2974  train_AUPR_all=0.6645  train_AUPR_ab=0.7530  train_AUPR_ag=0.5263  train_P@5_ab=1.0000  train_P@5_ag=0.9500  val_loss=0.3749  val_AUPR_all=0.5836  val_AUPR_ab=0.7193  val_AUPR_ag=0.3742  val_P@5_ab=1.0000  val_P@5_ag=1.0000  select=0.5467
Ep019  LR0=1.76e-04  pw=2.16  aucα=0.300  token_p=0.020  dropE=(0.020,0.080)  smooth=0.010  train_loss=0.2947  train_AUPR_all=0.6757  train_AUPR_ab=0.7634  train_AUPR_ag=0.5375  train_P@5_ab=1.0000  train_P@5_ag=1.0000  val_loss=0.3497  val_AUPR_all=0.6164  val_AUPR_ab=0.7455  val_AUPR_ag=0.4162  val_P@5_ab=1.0000  val_P@5_ag=0.9500  select=0.5809
  Saved checkpoint: checkpoints_balanced/iPara_balanced_l1_g10_i5_do0.10_dpr0.10_lr0.0002_heads16_fold4.pth  select=0.5809  val_ab=0.7455  val_ag=0.4162  val_all=0.6164
Ep020  LR0=1.73e-04  pw=2.05  aucα=0.300  token_p=0.020  dropE=(0.020,0.080)  smooth=0.010  train_loss=0.2835  train_AUPR_all=0.6843  train_AUPR_ab=0.7674  train_AUPR_ag=0.5555  train_P@5_ab=1.0000  train_P@5_ag=1.0000  val_loss=0.3511  val_AUPR_all=0.6076  val_AUPR_ab=0.7546  val_AUPR_ag=0.4012  val_P@5_ab=1.0000  val_P@5_ag=1.0000  select=0.5779
Ep021  LR0=1.71e-04  pw=1.95  aucα=0.300  token_p=0.020  dropE=(0.020,0.080)  smooth=0.010  train_loss=0.2714  train_AUPR_all=0.6951  train_AUPR_ab=0.7783  train_AUPR_ag=0.5678  train_P@5_ab=1.0000  train_P@5_ag=1.0000  val_loss=0.3460  val_AUPR_all=0.6170  val_AUPR_ab=0.7592  val_AUPR_ag=0.3994  val_P@5_ab=1.0000  val_P@5_ag=0.9000  select=0.5793
Ep022  LR0=1.68e-04  pw=1.86  aucα=0.300  token_p=0.020  dropE=(0.020,0.080)  smooth=0.010  train_loss=0.2590  train_AUPR_all=0.7072  train_AUPR_ab=0.7797  train_AUPR_ag=0.5972  train_P@5_ab=1.0000  train_P@5_ag=1.0000  val_loss=0.3330  val_AUPR_all=0.6192  val_AUPR_ab=0.7615  val_AUPR_ag=0.3936  val_P@5_ab=1.0000  val_P@5_ag=0.9500  select=0.5775
Ep023  LR0=1.65e-04  pw=1.78  aucα=0.300  token_p=0.020  dropE=(0.020,0.080)  smooth=0.010  train_loss=0.2490  train_AUPR_all=0.7182  train_AUPR_ab=0.7911  train_AUPR_ag=0.6074  train_P@5_ab=1.0000  train_P@5_ag=0.9000  val_loss=0.3332  val_AUPR_all=0.6190  val_AUPR_ab=0.7611  val_AUPR_ag=0.3973  val_P@5_ab=1.0000  val_P@5_ag=0.8000  select=0.5792
Ep024  LR0=1.62e-04  pw=1.70  aucα=0.300  token_p=0.020  dropE=(0.020,0.080)  smooth=0.010  train_loss=0.2356  train_AUPR_all=0.7356  train_AUPR_ab=0.8013  train_AUPR_ag=0.6382  train_P@5_ab=1.0000  train_P@5_ag=1.0000  val_loss=0.3263  val_AUPR_all=0.6256  val_AUPR_ab=0.7678  val_AUPR_ag=0.4123  val_P@5_ab=0.9500  val_P@5_ag=0.9000  select=0.5900
  Saved checkpoint: checkpoints_balanced/iPara_balanced_l1_g10_i5_do0.10_dpr0.10_lr0.0002_heads16_fold4.pth  select=0.5900  val_ab=0.7678  val_ag=0.4123  val_all=0.6256
Ep025  LR0=1.59e-04  pw=1.64  aucα=0.300  token_p=0.020  dropE=(0.020,0.080)  smooth=0.010  train_loss=0.2250  train_AUPR_all=0.7472  train_AUPR_ab=0.8089  train_AUPR_ag=0.6554  train_P@5_ab=0.9500  train_P@5_ag=0.9500  val_loss=0.3386  val_AUPR_all=0.6149  val_AUPR_ab=0.7533  val_AUPR_ag=0.4091  val_P@5_ab=1.0000  val_P@5_ag=0.8500  select=0.5812
Ep026  LR0=1.56e-04  pw=1.57  aucα=0.300  token_p=0.020  dropE=(0.020,0.080)  smooth=0.010  train_loss=0.2184  train_AUPR_all=0.7533  train_AUPR_ab=0.8104  train_AUPR_ag=0.6695  train_P@5_ab=1.0000  train_P@5_ag=1.0000  val_loss=0.3344  val_AUPR_all=0.6080  val_AUPR_ab=0.7595  val_AUPR_ag=0.3880  val_P@5_ab=1.0000  val_P@5_ag=0.8500  select=0.5737
Ep027  LR0=1.52e-04  pw=1.52  aucα=0.300  token_p=0.020  dropE=(0.020,0.080)  smooth=0.010  train_loss=0.2092  train_AUPR_all=0.7675  train_AUPR_ab=0.8234  train_AUPR_ag=0.6857  train_P@5_ab=1.0000  train_P@5_ag=1.0000  val_loss=0.3362  val_AUPR_all=0.6174  val_AUPR_ab=0.7631  val_AUPR_ag=0.4127  val_P@5_ab=1.0000  val_P@5_ag=0.9500  select=0.5879
Ep028  LR0=1.49e-04  pw=1.47  aucα=0.300  token_p=0.020  dropE=(0.020,0.080)  smooth=0.010  train_loss=0.1992  train_AUPR_all=0.7799  train_AUPR_ab=0.8312  train_AUPR_ag=0.7051  train_P@5_ab=1.0000  train_P@5_ag=1.0000  val_loss=0.3279  val_AUPR_all=0.6227  val_AUPR_ab=0.7709  val_AUPR_ag=0.4027  val_P@5_ab=1.0000  val_P@5_ag=0.9500  select=0.5868
Ep029  LR0=1.46e-04  pw=1.43  aucα=0.300  token_p=0.020  dropE=(0.020,0.080)  smooth=0.010  train_loss=0.1903  train_AUPR_all=0.7911  train_AUPR_ab=0.8415  train_AUPR_ag=0.7169  train_P@5_ab=1.0000  train_P@5_ag=1.0000  val_loss=0.3393  val_AUPR_all=0.5960  val_AUPR_ab=0.7542  val_AUPR_ag=0.4023  val_P@5_ab=1.0000  val_P@5_ag=0.7500  select=0.5782
Ep030  LR0=1.42e-04  pw=1.39  aucα=0.300  token_p=0.020  dropE=(0.020,0.080)  smooth=0.010  train_loss=0.1860  train_AUPR_all=0.7957  train_AUPR_ab=0.8422  train_AUPR_ag=0.7284  train_P@5_ab=1.0000  train_P@5_ag=1.0000  val_loss=0.3352  val_AUPR_all=0.6009  val_AUPR_ab=0.7461  val_AUPR_ag=0.3983  val_P@5_ab=1.0000  val_P@5_ag=0.9500  select=0.5722
Ep031  LR0=1.38e-04  pw=1.35  aucα=0.300  token_p=0.020  dropE=(0.020,0.080)  smooth=0.010  train_loss=0.1804  train_AUPR_all=0.8016  train_AUPR_ab=0.8498  train_AUPR_ag=0.7305  train_P@5_ab=0.9500  train_P@5_ag=1.0000  val_loss=0.3241  val_AUPR_all=0.6051  val_AUPR_ab=0.7574  val_AUPR_ag=0.4074  val_P@5_ab=1.0000  val_P@5_ag=0.7500  select=0.5824
Ep032  LR0=1.35e-04  pw=1.32  aucα=0.300  token_p=0.020  dropE=(0.020,0.080)  smooth=0.010  train_loss=0.1687  train_AUPR_all=0.8196  train_AUPR_ab=0.8621  train_AUPR_ag=0.7576  train_P@5_ab=1.0000  train_P@5_ag=0.8500  val_loss=0.3399  val_AUPR_all=0.6040  val_AUPR_ab=0.7612  val_AUPR_ag=0.3827  val_P@5_ab=1.0000  val_P@5_ag=0.8000  select=0.5719
Ep033  LR0=1.31e-04  pw=1.29  aucα=0.300  token_p=0.020  dropE=(0.020,0.080)  smooth=0.010  train_loss=0.1669  train_AUPR_all=0.8216  train_AUPR_ab=0.8644  train_AUPR_ag=0.7590  train_P@5_ab=1.0000  train_P@5_ag=1.0000  val_loss=0.3269  val_AUPR_all=0.6109  val_AUPR_ab=0.7705  val_AUPR_ag=0.4067  val_P@5_ab=1.0000  val_P@5_ag=0.7000  select=0.5886
Ep034  LR0=1.27e-04  pw=1.26  aucα=0.300  token_p=0.020  dropE=(0.020,0.080)  smooth=0.010  train_loss=0.1567  train_AUPR_all=0.8375  train_AUPR_ab=0.8758  train_AUPR_ag=0.7817  train_P@5_ab=1.0000  train_P@5_ag=1.0000  val_loss=0.3267  val_AUPR_all=0.6073  val_AUPR_ab=0.7656  val_AUPR_ag=0.3982  val_P@5_ab=1.0000  val_P@5_ag=0.8000  select=0.5819
Ep035  LR0=1.24e-04  pw=1.23  aucα=0.300  token_p=0.020  dropE=(0.020,0.080)  smooth=0.010  train_loss=0.1557  train_AUPR_all=0.8366  train_AUPR_ab=0.8761  train_AUPR_ag=0.7788  train_P@5_ab=0.9500  train_P@5_ag=0.9500  val_loss=0.3232  val_AUPR_all=0.6142  val_AUPR_ab=0.7545  val_AUPR_ag=0.4121  val_P@5_ab=1.0000  val_P@5_ag=0.8000  select=0.5833
Ep036  LR0=1.20e-04  pw=1.21  aucα=0.300  token_p=0.020  dropE=(0.020,0.080)  smooth=0.010  train_loss=0.1469  train_AUPR_all=0.8499  train_AUPR_ab=0.8873  train_AUPR_ag=0.7950  train_P@5_ab=1.0000  train_P@5_ag=0.9500  val_loss=0.3182  val_AUPR_all=0.6089  val_AUPR_ab=0.7490  val_AUPR_ag=0.4126  val_P@5_ab=1.0000  val_P@5_ag=0.9000  select=0.5808
Ep037  LR0=1.16e-04  pw=1.19  aucα=0.300  token_p=0.020  dropE=(0.020,0.080)  smooth=0.010  train_loss=0.1428  train_AUPR_all=0.8556  train_AUPR_ab=0.8900  train_AUPR_ag=0.8054  train_P@5_ab=1.0000  train_P@5_ag=1.0000  val_loss=0.3307  val_AUPR_all=0.5955  val_AUPR_ab=0.7341  val_AUPR_ag=0.4201  val_P@5_ab=0.9500  val_P@5_ag=0.8000  select=0.5771
Ep038  LR0=1.12e-04  pw=1.17  aucα=0.300  token_p=0.020  dropE=(0.020,0.080)  smooth=0.010  train_loss=0.1397  train_AUPR_all=0.8608  train_AUPR_ab=0.8957  train_AUPR_ag=0.8091  train_P@5_ab=1.0000  train_P@5_ag=1.0000  val_loss=0.3327  val_AUPR_all=0.5968  val_AUPR_ab=0.7483  val_AUPR_ag=0.4156  val_P@5_ab=1.0000  val_P@5_ag=0.9000  select=0.5820
Ep039  LR0=1.08e-04  pw=1.16  aucα=0.300  token_p=0.020  dropE=(0.020,0.080)  smooth=0.010  train_loss=0.1363  train_AUPR_all=0.8645  train_AUPR_ab=0.8969  train_AUPR_ag=0.8172  train_P@5_ab=0.9500  train_P@5_ag=1.0000  val_loss=0.3109  val_AUPR_all=0.6161  val_AUPR_ab=0.7682  val_AUPR_ag=0.3999  val_P@5_ab=0.9500  val_P@5_ag=0.8000  select=0.5840
Ep040  LR0=1.04e-04  pw=1.14  aucα=0.300  token_p=0.020  dropE=(0.020,0.080)  smooth=0.010  train_loss=0.1273  train_AUPR_all=0.8800  train_AUPR_ab=0.9118  train_AUPR_ag=0.8329  train_P@5_ab=1.0000  train_P@5_ag=1.0000  val_loss=0.3388  val_AUPR_all=0.5921  val_AUPR_ab=0.7563  val_AUPR_ag=0.4011  val_P@5_ab=1.0000  val_P@5_ag=0.7000  select=0.5787
Ep041  LR0=1.00e-04  pw=1.13  aucα=0.300  token_p=0.020  dropE=(0.020,0.080)  smooth=0.010  train_loss=0.1245  train_AUPR_all=0.8832  train_AUPR_ab=0.9122  train_AUPR_ag=0.8404  train_P@5_ab=1.0000  train_P@5_ag=1.0000  val_loss=0.3325  val_AUPR_all=0.5966  val_AUPR_ab=0.7561  val_AUPR_ag=0.3957  val_P@5_ab=0.9500  val_P@5_ag=0.6500  select=0.5759
Ep042  LR0=9.63e-05  pw=1.12  aucα=0.300  token_p=0.020  dropE=(0.020,0.080)  smooth=0.010  train_loss=0.1183  train_AUPR_all=0.8927  train_AUPR_ab=0.9218  train_AUPR_ag=0.8496  train_P@5_ab=1.0000  train_P@5_ag=1.0000  val_loss=0.3354  val_AUPR_all=0.5917  val_AUPR_ab=0.7476  val_AUPR_ag=0.3946  val_P@5_ab=0.9500  val_P@5_ag=0.8500  select=0.5711
Ep043  LR0=9.24e-05  pw=1.10  aucα=0.300  token_p=0.020  dropE=(0.020,0.080)  smooth=0.010  train_loss=0.1192  train_AUPR_all=0.8911  train_AUPR_ab=0.9188  train_AUPR_ag=0.8501  train_P@5_ab=1.0000  train_P@5_ag=1.0000  val_loss=0.3276  val_AUPR_all=0.5985  val_AUPR_ab=0.7419  val_AUPR_ag=0.4023  val_P@5_ab=0.9000  val_P@5_ag=0.6000  select=0.5721
Ep044  LR0=8.85e-05  pw=1.09  aucα=0.300  token_p=0.020  dropE=(0.020,0.080)  smooth=0.010  train_loss=0.1160  train_AUPR_all=0.8946  train_AUPR_ab=0.9212  train_AUPR_ag=0.8552  train_P@5_ab=1.0000  train_P@5_ag=1.0000  val_loss=0.3376  val_AUPR_all=0.6033  val_AUPR_ab=0.7609  val_AUPR_ag=0.4039  val_P@5_ab=1.0000  val_P@5_ag=0.7500  select=0.5824
Ep045  LR0=8.46e-05  pw=1.09  aucα=0.300  token_p=0.020  dropE=(0.020,0.080)  smooth=0.010  train_loss=0.1070  train_AUPR_all=0.9082  train_AUPR_ab=0.9340  train_AUPR_ag=0.8693  train_P@5_ab=1.0000  train_P@5_ag=1.0000  val_loss=0.3426  val_AUPR_all=0.5930  val_AUPR_ab=0.7393  val_AUPR_ag=0.3967  val_P@5_ab=1.0000  val_P@5_ag=0.6500  select=0.5680
Early stopping at epoch 45. Best select=0.5900 at epoch 24.
Final saved checkpoint for fold 4: checkpoints_balanced/iPara_balanced_l1_g10_i5_do0.10_dpr0.10_lr0.0002_heads16_fold4.pth
Best select=0.5900 at epoch 24

==========================================================================================
Fold 5/5
==========================================================================================
Train labels: valid=399660, pos=26617, neg=373043, ignore=699540, pos_frac=0.06660
Val labels: valid=100532, pos=6613, neg=93919, ignore=173068, pos_frac=0.06578
Initializing ClassificationModel with 10 GAT layers and residual connections...
Initializing MCModel with 10 GAT layers and 5 row attention layers (drop_path_rate=0.1)
Initializing CoreModel with 1 layers, drop_path_rate=0.1
Ep001  LR0=2.00e-04  pw=8.00  aucα=0.000  token_p=0.020  dropE=(0.020,0.080)  smooth=0.010  train_loss=0.7509  train_AUPR_all=0.2266  train_AUPR_ab=0.2627  train_AUPR_ag=0.1756  train_P@5_ab=0.7500  train_P@5_ag=0.9000  val_loss=0.7824  val_AUPR_all=0.4110  val_AUPR_ab=0.5157  val_AUPR_ag=0.2357  val_P@5_ab=0.8000  val_P@5_ag=0.9000  select=0.3757
  Saved checkpoint: checkpoints_balanced/iPara_balanced_l1_g10_i5_do0.10_dpr0.10_lr0.0002_heads16_fold5.pth  select=0.3757  val_ab=0.5157  val_ag=0.2357  val_all=0.4110
Ep002  LR0=2.00e-04  pw=7.33  aucα=0.000  token_p=0.020  dropE=(0.020,0.080)  smooth=0.010  train_loss=0.5130  train_AUPR_all=0.4253  train_AUPR_ab=0.5180  train_AUPR_ag=0.2748  train_P@5_ab=0.8000  train_P@5_ag=0.9500  val_loss=0.6811  val_AUPR_all=0.4972  val_AUPR_ab=0.6295  val_AUPR_ag=0.2935  val_P@5_ab=1.0000  val_P@5_ag=0.9000  select=0.4615
  Saved checkpoint: checkpoints_balanced/iPara_balanced_l1_g10_i5_do0.10_dpr0.10_lr0.0002_heads16_fold5.pth  select=0.4615  val_ab=0.6295  val_ag=0.2935  val_all=0.4972
Ep003  LR0=2.00e-04  pw=6.73  aucα=0.000  token_p=0.020  dropE=(0.020,0.080)  smooth=0.010  train_loss=0.4553  train_AUPR_all=0.4799  train_AUPR_ab=0.5776  train_AUPR_ag=0.3173  train_P@5_ab=0.7500  train_P@5_ag=0.6500  val_loss=0.6084  val_AUPR_all=0.5210  val_AUPR_ab=0.6478  val_AUPR_ag=0.3361  val_P@5_ab=0.9000  val_P@5_ag=0.9000  select=0.4920
  Saved checkpoint: checkpoints_balanced/iPara_balanced_l1_g10_i5_do0.10_dpr0.10_lr0.0002_heads16_fold5.pth  select=0.4920  val_ab=0.6478  val_ag=0.3361  val_all=0.5210
Ep004  LR0=1.99e-04  pw=6.19  aucα=0.000  token_p=0.020  dropE=(0.020,0.080)  smooth=0.010  train_loss=0.4213  train_AUPR_all=0.5118  train_AUPR_ab=0.6076  train_AUPR_ag=0.3458  train_P@5_ab=0.9000  train_P@5_ag=1.0000  val_loss=0.5742  val_AUPR_all=0.5526  val_AUPR_ab=0.6796  val_AUPR_ag=0.3388  val_P@5_ab=0.9000  val_P@5_ag=0.9500  select=0.5092
  Saved checkpoint: checkpoints_balanced/iPara_balanced_l1_g10_i5_do0.10_dpr0.10_lr0.0002_heads16_fold5.pth  select=0.5092  val_ab=0.6796  val_ag=0.3388  val_all=0.5526
Ep005  LR0=1.99e-04  pw=5.69  aucα=0.000  token_p=0.020  dropE=(0.020,0.080)  smooth=0.010  train_loss=0.3920  train_AUPR_all=0.5259  train_AUPR_ab=0.6212  train_AUPR_ag=0.3612  train_P@5_ab=0.9000  train_P@5_ag=0.9500  val_loss=0.5507  val_AUPR_all=0.5502  val_AUPR_ab=0.6786  val_AUPR_ag=0.3405  val_P@5_ab=0.9500  val_P@5_ag=0.9000  select=0.5096
  Saved checkpoint: checkpoints_balanced/iPara_balanced_l1_g10_i5_do0.10_dpr0.10_lr0.0002_heads16_fold5.pth  select=0.5096  val_ab=0.6786  val_ag=0.3405  val_all=0.5502
Ep006  LR0=1.98e-04  pw=5.25  aucα=0.000  token_p=0.020  dropE=(0.020,0.080)  smooth=0.010  train_loss=0.3647  train_AUPR_all=0.5505  train_AUPR_ab=0.6494  train_AUPR_ag=0.3780  train_P@5_ab=0.9000  train_P@5_ag=0.9500  val_loss=0.5322  val_AUPR_all=0.5653  val_AUPR_ab=0.7054  val_AUPR_ag=0.3464  val_P@5_ab=1.0000  val_P@5_ag=0.8500  select=0.5259
  Saved checkpoint: checkpoints_balanced/iPara_balanced_l1_g10_i5_do0.10_dpr0.10_lr0.0002_heads16_fold5.pth  select=0.5259  val_ab=0.7054  val_ag=0.3464  val_all=0.5653
Ep007  LR0=1.97e-04  pw=4.84  aucα=0.000  token_p=0.020  dropE=(0.020,0.080)  smooth=0.010  train_loss=0.3456  train_AUPR_all=0.5562  train_AUPR_ab=0.6544  train_AUPR_ag=0.3862  train_P@5_ab=0.9000  train_P@5_ag=0.8500  val_loss=0.5205  val_AUPR_all=0.5644  val_AUPR_ab=0.7018  val_AUPR_ag=0.3559  val_P@5_ab=0.9500  val_P@5_ag=0.8500  select=0.5288
  Saved checkpoint: checkpoints_balanced/iPara_balanced_l1_g10_i5_do0.10_dpr0.10_lr0.0002_heads16_fold5.pth  select=0.5288  val_ab=0.7018  val_ag=0.3559  val_all=0.5644
Ep008  LR0=1.96e-04  pw=4.48  aucα=0.000  token_p=0.020  dropE=(0.020,0.080)  smooth=0.010  train_loss=0.3242  train_AUPR_all=0.5709  train_AUPR_ab=0.6720  train_AUPR_ag=0.3995  train_P@5_ab=1.0000  train_P@5_ag=1.0000  val_loss=0.5234  val_AUPR_all=0.5604  val_AUPR_ab=0.7259  val_AUPR_ag=0.3254  val_P@5_ab=1.0000  val_P@5_ag=0.8500  select=0.5256
Ep009  LR0=1.95e-04  pw=4.15  aucα=0.000  token_p=0.020  dropE=(0.020,0.080)  smooth=0.010  train_loss=0.3082  train_AUPR_all=0.5725  train_AUPR_ab=0.6721  train_AUPR_ag=0.4040  train_P@5_ab=0.9000  train_P@5_ag=0.9500  val_loss=0.4638  val_AUPR_all=0.5890  val_AUPR_ab=0.7256  val_AUPR_ag=0.3705  val_P@5_ab=1.0000  val_P@5_ag=0.8500  select=0.5481
  Saved checkpoint: checkpoints_balanced/iPara_balanced_l1_g10_i5_do0.10_dpr0.10_lr0.0002_heads16_fold5.pth  select=0.5481  val_ab=0.7256  val_ag=0.3705  val_all=0.5890
Ep010  LR0=1.94e-04  pw=3.85  aucα=0.030  token_p=0.020  dropE=(0.020,0.080)  smooth=0.010  train_loss=0.3061  train_AUPR_all=0.5878  train_AUPR_ab=0.6931  train_AUPR_ag=0.4117  train_P@5_ab=1.0000  train_P@5_ag=0.9000  val_loss=0.4494  val_AUPR_all=0.5882  val_AUPR_ab=0.7298  val_AUPR_ag=0.3574  val_P@5_ab=1.0000  val_P@5_ag=0.7500  select=0.5436
Unfreezing DyM parameters.
Ep011  LR0=1.92e-04  pw=3.58  aucα=0.060  token_p=0.020  dropE=(0.020,0.080)  smooth=0.010  train_loss=0.3004  train_AUPR_all=0.6050  train_AUPR_ab=0.7061  train_AUPR_ag=0.4354  train_P@5_ab=1.0000  train_P@5_ag=1.0000  val_loss=0.4546  val_AUPR_all=0.5851  val_AUPR_ab=0.7257  val_AUPR_ag=0.3637  val_P@5_ab=0.9500  val_P@5_ag=0.8000  select=0.5447
Ep012  LR0=1.91e-04  pw=3.33  aucα=0.090  token_p=0.020  dropE=(0.020,0.080)  smooth=0.010  train_loss=0.2993  train_AUPR_all=0.6112  train_AUPR_ab=0.7127  train_AUPR_ag=0.4434  train_P@5_ab=1.0000  train_P@5_ag=1.0000  val_loss=0.4204  val_AUPR_all=0.5967  val_AUPR_ab=0.7391  val_AUPR_ag=0.3671  val_P@5_ab=1.0000  val_P@5_ag=0.8000  select=0.5531
  Saved checkpoint: checkpoints_balanced/iPara_balanced_l1_g10_i5_do0.10_dpr0.10_lr0.0002_heads16_fold5.pth  select=0.5531  val_ab=0.7391  val_ag=0.3671  val_all=0.5967
Ep013  LR0=1.89e-04  pw=3.11  aucα=0.120  token_p=0.020  dropE=(0.020,0.080)  smooth=0.010  train_loss=0.3002  train_AUPR_all=0.6139  train_AUPR_ab=0.7124  train_AUPR_ag=0.4498  train_P@5_ab=0.9000  train_P@5_ag=1.0000  val_loss=0.4214  val_AUPR_all=0.5903  val_AUPR_ab=0.7413  val_AUPR_ag=0.3443  val_P@5_ab=1.0000  val_P@5_ag=0.9000  select=0.5428
Ep014  LR0=1.87e-04  pw=2.91  aucα=0.150  token_p=0.020  dropE=(0.020,0.080)  smooth=0.010  train_loss=0.3001  train_AUPR_all=0.6257  train_AUPR_ab=0.7230  train_AUPR_ag=0.4669  train_P@5_ab=0.9000  train_P@5_ag=1.0000  val_loss=0.3977  val_AUPR_all=0.5970  val_AUPR_ab=0.7441  val_AUPR_ag=0.3610  val_P@5_ab=1.0000  val_P@5_ag=0.9500  select=0.5525
Ep015  LR0=1.85e-04  pw=2.73  aucα=0.180  token_p=0.020  dropE=(0.020,0.080)  smooth=0.010  train_loss=0.2978  train_AUPR_all=0.6343  train_AUPR_ab=0.7302  train_AUPR_ag=0.4798  train_P@5_ab=1.0000  train_P@5_ag=1.0000  val_loss=0.4025  val_AUPR_all=0.5921  val_AUPR_ab=0.7500  val_AUPR_ag=0.3587  val_P@5_ab=1.0000  val_P@5_ag=0.9500  select=0.5544
  Saved checkpoint: checkpoints_balanced/iPara_balanced_l1_g10_i5_do0.10_dpr0.10_lr0.0002_heads16_fold5.pth  select=0.5544  val_ab=0.7500  val_ag=0.3587  val_all=0.5921
Ep016  LR0=1.83e-04  pw=2.56  aucα=0.210  token_p=0.020  dropE=(0.020,0.080)  smooth=0.010  train_loss=0.2935  train_AUPR_all=0.6473  train_AUPR_ab=0.7421  train_AUPR_ag=0.4957  train_P@5_ab=0.9500  train_P@5_ag=0.8500  val_loss=0.3907  val_AUPR_all=0.5998  val_AUPR_ab=0.7512  val_AUPR_ag=0.3645  val_P@5_ab=1.0000  val_P@5_ag=0.9000  select=0.5579
  Saved checkpoint: checkpoints_balanced/iPara_balanced_l1_g10_i5_do0.10_dpr0.10_lr0.0002_heads16_fold5.pth  select=0.5579  val_ab=0.7512  val_ag=0.3645  val_all=0.5998
Ep017  LR0=1.81e-04  pw=2.41  aucα=0.240  token_p=0.020  dropE=(0.020,0.080)  smooth=0.010  train_loss=0.2898  train_AUPR_all=0.6638  train_AUPR_ab=0.7536  train_AUPR_ag=0.5202  train_P@5_ab=1.0000  train_P@5_ag=1.0000  val_loss=0.3950  val_AUPR_all=0.5809  val_AUPR_ab=0.7483  val_AUPR_ag=0.3601  val_P@5_ab=1.0000  val_P@5_ag=0.9500  select=0.5542
Ep018  LR0=1.79e-04  pw=2.28  aucα=0.270  token_p=0.020  dropE=(0.020,0.080)  smooth=0.010  train_loss=0.2937  train_AUPR_all=0.6658  train_AUPR_ab=0.7576  train_AUPR_ag=0.5193  train_P@5_ab=1.0000  train_P@5_ag=0.9000  val_loss=0.3741  val_AUPR_all=0.5928  val_AUPR_ab=0.7548  val_AUPR_ag=0.3626  val_P@5_ab=1.0000  val_P@5_ag=0.8500  select=0.5587
  Saved checkpoint: checkpoints_balanced/iPara_balanced_l1_g10_i5_do0.10_dpr0.10_lr0.0002_heads16_fold5.pth  select=0.5587  val_ab=0.7548  val_ag=0.3626  val_all=0.5928
Ep019  LR0=1.76e-04  pw=2.16  aucα=0.300  token_p=0.020  dropE=(0.020,0.080)  smooth=0.010  train_loss=0.2936  train_AUPR_all=0.6772  train_AUPR_ab=0.7603  train_AUPR_ag=0.5464  train_P@5_ab=1.0000  train_P@5_ag=1.0000  val_loss=0.3725  val_AUPR_all=0.5875  val_AUPR_ab=0.7540  val_AUPR_ag=0.3608  val_P@5_ab=1.0000  val_P@5_ag=0.9500  select=0.5574
Ep020  LR0=1.73e-04  pw=2.05  aucα=0.300  token_p=0.020  dropE=(0.020,0.080)  smooth=0.010  train_loss=0.2797  train_AUPR_all=0.6880  train_AUPR_ab=0.7718  train_AUPR_ag=0.5566  train_P@5_ab=1.0000  train_P@5_ag=1.0000  val_loss=0.3577  val_AUPR_all=0.6028  val_AUPR_ab=0.7608  val_AUPR_ag=0.3511  val_P@5_ab=1.0000  val_P@5_ag=0.9000  select=0.5559
Ep021  LR0=1.71e-04  pw=1.95  aucα=0.300  token_p=0.020  dropE=(0.020,0.080)  smooth=0.010  train_loss=0.2688  train_AUPR_all=0.6977  train_AUPR_ab=0.7758  train_AUPR_ag=0.5764  train_P@5_ab=1.0000  train_P@5_ag=0.9000  val_loss=0.3479  val_AUPR_all=0.6042  val_AUPR_ab=0.7695  val_AUPR_ag=0.3571  val_P@5_ab=0.9500  val_P@5_ag=0.9500  select=0.5633
  Saved checkpoint: checkpoints_balanced/iPara_balanced_l1_g10_i5_do0.10_dpr0.10_lr0.0002_heads16_fold5.pth  select=0.5633  val_ab=0.7695  val_ag=0.3571  val_all=0.6042
Ep022  LR0=1.68e-04  pw=1.86  aucα=0.300  token_p=0.020  dropE=(0.020,0.080)  smooth=0.010  train_loss=0.2532  train_AUPR_all=0.7170  train_AUPR_ab=0.7924  train_AUPR_ag=0.6003  train_P@5_ab=1.0000  train_P@5_ag=1.0000  val_loss=0.3540  val_AUPR_all=0.5993  val_AUPR_ab=0.7579  val_AUPR_ag=0.3638  val_P@5_ab=1.0000  val_P@5_ag=0.9500  select=0.5609
Ep023  LR0=1.65e-04  pw=1.78  aucα=0.300  token_p=0.020  dropE=(0.020,0.080)  smooth=0.010  train_loss=0.2461  train_AUPR_all=0.7228  train_AUPR_ab=0.7953  train_AUPR_ag=0.6119  train_P@5_ab=1.0000  train_P@5_ag=1.0000  val_loss=0.3458  val_AUPR_all=0.5935  val_AUPR_ab=0.7640  val_AUPR_ag=0.3518  val_P@5_ab=1.0000  val_P@5_ag=0.9000  select=0.5579
Ep024  LR0=1.62e-04  pw=1.70  aucα=0.300  token_p=0.020  dropE=(0.020,0.080)  smooth=0.010  train_loss=0.2330  train_AUPR_all=0.7347  train_AUPR_ab=0.8024  train_AUPR_ag=0.6321  train_P@5_ab=0.9500  train_P@5_ag=0.9000  val_loss=0.3513  val_AUPR_all=0.5941  val_AUPR_ab=0.7698  val_AUPR_ag=0.3600  val_P@5_ab=1.0000  val_P@5_ag=0.9500  select=0.5649
  Saved checkpoint: checkpoints_balanced/iPara_balanced_l1_g10_i5_do0.10_dpr0.10_lr0.0002_heads16_fold5.pth  select=0.5649  val_ab=0.7698  val_ag=0.3600  val_all=0.5941
Ep025  LR0=1.59e-04  pw=1.64  aucα=0.300  token_p=0.020  dropE=(0.020,0.080)  smooth=0.010  train_loss=0.2234  train_AUPR_all=0.7502  train_AUPR_ab=0.8141  train_AUPR_ag=0.6543  train_P@5_ab=1.0000  train_P@5_ag=0.9500  val_loss=0.3522  val_AUPR_all=0.5970  val_AUPR_ab=0.7604  val_AUPR_ag=0.3693  val_P@5_ab=0.9500  val_P@5_ag=0.9500  select=0.5648
Ep026  LR0=1.56e-04  pw=1.57  aucα=0.300  token_p=0.020  dropE=(0.020,0.080)  smooth=0.010  train_loss=0.2178  train_AUPR_all=0.7539  train_AUPR_ab=0.8120  train_AUPR_ag=0.6682  train_P@5_ab=0.9500  train_P@5_ag=1.0000  val_loss=0.3474  val_AUPR_all=0.5859  val_AUPR_ab=0.7561  val_AUPR_ag=0.3654  val_P@5_ab=1.0000  val_P@5_ag=0.9000  select=0.5608
Ep027  LR0=1.52e-04  pw=1.52  aucα=0.300  token_p=0.020  dropE=(0.020,0.080)  smooth=0.010  train_loss=0.2080  train_AUPR_all=0.7662  train_AUPR_ab=0.8206  train_AUPR_ag=0.6864  train_P@5_ab=1.0000  train_P@5_ag=1.0000  val_loss=0.3669  val_AUPR_all=0.5832  val_AUPR_ab=0.7653  val_AUPR_ag=0.3566  val_P@5_ab=0.9500  val_P@5_ag=0.6000  select=0.5610
Ep028  LR0=1.49e-04  pw=1.47  aucα=0.300  token_p=0.020  dropE=(0.020,0.080)  smooth=0.010  train_loss=0.1983  train_AUPR_all=0.7812  train_AUPR_ab=0.8321  train_AUPR_ag=0.7065  train_P@5_ab=1.0000  train_P@5_ag=1.0000  val_loss=0.3570  val_AUPR_all=0.5785  val_AUPR_ab=0.7594  val_AUPR_ag=0.3371  val_P@5_ab=1.0000  val_P@5_ag=0.6500  select=0.5483
Ep029  LR0=1.46e-04  pw=1.43  aucα=0.300  token_p=0.020  dropE=(0.020,0.080)  smooth=0.010  train_loss=0.1914  train_AUPR_all=0.7868  train_AUPR_ab=0.8375  train_AUPR_ag=0.7118  train_P@5_ab=1.0000  train_P@5_ag=0.9500  val_loss=0.3450  val_AUPR_all=0.5856  val_AUPR_ab=0.7678  val_AUPR_ag=0.3531  val_P@5_ab=1.0000  val_P@5_ag=0.7000  select=0.5604
Ep030  LR0=1.42e-04  pw=1.39  aucα=0.300  token_p=0.020  dropE=(0.020,0.080)  smooth=0.010  train_loss=0.1847  train_AUPR_all=0.7983  train_AUPR_ab=0.8464  train_AUPR_ag=0.7283  train_P@5_ab=1.0000  train_P@5_ag=0.9000  val_loss=0.3391  val_AUPR_all=0.6017  val_AUPR_ab=0.7588  val_AUPR_ag=0.3807  val_P@5_ab=0.9500  val_P@5_ag=0.9000  select=0.5698
  Saved checkpoint: checkpoints_balanced/iPara_balanced_l1_g10_i5_do0.10_dpr0.10_lr0.0002_heads16_fold5.pth  select=0.5698  val_ab=0.7588  val_ag=0.3807  val_all=0.6017
Ep031  LR0=1.38e-04  pw=1.35  aucα=0.300  token_p=0.020  dropE=(0.020,0.080)  smooth=0.010  train_loss=0.1774  train_AUPR_all=0.8089  train_AUPR_ab=0.8565  train_AUPR_ag=0.7389  train_P@5_ab=1.0000  train_P@5_ag=1.0000  val_loss=0.3442  val_AUPR_all=0.5767  val_AUPR_ab=0.7518  val_AUPR_ag=0.3603  val_P@5_ab=0.9000  val_P@5_ag=0.9000  select=0.5560
Ep032  LR0=1.35e-04  pw=1.32  aucα=0.300  token_p=0.020  dropE=(0.020,0.080)  smooth=0.010  train_loss=0.1705  train_AUPR_all=0.8177  train_AUPR_ab=0.8609  train_AUPR_ag=0.7546  train_P@5_ab=1.0000  train_P@5_ag=0.9500  val_loss=0.3352  val_AUPR_all=0.5826  val_AUPR_ab=0.7528  val_AUPR_ag=0.3616  val_P@5_ab=0.9500  val_P@5_ag=1.0000  select=0.5572
Ep033  LR0=1.31e-04  pw=1.29  aucα=0.300  token_p=0.020  dropE=(0.020,0.080)  smooth=0.010  train_loss=0.1658  train_AUPR_all=0.8223  train_AUPR_ab=0.8621  train_AUPR_ag=0.7647  train_P@5_ab=1.0000  train_P@5_ag=1.0000  val_loss=0.3299  val_AUPR_all=0.6019  val_AUPR_ab=0.7660  val_AUPR_ag=0.3676  val_P@5_ab=1.0000  val_P@5_ag=0.9000  select=0.5668
Ep034  LR0=1.27e-04  pw=1.26  aucα=0.300  token_p=0.020  dropE=(0.020,0.080)  smooth=0.010  train_loss=0.1598  train_AUPR_all=0.8289  train_AUPR_ab=0.8677  train_AUPR_ag=0.7724  train_P@5_ab=1.0000  train_P@5_ag=1.0000  val_loss=0.3299  val_AUPR_all=0.5976  val_AUPR_ab=0.7630  val_AUPR_ag=0.3762  val_P@5_ab=0.9500  val_P@5_ag=1.0000  select=0.5696
Ep035  LR0=1.24e-04  pw=1.23  aucα=0.300  token_p=0.020  dropE=(0.020,0.080)  smooth=0.010  train_loss=0.1546  train_AUPR_all=0.8382  train_AUPR_ab=0.8761  train_AUPR_ag=0.7827  train_P@5_ab=0.9500  train_P@5_ag=0.9500  val_loss=0.3330  val_AUPR_all=0.5924  val_AUPR_ab=0.7543  val_AUPR_ag=0.3775  val_P@5_ab=0.9500  val_P@5_ag=0.9500  select=0.5659
Ep036  LR0=1.20e-04  pw=1.21  aucα=0.300  token_p=0.020  dropE=(0.020,0.080)  smooth=0.010  train_loss=0.1476  train_AUPR_all=0.8479  train_AUPR_ab=0.8817  train_AUPR_ag=0.7991  train_P@5_ab=1.0000  train_P@5_ag=1.0000  val_loss=0.3502  val_AUPR_all=0.5791  val_AUPR_ab=0.7638  val_AUPR_ag=0.3454  val_P@5_ab=0.9500  val_P@5_ag=0.9000  select=0.5546
Ep037  LR0=1.16e-04  pw=1.19  aucα=0.300  token_p=0.020  dropE=(0.020,0.080)  smooth=0.010  train_loss=0.1422  train_AUPR_all=0.8575  train_AUPR_ab=0.8905  train_AUPR_ag=0.8093  train_P@5_ab=1.0000  train_P@5_ag=1.0000  val_loss=0.3472  val_AUPR_all=0.5787  val_AUPR_ab=0.7615  val_AUPR_ag=0.3635  val_P@5_ab=0.9500  val_P@5_ag=0.9000  select=0.5625
Ep038  LR0=1.12e-04  pw=1.17  aucα=0.300  token_p=0.020  dropE=(0.020,0.080)  smooth=0.010  train_loss=0.1357  train_AUPR_all=0.8668  train_AUPR_ab=0.8992  train_AUPR_ag=0.8194  train_P@5_ab=1.0000  train_P@5_ag=0.9000  val_loss=0.3325  val_AUPR_all=0.5833  val_AUPR_ab=0.7542  val_AUPR_ag=0.3639  val_P@5_ab=1.0000  val_P@5_ag=0.8500  select=0.5590
Ep039  LR0=1.08e-04  pw=1.16  aucα=0.300  token_p=0.020  dropE=(0.020,0.080)  smooth=0.010  train_loss=0.1331  train_AUPR_all=0.8697  train_AUPR_ab=0.9039  train_AUPR_ag=0.8190  train_P@5_ab=1.0000  train_P@5_ag=1.0000  val_loss=0.3406  val_AUPR_all=0.5864  val_AUPR_ab=0.7521  val_AUPR_ag=0.3655  val_P@5_ab=0.9500  val_P@5_ag=1.0000  select=0.5588
Ep040  LR0=1.04e-04  pw=1.14  aucα=0.300  token_p=0.020  dropE=(0.020,0.080)  smooth=0.010  train_loss=0.1259  train_AUPR_all=0.8813  train_AUPR_ab=0.9119  train_AUPR_ag=0.8361  train_P@5_ab=1.0000  train_P@5_ag=1.0000  val_loss=0.3405  val_AUPR_all=0.5922  val_AUPR_ab=0.7537  val_AUPR_ag=0.3826  val_P@5_ab=0.9500  val_P@5_ag=1.0000  select=0.5682
Ep041  LR0=1.00e-04  pw=1.13  aucα=0.300  token_p=0.020  dropE=(0.020,0.080)  smooth=0.010  train_loss=0.1234  train_AUPR_all=0.8836  train_AUPR_ab=0.9125  train_AUPR_ag=0.8411  train_P@5_ab=1.0000  train_P@5_ag=1.0000  val_loss=0.3493  val_AUPR_all=0.5811  val_AUPR_ab=0.7507  val_AUPR_ag=0.3617  val_P@5_ab=0.9500  val_P@5_ag=0.7000  select=0.5562
Ep042  LR0=9.63e-05  pw=1.12  aucα=0.300  token_p=0.020  dropE=(0.020,0.080)  smooth=0.010  train_loss=0.1220  train_AUPR_all=0.8850  train_AUPR_ab=0.9117  train_AUPR_ag=0.8459  train_P@5_ab=1.0000  train_P@5_ag=0.9500  val_loss=0.3376  val_AUPR_all=0.5880  val_AUPR_ab=0.7580  val_AUPR_ag=0.3606  val_P@5_ab=1.0000  val_P@5_ag=0.6500  select=0.5593
Ep043  LR0=9.24e-05  pw=1.10  aucα=0.300  token_p=0.020  dropE=(0.020,0.080)  smooth=0.010  train_loss=0.1152  train_AUPR_all=0.8959  train_AUPR_ab=0.9237  train_AUPR_ag=0.8543  train_P@5_ab=1.0000  train_P@5_ag=1.0000  val_loss=0.3495  val_AUPR_all=0.5802  val_AUPR_ab=0.7524  val_AUPR_ag=0.3564  val_P@5_ab=0.9500  val_P@5_ag=0.7000  select=0.5544
Ep044  LR0=8.85e-05  pw=1.09  aucα=0.300  token_p=0.020  dropE=(0.020,0.080)  smooth=0.010  train_loss=0.1148  train_AUPR_all=0.8968  train_AUPR_ab=0.9237  train_AUPR_ag=0.8567  train_P@5_ab=1.0000  train_P@5_ag=1.0000  val_loss=0.3391  val_AUPR_all=0.5933  val_AUPR_ab=0.7613  val_AUPR_ag=0.3600  val_P@5_ab=1.0000  val_P@5_ag=1.0000  select=0.5606
Ep045  LR0=8.46e-05  pw=1.09  aucα=0.300  token_p=0.020  dropE=(0.020,0.080)  smooth=0.010  train_loss=0.1098  train_AUPR_all=0.9032  train_AUPR_ab=0.9286  train_AUPR_ag=0.8656  train_P@5_ab=1.0000  train_P@5_ag=1.0000  val_loss=0.3428  val_AUPR_all=0.5843  val_AUPR_ab=0.7606  val_AUPR_ag=0.3500  val_P@5_ab=1.0000  val_P@5_ag=0.8500  select=0.5553
Ep046  LR0=8.08e-05  pw=1.08  aucα=0.300  token_p=0.020  dropE=(0.020,0.080)  smooth=0.010  train_loss=0.1076  train_AUPR_all=0.9063  train_AUPR_ab=0.9301  train_AUPR_ag=0.8712  train_P@5_ab=1.0000  train_P@5_ag=1.0000  val_loss=0.3484  val_AUPR_all=0.5742  val_AUPR_ab=0.7520  val_AUPR_ag=0.3659  val_P@5_ab=0.9500  val_P@5_ag=0.6500  select=0.5590
Ep047  LR0=7.70e-05  pw=1.07  aucα=0.300  token_p=0.020  dropE=(0.020,0.080)  smooth=0.010  train_loss=0.1045  train_AUPR_all=0.9118  train_AUPR_ab=0.9361  train_AUPR_ag=0.8757  train_P@5_ab=1.0000  train_P@5_ag=0.9500  val_loss=0.3563  val_AUPR_all=0.5613  val_AUPR_ab=0.7528  val_AUPR_ag=0.3500  val_P@5_ab=0.9500  val_P@5_ag=0.6500  select=0.5514
Ep048  LR0=7.32e-05  pw=1.06  aucα=0.300  token_p=0.020  dropE=(0.020,0.080)  smooth=0.010  train_loss=0.1001  train_AUPR_all=0.9171  train_AUPR_ab=0.9396  train_AUPR_ag=0.8837  train_P@5_ab=1.0000  train_P@5_ag=1.0000  val_loss=0.3463  val_AUPR_all=0.5771  val_AUPR_ab=0.7447  val_AUPR_ag=0.3653  val_P@5_ab=0.9500  val_P@5_ag=0.9000  select=0.5550
Ep049  LR0=6.94e-05  pw=1.06  aucα=0.300  token_p=0.020  dropE=(0.020,0.080)  smooth=0.010  train_loss=0.0972  train_AUPR_all=0.9224  train_AUPR_ab=0.9449  train_AUPR_ag=0.8885  train_P@5_ab=1.0000  train_P@5_ag=1.0000  val_loss=0.3605  val_AUPR_all=0.5793  val_AUPR_ab=0.7599  val_AUPR_ag=0.3521  val_P@5_ab=0.9500  val_P@5_ag=0.8000  select=0.5560
Ep050  LR0=6.57e-05  pw=1.05  aucα=0.300  token_p=0.020  dropE=(0.020,0.080)  smooth=0.010  train_loss=0.0922  train_AUPR_all=0.9292  train_AUPR_ab=0.9500  train_AUPR_ag=0.8974  train_P@5_ab=1.0000  train_P@5_ag=1.0000  val_loss=0.3613  val_AUPR_all=0.5701  val_AUPR_ab=0.7411  val_AUPR_ag=0.3514  val_P@5_ab=1.0000  val_P@5_ag=0.6500  select=0.5462
Early stopping at epoch 50. Best select=0.5698 at epoch 30.
Final saved checkpoint for fold 5: checkpoints_balanced/iPara_balanced_l1_g10_i5_do0.10_dpr0.10_lr0.0002_heads16_fold5.pth
Best select=0.5698 at epoch 30
