Device: cuda
Visible GPUs: 1
GPU 0: NVIDIA RTX PRO 6000 Blackwell Server Edition
Config:
  sequence_file: para_tv_esmsequences_1600.npz
  data_file: para_tv_esminterfaces_1600.npz
  edge_file: para_tv_esmedges_1600.npz
  seq_len: 1600
  vocab_size: 31
  num_classes: 2
  pad_id: 1
  eoc_id: 24
  embed_dim: 256
  num_heads: 16
  num_layers: 1
  num_gnn_layers: 7
  num_int_layers: 5
  dropout: 0.1
  drop_path_rate: 0.1
  batch_size: 4
  num_epochs: 60
  warmup_epochs: 15
  min_stop_epoch: 45
  early_stop: 20
  learning_rate: 0.0002
  weight_decay: 0.0001
  max_grad_norm: 0.5
  accum_steps: 1
  amp: True
  weight_start: 20.0
  weight_end: 1.0
  weight_anneal_tau: 8.0
  dropedge_min: 0.05
  dropedge_max: 0.12
  token_drop_p: 0.03
  smooth_lambda: 0.01
  aucpr_alpha: 0.3
  aucpr_ramp_start: 10
  aucpr_ramp_len: 10
  aucpr_bins: 64
  aucpr_temp: 0.05
  antibody_loss_weight: 1.0
  antigen_loss_weight: 1.0
  n_splits: 5
  num_workers: 0
  select_ab_weight: 0.5
  select_ag_weight: 0.5
Dataset size: 858

==========================================================================================
Fold 1/5
==========================================================================================
Train labels: valid=399467, pos=26433, neg=373034, ignore=698133, pos_frac=0.06617
Val labels: valid=100725, pos=6797, neg=93928, ignore=174475, pos_frac=0.06748
Initializing ClassificationModel with 7 GAT layers and residual connections...
Initializing MCModel with 7 GAT layers and 5 row attention layers (drop_path_rate=0.1)
Initializing CoreModel with 1 layers, drop_path_rate=0.1
Ep001  LR0=2.00e-04  pw=20.00  aucα=0.000  token_p=0.030  dropE=(0.050,0.120)  smooth=0.010  train_loss=1.2317  train_AUPR_all=0.1881  train_AUPR_ab=0.2209  train_AUPR_ag=0.1487  train_P@5_ab=0.4000  train_P@5_ag=0.4500  val_loss=1.1321  val_AUPR_all=0.4069  val_AUPR_ab=0.5086  val_AUPR_ag=0.2489  val_P@5_ab=0.7500  val_P@5_ag=1.0000  select=0.3787
  Saved checkpoint: checkpoints_old/iPara_balanced_l1_g7_i5_do0.10_dpr0.10_lr0.0002_heads16_fold1.pth  select=0.3787  val_ab=0.5086  val_ag=0.2489  val_all=0.4069
Ep002  LR0=2.00e-04  pw=17.77  aucα=0.000  token_p=0.030  dropE=(0.050,0.120)  smooth=0.010  train_loss=0.8021  train_AUPR_all=0.3919  train_AUPR_ab=0.4728  train_AUPR_ag=0.2613  train_P@5_ab=0.7000  train_P@5_ag=0.8000  val_loss=1.0356  val_AUPR_all=0.4629  val_AUPR_ab=0.5834  val_AUPR_ag=0.2787  val_P@5_ab=0.8500  val_P@5_ag=0.8500  select=0.4310
  Saved checkpoint: checkpoints_old/iPara_balanced_l1_g7_i5_do0.10_dpr0.10_lr0.0002_heads16_fold1.pth  select=0.4310  val_ab=0.5834  val_ag=0.2787  val_all=0.4629
Ep003  LR0=1.99e-04  pw=15.80  aucα=0.000  token_p=0.030  dropE=(0.050,0.120)  smooth=0.010  train_loss=0.7181  train_AUPR_all=0.4366  train_AUPR_ab=0.5251  train_AUPR_ag=0.2863  train_P@5_ab=0.8000  train_P@5_ag=0.9000  val_loss=0.9242  val_AUPR_all=0.4698  val_AUPR_ab=0.5855  val_AUPR_ag=0.3210  val_P@5_ab=0.6500  val_P@5_ag=0.8500  select=0.4532
  Saved checkpoint: checkpoints_old/iPara_balanced_l1_g7_i5_do0.10_dpr0.10_lr0.0002_heads16_fold1.pth  select=0.4532  val_ab=0.5855  val_ag=0.3210  val_all=0.4698
Ep004  LR0=1.99e-04  pw=14.06  aucα=0.000  token_p=0.030  dropE=(0.050,0.120)  smooth=0.010  train_loss=0.6565  train_AUPR_all=0.4455  train_AUPR_ab=0.5473  train_AUPR_ag=0.2741  train_P@5_ab=0.8000  train_P@5_ag=0.6000  val_loss=0.8745  val_AUPR_all=0.4800  val_AUPR_ab=0.5806  val_AUPR_ag=0.3244  val_P@5_ab=0.9000  val_P@5_ag=0.9000  select=0.4525
Unfreezing DyM parameters.
Ep005  LR0=1.98e-04  pw=12.52  aucα=0.000  token_p=0.030  dropE=(0.050,0.120)  smooth=0.010  train_loss=0.6009  train_AUPR_all=0.4827  train_AUPR_ab=0.5697  train_AUPR_ag=0.3325  train_P@5_ab=0.8500  train_P@5_ag=0.8500  val_loss=0.8502  val_AUPR_all=0.5189  val_AUPR_ab=0.6251  val_AUPR_ag=0.3438  val_P@5_ab=0.9000  val_P@5_ag=1.0000  select=0.4845
  Saved checkpoint: checkpoints_old/iPara_balanced_l1_g7_i5_do0.10_dpr0.10_lr0.0002_heads16_fold1.pth  select=0.4845  val_ab=0.6251  val_ag=0.3438  val_all=0.5189
Ep006  LR0=1.97e-04  pw=11.17  aucα=0.000  token_p=0.030  dropE=(0.050,0.120)  smooth=0.010  train_loss=0.5565  train_AUPR_all=0.5022  train_AUPR_ab=0.6026  train_AUPR_ag=0.3320  train_P@5_ab=0.7500  train_P@5_ag=0.8500  val_loss=0.8059  val_AUPR_all=0.5230  val_AUPR_ab=0.6483  val_AUPR_ag=0.3561  val_P@5_ab=1.0000  val_P@5_ag=0.9000  select=0.5022
  Saved checkpoint: checkpoints_old/iPara_balanced_l1_g7_i5_do0.10_dpr0.10_lr0.0002_heads16_fold1.pth  select=0.5022  val_ab=0.6483  val_ag=0.3561  val_all=0.5230
Ep007  LR0=1.95e-04  pw=9.97  aucα=0.000  token_p=0.030  dropE=(0.050,0.120)  smooth=0.010  train_loss=0.5189  train_AUPR_all=0.5184  train_AUPR_ab=0.6134  train_AUPR_ag=0.3538  train_P@5_ab=0.8500  train_P@5_ag=0.8000  val_loss=0.7922  val_AUPR_all=0.5088  val_AUPR_ab=0.6422  val_AUPR_ag=0.3372  val_P@5_ab=0.7500  val_P@5_ag=0.9000  select=0.4897
Ep008  LR0=1.93e-04  pw=8.92  aucα=0.000  token_p=0.030  dropE=(0.050,0.120)  smooth=0.010  train_loss=0.4828  train_AUPR_all=0.5300  train_AUPR_ab=0.6210  train_AUPR_ag=0.3713  train_P@5_ab=0.8000  train_P@5_ag=0.8500  val_loss=0.7388  val_AUPR_all=0.5321  val_AUPR_ab=0.6548  val_AUPR_ag=0.3302  val_P@5_ab=0.8500  val_P@5_ag=0.9500  select=0.4925
Ep009  LR0=1.91e-04  pw=7.99  aucα=0.000  token_p=0.030  dropE=(0.050,0.120)  smooth=0.010  train_loss=0.4473  train_AUPR_all=0.5367  train_AUPR_ab=0.6298  train_AUPR_ag=0.3757  train_P@5_ab=0.7500  train_P@5_ag=0.8500  val_loss=0.6461  val_AUPR_all=0.5536  val_AUPR_ab=0.6624  val_AUPR_ag=0.3678  val_P@5_ab=0.8500  val_P@5_ag=0.9500  select=0.5151
  Saved checkpoint: checkpoints_old/iPara_balanced_l1_g7_i5_do0.10_dpr0.10_lr0.0002_heads16_fold1.pth  select=0.5151  val_ab=0.6624  val_ag=0.3678  val_all=0.5536
Ep010  LR0=1.89e-04  pw=7.17  aucα=0.030  token_p=0.030  dropE=(0.050,0.120)  smooth=0.010  train_loss=0.4368  train_AUPR_all=0.5492  train_AUPR_ab=0.6451  train_AUPR_ag=0.3859  train_P@5_ab=1.0000  train_P@5_ag=0.9000  val_loss=0.6211  val_AUPR_all=0.5474  val_AUPR_ab=0.6620  val_AUPR_ag=0.3613  val_P@5_ab=0.8000  val_P@5_ag=1.0000  select=0.5117
Ep011  LR0=1.87e-04  pw=6.44  aucα=0.060  token_p=0.030  dropE=(0.050,0.120)  smooth=0.010  train_loss=0.4186  train_AUPR_all=0.5630  train_AUPR_ab=0.6577  train_AUPR_ag=0.4004  train_P@5_ab=0.6500  train_P@5_ag=0.9000  val_loss=0.5974  val_AUPR_all=0.5600  val_AUPR_ab=0.6950  val_AUPR_ag=0.3508  val_P@5_ab=0.9500  val_P@5_ag=0.9500  select=0.5229
  Saved checkpoint: checkpoints_old/iPara_balanced_l1_g7_i5_do0.10_dpr0.10_lr0.0002_heads16_fold1.pth  select=0.5229  val_ab=0.6950  val_ag=0.3508  val_all=0.5600
Ep012  LR0=1.84e-04  pw=5.80  aucα=0.090  token_p=0.030  dropE=(0.050,0.120)  smooth=0.010  train_loss=0.4133  train_AUPR_all=0.5688  train_AUPR_ab=0.6654  train_AUPR_ag=0.4053  train_P@5_ab=0.9000  train_P@5_ag=0.9000  val_loss=0.5555  val_AUPR_all=0.5728  val_AUPR_ab=0.6938  val_AUPR_ag=0.3734  val_P@5_ab=0.9500  val_P@5_ag=1.0000  select=0.5336
  Saved checkpoint: checkpoints_old/iPara_balanced_l1_g7_i5_do0.10_dpr0.10_lr0.0002_heads16_fold1.pth  select=0.5336  val_ab=0.6938  val_ag=0.3734  val_all=0.5728
Ep013  LR0=1.81e-04  pw=5.24  aucα=0.120  token_p=0.030  dropE=(0.050,0.120)  smooth=0.010  train_loss=0.4030  train_AUPR_all=0.5800  train_AUPR_ab=0.6773  train_AUPR_ag=0.4145  train_P@5_ab=1.0000  train_P@5_ag=0.9500  val_loss=0.5740  val_AUPR_all=0.5511  val_AUPR_ab=0.6966  val_AUPR_ag=0.3458  val_P@5_ab=0.9500  val_P@5_ag=1.0000  select=0.5212
Ep014  LR0=1.78e-04  pw=4.74  aucα=0.150  token_p=0.030  dropE=(0.050,0.120)  smooth=0.010  train_loss=0.3875  train_AUPR_all=0.5971  train_AUPR_ab=0.6953  train_AUPR_ag=0.4360  train_P@5_ab=1.0000  train_P@5_ag=0.9000  val_loss=0.5228  val_AUPR_all=0.5529  val_AUPR_ab=0.6768  val_AUPR_ag=0.3555  val_P@5_ab=0.9500  val_P@5_ag=0.9500  select=0.5161
Ep015  LR0=1.74e-04  pw=4.30  aucα=0.180  token_p=0.030  dropE=(0.050,0.120)  smooth=0.010  train_loss=0.3820  train_AUPR_all=0.6057  train_AUPR_ab=0.7040  train_AUPR_ag=0.4458  train_P@5_ab=0.9000  train_P@5_ag=0.8000  val_loss=0.5101  val_AUPR_all=0.5691  val_AUPR_ab=0.7201  val_AUPR_ag=0.3322  val_P@5_ab=1.0000  val_P@5_ag=0.9500  select=0.5261
Ep016  LR0=1.71e-04  pw=3.91  aucα=0.210  token_p=0.030  dropE=(0.050,0.120)  smooth=0.010  train_loss=0.3752  train_AUPR_all=0.6082  train_AUPR_ab=0.7061  train_AUPR_ag=0.4484  train_P@5_ab=0.9000  train_P@5_ag=0.8500  val_loss=0.5101  val_AUPR_all=0.5583  val_AUPR_ab=0.7012  val_AUPR_ag=0.3396  val_P@5_ab=1.0000  val_P@5_ag=1.0000  select=0.5204
Ep017  LR0=1.67e-04  pw=3.57  aucα=0.240  token_p=0.030  dropE=(0.050,0.120)  smooth=0.010  train_loss=0.3672  train_AUPR_all=0.6200  train_AUPR_ab=0.7121  train_AUPR_ag=0.4712  train_P@5_ab=1.0000  train_P@5_ag=1.0000  val_loss=0.4744  val_AUPR_all=0.5794  val_AUPR_ab=0.7280  val_AUPR_ag=0.3492  val_P@5_ab=0.9000  val_P@5_ag=1.0000  select=0.5386
  Saved checkpoint: checkpoints_old/iPara_balanced_l1_g7_i5_do0.10_dpr0.10_lr0.0002_heads16_fold1.pth  select=0.5386  val_ab=0.7280  val_ag=0.3492  val_all=0.5794
Ep018  LR0=1.63e-04  pw=3.27  aucα=0.270  token_p=0.030  dropE=(0.050,0.120)  smooth=0.010  train_loss=0.3618  train_AUPR_all=0.6307  train_AUPR_ab=0.7244  train_AUPR_ag=0.4813  train_P@5_ab=0.9500  train_P@5_ag=1.0000  val_loss=0.4425  val_AUPR_all=0.5743  val_AUPR_ab=0.7234  val_AUPR_ag=0.3513  val_P@5_ab=1.0000  val_P@5_ag=0.9500  select=0.5374
Ep019  LR0=1.59e-04  pw=3.00  aucα=0.300  token_p=0.030  dropE=(0.050,0.120)  smooth=0.010  train_loss=0.3525  train_AUPR_all=0.6429  train_AUPR_ab=0.7313  train_AUPR_ag=0.5019  train_P@5_ab=1.0000  train_P@5_ag=1.0000  val_loss=0.4126  val_AUPR_all=0.5989  val_AUPR_ab=0.7406  val_AUPR_ag=0.3770  val_P@5_ab=1.0000  val_P@5_ag=1.0000  select=0.5588
  Saved checkpoint: checkpoints_old/iPara_balanced_l1_g7_i5_do0.10_dpr0.10_lr0.0002_heads16_fold1.pth  select=0.5588  val_ab=0.7406  val_ag=0.3770  val_all=0.5989
Ep020  LR0=1.55e-04  pw=2.77  aucα=0.300  token_p=0.030  dropE=(0.050,0.120)  smooth=0.010  train_loss=0.3371  train_AUPR_all=0.6508  train_AUPR_ab=0.7364  train_AUPR_ag=0.5156  train_P@5_ab=1.0000  train_P@5_ag=1.0000  val_loss=0.4073  val_AUPR_all=0.5902  val_AUPR_ab=0.7328  val_AUPR_ag=0.3658  val_P@5_ab=1.0000  val_P@5_ag=0.9500  select=0.5493
Ep021  LR0=1.50e-04  pw=2.56  aucα=0.300  token_p=0.030  dropE=(0.050,0.120)  smooth=0.010  train_loss=0.3216  train_AUPR_all=0.6578  train_AUPR_ab=0.7422  train_AUPR_ag=0.5257  train_P@5_ab=1.0000  train_P@5_ag=1.0000  val_loss=0.4180  val_AUPR_all=0.5808  val_AUPR_ab=0.7308  val_AUPR_ag=0.3517  val_P@5_ab=1.0000  val_P@5_ag=1.0000  select=0.5412
Ep022  LR0=1.46e-04  pw=2.38  aucα=0.300  token_p=0.030  dropE=(0.050,0.120)  smooth=0.010  train_loss=0.3055  train_AUPR_all=0.6744  train_AUPR_ab=0.7587  train_AUPR_ag=0.5438  train_P@5_ab=1.0000  train_P@5_ag=1.0000  val_loss=0.3918  val_AUPR_all=0.5918  val_AUPR_ab=0.7409  val_AUPR_ag=0.3574  val_P@5_ab=1.0000  val_P@5_ag=1.0000  select=0.5492
Ep023  LR0=1.41e-04  pw=2.21  aucα=0.300  token_p=0.030  dropE=(0.050,0.120)  smooth=0.010  train_loss=0.2908  train_AUPR_all=0.6821  train_AUPR_ab=0.7582  train_AUPR_ag=0.5649  train_P@5_ab=1.0000  train_P@5_ag=0.9000  val_loss=0.3974  val_AUPR_all=0.5908  val_AUPR_ab=0.7409  val_AUPR_ag=0.3640  val_P@5_ab=1.0000  val_P@5_ag=1.0000  select=0.5525
Ep024  LR0=1.36e-04  pw=2.07  aucα=0.300  token_p=0.030  dropE=(0.050,0.120)  smooth=0.010  train_loss=0.2786  train_AUPR_all=0.6902  train_AUPR_ab=0.7647  train_AUPR_ag=0.5770  train_P@5_ab=1.0000  train_P@5_ag=1.0000  val_loss=0.3874  val_AUPR_all=0.5856  val_AUPR_ab=0.7426  val_AUPR_ag=0.3523  val_P@5_ab=1.0000  val_P@5_ag=1.0000  select=0.5474
Ep025  LR0=1.31e-04  pw=1.95  aucα=0.300  token_p=0.030  dropE=(0.050,0.120)  smooth=0.010  train_loss=0.2664  train_AUPR_all=0.7022  train_AUPR_ab=0.7740  train_AUPR_ag=0.5936  train_P@5_ab=1.0000  train_P@5_ag=0.9000  val_loss=0.3797  val_AUPR_all=0.5937  val_AUPR_ab=0.7509  val_AUPR_ag=0.3493  val_P@5_ab=1.0000  val_P@5_ag=1.0000  select=0.5501
Ep026  LR0=1.26e-04  pw=1.83  aucα=0.300  token_p=0.030  dropE=(0.050,0.120)  smooth=0.010  train_loss=0.2538  train_AUPR_all=0.7112  train_AUPR_ab=0.7761  train_AUPR_ag=0.6142  train_P@5_ab=1.0000  train_P@5_ag=1.0000  val_loss=0.3534  val_AUPR_all=0.5937  val_AUPR_ab=0.7516  val_AUPR_ag=0.3606  val_P@5_ab=1.0000  val_P@5_ag=0.9500  select=0.5561
Ep027  LR0=1.21e-04  pw=1.74  aucα=0.300  token_p=0.030  dropE=(0.050,0.120)  smooth=0.010  train_loss=0.2448  train_AUPR_all=0.7216  train_AUPR_ab=0.7866  train_AUPR_ag=0.6249  train_P@5_ab=0.9000  train_P@5_ag=1.0000  val_loss=0.3464  val_AUPR_all=0.5915  val_AUPR_ab=0.7541  val_AUPR_ag=0.3521  val_P@5_ab=1.0000  val_P@5_ag=0.9500  select=0.5531
Ep028  LR0=1.16e-04  pw=1.65  aucα=0.300  token_p=0.030  dropE=(0.050,0.120)  smooth=0.010  train_loss=0.2338  train_AUPR_all=0.7322  train_AUPR_ab=0.7910  train_AUPR_ag=0.6456  train_P@5_ab=1.0000  train_P@5_ag=0.9000  val_loss=0.3544  val_AUPR_all=0.5758  val_AUPR_ab=0.7343  val_AUPR_ag=0.3496  val_P@5_ab=0.9500  val_P@5_ag=1.0000  select=0.5419
Ep029  LR0=1.11e-04  pw=1.57  aucα=0.300  token_p=0.030  dropE=(0.050,0.120)  smooth=0.010  train_loss=0.2269  train_AUPR_all=0.7386  train_AUPR_ab=0.7966  train_AUPR_ag=0.6535  train_P@5_ab=1.0000  train_P@5_ag=1.0000  val_loss=0.3433  val_AUPR_all=0.5896  val_AUPR_ab=0.7421  val_AUPR_ag=0.3584  val_P@5_ab=0.9500  val_P@5_ag=1.0000  select=0.5503
Ep030  LR0=1.05e-04  pw=1.51  aucα=0.300  token_p=0.030  dropE=(0.050,0.120)  smooth=0.010  train_loss=0.2159  train_AUPR_all=0.7523  train_AUPR_ab=0.8086  train_AUPR_ag=0.6697  train_P@5_ab=1.0000  train_P@5_ag=1.0000  val_loss=0.3369  val_AUPR_all=0.5952  val_AUPR_ab=0.7555  val_AUPR_ag=0.3715  val_P@5_ab=1.0000  val_P@5_ag=0.9500  select=0.5635
  Saved checkpoint: checkpoints_old/iPara_balanced_l1_g7_i5_do0.10_dpr0.10_lr0.0002_heads16_fold1.pth  select=0.5635  val_ab=0.7555  val_ag=0.3715  val_all=0.5952
Ep031  LR0=1.00e-04  pw=1.45  aucα=0.300  token_p=0.030  dropE=(0.050,0.120)  smooth=0.010  train_loss=0.2096  train_AUPR_all=0.7583  train_AUPR_ab=0.8099  train_AUPR_ag=0.6835  train_P@5_ab=1.0000  train_P@5_ag=1.0000  val_loss=0.3287  val_AUPR_all=0.5937  val_AUPR_ab=0.7539  val_AUPR_ag=0.3567  val_P@5_ab=1.0000  val_P@5_ag=0.9000  select=0.5553
Ep032  LR0=9.50e-05  pw=1.39  aucα=0.300  token_p=0.030  dropE=(0.050,0.120)  smooth=0.010  train_loss=0.2027  train_AUPR_all=0.7651  train_AUPR_ab=0.8143  train_AUPR_ag=0.6937  train_P@5_ab=1.0000  train_P@5_ag=1.0000  val_loss=0.3445  val_AUPR_all=0.5891  val_AUPR_ab=0.7546  val_AUPR_ag=0.3630  val_P@5_ab=0.9000  val_P@5_ag=0.8500  select=0.5588
Ep033  LR0=8.98e-05  pw=1.35  aucα=0.300  token_p=0.030  dropE=(0.050,0.120)  smooth=0.010  train_loss=0.1944  train_AUPR_all=0.7767  train_AUPR_ab=0.8236  train_AUPR_ag=0.7086  train_P@5_ab=1.0000  train_P@5_ag=0.9500  val_loss=0.3401  val_AUPR_all=0.5927  val_AUPR_ab=0.7547  val_AUPR_ag=0.3672  val_P@5_ab=0.8500  val_P@5_ag=0.9500  select=0.5610
Ep034  LR0=8.46e-05  pw=1.31  aucα=0.300  token_p=0.030  dropE=(0.050,0.120)  smooth=0.010  train_loss=0.1921  train_AUPR_all=0.7757  train_AUPR_ab=0.8183  train_AUPR_ag=0.7147  train_P@5_ab=1.0000  train_P@5_ag=1.0000  val_loss=0.3414  val_AUPR_all=0.5887  val_AUPR_ab=0.7557  val_AUPR_ag=0.3677  val_P@5_ab=0.9500  val_P@5_ag=0.8000  select=0.5617
Ep035  LR0=7.95e-05  pw=1.27  aucα=0.300  token_p=0.030  dropE=(0.050,0.120)  smooth=0.010  train_loss=0.1840  train_AUPR_all=0.7876  train_AUPR_ab=0.8256  train_AUPR_ag=0.7337  train_P@5_ab=1.0000  train_P@5_ag=1.0000  val_loss=0.3337  val_AUPR_all=0.5810  val_AUPR_ab=0.7501  val_AUPR_ag=0.3509  val_P@5_ab=0.9500  val_P@5_ag=0.8000  select=0.5505
Ep036  LR0=7.44e-05  pw=1.24  aucα=0.300  token_p=0.030  dropE=(0.050,0.120)  smooth=0.010  train_loss=0.1802  train_AUPR_all=0.7929  train_AUPR_ab=0.8353  train_AUPR_ag=0.7320  train_P@5_ab=1.0000  train_P@5_ag=1.0000  val_loss=0.3407  val_AUPR_all=0.5825  val_AUPR_ab=0.7531  val_AUPR_ag=0.3625  val_P@5_ab=0.9500  val_P@5_ag=0.8000  select=0.5578
Ep037  LR0=6.94e-05  pw=1.21  aucα=0.300  token_p=0.030  dropE=(0.050,0.120)  smooth=0.010  train_loss=0.1729  train_AUPR_all=0.8040  train_AUPR_ab=0.8416  train_AUPR_ag=0.7505  train_P@5_ab=0.9500  train_P@5_ag=1.0000  val_loss=0.3322  val_AUPR_all=0.5857  val_AUPR_ab=0.7564  val_AUPR_ag=0.3563  val_P@5_ab=0.9500  val_P@5_ag=0.9000  select=0.5563
Ep038  LR0=6.45e-05  pw=1.19  aucα=0.300  token_p=0.030  dropE=(0.050,0.120)  smooth=0.010  train_loss=0.1672  train_AUPR_all=0.8119  train_AUPR_ab=0.8490  train_AUPR_ag=0.7589  train_P@5_ab=1.0000  train_P@5_ag=1.0000  val_loss=0.3264  val_AUPR_all=0.5875  val_AUPR_ab=0.7586  val_AUPR_ag=0.3484  val_P@5_ab=0.9000  val_P@5_ag=0.7000  select=0.5535
Ep039  LR0=5.97e-05  pw=1.16  aucα=0.300  token_p=0.030  dropE=(0.050,0.120)  smooth=0.010  train_loss=0.1657  train_AUPR_all=0.8114  train_AUPR_ab=0.8491  train_AUPR_ag=0.7574  train_P@5_ab=1.0000  train_P@5_ag=1.0000  val_loss=0.3339  val_AUPR_all=0.5860  val_AUPR_ab=0.7525  val_AUPR_ag=0.3522  val_P@5_ab=0.9500  val_P@5_ag=0.8500  select=0.5524
Ep040  LR0=5.50e-05  pw=1.15  aucα=0.300  token_p=0.030  dropE=(0.050,0.120)  smooth=0.010  train_loss=0.1594  train_AUPR_all=0.8228  train_AUPR_ab=0.8567  train_AUPR_ag=0.7746  train_P@5_ab=1.0000  train_P@5_ag=1.0000  val_loss=0.3427  val_AUPR_all=0.5656  val_AUPR_ab=0.7462  val_AUPR_ag=0.3327  val_P@5_ab=0.9000  val_P@5_ag=0.6000  select=0.5395
Ep041  LR0=5.04e-05  pw=1.13  aucα=0.300  token_p=0.030  dropE=(0.050,0.120)  smooth=0.010  train_loss=0.1572  train_AUPR_all=0.8262  train_AUPR_ab=0.8623  train_AUPR_ag=0.7747  train_P@5_ab=1.0000  train_P@5_ag=1.0000  val_loss=0.3353  val_AUPR_all=0.5727  val_AUPR_ab=0.7480  val_AUPR_ag=0.3335  val_P@5_ab=0.9000  val_P@5_ag=0.7500  select=0.5408
Ep042  LR0=4.59e-05  pw=1.11  aucα=0.300  token_p=0.030  dropE=(0.050,0.120)  smooth=0.010  train_loss=0.1545  train_AUPR_all=0.8291  train_AUPR_ab=0.8621  train_AUPR_ag=0.7823  train_P@5_ab=1.0000  train_P@5_ag=0.9500  val_loss=0.3266  val_AUPR_all=0.5678  val_AUPR_ab=0.7479  val_AUPR_ag=0.3373  val_P@5_ab=0.9500  val_P@5_ag=0.6500  select=0.5426
Ep043  LR0=4.16e-05  pw=1.10  aucα=0.300  token_p=0.030  dropE=(0.050,0.120)  smooth=0.010  train_loss=0.1487  train_AUPR_all=0.8380  train_AUPR_ab=0.8704  train_AUPR_ag=0.7917  train_P@5_ab=1.0000  train_P@5_ag=1.0000  val_loss=0.3307  val_AUPR_all=0.5837  val_AUPR_ab=0.7608  val_AUPR_ag=0.3410  val_P@5_ab=1.0000  val_P@5_ag=0.8000  select=0.5509
Ep044  LR0=3.75e-05  pw=1.09  aucα=0.300  token_p=0.030  dropE=(0.050,0.120)  smooth=0.010  train_loss=0.1508  train_AUPR_all=0.8337  train_AUPR_ab=0.8669  train_AUPR_ag=0.7860  train_P@5_ab=1.0000  train_P@5_ag=1.0000  val_loss=0.3322  val_AUPR_all=0.5749  val_AUPR_ab=0.7544  val_AUPR_ag=0.3307  val_P@5_ab=0.9500  val_P@5_ag=0.7500  select=0.5425
Ep045  LR0=3.35e-05  pw=1.08  aucα=0.300  token_p=0.030  dropE=(0.050,0.120)  smooth=0.010  train_loss=0.1432  train_AUPR_all=0.8463  train_AUPR_ab=0.8759  train_AUPR_ag=0.8041  train_P@5_ab=1.0000  train_P@5_ag=1.0000  val_loss=0.3353  val_AUPR_all=0.5672  val_AUPR_ab=0.7541  val_AUPR_ag=0.3339  val_P@5_ab=0.9000  val_P@5_ag=0.7500  select=0.5440
Ep046  LR0=2.97e-05  pw=1.07  aucα=0.300  token_p=0.030  dropE=(0.050,0.120)  smooth=0.010  train_loss=0.1442  train_AUPR_all=0.8443  train_AUPR_ab=0.8744  train_AUPR_ag=0.8014  train_P@5_ab=1.0000  train_P@5_ag=1.0000  val_loss=0.3307  val_AUPR_all=0.5753  val_AUPR_ab=0.7570  val_AUPR_ag=0.3422  val_P@5_ab=0.9500  val_P@5_ag=0.8000  select=0.5496
Ep047  LR0=2.61e-05  pw=1.06  aucα=0.300  token_p=0.030  dropE=(0.050,0.120)  smooth=0.010  train_loss=0.1388  train_AUPR_all=0.8522  train_AUPR_ab=0.8824  train_AUPR_ag=0.8091  train_P@5_ab=1.0000  train_P@5_ag=1.0000  val_loss=0.3343  val_AUPR_all=0.5769  val_AUPR_ab=0.7578  val_AUPR_ag=0.3394  val_P@5_ab=1.0000  val_P@5_ag=0.8000  select=0.5486
Ep048  LR0=2.27e-05  pw=1.05  aucα=0.300  token_p=0.030  dropE=(0.050,0.120)  smooth=0.010  train_loss=0.1393  train_AUPR_all=0.8521  train_AUPR_ab=0.8796  train_AUPR_ag=0.8134  train_P@5_ab=1.0000  train_P@5_ag=1.0000  val_loss=0.3286  val_AUPR_all=0.5839  val_AUPR_ab=0.7596  val_AUPR_ag=0.3458  val_P@5_ab=0.9500  val_P@5_ag=0.7000  select=0.5527
Ep049  LR0=1.96e-05  pw=1.05  aucα=0.300  token_p=0.030  dropE=(0.050,0.120)  smooth=0.010  train_loss=0.1365  train_AUPR_all=0.8560  train_AUPR_ab=0.8824  train_AUPR_ag=0.8190  train_P@5_ab=1.0000  train_P@5_ag=1.0000  val_loss=0.3326  val_AUPR_all=0.5713  val_AUPR_ab=0.7554  val_AUPR_ag=0.3413  val_P@5_ab=1.0000  val_P@5_ag=0.6500  select=0.5484
Ep050  LR0=1.66e-05  pw=1.04  aucα=0.300  token_p=0.030  dropE=(0.050,0.120)  smooth=0.010  train_loss=0.1334  train_AUPR_all=0.8621  train_AUPR_ab=0.8913  train_AUPR_ag=0.8202  train_P@5_ab=1.0000  train_P@5_ag=0.9000  val_loss=0.3321  val_AUPR_all=0.5757  val_AUPR_ab=0.7571  val_AUPR_ag=0.3395  val_P@5_ab=0.9000  val_P@5_ag=0.7500  select=0.5483
Early stopping at epoch 50. Best select=0.5635 at epoch 30.
Final saved checkpoint for fold 1: checkpoints_old/iPara_balanced_l1_g7_i5_do0.10_dpr0.10_lr0.0002_heads16_fold1.pth
Best select=0.5635 at epoch 30

==========================================================================================
Fold 2/5
==========================================================================================
Train labels: valid=400834, pos=26650, neg=374184, ignore=696766, pos_frac=0.06649
Val labels: valid=99358, pos=6580, neg=92778, ignore=175842, pos_frac=0.06623
Initializing ClassificationModel with 7 GAT layers and residual connections...
Initializing MCModel with 7 GAT layers and 5 row attention layers (drop_path_rate=0.1)
Initializing CoreModel with 1 layers, drop_path_rate=0.1
Ep001  LR0=2.00e-04  pw=20.00  aucα=0.000  token_p=0.030  dropE=(0.050,0.120)  smooth=0.010  train_loss=1.1377  train_AUPR_all=0.1940  train_AUPR_ab=0.2265  train_AUPR_ag=0.1513  train_P@5_ab=0.5000  train_P@5_ag=0.4000  val_loss=1.0620  val_AUPR_all=0.4281  val_AUPR_ab=0.5257  val_AUPR_ag=0.2685  val_P@5_ab=0.9000  val_P@5_ag=0.9000  select=0.3971
  Saved checkpoint: checkpoints_old/iPara_balanced_l1_g7_i5_do0.10_dpr0.10_lr0.0002_heads16_fold2.pth  select=0.3971  val_ab=0.5257  val_ag=0.2685  val_all=0.4281
Ep002  LR0=2.00e-04  pw=17.77  aucα=0.000  token_p=0.030  dropE=(0.050,0.120)  smooth=0.010  train_loss=0.8091  train_AUPR_all=0.3763  train_AUPR_ab=0.4646  train_AUPR_ag=0.2374  train_P@5_ab=0.7500  train_P@5_ag=0.8500  val_loss=0.9658  val_AUPR_all=0.4682  val_AUPR_ab=0.5494  val_AUPR_ag=0.3360  val_P@5_ab=0.6500  val_P@5_ag=0.9000  select=0.4427
  Saved checkpoint: checkpoints_old/iPara_balanced_l1_g7_i5_do0.10_dpr0.10_lr0.0002_heads16_fold2.pth  select=0.4427  val_ab=0.5494  val_ag=0.3360  val_all=0.4682
Ep003  LR0=1.99e-04  pw=15.80  aucα=0.000  token_p=0.030  dropE=(0.050,0.120)  smooth=0.010  train_loss=0.7152  train_AUPR_all=0.4288  train_AUPR_ab=0.5108  train_AUPR_ag=0.2879  train_P@5_ab=0.6500  train_P@5_ag=0.3000  val_loss=0.9267  val_AUPR_all=0.4702  val_AUPR_ab=0.5570  val_AUPR_ag=0.3181  val_P@5_ab=0.7500  val_P@5_ag=0.8500  select=0.4376
Ep004  LR0=1.99e-04  pw=14.06  aucα=0.000  token_p=0.030  dropE=(0.050,0.120)  smooth=0.010  train_loss=0.6594  train_AUPR_all=0.4442  train_AUPR_ab=0.5317  train_AUPR_ag=0.2923  train_P@5_ab=0.7500  train_P@5_ag=0.9500  val_loss=0.8605  val_AUPR_all=0.5125  val_AUPR_ab=0.6075  val_AUPR_ag=0.3507  val_P@5_ab=0.6000  val_P@5_ag=1.0000  select=0.4791
  Saved checkpoint: checkpoints_old/iPara_balanced_l1_g7_i5_do0.10_dpr0.10_lr0.0002_heads16_fold2.pth  select=0.4791  val_ab=0.6075  val_ag=0.3507  val_all=0.5125
Unfreezing DyM parameters.
Ep005  LR0=1.98e-04  pw=12.52  aucα=0.000  token_p=0.030  dropE=(0.050,0.120)  smooth=0.010  train_loss=0.5952  train_AUPR_all=0.4847  train_AUPR_ab=0.5699  train_AUPR_ag=0.3278  train_P@5_ab=0.7000  train_P@5_ag=0.9500  val_loss=0.7895  val_AUPR_all=0.5161  val_AUPR_ab=0.6353  val_AUPR_ag=0.3432  val_P@5_ab=0.8000  val_P@5_ag=0.8000  select=0.4892
  Saved checkpoint: checkpoints_old/iPara_balanced_l1_g7_i5_do0.10_dpr0.10_lr0.0002_heads16_fold2.pth  select=0.4892  val_ab=0.6353  val_ag=0.3432  val_all=0.5161
Ep006  LR0=1.97e-04  pw=11.17  aucα=0.000  token_p=0.030  dropE=(0.050,0.120)  smooth=0.010  train_loss=0.5524  train_AUPR_all=0.5071  train_AUPR_ab=0.6048  train_AUPR_ag=0.3346  train_P@5_ab=0.9500  train_P@5_ag=0.6500  val_loss=0.7256  val_AUPR_all=0.5484  val_AUPR_ab=0.6528  val_AUPR_ag=0.3643  val_P@5_ab=0.7000  val_P@5_ag=0.8500  select=0.5085
  Saved checkpoint: checkpoints_old/iPara_balanced_l1_g7_i5_do0.10_dpr0.10_lr0.0002_heads16_fold2.pth  select=0.5085  val_ab=0.6528  val_ag=0.3643  val_all=0.5484
Ep007  LR0=1.95e-04  pw=9.97  aucα=0.000  token_p=0.030  dropE=(0.050,0.120)  smooth=0.010  train_loss=0.5161  train_AUPR_all=0.5257  train_AUPR_ab=0.6225  train_AUPR_ag=0.3505  train_P@5_ab=0.8000  train_P@5_ag=0.9000  val_loss=0.7009  val_AUPR_all=0.5471  val_AUPR_ab=0.6542  val_AUPR_ag=0.3754  val_P@5_ab=0.9000  val_P@5_ag=0.9500  select=0.5148
  Saved checkpoint: checkpoints_old/iPara_balanced_l1_g7_i5_do0.10_dpr0.10_lr0.0002_heads16_fold2.pth  select=0.5148  val_ab=0.6542  val_ag=0.3754  val_all=0.5471
Ep008  LR0=1.93e-04  pw=8.92  aucα=0.000  token_p=0.030  dropE=(0.050,0.120)  smooth=0.010  train_loss=0.4813  train_AUPR_all=0.5363  train_AUPR_ab=0.6374  train_AUPR_ag=0.3593  train_P@5_ab=0.9000  train_P@5_ag=0.9500  val_loss=0.6710  val_AUPR_all=0.5504  val_AUPR_ab=0.6809  val_AUPR_ag=0.3309  val_P@5_ab=0.8500  val_P@5_ag=0.9000  select=0.5059
Ep009  LR0=1.91e-04  pw=7.99  aucα=0.000  token_p=0.030  dropE=(0.050,0.120)  smooth=0.010  train_loss=0.4425  train_AUPR_all=0.5578  train_AUPR_ab=0.6621  train_AUPR_ag=0.3740  train_P@5_ab=0.8000  train_P@5_ag=0.9500  val_loss=0.6408  val_AUPR_all=0.5689  val_AUPR_ab=0.6919  val_AUPR_ag=0.3743  val_P@5_ab=0.8500  val_P@5_ag=0.9500  select=0.5331
  Saved checkpoint: checkpoints_old/iPara_balanced_l1_g7_i5_do0.10_dpr0.10_lr0.0002_heads16_fold2.pth  select=0.5331  val_ab=0.6919  val_ag=0.3743  val_all=0.5689
Ep010  LR0=1.89e-04  pw=7.17  aucα=0.030  token_p=0.030  dropE=(0.050,0.120)  smooth=0.010  train_loss=0.4340  train_AUPR_all=0.5606  train_AUPR_ab=0.6656  train_AUPR_ag=0.3830  train_P@5_ab=0.9500  train_P@5_ag=0.8500  val_loss=0.6075  val_AUPR_all=0.5754  val_AUPR_ab=0.6897  val_AUPR_ag=0.3764  val_P@5_ab=0.8000  val_P@5_ag=0.9500  select=0.5331
Ep011  LR0=1.87e-04  pw=6.44  aucα=0.060  token_p=0.030  dropE=(0.050,0.120)  smooth=0.010  train_loss=0.4243  train_AUPR_all=0.5689  train_AUPR_ab=0.6749  train_AUPR_ag=0.3886  train_P@5_ab=0.9500  train_P@5_ag=1.0000  val_loss=0.5642  val_AUPR_all=0.5826  val_AUPR_ab=0.6994  val_AUPR_ag=0.3893  val_P@5_ab=0.8500  val_P@5_ag=0.9500  select=0.5444
  Saved checkpoint: checkpoints_old/iPara_balanced_l1_g7_i5_do0.10_dpr0.10_lr0.0002_heads16_fold2.pth  select=0.5444  val_ab=0.6994  val_ag=0.3893  val_all=0.5826
Ep012  LR0=1.84e-04  pw=5.80  aucα=0.090  token_p=0.030  dropE=(0.050,0.120)  smooth=0.010  train_loss=0.4072  train_AUPR_all=0.5844  train_AUPR_ab=0.6938  train_AUPR_ag=0.3998  train_P@5_ab=0.9500  train_P@5_ag=0.9000  val_loss=0.5680  val_AUPR_all=0.5830  val_AUPR_ab=0.6987  val_AUPR_ag=0.3887  val_P@5_ab=0.8500  val_P@5_ag=0.9000  select=0.5437
Ep013  LR0=1.81e-04  pw=5.24  aucα=0.120  token_p=0.030  dropE=(0.050,0.120)  smooth=0.010  train_loss=0.4026  train_AUPR_all=0.5868  train_AUPR_ab=0.6874  train_AUPR_ag=0.4164  train_P@5_ab=1.0000  train_P@5_ag=1.0000  val_loss=0.5112  val_AUPR_all=0.5924  val_AUPR_ab=0.7168  val_AUPR_ag=0.3956  val_P@5_ab=0.8500  val_P@5_ag=0.9500  select=0.5562
  Saved checkpoint: checkpoints_old/iPara_balanced_l1_g7_i5_do0.10_dpr0.10_lr0.0002_heads16_fold2.pth  select=0.5562  val_ab=0.7168  val_ag=0.3956  val_all=0.5924
Ep014  LR0=1.78e-04  pw=4.74  aucα=0.150  token_p=0.030  dropE=(0.050,0.120)  smooth=0.010  train_loss=0.3892  train_AUPR_all=0.5995  train_AUPR_ab=0.7010  train_AUPR_ag=0.4317  train_P@5_ab=0.9500  train_P@5_ag=1.0000  val_loss=0.5082  val_AUPR_all=0.5954  val_AUPR_ab=0.7231  val_AUPR_ag=0.3986  val_P@5_ab=0.8000  val_P@5_ag=0.9000  select=0.5608
  Saved checkpoint: checkpoints_old/iPara_balanced_l1_g7_i5_do0.10_dpr0.10_lr0.0002_heads16_fold2.pth  select=0.5608  val_ab=0.7231  val_ag=0.3986  val_all=0.5954
Ep015  LR0=1.74e-04  pw=4.30  aucα=0.180  token_p=0.030  dropE=(0.050,0.120)  smooth=0.010  train_loss=0.3848  train_AUPR_all=0.6037  train_AUPR_ab=0.7097  train_AUPR_ag=0.4286  train_P@5_ab=0.9000  train_P@5_ag=1.0000  val_loss=0.4768  val_AUPR_all=0.5873  val_AUPR_ab=0.7122  val_AUPR_ag=0.3944  val_P@5_ab=0.9000  val_P@5_ag=0.8000  select=0.5533
Ep016  LR0=1.71e-04  pw=3.91  aucα=0.210  token_p=0.030  dropE=(0.050,0.120)  smooth=0.010  train_loss=0.3756  train_AUPR_all=0.6110  train_AUPR_ab=0.7154  train_AUPR_ag=0.4424  train_P@5_ab=0.9500  train_P@5_ag=0.9500  val_loss=0.4701  val_AUPR_all=0.5834  val_AUPR_ab=0.7117  val_AUPR_ag=0.3835  val_P@5_ab=0.9000  val_P@5_ag=0.9000  select=0.5476
Ep017  LR0=1.67e-04  pw=3.57  aucα=0.240  token_p=0.030  dropE=(0.050,0.120)  smooth=0.010  train_loss=0.3677  train_AUPR_all=0.6253  train_AUPR_ab=0.7227  train_AUPR_ag=0.4679  train_P@5_ab=0.9000  train_P@5_ag=1.0000  val_loss=0.4381  val_AUPR_all=0.5941  val_AUPR_ab=0.7184  val_AUPR_ag=0.3952  val_P@5_ab=0.9000  val_P@5_ag=0.9000  select=0.5568
Ep018  LR0=1.63e-04  pw=3.27  aucα=0.270  token_p=0.030  dropE=(0.050,0.120)  smooth=0.010  train_loss=0.3637  train_AUPR_all=0.6287  train_AUPR_ab=0.7259  train_AUPR_ag=0.4726  train_P@5_ab=0.9000  train_P@5_ag=1.0000  val_loss=0.4492  val_AUPR_all=0.5912  val_AUPR_ab=0.7236  val_AUPR_ag=0.3836  val_P@5_ab=0.9000  val_P@5_ag=0.9500  select=0.5536
Ep019  LR0=1.59e-04  pw=3.00  aucα=0.300  token_p=0.030  dropE=(0.050,0.120)  smooth=0.010  train_loss=0.3539  train_AUPR_all=0.6439  train_AUPR_ab=0.7369  train_AUPR_ag=0.4973  train_P@5_ab=0.9000  train_P@5_ag=1.0000  val_loss=0.4040  val_AUPR_all=0.6099  val_AUPR_ab=0.7328  val_AUPR_ag=0.4155  val_P@5_ab=1.0000  val_P@5_ag=0.9000  select=0.5742
  Saved checkpoint: checkpoints_old/iPara_balanced_l1_g7_i5_do0.10_dpr0.10_lr0.0002_heads16_fold2.pth  select=0.5742  val_ab=0.7328  val_ag=0.4155  val_all=0.6099
Ep020  LR0=1.55e-04  pw=2.77  aucα=0.300  token_p=0.030  dropE=(0.050,0.120)  smooth=0.010  train_loss=0.3368  train_AUPR_all=0.6533  train_AUPR_ab=0.7426  train_AUPR_ag=0.5145  train_P@5_ab=1.0000  train_P@5_ag=0.9500  val_loss=0.4070  val_AUPR_all=0.6017  val_AUPR_ab=0.7386  val_AUPR_ag=0.3970  val_P@5_ab=0.8500  val_P@5_ag=0.9500  select=0.5678
Ep021  LR0=1.50e-04  pw=2.56  aucα=0.300  token_p=0.030  dropE=(0.050,0.120)  smooth=0.010  train_loss=0.3233  train_AUPR_all=0.6578  train_AUPR_ab=0.7456  train_AUPR_ag=0.5217  train_P@5_ab=0.9000  train_P@5_ag=0.9500  val_loss=0.4224  val_AUPR_all=0.6005  val_AUPR_ab=0.7359  val_AUPR_ag=0.4135  val_P@5_ab=0.9500  val_P@5_ag=1.0000  select=0.5747
  Saved checkpoint: checkpoints_old/iPara_balanced_l1_g7_i5_do0.10_dpr0.10_lr0.0002_heads16_fold2.pth  select=0.5747  val_ab=0.7359  val_ag=0.4135  val_all=0.6005
Ep022  LR0=1.46e-04  pw=2.38  aucα=0.300  token_p=0.030  dropE=(0.050,0.120)  smooth=0.010  train_loss=0.3023  train_AUPR_all=0.6775  train_AUPR_ab=0.7578  train_AUPR_ag=0.5546  train_P@5_ab=0.9500  train_P@5_ag=0.9500  val_loss=0.4134  val_AUPR_all=0.6002  val_AUPR_ab=0.7353  val_AUPR_ag=0.4019  val_P@5_ab=0.9500  val_P@5_ag=0.9500  select=0.5686
Ep023  LR0=1.41e-04  pw=2.21  aucα=0.300  token_p=0.030  dropE=(0.050,0.120)  smooth=0.010  train_loss=0.2877  train_AUPR_all=0.6890  train_AUPR_ab=0.7680  train_AUPR_ag=0.5704  train_P@5_ab=1.0000  train_P@5_ag=0.9500  val_loss=0.3707  val_AUPR_all=0.6034  val_AUPR_ab=0.7424  val_AUPR_ag=0.3911  val_P@5_ab=0.9500  val_P@5_ag=0.9500  select=0.5668
Ep024  LR0=1.36e-04  pw=2.07  aucα=0.300  token_p=0.030  dropE=(0.050,0.120)  smooth=0.010  train_loss=0.2788  train_AUPR_all=0.6911  train_AUPR_ab=0.7663  train_AUPR_ag=0.5783  train_P@5_ab=1.0000  train_P@5_ag=0.9000  val_loss=0.3772  val_AUPR_all=0.6128  val_AUPR_ab=0.7497  val_AUPR_ag=0.4123  val_P@5_ab=1.0000  val_P@5_ag=0.9000  select=0.5810
  Saved checkpoint: checkpoints_old/iPara_balanced_l1_g7_i5_do0.10_dpr0.10_lr0.0002_heads16_fold2.pth  select=0.5810  val_ab=0.7497  val_ag=0.4123  val_all=0.6128
Ep025  LR0=1.31e-04  pw=1.95  aucα=0.300  token_p=0.030  dropE=(0.050,0.120)  smooth=0.010  train_loss=0.2662  train_AUPR_all=0.7019  train_AUPR_ab=0.7738  train_AUPR_ag=0.5942  train_P@5_ab=1.0000  train_P@5_ag=0.9500  val_loss=0.3721  val_AUPR_all=0.6004  val_AUPR_ab=0.7491  val_AUPR_ag=0.3973  val_P@5_ab=0.9500  val_P@5_ag=0.8000  select=0.5732
Ep026  LR0=1.26e-04  pw=1.83  aucα=0.300  token_p=0.030  dropE=(0.050,0.120)  smooth=0.010  train_loss=0.2526  train_AUPR_all=0.7179  train_AUPR_ab=0.7851  train_AUPR_ag=0.6193  train_P@5_ab=1.0000  train_P@5_ag=0.9500  val_loss=0.3589  val_AUPR_all=0.5968  val_AUPR_ab=0.7460  val_AUPR_ag=0.3727  val_P@5_ab=0.9500  val_P@5_ag=0.8500  select=0.5594
Ep027  LR0=1.21e-04  pw=1.74  aucα=0.300  token_p=0.030  dropE=(0.050,0.120)  smooth=0.010  train_loss=0.2437  train_AUPR_all=0.7244  train_AUPR_ab=0.7878  train_AUPR_ag=0.6314  train_P@5_ab=1.0000  train_P@5_ag=1.0000  val_loss=0.3523  val_AUPR_all=0.6167  val_AUPR_ab=0.7577  val_AUPR_ag=0.4052  val_P@5_ab=1.0000  val_P@5_ag=0.9500  select=0.5815
  Saved checkpoint: checkpoints_old/iPara_balanced_l1_g7_i5_do0.10_dpr0.10_lr0.0002_heads16_fold2.pth  select=0.5815  val_ab=0.7577  val_ag=0.4052  val_all=0.6167
Ep028  LR0=1.16e-04  pw=1.65  aucα=0.300  token_p=0.030  dropE=(0.050,0.120)  smooth=0.010  train_loss=0.2332  train_AUPR_all=0.7347  train_AUPR_ab=0.7990  train_AUPR_ag=0.6406  train_P@5_ab=1.0000  train_P@5_ag=0.9500  val_loss=0.3334  val_AUPR_all=0.6161  val_AUPR_ab=0.7582  val_AUPR_ag=0.3900  val_P@5_ab=0.9500  val_P@5_ag=0.9000  select=0.5741
Ep029  LR0=1.11e-04  pw=1.57  aucα=0.300  token_p=0.030  dropE=(0.050,0.120)  smooth=0.010  train_loss=0.2238  train_AUPR_all=0.7457  train_AUPR_ab=0.8040  train_AUPR_ag=0.6610  train_P@5_ab=1.0000  train_P@5_ag=1.0000  val_loss=0.3420  val_AUPR_all=0.5942  val_AUPR_ab=0.7524  val_AUPR_ag=0.3708  val_P@5_ab=0.9500  val_P@5_ag=0.9000  select=0.5616
Ep030  LR0=1.05e-04  pw=1.51  aucα=0.300  token_p=0.030  dropE=(0.050,0.120)  smooth=0.010  train_loss=0.2148  train_AUPR_all=0.7547  train_AUPR_ab=0.8090  train_AUPR_ag=0.6773  train_P@5_ab=1.0000  train_P@5_ag=0.9500  val_loss=0.3440  val_AUPR_all=0.5921  val_AUPR_ab=0.7459  val_AUPR_ag=0.3901  val_P@5_ab=0.9000  val_P@5_ag=0.8000  select=0.5680
Ep031  LR0=1.00e-04  pw=1.45  aucα=0.300  token_p=0.030  dropE=(0.050,0.120)  smooth=0.010  train_loss=0.2101  train_AUPR_all=0.7578  train_AUPR_ab=0.8103  train_AUPR_ag=0.6827  train_P@5_ab=1.0000  train_P@5_ag=0.9000  val_loss=0.3504  val_AUPR_all=0.5992  val_AUPR_ab=0.7550  val_AUPR_ag=0.3859  val_P@5_ab=1.0000  val_P@5_ag=0.8500  select=0.5705
Ep032  LR0=9.50e-05  pw=1.39  aucα=0.300  token_p=0.030  dropE=(0.050,0.120)  smooth=0.010  train_loss=0.2009  train_AUPR_all=0.7685  train_AUPR_ab=0.8133  train_AUPR_ag=0.7055  train_P@5_ab=1.0000  train_P@5_ag=1.0000  val_loss=0.3513  val_AUPR_all=0.5980  val_AUPR_ab=0.7469  val_AUPR_ag=0.3935  val_P@5_ab=0.9500  val_P@5_ag=0.7000  select=0.5702
Ep033  LR0=8.98e-05  pw=1.35  aucα=0.300  token_p=0.030  dropE=(0.050,0.120)  smooth=0.010  train_loss=0.1950  train_AUPR_all=0.7764  train_AUPR_ab=0.8250  train_AUPR_ag=0.7073  train_P@5_ab=1.0000  train_P@5_ag=0.9500  val_loss=0.3331  val_AUPR_all=0.6116  val_AUPR_ab=0.7637  val_AUPR_ag=0.3997  val_P@5_ab=1.0000  val_P@5_ag=1.0000  select=0.5817
  Saved checkpoint: checkpoints_old/iPara_balanced_l1_g7_i5_do0.10_dpr0.10_lr0.0002_heads16_fold2.pth  select=0.5817  val_ab=0.7637  val_ag=0.3997  val_all=0.6116
Ep034  LR0=8.46e-05  pw=1.31  aucα=0.300  token_p=0.030  dropE=(0.050,0.120)  smooth=0.010  train_loss=0.1848  train_AUPR_all=0.7923  train_AUPR_ab=0.8367  train_AUPR_ag=0.7297  train_P@5_ab=1.0000  train_P@5_ag=1.0000  val_loss=0.3441  val_AUPR_all=0.5887  val_AUPR_ab=0.7518  val_AUPR_ag=0.3668  val_P@5_ab=1.0000  val_P@5_ag=0.7500  select=0.5593
Ep035  LR0=7.95e-05  pw=1.27  aucα=0.300  token_p=0.030  dropE=(0.050,0.120)  smooth=0.010  train_loss=0.1809  train_AUPR_all=0.7964  train_AUPR_ab=0.8358  train_AUPR_ag=0.7416  train_P@5_ab=1.0000  train_P@5_ag=1.0000  val_loss=0.3410  val_AUPR_all=0.6048  val_AUPR_ab=0.7616  val_AUPR_ag=0.3938  val_P@5_ab=0.9500  val_P@5_ag=0.8500  select=0.5777
Ep036  LR0=7.44e-05  pw=1.24  aucα=0.300  token_p=0.030  dropE=(0.050,0.120)  smooth=0.010  train_loss=0.1735  train_AUPR_all=0.8062  train_AUPR_ab=0.8462  train_AUPR_ag=0.7500  train_P@5_ab=1.0000  train_P@5_ag=0.9500  val_loss=0.3244  val_AUPR_all=0.6088  val_AUPR_ab=0.7559  val_AUPR_ag=0.4008  val_P@5_ab=0.9000  val_P@5_ag=0.9500  select=0.5784
Ep037  LR0=6.94e-05  pw=1.21  aucα=0.300  token_p=0.030  dropE=(0.050,0.120)  smooth=0.010  train_loss=0.1716  train_AUPR_all=0.8090  train_AUPR_ab=0.8460  train_AUPR_ag=0.7575  train_P@5_ab=1.0000  train_P@5_ag=1.0000  val_loss=0.3308  val_AUPR_all=0.5964  val_AUPR_ab=0.7566  val_AUPR_ag=0.3924  val_P@5_ab=0.9500  val_P@5_ag=0.8000  select=0.5745
Ep038  LR0=6.45e-05  pw=1.19  aucα=0.300  token_p=0.030  dropE=(0.050,0.120)  smooth=0.010  train_loss=0.1673  train_AUPR_all=0.8139  train_AUPR_ab=0.8504  train_AUPR_ag=0.7632  train_P@5_ab=1.0000  train_P@5_ag=1.0000  val_loss=0.3323  val_AUPR_all=0.5921  val_AUPR_ab=0.7576  val_AUPR_ag=0.3784  val_P@5_ab=0.9500  val_P@5_ag=0.8000  select=0.5680
Ep039  LR0=5.97e-05  pw=1.16  aucα=0.300  token_p=0.030  dropE=(0.050,0.120)  smooth=0.010  train_loss=0.1655  train_AUPR_all=0.8141  train_AUPR_ab=0.8506  train_AUPR_ag=0.7630  train_P@5_ab=0.9500  train_P@5_ag=0.9500  val_loss=0.3336  val_AUPR_all=0.5926  val_AUPR_ab=0.7563  val_AUPR_ag=0.3747  val_P@5_ab=0.9500  val_P@5_ag=0.7500  select=0.5655
Ep040  LR0=5.50e-05  pw=1.15  aucα=0.300  token_p=0.030  dropE=(0.050,0.120)  smooth=0.010  train_loss=0.1586  train_AUPR_all=0.8269  train_AUPR_ab=0.8610  train_AUPR_ag=0.7794  train_P@5_ab=1.0000  train_P@5_ag=1.0000  val_loss=0.3294  val_AUPR_all=0.5904  val_AUPR_ab=0.7576  val_AUPR_ag=0.3775  val_P@5_ab=0.9500  val_P@5_ag=0.6500  select=0.5675
Ep041  LR0=5.04e-05  pw=1.13  aucα=0.300  token_p=0.030  dropE=(0.050,0.120)  smooth=0.010  train_loss=0.1528  train_AUPR_all=0.8352  train_AUPR_ab=0.8676  train_AUPR_ag=0.7903  train_P@5_ab=1.0000  train_P@5_ag=1.0000  val_loss=0.3324  val_AUPR_all=0.5897  val_AUPR_ab=0.7565  val_AUPR_ag=0.3865  val_P@5_ab=0.9000  val_P@5_ag=0.7500  select=0.5715
Ep042  LR0=4.59e-05  pw=1.11  aucα=0.300  token_p=0.030  dropE=(0.050,0.120)  smooth=0.010  train_loss=0.1509  train_AUPR_all=0.8373  train_AUPR_ab=0.8705  train_AUPR_ag=0.7911  train_P@5_ab=1.0000  train_P@5_ag=1.0000  val_loss=0.3268  val_AUPR_all=0.5942  val_AUPR_ab=0.7584  val_AUPR_ag=0.3913  val_P@5_ab=0.8500  val_P@5_ag=0.7500  select=0.5748
Ep043  LR0=4.16e-05  pw=1.10  aucα=0.300  token_p=0.030  dropE=(0.050,0.120)  smooth=0.010  train_loss=0.1478  train_AUPR_all=0.8419  train_AUPR_ab=0.8719  train_AUPR_ag=0.8007  train_P@5_ab=1.0000  train_P@5_ag=1.0000  val_loss=0.3337  val_AUPR_all=0.5864  val_AUPR_ab=0.7567  val_AUPR_ag=0.3689  val_P@5_ab=1.0000  val_P@5_ag=0.5500  select=0.5628
Ep044  LR0=3.75e-05  pw=1.09  aucα=0.300  token_p=0.030  dropE=(0.050,0.120)  smooth=0.010  train_loss=0.1456  train_AUPR_all=0.8458  train_AUPR_ab=0.8795  train_AUPR_ag=0.7985  train_P@5_ab=1.0000  train_P@5_ag=1.0000  val_loss=0.3293  val_AUPR_all=0.5865  val_AUPR_ab=0.7597  val_AUPR_ag=0.3745  val_P@5_ab=1.0000  val_P@5_ag=0.6000  select=0.5671
Ep045  LR0=3.35e-05  pw=1.08  aucα=0.300  token_p=0.030  dropE=(0.050,0.120)  smooth=0.010  train_loss=0.1414  train_AUPR_all=0.8510  train_AUPR_ab=0.8800  train_AUPR_ag=0.8108  train_P@5_ab=1.0000  train_P@5_ag=1.0000  val_loss=0.3300  val_AUPR_all=0.5832  val_AUPR_ab=0.7500  val_AUPR_ag=0.3798  val_P@5_ab=0.9500  val_P@5_ag=0.4500  select=0.5649
Ep046  LR0=2.97e-05  pw=1.07  aucα=0.300  token_p=0.030  dropE=(0.050,0.120)  smooth=0.010  train_loss=0.1388  train_AUPR_all=0.8549  train_AUPR_ab=0.8849  train_AUPR_ag=0.8129  train_P@5_ab=1.0000  train_P@5_ag=1.0000  val_loss=0.3381  val_AUPR_all=0.5859  val_AUPR_ab=0.7529  val_AUPR_ag=0.3795  val_P@5_ab=1.0000  val_P@5_ag=0.6000  select=0.5662
Ep047  LR0=2.61e-05  pw=1.06  aucα=0.300  token_p=0.030  dropE=(0.050,0.120)  smooth=0.010  train_loss=0.1389  train_AUPR_all=0.8557  train_AUPR_ab=0.8857  train_AUPR_ag=0.8138  train_P@5_ab=1.0000  train_P@5_ag=1.0000  val_loss=0.3253  val_AUPR_all=0.5901  val_AUPR_ab=0.7556  val_AUPR_ag=0.3779  val_P@5_ab=1.0000  val_P@5_ag=0.7000  select=0.5668
Ep048  LR0=2.27e-05  pw=1.05  aucα=0.300  token_p=0.030  dropE=(0.050,0.120)  smooth=0.010  train_loss=0.1336  train_AUPR_all=0.8624  train_AUPR_ab=0.8916  train_AUPR_ag=0.8210  train_P@5_ab=1.0000  train_P@5_ag=0.9500  val_loss=0.3347  val_AUPR_all=0.5798  val_AUPR_ab=0.7484  val_AUPR_ag=0.3708  val_P@5_ab=1.0000  val_P@5_ag=0.5000  select=0.5596
Ep049  LR0=1.96e-05  pw=1.05  aucα=0.300  token_p=0.030  dropE=(0.050,0.120)  smooth=0.010  train_loss=0.1300  train_AUPR_all=0.8683  train_AUPR_ab=0.8984  train_AUPR_ag=0.8253  train_P@5_ab=1.0000  train_P@5_ag=1.0000  val_loss=0.3393  val_AUPR_all=0.5739  val_AUPR_ab=0.7509  val_AUPR_ag=0.3558  val_P@5_ab=0.9500  val_P@5_ag=0.6000  select=0.5533
Ep050  LR0=1.66e-05  pw=1.04  aucα=0.300  token_p=0.030  dropE=(0.050,0.120)  smooth=0.010  train_loss=0.1304  train_AUPR_all=0.8692  train_AUPR_ab=0.8976  train_AUPR_ag=0.8293  train_P@5_ab=1.0000  train_P@5_ag=1.0000  val_loss=0.3291  val_AUPR_all=0.5805  val_AUPR_ab=0.7523  val_AUPR_ag=0.3656  val_P@5_ab=1.0000  val_P@5_ag=0.5500  select=0.5589
Ep051  LR0=1.39e-05  pw=1.04  aucα=0.300  token_p=0.030  dropE=(0.050,0.120)  smooth=0.010  train_loss=0.1269  train_AUPR_all=0.8738  train_AUPR_ab=0.8998  train_AUPR_ag=0.8374  train_P@5_ab=0.9500  train_P@5_ag=1.0000  val_loss=0.3379  val_AUPR_all=0.5745  val_AUPR_ab=0.7506  val_AUPR_ag=0.3622  val_P@5_ab=1.0000  val_P@5_ag=0.5500  select=0.5564
Ep052  LR0=1.14e-05  pw=1.03  aucα=0.300  token_p=0.030  dropE=(0.050,0.120)  smooth=0.010  train_loss=0.1291  train_AUPR_all=0.8696  train_AUPR_ab=0.8966  train_AUPR_ag=0.8318  train_P@5_ab=1.0000  train_P@5_ag=1.0000  val_loss=0.3340  val_AUPR_all=0.5777  val_AUPR_ab=0.7503  val_AUPR_ag=0.3610  val_P@5_ab=0.9500  val_P@5_ag=0.5500  select=0.5556
Ep053  LR0=9.12e-06  pw=1.03  aucα=0.300  token_p=0.030  dropE=(0.050,0.120)  smooth=0.010  train_loss=0.1279  train_AUPR_all=0.8723  train_AUPR_ab=0.9005  train_AUPR_ag=0.8326  train_P@5_ab=1.0000  train_P@5_ag=1.0000  val_loss=0.3351  val_AUPR_all=0.5806  val_AUPR_ab=0.7523  val_AUPR_ag=0.3626  val_P@5_ab=1.0000  val_P@5_ag=0.5000  select=0.5575
Early stopping at epoch 53. Best select=0.5817 at epoch 33.
Final saved checkpoint for fold 2: checkpoints_old/iPara_balanced_l1_g7_i5_do0.10_dpr0.10_lr0.0002_heads16_fold2.pth
Best select=0.5817 at epoch 33

==========================================================================================
Fold 3/5
==========================================================================================
Train labels: valid=401949, pos=26660, neg=375289, ignore=695651, pos_frac=0.06633
Val labels: valid=98243, pos=6570, neg=91673, ignore=176957, pos_frac=0.06687
Initializing ClassificationModel with 7 GAT layers and residual connections...
Initializing MCModel with 7 GAT layers and 5 row attention layers (drop_path_rate=0.1)
Initializing CoreModel with 1 layers, drop_path_rate=0.1
Ep001  LR0=2.00e-04  pw=20.00  aucα=0.000  token_p=0.030  dropE=(0.050,0.120)  smooth=0.010  train_loss=1.2623  train_AUPR_all=0.1623  train_AUPR_ab=0.1880  train_AUPR_ag=0.1316  train_P@5_ab=0.0000  train_P@5_ag=0.2000  val_loss=1.1413  val_AUPR_all=0.4156  val_AUPR_ab=0.4764  val_AUPR_ag=0.3245  val_P@5_ab=0.5000  val_P@5_ag=1.0000  select=0.4005
  Saved checkpoint: checkpoints_old/iPara_balanced_l1_g7_i5_do0.10_dpr0.10_lr0.0002_heads16_fold3.pth  select=0.4005  val_ab=0.4764  val_ag=0.3245  val_all=0.4156
Ep002  LR0=2.00e-04  pw=17.77  aucα=0.000  token_p=0.030  dropE=(0.050,0.120)  smooth=0.010  train_loss=0.8174  train_AUPR_all=0.3739  train_AUPR_ab=0.4475  train_AUPR_ag=0.2495  train_P@5_ab=0.6500  train_P@5_ag=0.9500  val_loss=1.0511  val_AUPR_all=0.4529  val_AUPR_ab=0.5272  val_AUPR_ag=0.3448  val_P@5_ab=0.5500  val_P@5_ag=1.0000  select=0.4360
  Saved checkpoint: checkpoints_old/iPara_balanced_l1_g7_i5_do0.10_dpr0.10_lr0.0002_heads16_fold3.pth  select=0.4360  val_ab=0.5272  val_ag=0.3448  val_all=0.4529
Ep003  LR0=1.99e-04  pw=15.80  aucα=0.000  token_p=0.030  dropE=(0.050,0.120)  smooth=0.010  train_loss=0.7209  train_AUPR_all=0.4313  train_AUPR_ab=0.5099  train_AUPR_ag=0.2942  train_P@5_ab=0.8000  train_P@5_ag=1.0000  val_loss=0.8344  val_AUPR_all=0.5088  val_AUPR_ab=0.5848  val_AUPR_ag=0.3674  val_P@5_ab=0.4000  val_P@5_ag=1.0000  select=0.4761
  Saved checkpoint: checkpoints_old/iPara_balanced_l1_g7_i5_do0.10_dpr0.10_lr0.0002_heads16_fold3.pth  select=0.4761  val_ab=0.5848  val_ag=0.3674  val_all=0.5088
Ep004  LR0=1.99e-04  pw=14.06  aucα=0.000  token_p=0.030  dropE=(0.050,0.120)  smooth=0.010  train_loss=0.6477  train_AUPR_all=0.4706  train_AUPR_ab=0.5579  train_AUPR_ag=0.3117  train_P@5_ab=0.9000  train_P@5_ag=0.9000  val_loss=0.8709  val_AUPR_all=0.5213  val_AUPR_ab=0.6211  val_AUPR_ag=0.3687  val_P@5_ab=0.9000  val_P@5_ag=1.0000  select=0.4949
  Saved checkpoint: checkpoints_old/iPara_balanced_l1_g7_i5_do0.10_dpr0.10_lr0.0002_heads16_fold3.pth  select=0.4949  val_ab=0.6211  val_ag=0.3687  val_all=0.5213
Unfreezing DyM parameters.
Ep005  LR0=1.98e-04  pw=12.52  aucα=0.000  token_p=0.030  dropE=(0.050,0.120)  smooth=0.010  train_loss=0.6022  train_AUPR_all=0.5000  train_AUPR_ab=0.5826  train_AUPR_ag=0.3409  train_P@5_ab=0.8500  train_P@5_ag=0.9500  val_loss=0.7758  val_AUPR_all=0.5255  val_AUPR_ab=0.6341  val_AUPR_ag=0.3673  val_P@5_ab=0.7000  val_P@5_ag=1.0000  select=0.5007
  Saved checkpoint: checkpoints_old/iPara_balanced_l1_g7_i5_do0.10_dpr0.10_lr0.0002_heads16_fold3.pth  select=0.5007  val_ab=0.6341  val_ag=0.3673  val_all=0.5255
Ep006  LR0=1.97e-04  pw=11.17  aucα=0.000  token_p=0.030  dropE=(0.050,0.120)  smooth=0.010  train_loss=0.5565  train_AUPR_all=0.5088  train_AUPR_ab=0.6060  train_AUPR_ag=0.3389  train_P@5_ab=0.8000  train_P@5_ag=0.8000  val_loss=0.7133  val_AUPR_all=0.5612  val_AUPR_ab=0.6630  val_AUPR_ag=0.3849  val_P@5_ab=0.9500  val_P@5_ag=1.0000  select=0.5240
  Saved checkpoint: checkpoints_old/iPara_balanced_l1_g7_i5_do0.10_dpr0.10_lr0.0002_heads16_fold3.pth  select=0.5240  val_ab=0.6630  val_ag=0.3849  val_all=0.5612
Ep007  LR0=1.95e-04  pw=9.97  aucα=0.000  token_p=0.030  dropE=(0.050,0.120)  smooth=0.010  train_loss=0.5178  train_AUPR_all=0.5207  train_AUPR_ab=0.6098  train_AUPR_ag=0.3551  train_P@5_ab=0.8000  train_P@5_ag=0.9500  val_loss=0.6748  val_AUPR_all=0.5639  val_AUPR_ab=0.6729  val_AUPR_ag=0.3832  val_P@5_ab=0.9500  val_P@5_ag=1.0000  select=0.5281
  Saved checkpoint: checkpoints_old/iPara_balanced_l1_g7_i5_do0.10_dpr0.10_lr0.0002_heads16_fold3.pth  select=0.5281  val_ab=0.6729  val_ag=0.3832  val_all=0.5639
Ep008  LR0=1.93e-04  pw=8.92  aucα=0.000  token_p=0.030  dropE=(0.050,0.120)  smooth=0.010  train_loss=0.4758  train_AUPR_all=0.5395  train_AUPR_ab=0.6335  train_AUPR_ag=0.3704  train_P@5_ab=0.9500  train_P@5_ag=1.0000  val_loss=0.6636  val_AUPR_all=0.5674  val_AUPR_ab=0.6715  val_AUPR_ag=0.3749  val_P@5_ab=0.9500  val_P@5_ag=1.0000  select=0.5232
Ep009  LR0=1.91e-04  pw=7.99  aucα=0.000  token_p=0.030  dropE=(0.050,0.120)  smooth=0.010  train_loss=0.4476  train_AUPR_all=0.5452  train_AUPR_ab=0.6398  train_AUPR_ag=0.3749  train_P@5_ab=0.8500  train_P@5_ag=1.0000  val_loss=0.6251  val_AUPR_all=0.5669  val_AUPR_ab=0.6739  val_AUPR_ag=0.3756  val_P@5_ab=0.9000  val_P@5_ag=1.0000  select=0.5248
Ep010  LR0=1.89e-04  pw=7.17  aucα=0.030  token_p=0.030  dropE=(0.050,0.120)  smooth=0.010  train_loss=0.4331  train_AUPR_all=0.5615  train_AUPR_ab=0.6560  train_AUPR_ag=0.3947  train_P@5_ab=0.8500  train_P@5_ag=0.9500  val_loss=0.6275  val_AUPR_all=0.5784  val_AUPR_ab=0.7020  val_AUPR_ag=0.3827  val_P@5_ab=0.8500  val_P@5_ag=0.9500  select=0.5423
  Saved checkpoint: checkpoints_old/iPara_balanced_l1_g7_i5_do0.10_dpr0.10_lr0.0002_heads16_fold3.pth  select=0.5423  val_ab=0.7020  val_ag=0.3827  val_all=0.5784
Ep011  LR0=1.87e-04  pw=6.44  aucα=0.060  token_p=0.030  dropE=(0.050,0.120)  smooth=0.010  train_loss=0.4232  train_AUPR_all=0.5659  train_AUPR_ab=0.6725  train_AUPR_ag=0.3920  train_P@5_ab=0.9000  train_P@5_ag=0.9000  val_loss=0.5484  val_AUPR_all=0.5816  val_AUPR_ab=0.7023  val_AUPR_ag=0.3773  val_P@5_ab=0.9500  val_P@5_ag=1.0000  select=0.5398
Ep012  LR0=1.84e-04  pw=5.80  aucα=0.090  token_p=0.030  dropE=(0.050,0.120)  smooth=0.010  train_loss=0.4120  train_AUPR_all=0.5762  train_AUPR_ab=0.6793  train_AUPR_ag=0.4011  train_P@5_ab=0.8500  train_P@5_ag=1.0000  val_loss=0.5297  val_AUPR_all=0.5935  val_AUPR_ab=0.7102  val_AUPR_ag=0.3995  val_P@5_ab=1.0000  val_P@5_ag=1.0000  select=0.5549
  Saved checkpoint: checkpoints_old/iPara_balanced_l1_g7_i5_do0.10_dpr0.10_lr0.0002_heads16_fold3.pth  select=0.5549  val_ab=0.7102  val_ag=0.3995  val_all=0.5935
Ep013  LR0=1.81e-04  pw=5.24  aucα=0.120  token_p=0.030  dropE=(0.050,0.120)  smooth=0.010  train_loss=0.4019  train_AUPR_all=0.5811  train_AUPR_ab=0.6794  train_AUPR_ag=0.4149  train_P@5_ab=1.0000  train_P@5_ag=0.9500  val_loss=0.5102  val_AUPR_all=0.5847  val_AUPR_ab=0.7050  val_AUPR_ag=0.3841  val_P@5_ab=0.9000  val_P@5_ag=0.9000  select=0.5445
Ep014  LR0=1.78e-04  pw=4.74  aucα=0.150  token_p=0.030  dropE=(0.050,0.120)  smooth=0.010  train_loss=0.3939  train_AUPR_all=0.5896  train_AUPR_ab=0.6894  train_AUPR_ag=0.4207  train_P@5_ab=0.9000  train_P@5_ag=1.0000  val_loss=0.4826  val_AUPR_all=0.5928  val_AUPR_ab=0.7145  val_AUPR_ag=0.3965  val_P@5_ab=0.9500  val_P@5_ag=0.9000  select=0.5555
  Saved checkpoint: checkpoints_old/iPara_balanced_l1_g7_i5_do0.10_dpr0.10_lr0.0002_heads16_fold3.pth  select=0.5555  val_ab=0.7145  val_ag=0.3965  val_all=0.5928
Ep015  LR0=1.74e-04  pw=4.30  aucα=0.180  token_p=0.030  dropE=(0.050,0.120)  smooth=0.010  train_loss=0.3849  train_AUPR_all=0.6080  train_AUPR_ab=0.7119  train_AUPR_ag=0.4383  train_P@5_ab=0.9500  train_P@5_ag=0.8500  val_loss=0.4753  val_AUPR_all=0.5917  val_AUPR_ab=0.7196  val_AUPR_ag=0.3888  val_P@5_ab=0.8000  val_P@5_ag=0.9000  select=0.5542
Ep016  LR0=1.71e-04  pw=3.91  aucα=0.210  token_p=0.030  dropE=(0.050,0.120)  smooth=0.010  train_loss=0.3782  train_AUPR_all=0.6078  train_AUPR_ab=0.7072  train_AUPR_ag=0.4471  train_P@5_ab=0.8500  train_P@5_ag=0.8500  val_loss=0.4497  val_AUPR_all=0.5918  val_AUPR_ab=0.7137  val_AUPR_ag=0.3912  val_P@5_ab=0.9500  val_P@5_ag=0.9000  select=0.5524
Ep017  LR0=1.67e-04  pw=3.57  aucα=0.240  token_p=0.030  dropE=(0.050,0.120)  smooth=0.010  train_loss=0.3720  train_AUPR_all=0.6183  train_AUPR_ab=0.7151  train_AUPR_ag=0.4646  train_P@5_ab=0.9500  train_P@5_ag=0.9500  val_loss=0.4282  val_AUPR_all=0.5947  val_AUPR_ab=0.7222  val_AUPR_ag=0.3866  val_P@5_ab=0.9500  val_P@5_ag=0.9500  select=0.5544
Ep018  LR0=1.63e-04  pw=3.27  aucα=0.270  token_p=0.030  dropE=(0.050,0.120)  smooth=0.010  train_loss=0.3660  train_AUPR_all=0.6266  train_AUPR_ab=0.7223  train_AUPR_ag=0.4750  train_P@5_ab=0.9000  train_P@5_ag=1.0000  val_loss=0.4651  val_AUPR_all=0.5769  val_AUPR_ab=0.7065  val_AUPR_ag=0.3760  val_P@5_ab=0.9500  val_P@5_ag=0.9000  select=0.5413
Ep019  LR0=1.59e-04  pw=3.00  aucα=0.300  token_p=0.030  dropE=(0.050,0.120)  smooth=0.010  train_loss=0.3613  train_AUPR_all=0.6356  train_AUPR_ab=0.7317  train_AUPR_ag=0.4839  train_P@5_ab=0.9500  train_P@5_ag=0.9000  val_loss=0.4032  val_AUPR_all=0.6056  val_AUPR_ab=0.7273  val_AUPR_ag=0.4047  val_P@5_ab=0.9500  val_P@5_ag=0.9000  select=0.5660
  Saved checkpoint: checkpoints_old/iPara_balanced_l1_g7_i5_do0.10_dpr0.10_lr0.0002_heads16_fold3.pth  select=0.5660  val_ab=0.7273  val_ag=0.4047  val_all=0.6056
Ep020  LR0=1.55e-04  pw=2.77  aucα=0.300  token_p=0.030  dropE=(0.050,0.120)  smooth=0.010  train_loss=0.3408  train_AUPR_all=0.6479  train_AUPR_ab=0.7399  train_AUPR_ag=0.5022  train_P@5_ab=0.9000  train_P@5_ag=1.0000  val_loss=0.3792  val_AUPR_all=0.6080  val_AUPR_ab=0.7327  val_AUPR_ag=0.4054  val_P@5_ab=0.9500  val_P@5_ag=0.9000  select=0.5691
  Saved checkpoint: checkpoints_old/iPara_balanced_l1_g7_i5_do0.10_dpr0.10_lr0.0002_heads16_fold3.pth  select=0.5691  val_ab=0.7327  val_ag=0.4054  val_all=0.6080
Ep021  LR0=1.50e-04  pw=2.56  aucα=0.300  token_p=0.030  dropE=(0.050,0.120)  smooth=0.010  train_loss=0.3221  train_AUPR_all=0.6614  train_AUPR_ab=0.7516  train_AUPR_ag=0.5196  train_P@5_ab=1.0000  train_P@5_ag=0.9500  val_loss=0.3819  val_AUPR_all=0.6072  val_AUPR_ab=0.7418  val_AUPR_ag=0.3980  val_P@5_ab=1.0000  val_P@5_ag=0.9000  select=0.5699
  Saved checkpoint: checkpoints_old/iPara_balanced_l1_g7_i5_do0.10_dpr0.10_lr0.0002_heads16_fold3.pth  select=0.5699  val_ab=0.7418  val_ag=0.3980  val_all=0.6072
Ep022  LR0=1.46e-04  pw=2.38  aucα=0.300  token_p=0.030  dropE=(0.050,0.120)  smooth=0.010  train_loss=0.3067  train_AUPR_all=0.6708  train_AUPR_ab=0.7553  train_AUPR_ag=0.5392  train_P@5_ab=0.9500  train_P@5_ag=1.0000  val_loss=0.3915  val_AUPR_all=0.6029  val_AUPR_ab=0.7430  val_AUPR_ag=0.3905  val_P@5_ab=1.0000  val_P@5_ag=0.8500  select=0.5667
Ep023  LR0=1.41e-04  pw=2.21  aucα=0.300  token_p=0.030  dropE=(0.050,0.120)  smooth=0.010  train_loss=0.2922  train_AUPR_all=0.6816  train_AUPR_ab=0.7625  train_AUPR_ag=0.5574  train_P@5_ab=0.9500  train_P@5_ag=0.9000  val_loss=0.3569  val_AUPR_all=0.6128  val_AUPR_ab=0.7427  val_AUPR_ag=0.4017  val_P@5_ab=1.0000  val_P@5_ag=0.9000  select=0.5722
  Saved checkpoint: checkpoints_old/iPara_balanced_l1_g7_i5_do0.10_dpr0.10_lr0.0002_heads16_fold3.pth  select=0.5722  val_ab=0.7427  val_ag=0.4017  val_all=0.6128
Ep024  LR0=1.36e-04  pw=2.07  aucα=0.300  token_p=0.030  dropE=(0.050,0.120)  smooth=0.010  train_loss=0.2837  train_AUPR_all=0.6853  train_AUPR_ab=0.7652  train_AUPR_ag=0.5638  train_P@5_ab=0.9500  train_P@5_ag=1.0000  val_loss=0.3611  val_AUPR_all=0.5968  val_AUPR_ab=0.7489  val_AUPR_ag=0.3803  val_P@5_ab=1.0000  val_P@5_ag=0.9000  select=0.5646
Ep025  LR0=1.31e-04  pw=1.95  aucα=0.300  token_p=0.030  dropE=(0.050,0.120)  smooth=0.010  train_loss=0.2716  train_AUPR_all=0.6910  train_AUPR_ab=0.7630  train_AUPR_ag=0.5834  train_P@5_ab=0.9000  train_P@5_ag=0.9500  val_loss=0.3466  val_AUPR_all=0.6070  val_AUPR_ab=0.7508  val_AUPR_ag=0.3886  val_P@5_ab=1.0000  val_P@5_ag=0.8500  select=0.5697
Ep026  LR0=1.26e-04  pw=1.83  aucα=0.300  token_p=0.030  dropE=(0.050,0.120)  smooth=0.010  train_loss=0.2543  train_AUPR_all=0.7150  train_AUPR_ab=0.7879  train_AUPR_ag=0.6059  train_P@5_ab=0.9500  train_P@5_ag=1.0000  val_loss=0.3548  val_AUPR_all=0.5940  val_AUPR_ab=0.7413  val_AUPR_ag=0.3951  val_P@5_ab=1.0000  val_P@5_ag=0.9000  select=0.5682
Ep027  LR0=1.21e-04  pw=1.74  aucα=0.300  token_p=0.030  dropE=(0.050,0.120)  smooth=0.010  train_loss=0.2445  train_AUPR_all=0.7187  train_AUPR_ab=0.7864  train_AUPR_ag=0.6184  train_P@5_ab=1.0000  train_P@5_ag=1.0000  val_loss=0.3546  val_AUPR_all=0.5958  val_AUPR_ab=0.7471  val_AUPR_ag=0.3777  val_P@5_ab=1.0000  val_P@5_ag=0.9000  select=0.5624
Ep028  LR0=1.16e-04  pw=1.65  aucα=0.300  token_p=0.030  dropE=(0.050,0.120)  smooth=0.010  train_loss=0.2375  train_AUPR_all=0.7260  train_AUPR_ab=0.7934  train_AUPR_ag=0.6261  train_P@5_ab=1.0000  train_P@5_ag=1.0000  val_loss=0.3297  val_AUPR_all=0.6089  val_AUPR_ab=0.7452  val_AUPR_ag=0.4087  val_P@5_ab=1.0000  val_P@5_ag=1.0000  select=0.5770
  Saved checkpoint: checkpoints_old/iPara_balanced_l1_g7_i5_do0.10_dpr0.10_lr0.0002_heads16_fold3.pth  select=0.5770  val_ab=0.7452  val_ag=0.4087  val_all=0.6089
Ep029  LR0=1.11e-04  pw=1.57  aucα=0.300  token_p=0.030  dropE=(0.050,0.120)  smooth=0.010  train_loss=0.2248  train_AUPR_all=0.7409  train_AUPR_ab=0.8011  train_AUPR_ag=0.6529  train_P@5_ab=1.0000  train_P@5_ag=0.9500  val_loss=0.3385  val_AUPR_all=0.5895  val_AUPR_ab=0.7483  val_AUPR_ag=0.3533  val_P@5_ab=1.0000  val_P@5_ag=0.8500  select=0.5508
Ep030  LR0=1.05e-04  pw=1.51  aucα=0.300  token_p=0.030  dropE=(0.050,0.120)  smooth=0.010  train_loss=0.2148  train_AUPR_all=0.7530  train_AUPR_ab=0.8076  train_AUPR_ag=0.6742  train_P@5_ab=1.0000  train_P@5_ag=0.9000  val_loss=0.3389  val_AUPR_all=0.5942  val_AUPR_ab=0.7521  val_AUPR_ag=0.3636  val_P@5_ab=1.0000  val_P@5_ag=0.9500  select=0.5578
Ep031  LR0=1.00e-04  pw=1.45  aucα=0.300  token_p=0.030  dropE=(0.050,0.120)  smooth=0.010  train_loss=0.2071  train_AUPR_all=0.7603  train_AUPR_ab=0.8136  train_AUPR_ag=0.6827  train_P@5_ab=1.0000  train_P@5_ag=1.0000  val_loss=0.3292  val_AUPR_all=0.5992  val_AUPR_ab=0.7577  val_AUPR_ag=0.3717  val_P@5_ab=1.0000  val_P@5_ag=0.9500  select=0.5647
Ep032  LR0=9.50e-05  pw=1.39  aucα=0.300  token_p=0.030  dropE=(0.050,0.120)  smooth=0.010  train_loss=0.2044  train_AUPR_all=0.7619  train_AUPR_ab=0.8147  train_AUPR_ag=0.6857  train_P@5_ab=1.0000  train_P@5_ag=1.0000  val_loss=0.3336  val_AUPR_all=0.5963  val_AUPR_ab=0.7434  val_AUPR_ag=0.3806  val_P@5_ab=0.9000  val_P@5_ag=1.0000  select=0.5620
Ep033  LR0=8.98e-05  pw=1.35  aucα=0.300  token_p=0.030  dropE=(0.050,0.120)  smooth=0.010  train_loss=0.1965  train_AUPR_all=0.7746  train_AUPR_ab=0.8237  train_AUPR_ag=0.7046  train_P@5_ab=1.0000  train_P@5_ag=1.0000  val_loss=0.3297  val_AUPR_all=0.5868  val_AUPR_ab=0.7488  val_AUPR_ag=0.3819  val_P@5_ab=1.0000  val_P@5_ag=0.9500  select=0.5654
Ep034  LR0=8.46e-05  pw=1.31  aucα=0.300  token_p=0.030  dropE=(0.050,0.120)  smooth=0.010  train_loss=0.1887  train_AUPR_all=0.7821  train_AUPR_ab=0.8272  train_AUPR_ag=0.7176  train_P@5_ab=1.0000  train_P@5_ag=0.9500  val_loss=0.3376  val_AUPR_all=0.5963  val_AUPR_ab=0.7462  val_AUPR_ag=0.3778  val_P@5_ab=1.0000  val_P@5_ag=1.0000  select=0.5620
Ep035  LR0=7.95e-05  pw=1.27  aucα=0.300  token_p=0.030  dropE=(0.050,0.120)  smooth=0.010  train_loss=0.1822  train_AUPR_all=0.7909  train_AUPR_ab=0.8336  train_AUPR_ag=0.7303  train_P@5_ab=1.0000  train_P@5_ag=0.9500  val_loss=0.3353  val_AUPR_all=0.5939  val_AUPR_ab=0.7443  val_AUPR_ag=0.3904  val_P@5_ab=1.0000  val_P@5_ag=1.0000  select=0.5673
Ep036  LR0=7.44e-05  pw=1.24  aucα=0.300  token_p=0.030  dropE=(0.050,0.120)  smooth=0.010  train_loss=0.1760  train_AUPR_all=0.8012  train_AUPR_ab=0.8418  train_AUPR_ag=0.7437  train_P@5_ab=1.0000  train_P@5_ag=1.0000  val_loss=0.3416  val_AUPR_all=0.5825  val_AUPR_ab=0.7473  val_AUPR_ag=0.3657  val_P@5_ab=1.0000  val_P@5_ag=0.9500  select=0.5565
Ep037  LR0=6.94e-05  pw=1.21  aucα=0.300  token_p=0.030  dropE=(0.050,0.120)  smooth=0.010  train_loss=0.1743  train_AUPR_all=0.8009  train_AUPR_ab=0.8395  train_AUPR_ag=0.7465  train_P@5_ab=0.9000  train_P@5_ag=1.0000  val_loss=0.3307  val_AUPR_all=0.5832  val_AUPR_ab=0.7378  val_AUPR_ag=0.3781  val_P@5_ab=0.9500  val_P@5_ag=0.9500  select=0.5580
Ep038  LR0=6.45e-05  pw=1.19  aucα=0.300  token_p=0.030  dropE=(0.050,0.120)  smooth=0.010  train_loss=0.1704  train_AUPR_all=0.8061  train_AUPR_ab=0.8428  train_AUPR_ag=0.7547  train_P@5_ab=1.0000  train_P@5_ag=1.0000  val_loss=0.3303  val_AUPR_all=0.5841  val_AUPR_ab=0.7438  val_AUPR_ag=0.3717  val_P@5_ab=0.9500  val_P@5_ag=0.9000  select=0.5577
Ep039  LR0=5.97e-05  pw=1.16  aucα=0.300  token_p=0.030  dropE=(0.050,0.120)  smooth=0.010  train_loss=0.1611  train_AUPR_all=0.8203  train_AUPR_ab=0.8569  train_AUPR_ag=0.7683  train_P@5_ab=1.0000  train_P@5_ag=1.0000  val_loss=0.3284  val_AUPR_all=0.5874  val_AUPR_ab=0.7503  val_AUPR_ag=0.3718  val_P@5_ab=0.9500  val_P@5_ag=0.8500  select=0.5611
Ep040  LR0=5.50e-05  pw=1.15  aucα=0.300  token_p=0.030  dropE=(0.050,0.120)  smooth=0.010  train_loss=0.1571  train_AUPR_all=0.8266  train_AUPR_ab=0.8634  train_AUPR_ag=0.7742  train_P@5_ab=0.9500  train_P@5_ag=1.0000  val_loss=0.3315  val_AUPR_all=0.5817  val_AUPR_ab=0.7445  val_AUPR_ag=0.3652  val_P@5_ab=0.9000  val_P@5_ag=0.8500  select=0.5548
Ep041  LR0=5.04e-05  pw=1.13  aucα=0.300  token_p=0.030  dropE=(0.050,0.120)  smooth=0.010  train_loss=0.1542  train_AUPR_all=0.8302  train_AUPR_ab=0.8654  train_AUPR_ag=0.7804  train_P@5_ab=1.0000  train_P@5_ag=1.0000  val_loss=0.3375  val_AUPR_all=0.5786  val_AUPR_ab=0.7374  val_AUPR_ag=0.3621  val_P@5_ab=0.9000  val_P@5_ag=0.8000  select=0.5498
Ep042  LR0=4.59e-05  pw=1.11  aucα=0.300  token_p=0.030  dropE=(0.050,0.120)  smooth=0.010  train_loss=0.1489  train_AUPR_all=0.8392  train_AUPR_ab=0.8720  train_AUPR_ag=0.7928  train_P@5_ab=1.0000  train_P@5_ag=0.9500  val_loss=0.3324  val_AUPR_all=0.5765  val_AUPR_ab=0.7374  val_AUPR_ag=0.3671  val_P@5_ab=0.9500  val_P@5_ag=0.8000  select=0.5523
Ep043  LR0=4.16e-05  pw=1.10  aucα=0.300  token_p=0.030  dropE=(0.050,0.120)  smooth=0.010  train_loss=0.1452  train_AUPR_all=0.8454  train_AUPR_ab=0.8773  train_AUPR_ag=0.8005  train_P@5_ab=1.0000  train_P@5_ag=1.0000  val_loss=0.3285  val_AUPR_all=0.5802  val_AUPR_ab=0.7343  val_AUPR_ag=0.3660  val_P@5_ab=0.9500  val_P@5_ag=0.9000  select=0.5501
Ep044  LR0=3.75e-05  pw=1.09  aucα=0.300  token_p=0.030  dropE=(0.050,0.120)  smooth=0.010  train_loss=0.1455  train_AUPR_all=0.8439  train_AUPR_ab=0.8755  train_AUPR_ag=0.7995  train_P@5_ab=1.0000  train_P@5_ag=1.0000  val_loss=0.3317  val_AUPR_all=0.5800  val_AUPR_ab=0.7437  val_AUPR_ag=0.3604  val_P@5_ab=0.9500  val_P@5_ag=0.9500  select=0.5521
Ep045  LR0=3.35e-05  pw=1.08  aucα=0.300  token_p=0.030  dropE=(0.050,0.120)  smooth=0.010  train_loss=0.1427  train_AUPR_all=0.8487  train_AUPR_ab=0.8801  train_AUPR_ag=0.8044  train_P@5_ab=1.0000  train_P@5_ag=1.0000  val_loss=0.3324  val_AUPR_all=0.5771  val_AUPR_ab=0.7401  val_AUPR_ag=0.3686  val_P@5_ab=0.9500  val_P@5_ag=0.9000  select=0.5544
Ep046  LR0=2.97e-05  pw=1.07  aucα=0.300  token_p=0.030  dropE=(0.050,0.120)  smooth=0.010  train_loss=0.1358  train_AUPR_all=0.8596  train_AUPR_ab=0.8885  train_AUPR_ag=0.8187  train_P@5_ab=1.0000  train_P@5_ag=1.0000  val_loss=0.3300  val_AUPR_all=0.5758  val_AUPR_ab=0.7411  val_AUPR_ag=0.3613  val_P@5_ab=0.9500  val_P@5_ag=0.9000  select=0.5512
Ep047  LR0=2.61e-05  pw=1.06  aucα=0.300  token_p=0.030  dropE=(0.050,0.120)  smooth=0.010  train_loss=0.1355  train_AUPR_all=0.8588  train_AUPR_ab=0.8883  train_AUPR_ag=0.8170  train_P@5_ab=1.0000  train_P@5_ag=1.0000  val_loss=0.3306  val_AUPR_all=0.5847  val_AUPR_ab=0.7438  val_AUPR_ag=0.3751  val_P@5_ab=0.9500  val_P@5_ag=0.8500  select=0.5595
Ep048  LR0=2.27e-05  pw=1.05  aucα=0.300  token_p=0.030  dropE=(0.050,0.120)  smooth=0.010  train_loss=0.1368  train_AUPR_all=0.8555  train_AUPR_ab=0.8849  train_AUPR_ag=0.8141  train_P@5_ab=1.0000  train_P@5_ag=1.0000  val_loss=0.3360  val_AUPR_all=0.5828  val_AUPR_ab=0.7460  val_AUPR_ag=0.3644  val_P@5_ab=0.9000  val_P@5_ag=0.8500  select=0.5552
Early stopping at epoch 48. Best select=0.5770 at epoch 28.
Final saved checkpoint for fold 3: checkpoints_old/iPara_balanced_l1_g7_i5_do0.10_dpr0.10_lr0.0002_heads16_fold3.pth
Best select=0.5770 at epoch 28

==========================================================================================
Fold 4/5
==========================================================================================
Train labels: valid=398858, pos=26560, neg=372298, ignore=700342, pos_frac=0.06659
Val labels: valid=101334, pos=6670, neg=94664, ignore=172266, pos_frac=0.06582
Initializing ClassificationModel with 7 GAT layers and residual connections...
Initializing MCModel with 7 GAT layers and 5 row attention layers (drop_path_rate=0.1)
Initializing CoreModel with 1 layers, drop_path_rate=0.1
Ep001  LR0=2.00e-04  pw=20.00  aucα=0.000  token_p=0.030  dropE=(0.050,0.120)  smooth=0.010  train_loss=1.0792  train_AUPR_all=0.2834  train_AUPR_ab=0.3465  train_AUPR_ag=0.1977  train_P@5_ab=0.5000  train_P@5_ag=0.9000  val_loss=1.0500  val_AUPR_all=0.4213  val_AUPR_ab=0.5015  val_AUPR_ag=0.2933  val_P@5_ab=0.6000  val_P@5_ag=0.9000  select=0.3974
  Saved checkpoint: checkpoints_old/iPara_balanced_l1_g7_i5_do0.10_dpr0.10_lr0.0002_heads16_fold4.pth  select=0.3974  val_ab=0.5015  val_ag=0.2933  val_all=0.4213
Ep002  LR0=2.00e-04  pw=17.77  aucα=0.000  token_p=0.030  dropE=(0.050,0.120)  smooth=0.010  train_loss=0.7587  train_AUPR_all=0.4169  train_AUPR_ab=0.4993  train_AUPR_ag=0.2730  train_P@5_ab=0.8500  train_P@5_ag=0.8000  val_loss=0.9686  val_AUPR_all=0.4500  val_AUPR_ab=0.5571  val_AUPR_ag=0.2962  val_P@5_ab=0.7500  val_P@5_ag=0.6500  select=0.4266
  Saved checkpoint: checkpoints_old/iPara_balanced_l1_g7_i5_do0.10_dpr0.10_lr0.0002_heads16_fold4.pth  select=0.4266  val_ab=0.5571  val_ag=0.2962  val_all=0.4500
Ep003  LR0=1.99e-04  pw=15.80  aucα=0.000  token_p=0.030  dropE=(0.050,0.120)  smooth=0.010  train_loss=0.6894  train_AUPR_all=0.4526  train_AUPR_ab=0.5267  train_AUPR_ag=0.3135  train_P@5_ab=0.6500  train_P@5_ag=0.8500  val_loss=1.0151  val_AUPR_all=0.4560  val_AUPR_ab=0.5909  val_AUPR_ag=0.3161  val_P@5_ab=0.6500  val_P@5_ag=0.6500  select=0.4535
  Saved checkpoint: checkpoints_old/iPara_balanced_l1_g7_i5_do0.10_dpr0.10_lr0.0002_heads16_fold4.pth  select=0.4535  val_ab=0.5909  val_ag=0.3161  val_all=0.4560
Ep004  LR0=1.99e-04  pw=14.06  aucα=0.000  token_p=0.030  dropE=(0.050,0.120)  smooth=0.010  train_loss=0.6365  train_AUPR_all=0.4887  train_AUPR_ab=0.5732  train_AUPR_ag=0.3298  train_P@5_ab=0.9500  train_P@5_ag=0.8500  val_loss=0.8254  val_AUPR_all=0.5083  val_AUPR_ab=0.6350  val_AUPR_ag=0.3145  val_P@5_ab=0.8000  val_P@5_ag=0.9000  select=0.4747
  Saved checkpoint: checkpoints_old/iPara_balanced_l1_g7_i5_do0.10_dpr0.10_lr0.0002_heads16_fold4.pth  select=0.4747  val_ab=0.6350  val_ag=0.3145  val_all=0.5083
Unfreezing DyM parameters.
Ep005  LR0=1.98e-04  pw=12.52  aucα=0.000  token_p=0.030  dropE=(0.050,0.120)  smooth=0.010  train_loss=0.5953  train_AUPR_all=0.4948  train_AUPR_ab=0.5783  train_AUPR_ag=0.3346  train_P@5_ab=0.8500  train_P@5_ag=0.9000  val_loss=0.8047  val_AUPR_all=0.5272  val_AUPR_ab=0.6543  val_AUPR_ag=0.3297  val_P@5_ab=0.9500  val_P@5_ag=0.9000  select=0.4920
  Saved checkpoint: checkpoints_old/iPara_balanced_l1_g7_i5_do0.10_dpr0.10_lr0.0002_heads16_fold4.pth  select=0.4920  val_ab=0.6543  val_ag=0.3297  val_all=0.5272
Ep006  LR0=1.97e-04  pw=11.17  aucα=0.000  token_p=0.030  dropE=(0.050,0.120)  smooth=0.010  train_loss=0.5433  train_AUPR_all=0.5148  train_AUPR_ab=0.6124  train_AUPR_ag=0.3412  train_P@5_ab=0.9500  train_P@5_ag=0.7000  val_loss=0.7608  val_AUPR_all=0.5452  val_AUPR_ab=0.6702  val_AUPR_ag=0.3432  val_P@5_ab=0.9500  val_P@5_ag=0.9000  select=0.5067
  Saved checkpoint: checkpoints_old/iPara_balanced_l1_g7_i5_do0.10_dpr0.10_lr0.0002_heads16_fold4.pth  select=0.5067  val_ab=0.6702  val_ag=0.3432  val_all=0.5452
Ep007  LR0=1.95e-04  pw=9.97  aucα=0.000  token_p=0.030  dropE=(0.050,0.120)  smooth=0.010  train_loss=0.5087  train_AUPR_all=0.5280  train_AUPR_ab=0.6212  train_AUPR_ag=0.3597  train_P@5_ab=0.8500  train_P@5_ag=0.9500  val_loss=0.7414  val_AUPR_all=0.5433  val_AUPR_ab=0.6827  val_AUPR_ag=0.3554  val_P@5_ab=1.0000  val_P@5_ag=0.9500  select=0.5190
  Saved checkpoint: checkpoints_old/iPara_balanced_l1_g7_i5_do0.10_dpr0.10_lr0.0002_heads16_fold4.pth  select=0.5190  val_ab=0.6827  val_ag=0.3554  val_all=0.5433
Ep008  LR0=1.93e-04  pw=8.92  aucα=0.000  token_p=0.030  dropE=(0.050,0.120)  smooth=0.010  train_loss=0.4739  train_AUPR_all=0.5391  train_AUPR_ab=0.6390  train_AUPR_ag=0.3622  train_P@5_ab=0.8500  train_P@5_ag=0.9000  val_loss=0.6960  val_AUPR_all=0.5479  val_AUPR_ab=0.6953  val_AUPR_ag=0.3398  val_P@5_ab=0.9000  val_P@5_ag=1.0000  select=0.5175
Ep009  LR0=1.91e-04  pw=7.99  aucα=0.000  token_p=0.030  dropE=(0.050,0.120)  smooth=0.010  train_loss=0.4484  train_AUPR_all=0.5440  train_AUPR_ab=0.6447  train_AUPR_ag=0.3694  train_P@5_ab=0.9500  train_P@5_ag=0.9000  val_loss=0.6622  val_AUPR_all=0.5687  val_AUPR_ab=0.6998  val_AUPR_ag=0.3690  val_P@5_ab=1.0000  val_P@5_ag=0.9000  select=0.5344
  Saved checkpoint: checkpoints_old/iPara_balanced_l1_g7_i5_do0.10_dpr0.10_lr0.0002_heads16_fold4.pth  select=0.5344  val_ab=0.6998  val_ag=0.3690  val_all=0.5687
Ep010  LR0=1.89e-04  pw=7.17  aucα=0.030  token_p=0.030  dropE=(0.050,0.120)  smooth=0.010  train_loss=0.4311  train_AUPR_all=0.5669  train_AUPR_ab=0.6740  train_AUPR_ag=0.3832  train_P@5_ab=0.8000  train_P@5_ag=0.9500  val_loss=0.6064  val_AUPR_all=0.5672  val_AUPR_ab=0.7006  val_AUPR_ag=0.3621  val_P@5_ab=0.9500  val_P@5_ag=0.9000  select=0.5314
Ep011  LR0=1.87e-04  pw=6.44  aucα=0.060  token_p=0.030  dropE=(0.050,0.120)  smooth=0.010  train_loss=0.4192  train_AUPR_all=0.5670  train_AUPR_ab=0.6694  train_AUPR_ag=0.3917  train_P@5_ab=0.8000  train_P@5_ag=0.9500  val_loss=0.5945  val_AUPR_all=0.5614  val_AUPR_ab=0.6928  val_AUPR_ag=0.3548  val_P@5_ab=0.9500  val_P@5_ag=0.8500  select=0.5238
Ep012  LR0=1.84e-04  pw=5.80  aucα=0.090  token_p=0.030  dropE=(0.050,0.120)  smooth=0.010  train_loss=0.4135  train_AUPR_all=0.5780  train_AUPR_ab=0.6800  train_AUPR_ag=0.3991  train_P@5_ab=0.9000  train_P@5_ag=0.9000  val_loss=0.5391  val_AUPR_all=0.5839  val_AUPR_ab=0.7127  val_AUPR_ag=0.3712  val_P@5_ab=0.9500  val_P@5_ag=1.0000  select=0.5419
  Saved checkpoint: checkpoints_old/iPara_balanced_l1_g7_i5_do0.10_dpr0.10_lr0.0002_heads16_fold4.pth  select=0.5419  val_ab=0.7127  val_ag=0.3712  val_all=0.5839
Ep013  LR0=1.81e-04  pw=5.24  aucα=0.120  token_p=0.030  dropE=(0.050,0.120)  smooth=0.010  train_loss=0.3995  train_AUPR_all=0.5866  train_AUPR_ab=0.6912  train_AUPR_ag=0.4073  train_P@5_ab=0.9000  train_P@5_ag=0.9000  val_loss=0.5121  val_AUPR_all=0.5894  val_AUPR_ab=0.7137  val_AUPR_ag=0.3982  val_P@5_ab=0.9000  val_P@5_ag=0.9000  select=0.5560
  Saved checkpoint: checkpoints_old/iPara_balanced_l1_g7_i5_do0.10_dpr0.10_lr0.0002_heads16_fold4.pth  select=0.5560  val_ab=0.7137  val_ag=0.3982  val_all=0.5894
Ep014  LR0=1.78e-04  pw=4.74  aucα=0.150  token_p=0.030  dropE=(0.050,0.120)  smooth=0.010  train_loss=0.3882  train_AUPR_all=0.6013  train_AUPR_ab=0.7091  train_AUPR_ag=0.4249  train_P@5_ab=0.8000  train_P@5_ag=0.9000  val_loss=0.5211  val_AUPR_all=0.5940  val_AUPR_ab=0.7330  val_AUPR_ag=0.3898  val_P@5_ab=0.9500  val_P@5_ag=0.9000  select=0.5614
  Saved checkpoint: checkpoints_old/iPara_balanced_l1_g7_i5_do0.10_dpr0.10_lr0.0002_heads16_fold4.pth  select=0.5614  val_ab=0.7330  val_ag=0.3898  val_all=0.5940
Ep015  LR0=1.74e-04  pw=4.30  aucα=0.180  token_p=0.030  dropE=(0.050,0.120)  smooth=0.010  train_loss=0.3813  train_AUPR_all=0.6079  train_AUPR_ab=0.7118  train_AUPR_ag=0.4372  train_P@5_ab=0.9000  train_P@5_ag=0.9500  val_loss=0.4793  val_AUPR_all=0.6015  val_AUPR_ab=0.7395  val_AUPR_ag=0.4037  val_P@5_ab=0.9500  val_P@5_ag=0.9000  select=0.5716
  Saved checkpoint: checkpoints_old/iPara_balanced_l1_g7_i5_do0.10_dpr0.10_lr0.0002_heads16_fold4.pth  select=0.5716  val_ab=0.7395  val_ag=0.4037  val_all=0.6015
Ep016  LR0=1.71e-04  pw=3.91  aucα=0.210  token_p=0.030  dropE=(0.050,0.120)  smooth=0.010  train_loss=0.3744  train_AUPR_all=0.6154  train_AUPR_ab=0.7188  train_AUPR_ag=0.4454  train_P@5_ab=0.8000  train_P@5_ag=0.9000  val_loss=0.4644  val_AUPR_all=0.5981  val_AUPR_ab=0.7340  val_AUPR_ag=0.3966  val_P@5_ab=0.9500  val_P@5_ag=0.9500  select=0.5653
Ep017  LR0=1.67e-04  pw=3.57  aucα=0.240  token_p=0.030  dropE=(0.050,0.120)  smooth=0.010  train_loss=0.3653  train_AUPR_all=0.6264  train_AUPR_ab=0.7231  train_AUPR_ag=0.4679  train_P@5_ab=0.9500  train_P@5_ag=0.9500  val_loss=0.4456  val_AUPR_all=0.6074  val_AUPR_ab=0.7419  val_AUPR_ag=0.3999  val_P@5_ab=0.9500  val_P@5_ag=0.9500  select=0.5709
Ep018  LR0=1.63e-04  pw=3.27  aucα=0.270  token_p=0.030  dropE=(0.050,0.120)  smooth=0.010  train_loss=0.3571  train_AUPR_all=0.6360  train_AUPR_ab=0.7302  train_AUPR_ag=0.4833  train_P@5_ab=1.0000  train_P@5_ag=1.0000  val_loss=0.4159  val_AUPR_all=0.6040  val_AUPR_ab=0.7443  val_AUPR_ag=0.3888  val_P@5_ab=1.0000  val_P@5_ag=0.9000  select=0.5666
Ep019  LR0=1.59e-04  pw=3.00  aucα=0.300  token_p=0.030  dropE=(0.050,0.120)  smooth=0.010  train_loss=0.3541  train_AUPR_all=0.6425  train_AUPR_ab=0.7389  train_AUPR_ag=0.4876  train_P@5_ab=1.0000  train_P@5_ag=0.9500  val_loss=0.4001  val_AUPR_all=0.6132  val_AUPR_ab=0.7519  val_AUPR_ag=0.3992  val_P@5_ab=0.9500  val_P@5_ag=0.9000  select=0.5755
  Saved checkpoint: checkpoints_old/iPara_balanced_l1_g7_i5_do0.10_dpr0.10_lr0.0002_heads16_fold4.pth  select=0.5755  val_ab=0.7519  val_ag=0.3992  val_all=0.6132
Ep020  LR0=1.55e-04  pw=2.77  aucα=0.300  token_p=0.030  dropE=(0.050,0.120)  smooth=0.010  train_loss=0.3360  train_AUPR_all=0.6535  train_AUPR_ab=0.7455  train_AUPR_ag=0.5069  train_P@5_ab=0.9000  train_P@5_ag=0.9000  val_loss=0.4034  val_AUPR_all=0.6177  val_AUPR_ab=0.7594  val_AUPR_ag=0.4004  val_P@5_ab=0.9500  val_P@5_ag=0.9500  select=0.5799
  Saved checkpoint: checkpoints_old/iPara_balanced_l1_g7_i5_do0.10_dpr0.10_lr0.0002_heads16_fold4.pth  select=0.5799  val_ab=0.7594  val_ag=0.4004  val_all=0.6177
Ep021  LR0=1.50e-04  pw=2.56  aucα=0.300  token_p=0.030  dropE=(0.050,0.120)  smooth=0.010  train_loss=0.3191  train_AUPR_all=0.6635  train_AUPR_ab=0.7535  train_AUPR_ag=0.5189  train_P@5_ab=1.0000  train_P@5_ag=0.8500  val_loss=0.3931  val_AUPR_all=0.6109  val_AUPR_ab=0.7533  val_AUPR_ag=0.4059  val_P@5_ab=1.0000  val_P@5_ag=0.9000  select=0.5796
Ep022  LR0=1.46e-04  pw=2.38  aucα=0.300  token_p=0.030  dropE=(0.050,0.120)  smooth=0.010  train_loss=0.3101  train_AUPR_all=0.6660  train_AUPR_ab=0.7575  train_AUPR_ag=0.5215  train_P@5_ab=1.0000  train_P@5_ag=1.0000  val_loss=0.3753  val_AUPR_all=0.6072  val_AUPR_ab=0.7493  val_AUPR_ag=0.4122  val_P@5_ab=1.0000  val_P@5_ag=0.9500  select=0.5807
  Saved checkpoint: checkpoints_old/iPara_balanced_l1_g7_i5_do0.10_dpr0.10_lr0.0002_heads16_fold4.pth  select=0.5807  val_ab=0.7493  val_ag=0.4122  val_all=0.6072
Ep023  LR0=1.41e-04  pw=2.21  aucα=0.300  token_p=0.030  dropE=(0.050,0.120)  smooth=0.010  train_loss=0.2900  train_AUPR_all=0.6862  train_AUPR_ab=0.7724  train_AUPR_ag=0.5517  train_P@5_ab=0.9000  train_P@5_ag=0.9500  val_loss=0.3732  val_AUPR_all=0.6140  val_AUPR_ab=0.7578  val_AUPR_ag=0.3948  val_P@5_ab=1.0000  val_P@5_ag=0.9500  select=0.5763
Ep024  LR0=1.36e-04  pw=2.07  aucα=0.300  token_p=0.030  dropE=(0.050,0.120)  smooth=0.010  train_loss=0.2797  train_AUPR_all=0.6910  train_AUPR_ab=0.7720  train_AUPR_ag=0.5668  train_P@5_ab=1.0000  train_P@5_ag=1.0000  val_loss=0.3646  val_AUPR_all=0.6120  val_AUPR_ab=0.7517  val_AUPR_ag=0.3996  val_P@5_ab=1.0000  val_P@5_ag=0.9500  select=0.5757
Ep025  LR0=1.31e-04  pw=1.95  aucα=0.300  token_p=0.030  dropE=(0.050,0.120)  smooth=0.010  train_loss=0.2652  train_AUPR_all=0.7053  train_AUPR_ab=0.7816  train_AUPR_ag=0.5894  train_P@5_ab=1.0000  train_P@5_ag=0.9000  val_loss=0.3736  val_AUPR_all=0.6051  val_AUPR_ab=0.7443  val_AUPR_ag=0.4103  val_P@5_ab=0.9500  val_P@5_ag=0.9000  select=0.5773
Ep026  LR0=1.26e-04  pw=1.83  aucα=0.300  token_p=0.030  dropE=(0.050,0.120)  smooth=0.010  train_loss=0.2582  train_AUPR_all=0.7091  train_AUPR_ab=0.7813  train_AUPR_ag=0.6006  train_P@5_ab=1.0000  train_P@5_ag=1.0000  val_loss=0.3490  val_AUPR_all=0.6103  val_AUPR_ab=0.7634  val_AUPR_ag=0.3934  val_P@5_ab=1.0000  val_P@5_ag=0.9500  select=0.5784
Ep027  LR0=1.21e-04  pw=1.74  aucα=0.300  token_p=0.030  dropE=(0.050,0.120)  smooth=0.010  train_loss=0.2432  train_AUPR_all=0.7248  train_AUPR_ab=0.7948  train_AUPR_ag=0.6191  train_P@5_ab=0.9500  train_P@5_ag=0.9500  val_loss=0.3506  val_AUPR_all=0.6178  val_AUPR_ab=0.7700  val_AUPR_ag=0.3917  val_P@5_ab=0.9000  val_P@5_ag=0.9000  select=0.5808
  Saved checkpoint: checkpoints_old/iPara_balanced_l1_g7_i5_do0.10_dpr0.10_lr0.0002_heads16_fold4.pth  select=0.5808  val_ab=0.7700  val_ag=0.3917  val_all=0.6178
Ep028  LR0=1.16e-04  pw=1.65  aucα=0.300  token_p=0.030  dropE=(0.050,0.120)  smooth=0.010  train_loss=0.2365  train_AUPR_all=0.7283  train_AUPR_ab=0.7913  train_AUPR_ag=0.6352  train_P@5_ab=0.9000  train_P@5_ag=1.0000  val_loss=0.3648  val_AUPR_all=0.6115  val_AUPR_ab=0.7670  val_AUPR_ag=0.4080  val_P@5_ab=1.0000  val_P@5_ag=0.8500  select=0.5875
  Saved checkpoint: checkpoints_old/iPara_balanced_l1_g7_i5_do0.10_dpr0.10_lr0.0002_heads16_fold4.pth  select=0.5875  val_ab=0.7670  val_ag=0.4080  val_all=0.6115
Ep029  LR0=1.11e-04  pw=1.57  aucα=0.300  token_p=0.030  dropE=(0.050,0.120)  smooth=0.010  train_loss=0.2251  train_AUPR_all=0.7438  train_AUPR_ab=0.8069  train_AUPR_ag=0.6506  train_P@5_ab=0.9500  train_P@5_ag=0.9000  val_loss=0.3442  val_AUPR_all=0.6175  val_AUPR_ab=0.7761  val_AUPR_ag=0.4032  val_P@5_ab=0.9500  val_P@5_ag=1.0000  select=0.5896
  Saved checkpoint: checkpoints_old/iPara_balanced_l1_g7_i5_do0.10_dpr0.10_lr0.0002_heads16_fold4.pth  select=0.5896  val_ab=0.7761  val_ag=0.4032  val_all=0.6175
Ep030  LR0=1.05e-04  pw=1.51  aucα=0.300  token_p=0.030  dropE=(0.050,0.120)  smooth=0.010  train_loss=0.2153  train_AUPR_all=0.7538  train_AUPR_ab=0.8118  train_AUPR_ag=0.6686  train_P@5_ab=1.0000  train_P@5_ag=1.0000  val_loss=0.3430  val_AUPR_all=0.6148  val_AUPR_ab=0.7609  val_AUPR_ag=0.4157  val_P@5_ab=0.9000  val_P@5_ag=1.0000  select=0.5883
Ep031  LR0=1.00e-04  pw=1.45  aucα=0.300  token_p=0.030  dropE=(0.050,0.120)  smooth=0.010  train_loss=0.2071  train_AUPR_all=0.7626  train_AUPR_ab=0.8184  train_AUPR_ag=0.6806  train_P@5_ab=1.0000  train_P@5_ag=0.9500  val_loss=0.3405  val_AUPR_all=0.6077  val_AUPR_ab=0.7665  val_AUPR_ag=0.4004  val_P@5_ab=0.9500  val_P@5_ag=0.9500  select=0.5835
Ep032  LR0=9.50e-05  pw=1.39  aucα=0.300  token_p=0.030  dropE=(0.050,0.120)  smooth=0.010  train_loss=0.2054  train_AUPR_all=0.7622  train_AUPR_ab=0.8147  train_AUPR_ag=0.6859  train_P@5_ab=1.0000  train_P@5_ag=0.9500  val_loss=0.3385  val_AUPR_all=0.6039  val_AUPR_ab=0.7573  val_AUPR_ag=0.3976  val_P@5_ab=0.9500  val_P@5_ag=1.0000  select=0.5774
Ep033  LR0=8.98e-05  pw=1.35  aucα=0.300  token_p=0.030  dropE=(0.050,0.120)  smooth=0.010  train_loss=0.1975  train_AUPR_all=0.7734  train_AUPR_ab=0.8222  train_AUPR_ag=0.7029  train_P@5_ab=1.0000  train_P@5_ag=0.9500  val_loss=0.3269  val_AUPR_all=0.6133  val_AUPR_ab=0.7662  val_AUPR_ag=0.4026  val_P@5_ab=0.9500  val_P@5_ag=1.0000  select=0.5844
Ep034  LR0=8.46e-05  pw=1.31  aucα=0.300  token_p=0.030  dropE=(0.050,0.120)  smooth=0.010  train_loss=0.1880  train_AUPR_all=0.7855  train_AUPR_ab=0.8321  train_AUPR_ag=0.7179  train_P@5_ab=1.0000  train_P@5_ag=1.0000  val_loss=0.3175  val_AUPR_all=0.6265  val_AUPR_ab=0.7722  val_AUPR_ag=0.4152  val_P@5_ab=0.9000  val_P@5_ag=1.0000  select=0.5937
  Saved checkpoint: checkpoints_old/iPara_balanced_l1_g7_i5_do0.10_dpr0.10_lr0.0002_heads16_fold4.pth  select=0.5937  val_ab=0.7722  val_ag=0.4152  val_all=0.6265
Ep035  LR0=7.95e-05  pw=1.27  aucα=0.300  token_p=0.030  dropE=(0.050,0.120)  smooth=0.010  train_loss=0.1831  train_AUPR_all=0.7926  train_AUPR_ab=0.8373  train_AUPR_ag=0.7284  train_P@5_ab=1.0000  train_P@5_ag=0.9500  val_loss=0.3310  val_AUPR_all=0.6030  val_AUPR_ab=0.7529  val_AUPR_ag=0.4049  val_P@5_ab=0.9500  val_P@5_ag=0.8000  select=0.5789
Ep036  LR0=7.44e-05  pw=1.24  aucα=0.300  token_p=0.030  dropE=(0.050,0.120)  smooth=0.010  train_loss=0.1800  train_AUPR_all=0.7950  train_AUPR_ab=0.8402  train_AUPR_ag=0.7299  train_P@5_ab=1.0000  train_P@5_ag=1.0000  val_loss=0.3326  val_AUPR_all=0.6026  val_AUPR_ab=0.7572  val_AUPR_ag=0.3944  val_P@5_ab=0.9500  val_P@5_ag=0.6500  select=0.5758
Ep037  LR0=6.94e-05  pw=1.21  aucα=0.300  token_p=0.030  dropE=(0.050,0.120)  smooth=0.010  train_loss=0.1726  train_AUPR_all=0.8059  train_AUPR_ab=0.8491  train_AUPR_ag=0.7436  train_P@5_ab=1.0000  train_P@5_ag=1.0000  val_loss=0.3127  val_AUPR_all=0.6213  val_AUPR_ab=0.7701  val_AUPR_ag=0.4172  val_P@5_ab=0.9500  val_P@5_ag=0.8500  select=0.5936
Ep038  LR0=6.45e-05  pw=1.19  aucα=0.300  token_p=0.030  dropE=(0.050,0.120)  smooth=0.010  train_loss=0.1679  train_AUPR_all=0.8126  train_AUPR_ab=0.8542  train_AUPR_ag=0.7527  train_P@5_ab=1.0000  train_P@5_ag=0.9500  val_loss=0.3121  val_AUPR_all=0.6153  val_AUPR_ab=0.7653  val_AUPR_ag=0.4181  val_P@5_ab=0.9500  val_P@5_ag=0.8500  select=0.5917
Ep039  LR0=5.97e-05  pw=1.16  aucα=0.300  token_p=0.030  dropE=(0.050,0.120)  smooth=0.010  train_loss=0.1622  train_AUPR_all=0.8198  train_AUPR_ab=0.8588  train_AUPR_ag=0.7638  train_P@5_ab=1.0000  train_P@5_ag=1.0000  val_loss=0.3187  val_AUPR_all=0.6177  val_AUPR_ab=0.7721  val_AUPR_ag=0.4043  val_P@5_ab=1.0000  val_P@5_ag=0.8500  select=0.5882
Ep040  LR0=5.50e-05  pw=1.15  aucα=0.300  token_p=0.030  dropE=(0.050,0.120)  smooth=0.010  train_loss=0.1564  train_AUPR_all=0.8289  train_AUPR_ab=0.8685  train_AUPR_ag=0.7712  train_P@5_ab=1.0000  train_P@5_ag=1.0000  val_loss=0.3200  val_AUPR_all=0.6066  val_AUPR_ab=0.7576  val_AUPR_ag=0.4009  val_P@5_ab=0.8500  val_P@5_ag=0.9500  select=0.5792
Ep041  LR0=5.04e-05  pw=1.13  aucα=0.300  token_p=0.030  dropE=(0.050,0.120)  smooth=0.010  train_loss=0.1551  train_AUPR_all=0.8297  train_AUPR_ab=0.8633  train_AUPR_ag=0.7820  train_P@5_ab=1.0000  train_P@5_ag=1.0000  val_loss=0.3190  val_AUPR_all=0.6052  val_AUPR_ab=0.7603  val_AUPR_ag=0.3981  val_P@5_ab=0.9000  val_P@5_ag=0.9000  select=0.5792
Ep042  LR0=4.59e-05  pw=1.11  aucα=0.300  token_p=0.030  dropE=(0.050,0.120)  smooth=0.010  train_loss=0.1541  train_AUPR_all=0.8304  train_AUPR_ab=0.8672  train_AUPR_ag=0.7775  train_P@5_ab=1.0000  train_P@5_ag=1.0000  val_loss=0.3154  val_AUPR_all=0.6142  val_AUPR_ab=0.7656  val_AUPR_ag=0.4045  val_P@5_ab=0.9500  val_P@5_ag=0.9500  select=0.5851
Ep043  LR0=4.16e-05  pw=1.10  aucα=0.300  token_p=0.030  dropE=(0.050,0.120)  smooth=0.010  train_loss=0.1491  train_AUPR_all=0.8387  train_AUPR_ab=0.8706  train_AUPR_ag=0.7937  train_P@5_ab=1.0000  train_P@5_ag=0.9500  val_loss=0.3147  val_AUPR_all=0.6118  val_AUPR_ab=0.7661  val_AUPR_ag=0.4067  val_P@5_ab=1.0000  val_P@5_ag=0.9500  select=0.5864
Ep044  LR0=3.75e-05  pw=1.09  aucα=0.300  token_p=0.030  dropE=(0.050,0.120)  smooth=0.010  train_loss=0.1448  train_AUPR_all=0.8461  train_AUPR_ab=0.8815  train_AUPR_ag=0.7948  train_P@5_ab=1.0000  train_P@5_ag=1.0000  val_loss=0.3184  val_AUPR_all=0.6102  val_AUPR_ab=0.7628  val_AUPR_ag=0.4090  val_P@5_ab=0.9500  val_P@5_ag=0.9000  select=0.5859
Ep045  LR0=3.35e-05  pw=1.08  aucα=0.300  token_p=0.030  dropE=(0.050,0.120)  smooth=0.010  train_loss=0.1414  train_AUPR_all=0.8504  train_AUPR_ab=0.8836  train_AUPR_ag=0.8024  train_P@5_ab=0.9500  train_P@5_ag=1.0000  val_loss=0.3148  val_AUPR_all=0.6133  val_AUPR_ab=0.7646  val_AUPR_ag=0.4111  val_P@5_ab=0.9500  val_P@5_ag=0.7500  select=0.5878
Ep046  LR0=2.97e-05  pw=1.07  aucα=0.300  token_p=0.030  dropE=(0.050,0.120)  smooth=0.010  train_loss=0.1403  train_AUPR_all=0.8516  train_AUPR_ab=0.8828  train_AUPR_ag=0.8070  train_P@5_ab=1.0000  train_P@5_ag=1.0000  val_loss=0.3177  val_AUPR_all=0.6066  val_AUPR_ab=0.7585  val_AUPR_ag=0.4049  val_P@5_ab=0.9500  val_P@5_ag=0.9000  select=0.5817
Ep047  LR0=2.61e-05  pw=1.06  aucα=0.300  token_p=0.030  dropE=(0.050,0.120)  smooth=0.010  train_loss=0.1399  train_AUPR_all=0.8517  train_AUPR_ab=0.8829  train_AUPR_ag=0.8069  train_P@5_ab=1.0000  train_P@5_ag=1.0000  val_loss=0.3152  val_AUPR_all=0.6176  val_AUPR_ab=0.7703  val_AUPR_ag=0.4153  val_P@5_ab=0.9500  val_P@5_ag=0.9500  select=0.5928
Ep048  LR0=2.27e-05  pw=1.05  aucα=0.300  token_p=0.030  dropE=(0.050,0.120)  smooth=0.010  train_loss=0.1380  train_AUPR_all=0.8544  train_AUPR_ab=0.8875  train_AUPR_ag=0.8064  train_P@5_ab=1.0000  train_P@5_ag=1.0000  val_loss=0.3179  val_AUPR_all=0.6125  val_AUPR_ab=0.7635  val_AUPR_ag=0.4096  val_P@5_ab=0.9000  val_P@5_ag=0.9000  select=0.5866
Ep049  LR0=1.96e-05  pw=1.05  aucα=0.300  token_p=0.030  dropE=(0.050,0.120)  smooth=0.010  train_loss=0.1343  train_AUPR_all=0.8613  train_AUPR_ab=0.8905  train_AUPR_ag=0.8196  train_P@5_ab=1.0000  train_P@5_ag=1.0000  val_loss=0.3177  val_AUPR_all=0.6093  val_AUPR_ab=0.7687  val_AUPR_ag=0.4045  val_P@5_ab=0.9000  val_P@5_ag=0.8000  select=0.5866
Ep050  LR0=1.66e-05  pw=1.04  aucα=0.300  token_p=0.030  dropE=(0.050,0.120)  smooth=0.010  train_loss=0.1328  train_AUPR_all=0.8636  train_AUPR_ab=0.8936  train_AUPR_ag=0.8204  train_P@5_ab=1.0000  train_P@5_ag=1.0000  val_loss=0.3210  val_AUPR_all=0.6086  val_AUPR_ab=0.7663  val_AUPR_ag=0.4010  val_P@5_ab=1.0000  val_P@5_ag=0.7000  select=0.5837
Ep051  LR0=1.39e-05  pw=1.04  aucα=0.300  token_p=0.030  dropE=(0.050,0.120)  smooth=0.010  train_loss=0.1285  train_AUPR_all=0.8705  train_AUPR_ab=0.9000  train_AUPR_ag=0.8280  train_P@5_ab=1.0000  train_P@5_ag=1.0000  val_loss=0.3197  val_AUPR_all=0.6113  val_AUPR_ab=0.7633  val_AUPR_ag=0.4075  val_P@5_ab=1.0000  val_P@5_ag=0.8500  select=0.5854
Ep052  LR0=1.14e-05  pw=1.03  aucα=0.300  token_p=0.030  dropE=(0.050,0.120)  smooth=0.010  train_loss=0.1283  train_AUPR_all=0.8716  train_AUPR_ab=0.9018  train_AUPR_ag=0.8277  train_P@5_ab=1.0000  train_P@5_ag=1.0000  val_loss=0.3158  val_AUPR_all=0.6135  val_AUPR_ab=0.7654  val_AUPR_ag=0.4084  val_P@5_ab=0.9500  val_P@5_ag=0.9000  select=0.5869
Ep053  LR0=9.12e-06  pw=1.03  aucα=0.300  token_p=0.030  dropE=(0.050,0.120)  smooth=0.010  train_loss=0.1313  train_AUPR_all=0.8652  train_AUPR_ab=0.8952  train_AUPR_ag=0.8225  train_P@5_ab=1.0000  train_P@5_ag=1.0000  val_loss=0.3165  val_AUPR_all=0.6087  val_AUPR_ab=0.7610  val_AUPR_ag=0.4069  val_P@5_ab=0.9500  val_P@5_ag=0.8500  select=0.5839
Ep054  LR0=7.13e-06  pw=1.03  aucα=0.300  token_p=0.030  dropE=(0.050,0.120)  smooth=0.010  train_loss=0.1279  train_AUPR_all=0.8701  train_AUPR_ab=0.8988  train_AUPR_ag=0.8287  train_P@5_ab=1.0000  train_P@5_ag=1.0000  val_loss=0.3200  val_AUPR_all=0.6081  val_AUPR_ab=0.7599  val_AUPR_ag=0.4046  val_P@5_ab=0.9000  val_P@5_ag=0.8000  select=0.5823
Early stopping at epoch 54. Best select=0.5937 at epoch 34.
Final saved checkpoint for fold 4: checkpoints_old/iPara_balanced_l1_g7_i5_do0.10_dpr0.10_lr0.0002_heads16_fold4.pth
Best select=0.5937 at epoch 34

==========================================================================================
Fold 5/5
==========================================================================================
Train labels: valid=399660, pos=26617, neg=373043, ignore=699540, pos_frac=0.06660
Val labels: valid=100532, pos=6613, neg=93919, ignore=173068, pos_frac=0.06578
Initializing ClassificationModel with 7 GAT layers and residual connections...
Initializing MCModel with 7 GAT layers and 5 row attention layers (drop_path_rate=0.1)
Initializing CoreModel with 1 layers, drop_path_rate=0.1
Ep001  LR0=2.00e-04  pw=20.00  aucα=0.000  token_p=0.030  dropE=(0.050,0.120)  smooth=0.010  train_loss=1.1484  train_AUPR_all=0.2042  train_AUPR_ab=0.2375  train_AUPR_ag=0.1601  train_P@5_ab=0.1500  train_P@5_ag=0.2500  val_loss=1.2197  val_AUPR_all=0.4004  val_AUPR_ab=0.5036  val_AUPR_ag=0.2369  val_P@5_ab=0.5000  val_P@5_ag=0.8000  select=0.3702
  Saved checkpoint: checkpoints_old/iPara_balanced_l1_g7_i5_do0.10_dpr0.10_lr0.0002_heads16_fold5.pth  select=0.3702  val_ab=0.5036  val_ag=0.2369  val_all=0.4004
Ep002  LR0=2.00e-04  pw=17.77  aucα=0.000  token_p=0.030  dropE=(0.050,0.120)  smooth=0.010  train_loss=0.8142  train_AUPR_all=0.3658  train_AUPR_ab=0.4390  train_AUPR_ag=0.2476  train_P@5_ab=0.6000  train_P@5_ag=0.9000  val_loss=0.9819  val_AUPR_all=0.4626  val_AUPR_ab=0.5959  val_AUPR_ag=0.2441  val_P@5_ab=1.0000  val_P@5_ag=0.7500  select=0.4200
  Saved checkpoint: checkpoints_old/iPara_balanced_l1_g7_i5_do0.10_dpr0.10_lr0.0002_heads16_fold5.pth  select=0.4200  val_ab=0.5959  val_ag=0.2441  val_all=0.4626
Ep003  LR0=1.99e-04  pw=15.80  aucα=0.000  token_p=0.030  dropE=(0.050,0.120)  smooth=0.010  train_loss=0.7344  train_AUPR_all=0.4057  train_AUPR_ab=0.4756  train_AUPR_ag=0.2820  train_P@5_ab=0.7000  train_P@5_ag=0.9500  val_loss=0.9338  val_AUPR_all=0.4810  val_AUPR_ab=0.6146  val_AUPR_ag=0.3177  val_P@5_ab=0.8500  val_P@5_ag=0.9500  select=0.4661
  Saved checkpoint: checkpoints_old/iPara_balanced_l1_g7_i5_do0.10_dpr0.10_lr0.0002_heads16_fold5.pth  select=0.4661  val_ab=0.6146  val_ag=0.3177  val_all=0.4810
Ep004  LR0=1.99e-04  pw=14.06  aucα=0.000  token_p=0.030  dropE=(0.050,0.120)  smooth=0.010  train_loss=0.6642  train_AUPR_all=0.4459  train_AUPR_ab=0.5252  train_AUPR_ag=0.3034  train_P@5_ab=0.8500  train_P@5_ag=0.8500  val_loss=0.8301  val_AUPR_all=0.5001  val_AUPR_ab=0.6298  val_AUPR_ag=0.3061  val_P@5_ab=0.9000  val_P@5_ag=0.9000  select=0.4680
  Saved checkpoint: checkpoints_old/iPara_balanced_l1_g7_i5_do0.10_dpr0.10_lr0.0002_heads16_fold5.pth  select=0.4680  val_ab=0.6298  val_ag=0.3061  val_all=0.5001
Unfreezing DyM parameters.
Ep005  LR0=1.98e-04  pw=12.52  aucα=0.000  token_p=0.030  dropE=(0.050,0.120)  smooth=0.010  train_loss=0.6075  train_AUPR_all=0.4803  train_AUPR_ab=0.5552  train_AUPR_ag=0.3346  train_P@5_ab=0.9500  train_P@5_ag=0.8000  val_loss=0.8618  val_AUPR_all=0.5265  val_AUPR_ab=0.6577  val_AUPR_ag=0.3228  val_P@5_ab=0.8000  val_P@5_ag=0.8000  select=0.4902
  Saved checkpoint: checkpoints_old/iPara_balanced_l1_g7_i5_do0.10_dpr0.10_lr0.0002_heads16_fold5.pth  select=0.4902  val_ab=0.6577  val_ag=0.3228  val_all=0.5265
Ep006  LR0=1.97e-04  pw=11.17  aucα=0.000  token_p=0.030  dropE=(0.050,0.120)  smooth=0.010  train_loss=0.5576  train_AUPR_all=0.5132  train_AUPR_ab=0.5981  train_AUPR_ag=0.3601  train_P@5_ab=0.8500  train_P@5_ag=0.8500  val_loss=0.7386  val_AUPR_all=0.5480  val_AUPR_ab=0.6759  val_AUPR_ag=0.3369  val_P@5_ab=1.0000  val_P@5_ag=1.0000  select=0.5064
  Saved checkpoint: checkpoints_old/iPara_balanced_l1_g7_i5_do0.10_dpr0.10_lr0.0002_heads16_fold5.pth  select=0.5064  val_ab=0.6759  val_ag=0.3369  val_all=0.5480
Ep007  LR0=1.95e-04  pw=9.97  aucα=0.000  token_p=0.030  dropE=(0.050,0.120)  smooth=0.010  train_loss=0.5153  train_AUPR_all=0.5235  train_AUPR_ab=0.6103  train_AUPR_ag=0.3632  train_P@5_ab=0.9000  train_P@5_ag=0.9500  val_loss=0.7012  val_AUPR_all=0.5594  val_AUPR_ab=0.6887  val_AUPR_ag=0.3565  val_P@5_ab=1.0000  val_P@5_ag=1.0000  select=0.5226
  Saved checkpoint: checkpoints_old/iPara_balanced_l1_g7_i5_do0.10_dpr0.10_lr0.0002_heads16_fold5.pth  select=0.5226  val_ab=0.6887  val_ag=0.3565  val_all=0.5594
Ep008  LR0=1.93e-04  pw=8.92  aucα=0.000  token_p=0.030  dropE=(0.050,0.120)  smooth=0.010  train_loss=0.4855  train_AUPR_all=0.5259  train_AUPR_ab=0.6114  train_AUPR_ag=0.3674  train_P@5_ab=0.8000  train_P@5_ag=0.7000  val_loss=0.6830  val_AUPR_all=0.5477  val_AUPR_ab=0.6828  val_AUPR_ag=0.3437  val_P@5_ab=0.9500  val_P@5_ag=0.7500  select=0.5132
Ep009  LR0=1.91e-04  pw=7.99  aucα=0.000  token_p=0.030  dropE=(0.050,0.120)  smooth=0.010  train_loss=0.4485  train_AUPR_all=0.5478  train_AUPR_ab=0.6390  train_AUPR_ag=0.3812  train_P@5_ab=0.8500  train_P@5_ag=1.0000  val_loss=0.6346  val_AUPR_all=0.5717  val_AUPR_ab=0.7036  val_AUPR_ag=0.3563  val_P@5_ab=1.0000  val_P@5_ag=0.9500  select=0.5299
  Saved checkpoint: checkpoints_old/iPara_balanced_l1_g7_i5_do0.10_dpr0.10_lr0.0002_heads16_fold5.pth  select=0.5299  val_ab=0.7036  val_ag=0.3563  val_all=0.5717
Ep010  LR0=1.89e-04  pw=7.17  aucα=0.030  token_p=0.030  dropE=(0.050,0.120)  smooth=0.010  train_loss=0.4375  train_AUPR_all=0.5543  train_AUPR_ab=0.6498  train_AUPR_ag=0.3910  train_P@5_ab=0.9500  train_P@5_ag=0.8500  val_loss=0.6380  val_AUPR_all=0.5598  val_AUPR_ab=0.7162  val_AUPR_ag=0.3195  val_P@5_ab=1.0000  val_P@5_ag=0.7500  select=0.5178
Ep011  LR0=1.87e-04  pw=6.44  aucα=0.060  token_p=0.030  dropE=(0.050,0.120)  smooth=0.010  train_loss=0.4196  train_AUPR_all=0.5678  train_AUPR_ab=0.6632  train_AUPR_ag=0.4006  train_P@5_ab=0.8500  train_P@5_ag=0.9000  val_loss=0.5617  val_AUPR_all=0.5793  val_AUPR_ab=0.7203  val_AUPR_ag=0.3617  val_P@5_ab=1.0000  val_P@5_ag=0.8500  select=0.5410
  Saved checkpoint: checkpoints_old/iPara_balanced_l1_g7_i5_do0.10_dpr0.10_lr0.0002_heads16_fold5.pth  select=0.5410  val_ab=0.7203  val_ag=0.3617  val_all=0.5793
Ep012  LR0=1.84e-04  pw=5.80  aucα=0.090  token_p=0.030  dropE=(0.050,0.120)  smooth=0.010  train_loss=0.4101  train_AUPR_all=0.5754  train_AUPR_ab=0.6779  train_AUPR_ag=0.4026  train_P@5_ab=0.9000  train_P@5_ag=0.9500  val_loss=0.5418  val_AUPR_all=0.5764  val_AUPR_ab=0.7257  val_AUPR_ag=0.3600  val_P@5_ab=1.0000  val_P@5_ag=0.9500  select=0.5428
  Saved checkpoint: checkpoints_old/iPara_balanced_l1_g7_i5_do0.10_dpr0.10_lr0.0002_heads16_fold5.pth  select=0.5428  val_ab=0.7257  val_ag=0.3600  val_all=0.5764
Ep013  LR0=1.81e-04  pw=5.24  aucα=0.120  token_p=0.030  dropE=(0.050,0.120)  smooth=0.010  train_loss=0.4020  train_AUPR_all=0.5832  train_AUPR_ab=0.6808  train_AUPR_ag=0.4202  train_P@5_ab=0.9500  train_P@5_ag=0.8000  val_loss=0.5176  val_AUPR_all=0.5877  val_AUPR_ab=0.7379  val_AUPR_ag=0.3472  val_P@5_ab=1.0000  val_P@5_ag=0.9500  select=0.5426
Ep014  LR0=1.78e-04  pw=4.74  aucα=0.150  token_p=0.030  dropE=(0.050,0.120)  smooth=0.010  train_loss=0.3942  train_AUPR_all=0.5915  train_AUPR_ab=0.6906  train_AUPR_ag=0.4273  train_P@5_ab=0.9500  train_P@5_ag=0.9500  val_loss=0.4842  val_AUPR_all=0.5952  val_AUPR_ab=0.7403  val_AUPR_ag=0.3759  val_P@5_ab=1.0000  val_P@5_ag=1.0000  select=0.5581
  Saved checkpoint: checkpoints_old/iPara_balanced_l1_g7_i5_do0.10_dpr0.10_lr0.0002_heads16_fold5.pth  select=0.5581  val_ab=0.7403  val_ag=0.3759  val_all=0.5952
Ep015  LR0=1.74e-04  pw=4.30  aucα=0.180  token_p=0.030  dropE=(0.050,0.120)  smooth=0.010  train_loss=0.3835  train_AUPR_all=0.6058  train_AUPR_ab=0.7026  train_AUPR_ag=0.4452  train_P@5_ab=1.0000  train_P@5_ag=0.9000  val_loss=0.4694  val_AUPR_all=0.5882  val_AUPR_ab=0.7392  val_AUPR_ag=0.3415  val_P@5_ab=1.0000  val_P@5_ag=0.9000  select=0.5404
Ep016  LR0=1.71e-04  pw=3.91  aucα=0.210  token_p=0.030  dropE=(0.050,0.120)  smooth=0.010  train_loss=0.3768  train_AUPR_all=0.6070  train_AUPR_ab=0.7034  train_AUPR_ag=0.4460  train_P@5_ab=0.9500  train_P@5_ag=0.8000  val_loss=0.4476  val_AUPR_all=0.5979  val_AUPR_ab=0.7448  val_AUPR_ag=0.3655  val_P@5_ab=1.0000  val_P@5_ag=1.0000  select=0.5551
Ep017  LR0=1.67e-04  pw=3.57  aucα=0.240  token_p=0.030  dropE=(0.050,0.120)  smooth=0.010  train_loss=0.3673  train_AUPR_all=0.6254  train_AUPR_ab=0.7258  train_AUPR_ag=0.4639  train_P@5_ab=1.0000  train_P@5_ag=0.7500  val_loss=0.4588  val_AUPR_all=0.5763  val_AUPR_ab=0.7349  val_AUPR_ag=0.3467  val_P@5_ab=1.0000  val_P@5_ag=0.8500  select=0.5408
Ep018  LR0=1.63e-04  pw=3.27  aucα=0.270  token_p=0.030  dropE=(0.050,0.120)  smooth=0.010  train_loss=0.3561  train_AUPR_all=0.6398  train_AUPR_ab=0.7362  train_AUPR_ag=0.4855  train_P@5_ab=1.0000  train_P@5_ag=0.8500  val_loss=0.4205  val_AUPR_all=0.5936  val_AUPR_ab=0.7435  val_AUPR_ag=0.3741  val_P@5_ab=1.0000  val_P@5_ag=0.9500  select=0.5588
  Saved checkpoint: checkpoints_old/iPara_balanced_l1_g7_i5_do0.10_dpr0.10_lr0.0002_heads16_fold5.pth  select=0.5588  val_ab=0.7435  val_ag=0.3741  val_all=0.5936
Ep019  LR0=1.59e-04  pw=3.00  aucα=0.300  token_p=0.030  dropE=(0.050,0.120)  smooth=0.010  train_loss=0.3534  train_AUPR_all=0.6447  train_AUPR_ab=0.7386  train_AUPR_ag=0.4958  train_P@5_ab=1.0000  train_P@5_ag=0.9500  val_loss=0.4130  val_AUPR_all=0.5949  val_AUPR_ab=0.7475  val_AUPR_ag=0.3668  val_P@5_ab=1.0000  val_P@5_ag=0.9000  select=0.5572
Ep020  LR0=1.55e-04  pw=2.77  aucα=0.300  token_p=0.030  dropE=(0.050,0.120)  smooth=0.010  train_loss=0.3329  train_AUPR_all=0.6582  train_AUPR_ab=0.7433  train_AUPR_ag=0.5249  train_P@5_ab=0.9500  train_P@5_ag=0.9500  val_loss=0.4049  val_AUPR_all=0.5944  val_AUPR_ab=0.7605  val_AUPR_ag=0.3398  val_P@5_ab=1.0000  val_P@5_ag=0.8500  select=0.5502
Ep021  LR0=1.50e-04  pw=2.56  aucα=0.300  token_p=0.030  dropE=(0.050,0.120)  smooth=0.010  train_loss=0.3180  train_AUPR_all=0.6672  train_AUPR_ab=0.7515  train_AUPR_ag=0.5360  train_P@5_ab=1.0000  train_P@5_ag=0.9500  val_loss=0.4112  val_AUPR_all=0.5893  val_AUPR_ab=0.7573  val_AUPR_ag=0.3447  val_P@5_ab=1.0000  val_P@5_ag=1.0000  select=0.5510
Ep022  LR0=1.46e-04  pw=2.38  aucα=0.300  token_p=0.030  dropE=(0.050,0.120)  smooth=0.010  train_loss=0.3068  train_AUPR_all=0.6687  train_AUPR_ab=0.7491  train_AUPR_ag=0.5449  train_P@5_ab=0.9500  train_P@5_ag=0.9000  val_loss=0.3908  val_AUPR_all=0.5717  val_AUPR_ab=0.7506  val_AUPR_ag=0.3473  val_P@5_ab=1.0000  val_P@5_ag=0.8000  select=0.5490
Ep023  LR0=1.41e-04  pw=2.21  aucα=0.300  token_p=0.030  dropE=(0.050,0.120)  smooth=0.010  train_loss=0.2907  train_AUPR_all=0.6804  train_AUPR_ab=0.7587  train_AUPR_ag=0.5594  train_P@5_ab=0.9500  train_P@5_ag=0.8500  val_loss=0.3665  val_AUPR_all=0.6100  val_AUPR_ab=0.7625  val_AUPR_ag=0.3683  val_P@5_ab=1.0000  val_P@5_ag=1.0000  select=0.5654
  Saved checkpoint: checkpoints_old/iPara_balanced_l1_g7_i5_do0.10_dpr0.10_lr0.0002_heads16_fold5.pth  select=0.5654  val_ab=0.7625  val_ag=0.3683  val_all=0.6100
Ep024  LR0=1.36e-04  pw=2.07  aucα=0.300  token_p=0.030  dropE=(0.050,0.120)  smooth=0.010  train_loss=0.2807  train_AUPR_all=0.6895  train_AUPR_ab=0.7665  train_AUPR_ag=0.5717  train_P@5_ab=1.0000  train_P@5_ag=0.9500  val_loss=0.3792  val_AUPR_all=0.5942  val_AUPR_ab=0.7572  val_AUPR_ag=0.3547  val_P@5_ab=1.0000  val_P@5_ag=0.9000  select=0.5560
Ep025  LR0=1.31e-04  pw=1.95  aucα=0.300  token_p=0.030  dropE=(0.050,0.120)  smooth=0.010  train_loss=0.2649  train_AUPR_all=0.7034  train_AUPR_ab=0.7705  train_AUPR_ag=0.6027  train_P@5_ab=1.0000  train_P@5_ag=1.0000  val_loss=0.3625  val_AUPR_all=0.6003  val_AUPR_ab=0.7592  val_AUPR_ag=0.3756  val_P@5_ab=1.0000  val_P@5_ag=0.8500  select=0.5674
  Saved checkpoint: checkpoints_old/iPara_balanced_l1_g7_i5_do0.10_dpr0.10_lr0.0002_heads16_fold5.pth  select=0.5674  val_ab=0.7592  val_ag=0.3756  val_all=0.6003
Ep026  LR0=1.26e-04  pw=1.83  aucα=0.300  token_p=0.030  dropE=(0.050,0.120)  smooth=0.010  train_loss=0.2568  train_AUPR_all=0.7075  train_AUPR_ab=0.7744  train_AUPR_ag=0.6079  train_P@5_ab=1.0000  train_P@5_ag=0.9500  val_loss=0.3539  val_AUPR_all=0.5907  val_AUPR_ab=0.7604  val_AUPR_ag=0.3798  val_P@5_ab=0.9500  val_P@5_ag=0.9500  select=0.5701
  Saved checkpoint: checkpoints_old/iPara_balanced_l1_g7_i5_do0.10_dpr0.10_lr0.0002_heads16_fold5.pth  select=0.5701  val_ab=0.7604  val_ag=0.3798  val_all=0.5907
Ep027  LR0=1.21e-04  pw=1.74  aucα=0.300  token_p=0.030  dropE=(0.050,0.120)  smooth=0.010  train_loss=0.2423  train_AUPR_all=0.7237  train_AUPR_ab=0.7864  train_AUPR_ag=0.6309  train_P@5_ab=0.9500  train_P@5_ag=0.9000  val_loss=0.3471  val_AUPR_all=0.6009  val_AUPR_ab=0.7665  val_AUPR_ag=0.3755  val_P@5_ab=1.0000  val_P@5_ag=1.0000  select=0.5710
  Saved checkpoint: checkpoints_old/iPara_balanced_l1_g7_i5_do0.10_dpr0.10_lr0.0002_heads16_fold5.pth  select=0.5710  val_ab=0.7665  val_ag=0.3755  val_all=0.6009
Ep028  LR0=1.16e-04  pw=1.65  aucα=0.300  token_p=0.030  dropE=(0.050,0.120)  smooth=0.010  train_loss=0.2327  train_AUPR_all=0.7328  train_AUPR_ab=0.7897  train_AUPR_ag=0.6495  train_P@5_ab=1.0000  train_P@5_ag=0.9000  val_loss=0.3539  val_AUPR_all=0.5897  val_AUPR_ab=0.7710  val_AUPR_ag=0.3536  val_P@5_ab=1.0000  val_P@5_ag=1.0000  select=0.5623
Ep029  LR0=1.11e-04  pw=1.57  aucα=0.300  token_p=0.030  dropE=(0.050,0.120)  smooth=0.010  train_loss=0.2241  train_AUPR_all=0.7429  train_AUPR_ab=0.7977  train_AUPR_ag=0.6632  train_P@5_ab=1.0000  train_P@5_ag=1.0000  val_loss=0.3430  val_AUPR_all=0.6025  val_AUPR_ab=0.7660  val_AUPR_ag=0.3885  val_P@5_ab=0.9500  val_P@5_ag=0.8500  select=0.5773
  Saved checkpoint: checkpoints_old/iPara_balanced_l1_g7_i5_do0.10_dpr0.10_lr0.0002_heads16_fold5.pth  select=0.5773  val_ab=0.7660  val_ag=0.3885  val_all=0.6025
Ep030  LR0=1.05e-04  pw=1.51  aucα=0.300  token_p=0.030  dropE=(0.050,0.120)  smooth=0.010  train_loss=0.2149  train_AUPR_all=0.7551  train_AUPR_ab=0.8079  train_AUPR_ag=0.6786  train_P@5_ab=1.0000  train_P@5_ag=0.9500  val_loss=0.3361  val_AUPR_all=0.6073  val_AUPR_ab=0.7642  val_AUPR_ag=0.3850  val_P@5_ab=1.0000  val_P@5_ag=1.0000  select=0.5746
Ep031  LR0=1.00e-04  pw=1.45  aucα=0.300  token_p=0.030  dropE=(0.050,0.120)  smooth=0.010  train_loss=0.2101  train_AUPR_all=0.7568  train_AUPR_ab=0.8051  train_AUPR_ag=0.6877  train_P@5_ab=1.0000  train_P@5_ag=0.8500  val_loss=0.3329  val_AUPR_all=0.6092  val_AUPR_ab=0.7681  val_AUPR_ag=0.3938  val_P@5_ab=0.8500  val_P@5_ag=0.9000  select=0.5810
  Saved checkpoint: checkpoints_old/iPara_balanced_l1_g7_i5_do0.10_dpr0.10_lr0.0002_heads16_fold5.pth  select=0.5810  val_ab=0.7681  val_ag=0.3938  val_all=0.6092
Ep032  LR0=9.50e-05  pw=1.39  aucα=0.300  token_p=0.030  dropE=(0.050,0.120)  smooth=0.010  train_loss=0.2009  train_AUPR_all=0.7697  train_AUPR_ab=0.8157  train_AUPR_ag=0.7037  train_P@5_ab=1.0000  train_P@5_ag=1.0000  val_loss=0.3285  val_AUPR_all=0.6039  val_AUPR_ab=0.7689  val_AUPR_ag=0.3713  val_P@5_ab=0.9500  val_P@5_ag=0.9500  select=0.5701
Ep033  LR0=8.98e-05  pw=1.35  aucα=0.300  token_p=0.030  dropE=(0.050,0.120)  smooth=0.010  train_loss=0.1889  train_AUPR_all=0.7853  train_AUPR_ab=0.8296  train_AUPR_ag=0.7214  train_P@5_ab=0.9500  train_P@5_ag=1.0000  val_loss=0.3432  val_AUPR_all=0.5872  val_AUPR_ab=0.7551  val_AUPR_ag=0.3684  val_P@5_ab=0.9500  val_P@5_ag=0.9000  select=0.5617
Ep034  LR0=8.46e-05  pw=1.31  aucα=0.300  token_p=0.030  dropE=(0.050,0.120)  smooth=0.010  train_loss=0.1864  train_AUPR_all=0.7884  train_AUPR_ab=0.8296  train_AUPR_ag=0.7298  train_P@5_ab=1.0000  train_P@5_ag=0.9500  val_loss=0.3237  val_AUPR_all=0.6025  val_AUPR_ab=0.7675  val_AUPR_ag=0.3742  val_P@5_ab=0.9500  val_P@5_ag=0.9000  select=0.5708
Ep035  LR0=7.95e-05  pw=1.27  aucα=0.300  token_p=0.030  dropE=(0.050,0.120)  smooth=0.010  train_loss=0.1796  train_AUPR_all=0.7963  train_AUPR_ab=0.8341  train_AUPR_ag=0.7428  train_P@5_ab=1.0000  train_P@5_ag=1.0000  val_loss=0.3372  val_AUPR_all=0.5982  val_AUPR_ab=0.7638  val_AUPR_ag=0.3829  val_P@5_ab=0.9500  val_P@5_ag=0.8500  select=0.5734
Ep036  LR0=7.44e-05  pw=1.24  aucα=0.300  token_p=0.030  dropE=(0.050,0.120)  smooth=0.010  train_loss=0.1769  train_AUPR_all=0.7991  train_AUPR_ab=0.8351  train_AUPR_ag=0.7487  train_P@5_ab=1.0000  train_P@5_ag=0.9500  val_loss=0.3385  val_AUPR_all=0.5923  val_AUPR_ab=0.7640  val_AUPR_ag=0.3675  val_P@5_ab=0.9500  val_P@5_ag=0.7000  select=0.5658
Ep037  LR0=6.94e-05  pw=1.21  aucα=0.300  token_p=0.030  dropE=(0.050,0.120)  smooth=0.010  train_loss=0.1728  train_AUPR_all=0.8037  train_AUPR_ab=0.8374  train_AUPR_ag=0.7566  train_P@5_ab=1.0000  train_P@5_ag=1.0000  val_loss=0.3385  val_AUPR_all=0.5935  val_AUPR_ab=0.7665  val_AUPR_ag=0.3558  val_P@5_ab=0.9500  val_P@5_ag=0.6500  select=0.5611
Ep038  LR0=6.45e-05  pw=1.19  aucα=0.300  token_p=0.030  dropE=(0.050,0.120)  smooth=0.010  train_loss=0.1681  train_AUPR_all=0.8086  train_AUPR_ab=0.8445  train_AUPR_ag=0.7579  train_P@5_ab=1.0000  train_P@5_ag=1.0000  val_loss=0.3454  val_AUPR_all=0.5776  val_AUPR_ab=0.7468  val_AUPR_ag=0.3783  val_P@5_ab=0.9000  val_P@5_ag=0.9000  select=0.5626
Ep039  LR0=5.97e-05  pw=1.16  aucα=0.300  token_p=0.030  dropE=(0.050,0.120)  smooth=0.010  train_loss=0.1613  train_AUPR_all=0.8215  train_AUPR_ab=0.8549  train_AUPR_ag=0.7743  train_P@5_ab=1.0000  train_P@5_ag=0.9500  val_loss=0.3366  val_AUPR_all=0.5896  val_AUPR_ab=0.7607  val_AUPR_ag=0.3724  val_P@5_ab=0.9500  val_P@5_ag=0.8000  select=0.5665
Ep040  LR0=5.50e-05  pw=1.15  aucα=0.300  token_p=0.030  dropE=(0.050,0.120)  smooth=0.010  train_loss=0.1547  train_AUPR_all=0.8306  train_AUPR_ab=0.8615  train_AUPR_ag=0.7871  train_P@5_ab=1.0000  train_P@5_ag=1.0000  val_loss=0.3395  val_AUPR_all=0.5861  val_AUPR_ab=0.7662  val_AUPR_ag=0.3594  val_P@5_ab=0.9000  val_P@5_ag=0.6500  select=0.5628
Ep041  LR0=5.04e-05  pw=1.13  aucα=0.300  token_p=0.030  dropE=(0.050,0.120)  smooth=0.010  train_loss=0.1559  train_AUPR_all=0.8286  train_AUPR_ab=0.8605  train_AUPR_ag=0.7839  train_P@5_ab=1.0000  train_P@5_ag=0.9500  val_loss=0.3348  val_AUPR_all=0.5924  val_AUPR_ab=0.7645  val_AUPR_ag=0.3620  val_P@5_ab=0.9000  val_P@5_ag=0.8500  select=0.5633
Ep042  LR0=4.59e-05  pw=1.11  aucα=0.300  token_p=0.030  dropE=(0.050,0.120)  smooth=0.010  train_loss=0.1496  train_AUPR_all=0.8393  train_AUPR_ab=0.8696  train_AUPR_ag=0.7966  train_P@5_ab=1.0000  train_P@5_ag=1.0000  val_loss=0.3304  val_AUPR_all=0.5970  val_AUPR_ab=0.7673  val_AUPR_ag=0.3713  val_P@5_ab=0.9500  val_P@5_ag=0.9000  select=0.5693
Ep043  LR0=4.16e-05  pw=1.10  aucα=0.300  token_p=0.030  dropE=(0.050,0.120)  smooth=0.010  train_loss=0.1498  train_AUPR_all=0.8367  train_AUPR_ab=0.8643  train_AUPR_ag=0.7979  train_P@5_ab=1.0000  train_P@5_ag=1.0000  val_loss=0.3356  val_AUPR_all=0.5770  val_AUPR_ab=0.7568  val_AUPR_ag=0.3605  val_P@5_ab=1.0000  val_P@5_ag=0.6500  select=0.5586
Ep044  LR0=3.75e-05  pw=1.09  aucα=0.300  token_p=0.030  dropE=(0.050,0.120)  smooth=0.010  train_loss=0.1465  train_AUPR_all=0.8417  train_AUPR_ab=0.8704  train_AUPR_ag=0.8012  train_P@5_ab=1.0000  train_P@5_ag=1.0000  val_loss=0.3279  val_AUPR_all=0.5916  val_AUPR_ab=0.7616  val_AUPR_ag=0.3707  val_P@5_ab=0.9000  val_P@5_ag=0.7000  select=0.5662
Ep045  LR0=3.35e-05  pw=1.08  aucα=0.300  token_p=0.030  dropE=(0.050,0.120)  smooth=0.010  train_loss=0.1438  train_AUPR_all=0.8466  train_AUPR_ab=0.8748  train_AUPR_ag=0.8069  train_P@5_ab=1.0000  train_P@5_ag=1.0000  val_loss=0.3394  val_AUPR_all=0.5835  val_AUPR_ab=0.7570  val_AUPR_ag=0.3587  val_P@5_ab=0.9500  val_P@5_ag=0.8000  select=0.5579
Ep046  LR0=2.97e-05  pw=1.07  aucα=0.300  token_p=0.030  dropE=(0.050,0.120)  smooth=0.010  train_loss=0.1367  train_AUPR_all=0.8577  train_AUPR_ab=0.8851  train_AUPR_ag=0.8191  train_P@5_ab=1.0000  train_P@5_ag=1.0000  val_loss=0.3349  val_AUPR_all=0.5755  val_AUPR_ab=0.7513  val_AUPR_ag=0.3582  val_P@5_ab=1.0000  val_P@5_ag=0.7000  select=0.5548
Ep047  LR0=2.61e-05  pw=1.06  aucα=0.300  token_p=0.030  dropE=(0.050,0.120)  smooth=0.010  train_loss=0.1370  train_AUPR_all=0.8565  train_AUPR_ab=0.8856  train_AUPR_ag=0.8151  train_P@5_ab=1.0000  train_P@5_ag=0.9500  val_loss=0.3315  val_AUPR_all=0.5875  val_AUPR_ab=0.7607  val_AUPR_ag=0.3559  val_P@5_ab=0.9500  val_P@5_ag=0.6000  select=0.5583
Ep048  LR0=2.27e-05  pw=1.05  aucα=0.300  token_p=0.030  dropE=(0.050,0.120)  smooth=0.010  train_loss=0.1373  train_AUPR_all=0.8552  train_AUPR_ab=0.8831  train_AUPR_ag=0.8159  train_P@5_ab=1.0000  train_P@5_ag=1.0000  val_loss=0.3339  val_AUPR_all=0.5809  val_AUPR_ab=0.7606  val_AUPR_ag=0.3616  val_P@5_ab=0.9500  val_P@5_ag=0.5500  select=0.5611
Ep049  LR0=1.96e-05  pw=1.05  aucα=0.300  token_p=0.030  dropE=(0.050,0.120)  smooth=0.010  train_loss=0.1300  train_AUPR_all=0.8676  train_AUPR_ab=0.8931  train_AUPR_ag=0.8315  train_P@5_ab=1.0000  train_P@5_ag=1.0000  val_loss=0.3363  val_AUPR_all=0.5867  val_AUPR_ab=0.7636  val_AUPR_ag=0.3625  val_P@5_ab=0.9000  val_P@5_ag=0.7000  select=0.5630
Ep050  LR0=1.66e-05  pw=1.04  aucα=0.300  token_p=0.030  dropE=(0.050,0.120)  smooth=0.010  train_loss=0.1291  train_AUPR_all=0.8687  train_AUPR_ab=0.8944  train_AUPR_ag=0.8322  train_P@5_ab=1.0000  train_P@5_ag=1.0000  val_loss=0.3359  val_AUPR_all=0.5837  val_AUPR_ab=0.7602  val_AUPR_ag=0.3658  val_P@5_ab=0.9500  val_P@5_ag=0.6000  select=0.5630
Ep051  LR0=1.39e-05  pw=1.04  aucα=0.300  token_p=0.030  dropE=(0.050,0.120)  smooth=0.010  train_loss=0.1286  train_AUPR_all=0.8686  train_AUPR_ab=0.8942  train_AUPR_ag=0.8322  train_P@5_ab=1.0000  train_P@5_ag=1.0000  val_loss=0.3382  val_AUPR_all=0.5825  val_AUPR_ab=0.7607  val_AUPR_ag=0.3560  val_P@5_ab=0.9000  val_P@5_ag=0.6000  select=0.5584
Early stopping at epoch 51. Best select=0.5810 at epoch 31.
Final saved checkpoint for fold 5: checkpoints_old/iPara_balanced_l1_g7_i5_do0.10_dpr0.10_lr0.0002_heads16_fold5.pth
Best select=0.5810 at epoch 31
