Device: cuda
Visible GPUs: 1
GPU 0: NVIDIA RTX PRO 6000 Blackwell Server Edition
Config:
  sequence_file: para_tv_esmsequences_1600.npz
  data_file: para_tv_esminterfaces_1600.npz
  edge_file: para_tv_esmedges_1600.npz
  seq_len: 1600
  vocab_size: 31
  num_classes: 2
  pad_id: 1
  eoc_id: 24
  embed_dim: 256
  num_heads: 16
  num_layers: 1
  num_gnn_layers: 6
  num_int_layers: 4
  dropout: 0.1
  drop_path_rate: 0.1
  batch_size: 4
  num_epochs: 80
  warmup_epochs: 10
  min_stop_epoch: 45
  early_stop: 20
  learning_rate: 0.0002
  weight_decay: 0.0001
  max_grad_norm: 0.5
  accum_steps: 1
  amp: True
  weight_start: 8.0
  weight_end: 1.0
  weight_anneal_tau: 10.0
  dropedge_min: 0.02
  dropedge_max: 0.08
  token_drop_p: 0.02
  smooth_lambda: 0.01
  aucpr_alpha: 0.3
  aucpr_ramp_start: 10
  aucpr_ramp_len: 10
  aucpr_bins: 64
  aucpr_temp: 0.05
  antibody_loss_weight: 1.0
  antigen_loss_weight: 1.0
  n_splits: 5
  num_workers: 0
  select_ab_weight: 0.5
  select_ag_weight: 0.5
Dataset size: 858

==========================================================================================
Fold 1/5
==========================================================================================
Train labels: valid=399467, pos=26433, neg=373034, ignore=698133, pos_frac=0.06617
Val labels: valid=100725, pos=6797, neg=93928, ignore=174475, pos_frac=0.06748
Initializing ClassificationModel with 6 GAT layers and residual connections...
Initializing MCModel with 6 GAT layers and 4 row attention layers (drop_path_rate=0.1, use_esm=True)
Initializing CoreModel with 1 layers, drop_path_rate=0.1
Ep001  LR0=2.00e-04  pw=8.00  aucα=0.000  token_p=0.020  dropE=(0.020,0.080)  smooth=0.010  train_loss=0.7085  train_AUPR_all=0.2975  train_AUPR_ab=0.3621  train_AUPR_ag=0.2140  train_P@5_ab=0.5500  train_P@5_ag=0.6500  val_loss=0.8601  val_AUPR_all=0.3964  val_AUPR_ab=0.4937  val_AUPR_ag=0.2247  val_P@5_ab=0.6500  val_P@5_ag=0.7500  select=0.3592
  Saved checkpoint: checkpoints_esm/iPara_balanced_l1_g6_i4_do0.10_dpr0.10_lr0.0002_heads16_fold1.pth  select=0.3592  val_ab=0.4937  val_ag=0.2247  val_all=0.3964
Ep002  LR0=2.00e-04  pw=7.33  aucα=0.000  token_p=0.020  dropE=(0.020,0.080)  smooth=0.010  train_loss=0.5342  train_AUPR_all=0.4035  train_AUPR_ab=0.4825  train_AUPR_ag=0.2692  train_P@5_ab=0.7000  train_P@5_ag=0.8000  val_loss=0.9405  val_AUPR_all=0.4368  val_AUPR_ab=0.5662  val_AUPR_ag=0.2359  val_P@5_ab=0.7000  val_P@5_ag=0.9000  select=0.4011
  Saved checkpoint: checkpoints_esm/iPara_balanced_l1_g6_i4_do0.10_dpr0.10_lr0.0002_heads16_fold1.pth  select=0.4011  val_ab=0.5662  val_ag=0.2359  val_all=0.4368
Ep003  LR0=2.00e-04  pw=6.73  aucα=0.000  token_p=0.020  dropE=(0.020,0.080)  smooth=0.010  train_loss=0.4785  train_AUPR_all=0.4385  train_AUPR_ab=0.5283  train_AUPR_ag=0.2853  train_P@5_ab=0.6000  train_P@5_ag=0.6000  val_loss=0.8368  val_AUPR_all=0.4065  val_AUPR_ab=0.5607  val_AUPR_ag=0.1972  val_P@5_ab=0.5500  val_P@5_ag=0.8500  select=0.3790
Ep004  LR0=1.99e-04  pw=6.19  aucα=0.000  token_p=0.020  dropE=(0.020,0.080)  smooth=0.010  train_loss=0.4393  train_AUPR_all=0.4735  train_AUPR_ab=0.5615  train_AUPR_ag=0.3166  train_P@5_ab=0.9500  train_P@5_ag=0.9000  val_loss=0.6549  val_AUPR_all=0.4653  val_AUPR_ab=0.5847  val_AUPR_ag=0.2660  val_P@5_ab=0.7000  val_P@5_ag=0.9000  select=0.4253
  Saved checkpoint: checkpoints_esm/iPara_balanced_l1_g6_i4_do0.10_dpr0.10_lr0.0002_heads16_fold1.pth  select=0.4253  val_ab=0.5847  val_ag=0.2660  val_all=0.4653
Ep005  LR0=1.99e-04  pw=5.69  aucα=0.000  token_p=0.020  dropE=(0.020,0.080)  smooth=0.010  train_loss=0.4125  train_AUPR_all=0.4869  train_AUPR_ab=0.5821  train_AUPR_ag=0.3182  train_P@5_ab=0.8500  train_P@5_ag=0.8500  val_loss=0.6602  val_AUPR_all=0.4879  val_AUPR_ab=0.5983  val_AUPR_ag=0.2956  val_P@5_ab=0.6000  val_P@5_ag=1.0000  select=0.4470
  Saved checkpoint: checkpoints_esm/iPara_balanced_l1_g6_i4_do0.10_dpr0.10_lr0.0002_heads16_fold1.pth  select=0.4470  val_ab=0.5983  val_ag=0.2956  val_all=0.4879
Ep006  LR0=1.98e-04  pw=5.25  aucα=0.000  token_p=0.020  dropE=(0.020,0.080)  smooth=0.010  train_loss=0.3833  train_AUPR_all=0.5073  train_AUPR_ab=0.5989  train_AUPR_ag=0.3390  train_P@5_ab=0.7500  train_P@5_ag=0.9500  val_loss=0.6239  val_AUPR_all=0.5217  val_AUPR_ab=0.6478  val_AUPR_ag=0.3114  val_P@5_ab=0.8000  val_P@5_ag=1.0000  select=0.4796
  Saved checkpoint: checkpoints_esm/iPara_balanced_l1_g6_i4_do0.10_dpr0.10_lr0.0002_heads16_fold1.pth  select=0.4796  val_ab=0.6478  val_ag=0.3114  val_all=0.5217
Ep007  LR0=1.97e-04  pw=4.84  aucα=0.000  token_p=0.020  dropE=(0.020,0.080)  smooth=0.010  train_loss=0.3609  train_AUPR_all=0.5282  train_AUPR_ab=0.6245  train_AUPR_ag=0.3559  train_P@5_ab=0.7500  train_P@5_ag=0.9000  val_loss=0.5850  val_AUPR_all=0.5097  val_AUPR_ab=0.6445  val_AUPR_ag=0.3075  val_P@5_ab=0.8500  val_P@5_ag=1.0000  select=0.4760
Ep008  LR0=1.96e-04  pw=4.48  aucα=0.000  token_p=0.020  dropE=(0.020,0.080)  smooth=0.010  train_loss=0.3415  train_AUPR_all=0.5329  train_AUPR_ab=0.6340  train_AUPR_ag=0.3560  train_P@5_ab=0.9000  train_P@5_ag=0.7500  val_loss=0.5262  val_AUPR_all=0.5354  val_AUPR_ab=0.6622  val_AUPR_ag=0.3383  val_P@5_ab=0.8000  val_P@5_ag=1.0000  select=0.5003
  Saved checkpoint: checkpoints_esm/iPara_balanced_l1_g6_i4_do0.10_dpr0.10_lr0.0002_heads16_fold1.pth  select=0.5003  val_ab=0.6622  val_ag=0.3383  val_all=0.5354
Ep009  LR0=1.95e-04  pw=4.15  aucα=0.000  token_p=0.020  dropE=(0.020,0.080)  smooth=0.010  train_loss=0.3213  train_AUPR_all=0.5459  train_AUPR_ab=0.6454  train_AUPR_ag=0.3720  train_P@5_ab=0.9000  train_P@5_ag=0.9000  val_loss=0.5072  val_AUPR_all=0.5536  val_AUPR_ab=0.6814  val_AUPR_ag=0.3606  val_P@5_ab=0.9500  val_P@5_ag=0.9000  select=0.5210
  Saved checkpoint: checkpoints_esm/iPara_balanced_l1_g6_i4_do0.10_dpr0.10_lr0.0002_heads16_fold1.pth  select=0.5210  val_ab=0.6814  val_ag=0.3606  val_all=0.5536
Ep010  LR0=1.94e-04  pw=3.85  aucα=0.030  token_p=0.020  dropE=(0.020,0.080)  smooth=0.010  train_loss=0.3207  train_AUPR_all=0.5532  train_AUPR_ab=0.6555  train_AUPR_ag=0.3725  train_P@5_ab=0.8500  train_P@5_ag=0.9000  val_loss=0.4866  val_AUPR_all=0.5659  val_AUPR_ab=0.6873  val_AUPR_ag=0.3580  val_P@5_ab=0.9000  val_P@5_ag=0.9500  select=0.5226
  Saved checkpoint: checkpoints_esm/iPara_balanced_l1_g6_i4_do0.10_dpr0.10_lr0.0002_heads16_fold1.pth  select=0.5226  val_ab=0.6873  val_ag=0.3580  val_all=0.5659
Unfreezing DyM parameters.
Ep011  LR0=1.92e-04  pw=3.58  aucα=0.060  token_p=0.020  dropE=(0.020,0.080)  smooth=0.010  train_loss=0.3153  train_AUPR_all=0.5733  train_AUPR_ab=0.6829  train_AUPR_ag=0.3874  train_P@5_ab=0.8500  train_P@5_ag=1.0000  val_loss=0.5633  val_AUPR_all=0.5339  val_AUPR_ab=0.7027  val_AUPR_ag=0.3061  val_P@5_ab=1.0000  val_P@5_ag=0.9500  select=0.5044
Ep012  LR0=1.91e-04  pw=3.33  aucα=0.090  token_p=0.020  dropE=(0.020,0.080)  smooth=0.010  train_loss=0.3202  train_AUPR_all=0.5701  train_AUPR_ab=0.6792  train_AUPR_ag=0.3841  train_P@5_ab=0.9000  train_P@5_ag=0.9500  val_loss=0.4763  val_AUPR_all=0.5025  val_AUPR_ab=0.6838  val_AUPR_ag=0.3143  val_P@5_ab=0.9500  val_P@5_ag=1.0000  select=0.4990
Ep013  LR0=1.89e-04  pw=3.11  aucα=0.120  token_p=0.020  dropE=(0.020,0.080)  smooth=0.010  train_loss=0.3198  train_AUPR_all=0.5808  train_AUPR_ab=0.6937  train_AUPR_ag=0.3969  train_P@5_ab=1.0000  train_P@5_ag=1.0000  val_loss=0.4470  val_AUPR_all=0.5258  val_AUPR_ab=0.6932  val_AUPR_ag=0.3127  val_P@5_ab=1.0000  val_P@5_ag=1.0000  select=0.5030
Ep014  LR0=1.87e-04  pw=2.91  aucα=0.150  token_p=0.020  dropE=(0.020,0.080)  smooth=0.010  train_loss=0.3166  train_AUPR_all=0.5969  train_AUPR_ab=0.7060  train_AUPR_ag=0.4162  train_P@5_ab=0.9500  train_P@5_ag=1.0000  val_loss=0.4493  val_AUPR_all=0.5141  val_AUPR_ab=0.6642  val_AUPR_ag=0.3231  val_P@5_ab=0.8000  val_P@5_ag=0.9500  select=0.4936
Ep015  LR0=1.85e-04  pw=2.73  aucα=0.180  token_p=0.020  dropE=(0.020,0.080)  smooth=0.010  train_loss=0.3203  train_AUPR_all=0.5967  train_AUPR_ab=0.7075  train_AUPR_ag=0.4116  train_P@5_ab=0.9000  train_P@5_ag=0.9500  val_loss=0.4242  val_AUPR_all=0.5393  val_AUPR_ab=0.6663  val_AUPR_ag=0.3456  val_P@5_ab=0.7500  val_P@5_ag=0.5500  select=0.5059
Ep016  LR0=1.83e-04  pw=2.56  aucα=0.210  token_p=0.020  dropE=(0.020,0.080)  smooth=0.010  train_loss=0.3220  train_AUPR_all=0.6052  train_AUPR_ab=0.7176  train_AUPR_ag=0.4184  train_P@5_ab=1.0000  train_P@5_ag=1.0000  val_loss=0.4079  val_AUPR_all=0.5605  val_AUPR_ab=0.6964  val_AUPR_ag=0.3585  val_P@5_ab=1.0000  val_P@5_ag=1.0000  select=0.5274
  Saved checkpoint: checkpoints_esm/iPara_balanced_l1_g6_i4_do0.10_dpr0.10_lr0.0002_heads16_fold1.pth  select=0.5274  val_ab=0.6964  val_ag=0.3585  val_all=0.5605
Ep017  LR0=1.81e-04  pw=2.41  aucα=0.240  token_p=0.020  dropE=(0.020,0.080)  smooth=0.010  train_loss=0.3223  train_AUPR_all=0.6145  train_AUPR_ab=0.7230  train_AUPR_ag=0.4388  train_P@5_ab=0.9500  train_P@5_ag=0.9500  val_loss=0.3927  val_AUPR_all=0.5670  val_AUPR_ab=0.7071  val_AUPR_ag=0.3558  val_P@5_ab=0.9500  val_P@5_ag=1.0000  select=0.5314
  Saved checkpoint: checkpoints_esm/iPara_balanced_l1_g6_i4_do0.10_dpr0.10_lr0.0002_heads16_fold1.pth  select=0.5314  val_ab=0.7071  val_ag=0.3558  val_all=0.5670
Ep018  LR0=1.79e-04  pw=2.28  aucα=0.270  token_p=0.020  dropE=(0.020,0.080)  smooth=0.010  train_loss=0.3261  train_AUPR_all=0.6213  train_AUPR_ab=0.7312  train_AUPR_ag=0.4415  train_P@5_ab=1.0000  train_P@5_ag=1.0000  val_loss=0.3829  val_AUPR_all=0.5741  val_AUPR_ab=0.7103  val_AUPR_ag=0.3759  val_P@5_ab=0.9500  val_P@5_ag=0.9500  select=0.5431
  Saved checkpoint: checkpoints_esm/iPara_balanced_l1_g6_i4_do0.10_dpr0.10_lr0.0002_heads16_fold1.pth  select=0.5431  val_ab=0.7103  val_ag=0.3759  val_all=0.5741
Ep019  LR0=1.76e-04  pw=2.16  aucα=0.300  token_p=0.020  dropE=(0.020,0.080)  smooth=0.010  train_loss=0.3250  train_AUPR_all=0.6305  train_AUPR_ab=0.7370  train_AUPR_ag=0.4575  train_P@5_ab=0.8500  train_P@5_ag=1.0000  val_loss=0.3890  val_AUPR_all=0.5697  val_AUPR_ab=0.7119  val_AUPR_ag=0.3542  val_P@5_ab=0.9000  val_P@5_ag=1.0000  select=0.5331
Ep020  LR0=1.73e-04  pw=2.05  aucα=0.300  token_p=0.020  dropE=(0.020,0.080)  smooth=0.010  train_loss=0.3165  train_AUPR_all=0.6335  train_AUPR_ab=0.7402  train_AUPR_ag=0.4598  train_P@5_ab=1.0000  train_P@5_ag=1.0000  val_loss=0.3592  val_AUPR_all=0.5794  val_AUPR_ab=0.7283  val_AUPR_ag=0.3574  val_P@5_ab=1.0000  val_P@5_ag=1.0000  select=0.5428
Ep021  LR0=1.71e-04  pw=1.95  aucα=0.300  token_p=0.020  dropE=(0.020,0.080)  smooth=0.010  train_loss=0.3047  train_AUPR_all=0.6468  train_AUPR_ab=0.7483  train_AUPR_ag=0.4843  train_P@5_ab=1.0000  train_P@5_ag=0.9500  val_loss=0.3594  val_AUPR_all=0.5820  val_AUPR_ab=0.7253  val_AUPR_ag=0.3677  val_P@5_ab=0.9500  val_P@5_ag=0.8000  select=0.5465
  Saved checkpoint: checkpoints_esm/iPara_balanced_l1_g6_i4_do0.10_dpr0.10_lr0.0002_heads16_fold1.pth  select=0.5465  val_ab=0.7253  val_ag=0.3677  val_all=0.5820
Ep022  LR0=1.68e-04  pw=1.86  aucα=0.300  token_p=0.020  dropE=(0.020,0.080)  smooth=0.010  train_loss=0.2919  train_AUPR_all=0.6585  train_AUPR_ab=0.7584  train_AUPR_ag=0.4994  train_P@5_ab=1.0000  train_P@5_ag=0.9500  val_loss=0.3689  val_AUPR_all=0.5790  val_AUPR_ab=0.7187  val_AUPR_ag=0.3671  val_P@5_ab=0.9000  val_P@5_ag=0.7000  select=0.5429
Ep023  LR0=1.65e-04  pw=1.78  aucα=0.300  token_p=0.020  dropE=(0.020,0.080)  smooth=0.010  train_loss=0.2854  train_AUPR_all=0.6626  train_AUPR_ab=0.7629  train_AUPR_ag=0.5022  train_P@5_ab=1.0000  train_P@5_ag=1.0000  val_loss=0.3481  val_AUPR_all=0.5870  val_AUPR_ab=0.7305  val_AUPR_ag=0.3710  val_P@5_ab=1.0000  val_P@5_ag=0.9000  select=0.5507
  Saved checkpoint: checkpoints_esm/iPara_balanced_l1_g6_i4_do0.10_dpr0.10_lr0.0002_heads16_fold1.pth  select=0.5507  val_ab=0.7305  val_ag=0.3710  val_all=0.5870
Ep024  LR0=1.62e-04  pw=1.70  aucα=0.300  token_p=0.020  dropE=(0.020,0.080)  smooth=0.010  train_loss=0.2768  train_AUPR_all=0.6686  train_AUPR_ab=0.7689  train_AUPR_ag=0.5083  train_P@5_ab=0.9500  train_P@5_ag=0.9500  val_loss=0.3325  val_AUPR_all=0.5959  val_AUPR_ab=0.7312  val_AUPR_ag=0.3913  val_P@5_ab=0.9000  val_P@5_ag=1.0000  select=0.5612
  Saved checkpoint: checkpoints_esm/iPara_balanced_l1_g6_i4_do0.10_dpr0.10_lr0.0002_heads16_fold1.pth  select=0.5612  val_ab=0.7312  val_ag=0.3913  val_all=0.5959
Ep025  LR0=1.59e-04  pw=1.64  aucα=0.300  token_p=0.020  dropE=(0.020,0.080)  smooth=0.010  train_loss=0.2674  train_AUPR_all=0.6799  train_AUPR_ab=0.7702  train_AUPR_ag=0.5384  train_P@5_ab=0.9500  train_P@5_ag=0.9000  val_loss=0.3441  val_AUPR_all=0.5886  val_AUPR_ab=0.7257  val_AUPR_ag=0.3931  val_P@5_ab=1.0000  val_P@5_ag=1.0000  select=0.5594
Ep026  LR0=1.56e-04  pw=1.57  aucα=0.300  token_p=0.020  dropE=(0.020,0.080)  smooth=0.010  train_loss=0.2590  train_AUPR_all=0.6902  train_AUPR_ab=0.7820  train_AUPR_ag=0.5463  train_P@5_ab=1.0000  train_P@5_ag=0.9500  val_loss=0.3333  val_AUPR_all=0.5806  val_AUPR_ab=0.7225  val_AUPR_ag=0.3603  val_P@5_ab=0.9500  val_P@5_ag=0.6500  select=0.5414
Ep027  LR0=1.52e-04  pw=1.52  aucα=0.300  token_p=0.020  dropE=(0.020,0.080)  smooth=0.010  train_loss=0.2505  train_AUPR_all=0.6980  train_AUPR_ab=0.7851  train_AUPR_ag=0.5619  train_P@5_ab=1.0000  train_P@5_ag=1.0000  val_loss=0.3297  val_AUPR_all=0.5855  val_AUPR_ab=0.7211  val_AUPR_ag=0.3960  val_P@5_ab=0.9000  val_P@5_ag=1.0000  select=0.5585
Ep028  LR0=1.49e-04  pw=1.47  aucα=0.300  token_p=0.020  dropE=(0.020,0.080)  smooth=0.010  train_loss=0.2449  train_AUPR_all=0.7036  train_AUPR_ab=0.7903  train_AUPR_ag=0.5697  train_P@5_ab=1.0000  train_P@5_ag=1.0000  val_loss=0.3207  val_AUPR_all=0.5932  val_AUPR_ab=0.7280  val_AUPR_ag=0.4016  val_P@5_ab=0.9000  val_P@5_ag=0.8500  select=0.5648
  Saved checkpoint: checkpoints_esm/iPara_balanced_l1_g6_i4_do0.10_dpr0.10_lr0.0002_heads16_fold1.pth  select=0.5648  val_ab=0.7280  val_ag=0.4016  val_all=0.5932
Ep029  LR0=1.46e-04  pw=1.43  aucα=0.300  token_p=0.020  dropE=(0.020,0.080)  smooth=0.010  train_loss=0.2356  train_AUPR_all=0.7121  train_AUPR_ab=0.7950  train_AUPR_ag=0.5833  train_P@5_ab=0.9000  train_P@5_ag=0.9500  val_loss=0.3409  val_AUPR_all=0.5898  val_AUPR_ab=0.7363  val_AUPR_ag=0.3995  val_P@5_ab=1.0000  val_P@5_ag=0.8500  select=0.5679
  Saved checkpoint: checkpoints_esm/iPara_balanced_l1_g6_i4_do0.10_dpr0.10_lr0.0002_heads16_fold1.pth  select=0.5679  val_ab=0.7363  val_ag=0.3995  val_all=0.5898
Ep030  LR0=1.42e-04  pw=1.39  aucα=0.300  token_p=0.020  dropE=(0.020,0.080)  smooth=0.010  train_loss=0.2265  train_AUPR_all=0.7286  train_AUPR_ab=0.8102  train_AUPR_ag=0.6030  train_P@5_ab=1.0000  train_P@5_ag=1.0000  val_loss=0.3125  val_AUPR_all=0.6036  val_AUPR_ab=0.7326  val_AUPR_ag=0.4073  val_P@5_ab=0.9500  val_P@5_ag=1.0000  select=0.5699
  Saved checkpoint: checkpoints_esm/iPara_balanced_l1_g6_i4_do0.10_dpr0.10_lr0.0002_heads16_fold1.pth  select=0.5699  val_ab=0.7326  val_ag=0.4073  val_all=0.6036
Ep031  LR0=1.38e-04  pw=1.35  aucα=0.300  token_p=0.020  dropE=(0.020,0.080)  smooth=0.010  train_loss=0.2225  train_AUPR_all=0.7322  train_AUPR_ab=0.8093  train_AUPR_ag=0.6141  train_P@5_ab=1.0000  train_P@5_ag=1.0000  val_loss=0.3164  val_AUPR_all=0.5983  val_AUPR_ab=0.7418  val_AUPR_ag=0.3873  val_P@5_ab=1.0000  val_P@5_ag=1.0000  select=0.5645
Ep032  LR0=1.35e-04  pw=1.32  aucα=0.300  token_p=0.020  dropE=(0.020,0.080)  smooth=0.010  train_loss=0.2143  train_AUPR_all=0.7439  train_AUPR_ab=0.8185  train_AUPR_ag=0.6299  train_P@5_ab=1.0000  train_P@5_ag=0.9500  val_loss=0.3079  val_AUPR_all=0.6058  val_AUPR_ab=0.7413  val_AUPR_ag=0.4065  val_P@5_ab=0.9000  val_P@5_ag=0.8000  select=0.5739
  Saved checkpoint: checkpoints_esm/iPara_balanced_l1_g6_i4_do0.10_dpr0.10_lr0.0002_heads16_fold1.pth  select=0.5739  val_ab=0.7413  val_ag=0.4065  val_all=0.6058
Ep033  LR0=1.31e-04  pw=1.29  aucα=0.300  token_p=0.020  dropE=(0.020,0.080)  smooth=0.010  train_loss=0.2063  train_AUPR_all=0.7527  train_AUPR_ab=0.8205  train_AUPR_ag=0.6503  train_P@5_ab=0.9000  train_P@5_ag=1.0000  val_loss=0.3205  val_AUPR_all=0.5921  val_AUPR_ab=0.7343  val_AUPR_ag=0.4026  val_P@5_ab=1.0000  val_P@5_ag=0.9500  select=0.5684
Ep034  LR0=1.27e-04  pw=1.26  aucα=0.300  token_p=0.020  dropE=(0.020,0.080)  smooth=0.010  train_loss=0.2046  train_AUPR_all=0.7534  train_AUPR_ab=0.8214  train_AUPR_ag=0.6500  train_P@5_ab=1.0000  train_P@5_ag=1.0000  val_loss=0.3141  val_AUPR_all=0.5989  val_AUPR_ab=0.7394  val_AUPR_ag=0.3961  val_P@5_ab=1.0000  val_P@5_ag=0.9500  select=0.5678
Ep035  LR0=1.24e-04  pw=1.23  aucα=0.300  token_p=0.020  dropE=(0.020,0.080)  smooth=0.010  train_loss=0.2007  train_AUPR_all=0.7576  train_AUPR_ab=0.8252  train_AUPR_ag=0.6551  train_P@5_ab=1.0000  train_P@5_ag=1.0000  val_loss=0.3148  val_AUPR_all=0.6032  val_AUPR_ab=0.7416  val_AUPR_ag=0.4090  val_P@5_ab=1.0000  val_P@5_ag=0.9500  select=0.5753
  Saved checkpoint: checkpoints_esm/iPara_balanced_l1_g6_i4_do0.10_dpr0.10_lr0.0002_heads16_fold1.pth  select=0.5753  val_ab=0.7416  val_ag=0.4090  val_all=0.6032
Ep036  LR0=1.20e-04  pw=1.21  aucα=0.300  token_p=0.020  dropE=(0.020,0.080)  smooth=0.010  train_loss=0.1913  train_AUPR_all=0.7747  train_AUPR_ab=0.8381  train_AUPR_ag=0.6791  train_P@5_ab=1.0000  train_P@5_ag=1.0000  val_loss=0.3122  val_AUPR_all=0.6002  val_AUPR_ab=0.7393  val_AUPR_ag=0.3991  val_P@5_ab=1.0000  val_P@5_ag=0.9500  select=0.5692
Ep037  LR0=1.16e-04  pw=1.19  aucα=0.300  token_p=0.020  dropE=(0.020,0.080)  smooth=0.010  train_loss=0.1851  train_AUPR_all=0.7827  train_AUPR_ab=0.8440  train_AUPR_ag=0.6897  train_P@5_ab=1.0000  train_P@5_ag=1.0000  val_loss=0.3197  val_AUPR_all=0.5948  val_AUPR_ab=0.7303  val_AUPR_ag=0.4064  val_P@5_ab=0.9000  val_P@5_ag=1.0000  select=0.5683
Ep038  LR0=1.12e-04  pw=1.17  aucα=0.300  token_p=0.020  dropE=(0.020,0.080)  smooth=0.010  train_loss=0.1785  train_AUPR_all=0.7929  train_AUPR_ab=0.8516  train_AUPR_ag=0.7042  train_P@5_ab=1.0000  train_P@5_ag=1.0000  val_loss=0.3033  val_AUPR_all=0.6059  val_AUPR_ab=0.7421  val_AUPR_ag=0.4114  val_P@5_ab=1.0000  val_P@5_ag=0.9000  select=0.5768
  Saved checkpoint: checkpoints_esm/iPara_balanced_l1_g6_i4_do0.10_dpr0.10_lr0.0002_heads16_fold1.pth  select=0.5768  val_ab=0.7421  val_ag=0.4114  val_all=0.6059
Ep039  LR0=1.08e-04  pw=1.16  aucα=0.300  token_p=0.020  dropE=(0.020,0.080)  smooth=0.010  train_loss=0.1743  train_AUPR_all=0.7984  train_AUPR_ab=0.8540  train_AUPR_ag=0.7147  train_P@5_ab=1.0000  train_P@5_ag=1.0000  val_loss=0.3211  val_AUPR_all=0.5893  val_AUPR_ab=0.7406  val_AUPR_ag=0.3971  val_P@5_ab=0.9000  val_P@5_ag=0.8000  select=0.5688
Ep040  LR0=1.04e-04  pw=1.14  aucα=0.300  token_p=0.020  dropE=(0.020,0.080)  smooth=0.010  train_loss=0.1718  train_AUPR_all=0.8023  train_AUPR_ab=0.8569  train_AUPR_ag=0.7200  train_P@5_ab=0.9500  train_P@5_ag=1.0000  val_loss=0.3047  val_AUPR_all=0.6010  val_AUPR_ab=0.7421  val_AUPR_ag=0.3986  val_P@5_ab=0.9500  val_P@5_ag=0.7000  select=0.5703
Ep041  LR0=1.00e-04  pw=1.13  aucα=0.300  token_p=0.020  dropE=(0.020,0.080)  smooth=0.010  train_loss=0.1641  train_AUPR_all=0.8156  train_AUPR_ab=0.8694  train_AUPR_ag=0.7338  train_P@5_ab=1.0000  train_P@5_ag=0.9500  val_loss=0.3078  val_AUPR_all=0.6069  val_AUPR_ab=0.7482  val_AUPR_ag=0.4084  val_P@5_ab=0.9500  val_P@5_ag=1.0000  select=0.5783
  Saved checkpoint: checkpoints_esm/iPara_balanced_l1_g6_i4_do0.10_dpr0.10_lr0.0002_heads16_fold1.pth  select=0.5783  val_ab=0.7482  val_ag=0.4084  val_all=0.6069
Ep042  LR0=9.63e-05  pw=1.12  aucα=0.300  token_p=0.020  dropE=(0.020,0.080)  smooth=0.010  train_loss=0.1605  train_AUPR_all=0.8208  train_AUPR_ab=0.8699  train_AUPR_ag=0.7475  train_P@5_ab=1.0000  train_P@5_ag=1.0000  val_loss=0.3147  val_AUPR_all=0.6055  val_AUPR_ab=0.7489  val_AUPR_ag=0.4119  val_P@5_ab=0.9500  val_P@5_ag=0.9000  select=0.5804
  Saved checkpoint: checkpoints_esm/iPara_balanced_l1_g6_i4_do0.10_dpr0.10_lr0.0002_heads16_fold1.pth  select=0.5804  val_ab=0.7489  val_ag=0.4119  val_all=0.6055
Ep043  LR0=9.24e-05  pw=1.10  aucα=0.300  token_p=0.020  dropE=(0.020,0.080)  smooth=0.010  train_loss=0.1546  train_AUPR_all=0.8303  train_AUPR_ab=0.8783  train_AUPR_ag=0.7582  train_P@5_ab=1.0000  train_P@5_ag=1.0000  val_loss=0.3172  val_AUPR_all=0.6006  val_AUPR_ab=0.7417  val_AUPR_ag=0.4044  val_P@5_ab=1.0000  val_P@5_ag=0.8500  select=0.5730
Ep044  LR0=8.85e-05  pw=1.09  aucα=0.300  token_p=0.020  dropE=(0.020,0.080)  smooth=0.010  train_loss=0.1563  train_AUPR_all=0.8262  train_AUPR_ab=0.8740  train_AUPR_ag=0.7546  train_P@5_ab=1.0000  train_P@5_ag=1.0000  val_loss=0.3037  val_AUPR_all=0.5983  val_AUPR_ab=0.7442  val_AUPR_ag=0.3905  val_P@5_ab=0.9000  val_P@5_ag=0.8000  select=0.5673
Ep045  LR0=8.46e-05  pw=1.09  aucα=0.300  token_p=0.020  dropE=(0.020,0.080)  smooth=0.010  train_loss=0.1486  train_AUPR_all=0.8390  train_AUPR_ab=0.8833  train_AUPR_ag=0.7724  train_P@5_ab=1.0000  train_P@5_ag=1.0000  val_loss=0.3132  val_AUPR_all=0.5958  val_AUPR_ab=0.7409  val_AUPR_ag=0.4128  val_P@5_ab=0.9500  val_P@5_ag=0.9500  select=0.5769
Ep046  LR0=8.08e-05  pw=1.08  aucα=0.300  token_p=0.020  dropE=(0.020,0.080)  smooth=0.010  train_loss=0.1458  train_AUPR_all=0.8433  train_AUPR_ab=0.8861  train_AUPR_ag=0.7794  train_P@5_ab=1.0000  train_P@5_ag=1.0000  val_loss=0.3131  val_AUPR_all=0.5981  val_AUPR_ab=0.7406  val_AUPR_ag=0.4012  val_P@5_ab=0.8500  val_P@5_ag=0.8000  select=0.5709
Ep047  LR0=7.70e-05  pw=1.07  aucα=0.300  token_p=0.020  dropE=(0.020,0.080)  smooth=0.010  train_loss=0.1418  train_AUPR_all=0.8494  train_AUPR_ab=0.8925  train_AUPR_ag=0.7838  train_P@5_ab=1.0000  train_P@5_ag=1.0000  val_loss=0.3160  val_AUPR_all=0.5935  val_AUPR_ab=0.7391  val_AUPR_ag=0.3933  val_P@5_ab=1.0000  val_P@5_ag=0.8500  select=0.5662
Ep048  LR0=7.32e-05  pw=1.06  aucα=0.300  token_p=0.020  dropE=(0.020,0.080)  smooth=0.010  train_loss=0.1393  train_AUPR_all=0.8523  train_AUPR_ab=0.8922  train_AUPR_ag=0.7924  train_P@5_ab=1.0000  train_P@5_ag=0.9500  val_loss=0.3123  val_AUPR_all=0.5989  val_AUPR_ab=0.7332  val_AUPR_ag=0.4116  val_P@5_ab=0.9500  val_P@5_ag=0.8500  select=0.5724
Ep049  LR0=6.94e-05  pw=1.06  aucα=0.300  token_p=0.020  dropE=(0.020,0.080)  smooth=0.010  train_loss=0.1354  train_AUPR_all=0.8593  train_AUPR_ab=0.8988  train_AUPR_ag=0.7992  train_P@5_ab=1.0000  train_P@5_ag=1.0000  val_loss=0.3123  val_AUPR_all=0.5924  val_AUPR_ab=0.7349  val_AUPR_ag=0.3964  val_P@5_ab=0.9500  val_P@5_ag=0.7500  select=0.5656
Ep050  LR0=6.57e-05  pw=1.05  aucα=0.300  token_p=0.020  dropE=(0.020,0.080)  smooth=0.010  train_loss=0.1303  train_AUPR_all=0.8684  train_AUPR_ab=0.9077  train_AUPR_ag=0.8086  train_P@5_ab=1.0000  train_P@5_ag=1.0000  val_loss=0.3153  val_AUPR_all=0.5934  val_AUPR_ab=0.7345  val_AUPR_ag=0.4083  val_P@5_ab=0.9000  val_P@5_ag=0.8000  select=0.5714
Ep051  LR0=6.21e-05  pw=1.05  aucα=0.300  token_p=0.020  dropE=(0.020,0.080)  smooth=0.010  train_loss=0.1340  train_AUPR_all=0.8614  train_AUPR_ab=0.8989  train_AUPR_ag=0.8055  train_P@5_ab=1.0000  train_P@5_ag=1.0000  val_loss=0.3159  val_AUPR_all=0.5919  val_AUPR_ab=0.7345  val_AUPR_ag=0.4106  val_P@5_ab=0.9500  val_P@5_ag=0.7000  select=0.5726
Ep052  LR0=5.85e-05  pw=1.04  aucα=0.300  token_p=0.020  dropE=(0.020,0.080)  smooth=0.010  train_loss=0.1298  train_AUPR_all=0.8673  train_AUPR_ab=0.9032  train_AUPR_ag=0.8134  train_P@5_ab=1.0000  train_P@5_ag=1.0000  val_loss=0.3212  val_AUPR_all=0.5811  val_AUPR_ab=0.7241  val_AUPR_ag=0.4010  val_P@5_ab=0.9000  val_P@5_ag=0.7000  select=0.5625
Ep053  LR0=5.50e-05  pw=1.04  aucα=0.300  token_p=0.020  dropE=(0.020,0.080)  smooth=0.010  train_loss=0.1290  train_AUPR_all=0.8695  train_AUPR_ab=0.9075  train_AUPR_ag=0.8120  train_P@5_ab=1.0000  train_P@5_ag=0.9500  val_loss=0.3209  val_AUPR_all=0.5881  val_AUPR_ab=0.7309  val_AUPR_ag=0.4011  val_P@5_ab=0.9000  val_P@5_ag=0.7500  select=0.5660
Ep054  LR0=5.15e-05  pw=1.03  aucα=0.300  token_p=0.020  dropE=(0.020,0.080)  smooth=0.010  train_loss=0.1267  train_AUPR_all=0.8734  train_AUPR_ab=0.9084  train_AUPR_ag=0.8208  train_P@5_ab=1.0000  train_P@5_ag=1.0000  val_loss=0.3155  val_AUPR_all=0.5940  val_AUPR_ab=0.7341  val_AUPR_ag=0.4081  val_P@5_ab=0.8500  val_P@5_ag=0.5500  select=0.5711
Ep055  LR0=4.81e-05  pw=1.03  aucα=0.300  token_p=0.020  dropE=(0.020,0.080)  smooth=0.010  train_loss=0.1209  train_AUPR_all=0.8828  train_AUPR_ab=0.9165  train_AUPR_ag=0.8317  train_P@5_ab=1.0000  train_P@5_ag=1.0000  val_loss=0.3195  val_AUPR_all=0.5904  val_AUPR_ab=0.7325  val_AUPR_ag=0.4055  val_P@5_ab=0.9000  val_P@5_ag=0.6500  select=0.5690
Ep056  LR0=4.48e-05  pw=1.03  aucα=0.300  token_p=0.020  dropE=(0.020,0.080)  smooth=0.010  train_loss=0.1220  train_AUPR_all=0.8802  train_AUPR_ab=0.9141  train_AUPR_ag=0.8287  train_P@5_ab=1.0000  train_P@5_ag=1.0000  val_loss=0.3186  val_AUPR_all=0.5949  val_AUPR_ab=0.7328  val_AUPR_ag=0.4067  val_P@5_ab=0.8500  val_P@5_ag=0.7000  select=0.5698
Ep057  LR0=4.16e-05  pw=1.03  aucα=0.300  token_p=0.020  dropE=(0.020,0.080)  smooth=0.010  train_loss=0.1153  train_AUPR_all=0.8912  train_AUPR_ab=0.9218  train_AUPR_ag=0.8448  train_P@5_ab=1.0000  train_P@5_ag=1.0000  val_loss=0.3271  val_AUPR_all=0.5916  val_AUPR_ab=0.7359  val_AUPR_ag=0.4008  val_P@5_ab=0.9000  val_P@5_ag=0.5000  select=0.5683
Ep058  LR0=3.85e-05  pw=1.02  aucα=0.300  token_p=0.020  dropE=(0.020,0.080)  smooth=0.010  train_loss=0.1126  train_AUPR_all=0.8967  train_AUPR_ab=0.9269  train_AUPR_ag=0.8506  train_P@5_ab=1.0000  train_P@5_ag=1.0000  val_loss=0.3200  val_AUPR_all=0.5899  val_AUPR_ab=0.7304  val_AUPR_ag=0.4027  val_P@5_ab=0.7500  val_P@5_ag=0.7000  select=0.5665
Ep059  LR0=3.55e-05  pw=1.02  aucα=0.300  token_p=0.020  dropE=(0.020,0.080)  smooth=0.010  train_loss=0.1110  train_AUPR_all=0.8986  train_AUPR_ab=0.9287  train_AUPR_ag=0.8530  train_P@5_ab=1.0000  train_P@5_ag=1.0000  val_loss=0.3244  val_AUPR_all=0.5844  val_AUPR_ab=0.7275  val_AUPR_ag=0.3885  val_P@5_ab=0.7500  val_P@5_ag=0.7000  select=0.5580
Ep060  LR0=3.25e-05  pw=1.02  aucα=0.300  token_p=0.020  dropE=(0.020,0.080)  smooth=0.010  train_loss=0.1107  train_AUPR_all=0.8983  train_AUPR_ab=0.9281  train_AUPR_ag=0.8532  train_P@5_ab=1.0000  train_P@5_ag=0.9500  val_loss=0.3266  val_AUPR_all=0.5785  val_AUPR_ab=0.7219  val_AUPR_ag=0.3922  val_P@5_ab=0.8000  val_P@5_ag=0.6000  select=0.5570
Ep061  LR0=2.97e-05  pw=1.02  aucα=0.300  token_p=0.020  dropE=(0.020,0.080)  smooth=0.010  train_loss=0.1079  train_AUPR_all=0.9026  train_AUPR_ab=0.9324  train_AUPR_ag=0.8567  train_P@5_ab=1.0000  train_P@5_ag=0.9500  val_loss=0.3298  val_AUPR_all=0.5901  val_AUPR_ab=0.7316  val_AUPR_ag=0.4000  val_P@5_ab=0.8000  val_P@5_ag=0.6500  select=0.5658
Ep062  LR0=2.70e-05  pw=1.02  aucα=0.300  token_p=0.020  dropE=(0.020,0.080)  smooth=0.010  train_loss=0.1074  train_AUPR_all=0.9036  train_AUPR_ab=0.9323  train_AUPR_ag=0.8595  train_P@5_ab=1.0000  train_P@5_ag=1.0000  val_loss=0.3284  val_AUPR_all=0.5849  val_AUPR_ab=0.7225  val_AUPR_ag=0.3972  val_P@5_ab=0.8000  val_P@5_ag=0.6000  select=0.5598
Early stopping at epoch 62. Best select=0.5804 at epoch 42.
Final saved checkpoint for fold 1: checkpoints_esm/iPara_balanced_l1_g6_i4_do0.10_dpr0.10_lr0.0002_heads16_fold1.pth
Best select=0.5804 at epoch 42

==========================================================================================
Fold 2/5
==========================================================================================
Train labels: valid=400834, pos=26650, neg=374184, ignore=696766, pos_frac=0.06649
Val labels: valid=99358, pos=6580, neg=92778, ignore=175842, pos_frac=0.06623
Initializing ClassificationModel with 6 GAT layers and residual connections...
Initializing MCModel with 6 GAT layers and 4 row attention layers (drop_path_rate=0.1, use_esm=True)
Initializing CoreModel with 1 layers, drop_path_rate=0.1
Ep001  LR0=2.00e-04  pw=8.00  aucα=0.000  token_p=0.020  dropE=(0.020,0.080)  smooth=0.010  train_loss=0.7566  train_AUPR_all=0.2075  train_AUPR_ab=0.2386  train_AUPR_ag=0.1609  train_P@5_ab=0.1000  train_P@5_ag=0.3000  val_loss=0.9149  val_AUPR_all=0.3652  val_AUPR_ab=0.4952  val_AUPR_ag=0.1810  val_P@5_ab=0.6500  val_P@5_ag=0.9500  select=0.3381
  Saved checkpoint: checkpoints_esm/iPara_balanced_l1_g6_i4_do0.10_dpr0.10_lr0.0002_heads16_fold2.pth  select=0.3381  val_ab=0.4952  val_ag=0.1810  val_all=0.3652
Ep002  LR0=2.00e-04  pw=7.33  aucα=0.000  token_p=0.020  dropE=(0.020,0.080)  smooth=0.010  train_loss=0.5355  train_AUPR_all=0.4040  train_AUPR_ab=0.4963  train_AUPR_ag=0.2561  train_P@5_ab=0.5500  train_P@5_ag=0.9000  val_loss=0.7389  val_AUPR_all=0.4608  val_AUPR_ab=0.5775  val_AUPR_ag=0.2535  val_P@5_ab=0.7500  val_P@5_ag=0.9500  select=0.4155
  Saved checkpoint: checkpoints_esm/iPara_balanced_l1_g6_i4_do0.10_dpr0.10_lr0.0002_heads16_fold2.pth  select=0.4155  val_ab=0.5775  val_ag=0.2535  val_all=0.4608
Ep003  LR0=2.00e-04  pw=6.73  aucα=0.000  token_p=0.020  dropE=(0.020,0.080)  smooth=0.010  train_loss=0.4793  train_AUPR_all=0.4468  train_AUPR_ab=0.5366  train_AUPR_ag=0.2930  train_P@5_ab=0.7500  train_P@5_ag=0.9500  val_loss=0.7538  val_AUPR_all=0.4672  val_AUPR_ab=0.5634  val_AUPR_ag=0.2925  val_P@5_ab=0.6500  val_P@5_ag=0.8500  select=0.4280
  Saved checkpoint: checkpoints_esm/iPara_balanced_l1_g6_i4_do0.10_dpr0.10_lr0.0002_heads16_fold2.pth  select=0.4280  val_ab=0.5634  val_ag=0.2925  val_all=0.4672
Ep004  LR0=1.99e-04  pw=6.19  aucα=0.000  token_p=0.020  dropE=(0.020,0.080)  smooth=0.010  train_loss=0.4424  train_AUPR_all=0.4691  train_AUPR_ab=0.5583  train_AUPR_ag=0.3078  train_P@5_ab=0.7500  train_P@5_ag=0.9000  val_loss=0.7234  val_AUPR_all=0.4749  val_AUPR_ab=0.6008  val_AUPR_ag=0.2563  val_P@5_ab=0.7500  val_P@5_ag=1.0000  select=0.4285
  Saved checkpoint: checkpoints_esm/iPara_balanced_l1_g6_i4_do0.10_dpr0.10_lr0.0002_heads16_fold2.pth  select=0.4285  val_ab=0.6008  val_ag=0.2563  val_all=0.4749
Ep005  LR0=1.99e-04  pw=5.69  aucα=0.000  token_p=0.020  dropE=(0.020,0.080)  smooth=0.010  train_loss=0.4133  train_AUPR_all=0.4850  train_AUPR_ab=0.5873  train_AUPR_ag=0.3115  train_P@5_ab=0.8000  train_P@5_ag=0.8500  val_loss=0.7106  val_AUPR_all=0.4432  val_AUPR_ab=0.6165  val_AUPR_ag=0.2584  val_P@5_ab=0.6500  val_P@5_ag=0.9000  select=0.4374
  Saved checkpoint: checkpoints_esm/iPara_balanced_l1_g6_i4_do0.10_dpr0.10_lr0.0002_heads16_fold2.pth  select=0.4374  val_ab=0.6165  val_ag=0.2584  val_all=0.4432
Ep006  LR0=1.98e-04  pw=5.25  aucα=0.000  token_p=0.020  dropE=(0.020,0.080)  smooth=0.010  train_loss=0.3847  train_AUPR_all=0.5071  train_AUPR_ab=0.6046  train_AUPR_ag=0.3334  train_P@5_ab=0.7500  train_P@5_ag=0.9000  val_loss=0.8140  val_AUPR_all=0.4437  val_AUPR_ab=0.5793  val_AUPR_ag=0.2896  val_P@5_ab=0.6500  val_P@5_ag=1.0000  select=0.4344
Ep007  LR0=1.97e-04  pw=4.84  aucα=0.000  token_p=0.020  dropE=(0.020,0.080)  smooth=0.010  train_loss=0.3634  train_AUPR_all=0.5231  train_AUPR_ab=0.6297  train_AUPR_ag=0.3430  train_P@5_ab=0.8000  train_P@5_ag=0.8000  val_loss=0.6299  val_AUPR_all=0.4466  val_AUPR_ab=0.5868  val_AUPR_ag=0.2788  val_P@5_ab=0.3000  val_P@5_ag=1.0000  select=0.4328
Ep008  LR0=1.96e-04  pw=4.48  aucα=0.000  token_p=0.020  dropE=(0.020,0.080)  smooth=0.010  train_loss=0.3436  train_AUPR_all=0.5347  train_AUPR_ab=0.6388  train_AUPR_ag=0.3573  train_P@5_ab=0.9500  train_P@5_ag=0.9500  val_loss=0.5345  val_AUPR_all=0.5477  val_AUPR_ab=0.6655  val_AUPR_ag=0.3420  val_P@5_ab=0.7500  val_P@5_ag=1.0000  select=0.5037
  Saved checkpoint: checkpoints_esm/iPara_balanced_l1_g6_i4_do0.10_dpr0.10_lr0.0002_heads16_fold2.pth  select=0.5037  val_ab=0.6655  val_ag=0.3420  val_all=0.5477
Ep009  LR0=1.95e-04  pw=4.15  aucα=0.000  token_p=0.020  dropE=(0.020,0.080)  smooth=0.010  train_loss=0.3308  train_AUPR_all=0.5331  train_AUPR_ab=0.6418  train_AUPR_ag=0.3463  train_P@5_ab=0.9000  train_P@5_ag=0.8500  val_loss=0.5832  val_AUPR_all=0.5297  val_AUPR_ab=0.6586  val_AUPR_ag=0.3148  val_P@5_ab=0.8000  val_P@5_ag=0.8500  select=0.4867
Ep010  LR0=1.94e-04  pw=3.85  aucα=0.030  token_p=0.020  dropE=(0.020,0.080)  smooth=0.010  train_loss=0.3242  train_AUPR_all=0.5484  train_AUPR_ab=0.6540  train_AUPR_ag=0.3622  train_P@5_ab=0.9000  train_P@5_ag=1.0000  val_loss=0.5177  val_AUPR_all=0.5483  val_AUPR_ab=0.6593  val_AUPR_ag=0.3851  val_P@5_ab=0.7500  val_P@5_ag=0.8500  select=0.5222
  Saved checkpoint: checkpoints_esm/iPara_balanced_l1_g6_i4_do0.10_dpr0.10_lr0.0002_heads16_fold2.pth  select=0.5222  val_ab=0.6593  val_ag=0.3851  val_all=0.5483
Unfreezing DyM parameters.
Ep011  LR0=1.92e-04  pw=3.58  aucα=0.060  token_p=0.020  dropE=(0.020,0.080)  smooth=0.010  train_loss=0.3242  train_AUPR_all=0.5623  train_AUPR_ab=0.6768  train_AUPR_ag=0.3700  train_P@5_ab=0.9500  train_P@5_ag=0.9500  val_loss=0.4703  val_AUPR_all=0.5574  val_AUPR_ab=0.6682  val_AUPR_ag=0.3572  val_P@5_ab=0.8000  val_P@5_ag=0.9000  select=0.5127
Ep012  LR0=1.91e-04  pw=3.33  aucα=0.090  token_p=0.020  dropE=(0.020,0.080)  smooth=0.010  train_loss=0.3217  train_AUPR_all=0.5740  train_AUPR_ab=0.6835  train_AUPR_ag=0.3917  train_P@5_ab=0.9500  train_P@5_ag=1.0000  val_loss=0.4715  val_AUPR_all=0.5359  val_AUPR_ab=0.6611  val_AUPR_ag=0.3375  val_P@5_ab=0.8500  val_P@5_ag=1.0000  select=0.4993
Ep013  LR0=1.89e-04  pw=3.11  aucα=0.120  token_p=0.020  dropE=(0.020,0.080)  smooth=0.010  train_loss=0.3238  train_AUPR_all=0.5785  train_AUPR_ab=0.6928  train_AUPR_ag=0.3887  train_P@5_ab=0.9500  train_P@5_ag=0.9000  val_loss=0.4433  val_AUPR_all=0.5703  val_AUPR_ab=0.6923  val_AUPR_ag=0.3643  val_P@5_ab=0.8500  val_P@5_ag=0.9000  select=0.5283
  Saved checkpoint: checkpoints_esm/iPara_balanced_l1_g6_i4_do0.10_dpr0.10_lr0.0002_heads16_fold2.pth  select=0.5283  val_ab=0.6923  val_ag=0.3643  val_all=0.5703
Ep014  LR0=1.87e-04  pw=2.91  aucα=0.150  token_p=0.020  dropE=(0.020,0.080)  smooth=0.010  train_loss=0.3222  train_AUPR_all=0.5891  train_AUPR_ab=0.7050  train_AUPR_ag=0.4004  train_P@5_ab=0.9500  train_P@5_ag=0.8000  val_loss=0.4418  val_AUPR_all=0.5343  val_AUPR_ab=0.6462  val_AUPR_ag=0.3412  val_P@5_ab=0.8500  val_P@5_ag=0.8500  select=0.4937
Ep015  LR0=1.85e-04  pw=2.73  aucα=0.180  token_p=0.020  dropE=(0.020,0.080)  smooth=0.010  train_loss=0.3259  train_AUPR_all=0.5920  train_AUPR_ab=0.7080  train_AUPR_ag=0.4003  train_P@5_ab=0.9500  train_P@5_ag=0.9500  val_loss=0.4497  val_AUPR_all=0.5471  val_AUPR_ab=0.6829  val_AUPR_ag=0.3388  val_P@5_ab=0.9500  val_P@5_ag=0.9000  select=0.5108
Ep016  LR0=1.83e-04  pw=2.56  aucα=0.210  token_p=0.020  dropE=(0.020,0.080)  smooth=0.010  train_loss=0.3228  train_AUPR_all=0.6028  train_AUPR_ab=0.7164  train_AUPR_ag=0.4169  train_P@5_ab=1.0000  train_P@5_ag=0.9500  val_loss=0.4071  val_AUPR_all=0.5532  val_AUPR_ab=0.6891  val_AUPR_ag=0.3557  val_P@5_ab=0.9500  val_P@5_ag=0.9500  select=0.5224
Ep017  LR0=1.81e-04  pw=2.41  aucα=0.240  token_p=0.020  dropE=(0.020,0.080)  smooth=0.010  train_loss=0.3301  train_AUPR_all=0.6016  train_AUPR_ab=0.7171  train_AUPR_ag=0.4135  train_P@5_ab=0.9500  train_P@5_ag=0.9000  val_loss=0.4177  val_AUPR_all=0.5549  val_AUPR_ab=0.6838  val_AUPR_ag=0.3619  val_P@5_ab=0.9500  val_P@5_ag=0.9500  select=0.5228
Ep018  LR0=1.79e-04  pw=2.28  aucα=0.270  token_p=0.020  dropE=(0.020,0.080)  smooth=0.010  train_loss=0.3277  train_AUPR_all=0.6180  train_AUPR_ab=0.7299  train_AUPR_ag=0.4365  train_P@5_ab=0.9500  train_P@5_ag=1.0000  val_loss=0.4181  val_AUPR_all=0.5524  val_AUPR_ab=0.6863  val_AUPR_ag=0.3334  val_P@5_ab=0.9000  val_P@5_ag=0.7000  select=0.5098
Ep019  LR0=1.76e-04  pw=2.16  aucα=0.300  token_p=0.020  dropE=(0.020,0.080)  smooth=0.010  train_loss=0.3339  train_AUPR_all=0.6188  train_AUPR_ab=0.7310  train_AUPR_ag=0.4382  train_P@5_ab=0.9500  train_P@5_ag=1.0000  val_loss=0.3761  val_AUPR_all=0.5833  val_AUPR_ab=0.7004  val_AUPR_ag=0.3817  val_P@5_ab=0.9500  val_P@5_ag=1.0000  select=0.5410
  Saved checkpoint: checkpoints_esm/iPara_balanced_l1_g6_i4_do0.10_dpr0.10_lr0.0002_heads16_fold2.pth  select=0.5410  val_ab=0.7004  val_ag=0.3817  val_all=0.5833
Ep020  LR0=1.73e-04  pw=2.05  aucα=0.300  token_p=0.020  dropE=(0.020,0.080)  smooth=0.010  train_loss=0.3207  train_AUPR_all=0.6292  train_AUPR_ab=0.7381  train_AUPR_ag=0.4545  train_P@5_ab=1.0000  train_P@5_ag=1.0000  val_loss=0.3624  val_AUPR_all=0.5793  val_AUPR_ab=0.7024  val_AUPR_ag=0.3965  val_P@5_ab=0.9000  val_P@5_ag=1.0000  select=0.5494
  Saved checkpoint: checkpoints_esm/iPara_balanced_l1_g6_i4_do0.10_dpr0.10_lr0.0002_heads16_fold2.pth  select=0.5494  val_ab=0.7024  val_ag=0.3965  val_all=0.5793
Ep021  LR0=1.71e-04  pw=1.95  aucα=0.300  token_p=0.020  dropE=(0.020,0.080)  smooth=0.010  train_loss=0.3126  train_AUPR_all=0.6331  train_AUPR_ab=0.7395  train_AUPR_ag=0.4631  train_P@5_ab=0.9500  train_P@5_ag=1.0000  val_loss=0.3438  val_AUPR_all=0.5965  val_AUPR_ab=0.7168  val_AUPR_ag=0.4108  val_P@5_ab=0.9500  val_P@5_ag=0.9500  select=0.5638
  Saved checkpoint: checkpoints_esm/iPara_balanced_l1_g6_i4_do0.10_dpr0.10_lr0.0002_heads16_fold2.pth  select=0.5638  val_ab=0.7168  val_ag=0.4108  val_all=0.5965
Ep022  LR0=1.68e-04  pw=1.86  aucα=0.300  token_p=0.020  dropE=(0.020,0.080)  smooth=0.010  train_loss=0.3002  train_AUPR_all=0.6462  train_AUPR_ab=0.7538  train_AUPR_ag=0.4789  train_P@5_ab=1.0000  train_P@5_ag=0.8500  val_loss=0.3436  val_AUPR_all=0.5897  val_AUPR_ab=0.7108  val_AUPR_ag=0.3927  val_P@5_ab=0.9000  val_P@5_ag=1.0000  select=0.5518
Ep023  LR0=1.65e-04  pw=1.78  aucα=0.300  token_p=0.020  dropE=(0.020,0.080)  smooth=0.010  train_loss=0.2910  train_AUPR_all=0.6540  train_AUPR_ab=0.7559  train_AUPR_ag=0.4931  train_P@5_ab=1.0000  train_P@5_ag=1.0000  val_loss=0.3542  val_AUPR_all=0.5805  val_AUPR_ab=0.7053  val_AUPR_ag=0.3845  val_P@5_ab=0.9000  val_P@5_ag=0.9500  select=0.5449
Ep024  LR0=1.62e-04  pw=1.70  aucα=0.300  token_p=0.020  dropE=(0.020,0.080)  smooth=0.010  train_loss=0.2812  train_AUPR_all=0.6633  train_AUPR_ab=0.7615  train_AUPR_ag=0.5091  train_P@5_ab=1.0000  train_P@5_ag=1.0000  val_loss=0.3387  val_AUPR_all=0.5842  val_AUPR_ab=0.7199  val_AUPR_ag=0.3904  val_P@5_ab=0.9000  val_P@5_ag=1.0000  select=0.5551
Ep025  LR0=1.59e-04  pw=1.64  aucα=0.300  token_p=0.020  dropE=(0.020,0.080)  smooth=0.010  train_loss=0.2734  train_AUPR_all=0.6701  train_AUPR_ab=0.7682  train_AUPR_ag=0.5183  train_P@5_ab=1.0000  train_P@5_ag=0.8500  val_loss=0.3357  val_AUPR_all=0.5974  val_AUPR_ab=0.7297  val_AUPR_ag=0.4034  val_P@5_ab=1.0000  val_P@5_ag=1.0000  select=0.5665
  Saved checkpoint: checkpoints_esm/iPara_balanced_l1_g6_i4_do0.10_dpr0.10_lr0.0002_heads16_fold2.pth  select=0.5665  val_ab=0.7297  val_ag=0.4034  val_all=0.5974
Ep026  LR0=1.56e-04  pw=1.57  aucα=0.300  token_p=0.020  dropE=(0.020,0.080)  smooth=0.010  train_loss=0.2639  train_AUPR_all=0.6788  train_AUPR_ab=0.7731  train_AUPR_ag=0.5329  train_P@5_ab=1.0000  train_P@5_ag=1.0000  val_loss=0.3185  val_AUPR_all=0.6031  val_AUPR_ab=0.7294  val_AUPR_ag=0.3985  val_P@5_ab=0.9500  val_P@5_ag=0.9000  select=0.5639
Ep027  LR0=1.52e-04  pw=1.52  aucα=0.300  token_p=0.020  dropE=(0.020,0.080)  smooth=0.010  train_loss=0.2583  train_AUPR_all=0.6835  train_AUPR_ab=0.7760  train_AUPR_ag=0.5408  train_P@5_ab=1.0000  train_P@5_ag=0.9500  val_loss=0.3157  val_AUPR_all=0.6137  val_AUPR_ab=0.7295  val_AUPR_ag=0.4340  val_P@5_ab=0.9500  val_P@5_ag=0.9500  select=0.5818
  Saved checkpoint: checkpoints_esm/iPara_balanced_l1_g6_i4_do0.10_dpr0.10_lr0.0002_heads16_fold2.pth  select=0.5818  val_ab=0.7295  val_ag=0.4340  val_all=0.6137
Ep028  LR0=1.49e-04  pw=1.47  aucα=0.300  token_p=0.020  dropE=(0.020,0.080)  smooth=0.010  train_loss=0.2472  train_AUPR_all=0.7015  train_AUPR_ab=0.7860  train_AUPR_ag=0.5737  train_P@5_ab=1.0000  train_P@5_ag=1.0000  val_loss=0.3200  val_AUPR_all=0.6081  val_AUPR_ab=0.7297  val_AUPR_ag=0.4201  val_P@5_ab=0.9500  val_P@5_ag=0.9500  select=0.5749
Ep029  LR0=1.46e-04  pw=1.43  aucα=0.300  token_p=0.020  dropE=(0.020,0.080)  smooth=0.010  train_loss=0.2382  train_AUPR_all=0.7118  train_AUPR_ab=0.7945  train_AUPR_ag=0.5867  train_P@5_ab=1.0000  train_P@5_ag=0.9500  val_loss=0.3133  val_AUPR_all=0.6108  val_AUPR_ab=0.7418  val_AUPR_ag=0.4171  val_P@5_ab=0.9500  val_P@5_ag=1.0000  select=0.5794
Ep030  LR0=1.42e-04  pw=1.39  aucα=0.300  token_p=0.020  dropE=(0.020,0.080)  smooth=0.010  train_loss=0.2336  train_AUPR_all=0.7149  train_AUPR_ab=0.7931  train_AUPR_ag=0.5973  train_P@5_ab=1.0000  train_P@5_ag=1.0000  val_loss=0.3306  val_AUPR_all=0.5852  val_AUPR_ab=0.7214  val_AUPR_ag=0.3955  val_P@5_ab=1.0000  val_P@5_ag=0.9000  select=0.5585
Ep031  LR0=1.38e-04  pw=1.35  aucα=0.300  token_p=0.020  dropE=(0.020,0.080)  smooth=0.010  train_loss=0.2287  train_AUPR_all=0.7182  train_AUPR_ab=0.7966  train_AUPR_ag=0.6007  train_P@5_ab=1.0000  train_P@5_ag=1.0000  val_loss=0.3099  val_AUPR_all=0.5949  val_AUPR_ab=0.7261  val_AUPR_ag=0.3915  val_P@5_ab=0.9000  val_P@5_ag=0.9000  select=0.5588
Ep032  LR0=1.35e-04  pw=1.32  aucα=0.300  token_p=0.020  dropE=(0.020,0.080)  smooth=0.010  train_loss=0.2198  train_AUPR_all=0.7304  train_AUPR_ab=0.8048  train_AUPR_ag=0.6195  train_P@5_ab=1.0000  train_P@5_ag=0.8500  val_loss=0.3076  val_AUPR_all=0.6122  val_AUPR_ab=0.7408  val_AUPR_ag=0.4126  val_P@5_ab=1.0000  val_P@5_ag=0.9000  select=0.5767
Ep033  LR0=1.31e-04  pw=1.29  aucα=0.300  token_p=0.020  dropE=(0.020,0.080)  smooth=0.010  train_loss=0.2162  train_AUPR_all=0.7370  train_AUPR_ab=0.8085  train_AUPR_ag=0.6310  train_P@5_ab=0.9500  train_P@5_ag=0.9500  val_loss=0.3101  val_AUPR_all=0.6063  val_AUPR_ab=0.7248  val_AUPR_ag=0.4247  val_P@5_ab=0.8500  val_P@5_ag=1.0000  select=0.5748
Ep034  LR0=1.27e-04  pw=1.26  aucα=0.300  token_p=0.020  dropE=(0.020,0.080)  smooth=0.010  train_loss=0.2089  train_AUPR_all=0.7472  train_AUPR_ab=0.8160  train_AUPR_ag=0.6456  train_P@5_ab=1.0000  train_P@5_ag=1.0000  val_loss=0.3031  val_AUPR_all=0.6046  val_AUPR_ab=0.7368  val_AUPR_ag=0.4018  val_P@5_ab=0.9500  val_P@5_ag=1.0000  select=0.5693
Ep035  LR0=1.24e-04  pw=1.23  aucα=0.300  token_p=0.020  dropE=(0.020,0.080)  smooth=0.010  train_loss=0.2021  train_AUPR_all=0.7573  train_AUPR_ab=0.8212  train_AUPR_ag=0.6634  train_P@5_ab=1.0000  train_P@5_ag=1.0000  val_loss=0.2946  val_AUPR_all=0.6166  val_AUPR_ab=0.7445  val_AUPR_ag=0.4255  val_P@5_ab=0.9000  val_P@5_ag=0.8500  select=0.5850
  Saved checkpoint: checkpoints_esm/iPara_balanced_l1_g6_i4_do0.10_dpr0.10_lr0.0002_heads16_fold2.pth  select=0.5850  val_ab=0.7445  val_ag=0.4255  val_all=0.6166
Ep036  LR0=1.20e-04  pw=1.21  aucα=0.300  token_p=0.020  dropE=(0.020,0.080)  smooth=0.010  train_loss=0.1966  train_AUPR_all=0.7661  train_AUPR_ab=0.8282  train_AUPR_ag=0.6741  train_P@5_ab=1.0000  train_P@5_ag=1.0000  val_loss=0.3102  val_AUPR_all=0.6009  val_AUPR_ab=0.7379  val_AUPR_ag=0.4201  val_P@5_ab=0.9000  val_P@5_ag=1.0000  select=0.5790
Ep037  LR0=1.16e-04  pw=1.19  aucα=0.300  token_p=0.020  dropE=(0.020,0.080)  smooth=0.010  train_loss=0.1891  train_AUPR_all=0.7790  train_AUPR_ab=0.8394  train_AUPR_ag=0.6903  train_P@5_ab=1.0000  train_P@5_ag=1.0000  val_loss=0.3139  val_AUPR_all=0.5966  val_AUPR_ab=0.7430  val_AUPR_ag=0.3902  val_P@5_ab=0.9500  val_P@5_ag=0.9000  select=0.5666
Ep038  LR0=1.12e-04  pw=1.17  aucα=0.300  token_p=0.020  dropE=(0.020,0.080)  smooth=0.010  train_loss=0.1849  train_AUPR_all=0.7841  train_AUPR_ab=0.8423  train_AUPR_ag=0.6988  train_P@5_ab=1.0000  train_P@5_ag=1.0000  val_loss=0.3142  val_AUPR_all=0.5963  val_AUPR_ab=0.7324  val_AUPR_ag=0.3969  val_P@5_ab=0.9500  val_P@5_ag=0.9000  select=0.5647
Ep039  LR0=1.08e-04  pw=1.16  aucα=0.300  token_p=0.020  dropE=(0.020,0.080)  smooth=0.010  train_loss=0.1769  train_AUPR_all=0.7949  train_AUPR_ab=0.8475  train_AUPR_ag=0.7182  train_P@5_ab=1.0000  train_P@5_ag=0.9500  val_loss=0.3113  val_AUPR_all=0.5905  val_AUPR_ab=0.7326  val_AUPR_ag=0.4017  val_P@5_ab=0.9500  val_P@5_ag=0.9500  select=0.5672
Ep040  LR0=1.04e-04  pw=1.14  aucα=0.300  token_p=0.020  dropE=(0.020,0.080)  smooth=0.010  train_loss=0.1785  train_AUPR_all=0.7916  train_AUPR_ab=0.8442  train_AUPR_ag=0.7158  train_P@5_ab=1.0000  train_P@5_ag=0.9500  val_loss=0.3102  val_AUPR_all=0.5887  val_AUPR_ab=0.7331  val_AUPR_ag=0.3863  val_P@5_ab=0.9000  val_P@5_ag=0.8000  select=0.5597
Ep041  LR0=1.00e-04  pw=1.13  aucα=0.300  token_p=0.020  dropE=(0.020,0.080)  smooth=0.010  train_loss=0.1717  train_AUPR_all=0.8021  train_AUPR_ab=0.8554  train_AUPR_ag=0.7235  train_P@5_ab=1.0000  train_P@5_ag=1.0000  val_loss=0.3061  val_AUPR_all=0.5973  val_AUPR_ab=0.7279  val_AUPR_ag=0.4232  val_P@5_ab=0.9500  val_P@5_ag=1.0000  select=0.5756
Ep042  LR0=9.63e-05  pw=1.12  aucα=0.300  token_p=0.020  dropE=(0.020,0.080)  smooth=0.010  train_loss=0.1663  train_AUPR_all=0.8103  train_AUPR_ab=0.8597  train_AUPR_ag=0.7376  train_P@5_ab=1.0000  train_P@5_ag=1.0000  val_loss=0.3115  val_AUPR_all=0.5871  val_AUPR_ab=0.7249  val_AUPR_ag=0.4028  val_P@5_ab=0.7500  val_P@5_ag=0.8500  select=0.5638
Ep043  LR0=9.24e-05  pw=1.10  aucα=0.300  token_p=0.020  dropE=(0.020,0.080)  smooth=0.010  train_loss=0.1669  train_AUPR_all=0.8089  train_AUPR_ab=0.8587  train_AUPR_ag=0.7362  train_P@5_ab=1.0000  train_P@5_ag=1.0000  val_loss=0.3076  val_AUPR_all=0.5920  val_AUPR_ab=0.7315  val_AUPR_ag=0.4076  val_P@5_ab=0.8500  val_P@5_ag=0.8000  select=0.5695
Ep044  LR0=8.85e-05  pw=1.09  aucα=0.300  token_p=0.020  dropE=(0.020,0.080)  smooth=0.010  train_loss=0.1585  train_AUPR_all=0.8225  train_AUPR_ab=0.8673  train_AUPR_ag=0.7574  train_P@5_ab=1.0000  train_P@5_ag=1.0000  val_loss=0.3216  val_AUPR_all=0.5745  val_AUPR_ab=0.7163  val_AUPR_ag=0.3885  val_P@5_ab=0.8500  val_P@5_ag=0.9000  select=0.5524
Ep045  LR0=8.46e-05  pw=1.09  aucα=0.300  token_p=0.020  dropE=(0.020,0.080)  smooth=0.010  train_loss=0.1543  train_AUPR_all=0.8291  train_AUPR_ab=0.8741  train_AUPR_ag=0.7633  train_P@5_ab=1.0000  train_P@5_ag=1.0000  val_loss=0.3229  val_AUPR_all=0.5829  val_AUPR_ab=0.7348  val_AUPR_ag=0.3769  val_P@5_ab=0.8500  val_P@5_ag=0.8000  select=0.5558
Ep046  LR0=8.08e-05  pw=1.08  aucα=0.300  token_p=0.020  dropE=(0.020,0.080)  smooth=0.010  train_loss=0.1539  train_AUPR_all=0.8302  train_AUPR_ab=0.8734  train_AUPR_ag=0.7674  train_P@5_ab=0.9500  train_P@5_ag=1.0000  val_loss=0.3146  val_AUPR_all=0.5789  val_AUPR_ab=0.7317  val_AUPR_ag=0.3806  val_P@5_ab=0.9000  val_P@5_ag=0.7500  select=0.5562
Ep047  LR0=7.70e-05  pw=1.07  aucα=0.300  token_p=0.020  dropE=(0.020,0.080)  smooth=0.010  train_loss=0.1458  train_AUPR_all=0.8445  train_AUPR_ab=0.8849  train_AUPR_ag=0.7856  train_P@5_ab=1.0000  train_P@5_ag=1.0000  val_loss=0.3098  val_AUPR_all=0.5960  val_AUPR_ab=0.7409  val_AUPR_ag=0.3945  val_P@5_ab=0.9500  val_P@5_ag=0.7000  select=0.5677
Ep048  LR0=7.32e-05  pw=1.06  aucα=0.300  token_p=0.020  dropE=(0.020,0.080)  smooth=0.010  train_loss=0.1431  train_AUPR_all=0.8486  train_AUPR_ab=0.8873  train_AUPR_ag=0.7926  train_P@5_ab=1.0000  train_P@5_ag=1.0000  val_loss=0.3162  val_AUPR_all=0.5850  val_AUPR_ab=0.7306  val_AUPR_ag=0.3942  val_P@5_ab=0.8000  val_P@5_ag=0.8000  select=0.5624
Ep049  LR0=6.94e-05  pw=1.06  aucα=0.300  token_p=0.020  dropE=(0.020,0.080)  smooth=0.010  train_loss=0.1397  train_AUPR_all=0.8529  train_AUPR_ab=0.8891  train_AUPR_ag=0.8005  train_P@5_ab=1.0000  train_P@5_ag=1.0000  val_loss=0.3155  val_AUPR_all=0.5819  val_AUPR_ab=0.7192  val_AUPR_ag=0.3941  val_P@5_ab=0.8000  val_P@5_ag=0.7500  select=0.5567
Ep050  LR0=6.57e-05  pw=1.05  aucα=0.300  token_p=0.020  dropE=(0.020,0.080)  smooth=0.010  train_loss=0.1376  train_AUPR_all=0.8568  train_AUPR_ab=0.8945  train_AUPR_ag=0.8013  train_P@5_ab=1.0000  train_P@5_ag=1.0000  val_loss=0.3205  val_AUPR_all=0.5796  val_AUPR_ab=0.7223  val_AUPR_ag=0.3896  val_P@5_ab=0.7000  val_P@5_ag=0.7000  select=0.5560
Ep051  LR0=6.21e-05  pw=1.05  aucα=0.300  token_p=0.020  dropE=(0.020,0.080)  smooth=0.010  train_loss=0.1410  train_AUPR_all=0.8487  train_AUPR_ab=0.8884  train_AUPR_ag=0.7908  train_P@5_ab=1.0000  train_P@5_ag=1.0000  val_loss=0.3168  val_AUPR_all=0.5806  val_AUPR_ab=0.7226  val_AUPR_ag=0.3977  val_P@5_ab=0.7500  val_P@5_ag=0.8500  select=0.5601
Ep052  LR0=5.85e-05  pw=1.04  aucα=0.300  token_p=0.020  dropE=(0.020,0.080)  smooth=0.010  train_loss=0.1391  train_AUPR_all=0.8530  train_AUPR_ab=0.8905  train_AUPR_ag=0.7988  train_P@5_ab=1.0000  train_P@5_ag=1.0000  val_loss=0.3172  val_AUPR_all=0.5789  val_AUPR_ab=0.7224  val_AUPR_ag=0.3935  val_P@5_ab=0.9000  val_P@5_ag=0.7500  select=0.5580
Ep053  LR0=5.50e-05  pw=1.04  aucα=0.300  token_p=0.020  dropE=(0.020,0.080)  smooth=0.010  train_loss=0.1338  train_AUPR_all=0.8626  train_AUPR_ab=0.8982  train_AUPR_ag=0.8106  train_P@5_ab=1.0000  train_P@5_ag=1.0000  val_loss=0.3173  val_AUPR_all=0.5913  val_AUPR_ab=0.7286  val_AUPR_ag=0.3936  val_P@5_ab=0.9000  val_P@5_ag=0.7500  select=0.5611
Ep054  LR0=5.15e-05  pw=1.03  aucα=0.300  token_p=0.020  dropE=(0.020,0.080)  smooth=0.010  train_loss=0.1340  train_AUPR_all=0.8623  train_AUPR_ab=0.8972  train_AUPR_ag=0.8117  train_P@5_ab=0.9500  train_P@5_ag=1.0000  val_loss=0.3174  val_AUPR_all=0.5717  val_AUPR_ab=0.7239  val_AUPR_ag=0.3666  val_P@5_ab=0.8500  val_P@5_ag=0.4500  select=0.5453
Ep055  LR0=4.81e-05  pw=1.03  aucα=0.300  token_p=0.020  dropE=(0.020,0.080)  smooth=0.010  train_loss=0.1303  train_AUPR_all=0.8674  train_AUPR_ab=0.9012  train_AUPR_ag=0.8187  train_P@5_ab=1.0000  train_P@5_ag=1.0000  val_loss=0.3201  val_AUPR_all=0.5843  val_AUPR_ab=0.7329  val_AUPR_ag=0.3862  val_P@5_ab=0.8500  val_P@5_ag=0.5500  select=0.5596
Early stopping at epoch 55. Best select=0.5850 at epoch 35.
Final saved checkpoint for fold 2: checkpoints_esm/iPara_balanced_l1_g6_i4_do0.10_dpr0.10_lr0.0002_heads16_fold2.pth
Best select=0.5850 at epoch 35

==========================================================================================
Fold 3/5
==========================================================================================
Train labels: valid=401949, pos=26660, neg=375289, ignore=695651, pos_frac=0.06633
Val labels: valid=98243, pos=6570, neg=91673, ignore=176957, pos_frac=0.06687
Initializing ClassificationModel with 6 GAT layers and residual connections...
Initializing MCModel with 6 GAT layers and 4 row attention layers (drop_path_rate=0.1, use_esm=True)
Initializing CoreModel with 1 layers, drop_path_rate=0.1
Ep001  LR0=2.00e-04  pw=8.00  aucα=0.000  token_p=0.020  dropE=(0.020,0.080)  smooth=0.010  train_loss=0.7460  train_AUPR_all=0.2693  train_AUPR_ab=0.3343  train_AUPR_ag=0.1853  train_P@5_ab=0.5500  train_P@5_ag=0.6000  val_loss=1.1258  val_AUPR_all=0.3791  val_AUPR_ab=0.4909  val_AUPR_ag=0.2139  val_P@5_ab=0.5000  val_P@5_ag=0.9000  select=0.3524
  Saved checkpoint: checkpoints_esm/iPara_balanced_l1_g6_i4_do0.10_dpr0.10_lr0.0002_heads16_fold3.pth  select=0.3524  val_ab=0.4909  val_ag=0.2139  val_all=0.3791
Ep002  LR0=2.00e-04  pw=7.33  aucα=0.000  token_p=0.020  dropE=(0.020,0.080)  smooth=0.010  train_loss=0.5431  train_AUPR_all=0.3897  train_AUPR_ab=0.4816  train_AUPR_ag=0.2457  train_P@5_ab=0.8500  train_P@5_ag=0.8000  val_loss=0.9549  val_AUPR_all=0.4205  val_AUPR_ab=0.5504  val_AUPR_ag=0.2146  val_P@5_ab=0.8000  val_P@5_ag=0.5000  select=0.3825
  Saved checkpoint: checkpoints_esm/iPara_balanced_l1_g6_i4_do0.10_dpr0.10_lr0.0002_heads16_fold3.pth  select=0.3825  val_ab=0.5504  val_ag=0.2146  val_all=0.4205
Ep003  LR0=2.00e-04  pw=6.73  aucα=0.000  token_p=0.020  dropE=(0.020,0.080)  smooth=0.010  train_loss=0.4926  train_AUPR_all=0.4192  train_AUPR_ab=0.5060  train_AUPR_ag=0.2764  train_P@5_ab=0.6500  train_P@5_ag=0.9000  val_loss=0.7881  val_AUPR_all=0.4568  val_AUPR_ab=0.5872  val_AUPR_ag=0.2465  val_P@5_ab=0.9000  val_P@5_ag=0.6000  select=0.4169
  Saved checkpoint: checkpoints_esm/iPara_balanced_l1_g6_i4_do0.10_dpr0.10_lr0.0002_heads16_fold3.pth  select=0.4169  val_ab=0.5872  val_ag=0.2465  val_all=0.4568
Ep004  LR0=1.99e-04  pw=6.19  aucα=0.000  token_p=0.020  dropE=(0.020,0.080)  smooth=0.010  train_loss=0.4456  train_AUPR_all=0.4575  train_AUPR_ab=0.5444  train_AUPR_ag=0.3019  train_P@5_ab=0.8000  train_P@5_ag=0.6000  val_loss=0.6454  val_AUPR_all=0.5043  val_AUPR_ab=0.6160  val_AUPR_ag=0.3125  val_P@5_ab=0.9500  val_P@5_ag=0.8500  select=0.4643
  Saved checkpoint: checkpoints_esm/iPara_balanced_l1_g6_i4_do0.10_dpr0.10_lr0.0002_heads16_fold3.pth  select=0.4643  val_ab=0.6160  val_ag=0.3125  val_all=0.5043
Ep005  LR0=1.99e-04  pw=5.69  aucα=0.000  token_p=0.020  dropE=(0.020,0.080)  smooth=0.010  train_loss=0.4125  train_AUPR_all=0.4911  train_AUPR_ab=0.5822  train_AUPR_ag=0.3291  train_P@5_ab=0.7500  train_P@5_ag=0.9500  val_loss=0.8811  val_AUPR_all=0.4756  val_AUPR_ab=0.6171  val_AUPR_ag=0.2749  val_P@5_ab=0.8500  val_P@5_ag=0.9500  select=0.4460
Ep006  LR0=1.98e-04  pw=5.25  aucα=0.000  token_p=0.020  dropE=(0.020,0.080)  smooth=0.010  train_loss=0.3879  train_AUPR_all=0.4982  train_AUPR_ab=0.5948  train_AUPR_ag=0.3317  train_P@5_ab=1.0000  train_P@5_ag=0.8000  val_loss=0.7877  val_AUPR_all=0.5104  val_AUPR_ab=0.6559  val_AUPR_ag=0.2925  val_P@5_ab=0.9500  val_P@5_ag=0.8000  select=0.4742
  Saved checkpoint: checkpoints_esm/iPara_balanced_l1_g6_i4_do0.10_dpr0.10_lr0.0002_heads16_fold3.pth  select=0.4742  val_ab=0.6559  val_ag=0.2925  val_all=0.5104
Ep007  LR0=1.97e-04  pw=4.84  aucα=0.000  token_p=0.020  dropE=(0.020,0.080)  smooth=0.010  train_loss=0.3673  train_AUPR_all=0.5094  train_AUPR_ab=0.6026  train_AUPR_ag=0.3418  train_P@5_ab=0.7500  train_P@5_ag=0.9500  val_loss=0.5463  val_AUPR_all=0.5321  val_AUPR_ab=0.6471  val_AUPR_ag=0.3392  val_P@5_ab=0.8000  val_P@5_ag=0.8000  select=0.4931
  Saved checkpoint: checkpoints_esm/iPara_balanced_l1_g6_i4_do0.10_dpr0.10_lr0.0002_heads16_fold3.pth  select=0.4931  val_ab=0.6471  val_ag=0.3392  val_all=0.5321
Ep008  LR0=1.96e-04  pw=4.48  aucα=0.000  token_p=0.020  dropE=(0.020,0.080)  smooth=0.010  train_loss=0.3474  train_AUPR_all=0.5271  train_AUPR_ab=0.6236  train_AUPR_ag=0.3516  train_P@5_ab=0.5500  train_P@5_ag=1.0000  val_loss=0.5620  val_AUPR_all=0.5358  val_AUPR_ab=0.6527  val_AUPR_ag=0.3374  val_P@5_ab=0.6500  val_P@5_ag=0.9000  select=0.4951
  Saved checkpoint: checkpoints_esm/iPara_balanced_l1_g6_i4_do0.10_dpr0.10_lr0.0002_heads16_fold3.pth  select=0.4951  val_ab=0.6527  val_ag=0.3374  val_all=0.5358
Ep009  LR0=1.95e-04  pw=4.15  aucα=0.000  token_p=0.020  dropE=(0.020,0.080)  smooth=0.010  train_loss=0.3270  train_AUPR_all=0.5384  train_AUPR_ab=0.6380  train_AUPR_ag=0.3596  train_P@5_ab=0.8000  train_P@5_ag=0.8500  val_loss=0.4918  val_AUPR_all=0.5396  val_AUPR_ab=0.6545  val_AUPR_ag=0.3631  val_P@5_ab=0.7500  val_P@5_ag=0.9000  select=0.5088
  Saved checkpoint: checkpoints_esm/iPara_balanced_l1_g6_i4_do0.10_dpr0.10_lr0.0002_heads16_fold3.pth  select=0.5088  val_ab=0.6545  val_ag=0.3631  val_all=0.5396
Ep010  LR0=1.94e-04  pw=3.85  aucα=0.030  token_p=0.020  dropE=(0.020,0.080)  smooth=0.010  train_loss=0.3285  train_AUPR_all=0.5376  train_AUPR_ab=0.6386  train_AUPR_ag=0.3649  train_P@5_ab=0.8500  train_P@5_ag=0.8000  val_loss=0.4664  val_AUPR_all=0.5644  val_AUPR_ab=0.6878  val_AUPR_ag=0.3573  val_P@5_ab=0.9500  val_P@5_ag=0.9000  select=0.5226
  Saved checkpoint: checkpoints_esm/iPara_balanced_l1_g6_i4_do0.10_dpr0.10_lr0.0002_heads16_fold3.pth  select=0.5226  val_ab=0.6878  val_ag=0.3573  val_all=0.5644
Unfreezing DyM parameters.
Ep011  LR0=1.92e-04  pw=3.58  aucα=0.060  token_p=0.020  dropE=(0.020,0.080)  smooth=0.010  train_loss=0.3240  train_AUPR_all=0.5545  train_AUPR_ab=0.6596  train_AUPR_ag=0.3762  train_P@5_ab=0.9500  train_P@5_ag=0.9000  val_loss=0.4721  val_AUPR_all=0.5689  val_AUPR_ab=0.6874  val_AUPR_ag=0.3733  val_P@5_ab=0.9500  val_P@5_ag=1.0000  select=0.5304
  Saved checkpoint: checkpoints_esm/iPara_balanced_l1_g6_i4_do0.10_dpr0.10_lr0.0002_heads16_fold3.pth  select=0.5304  val_ab=0.6874  val_ag=0.3733  val_all=0.5689
Ep012  LR0=1.91e-04  pw=3.33  aucα=0.090  token_p=0.020  dropE=(0.020,0.080)  smooth=0.010  train_loss=0.3215  train_AUPR_all=0.5664  train_AUPR_ab=0.6754  train_AUPR_ag=0.3819  train_P@5_ab=0.9000  train_P@5_ag=1.0000  val_loss=0.4471  val_AUPR_all=0.5716  val_AUPR_ab=0.6873  val_AUPR_ag=0.3774  val_P@5_ab=0.9000  val_P@5_ag=0.9500  select=0.5323
  Saved checkpoint: checkpoints_esm/iPara_balanced_l1_g6_i4_do0.10_dpr0.10_lr0.0002_heads16_fold3.pth  select=0.5323  val_ab=0.6873  val_ag=0.3774  val_all=0.5716
Ep013  LR0=1.89e-04  pw=3.11  aucα=0.120  token_p=0.020  dropE=(0.020,0.080)  smooth=0.010  train_loss=0.3242  train_AUPR_all=0.5728  train_AUPR_ab=0.6832  train_AUPR_ag=0.3908  train_P@5_ab=0.9000  train_P@5_ag=1.0000  val_loss=0.4097  val_AUPR_all=0.5910  val_AUPR_ab=0.7120  val_AUPR_ag=0.3965  val_P@5_ab=0.9000  val_P@5_ag=0.7500  select=0.5543
  Saved checkpoint: checkpoints_esm/iPara_balanced_l1_g6_i4_do0.10_dpr0.10_lr0.0002_heads16_fold3.pth  select=0.5543  val_ab=0.7120  val_ag=0.3965  val_all=0.5910
Ep014  LR0=1.87e-04  pw=2.91  aucα=0.150  token_p=0.020  dropE=(0.020,0.080)  smooth=0.010  train_loss=0.3236  train_AUPR_all=0.5858  train_AUPR_ab=0.7001  train_AUPR_ag=0.3978  train_P@5_ab=0.9500  train_P@5_ag=0.9500  val_loss=0.4122  val_AUPR_all=0.5855  val_AUPR_ab=0.7159  val_AUPR_ag=0.3895  val_P@5_ab=1.0000  val_P@5_ag=0.8000  select=0.5527
Ep015  LR0=1.85e-04  pw=2.73  aucα=0.180  token_p=0.020  dropE=(0.020,0.080)  smooth=0.010  train_loss=0.3250  train_AUPR_all=0.5913  train_AUPR_ab=0.7026  train_AUPR_ag=0.4093  train_P@5_ab=1.0000  train_P@5_ag=0.8500  val_loss=0.4252  val_AUPR_all=0.5796  val_AUPR_ab=0.7086  val_AUPR_ag=0.3739  val_P@5_ab=0.9000  val_P@5_ag=0.8500  select=0.5413
Ep016  LR0=1.83e-04  pw=2.56  aucα=0.210  token_p=0.020  dropE=(0.020,0.080)  smooth=0.010  train_loss=0.3242  train_AUPR_all=0.6016  train_AUPR_ab=0.7116  train_AUPR_ag=0.4231  train_P@5_ab=0.9500  train_P@5_ag=0.9500  val_loss=0.3867  val_AUPR_all=0.5968  val_AUPR_ab=0.7218  val_AUPR_ag=0.3945  val_P@5_ab=1.0000  val_P@5_ag=0.9000  select=0.5581
  Saved checkpoint: checkpoints_esm/iPara_balanced_l1_g6_i4_do0.10_dpr0.10_lr0.0002_heads16_fold3.pth  select=0.5581  val_ab=0.7218  val_ag=0.3945  val_all=0.5968
Ep017  LR0=1.81e-04  pw=2.41  aucα=0.240  token_p=0.020  dropE=(0.020,0.080)  smooth=0.010  train_loss=0.3261  train_AUPR_all=0.6064  train_AUPR_ab=0.7167  train_AUPR_ag=0.4279  train_P@5_ab=0.9500  train_P@5_ag=0.9500  val_loss=0.3719  val_AUPR_all=0.5912  val_AUPR_ab=0.7106  val_AUPR_ag=0.3873  val_P@5_ab=0.9000  val_P@5_ag=0.9500  select=0.5489
Ep018  LR0=1.79e-04  pw=2.28  aucα=0.270  token_p=0.020  dropE=(0.020,0.080)  smooth=0.010  train_loss=0.3301  train_AUPR_all=0.6134  train_AUPR_ab=0.7227  train_AUPR_ag=0.4367  train_P@5_ab=0.9500  train_P@5_ag=1.0000  val_loss=0.3638  val_AUPR_all=0.5968  val_AUPR_ab=0.7226  val_AUPR_ag=0.3980  val_P@5_ab=1.0000  val_P@5_ag=1.0000  select=0.5603
  Saved checkpoint: checkpoints_esm/iPara_balanced_l1_g6_i4_do0.10_dpr0.10_lr0.0002_heads16_fold3.pth  select=0.5603  val_ab=0.7226  val_ag=0.3980  val_all=0.5968
Ep019  LR0=1.76e-04  pw=2.16  aucα=0.300  token_p=0.020  dropE=(0.020,0.080)  smooth=0.010  train_loss=0.3328  train_AUPR_all=0.6196  train_AUPR_ab=0.7260  train_AUPR_ag=0.4494  train_P@5_ab=1.0000  train_P@5_ag=0.9000  val_loss=0.3628  val_AUPR_all=0.5922  val_AUPR_ab=0.7103  val_AUPR_ag=0.3937  val_P@5_ab=0.7500  val_P@5_ag=0.9500  select=0.5520
Ep020  LR0=1.73e-04  pw=2.05  aucα=0.300  token_p=0.020  dropE=(0.020,0.080)  smooth=0.010  train_loss=0.3201  train_AUPR_all=0.6299  train_AUPR_ab=0.7394  train_AUPR_ag=0.4556  train_P@5_ab=0.9500  train_P@5_ag=1.0000  val_loss=0.3569  val_AUPR_all=0.5983  val_AUPR_ab=0.7190  val_AUPR_ag=0.4008  val_P@5_ab=0.8500  val_P@5_ag=1.0000  select=0.5599
Ep021  LR0=1.71e-04  pw=1.95  aucα=0.300  token_p=0.020  dropE=(0.020,0.080)  smooth=0.010  train_loss=0.3103  train_AUPR_all=0.6391  train_AUPR_ab=0.7470  train_AUPR_ag=0.4689  train_P@5_ab=0.9500  train_P@5_ag=0.9500  val_loss=0.3367  val_AUPR_all=0.5972  val_AUPR_ab=0.7067  val_AUPR_ag=0.4083  val_P@5_ab=0.9000  val_P@5_ag=1.0000  select=0.5575
Ep022  LR0=1.68e-04  pw=1.86  aucα=0.300  token_p=0.020  dropE=(0.020,0.080)  smooth=0.010  train_loss=0.2999  train_AUPR_all=0.6457  train_AUPR_ab=0.7496  train_AUPR_ag=0.4815  train_P@5_ab=0.9500  train_P@5_ag=0.9500  val_loss=0.3331  val_AUPR_all=0.6002  val_AUPR_ab=0.7280  val_AUPR_ag=0.4002  val_P@5_ab=0.9000  val_P@5_ag=1.0000  select=0.5641
  Saved checkpoint: checkpoints_esm/iPara_balanced_l1_g6_i4_do0.10_dpr0.10_lr0.0002_heads16_fold3.pth  select=0.5641  val_ab=0.7280  val_ag=0.4002  val_all=0.6002
Ep023  LR0=1.65e-04  pw=1.78  aucα=0.300  token_p=0.020  dropE=(0.020,0.080)  smooth=0.010  train_loss=0.2922  train_AUPR_all=0.6515  train_AUPR_ab=0.7530  train_AUPR_ag=0.4921  train_P@5_ab=0.9500  train_P@5_ag=1.0000  val_loss=0.3246  val_AUPR_all=0.6109  val_AUPR_ab=0.7315  val_AUPR_ag=0.4174  val_P@5_ab=0.9500  val_P@5_ag=0.9500  select=0.5745
  Saved checkpoint: checkpoints_esm/iPara_balanced_l1_g6_i4_do0.10_dpr0.10_lr0.0002_heads16_fold3.pth  select=0.5745  val_ab=0.7315  val_ag=0.4174  val_all=0.6109
Ep024  LR0=1.62e-04  pw=1.70  aucα=0.300  token_p=0.020  dropE=(0.020,0.080)  smooth=0.010  train_loss=0.2864  train_AUPR_all=0.6548  train_AUPR_ab=0.7584  train_AUPR_ag=0.4927  train_P@5_ab=1.0000  train_P@5_ag=0.9500  val_loss=0.3162  val_AUPR_all=0.6056  val_AUPR_ab=0.7242  val_AUPR_ag=0.4143  val_P@5_ab=0.8500  val_P@5_ag=1.0000  select=0.5692
Ep025  LR0=1.59e-04  pw=1.64  aucα=0.300  token_p=0.020  dropE=(0.020,0.080)  smooth=0.010  train_loss=0.2730  train_AUPR_all=0.6717  train_AUPR_ab=0.7715  train_AUPR_ag=0.5163  train_P@5_ab=0.9500  train_P@5_ag=0.9500  val_loss=0.3189  val_AUPR_all=0.6051  val_AUPR_ab=0.7363  val_AUPR_ag=0.3967  val_P@5_ab=0.9500  val_P@5_ag=0.9500  select=0.5665
Ep026  LR0=1.56e-04  pw=1.57  aucα=0.300  token_p=0.020  dropE=(0.020,0.080)  smooth=0.010  train_loss=0.2643  train_AUPR_all=0.6799  train_AUPR_ab=0.7708  train_AUPR_ag=0.5400  train_P@5_ab=1.0000  train_P@5_ag=0.9500  val_loss=0.3148  val_AUPR_all=0.5987  val_AUPR_ab=0.7330  val_AUPR_ag=0.3946  val_P@5_ab=0.8500  val_P@5_ag=1.0000  select=0.5638
Ep027  LR0=1.52e-04  pw=1.52  aucα=0.300  token_p=0.020  dropE=(0.020,0.080)  smooth=0.010  train_loss=0.2550  train_AUPR_all=0.6896  train_AUPR_ab=0.7826  train_AUPR_ag=0.5463  train_P@5_ab=1.0000  train_P@5_ag=0.9500  val_loss=0.3072  val_AUPR_all=0.6097  val_AUPR_ab=0.7430  val_AUPR_ag=0.4081  val_P@5_ab=1.0000  val_P@5_ag=1.0000  select=0.5756
  Saved checkpoint: checkpoints_esm/iPara_balanced_l1_g6_i4_do0.10_dpr0.10_lr0.0002_heads16_fold3.pth  select=0.5756  val_ab=0.7430  val_ag=0.4081  val_all=0.6097
Ep028  LR0=1.49e-04  pw=1.47  aucα=0.300  token_p=0.020  dropE=(0.020,0.080)  smooth=0.010  train_loss=0.2469  train_AUPR_all=0.6988  train_AUPR_ab=0.7872  train_AUPR_ag=0.5635  train_P@5_ab=0.9500  train_P@5_ag=0.9000  val_loss=0.3027  val_AUPR_all=0.6123  val_AUPR_ab=0.7316  val_AUPR_ag=0.4230  val_P@5_ab=0.9000  val_P@5_ag=1.0000  select=0.5773
  Saved checkpoint: checkpoints_esm/iPara_balanced_l1_g6_i4_do0.10_dpr0.10_lr0.0002_heads16_fold3.pth  select=0.5773  val_ab=0.7316  val_ag=0.4230  val_all=0.6123
Ep029  LR0=1.46e-04  pw=1.43  aucα=0.300  token_p=0.020  dropE=(0.020,0.080)  smooth=0.010  train_loss=0.2399  train_AUPR_all=0.7079  train_AUPR_ab=0.7920  train_AUPR_ag=0.5806  train_P@5_ab=1.0000  train_P@5_ag=0.9500  val_loss=0.3076  val_AUPR_all=0.6003  val_AUPR_ab=0.7375  val_AUPR_ag=0.4017  val_P@5_ab=1.0000  val_P@5_ag=0.9500  select=0.5696
Ep030  LR0=1.42e-04  pw=1.39  aucα=0.300  token_p=0.020  dropE=(0.020,0.080)  smooth=0.010  train_loss=0.2359  train_AUPR_all=0.7106  train_AUPR_ab=0.7929  train_AUPR_ag=0.5855  train_P@5_ab=0.9000  train_P@5_ag=0.9500  val_loss=0.2984  val_AUPR_all=0.6129  val_AUPR_ab=0.7441  val_AUPR_ag=0.4018  val_P@5_ab=0.9500  val_P@5_ag=0.9000  select=0.5730
Ep031  LR0=1.38e-04  pw=1.35  aucα=0.300  token_p=0.020  dropE=(0.020,0.080)  smooth=0.010  train_loss=0.2268  train_AUPR_all=0.7221  train_AUPR_ab=0.8011  train_AUPR_ag=0.6023  train_P@5_ab=1.0000  train_P@5_ag=1.0000  val_loss=0.3078  val_AUPR_all=0.6118  val_AUPR_ab=0.7404  val_AUPR_ag=0.4269  val_P@5_ab=0.9500  val_P@5_ag=1.0000  select=0.5837
  Saved checkpoint: checkpoints_esm/iPara_balanced_l1_g6_i4_do0.10_dpr0.10_lr0.0002_heads16_fold3.pth  select=0.5837  val_ab=0.7404  val_ag=0.4269  val_all=0.6118
Ep032  LR0=1.35e-04  pw=1.32  aucα=0.300  token_p=0.020  dropE=(0.020,0.080)  smooth=0.010  train_loss=0.2177  train_AUPR_all=0.7362  train_AUPR_ab=0.8115  train_AUPR_ag=0.6224  train_P@5_ab=0.9500  train_P@5_ag=1.0000  val_loss=0.2907  val_AUPR_all=0.6209  val_AUPR_ab=0.7492  val_AUPR_ag=0.4250  val_P@5_ab=0.9500  val_P@5_ag=0.9500  select=0.5871
  Saved checkpoint: checkpoints_esm/iPara_balanced_l1_g6_i4_do0.10_dpr0.10_lr0.0002_heads16_fold3.pth  select=0.5871  val_ab=0.7492  val_ag=0.4250  val_all=0.6209
Ep033  LR0=1.31e-04  pw=1.29  aucα=0.300  token_p=0.020  dropE=(0.020,0.080)  smooth=0.010  train_loss=0.2136  train_AUPR_all=0.7410  train_AUPR_ab=0.8132  train_AUPR_ag=0.6331  train_P@5_ab=0.9500  train_P@5_ag=1.0000  val_loss=0.2929  val_AUPR_all=0.6174  val_AUPR_ab=0.7537  val_AUPR_ag=0.4230  val_P@5_ab=0.9500  val_P@5_ag=1.0000  select=0.5883
  Saved checkpoint: checkpoints_esm/iPara_balanced_l1_g6_i4_do0.10_dpr0.10_lr0.0002_heads16_fold3.pth  select=0.5883  val_ab=0.7537  val_ag=0.4230  val_all=0.6174
Ep034  LR0=1.27e-04  pw=1.26  aucα=0.300  token_p=0.020  dropE=(0.020,0.080)  smooth=0.010  train_loss=0.2100  train_AUPR_all=0.7443  train_AUPR_ab=0.8143  train_AUPR_ag=0.6396  train_P@5_ab=0.9500  train_P@5_ag=1.0000  val_loss=0.2969  val_AUPR_all=0.6029  val_AUPR_ab=0.7498  val_AUPR_ag=0.3945  val_P@5_ab=0.9500  val_P@5_ag=0.9500  select=0.5722
Ep035  LR0=1.24e-04  pw=1.23  aucα=0.300  token_p=0.020  dropE=(0.020,0.080)  smooth=0.010  train_loss=0.2031  train_AUPR_all=0.7545  train_AUPR_ab=0.8234  train_AUPR_ag=0.6516  train_P@5_ab=0.9000  train_P@5_ag=0.9000  val_loss=0.2977  val_AUPR_all=0.6040  val_AUPR_ab=0.7425  val_AUPR_ag=0.3966  val_P@5_ab=1.0000  val_P@5_ag=1.0000  select=0.5696
Ep036  LR0=1.20e-04  pw=1.21  aucα=0.300  token_p=0.020  dropE=(0.020,0.080)  smooth=0.010  train_loss=0.1949  train_AUPR_all=0.7671  train_AUPR_ab=0.8309  train_AUPR_ag=0.6718  train_P@5_ab=0.9500  train_P@5_ag=1.0000  val_loss=0.2962  val_AUPR_all=0.6114  val_AUPR_ab=0.7524  val_AUPR_ag=0.4248  val_P@5_ab=1.0000  val_P@5_ag=1.0000  select=0.5886
  Saved checkpoint: checkpoints_esm/iPara_balanced_l1_g6_i4_do0.10_dpr0.10_lr0.0002_heads16_fold3.pth  select=0.5886  val_ab=0.7524  val_ag=0.4248  val_all=0.6114
Ep037  LR0=1.16e-04  pw=1.19  aucα=0.300  token_p=0.020  dropE=(0.020,0.080)  smooth=0.010  train_loss=0.1929  train_AUPR_all=0.7674  train_AUPR_ab=0.8329  train_AUPR_ag=0.6692  train_P@5_ab=1.0000  train_P@5_ag=1.0000  val_loss=0.2921  val_AUPR_all=0.6057  val_AUPR_ab=0.7482  val_AUPR_ag=0.4221  val_P@5_ab=0.9000  val_P@5_ag=1.0000  select=0.5851
Ep038  LR0=1.12e-04  pw=1.17  aucα=0.300  token_p=0.020  dropE=(0.020,0.080)  smooth=0.010  train_loss=0.1890  train_AUPR_all=0.7723  train_AUPR_ab=0.8304  train_AUPR_ag=0.6864  train_P@5_ab=0.9500  train_P@5_ag=1.0000  val_loss=0.2979  val_AUPR_all=0.6018  val_AUPR_ab=0.7456  val_AUPR_ag=0.3911  val_P@5_ab=0.9500  val_P@5_ag=0.9000  select=0.5683
Ep039  LR0=1.08e-04  pw=1.16  aucα=0.300  token_p=0.020  dropE=(0.020,0.080)  smooth=0.010  train_loss=0.1790  train_AUPR_all=0.7902  train_AUPR_ab=0.8454  train_AUPR_ag=0.7089  train_P@5_ab=1.0000  train_P@5_ag=1.0000  val_loss=0.2962  val_AUPR_all=0.6108  val_AUPR_ab=0.7482  val_AUPR_ag=0.4080  val_P@5_ab=0.9500  val_P@5_ag=0.9500  select=0.5781
Ep040  LR0=1.04e-04  pw=1.14  aucα=0.300  token_p=0.020  dropE=(0.020,0.080)  smooth=0.010  train_loss=0.1786  train_AUPR_all=0.7905  train_AUPR_ab=0.8461  train_AUPR_ag=0.7084  train_P@5_ab=0.9500  train_P@5_ag=0.9500  val_loss=0.2913  val_AUPR_all=0.6100  val_AUPR_ab=0.7465  val_AUPR_ag=0.4030  val_P@5_ab=1.0000  val_P@5_ag=0.9500  select=0.5748
Ep041  LR0=1.00e-04  pw=1.13  aucα=0.300  token_p=0.020  dropE=(0.020,0.080)  smooth=0.010  train_loss=0.1759  train_AUPR_all=0.7933  train_AUPR_ab=0.8506  train_AUPR_ag=0.7078  train_P@5_ab=1.0000  train_P@5_ag=1.0000  val_loss=0.2979  val_AUPR_all=0.5953  val_AUPR_ab=0.7376  val_AUPR_ag=0.3911  val_P@5_ab=1.0000  val_P@5_ag=1.0000  select=0.5644
Ep042  LR0=9.63e-05  pw=1.12  aucα=0.300  token_p=0.020  dropE=(0.020,0.080)  smooth=0.010  train_loss=0.1670  train_AUPR_all=0.8079  train_AUPR_ab=0.8591  train_AUPR_ag=0.7319  train_P@5_ab=1.0000  train_P@5_ag=1.0000  val_loss=0.3082  val_AUPR_all=0.5864  val_AUPR_ab=0.7403  val_AUPR_ag=0.3844  val_P@5_ab=1.0000  val_P@5_ag=0.8500  select=0.5624
Ep043  LR0=9.24e-05  pw=1.10  aucα=0.300  token_p=0.020  dropE=(0.020,0.080)  smooth=0.010  train_loss=0.1657  train_AUPR_all=0.8108  train_AUPR_ab=0.8616  train_AUPR_ag=0.7360  train_P@5_ab=1.0000  train_P@5_ag=1.0000  val_loss=0.2945  val_AUPR_all=0.6077  val_AUPR_ab=0.7389  val_AUPR_ag=0.4214  val_P@5_ab=0.9000  val_P@5_ag=0.9500  select=0.5802
Ep044  LR0=8.85e-05  pw=1.09  aucα=0.300  token_p=0.020  dropE=(0.020,0.080)  smooth=0.010  train_loss=0.1598  train_AUPR_all=0.8202  train_AUPR_ab=0.8690  train_AUPR_ag=0.7479  train_P@5_ab=1.0000  train_P@5_ag=1.0000  val_loss=0.3049  val_AUPR_all=0.5995  val_AUPR_ab=0.7437  val_AUPR_ag=0.4020  val_P@5_ab=0.9000  val_P@5_ag=0.9500  select=0.5729
Ep045  LR0=8.46e-05  pw=1.09  aucα=0.300  token_p=0.020  dropE=(0.020,0.080)  smooth=0.010  train_loss=0.1576  train_AUPR_all=0.8227  train_AUPR_ab=0.8667  train_AUPR_ag=0.7587  train_P@5_ab=1.0000  train_P@5_ag=1.0000  val_loss=0.3096  val_AUPR_all=0.5917  val_AUPR_ab=0.7428  val_AUPR_ag=0.3879  val_P@5_ab=0.9000  val_P@5_ag=0.9000  select=0.5653
Ep046  LR0=8.08e-05  pw=1.08  aucα=0.300  token_p=0.020  dropE=(0.020,0.080)  smooth=0.010  train_loss=0.1547  train_AUPR_all=0.8261  train_AUPR_ab=0.8715  train_AUPR_ag=0.7596  train_P@5_ab=1.0000  train_P@5_ag=1.0000  val_loss=0.2986  val_AUPR_all=0.6043  val_AUPR_ab=0.7377  val_AUPR_ag=0.4077  val_P@5_ab=0.8000  val_P@5_ag=0.9000  select=0.5727
Ep047  LR0=7.70e-05  pw=1.07  aucα=0.300  token_p=0.020  dropE=(0.020,0.080)  smooth=0.010  train_loss=0.1504  train_AUPR_all=0.8336  train_AUPR_ab=0.8766  train_AUPR_ag=0.7708  train_P@5_ab=1.0000  train_P@5_ag=1.0000  val_loss=0.2974  val_AUPR_all=0.6039  val_AUPR_ab=0.7456  val_AUPR_ag=0.3983  val_P@5_ab=0.8000  val_P@5_ag=1.0000  select=0.5720
Ep048  LR0=7.32e-05  pw=1.06  aucα=0.300  token_p=0.020  dropE=(0.020,0.080)  smooth=0.010  train_loss=0.1422  train_AUPR_all=0.8472  train_AUPR_ab=0.8860  train_AUPR_ag=0.7910  train_P@5_ab=1.0000  train_P@5_ag=1.0000  val_loss=0.3036  val_AUPR_all=0.5777  val_AUPR_ab=0.7286  val_AUPR_ag=0.3878  val_P@5_ab=0.8500  val_P@5_ag=0.9000  select=0.5582
Ep049  LR0=6.94e-05  pw=1.06  aucα=0.300  token_p=0.020  dropE=(0.020,0.080)  smooth=0.010  train_loss=0.1450  train_AUPR_all=0.8431  train_AUPR_ab=0.8843  train_AUPR_ag=0.7822  train_P@5_ab=1.0000  train_P@5_ag=1.0000  val_loss=0.3054  val_AUPR_all=0.6004  val_AUPR_ab=0.7484  val_AUPR_ag=0.3831  val_P@5_ab=0.9000  val_P@5_ag=0.8500  select=0.5658
Ep050  LR0=6.57e-05  pw=1.05  aucα=0.300  token_p=0.020  dropE=(0.020,0.080)  smooth=0.010  train_loss=0.1407  train_AUPR_all=0.8501  train_AUPR_ab=0.8906  train_AUPR_ag=0.7900  train_P@5_ab=1.0000  train_P@5_ag=1.0000  val_loss=0.3092  val_AUPR_all=0.5893  val_AUPR_ab=0.7350  val_AUPR_ag=0.3818  val_P@5_ab=0.8500  val_P@5_ag=0.9000  select=0.5584
Ep051  LR0=6.21e-05  pw=1.05  aucα=0.300  token_p=0.020  dropE=(0.020,0.080)  smooth=0.010  train_loss=0.1349  train_AUPR_all=0.8592  train_AUPR_ab=0.8944  train_AUPR_ag=0.8079  train_P@5_ab=1.0000  train_P@5_ag=1.0000  val_loss=0.3081  val_AUPR_all=0.5873  val_AUPR_ab=0.7410  val_AUPR_ag=0.3793  val_P@5_ab=0.8500  val_P@5_ag=0.8000  select=0.5602
Ep052  LR0=5.85e-05  pw=1.04  aucα=0.300  token_p=0.020  dropE=(0.020,0.080)  smooth=0.010  train_loss=0.1325  train_AUPR_all=0.8630  train_AUPR_ab=0.9001  train_AUPR_ag=0.8082  train_P@5_ab=1.0000  train_P@5_ag=1.0000  val_loss=0.3065  val_AUPR_all=0.5936  val_AUPR_ab=0.7414  val_AUPR_ag=0.4012  val_P@5_ab=0.8500  val_P@5_ag=0.9500  select=0.5713
Ep053  LR0=5.50e-05  pw=1.04  aucα=0.300  token_p=0.020  dropE=(0.020,0.080)  smooth=0.010  train_loss=0.1341  train_AUPR_all=0.8610  train_AUPR_ab=0.8972  train_AUPR_ag=0.8078  train_P@5_ab=1.0000  train_P@5_ag=1.0000  val_loss=0.3062  val_AUPR_all=0.5978  val_AUPR_ab=0.7351  val_AUPR_ag=0.4038  val_P@5_ab=0.9000  val_P@5_ag=0.9500  select=0.5694
Ep054  LR0=5.15e-05  pw=1.03  aucα=0.300  token_p=0.020  dropE=(0.020,0.080)  smooth=0.010  train_loss=0.1320  train_AUPR_all=0.8633  train_AUPR_ab=0.8991  train_AUPR_ag=0.8109  train_P@5_ab=0.9500  train_P@5_ag=1.0000  val_loss=0.3078  val_AUPR_all=0.5882  val_AUPR_ab=0.7356  val_AUPR_ag=0.3789  val_P@5_ab=0.8000  val_P@5_ag=0.8000  select=0.5573
Ep055  LR0=4.81e-05  pw=1.03  aucα=0.300  token_p=0.020  dropE=(0.020,0.080)  smooth=0.010  train_loss=0.1234  train_AUPR_all=0.8788  train_AUPR_ab=0.9107  train_AUPR_ag=0.8323  train_P@5_ab=1.0000  train_P@5_ag=0.9500  val_loss=0.3151  val_AUPR_all=0.5938  val_AUPR_ab=0.7388  val_AUPR_ag=0.3867  val_P@5_ab=0.8500  val_P@5_ag=0.7500  select=0.5628
Ep056  LR0=4.48e-05  pw=1.03  aucα=0.300  token_p=0.020  dropE=(0.020,0.080)  smooth=0.010  train_loss=0.1279  train_AUPR_all=0.8706  train_AUPR_ab=0.9060  train_AUPR_ag=0.8185  train_P@5_ab=1.0000  train_P@5_ag=1.0000  val_loss=0.3086  val_AUPR_all=0.6009  val_AUPR_ab=0.7414  val_AUPR_ag=0.3995  val_P@5_ab=0.9500  val_P@5_ag=0.9000  select=0.5704
Early stopping at epoch 56. Best select=0.5886 at epoch 36.
Final saved checkpoint for fold 3: checkpoints_esm/iPara_balanced_l1_g6_i4_do0.10_dpr0.10_lr0.0002_heads16_fold3.pth
Best select=0.5886 at epoch 36

==========================================================================================
Fold 4/5
==========================================================================================
Train labels: valid=398858, pos=26560, neg=372298, ignore=700342, pos_frac=0.06659
Val labels: valid=101334, pos=6670, neg=94664, ignore=172266, pos_frac=0.06582
Initializing ClassificationModel with 6 GAT layers and residual connections...
Initializing MCModel with 6 GAT layers and 4 row attention layers (drop_path_rate=0.1, use_esm=True)
Initializing CoreModel with 1 layers, drop_path_rate=0.1
Ep001  LR0=2.00e-04  pw=8.00  aucα=0.000  token_p=0.020  dropE=(0.020,0.080)  smooth=0.010  train_loss=0.7307  train_AUPR_all=0.2882  train_AUPR_ab=0.3485  train_AUPR_ag=0.2038  train_P@5_ab=0.8500  train_P@5_ag=0.9000  val_loss=0.9719  val_AUPR_all=0.4087  val_AUPR_ab=0.5430  val_AUPR_ag=0.1932  val_P@5_ab=0.9500  val_P@5_ag=0.6500  select=0.3681
  Saved checkpoint: checkpoints_esm/iPara_balanced_l1_g6_i4_do0.10_dpr0.10_lr0.0002_heads16_fold4.pth  select=0.3681  val_ab=0.5430  val_ag=0.1932  val_all=0.4087
Ep002  LR0=2.00e-04  pw=7.33  aucα=0.000  token_p=0.020  dropE=(0.020,0.080)  smooth=0.010  train_loss=0.5366  train_AUPR_all=0.4038  train_AUPR_ab=0.4906  train_AUPR_ag=0.2641  train_P@5_ab=0.7500  train_P@5_ag=0.8500  val_loss=0.7503  val_AUPR_all=0.4527  val_AUPR_ab=0.5742  val_AUPR_ag=0.2610  val_P@5_ab=0.8500  val_P@5_ag=0.9000  select=0.4176
  Saved checkpoint: checkpoints_esm/iPara_balanced_l1_g6_i4_do0.10_dpr0.10_lr0.0002_heads16_fold4.pth  select=0.4176  val_ab=0.5742  val_ag=0.2610  val_all=0.4527
Ep003  LR0=2.00e-04  pw=6.73  aucα=0.000  token_p=0.020  dropE=(0.020,0.080)  smooth=0.010  train_loss=0.4756  train_AUPR_all=0.4516  train_AUPR_ab=0.5318  train_AUPR_ag=0.3025  train_P@5_ab=0.8500  train_P@5_ag=0.9000  val_loss=0.7129  val_AUPR_all=0.4668  val_AUPR_ab=0.5760  val_AUPR_ag=0.2754  val_P@5_ab=0.7500  val_P@5_ag=0.7000  select=0.4257
  Saved checkpoint: checkpoints_esm/iPara_balanced_l1_g6_i4_do0.10_dpr0.10_lr0.0002_heads16_fold4.pth  select=0.4257  val_ab=0.5760  val_ag=0.2754  val_all=0.4668
Ep004  LR0=1.99e-04  pw=6.19  aucα=0.000  token_p=0.020  dropE=(0.020,0.080)  smooth=0.010  train_loss=0.4336  train_AUPR_all=0.4815  train_AUPR_ab=0.5594  train_AUPR_ag=0.3333  train_P@5_ab=0.5000  train_P@5_ag=1.0000  val_loss=0.7154  val_AUPR_all=0.4819  val_AUPR_ab=0.6224  val_AUPR_ag=0.2646  val_P@5_ab=0.9500  val_P@5_ag=0.9500  select=0.4435
  Saved checkpoint: checkpoints_esm/iPara_balanced_l1_g6_i4_do0.10_dpr0.10_lr0.0002_heads16_fold4.pth  select=0.4435  val_ab=0.6224  val_ag=0.2646  val_all=0.4819
Ep005  LR0=1.99e-04  pw=5.69  aucα=0.000  token_p=0.020  dropE=(0.020,0.080)  smooth=0.010  train_loss=0.4085  train_AUPR_all=0.4953  train_AUPR_ab=0.5778  train_AUPR_ag=0.3362  train_P@5_ab=0.7000  train_P@5_ag=0.9000  val_loss=0.7712  val_AUPR_all=0.5029  val_AUPR_ab=0.6459  val_AUPR_ag=0.2797  val_P@5_ab=0.9500  val_P@5_ag=0.9500  select=0.4628
  Saved checkpoint: checkpoints_esm/iPara_balanced_l1_g6_i4_do0.10_dpr0.10_lr0.0002_heads16_fold4.pth  select=0.4628  val_ab=0.6459  val_ag=0.2797  val_all=0.5029
Ep006  LR0=1.98e-04  pw=5.25  aucα=0.000  token_p=0.020  dropE=(0.020,0.080)  smooth=0.010  train_loss=0.3879  train_AUPR_all=0.5050  train_AUPR_ab=0.5958  train_AUPR_ag=0.3435  train_P@5_ab=0.8000  train_P@5_ag=0.9500  val_loss=0.5996  val_AUPR_all=0.5243  val_AUPR_ab=0.6689  val_AUPR_ag=0.2868  val_P@5_ab=1.0000  val_P@5_ag=1.0000  select=0.4778
  Saved checkpoint: checkpoints_esm/iPara_balanced_l1_g6_i4_do0.10_dpr0.10_lr0.0002_heads16_fold4.pth  select=0.4778  val_ab=0.6689  val_ag=0.2868  val_all=0.5243
Ep007  LR0=1.97e-04  pw=4.84  aucα=0.000  token_p=0.020  dropE=(0.020,0.080)  smooth=0.010  train_loss=0.3578  train_AUPR_all=0.5380  train_AUPR_ab=0.6363  train_AUPR_ag=0.3578  train_P@5_ab=0.6500  train_P@5_ag=0.9500  val_loss=0.5964  val_AUPR_all=0.5142  val_AUPR_ab=0.6433  val_AUPR_ag=0.3058  val_P@5_ab=0.8000  val_P@5_ag=0.9500  select=0.4746
Ep008  LR0=1.96e-04  pw=4.48  aucα=0.000  token_p=0.020  dropE=(0.020,0.080)  smooth=0.010  train_loss=0.3402  train_AUPR_all=0.5350  train_AUPR_ab=0.6311  train_AUPR_ag=0.3547  train_P@5_ab=0.6000  train_P@5_ag=0.9500  val_loss=0.5586  val_AUPR_all=0.5405  val_AUPR_ab=0.6735  val_AUPR_ag=0.3180  val_P@5_ab=0.8000  val_P@5_ag=0.9500  select=0.4958
  Saved checkpoint: checkpoints_esm/iPara_balanced_l1_g6_i4_do0.10_dpr0.10_lr0.0002_heads16_fold4.pth  select=0.4958  val_ab=0.6735  val_ag=0.3180  val_all=0.5405
Ep009  LR0=1.95e-04  pw=4.15  aucα=0.000  token_p=0.020  dropE=(0.020,0.080)  smooth=0.010  train_loss=0.3200  train_AUPR_all=0.5517  train_AUPR_ab=0.6603  train_AUPR_ag=0.3608  train_P@5_ab=0.9000  train_P@5_ag=1.0000  val_loss=0.5257  val_AUPR_all=0.5372  val_AUPR_ab=0.6700  val_AUPR_ag=0.3340  val_P@5_ab=0.9000  val_P@5_ag=0.9500  select=0.5020
  Saved checkpoint: checkpoints_esm/iPara_balanced_l1_g6_i4_do0.10_dpr0.10_lr0.0002_heads16_fold4.pth  select=0.5020  val_ab=0.6700  val_ag=0.3340  val_all=0.5372
Ep010  LR0=1.94e-04  pw=3.85  aucα=0.030  token_p=0.020  dropE=(0.020,0.080)  smooth=0.010  train_loss=0.3243  train_AUPR_all=0.5518  train_AUPR_ab=0.6530  train_AUPR_ag=0.3715  train_P@5_ab=0.8000  train_P@5_ag=0.9500  val_loss=0.4811  val_AUPR_all=0.5587  val_AUPR_ab=0.6978  val_AUPR_ag=0.3268  val_P@5_ab=0.9500  val_P@5_ag=0.8500  select=0.5123
  Saved checkpoint: checkpoints_esm/iPara_balanced_l1_g6_i4_do0.10_dpr0.10_lr0.0002_heads16_fold4.pth  select=0.5123  val_ab=0.6978  val_ag=0.3268  val_all=0.5587
Unfreezing DyM parameters.
Ep011  LR0=1.92e-04  pw=3.58  aucα=0.060  token_p=0.020  dropE=(0.020,0.080)  smooth=0.010  train_loss=0.3217  train_AUPR_all=0.5672  train_AUPR_ab=0.6728  train_AUPR_ag=0.3797  train_P@5_ab=0.9500  train_P@5_ag=0.9500  val_loss=0.4814  val_AUPR_all=0.5434  val_AUPR_ab=0.6881  val_AUPR_ag=0.3404  val_P@5_ab=0.9500  val_P@5_ag=0.9000  select=0.5143
  Saved checkpoint: checkpoints_esm/iPara_balanced_l1_g6_i4_do0.10_dpr0.10_lr0.0002_heads16_fold4.pth  select=0.5143  val_ab=0.6881  val_ag=0.3404  val_all=0.5434
Ep012  LR0=1.91e-04  pw=3.33  aucα=0.090  token_p=0.020  dropE=(0.020,0.080)  smooth=0.010  train_loss=0.3211  train_AUPR_all=0.5733  train_AUPR_ab=0.6793  train_AUPR_ag=0.3895  train_P@5_ab=0.9000  train_P@5_ag=0.9500  val_loss=0.4526  val_AUPR_all=0.5573  val_AUPR_ab=0.6962  val_AUPR_ag=0.3284  val_P@5_ab=1.0000  val_P@5_ag=0.8500  select=0.5123
Ep013  LR0=1.89e-04  pw=3.11  aucα=0.120  token_p=0.020  dropE=(0.020,0.080)  smooth=0.010  train_loss=0.3218  train_AUPR_all=0.5798  train_AUPR_ab=0.6859  train_AUPR_ag=0.3951  train_P@5_ab=0.8000  train_P@5_ag=0.8000  val_loss=0.4176  val_AUPR_all=0.5827  val_AUPR_ab=0.7127  val_AUPR_ag=0.3733  val_P@5_ab=1.0000  val_P@5_ag=0.8500  select=0.5430
  Saved checkpoint: checkpoints_esm/iPara_balanced_l1_g6_i4_do0.10_dpr0.10_lr0.0002_heads16_fold4.pth  select=0.5430  val_ab=0.7127  val_ag=0.3733  val_all=0.5827
Ep014  LR0=1.87e-04  pw=2.91  aucα=0.150  token_p=0.020  dropE=(0.020,0.080)  smooth=0.010  train_loss=0.3223  train_AUPR_all=0.5902  train_AUPR_ab=0.7016  train_AUPR_ag=0.4039  train_P@5_ab=1.0000  train_P@5_ag=1.0000  val_loss=0.4277  val_AUPR_all=0.5775  val_AUPR_ab=0.7105  val_AUPR_ag=0.3636  val_P@5_ab=1.0000  val_P@5_ag=1.0000  select=0.5371
Ep015  LR0=1.85e-04  pw=2.73  aucα=0.180  token_p=0.020  dropE=(0.020,0.080)  smooth=0.010  train_loss=0.3235  train_AUPR_all=0.5959  train_AUPR_ab=0.7092  train_AUPR_ag=0.4053  train_P@5_ab=0.9500  train_P@5_ag=0.8500  val_loss=0.4096  val_AUPR_all=0.5750  val_AUPR_ab=0.7063  val_AUPR_ag=0.3557  val_P@5_ab=0.9000  val_P@5_ag=0.9500  select=0.5310
Ep016  LR0=1.83e-04  pw=2.56  aucα=0.210  token_p=0.020  dropE=(0.020,0.080)  smooth=0.010  train_loss=0.3262  train_AUPR_all=0.5985  train_AUPR_ab=0.7077  train_AUPR_ag=0.4168  train_P@5_ab=1.0000  train_P@5_ag=0.9500  val_loss=0.3831  val_AUPR_all=0.5980  val_AUPR_ab=0.7249  val_AUPR_ag=0.3921  val_P@5_ab=0.9500  val_P@5_ag=0.9500  select=0.5585
  Saved checkpoint: checkpoints_esm/iPara_balanced_l1_g6_i4_do0.10_dpr0.10_lr0.0002_heads16_fold4.pth  select=0.5585  val_ab=0.7249  val_ag=0.3921  val_all=0.5980
Ep017  LR0=1.81e-04  pw=2.41  aucα=0.240  token_p=0.020  dropE=(0.020,0.080)  smooth=0.010  train_loss=0.3267  train_AUPR_all=0.6096  train_AUPR_ab=0.7181  train_AUPR_ag=0.4288  train_P@5_ab=0.9000  train_P@5_ag=1.0000  val_loss=0.3782  val_AUPR_all=0.5887  val_AUPR_ab=0.7241  val_AUPR_ag=0.3693  val_P@5_ab=1.0000  val_P@5_ag=0.9000  select=0.5467
Ep018  LR0=1.79e-04  pw=2.28  aucα=0.270  token_p=0.020  dropE=(0.020,0.080)  smooth=0.010  train_loss=0.3279  train_AUPR_all=0.6194  train_AUPR_ab=0.7297  train_AUPR_ag=0.4378  train_P@5_ab=1.0000  train_P@5_ag=0.9500  val_loss=0.3830  val_AUPR_all=0.5756  val_AUPR_ab=0.7023  val_AUPR_ag=0.3706  val_P@5_ab=0.9500  val_P@5_ag=1.0000  select=0.5365
Ep019  LR0=1.76e-04  pw=2.16  aucα=0.300  token_p=0.020  dropE=(0.020,0.080)  smooth=0.010  train_loss=0.3331  train_AUPR_all=0.6212  train_AUPR_ab=0.7316  train_AUPR_ag=0.4410  train_P@5_ab=0.9500  train_P@5_ag=0.9500  val_loss=0.3625  val_AUPR_all=0.5904  val_AUPR_ab=0.7208  val_AUPR_ag=0.3841  val_P@5_ab=1.0000  val_P@5_ag=0.9500  select=0.5524
Ep020  LR0=1.73e-04  pw=2.05  aucα=0.300  token_p=0.020  dropE=(0.020,0.080)  smooth=0.010  train_loss=0.3218  train_AUPR_all=0.6303  train_AUPR_ab=0.7396  train_AUPR_ag=0.4525  train_P@5_ab=1.0000  train_P@5_ag=1.0000  val_loss=0.3665  val_AUPR_all=0.5738  val_AUPR_ab=0.7130  val_AUPR_ag=0.3768  val_P@5_ab=1.0000  val_P@5_ag=0.9000  select=0.5449
Ep021  LR0=1.71e-04  pw=1.95  aucα=0.300  token_p=0.020  dropE=(0.020,0.080)  smooth=0.010  train_loss=0.3107  train_AUPR_all=0.6365  train_AUPR_ab=0.7426  train_AUPR_ag=0.4640  train_P@5_ab=0.9500  train_P@5_ag=0.9500  val_loss=0.3455  val_AUPR_all=0.5999  val_AUPR_ab=0.7286  val_AUPR_ag=0.4010  val_P@5_ab=1.0000  val_P@5_ag=0.9500  select=0.5648
  Saved checkpoint: checkpoints_esm/iPara_balanced_l1_g6_i4_do0.10_dpr0.10_lr0.0002_heads16_fold4.pth  select=0.5648  val_ab=0.7286  val_ag=0.4010  val_all=0.5999
Ep022  LR0=1.68e-04  pw=1.86  aucα=0.300  token_p=0.020  dropE=(0.020,0.080)  smooth=0.010  train_loss=0.2993  train_AUPR_all=0.6493  train_AUPR_ab=0.7559  train_AUPR_ag=0.4793  train_P@5_ab=1.0000  train_P@5_ag=0.9000  val_loss=0.3325  val_AUPR_all=0.6116  val_AUPR_ab=0.7362  val_AUPR_ag=0.4163  val_P@5_ab=1.0000  val_P@5_ag=0.9000  select=0.5763
  Saved checkpoint: checkpoints_esm/iPara_balanced_l1_g6_i4_do0.10_dpr0.10_lr0.0002_heads16_fold4.pth  select=0.5763  val_ab=0.7362  val_ag=0.4163  val_all=0.6116
Ep023  LR0=1.65e-04  pw=1.78  aucα=0.300  token_p=0.020  dropE=(0.020,0.080)  smooth=0.010  train_loss=0.2914  train_AUPR_all=0.6543  train_AUPR_ab=0.7621  train_AUPR_ag=0.4831  train_P@5_ab=1.0000  train_P@5_ag=1.0000  val_loss=0.3268  val_AUPR_all=0.6085  val_AUPR_ab=0.7399  val_AUPR_ag=0.4013  val_P@5_ab=1.0000  val_P@5_ag=0.8500  select=0.5706
Ep024  LR0=1.62e-04  pw=1.70  aucα=0.300  token_p=0.020  dropE=(0.020,0.080)  smooth=0.010  train_loss=0.2852  train_AUPR_all=0.6606  train_AUPR_ab=0.7626  train_AUPR_ag=0.4973  train_P@5_ab=1.0000  train_P@5_ag=1.0000  val_loss=0.3404  val_AUPR_all=0.5856  val_AUPR_ab=0.7432  val_AUPR_ag=0.3760  val_P@5_ab=1.0000  val_P@5_ag=0.9500  select=0.5596
Ep025  LR0=1.59e-04  pw=1.64  aucα=0.300  token_p=0.020  dropE=(0.020,0.080)  smooth=0.010  train_loss=0.2769  train_AUPR_all=0.6648  train_AUPR_ab=0.7674  train_AUPR_ag=0.5022  train_P@5_ab=0.9000  train_P@5_ag=1.0000  val_loss=0.3193  val_AUPR_all=0.6057  val_AUPR_ab=0.7416  val_AUPR_ag=0.3892  val_P@5_ab=0.9500  val_P@5_ag=0.8000  select=0.5654
Ep026  LR0=1.56e-04  pw=1.57  aucα=0.300  token_p=0.020  dropE=(0.020,0.080)  smooth=0.010  train_loss=0.2671  train_AUPR_all=0.6769  train_AUPR_ab=0.7755  train_AUPR_ag=0.5212  train_P@5_ab=1.0000  train_P@5_ag=0.9500  val_loss=0.3160  val_AUPR_all=0.6095  val_AUPR_ab=0.7454  val_AUPR_ag=0.4007  val_P@5_ab=0.9500  val_P@5_ag=1.0000  select=0.5730
Ep027  LR0=1.52e-04  pw=1.52  aucα=0.300  token_p=0.020  dropE=(0.020,0.080)  smooth=0.010  train_loss=0.2590  train_AUPR_all=0.6851  train_AUPR_ab=0.7811  train_AUPR_ag=0.5343  train_P@5_ab=1.0000  train_P@5_ag=1.0000  val_loss=0.3207  val_AUPR_all=0.6029  val_AUPR_ab=0.7416  val_AUPR_ag=0.3871  val_P@5_ab=0.9500  val_P@5_ag=0.9000  select=0.5643
Ep028  LR0=1.49e-04  pw=1.47  aucα=0.300  token_p=0.020  dropE=(0.020,0.080)  smooth=0.010  train_loss=0.2517  train_AUPR_all=0.6919  train_AUPR_ab=0.7869  train_AUPR_ag=0.5443  train_P@5_ab=1.0000  train_P@5_ag=0.9000  val_loss=0.3112  val_AUPR_all=0.6028  val_AUPR_ab=0.7465  val_AUPR_ag=0.4014  val_P@5_ab=0.9500  val_P@5_ag=0.7500  select=0.5739
Ep029  LR0=1.46e-04  pw=1.43  aucα=0.300  token_p=0.020  dropE=(0.020,0.080)  smooth=0.010  train_loss=0.2408  train_AUPR_all=0.7079  train_AUPR_ab=0.7984  train_AUPR_ag=0.5663  train_P@5_ab=1.0000  train_P@5_ag=1.0000  val_loss=0.3141  val_AUPR_all=0.5986  val_AUPR_ab=0.7439  val_AUPR_ag=0.3815  val_P@5_ab=1.0000  val_P@5_ag=0.9500  select=0.5627
Ep030  LR0=1.42e-04  pw=1.39  aucα=0.300  token_p=0.020  dropE=(0.020,0.080)  smooth=0.010  train_loss=0.2325  train_AUPR_all=0.7182  train_AUPR_ab=0.8049  train_AUPR_ag=0.5842  train_P@5_ab=1.0000  train_P@5_ag=1.0000  val_loss=0.3091  val_AUPR_all=0.6026  val_AUPR_ab=0.7423  val_AUPR_ag=0.3868  val_P@5_ab=0.8000  val_P@5_ag=0.9000  select=0.5646
Ep031  LR0=1.38e-04  pw=1.35  aucα=0.300  token_p=0.020  dropE=(0.020,0.080)  smooth=0.010  train_loss=0.2336  train_AUPR_all=0.7126  train_AUPR_ab=0.7979  train_AUPR_ag=0.5805  train_P@5_ab=1.0000  train_P@5_ag=1.0000  val_loss=0.3132  val_AUPR_all=0.6003  val_AUPR_ab=0.7437  val_AUPR_ag=0.3915  val_P@5_ab=1.0000  val_P@5_ag=0.7500  select=0.5676
Ep032  LR0=1.35e-04  pw=1.32  aucα=0.300  token_p=0.020  dropE=(0.020,0.080)  smooth=0.010  train_loss=0.2239  train_AUPR_all=0.7261  train_AUPR_ab=0.8110  train_AUPR_ag=0.5945  train_P@5_ab=1.0000  train_P@5_ag=1.0000  val_loss=0.3092  val_AUPR_all=0.6076  val_AUPR_ab=0.7461  val_AUPR_ag=0.3960  val_P@5_ab=1.0000  val_P@5_ag=0.7500  select=0.5711
Ep033  LR0=1.31e-04  pw=1.29  aucα=0.300  token_p=0.020  dropE=(0.020,0.080)  smooth=0.010  train_loss=0.2160  train_AUPR_all=0.7381  train_AUPR_ab=0.8207  train_AUPR_ag=0.6096  train_P@5_ab=1.0000  train_P@5_ag=1.0000  val_loss=0.2994  val_AUPR_all=0.6164  val_AUPR_ab=0.7544  val_AUPR_ag=0.4057  val_P@5_ab=1.0000  val_P@5_ag=0.9500  select=0.5801
  Saved checkpoint: checkpoints_esm/iPara_balanced_l1_g6_i4_do0.10_dpr0.10_lr0.0002_heads16_fold4.pth  select=0.5801  val_ab=0.7544  val_ag=0.4057  val_all=0.6164
Ep034  LR0=1.27e-04  pw=1.26  aucα=0.300  token_p=0.020  dropE=(0.020,0.080)  smooth=0.010  train_loss=0.2099  train_AUPR_all=0.7476  train_AUPR_ab=0.8256  train_AUPR_ag=0.6281  train_P@5_ab=1.0000  train_P@5_ag=1.0000  val_loss=0.3107  val_AUPR_all=0.5887  val_AUPR_ab=0.7367  val_AUPR_ag=0.3554  val_P@5_ab=0.9000  val_P@5_ag=0.8500  select=0.5461
Ep035  LR0=1.24e-04  pw=1.23  aucα=0.300  token_p=0.020  dropE=(0.020,0.080)  smooth=0.010  train_loss=0.2060  train_AUPR_all=0.7505  train_AUPR_ab=0.8272  train_AUPR_ag=0.6322  train_P@5_ab=1.0000  train_P@5_ag=1.0000  val_loss=0.2997  val_AUPR_all=0.6083  val_AUPR_ab=0.7438  val_AUPR_ag=0.4106  val_P@5_ab=0.9500  val_P@5_ag=1.0000  select=0.5772
Ep036  LR0=1.20e-04  pw=1.21  aucα=0.300  token_p=0.020  dropE=(0.020,0.080)  smooth=0.010  train_loss=0.1955  train_AUPR_all=0.7670  train_AUPR_ab=0.8362  train_AUPR_ag=0.6618  train_P@5_ab=1.0000  train_P@5_ag=1.0000  val_loss=0.3023  val_AUPR_all=0.6084  val_AUPR_ab=0.7529  val_AUPR_ag=0.3923  val_P@5_ab=1.0000  val_P@5_ag=1.0000  select=0.5726
Ep037  LR0=1.16e-04  pw=1.19  aucα=0.300  token_p=0.020  dropE=(0.020,0.080)  smooth=0.010  train_loss=0.1901  train_AUPR_all=0.7747  train_AUPR_ab=0.8428  train_AUPR_ag=0.6701  train_P@5_ab=1.0000  train_P@5_ag=1.0000  val_loss=0.3072  val_AUPR_all=0.6080  val_AUPR_ab=0.7484  val_AUPR_ag=0.4132  val_P@5_ab=0.9500  val_P@5_ag=1.0000  select=0.5808
  Saved checkpoint: checkpoints_esm/iPara_balanced_l1_g6_i4_do0.10_dpr0.10_lr0.0002_heads16_fold4.pth  select=0.5808  val_ab=0.7484  val_ag=0.4132  val_all=0.6080
Ep038  LR0=1.12e-04  pw=1.17  aucα=0.300  token_p=0.020  dropE=(0.020,0.080)  smooth=0.010  train_loss=0.1894  train_AUPR_all=0.7751  train_AUPR_ab=0.8413  train_AUPR_ag=0.6750  train_P@5_ab=1.0000  train_P@5_ag=1.0000  val_loss=0.2999  val_AUPR_all=0.6035  val_AUPR_ab=0.7501  val_AUPR_ag=0.3992  val_P@5_ab=0.9500  val_P@5_ag=1.0000  select=0.5746
Ep039  LR0=1.08e-04  pw=1.16  aucα=0.300  token_p=0.020  dropE=(0.020,0.080)  smooth=0.010  train_loss=0.1846  train_AUPR_all=0.7819  train_AUPR_ab=0.8462  train_AUPR_ag=0.6840  train_P@5_ab=0.9500  train_P@5_ag=1.0000  val_loss=0.2971  val_AUPR_all=0.6097  val_AUPR_ab=0.7584  val_AUPR_ag=0.3987  val_P@5_ab=1.0000  val_P@5_ag=1.0000  select=0.5786
Ep040  LR0=1.04e-04  pw=1.14  aucα=0.300  token_p=0.020  dropE=(0.020,0.080)  smooth=0.010  train_loss=0.1809  train_AUPR_all=0.7879  train_AUPR_ab=0.8497  train_AUPR_ag=0.6947  train_P@5_ab=1.0000  train_P@5_ag=0.9500  val_loss=0.3052  val_AUPR_all=0.6060  val_AUPR_ab=0.7483  val_AUPR_ag=0.3987  val_P@5_ab=1.0000  val_P@5_ag=0.9500  select=0.5735
Ep041  LR0=1.00e-04  pw=1.13  aucα=0.300  token_p=0.020  dropE=(0.020,0.080)  smooth=0.010  train_loss=0.1735  train_AUPR_all=0.7992  train_AUPR_ab=0.8610  train_AUPR_ag=0.7048  train_P@5_ab=1.0000  train_P@5_ag=1.0000  val_loss=0.2954  val_AUPR_all=0.6229  val_AUPR_ab=0.7597  val_AUPR_ag=0.4308  val_P@5_ab=1.0000  val_P@5_ag=1.0000  select=0.5952
  Saved checkpoint: checkpoints_esm/iPara_balanced_l1_g6_i4_do0.10_dpr0.10_lr0.0002_heads16_fold4.pth  select=0.5952  val_ab=0.7597  val_ag=0.4308  val_all=0.6229
Ep042  LR0=9.63e-05  pw=1.12  aucα=0.300  token_p=0.020  dropE=(0.020,0.080)  smooth=0.010  train_loss=0.1710  train_AUPR_all=0.8034  train_AUPR_ab=0.8612  train_AUPR_ag=0.7164  train_P@5_ab=1.0000  train_P@5_ag=1.0000  val_loss=0.2972  val_AUPR_all=0.6082  val_AUPR_ab=0.7527  val_AUPR_ag=0.4071  val_P@5_ab=0.8500  val_P@5_ag=0.9500  select=0.5799
Ep043  LR0=9.24e-05  pw=1.10  aucα=0.300  token_p=0.020  dropE=(0.020,0.080)  smooth=0.010  train_loss=0.1647  train_AUPR_all=0.8132  train_AUPR_ab=0.8671  train_AUPR_ag=0.7320  train_P@5_ab=1.0000  train_P@5_ag=1.0000  val_loss=0.3096  val_AUPR_all=0.5985  val_AUPR_ab=0.7591  val_AUPR_ag=0.3910  val_P@5_ab=0.9000  val_P@5_ag=0.9000  select=0.5751
Ep044  LR0=8.85e-05  pw=1.09  aucα=0.300  token_p=0.020  dropE=(0.020,0.080)  smooth=0.010  train_loss=0.1605  train_AUPR_all=0.8191  train_AUPR_ab=0.8718  train_AUPR_ag=0.7400  train_P@5_ab=1.0000  train_P@5_ag=1.0000  val_loss=0.3056  val_AUPR_all=0.5964  val_AUPR_ab=0.7517  val_AUPR_ag=0.3832  val_P@5_ab=0.9000  val_P@5_ag=0.8500  select=0.5675
Ep045  LR0=8.46e-05  pw=1.09  aucα=0.300  token_p=0.020  dropE=(0.020,0.080)  smooth=0.010  train_loss=0.1611  train_AUPR_all=0.8179  train_AUPR_ab=0.8718  train_AUPR_ag=0.7365  train_P@5_ab=1.0000  train_P@5_ag=0.9500  val_loss=0.3097  val_AUPR_all=0.5894  val_AUPR_ab=0.7453  val_AUPR_ag=0.3758  val_P@5_ab=0.8500  val_P@5_ag=0.8000  select=0.5606
Ep046  LR0=8.08e-05  pw=1.08  aucα=0.300  token_p=0.020  dropE=(0.020,0.080)  smooth=0.010  train_loss=0.1570  train_AUPR_all=0.8252  train_AUPR_ab=0.8783  train_AUPR_ag=0.7445  train_P@5_ab=1.0000  train_P@5_ag=1.0000  val_loss=0.2908  val_AUPR_all=0.6154  val_AUPR_ab=0.7577  val_AUPR_ag=0.4194  val_P@5_ab=0.8000  val_P@5_ag=0.9000  select=0.5886
Ep047  LR0=7.70e-05  pw=1.07  aucα=0.300  token_p=0.020  dropE=(0.020,0.080)  smooth=0.010  train_loss=0.1529  train_AUPR_all=0.8295  train_AUPR_ab=0.8798  train_AUPR_ag=0.7531  train_P@5_ab=1.0000  train_P@5_ag=1.0000  val_loss=0.3059  val_AUPR_all=0.6090  val_AUPR_ab=0.7560  val_AUPR_ag=0.4119  val_P@5_ab=0.9000  val_P@5_ag=0.9500  select=0.5840
Ep048  LR0=7.32e-05  pw=1.06  aucα=0.300  token_p=0.020  dropE=(0.020,0.080)  smooth=0.010  train_loss=0.1494  train_AUPR_all=0.8375  train_AUPR_ab=0.8850  train_AUPR_ag=0.7658  train_P@5_ab=1.0000  train_P@5_ag=1.0000  val_loss=0.2975  val_AUPR_all=0.6145  val_AUPR_ab=0.7621  val_AUPR_ag=0.4047  val_P@5_ab=1.0000  val_P@5_ag=0.7500  select=0.5834
Ep049  LR0=6.94e-05  pw=1.06  aucα=0.300  token_p=0.020  dropE=(0.020,0.080)  smooth=0.010  train_loss=0.1448  train_AUPR_all=0.8438  train_AUPR_ab=0.8899  train_AUPR_ag=0.7741  train_P@5_ab=0.9500  train_P@5_ag=1.0000  val_loss=0.3065  val_AUPR_all=0.6138  val_AUPR_ab=0.7600  val_AUPR_ag=0.4105  val_P@5_ab=0.9000  val_P@5_ag=0.9500  select=0.5853
Ep050  LR0=6.57e-05  pw=1.05  aucα=0.300  token_p=0.020  dropE=(0.020,0.080)  smooth=0.010  train_loss=0.1397  train_AUPR_all=0.8535  train_AUPR_ab=0.8974  train_AUPR_ag=0.7866  train_P@5_ab=1.0000  train_P@5_ag=1.0000  val_loss=0.3086  val_AUPR_all=0.6020  val_AUPR_ab=0.7576  val_AUPR_ag=0.4029  val_P@5_ab=0.8500  val_P@5_ag=0.9500  select=0.5802
Ep051  LR0=6.21e-05  pw=1.05  aucα=0.300  token_p=0.020  dropE=(0.020,0.080)  smooth=0.010  train_loss=0.1384  train_AUPR_all=0.8545  train_AUPR_ab=0.8983  train_AUPR_ag=0.7879  train_P@5_ab=1.0000  train_P@5_ag=1.0000  val_loss=0.3027  val_AUPR_all=0.6103  val_AUPR_ab=0.7591  val_AUPR_ag=0.4125  val_P@5_ab=0.9000  val_P@5_ag=0.7500  select=0.5858
Ep052  LR0=5.85e-05  pw=1.04  aucα=0.300  token_p=0.020  dropE=(0.020,0.080)  smooth=0.010  train_loss=0.1352  train_AUPR_all=0.8600  train_AUPR_ab=0.9047  train_AUPR_ag=0.7912  train_P@5_ab=1.0000  train_P@5_ag=0.9500  val_loss=0.3084  val_AUPR_all=0.6046  val_AUPR_ab=0.7549  val_AUPR_ag=0.3936  val_P@5_ab=0.8500  val_P@5_ag=0.8000  select=0.5742
Ep053  LR0=5.50e-05  pw=1.04  aucα=0.300  token_p=0.020  dropE=(0.020,0.080)  smooth=0.010  train_loss=0.1316  train_AUPR_all=0.8664  train_AUPR_ab=0.9070  train_AUPR_ag=0.8039  train_P@5_ab=1.0000  train_P@5_ag=1.0000  val_loss=0.3128  val_AUPR_all=0.6027  val_AUPR_ab=0.7543  val_AUPR_ag=0.4010  val_P@5_ab=0.8500  val_P@5_ag=0.7500  select=0.5776
Ep054  LR0=5.15e-05  pw=1.03  aucα=0.300  token_p=0.020  dropE=(0.020,0.080)  smooth=0.010  train_loss=0.1351  train_AUPR_all=0.8587  train_AUPR_ab=0.8992  train_AUPR_ag=0.7977  train_P@5_ab=1.0000  train_P@5_ag=1.0000  val_loss=0.3096  val_AUPR_all=0.6013  val_AUPR_ab=0.7528  val_AUPR_ag=0.4000  val_P@5_ab=0.9500  val_P@5_ag=0.7500  select=0.5764
Ep055  LR0=4.81e-05  pw=1.03  aucα=0.300  token_p=0.020  dropE=(0.020,0.080)  smooth=0.010  train_loss=0.1280  train_AUPR_all=0.8714  train_AUPR_ab=0.9108  train_AUPR_ag=0.8118  train_P@5_ab=1.0000  train_P@5_ag=1.0000  val_loss=0.3058  val_AUPR_all=0.6079  val_AUPR_ab=0.7594  val_AUPR_ag=0.4042  val_P@5_ab=0.9500  val_P@5_ag=0.7000  select=0.5818
Ep056  LR0=4.48e-05  pw=1.03  aucα=0.300  token_p=0.020  dropE=(0.020,0.080)  smooth=0.010  train_loss=0.1312  train_AUPR_all=0.8663  train_AUPR_ab=0.9067  train_AUPR_ag=0.8051  train_P@5_ab=1.0000  train_P@5_ag=1.0000  val_loss=0.3044  val_AUPR_all=0.6040  val_AUPR_ab=0.7538  val_AUPR_ag=0.4027  val_P@5_ab=0.8500  val_P@5_ag=0.7000  select=0.5783
Ep057  LR0=4.16e-05  pw=1.03  aucα=0.300  token_p=0.020  dropE=(0.020,0.080)  smooth=0.010  train_loss=0.1271  train_AUPR_all=0.8727  train_AUPR_ab=0.9136  train_AUPR_ag=0.8099  train_P@5_ab=1.0000  train_P@5_ag=0.9500  val_loss=0.3059  val_AUPR_all=0.6048  val_AUPR_ab=0.7557  val_AUPR_ag=0.4022  val_P@5_ab=0.8500  val_P@5_ag=0.8000  select=0.5789
Ep058  LR0=3.85e-05  pw=1.02  aucα=0.300  token_p=0.020  dropE=(0.020,0.080)  smooth=0.010  train_loss=0.1255  train_AUPR_all=0.8753  train_AUPR_ab=0.9136  train_AUPR_ag=0.8169  train_P@5_ab=1.0000  train_P@5_ag=1.0000  val_loss=0.3055  val_AUPR_all=0.6069  val_AUPR_ab=0.7652  val_AUPR_ag=0.3966  val_P@5_ab=1.0000  val_P@5_ag=0.8000  select=0.5809
Ep059  LR0=3.55e-05  pw=1.02  aucα=0.300  token_p=0.020  dropE=(0.020,0.080)  smooth=0.010  train_loss=0.1228  train_AUPR_all=0.8811  train_AUPR_ab=0.9181  train_AUPR_ag=0.8244  train_P@5_ab=1.0000  train_P@5_ag=1.0000  val_loss=0.3038  val_AUPR_all=0.6065  val_AUPR_ab=0.7580  val_AUPR_ag=0.3989  val_P@5_ab=0.8000  val_P@5_ag=0.7000  select=0.5784
Ep060  LR0=3.25e-05  pw=1.02  aucα=0.300  token_p=0.020  dropE=(0.020,0.080)  smooth=0.010  train_loss=0.1211  train_AUPR_all=0.8823  train_AUPR_ab=0.9198  train_AUPR_ag=0.8246  train_P@5_ab=1.0000  train_P@5_ag=1.0000  val_loss=0.3108  val_AUPR_all=0.6040  val_AUPR_ab=0.7606  val_AUPR_ag=0.3994  val_P@5_ab=0.9000  val_P@5_ag=0.7500  select=0.5800
Ep061  LR0=2.97e-05  pw=1.02  aucα=0.300  token_p=0.020  dropE=(0.020,0.080)  smooth=0.010  train_loss=0.1186  train_AUPR_all=0.8865  train_AUPR_ab=0.9225  train_AUPR_ag=0.8309  train_P@5_ab=1.0000  train_P@5_ag=1.0000  val_loss=0.3051  val_AUPR_all=0.6074  val_AUPR_ab=0.7603  val_AUPR_ag=0.3987  val_P@5_ab=0.9000  val_P@5_ag=0.7500  select=0.5795
Early stopping at epoch 61. Best select=0.5952 at epoch 41.
Final saved checkpoint for fold 4: checkpoints_esm/iPara_balanced_l1_g6_i4_do0.10_dpr0.10_lr0.0002_heads16_fold4.pth
Best select=0.5952 at epoch 41

==========================================================================================
Fold 5/5
==========================================================================================
Train labels: valid=399660, pos=26617, neg=373043, ignore=699540, pos_frac=0.06660
Val labels: valid=100532, pos=6613, neg=93919, ignore=173068, pos_frac=0.06578
Initializing ClassificationModel with 6 GAT layers and residual connections...
Initializing MCModel with 6 GAT layers and 4 row attention layers (drop_path_rate=0.1, use_esm=True)
Initializing CoreModel with 1 layers, drop_path_rate=0.1
Ep001  LR0=2.00e-04  pw=8.00  aucα=0.000  token_p=0.020  dropE=(0.020,0.080)  smooth=0.010  train_loss=0.7248  train_AUPR_all=0.2963  train_AUPR_ab=0.3584  train_AUPR_ag=0.2092  train_P@5_ab=0.5500  train_P@5_ag=1.0000  val_loss=0.8714  val_AUPR_all=0.3983  val_AUPR_ab=0.5264  val_AUPR_ag=0.2003  val_P@5_ab=0.4500  val_P@5_ag=0.8000  select=0.3633
  Saved checkpoint: checkpoints_esm/iPara_balanced_l1_g6_i4_do0.10_dpr0.10_lr0.0002_heads16_fold5.pth  select=0.3633  val_ab=0.5264  val_ag=0.2003  val_all=0.3983
Ep002  LR0=2.00e-04  pw=7.33  aucα=0.000  token_p=0.020  dropE=(0.020,0.080)  smooth=0.010  train_loss=0.5265  train_AUPR_all=0.4086  train_AUPR_ab=0.4896  train_AUPR_ag=0.2726  train_P@5_ab=0.7500  train_P@5_ag=0.4500  val_loss=0.8336  val_AUPR_all=0.4117  val_AUPR_ab=0.5834  val_AUPR_ag=0.2148  val_P@5_ab=0.9500  val_P@5_ag=0.7500  select=0.3991
  Saved checkpoint: checkpoints_esm/iPara_balanced_l1_g6_i4_do0.10_dpr0.10_lr0.0002_heads16_fold5.pth  select=0.3991  val_ab=0.5834  val_ag=0.2148  val_all=0.4117
Ep003  LR0=2.00e-04  pw=6.73  aucα=0.000  token_p=0.020  dropE=(0.020,0.080)  smooth=0.010  train_loss=0.4745  train_AUPR_all=0.4500  train_AUPR_ab=0.5295  train_AUPR_ag=0.3020  train_P@5_ab=0.6000  train_P@5_ag=0.9500  val_loss=0.8198  val_AUPR_all=0.4360  val_AUPR_ab=0.6096  val_AUPR_ag=0.2552  val_P@5_ab=0.7000  val_P@5_ag=0.7000  select=0.4324
  Saved checkpoint: checkpoints_esm/iPara_balanced_l1_g6_i4_do0.10_dpr0.10_lr0.0002_heads16_fold5.pth  select=0.4324  val_ab=0.6096  val_ag=0.2552  val_all=0.4360
Ep004  LR0=1.99e-04  pw=6.19  aucα=0.000  token_p=0.020  dropE=(0.020,0.080)  smooth=0.010  train_loss=0.4374  train_AUPR_all=0.4809  train_AUPR_ab=0.5638  train_AUPR_ag=0.3207  train_P@5_ab=0.7500  train_P@5_ag=0.8500  val_loss=0.6049  val_AUPR_all=0.5186  val_AUPR_ab=0.6486  val_AUPR_ag=0.3171  val_P@5_ab=1.0000  val_P@5_ag=0.9500  select=0.4829
  Saved checkpoint: checkpoints_esm/iPara_balanced_l1_g6_i4_do0.10_dpr0.10_lr0.0002_heads16_fold5.pth  select=0.4829  val_ab=0.6486  val_ag=0.3171  val_all=0.5186
Ep005  LR0=1.99e-04  pw=5.69  aucα=0.000  token_p=0.020  dropE=(0.020,0.080)  smooth=0.010  train_loss=0.4068  train_AUPR_all=0.5065  train_AUPR_ab=0.5972  train_AUPR_ag=0.3404  train_P@5_ab=0.7500  train_P@5_ag=0.9500  val_loss=0.6572  val_AUPR_all=0.4958  val_AUPR_ab=0.6571  val_AUPR_ag=0.2558  val_P@5_ab=1.0000  val_P@5_ag=0.8500  select=0.4565
Ep006  LR0=1.98e-04  pw=5.25  aucα=0.000  token_p=0.020  dropE=(0.020,0.080)  smooth=0.010  train_loss=0.3793  train_AUPR_all=0.5149  train_AUPR_ab=0.6070  train_AUPR_ag=0.3460  train_P@5_ab=0.7500  train_P@5_ag=0.8000  val_loss=0.5962  val_AUPR_all=0.5056  val_AUPR_ab=0.6563  val_AUPR_ag=0.2793  val_P@5_ab=0.8000  val_P@5_ag=0.8000  select=0.4678
Ep007  LR0=1.97e-04  pw=4.84  aucα=0.000  token_p=0.020  dropE=(0.020,0.080)  smooth=0.010  train_loss=0.3647  train_AUPR_all=0.5253  train_AUPR_ab=0.6093  train_AUPR_ag=0.3651  train_P@5_ab=0.9000  train_P@5_ag=0.9500  val_loss=0.5171  val_AUPR_all=0.5592  val_AUPR_ab=0.6863  val_AUPR_ag=0.3508  val_P@5_ab=0.9500  val_P@5_ag=0.9500  select=0.5186
  Saved checkpoint: checkpoints_esm/iPara_balanced_l1_g6_i4_do0.10_dpr0.10_lr0.0002_heads16_fold5.pth  select=0.5186  val_ab=0.6863  val_ag=0.3508  val_all=0.5592
Ep008  LR0=1.96e-04  pw=4.48  aucα=0.000  token_p=0.020  dropE=(0.020,0.080)  smooth=0.010  train_loss=0.3426  train_AUPR_all=0.5318  train_AUPR_ab=0.6257  train_AUPR_ag=0.3586  train_P@5_ab=0.8500  train_P@5_ag=0.8500  val_loss=0.5693  val_AUPR_all=0.5244  val_AUPR_ab=0.6781  val_AUPR_ag=0.2983  val_P@5_ab=1.0000  val_P@5_ag=0.7000  select=0.4882
Ep009  LR0=1.95e-04  pw=4.15  aucα=0.000  token_p=0.020  dropE=(0.020,0.080)  smooth=0.010  train_loss=0.3228  train_AUPR_all=0.5506  train_AUPR_ab=0.6508  train_AUPR_ag=0.3746  train_P@5_ab=0.9500  train_P@5_ag=0.9500  val_loss=0.4821  val_AUPR_all=0.5549  val_AUPR_ab=0.6939  val_AUPR_ag=0.3450  val_P@5_ab=0.8500  val_P@5_ag=1.0000  select=0.5194
  Saved checkpoint: checkpoints_esm/iPara_balanced_l1_g6_i4_do0.10_dpr0.10_lr0.0002_heads16_fold5.pth  select=0.5194  val_ab=0.6939  val_ag=0.3450  val_all=0.5549
Ep010  LR0=1.94e-04  pw=3.85  aucα=0.030  token_p=0.020  dropE=(0.020,0.080)  smooth=0.010  train_loss=0.3231  train_AUPR_all=0.5559  train_AUPR_ab=0.6588  train_AUPR_ag=0.3747  train_P@5_ab=0.9500  train_P@5_ag=0.9500  val_loss=0.4764  val_AUPR_all=0.5620  val_AUPR_ab=0.6870  val_AUPR_ag=0.3496  val_P@5_ab=0.9500  val_P@5_ag=1.0000  select=0.5183
Unfreezing DyM parameters.
Ep011  LR0=1.92e-04  pw=3.58  aucα=0.060  token_p=0.020  dropE=(0.020,0.080)  smooth=0.010  train_loss=0.3179  train_AUPR_all=0.5668  train_AUPR_ab=0.6733  train_AUPR_ag=0.3842  train_P@5_ab=0.9000  train_P@5_ag=0.9500  val_loss=0.4632  val_AUPR_all=0.5738  val_AUPR_ab=0.7208  val_AUPR_ag=0.3336  val_P@5_ab=0.9500  val_P@5_ag=1.0000  select=0.5272
  Saved checkpoint: checkpoints_esm/iPara_balanced_l1_g6_i4_do0.10_dpr0.10_lr0.0002_heads16_fold5.pth  select=0.5272  val_ab=0.7208  val_ag=0.3336  val_all=0.5738
Ep012  LR0=1.91e-04  pw=3.33  aucα=0.090  token_p=0.020  dropE=(0.020,0.080)  smooth=0.010  train_loss=0.3191  train_AUPR_all=0.5780  train_AUPR_ab=0.6785  train_AUPR_ag=0.4041  train_P@5_ab=1.0000  train_P@5_ag=0.9000  val_loss=0.4639  val_AUPR_all=0.5595  val_AUPR_ab=0.7133  val_AUPR_ag=0.3221  val_P@5_ab=1.0000  val_P@5_ag=0.9500  select=0.5177
Ep013  LR0=1.89e-04  pw=3.11  aucα=0.120  token_p=0.020  dropE=(0.020,0.080)  smooth=0.010  train_loss=0.3183  train_AUPR_all=0.5872  train_AUPR_ab=0.6964  train_AUPR_ag=0.4010  train_P@5_ab=0.9500  train_P@5_ag=0.9000  val_loss=0.4289  val_AUPR_all=0.5803  val_AUPR_ab=0.7268  val_AUPR_ag=0.3368  val_P@5_ab=1.0000  val_P@5_ag=1.0000  select=0.5318
  Saved checkpoint: checkpoints_esm/iPara_balanced_l1_g6_i4_do0.10_dpr0.10_lr0.0002_heads16_fold5.pth  select=0.5318  val_ab=0.7268  val_ag=0.3368  val_all=0.5803
Ep014  LR0=1.87e-04  pw=2.91  aucα=0.150  token_p=0.020  dropE=(0.020,0.080)  smooth=0.010  train_loss=0.3216  train_AUPR_all=0.5898  train_AUPR_ab=0.6979  train_AUPR_ag=0.4079  train_P@5_ab=0.9500  train_P@5_ag=0.9500  val_loss=0.4271  val_AUPR_all=0.5601  val_AUPR_ab=0.7228  val_AUPR_ag=0.3297  val_P@5_ab=1.0000  val_P@5_ag=0.9500  select=0.5262
Ep015  LR0=1.85e-04  pw=2.73  aucα=0.180  token_p=0.020  dropE=(0.020,0.080)  smooth=0.010  train_loss=0.3233  train_AUPR_all=0.5947  train_AUPR_ab=0.7066  train_AUPR_ag=0.4111  train_P@5_ab=0.9500  train_P@5_ag=0.7500  val_loss=0.4727  val_AUPR_all=0.5079  val_AUPR_ab=0.7107  val_AUPR_ag=0.2458  val_P@5_ab=1.0000  val_P@5_ag=0.5000  select=0.4782
Ep016  LR0=1.83e-04  pw=2.56  aucα=0.210  token_p=0.020  dropE=(0.020,0.080)  smooth=0.010  train_loss=0.3243  train_AUPR_all=0.6040  train_AUPR_ab=0.7113  train_AUPR_ag=0.4254  train_P@5_ab=0.9000  train_P@5_ag=0.9500  val_loss=0.3786  val_AUPR_all=0.5925  val_AUPR_ab=0.7401  val_AUPR_ag=0.3524  val_P@5_ab=1.0000  val_P@5_ag=0.9500  select=0.5463
  Saved checkpoint: checkpoints_esm/iPara_balanced_l1_g6_i4_do0.10_dpr0.10_lr0.0002_heads16_fold5.pth  select=0.5463  val_ab=0.7401  val_ag=0.3524  val_all=0.5925
Ep017  LR0=1.81e-04  pw=2.41  aucα=0.240  token_p=0.020  dropE=(0.020,0.080)  smooth=0.010  train_loss=0.3256  train_AUPR_all=0.6105  train_AUPR_ab=0.7187  train_AUPR_ag=0.4340  train_P@5_ab=1.0000  train_P@5_ag=0.9000  val_loss=0.4210  val_AUPR_all=0.5484  val_AUPR_ab=0.7054  val_AUPR_ag=0.3270  val_P@5_ab=1.0000  val_P@5_ag=0.8500  select=0.5162
Ep018  LR0=1.79e-04  pw=2.28  aucα=0.270  token_p=0.020  dropE=(0.020,0.080)  smooth=0.010  train_loss=0.3268  train_AUPR_all=0.6183  train_AUPR_ab=0.7264  train_AUPR_ag=0.4405  train_P@5_ab=0.9500  train_P@5_ag=1.0000  val_loss=0.3876  val_AUPR_all=0.5727  val_AUPR_ab=0.7325  val_AUPR_ag=0.3432  val_P@5_ab=1.0000  val_P@5_ag=0.9000  select=0.5379
Ep019  LR0=1.76e-04  pw=2.16  aucα=0.300  token_p=0.020  dropE=(0.020,0.080)  smooth=0.010  train_loss=0.3281  train_AUPR_all=0.6295  train_AUPR_ab=0.7362  train_AUPR_ag=0.4553  train_P@5_ab=1.0000  train_P@5_ag=0.9500  val_loss=0.3720  val_AUPR_all=0.5761  val_AUPR_ab=0.7425  val_AUPR_ag=0.3346  val_P@5_ab=1.0000  val_P@5_ag=0.9500  select=0.5385
Ep020  LR0=1.73e-04  pw=2.05  aucα=0.300  token_p=0.020  dropE=(0.020,0.080)  smooth=0.010  train_loss=0.3186  train_AUPR_all=0.6347  train_AUPR_ab=0.7428  train_AUPR_ag=0.4603  train_P@5_ab=0.9000  train_P@5_ag=0.9500  val_loss=0.3423  val_AUPR_all=0.6089  val_AUPR_ab=0.7495  val_AUPR_ag=0.3863  val_P@5_ab=1.0000  val_P@5_ag=0.8500  select=0.5679
  Saved checkpoint: checkpoints_esm/iPara_balanced_l1_g6_i4_do0.10_dpr0.10_lr0.0002_heads16_fold5.pth  select=0.5679  val_ab=0.7495  val_ag=0.3863  val_all=0.6089
Ep021  LR0=1.71e-04  pw=1.95  aucα=0.300  token_p=0.020  dropE=(0.020,0.080)  smooth=0.010  train_loss=0.3022  train_AUPR_all=0.6503  train_AUPR_ab=0.7516  train_AUPR_ag=0.4885  train_P@5_ab=0.9500  train_P@5_ag=0.8000  val_loss=0.3571  val_AUPR_all=0.5883  val_AUPR_ab=0.7465  val_AUPR_ag=0.3718  val_P@5_ab=1.0000  val_P@5_ag=1.0000  select=0.5591
Ep022  LR0=1.68e-04  pw=1.86  aucα=0.300  token_p=0.020  dropE=(0.020,0.080)  smooth=0.010  train_loss=0.2973  train_AUPR_all=0.6528  train_AUPR_ab=0.7558  train_AUPR_ag=0.4892  train_P@5_ab=1.0000  train_P@5_ag=1.0000  val_loss=0.3466  val_AUPR_all=0.5850  val_AUPR_ab=0.7343  val_AUPR_ag=0.3594  val_P@5_ab=1.0000  val_P@5_ag=0.9500  select=0.5469
Ep023  LR0=1.65e-04  pw=1.78  aucα=0.300  token_p=0.020  dropE=(0.020,0.080)  smooth=0.010  train_loss=0.2888  train_AUPR_all=0.6579  train_AUPR_ab=0.7564  train_AUPR_ag=0.5012  train_P@5_ab=1.0000  train_P@5_ag=0.9500  val_loss=0.3425  val_AUPR_all=0.5915  val_AUPR_ab=0.7420  val_AUPR_ag=0.3630  val_P@5_ab=1.0000  val_P@5_ag=0.9500  select=0.5525
Ep024  LR0=1.62e-04  pw=1.70  aucα=0.300  token_p=0.020  dropE=(0.020,0.080)  smooth=0.010  train_loss=0.2788  train_AUPR_all=0.6665  train_AUPR_ab=0.7641  train_AUPR_ag=0.5111  train_P@5_ab=1.0000  train_P@5_ag=1.0000  val_loss=0.3560  val_AUPR_all=0.5739  val_AUPR_ab=0.7368  val_AUPR_ag=0.3725  val_P@5_ab=1.0000  val_P@5_ag=0.9000  select=0.5546
Ep025  LR0=1.59e-04  pw=1.64  aucα=0.300  token_p=0.020  dropE=(0.020,0.080)  smooth=0.010  train_loss=0.2719  train_AUPR_all=0.6736  train_AUPR_ab=0.7714  train_AUPR_ag=0.5193  train_P@5_ab=1.0000  train_P@5_ag=0.9500  val_loss=0.3288  val_AUPR_all=0.6005  val_AUPR_ab=0.7459  val_AUPR_ag=0.3887  val_P@5_ab=1.0000  val_P@5_ag=0.9500  select=0.5673
Ep026  LR0=1.56e-04  pw=1.57  aucα=0.300  token_p=0.020  dropE=(0.020,0.080)  smooth=0.010  train_loss=0.2578  train_AUPR_all=0.6923  train_AUPR_ab=0.7841  train_AUPR_ag=0.5484  train_P@5_ab=0.9000  train_P@5_ag=1.0000  val_loss=0.3361  val_AUPR_all=0.5983  val_AUPR_ab=0.7441  val_AUPR_ag=0.3886  val_P@5_ab=1.0000  val_P@5_ag=0.9500  select=0.5663
Ep027  LR0=1.52e-04  pw=1.52  aucα=0.300  token_p=0.020  dropE=(0.020,0.080)  smooth=0.010  train_loss=0.2512  train_AUPR_all=0.6985  train_AUPR_ab=0.7861  train_AUPR_ag=0.5629  train_P@5_ab=0.9500  train_P@5_ag=0.9500  val_loss=0.3276  val_AUPR_all=0.5964  val_AUPR_ab=0.7458  val_AUPR_ag=0.3854  val_P@5_ab=1.0000  val_P@5_ag=1.0000  select=0.5656
Ep028  LR0=1.49e-04  pw=1.47  aucα=0.300  token_p=0.020  dropE=(0.020,0.080)  smooth=0.010  train_loss=0.2455  train_AUPR_all=0.7010  train_AUPR_ab=0.7846  train_AUPR_ag=0.5719  train_P@5_ab=1.0000  train_P@5_ag=0.9000  val_loss=0.3319  val_AUPR_all=0.5707  val_AUPR_ab=0.7292  val_AUPR_ag=0.3419  val_P@5_ab=1.0000  val_P@5_ag=0.9000  select=0.5355
Ep029  LR0=1.46e-04  pw=1.43  aucα=0.300  token_p=0.020  dropE=(0.020,0.080)  smooth=0.010  train_loss=0.2340  train_AUPR_all=0.7177  train_AUPR_ab=0.7993  train_AUPR_ag=0.5924  train_P@5_ab=1.0000  train_P@5_ag=0.9500  val_loss=0.3326  val_AUPR_all=0.5915  val_AUPR_ab=0.7413  val_AUPR_ag=0.3723  val_P@5_ab=1.0000  val_P@5_ag=0.9500  select=0.5568
Ep030  LR0=1.42e-04  pw=1.39  aucα=0.300  token_p=0.020  dropE=(0.020,0.080)  smooth=0.010  train_loss=0.2300  train_AUPR_all=0.7211  train_AUPR_ab=0.8026  train_AUPR_ag=0.5950  train_P@5_ab=1.0000  train_P@5_ag=1.0000  val_loss=0.3288  val_AUPR_all=0.5734  val_AUPR_ab=0.7211  val_AUPR_ag=0.3621  val_P@5_ab=1.0000  val_P@5_ag=0.9000  select=0.5416
Ep031  LR0=1.38e-04  pw=1.35  aucα=0.300  token_p=0.020  dropE=(0.020,0.080)  smooth=0.010  train_loss=0.2272  train_AUPR_all=0.7215  train_AUPR_ab=0.7987  train_AUPR_ag=0.6035  train_P@5_ab=0.9000  train_P@5_ag=1.0000  val_loss=0.3161  val_AUPR_all=0.5958  val_AUPR_ab=0.7507  val_AUPR_ag=0.3791  val_P@5_ab=1.0000  val_P@5_ag=1.0000  select=0.5649
Ep032  LR0=1.35e-04  pw=1.32  aucα=0.300  token_p=0.020  dropE=(0.020,0.080)  smooth=0.010  train_loss=0.2158  train_AUPR_all=0.7373  train_AUPR_ab=0.8097  train_AUPR_ag=0.6270  train_P@5_ab=0.9500  train_P@5_ag=0.9500  val_loss=0.3150  val_AUPR_all=0.6022  val_AUPR_ab=0.7431  val_AUPR_ag=0.3920  val_P@5_ab=1.0000  val_P@5_ag=1.0000  select=0.5676
Ep033  LR0=1.31e-04  pw=1.29  aucα=0.300  token_p=0.020  dropE=(0.020,0.080)  smooth=0.010  train_loss=0.2118  train_AUPR_all=0.7444  train_AUPR_ab=0.8129  train_AUPR_ag=0.6414  train_P@5_ab=1.0000  train_P@5_ag=0.9500  val_loss=0.3306  val_AUPR_all=0.5799  val_AUPR_ab=0.7451  val_AUPR_ag=0.3759  val_P@5_ab=1.0000  val_P@5_ag=1.0000  select=0.5605
Ep034  LR0=1.27e-04  pw=1.26  aucα=0.300  token_p=0.020  dropE=(0.020,0.080)  smooth=0.010  train_loss=0.2044  train_AUPR_all=0.7548  train_AUPR_ab=0.8218  train_AUPR_ag=0.6537  train_P@5_ab=1.0000  train_P@5_ag=1.0000  val_loss=0.3211  val_AUPR_all=0.5925  val_AUPR_ab=0.7480  val_AUPR_ag=0.3807  val_P@5_ab=1.0000  val_P@5_ag=0.9000  select=0.5643
Ep035  LR0=1.24e-04  pw=1.23  aucα=0.300  token_p=0.020  dropE=(0.020,0.080)  smooth=0.010  train_loss=0.1969  train_AUPR_all=0.7639  train_AUPR_ab=0.8281  train_AUPR_ag=0.6666  train_P@5_ab=1.0000  train_P@5_ag=1.0000  val_loss=0.3187  val_AUPR_all=0.5852  val_AUPR_ab=0.7407  val_AUPR_ag=0.3718  val_P@5_ab=1.0000  val_P@5_ag=0.9000  select=0.5563
Ep036  LR0=1.20e-04  pw=1.21  aucα=0.300  token_p=0.020  dropE=(0.020,0.080)  smooth=0.010  train_loss=0.1914  train_AUPR_all=0.7743  train_AUPR_ab=0.8345  train_AUPR_ag=0.6842  train_P@5_ab=0.9500  train_P@5_ag=1.0000  val_loss=0.3203  val_AUPR_all=0.5875  val_AUPR_ab=0.7351  val_AUPR_ag=0.3917  val_P@5_ab=0.9500  val_P@5_ag=0.8000  select=0.5634
Ep037  LR0=1.16e-04  pw=1.19  aucα=0.300  token_p=0.020  dropE=(0.020,0.080)  smooth=0.010  train_loss=0.1876  train_AUPR_all=0.7768  train_AUPR_ab=0.8342  train_AUPR_ag=0.6914  train_P@5_ab=1.0000  train_P@5_ag=0.9500  val_loss=0.3172  val_AUPR_all=0.5873  val_AUPR_ab=0.7337  val_AUPR_ag=0.3767  val_P@5_ab=0.9500  val_P@5_ag=0.9500  select=0.5552
Ep038  LR0=1.12e-04  pw=1.17  aucα=0.300  token_p=0.020  dropE=(0.020,0.080)  smooth=0.010  train_loss=0.1818  train_AUPR_all=0.7866  train_AUPR_ab=0.8427  train_AUPR_ag=0.7029  train_P@5_ab=1.0000  train_P@5_ag=1.0000  val_loss=0.3223  val_AUPR_all=0.5793  val_AUPR_ab=0.7409  val_AUPR_ag=0.3628  val_P@5_ab=0.9500  val_P@5_ag=0.8500  select=0.5519
Ep039  LR0=1.08e-04  pw=1.16  aucα=0.300  token_p=0.020  dropE=(0.020,0.080)  smooth=0.010  train_loss=0.1793  train_AUPR_all=0.7889  train_AUPR_ab=0.8429  train_AUPR_ag=0.7087  train_P@5_ab=1.0000  train_P@5_ag=1.0000  val_loss=0.3209  val_AUPR_all=0.5774  val_AUPR_ab=0.7271  val_AUPR_ag=0.3647  val_P@5_ab=0.9500  val_P@5_ag=0.9500  select=0.5459
Ep040  LR0=1.04e-04  pw=1.14  aucα=0.300  token_p=0.020  dropE=(0.020,0.080)  smooth=0.010  train_loss=0.1730  train_AUPR_all=0.8013  train_AUPR_ab=0.8526  train_AUPR_ag=0.7253  train_P@5_ab=1.0000  train_P@5_ag=1.0000  val_loss=0.3254  val_AUPR_all=0.5799  val_AUPR_ab=0.7364  val_AUPR_ag=0.3772  val_P@5_ab=0.9500  val_P@5_ag=0.9500  select=0.5568
Ep041  LR0=1.00e-04  pw=1.13  aucα=0.300  token_p=0.020  dropE=(0.020,0.080)  smooth=0.010  train_loss=0.1673  train_AUPR_all=0.8090  train_AUPR_ab=0.8596  train_AUPR_ag=0.7334  train_P@5_ab=1.0000  train_P@5_ag=0.9500  val_loss=0.3224  val_AUPR_all=0.5851  val_AUPR_ab=0.7385  val_AUPR_ag=0.3703  val_P@5_ab=0.9500  val_P@5_ag=0.8500  select=0.5544
Ep042  LR0=9.63e-05  pw=1.12  aucα=0.300  token_p=0.020  dropE=(0.020,0.080)  smooth=0.010  train_loss=0.1631  train_AUPR_all=0.8146  train_AUPR_ab=0.8636  train_AUPR_ag=0.7418  train_P@5_ab=1.0000  train_P@5_ag=0.9500  val_loss=0.3248  val_AUPR_all=0.5790  val_AUPR_ab=0.7362  val_AUPR_ag=0.3587  val_P@5_ab=0.9500  val_P@5_ag=0.9500  select=0.5475
Ep043  LR0=9.24e-05  pw=1.10  aucα=0.300  token_p=0.020  dropE=(0.020,0.080)  smooth=0.010  train_loss=0.1610  train_AUPR_all=0.8182  train_AUPR_ab=0.8648  train_AUPR_ag=0.7492  train_P@5_ab=0.9500  train_P@5_ag=1.0000  val_loss=0.3138  val_AUPR_all=0.5855  val_AUPR_ab=0.7408  val_AUPR_ag=0.3713  val_P@5_ab=1.0000  val_P@5_ag=0.8000  select=0.5561
Ep044  LR0=8.85e-05  pw=1.09  aucα=0.300  token_p=0.020  dropE=(0.020,0.080)  smooth=0.010  train_loss=0.1557  train_AUPR_all=0.8271  train_AUPR_ab=0.8726  train_AUPR_ag=0.7594  train_P@5_ab=1.0000  train_P@5_ag=1.0000  val_loss=0.3169  val_AUPR_all=0.5846  val_AUPR_ab=0.7412  val_AUPR_ag=0.3682  val_P@5_ab=0.9500  val_P@5_ag=0.7000  select=0.5547
Ep045  LR0=8.46e-05  pw=1.09  aucα=0.300  token_p=0.020  dropE=(0.020,0.080)  smooth=0.010  train_loss=0.1518  train_AUPR_all=0.8335  train_AUPR_ab=0.8771  train_AUPR_ag=0.7685  train_P@5_ab=1.0000  train_P@5_ag=1.0000  val_loss=0.3084  val_AUPR_all=0.5993  val_AUPR_ab=0.7480  val_AUPR_ag=0.3851  val_P@5_ab=0.9500  val_P@5_ag=0.5500  select=0.5666
Early stopping at epoch 45. Best select=0.5679 at epoch 20.
Final saved checkpoint for fold 5: checkpoints_esm/iPara_balanced_l1_g6_i4_do0.10_dpr0.10_lr0.0002_heads16_fold5.pth
Best select=0.5679 at epoch 20
