Device: cuda
Visible GPUs: 1
GPU 0: NVIDIA RTX PRO 6000 Blackwell Server Edition
Config:
  sequence_file: para_tv_esmsequences_1600.npz
  data_file: para_tv_esminterfaces_1600.npz
  edge_file: para_tv_esmedges_1600.npz
  seq_len: 1600
  vocab_size: 31
  num_classes: 2
  pad_id: 1
  eoc_id: 24
  embed_dim: 256
  num_heads: 16
  num_layers: 1
  num_gnn_layers: 8
  num_int_layers: 4
  dropout: 0.1
  drop_path_rate: 0.1
  batch_size: 4
  num_epochs: 70
  warmup_epochs: 10
  min_stop_epoch: 45
  early_stop: 20
  learning_rate: 0.0002
  weight_decay: 0.0001
  max_grad_norm: 0.5
  accum_steps: 1
  amp: True
  weight_start: 20.0
  weight_end: 1.0
  weight_anneal_tau: 8.0
  dropedge_min: 0.02
  dropedge_max: 0.08
  token_drop_p: 0.02
  smooth_lambda: 0.01
  aucpr_alpha: 0.3
  aucpr_ramp_start: 10
  aucpr_ramp_len: 10
  aucpr_bins: 64
  aucpr_temp: 0.05
  antibody_loss_weight: 1.0
  antigen_loss_weight: 1.0
  n_splits: 5
  num_workers: 0
  select_ab_weight: 0.5
  select_ag_weight: 0.5
Dataset size: 858

==========================================================================================
Fold 1/5
==========================================================================================
Train labels: valid=399467, pos=26433, neg=373034, ignore=698133, pos_frac=0.06617
Val labels: valid=100725, pos=6797, neg=93928, ignore=174475, pos_frac=0.06748
Initializing ClassificationModel with 8 GAT layers and residual connections...
Initializing MCModel with 8 GAT layers and 4 row attention layers (drop_path_rate=0.1, use_esm=True)
Initializing CoreModel with 1 layers, drop_path_rate=0.1
Ep001  LR0=2.00e-04  pw=20.00  aucα=0.000  token_p=0.020  dropE=(0.020,0.080)  smooth=0.010  train_loss=1.2219  train_AUPR_all=0.1723  train_AUPR_ab=0.1870  train_AUPR_ag=0.1527  train_P@5_ab=0.1500  train_P@5_ag=0.0500  val_loss=1.2368  val_AUPR_all=0.3562  val_AUPR_ab=0.4288  val_AUPR_ag=0.2391  val_P@5_ab=0.4500  val_P@5_ag=0.7500  select=0.3340
  Saved checkpoint: checkpoints_newesm/iPara_balanced_l1_g8_i4_do0.10_dpr0.10_lr0.0002_heads16_fold1.pth  select=0.3340  val_ab=0.4288  val_ag=0.2391  val_all=0.3562
Ep002  LR0=2.00e-04  pw=17.77  aucα=0.000  token_p=0.020  dropE=(0.020,0.080)  smooth=0.010  train_loss=0.8343  train_AUPR_all=0.3630  train_AUPR_ab=0.4370  train_AUPR_ag=0.2433  train_P@5_ab=0.7000  train_P@5_ag=0.4500  val_loss=0.9978  val_AUPR_all=0.4638  val_AUPR_ab=0.5777  val_AUPR_ag=0.2800  val_P@5_ab=0.9500  val_P@5_ag=0.7500  select=0.4288
  Saved checkpoint: checkpoints_newesm/iPara_balanced_l1_g8_i4_do0.10_dpr0.10_lr0.0002_heads16_fold1.pth  select=0.4288  val_ab=0.5777  val_ag=0.2800  val_all=0.4638
Ep003  LR0=2.00e-04  pw=15.80  aucα=0.000  token_p=0.020  dropE=(0.020,0.080)  smooth=0.010  train_loss=0.7274  train_AUPR_all=0.4119  train_AUPR_ab=0.4907  train_AUPR_ag=0.2761  train_P@5_ab=0.8000  train_P@5_ag=0.7500  val_loss=1.1836  val_AUPR_all=0.4625  val_AUPR_ab=0.5705  val_AUPR_ag=0.3015  val_P@5_ab=0.6000  val_P@5_ag=1.0000  select=0.4360
  Saved checkpoint: checkpoints_newesm/iPara_balanced_l1_g8_i4_do0.10_dpr0.10_lr0.0002_heads16_fold1.pth  select=0.4360  val_ab=0.5705  val_ag=0.3015  val_all=0.4625
Ep004  LR0=1.99e-04  pw=14.06  aucα=0.000  token_p=0.020  dropE=(0.020,0.080)  smooth=0.010  train_loss=0.6663  train_AUPR_all=0.4398  train_AUPR_ab=0.5212  train_AUPR_ag=0.2929  train_P@5_ab=0.8000  train_P@5_ag=0.7500  val_loss=1.0031  val_AUPR_all=0.4579  val_AUPR_ab=0.5911  val_AUPR_ag=0.2817  val_P@5_ab=0.6500  val_P@5_ag=0.7000  select=0.4364
  Saved checkpoint: checkpoints_newesm/iPara_balanced_l1_g8_i4_do0.10_dpr0.10_lr0.0002_heads16_fold1.pth  select=0.4364  val_ab=0.5911  val_ag=0.2817  val_all=0.4579
Ep005  LR0=1.98e-04  pw=12.52  aucα=0.000  token_p=0.020  dropE=(0.020,0.080)  smooth=0.010  train_loss=0.6056  train_AUPR_all=0.4767  train_AUPR_ab=0.5574  train_AUPR_ag=0.3279  train_P@5_ab=0.6000  train_P@5_ag=1.0000  val_loss=1.1698  val_AUPR_all=0.4703  val_AUPR_ab=0.5953  val_AUPR_ag=0.2662  val_P@5_ab=0.8500  val_P@5_ag=0.9000  select=0.4307
Ep006  LR0=1.97e-04  pw=11.17  aucα=0.000  token_p=0.020  dropE=(0.020,0.080)  smooth=0.010  train_loss=0.5644  train_AUPR_all=0.4815  train_AUPR_ab=0.5686  train_AUPR_ag=0.3284  train_P@5_ab=0.8500  train_P@5_ag=0.8500  val_loss=0.9070  val_AUPR_all=0.5033  val_AUPR_ab=0.6271  val_AUPR_ag=0.3175  val_P@5_ab=0.8000  val_P@5_ag=0.8500  select=0.4723
  Saved checkpoint: checkpoints_newesm/iPara_balanced_l1_g8_i4_do0.10_dpr0.10_lr0.0002_heads16_fold1.pth  select=0.4723  val_ab=0.6271  val_ag=0.3175  val_all=0.5033
Ep007  LR0=1.96e-04  pw=9.97  aucα=0.000  token_p=0.020  dropE=(0.020,0.080)  smooth=0.010  train_loss=0.5333  train_AUPR_all=0.4955  train_AUPR_ab=0.5906  train_AUPR_ag=0.3303  train_P@5_ab=0.7500  train_P@5_ag=1.0000  val_loss=0.8065  val_AUPR_all=0.4877  val_AUPR_ab=0.6171  val_AUPR_ag=0.2828  val_P@5_ab=0.8000  val_P@5_ag=0.6000  select=0.4499
Ep008  LR0=1.95e-04  pw=8.92  aucα=0.000  token_p=0.020  dropE=(0.020,0.080)  smooth=0.010  train_loss=0.5003  train_AUPR_all=0.5008  train_AUPR_ab=0.5903  train_AUPR_ag=0.3405  train_P@5_ab=0.8000  train_P@5_ag=0.9000  val_loss=0.7509  val_AUPR_all=0.4964  val_AUPR_ab=0.6189  val_AUPR_ag=0.3119  val_P@5_ab=1.0000  val_P@5_ag=0.9000  select=0.4654
Ep009  LR0=1.94e-04  pw=7.99  aucα=0.000  token_p=0.020  dropE=(0.020,0.080)  smooth=0.010  train_loss=0.4629  train_AUPR_all=0.5230  train_AUPR_ab=0.6180  train_AUPR_ag=0.3548  train_P@5_ab=0.7500  train_P@5_ag=0.8000  val_loss=0.7721  val_AUPR_all=0.4919  val_AUPR_ab=0.6269  val_AUPR_ag=0.2933  val_P@5_ab=0.5500  val_P@5_ag=0.7000  select=0.4601
Ep010  LR0=1.92e-04  pw=7.17  aucα=0.030  token_p=0.020  dropE=(0.020,0.080)  smooth=0.010  train_loss=0.4558  train_AUPR_all=0.5186  train_AUPR_ab=0.6262  train_AUPR_ag=0.3408  train_P@5_ab=0.8000  train_P@5_ag=0.8000  val_loss=0.6350  val_AUPR_all=0.5356  val_AUPR_ab=0.6552  val_AUPR_ag=0.3447  val_P@5_ab=0.8500  val_P@5_ag=1.0000  select=0.4999
  Saved checkpoint: checkpoints_newesm/iPara_balanced_l1_g8_i4_do0.10_dpr0.10_lr0.0002_heads16_fold1.pth  select=0.4999  val_ab=0.6552  val_ag=0.3447  val_all=0.5356
Unfreezing DyM parameters.
Ep011  LR0=1.90e-04  pw=6.44  aucα=0.060  token_p=0.020  dropE=(0.020,0.080)  smooth=0.010  train_loss=0.4357  train_AUPR_all=0.5396  train_AUPR_ab=0.6380  train_AUPR_ag=0.3710  train_P@5_ab=0.9000  train_P@5_ag=0.9000  val_loss=0.6379  val_AUPR_all=0.5440  val_AUPR_ab=0.6748  val_AUPR_ag=0.3286  val_P@5_ab=0.9500  val_P@5_ag=0.9000  select=0.5017
  Saved checkpoint: checkpoints_newesm/iPara_balanced_l1_g8_i4_do0.10_dpr0.10_lr0.0002_heads16_fold1.pth  select=0.5017  val_ab=0.6748  val_ag=0.3286  val_all=0.5440
Ep012  LR0=1.88e-04  pw=5.80  aucα=0.090  token_p=0.020  dropE=(0.020,0.080)  smooth=0.010  train_loss=0.4291  train_AUPR_all=0.5451  train_AUPR_ab=0.6467  train_AUPR_ag=0.3748  train_P@5_ab=0.8000  train_P@5_ag=0.9000  val_loss=0.5751  val_AUPR_all=0.5403  val_AUPR_ab=0.6749  val_AUPR_ag=0.3315  val_P@5_ab=0.9000  val_P@5_ag=0.6500  select=0.5032
  Saved checkpoint: checkpoints_newesm/iPara_balanced_l1_g8_i4_do0.10_dpr0.10_lr0.0002_heads16_fold1.pth  select=0.5032  val_ab=0.6749  val_ag=0.3315  val_all=0.5403
Ep013  LR0=1.86e-04  pw=5.24  aucα=0.120  token_p=0.020  dropE=(0.020,0.080)  smooth=0.010  train_loss=0.4161  train_AUPR_all=0.5545  train_AUPR_ab=0.6567  train_AUPR_ag=0.3824  train_P@5_ab=0.8500  train_P@5_ag=0.7500  val_loss=0.6243  val_AUPR_all=0.5019  val_AUPR_ab=0.6429  val_AUPR_ag=0.3395  val_P@5_ab=1.0000  val_P@5_ag=1.0000  select=0.4912
Ep014  LR0=1.83e-04  pw=4.74  aucα=0.150  token_p=0.020  dropE=(0.020,0.080)  smooth=0.010  train_loss=0.4058  train_AUPR_all=0.5758  train_AUPR_ab=0.6794  train_AUPR_ag=0.4045  train_P@5_ab=0.9500  train_P@5_ag=0.9500  val_loss=0.5303  val_AUPR_all=0.5395  val_AUPR_ab=0.6813  val_AUPR_ag=0.3430  val_P@5_ab=0.9500  val_P@5_ag=0.9000  select=0.5122
  Saved checkpoint: checkpoints_newesm/iPara_balanced_l1_g8_i4_do0.10_dpr0.10_lr0.0002_heads16_fold1.pth  select=0.5122  val_ab=0.6813  val_ag=0.3430  val_all=0.5395
Ep015  LR0=1.81e-04  pw=4.30  aucα=0.180  token_p=0.020  dropE=(0.020,0.080)  smooth=0.010  train_loss=0.3961  train_AUPR_all=0.5838  train_AUPR_ab=0.6872  train_AUPR_ag=0.4123  train_P@5_ab=0.8500  train_P@5_ag=0.8000  val_loss=0.5179  val_AUPR_all=0.5376  val_AUPR_ab=0.6622  val_AUPR_ag=0.3466  val_P@5_ab=0.8500  val_P@5_ag=1.0000  select=0.5044
Ep016  LR0=1.78e-04  pw=3.91  aucα=0.210  token_p=0.020  dropE=(0.020,0.080)  smooth=0.010  train_loss=0.3913  train_AUPR_all=0.5864  train_AUPR_ab=0.6866  train_AUPR_ag=0.4200  train_P@5_ab=0.8500  train_P@5_ag=0.9500  val_loss=0.4948  val_AUPR_all=0.5360  val_AUPR_ab=0.6960  val_AUPR_ag=0.3413  val_P@5_ab=0.9500  val_P@5_ag=1.0000  select=0.5187
  Saved checkpoint: checkpoints_newesm/iPara_balanced_l1_g8_i4_do0.10_dpr0.10_lr0.0002_heads16_fold1.pth  select=0.5187  val_ab=0.6960  val_ag=0.3413  val_all=0.5360
Ep017  LR0=1.75e-04  pw=3.57  aucα=0.240  token_p=0.020  dropE=(0.020,0.080)  smooth=0.010  train_loss=0.3886  train_AUPR_all=0.5955  train_AUPR_ab=0.7024  train_AUPR_ag=0.4219  train_P@5_ab=0.9500  train_P@5_ag=1.0000  val_loss=0.4761  val_AUPR_all=0.5158  val_AUPR_ab=0.6844  val_AUPR_ag=0.3180  val_P@5_ab=1.0000  val_P@5_ag=0.6000  select=0.5012
Ep018  LR0=1.72e-04  pw=3.27  aucα=0.270  token_p=0.020  dropE=(0.020,0.080)  smooth=0.010  train_loss=0.3785  train_AUPR_all=0.6108  train_AUPR_ab=0.7145  train_AUPR_ag=0.4400  train_P@5_ab=1.0000  train_P@5_ag=0.9500  val_loss=0.4841  val_AUPR_all=0.5554  val_AUPR_ab=0.7057  val_AUPR_ag=0.3307  val_P@5_ab=1.0000  val_P@5_ag=1.0000  select=0.5182
Ep019  LR0=1.69e-04  pw=3.00  aucα=0.300  token_p=0.020  dropE=(0.020,0.080)  smooth=0.010  train_loss=0.3791  train_AUPR_all=0.6137  train_AUPR_ab=0.7203  train_AUPR_ag=0.4404  train_P@5_ab=0.9500  train_P@5_ag=0.9500  val_loss=0.4440  val_AUPR_all=0.5667  val_AUPR_ab=0.7133  val_AUPR_ag=0.3310  val_P@5_ab=1.0000  val_P@5_ag=1.0000  select=0.5222
  Saved checkpoint: checkpoints_newesm/iPara_balanced_l1_g8_i4_do0.10_dpr0.10_lr0.0002_heads16_fold1.pth  select=0.5222  val_ab=0.7133  val_ag=0.3310  val_all=0.5667
Ep020  LR0=1.66e-04  pw=2.77  aucα=0.300  token_p=0.020  dropE=(0.020,0.080)  smooth=0.010  train_loss=0.3594  train_AUPR_all=0.6230  train_AUPR_ab=0.7236  train_AUPR_ag=0.4595  train_P@5_ab=1.0000  train_P@5_ag=0.9500  val_loss=0.4235  val_AUPR_all=0.5691  val_AUPR_ab=0.7126  val_AUPR_ag=0.3433  val_P@5_ab=1.0000  val_P@5_ag=1.0000  select=0.5279
  Saved checkpoint: checkpoints_newesm/iPara_balanced_l1_g8_i4_do0.10_dpr0.10_lr0.0002_heads16_fold1.pth  select=0.5279  val_ab=0.7126  val_ag=0.3433  val_all=0.5691
Ep021  LR0=1.62e-04  pw=2.56  aucα=0.300  token_p=0.020  dropE=(0.020,0.080)  smooth=0.010  train_loss=0.3443  train_AUPR_all=0.6318  train_AUPR_ab=0.7312  train_AUPR_ag=0.4714  train_P@5_ab=0.9500  train_P@5_ag=1.0000  val_loss=0.4056  val_AUPR_all=0.5485  val_AUPR_ab=0.7193  val_AUPR_ag=0.3349  val_P@5_ab=1.0000  val_P@5_ag=0.9500  select=0.5271
Ep022  LR0=1.59e-04  pw=2.38  aucα=0.300  token_p=0.020  dropE=(0.020,0.080)  smooth=0.010  train_loss=0.3312  train_AUPR_all=0.6400  train_AUPR_ab=0.7429  train_AUPR_ag=0.4737  train_P@5_ab=1.0000  train_P@5_ag=0.9500  val_loss=0.3961  val_AUPR_all=0.5535  val_AUPR_ab=0.7202  val_AUPR_ag=0.3139  val_P@5_ab=1.0000  val_P@5_ag=0.9500  select=0.5171
Ep023  LR0=1.55e-04  pw=2.21  aucα=0.300  token_p=0.020  dropE=(0.020,0.080)  smooth=0.010  train_loss=0.3189  train_AUPR_all=0.6435  train_AUPR_ab=0.7452  train_AUPR_ag=0.4798  train_P@5_ab=1.0000  train_P@5_ag=0.9000  val_loss=0.3920  val_AUPR_all=0.5234  val_AUPR_ab=0.7087  val_AUPR_ag=0.3266  val_P@5_ab=0.9500  val_P@5_ag=0.9500  select=0.5177
Ep024  LR0=1.51e-04  pw=2.07  aucα=0.300  token_p=0.020  dropE=(0.020,0.080)  smooth=0.010  train_loss=0.3033  train_AUPR_all=0.6542  train_AUPR_ab=0.7516  train_AUPR_ag=0.4994  train_P@5_ab=1.0000  train_P@5_ag=0.8500  val_loss=0.3619  val_AUPR_all=0.5894  val_AUPR_ab=0.7334  val_AUPR_ag=0.3656  val_P@5_ab=0.9000  val_P@5_ag=0.9500  select=0.5495
  Saved checkpoint: checkpoints_newesm/iPara_balanced_l1_g8_i4_do0.10_dpr0.10_lr0.0002_heads16_fold1.pth  select=0.5495  val_ab=0.7334  val_ag=0.3656  val_all=0.5894
Ep025  LR0=1.48e-04  pw=1.95  aucα=0.300  token_p=0.020  dropE=(0.020,0.080)  smooth=0.010  train_loss=0.2926  train_AUPR_all=0.6631  train_AUPR_ab=0.7579  train_AUPR_ag=0.5141  train_P@5_ab=1.0000  train_P@5_ag=0.8500  val_loss=0.3516  val_AUPR_all=0.5959  val_AUPR_ab=0.7445  val_AUPR_ag=0.3815  val_P@5_ab=1.0000  val_P@5_ag=0.9500  select=0.5630
  Saved checkpoint: checkpoints_newesm/iPara_balanced_l1_g8_i4_do0.10_dpr0.10_lr0.0002_heads16_fold1.pth  select=0.5630  val_ab=0.7445  val_ag=0.3815  val_all=0.5959
Ep026  LR0=1.44e-04  pw=1.83  aucα=0.300  token_p=0.020  dropE=(0.020,0.080)  smooth=0.010  train_loss=0.2849  train_AUPR_all=0.6669  train_AUPR_ab=0.7611  train_AUPR_ag=0.5190  train_P@5_ab=1.0000  train_P@5_ag=0.9000  val_loss=0.3453  val_AUPR_all=0.6013  val_AUPR_ab=0.7376  val_AUPR_ag=0.3947  val_P@5_ab=0.9500  val_P@5_ag=0.9500  select=0.5662
  Saved checkpoint: checkpoints_newesm/iPara_balanced_l1_g8_i4_do0.10_dpr0.10_lr0.0002_heads16_fold1.pth  select=0.5662  val_ab=0.7376  val_ag=0.3947  val_all=0.6013
Ep027  LR0=1.39e-04  pw=1.74  aucα=0.300  token_p=0.020  dropE=(0.020,0.080)  smooth=0.010  train_loss=0.2722  train_AUPR_all=0.6800  train_AUPR_ab=0.7711  train_AUPR_ag=0.5379  train_P@5_ab=1.0000  train_P@5_ag=1.0000  val_loss=0.3381  val_AUPR_all=0.5882  val_AUPR_ab=0.7358  val_AUPR_ag=0.3772  val_P@5_ab=0.9500  val_P@5_ag=0.9500  select=0.5565
Ep028  LR0=1.35e-04  pw=1.65  aucα=0.300  token_p=0.020  dropE=(0.020,0.080)  smooth=0.010  train_loss=0.2642  train_AUPR_all=0.6840  train_AUPR_ab=0.7720  train_AUPR_ag=0.5477  train_P@5_ab=0.9000  train_P@5_ag=1.0000  val_loss=0.3435  val_AUPR_all=0.5730  val_AUPR_ab=0.7202  val_AUPR_ag=0.3594  val_P@5_ab=0.9000  val_P@5_ag=1.0000  select=0.5398
Ep029  LR0=1.31e-04  pw=1.57  aucα=0.300  token_p=0.020  dropE=(0.020,0.080)  smooth=0.010  train_loss=0.2553  train_AUPR_all=0.6931  train_AUPR_ab=0.7772  train_AUPR_ag=0.5637  train_P@5_ab=0.9500  train_P@5_ag=1.0000  val_loss=0.3358  val_AUPR_all=0.5794  val_AUPR_ab=0.7460  val_AUPR_ag=0.3753  val_P@5_ab=0.9500  val_P@5_ag=0.9500  select=0.5607
Ep030  LR0=1.27e-04  pw=1.51  aucα=0.300  token_p=0.020  dropE=(0.020,0.080)  smooth=0.010  train_loss=0.2459  train_AUPR_all=0.7039  train_AUPR_ab=0.7887  train_AUPR_ag=0.5733  train_P@5_ab=0.9500  train_P@5_ag=0.9500  val_loss=0.3199  val_AUPR_all=0.6030  val_AUPR_ab=0.7332  val_AUPR_ag=0.4025  val_P@5_ab=0.9500  val_P@5_ag=1.0000  select=0.5679
  Saved checkpoint: checkpoints_newesm/iPara_balanced_l1_g8_i4_do0.10_dpr0.10_lr0.0002_heads16_fold1.pth  select=0.5679  val_ab=0.7332  val_ag=0.4025  val_all=0.6030
Ep031  LR0=1.22e-04  pw=1.45  aucα=0.300  token_p=0.020  dropE=(0.020,0.080)  smooth=0.010  train_loss=0.2391  train_AUPR_all=0.7065  train_AUPR_ab=0.7847  train_AUPR_ag=0.5877  train_P@5_ab=1.0000  train_P@5_ag=1.0000  val_loss=0.3133  val_AUPR_all=0.6110  val_AUPR_ab=0.7545  val_AUPR_ag=0.4071  val_P@5_ab=0.9000  val_P@5_ag=0.9000  select=0.5808
  Saved checkpoint: checkpoints_newesm/iPara_balanced_l1_g8_i4_do0.10_dpr0.10_lr0.0002_heads16_fold1.pth  select=0.5808  val_ab=0.7545  val_ag=0.4071  val_all=0.6110
Ep032  LR0=1.18e-04  pw=1.39  aucα=0.300  token_p=0.020  dropE=(0.020,0.080)  smooth=0.010  train_loss=0.2287  train_AUPR_all=0.7252  train_AUPR_ab=0.7989  train_AUPR_ag=0.6127  train_P@5_ab=1.0000  train_P@5_ag=1.0000  val_loss=0.3181  val_AUPR_all=0.5962  val_AUPR_ab=0.7398  val_AUPR_ag=0.4061  val_P@5_ab=0.9000  val_P@5_ag=1.0000  select=0.5729
Ep033  LR0=1.14e-04  pw=1.35  aucα=0.300  token_p=0.020  dropE=(0.020,0.080)  smooth=0.010  train_loss=0.2241  train_AUPR_all=0.7290  train_AUPR_ab=0.8039  train_AUPR_ag=0.6147  train_P@5_ab=1.0000  train_P@5_ag=1.0000  val_loss=0.3375  val_AUPR_all=0.5882  val_AUPR_ab=0.7438  val_AUPR_ag=0.3859  val_P@5_ab=0.9500  val_P@5_ag=0.8500  select=0.5648
Ep034  LR0=1.09e-04  pw=1.31  aucα=0.300  token_p=0.020  dropE=(0.020,0.080)  smooth=0.010  train_loss=0.2228  train_AUPR_all=0.7259  train_AUPR_ab=0.7988  train_AUPR_ag=0.6159  train_P@5_ab=1.0000  train_P@5_ag=1.0000  val_loss=0.3101  val_AUPR_all=0.6037  val_AUPR_ab=0.7513  val_AUPR_ag=0.4065  val_P@5_ab=0.9000  val_P@5_ag=0.9500  select=0.5789
Ep035  LR0=1.05e-04  pw=1.27  aucα=0.300  token_p=0.020  dropE=(0.020,0.080)  smooth=0.010  train_loss=0.2157  train_AUPR_all=0.7359  train_AUPR_ab=0.8073  train_AUPR_ag=0.6281  train_P@5_ab=1.0000  train_P@5_ag=1.0000  val_loss=0.3007  val_AUPR_all=0.6082  val_AUPR_ab=0.7555  val_AUPR_ag=0.4110  val_P@5_ab=0.9500  val_P@5_ag=1.0000  select=0.5833
  Saved checkpoint: checkpoints_newesm/iPara_balanced_l1_g8_i4_do0.10_dpr0.10_lr0.0002_heads16_fold1.pth  select=0.5833  val_ab=0.7555  val_ag=0.4110  val_all=0.6082
Ep036  LR0=1.00e-04  pw=1.24  aucα=0.300  token_p=0.020  dropE=(0.020,0.080)  smooth=0.010  train_loss=0.2097  train_AUPR_all=0.7426  train_AUPR_ab=0.8145  train_AUPR_ag=0.6335  train_P@5_ab=1.0000  train_P@5_ag=1.0000  val_loss=0.3043  val_AUPR_all=0.6075  val_AUPR_ab=0.7546  val_AUPR_ag=0.4058  val_P@5_ab=0.9500  val_P@5_ag=1.0000  select=0.5802
Ep037  LR0=9.58e-05  pw=1.21  aucα=0.300  token_p=0.020  dropE=(0.020,0.080)  smooth=0.010  train_loss=0.2017  train_AUPR_all=0.7554  train_AUPR_ab=0.8224  train_AUPR_ag=0.6542  train_P@5_ab=1.0000  train_P@5_ag=0.9000  val_loss=0.3021  val_AUPR_all=0.6107  val_AUPR_ab=0.7581  val_AUPR_ag=0.4047  val_P@5_ab=1.0000  val_P@5_ag=1.0000  select=0.5814
Ep038  LR0=9.13e-05  pw=1.19  aucα=0.300  token_p=0.020  dropE=(0.020,0.080)  smooth=0.010  train_loss=0.1957  train_AUPR_all=0.7628  train_AUPR_ab=0.8290  train_AUPR_ag=0.6633  train_P@5_ab=1.0000  train_P@5_ag=0.9000  val_loss=0.3069  val_AUPR_all=0.5978  val_AUPR_ab=0.7474  val_AUPR_ag=0.4005  val_P@5_ab=0.9500  val_P@5_ag=0.8500  select=0.5740
Ep039  LR0=8.69e-05  pw=1.16  aucα=0.300  token_p=0.020  dropE=(0.020,0.080)  smooth=0.010  train_loss=0.1917  train_AUPR_all=0.7681  train_AUPR_ab=0.8309  train_AUPR_ag=0.6738  train_P@5_ab=1.0000  train_P@5_ag=1.0000  val_loss=0.3023  val_AUPR_all=0.6006  val_AUPR_ab=0.7553  val_AUPR_ag=0.3872  val_P@5_ab=1.0000  val_P@5_ag=0.7500  select=0.5713
Ep040  LR0=8.24e-05  pw=1.15  aucα=0.300  token_p=0.020  dropE=(0.020,0.080)  smooth=0.010  train_loss=0.1861  train_AUPR_all=0.7766  train_AUPR_ab=0.8339  train_AUPR_ag=0.6914  train_P@5_ab=0.9500  train_P@5_ag=1.0000  val_loss=0.3011  val_AUPR_all=0.6047  val_AUPR_ab=0.7472  val_AUPR_ag=0.4008  val_P@5_ab=0.9500  val_P@5_ag=1.0000  select=0.5740
Ep041  LR0=7.81e-05  pw=1.13  aucα=0.300  token_p=0.020  dropE=(0.020,0.080)  smooth=0.010  train_loss=0.1780  train_AUPR_all=0.7901  train_AUPR_ab=0.8456  train_AUPR_ag=0.7077  train_P@5_ab=1.0000  train_P@5_ag=1.0000  val_loss=0.2992  val_AUPR_all=0.5943  val_AUPR_ab=0.7537  val_AUPR_ag=0.4018  val_P@5_ab=1.0000  val_P@5_ag=0.8000  select=0.5777
Ep042  LR0=7.37e-05  pw=1.11  aucα=0.300  token_p=0.020  dropE=(0.020,0.080)  smooth=0.010  train_loss=0.1782  train_AUPR_all=0.7881  train_AUPR_ab=0.8438  train_AUPR_ag=0.7049  train_P@5_ab=1.0000  train_P@5_ag=1.0000  val_loss=0.2970  val_AUPR_all=0.6047  val_AUPR_ab=0.7559  val_AUPR_ag=0.4105  val_P@5_ab=0.9500  val_P@5_ag=0.9500  select=0.5832
Ep043  LR0=6.94e-05  pw=1.10  aucα=0.300  token_p=0.020  dropE=(0.020,0.080)  smooth=0.010  train_loss=0.1716  train_AUPR_all=0.7992  train_AUPR_ab=0.8522  train_AUPR_ag=0.7204  train_P@5_ab=1.0000  train_P@5_ag=1.0000  val_loss=0.3015  val_AUPR_all=0.5963  val_AUPR_ab=0.7390  val_AUPR_ag=0.4039  val_P@5_ab=0.9000  val_P@5_ag=0.9000  select=0.5714
Ep044  LR0=6.52e-05  pw=1.09  aucα=0.300  token_p=0.020  dropE=(0.020,0.080)  smooth=0.010  train_loss=0.1721  train_AUPR_all=0.7986  train_AUPR_ab=0.8524  train_AUPR_ag=0.7187  train_P@5_ab=1.0000  train_P@5_ag=0.9500  val_loss=0.2971  val_AUPR_all=0.6103  val_AUPR_ab=0.7565  val_AUPR_ag=0.3979  val_P@5_ab=1.0000  val_P@5_ag=0.8500  select=0.5772
Ep045  LR0=6.10e-05  pw=1.08  aucα=0.300  token_p=0.020  dropE=(0.020,0.080)  smooth=0.010  train_loss=0.1628  train_AUPR_all=0.8121  train_AUPR_ab=0.8597  train_AUPR_ag=0.7415  train_P@5_ab=1.0000  train_P@5_ag=1.0000  val_loss=0.3058  val_AUPR_all=0.6018  val_AUPR_ab=0.7547  val_AUPR_ag=0.3981  val_P@5_ab=1.0000  val_P@5_ag=0.9500  select=0.5764
Ep046  LR0=5.70e-05  pw=1.07  aucα=0.300  token_p=0.020  dropE=(0.020,0.080)  smooth=0.010  train_loss=0.1655  train_AUPR_all=0.8078  train_AUPR_ab=0.8578  train_AUPR_ag=0.7334  train_P@5_ab=1.0000  train_P@5_ag=1.0000  val_loss=0.2937  val_AUPR_all=0.6097  val_AUPR_ab=0.7615  val_AUPR_ag=0.4071  val_P@5_ab=1.0000  val_P@5_ag=0.8500  select=0.5843
  Saved checkpoint: checkpoints_newesm/iPara_balanced_l1_g8_i4_do0.10_dpr0.10_lr0.0002_heads16_fold1.pth  select=0.5843  val_ab=0.7615  val_ag=0.4071  val_all=0.6097
Ep047  LR0=5.30e-05  pw=1.06  aucα=0.300  token_p=0.020  dropE=(0.020,0.080)  smooth=0.010  train_loss=0.1592  train_AUPR_all=0.8181  train_AUPR_ab=0.8652  train_AUPR_ag=0.7486  train_P@5_ab=1.0000  train_P@5_ag=1.0000  val_loss=0.3095  val_AUPR_all=0.5958  val_AUPR_ab=0.7541  val_AUPR_ag=0.3849  val_P@5_ab=1.0000  val_P@5_ag=0.7500  select=0.5695
Ep048  LR0=4.91e-05  pw=1.05  aucα=0.300  token_p=0.020  dropE=(0.020,0.080)  smooth=0.010  train_loss=0.1574  train_AUPR_all=0.8208  train_AUPR_ab=0.8650  train_AUPR_ag=0.7559  train_P@5_ab=0.9500  train_P@5_ag=1.0000  val_loss=0.3103  val_AUPR_all=0.5908  val_AUPR_ab=0.7585  val_AUPR_ag=0.3781  val_P@5_ab=1.0000  val_P@5_ag=0.7500  select=0.5683
Ep049  LR0=4.53e-05  pw=1.05  aucα=0.300  token_p=0.020  dropE=(0.020,0.080)  smooth=0.010  train_loss=0.1540  train_AUPR_all=0.8273  train_AUPR_ab=0.8724  train_AUPR_ag=0.7602  train_P@5_ab=1.0000  train_P@5_ag=1.0000  val_loss=0.3013  val_AUPR_all=0.5982  val_AUPR_ab=0.7461  val_AUPR_ag=0.3927  val_P@5_ab=0.8500  val_P@5_ag=0.9000  select=0.5694
Ep050  LR0=4.16e-05  pw=1.04  aucα=0.300  token_p=0.020  dropE=(0.020,0.080)  smooth=0.010  train_loss=0.1492  train_AUPR_all=0.8346  train_AUPR_ab=0.8775  train_AUPR_ag=0.7712  train_P@5_ab=1.0000  train_P@5_ag=1.0000  val_loss=0.3067  val_AUPR_all=0.5990  val_AUPR_ab=0.7558  val_AUPR_ag=0.4005  val_P@5_ab=0.9500  val_P@5_ag=0.8500  select=0.5782
Ep051  LR0=3.81e-05  pw=1.04  aucα=0.300  token_p=0.020  dropE=(0.020,0.080)  smooth=0.010  train_loss=0.1526  train_AUPR_all=0.8280  train_AUPR_ab=0.8728  train_AUPR_ag=0.7622  train_P@5_ab=1.0000  train_P@5_ag=0.9500  val_loss=0.3005  val_AUPR_all=0.5996  val_AUPR_ab=0.7529  val_AUPR_ag=0.3935  val_P@5_ab=0.9500  val_P@5_ag=0.7000  select=0.5732
Ep052  LR0=3.46e-05  pw=1.03  aucα=0.300  token_p=0.020  dropE=(0.020,0.080)  smooth=0.010  train_loss=0.1493  train_AUPR_all=0.8330  train_AUPR_ab=0.8748  train_AUPR_ag=0.7716  train_P@5_ab=1.0000  train_P@5_ag=1.0000  val_loss=0.3018  val_AUPR_all=0.6007  val_AUPR_ab=0.7508  val_AUPR_ag=0.4065  val_P@5_ab=1.0000  val_P@5_ag=0.9500  select=0.5786
Ep053  LR0=3.13e-05  pw=1.03  aucα=0.300  token_p=0.020  dropE=(0.020,0.080)  smooth=0.010  train_loss=0.1493  train_AUPR_all=0.8341  train_AUPR_ab=0.8775  train_AUPR_ag=0.7699  train_P@5_ab=1.0000  train_P@5_ag=1.0000  val_loss=0.3081  val_AUPR_all=0.5986  val_AUPR_ab=0.7561  val_AUPR_ag=0.3949  val_P@5_ab=1.0000  val_P@5_ag=0.8500  select=0.5755
Ep054  LR0=2.82e-05  pw=1.03  aucα=0.300  token_p=0.020  dropE=(0.020,0.080)  smooth=0.010  train_loss=0.1450  train_AUPR_all=0.8403  train_AUPR_ab=0.8813  train_AUPR_ag=0.7793  train_P@5_ab=1.0000  train_P@5_ag=1.0000  val_loss=0.3079  val_AUPR_all=0.5947  val_AUPR_ab=0.7471  val_AUPR_ag=0.3956  val_P@5_ab=0.9500  val_P@5_ag=0.6000  select=0.5713
Ep055  LR0=2.51e-05  pw=1.02  aucα=0.300  token_p=0.020  dropE=(0.020,0.080)  smooth=0.010  train_loss=0.1396  train_AUPR_all=0.8497  train_AUPR_ab=0.8881  train_AUPR_ag=0.7928  train_P@5_ab=1.0000  train_P@5_ag=0.9500  val_loss=0.3032  val_AUPR_all=0.6022  val_AUPR_ab=0.7524  val_AUPR_ag=0.3993  val_P@5_ab=0.8500  val_P@5_ag=0.7000  select=0.5759
Ep056  LR0=2.23e-05  pw=1.02  aucα=0.300  token_p=0.020  dropE=(0.020,0.080)  smooth=0.010  train_loss=0.1424  train_AUPR_all=0.8448  train_AUPR_ab=0.8834  train_AUPR_ag=0.7882  train_P@5_ab=0.9500  train_P@5_ag=1.0000  val_loss=0.3029  val_AUPR_all=0.6023  val_AUPR_ab=0.7574  val_AUPR_ag=0.3966  val_P@5_ab=1.0000  val_P@5_ag=0.7000  select=0.5770
Ep057  LR0=1.96e-05  pw=1.02  aucα=0.300  token_p=0.020  dropE=(0.020,0.080)  smooth=0.010  train_loss=0.1346  train_AUPR_all=0.8578  train_AUPR_ab=0.8951  train_AUPR_ag=0.8024  train_P@5_ab=1.0000  train_P@5_ag=1.0000  val_loss=0.3083  val_AUPR_all=0.5964  val_AUPR_ab=0.7512  val_AUPR_ag=0.3896  val_P@5_ab=0.9500  val_P@5_ag=0.6500  select=0.5704
Ep058  LR0=1.70e-05  pw=1.02  aucα=0.300  token_p=0.020  dropE=(0.020,0.080)  smooth=0.010  train_loss=0.1336  train_AUPR_all=0.8601  train_AUPR_ab=0.8954  train_AUPR_ag=0.8080  train_P@5_ab=1.0000  train_P@5_ag=0.9500  val_loss=0.3090  val_AUPR_all=0.5945  val_AUPR_ab=0.7485  val_AUPR_ag=0.3916  val_P@5_ab=0.9500  val_P@5_ag=0.6000  select=0.5700
Ep059  LR0=1.46e-05  pw=1.01  aucα=0.300  token_p=0.020  dropE=(0.020,0.080)  smooth=0.010  train_loss=0.1326  train_AUPR_all=0.8624  train_AUPR_ab=0.8998  train_AUPR_ag=0.8064  train_P@5_ab=1.0000  train_P@5_ag=1.0000  val_loss=0.3108  val_AUPR_all=0.5983  val_AUPR_ab=0.7521  val_AUPR_ag=0.3956  val_P@5_ab=1.0000  val_P@5_ag=0.8000  select=0.5738
Ep060  LR0=1.24e-05  pw=1.01  aucα=0.300  token_p=0.020  dropE=(0.020,0.080)  smooth=0.010  train_loss=0.1333  train_AUPR_all=0.8611  train_AUPR_ab=0.8988  train_AUPR_ag=0.8047  train_P@5_ab=1.0000  train_P@5_ag=0.9500  val_loss=0.3111  val_AUPR_all=0.5958  val_AUPR_ab=0.7522  val_AUPR_ag=0.3932  val_P@5_ab=1.0000  val_P@5_ag=0.7000  select=0.5727
Ep061  LR0=1.04e-05  pw=1.01  aucα=0.300  token_p=0.020  dropE=(0.020,0.080)  smooth=0.010  train_loss=0.1327  train_AUPR_all=0.8625  train_AUPR_ab=0.8996  train_AUPR_ag=0.8074  train_P@5_ab=1.0000  train_P@5_ag=1.0000  val_loss=0.3082  val_AUPR_all=0.5961  val_AUPR_ab=0.7502  val_AUPR_ag=0.3920  val_P@5_ab=0.9500  val_P@5_ag=0.7000  select=0.5711
Ep062  LR0=8.53e-06  pw=1.01  aucα=0.300  token_p=0.020  dropE=(0.020,0.080)  smooth=0.010  train_loss=0.1304  train_AUPR_all=0.8653  train_AUPR_ab=0.9006  train_AUPR_ag=0.8131  train_P@5_ab=1.0000  train_P@5_ag=1.0000  val_loss=0.3101  val_AUPR_all=0.5950  val_AUPR_ab=0.7484  val_AUPR_ag=0.3979  val_P@5_ab=0.9000  val_P@5_ag=0.8500  select=0.5732
Ep063  LR0=6.86e-06  pw=1.01  aucα=0.300  token_p=0.020  dropE=(0.020,0.080)  smooth=0.010  train_loss=0.1341  train_AUPR_all=0.8580  train_AUPR_ab=0.8962  train_AUPR_ag=0.8006  train_P@5_ab=1.0000  train_P@5_ag=1.0000  val_loss=0.3066  val_AUPR_all=0.5978  val_AUPR_ab=0.7467  val_AUPR_ag=0.3989  val_P@5_ab=0.8500  val_P@5_ag=0.9500  select=0.5728
Ep064  LR0=5.38e-06  pw=1.01  aucα=0.300  token_p=0.020  dropE=(0.020,0.080)  smooth=0.010  train_loss=0.1300  train_AUPR_all=0.8661  train_AUPR_ab=0.9004  train_AUPR_ag=0.8157  train_P@5_ab=1.0000  train_P@5_ag=1.0000  val_loss=0.3083  val_AUPR_all=0.5968  val_AUPR_ab=0.7477  val_AUPR_ag=0.3987  val_P@5_ab=0.9000  val_P@5_ag=0.9500  select=0.5732
Ep065  LR0=4.09e-06  pw=1.01  aucα=0.300  token_p=0.020  dropE=(0.020,0.080)  smooth=0.010  train_loss=0.1289  train_AUPR_all=0.8670  train_AUPR_ab=0.9024  train_AUPR_ag=0.8145  train_P@5_ab=1.0000  train_P@5_ag=0.9500  val_loss=0.3099  val_AUPR_all=0.5971  val_AUPR_ab=0.7480  val_AUPR_ag=0.4001  val_P@5_ab=0.9000  val_P@5_ag=0.9000  select=0.5740
Ep066  LR0=3.00e-06  pw=1.01  aucα=0.300  token_p=0.020  dropE=(0.020,0.080)  smooth=0.010  train_loss=0.1300  train_AUPR_all=0.8653  train_AUPR_ab=0.9002  train_AUPR_ag=0.8137  train_P@5_ab=1.0000  train_P@5_ag=1.0000  val_loss=0.3089  val_AUPR_all=0.5977  val_AUPR_ab=0.7482  val_AUPR_ag=0.4005  val_P@5_ab=0.8500  val_P@5_ag=0.9000  select=0.5744
Early stopping at epoch 66. Best select=0.5843 at epoch 46.
Final saved checkpoint for fold 1: checkpoints_newesm/iPara_balanced_l1_g8_i4_do0.10_dpr0.10_lr0.0002_heads16_fold1.pth
Best select=0.5843 at epoch 46

==========================================================================================
Fold 2/5
==========================================================================================
Train labels: valid=400834, pos=26650, neg=374184, ignore=696766, pos_frac=0.06649
Val labels: valid=99358, pos=6580, neg=92778, ignore=175842, pos_frac=0.06623
Initializing ClassificationModel with 8 GAT layers and residual connections...
Initializing MCModel with 8 GAT layers and 4 row attention layers (drop_path_rate=0.1, use_esm=True)
Initializing CoreModel with 1 layers, drop_path_rate=0.1
Ep001  LR0=2.00e-04  pw=20.00  aucα=0.000  token_p=0.020  dropE=(0.020,0.080)  smooth=0.010  train_loss=1.2335  train_AUPR_all=0.1716  train_AUPR_ab=0.1910  train_AUPR_ag=0.1468  train_P@5_ab=0.1000  train_P@5_ag=0.0500  val_loss=1.3602  val_AUPR_all=0.3245  val_AUPR_ab=0.4071  val_AUPR_ag=0.1685  val_P@5_ab=0.7000  val_P@5_ag=0.3500  select=0.2878
  Saved checkpoint: checkpoints_newesm/iPara_balanced_l1_g8_i4_do0.10_dpr0.10_lr0.0002_heads16_fold2.pth  select=0.2878  val_ab=0.4071  val_ag=0.1685  val_all=0.3245
Ep002  LR0=2.00e-04  pw=17.77  aucα=0.000  token_p=0.020  dropE=(0.020,0.080)  smooth=0.010  train_loss=0.8428  train_AUPR_all=0.3585  train_AUPR_ab=0.4318  train_AUPR_ag=0.2392  train_P@5_ab=0.7500  train_P@5_ag=1.0000  val_loss=1.3732  val_AUPR_all=0.3237  val_AUPR_ab=0.3500  val_AUPR_ag=0.2895  val_P@5_ab=0.2500  val_P@5_ag=0.8500  select=0.3197
  Saved checkpoint: checkpoints_newesm/iPara_balanced_l1_g8_i4_do0.10_dpr0.10_lr0.0002_heads16_fold2.pth  select=0.3197  val_ab=0.3500  val_ag=0.2895  val_all=0.3237
Ep003  LR0=2.00e-04  pw=15.80  aucα=0.000  token_p=0.020  dropE=(0.020,0.080)  smooth=0.010  train_loss=0.7521  train_AUPR_all=0.3990  train_AUPR_ab=0.4679  train_AUPR_ag=0.2746  train_P@5_ab=0.4500  train_P@5_ag=0.7500  val_loss=1.3455  val_AUPR_all=0.4303  val_AUPR_ab=0.5345  val_AUPR_ag=0.2730  val_P@5_ab=0.6500  val_P@5_ag=0.8000  select=0.4037
  Saved checkpoint: checkpoints_newesm/iPara_balanced_l1_g8_i4_do0.10_dpr0.10_lr0.0002_heads16_fold2.pth  select=0.4037  val_ab=0.5345  val_ag=0.2730  val_all=0.4303
Ep004  LR0=1.99e-04  pw=14.06  aucα=0.000  token_p=0.020  dropE=(0.020,0.080)  smooth=0.010  train_loss=0.6723  train_AUPR_all=0.4267  train_AUPR_ab=0.5091  train_AUPR_ag=0.2824  train_P@5_ab=0.6500  train_P@5_ag=0.8000  val_loss=1.1176  val_AUPR_all=0.3953  val_AUPR_ab=0.5540  val_AUPR_ag=0.2126  val_P@5_ab=0.8000  val_P@5_ag=0.4000  select=0.3833
Ep005  LR0=1.98e-04  pw=12.52  aucα=0.000  token_p=0.020  dropE=(0.020,0.080)  smooth=0.010  train_loss=0.6312  train_AUPR_all=0.4577  train_AUPR_ab=0.5389  train_AUPR_ag=0.3041  train_P@5_ab=0.8000  train_P@5_ag=0.8500  val_loss=0.8447  val_AUPR_all=0.5109  val_AUPR_ab=0.5940  val_AUPR_ag=0.3406  val_P@5_ab=0.6500  val_P@5_ag=0.9000  select=0.4673
  Saved checkpoint: checkpoints_newesm/iPara_balanced_l1_g8_i4_do0.10_dpr0.10_lr0.0002_heads16_fold2.pth  select=0.4673  val_ab=0.5940  val_ag=0.3406  val_all=0.5109
Ep006  LR0=1.97e-04  pw=11.17  aucα=0.000  token_p=0.020  dropE=(0.020,0.080)  smooth=0.010  train_loss=0.5742  train_AUPR_all=0.4786  train_AUPR_ab=0.5690  train_AUPR_ag=0.3167  train_P@5_ab=0.8000  train_P@5_ag=0.8000  val_loss=0.7888  val_AUPR_all=0.4769  val_AUPR_ab=0.5612  val_AUPR_ag=0.3177  val_P@5_ab=0.6000  val_P@5_ag=0.9000  select=0.4394
Ep007  LR0=1.96e-04  pw=9.97  aucα=0.000  token_p=0.020  dropE=(0.020,0.080)  smooth=0.010  train_loss=0.5392  train_AUPR_all=0.4755  train_AUPR_ab=0.5761  train_AUPR_ag=0.3074  train_P@5_ab=0.6000  train_P@5_ag=0.7000  val_loss=0.7251  val_AUPR_all=0.5213  val_AUPR_ab=0.6034  val_AUPR_ag=0.3508  val_P@5_ab=0.5500  val_P@5_ag=0.9500  select=0.4771
  Saved checkpoint: checkpoints_newesm/iPara_balanced_l1_g8_i4_do0.10_dpr0.10_lr0.0002_heads16_fold2.pth  select=0.4771  val_ab=0.6034  val_ag=0.3508  val_all=0.5213
Ep008  LR0=1.95e-04  pw=8.92  aucα=0.000  token_p=0.020  dropE=(0.020,0.080)  smooth=0.010  train_loss=0.5047  train_AUPR_all=0.4971  train_AUPR_ab=0.5915  train_AUPR_ag=0.3346  train_P@5_ab=0.6000  train_P@5_ag=0.9000  val_loss=0.7469  val_AUPR_all=0.5042  val_AUPR_ab=0.6023  val_AUPR_ag=0.3255  val_P@5_ab=0.4500  val_P@5_ag=0.8000  select=0.4639
Ep009  LR0=1.94e-04  pw=7.99  aucα=0.000  token_p=0.020  dropE=(0.020,0.080)  smooth=0.010  train_loss=0.4757  train_AUPR_all=0.5102  train_AUPR_ab=0.6067  train_AUPR_ag=0.3391  train_P@5_ab=0.8500  train_P@5_ag=0.8000  val_loss=0.7915  val_AUPR_all=0.4549  val_AUPR_ab=0.6152  val_AUPR_ag=0.2753  val_P@5_ab=0.4000  val_P@5_ag=0.9000  select=0.4453
Ep010  LR0=1.92e-04  pw=7.17  aucα=0.030  token_p=0.020  dropE=(0.020,0.080)  smooth=0.010  train_loss=0.4577  train_AUPR_all=0.5222  train_AUPR_ab=0.6235  train_AUPR_ag=0.3472  train_P@5_ab=0.7000  train_P@5_ag=0.7500  val_loss=0.6217  val_AUPR_all=0.5376  val_AUPR_ab=0.6365  val_AUPR_ag=0.3628  val_P@5_ab=0.6000  val_P@5_ag=0.9500  select=0.4997
  Saved checkpoint: checkpoints_newesm/iPara_balanced_l1_g8_i4_do0.10_dpr0.10_lr0.0002_heads16_fold2.pth  select=0.4997  val_ab=0.6365  val_ag=0.3628  val_all=0.5376
Unfreezing DyM parameters.
Ep011  LR0=1.90e-04  pw=6.44  aucα=0.060  token_p=0.020  dropE=(0.020,0.080)  smooth=0.010  train_loss=0.4434  train_AUPR_all=0.5377  train_AUPR_ab=0.6403  train_AUPR_ag=0.3599  train_P@5_ab=0.8000  train_P@5_ag=0.9000  val_loss=0.7130  val_AUPR_all=0.5292  val_AUPR_ab=0.6388  val_AUPR_ag=0.3511  val_P@5_ab=0.8500  val_P@5_ag=1.0000  select=0.4949
Ep012  LR0=1.88e-04  pw=5.80  aucα=0.090  token_p=0.020  dropE=(0.020,0.080)  smooth=0.010  train_loss=0.4369  train_AUPR_all=0.5423  train_AUPR_ab=0.6487  train_AUPR_ag=0.3602  train_P@5_ab=0.9500  train_P@5_ag=0.9500  val_loss=0.5672  val_AUPR_all=0.5602  val_AUPR_ab=0.6673  val_AUPR_ag=0.3677  val_P@5_ab=0.8000  val_P@5_ag=1.0000  select=0.5175
  Saved checkpoint: checkpoints_newesm/iPara_balanced_l1_g8_i4_do0.10_dpr0.10_lr0.0002_heads16_fold2.pth  select=0.5175  val_ab=0.6673  val_ag=0.3677  val_all=0.5602
Ep013  LR0=1.86e-04  pw=5.24  aucα=0.120  token_p=0.020  dropE=(0.020,0.080)  smooth=0.010  train_loss=0.4203  train_AUPR_all=0.5617  train_AUPR_ab=0.6692  train_AUPR_ag=0.3792  train_P@5_ab=0.9500  train_P@5_ag=0.9500  val_loss=0.5756  val_AUPR_all=0.5420  val_AUPR_ab=0.6685  val_AUPR_ag=0.3456  val_P@5_ab=0.8500  val_P@5_ag=0.7000  select=0.5070
Ep014  LR0=1.83e-04  pw=4.74  aucα=0.150  token_p=0.020  dropE=(0.020,0.080)  smooth=0.010  train_loss=0.4152  train_AUPR_all=0.5679  train_AUPR_ab=0.6799  train_AUPR_ag=0.3794  train_P@5_ab=0.9000  train_P@5_ag=1.0000  val_loss=0.5110  val_AUPR_all=0.5516  val_AUPR_ab=0.6627  val_AUPR_ag=0.3585  val_P@5_ab=0.8000  val_P@5_ag=0.9000  select=0.5106
Ep015  LR0=1.81e-04  pw=4.30  aucα=0.180  token_p=0.020  dropE=(0.020,0.080)  smooth=0.010  train_loss=0.4076  train_AUPR_all=0.5741  train_AUPR_ab=0.6872  train_AUPR_ag=0.3853  train_P@5_ab=0.9500  train_P@5_ag=0.9000  val_loss=0.5136  val_AUPR_all=0.5459  val_AUPR_ab=0.6759  val_AUPR_ag=0.3435  val_P@5_ab=0.9000  val_P@5_ag=0.9500  select=0.5097
Ep016  LR0=1.78e-04  pw=3.91  aucα=0.210  token_p=0.020  dropE=(0.020,0.080)  smooth=0.010  train_loss=0.4021  train_AUPR_all=0.5771  train_AUPR_ab=0.6923  train_AUPR_ag=0.3867  train_P@5_ab=1.0000  train_P@5_ag=0.9000  val_loss=0.6708  val_AUPR_all=0.5158  val_AUPR_ab=0.6587  val_AUPR_ag=0.3235  val_P@5_ab=1.0000  val_P@5_ag=0.9500  select=0.4911
Ep017  LR0=1.75e-04  pw=3.57  aucα=0.240  token_p=0.020  dropE=(0.020,0.080)  smooth=0.010  train_loss=0.3946  train_AUPR_all=0.5889  train_AUPR_ab=0.7031  train_AUPR_ag=0.3986  train_P@5_ab=1.0000  train_P@5_ag=0.9000  val_loss=0.4620  val_AUPR_all=0.5757  val_AUPR_ab=0.6949  val_AUPR_ag=0.3823  val_P@5_ab=0.8000  val_P@5_ag=0.9000  select=0.5386
  Saved checkpoint: checkpoints_newesm/iPara_balanced_l1_g8_i4_do0.10_dpr0.10_lr0.0002_heads16_fold2.pth  select=0.5386  val_ab=0.6949  val_ag=0.3823  val_all=0.5757
Ep018  LR0=1.72e-04  pw=3.27  aucα=0.270  token_p=0.020  dropE=(0.020,0.080)  smooth=0.010  train_loss=0.3898  train_AUPR_all=0.5965  train_AUPR_ab=0.7142  train_AUPR_ag=0.4045  train_P@5_ab=0.9000  train_P@5_ag=0.8500  val_loss=0.4377  val_AUPR_all=0.5714  val_AUPR_ab=0.6997  val_AUPR_ag=0.3637  val_P@5_ab=0.8500  val_P@5_ag=0.8500  select=0.5317
Ep019  LR0=1.69e-04  pw=3.00  aucα=0.300  token_p=0.020  dropE=(0.020,0.080)  smooth=0.010  train_loss=0.3878  train_AUPR_all=0.6048  train_AUPR_ab=0.7184  train_AUPR_ag=0.4196  train_P@5_ab=1.0000  train_P@5_ag=0.9500  val_loss=0.4061  val_AUPR_all=0.5915  val_AUPR_ab=0.7177  val_AUPR_ag=0.3821  val_P@5_ab=0.8500  val_P@5_ag=0.7500  select=0.5499
  Saved checkpoint: checkpoints_newesm/iPara_balanced_l1_g8_i4_do0.10_dpr0.10_lr0.0002_heads16_fold2.pth  select=0.5499  val_ab=0.7177  val_ag=0.3821  val_all=0.5915
Ep020  LR0=1.66e-04  pw=2.77  aucα=0.300  token_p=0.020  dropE=(0.020,0.080)  smooth=0.010  train_loss=0.3701  train_AUPR_all=0.6134  train_AUPR_ab=0.7268  train_AUPR_ag=0.4274  train_P@5_ab=0.8500  train_P@5_ag=0.9000  val_loss=0.3850  val_AUPR_all=0.6033  val_AUPR_ab=0.7232  val_AUPR_ag=0.3984  val_P@5_ab=0.9500  val_P@5_ag=0.9500  select=0.5608
  Saved checkpoint: checkpoints_newesm/iPara_balanced_l1_g8_i4_do0.10_dpr0.10_lr0.0002_heads16_fold2.pth  select=0.5608  val_ab=0.7232  val_ag=0.3984  val_all=0.6033
Ep021  LR0=1.62e-04  pw=2.56  aucα=0.300  token_p=0.020  dropE=(0.020,0.080)  smooth=0.010  train_loss=0.3549  train_AUPR_all=0.6187  train_AUPR_ab=0.7333  train_AUPR_ag=0.4311  train_P@5_ab=1.0000  train_P@5_ag=1.0000  val_loss=0.3970  val_AUPR_all=0.5874  val_AUPR_ab=0.7211  val_AUPR_ag=0.3701  val_P@5_ab=1.0000  val_P@5_ag=0.8000  select=0.5456
Ep022  LR0=1.59e-04  pw=2.38  aucα=0.300  token_p=0.020  dropE=(0.020,0.080)  smooth=0.010  train_loss=0.3410  train_AUPR_all=0.6249  train_AUPR_ab=0.7372  train_AUPR_ag=0.4424  train_P@5_ab=1.0000  train_P@5_ag=0.9500  val_loss=0.3687  val_AUPR_all=0.5939  val_AUPR_ab=0.7205  val_AUPR_ag=0.3918  val_P@5_ab=0.9500  val_P@5_ag=1.0000  select=0.5561
Ep023  LR0=1.55e-04  pw=2.21  aucα=0.300  token_p=0.020  dropE=(0.020,0.080)  smooth=0.010  train_loss=0.3272  train_AUPR_all=0.6344  train_AUPR_ab=0.7436  train_AUPR_ag=0.4583  train_P@5_ab=0.9500  train_P@5_ag=0.9500  val_loss=0.3705  val_AUPR_all=0.5831  val_AUPR_ab=0.7137  val_AUPR_ag=0.3807  val_P@5_ab=0.8500  val_P@5_ag=0.9500  select=0.5472
Ep024  LR0=1.51e-04  pw=2.07  aucα=0.300  token_p=0.020  dropE=(0.020,0.080)  smooth=0.010  train_loss=0.3145  train_AUPR_all=0.6420  train_AUPR_ab=0.7509  train_AUPR_ag=0.4653  train_P@5_ab=1.0000  train_P@5_ag=0.9500  val_loss=0.3713  val_AUPR_all=0.5787  val_AUPR_ab=0.7298  val_AUPR_ag=0.3782  val_P@5_ab=0.9500  val_P@5_ag=0.9500  select=0.5540
Ep025  LR0=1.48e-04  pw=1.95  aucα=0.300  token_p=0.020  dropE=(0.020,0.080)  smooth=0.010  train_loss=0.3023  train_AUPR_all=0.6513  train_AUPR_ab=0.7613  train_AUPR_ag=0.4756  train_P@5_ab=0.9500  train_P@5_ag=1.0000  val_loss=0.3373  val_AUPR_all=0.6038  val_AUPR_ab=0.7252  val_AUPR_ag=0.4003  val_P@5_ab=1.0000  val_P@5_ag=0.9500  select=0.5627
  Saved checkpoint: checkpoints_newesm/iPara_balanced_l1_g8_i4_do0.10_dpr0.10_lr0.0002_heads16_fold2.pth  select=0.5627  val_ab=0.7252  val_ag=0.4003  val_all=0.6038
Ep026  LR0=1.44e-04  pw=1.83  aucα=0.300  token_p=0.020  dropE=(0.020,0.080)  smooth=0.010  train_loss=0.2952  train_AUPR_all=0.6513  train_AUPR_ab=0.7585  train_AUPR_ag=0.4802  train_P@5_ab=0.9500  train_P@5_ag=1.0000  val_loss=0.3399  val_AUPR_all=0.5951  val_AUPR_ab=0.7231  val_AUPR_ag=0.3924  val_P@5_ab=1.0000  val_P@5_ag=0.9000  select=0.5578
Ep027  LR0=1.39e-04  pw=1.74  aucα=0.300  token_p=0.020  dropE=(0.020,0.080)  smooth=0.010  train_loss=0.2864  train_AUPR_all=0.6585  train_AUPR_ab=0.7626  train_AUPR_ag=0.4942  train_P@5_ab=1.0000  train_P@5_ag=0.9500  val_loss=0.3250  val_AUPR_all=0.6107  val_AUPR_ab=0.7369  val_AUPR_ag=0.4061  val_P@5_ab=0.9500  val_P@5_ag=0.9500  select=0.5715
  Saved checkpoint: checkpoints_newesm/iPara_balanced_l1_g8_i4_do0.10_dpr0.10_lr0.0002_heads16_fold2.pth  select=0.5715  val_ab=0.7369  val_ag=0.4061  val_all=0.6107
Ep028  LR0=1.35e-04  pw=1.65  aucα=0.300  token_p=0.020  dropE=(0.020,0.080)  smooth=0.010  train_loss=0.2732  train_AUPR_all=0.6726  train_AUPR_ab=0.7776  train_AUPR_ag=0.5070  train_P@5_ab=1.0000  train_P@5_ag=0.9500  val_loss=0.3281  val_AUPR_all=0.6008  val_AUPR_ab=0.7240  val_AUPR_ag=0.4072  val_P@5_ab=0.9000  val_P@5_ag=0.9500  select=0.5656
Ep029  LR0=1.31e-04  pw=1.57  aucα=0.300  token_p=0.020  dropE=(0.020,0.080)  smooth=0.010  train_loss=0.2681  train_AUPR_all=0.6725  train_AUPR_ab=0.7745  train_AUPR_ag=0.5115  train_P@5_ab=0.9500  train_P@5_ag=1.0000  val_loss=0.3147  val_AUPR_all=0.6112  val_AUPR_ab=0.7475  val_AUPR_ag=0.4122  val_P@5_ab=0.9500  val_P@5_ag=0.9500  select=0.5799
  Saved checkpoint: checkpoints_newesm/iPara_balanced_l1_g8_i4_do0.10_dpr0.10_lr0.0002_heads16_fold2.pth  select=0.5799  val_ab=0.7475  val_ag=0.4122  val_all=0.6112
Ep030  LR0=1.27e-04  pw=1.51  aucα=0.300  token_p=0.020  dropE=(0.020,0.080)  smooth=0.010  train_loss=0.2566  train_AUPR_all=0.6850  train_AUPR_ab=0.7827  train_AUPR_ag=0.5318  train_P@5_ab=0.9500  train_P@5_ag=0.9500  val_loss=0.3104  val_AUPR_all=0.6127  val_AUPR_ab=0.7429  val_AUPR_ag=0.4142  val_P@5_ab=1.0000  val_P@5_ag=0.9000  select=0.5785
Ep031  LR0=1.22e-04  pw=1.45  aucα=0.300  token_p=0.020  dropE=(0.020,0.080)  smooth=0.010  train_loss=0.2503  train_AUPR_all=0.6926  train_AUPR_ab=0.7859  train_AUPR_ag=0.5480  train_P@5_ab=1.0000  train_P@5_ag=1.0000  val_loss=0.3098  val_AUPR_all=0.6086  val_AUPR_ab=0.7440  val_AUPR_ag=0.3982  val_P@5_ab=0.9500  val_P@5_ag=0.9500  select=0.5711
Ep032  LR0=1.18e-04  pw=1.39  aucα=0.300  token_p=0.020  dropE=(0.020,0.080)  smooth=0.010  train_loss=0.2419  train_AUPR_all=0.7011  train_AUPR_ab=0.7901  train_AUPR_ag=0.5644  train_P@5_ab=1.0000  train_P@5_ag=1.0000  val_loss=0.3009  val_AUPR_all=0.6247  val_AUPR_ab=0.7514  val_AUPR_ag=0.4169  val_P@5_ab=0.9500  val_P@5_ag=0.8500  select=0.5842
  Saved checkpoint: checkpoints_newesm/iPara_balanced_l1_g8_i4_do0.10_dpr0.10_lr0.0002_heads16_fold2.pth  select=0.5842  val_ab=0.7514  val_ag=0.4169  val_all=0.6247
Ep033  LR0=1.14e-04  pw=1.35  aucα=0.300  token_p=0.020  dropE=(0.020,0.080)  smooth=0.010  train_loss=0.2308  train_AUPR_all=0.7158  train_AUPR_ab=0.8030  train_AUPR_ag=0.5818  train_P@5_ab=1.0000  train_P@5_ag=1.0000  val_loss=0.3074  val_AUPR_all=0.6187  val_AUPR_ab=0.7507  val_AUPR_ag=0.4182  val_P@5_ab=0.9500  val_P@5_ag=0.9000  select=0.5845
  Saved checkpoint: checkpoints_newesm/iPara_balanced_l1_g8_i4_do0.10_dpr0.10_lr0.0002_heads16_fold2.pth  select=0.5845  val_ab=0.7507  val_ag=0.4182  val_all=0.6187
Ep034  LR0=1.09e-04  pw=1.31  aucα=0.300  token_p=0.020  dropE=(0.020,0.080)  smooth=0.010  train_loss=0.2235  train_AUPR_all=0.7234  train_AUPR_ab=0.8059  train_AUPR_ag=0.5974  train_P@5_ab=1.0000  train_P@5_ag=1.0000  val_loss=0.3051  val_AUPR_all=0.6131  val_AUPR_ab=0.7494  val_AUPR_ag=0.3999  val_P@5_ab=0.9500  val_P@5_ag=0.6500  select=0.5747
Ep035  LR0=1.05e-04  pw=1.27  aucα=0.300  token_p=0.020  dropE=(0.020,0.080)  smooth=0.010  train_loss=0.2174  train_AUPR_all=0.7343  train_AUPR_ab=0.8156  train_AUPR_ag=0.6111  train_P@5_ab=0.9500  train_P@5_ag=1.0000  val_loss=0.2949  val_AUPR_all=0.6196  val_AUPR_ab=0.7455  val_AUPR_ag=0.4280  val_P@5_ab=0.9500  val_P@5_ag=0.9500  select=0.5867
  Saved checkpoint: checkpoints_newesm/iPara_balanced_l1_g8_i4_do0.10_dpr0.10_lr0.0002_heads16_fold2.pth  select=0.5867  val_ab=0.7455  val_ag=0.4280  val_all=0.6196
Ep036  LR0=1.00e-04  pw=1.24  aucα=0.300  token_p=0.020  dropE=(0.020,0.080)  smooth=0.010  train_loss=0.2132  train_AUPR_all=0.7362  train_AUPR_ab=0.8121  train_AUPR_ag=0.6208  train_P@5_ab=1.0000  train_P@5_ag=0.9500  val_loss=0.3016  val_AUPR_all=0.6122  val_AUPR_ab=0.7447  val_AUPR_ag=0.4129  val_P@5_ab=0.9500  val_P@5_ag=0.8500  select=0.5788
Ep037  LR0=9.58e-05  pw=1.21  aucα=0.300  token_p=0.020  dropE=(0.020,0.080)  smooth=0.010  train_loss=0.2066  train_AUPR_all=0.7466  train_AUPR_ab=0.8212  train_AUPR_ag=0.6336  train_P@5_ab=1.0000  train_P@5_ag=1.0000  val_loss=0.2922  val_AUPR_all=0.6180  val_AUPR_ab=0.7479  val_AUPR_ag=0.4251  val_P@5_ab=0.9500  val_P@5_ag=0.9500  select=0.5865
Ep038  LR0=9.13e-05  pw=1.19  aucα=0.300  token_p=0.020  dropE=(0.020,0.080)  smooth=0.010  train_loss=0.2028  train_AUPR_all=0.7510  train_AUPR_ab=0.8221  train_AUPR_ag=0.6454  train_P@5_ab=1.0000  train_P@5_ag=0.9000  val_loss=0.2904  val_AUPR_all=0.6192  val_AUPR_ab=0.7545  val_AUPR_ag=0.4147  val_P@5_ab=1.0000  val_P@5_ag=1.0000  select=0.5846
Ep039  LR0=8.69e-05  pw=1.16  aucα=0.300  token_p=0.020  dropE=(0.020,0.080)  smooth=0.010  train_loss=0.1994  train_AUPR_all=0.7545  train_AUPR_ab=0.8226  train_AUPR_ag=0.6530  train_P@5_ab=0.9500  train_P@5_ag=1.0000  val_loss=0.2908  val_AUPR_all=0.6216  val_AUPR_ab=0.7563  val_AUPR_ag=0.4241  val_P@5_ab=0.9500  val_P@5_ag=1.0000  select=0.5902
  Saved checkpoint: checkpoints_newesm/iPara_balanced_l1_g8_i4_do0.10_dpr0.10_lr0.0002_heads16_fold2.pth  select=0.5902  val_ab=0.7563  val_ag=0.4241  val_all=0.6216
Ep040  LR0=8.24e-05  pw=1.15  aucα=0.300  token_p=0.020  dropE=(0.020,0.080)  smooth=0.010  train_loss=0.1913  train_AUPR_all=0.7689  train_AUPR_ab=0.8371  train_AUPR_ag=0.6669  train_P@5_ab=1.0000  train_P@5_ag=1.0000  val_loss=0.2836  val_AUPR_all=0.6297  val_AUPR_ab=0.7569  val_AUPR_ag=0.4383  val_P@5_ab=1.0000  val_P@5_ag=0.9500  select=0.5976
  Saved checkpoint: checkpoints_newesm/iPara_balanced_l1_g8_i4_do0.10_dpr0.10_lr0.0002_heads16_fold2.pth  select=0.5976  val_ab=0.7569  val_ag=0.4383  val_all=0.6297
Ep041  LR0=7.81e-05  pw=1.13  aucα=0.300  token_p=0.020  dropE=(0.020,0.080)  smooth=0.010  train_loss=0.1853  train_AUPR_all=0.7779  train_AUPR_ab=0.8403  train_AUPR_ag=0.6854  train_P@5_ab=1.0000  train_P@5_ag=1.0000  val_loss=0.2986  val_AUPR_all=0.6119  val_AUPR_ab=0.7486  val_AUPR_ag=0.4165  val_P@5_ab=0.9000  val_P@5_ag=0.8500  select=0.5826
Ep042  LR0=7.37e-05  pw=1.11  aucα=0.300  token_p=0.020  dropE=(0.020,0.080)  smooth=0.010  train_loss=0.1845  train_AUPR_all=0.7778  train_AUPR_ab=0.8399  train_AUPR_ag=0.6861  train_P@5_ab=1.0000  train_P@5_ag=1.0000  val_loss=0.2961  val_AUPR_all=0.6123  val_AUPR_ab=0.7548  val_AUPR_ag=0.4147  val_P@5_ab=0.9500  val_P@5_ag=0.9500  select=0.5847
Ep043  LR0=6.94e-05  pw=1.10  aucα=0.300  token_p=0.020  dropE=(0.020,0.080)  smooth=0.010  train_loss=0.1775  train_AUPR_all=0.7896  train_AUPR_ab=0.8488  train_AUPR_ag=0.7017  train_P@5_ab=1.0000  train_P@5_ag=1.0000  val_loss=0.3015  val_AUPR_all=0.6077  val_AUPR_ab=0.7506  val_AUPR_ag=0.4058  val_P@5_ab=1.0000  val_P@5_ag=0.9000  select=0.5782
Ep044  LR0=6.52e-05  pw=1.09  aucα=0.300  token_p=0.020  dropE=(0.020,0.080)  smooth=0.010  train_loss=0.1709  train_AUPR_all=0.7995  train_AUPR_ab=0.8534  train_AUPR_ag=0.7204  train_P@5_ab=0.9500  train_P@5_ag=1.0000  val_loss=0.2988  val_AUPR_all=0.6061  val_AUPR_ab=0.7565  val_AUPR_ag=0.4001  val_P@5_ab=1.0000  val_P@5_ag=1.0000  select=0.5783
Ep045  LR0=6.10e-05  pw=1.08  aucα=0.300  token_p=0.020  dropE=(0.020,0.080)  smooth=0.010  train_loss=0.1705  train_AUPR_all=0.8000  train_AUPR_ab=0.8554  train_AUPR_ag=0.7186  train_P@5_ab=1.0000  train_P@5_ag=1.0000  val_loss=0.3010  val_AUPR_all=0.6016  val_AUPR_ab=0.7574  val_AUPR_ag=0.3927  val_P@5_ab=0.9500  val_P@5_ag=0.9000  select=0.5751
Ep046  LR0=5.70e-05  pw=1.07  aucα=0.300  token_p=0.020  dropE=(0.020,0.080)  smooth=0.010  train_loss=0.1666  train_AUPR_all=0.8067  train_AUPR_ab=0.8588  train_AUPR_ag=0.7306  train_P@5_ab=1.0000  train_P@5_ag=1.0000  val_loss=0.2923  val_AUPR_all=0.6144  val_AUPR_ab=0.7597  val_AUPR_ag=0.4161  val_P@5_ab=1.0000  val_P@5_ag=0.9500  select=0.5879
Ep047  LR0=5.30e-05  pw=1.06  aucα=0.300  token_p=0.020  dropE=(0.020,0.080)  smooth=0.010  train_loss=0.1670  train_AUPR_all=0.8046  train_AUPR_ab=0.8563  train_AUPR_ag=0.7287  train_P@5_ab=1.0000  train_P@5_ag=1.0000  val_loss=0.2970  val_AUPR_all=0.6001  val_AUPR_ab=0.7554  val_AUPR_ag=0.4055  val_P@5_ab=0.9500  val_P@5_ag=0.9500  select=0.5804
Ep048  LR0=4.91e-05  pw=1.05  aucα=0.300  token_p=0.020  dropE=(0.020,0.080)  smooth=0.010  train_loss=0.1650  train_AUPR_all=0.8082  train_AUPR_ab=0.8582  train_AUPR_ag=0.7352  train_P@5_ab=0.9500  train_P@5_ag=1.0000  val_loss=0.2995  val_AUPR_all=0.6055  val_AUPR_ab=0.7537  val_AUPR_ag=0.4123  val_P@5_ab=0.9500  val_P@5_ag=0.9500  select=0.5830
Ep049  LR0=4.53e-05  pw=1.05  aucα=0.300  token_p=0.020  dropE=(0.020,0.080)  smooth=0.010  train_loss=0.1577  train_AUPR_all=0.8195  train_AUPR_ab=0.8665  train_AUPR_ag=0.7509  train_P@5_ab=1.0000  train_P@5_ag=1.0000  val_loss=0.2933  val_AUPR_all=0.6129  val_AUPR_ab=0.7637  val_AUPR_ag=0.4043  val_P@5_ab=0.9500  val_P@5_ag=0.8000  select=0.5840
Ep050  LR0=4.16e-05  pw=1.04  aucα=0.300  token_p=0.020  dropE=(0.020,0.080)  smooth=0.010  train_loss=0.1581  train_AUPR_all=0.8192  train_AUPR_ab=0.8675  train_AUPR_ag=0.7483  train_P@5_ab=1.0000  train_P@5_ag=1.0000  val_loss=0.2990  val_AUPR_all=0.6077  val_AUPR_ab=0.7639  val_AUPR_ag=0.4053  val_P@5_ab=1.0000  val_P@5_ag=0.9000  select=0.5846
Ep051  LR0=3.81e-05  pw=1.04  aucα=0.300  token_p=0.020  dropE=(0.020,0.080)  smooth=0.010  train_loss=0.1560  train_AUPR_all=0.8228  train_AUPR_ab=0.8707  train_AUPR_ag=0.7521  train_P@5_ab=1.0000  train_P@5_ag=1.0000  val_loss=0.2956  val_AUPR_all=0.6128  val_AUPR_ab=0.7646  val_AUPR_ag=0.4084  val_P@5_ab=0.9500  val_P@5_ag=0.8000  select=0.5865
Ep052  LR0=3.46e-05  pw=1.03  aucα=0.300  token_p=0.020  dropE=(0.020,0.080)  smooth=0.010  train_loss=0.1489  train_AUPR_all=0.8357  train_AUPR_ab=0.8790  train_AUPR_ag=0.7727  train_P@5_ab=1.0000  train_P@5_ag=1.0000  val_loss=0.2999  val_AUPR_all=0.6131  val_AUPR_ab=0.7625  val_AUPR_ag=0.4073  val_P@5_ab=0.8500  val_P@5_ag=0.9000  select=0.5849
Ep053  LR0=3.13e-05  pw=1.03  aucα=0.300  token_p=0.020  dropE=(0.020,0.080)  smooth=0.010  train_loss=0.1509  train_AUPR_all=0.8322  train_AUPR_ab=0.8784  train_AUPR_ag=0.7641  train_P@5_ab=1.0000  train_P@5_ag=1.0000  val_loss=0.2971  val_AUPR_all=0.6083  val_AUPR_ab=0.7595  val_AUPR_ag=0.3991  val_P@5_ab=0.8500  val_P@5_ag=0.9000  select=0.5793
Ep054  LR0=2.82e-05  pw=1.03  aucα=0.300  token_p=0.020  dropE=(0.020,0.080)  smooth=0.010  train_loss=0.1460  train_AUPR_all=0.8395  train_AUPR_ab=0.8818  train_AUPR_ag=0.7778  train_P@5_ab=1.0000  train_P@5_ag=0.9500  val_loss=0.3070  val_AUPR_all=0.5982  val_AUPR_ab=0.7603  val_AUPR_ag=0.3969  val_P@5_ab=0.9500  val_P@5_ag=0.8000  select=0.5786
Ep055  LR0=2.51e-05  pw=1.02  aucα=0.300  token_p=0.020  dropE=(0.020,0.080)  smooth=0.010  train_loss=0.1470  train_AUPR_all=0.8366  train_AUPR_ab=0.8794  train_AUPR_ag=0.7739  train_P@5_ab=1.0000  train_P@5_ag=1.0000  val_loss=0.3021  val_AUPR_all=0.6040  val_AUPR_ab=0.7589  val_AUPR_ag=0.4018  val_P@5_ab=0.8500  val_P@5_ag=0.7500  select=0.5803
Ep056  LR0=2.23e-05  pw=1.02  aucα=0.300  token_p=0.020  dropE=(0.020,0.080)  smooth=0.010  train_loss=0.1458  train_AUPR_all=0.8391  train_AUPR_ab=0.8817  train_AUPR_ag=0.7768  train_P@5_ab=1.0000  train_P@5_ag=1.0000  val_loss=0.3024  val_AUPR_all=0.6058  val_AUPR_ab=0.7588  val_AUPR_ag=0.3995  val_P@5_ab=1.0000  val_P@5_ag=0.8000  select=0.5792
Ep057  LR0=1.96e-05  pw=1.02  aucα=0.300  token_p=0.020  dropE=(0.020,0.080)  smooth=0.010  train_loss=0.1403  train_AUPR_all=0.8494  train_AUPR_ab=0.8910  train_AUPR_ag=0.7879  train_P@5_ab=1.0000  train_P@5_ag=1.0000  val_loss=0.3063  val_AUPR_all=0.6014  val_AUPR_ab=0.7583  val_AUPR_ag=0.3912  val_P@5_ab=1.0000  val_P@5_ag=0.8500  select=0.5747
Ep058  LR0=1.70e-05  pw=1.02  aucα=0.300  token_p=0.020  dropE=(0.020,0.080)  smooth=0.010  train_loss=0.1378  train_AUPR_all=0.8552  train_AUPR_ab=0.8953  train_AUPR_ag=0.7963  train_P@5_ab=1.0000  train_P@5_ag=1.0000  val_loss=0.3037  val_AUPR_all=0.6035  val_AUPR_ab=0.7568  val_AUPR_ag=0.4000  val_P@5_ab=0.9000  val_P@5_ag=0.8500  select=0.5784
Ep059  LR0=1.46e-05  pw=1.01  aucα=0.300  token_p=0.020  dropE=(0.020,0.080)  smooth=0.010  train_loss=0.1364  train_AUPR_all=0.8561  train_AUPR_ab=0.8949  train_AUPR_ag=0.7991  train_P@5_ab=1.0000  train_P@5_ag=1.0000  val_loss=0.3034  val_AUPR_all=0.6034  val_AUPR_ab=0.7578  val_AUPR_ag=0.3994  val_P@5_ab=0.9500  val_P@5_ag=0.8500  select=0.5786
Ep060  LR0=1.24e-05  pw=1.01  aucα=0.300  token_p=0.020  dropE=(0.020,0.080)  smooth=0.010  train_loss=0.1368  train_AUPR_all=0.8551  train_AUPR_ab=0.8960  train_AUPR_ag=0.7946  train_P@5_ab=1.0000  train_P@5_ag=1.0000  val_loss=0.3054  val_AUPR_all=0.6017  val_AUPR_ab=0.7569  val_AUPR_ag=0.3966  val_P@5_ab=0.9000  val_P@5_ag=0.8000  select=0.5767
Early stopping at epoch 60. Best select=0.5976 at epoch 40.
Final saved checkpoint for fold 2: checkpoints_newesm/iPara_balanced_l1_g8_i4_do0.10_dpr0.10_lr0.0002_heads16_fold2.pth
Best select=0.5976 at epoch 40

==========================================================================================
Fold 3/5
==========================================================================================
Train labels: valid=401949, pos=26660, neg=375289, ignore=695651, pos_frac=0.06633
Val labels: valid=98243, pos=6570, neg=91673, ignore=176957, pos_frac=0.06687
Initializing ClassificationModel with 8 GAT layers and residual connections...
Initializing MCModel with 8 GAT layers and 4 row attention layers (drop_path_rate=0.1, use_esm=True)
Initializing CoreModel with 1 layers, drop_path_rate=0.1
Ep001  LR0=2.00e-04  pw=20.00  aucα=0.000  token_p=0.020  dropE=(0.020,0.080)  smooth=0.010  train_loss=1.3329  train_AUPR_all=0.1552  train_AUPR_ab=0.1681  train_AUPR_ag=0.1386  train_P@5_ab=0.0500  train_P@5_ag=0.1500  val_loss=1.7841  val_AUPR_all=0.3265  val_AUPR_ab=0.4317  val_AUPR_ag=0.1765  val_P@5_ab=0.4500  val_P@5_ag=0.7500  select=0.3041
  Saved checkpoint: checkpoints_newesm/iPara_balanced_l1_g8_i4_do0.10_dpr0.10_lr0.0002_heads16_fold3.pth  select=0.3041  val_ab=0.4317  val_ag=0.1765  val_all=0.3265
Ep002  LR0=2.00e-04  pw=17.77  aucα=0.000  token_p=0.020  dropE=(0.020,0.080)  smooth=0.010  train_loss=0.9040  train_AUPR_all=0.3149  train_AUPR_ab=0.3975  train_AUPR_ag=0.2040  train_P@5_ab=0.7000  train_P@5_ag=0.7000  val_loss=1.2107  val_AUPR_all=0.3851  val_AUPR_ab=0.4756  val_AUPR_ag=0.2534  val_P@5_ab=0.7000  val_P@5_ag=0.8500  select=0.3645
  Saved checkpoint: checkpoints_newesm/iPara_balanced_l1_g8_i4_do0.10_dpr0.10_lr0.0002_heads16_fold3.pth  select=0.3645  val_ab=0.4756  val_ag=0.2534  val_all=0.3851
Ep003  LR0=2.00e-04  pw=15.80  aucα=0.000  token_p=0.020  dropE=(0.020,0.080)  smooth=0.010  train_loss=0.7736  train_AUPR_all=0.3743  train_AUPR_ab=0.4665  train_AUPR_ag=0.2347  train_P@5_ab=0.8000  train_P@5_ag=0.8000  val_loss=1.8338  val_AUPR_all=0.4088  val_AUPR_ab=0.5234  val_AUPR_ag=0.2204  val_P@5_ab=0.5000  val_P@5_ag=0.9500  select=0.3719
  Saved checkpoint: checkpoints_newesm/iPara_balanced_l1_g8_i4_do0.10_dpr0.10_lr0.0002_heads16_fold3.pth  select=0.3719  val_ab=0.5234  val_ag=0.2204  val_all=0.4088
Ep004  LR0=1.99e-04  pw=14.06  aucα=0.000  token_p=0.020  dropE=(0.020,0.080)  smooth=0.010  train_loss=0.6686  train_AUPR_all=0.4436  train_AUPR_ab=0.5311  train_AUPR_ag=0.2871  train_P@5_ab=0.7000  train_P@5_ag=0.8000  val_loss=1.0889  val_AUPR_all=0.4519  val_AUPR_ab=0.5703  val_AUPR_ag=0.2593  val_P@5_ab=0.3000  val_P@5_ag=0.8500  select=0.4148
  Saved checkpoint: checkpoints_newesm/iPara_balanced_l1_g8_i4_do0.10_dpr0.10_lr0.0002_heads16_fold3.pth  select=0.4148  val_ab=0.5703  val_ag=0.2593  val_all=0.4519
Ep005  LR0=1.98e-04  pw=12.52  aucα=0.000  token_p=0.020  dropE=(0.020,0.080)  smooth=0.010  train_loss=0.6307  train_AUPR_all=0.4522  train_AUPR_ab=0.5375  train_AUPR_ag=0.3029  train_P@5_ab=0.6000  train_P@5_ag=0.8000  val_loss=0.8926  val_AUPR_all=0.4878  val_AUPR_ab=0.5832  val_AUPR_ag=0.3267  val_P@5_ab=1.0000  val_P@5_ag=0.9500  select=0.4550
  Saved checkpoint: checkpoints_newesm/iPara_balanced_l1_g8_i4_do0.10_dpr0.10_lr0.0002_heads16_fold3.pth  select=0.4550  val_ab=0.5832  val_ag=0.3267  val_all=0.4878
Ep006  LR0=1.97e-04  pw=11.17  aucα=0.000  token_p=0.020  dropE=(0.020,0.080)  smooth=0.010  train_loss=0.5819  train_AUPR_all=0.4717  train_AUPR_ab=0.5572  train_AUPR_ag=0.3156  train_P@5_ab=0.6500  train_P@5_ag=0.9500  val_loss=0.9815  val_AUPR_all=0.4721  val_AUPR_ab=0.6149  val_AUPR_ag=0.2647  val_P@5_ab=0.6000  val_P@5_ag=0.9500  select=0.4398
Ep007  LR0=1.96e-04  pw=9.97  aucα=0.000  token_p=0.020  dropE=(0.020,0.080)  smooth=0.010  train_loss=0.5368  train_AUPR_all=0.4830  train_AUPR_ab=0.5787  train_AUPR_ag=0.3184  train_P@5_ab=0.6500  train_P@5_ag=0.8500  val_loss=0.8846  val_AUPR_all=0.4088  val_AUPR_ab=0.6128  val_AUPR_ag=0.2198  val_P@5_ab=0.4500  val_P@5_ag=0.6000  select=0.4163
Ep008  LR0=1.95e-04  pw=8.92  aucα=0.000  token_p=0.020  dropE=(0.020,0.080)  smooth=0.010  train_loss=0.5078  train_AUPR_all=0.4962  train_AUPR_ab=0.5949  train_AUPR_ag=0.3230  train_P@5_ab=0.8000  train_P@5_ag=0.8500  val_loss=0.8481  val_AUPR_all=0.4476  val_AUPR_ab=0.6262  val_AUPR_ag=0.2293  val_P@5_ab=0.7000  val_P@5_ag=0.5000  select=0.4278
Ep009  LR0=1.94e-04  pw=7.99  aucα=0.000  token_p=0.020  dropE=(0.020,0.080)  smooth=0.010  train_loss=0.4731  train_AUPR_all=0.5071  train_AUPR_ab=0.6058  train_AUPR_ag=0.3329  train_P@5_ab=0.8000  train_P@5_ag=0.8500  val_loss=0.6657  val_AUPR_all=0.5108  val_AUPR_ab=0.6444  val_AUPR_ag=0.3028  val_P@5_ab=0.6500  val_P@5_ag=0.9500  select=0.4736
  Saved checkpoint: checkpoints_newesm/iPara_balanced_l1_g8_i4_do0.10_dpr0.10_lr0.0002_heads16_fold3.pth  select=0.4736  val_ab=0.6444  val_ag=0.3028  val_all=0.5108
Ep010  LR0=1.92e-04  pw=7.17  aucα=0.030  token_p=0.020  dropE=(0.020,0.080)  smooth=0.010  train_loss=0.4583  train_AUPR_all=0.5253  train_AUPR_ab=0.6279  train_AUPR_ag=0.3470  train_P@5_ab=0.8000  train_P@5_ag=1.0000  val_loss=0.6757  val_AUPR_all=0.4912  val_AUPR_ab=0.6012  val_AUPR_ag=0.3162  val_P@5_ab=0.6000  val_P@5_ag=0.8500  select=0.4587
Unfreezing DyM parameters.
Ep011  LR0=1.90e-04  pw=6.44  aucα=0.060  token_p=0.020  dropE=(0.020,0.080)  smooth=0.010  train_loss=0.4485  train_AUPR_all=0.5327  train_AUPR_ab=0.6317  train_AUPR_ag=0.3519  train_P@5_ab=0.7500  train_P@5_ag=0.9500  val_loss=0.6201  val_AUPR_all=0.5396  val_AUPR_ab=0.6699  val_AUPR_ag=0.3341  val_P@5_ab=0.9000  val_P@5_ag=0.8000  select=0.5020
  Saved checkpoint: checkpoints_newesm/iPara_balanced_l1_g8_i4_do0.10_dpr0.10_lr0.0002_heads16_fold3.pth  select=0.5020  val_ab=0.6699  val_ag=0.3341  val_all=0.5396
Ep012  LR0=1.88e-04  pw=5.80  aucα=0.090  token_p=0.020  dropE=(0.020,0.080)  smooth=0.010  train_loss=0.4346  train_AUPR_all=0.5451  train_AUPR_ab=0.6508  train_AUPR_ag=0.3630  train_P@5_ab=0.8000  train_P@5_ag=0.6500  val_loss=0.5936  val_AUPR_all=0.5395  val_AUPR_ab=0.6644  val_AUPR_ag=0.3293  val_P@5_ab=0.9000  val_P@5_ag=0.7500  select=0.4969
Ep013  LR0=1.86e-04  pw=5.24  aucα=0.120  token_p=0.020  dropE=(0.020,0.080)  smooth=0.010  train_loss=0.4283  train_AUPR_all=0.5493  train_AUPR_ab=0.6556  train_AUPR_ag=0.3710  train_P@5_ab=0.9000  train_P@5_ag=0.9000  val_loss=0.6049  val_AUPR_all=0.5477  val_AUPR_ab=0.6871  val_AUPR_ag=0.3158  val_P@5_ab=1.0000  val_P@5_ag=0.8000  select=0.5014
Ep014  LR0=1.83e-04  pw=4.74  aucα=0.150  token_p=0.020  dropE=(0.020,0.080)  smooth=0.010  train_loss=0.4186  train_AUPR_all=0.5674  train_AUPR_ab=0.6793  train_AUPR_ag=0.3816  train_P@5_ab=0.9500  train_P@5_ag=1.0000  val_loss=0.6844  val_AUPR_all=0.4708  val_AUPR_ab=0.6064  val_AUPR_ag=0.2672  val_P@5_ab=0.7000  val_P@5_ag=0.7500  select=0.4368
Ep015  LR0=1.81e-04  pw=4.30  aucα=0.180  token_p=0.020  dropE=(0.020,0.080)  smooth=0.010  train_loss=0.4102  train_AUPR_all=0.5720  train_AUPR_ab=0.6835  train_AUPR_ag=0.3881  train_P@5_ab=0.9000  train_P@5_ag=1.0000  val_loss=0.6738  val_AUPR_all=0.5017  val_AUPR_ab=0.6557  val_AUPR_ag=0.2638  val_P@5_ab=0.9500  val_P@5_ag=0.9500  select=0.4598
Ep016  LR0=1.78e-04  pw=3.91  aucα=0.210  token_p=0.020  dropE=(0.020,0.080)  smooth=0.010  train_loss=0.4014  train_AUPR_all=0.5768  train_AUPR_ab=0.6932  train_AUPR_ag=0.3868  train_P@5_ab=0.9500  train_P@5_ag=0.8500  val_loss=0.4915  val_AUPR_all=0.5487  val_AUPR_ab=0.6924  val_AUPR_ag=0.3398  val_P@5_ab=0.8000  val_P@5_ag=0.8500  select=0.5161
  Saved checkpoint: checkpoints_newesm/iPara_balanced_l1_g8_i4_do0.10_dpr0.10_lr0.0002_heads16_fold3.pth  select=0.5161  val_ab=0.6924  val_ag=0.3398  val_all=0.5487
Ep017  LR0=1.75e-04  pw=3.57  aucα=0.240  token_p=0.020  dropE=(0.020,0.080)  smooth=0.010  train_loss=0.3972  train_AUPR_all=0.5873  train_AUPR_ab=0.7052  train_AUPR_ag=0.3934  train_P@5_ab=0.9500  train_P@5_ag=0.9500  val_loss=0.4509  val_AUPR_all=0.5500  val_AUPR_ab=0.7060  val_AUPR_ag=0.3351  val_P@5_ab=0.9000  val_P@5_ag=0.9500  select=0.5205
  Saved checkpoint: checkpoints_newesm/iPara_balanced_l1_g8_i4_do0.10_dpr0.10_lr0.0002_heads16_fold3.pth  select=0.5205  val_ab=0.7060  val_ag=0.3351  val_all=0.5500
Ep018  LR0=1.72e-04  pw=3.27  aucα=0.270  token_p=0.020  dropE=(0.020,0.080)  smooth=0.010  train_loss=0.3898  train_AUPR_all=0.6006  train_AUPR_ab=0.7169  train_AUPR_ag=0.4116  train_P@5_ab=0.9000  train_P@5_ag=1.0000  val_loss=0.4344  val_AUPR_all=0.5361  val_AUPR_ab=0.6906  val_AUPR_ag=0.3246  val_P@5_ab=0.9500  val_P@5_ag=0.9500  select=0.5076
Ep019  LR0=1.69e-04  pw=3.00  aucα=0.300  token_p=0.020  dropE=(0.020,0.080)  smooth=0.010  train_loss=0.3877  train_AUPR_all=0.6014  train_AUPR_ab=0.7160  train_AUPR_ag=0.4166  train_P@5_ab=0.9500  train_P@5_ag=1.0000  val_loss=0.5171  val_AUPR_all=0.5443  val_AUPR_ab=0.7075  val_AUPR_ag=0.3151  val_P@5_ab=1.0000  val_P@5_ag=0.9000  select=0.5113
Ep020  LR0=1.66e-04  pw=2.77  aucα=0.300  token_p=0.020  dropE=(0.020,0.080)  smooth=0.010  train_loss=0.3703  train_AUPR_all=0.6106  train_AUPR_ab=0.7226  train_AUPR_ag=0.4309  train_P@5_ab=0.9500  train_P@5_ag=0.9500  val_loss=0.4007  val_AUPR_all=0.5416  val_AUPR_ab=0.6890  val_AUPR_ag=0.3432  val_P@5_ab=0.8500  val_P@5_ag=1.0000  select=0.5161
Ep021  LR0=1.62e-04  pw=2.56  aucα=0.300  token_p=0.020  dropE=(0.020,0.080)  smooth=0.010  train_loss=0.3572  train_AUPR_all=0.6170  train_AUPR_ab=0.7262  train_AUPR_ag=0.4431  train_P@5_ab=0.9000  train_P@5_ag=1.0000  val_loss=0.3810  val_AUPR_all=0.5852  val_AUPR_ab=0.7117  val_AUPR_ag=0.3854  val_P@5_ab=0.9500  val_P@5_ag=1.0000  select=0.5485
  Saved checkpoint: checkpoints_newesm/iPara_balanced_l1_g8_i4_do0.10_dpr0.10_lr0.0002_heads16_fold3.pth  select=0.5485  val_ab=0.7117  val_ag=0.3854  val_all=0.5852
Ep022  LR0=1.59e-04  pw=2.38  aucα=0.300  token_p=0.020  dropE=(0.020,0.080)  smooth=0.010  train_loss=0.3416  train_AUPR_all=0.6245  train_AUPR_ab=0.7365  train_AUPR_ag=0.4461  train_P@5_ab=0.9500  train_P@5_ag=0.9000  val_loss=0.3745  val_AUPR_all=0.5692  val_AUPR_ab=0.7159  val_AUPR_ag=0.3463  val_P@5_ab=0.9500  val_P@5_ag=1.0000  select=0.5311
Ep023  LR0=1.55e-04  pw=2.21  aucα=0.300  token_p=0.020  dropE=(0.020,0.080)  smooth=0.010  train_loss=0.3259  train_AUPR_all=0.6387  train_AUPR_ab=0.7494  train_AUPR_ag=0.4624  train_P@5_ab=0.9500  train_P@5_ag=0.9500  val_loss=0.3600  val_AUPR_all=0.5941  val_AUPR_ab=0.7343  val_AUPR_ag=0.3768  val_P@5_ab=1.0000  val_P@5_ag=1.0000  select=0.5555
  Saved checkpoint: checkpoints_newesm/iPara_balanced_l1_g8_i4_do0.10_dpr0.10_lr0.0002_heads16_fold3.pth  select=0.5555  val_ab=0.7343  val_ag=0.3768  val_all=0.5941
Ep024  LR0=1.51e-04  pw=2.07  aucα=0.300  token_p=0.020  dropE=(0.020,0.080)  smooth=0.010  train_loss=0.3130  train_AUPR_all=0.6440  train_AUPR_ab=0.7492  train_AUPR_ag=0.4784  train_P@5_ab=0.8500  train_P@5_ag=0.9500  val_loss=0.3895  val_AUPR_all=0.5743  val_AUPR_ab=0.7185  val_AUPR_ag=0.3748  val_P@5_ab=0.9000  val_P@5_ag=1.0000  select=0.5466
Ep025  LR0=1.48e-04  pw=1.95  aucα=0.300  token_p=0.020  dropE=(0.020,0.080)  smooth=0.010  train_loss=0.3059  train_AUPR_all=0.6441  train_AUPR_ab=0.7471  train_AUPR_ag=0.4825  train_P@5_ab=1.0000  train_P@5_ag=1.0000  val_loss=0.3460  val_AUPR_all=0.5726  val_AUPR_ab=0.7277  val_AUPR_ag=0.3414  val_P@5_ab=1.0000  val_P@5_ag=1.0000  select=0.5345
Ep026  LR0=1.44e-04  pw=1.83  aucα=0.300  token_p=0.020  dropE=(0.020,0.080)  smooth=0.010  train_loss=0.2911  train_AUPR_all=0.6593  train_AUPR_ab=0.7641  train_AUPR_ag=0.4952  train_P@5_ab=0.9000  train_P@5_ag=0.9500  val_loss=0.3413  val_AUPR_all=0.5998  val_AUPR_ab=0.7331  val_AUPR_ag=0.3878  val_P@5_ab=1.0000  val_P@5_ag=1.0000  select=0.5605
  Saved checkpoint: checkpoints_newesm/iPara_balanced_l1_g8_i4_do0.10_dpr0.10_lr0.0002_heads16_fold3.pth  select=0.5605  val_ab=0.7331  val_ag=0.3878  val_all=0.5998
Ep027  LR0=1.39e-04  pw=1.74  aucα=0.300  token_p=0.020  dropE=(0.020,0.080)  smooth=0.010  train_loss=0.2811  train_AUPR_all=0.6675  train_AUPR_ab=0.7722  train_AUPR_ag=0.5047  train_P@5_ab=1.0000  train_P@5_ag=0.9000  val_loss=0.3274  val_AUPR_all=0.6043  val_AUPR_ab=0.7423  val_AUPR_ag=0.3885  val_P@5_ab=1.0000  val_P@5_ag=1.0000  select=0.5654
  Saved checkpoint: checkpoints_newesm/iPara_balanced_l1_g8_i4_do0.10_dpr0.10_lr0.0002_heads16_fold3.pth  select=0.5654  val_ab=0.7423  val_ag=0.3885  val_all=0.6043
Ep028  LR0=1.35e-04  pw=1.65  aucα=0.300  token_p=0.020  dropE=(0.020,0.080)  smooth=0.010  train_loss=0.2718  train_AUPR_all=0.6734  train_AUPR_ab=0.7711  train_AUPR_ag=0.5226  train_P@5_ab=1.0000  train_P@5_ag=0.9500  val_loss=0.3233  val_AUPR_all=0.5887  val_AUPR_ab=0.7256  val_AUPR_ag=0.3774  val_P@5_ab=0.9500  val_P@5_ag=1.0000  select=0.5515
Ep029  LR0=1.31e-04  pw=1.57  aucα=0.300  token_p=0.020  dropE=(0.020,0.080)  smooth=0.010  train_loss=0.2626  train_AUPR_all=0.6811  train_AUPR_ab=0.7747  train_AUPR_ag=0.5367  train_P@5_ab=1.0000  train_P@5_ag=1.0000  val_loss=0.3219  val_AUPR_all=0.6065  val_AUPR_ab=0.7442  val_AUPR_ag=0.3907  val_P@5_ab=0.9500  val_P@5_ag=0.9500  select=0.5674
  Saved checkpoint: checkpoints_newesm/iPara_balanced_l1_g8_i4_do0.10_dpr0.10_lr0.0002_heads16_fold3.pth  select=0.5674  val_ab=0.7442  val_ag=0.3907  val_all=0.6065
Ep030  LR0=1.27e-04  pw=1.51  aucα=0.300  token_p=0.020  dropE=(0.020,0.080)  smooth=0.010  train_loss=0.2548  train_AUPR_all=0.6896  train_AUPR_ab=0.7797  train_AUPR_ag=0.5516  train_P@5_ab=1.0000  train_P@5_ag=0.9500  val_loss=0.3124  val_AUPR_all=0.6055  val_AUPR_ab=0.7431  val_AUPR_ag=0.3797  val_P@5_ab=0.9500  val_P@5_ag=1.0000  select=0.5614
Ep031  LR0=1.22e-04  pw=1.45  aucα=0.300  token_p=0.020  dropE=(0.020,0.080)  smooth=0.010  train_loss=0.2505  train_AUPR_all=0.6930  train_AUPR_ab=0.7859  train_AUPR_ag=0.5506  train_P@5_ab=1.0000  train_P@5_ag=1.0000  val_loss=0.3106  val_AUPR_all=0.5896  val_AUPR_ab=0.7402  val_AUPR_ag=0.3603  val_P@5_ab=1.0000  val_P@5_ag=1.0000  select=0.5502
Ep032  LR0=1.18e-04  pw=1.39  aucα=0.300  token_p=0.020  dropE=(0.020,0.080)  smooth=0.010  train_loss=0.2417  train_AUPR_all=0.7008  train_AUPR_ab=0.7869  train_AUPR_ag=0.5697  train_P@5_ab=1.0000  train_P@5_ag=1.0000  val_loss=0.3108  val_AUPR_all=0.5784  val_AUPR_ab=0.7380  val_AUPR_ag=0.3617  val_P@5_ab=1.0000  val_P@5_ag=0.9000  select=0.5499
Ep033  LR0=1.14e-04  pw=1.35  aucα=0.300  token_p=0.020  dropE=(0.020,0.080)  smooth=0.010  train_loss=0.2322  train_AUPR_all=0.7142  train_AUPR_ab=0.7987  train_AUPR_ag=0.5851  train_P@5_ab=0.9500  train_P@5_ag=1.0000  val_loss=0.2980  val_AUPR_all=0.6139  val_AUPR_ab=0.7542  val_AUPR_ag=0.3955  val_P@5_ab=1.0000  val_P@5_ag=1.0000  select=0.5749
  Saved checkpoint: checkpoints_newesm/iPara_balanced_l1_g8_i4_do0.10_dpr0.10_lr0.0002_heads16_fold3.pth  select=0.5749  val_ab=0.7542  val_ag=0.3955  val_all=0.6139
Ep034  LR0=1.09e-04  pw=1.31  aucα=0.300  token_p=0.020  dropE=(0.020,0.080)  smooth=0.010  train_loss=0.2263  train_AUPR_all=0.7198  train_AUPR_ab=0.7973  train_AUPR_ag=0.6032  train_P@5_ab=1.0000  train_P@5_ag=0.9500  val_loss=0.2996  val_AUPR_all=0.6006  val_AUPR_ab=0.7448  val_AUPR_ag=0.3770  val_P@5_ab=0.9000  val_P@5_ag=0.9500  select=0.5609
Ep035  LR0=1.05e-04  pw=1.27  aucα=0.300  token_p=0.020  dropE=(0.020,0.080)  smooth=0.010  train_loss=0.2194  train_AUPR_all=0.7300  train_AUPR_ab=0.8063  train_AUPR_ag=0.6152  train_P@5_ab=1.0000  train_P@5_ag=0.9500  val_loss=0.3151  val_AUPR_all=0.5690  val_AUPR_ab=0.7427  val_AUPR_ag=0.3213  val_P@5_ab=0.9500  val_P@5_ag=0.9500  select=0.5320
Ep036  LR0=1.00e-04  pw=1.24  aucα=0.300  token_p=0.020  dropE=(0.020,0.080)  smooth=0.010  train_loss=0.2154  train_AUPR_all=0.7342  train_AUPR_ab=0.8100  train_AUPR_ag=0.6205  train_P@5_ab=1.0000  train_P@5_ag=1.0000  val_loss=0.2964  val_AUPR_all=0.5912  val_AUPR_ab=0.7491  val_AUPR_ag=0.3694  val_P@5_ab=1.0000  val_P@5_ag=1.0000  select=0.5592
Ep037  LR0=9.58e-05  pw=1.21  aucα=0.300  token_p=0.020  dropE=(0.020,0.080)  smooth=0.010  train_loss=0.2090  train_AUPR_all=0.7414  train_AUPR_ab=0.8118  train_AUPR_ag=0.6361  train_P@5_ab=1.0000  train_P@5_ag=1.0000  val_loss=0.2951  val_AUPR_all=0.5961  val_AUPR_ab=0.7506  val_AUPR_ag=0.3773  val_P@5_ab=0.9000  val_P@5_ag=1.0000  select=0.5639
Ep038  LR0=9.13e-05  pw=1.19  aucα=0.300  token_p=0.020  dropE=(0.020,0.080)  smooth=0.010  train_loss=0.2040  train_AUPR_all=0.7471  train_AUPR_ab=0.8183  train_AUPR_ag=0.6402  train_P@5_ab=1.0000  train_P@5_ag=1.0000  val_loss=0.2970  val_AUPR_all=0.5987  val_AUPR_ab=0.7552  val_AUPR_ag=0.3784  val_P@5_ab=1.0000  val_P@5_ag=1.0000  select=0.5668
Ep039  LR0=8.69e-05  pw=1.16  aucα=0.300  token_p=0.020  dropE=(0.020,0.080)  smooth=0.010  train_loss=0.1960  train_AUPR_all=0.7603  train_AUPR_ab=0.8253  train_AUPR_ag=0.6636  train_P@5_ab=0.9500  train_P@5_ag=0.9500  val_loss=0.2950  val_AUPR_all=0.5880  val_AUPR_ab=0.7504  val_AUPR_ag=0.3784  val_P@5_ab=1.0000  val_P@5_ag=1.0000  select=0.5644
Ep040  LR0=8.24e-05  pw=1.15  aucα=0.300  token_p=0.020  dropE=(0.020,0.080)  smooth=0.010  train_loss=0.1941  train_AUPR_all=0.7621  train_AUPR_ab=0.8245  train_AUPR_ag=0.6691  train_P@5_ab=0.9500  train_P@5_ag=1.0000  val_loss=0.2916  val_AUPR_all=0.5859  val_AUPR_ab=0.7506  val_AUPR_ag=0.3603  val_P@5_ab=0.9500  val_P@5_ag=0.9500  select=0.5554
Ep041  LR0=7.81e-05  pw=1.13  aucα=0.300  token_p=0.020  dropE=(0.020,0.080)  smooth=0.010  train_loss=0.1873  train_AUPR_all=0.7733  train_AUPR_ab=0.8347  train_AUPR_ag=0.6821  train_P@5_ab=0.9500  train_P@5_ag=0.9500  val_loss=0.2893  val_AUPR_all=0.5966  val_AUPR_ab=0.7555  val_AUPR_ag=0.3622  val_P@5_ab=0.9500  val_P@5_ag=0.9000  select=0.5588
Ep042  LR0=7.37e-05  pw=1.11  aucα=0.300  token_p=0.020  dropE=(0.020,0.080)  smooth=0.010  train_loss=0.1833  train_AUPR_all=0.7786  train_AUPR_ab=0.8375  train_AUPR_ag=0.6916  train_P@5_ab=1.0000  train_P@5_ag=1.0000  val_loss=0.2969  val_AUPR_all=0.5869  val_AUPR_ab=0.7462  val_AUPR_ag=0.3714  val_P@5_ab=0.9500  val_P@5_ag=0.9500  select=0.5588
Ep043  LR0=6.94e-05  pw=1.10  aucα=0.300  token_p=0.020  dropE=(0.020,0.080)  smooth=0.010  train_loss=0.1773  train_AUPR_all=0.7898  train_AUPR_ab=0.8475  train_AUPR_ag=0.7040  train_P@5_ab=1.0000  train_P@5_ag=1.0000  val_loss=0.2924  val_AUPR_all=0.6017  val_AUPR_ab=0.7497  val_AUPR_ag=0.3800  val_P@5_ab=0.9500  val_P@5_ag=0.8500  select=0.5648
Ep044  LR0=6.52e-05  pw=1.09  aucα=0.300  token_p=0.020  dropE=(0.020,0.080)  smooth=0.010  train_loss=0.1755  train_AUPR_all=0.7907  train_AUPR_ab=0.8460  train_AUPR_ag=0.7092  train_P@5_ab=1.0000  train_P@5_ag=1.0000  val_loss=0.2967  val_AUPR_all=0.5953  val_AUPR_ab=0.7554  val_AUPR_ag=0.3689  val_P@5_ab=0.9000  val_P@5_ag=0.9500  select=0.5622
Ep045  LR0=6.10e-05  pw=1.08  aucα=0.300  token_p=0.020  dropE=(0.020,0.080)  smooth=0.010  train_loss=0.1738  train_AUPR_all=0.7925  train_AUPR_ab=0.8466  train_AUPR_ag=0.7132  train_P@5_ab=0.9500  train_P@5_ag=1.0000  val_loss=0.2914  val_AUPR_all=0.5828  val_AUPR_ab=0.7525  val_AUPR_ag=0.3510  val_P@5_ab=0.9000  val_P@5_ag=0.9000  select=0.5518
Ep046  LR0=5.70e-05  pw=1.07  aucα=0.300  token_p=0.020  dropE=(0.020,0.080)  smooth=0.010  train_loss=0.1672  train_AUPR_all=0.8061  train_AUPR_ab=0.8585  train_AUPR_ag=0.7288  train_P@5_ab=1.0000  train_P@5_ag=1.0000  val_loss=0.2976  val_AUPR_all=0.5850  val_AUPR_ab=0.7468  val_AUPR_ag=0.3735  val_P@5_ab=0.9500  val_P@5_ag=0.9500  select=0.5602
Ep047  LR0=5.30e-05  pw=1.06  aucα=0.300  token_p=0.020  dropE=(0.020,0.080)  smooth=0.010  train_loss=0.1657  train_AUPR_all=0.8064  train_AUPR_ab=0.8561  train_AUPR_ag=0.7335  train_P@5_ab=0.9500  train_P@5_ag=1.0000  val_loss=0.2952  val_AUPR_all=0.5927  val_AUPR_ab=0.7484  val_AUPR_ag=0.3689  val_P@5_ab=0.9000  val_P@5_ag=1.0000  select=0.5586
Ep048  LR0=4.91e-05  pw=1.05  aucα=0.300  token_p=0.020  dropE=(0.020,0.080)  smooth=0.010  train_loss=0.1600  train_AUPR_all=0.8163  train_AUPR_ab=0.8660  train_AUPR_ag=0.7429  train_P@5_ab=1.0000  train_P@5_ag=1.0000  val_loss=0.3018  val_AUPR_all=0.5896  val_AUPR_ab=0.7513  val_AUPR_ag=0.3626  val_P@5_ab=0.9500  val_P@5_ag=1.0000  select=0.5570
Ep049  LR0=4.53e-05  pw=1.05  aucα=0.300  token_p=0.020  dropE=(0.020,0.080)  smooth=0.010  train_loss=0.1600  train_AUPR_all=0.8160  train_AUPR_ab=0.8644  train_AUPR_ag=0.7447  train_P@5_ab=1.0000  train_P@5_ag=1.0000  val_loss=0.3033  val_AUPR_all=0.5815  val_AUPR_ab=0.7483  val_AUPR_ag=0.3513  val_P@5_ab=0.9500  val_P@5_ag=0.9000  select=0.5498
Ep050  LR0=4.16e-05  pw=1.04  aucα=0.300  token_p=0.020  dropE=(0.020,0.080)  smooth=0.010  train_loss=0.1553  train_AUPR_all=0.8239  train_AUPR_ab=0.8713  train_AUPR_ag=0.7540  train_P@5_ab=1.0000  train_P@5_ag=1.0000  val_loss=0.3048  val_AUPR_all=0.5888  val_AUPR_ab=0.7502  val_AUPR_ag=0.3596  val_P@5_ab=0.9000  val_P@5_ag=0.9000  select=0.5549
Ep051  LR0=3.81e-05  pw=1.04  aucα=0.300  token_p=0.020  dropE=(0.020,0.080)  smooth=0.010  train_loss=0.1572  train_AUPR_all=0.8203  train_AUPR_ab=0.8696  train_AUPR_ag=0.7465  train_P@5_ab=1.0000  train_P@5_ag=0.9500  val_loss=0.3022  val_AUPR_all=0.5912  val_AUPR_ab=0.7473  val_AUPR_ag=0.3742  val_P@5_ab=0.9500  val_P@5_ag=0.9500  select=0.5608
Ep052  LR0=3.46e-05  pw=1.03  aucα=0.300  token_p=0.020  dropE=(0.020,0.080)  smooth=0.010  train_loss=0.1511  train_AUPR_all=0.8309  train_AUPR_ab=0.8740  train_AUPR_ag=0.7679  train_P@5_ab=1.0000  train_P@5_ag=1.0000  val_loss=0.3041  val_AUPR_all=0.5763  val_AUPR_ab=0.7472  val_AUPR_ag=0.3479  val_P@5_ab=0.9500  val_P@5_ag=0.9000  select=0.5476
Ep053  LR0=3.13e-05  pw=1.03  aucα=0.300  token_p=0.020  dropE=(0.020,0.080)  smooth=0.010  train_loss=0.1532  train_AUPR_all=0.8259  train_AUPR_ab=0.8749  train_AUPR_ag=0.7531  train_P@5_ab=1.0000  train_P@5_ag=1.0000  val_loss=0.3108  val_AUPR_all=0.5829  val_AUPR_ab=0.7478  val_AUPR_ag=0.3482  val_P@5_ab=0.9500  val_P@5_ag=0.9000  select=0.5480
Early stopping at epoch 53. Best select=0.5749 at epoch 33.
Final saved checkpoint for fold 3: checkpoints_newesm/iPara_balanced_l1_g8_i4_do0.10_dpr0.10_lr0.0002_heads16_fold3.pth
Best select=0.5749 at epoch 33

==========================================================================================
Fold 4/5
==========================================================================================
Train labels: valid=398858, pos=26560, neg=372298, ignore=700342, pos_frac=0.06659
Val labels: valid=101334, pos=6670, neg=94664, ignore=172266, pos_frac=0.06582
Initializing ClassificationModel with 8 GAT layers and residual connections...
Initializing MCModel with 8 GAT layers and 4 row attention layers (drop_path_rate=0.1, use_esm=True)
Initializing CoreModel with 1 layers, drop_path_rate=0.1
Ep001  LR0=2.00e-04  pw=20.00  aucα=0.000  token_p=0.020  dropE=(0.020,0.080)  smooth=0.010  train_loss=1.2674  train_AUPR_all=0.1647  train_AUPR_ab=0.1974  train_AUPR_ag=0.1295  train_P@5_ab=0.0500  train_P@5_ag=0.0500  val_loss=1.7472  val_AUPR_all=0.3127  val_AUPR_ab=0.4189  val_AUPR_ag=0.1350  val_P@5_ab=0.8500  val_P@5_ag=0.2500  select=0.2769
  Saved checkpoint: checkpoints_newesm/iPara_balanced_l1_g8_i4_do0.10_dpr0.10_lr0.0002_heads16_fold4.pth  select=0.2769  val_ab=0.4189  val_ag=0.1350  val_all=0.3127
Ep002  LR0=2.00e-04  pw=17.77  aucα=0.000  token_p=0.020  dropE=(0.020,0.080)  smooth=0.010  train_loss=0.8417  train_AUPR_all=0.3390  train_AUPR_ab=0.4279  train_AUPR_ag=0.2029  train_P@5_ab=0.6500  train_P@5_ag=0.5000  val_loss=1.3141  val_AUPR_all=0.4149  val_AUPR_ab=0.5604  val_AUPR_ag=0.1856  val_P@5_ab=0.7000  val_P@5_ag=1.0000  select=0.3730
  Saved checkpoint: checkpoints_newesm/iPara_balanced_l1_g8_i4_do0.10_dpr0.10_lr0.0002_heads16_fold4.pth  select=0.3730  val_ab=0.5604  val_ag=0.1856  val_all=0.4149
Ep003  LR0=2.00e-04  pw=15.80  aucα=0.000  token_p=0.020  dropE=(0.020,0.080)  smooth=0.010  train_loss=0.7400  train_AUPR_all=0.4060  train_AUPR_ab=0.4969  train_AUPR_ag=0.2558  train_P@5_ab=0.8000  train_P@5_ag=0.9500  val_loss=1.1974  val_AUPR_all=0.3916  val_AUPR_ab=0.5246  val_AUPR_ag=0.1937  val_P@5_ab=0.8500  val_P@5_ag=1.0000  select=0.3591
Ep004  LR0=1.99e-04  pw=14.06  aucα=0.000  token_p=0.020  dropE=(0.020,0.080)  smooth=0.010  train_loss=0.6800  train_AUPR_all=0.4240  train_AUPR_ab=0.5191  train_AUPR_ag=0.2616  train_P@5_ab=0.7500  train_P@5_ag=0.7500  val_loss=0.9631  val_AUPR_all=0.4665  val_AUPR_ab=0.6023  val_AUPR_ag=0.2384  val_P@5_ab=0.8000  val_P@5_ag=0.8500  select=0.4203
  Saved checkpoint: checkpoints_newesm/iPara_balanced_l1_g8_i4_do0.10_dpr0.10_lr0.0002_heads16_fold4.pth  select=0.4203  val_ab=0.6023  val_ag=0.2384  val_all=0.4665
Ep005  LR0=1.98e-04  pw=12.52  aucα=0.000  token_p=0.020  dropE=(0.020,0.080)  smooth=0.010  train_loss=0.6169  train_AUPR_all=0.4601  train_AUPR_ab=0.5501  train_AUPR_ag=0.3037  train_P@5_ab=0.6000  train_P@5_ag=0.9500  val_loss=1.1475  val_AUPR_all=0.4623  val_AUPR_ab=0.6071  val_AUPR_ag=0.2684  val_P@5_ab=0.7000  val_P@5_ag=1.0000  select=0.4378
  Saved checkpoint: checkpoints_newesm/iPara_balanced_l1_g8_i4_do0.10_dpr0.10_lr0.0002_heads16_fold4.pth  select=0.4378  val_ab=0.6071  val_ag=0.2684  val_all=0.4623
Ep006  LR0=1.97e-04  pw=11.17  aucα=0.000  token_p=0.020  dropE=(0.020,0.080)  smooth=0.010  train_loss=0.5704  train_AUPR_all=0.4812  train_AUPR_ab=0.5738  train_AUPR_ag=0.3185  train_P@5_ab=0.7500  train_P@5_ag=1.0000  val_loss=1.1628  val_AUPR_all=0.4835  val_AUPR_ab=0.6145  val_AUPR_ag=0.2752  val_P@5_ab=0.9500  val_P@5_ag=0.9000  select=0.4449
  Saved checkpoint: checkpoints_newesm/iPara_balanced_l1_g8_i4_do0.10_dpr0.10_lr0.0002_heads16_fold4.pth  select=0.4449  val_ab=0.6145  val_ag=0.2752  val_all=0.4835
Ep007  LR0=1.96e-04  pw=9.97  aucα=0.000  token_p=0.020  dropE=(0.020,0.080)  smooth=0.010  train_loss=0.5403  train_AUPR_all=0.4924  train_AUPR_ab=0.5848  train_AUPR_ag=0.3266  train_P@5_ab=0.6500  train_P@5_ag=0.8000  val_loss=0.8230  val_AUPR_all=0.5032  val_AUPR_ab=0.6222  val_AUPR_ag=0.3032  val_P@5_ab=0.7500  val_P@5_ag=1.0000  select=0.4627
  Saved checkpoint: checkpoints_newesm/iPara_balanced_l1_g8_i4_do0.10_dpr0.10_lr0.0002_heads16_fold4.pth  select=0.4627  val_ab=0.6222  val_ag=0.3032  val_all=0.5032
Ep008  LR0=1.95e-04  pw=8.92  aucα=0.000  token_p=0.020  dropE=(0.020,0.080)  smooth=0.010  train_loss=0.5076  train_AUPR_all=0.5008  train_AUPR_ab=0.5931  train_AUPR_ag=0.3363  train_P@5_ab=0.8500  train_P@5_ag=0.8000  val_loss=0.7014  val_AUPR_all=0.5122  val_AUPR_ab=0.6320  val_AUPR_ag=0.3207  val_P@5_ab=0.7500  val_P@5_ag=0.9500  select=0.4764
  Saved checkpoint: checkpoints_newesm/iPara_balanced_l1_g8_i4_do0.10_dpr0.10_lr0.0002_heads16_fold4.pth  select=0.4764  val_ab=0.6320  val_ag=0.3207  val_all=0.5122
Ep009  LR0=1.94e-04  pw=7.99  aucα=0.000  token_p=0.020  dropE=(0.020,0.080)  smooth=0.010  train_loss=0.4650  train_AUPR_all=0.5158  train_AUPR_ab=0.6096  train_AUPR_ag=0.3496  train_P@5_ab=0.7500  train_P@5_ag=0.7500  val_loss=0.8406  val_AUPR_all=0.4943  val_AUPR_ab=0.6399  val_AUPR_ag=0.2626  val_P@5_ab=0.8500  val_P@5_ag=0.9500  select=0.4512
Ep010  LR0=1.92e-04  pw=7.17  aucα=0.030  token_p=0.020  dropE=(0.020,0.080)  smooth=0.010  train_loss=0.4588  train_AUPR_all=0.5281  train_AUPR_ab=0.6222  train_AUPR_ag=0.3569  train_P@5_ab=0.6500  train_P@5_ag=1.0000  val_loss=0.6368  val_AUPR_all=0.5431  val_AUPR_ab=0.6568  val_AUPR_ag=0.3485  val_P@5_ab=0.9000  val_P@5_ag=1.0000  select=0.5026
  Saved checkpoint: checkpoints_newesm/iPara_balanced_l1_g8_i4_do0.10_dpr0.10_lr0.0002_heads16_fold4.pth  select=0.5026  val_ab=0.6568  val_ag=0.3485  val_all=0.5431
Unfreezing DyM parameters.
Ep011  LR0=1.90e-04  pw=6.44  aucα=0.060  token_p=0.020  dropE=(0.020,0.080)  smooth=0.010  train_loss=0.4444  train_AUPR_all=0.5360  train_AUPR_ab=0.6326  train_AUPR_ag=0.3575  train_P@5_ab=0.4500  train_P@5_ag=1.0000  val_loss=0.6737  val_AUPR_all=0.4985  val_AUPR_ab=0.6311  val_AUPR_ag=0.2896  val_P@5_ab=0.7500  val_P@5_ag=0.8500  select=0.4603
Ep012  LR0=1.88e-04  pw=5.80  aucα=0.090  token_p=0.020  dropE=(0.020,0.080)  smooth=0.010  train_loss=0.4334  train_AUPR_all=0.5529  train_AUPR_ab=0.6556  train_AUPR_ag=0.3715  train_P@5_ab=0.8500  train_P@5_ag=0.9500  val_loss=0.5909  val_AUPR_all=0.5448  val_AUPR_ab=0.6768  val_AUPR_ag=0.3317  val_P@5_ab=0.9000  val_P@5_ag=0.8500  select=0.5042
  Saved checkpoint: checkpoints_newesm/iPara_balanced_l1_g8_i4_do0.10_dpr0.10_lr0.0002_heads16_fold4.pth  select=0.5042  val_ab=0.6768  val_ag=0.3317  val_all=0.5448
Ep013  LR0=1.86e-04  pw=5.24  aucα=0.120  token_p=0.020  dropE=(0.020,0.080)  smooth=0.010  train_loss=0.4218  train_AUPR_all=0.5586  train_AUPR_ab=0.6634  train_AUPR_ag=0.3747  train_P@5_ab=0.9000  train_P@5_ag=1.0000  val_loss=0.5760  val_AUPR_all=0.5174  val_AUPR_ab=0.6545  val_AUPR_ag=0.3368  val_P@5_ab=0.9000  val_P@5_ag=0.8500  select=0.4956
Ep014  LR0=1.83e-04  pw=4.74  aucα=0.150  token_p=0.020  dropE=(0.020,0.080)  smooth=0.010  train_loss=0.4175  train_AUPR_all=0.5619  train_AUPR_ab=0.6704  train_AUPR_ag=0.3756  train_P@5_ab=0.9000  train_P@5_ag=0.9500  val_loss=0.6253  val_AUPR_all=0.5338  val_AUPR_ab=0.6890  val_AUPR_ag=0.3038  val_P@5_ab=0.8000  val_P@5_ag=0.8000  select=0.4964
Ep015  LR0=1.81e-04  pw=4.30  aucα=0.180  token_p=0.020  dropE=(0.020,0.080)  smooth=0.010  train_loss=0.4079  train_AUPR_all=0.5721  train_AUPR_ab=0.6796  train_AUPR_ag=0.3877  train_P@5_ab=1.0000  train_P@5_ag=0.9500  val_loss=0.5912  val_AUPR_all=0.5354  val_AUPR_ab=0.7082  val_AUPR_ag=0.3013  val_P@5_ab=0.9000  val_P@5_ag=1.0000  select=0.5047
  Saved checkpoint: checkpoints_newesm/iPara_balanced_l1_g8_i4_do0.10_dpr0.10_lr0.0002_heads16_fold4.pth  select=0.5047  val_ab=0.7082  val_ag=0.3013  val_all=0.5354
Ep016  LR0=1.78e-04  pw=3.91  aucα=0.210  token_p=0.020  dropE=(0.020,0.080)  smooth=0.010  train_loss=0.4026  train_AUPR_all=0.5840  train_AUPR_ab=0.6951  train_AUPR_ag=0.3961  train_P@5_ab=0.9500  train_P@5_ag=1.0000  val_loss=0.4815  val_AUPR_all=0.5631  val_AUPR_ab=0.6999  val_AUPR_ag=0.3351  val_P@5_ab=0.9500  val_P@5_ag=0.8500  select=0.5175
  Saved checkpoint: checkpoints_newesm/iPara_balanced_l1_g8_i4_do0.10_dpr0.10_lr0.0002_heads16_fold4.pth  select=0.5175  val_ab=0.6999  val_ag=0.3351  val_all=0.5631
Ep017  LR0=1.75e-04  pw=3.57  aucα=0.240  token_p=0.020  dropE=(0.020,0.080)  smooth=0.010  train_loss=0.3968  train_AUPR_all=0.5896  train_AUPR_ab=0.7022  train_AUPR_ag=0.4002  train_P@5_ab=1.0000  train_P@5_ag=0.9500  val_loss=0.4698  val_AUPR_all=0.5633  val_AUPR_ab=0.7002  val_AUPR_ag=0.3417  val_P@5_ab=0.9000  val_P@5_ag=0.9500  select=0.5209
  Saved checkpoint: checkpoints_newesm/iPara_balanced_l1_g8_i4_do0.10_dpr0.10_lr0.0002_heads16_fold4.pth  select=0.5209  val_ab=0.7002  val_ag=0.3417  val_all=0.5633
Ep018  LR0=1.72e-04  pw=3.27  aucα=0.270  token_p=0.020  dropE=(0.020,0.080)  smooth=0.010  train_loss=0.3927  train_AUPR_all=0.5970  train_AUPR_ab=0.7076  train_AUPR_ag=0.4099  train_P@5_ab=0.9500  train_P@5_ag=0.9500  val_loss=0.4677  val_AUPR_all=0.5661  val_AUPR_ab=0.7046  val_AUPR_ag=0.3388  val_P@5_ab=0.9000  val_P@5_ag=0.9500  select=0.5217
  Saved checkpoint: checkpoints_newesm/iPara_balanced_l1_g8_i4_do0.10_dpr0.10_lr0.0002_heads16_fold4.pth  select=0.5217  val_ab=0.7046  val_ag=0.3388  val_all=0.5661
Ep019  LR0=1.69e-04  pw=3.00  aucα=0.300  token_p=0.020  dropE=(0.020,0.080)  smooth=0.010  train_loss=0.3893  train_AUPR_all=0.5983  train_AUPR_ab=0.7076  train_AUPR_ag=0.4156  train_P@5_ab=0.9500  train_P@5_ag=0.8500  val_loss=0.4228  val_AUPR_all=0.5816  val_AUPR_ab=0.7175  val_AUPR_ag=0.3624  val_P@5_ab=0.9000  val_P@5_ag=0.9000  select=0.5400
  Saved checkpoint: checkpoints_newesm/iPara_balanced_l1_g8_i4_do0.10_dpr0.10_lr0.0002_heads16_fold4.pth  select=0.5400  val_ab=0.7175  val_ag=0.3624  val_all=0.5816
Ep020  LR0=1.66e-04  pw=2.77  aucα=0.300  token_p=0.020  dropE=(0.020,0.080)  smooth=0.010  train_loss=0.3720  train_AUPR_all=0.6095  train_AUPR_ab=0.7217  train_AUPR_ag=0.4237  train_P@5_ab=1.0000  train_P@5_ag=1.0000  val_loss=0.4183  val_AUPR_all=0.5709  val_AUPR_ab=0.7004  val_AUPR_ag=0.3592  val_P@5_ab=0.9500  val_P@5_ag=0.9500  select=0.5298
Ep021  LR0=1.62e-04  pw=2.56  aucα=0.300  token_p=0.020  dropE=(0.020,0.080)  smooth=0.010  train_loss=0.3588  train_AUPR_all=0.6146  train_AUPR_ab=0.7246  train_AUPR_ag=0.4343  train_P@5_ab=0.9500  train_P@5_ag=0.9000  val_loss=0.3925  val_AUPR_all=0.5816  val_AUPR_ab=0.7243  val_AUPR_ag=0.3482  val_P@5_ab=1.0000  val_P@5_ag=0.9500  select=0.5363
Ep022  LR0=1.59e-04  pw=2.38  aucα=0.300  token_p=0.020  dropE=(0.020,0.080)  smooth=0.010  train_loss=0.3423  train_AUPR_all=0.6240  train_AUPR_ab=0.7367  train_AUPR_ag=0.4400  train_P@5_ab=0.9500  train_P@5_ag=0.9500  val_loss=0.3841  val_AUPR_all=0.5833  val_AUPR_ab=0.7242  val_AUPR_ag=0.3514  val_P@5_ab=1.0000  val_P@5_ag=0.9500  select=0.5378
Ep023  LR0=1.55e-04  pw=2.21  aucα=0.300  token_p=0.020  dropE=(0.020,0.080)  smooth=0.010  train_loss=0.3278  train_AUPR_all=0.6342  train_AUPR_ab=0.7449  train_AUPR_ag=0.4541  train_P@5_ab=1.0000  train_P@5_ag=0.9000  val_loss=0.3666  val_AUPR_all=0.5972  val_AUPR_ab=0.7387  val_AUPR_ag=0.3658  val_P@5_ab=0.9500  val_P@5_ag=0.9000  select=0.5523
  Saved checkpoint: checkpoints_newesm/iPara_balanced_l1_g8_i4_do0.10_dpr0.10_lr0.0002_heads16_fold4.pth  select=0.5523  val_ab=0.7387  val_ag=0.3658  val_all=0.5972
Ep024  LR0=1.51e-04  pw=2.07  aucα=0.300  token_p=0.020  dropE=(0.020,0.080)  smooth=0.010  train_loss=0.3166  train_AUPR_all=0.6427  train_AUPR_ab=0.7505  train_AUPR_ag=0.4690  train_P@5_ab=1.0000  train_P@5_ag=1.0000  val_loss=0.3552  val_AUPR_all=0.5979  val_AUPR_ab=0.7379  val_AUPR_ag=0.3705  val_P@5_ab=0.8500  val_P@5_ag=1.0000  select=0.5542
  Saved checkpoint: checkpoints_newesm/iPara_balanced_l1_g8_i4_do0.10_dpr0.10_lr0.0002_heads16_fold4.pth  select=0.5542  val_ab=0.7379  val_ag=0.3705  val_all=0.5979
Ep025  LR0=1.48e-04  pw=1.95  aucα=0.300  token_p=0.020  dropE=(0.020,0.080)  smooth=0.010  train_loss=0.3076  train_AUPR_all=0.6418  train_AUPR_ab=0.7477  train_AUPR_ag=0.4703  train_P@5_ab=1.0000  train_P@5_ag=1.0000  val_loss=0.3512  val_AUPR_all=0.5941  val_AUPR_ab=0.7407  val_AUPR_ag=0.3569  val_P@5_ab=0.9000  val_P@5_ag=0.9000  select=0.5488
Ep026  LR0=1.44e-04  pw=1.83  aucα=0.300  token_p=0.020  dropE=(0.020,0.080)  smooth=0.010  train_loss=0.2971  train_AUPR_all=0.6512  train_AUPR_ab=0.7581  train_AUPR_ag=0.4792  train_P@5_ab=0.9500  train_P@5_ag=0.9500  val_loss=0.3387  val_AUPR_all=0.5958  val_AUPR_ab=0.7355  val_AUPR_ag=0.3695  val_P@5_ab=0.9500  val_P@5_ag=0.9500  select=0.5525
Ep027  LR0=1.39e-04  pw=1.74  aucα=0.300  token_p=0.020  dropE=(0.020,0.080)  smooth=0.010  train_loss=0.2853  train_AUPR_all=0.6601  train_AUPR_ab=0.7631  train_AUPR_ag=0.4953  train_P@5_ab=1.0000  train_P@5_ag=0.9500  val_loss=0.3514  val_AUPR_all=0.5943  val_AUPR_ab=0.7476  val_AUPR_ag=0.3505  val_P@5_ab=0.9500  val_P@5_ag=0.8500  select=0.5491
Ep028  LR0=1.35e-04  pw=1.65  aucα=0.300  token_p=0.020  dropE=(0.020,0.080)  smooth=0.010  train_loss=0.2757  train_AUPR_all=0.6679  train_AUPR_ab=0.7703  train_AUPR_ag=0.5055  train_P@5_ab=1.0000  train_P@5_ag=1.0000  val_loss=0.3425  val_AUPR_all=0.5885  val_AUPR_ab=0.7434  val_AUPR_ag=0.3569  val_P@5_ab=0.9000  val_P@5_ag=0.9000  select=0.5502
Ep029  LR0=1.31e-04  pw=1.57  aucα=0.300  token_p=0.020  dropE=(0.020,0.080)  smooth=0.010  train_loss=0.2691  train_AUPR_all=0.6718  train_AUPR_ab=0.7696  train_AUPR_ag=0.5177  train_P@5_ab=1.0000  train_P@5_ag=0.9500  val_loss=0.3245  val_AUPR_all=0.5917  val_AUPR_ab=0.7315  val_AUPR_ag=0.3621  val_P@5_ab=0.9000  val_P@5_ag=0.9500  select=0.5468
Ep030  LR0=1.27e-04  pw=1.51  aucα=0.300  token_p=0.020  dropE=(0.020,0.080)  smooth=0.010  train_loss=0.2574  train_AUPR_all=0.6847  train_AUPR_ab=0.7817  train_AUPR_ag=0.5323  train_P@5_ab=1.0000  train_P@5_ag=1.0000  val_loss=0.3159  val_AUPR_all=0.6051  val_AUPR_ab=0.7417  val_AUPR_ag=0.3821  val_P@5_ab=0.9000  val_P@5_ag=1.0000  select=0.5619
  Saved checkpoint: checkpoints_newesm/iPara_balanced_l1_g8_i4_do0.10_dpr0.10_lr0.0002_heads16_fold4.pth  select=0.5619  val_ab=0.7417  val_ag=0.3821  val_all=0.6051
Ep031  LR0=1.22e-04  pw=1.45  aucα=0.300  token_p=0.020  dropE=(0.020,0.080)  smooth=0.010  train_loss=0.2519  train_AUPR_all=0.6909  train_AUPR_ab=0.7860  train_AUPR_ag=0.5422  train_P@5_ab=1.0000  train_P@5_ag=0.9500  val_loss=0.3225  val_AUPR_all=0.5911  val_AUPR_ab=0.7482  val_AUPR_ag=0.3416  val_P@5_ab=0.9000  val_P@5_ag=1.0000  select=0.5449
Ep032  LR0=1.18e-04  pw=1.39  aucα=0.300  token_p=0.020  dropE=(0.020,0.080)  smooth=0.010  train_loss=0.2482  train_AUPR_all=0.6909  train_AUPR_ab=0.7848  train_AUPR_ag=0.5440  train_P@5_ab=1.0000  train_P@5_ag=0.9500  val_loss=0.3060  val_AUPR_all=0.6064  val_AUPR_ab=0.7553  val_AUPR_ag=0.3674  val_P@5_ab=0.9500  val_P@5_ag=1.0000  select=0.5614
Ep033  LR0=1.14e-04  pw=1.35  aucα=0.300  token_p=0.020  dropE=(0.020,0.080)  smooth=0.010  train_loss=0.2416  train_AUPR_all=0.6951  train_AUPR_ab=0.7869  train_AUPR_ag=0.5510  train_P@5_ab=1.0000  train_P@5_ag=0.9000  val_loss=0.3021  val_AUPR_all=0.6063  val_AUPR_ab=0.7568  val_AUPR_ag=0.3660  val_P@5_ab=1.0000  val_P@5_ag=0.9500  select=0.5614
Ep034  LR0=1.09e-04  pw=1.31  aucα=0.300  token_p=0.020  dropE=(0.020,0.080)  smooth=0.010  train_loss=0.2353  train_AUPR_all=0.7041  train_AUPR_ab=0.7920  train_AUPR_ag=0.5677  train_P@5_ab=1.0000  train_P@5_ag=0.9500  val_loss=0.3060  val_AUPR_all=0.6026  val_AUPR_ab=0.7560  val_AUPR_ag=0.3589  val_P@5_ab=1.0000  val_P@5_ag=0.9500  select=0.5574
Ep035  LR0=1.05e-04  pw=1.27  aucα=0.300  token_p=0.020  dropE=(0.020,0.080)  smooth=0.010  train_loss=0.2249  train_AUPR_all=0.7206  train_AUPR_ab=0.8061  train_AUPR_ag=0.5881  train_P@5_ab=0.9500  train_P@5_ag=1.0000  val_loss=0.3033  val_AUPR_all=0.6101  val_AUPR_ab=0.7634  val_AUPR_ag=0.3719  val_P@5_ab=1.0000  val_P@5_ag=0.9000  select=0.5677
  Saved checkpoint: checkpoints_newesm/iPara_balanced_l1_g8_i4_do0.10_dpr0.10_lr0.0002_heads16_fold4.pth  select=0.5677  val_ab=0.7634  val_ag=0.3719  val_all=0.6101
Ep036  LR0=1.00e-04  pw=1.24  aucα=0.300  token_p=0.020  dropE=(0.020,0.080)  smooth=0.010  train_loss=0.2221  train_AUPR_all=0.7213  train_AUPR_ab=0.8043  train_AUPR_ag=0.5944  train_P@5_ab=1.0000  train_P@5_ag=0.9000  val_loss=0.2918  val_AUPR_all=0.6189  val_AUPR_ab=0.7600  val_AUPR_ag=0.3976  val_P@5_ab=1.0000  val_P@5_ag=1.0000  select=0.5788
  Saved checkpoint: checkpoints_newesm/iPara_balanced_l1_g8_i4_do0.10_dpr0.10_lr0.0002_heads16_fold4.pth  select=0.5788  val_ab=0.7600  val_ag=0.3976  val_all=0.6189
Ep037  LR0=9.58e-05  pw=1.21  aucα=0.300  token_p=0.020  dropE=(0.020,0.080)  smooth=0.010  train_loss=0.2113  train_AUPR_all=0.7372  train_AUPR_ab=0.8116  train_AUPR_ag=0.6242  train_P@5_ab=1.0000  train_P@5_ag=0.9500  val_loss=0.3062  val_AUPR_all=0.6083  val_AUPR_ab=0.7649  val_AUPR_ag=0.3682  val_P@5_ab=0.9500  val_P@5_ag=0.9000  select=0.5666
Ep038  LR0=9.13e-05  pw=1.19  aucα=0.300  token_p=0.020  dropE=(0.020,0.080)  smooth=0.010  train_loss=0.2086  train_AUPR_all=0.7411  train_AUPR_ab=0.8159  train_AUPR_ag=0.6282  train_P@5_ab=1.0000  train_P@5_ag=1.0000  val_loss=0.2900  val_AUPR_all=0.6228  val_AUPR_ab=0.7694  val_AUPR_ag=0.3924  val_P@5_ab=0.9500  val_P@5_ag=1.0000  select=0.5809
  Saved checkpoint: checkpoints_newesm/iPara_balanced_l1_g8_i4_do0.10_dpr0.10_lr0.0002_heads16_fold4.pth  select=0.5809  val_ab=0.7694  val_ag=0.3924  val_all=0.6228
Ep039  LR0=8.69e-05  pw=1.16  aucα=0.300  token_p=0.020  dropE=(0.020,0.080)  smooth=0.010  train_loss=0.2056  train_AUPR_all=0.7438  train_AUPR_ab=0.8143  train_AUPR_ag=0.6378  train_P@5_ab=1.0000  train_P@5_ag=0.9000  val_loss=0.2953  val_AUPR_all=0.6195  val_AUPR_ab=0.7673  val_AUPR_ag=0.4041  val_P@5_ab=1.0000  val_P@5_ag=0.8500  select=0.5857
  Saved checkpoint: checkpoints_newesm/iPara_balanced_l1_g8_i4_do0.10_dpr0.10_lr0.0002_heads16_fold4.pth  select=0.5857  val_ab=0.7673  val_ag=0.4041  val_all=0.6195
Ep040  LR0=8.24e-05  pw=1.15  aucα=0.300  token_p=0.020  dropE=(0.020,0.080)  smooth=0.010  train_loss=0.2031  train_AUPR_all=0.7478  train_AUPR_ab=0.8221  train_AUPR_ag=0.6344  train_P@5_ab=1.0000  train_P@5_ag=0.9500  val_loss=0.2891  val_AUPR_all=0.6179  val_AUPR_ab=0.7659  val_AUPR_ag=0.3845  val_P@5_ab=0.9500  val_P@5_ag=0.9500  select=0.5752
Ep041  LR0=7.81e-05  pw=1.13  aucα=0.300  token_p=0.020  dropE=(0.020,0.080)  smooth=0.010  train_loss=0.1983  train_AUPR_all=0.7534  train_AUPR_ab=0.8234  train_AUPR_ag=0.6471  train_P@5_ab=1.0000  train_P@5_ag=0.9500  val_loss=0.2911  val_AUPR_all=0.6136  val_AUPR_ab=0.7672  val_AUPR_ag=0.3724  val_P@5_ab=1.0000  val_P@5_ag=0.9500  select=0.5698
Ep042  LR0=7.37e-05  pw=1.11  aucα=0.300  token_p=0.020  dropE=(0.020,0.080)  smooth=0.010  train_loss=0.1930  train_AUPR_all=0.7611  train_AUPR_ab=0.8284  train_AUPR_ag=0.6594  train_P@5_ab=1.0000  train_P@5_ag=1.0000  val_loss=0.2888  val_AUPR_all=0.6163  val_AUPR_ab=0.7682  val_AUPR_ag=0.3855  val_P@5_ab=0.9500  val_P@5_ag=1.0000  select=0.5768
Ep043  LR0=6.94e-05  pw=1.10  aucα=0.300  token_p=0.020  dropE=(0.020,0.080)  smooth=0.010  train_loss=0.1877  train_AUPR_all=0.7723  train_AUPR_ab=0.8356  train_AUPR_ag=0.6779  train_P@5_ab=1.0000  train_P@5_ag=1.0000  val_loss=0.2970  val_AUPR_all=0.6111  val_AUPR_ab=0.7654  val_AUPR_ag=0.3706  val_P@5_ab=1.0000  val_P@5_ag=0.9000  select=0.5680
Ep044  LR0=6.52e-05  pw=1.09  aucα=0.300  token_p=0.020  dropE=(0.020,0.080)  smooth=0.010  train_loss=0.1806  train_AUPR_all=0.7835  train_AUPR_ab=0.8434  train_AUPR_ag=0.6941  train_P@5_ab=1.0000  train_P@5_ag=1.0000  val_loss=0.2942  val_AUPR_all=0.6214  val_AUPR_ab=0.7719  val_AUPR_ag=0.3993  val_P@5_ab=1.0000  val_P@5_ag=0.8500  select=0.5856
Ep045  LR0=6.10e-05  pw=1.08  aucα=0.300  token_p=0.020  dropE=(0.020,0.080)  smooth=0.010  train_loss=0.1800  train_AUPR_all=0.7830  train_AUPR_ab=0.8436  train_AUPR_ag=0.6922  train_P@5_ab=1.0000  train_P@5_ag=1.0000  val_loss=0.2925  val_AUPR_all=0.6216  val_AUPR_ab=0.7702  val_AUPR_ag=0.3890  val_P@5_ab=0.9500  val_P@5_ag=0.8500  select=0.5796
Ep046  LR0=5.70e-05  pw=1.07  aucα=0.300  token_p=0.020  dropE=(0.020,0.080)  smooth=0.010  train_loss=0.1750  train_AUPR_all=0.7926  train_AUPR_ab=0.8535  train_AUPR_ag=0.7012  train_P@5_ab=1.0000  train_P@5_ag=0.9500  val_loss=0.2999  val_AUPR_all=0.6192  val_AUPR_ab=0.7713  val_AUPR_ag=0.3860  val_P@5_ab=1.0000  val_P@5_ag=0.8500  select=0.5786
Ep047  LR0=5.30e-05  pw=1.06  aucα=0.300  token_p=0.020  dropE=(0.020,0.080)  smooth=0.010  train_loss=0.1713  train_AUPR_all=0.7961  train_AUPR_ab=0.8505  train_AUPR_ag=0.7157  train_P@5_ab=1.0000  train_P@5_ag=1.0000  val_loss=0.3016  val_AUPR_all=0.6019  val_AUPR_ab=0.7608  val_AUPR_ag=0.3758  val_P@5_ab=0.9000  val_P@5_ag=0.9000  select=0.5683
Ep048  LR0=4.91e-05  pw=1.05  aucα=0.300  token_p=0.020  dropE=(0.020,0.080)  smooth=0.010  train_loss=0.1758  train_AUPR_all=0.7883  train_AUPR_ab=0.8468  train_AUPR_ag=0.7010  train_P@5_ab=1.0000  train_P@5_ag=1.0000  val_loss=0.2918  val_AUPR_all=0.6161  val_AUPR_ab=0.7689  val_AUPR_ag=0.3815  val_P@5_ab=1.0000  val_P@5_ag=0.9000  select=0.5752
Ep049  LR0=4.53e-05  pw=1.05  aucα=0.300  token_p=0.020  dropE=(0.020,0.080)  smooth=0.010  train_loss=0.1662  train_AUPR_all=0.8062  train_AUPR_ab=0.8595  train_AUPR_ag=0.7263  train_P@5_ab=0.9500  train_P@5_ag=0.9500  val_loss=0.2950  val_AUPR_all=0.6134  val_AUPR_ab=0.7666  val_AUPR_ag=0.3866  val_P@5_ab=1.0000  val_P@5_ag=0.9000  select=0.5766
Ep050  LR0=4.16e-05  pw=1.04  aucα=0.300  token_p=0.020  dropE=(0.020,0.080)  smooth=0.010  train_loss=0.1689  train_AUPR_all=0.7993  train_AUPR_ab=0.8549  train_AUPR_ag=0.7163  train_P@5_ab=1.0000  train_P@5_ag=0.9500  val_loss=0.2933  val_AUPR_all=0.6190  val_AUPR_ab=0.7725  val_AUPR_ag=0.3853  val_P@5_ab=0.9500  val_P@5_ag=0.9000  select=0.5789
Ep051  LR0=3.81e-05  pw=1.04  aucα=0.300  token_p=0.020  dropE=(0.020,0.080)  smooth=0.010  train_loss=0.1627  train_AUPR_all=0.8094  train_AUPR_ab=0.8600  train_AUPR_ag=0.7342  train_P@5_ab=1.0000  train_P@5_ag=1.0000  val_loss=0.2887  val_AUPR_all=0.6232  val_AUPR_ab=0.7736  val_AUPR_ag=0.3923  val_P@5_ab=0.9500  val_P@5_ag=0.8500  select=0.5829
Ep052  LR0=3.46e-05  pw=1.03  aucα=0.300  token_p=0.020  dropE=(0.020,0.080)  smooth=0.010  train_loss=0.1628  train_AUPR_all=0.8096  train_AUPR_ab=0.8632  train_AUPR_ag=0.7297  train_P@5_ab=1.0000  train_P@5_ag=1.0000  val_loss=0.2984  val_AUPR_all=0.6121  val_AUPR_ab=0.7684  val_AUPR_ag=0.3783  val_P@5_ab=1.0000  val_P@5_ag=0.9000  select=0.5734
Ep053  LR0=3.13e-05  pw=1.03  aucα=0.300  token_p=0.020  dropE=(0.020,0.080)  smooth=0.010  train_loss=0.1584  train_AUPR_all=0.8187  train_AUPR_ab=0.8681  train_AUPR_ag=0.7453  train_P@5_ab=1.0000  train_P@5_ag=1.0000  val_loss=0.2967  val_AUPR_all=0.6133  val_AUPR_ab=0.7733  val_AUPR_ag=0.3819  val_P@5_ab=1.0000  val_P@5_ag=0.8500  select=0.5776
Ep054  LR0=2.82e-05  pw=1.03  aucα=0.300  token_p=0.020  dropE=(0.020,0.080)  smooth=0.010  train_loss=0.1566  train_AUPR_all=0.8214  train_AUPR_ab=0.8684  train_AUPR_ag=0.7519  train_P@5_ab=1.0000  train_P@5_ag=1.0000  val_loss=0.2946  val_AUPR_all=0.6171  val_AUPR_ab=0.7697  val_AUPR_ag=0.3820  val_P@5_ab=1.0000  val_P@5_ag=0.8000  select=0.5759
Ep055  LR0=2.51e-05  pw=1.02  aucα=0.300  token_p=0.020  dropE=(0.020,0.080)  smooth=0.010  train_loss=0.1539  train_AUPR_all=0.8246  train_AUPR_ab=0.8699  train_AUPR_ag=0.7578  train_P@5_ab=1.0000  train_P@5_ag=1.0000  val_loss=0.2982  val_AUPR_all=0.6078  val_AUPR_ab=0.7669  val_AUPR_ag=0.3711  val_P@5_ab=0.9500  val_P@5_ag=0.5000  select=0.5690
Ep056  LR0=2.23e-05  pw=1.02  aucα=0.300  token_p=0.020  dropE=(0.020,0.080)  smooth=0.010  train_loss=0.1497  train_AUPR_all=0.8323  train_AUPR_ab=0.8774  train_AUPR_ag=0.7656  train_P@5_ab=1.0000  train_P@5_ag=1.0000  val_loss=0.2973  val_AUPR_all=0.6095  val_AUPR_ab=0.7691  val_AUPR_ag=0.3764  val_P@5_ab=1.0000  val_P@5_ag=0.6500  select=0.5727
Ep057  LR0=1.96e-05  pw=1.02  aucα=0.300  token_p=0.020  dropE=(0.020,0.080)  smooth=0.010  train_loss=0.1528  train_AUPR_all=0.8264  train_AUPR_ab=0.8727  train_AUPR_ag=0.7578  train_P@5_ab=1.0000  train_P@5_ag=0.9500  val_loss=0.2981  val_AUPR_all=0.6118  val_AUPR_ab=0.7697  val_AUPR_ag=0.3775  val_P@5_ab=1.0000  val_P@5_ag=0.7000  select=0.5736
Ep058  LR0=1.70e-05  pw=1.02  aucα=0.300  token_p=0.020  dropE=(0.020,0.080)  smooth=0.010  train_loss=0.1469  train_AUPR_all=0.8384  train_AUPR_ab=0.8829  train_AUPR_ag=0.7719  train_P@5_ab=1.0000  train_P@5_ag=1.0000  val_loss=0.3011  val_AUPR_all=0.6079  val_AUPR_ab=0.7645  val_AUPR_ag=0.3762  val_P@5_ab=0.9500  val_P@5_ag=0.7000  select=0.5703
Ep059  LR0=1.46e-05  pw=1.01  aucα=0.300  token_p=0.020  dropE=(0.020,0.080)  smooth=0.010  train_loss=0.1446  train_AUPR_all=0.8424  train_AUPR_ab=0.8847  train_AUPR_ag=0.7798  train_P@5_ab=1.0000  train_P@5_ag=1.0000  val_loss=0.2997  val_AUPR_all=0.6114  val_AUPR_ab=0.7694  val_AUPR_ag=0.3787  val_P@5_ab=1.0000  val_P@5_ag=0.7500  select=0.5740
Early stopping at epoch 59. Best select=0.5857 at epoch 39.
Final saved checkpoint for fold 4: checkpoints_newesm/iPara_balanced_l1_g8_i4_do0.10_dpr0.10_lr0.0002_heads16_fold4.pth
Best select=0.5857 at epoch 39

==========================================================================================
Fold 5/5
==========================================================================================
Train labels: valid=399660, pos=26617, neg=373043, ignore=699540, pos_frac=0.06660
Val labels: valid=100532, pos=6613, neg=93919, ignore=173068, pos_frac=0.06578
Initializing ClassificationModel with 8 GAT layers and residual connections...
Initializing MCModel with 8 GAT layers and 4 row attention layers (drop_path_rate=0.1, use_esm=True)
Initializing CoreModel with 1 layers, drop_path_rate=0.1
Ep001  LR0=2.00e-04  pw=20.00  aucα=0.000  token_p=0.020  dropE=(0.020,0.080)  smooth=0.010  train_loss=1.2514  train_AUPR_all=0.1678  train_AUPR_ab=0.1903  train_AUPR_ag=0.1403  train_P@5_ab=0.1000  train_P@5_ag=0.1500  val_loss=1.4538  val_AUPR_all=0.3050  val_AUPR_ab=0.3898  val_AUPR_ag=0.1631  val_P@5_ab=0.4500  val_P@5_ag=0.7500  select=0.2765
  Saved checkpoint: checkpoints_newesm/iPara_balanced_l1_g8_i4_do0.10_dpr0.10_lr0.0002_heads16_fold5.pth  select=0.2765  val_ab=0.3898  val_ag=0.1631  val_all=0.3050
Ep002  LR0=2.00e-04  pw=17.77  aucα=0.000  token_p=0.020  dropE=(0.020,0.080)  smooth=0.010  train_loss=0.8837  train_AUPR_all=0.3443  train_AUPR_ab=0.4062  train_AUPR_ag=0.2477  train_P@5_ab=0.6500  train_P@5_ag=0.8000  val_loss=1.0477  val_AUPR_all=0.3857  val_AUPR_ab=0.4810  val_AUPR_ag=0.2036  val_P@5_ab=0.2000  val_P@5_ag=0.7000  select=0.3423
  Saved checkpoint: checkpoints_newesm/iPara_balanced_l1_g8_i4_do0.10_dpr0.10_lr0.0002_heads16_fold5.pth  select=0.3423  val_ab=0.4810  val_ag=0.2036  val_all=0.3857
Ep003  LR0=2.00e-04  pw=15.80  aucα=0.000  token_p=0.020  dropE=(0.020,0.080)  smooth=0.010  train_loss=0.7484  train_AUPR_all=0.3931  train_AUPR_ab=0.4615  train_AUPR_ag=0.2731  train_P@5_ab=0.7000  train_P@5_ag=0.6500  val_loss=0.9476  val_AUPR_all=0.4044  val_AUPR_ab=0.5634  val_AUPR_ag=0.2587  val_P@5_ab=0.3500  val_P@5_ag=0.7000  select=0.4110
  Saved checkpoint: checkpoints_newesm/iPara_balanced_l1_g8_i4_do0.10_dpr0.10_lr0.0002_heads16_fold5.pth  select=0.4110  val_ab=0.5634  val_ag=0.2587  val_all=0.4044
Ep004  LR0=1.99e-04  pw=14.06  aucα=0.000  token_p=0.020  dropE=(0.020,0.080)  smooth=0.010  train_loss=0.6812  train_AUPR_all=0.4393  train_AUPR_ab=0.5147  train_AUPR_ag=0.2969  train_P@5_ab=0.6000  train_P@5_ag=0.9000  val_loss=0.8879  val_AUPR_all=0.4501  val_AUPR_ab=0.6222  val_AUPR_ag=0.2238  val_P@5_ab=0.5500  val_P@5_ag=0.5000  select=0.4230
  Saved checkpoint: checkpoints_newesm/iPara_balanced_l1_g8_i4_do0.10_dpr0.10_lr0.0002_heads16_fold5.pth  select=0.4230  val_ab=0.6222  val_ag=0.2238  val_all=0.4501
Ep005  LR0=1.98e-04  pw=12.52  aucα=0.000  token_p=0.020  dropE=(0.020,0.080)  smooth=0.010  train_loss=0.6149  train_AUPR_all=0.4627  train_AUPR_ab=0.5427  train_AUPR_ag=0.3091  train_P@5_ab=0.5000  train_P@5_ag=1.0000  val_loss=1.0484  val_AUPR_all=0.4767  val_AUPR_ab=0.6512  val_AUPR_ag=0.2428  val_P@5_ab=0.9000  val_P@5_ag=0.7000  select=0.4470
  Saved checkpoint: checkpoints_newesm/iPara_balanced_l1_g8_i4_do0.10_dpr0.10_lr0.0002_heads16_fold5.pth  select=0.4470  val_ab=0.6512  val_ag=0.2428  val_all=0.4767
Ep006  LR0=1.97e-04  pw=11.17  aucα=0.000  token_p=0.020  dropE=(0.020,0.080)  smooth=0.010  train_loss=0.5764  train_AUPR_all=0.4705  train_AUPR_ab=0.5486  train_AUPR_ag=0.3229  train_P@5_ab=0.7500  train_P@5_ag=0.8000  val_loss=0.8800  val_AUPR_all=0.4466  val_AUPR_ab=0.5977  val_AUPR_ag=0.2454  val_P@5_ab=0.5000  val_P@5_ag=0.9500  select=0.4215
Ep007  LR0=1.96e-04  pw=9.97  aucα=0.000  token_p=0.020  dropE=(0.020,0.080)  smooth=0.010  train_loss=0.5375  train_AUPR_all=0.4915  train_AUPR_ab=0.5728  train_AUPR_ag=0.3388  train_P@5_ab=0.8000  train_P@5_ag=0.8000  val_loss=0.8807  val_AUPR_all=0.4920  val_AUPR_ab=0.6637  val_AUPR_ag=0.2619  val_P@5_ab=1.0000  val_P@5_ag=0.8500  select=0.4628
  Saved checkpoint: checkpoints_newesm/iPara_balanced_l1_g8_i4_do0.10_dpr0.10_lr0.0002_heads16_fold5.pth  select=0.4628  val_ab=0.6637  val_ag=0.2619  val_all=0.4920
Ep008  LR0=1.95e-04  pw=8.92  aucα=0.000  token_p=0.020  dropE=(0.020,0.080)  smooth=0.010  train_loss=0.5034  train_AUPR_all=0.5055  train_AUPR_ab=0.5880  train_AUPR_ag=0.3457  train_P@5_ab=0.8500  train_P@5_ag=0.7000  val_loss=0.7821  val_AUPR_all=0.4584  val_AUPR_ab=0.6584  val_AUPR_ag=0.2528  val_P@5_ab=0.3500  val_P@5_ag=0.7500  select=0.4556
Ep009  LR0=1.94e-04  pw=7.99  aucα=0.000  token_p=0.020  dropE=(0.020,0.080)  smooth=0.010  train_loss=0.4665  train_AUPR_all=0.5155  train_AUPR_ab=0.6084  train_AUPR_ag=0.3481  train_P@5_ab=0.7500  train_P@5_ag=0.9000  val_loss=0.6880  val_AUPR_all=0.4846  val_AUPR_ab=0.6906  val_AUPR_ag=0.2448  val_P@5_ab=0.6500  val_P@5_ag=0.8500  select=0.4677
  Saved checkpoint: checkpoints_newesm/iPara_balanced_l1_g8_i4_do0.10_dpr0.10_lr0.0002_heads16_fold5.pth  select=0.4677  val_ab=0.6906  val_ag=0.2448  val_all=0.4846
Ep010  LR0=1.92e-04  pw=7.17  aucα=0.030  token_p=0.020  dropE=(0.020,0.080)  smooth=0.010  train_loss=0.4589  train_AUPR_all=0.5297  train_AUPR_ab=0.6171  train_AUPR_ag=0.3641  train_P@5_ab=0.8500  train_P@5_ag=1.0000  val_loss=0.6390  val_AUPR_all=0.5248  val_AUPR_ab=0.6809  val_AUPR_ag=0.2942  val_P@5_ab=0.9500  val_P@5_ag=0.9500  select=0.4876
  Saved checkpoint: checkpoints_newesm/iPara_balanced_l1_g8_i4_do0.10_dpr0.10_lr0.0002_heads16_fold5.pth  select=0.4876  val_ab=0.6809  val_ag=0.2942  val_all=0.5248
Unfreezing DyM parameters.
Ep011  LR0=1.90e-04  pw=6.44  aucα=0.060  token_p=0.020  dropE=(0.020,0.080)  smooth=0.010  train_loss=0.4439  train_AUPR_all=0.5405  train_AUPR_ab=0.6372  train_AUPR_ag=0.3642  train_P@5_ab=0.9000  train_P@5_ag=0.8000  val_loss=0.5810  val_AUPR_all=0.5522  val_AUPR_ab=0.6956  val_AUPR_ag=0.3054  val_P@5_ab=0.8000  val_P@5_ag=0.7000  select=0.5005
  Saved checkpoint: checkpoints_newesm/iPara_balanced_l1_g8_i4_do0.10_dpr0.10_lr0.0002_heads16_fold5.pth  select=0.5005  val_ab=0.6956  val_ag=0.3054  val_all=0.5522
Ep012  LR0=1.88e-04  pw=5.80  aucα=0.090  token_p=0.020  dropE=(0.020,0.080)  smooth=0.010  train_loss=0.4306  train_AUPR_all=0.5500  train_AUPR_ab=0.6512  train_AUPR_ag=0.3742  train_P@5_ab=0.9000  train_P@5_ag=0.9500  val_loss=0.5942  val_AUPR_all=0.5429  val_AUPR_ab=0.7139  val_AUPR_ag=0.2910  val_P@5_ab=0.9500  val_P@5_ag=0.8500  select=0.5025
  Saved checkpoint: checkpoints_newesm/iPara_balanced_l1_g8_i4_do0.10_dpr0.10_lr0.0002_heads16_fold5.pth  select=0.5025  val_ab=0.7139  val_ag=0.2910  val_all=0.5429
Ep013  LR0=1.86e-04  pw=5.24  aucα=0.120  token_p=0.020  dropE=(0.020,0.080)  smooth=0.010  train_loss=0.4194  train_AUPR_all=0.5649  train_AUPR_ab=0.6678  train_AUPR_ag=0.3865  train_P@5_ab=0.9500  train_P@5_ag=0.9000  val_loss=0.5495  val_AUPR_all=0.5466  val_AUPR_ab=0.6858  val_AUPR_ag=0.3180  val_P@5_ab=0.8500  val_P@5_ag=0.9000  select=0.5019
Ep014  LR0=1.83e-04  pw=4.74  aucα=0.150  token_p=0.020  dropE=(0.020,0.080)  smooth=0.010  train_loss=0.4110  train_AUPR_all=0.5652  train_AUPR_ab=0.6685  train_AUPR_ag=0.3912  train_P@5_ab=0.9000  train_P@5_ag=0.8500  val_loss=0.5679  val_AUPR_all=0.3628  val_AUPR_ab=0.6891  val_AUPR_ag=0.1903  val_P@5_ab=1.0000  val_P@5_ag=0.8000  select=0.4397
Ep015  LR0=1.81e-04  pw=4.30  aucα=0.180  token_p=0.020  dropE=(0.020,0.080)  smooth=0.010  train_loss=0.4103  train_AUPR_all=0.5680  train_AUPR_ab=0.6714  train_AUPR_ag=0.3933  train_P@5_ab=1.0000  train_P@5_ag=0.9000  val_loss=0.4869  val_AUPR_all=0.5579  val_AUPR_ab=0.7176  val_AUPR_ag=0.3246  val_P@5_ab=1.0000  val_P@5_ag=0.9500  select=0.5211
  Saved checkpoint: checkpoints_newesm/iPara_balanced_l1_g8_i4_do0.10_dpr0.10_lr0.0002_heads16_fold5.pth  select=0.5211  val_ab=0.7176  val_ag=0.3246  val_all=0.5579
Ep016  LR0=1.78e-04  pw=3.91  aucα=0.210  token_p=0.020  dropE=(0.020,0.080)  smooth=0.010  train_loss=0.3981  train_AUPR_all=0.5847  train_AUPR_ab=0.6863  train_AUPR_ag=0.4127  train_P@5_ab=0.9000  train_P@5_ag=0.8500  val_loss=0.4951  val_AUPR_all=0.5177  val_AUPR_ab=0.7221  val_AUPR_ag=0.2864  val_P@5_ab=1.0000  val_P@5_ag=0.9500  select=0.5042
Ep017  LR0=1.75e-04  pw=3.57  aucα=0.240  token_p=0.020  dropE=(0.020,0.080)  smooth=0.010  train_loss=0.3918  train_AUPR_all=0.5894  train_AUPR_ab=0.6935  train_AUPR_ag=0.4138  train_P@5_ab=0.9000  train_P@5_ag=0.9000  val_loss=0.4771  val_AUPR_all=0.4515  val_AUPR_ab=0.7254  val_AUPR_ag=0.2551  val_P@5_ab=1.0000  val_P@5_ag=0.9500  select=0.4903
Ep018  LR0=1.72e-04  pw=3.27  aucα=0.270  token_p=0.020  dropE=(0.020,0.080)  smooth=0.010  train_loss=0.3878  train_AUPR_all=0.5955  train_AUPR_ab=0.7029  train_AUPR_ag=0.4189  train_P@5_ab=1.0000  train_P@5_ag=0.7500  val_loss=0.5037  val_AUPR_all=0.3773  val_AUPR_ab=0.7072  val_AUPR_ag=0.2088  val_P@5_ab=1.0000  val_P@5_ag=1.0000  select=0.4580
Ep019  LR0=1.69e-04  pw=3.00  aucα=0.300  token_p=0.020  dropE=(0.020,0.080)  smooth=0.010  train_loss=0.3889  train_AUPR_all=0.5982  train_AUPR_ab=0.7049  train_AUPR_ag=0.4221  train_P@5_ab=1.0000  train_P@5_ag=0.9500  val_loss=0.4183  val_AUPR_all=0.5820  val_AUPR_ab=0.7356  val_AUPR_ag=0.3427  val_P@5_ab=1.0000  val_P@5_ag=0.7500  select=0.5391
  Saved checkpoint: checkpoints_newesm/iPara_balanced_l1_g8_i4_do0.10_dpr0.10_lr0.0002_heads16_fold5.pth  select=0.5391  val_ab=0.7356  val_ag=0.3427  val_all=0.5820
Ep020  LR0=1.66e-04  pw=2.77  aucα=0.300  token_p=0.020  dropE=(0.020,0.080)  smooth=0.010  train_loss=0.3710  train_AUPR_all=0.6094  train_AUPR_ab=0.7141  train_AUPR_ag=0.4370  train_P@5_ab=0.9500  train_P@5_ag=1.0000  val_loss=0.4054  val_AUPR_all=0.5401  val_AUPR_ab=0.7215  val_AUPR_ag=0.3119  val_P@5_ab=1.0000  val_P@5_ag=0.9000  select=0.5167
Ep021  LR0=1.62e-04  pw=2.56  aucα=0.300  token_p=0.020  dropE=(0.020,0.080)  smooth=0.010  train_loss=0.3561  train_AUPR_all=0.6168  train_AUPR_ab=0.7246  train_AUPR_ag=0.4417  train_P@5_ab=0.9500  train_P@5_ag=1.0000  val_loss=0.4025  val_AUPR_all=0.5590  val_AUPR_ab=0.7294  val_AUPR_ag=0.2996  val_P@5_ab=1.0000  val_P@5_ag=0.8500  select=0.5145
Ep022  LR0=1.59e-04  pw=2.38  aucα=0.300  token_p=0.020  dropE=(0.020,0.080)  smooth=0.010  train_loss=0.3419  train_AUPR_all=0.6225  train_AUPR_ab=0.7267  train_AUPR_ag=0.4520  train_P@5_ab=0.9500  train_P@5_ag=1.0000  val_loss=0.3969  val_AUPR_all=0.5651  val_AUPR_ab=0.7338  val_AUPR_ag=0.3304  val_P@5_ab=1.0000  val_P@5_ag=0.9500  select=0.5321
Ep023  LR0=1.55e-04  pw=2.21  aucα=0.300  token_p=0.020  dropE=(0.020,0.080)  smooth=0.010  train_loss=0.3276  train_AUPR_all=0.6315  train_AUPR_ab=0.7319  train_AUPR_ag=0.4679  train_P@5_ab=0.9000  train_P@5_ag=0.9500  val_loss=0.3718  val_AUPR_all=0.5808  val_AUPR_ab=0.7436  val_AUPR_ag=0.3051  val_P@5_ab=1.0000  val_P@5_ag=0.6500  select=0.5244
Ep024  LR0=1.51e-04  pw=2.07  aucα=0.300  token_p=0.020  dropE=(0.020,0.080)  smooth=0.010  train_loss=0.3189  train_AUPR_all=0.6330  train_AUPR_ab=0.7374  train_AUPR_ag=0.4645  train_P@5_ab=0.9500  train_P@5_ag=0.9000  val_loss=0.3673  val_AUPR_all=0.5687  val_AUPR_ab=0.7332  val_AUPR_ag=0.3275  val_P@5_ab=1.0000  val_P@5_ag=0.7500  select=0.5303
Ep025  LR0=1.48e-04  pw=1.95  aucα=0.300  token_p=0.020  dropE=(0.020,0.080)  smooth=0.010  train_loss=0.3001  train_AUPR_all=0.6526  train_AUPR_ab=0.7532  train_AUPR_ag=0.4919  train_P@5_ab=0.9500  train_P@5_ag=0.9000  val_loss=0.3622  val_AUPR_all=0.5638  val_AUPR_ab=0.7177  val_AUPR_ag=0.3429  val_P@5_ab=1.0000  val_P@5_ag=0.9000  select=0.5303
Ep026  LR0=1.44e-04  pw=1.83  aucα=0.300  token_p=0.020  dropE=(0.020,0.080)  smooth=0.010  train_loss=0.2920  train_AUPR_all=0.6554  train_AUPR_ab=0.7493  train_AUPR_ag=0.5043  train_P@5_ab=0.9000  train_P@5_ag=1.0000  val_loss=0.3355  val_AUPR_all=0.5972  val_AUPR_ab=0.7452  val_AUPR_ag=0.3660  val_P@5_ab=1.0000  val_P@5_ag=0.8500  select=0.5556
  Saved checkpoint: checkpoints_newesm/iPara_balanced_l1_g8_i4_do0.10_dpr0.10_lr0.0002_heads16_fold5.pth  select=0.5556  val_ab=0.7452  val_ag=0.3660  val_all=0.5972
Ep027  LR0=1.39e-04  pw=1.74  aucα=0.300  token_p=0.020  dropE=(0.020,0.080)  smooth=0.010  train_loss=0.2841  train_AUPR_all=0.6602  train_AUPR_ab=0.7579  train_AUPR_ag=0.5049  train_P@5_ab=1.0000  train_P@5_ag=1.0000  val_loss=0.3470  val_AUPR_all=0.5843  val_AUPR_ab=0.7477  val_AUPR_ag=0.3489  val_P@5_ab=1.0000  val_P@5_ag=0.9500  select=0.5483
Ep028  LR0=1.35e-04  pw=1.65  aucα=0.300  token_p=0.020  dropE=(0.020,0.080)  smooth=0.010  train_loss=0.2728  train_AUPR_all=0.6705  train_AUPR_ab=0.7647  train_AUPR_ag=0.5232  train_P@5_ab=1.0000  train_P@5_ag=0.9500  val_loss=0.3343  val_AUPR_all=0.5893  val_AUPR_ab=0.7525  val_AUPR_ag=0.3528  val_P@5_ab=0.9500  val_P@5_ag=0.7500  select=0.5527
Ep029  LR0=1.31e-04  pw=1.57  aucα=0.300  token_p=0.020  dropE=(0.020,0.080)  smooth=0.010  train_loss=0.2646  train_AUPR_all=0.6784  train_AUPR_ab=0.7680  train_AUPR_ag=0.5385  train_P@5_ab=0.9500  train_P@5_ag=0.9000  val_loss=0.3243  val_AUPR_all=0.5910  val_AUPR_ab=0.7502  val_AUPR_ag=0.3632  val_P@5_ab=1.0000  val_P@5_ag=0.8000  select=0.5567
  Saved checkpoint: checkpoints_newesm/iPara_balanced_l1_g8_i4_do0.10_dpr0.10_lr0.0002_heads16_fold5.pth  select=0.5567  val_ab=0.7502  val_ag=0.3632  val_all=0.5910
Ep030  LR0=1.27e-04  pw=1.51  aucα=0.300  token_p=0.020  dropE=(0.020,0.080)  smooth=0.010  train_loss=0.2579  train_AUPR_all=0.6838  train_AUPR_ab=0.7735  train_AUPR_ag=0.5430  train_P@5_ab=0.9500  train_P@5_ag=0.9000  val_loss=0.3292  val_AUPR_all=0.5880  val_AUPR_ab=0.7614  val_AUPR_ag=0.3370  val_P@5_ab=1.0000  val_P@5_ag=0.7000  select=0.5492
Ep031  LR0=1.22e-04  pw=1.45  aucα=0.300  token_p=0.020  dropE=(0.020,0.080)  smooth=0.010  train_loss=0.2477  train_AUPR_all=0.6957  train_AUPR_ab=0.7798  train_AUPR_ag=0.5664  train_P@5_ab=0.9500  train_P@5_ag=0.9500  val_loss=0.3178  val_AUPR_all=0.5998  val_AUPR_ab=0.7567  val_AUPR_ag=0.3720  val_P@5_ab=1.0000  val_P@5_ag=0.9500  select=0.5643
  Saved checkpoint: checkpoints_newesm/iPara_balanced_l1_g8_i4_do0.10_dpr0.10_lr0.0002_heads16_fold5.pth  select=0.5643  val_ab=0.7567  val_ag=0.3720  val_all=0.5998
Ep032  LR0=1.18e-04  pw=1.39  aucα=0.300  token_p=0.020  dropE=(0.020,0.080)  smooth=0.010  train_loss=0.2395  train_AUPR_all=0.7046  train_AUPR_ab=0.7839  train_AUPR_ag=0.5840  train_P@5_ab=0.9500  train_P@5_ag=0.9500  val_loss=0.3267  val_AUPR_all=0.5842  val_AUPR_ab=0.7492  val_AUPR_ag=0.3495  val_P@5_ab=1.0000  val_P@5_ag=0.8500  select=0.5494
Ep033  LR0=1.14e-04  pw=1.35  aucα=0.300  token_p=0.020  dropE=(0.020,0.080)  smooth=0.010  train_loss=0.2386  train_AUPR_all=0.7037  train_AUPR_ab=0.7840  train_AUPR_ag=0.5819  train_P@5_ab=1.0000  train_P@5_ag=1.0000  val_loss=0.3103  val_AUPR_all=0.5909  val_AUPR_ab=0.7612  val_AUPR_ag=0.3529  val_P@5_ab=1.0000  val_P@5_ag=0.8500  select=0.5571
Ep034  LR0=1.09e-04  pw=1.31  aucα=0.300  token_p=0.020  dropE=(0.020,0.080)  smooth=0.010  train_loss=0.2307  train_AUPR_all=0.7102  train_AUPR_ab=0.7865  train_AUPR_ag=0.5947  train_P@5_ab=0.9500  train_P@5_ag=0.8500  val_loss=0.3232  val_AUPR_all=0.5804  val_AUPR_ab=0.7512  val_AUPR_ag=0.3465  val_P@5_ab=0.9500  val_P@5_ag=0.9000  select=0.5488
Ep035  LR0=1.05e-04  pw=1.27  aucα=0.300  token_p=0.020  dropE=(0.020,0.080)  smooth=0.010  train_loss=0.2228  train_AUPR_all=0.7243  train_AUPR_ab=0.7998  train_AUPR_ag=0.6092  train_P@5_ab=1.0000  train_P@5_ag=1.0000  val_loss=0.3169  val_AUPR_all=0.5907  val_AUPR_ab=0.7476  val_AUPR_ag=0.3662  val_P@5_ab=0.9500  val_P@5_ag=0.9500  select=0.5569
Ep036  LR0=1.00e-04  pw=1.24  aucα=0.300  token_p=0.020  dropE=(0.020,0.080)  smooth=0.010  train_loss=0.2173  train_AUPR_all=0.7283  train_AUPR_ab=0.8023  train_AUPR_ag=0.6157  train_P@5_ab=1.0000  train_P@5_ag=1.0000  val_loss=0.3124  val_AUPR_all=0.5909  val_AUPR_ab=0.7629  val_AUPR_ag=0.3669  val_P@5_ab=1.0000  val_P@5_ag=0.9000  select=0.5649
  Saved checkpoint: checkpoints_newesm/iPara_balanced_l1_g8_i4_do0.10_dpr0.10_lr0.0002_heads16_fold5.pth  select=0.5649  val_ab=0.7629  val_ag=0.3669  val_all=0.5909
Ep037  LR0=9.58e-05  pw=1.21  aucα=0.300  token_p=0.020  dropE=(0.020,0.080)  smooth=0.010  train_loss=0.2110  train_AUPR_all=0.7358  train_AUPR_ab=0.8071  train_AUPR_ag=0.6280  train_P@5_ab=1.0000  train_P@5_ag=1.0000  val_loss=0.3061  val_AUPR_all=0.5924  val_AUPR_ab=0.7583  val_AUPR_ag=0.3572  val_P@5_ab=1.0000  val_P@5_ag=0.9000  select=0.5577
Ep038  LR0=9.13e-05  pw=1.19  aucα=0.300  token_p=0.020  dropE=(0.020,0.080)  smooth=0.010  train_loss=0.2033  train_AUPR_all=0.7509  train_AUPR_ab=0.8165  train_AUPR_ag=0.6525  train_P@5_ab=1.0000  train_P@5_ag=1.0000  val_loss=0.3029  val_AUPR_all=0.5859  val_AUPR_ab=0.7416  val_AUPR_ag=0.3686  val_P@5_ab=0.8000  val_P@5_ag=1.0000  select=0.5551
Ep039  LR0=8.69e-05  pw=1.16  aucα=0.300  token_p=0.020  dropE=(0.020,0.080)  smooth=0.010  train_loss=0.2007  train_AUPR_all=0.7507  train_AUPR_ab=0.8149  train_AUPR_ag=0.6542  train_P@5_ab=1.0000  train_P@5_ag=1.0000  val_loss=0.3246  val_AUPR_all=0.5792  val_AUPR_ab=0.7526  val_AUPR_ag=0.3605  val_P@5_ab=0.9500  val_P@5_ag=0.8500  select=0.5565
Ep040  LR0=8.24e-05  pw=1.15  aucα=0.300  token_p=0.020  dropE=(0.020,0.080)  smooth=0.010  train_loss=0.1965  train_AUPR_all=0.7578  train_AUPR_ab=0.8195  train_AUPR_ag=0.6654  train_P@5_ab=1.0000  train_P@5_ag=1.0000  val_loss=0.3032  val_AUPR_all=0.6019  val_AUPR_ab=0.7677  val_AUPR_ag=0.3798  val_P@5_ab=0.9500  val_P@5_ag=0.9500  select=0.5737
  Saved checkpoint: checkpoints_newesm/iPara_balanced_l1_g8_i4_do0.10_dpr0.10_lr0.0002_heads16_fold5.pth  select=0.5737  val_ab=0.7677  val_ag=0.3798  val_all=0.6019
Ep041  LR0=7.81e-05  pw=1.13  aucα=0.300  token_p=0.020  dropE=(0.020,0.080)  smooth=0.010  train_loss=0.1919  train_AUPR_all=0.7675  train_AUPR_ab=0.8321  train_AUPR_ag=0.6707  train_P@5_ab=1.0000  train_P@5_ag=1.0000  val_loss=0.3110  val_AUPR_all=0.5877  val_AUPR_ab=0.7544  val_AUPR_ag=0.3614  val_P@5_ab=1.0000  val_P@5_ag=1.0000  select=0.5579
Ep042  LR0=7.37e-05  pw=1.11  aucα=0.300  token_p=0.020  dropE=(0.020,0.080)  smooth=0.010  train_loss=0.1884  train_AUPR_all=0.7702  train_AUPR_ab=0.8304  train_AUPR_ag=0.6803  train_P@5_ab=1.0000  train_P@5_ag=1.0000  val_loss=0.3061  val_AUPR_all=0.5859  val_AUPR_ab=0.7543  val_AUPR_ag=0.3676  val_P@5_ab=0.9500  val_P@5_ag=0.9500  select=0.5609
Ep043  LR0=6.94e-05  pw=1.10  aucα=0.300  token_p=0.020  dropE=(0.020,0.080)  smooth=0.010  train_loss=0.1849  train_AUPR_all=0.7776  train_AUPR_ab=0.8391  train_AUPR_ag=0.6858  train_P@5_ab=1.0000  train_P@5_ag=1.0000  val_loss=0.3137  val_AUPR_all=0.5826  val_AUPR_ab=0.7474  val_AUPR_ag=0.3646  val_P@5_ab=0.9500  val_P@5_ag=0.9500  select=0.5560
Ep044  LR0=6.52e-05  pw=1.09  aucα=0.300  token_p=0.020  dropE=(0.020,0.080)  smooth=0.010  train_loss=0.1781  train_AUPR_all=0.7870  train_AUPR_ab=0.8445  train_AUPR_ag=0.7008  train_P@5_ab=1.0000  train_P@5_ag=1.0000  val_loss=0.3099  val_AUPR_all=0.5908  val_AUPR_ab=0.7618  val_AUPR_ag=0.3738  val_P@5_ab=1.0000  val_P@5_ag=0.9000  select=0.5678
Ep045  LR0=6.10e-05  pw=1.08  aucα=0.300  token_p=0.020  dropE=(0.020,0.080)  smooth=0.010  train_loss=0.1739  train_AUPR_all=0.7937  train_AUPR_ab=0.8464  train_AUPR_ag=0.7156  train_P@5_ab=1.0000  train_P@5_ag=1.0000  val_loss=0.3101  val_AUPR_all=0.5833  val_AUPR_ab=0.7474  val_AUPR_ag=0.3704  val_P@5_ab=0.9500  val_P@5_ag=0.9500  select=0.5589
Ep046  LR0=5.70e-05  pw=1.07  aucα=0.300  token_p=0.020  dropE=(0.020,0.080)  smooth=0.010  train_loss=0.1691  train_AUPR_all=0.8014  train_AUPR_ab=0.8548  train_AUPR_ag=0.7216  train_P@5_ab=1.0000  train_P@5_ag=1.0000  val_loss=0.3092  val_AUPR_all=0.5855  val_AUPR_ab=0.7500  val_AUPR_ag=0.3612  val_P@5_ab=0.9000  val_P@5_ag=0.9000  select=0.5556
Ep047  LR0=5.30e-05  pw=1.06  aucα=0.300  token_p=0.020  dropE=(0.020,0.080)  smooth=0.010  train_loss=0.1690  train_AUPR_all=0.8024  train_AUPR_ab=0.8559  train_AUPR_ag=0.7227  train_P@5_ab=1.0000  train_P@5_ag=1.0000  val_loss=0.3104  val_AUPR_all=0.5844  val_AUPR_ab=0.7523  val_AUPR_ag=0.3648  val_P@5_ab=0.9000  val_P@5_ag=0.8000  select=0.5586
Ep048  LR0=4.91e-05  pw=1.05  aucα=0.300  token_p=0.020  dropE=(0.020,0.080)  smooth=0.010  train_loss=0.1628  train_AUPR_all=0.8125  train_AUPR_ab=0.8655  train_AUPR_ag=0.7327  train_P@5_ab=1.0000  train_P@5_ag=1.0000  val_loss=0.3088  val_AUPR_all=0.5851  val_AUPR_ab=0.7442  val_AUPR_ag=0.3731  val_P@5_ab=0.8500  val_P@5_ag=0.8000  select=0.5587
Ep049  LR0=4.53e-05  pw=1.05  aucα=0.300  token_p=0.020  dropE=(0.020,0.080)  smooth=0.010  train_loss=0.1602  train_AUPR_all=0.8156  train_AUPR_ab=0.8652  train_AUPR_ag=0.7415  train_P@5_ab=1.0000  train_P@5_ag=1.0000  val_loss=0.3103  val_AUPR_all=0.5919  val_AUPR_ab=0.7442  val_AUPR_ag=0.3816  val_P@5_ab=0.8500  val_P@5_ag=0.9000  select=0.5629
Ep050  LR0=4.16e-05  pw=1.04  aucα=0.300  token_p=0.020  dropE=(0.020,0.080)  smooth=0.010  train_loss=0.1583  train_AUPR_all=0.8187  train_AUPR_ab=0.8667  train_AUPR_ag=0.7471  train_P@5_ab=1.0000  train_P@5_ag=1.0000  val_loss=0.3200  val_AUPR_all=0.5751  val_AUPR_ab=0.7493  val_AUPR_ag=0.3695  val_P@5_ab=0.9000  val_P@5_ag=0.8500  select=0.5594
Ep051  LR0=3.81e-05  pw=1.04  aucα=0.300  token_p=0.020  dropE=(0.020,0.080)  smooth=0.010  train_loss=0.1539  train_AUPR_all=0.8268  train_AUPR_ab=0.8736  train_AUPR_ag=0.7571  train_P@5_ab=1.0000  train_P@5_ag=1.0000  val_loss=0.3157  val_AUPR_all=0.5864  val_AUPR_ab=0.7505  val_AUPR_ag=0.3685  val_P@5_ab=0.8000  val_P@5_ag=0.8000  select=0.5595
Ep052  LR0=3.46e-05  pw=1.03  aucα=0.300  token_p=0.020  dropE=(0.020,0.080)  smooth=0.010  train_loss=0.1551  train_AUPR_all=0.8236  train_AUPR_ab=0.8724  train_AUPR_ag=0.7503  train_P@5_ab=1.0000  train_P@5_ag=0.9500  val_loss=0.3180  val_AUPR_all=0.5814  val_AUPR_ab=0.7486  val_AUPR_ag=0.3750  val_P@5_ab=0.8500  val_P@5_ag=0.6500  select=0.5618
Ep053  LR0=3.13e-05  pw=1.03  aucα=0.300  token_p=0.020  dropE=(0.020,0.080)  smooth=0.010  train_loss=0.1468  train_AUPR_all=0.8392  train_AUPR_ab=0.8824  train_AUPR_ag=0.7749  train_P@5_ab=1.0000  train_P@5_ag=1.0000  val_loss=0.3111  val_AUPR_all=0.5924  val_AUPR_ab=0.7562  val_AUPR_ag=0.3799  val_P@5_ab=0.9000  val_P@5_ag=0.8000  select=0.5680
Ep054  LR0=2.82e-05  pw=1.03  aucα=0.300  token_p=0.020  dropE=(0.020,0.080)  smooth=0.010  train_loss=0.1474  train_AUPR_all=0.8382  train_AUPR_ab=0.8842  train_AUPR_ag=0.7694  train_P@5_ab=0.9500  train_P@5_ag=1.0000  val_loss=0.3099  val_AUPR_all=0.5860  val_AUPR_ab=0.7517  val_AUPR_ag=0.3698  val_P@5_ab=0.8500  val_P@5_ag=0.8000  select=0.5608
Ep055  LR0=2.51e-05  pw=1.02  aucα=0.300  token_p=0.020  dropE=(0.020,0.080)  smooth=0.010  train_loss=0.1484  train_AUPR_all=0.8350  train_AUPR_ab=0.8794  train_AUPR_ag=0.7685  train_P@5_ab=1.0000  train_P@5_ag=1.0000  val_loss=0.3145  val_AUPR_all=0.5853  val_AUPR_ab=0.7497  val_AUPR_ag=0.3703  val_P@5_ab=0.8500  val_P@5_ag=0.8000  select=0.5600
Ep056  LR0=2.23e-05  pw=1.02  aucα=0.300  token_p=0.020  dropE=(0.020,0.080)  smooth=0.010  train_loss=0.1447  train_AUPR_all=0.8408  train_AUPR_ab=0.8845  train_AUPR_ag=0.7754  train_P@5_ab=1.0000  train_P@5_ag=1.0000  val_loss=0.3169  val_AUPR_all=0.5835  val_AUPR_ab=0.7493  val_AUPR_ag=0.3651  val_P@5_ab=0.8500  val_P@5_ag=0.6500  select=0.5572
Ep057  LR0=1.96e-05  pw=1.02  aucα=0.300  token_p=0.020  dropE=(0.020,0.080)  smooth=0.010  train_loss=0.1423  train_AUPR_all=0.8462  train_AUPR_ab=0.8884  train_AUPR_ag=0.7831  train_P@5_ab=1.0000  train_P@5_ag=1.0000  val_loss=0.3120  val_AUPR_all=0.5879  val_AUPR_ab=0.7498  val_AUPR_ag=0.3716  val_P@5_ab=0.9000  val_P@5_ag=0.5500  select=0.5607
Ep058  LR0=1.70e-05  pw=1.02  aucα=0.300  token_p=0.020  dropE=(0.020,0.080)  smooth=0.010  train_loss=0.1428  train_AUPR_all=0.8439  train_AUPR_ab=0.8867  train_AUPR_ag=0.7800  train_P@5_ab=1.0000  train_P@5_ag=1.0000  val_loss=0.3112  val_AUPR_all=0.5879  val_AUPR_ab=0.7470  val_AUPR_ag=0.3711  val_P@5_ab=0.8500  val_P@5_ag=0.8000  select=0.5591
Ep059  LR0=1.46e-05  pw=1.01  aucα=0.300  token_p=0.020  dropE=(0.020,0.080)  smooth=0.010  train_loss=0.1439  train_AUPR_all=0.8429  train_AUPR_ab=0.8869  train_AUPR_ag=0.7766  train_P@5_ab=1.0000  train_P@5_ag=1.0000  val_loss=0.3118  val_AUPR_all=0.5918  val_AUPR_ab=0.7542  val_AUPR_ag=0.3742  val_P@5_ab=0.9000  val_P@5_ag=0.7500  select=0.5642
Ep060  LR0=1.24e-05  pw=1.01  aucα=0.300  token_p=0.020  dropE=(0.020,0.080)  smooth=0.010  train_loss=0.1383  train_AUPR_all=0.8525  train_AUPR_ab=0.8936  train_AUPR_ag=0.7908  train_P@5_ab=1.0000  train_P@5_ag=1.0000  val_loss=0.3129  val_AUPR_all=0.5886  val_AUPR_ab=0.7535  val_AUPR_ag=0.3696  val_P@5_ab=0.8500  val_P@5_ag=0.7000  select=0.5615
Early stopping at epoch 60. Best select=0.5737 at epoch 40.
Final saved checkpoint for fold 5: checkpoints_newesm/iPara_balanced_l1_g8_i4_do0.10_dpr0.10_lr0.0002_heads16_fold5.pth
Best select=0.5737 at epoch 40
