Device: cuda
Visible GPUs: 1
GPU 0: NVIDIA RTX PRO 6000 Blackwell Server Edition
Config:
  sequence_file: para_tv_esmsequences_1600.npz
  data_file: para_tv_esminterfaces_1600.npz
  edge_file: para_tv_esmedges_1600.npz
  seq_len: 1600
  vocab_size: 31
  num_classes: 2
  pad_id: 1
  eoc_id: 24
  embed_dim: 256
  num_heads: 16
  num_layers: 1
  num_gnn_layers: 6
  num_int_layers: 5
  dropout: 0.1
  drop_path_rate: 0.1
  batch_size: 4
  num_epochs: 70
  warmup_epochs: 10
  min_stop_epoch: 45
  early_stop: 20
  learning_rate: 0.0002
  weight_decay: 0.0001
  max_grad_norm: 0.5
  accum_steps: 1
  amp: True
  weight_start: 20.0
  weight_end: 1.0
  weight_anneal_tau: 8.0
  dropedge_min: 0.02
  dropedge_max: 0.08
  token_drop_p: 0.02
  smooth_lambda: 0.01
  aucpr_alpha: 0.3
  aucpr_ramp_start: 10
  aucpr_ramp_len: 10
  aucpr_bins: 64
  aucpr_temp: 0.05
  antibody_loss_weight: 1.0
  antigen_loss_weight: 1.0
  n_splits: 5
  num_workers: 0
  select_ab_weight: 0.5
  select_ag_weight: 0.5
Dataset size: 858

==========================================================================================
Fold 1/5
==========================================================================================
Train labels: valid=399467, pos=26433, neg=373034, ignore=698133, pos_frac=0.06617
Val labels: valid=100725, pos=6797, neg=93928, ignore=174475, pos_frac=0.06748
Initializing ClassificationModel with 6 GAT layers and residual connections...
Initializing MCModel with 6 GAT layers and 5 row attention layers (drop_path_rate=0.1, use_esm=True)
Initializing CoreModel with 1 layers, drop_path_rate=0.1
Ep001  LR0=2.00e-04  pw=20.00  aucα=0.000  token_p=0.020  dropE=(0.020,0.080)  smooth=0.010  train_loss=1.1853  train_AUPR_all=0.2462  train_AUPR_ab=0.3093  train_AUPR_ag=0.1699  train_P@5_ab=0.7000  train_P@5_ag=0.2000  val_loss=1.2819  val_AUPR_all=0.3828  val_AUPR_ab=0.5012  val_AUPR_ag=0.1924  val_P@5_ab=0.9500  val_P@5_ag=0.7000  select=0.3468
  Saved checkpoint: checkpoints_newesm/iPara_balanced_l1_g6_i5_do0.10_dpr0.10_lr0.0002_heads16_fold1.pth  select=0.3468  val_ab=0.5012  val_ag=0.1924  val_all=0.3828
Ep002  LR0=2.00e-04  pw=17.77  aucα=0.000  token_p=0.020  dropE=(0.020,0.080)  smooth=0.010  train_loss=0.8314  train_AUPR_all=0.3588  train_AUPR_ab=0.4384  train_AUPR_ag=0.2338  train_P@5_ab=0.2500  train_P@5_ag=0.7500  val_loss=1.4006  val_AUPR_all=0.4379  val_AUPR_ab=0.5550  val_AUPR_ag=0.2561  val_P@5_ab=0.7500  val_P@5_ag=0.7500  select=0.4056
  Saved checkpoint: checkpoints_newesm/iPara_balanced_l1_g6_i5_do0.10_dpr0.10_lr0.0002_heads16_fold1.pth  select=0.4056  val_ab=0.5550  val_ag=0.2561  val_all=0.4379
Ep003  LR0=2.00e-04  pw=15.80  aucα=0.000  token_p=0.020  dropE=(0.020,0.080)  smooth=0.010  train_loss=0.7284  train_AUPR_all=0.4261  train_AUPR_ab=0.5062  train_AUPR_ag=0.2874  train_P@5_ab=0.7500  train_P@5_ag=0.8500  val_loss=1.2140  val_AUPR_all=0.4582  val_AUPR_ab=0.5884  val_AUPR_ag=0.2485  val_P@5_ab=0.8000  val_P@5_ag=0.7000  select=0.4185
  Saved checkpoint: checkpoints_newesm/iPara_balanced_l1_g6_i5_do0.10_dpr0.10_lr0.0002_heads16_fold1.pth  select=0.4185  val_ab=0.5884  val_ag=0.2485  val_all=0.4582
Ep004  LR0=1.99e-04  pw=14.06  aucα=0.000  token_p=0.020  dropE=(0.020,0.080)  smooth=0.010  train_loss=0.6621  train_AUPR_all=0.4469  train_AUPR_ab=0.5278  train_AUPR_ag=0.3031  train_P@5_ab=0.7000  train_P@5_ag=0.9000  val_loss=1.0006  val_AUPR_all=0.4662  val_AUPR_ab=0.5822  val_AUPR_ag=0.2768  val_P@5_ab=0.8000  val_P@5_ag=0.5500  select=0.4295
  Saved checkpoint: checkpoints_newesm/iPara_balanced_l1_g6_i5_do0.10_dpr0.10_lr0.0002_heads16_fold1.pth  select=0.4295  val_ab=0.5822  val_ag=0.2768  val_all=0.4662
Ep005  LR0=1.98e-04  pw=12.52  aucα=0.000  token_p=0.020  dropE=(0.020,0.080)  smooth=0.010  train_loss=0.6014  train_AUPR_all=0.4751  train_AUPR_ab=0.5715  train_AUPR_ag=0.3133  train_P@5_ab=0.4000  train_P@5_ag=0.8000  val_loss=1.1327  val_AUPR_all=0.4775  val_AUPR_ab=0.6227  val_AUPR_ag=0.2386  val_P@5_ab=0.8000  val_P@5_ag=0.6500  select=0.4307
  Saved checkpoint: checkpoints_newesm/iPara_balanced_l1_g6_i5_do0.10_dpr0.10_lr0.0002_heads16_fold1.pth  select=0.4307  val_ab=0.6227  val_ag=0.2386  val_all=0.4775
Ep006  LR0=1.97e-04  pw=11.17  aucα=0.000  token_p=0.020  dropE=(0.020,0.080)  smooth=0.010  train_loss=0.5700  train_AUPR_all=0.4810  train_AUPR_ab=0.5820  train_AUPR_ag=0.3060  train_P@5_ab=0.8000  train_P@5_ag=0.9500  val_loss=0.8297  val_AUPR_all=0.5165  val_AUPR_ab=0.6384  val_AUPR_ag=0.3375  val_P@5_ab=0.9500  val_P@5_ag=0.7000  select=0.4879
  Saved checkpoint: checkpoints_newesm/iPara_balanced_l1_g6_i5_do0.10_dpr0.10_lr0.0002_heads16_fold1.pth  select=0.4879  val_ab=0.6384  val_ag=0.3375  val_all=0.5165
Ep007  LR0=1.96e-04  pw=9.97  aucα=0.000  token_p=0.020  dropE=(0.020,0.080)  smooth=0.010  train_loss=0.5198  train_AUPR_all=0.5089  train_AUPR_ab=0.5990  train_AUPR_ag=0.3496  train_P@5_ab=0.8000  train_P@5_ag=0.9000  val_loss=0.7543  val_AUPR_all=0.4766  val_AUPR_ab=0.5968  val_AUPR_ag=0.3029  val_P@5_ab=0.4000  val_P@5_ag=0.8000  select=0.4499
Ep008  LR0=1.95e-04  pw=8.92  aucα=0.000  token_p=0.020  dropE=(0.020,0.080)  smooth=0.010  train_loss=0.4854  train_AUPR_all=0.5175  train_AUPR_ab=0.6132  train_AUPR_ag=0.3472  train_P@5_ab=0.7500  train_P@5_ag=0.8500  val_loss=0.7074  val_AUPR_all=0.5386  val_AUPR_ab=0.6519  val_AUPR_ag=0.3398  val_P@5_ab=0.9000  val_P@5_ag=0.9000  select=0.4958
  Saved checkpoint: checkpoints_newesm/iPara_balanced_l1_g6_i5_do0.10_dpr0.10_lr0.0002_heads16_fold1.pth  select=0.4958  val_ab=0.6519  val_ag=0.3398  val_all=0.5386
Ep009  LR0=1.94e-04  pw=7.99  aucα=0.000  token_p=0.020  dropE=(0.020,0.080)  smooth=0.010  train_loss=0.4559  train_AUPR_all=0.5268  train_AUPR_ab=0.6263  train_AUPR_ag=0.3524  train_P@5_ab=0.8500  train_P@5_ag=0.9000  val_loss=0.6701  val_AUPR_all=0.5183  val_AUPR_ab=0.6595  val_AUPR_ag=0.3185  val_P@5_ab=0.9000  val_P@5_ag=0.6500  select=0.4890
Ep010  LR0=1.92e-04  pw=7.17  aucα=0.030  token_p=0.020  dropE=(0.020,0.080)  smooth=0.010  train_loss=0.4465  train_AUPR_all=0.5311  train_AUPR_ab=0.6334  train_AUPR_ag=0.3602  train_P@5_ab=0.9000  train_P@5_ag=0.7500  val_loss=0.6624  val_AUPR_all=0.5407  val_AUPR_ab=0.6597  val_AUPR_ag=0.3464  val_P@5_ab=0.8500  val_P@5_ag=1.0000  select=0.5030
  Saved checkpoint: checkpoints_newesm/iPara_balanced_l1_g6_i5_do0.10_dpr0.10_lr0.0002_heads16_fold1.pth  select=0.5030  val_ab=0.6597  val_ag=0.3464  val_all=0.5407
Unfreezing DyM parameters.
Ep011  LR0=1.90e-04  pw=6.44  aucα=0.060  token_p=0.020  dropE=(0.020,0.080)  smooth=0.010  train_loss=0.4320  train_AUPR_all=0.5517  train_AUPR_ab=0.6558  train_AUPR_ag=0.3749  train_P@5_ab=0.9500  train_P@5_ag=0.9500  val_loss=0.6170  val_AUPR_all=0.5445  val_AUPR_ab=0.6729  val_AUPR_ag=0.3555  val_P@5_ab=0.8500  val_P@5_ag=1.0000  select=0.5142
  Saved checkpoint: checkpoints_newesm/iPara_balanced_l1_g6_i5_do0.10_dpr0.10_lr0.0002_heads16_fold1.pth  select=0.5142  val_ab=0.6729  val_ag=0.3555  val_all=0.5445
Ep012  LR0=1.88e-04  pw=5.80  aucα=0.090  token_p=0.020  dropE=(0.020,0.080)  smooth=0.010  train_loss=0.4231  train_AUPR_all=0.5596  train_AUPR_ab=0.6625  train_AUPR_ag=0.3835  train_P@5_ab=0.9500  train_P@5_ag=0.9000  val_loss=0.6601  val_AUPR_all=0.5258  val_AUPR_ab=0.6563  val_AUPR_ag=0.3264  val_P@5_ab=0.9500  val_P@5_ag=0.9000  select=0.4914
Ep013  LR0=1.86e-04  pw=5.24  aucα=0.120  token_p=0.020  dropE=(0.020,0.080)  smooth=0.010  train_loss=0.4141  train_AUPR_all=0.5670  train_AUPR_ab=0.6725  train_AUPR_ag=0.3894  train_P@5_ab=0.8500  train_P@5_ag=0.9000  val_loss=0.5684  val_AUPR_all=0.5318  val_AUPR_ab=0.6549  val_AUPR_ag=0.3320  val_P@5_ab=0.9000  val_P@5_ag=0.8000  select=0.4935
Ep014  LR0=1.83e-04  pw=4.74  aucα=0.150  token_p=0.020  dropE=(0.020,0.080)  smooth=0.010  train_loss=0.4005  train_AUPR_all=0.5810  train_AUPR_ab=0.6906  train_AUPR_ag=0.4000  train_P@5_ab=1.0000  train_P@5_ag=1.0000  val_loss=0.5690  val_AUPR_all=0.5310  val_AUPR_ab=0.6787  val_AUPR_ag=0.3255  val_P@5_ab=0.7500  val_P@5_ag=0.8000  select=0.5021
Ep015  LR0=1.81e-04  pw=4.30  aucα=0.180  token_p=0.020  dropE=(0.020,0.080)  smooth=0.010  train_loss=0.3913  train_AUPR_all=0.5898  train_AUPR_ab=0.6955  train_AUPR_ag=0.4153  train_P@5_ab=0.9500  train_P@5_ag=0.8000  val_loss=0.5301  val_AUPR_all=0.5462  val_AUPR_ab=0.6899  val_AUPR_ag=0.3434  val_P@5_ab=0.9500  val_P@5_ag=0.9500  select=0.5167
  Saved checkpoint: checkpoints_newesm/iPara_balanced_l1_g6_i5_do0.10_dpr0.10_lr0.0002_heads16_fold1.pth  select=0.5167  val_ab=0.6899  val_ag=0.3434  val_all=0.5462
Ep016  LR0=1.78e-04  pw=3.91  aucα=0.210  token_p=0.020  dropE=(0.020,0.080)  smooth=0.010  train_loss=0.3854  train_AUPR_all=0.6008  train_AUPR_ab=0.7103  train_AUPR_ag=0.4191  train_P@5_ab=1.0000  train_P@5_ag=1.0000  val_loss=0.5012  val_AUPR_all=0.5160  val_AUPR_ab=0.6559  val_AUPR_ag=0.3285  val_P@5_ab=0.7000  val_P@5_ag=0.9500  select=0.4922
Ep017  LR0=1.75e-04  pw=3.57  aucα=0.240  token_p=0.020  dropE=(0.020,0.080)  smooth=0.010  train_loss=0.3881  train_AUPR_all=0.5986  train_AUPR_ab=0.7050  train_AUPR_ag=0.4248  train_P@5_ab=0.8500  train_P@5_ag=1.0000  val_loss=0.4899  val_AUPR_all=0.5702  val_AUPR_ab=0.7148  val_AUPR_ag=0.3460  val_P@5_ab=1.0000  val_P@5_ag=0.9500  select=0.5304
  Saved checkpoint: checkpoints_newesm/iPara_balanced_l1_g6_i5_do0.10_dpr0.10_lr0.0002_heads16_fold1.pth  select=0.5304  val_ab=0.7148  val_ag=0.3460  val_all=0.5702
Ep018  LR0=1.72e-04  pw=3.27  aucα=0.270  token_p=0.020  dropE=(0.020,0.080)  smooth=0.010  train_loss=0.3738  train_AUPR_all=0.6133  train_AUPR_ab=0.7196  train_AUPR_ag=0.4407  train_P@5_ab=1.0000  train_P@5_ag=1.0000  val_loss=0.4935  val_AUPR_all=0.5727  val_AUPR_ab=0.7173  val_AUPR_ag=0.3474  val_P@5_ab=1.0000  val_P@5_ag=1.0000  select=0.5324
  Saved checkpoint: checkpoints_newesm/iPara_balanced_l1_g6_i5_do0.10_dpr0.10_lr0.0002_heads16_fold1.pth  select=0.5324  val_ab=0.7173  val_ag=0.3474  val_all=0.5727
Ep019  LR0=1.69e-04  pw=3.00  aucα=0.300  token_p=0.020  dropE=(0.020,0.080)  smooth=0.010  train_loss=0.3716  train_AUPR_all=0.6212  train_AUPR_ab=0.7238  train_AUPR_ag=0.4552  train_P@5_ab=1.0000  train_P@5_ag=0.9500  val_loss=0.4375  val_AUPR_all=0.5739  val_AUPR_ab=0.7100  val_AUPR_ag=0.3643  val_P@5_ab=1.0000  val_P@5_ag=0.9500  select=0.5371
  Saved checkpoint: checkpoints_newesm/iPara_balanced_l1_g6_i5_do0.10_dpr0.10_lr0.0002_heads16_fold1.pth  select=0.5371  val_ab=0.7100  val_ag=0.3643  val_all=0.5739
Ep020  LR0=1.66e-04  pw=2.77  aucα=0.300  token_p=0.020  dropE=(0.020,0.080)  smooth=0.010  train_loss=0.3553  train_AUPR_all=0.6304  train_AUPR_ab=0.7324  train_AUPR_ag=0.4655  train_P@5_ab=1.0000  train_P@5_ag=1.0000  val_loss=0.4113  val_AUPR_all=0.5891  val_AUPR_ab=0.7172  val_AUPR_ag=0.3828  val_P@5_ab=0.9500  val_P@5_ag=0.9500  select=0.5500
  Saved checkpoint: checkpoints_newesm/iPara_balanced_l1_g6_i5_do0.10_dpr0.10_lr0.0002_heads16_fold1.pth  select=0.5500  val_ab=0.7172  val_ag=0.3828  val_all=0.5891
Ep021  LR0=1.62e-04  pw=2.56  aucα=0.300  token_p=0.020  dropE=(0.020,0.080)  smooth=0.010  train_loss=0.3417  train_AUPR_all=0.6351  train_AUPR_ab=0.7388  train_AUPR_ag=0.4680  train_P@5_ab=0.9000  train_P@5_ag=0.9000  val_loss=0.3950  val_AUPR_all=0.5808  val_AUPR_ab=0.7189  val_AUPR_ag=0.3698  val_P@5_ab=0.9500  val_P@5_ag=1.0000  select=0.5444
Ep022  LR0=1.59e-04  pw=2.38  aucα=0.300  token_p=0.020  dropE=(0.020,0.080)  smooth=0.010  train_loss=0.3247  train_AUPR_all=0.6473  train_AUPR_ab=0.7486  train_AUPR_ag=0.4858  train_P@5_ab=1.0000  train_P@5_ag=0.9500  val_loss=0.3776  val_AUPR_all=0.5915  val_AUPR_ab=0.7224  val_AUPR_ag=0.3781  val_P@5_ab=0.9500  val_P@5_ag=0.9500  select=0.5502
  Saved checkpoint: checkpoints_newesm/iPara_balanced_l1_g6_i5_do0.10_dpr0.10_lr0.0002_heads16_fold1.pth  select=0.5502  val_ab=0.7224  val_ag=0.3781  val_all=0.5915
Ep023  LR0=1.55e-04  pw=2.21  aucα=0.300  token_p=0.020  dropE=(0.020,0.080)  smooth=0.010  train_loss=0.3139  train_AUPR_all=0.6519  train_AUPR_ab=0.7536  train_AUPR_ag=0.4888  train_P@5_ab=1.0000  train_P@5_ag=0.9500  val_loss=0.3805  val_AUPR_all=0.5875  val_AUPR_ab=0.7194  val_AUPR_ag=0.3845  val_P@5_ab=0.9000  val_P@5_ag=0.9500  select=0.5519
  Saved checkpoint: checkpoints_newesm/iPara_balanced_l1_g6_i5_do0.10_dpr0.10_lr0.0002_heads16_fold1.pth  select=0.5519  val_ab=0.7194  val_ag=0.3845  val_all=0.5875
Ep024  LR0=1.51e-04  pw=2.07  aucα=0.300  token_p=0.020  dropE=(0.020,0.080)  smooth=0.010  train_loss=0.2968  train_AUPR_all=0.6673  train_AUPR_ab=0.7628  train_AUPR_ag=0.5150  train_P@5_ab=0.9500  train_P@5_ag=1.0000  val_loss=0.3692  val_AUPR_all=0.5948  val_AUPR_ab=0.7279  val_AUPR_ag=0.3928  val_P@5_ab=0.9500  val_P@5_ag=1.0000  select=0.5603
  Saved checkpoint: checkpoints_newesm/iPara_balanced_l1_g6_i5_do0.10_dpr0.10_lr0.0002_heads16_fold1.pth  select=0.5603  val_ab=0.7279  val_ag=0.3928  val_all=0.5948
Ep025  LR0=1.48e-04  pw=1.95  aucα=0.300  token_p=0.020  dropE=(0.020,0.080)  smooth=0.010  train_loss=0.2894  train_AUPR_all=0.6726  train_AUPR_ab=0.7697  train_AUPR_ag=0.5191  train_P@5_ab=1.0000  train_P@5_ag=1.0000  val_loss=0.3440  val_AUPR_all=0.6064  val_AUPR_ab=0.7451  val_AUPR_ag=0.3876  val_P@5_ab=0.9500  val_P@5_ag=0.9500  select=0.5663
  Saved checkpoint: checkpoints_newesm/iPara_balanced_l1_g6_i5_do0.10_dpr0.10_lr0.0002_heads16_fold1.pth  select=0.5663  val_ab=0.7451  val_ag=0.3876  val_all=0.6064
Ep026  LR0=1.44e-04  pw=1.83  aucα=0.300  token_p=0.020  dropE=(0.020,0.080)  smooth=0.010  train_loss=0.2773  train_AUPR_all=0.6805  train_AUPR_ab=0.7760  train_AUPR_ag=0.5311  train_P@5_ab=1.0000  train_P@5_ag=1.0000  val_loss=0.3545  val_AUPR_all=0.5966  val_AUPR_ab=0.7410  val_AUPR_ag=0.3725  val_P@5_ab=1.0000  val_P@5_ag=1.0000  select=0.5567
Ep027  LR0=1.39e-04  pw=1.74  aucα=0.300  token_p=0.020  dropE=(0.020,0.080)  smooth=0.010  train_loss=0.2631  train_AUPR_all=0.6953  train_AUPR_ab=0.7815  train_AUPR_ag=0.5604  train_P@5_ab=1.0000  train_P@5_ag=0.9500  val_loss=0.3404  val_AUPR_all=0.5978  val_AUPR_ab=0.7297  val_AUPR_ag=0.4063  val_P@5_ab=0.9500  val_P@5_ag=0.9500  select=0.5680
  Saved checkpoint: checkpoints_newesm/iPara_balanced_l1_g6_i5_do0.10_dpr0.10_lr0.0002_heads16_fold1.pth  select=0.5680  val_ab=0.7297  val_ag=0.4063  val_all=0.5978
Ep028  LR0=1.35e-04  pw=1.65  aucα=0.300  token_p=0.020  dropE=(0.020,0.080)  smooth=0.010  train_loss=0.2551  train_AUPR_all=0.6997  train_AUPR_ab=0.7834  train_AUPR_ag=0.5693  train_P@5_ab=0.9500  train_P@5_ag=0.9000  val_loss=0.3440  val_AUPR_all=0.5884  val_AUPR_ab=0.7307  val_AUPR_ag=0.3896  val_P@5_ab=0.9500  val_P@5_ag=0.9500  select=0.5601
Ep029  LR0=1.31e-04  pw=1.57  aucα=0.300  token_p=0.020  dropE=(0.020,0.080)  smooth=0.010  train_loss=0.2473  train_AUPR_all=0.7074  train_AUPR_ab=0.7909  train_AUPR_ag=0.5785  train_P@5_ab=0.9500  train_P@5_ag=0.9500  val_loss=0.3402  val_AUPR_all=0.5980  val_AUPR_ab=0.7404  val_AUPR_ag=0.3897  val_P@5_ab=1.0000  val_P@5_ag=0.9000  select=0.5651
Ep030  LR0=1.27e-04  pw=1.51  aucα=0.300  token_p=0.020  dropE=(0.020,0.080)  smooth=0.010  train_loss=0.2361  train_AUPR_all=0.7210  train_AUPR_ab=0.7993  train_AUPR_ag=0.6004  train_P@5_ab=1.0000  train_P@5_ag=1.0000  val_loss=0.3296  val_AUPR_all=0.5987  val_AUPR_ab=0.7265  val_AUPR_ag=0.4024  val_P@5_ab=0.9500  val_P@5_ag=1.0000  select=0.5644
Ep031  LR0=1.22e-04  pw=1.45  aucα=0.300  token_p=0.020  dropE=(0.020,0.080)  smooth=0.010  train_loss=0.2294  train_AUPR_all=0.7268  train_AUPR_ab=0.7998  train_AUPR_ag=0.6166  train_P@5_ab=1.0000  train_P@5_ag=1.0000  val_loss=0.3287  val_AUPR_all=0.6038  val_AUPR_ab=0.7439  val_AUPR_ag=0.4003  val_P@5_ab=1.0000  val_P@5_ag=1.0000  select=0.5721
  Saved checkpoint: checkpoints_newesm/iPara_balanced_l1_g6_i5_do0.10_dpr0.10_lr0.0002_heads16_fold1.pth  select=0.5721  val_ab=0.7439  val_ag=0.4003  val_all=0.6038
Ep032  LR0=1.18e-04  pw=1.39  aucα=0.300  token_p=0.020  dropE=(0.020,0.080)  smooth=0.010  train_loss=0.2181  train_AUPR_all=0.7398  train_AUPR_ab=0.8141  train_AUPR_ag=0.6264  train_P@5_ab=1.0000  train_P@5_ag=0.9000  val_loss=0.3189  val_AUPR_all=0.6025  val_AUPR_ab=0.7414  val_AUPR_ag=0.3916  val_P@5_ab=0.9000  val_P@5_ag=1.0000  select=0.5665
Ep033  LR0=1.14e-04  pw=1.35  aucα=0.300  token_p=0.020  dropE=(0.020,0.080)  smooth=0.010  train_loss=0.2109  train_AUPR_all=0.7501  train_AUPR_ab=0.8187  train_AUPR_ag=0.6458  train_P@5_ab=1.0000  train_P@5_ag=0.9500  val_loss=0.3202  val_AUPR_all=0.6121  val_AUPR_ab=0.7476  val_AUPR_ag=0.4080  val_P@5_ab=0.9500  val_P@5_ag=1.0000  select=0.5778
  Saved checkpoint: checkpoints_newesm/iPara_balanced_l1_g6_i5_do0.10_dpr0.10_lr0.0002_heads16_fold1.pth  select=0.5778  val_ab=0.7476  val_ag=0.4080  val_all=0.6121
Ep034  LR0=1.09e-04  pw=1.31  aucα=0.300  token_p=0.020  dropE=(0.020,0.080)  smooth=0.010  train_loss=0.2113  train_AUPR_all=0.7451  train_AUPR_ab=0.8126  train_AUPR_ag=0.6432  train_P@5_ab=1.0000  train_P@5_ag=0.9500  val_loss=0.3099  val_AUPR_all=0.6039  val_AUPR_ab=0.7431  val_AUPR_ag=0.4031  val_P@5_ab=1.0000  val_P@5_ag=0.9500  select=0.5731
Ep035  LR0=1.05e-04  pw=1.27  aucα=0.300  token_p=0.020  dropE=(0.020,0.080)  smooth=0.010  train_loss=0.2028  train_AUPR_all=0.7559  train_AUPR_ab=0.8181  train_AUPR_ag=0.6629  train_P@5_ab=1.0000  train_P@5_ag=1.0000  val_loss=0.3118  val_AUPR_all=0.6052  val_AUPR_ab=0.7354  val_AUPR_ag=0.4135  val_P@5_ab=1.0000  val_P@5_ag=1.0000  select=0.5744
Ep036  LR0=1.00e-04  pw=1.24  aucα=0.300  token_p=0.020  dropE=(0.020,0.080)  smooth=0.010  train_loss=0.1967  train_AUPR_all=0.7655  train_AUPR_ab=0.8237  train_AUPR_ag=0.6793  train_P@5_ab=0.9500  train_P@5_ag=1.0000  val_loss=0.3028  val_AUPR_all=0.6077  val_AUPR_ab=0.7460  val_AUPR_ag=0.4084  val_P@5_ab=1.0000  val_P@5_ag=0.9000  select=0.5772
Ep037  LR0=9.58e-05  pw=1.21  aucα=0.300  token_p=0.020  dropE=(0.020,0.080)  smooth=0.010  train_loss=0.1905  train_AUPR_all=0.7752  train_AUPR_ab=0.8348  train_AUPR_ag=0.6866  train_P@5_ab=1.0000  train_P@5_ag=1.0000  val_loss=0.3112  val_AUPR_all=0.5996  val_AUPR_ab=0.7371  val_AUPR_ag=0.4024  val_P@5_ab=0.9500  val_P@5_ag=1.0000  select=0.5697
Ep038  LR0=9.13e-05  pw=1.19  aucα=0.300  token_p=0.020  dropE=(0.020,0.080)  smooth=0.010  train_loss=0.1809  train_AUPR_all=0.7874  train_AUPR_ab=0.8394  train_AUPR_ag=0.7104  train_P@5_ab=1.0000  train_P@5_ag=1.0000  val_loss=0.3101  val_AUPR_all=0.6041  val_AUPR_ab=0.7458  val_AUPR_ag=0.4069  val_P@5_ab=0.9500  val_P@5_ag=1.0000  select=0.5763
Ep039  LR0=8.69e-05  pw=1.16  aucα=0.300  token_p=0.020  dropE=(0.020,0.080)  smooth=0.010  train_loss=0.1785  train_AUPR_all=0.7918  train_AUPR_ab=0.8448  train_AUPR_ag=0.7131  train_P@5_ab=1.0000  train_P@5_ag=1.0000  val_loss=0.3083  val_AUPR_all=0.6062  val_AUPR_ab=0.7383  val_AUPR_ag=0.4124  val_P@5_ab=0.8500  val_P@5_ag=1.0000  select=0.5754
Ep040  LR0=8.24e-05  pw=1.15  aucα=0.300  token_p=0.020  dropE=(0.020,0.080)  smooth=0.010  train_loss=0.1728  train_AUPR_all=0.8006  train_AUPR_ab=0.8491  train_AUPR_ag=0.7297  train_P@5_ab=1.0000  train_P@5_ag=1.0000  val_loss=0.3028  val_AUPR_all=0.6072  val_AUPR_ab=0.7437  val_AUPR_ag=0.4330  val_P@5_ab=0.9000  val_P@5_ag=0.9500  select=0.5883
  Saved checkpoint: checkpoints_newesm/iPara_balanced_l1_g6_i5_do0.10_dpr0.10_lr0.0002_heads16_fold1.pth  select=0.5883  val_ab=0.7437  val_ag=0.4330  val_all=0.6072
Ep041  LR0=7.81e-05  pw=1.13  aucα=0.300  token_p=0.020  dropE=(0.020,0.080)  smooth=0.010  train_loss=0.1661  train_AUPR_all=0.8107  train_AUPR_ab=0.8561  train_AUPR_ag=0.7439  train_P@5_ab=1.0000  train_P@5_ag=1.0000  val_loss=0.3072  val_AUPR_all=0.6079  val_AUPR_ab=0.7425  val_AUPR_ag=0.4201  val_P@5_ab=0.8500  val_P@5_ag=1.0000  select=0.5813
Ep042  LR0=7.37e-05  pw=1.11  aucα=0.300  token_p=0.020  dropE=(0.020,0.080)  smooth=0.010  train_loss=0.1643  train_AUPR_all=0.8128  train_AUPR_ab=0.8597  train_AUPR_ag=0.7437  train_P@5_ab=1.0000  train_P@5_ag=0.9000  val_loss=0.3026  val_AUPR_all=0.6074  val_AUPR_ab=0.7438  val_AUPR_ag=0.4167  val_P@5_ab=1.0000  val_P@5_ag=0.8500  select=0.5802
Ep043  LR0=6.94e-05  pw=1.10  aucα=0.300  token_p=0.020  dropE=(0.020,0.080)  smooth=0.010  train_loss=0.1580  train_AUPR_all=0.8212  train_AUPR_ab=0.8672  train_AUPR_ag=0.7526  train_P@5_ab=1.0000  train_P@5_ag=1.0000  val_loss=0.3075  val_AUPR_all=0.6026  val_AUPR_ab=0.7451  val_AUPR_ag=0.4085  val_P@5_ab=0.9500  val_P@5_ag=0.8000  select=0.5768
Ep044  LR0=6.52e-05  pw=1.09  aucα=0.300  token_p=0.020  dropE=(0.020,0.080)  smooth=0.010  train_loss=0.1595  train_AUPR_all=0.8178  train_AUPR_ab=0.8627  train_AUPR_ag=0.7515  train_P@5_ab=1.0000  train_P@5_ag=1.0000  val_loss=0.3050  val_AUPR_all=0.6044  val_AUPR_ab=0.7460  val_AUPR_ag=0.4160  val_P@5_ab=1.0000  val_P@5_ag=0.8500  select=0.5810
Ep045  LR0=6.10e-05  pw=1.08  aucα=0.300  token_p=0.020  dropE=(0.020,0.080)  smooth=0.010  train_loss=0.1519  train_AUPR_all=0.8319  train_AUPR_ab=0.8726  train_AUPR_ag=0.7719  train_P@5_ab=1.0000  train_P@5_ag=1.0000  val_loss=0.3086  val_AUPR_all=0.6066  val_AUPR_ab=0.7466  val_AUPR_ag=0.4163  val_P@5_ab=0.9500  val_P@5_ag=0.9000  select=0.5815
Ep046  LR0=5.70e-05  pw=1.07  aucα=0.300  token_p=0.020  dropE=(0.020,0.080)  smooth=0.010  train_loss=0.1503  train_AUPR_all=0.8348  train_AUPR_ab=0.8740  train_AUPR_ag=0.7773  train_P@5_ab=1.0000  train_P@5_ag=1.0000  val_loss=0.3018  val_AUPR_all=0.6075  val_AUPR_ab=0.7443  val_AUPR_ag=0.4146  val_P@5_ab=0.9500  val_P@5_ag=0.7000  select=0.5795
Ep047  LR0=5.30e-05  pw=1.06  aucα=0.300  token_p=0.020  dropE=(0.020,0.080)  smooth=0.010  train_loss=0.1440  train_AUPR_all=0.8440  train_AUPR_ab=0.8795  train_AUPR_ag=0.7924  train_P@5_ab=1.0000  train_P@5_ag=1.0000  val_loss=0.3095  val_AUPR_all=0.6041  val_AUPR_ab=0.7480  val_AUPR_ag=0.4081  val_P@5_ab=0.9000  val_P@5_ag=0.7500  select=0.5780
Ep048  LR0=4.91e-05  pw=1.05  aucα=0.300  token_p=0.020  dropE=(0.020,0.080)  smooth=0.010  train_loss=0.1441  train_AUPR_all=0.8443  train_AUPR_ab=0.8843  train_AUPR_ag=0.7850  train_P@5_ab=1.0000  train_P@5_ag=1.0000  val_loss=0.3055  val_AUPR_all=0.6033  val_AUPR_ab=0.7366  val_AUPR_ag=0.4166  val_P@5_ab=0.9000  val_P@5_ag=0.9000  select=0.5766
Ep049  LR0=4.53e-05  pw=1.05  aucα=0.300  token_p=0.020  dropE=(0.020,0.080)  smooth=0.010  train_loss=0.1412  train_AUPR_all=0.8490  train_AUPR_ab=0.8859  train_AUPR_ag=0.7949  train_P@5_ab=1.0000  train_P@5_ag=1.0000  val_loss=0.3063  val_AUPR_all=0.6087  val_AUPR_ab=0.7478  val_AUPR_ag=0.4176  val_P@5_ab=0.9500  val_P@5_ag=0.8000  select=0.5827
Ep050  LR0=4.16e-05  pw=1.04  aucα=0.300  token_p=0.020  dropE=(0.020,0.080)  smooth=0.010  train_loss=0.1367  train_AUPR_all=0.8560  train_AUPR_ab=0.8919  train_AUPR_ag=0.8031  train_P@5_ab=1.0000  train_P@5_ag=1.0000  val_loss=0.3097  val_AUPR_all=0.6090  val_AUPR_ab=0.7488  val_AUPR_ag=0.4171  val_P@5_ab=0.8500  val_P@5_ag=0.7500  select=0.5829
Ep051  LR0=3.81e-05  pw=1.04  aucα=0.300  token_p=0.020  dropE=(0.020,0.080)  smooth=0.010  train_loss=0.1397  train_AUPR_all=0.8506  train_AUPR_ab=0.8869  train_AUPR_ag=0.7974  train_P@5_ab=1.0000  train_P@5_ag=1.0000  val_loss=0.3110  val_AUPR_all=0.6050  val_AUPR_ab=0.7399  val_AUPR_ag=0.4240  val_P@5_ab=0.8500  val_P@5_ag=0.8000  select=0.5819
Ep052  LR0=3.46e-05  pw=1.03  aucα=0.300  token_p=0.020  dropE=(0.020,0.080)  smooth=0.010  train_loss=0.1354  train_AUPR_all=0.8571  train_AUPR_ab=0.8915  train_AUPR_ag=0.8064  train_P@5_ab=0.9500  train_P@5_ag=1.0000  val_loss=0.3095  val_AUPR_all=0.5993  val_AUPR_ab=0.7417  val_AUPR_ag=0.4100  val_P@5_ab=0.8500  val_P@5_ag=0.7000  select=0.5758
Ep053  LR0=3.13e-05  pw=1.03  aucα=0.300  token_p=0.020  dropE=(0.020,0.080)  smooth=0.010  train_loss=0.1355  train_AUPR_all=0.8576  train_AUPR_ab=0.8916  train_AUPR_ag=0.8080  train_P@5_ab=1.0000  train_P@5_ag=0.9500  val_loss=0.3062  val_AUPR_all=0.6014  val_AUPR_ab=0.7350  val_AUPR_ag=0.4208  val_P@5_ab=0.9000  val_P@5_ag=0.8000  select=0.5779
Ep054  LR0=2.82e-05  pw=1.03  aucα=0.300  token_p=0.020  dropE=(0.020,0.080)  smooth=0.010  train_loss=0.1318  train_AUPR_all=0.8632  train_AUPR_ab=0.8956  train_AUPR_ag=0.8162  train_P@5_ab=1.0000  train_P@5_ag=1.0000  val_loss=0.3098  val_AUPR_all=0.6064  val_AUPR_ab=0.7435  val_AUPR_ag=0.4221  val_P@5_ab=0.9000  val_P@5_ag=0.7500  select=0.5828
Ep055  LR0=2.51e-05  pw=1.02  aucα=0.300  token_p=0.020  dropE=(0.020,0.080)  smooth=0.010  train_loss=0.1292  train_AUPR_all=0.8679  train_AUPR_ab=0.9013  train_AUPR_ag=0.8188  train_P@5_ab=1.0000  train_P@5_ag=1.0000  val_loss=0.3108  val_AUPR_all=0.6048  val_AUPR_ab=0.7359  val_AUPR_ag=0.4218  val_P@5_ab=0.8500  val_P@5_ag=0.8500  select=0.5789
Ep056  LR0=2.23e-05  pw=1.02  aucα=0.300  token_p=0.020  dropE=(0.020,0.080)  smooth=0.010  train_loss=0.1290  train_AUPR_all=0.8678  train_AUPR_ab=0.8996  train_AUPR_ag=0.8212  train_P@5_ab=1.0000  train_P@5_ag=1.0000  val_loss=0.3077  val_AUPR_all=0.6035  val_AUPR_ab=0.7374  val_AUPR_ag=0.4230  val_P@5_ab=0.9500  val_P@5_ag=0.8500  select=0.5802
Ep057  LR0=1.96e-05  pw=1.02  aucα=0.300  token_p=0.020  dropE=(0.020,0.080)  smooth=0.010  train_loss=0.1227  train_AUPR_all=0.8788  train_AUPR_ab=0.9083  train_AUPR_ag=0.8355  train_P@5_ab=0.9500  train_P@5_ag=0.9500  val_loss=0.3156  val_AUPR_all=0.6017  val_AUPR_ab=0.7361  val_AUPR_ag=0.4221  val_P@5_ab=0.9500  val_P@5_ag=0.8500  select=0.5791
Ep058  LR0=1.70e-05  pw=1.02  aucα=0.300  token_p=0.020  dropE=(0.020,0.080)  smooth=0.010  train_loss=0.1222  train_AUPR_all=0.8796  train_AUPR_ab=0.9113  train_AUPR_ag=0.8324  train_P@5_ab=1.0000  train_P@5_ag=1.0000  val_loss=0.3135  val_AUPR_all=0.6041  val_AUPR_ab=0.7392  val_AUPR_ag=0.4207  val_P@5_ab=0.9500  val_P@5_ag=0.8000  select=0.5799
Ep059  LR0=1.46e-05  pw=1.01  aucα=0.300  token_p=0.020  dropE=(0.020,0.080)  smooth=0.010  train_loss=0.1190  train_AUPR_all=0.8841  train_AUPR_ab=0.9129  train_AUPR_ag=0.8419  train_P@5_ab=1.0000  train_P@5_ag=1.0000  val_loss=0.3194  val_AUPR_all=0.5967  val_AUPR_ab=0.7329  val_AUPR_ag=0.4176  val_P@5_ab=0.9000  val_P@5_ag=0.7500  select=0.5753
Ep060  LR0=1.24e-05  pw=1.01  aucα=0.300  token_p=0.020  dropE=(0.020,0.080)  smooth=0.010  train_loss=0.1198  train_AUPR_all=0.8841  train_AUPR_ab=0.9132  train_AUPR_ag=0.8410  train_P@5_ab=1.0000  train_P@5_ag=1.0000  val_loss=0.3162  val_AUPR_all=0.6003  val_AUPR_ab=0.7358  val_AUPR_ag=0.4195  val_P@5_ab=0.9500  val_P@5_ag=0.8500  select=0.5777
Early stopping at epoch 60. Best select=0.5883 at epoch 40.
Final saved checkpoint for fold 1: checkpoints_newesm/iPara_balanced_l1_g6_i5_do0.10_dpr0.10_lr0.0002_heads16_fold1.pth
Best select=0.5883 at epoch 40

==========================================================================================
Fold 2/5
==========================================================================================
Train labels: valid=400834, pos=26650, neg=374184, ignore=696766, pos_frac=0.06649
Val labels: valid=99358, pos=6580, neg=92778, ignore=175842, pos_frac=0.06623
Initializing ClassificationModel with 6 GAT layers and residual connections...
Initializing MCModel with 6 GAT layers and 5 row attention layers (drop_path_rate=0.1, use_esm=True)
Initializing CoreModel with 1 layers, drop_path_rate=0.1
Ep001  LR0=2.00e-04  pw=20.00  aucα=0.000  token_p=0.020  dropE=(0.020,0.080)  smooth=0.010  train_loss=1.2394  train_AUPR_all=0.2047  train_AUPR_ab=0.2408  train_AUPR_ag=0.1539  train_P@5_ab=0.3000  train_P@5_ag=0.0000  val_loss=1.2527  val_AUPR_all=0.3514  val_AUPR_ab=0.4702  val_AUPR_ag=0.1880  val_P@5_ab=0.4500  val_P@5_ag=0.7000  select=0.3291
  Saved checkpoint: checkpoints_newesm/iPara_balanced_l1_g6_i5_do0.10_dpr0.10_lr0.0002_heads16_fold2.pth  select=0.3291  val_ab=0.4702  val_ag=0.1880  val_all=0.3514
Ep002  LR0=2.00e-04  pw=17.77  aucα=0.000  token_p=0.020  dropE=(0.020,0.080)  smooth=0.010  train_loss=0.8079  train_AUPR_all=0.3839  train_AUPR_ab=0.4731  train_AUPR_ag=0.2403  train_P@5_ab=0.6000  train_P@5_ag=0.7000  val_loss=1.1519  val_AUPR_all=0.4519  val_AUPR_ab=0.5351  val_AUPR_ag=0.2880  val_P@5_ab=0.5000  val_P@5_ag=0.8000  select=0.4116
  Saved checkpoint: checkpoints_newesm/iPara_balanced_l1_g6_i5_do0.10_dpr0.10_lr0.0002_heads16_fold2.pth  select=0.4116  val_ab=0.5351  val_ag=0.2880  val_all=0.4519
Ep003  LR0=2.00e-04  pw=15.80  aucα=0.000  token_p=0.020  dropE=(0.020,0.080)  smooth=0.010  train_loss=0.7297  train_AUPR_all=0.4307  train_AUPR_ab=0.5099  train_AUPR_ag=0.2901  train_P@5_ab=0.8000  train_P@5_ag=0.9000  val_loss=0.9539  val_AUPR_all=0.4715  val_AUPR_ab=0.5679  val_AUPR_ag=0.3031  val_P@5_ab=0.8000  val_P@5_ag=0.8500  select=0.4355
  Saved checkpoint: checkpoints_newesm/iPara_balanced_l1_g6_i5_do0.10_dpr0.10_lr0.0002_heads16_fold2.pth  select=0.4355  val_ab=0.5679  val_ag=0.3031  val_all=0.4715
Ep004  LR0=1.99e-04  pw=14.06  aucα=0.000  token_p=0.020  dropE=(0.020,0.080)  smooth=0.010  train_loss=0.6653  train_AUPR_all=0.4623  train_AUPR_ab=0.5532  train_AUPR_ag=0.3062  train_P@5_ab=0.8500  train_P@5_ag=0.8000  val_loss=0.8983  val_AUPR_all=0.4776  val_AUPR_ab=0.5535  val_AUPR_ag=0.3132  val_P@5_ab=0.3000  val_P@5_ag=0.9500  select=0.4334
Ep005  LR0=1.98e-04  pw=12.52  aucα=0.000  token_p=0.020  dropE=(0.020,0.080)  smooth=0.010  train_loss=0.6222  train_AUPR_all=0.4653  train_AUPR_ab=0.5506  train_AUPR_ag=0.3112  train_P@5_ab=0.5500  train_P@5_ag=0.9500  val_loss=0.9475  val_AUPR_all=0.4476  val_AUPR_ab=0.5562  val_AUPR_ag=0.3022  val_P@5_ab=0.7500  val_P@5_ag=0.8000  select=0.4292
Ep006  LR0=1.97e-04  pw=11.17  aucα=0.000  token_p=0.020  dropE=(0.020,0.080)  smooth=0.010  train_loss=0.5867  train_AUPR_all=0.4748  train_AUPR_ab=0.5693  train_AUPR_ag=0.3072  train_P@5_ab=0.9500  train_P@5_ag=0.7500  val_loss=0.7708  val_AUPR_all=0.4988  val_AUPR_ab=0.5840  val_AUPR_ag=0.3355  val_P@5_ab=0.8500  val_P@5_ag=0.8500  select=0.4597
  Saved checkpoint: checkpoints_newesm/iPara_balanced_l1_g6_i5_do0.10_dpr0.10_lr0.0002_heads16_fold2.pth  select=0.4597  val_ab=0.5840  val_ag=0.3355  val_all=0.4988
Ep007  LR0=1.96e-04  pw=9.97  aucα=0.000  token_p=0.020  dropE=(0.020,0.080)  smooth=0.010  train_loss=0.5292  train_AUPR_all=0.5063  train_AUPR_ab=0.6051  train_AUPR_ag=0.3328  train_P@5_ab=0.8000  train_P@5_ag=0.9500  val_loss=0.8191  val_AUPR_all=0.5232  val_AUPR_ab=0.6267  val_AUPR_ag=0.3392  val_P@5_ab=0.8500  val_P@5_ag=1.0000  select=0.4830
  Saved checkpoint: checkpoints_newesm/iPara_balanced_l1_g6_i5_do0.10_dpr0.10_lr0.0002_heads16_fold2.pth  select=0.4830  val_ab=0.6267  val_ag=0.3392  val_all=0.5232
Ep008  LR0=1.95e-04  pw=8.92  aucα=0.000  token_p=0.020  dropE=(0.020,0.080)  smooth=0.010  train_loss=0.4997  train_AUPR_all=0.5104  train_AUPR_ab=0.6121  train_AUPR_ag=0.3383  train_P@5_ab=0.8500  train_P@5_ag=1.0000  val_loss=0.7169  val_AUPR_all=0.5249  val_AUPR_ab=0.6199  val_AUPR_ag=0.3465  val_P@5_ab=0.7500  val_P@5_ag=0.8000  select=0.4832
  Saved checkpoint: checkpoints_newesm/iPara_balanced_l1_g6_i5_do0.10_dpr0.10_lr0.0002_heads16_fold2.pth  select=0.4832  val_ab=0.6199  val_ag=0.3465  val_all=0.5249
Ep009  LR0=1.94e-04  pw=7.99  aucα=0.000  token_p=0.020  dropE=(0.020,0.080)  smooth=0.010  train_loss=0.4616  train_AUPR_all=0.5177  train_AUPR_ab=0.6177  train_AUPR_ag=0.3393  train_P@5_ab=0.8500  train_P@5_ag=0.9500  val_loss=0.7956  val_AUPR_all=0.5256  val_AUPR_ab=0.6460  val_AUPR_ag=0.3328  val_P@5_ab=0.9000  val_P@5_ag=0.8500  select=0.4894
  Saved checkpoint: checkpoints_newesm/iPara_balanced_l1_g6_i5_do0.10_dpr0.10_lr0.0002_heads16_fold2.pth  select=0.4894  val_ab=0.6460  val_ag=0.3328  val_all=0.5256
Ep010  LR0=1.92e-04  pw=7.17  aucα=0.030  token_p=0.020  dropE=(0.020,0.080)  smooth=0.010  train_loss=0.4534  train_AUPR_all=0.5231  train_AUPR_ab=0.6235  train_AUPR_ag=0.3462  train_P@5_ab=0.8000  train_P@5_ag=0.8500  val_loss=0.9481  val_AUPR_all=0.5107  val_AUPR_ab=0.6368  val_AUPR_ag=0.3243  val_P@5_ab=0.7500  val_P@5_ag=0.9500  select=0.4806
Unfreezing DyM parameters.
Ep011  LR0=1.90e-04  pw=6.44  aucα=0.060  token_p=0.020  dropE=(0.020,0.080)  smooth=0.010  train_loss=0.4397  train_AUPR_all=0.5408  train_AUPR_ab=0.6443  train_AUPR_ag=0.3607  train_P@5_ab=0.9000  train_P@5_ag=0.9500  val_loss=0.6097  val_AUPR_all=0.5193  val_AUPR_ab=0.6447  val_AUPR_ag=0.3396  val_P@5_ab=0.9000  val_P@5_ag=0.9000  select=0.4921
  Saved checkpoint: checkpoints_newesm/iPara_balanced_l1_g6_i5_do0.10_dpr0.10_lr0.0002_heads16_fold2.pth  select=0.4921  val_ab=0.6447  val_ag=0.3396  val_all=0.5193
Ep012  LR0=1.88e-04  pw=5.80  aucα=0.090  token_p=0.020  dropE=(0.020,0.080)  smooth=0.010  train_loss=0.4313  train_AUPR_all=0.5503  train_AUPR_ab=0.6542  train_AUPR_ag=0.3664  train_P@5_ab=0.9000  train_P@5_ag=0.9000  val_loss=0.6221  val_AUPR_all=0.5450  val_AUPR_ab=0.6697  val_AUPR_ag=0.3414  val_P@5_ab=0.8500  val_P@5_ag=0.9000  select=0.5055
  Saved checkpoint: checkpoints_newesm/iPara_balanced_l1_g6_i5_do0.10_dpr0.10_lr0.0002_heads16_fold2.pth  select=0.5055  val_ab=0.6697  val_ag=0.3414  val_all=0.5450
Ep013  LR0=1.86e-04  pw=5.24  aucα=0.120  token_p=0.020  dropE=(0.020,0.080)  smooth=0.010  train_loss=0.4151  train_AUPR_all=0.5666  train_AUPR_ab=0.6803  train_AUPR_ag=0.3725  train_P@5_ab=1.0000  train_P@5_ag=1.0000  val_loss=0.5533  val_AUPR_all=0.5536  val_AUPR_ab=0.6663  val_AUPR_ag=0.3797  val_P@5_ab=0.8000  val_P@5_ag=1.0000  select=0.5230
  Saved checkpoint: checkpoints_newesm/iPara_balanced_l1_g6_i5_do0.10_dpr0.10_lr0.0002_heads16_fold2.pth  select=0.5230  val_ab=0.6663  val_ag=0.3797  val_all=0.5536
Ep014  LR0=1.83e-04  pw=4.74  aucα=0.150  token_p=0.020  dropE=(0.020,0.080)  smooth=0.010  train_loss=0.4087  train_AUPR_all=0.5695  train_AUPR_ab=0.6799  train_AUPR_ag=0.3849  train_P@5_ab=0.8500  train_P@5_ag=0.9500  val_loss=0.5317  val_AUPR_all=0.5285  val_AUPR_ab=0.6469  val_AUPR_ag=0.3466  val_P@5_ab=0.6000  val_P@5_ag=1.0000  select=0.4968
Ep015  LR0=1.81e-04  pw=4.30  aucα=0.180  token_p=0.020  dropE=(0.020,0.080)  smooth=0.010  train_loss=0.4017  train_AUPR_all=0.5795  train_AUPR_ab=0.6899  train_AUPR_ag=0.3964  train_P@5_ab=1.0000  train_P@5_ag=0.8500  val_loss=0.4896  val_AUPR_all=0.5477  val_AUPR_ab=0.6725  val_AUPR_ag=0.3659  val_P@5_ab=0.8000  val_P@5_ag=0.9500  select=0.5192
Ep016  LR0=1.78e-04  pw=3.91  aucα=0.210  token_p=0.020  dropE=(0.020,0.080)  smooth=0.010  train_loss=0.3964  train_AUPR_all=0.5851  train_AUPR_ab=0.6961  train_AUPR_ag=0.4031  train_P@5_ab=1.0000  train_P@5_ag=0.8500  val_loss=0.4646  val_AUPR_all=0.5730  val_AUPR_ab=0.6948  val_AUPR_ag=0.3713  val_P@5_ab=0.9000  val_P@5_ag=0.9500  select=0.5330
  Saved checkpoint: checkpoints_newesm/iPara_balanced_l1_g6_i5_do0.10_dpr0.10_lr0.0002_heads16_fold2.pth  select=0.5330  val_ab=0.6948  val_ag=0.3713  val_all=0.5730
Ep017  LR0=1.75e-04  pw=3.57  aucα=0.240  token_p=0.020  dropE=(0.020,0.080)  smooth=0.010  train_loss=0.3903  train_AUPR_all=0.5952  train_AUPR_ab=0.7099  train_AUPR_ag=0.4074  train_P@5_ab=0.9000  train_P@5_ag=0.9500  val_loss=0.4488  val_AUPR_all=0.5774  val_AUPR_ab=0.6919  val_AUPR_ag=0.3902  val_P@5_ab=0.8500  val_P@5_ag=0.8500  select=0.5411
  Saved checkpoint: checkpoints_newesm/iPara_balanced_l1_g6_i5_do0.10_dpr0.10_lr0.0002_heads16_fold2.pth  select=0.5411  val_ab=0.6919  val_ag=0.3902  val_all=0.5774
Ep018  LR0=1.72e-04  pw=3.27  aucα=0.270  token_p=0.020  dropE=(0.020,0.080)  smooth=0.010  train_loss=0.3791  train_AUPR_all=0.6097  train_AUPR_ab=0.7200  train_AUPR_ag=0.4285  train_P@5_ab=0.9500  train_P@5_ag=0.9000  val_loss=0.4663  val_AUPR_all=0.5536  val_AUPR_ab=0.6953  val_AUPR_ag=0.3545  val_P@5_ab=0.8500  val_P@5_ag=0.9000  select=0.5249
Ep019  LR0=1.69e-04  pw=3.00  aucα=0.300  token_p=0.020  dropE=(0.020,0.080)  smooth=0.010  train_loss=0.3802  train_AUPR_all=0.6150  train_AUPR_ab=0.7276  train_AUPR_ag=0.4312  train_P@5_ab=1.0000  train_P@5_ag=0.9500  val_loss=0.4641  val_AUPR_all=0.5522  val_AUPR_ab=0.6967  val_AUPR_ag=0.3452  val_P@5_ab=0.9000  val_P@5_ag=0.9500  select=0.5209
Ep020  LR0=1.66e-04  pw=2.77  aucα=0.300  token_p=0.020  dropE=(0.020,0.080)  smooth=0.010  train_loss=0.3599  train_AUPR_all=0.6222  train_AUPR_ab=0.7338  train_AUPR_ag=0.4404  train_P@5_ab=0.9500  train_P@5_ag=0.9500  val_loss=0.4320  val_AUPR_all=0.5576  val_AUPR_ab=0.7016  val_AUPR_ag=0.3645  val_P@5_ab=0.9500  val_P@5_ag=0.9000  select=0.5330
Ep021  LR0=1.62e-04  pw=2.56  aucα=0.300  token_p=0.020  dropE=(0.020,0.080)  smooth=0.010  train_loss=0.3489  train_AUPR_all=0.6271  train_AUPR_ab=0.7358  train_AUPR_ag=0.4525  train_P@5_ab=0.9500  train_P@5_ag=0.9500  val_loss=0.4071  val_AUPR_all=0.5715  val_AUPR_ab=0.6978  val_AUPR_ag=0.3759  val_P@5_ab=1.0000  val_P@5_ag=0.9500  select=0.5369
Ep022  LR0=1.59e-04  pw=2.38  aucα=0.300  token_p=0.020  dropE=(0.020,0.080)  smooth=0.010  train_loss=0.3327  train_AUPR_all=0.6369  train_AUPR_ab=0.7454  train_AUPR_ag=0.4627  train_P@5_ab=0.9500  train_P@5_ag=1.0000  val_loss=0.3792  val_AUPR_all=0.5789  val_AUPR_ab=0.7137  val_AUPR_ag=0.3644  val_P@5_ab=0.9500  val_P@5_ag=0.9000  select=0.5391
Ep023  LR0=1.55e-04  pw=2.21  aucα=0.300  token_p=0.020  dropE=(0.020,0.080)  smooth=0.010  train_loss=0.3171  train_AUPR_all=0.6487  train_AUPR_ab=0.7539  train_AUPR_ag=0.4827  train_P@5_ab=1.0000  train_P@5_ag=0.9500  val_loss=0.3805  val_AUPR_all=0.5751  val_AUPR_ab=0.7045  val_AUPR_ag=0.3948  val_P@5_ab=0.9500  val_P@5_ag=1.0000  select=0.5497
  Saved checkpoint: checkpoints_newesm/iPara_balanced_l1_g6_i5_do0.10_dpr0.10_lr0.0002_heads16_fold2.pth  select=0.5497  val_ab=0.7045  val_ag=0.3948  val_all=0.5751
Ep024  LR0=1.51e-04  pw=2.07  aucα=0.300  token_p=0.020  dropE=(0.020,0.080)  smooth=0.010  train_loss=0.3047  train_AUPR_all=0.6579  train_AUPR_ab=0.7578  train_AUPR_ag=0.5001  train_P@5_ab=1.0000  train_P@5_ag=1.0000  val_loss=0.3552  val_AUPR_all=0.6088  val_AUPR_ab=0.7354  val_AUPR_ag=0.4177  val_P@5_ab=0.9000  val_P@5_ag=0.9000  select=0.5765
  Saved checkpoint: checkpoints_newesm/iPara_balanced_l1_g6_i5_do0.10_dpr0.10_lr0.0002_heads16_fold2.pth  select=0.5765  val_ab=0.7354  val_ag=0.4177  val_all=0.6088
Ep025  LR0=1.48e-04  pw=1.95  aucα=0.300  token_p=0.020  dropE=(0.020,0.080)  smooth=0.010  train_loss=0.2925  train_AUPR_all=0.6654  train_AUPR_ab=0.7671  train_AUPR_ag=0.5038  train_P@5_ab=1.0000  train_P@5_ag=1.0000  val_loss=0.3496  val_AUPR_all=0.6075  val_AUPR_ab=0.7361  val_AUPR_ag=0.4020  val_P@5_ab=0.9000  val_P@5_ag=0.8500  select=0.5691
Ep026  LR0=1.44e-04  pw=1.83  aucα=0.300  token_p=0.020  dropE=(0.020,0.080)  smooth=0.010  train_loss=0.2823  train_AUPR_all=0.6726  train_AUPR_ab=0.7724  train_AUPR_ag=0.5156  train_P@5_ab=1.0000  train_P@5_ag=0.8000  val_loss=0.3436  val_AUPR_all=0.5933  val_AUPR_ab=0.7317  val_AUPR_ag=0.3838  val_P@5_ab=0.9500  val_P@5_ag=0.8500  select=0.5577
Ep027  LR0=1.39e-04  pw=1.74  aucα=0.300  token_p=0.020  dropE=(0.020,0.080)  smooth=0.010  train_loss=0.2734  train_AUPR_all=0.6778  train_AUPR_ab=0.7735  train_AUPR_ag=0.5280  train_P@5_ab=1.0000  train_P@5_ag=0.9000  val_loss=0.3330  val_AUPR_all=0.5924  val_AUPR_ab=0.7350  val_AUPR_ag=0.3880  val_P@5_ab=0.9000  val_P@5_ag=0.9000  select=0.5615
Ep028  LR0=1.35e-04  pw=1.65  aucα=0.300  token_p=0.020  dropE=(0.020,0.080)  smooth=0.010  train_loss=0.2599  train_AUPR_all=0.6916  train_AUPR_ab=0.7795  train_AUPR_ag=0.5558  train_P@5_ab=1.0000  train_P@5_ag=0.9500  val_loss=0.3370  val_AUPR_all=0.5848  val_AUPR_ab=0.7225  val_AUPR_ag=0.3814  val_P@5_ab=0.9500  val_P@5_ag=0.7500  select=0.5520
Ep029  LR0=1.31e-04  pw=1.57  aucα=0.300  token_p=0.020  dropE=(0.020,0.080)  smooth=0.010  train_loss=0.2568  train_AUPR_all=0.6919  train_AUPR_ab=0.7797  train_AUPR_ag=0.5566  train_P@5_ab=1.0000  train_P@5_ag=0.9500  val_loss=0.3232  val_AUPR_all=0.6018  val_AUPR_ab=0.7256  val_AUPR_ag=0.4089  val_P@5_ab=0.9000  val_P@5_ag=0.9500  select=0.5673
Ep030  LR0=1.27e-04  pw=1.51  aucα=0.300  token_p=0.020  dropE=(0.020,0.080)  smooth=0.010  train_loss=0.2439  train_AUPR_all=0.7085  train_AUPR_ab=0.7943  train_AUPR_ag=0.5766  train_P@5_ab=1.0000  train_P@5_ag=1.0000  val_loss=0.3301  val_AUPR_all=0.5826  val_AUPR_ab=0.7338  val_AUPR_ag=0.3646  val_P@5_ab=0.9000  val_P@5_ag=0.9000  select=0.5492
Ep031  LR0=1.22e-04  pw=1.45  aucα=0.300  token_p=0.020  dropE=(0.020,0.080)  smooth=0.010  train_loss=0.2308  train_AUPR_all=0.7241  train_AUPR_ab=0.8030  train_AUPR_ag=0.6041  train_P@5_ab=1.0000  train_P@5_ag=1.0000  val_loss=0.3413  val_AUPR_all=0.5854  val_AUPR_ab=0.7279  val_AUPR_ag=0.3796  val_P@5_ab=0.9500  val_P@5_ag=0.8500  select=0.5537
Ep032  LR0=1.18e-04  pw=1.39  aucα=0.300  token_p=0.020  dropE=(0.020,0.080)  smooth=0.010  train_loss=0.2276  train_AUPR_all=0.7258  train_AUPR_ab=0.8021  train_AUPR_ag=0.6113  train_P@5_ab=1.0000  train_P@5_ag=0.9000  val_loss=0.3151  val_AUPR_all=0.5964  val_AUPR_ab=0.7265  val_AUPR_ag=0.4128  val_P@5_ab=0.8500  val_P@5_ag=0.9000  select=0.5697
Ep033  LR0=1.14e-04  pw=1.35  aucα=0.300  token_p=0.020  dropE=(0.020,0.080)  smooth=0.010  train_loss=0.2212  train_AUPR_all=0.7327  train_AUPR_ab=0.8088  train_AUPR_ag=0.6182  train_P@5_ab=1.0000  train_P@5_ag=1.0000  val_loss=0.3079  val_AUPR_all=0.6147  val_AUPR_ab=0.7430  val_AUPR_ag=0.4135  val_P@5_ab=0.9500  val_P@5_ag=0.7000  select=0.5782
  Saved checkpoint: checkpoints_newesm/iPara_balanced_l1_g6_i5_do0.10_dpr0.10_lr0.0002_heads16_fold2.pth  select=0.5782  val_ab=0.7430  val_ag=0.4135  val_all=0.6147
Ep034  LR0=1.09e-04  pw=1.31  aucα=0.300  token_p=0.020  dropE=(0.020,0.080)  smooth=0.010  train_loss=0.2139  train_AUPR_all=0.7430  train_AUPR_ab=0.8145  train_AUPR_ag=0.6362  train_P@5_ab=1.0000  train_P@5_ag=1.0000  val_loss=0.3193  val_AUPR_all=0.5914  val_AUPR_ab=0.7314  val_AUPR_ag=0.4001  val_P@5_ab=0.9500  val_P@5_ag=0.9500  select=0.5658
Ep035  LR0=1.05e-04  pw=1.27  aucα=0.300  token_p=0.020  dropE=(0.020,0.080)  smooth=0.010  train_loss=0.2082  train_AUPR_all=0.7464  train_AUPR_ab=0.8153  train_AUPR_ag=0.6430  train_P@5_ab=1.0000  train_P@5_ag=1.0000  val_loss=0.3108  val_AUPR_all=0.6035  val_AUPR_ab=0.7353  val_AUPR_ag=0.4026  val_P@5_ab=0.9500  val_P@5_ag=0.8000  select=0.5690
Ep036  LR0=1.00e-04  pw=1.24  aucα=0.300  token_p=0.020  dropE=(0.020,0.080)  smooth=0.010  train_loss=0.1989  train_AUPR_all=0.7631  train_AUPR_ab=0.8281  train_AUPR_ag=0.6674  train_P@5_ab=1.0000  train_P@5_ag=1.0000  val_loss=0.3025  val_AUPR_all=0.6049  val_AUPR_ab=0.7398  val_AUPR_ag=0.4022  val_P@5_ab=0.9500  val_P@5_ag=0.9000  select=0.5710
Ep037  LR0=9.58e-05  pw=1.21  aucα=0.300  token_p=0.020  dropE=(0.020,0.080)  smooth=0.010  train_loss=0.1931  train_AUPR_all=0.7699  train_AUPR_ab=0.8310  train_AUPR_ag=0.6800  train_P@5_ab=1.0000  train_P@5_ag=1.0000  val_loss=0.3082  val_AUPR_all=0.6074  val_AUPR_ab=0.7427  val_AUPR_ag=0.4108  val_P@5_ab=1.0000  val_P@5_ag=0.8500  select=0.5768
Ep038  LR0=9.13e-05  pw=1.19  aucα=0.300  token_p=0.020  dropE=(0.020,0.080)  smooth=0.010  train_loss=0.1854  train_AUPR_all=0.7811  train_AUPR_ab=0.8382  train_AUPR_ag=0.6974  train_P@5_ab=0.9500  train_P@5_ag=1.0000  val_loss=0.3180  val_AUPR_all=0.5959  val_AUPR_ab=0.7400  val_AUPR_ag=0.4002  val_P@5_ab=0.9000  val_P@5_ag=0.9000  select=0.5701
Ep039  LR0=8.69e-05  pw=1.16  aucα=0.300  token_p=0.020  dropE=(0.020,0.080)  smooth=0.010  train_loss=0.1806  train_AUPR_all=0.7884  train_AUPR_ab=0.8450  train_AUPR_ag=0.7055  train_P@5_ab=1.0000  train_P@5_ag=0.9000  val_loss=0.3067  val_AUPR_all=0.6014  val_AUPR_ab=0.7333  val_AUPR_ag=0.4120  val_P@5_ab=1.0000  val_P@5_ag=0.8500  select=0.5727
Ep040  LR0=8.24e-05  pw=1.15  aucα=0.300  token_p=0.020  dropE=(0.020,0.080)  smooth=0.010  train_loss=0.1740  train_AUPR_all=0.8001  train_AUPR_ab=0.8538  train_AUPR_ag=0.7212  train_P@5_ab=1.0000  train_P@5_ag=0.9000  val_loss=0.3121  val_AUPR_all=0.5915  val_AUPR_ab=0.7320  val_AUPR_ag=0.3879  val_P@5_ab=1.0000  val_P@5_ag=0.8000  select=0.5599
Ep041  LR0=7.81e-05  pw=1.13  aucα=0.300  token_p=0.020  dropE=(0.020,0.080)  smooth=0.010  train_loss=0.1700  train_AUPR_all=0.8056  train_AUPR_ab=0.8569  train_AUPR_ag=0.7307  train_P@5_ab=0.9500  train_P@5_ag=1.0000  val_loss=0.3150  val_AUPR_all=0.5905  val_AUPR_ab=0.7251  val_AUPR_ag=0.4021  val_P@5_ab=0.9000  val_P@5_ag=0.9000  select=0.5636
Ep042  LR0=7.37e-05  pw=1.11  aucα=0.300  token_p=0.020  dropE=(0.020,0.080)  smooth=0.010  train_loss=0.1670  train_AUPR_all=0.8071  train_AUPR_ab=0.8570  train_AUPR_ag=0.7346  train_P@5_ab=1.0000  train_P@5_ag=0.9500  val_loss=0.3074  val_AUPR_all=0.6016  val_AUPR_ab=0.7363  val_AUPR_ag=0.3970  val_P@5_ab=0.9000  val_P@5_ag=0.8500  select=0.5667
Ep043  LR0=6.94e-05  pw=1.10  aucα=0.300  token_p=0.020  dropE=(0.020,0.080)  smooth=0.010  train_loss=0.1641  train_AUPR_all=0.8116  train_AUPR_ab=0.8621  train_AUPR_ag=0.7373  train_P@5_ab=1.0000  train_P@5_ag=0.9500  val_loss=0.3123  val_AUPR_all=0.5959  val_AUPR_ab=0.7405  val_AUPR_ag=0.4107  val_P@5_ab=1.0000  val_P@5_ag=0.8500  select=0.5756
Ep044  LR0=6.52e-05  pw=1.09  aucα=0.300  token_p=0.020  dropE=(0.020,0.080)  smooth=0.010  train_loss=0.1602  train_AUPR_all=0.8188  train_AUPR_ab=0.8668  train_AUPR_ag=0.7489  train_P@5_ab=1.0000  train_P@5_ag=1.0000  val_loss=0.3126  val_AUPR_all=0.5918  val_AUPR_ab=0.7264  val_AUPR_ag=0.4114  val_P@5_ab=0.9500  val_P@5_ag=0.9500  select=0.5689
Ep045  LR0=6.10e-05  pw=1.08  aucα=0.300  token_p=0.020  dropE=(0.020,0.080)  smooth=0.010  train_loss=0.1602  train_AUPR_all=0.8159  train_AUPR_ab=0.8630  train_AUPR_ag=0.7473  train_P@5_ab=1.0000  train_P@5_ag=1.0000  val_loss=0.3074  val_AUPR_all=0.6005  val_AUPR_ab=0.7350  val_AUPR_ag=0.4207  val_P@5_ab=0.9000  val_P@5_ag=0.9000  select=0.5778
Ep046  LR0=5.70e-05  pw=1.07  aucα=0.300  token_p=0.020  dropE=(0.020,0.080)  smooth=0.010  train_loss=0.1506  train_AUPR_all=0.8349  train_AUPR_ab=0.8775  train_AUPR_ag=0.7730  train_P@5_ab=1.0000  train_P@5_ag=1.0000  val_loss=0.3136  val_AUPR_all=0.5918  val_AUPR_ab=0.7292  val_AUPR_ag=0.4018  val_P@5_ab=0.9500  val_P@5_ag=0.8000  select=0.5655
Ep047  LR0=5.30e-05  pw=1.06  aucα=0.300  token_p=0.020  dropE=(0.020,0.080)  smooth=0.010  train_loss=0.1482  train_AUPR_all=0.8372  train_AUPR_ab=0.8786  train_AUPR_ag=0.7773  train_P@5_ab=1.0000  train_P@5_ag=1.0000  val_loss=0.3174  val_AUPR_all=0.5867  val_AUPR_ab=0.7317  val_AUPR_ag=0.3844  val_P@5_ab=0.9000  val_P@5_ag=0.7000  select=0.5581
Ep048  LR0=4.91e-05  pw=1.05  aucα=0.300  token_p=0.020  dropE=(0.020,0.080)  smooth=0.010  train_loss=0.1486  train_AUPR_all=0.8375  train_AUPR_ab=0.8818  train_AUPR_ag=0.7725  train_P@5_ab=1.0000  train_P@5_ag=1.0000  val_loss=0.3178  val_AUPR_all=0.5837  val_AUPR_ab=0.7202  val_AUPR_ag=0.3937  val_P@5_ab=0.9000  val_P@5_ag=0.9000  select=0.5570
Ep049  LR0=4.53e-05  pw=1.05  aucα=0.300  token_p=0.020  dropE=(0.020,0.080)  smooth=0.010  train_loss=0.1411  train_AUPR_all=0.8496  train_AUPR_ab=0.8896  train_AUPR_ag=0.7909  train_P@5_ab=1.0000  train_P@5_ag=1.0000  val_loss=0.3229  val_AUPR_all=0.5820  val_AUPR_ab=0.7285  val_AUPR_ag=0.3877  val_P@5_ab=0.9000  val_P@5_ag=0.8000  select=0.5581
Ep050  LR0=4.16e-05  pw=1.04  aucα=0.300  token_p=0.020  dropE=(0.020,0.080)  smooth=0.010  train_loss=0.1374  train_AUPR_all=0.8552  train_AUPR_ab=0.8935  train_AUPR_ag=0.7992  train_P@5_ab=1.0000  train_P@5_ag=1.0000  val_loss=0.3201  val_AUPR_all=0.5936  val_AUPR_ab=0.7368  val_AUPR_ag=0.3987  val_P@5_ab=0.9000  val_P@5_ag=0.7500  select=0.5677
Ep051  LR0=3.81e-05  pw=1.04  aucα=0.300  token_p=0.020  dropE=(0.020,0.080)  smooth=0.010  train_loss=0.1366  train_AUPR_all=0.8568  train_AUPR_ab=0.8951  train_AUPR_ag=0.8010  train_P@5_ab=1.0000  train_P@5_ag=1.0000  val_loss=0.3239  val_AUPR_all=0.5827  val_AUPR_ab=0.7284  val_AUPR_ag=0.3881  val_P@5_ab=0.9500  val_P@5_ag=0.7500  select=0.5582
Ep052  LR0=3.46e-05  pw=1.03  aucα=0.300  token_p=0.020  dropE=(0.020,0.080)  smooth=0.010  train_loss=0.1326  train_AUPR_all=0.8633  train_AUPR_ab=0.8985  train_AUPR_ag=0.8124  train_P@5_ab=1.0000  train_P@5_ag=1.0000  val_loss=0.3187  val_AUPR_all=0.5876  val_AUPR_ab=0.7298  val_AUPR_ag=0.3876  val_P@5_ab=0.8500  val_P@5_ag=0.5500  select=0.5587
Ep053  LR0=3.13e-05  pw=1.03  aucα=0.300  token_p=0.020  dropE=(0.020,0.080)  smooth=0.010  train_loss=0.1371  train_AUPR_all=0.8559  train_AUPR_ab=0.8945  train_AUPR_ag=0.7996  train_P@5_ab=0.9500  train_P@5_ag=1.0000  val_loss=0.3159  val_AUPR_all=0.5910  val_AUPR_ab=0.7336  val_AUPR_ag=0.3968  val_P@5_ab=0.8500  val_P@5_ag=0.9000  select=0.5652
Early stopping at epoch 53. Best select=0.5782 at epoch 33.
Final saved checkpoint for fold 2: checkpoints_newesm/iPara_balanced_l1_g6_i5_do0.10_dpr0.10_lr0.0002_heads16_fold2.pth
Best select=0.5782 at epoch 33

==========================================================================================
Fold 3/5
==========================================================================================
Train labels: valid=401949, pos=26660, neg=375289, ignore=695651, pos_frac=0.06633
Val labels: valid=98243, pos=6570, neg=91673, ignore=176957, pos_frac=0.06687
Initializing ClassificationModel with 6 GAT layers and residual connections...
Initializing MCModel with 6 GAT layers and 5 row attention layers (drop_path_rate=0.1, use_esm=True)
Initializing CoreModel with 1 layers, drop_path_rate=0.1
Ep001  LR0=2.00e-04  pw=20.00  aucα=0.000  token_p=0.020  dropE=(0.020,0.080)  smooth=0.010  train_loss=1.1207  train_AUPR_all=0.2158  train_AUPR_ab=0.2525  train_AUPR_ag=0.1654  train_P@5_ab=0.5500  train_P@5_ag=0.5500  val_loss=1.5332  val_AUPR_all=0.3556  val_AUPR_ab=0.4601  val_AUPR_ag=0.2163  val_P@5_ab=0.4000  val_P@5_ag=0.8000  select=0.3382
  Saved checkpoint: checkpoints_newesm/iPara_balanced_l1_g6_i5_do0.10_dpr0.10_lr0.0002_heads16_fold3.pth  select=0.3382  val_ab=0.4601  val_ag=0.2163  val_all=0.3556
Ep002  LR0=2.00e-04  pw=17.77  aucα=0.000  token_p=0.020  dropE=(0.020,0.080)  smooth=0.010  train_loss=0.8411  train_AUPR_all=0.3481  train_AUPR_ab=0.4328  train_AUPR_ag=0.2200  train_P@5_ab=0.6000  train_P@5_ag=0.5000  val_loss=1.2493  val_AUPR_all=0.4338  val_AUPR_ab=0.5499  val_AUPR_ag=0.2451  val_P@5_ab=0.9000  val_P@5_ag=0.9000  select=0.3975
  Saved checkpoint: checkpoints_newesm/iPara_balanced_l1_g6_i5_do0.10_dpr0.10_lr0.0002_heads16_fold3.pth  select=0.3975  val_ab=0.5499  val_ag=0.2451  val_all=0.4338
Ep003  LR0=2.00e-04  pw=15.80  aucα=0.000  token_p=0.020  dropE=(0.020,0.080)  smooth=0.010  train_loss=0.7447  train_AUPR_all=0.4103  train_AUPR_ab=0.4892  train_AUPR_ag=0.2772  train_P@5_ab=0.5500  train_P@5_ag=0.9500  val_loss=1.5817  val_AUPR_all=0.4133  val_AUPR_ab=0.5582  val_AUPR_ag=0.2351  val_P@5_ab=0.4000  val_P@5_ag=0.8500  select=0.3967
Ep004  LR0=1.99e-04  pw=14.06  aucα=0.000  token_p=0.020  dropE=(0.020,0.080)  smooth=0.010  train_loss=0.6762  train_AUPR_all=0.4434  train_AUPR_ab=0.5250  train_AUPR_ag=0.2985  train_P@5_ab=0.7500  train_P@5_ag=0.9000  val_loss=0.9931  val_AUPR_all=0.4810  val_AUPR_ab=0.6093  val_AUPR_ag=0.2673  val_P@5_ab=0.6500  val_P@5_ag=0.8000  select=0.4383
  Saved checkpoint: checkpoints_newesm/iPara_balanced_l1_g6_i5_do0.10_dpr0.10_lr0.0002_heads16_fold3.pth  select=0.4383  val_ab=0.6093  val_ag=0.2673  val_all=0.4810
Ep005  LR0=1.98e-04  pw=12.52  aucα=0.000  token_p=0.020  dropE=(0.020,0.080)  smooth=0.010  train_loss=0.6246  train_AUPR_all=0.4567  train_AUPR_ab=0.5422  train_AUPR_ag=0.3090  train_P@5_ab=0.7500  train_P@5_ag=0.7000  val_loss=0.8957  val_AUPR_all=0.4955  val_AUPR_ab=0.6198  val_AUPR_ag=0.2850  val_P@5_ab=0.8500  val_P@5_ag=0.8000  select=0.4524
  Saved checkpoint: checkpoints_newesm/iPara_balanced_l1_g6_i5_do0.10_dpr0.10_lr0.0002_heads16_fold3.pth  select=0.4524  val_ab=0.6198  val_ag=0.2850  val_all=0.4955
Ep006  LR0=1.97e-04  pw=11.17  aucα=0.000  token_p=0.020  dropE=(0.020,0.080)  smooth=0.010  train_loss=0.5852  train_AUPR_all=0.4736  train_AUPR_ab=0.5645  train_AUPR_ag=0.3138  train_P@5_ab=0.6000  train_P@5_ag=0.8500  val_loss=0.7694  val_AUPR_all=0.5130  val_AUPR_ab=0.6097  val_AUPR_ag=0.3441  val_P@5_ab=0.6500  val_P@5_ag=0.9000  select=0.4769
  Saved checkpoint: checkpoints_newesm/iPara_balanced_l1_g6_i5_do0.10_dpr0.10_lr0.0002_heads16_fold3.pth  select=0.4769  val_ab=0.6097  val_ag=0.3441  val_all=0.5130
Ep007  LR0=1.96e-04  pw=9.97  aucα=0.000  token_p=0.020  dropE=(0.020,0.080)  smooth=0.010  train_loss=0.5337  train_AUPR_all=0.4867  train_AUPR_ab=0.5853  train_AUPR_ag=0.3199  train_P@5_ab=0.8000  train_P@5_ag=0.8500  val_loss=0.7577  val_AUPR_all=0.5089  val_AUPR_ab=0.6146  val_AUPR_ag=0.3215  val_P@5_ab=0.7500  val_P@5_ag=0.9000  select=0.4681
Ep008  LR0=1.95e-04  pw=8.92  aucα=0.000  token_p=0.020  dropE=(0.020,0.080)  smooth=0.010  train_loss=0.4998  train_AUPR_all=0.5037  train_AUPR_ab=0.6001  train_AUPR_ag=0.3348  train_P@5_ab=0.8000  train_P@5_ag=0.9500  val_loss=1.0340  val_AUPR_all=0.4610  val_AUPR_ab=0.6238  val_AUPR_ag=0.2595  val_P@5_ab=0.8500  val_P@5_ag=0.8500  select=0.4417
Ep009  LR0=1.94e-04  pw=7.99  aucα=0.000  token_p=0.020  dropE=(0.020,0.080)  smooth=0.010  train_loss=0.4709  train_AUPR_all=0.5089  train_AUPR_ab=0.6029  train_AUPR_ag=0.3434  train_P@5_ab=0.7500  train_P@5_ag=0.8000  val_loss=0.6646  val_AUPR_all=0.5455  val_AUPR_ab=0.6601  val_AUPR_ag=0.3503  val_P@5_ab=1.0000  val_P@5_ag=0.9000  select=0.5052
  Saved checkpoint: checkpoints_newesm/iPara_balanced_l1_g6_i5_do0.10_dpr0.10_lr0.0002_heads16_fold3.pth  select=0.5052  val_ab=0.6601  val_ag=0.3503  val_all=0.5455
Ep010  LR0=1.92e-04  pw=7.17  aucα=0.030  token_p=0.020  dropE=(0.020,0.080)  smooth=0.010  train_loss=0.4494  train_AUPR_all=0.5323  train_AUPR_ab=0.6342  train_AUPR_ag=0.3579  train_P@5_ab=0.9000  train_P@5_ag=0.9500  val_loss=0.6967  val_AUPR_all=0.5119  val_AUPR_ab=0.6525  val_AUPR_ag=0.3122  val_P@5_ab=1.0000  val_P@5_ag=0.7500  select=0.4824
Unfreezing DyM parameters.
Ep011  LR0=1.90e-04  pw=6.44  aucα=0.060  token_p=0.020  dropE=(0.020,0.080)  smooth=0.010  train_loss=0.4371  train_AUPR_all=0.5475  train_AUPR_ab=0.6525  train_AUPR_ag=0.3675  train_P@5_ab=0.9500  train_P@5_ag=0.9500  val_loss=0.6058  val_AUPR_all=0.5614  val_AUPR_ab=0.6791  val_AUPR_ag=0.3608  val_P@5_ab=0.9000  val_P@5_ag=0.8000  select=0.5200
  Saved checkpoint: checkpoints_newesm/iPara_balanced_l1_g6_i5_do0.10_dpr0.10_lr0.0002_heads16_fold3.pth  select=0.5200  val_ab=0.6791  val_ag=0.3608  val_all=0.5614
Ep012  LR0=1.88e-04  pw=5.80  aucα=0.090  token_p=0.020  dropE=(0.020,0.080)  smooth=0.010  train_loss=0.4252  train_AUPR_all=0.5532  train_AUPR_ab=0.6562  train_AUPR_ag=0.3768  train_P@5_ab=0.9000  train_P@5_ag=0.9500  val_loss=0.6189  val_AUPR_all=0.4905  val_AUPR_ab=0.6694  val_AUPR_ag=0.2846  val_P@5_ab=0.8500  val_P@5_ag=0.7500  select=0.4770
Ep013  LR0=1.86e-04  pw=5.24  aucα=0.120  token_p=0.020  dropE=(0.020,0.080)  smooth=0.010  train_loss=0.4153  train_AUPR_all=0.5669  train_AUPR_ab=0.6717  train_AUPR_ag=0.3910  train_P@5_ab=0.9500  train_P@5_ag=0.9500  val_loss=0.6175  val_AUPR_all=0.5525  val_AUPR_ab=0.6814  val_AUPR_ag=0.3336  val_P@5_ab=0.7000  val_P@5_ag=0.9000  select=0.5075
Ep014  LR0=1.83e-04  pw=4.74  aucα=0.150  token_p=0.020  dropE=(0.020,0.080)  smooth=0.010  train_loss=0.4092  train_AUPR_all=0.5729  train_AUPR_ab=0.6820  train_AUPR_ag=0.3895  train_P@5_ab=0.9500  train_P@5_ag=1.0000  val_loss=0.5433  val_AUPR_all=0.5652  val_AUPR_ab=0.6928  val_AUPR_ag=0.3614  val_P@5_ab=0.8500  val_P@5_ag=0.8500  select=0.5271
  Saved checkpoint: checkpoints_newesm/iPara_balanced_l1_g6_i5_do0.10_dpr0.10_lr0.0002_heads16_fold3.pth  select=0.5271  val_ab=0.6928  val_ag=0.3614  val_all=0.5652
Ep015  LR0=1.81e-04  pw=4.30  aucα=0.180  token_p=0.020  dropE=(0.020,0.080)  smooth=0.010  train_loss=0.4040  train_AUPR_all=0.5792  train_AUPR_ab=0.6894  train_AUPR_ag=0.3996  train_P@5_ab=0.9500  train_P@5_ag=0.9500  val_loss=0.4953  val_AUPR_all=0.5735  val_AUPR_ab=0.6939  val_AUPR_ag=0.3685  val_P@5_ab=0.7500  val_P@5_ag=0.8500  select=0.5312
  Saved checkpoint: checkpoints_newesm/iPara_balanced_l1_g6_i5_do0.10_dpr0.10_lr0.0002_heads16_fold3.pth  select=0.5312  val_ab=0.6939  val_ag=0.3685  val_all=0.5735
Ep016  LR0=1.78e-04  pw=3.91  aucα=0.210  token_p=0.020  dropE=(0.020,0.080)  smooth=0.010  train_loss=0.3946  train_AUPR_all=0.5865  train_AUPR_ab=0.6991  train_AUPR_ag=0.4013  train_P@5_ab=0.9000  train_P@5_ag=0.8500  val_loss=0.5289  val_AUPR_all=0.5504  val_AUPR_ab=0.6721  val_AUPR_ag=0.3437  val_P@5_ab=0.7000  val_P@5_ag=0.8500  select=0.5079
Ep017  LR0=1.75e-04  pw=3.57  aucα=0.240  token_p=0.020  dropE=(0.020,0.080)  smooth=0.010  train_loss=0.3887  train_AUPR_all=0.5986  train_AUPR_ab=0.7127  train_AUPR_ag=0.4133  train_P@5_ab=1.0000  train_P@5_ag=0.9000  val_loss=0.4365  val_AUPR_all=0.5756  val_AUPR_ab=0.7051  val_AUPR_ag=0.3716  val_P@5_ab=0.6000  val_P@5_ag=1.0000  select=0.5383
  Saved checkpoint: checkpoints_newesm/iPara_balanced_l1_g6_i5_do0.10_dpr0.10_lr0.0002_heads16_fold3.pth  select=0.5383  val_ab=0.7051  val_ag=0.3716  val_all=0.5756
Ep018  LR0=1.72e-04  pw=3.27  aucα=0.270  token_p=0.020  dropE=(0.020,0.080)  smooth=0.010  train_loss=0.3838  train_AUPR_all=0.6074  train_AUPR_ab=0.7141  train_AUPR_ag=0.4343  train_P@5_ab=1.0000  train_P@5_ag=0.9500  val_loss=0.4281  val_AUPR_all=0.5951  val_AUPR_ab=0.7281  val_AUPR_ag=0.3760  val_P@5_ab=0.9500  val_P@5_ag=0.9500  select=0.5520
  Saved checkpoint: checkpoints_newesm/iPara_balanced_l1_g6_i5_do0.10_dpr0.10_lr0.0002_heads16_fold3.pth  select=0.5520  val_ab=0.7281  val_ag=0.3760  val_all=0.5951
Ep019  LR0=1.69e-04  pw=3.00  aucα=0.300  token_p=0.020  dropE=(0.020,0.080)  smooth=0.010  train_loss=0.3792  train_AUPR_all=0.6135  train_AUPR_ab=0.7210  train_AUPR_ag=0.4389  train_P@5_ab=0.9500  train_P@5_ag=1.0000  val_loss=0.4080  val_AUPR_all=0.5891  val_AUPR_ab=0.7113  val_AUPR_ag=0.3813  val_P@5_ab=0.9000  val_P@5_ag=0.9500  select=0.5463
Ep020  LR0=1.66e-04  pw=2.77  aucα=0.300  token_p=0.020  dropE=(0.020,0.080)  smooth=0.010  train_loss=0.3600  train_AUPR_all=0.6266  train_AUPR_ab=0.7370  train_AUPR_ag=0.4489  train_P@5_ab=0.9500  train_P@5_ag=0.9500  val_loss=0.4238  val_AUPR_all=0.5655  val_AUPR_ab=0.7117  val_AUPR_ag=0.3349  val_P@5_ab=0.9500  val_P@5_ag=0.9500  select=0.5233
Ep021  LR0=1.62e-04  pw=2.56  aucα=0.300  token_p=0.020  dropE=(0.020,0.080)  smooth=0.010  train_loss=0.3463  train_AUPR_all=0.6305  train_AUPR_ab=0.7367  train_AUPR_ag=0.4604  train_P@5_ab=1.0000  train_P@5_ag=0.9000  val_loss=0.3906  val_AUPR_all=0.5904  val_AUPR_ab=0.7293  val_AUPR_ag=0.3609  val_P@5_ab=0.9000  val_P@5_ag=0.9500  select=0.5451
Ep022  LR0=1.59e-04  pw=2.38  aucα=0.300  token_p=0.020  dropE=(0.020,0.080)  smooth=0.010  train_loss=0.3320  train_AUPR_all=0.6383  train_AUPR_ab=0.7414  train_AUPR_ag=0.4737  train_P@5_ab=0.9500  train_P@5_ag=1.0000  val_loss=0.3687  val_AUPR_all=0.5968  val_AUPR_ab=0.7232  val_AUPR_ag=0.3940  val_P@5_ab=1.0000  val_P@5_ag=0.9000  select=0.5586
  Saved checkpoint: checkpoints_newesm/iPara_balanced_l1_g6_i5_do0.10_dpr0.10_lr0.0002_heads16_fold3.pth  select=0.5586  val_ab=0.7232  val_ag=0.3940  val_all=0.5968
Ep023  LR0=1.55e-04  pw=2.21  aucα=0.300  token_p=0.020  dropE=(0.020,0.080)  smooth=0.010  train_loss=0.3183  train_AUPR_all=0.6473  train_AUPR_ab=0.7515  train_AUPR_ag=0.4833  train_P@5_ab=1.0000  train_P@5_ag=0.9500  val_loss=0.3680  val_AUPR_all=0.5828  val_AUPR_ab=0.7179  val_AUPR_ag=0.3640  val_P@5_ab=0.8500  val_P@5_ag=0.9000  select=0.5410
Ep024  LR0=1.51e-04  pw=2.07  aucα=0.300  token_p=0.020  dropE=(0.020,0.080)  smooth=0.010  train_loss=0.3056  train_AUPR_all=0.6561  train_AUPR_ab=0.7610  train_AUPR_ag=0.4907  train_P@5_ab=1.0000  train_P@5_ag=0.9500  val_loss=0.3529  val_AUPR_all=0.5930  val_AUPR_ab=0.7245  val_AUPR_ag=0.3745  val_P@5_ab=0.9000  val_P@5_ag=0.9500  select=0.5495
Ep025  LR0=1.48e-04  pw=1.95  aucα=0.300  token_p=0.020  dropE=(0.020,0.080)  smooth=0.010  train_loss=0.2925  train_AUPR_all=0.6656  train_AUPR_ab=0.7642  train_AUPR_ag=0.5111  train_P@5_ab=1.0000  train_P@5_ag=0.9000  val_loss=0.3653  val_AUPR_all=0.5655  val_AUPR_ab=0.7194  val_AUPR_ag=0.3174  val_P@5_ab=0.8000  val_P@5_ag=0.9000  select=0.5184
Ep026  LR0=1.44e-04  pw=1.83  aucα=0.300  token_p=0.020  dropE=(0.020,0.080)  smooth=0.010  train_loss=0.2815  train_AUPR_all=0.6740  train_AUPR_ab=0.7700  train_AUPR_ag=0.5245  train_P@5_ab=0.9500  train_P@5_ag=1.0000  val_loss=0.3527  val_AUPR_all=0.5403  val_AUPR_ab=0.7182  val_AUPR_ag=0.3043  val_P@5_ab=0.9000  val_P@5_ag=0.8500  select=0.5113
Ep027  LR0=1.39e-04  pw=1.74  aucα=0.300  token_p=0.020  dropE=(0.020,0.080)  smooth=0.010  train_loss=0.2756  train_AUPR_all=0.6734  train_AUPR_ab=0.7632  train_AUPR_ag=0.5343  train_P@5_ab=0.9500  train_P@5_ag=1.0000  val_loss=0.3281  val_AUPR_all=0.5897  val_AUPR_ab=0.7324  val_AUPR_ag=0.3685  val_P@5_ab=0.9500  val_P@5_ag=1.0000  select=0.5505
Ep028  LR0=1.35e-04  pw=1.65  aucα=0.300  token_p=0.020  dropE=(0.020,0.080)  smooth=0.010  train_loss=0.2663  train_AUPR_all=0.6820  train_AUPR_ab=0.7708  train_AUPR_ag=0.5455  train_P@5_ab=1.0000  train_P@5_ag=1.0000  val_loss=0.3282  val_AUPR_all=0.5971  val_AUPR_ab=0.7305  val_AUPR_ag=0.3868  val_P@5_ab=0.9500  val_P@5_ag=0.9000  select=0.5587
Ep029  LR0=1.31e-04  pw=1.57  aucα=0.300  token_p=0.020  dropE=(0.020,0.080)  smooth=0.010  train_loss=0.2507  train_AUPR_all=0.7017  train_AUPR_ab=0.7864  train_AUPR_ag=0.5725  train_P@5_ab=1.0000  train_P@5_ag=1.0000  val_loss=0.3234  val_AUPR_all=0.5927  val_AUPR_ab=0.7414  val_AUPR_ag=0.3812  val_P@5_ab=1.0000  val_P@5_ag=0.8500  select=0.5613
  Saved checkpoint: checkpoints_newesm/iPara_balanced_l1_g6_i5_do0.10_dpr0.10_lr0.0002_heads16_fold3.pth  select=0.5613  val_ab=0.7414  val_ag=0.3812  val_all=0.5927
Ep030  LR0=1.27e-04  pw=1.51  aucα=0.300  token_p=0.020  dropE=(0.020,0.080)  smooth=0.010  train_loss=0.2430  train_AUPR_all=0.7071  train_AUPR_ab=0.7860  train_AUPR_ag=0.5871  train_P@5_ab=1.0000  train_P@5_ag=1.0000  val_loss=0.3174  val_AUPR_all=0.6021  val_AUPR_ab=0.7376  val_AUPR_ag=0.4006  val_P@5_ab=0.9000  val_P@5_ag=0.8500  select=0.5691
  Saved checkpoint: checkpoints_newesm/iPara_balanced_l1_g6_i5_do0.10_dpr0.10_lr0.0002_heads16_fold3.pth  select=0.5691  val_ab=0.7376  val_ag=0.4006  val_all=0.6021
Ep031  LR0=1.22e-04  pw=1.45  aucα=0.300  token_p=0.020  dropE=(0.020,0.080)  smooth=0.010  train_loss=0.2338  train_AUPR_all=0.7176  train_AUPR_ab=0.7957  train_AUPR_ag=0.5990  train_P@5_ab=1.0000  train_P@5_ag=1.0000  val_loss=0.3078  val_AUPR_all=0.6156  val_AUPR_ab=0.7431  val_AUPR_ag=0.4198  val_P@5_ab=1.0000  val_P@5_ag=1.0000  select=0.5814
  Saved checkpoint: checkpoints_newesm/iPara_balanced_l1_g6_i5_do0.10_dpr0.10_lr0.0002_heads16_fold3.pth  select=0.5814  val_ab=0.7431  val_ag=0.4198  val_all=0.6156
Ep032  LR0=1.18e-04  pw=1.39  aucα=0.300  token_p=0.020  dropE=(0.020,0.080)  smooth=0.010  train_loss=0.2266  train_AUPR_all=0.7258  train_AUPR_ab=0.7994  train_AUPR_ag=0.6145  train_P@5_ab=1.0000  train_P@5_ag=0.9500  val_loss=0.3078  val_AUPR_all=0.6050  val_AUPR_ab=0.7428  val_AUPR_ag=0.4026  val_P@5_ab=0.9500  val_P@5_ag=1.0000  select=0.5727
Ep033  LR0=1.14e-04  pw=1.35  aucα=0.300  token_p=0.020  dropE=(0.020,0.080)  smooth=0.010  train_loss=0.2163  train_AUPR_all=0.7410  train_AUPR_ab=0.8128  train_AUPR_ag=0.6332  train_P@5_ab=1.0000  train_P@5_ag=0.9500  val_loss=0.3109  val_AUPR_all=0.6079  val_AUPR_ab=0.7475  val_AUPR_ag=0.4123  val_P@5_ab=1.0000  val_P@5_ag=1.0000  select=0.5799
Ep034  LR0=1.09e-04  pw=1.31  aucα=0.300  token_p=0.020  dropE=(0.020,0.080)  smooth=0.010  train_loss=0.2138  train_AUPR_all=0.7408  train_AUPR_ab=0.8080  train_AUPR_ag=0.6411  train_P@5_ab=1.0000  train_P@5_ag=1.0000  val_loss=0.3046  val_AUPR_all=0.5848  val_AUPR_ab=0.7443  val_AUPR_ag=0.3506  val_P@5_ab=1.0000  val_P@5_ag=1.0000  select=0.5474
Ep035  LR0=1.05e-04  pw=1.27  aucα=0.300  token_p=0.020  dropE=(0.020,0.080)  smooth=0.010  train_loss=0.2065  train_AUPR_all=0.7502  train_AUPR_ab=0.8143  train_AUPR_ag=0.6554  train_P@5_ab=0.9500  train_P@5_ag=1.0000  val_loss=0.3046  val_AUPR_all=0.6089  val_AUPR_ab=0.7517  val_AUPR_ag=0.4046  val_P@5_ab=1.0000  val_P@5_ag=1.0000  select=0.5781
Ep036  LR0=1.00e-04  pw=1.24  aucα=0.300  token_p=0.020  dropE=(0.020,0.080)  smooth=0.010  train_loss=0.1975  train_AUPR_all=0.7642  train_AUPR_ab=0.8260  train_AUPR_ag=0.6732  train_P@5_ab=0.9500  train_P@5_ag=1.0000  val_loss=0.2967  val_AUPR_all=0.6102  val_AUPR_ab=0.7510  val_AUPR_ag=0.4023  val_P@5_ab=1.0000  val_P@5_ag=0.9500  select=0.5767
Ep037  LR0=9.58e-05  pw=1.21  aucα=0.300  token_p=0.020  dropE=(0.020,0.080)  smooth=0.010  train_loss=0.1945  train_AUPR_all=0.7667  train_AUPR_ab=0.8264  train_AUPR_ag=0.6789  train_P@5_ab=0.9500  train_P@5_ag=1.0000  val_loss=0.2944  val_AUPR_all=0.6155  val_AUPR_ab=0.7488  val_AUPR_ag=0.4201  val_P@5_ab=1.0000  val_P@5_ag=1.0000  select=0.5844
  Saved checkpoint: checkpoints_newesm/iPara_balanced_l1_g6_i5_do0.10_dpr0.10_lr0.0002_heads16_fold3.pth  select=0.5844  val_ab=0.7488  val_ag=0.4201  val_all=0.6155
Ep038  LR0=9.13e-05  pw=1.19  aucα=0.300  token_p=0.020  dropE=(0.020,0.080)  smooth=0.010  train_loss=0.1911  train_AUPR_all=0.7680  train_AUPR_ab=0.8272  train_AUPR_ag=0.6805  train_P@5_ab=0.9000  train_P@5_ag=1.0000  val_loss=0.3021  val_AUPR_all=0.6032  val_AUPR_ab=0.7403  val_AUPR_ag=0.4020  val_P@5_ab=1.0000  val_P@5_ag=1.0000  select=0.5711
Ep039  LR0=8.69e-05  pw=1.16  aucα=0.300  token_p=0.020  dropE=(0.020,0.080)  smooth=0.010  train_loss=0.1824  train_AUPR_all=0.7844  train_AUPR_ab=0.8428  train_AUPR_ag=0.6983  train_P@5_ab=1.0000  train_P@5_ag=0.9500  val_loss=0.3055  val_AUPR_all=0.6025  val_AUPR_ab=0.7473  val_AUPR_ag=0.3900  val_P@5_ab=1.0000  val_P@5_ag=1.0000  select=0.5687
Ep040  LR0=8.24e-05  pw=1.15  aucα=0.300  token_p=0.020  dropE=(0.020,0.080)  smooth=0.010  train_loss=0.1777  train_AUPR_all=0.7916  train_AUPR_ab=0.8455  train_AUPR_ag=0.7122  train_P@5_ab=1.0000  train_P@5_ag=1.0000  val_loss=0.3054  val_AUPR_all=0.6028  val_AUPR_ab=0.7498  val_AUPR_ag=0.4033  val_P@5_ab=0.9500  val_P@5_ag=1.0000  select=0.5765
Ep041  LR0=7.81e-05  pw=1.13  aucα=0.300  token_p=0.020  dropE=(0.020,0.080)  smooth=0.010  train_loss=0.1749  train_AUPR_all=0.7943  train_AUPR_ab=0.8479  train_AUPR_ag=0.7157  train_P@5_ab=1.0000  train_P@5_ag=1.0000  val_loss=0.3064  val_AUPR_all=0.5984  val_AUPR_ab=0.7455  val_AUPR_ag=0.3904  val_P@5_ab=0.9500  val_P@5_ag=1.0000  select=0.5680
Ep042  LR0=7.37e-05  pw=1.11  aucα=0.300  token_p=0.020  dropE=(0.020,0.080)  smooth=0.010  train_loss=0.1751  train_AUPR_all=0.7918  train_AUPR_ab=0.8456  train_AUPR_ag=0.7122  train_P@5_ab=1.0000  train_P@5_ag=0.9500  val_loss=0.3056  val_AUPR_all=0.5957  val_AUPR_ab=0.7462  val_AUPR_ag=0.3757  val_P@5_ab=1.0000  val_P@5_ag=1.0000  select=0.5610
Ep043  LR0=6.94e-05  pw=1.10  aucα=0.300  token_p=0.020  dropE=(0.020,0.080)  smooth=0.010  train_loss=0.1650  train_AUPR_all=0.8108  train_AUPR_ab=0.8617  train_AUPR_ag=0.7357  train_P@5_ab=1.0000  train_P@5_ag=1.0000  val_loss=0.2967  val_AUPR_all=0.6066  val_AUPR_ab=0.7462  val_AUPR_ag=0.4033  val_P@5_ab=1.0000  val_P@5_ag=0.9500  select=0.5748
Ep044  LR0=6.52e-05  pw=1.09  aucα=0.300  token_p=0.020  dropE=(0.020,0.080)  smooth=0.010  train_loss=0.1630  train_AUPR_all=0.8136  train_AUPR_ab=0.8604  train_AUPR_ag=0.7454  train_P@5_ab=1.0000  train_P@5_ag=0.9000  val_loss=0.3011  val_AUPR_all=0.6031  val_AUPR_ab=0.7500  val_AUPR_ag=0.3989  val_P@5_ab=1.0000  val_P@5_ag=1.0000  select=0.5744
Ep045  LR0=6.10e-05  pw=1.08  aucα=0.300  token_p=0.020  dropE=(0.020,0.080)  smooth=0.010  train_loss=0.1600  train_AUPR_all=0.8182  train_AUPR_ab=0.8646  train_AUPR_ag=0.7504  train_P@5_ab=1.0000  train_P@5_ag=1.0000  val_loss=0.3008  val_AUPR_all=0.6055  val_AUPR_ab=0.7465  val_AUPR_ag=0.4006  val_P@5_ab=0.9500  val_P@5_ag=1.0000  select=0.5736
Ep046  LR0=5.70e-05  pw=1.07  aucα=0.300  token_p=0.020  dropE=(0.020,0.080)  smooth=0.010  train_loss=0.1535  train_AUPR_all=0.8286  train_AUPR_ab=0.8725  train_AUPR_ag=0.7648  train_P@5_ab=1.0000  train_P@5_ag=1.0000  val_loss=0.3033  val_AUPR_all=0.6021  val_AUPR_ab=0.7460  val_AUPR_ag=0.3926  val_P@5_ab=1.0000  val_P@5_ag=1.0000  select=0.5693
Ep047  LR0=5.30e-05  pw=1.06  aucα=0.300  token_p=0.020  dropE=(0.020,0.080)  smooth=0.010  train_loss=0.1535  train_AUPR_all=0.8280  train_AUPR_ab=0.8738  train_AUPR_ag=0.7605  train_P@5_ab=0.9500  train_P@5_ag=1.0000  val_loss=0.3101  val_AUPR_all=0.5988  val_AUPR_ab=0.7526  val_AUPR_ag=0.3824  val_P@5_ab=0.9500  val_P@5_ag=0.9000  select=0.5675
Ep048  LR0=4.91e-05  pw=1.05  aucα=0.300  token_p=0.020  dropE=(0.020,0.080)  smooth=0.010  train_loss=0.1474  train_AUPR_all=0.8382  train_AUPR_ab=0.8785  train_AUPR_ag=0.7795  train_P@5_ab=0.9500  train_P@5_ag=1.0000  val_loss=0.3061  val_AUPR_all=0.5941  val_AUPR_ab=0.7361  val_AUPR_ag=0.3962  val_P@5_ab=1.0000  val_P@5_ag=1.0000  select=0.5661
Ep049  LR0=4.53e-05  pw=1.05  aucα=0.300  token_p=0.020  dropE=(0.020,0.080)  smooth=0.010  train_loss=0.1462  train_AUPR_all=0.8401  train_AUPR_ab=0.8813  train_AUPR_ag=0.7798  train_P@5_ab=0.9500  train_P@5_ag=1.0000  val_loss=0.3088  val_AUPR_all=0.5913  val_AUPR_ab=0.7380  val_AUPR_ag=0.3880  val_P@5_ab=0.9000  val_P@5_ag=0.7000  select=0.5630
Ep050  LR0=4.16e-05  pw=1.04  aucα=0.300  token_p=0.020  dropE=(0.020,0.080)  smooth=0.010  train_loss=0.1452  train_AUPR_all=0.8403  train_AUPR_ab=0.8827  train_AUPR_ag=0.7780  train_P@5_ab=1.0000  train_P@5_ag=1.0000  val_loss=0.3053  val_AUPR_all=0.6000  val_AUPR_ab=0.7464  val_AUPR_ag=0.3942  val_P@5_ab=1.0000  val_P@5_ag=0.8500  select=0.5703
Ep051  LR0=3.81e-05  pw=1.04  aucα=0.300  token_p=0.020  dropE=(0.020,0.080)  smooth=0.010  train_loss=0.1409  train_AUPR_all=0.8481  train_AUPR_ab=0.8887  train_AUPR_ag=0.7888  train_P@5_ab=1.0000  train_P@5_ag=0.9500  val_loss=0.3121  val_AUPR_all=0.5962  val_AUPR_ab=0.7453  val_AUPR_ag=0.3934  val_P@5_ab=1.0000  val_P@5_ag=0.9000  select=0.5694
Ep052  LR0=3.46e-05  pw=1.03  aucα=0.300  token_p=0.020  dropE=(0.020,0.080)  smooth=0.010  train_loss=0.1374  train_AUPR_all=0.8552  train_AUPR_ab=0.8929  train_AUPR_ag=0.8001  train_P@5_ab=1.0000  train_P@5_ag=1.0000  val_loss=0.3074  val_AUPR_all=0.5900  val_AUPR_ab=0.7445  val_AUPR_ag=0.3798  val_P@5_ab=1.0000  val_P@5_ag=0.6500  select=0.5621
Ep053  LR0=3.13e-05  pw=1.03  aucα=0.300  token_p=0.020  dropE=(0.020,0.080)  smooth=0.010  train_loss=0.1394  train_AUPR_all=0.8501  train_AUPR_ab=0.8898  train_AUPR_ag=0.7919  train_P@5_ab=1.0000  train_P@5_ag=1.0000  val_loss=0.3133  val_AUPR_all=0.5933  val_AUPR_ab=0.7447  val_AUPR_ag=0.3895  val_P@5_ab=1.0000  val_P@5_ag=0.7500  select=0.5671
Ep054  LR0=2.82e-05  pw=1.03  aucα=0.300  token_p=0.020  dropE=(0.020,0.080)  smooth=0.010  train_loss=0.1350  train_AUPR_all=0.8583  train_AUPR_ab=0.8966  train_AUPR_ag=0.8020  train_P@5_ab=1.0000  train_P@5_ag=1.0000  val_loss=0.3094  val_AUPR_all=0.5991  val_AUPR_ab=0.7471  val_AUPR_ag=0.3891  val_P@5_ab=0.9000  val_P@5_ag=0.9500  select=0.5681
Ep055  LR0=2.51e-05  pw=1.02  aucα=0.300  token_p=0.020  dropE=(0.020,0.080)  smooth=0.010  train_loss=0.1320  train_AUPR_all=0.8639  train_AUPR_ab=0.9018  train_AUPR_ag=0.8078  train_P@5_ab=1.0000  train_P@5_ag=0.9500  val_loss=0.3105  val_AUPR_all=0.6012  val_AUPR_ab=0.7468  val_AUPR_ag=0.3907  val_P@5_ab=1.0000  val_P@5_ag=0.9000  select=0.5688
Ep056  LR0=2.23e-05  pw=1.02  aucα=0.300  token_p=0.020  dropE=(0.020,0.080)  smooth=0.010  train_loss=0.1286  train_AUPR_all=0.8697  train_AUPR_ab=0.9053  train_AUPR_ag=0.8173  train_P@5_ab=1.0000  train_P@5_ag=1.0000  val_loss=0.3202  val_AUPR_all=0.5866  val_AUPR_ab=0.7397  val_AUPR_ag=0.3736  val_P@5_ab=1.0000  val_P@5_ag=0.7500  select=0.5567
Ep057  LR0=1.96e-05  pw=1.02  aucα=0.300  token_p=0.020  dropE=(0.020,0.080)  smooth=0.010  train_loss=0.1310  train_AUPR_all=0.8648  train_AUPR_ab=0.9016  train_AUPR_ag=0.8107  train_P@5_ab=1.0000  train_P@5_ag=1.0000  val_loss=0.3124  val_AUPR_all=0.5980  val_AUPR_ab=0.7464  val_AUPR_ag=0.3872  val_P@5_ab=1.0000  val_P@5_ag=0.8500  select=0.5668
Early stopping at epoch 57. Best select=0.5844 at epoch 37.
Final saved checkpoint for fold 3: checkpoints_newesm/iPara_balanced_l1_g6_i5_do0.10_dpr0.10_lr0.0002_heads16_fold3.pth
Best select=0.5844 at epoch 37

==========================================================================================
Fold 4/5
==========================================================================================
Train labels: valid=398858, pos=26560, neg=372298, ignore=700342, pos_frac=0.06659
Val labels: valid=101334, pos=6670, neg=94664, ignore=172266, pos_frac=0.06582
Initializing ClassificationModel with 6 GAT layers and residual connections...
Initializing MCModel with 6 GAT layers and 5 row attention layers (drop_path_rate=0.1, use_esm=True)
Initializing CoreModel with 1 layers, drop_path_rate=0.1
Ep001  LR0=2.00e-04  pw=20.00  aucα=0.000  token_p=0.020  dropE=(0.020,0.080)  smooth=0.010  train_loss=1.1561  train_AUPR_all=0.2439  train_AUPR_ab=0.2835  train_AUPR_ag=0.1897  train_P@5_ab=0.5000  train_P@5_ag=0.9000  val_loss=1.3315  val_AUPR_all=0.3672  val_AUPR_ab=0.4858  val_AUPR_ag=0.1839  val_P@5_ab=0.8500  val_P@5_ag=0.7500  select=0.3348
  Saved checkpoint: checkpoints_newesm/iPara_balanced_l1_g6_i5_do0.10_dpr0.10_lr0.0002_heads16_fold4.pth  select=0.3348  val_ab=0.4858  val_ag=0.1839  val_all=0.3672
Ep002  LR0=2.00e-04  pw=17.77  aucα=0.000  token_p=0.020  dropE=(0.020,0.080)  smooth=0.010  train_loss=0.8366  train_AUPR_all=0.3721  train_AUPR_ab=0.4593  train_AUPR_ag=0.2405  train_P@5_ab=0.6000  train_P@5_ag=0.9000  val_loss=1.1295  val_AUPR_all=0.4227  val_AUPR_ab=0.5297  val_AUPR_ag=0.2359  val_P@5_ab=0.7500  val_P@5_ag=0.9000  select=0.3828
  Saved checkpoint: checkpoints_newesm/iPara_balanced_l1_g6_i5_do0.10_dpr0.10_lr0.0002_heads16_fold4.pth  select=0.3828  val_ab=0.5297  val_ag=0.2359  val_all=0.4227
Ep003  LR0=2.00e-04  pw=15.80  aucα=0.000  token_p=0.020  dropE=(0.020,0.080)  smooth=0.010  train_loss=0.7369  train_AUPR_all=0.4032  train_AUPR_ab=0.4834  train_AUPR_ag=0.2668  train_P@5_ab=0.8000  train_P@5_ag=0.6500  val_loss=1.1154  val_AUPR_all=0.4433  val_AUPR_ab=0.5732  val_AUPR_ag=0.2316  val_P@5_ab=0.9500  val_P@5_ag=0.9000  select=0.4024
  Saved checkpoint: checkpoints_newesm/iPara_balanced_l1_g6_i5_do0.10_dpr0.10_lr0.0002_heads16_fold4.pth  select=0.4024  val_ab=0.5732  val_ag=0.2316  val_all=0.4433
Ep004  LR0=1.99e-04  pw=14.06  aucα=0.000  token_p=0.020  dropE=(0.020,0.080)  smooth=0.010  train_loss=0.6611  train_AUPR_all=0.4532  train_AUPR_ab=0.5461  train_AUPR_ag=0.2943  train_P@5_ab=0.6000  train_P@5_ag=0.8500  val_loss=1.0168  val_AUPR_all=0.4768  val_AUPR_ab=0.6131  val_AUPR_ag=0.2389  val_P@5_ab=0.9000  val_P@5_ag=0.9000  select=0.4260
  Saved checkpoint: checkpoints_newesm/iPara_balanced_l1_g6_i5_do0.10_dpr0.10_lr0.0002_heads16_fold4.pth  select=0.4260  val_ab=0.6131  val_ag=0.2389  val_all=0.4768
Ep005  LR0=1.98e-04  pw=12.52  aucα=0.000  token_p=0.020  dropE=(0.020,0.080)  smooth=0.010  train_loss=0.6155  train_AUPR_all=0.4645  train_AUPR_ab=0.5438  train_AUPR_ag=0.3154  train_P@5_ab=0.5000  train_P@5_ag=0.7500  val_loss=0.9400  val_AUPR_all=0.4768  val_AUPR_ab=0.6150  val_AUPR_ag=0.2350  val_P@5_ab=0.6500  val_P@5_ag=0.9000  select=0.4250
Ep006  LR0=1.97e-04  pw=11.17  aucα=0.000  token_p=0.020  dropE=(0.020,0.080)  smooth=0.010  train_loss=0.5664  train_AUPR_all=0.4859  train_AUPR_ab=0.5727  train_AUPR_ag=0.3243  train_P@5_ab=0.7500  train_P@5_ag=0.9500  val_loss=0.7890  val_AUPR_all=0.5116  val_AUPR_ab=0.6275  val_AUPR_ag=0.3311  val_P@5_ab=1.0000  val_P@5_ag=0.9500  select=0.4793
  Saved checkpoint: checkpoints_newesm/iPara_balanced_l1_g6_i5_do0.10_dpr0.10_lr0.0002_heads16_fold4.pth  select=0.4793  val_ab=0.6275  val_ag=0.3311  val_all=0.5116
Ep007  LR0=1.96e-04  pw=9.97  aucα=0.000  token_p=0.020  dropE=(0.020,0.080)  smooth=0.010  train_loss=0.5283  train_AUPR_all=0.5089  train_AUPR_ab=0.5959  train_AUPR_ag=0.3485  train_P@5_ab=0.6500  train_P@5_ag=1.0000  val_loss=0.7635  val_AUPR_all=0.5148  val_AUPR_ab=0.6313  val_AUPR_ag=0.3193  val_P@5_ab=0.5500  val_P@5_ag=0.9500  select=0.4753
Ep008  LR0=1.95e-04  pw=8.92  aucα=0.000  token_p=0.020  dropE=(0.020,0.080)  smooth=0.010  train_loss=0.4878  train_AUPR_all=0.5232  train_AUPR_ab=0.6188  train_AUPR_ag=0.3552  train_P@5_ab=0.8500  train_P@5_ag=0.9000  val_loss=0.7065  val_AUPR_all=0.5170  val_AUPR_ab=0.6287  val_AUPR_ag=0.3227  val_P@5_ab=0.7500  val_P@5_ag=1.0000  select=0.4757
Ep009  LR0=1.94e-04  pw=7.99  aucα=0.000  token_p=0.020  dropE=(0.020,0.080)  smooth=0.010  train_loss=0.4661  train_AUPR_all=0.5153  train_AUPR_ab=0.6096  train_AUPR_ag=0.3473  train_P@5_ab=0.7500  train_P@5_ag=0.9000  val_loss=0.7011  val_AUPR_all=0.5440  val_AUPR_ab=0.6795  val_AUPR_ag=0.3389  val_P@5_ab=0.9500  val_P@5_ag=1.0000  select=0.5092
  Saved checkpoint: checkpoints_newesm/iPara_balanced_l1_g6_i5_do0.10_dpr0.10_lr0.0002_heads16_fold4.pth  select=0.5092  val_ab=0.6795  val_ag=0.3389  val_all=0.5440
Ep010  LR0=1.92e-04  pw=7.17  aucα=0.030  token_p=0.020  dropE=(0.020,0.080)  smooth=0.010  train_loss=0.4468  train_AUPR_all=0.5343  train_AUPR_ab=0.6317  train_AUPR_ag=0.3629  train_P@5_ab=0.8000  train_P@5_ag=1.0000  val_loss=0.6588  val_AUPR_all=0.5031  val_AUPR_ab=0.6742  val_AUPR_ag=0.2786  val_P@5_ab=0.8000  val_P@5_ag=0.7500  select=0.4764
Unfreezing DyM parameters.
Ep011  LR0=1.90e-04  pw=6.44  aucα=0.060  token_p=0.020  dropE=(0.020,0.080)  smooth=0.010  train_loss=0.4320  train_AUPR_all=0.5499  train_AUPR_ab=0.6522  train_AUPR_ag=0.3724  train_P@5_ab=0.9000  train_P@5_ag=0.9000  val_loss=0.7100  val_AUPR_all=0.5037  val_AUPR_ab=0.6787  val_AUPR_ag=0.3003  val_P@5_ab=0.9500  val_P@5_ag=0.9500  select=0.4895
Ep012  LR0=1.88e-04  pw=5.80  aucα=0.090  token_p=0.020  dropE=(0.020,0.080)  smooth=0.010  train_loss=0.4246  train_AUPR_all=0.5615  train_AUPR_ab=0.6584  train_AUPR_ag=0.3910  train_P@5_ab=0.9000  train_P@5_ag=0.9000  val_loss=0.5529  val_AUPR_all=0.5499  val_AUPR_ab=0.6823  val_AUPR_ag=0.3428  val_P@5_ab=0.9500  val_P@5_ag=0.7500  select=0.5126
  Saved checkpoint: checkpoints_newesm/iPara_balanced_l1_g6_i5_do0.10_dpr0.10_lr0.0002_heads16_fold4.pth  select=0.5126  val_ab=0.6823  val_ag=0.3428  val_all=0.5499
Ep013  LR0=1.86e-04  pw=5.24  aucα=0.120  token_p=0.020  dropE=(0.020,0.080)  smooth=0.010  train_loss=0.4194  train_AUPR_all=0.5624  train_AUPR_ab=0.6669  train_AUPR_ag=0.3827  train_P@5_ab=0.9500  train_P@5_ag=0.7000  val_loss=0.5198  val_AUPR_all=0.5661  val_AUPR_ab=0.6938  val_AUPR_ag=0.3703  val_P@5_ab=0.8000  val_P@5_ag=0.9500  select=0.5320
  Saved checkpoint: checkpoints_newesm/iPara_balanced_l1_g6_i5_do0.10_dpr0.10_lr0.0002_heads16_fold4.pth  select=0.5320  val_ab=0.6938  val_ag=0.3703  val_all=0.5661
Ep014  LR0=1.83e-04  pw=4.74  aucα=0.150  token_p=0.020  dropE=(0.020,0.080)  smooth=0.010  train_loss=0.4106  train_AUPR_all=0.5685  train_AUPR_ab=0.6723  train_AUPR_ag=0.3883  train_P@5_ab=0.9000  train_P@5_ag=1.0000  val_loss=0.5573  val_AUPR_all=0.5140  val_AUPR_ab=0.6993  val_AUPR_ag=0.2862  val_P@5_ab=0.9000  val_P@5_ag=0.9000  select=0.4928
Ep015  LR0=1.81e-04  pw=4.30  aucα=0.180  token_p=0.020  dropE=(0.020,0.080)  smooth=0.010  train_loss=0.4004  train_AUPR_all=0.5778  train_AUPR_ab=0.6876  train_AUPR_ag=0.3942  train_P@5_ab=0.8500  train_P@5_ag=0.8000  val_loss=0.5344  val_AUPR_all=0.5592  val_AUPR_ab=0.7099  val_AUPR_ag=0.3291  val_P@5_ab=0.9500  val_P@5_ag=0.9000  select=0.5195
Ep016  LR0=1.78e-04  pw=3.91  aucα=0.210  token_p=0.020  dropE=(0.020,0.080)  smooth=0.010  train_loss=0.3929  train_AUPR_all=0.5915  train_AUPR_ab=0.6954  train_AUPR_ag=0.4162  train_P@5_ab=0.9500  train_P@5_ag=0.8000  val_loss=0.4871  val_AUPR_all=0.5530  val_AUPR_ab=0.6981  val_AUPR_ag=0.3506  val_P@5_ab=0.9500  val_P@5_ag=1.0000  select=0.5244
Ep017  LR0=1.75e-04  pw=3.57  aucα=0.240  token_p=0.020  dropE=(0.020,0.080)  smooth=0.010  train_loss=0.3872  train_AUPR_all=0.5979  train_AUPR_ab=0.7031  train_AUPR_ag=0.4245  train_P@5_ab=1.0000  train_P@5_ag=0.8500  val_loss=0.4724  val_AUPR_all=0.5523  val_AUPR_ab=0.7050  val_AUPR_ag=0.3265  val_P@5_ab=0.9500  val_P@5_ag=0.8500  select=0.5158
Ep018  LR0=1.72e-04  pw=3.27  aucα=0.270  token_p=0.020  dropE=(0.020,0.080)  smooth=0.010  train_loss=0.3857  train_AUPR_all=0.6022  train_AUPR_ab=0.7109  train_AUPR_ag=0.4232  train_P@5_ab=1.0000  train_P@5_ag=1.0000  val_loss=0.4416  val_AUPR_all=0.5834  val_AUPR_ab=0.7169  val_AUPR_ag=0.3772  val_P@5_ab=0.9000  val_P@5_ag=0.9000  select=0.5471
  Saved checkpoint: checkpoints_newesm/iPara_balanced_l1_g6_i5_do0.10_dpr0.10_lr0.0002_heads16_fold4.pth  select=0.5471  val_ab=0.7169  val_ag=0.3772  val_all=0.5834
Ep019  LR0=1.69e-04  pw=3.00  aucα=0.300  token_p=0.020  dropE=(0.020,0.080)  smooth=0.010  train_loss=0.3774  train_AUPR_all=0.6137  train_AUPR_ab=0.7185  train_AUPR_ag=0.4410  train_P@5_ab=1.0000  train_P@5_ag=0.8500  val_loss=0.4048  val_AUPR_all=0.5946  val_AUPR_ab=0.7255  val_AUPR_ag=0.3896  val_P@5_ab=1.0000  val_P@5_ag=0.9500  select=0.5576
  Saved checkpoint: checkpoints_newesm/iPara_balanced_l1_g6_i5_do0.10_dpr0.10_lr0.0002_heads16_fold4.pth  select=0.5576  val_ab=0.7255  val_ag=0.3896  val_all=0.5946
Ep020  LR0=1.66e-04  pw=2.77  aucα=0.300  token_p=0.020  dropE=(0.020,0.080)  smooth=0.010  train_loss=0.3621  train_AUPR_all=0.6217  train_AUPR_ab=0.7284  train_AUPR_ag=0.4481  train_P@5_ab=1.0000  train_P@5_ag=0.8500  val_loss=0.4338  val_AUPR_all=0.5742  val_AUPR_ab=0.7208  val_AUPR_ag=0.3479  val_P@5_ab=1.0000  val_P@5_ag=0.9500  select=0.5344
Ep021  LR0=1.62e-04  pw=2.56  aucα=0.300  token_p=0.020  dropE=(0.020,0.080)  smooth=0.010  train_loss=0.3456  train_AUPR_all=0.6297  train_AUPR_ab=0.7306  train_AUPR_ag=0.4659  train_P@5_ab=0.9500  train_P@5_ag=0.9500  val_loss=0.3949  val_AUPR_all=0.5906  val_AUPR_ab=0.7294  val_AUPR_ag=0.3746  val_P@5_ab=1.0000  val_P@5_ag=1.0000  select=0.5520
Ep022  LR0=1.59e-04  pw=2.38  aucα=0.300  token_p=0.020  dropE=(0.020,0.080)  smooth=0.010  train_loss=0.3363  train_AUPR_all=0.6281  train_AUPR_ab=0.7356  train_AUPR_ag=0.4522  train_P@5_ab=0.9500  train_P@5_ag=0.9000  val_loss=0.4403  val_AUPR_all=0.5526  val_AUPR_ab=0.7020  val_AUPR_ag=0.3203  val_P@5_ab=1.0000  val_P@5_ag=0.9500  select=0.5112
Ep023  LR0=1.55e-04  pw=2.21  aucα=0.300  token_p=0.020  dropE=(0.020,0.080)  smooth=0.010  train_loss=0.3232  train_AUPR_all=0.6399  train_AUPR_ab=0.7432  train_AUPR_ag=0.4721  train_P@5_ab=1.0000  train_P@5_ag=0.9000  val_loss=0.3773  val_AUPR_all=0.5882  val_AUPR_ab=0.7346  val_AUPR_ag=0.3666  val_P@5_ab=0.9500  val_P@5_ag=0.8500  select=0.5506
Ep024  LR0=1.51e-04  pw=2.07  aucα=0.300  token_p=0.020  dropE=(0.020,0.080)  smooth=0.010  train_loss=0.3091  train_AUPR_all=0.6483  train_AUPR_ab=0.7482  train_AUPR_ag=0.4888  train_P@5_ab=1.0000  train_P@5_ag=0.9500  val_loss=0.3696  val_AUPR_all=0.5755  val_AUPR_ab=0.7184  val_AUPR_ag=0.3672  val_P@5_ab=0.9500  val_P@5_ag=0.9000  select=0.5428
Ep025  LR0=1.48e-04  pw=1.95  aucα=0.300  token_p=0.020  dropE=(0.020,0.080)  smooth=0.010  train_loss=0.2957  train_AUPR_all=0.6590  train_AUPR_ab=0.7585  train_AUPR_ag=0.5008  train_P@5_ab=0.9000  train_P@5_ag=0.9000  val_loss=0.3583  val_AUPR_all=0.5931  val_AUPR_ab=0.7297  val_AUPR_ag=0.3793  val_P@5_ab=0.9500  val_P@5_ag=0.9000  select=0.5545
Ep026  LR0=1.44e-04  pw=1.83  aucα=0.300  token_p=0.020  dropE=(0.020,0.080)  smooth=0.010  train_loss=0.2869  train_AUPR_all=0.6618  train_AUPR_ab=0.7550  train_AUPR_ag=0.5147  train_P@5_ab=1.0000  train_P@5_ag=0.9500  val_loss=0.3376  val_AUPR_all=0.6124  val_AUPR_ab=0.7444  val_AUPR_ag=0.4078  val_P@5_ab=1.0000  val_P@5_ag=0.9000  select=0.5761
  Saved checkpoint: checkpoints_newesm/iPara_balanced_l1_g6_i5_do0.10_dpr0.10_lr0.0002_heads16_fold4.pth  select=0.5761  val_ab=0.7444  val_ag=0.4078  val_all=0.6124
Ep027  LR0=1.39e-04  pw=1.74  aucα=0.300  token_p=0.020  dropE=(0.020,0.080)  smooth=0.010  train_loss=0.2774  train_AUPR_all=0.6713  train_AUPR_ab=0.7661  train_AUPR_ag=0.5224  train_P@5_ab=1.0000  train_P@5_ag=0.9500  val_loss=0.3348  val_AUPR_all=0.5954  val_AUPR_ab=0.7394  val_AUPR_ag=0.3693  val_P@5_ab=1.0000  val_P@5_ag=0.9000  select=0.5544
Ep028  LR0=1.35e-04  pw=1.65  aucα=0.300  token_p=0.020  dropE=(0.020,0.080)  smooth=0.010  train_loss=0.2714  train_AUPR_all=0.6754  train_AUPR_ab=0.7711  train_AUPR_ag=0.5258  train_P@5_ab=1.0000  train_P@5_ag=0.9500  val_loss=0.3357  val_AUPR_all=0.5980  val_AUPR_ab=0.7466  val_AUPR_ag=0.3700  val_P@5_ab=0.9500  val_P@5_ag=0.7000  select=0.5583
Ep029  LR0=1.31e-04  pw=1.57  aucα=0.300  token_p=0.020  dropE=(0.020,0.080)  smooth=0.010  train_loss=0.2613  train_AUPR_all=0.6832  train_AUPR_ab=0.7747  train_AUPR_ag=0.5402  train_P@5_ab=1.0000  train_P@5_ag=0.8500  val_loss=0.3332  val_AUPR_all=0.6061  val_AUPR_ab=0.7425  val_AUPR_ag=0.4019  val_P@5_ab=0.9000  val_P@5_ag=1.0000  select=0.5722
Ep030  LR0=1.27e-04  pw=1.51  aucα=0.300  token_p=0.020  dropE=(0.020,0.080)  smooth=0.010  train_loss=0.2518  train_AUPR_all=0.6955  train_AUPR_ab=0.7833  train_AUPR_ag=0.5600  train_P@5_ab=1.0000  train_P@5_ag=0.9000  val_loss=0.3199  val_AUPR_all=0.6082  val_AUPR_ab=0.7450  val_AUPR_ag=0.4024  val_P@5_ab=0.9500  val_P@5_ag=0.8000  select=0.5737
Ep031  LR0=1.22e-04  pw=1.45  aucα=0.300  token_p=0.020  dropE=(0.020,0.080)  smooth=0.010  train_loss=0.2426  train_AUPR_all=0.7039  train_AUPR_ab=0.7870  train_AUPR_ag=0.5766  train_P@5_ab=1.0000  train_P@5_ag=1.0000  val_loss=0.3171  val_AUPR_all=0.6035  val_AUPR_ab=0.7458  val_AUPR_ag=0.3844  val_P@5_ab=1.0000  val_P@5_ag=0.8500  select=0.5651
Ep032  LR0=1.18e-04  pw=1.39  aucα=0.300  token_p=0.020  dropE=(0.020,0.080)  smooth=0.010  train_loss=0.2316  train_AUPR_all=0.7184  train_AUPR_ab=0.7959  train_AUPR_ag=0.5998  train_P@5_ab=0.9500  train_P@5_ag=1.0000  val_loss=0.3209  val_AUPR_all=0.5970  val_AUPR_ab=0.7408  val_AUPR_ag=0.3889  val_P@5_ab=0.9000  val_P@5_ag=1.0000  select=0.5648
Ep033  LR0=1.14e-04  pw=1.35  aucα=0.300  token_p=0.020  dropE=(0.020,0.080)  smooth=0.010  train_loss=0.2249  train_AUPR_all=0.7245  train_AUPR_ab=0.8020  train_AUPR_ag=0.6056  train_P@5_ab=1.0000  train_P@5_ag=0.9000  val_loss=0.3275  val_AUPR_all=0.6000  val_AUPR_ab=0.7463  val_AUPR_ag=0.3937  val_P@5_ab=0.9000  val_P@5_ag=1.0000  select=0.5700
Ep034  LR0=1.09e-04  pw=1.31  aucα=0.300  token_p=0.020  dropE=(0.020,0.080)  smooth=0.010  train_loss=0.2243  train_AUPR_all=0.7227  train_AUPR_ab=0.7995  train_AUPR_ag=0.6050  train_P@5_ab=0.9500  train_P@5_ag=0.9500  val_loss=0.3055  val_AUPR_all=0.6131  val_AUPR_ab=0.7539  val_AUPR_ag=0.4034  val_P@5_ab=0.9000  val_P@5_ag=0.9500  select=0.5787
  Saved checkpoint: checkpoints_newesm/iPara_balanced_l1_g6_i5_do0.10_dpr0.10_lr0.0002_heads16_fold4.pth  select=0.5787  val_ab=0.7539  val_ag=0.4034  val_all=0.6131
Ep035  LR0=1.05e-04  pw=1.27  aucα=0.300  token_p=0.020  dropE=(0.020,0.080)  smooth=0.010  train_loss=0.2158  train_AUPR_all=0.7358  train_AUPR_ab=0.8089  train_AUPR_ag=0.6255  train_P@5_ab=1.0000  train_P@5_ag=1.0000  val_loss=0.2999  val_AUPR_all=0.6145  val_AUPR_ab=0.7486  val_AUPR_ag=0.4208  val_P@5_ab=0.9000  val_P@5_ag=1.0000  select=0.5847
  Saved checkpoint: checkpoints_newesm/iPara_balanced_l1_g6_i5_do0.10_dpr0.10_lr0.0002_heads16_fold4.pth  select=0.5847  val_ab=0.7486  val_ag=0.4208  val_all=0.6145
Ep036  LR0=1.00e-04  pw=1.24  aucα=0.300  token_p=0.020  dropE=(0.020,0.080)  smooth=0.010  train_loss=0.2092  train_AUPR_all=0.7453  train_AUPR_ab=0.8176  train_AUPR_ag=0.6352  train_P@5_ab=1.0000  train_P@5_ag=0.9500  val_loss=0.3062  val_AUPR_all=0.6139  val_AUPR_ab=0.7476  val_AUPR_ag=0.4226  val_P@5_ab=0.8000  val_P@5_ag=0.9000  select=0.5851
  Saved checkpoint: checkpoints_newesm/iPara_balanced_l1_g6_i5_do0.10_dpr0.10_lr0.0002_heads16_fold4.pth  select=0.5851  val_ab=0.7476  val_ag=0.4226  val_all=0.6139
Ep037  LR0=9.58e-05  pw=1.21  aucα=0.300  token_p=0.020  dropE=(0.020,0.080)  smooth=0.010  train_loss=0.2004  train_AUPR_all=0.7583  train_AUPR_ab=0.8259  train_AUPR_ag=0.6566  train_P@5_ab=1.0000  train_P@5_ag=1.0000  val_loss=0.3044  val_AUPR_all=0.6085  val_AUPR_ab=0.7476  val_AUPR_ag=0.4094  val_P@5_ab=0.8000  val_P@5_ag=1.0000  select=0.5785
Ep038  LR0=9.13e-05  pw=1.19  aucα=0.300  token_p=0.020  dropE=(0.020,0.080)  smooth=0.010  train_loss=0.1993  train_AUPR_all=0.7570  train_AUPR_ab=0.8244  train_AUPR_ag=0.6558  train_P@5_ab=1.0000  train_P@5_ag=1.0000  val_loss=0.2966  val_AUPR_all=0.6139  val_AUPR_ab=0.7538  val_AUPR_ag=0.4060  val_P@5_ab=0.8500  val_P@5_ag=0.8500  select=0.5799
Ep039  LR0=8.69e-05  pw=1.16  aucα=0.300  token_p=0.020  dropE=(0.020,0.080)  smooth=0.010  train_loss=0.1901  train_AUPR_all=0.7712  train_AUPR_ab=0.8335  train_AUPR_ag=0.6777  train_P@5_ab=1.0000  train_P@5_ag=0.9500  val_loss=0.3000  val_AUPR_all=0.6112  val_AUPR_ab=0.7462  val_AUPR_ag=0.4143  val_P@5_ab=0.8500  val_P@5_ag=1.0000  select=0.5802
Ep040  LR0=8.24e-05  pw=1.15  aucα=0.300  token_p=0.020  dropE=(0.020,0.080)  smooth=0.010  train_loss=0.1856  train_AUPR_all=0.7777  train_AUPR_ab=0.8388  train_AUPR_ag=0.6861  train_P@5_ab=1.0000  train_P@5_ag=0.9500  val_loss=0.3151  val_AUPR_all=0.5870  val_AUPR_ab=0.7426  val_AUPR_ag=0.3891  val_P@5_ab=0.8500  val_P@5_ag=0.8500  select=0.5659
Ep041  LR0=7.81e-05  pw=1.13  aucα=0.300  token_p=0.020  dropE=(0.020,0.080)  smooth=0.010  train_loss=0.1821  train_AUPR_all=0.7820  train_AUPR_ab=0.8389  train_AUPR_ag=0.6977  train_P@5_ab=1.0000  train_P@5_ag=1.0000  val_loss=0.3149  val_AUPR_all=0.5937  val_AUPR_ab=0.7388  val_AUPR_ag=0.3889  val_P@5_ab=0.8500  val_P@5_ag=0.9000  select=0.5638
Ep042  LR0=7.37e-05  pw=1.11  aucα=0.300  token_p=0.020  dropE=(0.020,0.080)  smooth=0.010  train_loss=0.1793  train_AUPR_all=0.7867  train_AUPR_ab=0.8437  train_AUPR_ag=0.7020  train_P@5_ab=0.9500  train_P@5_ag=1.0000  val_loss=0.3009  val_AUPR_all=0.6009  val_AUPR_ab=0.7384  val_AUPR_ag=0.4141  val_P@5_ab=0.8000  val_P@5_ag=0.9500  select=0.5762
Ep043  LR0=6.94e-05  pw=1.10  aucα=0.300  token_p=0.020  dropE=(0.020,0.080)  smooth=0.010  train_loss=0.1745  train_AUPR_all=0.7943  train_AUPR_ab=0.8504  train_AUPR_ag=0.7110  train_P@5_ab=1.0000  train_P@5_ag=1.0000  val_loss=0.3027  val_AUPR_all=0.6046  val_AUPR_ab=0.7389  val_AUPR_ag=0.4120  val_P@5_ab=0.8000  val_P@5_ag=1.0000  select=0.5754
Ep044  LR0=6.52e-05  pw=1.09  aucα=0.300  token_p=0.020  dropE=(0.020,0.080)  smooth=0.010  train_loss=0.1675  train_AUPR_all=0.8054  train_AUPR_ab=0.8573  train_AUPR_ag=0.7284  train_P@5_ab=1.0000  train_P@5_ag=1.0000  val_loss=0.3029  val_AUPR_all=0.6106  val_AUPR_ab=0.7532  val_AUPR_ag=0.4016  val_P@5_ab=0.9000  val_P@5_ag=0.9000  select=0.5774
Ep045  LR0=6.10e-05  pw=1.08  aucα=0.300  token_p=0.020  dropE=(0.020,0.080)  smooth=0.010  train_loss=0.1698  train_AUPR_all=0.8015  train_AUPR_ab=0.8546  train_AUPR_ag=0.7225  train_P@5_ab=1.0000  train_P@5_ag=1.0000  val_loss=0.3066  val_AUPR_all=0.6028  val_AUPR_ab=0.7452  val_AUPR_ag=0.3957  val_P@5_ab=0.7000  val_P@5_ag=0.8500  select=0.5705
Ep046  LR0=5.70e-05  pw=1.07  aucα=0.300  token_p=0.020  dropE=(0.020,0.080)  smooth=0.010  train_loss=0.1638  train_AUPR_all=0.8112  train_AUPR_ab=0.8627  train_AUPR_ag=0.7343  train_P@5_ab=1.0000  train_P@5_ag=1.0000  val_loss=0.3058  val_AUPR_all=0.5990  val_AUPR_ab=0.7490  val_AUPR_ag=0.3915  val_P@5_ab=0.9000  val_P@5_ag=0.7500  select=0.5702
Ep047  LR0=5.30e-05  pw=1.06  aucα=0.300  token_p=0.020  dropE=(0.020,0.080)  smooth=0.010  train_loss=0.1587  train_AUPR_all=0.8206  train_AUPR_ab=0.8705  train_AUPR_ag=0.7458  train_P@5_ab=1.0000  train_P@5_ag=1.0000  val_loss=0.3025  val_AUPR_all=0.6035  val_AUPR_ab=0.7454  val_AUPR_ag=0.3972  val_P@5_ab=0.8000  val_P@5_ag=0.8500  select=0.5713
Ep048  LR0=4.91e-05  pw=1.05  aucα=0.300  token_p=0.020  dropE=(0.020,0.080)  smooth=0.010  train_loss=0.1610  train_AUPR_all=0.8143  train_AUPR_ab=0.8642  train_AUPR_ag=0.7397  train_P@5_ab=0.9500  train_P@5_ag=1.0000  val_loss=0.2981  val_AUPR_all=0.6139  val_AUPR_ab=0.7550  val_AUPR_ag=0.4166  val_P@5_ab=0.9000  val_P@5_ag=0.7000  select=0.5858
  Saved checkpoint: checkpoints_newesm/iPara_balanced_l1_g6_i5_do0.10_dpr0.10_lr0.0002_heads16_fold4.pth  select=0.5858  val_ab=0.7550  val_ag=0.4166  val_all=0.6139
Ep049  LR0=4.53e-05  pw=1.05  aucα=0.300  token_p=0.020  dropE=(0.020,0.080)  smooth=0.010  train_loss=0.1575  train_AUPR_all=0.8208  train_AUPR_ab=0.8722  train_AUPR_ag=0.7436  train_P@5_ab=1.0000  train_P@5_ag=1.0000  val_loss=0.2959  val_AUPR_all=0.6105  val_AUPR_ab=0.7478  val_AUPR_ag=0.4133  val_P@5_ab=0.8500  val_P@5_ag=0.8000  select=0.5806
Ep050  LR0=4.16e-05  pw=1.04  aucα=0.300  token_p=0.020  dropE=(0.020,0.080)  smooth=0.010  train_loss=0.1551  train_AUPR_all=0.8243  train_AUPR_ab=0.8746  train_AUPR_ag=0.7484  train_P@5_ab=1.0000  train_P@5_ag=1.0000  val_loss=0.2987  val_AUPR_all=0.6079  val_AUPR_ab=0.7479  val_AUPR_ag=0.4027  val_P@5_ab=0.9500  val_P@5_ag=0.7000  select=0.5753
Ep051  LR0=3.81e-05  pw=1.04  aucα=0.300  token_p=0.020  dropE=(0.020,0.080)  smooth=0.010  train_loss=0.1525  train_AUPR_all=0.8279  train_AUPR_ab=0.8775  train_AUPR_ag=0.7525  train_P@5_ab=1.0000  train_P@5_ag=1.0000  val_loss=0.3023  val_AUPR_all=0.6164  val_AUPR_ab=0.7468  val_AUPR_ag=0.4269  val_P@5_ab=0.8000  val_P@5_ag=0.9500  select=0.5869
  Saved checkpoint: checkpoints_newesm/iPara_balanced_l1_g6_i5_do0.10_dpr0.10_lr0.0002_heads16_fold4.pth  select=0.5869  val_ab=0.7468  val_ag=0.4269  val_all=0.6164
Ep052  LR0=3.46e-05  pw=1.03  aucα=0.300  token_p=0.020  dropE=(0.020,0.080)  smooth=0.010  train_loss=0.1488  train_AUPR_all=0.8355  train_AUPR_ab=0.8812  train_AUPR_ag=0.7674  train_P@5_ab=1.0000  train_P@5_ag=1.0000  val_loss=0.3003  val_AUPR_all=0.6053  val_AUPR_ab=0.7447  val_AUPR_ag=0.4115  val_P@5_ab=0.8500  val_P@5_ag=0.8000  select=0.5781
Ep053  LR0=3.13e-05  pw=1.03  aucα=0.300  token_p=0.020  dropE=(0.020,0.080)  smooth=0.010  train_loss=0.1418  train_AUPR_all=0.8463  train_AUPR_ab=0.8891  train_AUPR_ag=0.7822  train_P@5_ab=1.0000  train_P@5_ag=0.9500  val_loss=0.3029  val_AUPR_all=0.6099  val_AUPR_ab=0.7488  val_AUPR_ag=0.4112  val_P@5_ab=0.8500  val_P@5_ag=0.8000  select=0.5800
Ep054  LR0=2.82e-05  pw=1.03  aucα=0.300  token_p=0.020  dropE=(0.020,0.080)  smooth=0.010  train_loss=0.1432  train_AUPR_all=0.8449  train_AUPR_ab=0.8882  train_AUPR_ag=0.7799  train_P@5_ab=1.0000  train_P@5_ag=1.0000  val_loss=0.3059  val_AUPR_all=0.6060  val_AUPR_ab=0.7412  val_AUPR_ag=0.4105  val_P@5_ab=0.8500  val_P@5_ag=0.8000  select=0.5758
Ep055  LR0=2.51e-05  pw=1.02  aucα=0.300  token_p=0.020  dropE=(0.020,0.080)  smooth=0.010  train_loss=0.1410  train_AUPR_all=0.8479  train_AUPR_ab=0.8896  train_AUPR_ag=0.7853  train_P@5_ab=1.0000  train_P@5_ag=1.0000  val_loss=0.3040  val_AUPR_all=0.6094  val_AUPR_ab=0.7532  val_AUPR_ag=0.4025  val_P@5_ab=1.0000  val_P@5_ag=0.6500  select=0.5778
Ep056  LR0=2.23e-05  pw=1.02  aucα=0.300  token_p=0.020  dropE=(0.020,0.080)  smooth=0.010  train_loss=0.1378  train_AUPR_all=0.8530  train_AUPR_ab=0.8941  train_AUPR_ag=0.7917  train_P@5_ab=1.0000  train_P@5_ag=1.0000  val_loss=0.3074  val_AUPR_all=0.6034  val_AUPR_ab=0.7470  val_AUPR_ag=0.4008  val_P@5_ab=0.9500  val_P@5_ag=0.7000  select=0.5739
Ep057  LR0=1.96e-05  pw=1.02  aucα=0.300  token_p=0.020  dropE=(0.020,0.080)  smooth=0.010  train_loss=0.1413  train_AUPR_all=0.8454  train_AUPR_ab=0.8877  train_AUPR_ag=0.7819  train_P@5_ab=1.0000  train_P@5_ag=1.0000  val_loss=0.3056  val_AUPR_all=0.6076  val_AUPR_ab=0.7476  val_AUPR_ag=0.4114  val_P@5_ab=0.9500  val_P@5_ag=0.7500  select=0.5795
Ep058  LR0=1.70e-05  pw=1.02  aucα=0.300  token_p=0.020  dropE=(0.020,0.080)  smooth=0.010  train_loss=0.1364  train_AUPR_all=0.8561  train_AUPR_ab=0.8977  train_AUPR_ag=0.7933  train_P@5_ab=1.0000  train_P@5_ag=1.0000  val_loss=0.3088  val_AUPR_all=0.6037  val_AUPR_ab=0.7490  val_AUPR_ag=0.4030  val_P@5_ab=0.9000  val_P@5_ag=0.7500  select=0.5760
Ep059  LR0=1.46e-05  pw=1.01  aucα=0.300  token_p=0.020  dropE=(0.020,0.080)  smooth=0.010  train_loss=0.1386  train_AUPR_all=0.8520  train_AUPR_ab=0.8946  train_AUPR_ag=0.7878  train_P@5_ab=1.0000  train_P@5_ag=1.0000  val_loss=0.3066  val_AUPR_all=0.6087  val_AUPR_ab=0.7520  val_AUPR_ag=0.4056  val_P@5_ab=1.0000  val_P@5_ag=0.7500  select=0.5788
Ep060  LR0=1.24e-05  pw=1.01  aucα=0.300  token_p=0.020  dropE=(0.020,0.080)  smooth=0.010  train_loss=0.1357  train_AUPR_all=0.8567  train_AUPR_ab=0.8980  train_AUPR_ag=0.7945  train_P@5_ab=0.9500  train_P@5_ag=1.0000  val_loss=0.3072  val_AUPR_all=0.6046  val_AUPR_ab=0.7454  val_AUPR_ag=0.4076  val_P@5_ab=0.8000  val_P@5_ag=0.6500  select=0.5765
Ep061  LR0=1.04e-05  pw=1.01  aucα=0.300  token_p=0.020  dropE=(0.020,0.080)  smooth=0.010  train_loss=0.1361  train_AUPR_all=0.8558  train_AUPR_ab=0.8966  train_AUPR_ag=0.7945  train_P@5_ab=1.0000  train_P@5_ag=1.0000  val_loss=0.3061  val_AUPR_all=0.6025  val_AUPR_ab=0.7453  val_AUPR_ag=0.4004  val_P@5_ab=0.8500  val_P@5_ag=0.5500  select=0.5728
Ep062  LR0=8.53e-06  pw=1.01  aucα=0.300  token_p=0.020  dropE=(0.020,0.080)  smooth=0.010  train_loss=0.1331  train_AUPR_all=0.8611  train_AUPR_ab=0.9022  train_AUPR_ag=0.7986  train_P@5_ab=1.0000  train_P@5_ag=1.0000  val_loss=0.3069  val_AUPR_all=0.6033  val_AUPR_ab=0.7497  val_AUPR_ag=0.3979  val_P@5_ab=0.9500  val_P@5_ag=0.6000  select=0.5738
Ep063  LR0=6.86e-06  pw=1.01  aucα=0.300  token_p=0.020  dropE=(0.020,0.080)  smooth=0.010  train_loss=0.1322  train_AUPR_all=0.8626  train_AUPR_ab=0.9024  train_AUPR_ag=0.8024  train_P@5_ab=0.9500  train_P@5_ag=0.9500  val_loss=0.3079  val_AUPR_all=0.6041  val_AUPR_ab=0.7491  val_AUPR_ag=0.3991  val_P@5_ab=1.0000  val_P@5_ag=0.6000  select=0.5741
Ep064  LR0=5.38e-06  pw=1.01  aucα=0.300  token_p=0.020  dropE=(0.020,0.080)  smooth=0.010  train_loss=0.1328  train_AUPR_all=0.8612  train_AUPR_ab=0.9005  train_AUPR_ag=0.8022  train_P@5_ab=0.9500  train_P@5_ag=1.0000  val_loss=0.3071  val_AUPR_all=0.6024  val_AUPR_ab=0.7493  val_AUPR_ag=0.3954  val_P@5_ab=0.9500  val_P@5_ag=0.5000  select=0.5724
Ep065  LR0=4.09e-06  pw=1.01  aucα=0.300  token_p=0.020  dropE=(0.020,0.080)  smooth=0.010  train_loss=0.1292  train_AUPR_all=0.8690  train_AUPR_ab=0.9092  train_AUPR_ag=0.8075  train_P@5_ab=1.0000  train_P@5_ag=1.0000  val_loss=0.3075  val_AUPR_all=0.6006  val_AUPR_ab=0.7479  val_AUPR_ag=0.3920  val_P@5_ab=0.9000  val_P@5_ag=0.5500  select=0.5699
Ep066  LR0=3.00e-06  pw=1.01  aucα=0.300  token_p=0.020  dropE=(0.020,0.080)  smooth=0.010  train_loss=0.1324  train_AUPR_all=0.8618  train_AUPR_ab=0.9023  train_AUPR_ag=0.8003  train_P@5_ab=1.0000  train_P@5_ag=1.0000  val_loss=0.3073  val_AUPR_all=0.6026  val_AUPR_ab=0.7473  val_AUPR_ag=0.3965  val_P@5_ab=0.8500  val_P@5_ag=0.5500  select=0.5719
Ep067  LR0=2.10e-06  pw=1.00  aucα=0.300  token_p=0.020  dropE=(0.020,0.080)  smooth=0.010  train_loss=0.1290  train_AUPR_all=0.8675  train_AUPR_ab=0.9048  train_AUPR_ag=0.8111  train_P@5_ab=1.0000  train_P@5_ag=1.0000  val_loss=0.3084  val_AUPR_all=0.6007  val_AUPR_ab=0.7473  val_AUPR_ag=0.3962  val_P@5_ab=0.9000  val_P@5_ag=0.5500  select=0.5717
Ep068  LR0=1.40e-06  pw=1.00  aucα=0.300  token_p=0.020  dropE=(0.020,0.080)  smooth=0.010  train_loss=0.1270  train_AUPR_all=0.8706  train_AUPR_ab=0.9086  train_AUPR_ag=0.8132  train_P@5_ab=1.0000  train_P@5_ag=1.0000  val_loss=0.3087  val_AUPR_all=0.6007  val_AUPR_ab=0.7482  val_AUPR_ag=0.3955  val_P@5_ab=0.9000  val_P@5_ag=0.5500  select=0.5718
Ep069  LR0=9.02e-07  pw=1.00  aucα=0.300  token_p=0.020  dropE=(0.020,0.080)  smooth=0.010  train_loss=0.1312  train_AUPR_all=0.8642  train_AUPR_ab=0.9051  train_AUPR_ag=0.8019  train_P@5_ab=1.0000  train_P@5_ag=1.0000  val_loss=0.3081  val_AUPR_all=0.6003  val_AUPR_ab=0.7478  val_AUPR_ag=0.3953  val_P@5_ab=0.9000  val_P@5_ag=0.5500  select=0.5716
Ep070  LR0=6.00e-07  pw=1.00  aucα=0.300  token_p=0.020  dropE=(0.020,0.080)  smooth=0.010  train_loss=0.1279  train_AUPR_all=0.8695  train_AUPR_ab=0.9081  train_AUPR_ag=0.8111  train_P@5_ab=1.0000  train_P@5_ag=1.0000  val_loss=0.3083  val_AUPR_all=0.6004  val_AUPR_ab=0.7479  val_AUPR_ag=0.3948  val_P@5_ab=0.9000  val_P@5_ag=0.5500  select=0.5713
Final saved checkpoint for fold 4: checkpoints_newesm/iPara_balanced_l1_g6_i5_do0.10_dpr0.10_lr0.0002_heads16_fold4.pth
Best select=0.5869 at epoch 51

==========================================================================================
Fold 5/5
==========================================================================================
Train labels: valid=399660, pos=26617, neg=373043, ignore=699540, pos_frac=0.06660
Val labels: valid=100532, pos=6613, neg=93919, ignore=173068, pos_frac=0.06578
Initializing ClassificationModel with 6 GAT layers and residual connections...
Initializing MCModel with 6 GAT layers and 5 row attention layers (drop_path_rate=0.1, use_esm=True)
Initializing CoreModel with 1 layers, drop_path_rate=0.1
Ep001  LR0=2.00e-04  pw=20.00  aucα=0.000  token_p=0.020  dropE=(0.020,0.080)  smooth=0.010  train_loss=1.1912  train_AUPR_all=0.2023  train_AUPR_ab=0.2221  train_AUPR_ag=0.1733  train_P@5_ab=0.2000  train_P@5_ag=0.0500  val_loss=1.2102  val_AUPR_all=0.3855  val_AUPR_ab=0.5063  val_AUPR_ag=0.1936  val_P@5_ab=0.5000  val_P@5_ag=0.6500  select=0.3499
  Saved checkpoint: checkpoints_newesm/iPara_balanced_l1_g6_i5_do0.10_dpr0.10_lr0.0002_heads16_fold5.pth  select=0.3499  val_ab=0.5063  val_ag=0.1936  val_all=0.3855
Ep002  LR0=2.00e-04  pw=17.77  aucα=0.000  token_p=0.020  dropE=(0.020,0.080)  smooth=0.010  train_loss=0.8307  train_AUPR_all=0.3782  train_AUPR_ab=0.4515  train_AUPR_ag=0.2562  train_P@5_ab=0.6000  train_P@5_ag=0.7500  val_loss=1.0847  val_AUPR_all=0.4269  val_AUPR_ab=0.5429  val_AUPR_ag=0.2398  val_P@5_ab=0.5500  val_P@5_ag=0.8500  select=0.3913
  Saved checkpoint: checkpoints_newesm/iPara_balanced_l1_g6_i5_do0.10_dpr0.10_lr0.0002_heads16_fold5.pth  select=0.3913  val_ab=0.5429  val_ag=0.2398  val_all=0.4269
Ep003  LR0=2.00e-04  pw=15.80  aucα=0.000  token_p=0.020  dropE=(0.020,0.080)  smooth=0.010  train_loss=0.7387  train_AUPR_all=0.4174  train_AUPR_ab=0.4946  train_AUPR_ag=0.2817  train_P@5_ab=0.8000  train_P@5_ag=0.8500  val_loss=1.0747  val_AUPR_all=0.4110  val_AUPR_ab=0.5640  val_AUPR_ag=0.2085  val_P@5_ab=0.4500  val_P@5_ag=0.8500  select=0.3863
Ep004  LR0=1.99e-04  pw=14.06  aucα=0.000  token_p=0.020  dropE=(0.020,0.080)  smooth=0.010  train_loss=0.6705  train_AUPR_all=0.4498  train_AUPR_ab=0.5260  train_AUPR_ag=0.3050  train_P@5_ab=0.7000  train_P@5_ag=1.0000  val_loss=1.3235  val_AUPR_all=0.4239  val_AUPR_ab=0.6061  val_AUPR_ag=0.1989  val_P@5_ab=0.3500  val_P@5_ag=0.7500  select=0.4025
  Saved checkpoint: checkpoints_newesm/iPara_balanced_l1_g6_i5_do0.10_dpr0.10_lr0.0002_heads16_fold5.pth  select=0.4025  val_ab=0.6061  val_ag=0.1989  val_all=0.4239
Ep005  LR0=1.98e-04  pw=12.52  aucα=0.000  token_p=0.020  dropE=(0.020,0.080)  smooth=0.010  train_loss=0.6150  train_AUPR_all=0.4807  train_AUPR_ab=0.5565  train_AUPR_ag=0.3296  train_P@5_ab=0.7000  train_P@5_ag=0.9500  val_loss=0.8717  val_AUPR_all=0.4851  val_AUPR_ab=0.6302  val_AUPR_ag=0.2738  val_P@5_ab=0.4000  val_P@5_ag=0.9000  select=0.4520
  Saved checkpoint: checkpoints_newesm/iPara_balanced_l1_g6_i5_do0.10_dpr0.10_lr0.0002_heads16_fold5.pth  select=0.4520  val_ab=0.6302  val_ag=0.2738  val_all=0.4851
Ep006  LR0=1.97e-04  pw=11.17  aucα=0.000  token_p=0.020  dropE=(0.020,0.080)  smooth=0.010  train_loss=0.5816  train_AUPR_all=0.4897  train_AUPR_ab=0.5738  train_AUPR_ag=0.3297  train_P@5_ab=0.6500  train_P@5_ag=1.0000  val_loss=0.9541  val_AUPR_all=0.3988  val_AUPR_ab=0.6321  val_AUPR_ag=0.2046  val_P@5_ab=0.5500  val_P@5_ag=0.5000  select=0.4184
Ep007  LR0=1.96e-04  pw=9.97  aucα=0.000  token_p=0.020  dropE=(0.020,0.080)  smooth=0.010  train_loss=0.5361  train_AUPR_all=0.4934  train_AUPR_ab=0.5692  train_AUPR_ag=0.3445  train_P@5_ab=0.5500  train_P@5_ag=0.9000  val_loss=0.8296  val_AUPR_all=0.4887  val_AUPR_ab=0.6383  val_AUPR_ag=0.2867  val_P@5_ab=0.6500  val_P@5_ag=0.6500  select=0.4625
  Saved checkpoint: checkpoints_newesm/iPara_balanced_l1_g6_i5_do0.10_dpr0.10_lr0.0002_heads16_fold5.pth  select=0.4625  val_ab=0.6383  val_ag=0.2867  val_all=0.4887
Ep008  LR0=1.95e-04  pw=8.92  aucα=0.000  token_p=0.020  dropE=(0.020,0.080)  smooth=0.010  train_loss=0.5002  train_AUPR_all=0.5175  train_AUPR_ab=0.6055  train_AUPR_ag=0.3528  train_P@5_ab=0.7500  train_P@5_ag=0.7500  val_loss=0.6836  val_AUPR_all=0.5110  val_AUPR_ab=0.6673  val_AUPR_ag=0.2965  val_P@5_ab=0.4500  val_P@5_ag=0.8500  select=0.4819
  Saved checkpoint: checkpoints_newesm/iPara_balanced_l1_g6_i5_do0.10_dpr0.10_lr0.0002_heads16_fold5.pth  select=0.4819  val_ab=0.6673  val_ag=0.2965  val_all=0.5110
Ep009  LR0=1.94e-04  pw=7.99  aucα=0.000  token_p=0.020  dropE=(0.020,0.080)  smooth=0.010  train_loss=0.4660  train_AUPR_all=0.5172  train_AUPR_ab=0.6049  train_AUPR_ag=0.3572  train_P@5_ab=0.8500  train_P@5_ag=0.9500  val_loss=0.6599  val_AUPR_all=0.5221  val_AUPR_ab=0.6921  val_AUPR_ag=0.2905  val_P@5_ab=0.6000  val_P@5_ag=0.8000  select=0.4913
  Saved checkpoint: checkpoints_newesm/iPara_balanced_l1_g6_i5_do0.10_dpr0.10_lr0.0002_heads16_fold5.pth  select=0.4913  val_ab=0.6921  val_ag=0.2905  val_all=0.5221
Ep010  LR0=1.92e-04  pw=7.17  aucα=0.030  token_p=0.020  dropE=(0.020,0.080)  smooth=0.010  train_loss=0.4498  train_AUPR_all=0.5338  train_AUPR_ab=0.6248  train_AUPR_ag=0.3652  train_P@5_ab=0.7000  train_P@5_ag=0.8500  val_loss=0.6560  val_AUPR_all=0.5251  val_AUPR_ab=0.6836  val_AUPR_ag=0.2931  val_P@5_ab=0.5500  val_P@5_ag=0.8500  select=0.4883
Unfreezing DyM parameters.
Ep011  LR0=1.90e-04  pw=6.44  aucα=0.060  token_p=0.020  dropE=(0.020,0.080)  smooth=0.010  train_loss=0.4379  train_AUPR_all=0.5424  train_AUPR_ab=0.6376  train_AUPR_ag=0.3726  train_P@5_ab=0.7500  train_P@5_ag=0.8000  val_loss=0.6115  val_AUPR_all=0.4223  val_AUPR_ab=0.6704  val_AUPR_ag=0.2392  val_P@5_ab=0.7500  val_P@5_ag=0.4500  select=0.4548
Ep012  LR0=1.88e-04  pw=5.80  aucα=0.090  token_p=0.020  dropE=(0.020,0.080)  smooth=0.010  train_loss=0.4261  train_AUPR_all=0.5545  train_AUPR_ab=0.6591  train_AUPR_ag=0.3790  train_P@5_ab=0.8500  train_P@5_ag=0.9500  val_loss=0.7253  val_AUPR_all=0.4899  val_AUPR_ab=0.6900  val_AUPR_ag=0.2235  val_P@5_ab=0.9000  val_P@5_ag=0.5500  select=0.4568
Ep013  LR0=1.86e-04  pw=5.24  aucα=0.120  token_p=0.020  dropE=(0.020,0.080)  smooth=0.010  train_loss=0.4182  train_AUPR_all=0.5655  train_AUPR_ab=0.6652  train_AUPR_ag=0.3941  train_P@5_ab=0.9500  train_P@5_ag=0.9500  val_loss=0.6049  val_AUPR_all=0.4753  val_AUPR_ab=0.6990  val_AUPR_ag=0.2575  val_P@5_ab=0.9500  val_P@5_ag=0.8000  select=0.4782
Ep014  LR0=1.83e-04  pw=4.74  aucα=0.150  token_p=0.020  dropE=(0.020,0.080)  smooth=0.010  train_loss=0.4079  train_AUPR_all=0.5724  train_AUPR_ab=0.6736  train_AUPR_ag=0.3969  train_P@5_ab=0.7000  train_P@5_ag=0.9500  val_loss=0.5443  val_AUPR_all=0.5277  val_AUPR_ab=0.7030  val_AUPR_ag=0.3184  val_P@5_ab=0.8000  val_P@5_ag=0.8000  select=0.5107
  Saved checkpoint: checkpoints_newesm/iPara_balanced_l1_g6_i5_do0.10_dpr0.10_lr0.0002_heads16_fold5.pth  select=0.5107  val_ab=0.7030  val_ag=0.3184  val_all=0.5277
Ep015  LR0=1.81e-04  pw=4.30  aucα=0.180  token_p=0.020  dropE=(0.020,0.080)  smooth=0.010  train_loss=0.3997  train_AUPR_all=0.5832  train_AUPR_ab=0.6856  train_AUPR_ag=0.4088  train_P@5_ab=1.0000  train_P@5_ag=1.0000  val_loss=0.5170  val_AUPR_all=0.4894  val_AUPR_ab=0.7029  val_AUPR_ag=0.2355  val_P@5_ab=1.0000  val_P@5_ag=0.0500  select=0.4692
Ep016  LR0=1.78e-04  pw=3.91  aucα=0.210  token_p=0.020  dropE=(0.020,0.080)  smooth=0.010  train_loss=0.3917  train_AUPR_all=0.5926  train_AUPR_ab=0.6986  train_AUPR_ag=0.4179  train_P@5_ab=1.0000  train_P@5_ag=0.9500  val_loss=0.5494  val_AUPR_all=0.5269  val_AUPR_ab=0.6746  val_AUPR_ag=0.2991  val_P@5_ab=0.8000  val_P@5_ag=0.9500  select=0.4868
Ep017  LR0=1.75e-04  pw=3.57  aucα=0.240  token_p=0.020  dropE=(0.020,0.080)  smooth=0.010  train_loss=0.3891  train_AUPR_all=0.5972  train_AUPR_ab=0.7027  train_AUPR_ag=0.4232  train_P@5_ab=0.9000  train_P@5_ag=0.9500  val_loss=0.4543  val_AUPR_all=0.5645  val_AUPR_ab=0.7202  val_AUPR_ag=0.3503  val_P@5_ab=1.0000  val_P@5_ag=0.9500  select=0.5352
  Saved checkpoint: checkpoints_newesm/iPara_balanced_l1_g6_i5_do0.10_dpr0.10_lr0.0002_heads16_fold5.pth  select=0.5352  val_ab=0.7202  val_ag=0.3503  val_all=0.5645
Ep018  LR0=1.72e-04  pw=3.27  aucα=0.270  token_p=0.020  dropE=(0.020,0.080)  smooth=0.010  train_loss=0.3833  train_AUPR_all=0.6069  train_AUPR_ab=0.7126  train_AUPR_ag=0.4312  train_P@5_ab=0.9000  train_P@5_ag=0.8000  val_loss=0.4455  val_AUPR_all=0.5738  val_AUPR_ab=0.7316  val_AUPR_ag=0.3507  val_P@5_ab=1.0000  val_P@5_ag=1.0000  select=0.5411
  Saved checkpoint: checkpoints_newesm/iPara_balanced_l1_g6_i5_do0.10_dpr0.10_lr0.0002_heads16_fold5.pth  select=0.5411  val_ab=0.7316  val_ag=0.3507  val_all=0.5738
Ep019  LR0=1.69e-04  pw=3.00  aucα=0.300  token_p=0.020  dropE=(0.020,0.080)  smooth=0.010  train_loss=0.3798  train_AUPR_all=0.6144  train_AUPR_ab=0.7196  train_AUPR_ag=0.4408  train_P@5_ab=0.9500  train_P@5_ag=0.9000  val_loss=0.4373  val_AUPR_all=0.5629  val_AUPR_ab=0.7119  val_AUPR_ag=0.3318  val_P@5_ab=0.9000  val_P@5_ag=0.9000  select=0.5218
Ep020  LR0=1.66e-04  pw=2.77  aucα=0.300  token_p=0.020  dropE=(0.020,0.080)  smooth=0.010  train_loss=0.3592  train_AUPR_all=0.6276  train_AUPR_ab=0.7319  train_AUPR_ag=0.4575  train_P@5_ab=1.0000  train_P@5_ag=1.0000  val_loss=0.4143  val_AUPR_all=0.5394  val_AUPR_ab=0.7271  val_AUPR_ag=0.3106  val_P@5_ab=1.0000  val_P@5_ag=0.8500  select=0.5189
Ep021  LR0=1.62e-04  pw=2.56  aucα=0.300  token_p=0.020  dropE=(0.020,0.080)  smooth=0.010  train_loss=0.3466  train_AUPR_all=0.6284  train_AUPR_ab=0.7284  train_AUPR_ag=0.4670  train_P@5_ab=1.0000  train_P@5_ag=0.8000  val_loss=0.3881  val_AUPR_all=0.5903  val_AUPR_ab=0.7324  val_AUPR_ag=0.3547  val_P@5_ab=1.0000  val_P@5_ag=0.9500  select=0.5436
  Saved checkpoint: checkpoints_newesm/iPara_balanced_l1_g6_i5_do0.10_dpr0.10_lr0.0002_heads16_fold5.pth  select=0.5436  val_ab=0.7324  val_ag=0.3547  val_all=0.5903
Ep022  LR0=1.59e-04  pw=2.38  aucα=0.300  token_p=0.020  dropE=(0.020,0.080)  smooth=0.010  train_loss=0.3320  train_AUPR_all=0.6357  train_AUPR_ab=0.7381  train_AUPR_ag=0.4705  train_P@5_ab=0.9000  train_P@5_ag=0.9000  val_loss=0.3869  val_AUPR_all=0.5814  val_AUPR_ab=0.7287  val_AUPR_ag=0.3453  val_P@5_ab=1.0000  val_P@5_ag=0.8500  select=0.5370
Ep023  LR0=1.55e-04  pw=2.21  aucα=0.300  token_p=0.020  dropE=(0.020,0.080)  smooth=0.010  train_loss=0.3156  train_AUPR_all=0.6501  train_AUPR_ab=0.7502  train_AUPR_ag=0.4889  train_P@5_ab=0.9500  train_P@5_ag=0.9000  val_loss=0.3752  val_AUPR_all=0.5857  val_AUPR_ab=0.7339  val_AUPR_ag=0.3566  val_P@5_ab=0.9500  val_P@5_ag=0.9500  select=0.5452
  Saved checkpoint: checkpoints_newesm/iPara_balanced_l1_g6_i5_do0.10_dpr0.10_lr0.0002_heads16_fold5.pth  select=0.5452  val_ab=0.7339  val_ag=0.3566  val_all=0.5857
Ep024  LR0=1.51e-04  pw=2.07  aucα=0.300  token_p=0.020  dropE=(0.020,0.080)  smooth=0.010  train_loss=0.3047  train_AUPR_all=0.6578  train_AUPR_ab=0.7584  train_AUPR_ag=0.4981  train_P@5_ab=1.0000  train_P@5_ag=0.9500  val_loss=0.3754  val_AUPR_all=0.5825  val_AUPR_ab=0.7263  val_AUPR_ag=0.3578  val_P@5_ab=0.9500  val_P@5_ag=0.8500  select=0.5420
Ep025  LR0=1.48e-04  pw=1.95  aucα=0.300  token_p=0.020  dropE=(0.020,0.080)  smooth=0.010  train_loss=0.2928  train_AUPR_all=0.6650  train_AUPR_ab=0.7595  train_AUPR_ag=0.5172  train_P@5_ab=1.0000  train_P@5_ag=0.9500  val_loss=0.3535  val_AUPR_all=0.5961  val_AUPR_ab=0.7429  val_AUPR_ag=0.3804  val_P@5_ab=1.0000  val_P@5_ag=0.9500  select=0.5616
  Saved checkpoint: checkpoints_newesm/iPara_balanced_l1_g6_i5_do0.10_dpr0.10_lr0.0002_heads16_fold5.pth  select=0.5616  val_ab=0.7429  val_ag=0.3804  val_all=0.5961
Ep026  LR0=1.44e-04  pw=1.83  aucα=0.300  token_p=0.020  dropE=(0.020,0.080)  smooth=0.010  train_loss=0.2817  train_AUPR_all=0.6729  train_AUPR_ab=0.7642  train_AUPR_ag=0.5287  train_P@5_ab=0.9500  train_P@5_ag=0.9000  val_loss=0.3543  val_AUPR_all=0.5887  val_AUPR_ab=0.7358  val_AUPR_ag=0.3617  val_P@5_ab=0.9500  val_P@5_ag=0.9500  select=0.5488
Ep027  LR0=1.39e-04  pw=1.74  aucα=0.300  token_p=0.020  dropE=(0.020,0.080)  smooth=0.010  train_loss=0.2700  train_AUPR_all=0.6849  train_AUPR_ab=0.7721  train_AUPR_ag=0.5485  train_P@5_ab=1.0000  train_P@5_ag=0.8000  val_loss=0.3426  val_AUPR_all=0.5890  val_AUPR_ab=0.7363  val_AUPR_ag=0.3675  val_P@5_ab=1.0000  val_P@5_ag=0.9000  select=0.5519
Ep028  LR0=1.35e-04  pw=1.65  aucα=0.300  token_p=0.020  dropE=(0.020,0.080)  smooth=0.010  train_loss=0.2604  train_AUPR_all=0.6928  train_AUPR_ab=0.7772  train_AUPR_ag=0.5620  train_P@5_ab=0.9500  train_P@5_ag=0.9500  val_loss=0.3361  val_AUPR_all=0.5886  val_AUPR_ab=0.7381  val_AUPR_ag=0.3630  val_P@5_ab=0.9500  val_P@5_ag=0.7500  select=0.5506
Ep029  LR0=1.31e-04  pw=1.57  aucα=0.300  token_p=0.020  dropE=(0.020,0.080)  smooth=0.010  train_loss=0.2482  train_AUPR_all=0.7070  train_AUPR_ab=0.7887  train_AUPR_ag=0.5803  train_P@5_ab=1.0000  train_P@5_ag=1.0000  val_loss=0.3257  val_AUPR_all=0.5990  val_AUPR_ab=0.7415  val_AUPR_ag=0.3874  val_P@5_ab=1.0000  val_P@5_ag=0.7000  select=0.5645
  Saved checkpoint: checkpoints_newesm/iPara_balanced_l1_g6_i5_do0.10_dpr0.10_lr0.0002_heads16_fold5.pth  select=0.5645  val_ab=0.7415  val_ag=0.3874  val_all=0.5990
Ep030  LR0=1.27e-04  pw=1.51  aucα=0.300  token_p=0.020  dropE=(0.020,0.080)  smooth=0.010  train_loss=0.2411  train_AUPR_all=0.7123  train_AUPR_ab=0.7897  train_AUPR_ag=0.5938  train_P@5_ab=0.9500  train_P@5_ag=0.9000  val_loss=0.3355  val_AUPR_all=0.5817  val_AUPR_ab=0.7322  val_AUPR_ag=0.3622  val_P@5_ab=1.0000  val_P@5_ag=0.8500  select=0.5472
Ep031  LR0=1.22e-04  pw=1.45  aucα=0.300  token_p=0.020  dropE=(0.020,0.080)  smooth=0.010  train_loss=0.2333  train_AUPR_all=0.7200  train_AUPR_ab=0.7975  train_AUPR_ag=0.6018  train_P@5_ab=1.0000  train_P@5_ag=1.0000  val_loss=0.3252  val_AUPR_all=0.5929  val_AUPR_ab=0.7322  val_AUPR_ag=0.3802  val_P@5_ab=1.0000  val_P@5_ag=0.8500  select=0.5562
Ep032  LR0=1.18e-04  pw=1.39  aucα=0.300  token_p=0.020  dropE=(0.020,0.080)  smooth=0.010  train_loss=0.2277  train_AUPR_all=0.7235  train_AUPR_ab=0.7973  train_AUPR_ag=0.6113  train_P@5_ab=1.0000  train_P@5_ag=1.0000  val_loss=0.3217  val_AUPR_all=0.5805  val_AUPR_ab=0.7337  val_AUPR_ag=0.3678  val_P@5_ab=1.0000  val_P@5_ag=0.8500  select=0.5507
Ep033  LR0=1.14e-04  pw=1.35  aucα=0.300  token_p=0.020  dropE=(0.020,0.080)  smooth=0.010  train_loss=0.2204  train_AUPR_all=0.7326  train_AUPR_ab=0.8016  train_AUPR_ag=0.6281  train_P@5_ab=0.9500  train_P@5_ag=0.9500  val_loss=0.3188  val_AUPR_all=0.5994  val_AUPR_ab=0.7465  val_AUPR_ag=0.3828  val_P@5_ab=1.0000  val_P@5_ag=1.0000  select=0.5647
  Saved checkpoint: checkpoints_newesm/iPara_balanced_l1_g6_i5_do0.10_dpr0.10_lr0.0002_heads16_fold5.pth  select=0.5647  val_ab=0.7465  val_ag=0.3828  val_all=0.5994
Ep034  LR0=1.09e-04  pw=1.31  aucα=0.300  token_p=0.020  dropE=(0.020,0.080)  smooth=0.010  train_loss=0.2130  train_AUPR_all=0.7426  train_AUPR_ab=0.8100  train_AUPR_ag=0.6408  train_P@5_ab=1.0000  train_P@5_ag=1.0000  val_loss=0.3203  val_AUPR_all=0.5861  val_AUPR_ab=0.7427  val_AUPR_ag=0.3811  val_P@5_ab=1.0000  val_P@5_ag=0.9500  select=0.5619
Ep035  LR0=1.05e-04  pw=1.27  aucα=0.300  token_p=0.020  dropE=(0.020,0.080)  smooth=0.010  train_loss=0.2046  train_AUPR_all=0.7561  train_AUPR_ab=0.8209  train_AUPR_ag=0.6590  train_P@5_ab=1.0000  train_P@5_ag=1.0000  val_loss=0.3057  val_AUPR_all=0.5997  val_AUPR_ab=0.7412  val_AUPR_ag=0.3955  val_P@5_ab=0.9500  val_P@5_ag=0.9500  select=0.5683
  Saved checkpoint: checkpoints_newesm/iPara_balanced_l1_g6_i5_do0.10_dpr0.10_lr0.0002_heads16_fold5.pth  select=0.5683  val_ab=0.7412  val_ag=0.3955  val_all=0.5997
Ep036  LR0=1.00e-04  pw=1.24  aucα=0.300  token_p=0.020  dropE=(0.020,0.080)  smooth=0.010  train_loss=0.1977  train_AUPR_all=0.7627  train_AUPR_ab=0.8238  train_AUPR_ag=0.6707  train_P@5_ab=1.0000  train_P@5_ag=1.0000  val_loss=0.3152  val_AUPR_all=0.5936  val_AUPR_ab=0.7332  val_AUPR_ag=0.4001  val_P@5_ab=1.0000  val_P@5_ag=0.9500  select=0.5666
Ep037  LR0=9.58e-05  pw=1.21  aucα=0.300  token_p=0.020  dropE=(0.020,0.080)  smooth=0.010  train_loss=0.1949  train_AUPR_all=0.7670  train_AUPR_ab=0.8278  train_AUPR_ag=0.6763  train_P@5_ab=1.0000  train_P@5_ag=1.0000  val_loss=0.3078  val_AUPR_all=0.6007  val_AUPR_ab=0.7381  val_AUPR_ag=0.4029  val_P@5_ab=0.8000  val_P@5_ag=0.9500  select=0.5705
  Saved checkpoint: checkpoints_newesm/iPara_balanced_l1_g6_i5_do0.10_dpr0.10_lr0.0002_heads16_fold5.pth  select=0.5705  val_ab=0.7381  val_ag=0.4029  val_all=0.6007
Ep038  LR0=9.13e-05  pw=1.19  aucα=0.300  token_p=0.020  dropE=(0.020,0.080)  smooth=0.010  train_loss=0.1885  train_AUPR_all=0.7762  train_AUPR_ab=0.8327  train_AUPR_ag=0.6924  train_P@5_ab=1.0000  train_P@5_ag=1.0000  val_loss=0.3153  val_AUPR_all=0.5898  val_AUPR_ab=0.7362  val_AUPR_ag=0.3901  val_P@5_ab=1.0000  val_P@5_ag=0.9500  select=0.5631
Ep039  LR0=8.69e-05  pw=1.16  aucα=0.300  token_p=0.020  dropE=(0.020,0.080)  smooth=0.010  train_loss=0.1814  train_AUPR_all=0.7875  train_AUPR_ab=0.8437  train_AUPR_ag=0.7036  train_P@5_ab=1.0000  train_P@5_ag=1.0000  val_loss=0.3019  val_AUPR_all=0.6040  val_AUPR_ab=0.7461  val_AUPR_ag=0.4056  val_P@5_ab=0.9000  val_P@5_ag=0.8000  select=0.5759
  Saved checkpoint: checkpoints_newesm/iPara_balanced_l1_g6_i5_do0.10_dpr0.10_lr0.0002_heads16_fold5.pth  select=0.5759  val_ab=0.7461  val_ag=0.4056  val_all=0.6040
Ep040  LR0=8.24e-05  pw=1.15  aucα=0.300  token_p=0.020  dropE=(0.020,0.080)  smooth=0.010  train_loss=0.1781  train_AUPR_all=0.7920  train_AUPR_ab=0.8445  train_AUPR_ag=0.7149  train_P@5_ab=1.0000  train_P@5_ag=1.0000  val_loss=0.3138  val_AUPR_all=0.5802  val_AUPR_ab=0.7365  val_AUPR_ag=0.3769  val_P@5_ab=0.9000  val_P@5_ag=0.8000  select=0.5567
Ep041  LR0=7.81e-05  pw=1.13  aucα=0.300  token_p=0.020  dropE=(0.020,0.080)  smooth=0.010  train_loss=0.1733  train_AUPR_all=0.7990  train_AUPR_ab=0.8525  train_AUPR_ag=0.7192  train_P@5_ab=1.0000  train_P@5_ag=1.0000  val_loss=0.3155  val_AUPR_all=0.5939  val_AUPR_ab=0.7390  val_AUPR_ag=0.3961  val_P@5_ab=0.9000  val_P@5_ag=0.8500  select=0.5675
Ep042  LR0=7.37e-05  pw=1.11  aucα=0.300  token_p=0.020  dropE=(0.020,0.080)  smooth=0.010  train_loss=0.1659  train_AUPR_all=0.8110  train_AUPR_ab=0.8617  train_AUPR_ag=0.7355  train_P@5_ab=1.0000  train_P@5_ag=1.0000  val_loss=0.3139  val_AUPR_all=0.5938  val_AUPR_ab=0.7356  val_AUPR_ag=0.3964  val_P@5_ab=0.9500  val_P@5_ag=0.9500  select=0.5660
Ep043  LR0=6.94e-05  pw=1.10  aucα=0.300  token_p=0.020  dropE=(0.020,0.080)  smooth=0.010  train_loss=0.1620  train_AUPR_all=0.8166  train_AUPR_ab=0.8656  train_AUPR_ag=0.7436  train_P@5_ab=1.0000  train_P@5_ag=0.9500  val_loss=0.3143  val_AUPR_all=0.5905  val_AUPR_ab=0.7379  val_AUPR_ag=0.3954  val_P@5_ab=0.9500  val_P@5_ag=0.9500  select=0.5666
Ep044  LR0=6.52e-05  pw=1.09  aucα=0.300  token_p=0.020  dropE=(0.020,0.080)  smooth=0.010  train_loss=0.1564  train_AUPR_all=0.8250  train_AUPR_ab=0.8722  train_AUPR_ag=0.7549  train_P@5_ab=1.0000  train_P@5_ag=1.0000  val_loss=0.3193  val_AUPR_all=0.5887  val_AUPR_ab=0.7395  val_AUPR_ag=0.3938  val_P@5_ab=0.9500  val_P@5_ag=0.9500  select=0.5667
Ep045  LR0=6.10e-05  pw=1.08  aucα=0.300  token_p=0.020  dropE=(0.020,0.080)  smooth=0.010  train_loss=0.1567  train_AUPR_all=0.8230  train_AUPR_ab=0.8695  train_AUPR_ag=0.7535  train_P@5_ab=1.0000  train_P@5_ag=1.0000  val_loss=0.3196  val_AUPR_all=0.5851  val_AUPR_ab=0.7368  val_AUPR_ag=0.3892  val_P@5_ab=1.0000  val_P@5_ag=0.8500  select=0.5630
Ep046  LR0=5.70e-05  pw=1.07  aucα=0.300  token_p=0.020  dropE=(0.020,0.080)  smooth=0.010  train_loss=0.1491  train_AUPR_all=0.8375  train_AUPR_ab=0.8839  train_AUPR_ag=0.7676  train_P@5_ab=1.0000  train_P@5_ag=0.9500  val_loss=0.3157  val_AUPR_all=0.5936  val_AUPR_ab=0.7421  val_AUPR_ag=0.4009  val_P@5_ab=0.9500  val_P@5_ag=0.9000  select=0.5715
Ep047  LR0=5.30e-05  pw=1.06  aucα=0.300  token_p=0.020  dropE=(0.020,0.080)  smooth=0.010  train_loss=0.1486  train_AUPR_all=0.8373  train_AUPR_ab=0.8810  train_AUPR_ag=0.7722  train_P@5_ab=1.0000  train_P@5_ag=1.0000  val_loss=0.3147  val_AUPR_all=0.5936  val_AUPR_ab=0.7362  val_AUPR_ag=0.3981  val_P@5_ab=1.0000  val_P@5_ag=0.9500  select=0.5672
Ep048  LR0=4.91e-05  pw=1.05  aucα=0.300  token_p=0.020  dropE=(0.020,0.080)  smooth=0.010  train_loss=0.1459  train_AUPR_all=0.8408  train_AUPR_ab=0.8812  train_AUPR_ag=0.7813  train_P@5_ab=1.0000  train_P@5_ag=1.0000  val_loss=0.3156  val_AUPR_all=0.5896  val_AUPR_ab=0.7332  val_AUPR_ag=0.3934  val_P@5_ab=0.9500  val_P@5_ag=0.8500  select=0.5633
Ep049  LR0=4.53e-05  pw=1.05  aucα=0.300  token_p=0.020  dropE=(0.020,0.080)  smooth=0.010  train_loss=0.1412  train_AUPR_all=0.8498  train_AUPR_ab=0.8913  train_AUPR_ag=0.7878  train_P@5_ab=1.0000  train_P@5_ag=1.0000  val_loss=0.3180  val_AUPR_all=0.5877  val_AUPR_ab=0.7347  val_AUPR_ag=0.3939  val_P@5_ab=0.9000  val_P@5_ag=0.8500  select=0.5643
Ep050  LR0=4.16e-05  pw=1.04  aucα=0.300  token_p=0.020  dropE=(0.020,0.080)  smooth=0.010  train_loss=0.1403  train_AUPR_all=0.8498  train_AUPR_ab=0.8897  train_AUPR_ag=0.7906  train_P@5_ab=1.0000  train_P@5_ag=1.0000  val_loss=0.3210  val_AUPR_all=0.5872  val_AUPR_ab=0.7298  val_AUPR_ag=0.3964  val_P@5_ab=0.9000  val_P@5_ag=0.9000  select=0.5631
Ep051  LR0=3.81e-05  pw=1.04  aucα=0.300  token_p=0.020  dropE=(0.020,0.080)  smooth=0.010  train_loss=0.1364  train_AUPR_all=0.8569  train_AUPR_ab=0.8977  train_AUPR_ag=0.7954  train_P@5_ab=0.9500  train_P@5_ag=1.0000  val_loss=0.3295  val_AUPR_all=0.5684  val_AUPR_ab=0.7186  val_AUPR_ag=0.3744  val_P@5_ab=0.8000  val_P@5_ag=0.7000  select=0.5465
Ep052  LR0=3.46e-05  pw=1.03  aucα=0.300  token_p=0.020  dropE=(0.020,0.080)  smooth=0.010  train_loss=0.1323  train_AUPR_all=0.8645  train_AUPR_ab=0.9011  train_AUPR_ag=0.8102  train_P@5_ab=1.0000  train_P@5_ag=1.0000  val_loss=0.3235  val_AUPR_all=0.5847  val_AUPR_ab=0.7401  val_AUPR_ag=0.3846  val_P@5_ab=0.9500  val_P@5_ag=0.7500  select=0.5624
Ep053  LR0=3.13e-05  pw=1.03  aucα=0.300  token_p=0.020  dropE=(0.020,0.080)  smooth=0.010  train_loss=0.1350  train_AUPR_all=0.8583  train_AUPR_ab=0.8954  train_AUPR_ag=0.8035  train_P@5_ab=1.0000  train_P@5_ag=1.0000  val_loss=0.3270  val_AUPR_all=0.5772  val_AUPR_ab=0.7282  val_AUPR_ag=0.3802  val_P@5_ab=0.8000  val_P@5_ag=0.6000  select=0.5542
Ep054  LR0=2.82e-05  pw=1.03  aucα=0.300  token_p=0.020  dropE=(0.020,0.080)  smooth=0.010  train_loss=0.1304  train_AUPR_all=0.8656  train_AUPR_ab=0.9029  train_AUPR_ag=0.8099  train_P@5_ab=1.0000  train_P@5_ag=1.0000  val_loss=0.3230  val_AUPR_all=0.5803  val_AUPR_ab=0.7289  val_AUPR_ag=0.3853  val_P@5_ab=0.9000  val_P@5_ag=0.7500  select=0.5571
Ep055  LR0=2.51e-05  pw=1.02  aucα=0.300  token_p=0.020  dropE=(0.020,0.080)  smooth=0.010  train_loss=0.1284  train_AUPR_all=0.8702  train_AUPR_ab=0.9057  train_AUPR_ag=0.8170  train_P@5_ab=1.0000  train_P@5_ag=1.0000  val_loss=0.3280  val_AUPR_all=0.5798  val_AUPR_ab=0.7318  val_AUPR_ag=0.3816  val_P@5_ab=0.9500  val_P@5_ag=0.7500  select=0.5567
Ep056  LR0=2.23e-05  pw=1.02  aucα=0.300  token_p=0.020  dropE=(0.020,0.080)  smooth=0.010  train_loss=0.1290  train_AUPR_all=0.8689  train_AUPR_ab=0.9034  train_AUPR_ag=0.8176  train_P@5_ab=1.0000  train_P@5_ag=1.0000  val_loss=0.3265  val_AUPR_all=0.5794  val_AUPR_ab=0.7226  val_AUPR_ag=0.3870  val_P@5_ab=0.8500  val_P@5_ag=0.7000  select=0.5548
Ep057  LR0=1.96e-05  pw=1.02  aucα=0.300  token_p=0.020  dropE=(0.020,0.080)  smooth=0.010  train_loss=0.1282  train_AUPR_all=0.8709  train_AUPR_ab=0.9055  train_AUPR_ag=0.8197  train_P@5_ab=1.0000  train_P@5_ag=1.0000  val_loss=0.3298  val_AUPR_all=0.5804  val_AUPR_ab=0.7273  val_AUPR_ag=0.3806  val_P@5_ab=0.9000  val_P@5_ag=0.7500  select=0.5539
Ep058  LR0=1.70e-05  pw=1.02  aucα=0.300  token_p=0.020  dropE=(0.020,0.080)  smooth=0.010  train_loss=0.1239  train_AUPR_all=0.8776  train_AUPR_ab=0.9115  train_AUPR_ag=0.8268  train_P@5_ab=1.0000  train_P@5_ag=1.0000  val_loss=0.3274  val_AUPR_all=0.5743  val_AUPR_ab=0.7214  val_AUPR_ag=0.3766  val_P@5_ab=0.8000  val_P@5_ag=0.6000  select=0.5490
Ep059  LR0=1.46e-05  pw=1.01  aucα=0.300  token_p=0.020  dropE=(0.020,0.080)  smooth=0.010  train_loss=0.1259  train_AUPR_all=0.8736  train_AUPR_ab=0.9054  train_AUPR_ag=0.8269  train_P@5_ab=1.0000  train_P@5_ag=1.0000  val_loss=0.3320  val_AUPR_all=0.5729  val_AUPR_ab=0.7270  val_AUPR_ag=0.3704  val_P@5_ab=0.9500  val_P@5_ag=0.5500  select=0.5487
Early stopping at epoch 59. Best select=0.5759 at epoch 39.
Final saved checkpoint for fold 5: checkpoints_newesm/iPara_balanced_l1_g6_i5_do0.10_dpr0.10_lr0.0002_heads16_fold5.pth
Best select=0.5759 at epoch 39
