Device: cuda
Visible GPUs: 1
GPU 0: NVIDIA RTX PRO 6000 Blackwell Server Edition
Config:
  sequence_file: para_tv_esmsequences_1600.npz
  data_file: para_tv_esminterfaces_1600.npz
  edge_file: para_tv_esmedges_1600.npz
  seq_len: 1600
  vocab_size: 31
  num_classes: 2
  pad_id: 1
  eoc_id: 24
  embed_dim: 256
  num_heads: 16
  num_layers: 1
  num_gnn_layers: 6
  num_int_layers: 5
  dropout: 0.1
  drop_path_rate: 0.1
  batch_size: 4
  num_epochs: 80
  warmup_epochs: 10
  min_stop_epoch: 45
  early_stop: 20
  learning_rate: 0.0002
  weight_decay: 0.0001
  max_grad_norm: 0.5
  accum_steps: 1
  amp: True
  weight_start: 8.0
  weight_end: 1.0
  weight_anneal_tau: 10.0
  dropedge_min: 0.02
  dropedge_max: 0.08
  token_drop_p: 0.02
  smooth_lambda: 0.01
  aucpr_alpha: 0.3
  aucpr_ramp_start: 10
  aucpr_ramp_len: 10
  aucpr_bins: 64
  aucpr_temp: 0.05
  antibody_loss_weight: 1.0
  antigen_loss_weight: 1.0
  n_splits: 5
  num_workers: 0
  select_ab_weight: 0.5
  select_ag_weight: 0.5
Dataset size: 858

==========================================================================================
Fold 1/5
==========================================================================================
Train labels: valid=399467, pos=26433, neg=373034, ignore=698133, pos_frac=0.06617
Val labels: valid=100725, pos=6797, neg=93928, ignore=174475, pos_frac=0.06748
Initializing ClassificationModel with 6 GAT layers and residual connections...
Initializing MCModel with 6 GAT layers and 5 row attention layers (drop_path_rate=0.1)
Initializing CoreModel with 1 layers, drop_path_rate=0.1
Ep001  LR0=2.00e-04  pw=8.00  aucα=0.000  token_p=0.020  dropE=(0.020,0.080)  smooth=0.010  train_loss=0.7432  train_AUPR_all=0.2466  train_AUPR_ab=0.2955  train_AUPR_ag=0.1829  train_P@5_ab=0.6500  train_P@5_ag=0.6000  val_loss=0.7261  val_AUPR_all=0.4484  val_AUPR_ab=0.5528  val_AUPR_ag=0.2863  val_P@5_ab=0.8000  val_P@5_ag=0.8000  select=0.4195
  Saved checkpoint: checkpoints_old/iPara_balanced_l1_g6_i5_do0.10_dpr0.10_lr0.0002_heads16_fold1.pth  select=0.4195  val_ab=0.5528  val_ag=0.2863  val_all=0.4484
Ep002  LR0=2.00e-04  pw=7.33  aucα=0.000  token_p=0.020  dropE=(0.020,0.080)  smooth=0.010  train_loss=0.5299  train_AUPR_all=0.3877  train_AUPR_ab=0.4681  train_AUPR_ag=0.2519  train_P@5_ab=0.8500  train_P@5_ag=0.9500  val_loss=0.7335  val_AUPR_all=0.4691  val_AUPR_ab=0.5631  val_AUPR_ag=0.3069  val_P@5_ab=0.7000  val_P@5_ag=0.9500  select=0.4350
  Saved checkpoint: checkpoints_old/iPara_balanced_l1_g6_i5_do0.10_dpr0.10_lr0.0002_heads16_fold1.pth  select=0.4350  val_ab=0.5631  val_ag=0.3069  val_all=0.4691
Ep003  LR0=2.00e-04  pw=6.73  aucα=0.000  token_p=0.020  dropE=(0.020,0.080)  smooth=0.010  train_loss=0.4661  train_AUPR_all=0.4499  train_AUPR_ab=0.5364  train_AUPR_ag=0.2944  train_P@5_ab=0.8000  train_P@5_ag=0.8000  val_loss=0.7462  val_AUPR_all=0.5188  val_AUPR_ab=0.6133  val_AUPR_ag=0.3560  val_P@5_ab=0.7500  val_P@5_ag=0.6000  select=0.4846
  Saved checkpoint: checkpoints_old/iPara_balanced_l1_g6_i5_do0.10_dpr0.10_lr0.0002_heads16_fold1.pth  select=0.4846  val_ab=0.6133  val_ag=0.3560  val_all=0.5188
Ep004  LR0=1.99e-04  pw=6.19  aucα=0.000  token_p=0.020  dropE=(0.020,0.080)  smooth=0.010  train_loss=0.4210  train_AUPR_all=0.4889  train_AUPR_ab=0.5801  train_AUPR_ag=0.3322  train_P@5_ab=0.7000  train_P@5_ag=0.9000  val_loss=0.6019  val_AUPR_all=0.5249  val_AUPR_ab=0.6298  val_AUPR_ag=0.3621  val_P@5_ab=0.9000  val_P@5_ag=1.0000  select=0.4960
  Saved checkpoint: checkpoints_old/iPara_balanced_l1_g6_i5_do0.10_dpr0.10_lr0.0002_heads16_fold1.pth  select=0.4960  val_ab=0.6298  val_ag=0.3621  val_all=0.5249
Ep005  LR0=1.99e-04  pw=5.69  aucα=0.000  token_p=0.020  dropE=(0.020,0.080)  smooth=0.010  train_loss=0.4008  train_AUPR_all=0.5035  train_AUPR_ab=0.5946  train_AUPR_ag=0.3465  train_P@5_ab=0.7000  train_P@5_ag=0.8500  val_loss=0.5907  val_AUPR_all=0.5176  val_AUPR_ab=0.6252  val_AUPR_ag=0.3596  val_P@5_ab=0.4000  val_P@5_ag=1.0000  select=0.4924
Ep006  LR0=1.98e-04  pw=5.25  aucα=0.000  token_p=0.020  dropE=(0.020,0.080)  smooth=0.010  train_loss=0.3762  train_AUPR_all=0.5179  train_AUPR_ab=0.6148  train_AUPR_ag=0.3495  train_P@5_ab=0.9000  train_P@5_ag=0.8500  val_loss=0.5686  val_AUPR_all=0.5295  val_AUPR_ab=0.6457  val_AUPR_ag=0.3490  val_P@5_ab=0.9500  val_P@5_ag=1.0000  select=0.4973
  Saved checkpoint: checkpoints_old/iPara_balanced_l1_g6_i5_do0.10_dpr0.10_lr0.0002_heads16_fold1.pth  select=0.4973  val_ab=0.6457  val_ag=0.3490  val_all=0.5295
Ep007  LR0=1.97e-04  pw=4.84  aucα=0.000  token_p=0.020  dropE=(0.020,0.080)  smooth=0.010  train_loss=0.3501  train_AUPR_all=0.5398  train_AUPR_ab=0.6393  train_AUPR_ag=0.3656  train_P@5_ab=0.8500  train_P@5_ag=0.9000  val_loss=0.5251  val_AUPR_all=0.5606  val_AUPR_ab=0.6804  val_AUPR_ag=0.3623  val_P@5_ab=1.0000  val_P@5_ag=1.0000  select=0.5213
  Saved checkpoint: checkpoints_old/iPara_balanced_l1_g6_i5_do0.10_dpr0.10_lr0.0002_heads16_fold1.pth  select=0.5213  val_ab=0.6804  val_ag=0.3623  val_all=0.5606
Ep008  LR0=1.96e-04  pw=4.48  aucα=0.000  token_p=0.020  dropE=(0.020,0.080)  smooth=0.010  train_loss=0.3344  train_AUPR_all=0.5428  train_AUPR_ab=0.6430  train_AUPR_ag=0.3694  train_P@5_ab=0.8500  train_P@5_ag=0.7500  val_loss=0.5160  val_AUPR_all=0.5645  val_AUPR_ab=0.6788  val_AUPR_ag=0.3713  val_P@5_ab=0.9500  val_P@5_ag=1.0000  select=0.5250
  Saved checkpoint: checkpoints_old/iPara_balanced_l1_g6_i5_do0.10_dpr0.10_lr0.0002_heads16_fold1.pth  select=0.5250  val_ab=0.6788  val_ag=0.3713  val_all=0.5645
Ep009  LR0=1.95e-04  pw=4.15  aucα=0.000  token_p=0.020  dropE=(0.020,0.080)  smooth=0.010  train_loss=0.3117  train_AUPR_all=0.5571  train_AUPR_ab=0.6570  train_AUPR_ag=0.3874  train_P@5_ab=0.7500  train_P@5_ag=0.9500  val_loss=0.5048  val_AUPR_all=0.5720  val_AUPR_ab=0.6980  val_AUPR_ag=0.3669  val_P@5_ab=1.0000  val_P@5_ag=1.0000  select=0.5325
  Saved checkpoint: checkpoints_old/iPara_balanced_l1_g6_i5_do0.10_dpr0.10_lr0.0002_heads16_fold1.pth  select=0.5325  val_ab=0.6980  val_ag=0.3669  val_all=0.5720
Ep010  LR0=1.94e-04  pw=3.85  aucα=0.030  token_p=0.020  dropE=(0.020,0.080)  smooth=0.010  train_loss=0.3117  train_AUPR_all=0.5653  train_AUPR_ab=0.6648  train_AUPR_ag=0.3977  train_P@5_ab=0.9000  train_P@5_ag=0.9000  val_loss=0.4622  val_AUPR_all=0.5780  val_AUPR_ab=0.6948  val_AUPR_ag=0.3822  val_P@5_ab=0.9000  val_P@5_ag=0.9500  select=0.5385
  Saved checkpoint: checkpoints_old/iPara_balanced_l1_g6_i5_do0.10_dpr0.10_lr0.0002_heads16_fold1.pth  select=0.5385  val_ab=0.6948  val_ag=0.3822  val_all=0.5780
Unfreezing DyM parameters.
Ep011  LR0=1.92e-04  pw=3.58  aucα=0.060  token_p=0.020  dropE=(0.020,0.080)  smooth=0.010  train_loss=0.3094  train_AUPR_all=0.5784  train_AUPR_ab=0.6816  train_AUPR_ag=0.4043  train_P@5_ab=0.9000  train_P@5_ag=0.8000  val_loss=0.4422  val_AUPR_all=0.5788  val_AUPR_ab=0.7121  val_AUPR_ag=0.3719  val_P@5_ab=0.9500  val_P@5_ag=1.0000  select=0.5420
  Saved checkpoint: checkpoints_old/iPara_balanced_l1_g6_i5_do0.10_dpr0.10_lr0.0002_heads16_fold1.pth  select=0.5420  val_ab=0.7121  val_ag=0.3719  val_all=0.5788
Ep012  LR0=1.91e-04  pw=3.33  aucα=0.090  token_p=0.020  dropE=(0.020,0.080)  smooth=0.010  train_loss=0.3109  train_AUPR_all=0.5826  train_AUPR_ab=0.6853  train_AUPR_ag=0.4110  train_P@5_ab=0.8500  train_P@5_ag=0.9000  val_loss=0.4253  val_AUPR_all=0.5879  val_AUPR_ab=0.7153  val_AUPR_ag=0.3828  val_P@5_ab=0.9500  val_P@5_ag=1.0000  select=0.5491
  Saved checkpoint: checkpoints_old/iPara_balanced_l1_g6_i5_do0.10_dpr0.10_lr0.0002_heads16_fold1.pth  select=0.5491  val_ab=0.7153  val_ag=0.3828  val_all=0.5879
Ep013  LR0=1.89e-04  pw=3.11  aucα=0.120  token_p=0.020  dropE=(0.020,0.080)  smooth=0.010  train_loss=0.3098  train_AUPR_all=0.5917  train_AUPR_ab=0.6922  train_AUPR_ag=0.4238  train_P@5_ab=0.9500  train_P@5_ag=0.9500  val_loss=0.4322  val_AUPR_all=0.5780  val_AUPR_ab=0.7102  val_AUPR_ag=0.3716  val_P@5_ab=1.0000  val_P@5_ag=1.0000  select=0.5409
Ep014  LR0=1.87e-04  pw=2.91  aucα=0.150  token_p=0.020  dropE=(0.020,0.080)  smooth=0.010  train_loss=0.3072  train_AUPR_all=0.6103  train_AUPR_ab=0.7112  train_AUPR_ag=0.4449  train_P@5_ab=1.0000  train_P@5_ag=1.0000  val_loss=0.4051  val_AUPR_all=0.5838  val_AUPR_ab=0.7046  val_AUPR_ag=0.3915  val_P@5_ab=0.9500  val_P@5_ag=1.0000  select=0.5481
Ep015  LR0=1.85e-04  pw=2.73  aucα=0.180  token_p=0.020  dropE=(0.020,0.080)  smooth=0.010  train_loss=0.3083  train_AUPR_all=0.6102  train_AUPR_ab=0.7152  train_AUPR_ag=0.4419  train_P@5_ab=1.0000  train_P@5_ag=1.0000  val_loss=0.3999  val_AUPR_all=0.5906  val_AUPR_ab=0.7274  val_AUPR_ag=0.3901  val_P@5_ab=0.9500  val_P@5_ag=1.0000  select=0.5588
  Saved checkpoint: checkpoints_old/iPara_balanced_l1_g6_i5_do0.10_dpr0.10_lr0.0002_heads16_fold1.pth  select=0.5588  val_ab=0.7274  val_ag=0.3901  val_all=0.5906
Ep016  LR0=1.83e-04  pw=2.56  aucα=0.210  token_p=0.020  dropE=(0.020,0.080)  smooth=0.010  train_loss=0.3078  train_AUPR_all=0.6255  train_AUPR_ab=0.7276  train_AUPR_ag=0.4612  train_P@5_ab=1.0000  train_P@5_ag=0.9000  val_loss=0.3867  val_AUPR_all=0.5925  val_AUPR_ab=0.7316  val_AUPR_ag=0.3715  val_P@5_ab=1.0000  val_P@5_ag=1.0000  select=0.5516
Ep017  LR0=1.81e-04  pw=2.41  aucα=0.240  token_p=0.020  dropE=(0.020,0.080)  smooth=0.010  train_loss=0.3056  train_AUPR_all=0.6344  train_AUPR_ab=0.7325  train_AUPR_ag=0.4773  train_P@5_ab=1.0000  train_P@5_ag=0.8500  val_loss=0.3778  val_AUPR_all=0.5925  val_AUPR_ab=0.7381  val_AUPR_ag=0.3705  val_P@5_ab=1.0000  val_P@5_ag=0.8000  select=0.5543
Ep018  LR0=1.79e-04  pw=2.28  aucα=0.270  token_p=0.020  dropE=(0.020,0.080)  smooth=0.010  train_loss=0.3091  train_AUPR_all=0.6405  train_AUPR_ab=0.7383  train_AUPR_ag=0.4850  train_P@5_ab=1.0000  train_P@5_ag=0.9500  val_loss=0.3795  val_AUPR_all=0.5847  val_AUPR_ab=0.7242  val_AUPR_ag=0.3729  val_P@5_ab=0.9500  val_P@5_ag=1.0000  select=0.5485
Ep019  LR0=1.76e-04  pw=2.16  aucα=0.300  token_p=0.020  dropE=(0.020,0.080)  smooth=0.010  train_loss=0.3094  train_AUPR_all=0.6503  train_AUPR_ab=0.7420  train_AUPR_ag=0.5046  train_P@5_ab=0.9500  train_P@5_ag=0.9500  val_loss=0.3828  val_AUPR_all=0.5856  val_AUPR_ab=0.7365  val_AUPR_ag=0.3501  val_P@5_ab=1.0000  val_P@5_ag=0.9000  select=0.5433
Ep020  LR0=1.73e-04  pw=2.05  aucα=0.300  token_p=0.020  dropE=(0.020,0.080)  smooth=0.010  train_loss=0.2981  train_AUPR_all=0.6578  train_AUPR_ab=0.7448  train_AUPR_ag=0.5213  train_P@5_ab=1.0000  train_P@5_ag=1.0000  val_loss=0.3505  val_AUPR_all=0.6000  val_AUPR_ab=0.7419  val_AUPR_ag=0.3813  val_P@5_ab=1.0000  val_P@5_ag=0.9500  select=0.5616
  Saved checkpoint: checkpoints_old/iPara_balanced_l1_g6_i5_do0.10_dpr0.10_lr0.0002_heads16_fold1.pth  select=0.5616  val_ab=0.7419  val_ag=0.3813  val_all=0.6000
Ep021  LR0=1.71e-04  pw=1.95  aucα=0.300  token_p=0.020  dropE=(0.020,0.080)  smooth=0.010  train_loss=0.2855  train_AUPR_all=0.6700  train_AUPR_ab=0.7533  train_AUPR_ag=0.5404  train_P@5_ab=0.9500  train_P@5_ag=1.0000  val_loss=0.3622  val_AUPR_all=0.5938  val_AUPR_ab=0.7410  val_AUPR_ag=0.3737  val_P@5_ab=0.9500  val_P@5_ag=0.9500  select=0.5574
Ep022  LR0=1.68e-04  pw=1.86  aucα=0.300  token_p=0.020  dropE=(0.020,0.080)  smooth=0.010  train_loss=0.2757  train_AUPR_all=0.6812  train_AUPR_ab=0.7645  train_AUPR_ag=0.5524  train_P@5_ab=1.0000  train_P@5_ag=0.9500  val_loss=0.3468  val_AUPR_all=0.6001  val_AUPR_ab=0.7504  val_AUPR_ag=0.3698  val_P@5_ab=0.9500  val_P@5_ag=0.7000  select=0.5601
Ep023  LR0=1.65e-04  pw=1.78  aucα=0.300  token_p=0.020  dropE=(0.020,0.080)  smooth=0.010  train_loss=0.2622  train_AUPR_all=0.6951  train_AUPR_ab=0.7749  train_AUPR_ag=0.5717  train_P@5_ab=0.9500  train_P@5_ag=0.9500  val_loss=0.3495  val_AUPR_all=0.5965  val_AUPR_ab=0.7456  val_AUPR_ag=0.3711  val_P@5_ab=1.0000  val_P@5_ag=0.9500  select=0.5584
Ep024  LR0=1.62e-04  pw=1.70  aucα=0.300  token_p=0.020  dropE=(0.020,0.080)  smooth=0.010  train_loss=0.2552  train_AUPR_all=0.7014  train_AUPR_ab=0.7778  train_AUPR_ag=0.5857  train_P@5_ab=1.0000  train_P@5_ag=0.9500  val_loss=0.3426  val_AUPR_all=0.5968  val_AUPR_ab=0.7396  val_AUPR_ag=0.3806  val_P@5_ab=1.0000  val_P@5_ag=0.9500  select=0.5601
Ep025  LR0=1.59e-04  pw=1.64  aucα=0.300  token_p=0.020  dropE=(0.020,0.080)  smooth=0.010  train_loss=0.2460  train_AUPR_all=0.7108  train_AUPR_ab=0.7804  train_AUPR_ag=0.6061  train_P@5_ab=0.9000  train_P@5_ag=0.9500  val_loss=0.3389  val_AUPR_all=0.5983  val_AUPR_ab=0.7527  val_AUPR_ag=0.3722  val_P@5_ab=0.9500  val_P@5_ag=0.8500  select=0.5625
  Saved checkpoint: checkpoints_old/iPara_balanced_l1_g6_i5_do0.10_dpr0.10_lr0.0002_heads16_fold1.pth  select=0.5625  val_ab=0.7527  val_ag=0.3722  val_all=0.5983
Ep026  LR0=1.56e-04  pw=1.57  aucα=0.300  token_p=0.020  dropE=(0.020,0.080)  smooth=0.010  train_loss=0.2382  train_AUPR_all=0.7194  train_AUPR_ab=0.7873  train_AUPR_ag=0.6174  train_P@5_ab=0.9000  train_P@5_ag=1.0000  val_loss=0.3265  val_AUPR_all=0.6084  val_AUPR_ab=0.7515  val_AUPR_ag=0.3899  val_P@5_ab=0.9500  val_P@5_ag=1.0000  select=0.5707
  Saved checkpoint: checkpoints_old/iPara_balanced_l1_g6_i5_do0.10_dpr0.10_lr0.0002_heads16_fold1.pth  select=0.5707  val_ab=0.7515  val_ag=0.3899  val_all=0.6084
Ep027  LR0=1.52e-04  pw=1.52  aucα=0.300  token_p=0.020  dropE=(0.020,0.080)  smooth=0.010  train_loss=0.2289  train_AUPR_all=0.7296  train_AUPR_ab=0.7952  train_AUPR_ag=0.6313  train_P@5_ab=1.0000  train_P@5_ag=0.9500  val_loss=0.3622  val_AUPR_all=0.5866  val_AUPR_ab=0.7553  val_AUPR_ag=0.3517  val_P@5_ab=1.0000  val_P@5_ag=1.0000  select=0.5535
Ep028  LR0=1.49e-04  pw=1.47  aucα=0.300  token_p=0.020  dropE=(0.020,0.080)  smooth=0.010  train_loss=0.2233  train_AUPR_all=0.7355  train_AUPR_ab=0.7989  train_AUPR_ag=0.6411  train_P@5_ab=1.0000  train_P@5_ag=0.9500  val_loss=0.3489  val_AUPR_all=0.5766  val_AUPR_ab=0.7479  val_AUPR_ag=0.3567  val_P@5_ab=1.0000  val_P@5_ag=0.8000  select=0.5523
Ep029  LR0=1.46e-04  pw=1.43  aucα=0.300  token_p=0.020  dropE=(0.020,0.080)  smooth=0.010  train_loss=0.2137  train_AUPR_all=0.7482  train_AUPR_ab=0.8043  train_AUPR_ag=0.6656  train_P@5_ab=1.0000  train_P@5_ag=1.0000  val_loss=0.3326  val_AUPR_all=0.5970  val_AUPR_ab=0.7630  val_AUPR_ag=0.3610  val_P@5_ab=0.9500  val_P@5_ag=0.8000  select=0.5620
Ep030  LR0=1.42e-04  pw=1.39  aucα=0.300  token_p=0.020  dropE=(0.020,0.080)  smooth=0.010  train_loss=0.2070  train_AUPR_all=0.7590  train_AUPR_ab=0.8125  train_AUPR_ag=0.6810  train_P@5_ab=1.0000  train_P@5_ag=1.0000  val_loss=0.3361  val_AUPR_all=0.5886  val_AUPR_ab=0.7531  val_AUPR_ag=0.3604  val_P@5_ab=0.9000  val_P@5_ag=0.8500  select=0.5568
Ep031  LR0=1.38e-04  pw=1.35  aucα=0.300  token_p=0.020  dropE=(0.020,0.080)  smooth=0.010  train_loss=0.2019  train_AUPR_all=0.7628  train_AUPR_ab=0.8170  train_AUPR_ag=0.6834  train_P@5_ab=1.0000  train_P@5_ag=0.8500  val_loss=0.3262  val_AUPR_all=0.5998  val_AUPR_ab=0.7564  val_AUPR_ag=0.3811  val_P@5_ab=1.0000  val_P@5_ag=1.0000  select=0.5688
Ep032  LR0=1.35e-04  pw=1.32  aucα=0.300  token_p=0.020  dropE=(0.020,0.080)  smooth=0.010  train_loss=0.1938  train_AUPR_all=0.7760  train_AUPR_ab=0.8265  train_AUPR_ag=0.7023  train_P@5_ab=1.0000  train_P@5_ag=1.0000  val_loss=0.3329  val_AUPR_all=0.6007  val_AUPR_ab=0.7550  val_AUPR_ag=0.3764  val_P@5_ab=1.0000  val_P@5_ag=0.8500  select=0.5657
Ep033  LR0=1.31e-04  pw=1.29  aucα=0.300  token_p=0.020  dropE=(0.020,0.080)  smooth=0.010  train_loss=0.1851  train_AUPR_all=0.7851  train_AUPR_ab=0.8306  train_AUPR_ag=0.7192  train_P@5_ab=1.0000  train_P@5_ag=1.0000  val_loss=0.3241  val_AUPR_all=0.5889  val_AUPR_ab=0.7627  val_AUPR_ag=0.3627  val_P@5_ab=0.9500  val_P@5_ag=0.8000  select=0.5627
Ep034  LR0=1.27e-04  pw=1.26  aucα=0.300  token_p=0.020  dropE=(0.020,0.080)  smooth=0.010  train_loss=0.1840  train_AUPR_all=0.7871  train_AUPR_ab=0.8329  train_AUPR_ag=0.7209  train_P@5_ab=1.0000  train_P@5_ag=0.9000  val_loss=0.3528  val_AUPR_all=0.5868  val_AUPR_ab=0.7581  val_AUPR_ag=0.3436  val_P@5_ab=0.9500  val_P@5_ag=0.7500  select=0.5508
Ep035  LR0=1.24e-04  pw=1.23  aucα=0.300  token_p=0.020  dropE=(0.020,0.080)  smooth=0.010  train_loss=0.1772  train_AUPR_all=0.7959  train_AUPR_ab=0.8366  train_AUPR_ag=0.7378  train_P@5_ab=1.0000  train_P@5_ag=1.0000  val_loss=0.3402  val_AUPR_all=0.5872  val_AUPR_ab=0.7512  val_AUPR_ag=0.3570  val_P@5_ab=0.9500  val_P@5_ag=0.9000  select=0.5541
Ep036  LR0=1.20e-04  pw=1.21  aucα=0.300  token_p=0.020  dropE=(0.020,0.080)  smooth=0.010  train_loss=0.1733  train_AUPR_all=0.8036  train_AUPR_ab=0.8457  train_AUPR_ag=0.7432  train_P@5_ab=1.0000  train_P@5_ag=1.0000  val_loss=0.3251  val_AUPR_all=0.5994  val_AUPR_ab=0.7674  val_AUPR_ag=0.3657  val_P@5_ab=1.0000  val_P@5_ag=0.7000  select=0.5665
Ep037  LR0=1.16e-04  pw=1.19  aucα=0.300  token_p=0.020  dropE=(0.020,0.080)  smooth=0.010  train_loss=0.1660  train_AUPR_all=0.8151  train_AUPR_ab=0.8554  train_AUPR_ag=0.7571  train_P@5_ab=1.0000  train_P@5_ag=0.9500  val_loss=0.3288  val_AUPR_all=0.5953  val_AUPR_ab=0.7661  val_AUPR_ag=0.3620  val_P@5_ab=0.9500  val_P@5_ag=0.7000  select=0.5641
Ep038  LR0=1.12e-04  pw=1.17  aucα=0.300  token_p=0.020  dropE=(0.020,0.080)  smooth=0.010  train_loss=0.1607  train_AUPR_all=0.8223  train_AUPR_ab=0.8618  train_AUPR_ag=0.7652  train_P@5_ab=1.0000  train_P@5_ag=1.0000  val_loss=0.3250  val_AUPR_all=0.5921  val_AUPR_ab=0.7642  val_AUPR_ag=0.3582  val_P@5_ab=1.0000  val_P@5_ag=0.8500  select=0.5612
Ep039  LR0=1.08e-04  pw=1.16  aucα=0.300  token_p=0.020  dropE=(0.020,0.080)  smooth=0.010  train_loss=0.1569  train_AUPR_all=0.8279  train_AUPR_ab=0.8666  train_AUPR_ag=0.7718  train_P@5_ab=1.0000  train_P@5_ag=1.0000  val_loss=0.3317  val_AUPR_all=0.5964  val_AUPR_ab=0.7664  val_AUPR_ag=0.3612  val_P@5_ab=1.0000  val_P@5_ag=0.7500  select=0.5638
Ep040  LR0=1.04e-04  pw=1.14  aucα=0.300  token_p=0.020  dropE=(0.020,0.080)  smooth=0.010  train_loss=0.1524  train_AUPR_all=0.8364  train_AUPR_ab=0.8714  train_AUPR_ag=0.7863  train_P@5_ab=1.0000  train_P@5_ag=1.0000  val_loss=0.3336  val_AUPR_all=0.5835  val_AUPR_ab=0.7608  val_AUPR_ag=0.3440  val_P@5_ab=0.9500  val_P@5_ag=0.7500  select=0.5524
Ep041  LR0=1.00e-04  pw=1.13  aucα=0.300  token_p=0.020  dropE=(0.020,0.080)  smooth=0.010  train_loss=0.1467  train_AUPR_all=0.8441  train_AUPR_ab=0.8765  train_AUPR_ag=0.7978  train_P@5_ab=1.0000  train_P@5_ag=1.0000  val_loss=0.3386  val_AUPR_all=0.5838  val_AUPR_ab=0.7638  val_AUPR_ag=0.3487  val_P@5_ab=1.0000  val_P@5_ag=0.6000  select=0.5563
Ep042  LR0=9.63e-05  pw=1.12  aucα=0.300  token_p=0.020  dropE=(0.020,0.080)  smooth=0.010  train_loss=0.1438  train_AUPR_all=0.8483  train_AUPR_ab=0.8811  train_AUPR_ag=0.8014  train_P@5_ab=1.0000  train_P@5_ag=1.0000  val_loss=0.3247  val_AUPR_all=0.5889  val_AUPR_ab=0.7531  val_AUPR_ag=0.3663  val_P@5_ab=1.0000  val_P@5_ag=0.8000  select=0.5597
Ep043  LR0=9.24e-05  pw=1.10  aucα=0.300  token_p=0.020  dropE=(0.020,0.080)  smooth=0.010  train_loss=0.1394  train_AUPR_all=0.8580  train_AUPR_ab=0.8906  train_AUPR_ag=0.8109  train_P@5_ab=1.0000  train_P@5_ag=1.0000  val_loss=0.3438  val_AUPR_all=0.5733  val_AUPR_ab=0.7576  val_AUPR_ag=0.3255  val_P@5_ab=0.9500  val_P@5_ag=0.5000  select=0.5416
Ep044  LR0=8.85e-05  pw=1.09  aucα=0.300  token_p=0.020  dropE=(0.020,0.080)  smooth=0.010  train_loss=0.1403  train_AUPR_all=0.8518  train_AUPR_ab=0.8820  train_AUPR_ag=0.8085  train_P@5_ab=1.0000  train_P@5_ag=0.9500  val_loss=0.3493  val_AUPR_all=0.5709  val_AUPR_ab=0.7587  val_AUPR_ag=0.3224  val_P@5_ab=0.9500  val_P@5_ag=0.5000  select=0.5406
Ep045  LR0=8.46e-05  pw=1.09  aucα=0.300  token_p=0.020  dropE=(0.020,0.080)  smooth=0.010  train_loss=0.1325  train_AUPR_all=0.8659  train_AUPR_ab=0.8954  train_AUPR_ag=0.8232  train_P@5_ab=1.0000  train_P@5_ag=1.0000  val_loss=0.3307  val_AUPR_all=0.5776  val_AUPR_ab=0.7598  val_AUPR_ag=0.3405  val_P@5_ab=0.9000  val_P@5_ag=0.5500  select=0.5502
Ep046  LR0=8.08e-05  pw=1.08  aucα=0.300  token_p=0.020  dropE=(0.020,0.080)  smooth=0.010  train_loss=0.1327  train_AUPR_all=0.8645  train_AUPR_ab=0.8946  train_AUPR_ag=0.8212  train_P@5_ab=1.0000  train_P@5_ag=1.0000  val_loss=0.3405  val_AUPR_all=0.5884  val_AUPR_ab=0.7711  val_AUPR_ag=0.3403  val_P@5_ab=0.9500  val_P@5_ag=0.7500  select=0.5557
Early stopping at epoch 46. Best select=0.5707 at epoch 26.
Final saved checkpoint for fold 1: checkpoints_old/iPara_balanced_l1_g6_i5_do0.10_dpr0.10_lr0.0002_heads16_fold1.pth
Best select=0.5707 at epoch 26

==========================================================================================
Fold 2/5
==========================================================================================
Train labels: valid=400834, pos=26650, neg=374184, ignore=696766, pos_frac=0.06649
Val labels: valid=99358, pos=6580, neg=92778, ignore=175842, pos_frac=0.06623
Initializing ClassificationModel with 6 GAT layers and residual connections...
Initializing MCModel with 6 GAT layers and 5 row attention layers (drop_path_rate=0.1)
Initializing CoreModel with 1 layers, drop_path_rate=0.1
Ep001  LR0=2.00e-04  pw=8.00  aucα=0.000  token_p=0.020  dropE=(0.020,0.080)  smooth=0.010  train_loss=0.7666  train_AUPR_all=0.2386  train_AUPR_ab=0.2906  train_AUPR_ag=0.1756  train_P@5_ab=0.6000  train_P@5_ag=0.4000  val_loss=0.7640  val_AUPR_all=0.4146  val_AUPR_ab=0.5097  val_AUPR_ag=0.3072  val_P@5_ab=0.8500  val_P@5_ag=0.6500  select=0.4085
  Saved checkpoint: checkpoints_old/iPara_balanced_l1_g6_i5_do0.10_dpr0.10_lr0.0002_heads16_fold2.pth  select=0.4085  val_ab=0.5097  val_ag=0.3072  val_all=0.4146
Ep002  LR0=2.00e-04  pw=7.33  aucα=0.000  token_p=0.020  dropE=(0.020,0.080)  smooth=0.010  train_loss=0.5089  train_AUPR_all=0.4259  train_AUPR_ab=0.5109  train_AUPR_ag=0.2809  train_P@5_ab=0.8500  train_P@5_ag=0.9000  val_loss=0.6296  val_AUPR_all=0.5153  val_AUPR_ab=0.5984  val_AUPR_ag=0.3638  val_P@5_ab=0.7000  val_P@5_ag=0.9500  select=0.4811
  Saved checkpoint: checkpoints_old/iPara_balanced_l1_g6_i5_do0.10_dpr0.10_lr0.0002_heads16_fold2.pth  select=0.4811  val_ab=0.5984  val_ag=0.3638  val_all=0.5153
Ep003  LR0=2.00e-04  pw=6.73  aucα=0.000  token_p=0.020  dropE=(0.020,0.080)  smooth=0.010  train_loss=0.4610  train_AUPR_all=0.4582  train_AUPR_ab=0.5524  train_AUPR_ag=0.2982  train_P@5_ab=0.6000  train_P@5_ag=0.7500  val_loss=0.6514  val_AUPR_all=0.5086  val_AUPR_ab=0.6128  val_AUPR_ag=0.3699  val_P@5_ab=0.9000  val_P@5_ag=1.0000  select=0.4913
  Saved checkpoint: checkpoints_old/iPara_balanced_l1_g6_i5_do0.10_dpr0.10_lr0.0002_heads16_fold2.pth  select=0.4913  val_ab=0.6128  val_ag=0.3699  val_all=0.5086
Ep004  LR0=1.99e-04  pw=6.19  aucα=0.000  token_p=0.020  dropE=(0.020,0.080)  smooth=0.010  train_loss=0.4277  train_AUPR_all=0.4902  train_AUPR_ab=0.5806  train_AUPR_ag=0.3302  train_P@5_ab=0.7500  train_P@5_ag=0.9500  val_loss=0.5835  val_AUPR_all=0.5382  val_AUPR_ab=0.6412  val_AUPR_ag=0.3852  val_P@5_ab=0.8000  val_P@5_ag=0.9000  select=0.5132
  Saved checkpoint: checkpoints_old/iPara_balanced_l1_g6_i5_do0.10_dpr0.10_lr0.0002_heads16_fold2.pth  select=0.5132  val_ab=0.6412  val_ag=0.3852  val_all=0.5382
Ep005  LR0=1.99e-04  pw=5.69  aucα=0.000  token_p=0.020  dropE=(0.020,0.080)  smooth=0.010  train_loss=0.4042  train_AUPR_all=0.5107  train_AUPR_ab=0.6046  train_AUPR_ag=0.3451  train_P@5_ab=0.8000  train_P@5_ag=0.8500  val_loss=0.5721  val_AUPR_all=0.5411  val_AUPR_ab=0.6363  val_AUPR_ag=0.3587  val_P@5_ab=0.6000  val_P@5_ag=0.8500  select=0.4975
Ep006  LR0=1.98e-04  pw=5.25  aucα=0.000  token_p=0.020  dropE=(0.020,0.080)  smooth=0.010  train_loss=0.3795  train_AUPR_all=0.5230  train_AUPR_ab=0.6164  train_AUPR_ag=0.3539  train_P@5_ab=0.9500  train_P@5_ag=0.9500  val_loss=0.5326  val_AUPR_all=0.5630  val_AUPR_ab=0.6618  val_AUPR_ag=0.3812  val_P@5_ab=0.9000  val_P@5_ag=1.0000  select=0.5215
  Saved checkpoint: checkpoints_old/iPara_balanced_l1_g6_i5_do0.10_dpr0.10_lr0.0002_heads16_fold2.pth  select=0.5215  val_ab=0.6618  val_ag=0.3812  val_all=0.5630
Ep007  LR0=1.97e-04  pw=4.84  aucα=0.000  token_p=0.020  dropE=(0.020,0.080)  smooth=0.010  train_loss=0.3580  train_AUPR_all=0.5319  train_AUPR_ab=0.6240  train_AUPR_ag=0.3636  train_P@5_ab=0.7500  train_P@5_ag=0.9500  val_loss=0.5063  val_AUPR_all=0.5741  val_AUPR_ab=0.6739  val_AUPR_ag=0.3964  val_P@5_ab=0.8500  val_P@5_ag=0.9000  select=0.5351
  Saved checkpoint: checkpoints_old/iPara_balanced_l1_g6_i5_do0.10_dpr0.10_lr0.0002_heads16_fold2.pth  select=0.5351  val_ab=0.6739  val_ag=0.3964  val_all=0.5741
Ep008  LR0=1.96e-04  pw=4.48  aucα=0.000  token_p=0.020  dropE=(0.020,0.080)  smooth=0.010  train_loss=0.3326  train_AUPR_all=0.5497  train_AUPR_ab=0.6512  train_AUPR_ag=0.3776  train_P@5_ab=1.0000  train_P@5_ag=0.9000  val_loss=0.5020  val_AUPR_all=0.5669  val_AUPR_ab=0.6707  val_AUPR_ag=0.3887  val_P@5_ab=0.8000  val_P@5_ag=1.0000  select=0.5297
Ep009  LR0=1.95e-04  pw=4.15  aucα=0.000  token_p=0.020  dropE=(0.020,0.080)  smooth=0.010  train_loss=0.3161  train_AUPR_all=0.5620  train_AUPR_ab=0.6678  train_AUPR_ag=0.3828  train_P@5_ab=0.9000  train_P@5_ag=0.9000  val_loss=0.4729  val_AUPR_all=0.5710  val_AUPR_ab=0.6895  val_AUPR_ag=0.3965  val_P@5_ab=0.9000  val_P@5_ag=0.6500  select=0.5430
  Saved checkpoint: checkpoints_old/iPara_balanced_l1_g6_i5_do0.10_dpr0.10_lr0.0002_heads16_fold2.pth  select=0.5430  val_ab=0.6895  val_ag=0.3965  val_all=0.5710
Ep010  LR0=1.94e-04  pw=3.85  aucα=0.030  token_p=0.020  dropE=(0.020,0.080)  smooth=0.010  train_loss=0.3167  train_AUPR_all=0.5678  train_AUPR_ab=0.6775  train_AUPR_ag=0.3912  train_P@5_ab=1.0000  train_P@5_ag=0.7500  val_loss=0.4525  val_AUPR_all=0.5793  val_AUPR_ab=0.6792  val_AUPR_ag=0.4027  val_P@5_ab=0.8000  val_P@5_ag=0.9000  select=0.5409
Unfreezing DyM parameters.
Ep011  LR0=1.92e-04  pw=3.58  aucα=0.060  token_p=0.020  dropE=(0.020,0.080)  smooth=0.010  train_loss=0.3132  train_AUPR_all=0.5812  train_AUPR_ab=0.6890  train_AUPR_ag=0.4006  train_P@5_ab=0.9000  train_P@5_ag=1.0000  val_loss=0.4277  val_AUPR_all=0.5956  val_AUPR_ab=0.7078  val_AUPR_ag=0.4105  val_P@5_ab=0.8500  val_P@5_ag=0.9500  select=0.5591
  Saved checkpoint: checkpoints_old/iPara_balanced_l1_g6_i5_do0.10_dpr0.10_lr0.0002_heads16_fold2.pth  select=0.5591  val_ab=0.7078  val_ag=0.4105  val_all=0.5956
Ep012  LR0=1.91e-04  pw=3.33  aucα=0.090  token_p=0.020  dropE=(0.020,0.080)  smooth=0.010  train_loss=0.3111  train_AUPR_all=0.5909  train_AUPR_ab=0.6973  train_AUPR_ag=0.4162  train_P@5_ab=0.8500  train_P@5_ag=0.9500  val_loss=0.4408  val_AUPR_all=0.5668  val_AUPR_ab=0.6800  val_AUPR_ag=0.3885  val_P@5_ab=0.9000  val_P@5_ag=0.9500  select=0.5343
Ep013  LR0=1.89e-04  pw=3.11  aucα=0.120  token_p=0.020  dropE=(0.020,0.080)  smooth=0.010  train_loss=0.3106  train_AUPR_all=0.6005  train_AUPR_ab=0.7072  train_AUPR_ag=0.4265  train_P@5_ab=1.0000  train_P@5_ag=0.8000  val_loss=0.4302  val_AUPR_all=0.5828  val_AUPR_ab=0.7148  val_AUPR_ag=0.3972  val_P@5_ab=0.8000  val_P@5_ag=0.9000  select=0.5560
Ep014  LR0=1.87e-04  pw=2.91  aucα=0.150  token_p=0.020  dropE=(0.020,0.080)  smooth=0.010  train_loss=0.3101  train_AUPR_all=0.6079  train_AUPR_ab=0.7109  train_AUPR_ag=0.4389  train_P@5_ab=0.9500  train_P@5_ag=1.0000  val_loss=0.4093  val_AUPR_all=0.5934  val_AUPR_ab=0.7075  val_AUPR_ag=0.4080  val_P@5_ab=0.8500  val_P@5_ag=0.7500  select=0.5578
Ep015  LR0=1.85e-04  pw=2.73  aucα=0.180  token_p=0.020  dropE=(0.020,0.080)  smooth=0.010  train_loss=0.3093  train_AUPR_all=0.6184  train_AUPR_ab=0.7241  train_AUPR_ag=0.4496  train_P@5_ab=1.0000  train_P@5_ag=0.9500  val_loss=0.3913  val_AUPR_all=0.6048  val_AUPR_ab=0.7273  val_AUPR_ag=0.4044  val_P@5_ab=0.9000  val_P@5_ag=0.8500  select=0.5658
  Saved checkpoint: checkpoints_old/iPara_balanced_l1_g6_i5_do0.10_dpr0.10_lr0.0002_heads16_fold2.pth  select=0.5658  val_ab=0.7273  val_ag=0.4044  val_all=0.6048
Ep016  LR0=1.83e-04  pw=2.56  aucα=0.210  token_p=0.020  dropE=(0.020,0.080)  smooth=0.010  train_loss=0.3085  train_AUPR_all=0.6248  train_AUPR_ab=0.7277  train_AUPR_ag=0.4602  train_P@5_ab=0.9500  train_P@5_ag=0.9500  val_loss=0.3847  val_AUPR_all=0.6124  val_AUPR_ab=0.7386  val_AUPR_ag=0.4122  val_P@5_ab=0.9000  val_P@5_ag=0.8500  select=0.5754
  Saved checkpoint: checkpoints_old/iPara_balanced_l1_g6_i5_do0.10_dpr0.10_lr0.0002_heads16_fold2.pth  select=0.5754  val_ab=0.7386  val_ag=0.4122  val_all=0.6124
Ep017  LR0=1.81e-04  pw=2.41  aucα=0.240  token_p=0.020  dropE=(0.020,0.080)  smooth=0.010  train_loss=0.3109  train_AUPR_all=0.6312  train_AUPR_ab=0.7321  train_AUPR_ag=0.4702  train_P@5_ab=1.0000  train_P@5_ag=1.0000  val_loss=0.3855  val_AUPR_all=0.5945  val_AUPR_ab=0.7132  val_AUPR_ag=0.4089  val_P@5_ab=0.9500  val_P@5_ag=0.9000  select=0.5611
Ep018  LR0=1.79e-04  pw=2.28  aucα=0.270  token_p=0.020  dropE=(0.020,0.080)  smooth=0.010  train_loss=0.3138  train_AUPR_all=0.6388  train_AUPR_ab=0.7397  train_AUPR_ag=0.4790  train_P@5_ab=0.9500  train_P@5_ag=1.0000  val_loss=0.3635  val_AUPR_all=0.6108  val_AUPR_ab=0.7329  val_AUPR_ag=0.4146  val_P@5_ab=0.9500  val_P@5_ag=0.8500  select=0.5737
Ep019  LR0=1.76e-04  pw=2.16  aucα=0.300  token_p=0.020  dropE=(0.020,0.080)  smooth=0.010  train_loss=0.3119  train_AUPR_all=0.6487  train_AUPR_ab=0.7475  train_AUPR_ag=0.4920  train_P@5_ab=1.0000  train_P@5_ag=0.9500  val_loss=0.3569  val_AUPR_all=0.6112  val_AUPR_ab=0.7400  val_AUPR_ag=0.4196  val_P@5_ab=0.9000  val_P@5_ag=0.9500  select=0.5798
  Saved checkpoint: checkpoints_old/iPara_balanced_l1_g6_i5_do0.10_dpr0.10_lr0.0002_heads16_fold2.pth  select=0.5798  val_ab=0.7400  val_ag=0.4196  val_all=0.6112
Ep020  LR0=1.73e-04  pw=2.05  aucα=0.300  token_p=0.020  dropE=(0.020,0.080)  smooth=0.010  train_loss=0.3009  train_AUPR_all=0.6576  train_AUPR_ab=0.7537  train_AUPR_ag=0.5054  train_P@5_ab=0.9500  train_P@5_ag=1.0000  val_loss=0.3567  val_AUPR_all=0.6134  val_AUPR_ab=0.7417  val_AUPR_ag=0.4193  val_P@5_ab=0.9500  val_P@5_ag=0.8500  select=0.5805
  Saved checkpoint: checkpoints_old/iPara_balanced_l1_g6_i5_do0.10_dpr0.10_lr0.0002_heads16_fold2.pth  select=0.5805  val_ab=0.7417  val_ag=0.4193  val_all=0.6134
Ep021  LR0=1.71e-04  pw=1.95  aucα=0.300  token_p=0.020  dropE=(0.020,0.080)  smooth=0.010  train_loss=0.2864  train_AUPR_all=0.6722  train_AUPR_ab=0.7652  train_AUPR_ag=0.5277  train_P@5_ab=1.0000  train_P@5_ag=0.9000  val_loss=0.3390  val_AUPR_all=0.6093  val_AUPR_ab=0.7326  val_AUPR_ag=0.4091  val_P@5_ab=0.8500  val_P@5_ag=0.9500  select=0.5708
Ep022  LR0=1.68e-04  pw=1.86  aucα=0.300  token_p=0.020  dropE=(0.020,0.080)  smooth=0.010  train_loss=0.2806  train_AUPR_all=0.6767  train_AUPR_ab=0.7663  train_AUPR_ag=0.5379  train_P@5_ab=1.0000  train_P@5_ag=1.0000  val_loss=0.3313  val_AUPR_all=0.6147  val_AUPR_ab=0.7463  val_AUPR_ag=0.4036  val_P@5_ab=0.9500  val_P@5_ag=0.9000  select=0.5749
Ep023  LR0=1.65e-04  pw=1.78  aucα=0.300  token_p=0.020  dropE=(0.020,0.080)  smooth=0.010  train_loss=0.2652  train_AUPR_all=0.6897  train_AUPR_ab=0.7745  train_AUPR_ag=0.5599  train_P@5_ab=0.9500  train_P@5_ag=1.0000  val_loss=0.3348  val_AUPR_all=0.6196  val_AUPR_ab=0.7525  val_AUPR_ag=0.4137  val_P@5_ab=1.0000  val_P@5_ag=0.8000  select=0.5831
  Saved checkpoint: checkpoints_old/iPara_balanced_l1_g6_i5_do0.10_dpr0.10_lr0.0002_heads16_fold2.pth  select=0.5831  val_ab=0.7525  val_ag=0.4137  val_all=0.6196
Ep024  LR0=1.62e-04  pw=1.70  aucα=0.300  token_p=0.020  dropE=(0.020,0.080)  smooth=0.010  train_loss=0.2591  train_AUPR_all=0.6954  train_AUPR_ab=0.7771  train_AUPR_ag=0.5716  train_P@5_ab=1.0000  train_P@5_ag=0.9000  val_loss=0.3265  val_AUPR_all=0.6206  val_AUPR_ab=0.7506  val_AUPR_ag=0.4258  val_P@5_ab=0.9000  val_P@5_ag=1.0000  select=0.5882
  Saved checkpoint: checkpoints_old/iPara_balanced_l1_g6_i5_do0.10_dpr0.10_lr0.0002_heads16_fold2.pth  select=0.5882  val_ab=0.7506  val_ag=0.4258  val_all=0.6206
Ep025  LR0=1.59e-04  pw=1.64  aucα=0.300  token_p=0.020  dropE=(0.020,0.080)  smooth=0.010  train_loss=0.2473  train_AUPR_all=0.7103  train_AUPR_ab=0.7848  train_AUPR_ag=0.5994  train_P@5_ab=1.0000  train_P@5_ag=0.9500  val_loss=0.3225  val_AUPR_all=0.6234  val_AUPR_ab=0.7554  val_AUPR_ag=0.4219  val_P@5_ab=0.9000  val_P@5_ag=1.0000  select=0.5887
  Saved checkpoint: checkpoints_old/iPara_balanced_l1_g6_i5_do0.10_dpr0.10_lr0.0002_heads16_fold2.pth  select=0.5887  val_ab=0.7554  val_ag=0.4219  val_all=0.6234
Ep026  LR0=1.56e-04  pw=1.57  aucα=0.300  token_p=0.020  dropE=(0.020,0.080)  smooth=0.010  train_loss=0.2405  train_AUPR_all=0.7187  train_AUPR_ab=0.7922  train_AUPR_ag=0.6098  train_P@5_ab=1.0000  train_P@5_ag=1.0000  val_loss=0.3294  val_AUPR_all=0.6162  val_AUPR_ab=0.7523  val_AUPR_ag=0.4112  val_P@5_ab=1.0000  val_P@5_ag=1.0000  select=0.5817
Ep027  LR0=1.52e-04  pw=1.52  aucα=0.300  token_p=0.020  dropE=(0.020,0.080)  smooth=0.010  train_loss=0.2307  train_AUPR_all=0.7284  train_AUPR_ab=0.7973  train_AUPR_ag=0.6265  train_P@5_ab=1.0000  train_P@5_ag=1.0000  val_loss=0.3331  val_AUPR_all=0.6207  val_AUPR_ab=0.7525  val_AUPR_ag=0.4244  val_P@5_ab=0.9500  val_P@5_ag=0.9000  select=0.5885
Ep028  LR0=1.49e-04  pw=1.47  aucα=0.300  token_p=0.020  dropE=(0.020,0.080)  smooth=0.010  train_loss=0.2263  train_AUPR_all=0.7353  train_AUPR_ab=0.8001  train_AUPR_ag=0.6411  train_P@5_ab=1.0000  train_P@5_ag=1.0000  val_loss=0.3200  val_AUPR_all=0.6208  val_AUPR_ab=0.7578  val_AUPR_ag=0.4201  val_P@5_ab=1.0000  val_P@5_ag=0.9000  select=0.5890
  Saved checkpoint: checkpoints_old/iPara_balanced_l1_g6_i5_do0.10_dpr0.10_lr0.0002_heads16_fold2.pth  select=0.5890  val_ab=0.7578  val_ag=0.4201  val_all=0.6208
Ep029  LR0=1.46e-04  pw=1.43  aucα=0.300  token_p=0.020  dropE=(0.020,0.080)  smooth=0.010  train_loss=0.2163  train_AUPR_all=0.7462  train_AUPR_ab=0.8072  train_AUPR_ag=0.6576  train_P@5_ab=1.0000  train_P@5_ag=0.9500  val_loss=0.3184  val_AUPR_all=0.6202  val_AUPR_ab=0.7590  val_AUPR_ag=0.4250  val_P@5_ab=1.0000  val_P@5_ag=1.0000  select=0.5920
  Saved checkpoint: checkpoints_old/iPara_balanced_l1_g6_i5_do0.10_dpr0.10_lr0.0002_heads16_fold2.pth  select=0.5920  val_ab=0.7590  val_ag=0.4250  val_all=0.6202
Ep030  LR0=1.42e-04  pw=1.39  aucα=0.300  token_p=0.020  dropE=(0.020,0.080)  smooth=0.010  train_loss=0.2094  train_AUPR_all=0.7557  train_AUPR_ab=0.8140  train_AUPR_ag=0.6711  train_P@5_ab=1.0000  train_P@5_ag=1.0000  val_loss=0.3067  val_AUPR_all=0.6270  val_AUPR_ab=0.7636  val_AUPR_ag=0.4228  val_P@5_ab=0.9000  val_P@5_ag=0.9000  select=0.5932
  Saved checkpoint: checkpoints_old/iPara_balanced_l1_g6_i5_do0.10_dpr0.10_lr0.0002_heads16_fold2.pth  select=0.5932  val_ab=0.7636  val_ag=0.4228  val_all=0.6270
Ep031  LR0=1.38e-04  pw=1.35  aucα=0.300  token_p=0.020  dropE=(0.020,0.080)  smooth=0.010  train_loss=0.2040  train_AUPR_all=0.7600  train_AUPR_ab=0.8166  train_AUPR_ag=0.6780  train_P@5_ab=1.0000  train_P@5_ag=0.9500  val_loss=0.3145  val_AUPR_all=0.6233  val_AUPR_ab=0.7628  val_AUPR_ag=0.4253  val_P@5_ab=0.9500  val_P@5_ag=1.0000  select=0.5941
  Saved checkpoint: checkpoints_old/iPara_balanced_l1_g6_i5_do0.10_dpr0.10_lr0.0002_heads16_fold2.pth  select=0.5941  val_ab=0.7628  val_ag=0.4253  val_all=0.6233
Ep032  LR0=1.35e-04  pw=1.32  aucα=0.300  token_p=0.020  dropE=(0.020,0.080)  smooth=0.010  train_loss=0.1949  train_AUPR_all=0.7755  train_AUPR_ab=0.8291  train_AUPR_ag=0.6983  train_P@5_ab=1.0000  train_P@5_ag=1.0000  val_loss=0.3333  val_AUPR_all=0.6051  val_AUPR_ab=0.7618  val_AUPR_ag=0.3859  val_P@5_ab=1.0000  val_P@5_ag=0.8000  select=0.5738
Ep033  LR0=1.31e-04  pw=1.29  aucα=0.300  token_p=0.020  dropE=(0.020,0.080)  smooth=0.010  train_loss=0.1881  train_AUPR_all=0.7830  train_AUPR_ab=0.8316  train_AUPR_ag=0.7134  train_P@5_ab=1.0000  train_P@5_ag=1.0000  val_loss=0.3164  val_AUPR_all=0.6120  val_AUPR_ab=0.7593  val_AUPR_ag=0.4220  val_P@5_ab=1.0000  val_P@5_ag=0.9500  select=0.5906
Ep034  LR0=1.27e-04  pw=1.26  aucα=0.300  token_p=0.020  dropE=(0.020,0.080)  smooth=0.010  train_loss=0.1842  train_AUPR_all=0.7901  train_AUPR_ab=0.8401  train_AUPR_ag=0.7180  train_P@5_ab=1.0000  train_P@5_ag=0.9500  val_loss=0.3148  val_AUPR_all=0.6123  val_AUPR_ab=0.7570  val_AUPR_ag=0.4200  val_P@5_ab=1.0000  val_P@5_ag=1.0000  select=0.5885
Ep035  LR0=1.24e-04  pw=1.23  aucα=0.300  token_p=0.020  dropE=(0.020,0.080)  smooth=0.010  train_loss=0.1800  train_AUPR_all=0.7959  train_AUPR_ab=0.8414  train_AUPR_ag=0.7313  train_P@5_ab=1.0000  train_P@5_ag=1.0000  val_loss=0.3175  val_AUPR_all=0.6044  val_AUPR_ab=0.7581  val_AUPR_ag=0.3842  val_P@5_ab=0.9000  val_P@5_ag=0.7000  select=0.5712
Ep036  LR0=1.20e-04  pw=1.21  aucα=0.300  token_p=0.020  dropE=(0.020,0.080)  smooth=0.010  train_loss=0.1743  train_AUPR_all=0.8028  train_AUPR_ab=0.8466  train_AUPR_ag=0.7405  train_P@5_ab=1.0000  train_P@5_ag=1.0000  val_loss=0.3178  val_AUPR_all=0.6187  val_AUPR_ab=0.7551  val_AUPR_ag=0.4147  val_P@5_ab=1.0000  val_P@5_ag=0.9000  select=0.5849
Ep037  LR0=1.16e-04  pw=1.19  aucα=0.300  token_p=0.020  dropE=(0.020,0.080)  smooth=0.010  train_loss=0.1682  train_AUPR_all=0.8128  train_AUPR_ab=0.8559  train_AUPR_ag=0.7517  train_P@5_ab=1.0000  train_P@5_ag=1.0000  val_loss=0.3189  val_AUPR_all=0.6054  val_AUPR_ab=0.7561  val_AUPR_ag=0.4141  val_P@5_ab=0.9500  val_P@5_ag=0.9000  select=0.5851
Ep038  LR0=1.12e-04  pw=1.17  aucα=0.300  token_p=0.020  dropE=(0.020,0.080)  smooth=0.010  train_loss=0.1594  train_AUPR_all=0.8258  train_AUPR_ab=0.8630  train_AUPR_ag=0.7737  train_P@5_ab=1.0000  train_P@5_ag=0.9500  val_loss=0.3122  val_AUPR_all=0.6079  val_AUPR_ab=0.7684  val_AUPR_ag=0.3986  val_P@5_ab=1.0000  val_P@5_ag=0.8000  select=0.5835
Ep039  LR0=1.08e-04  pw=1.16  aucα=0.300  token_p=0.020  dropE=(0.020,0.080)  smooth=0.010  train_loss=0.1568  train_AUPR_all=0.8293  train_AUPR_ab=0.8688  train_AUPR_ag=0.7732  train_P@5_ab=1.0000  train_P@5_ag=0.9500  val_loss=0.3087  val_AUPR_all=0.6196  val_AUPR_ab=0.7659  val_AUPR_ag=0.4194  val_P@5_ab=0.9500  val_P@5_ag=1.0000  select=0.5927
Ep040  LR0=1.04e-04  pw=1.14  aucα=0.300  token_p=0.020  dropE=(0.020,0.080)  smooth=0.010  train_loss=0.1523  train_AUPR_all=0.8361  train_AUPR_ab=0.8734  train_AUPR_ag=0.7830  train_P@5_ab=1.0000  train_P@5_ag=1.0000  val_loss=0.3296  val_AUPR_all=0.6049  val_AUPR_ab=0.7639  val_AUPR_ag=0.3997  val_P@5_ab=0.9000  val_P@5_ag=0.8000  select=0.5818
Ep041  LR0=1.00e-04  pw=1.13  aucα=0.300  token_p=0.020  dropE=(0.020,0.080)  smooth=0.010  train_loss=0.1508  train_AUPR_all=0.8380  train_AUPR_ab=0.8741  train_AUPR_ag=0.7871  train_P@5_ab=1.0000  train_P@5_ag=1.0000  val_loss=0.3142  val_AUPR_all=0.6158  val_AUPR_ab=0.7692  val_AUPR_ag=0.4195  val_P@5_ab=1.0000  val_P@5_ag=0.8000  select=0.5943
  Saved checkpoint: checkpoints_old/iPara_balanced_l1_g6_i5_do0.10_dpr0.10_lr0.0002_heads16_fold2.pth  select=0.5943  val_ab=0.7692  val_ag=0.4195  val_all=0.6158
Ep042  LR0=9.63e-05  pw=1.12  aucα=0.300  token_p=0.020  dropE=(0.020,0.080)  smooth=0.010  train_loss=0.1482  train_AUPR_all=0.8425  train_AUPR_ab=0.8796  train_AUPR_ag=0.7892  train_P@5_ab=1.0000  train_P@5_ag=1.0000  val_loss=0.3195  val_AUPR_all=0.6129  val_AUPR_ab=0.7633  val_AUPR_ag=0.4106  val_P@5_ab=1.0000  val_P@5_ag=1.0000  select=0.5869
Ep043  LR0=9.24e-05  pw=1.10  aucα=0.300  token_p=0.020  dropE=(0.020,0.080)  smooth=0.010  train_loss=0.1450  train_AUPR_all=0.8464  train_AUPR_ab=0.8825  train_AUPR_ag=0.7952  train_P@5_ab=1.0000  train_P@5_ag=0.9500  val_loss=0.3178  val_AUPR_all=0.6203  val_AUPR_ab=0.7661  val_AUPR_ag=0.4095  val_P@5_ab=0.9000  val_P@5_ag=0.8500  select=0.5878
Ep044  LR0=8.85e-05  pw=1.09  aucα=0.300  token_p=0.020  dropE=(0.020,0.080)  smooth=0.010  train_loss=0.1386  train_AUPR_all=0.8572  train_AUPR_ab=0.8906  train_AUPR_ag=0.8094  train_P@5_ab=1.0000  train_P@5_ag=1.0000  val_loss=0.3206  val_AUPR_all=0.6011  val_AUPR_ab=0.7539  val_AUPR_ag=0.4027  val_P@5_ab=0.9500  val_P@5_ag=0.6000  select=0.5783
Ep045  LR0=8.46e-05  pw=1.09  aucα=0.300  token_p=0.020  dropE=(0.020,0.080)  smooth=0.010  train_loss=0.1349  train_AUPR_all=0.8614  train_AUPR_ab=0.8924  train_AUPR_ag=0.8174  train_P@5_ab=1.0000  train_P@5_ag=1.0000  val_loss=0.3150  val_AUPR_all=0.6034  val_AUPR_ab=0.7582  val_AUPR_ag=0.3958  val_P@5_ab=0.9000  val_P@5_ag=0.8500  select=0.5770
Ep046  LR0=8.08e-05  pw=1.08  aucα=0.300  token_p=0.020  dropE=(0.020,0.080)  smooth=0.010  train_loss=0.1333  train_AUPR_all=0.8653  train_AUPR_ab=0.8977  train_AUPR_ag=0.8187  train_P@5_ab=1.0000  train_P@5_ag=1.0000  val_loss=0.3229  val_AUPR_all=0.6032  val_AUPR_ab=0.7586  val_AUPR_ag=0.4070  val_P@5_ab=0.9500  val_P@5_ag=0.6000  select=0.5828
Ep047  LR0=7.70e-05  pw=1.07  aucα=0.300  token_p=0.020  dropE=(0.020,0.080)  smooth=0.010  train_loss=0.1310  train_AUPR_all=0.8677  train_AUPR_ab=0.8993  train_AUPR_ag=0.8226  train_P@5_ab=1.0000  train_P@5_ag=1.0000  val_loss=0.3251  val_AUPR_all=0.6037  val_AUPR_ab=0.7594  val_AUPR_ag=0.3951  val_P@5_ab=0.9500  val_P@5_ag=0.6500  select=0.5772
Ep048  LR0=7.32e-05  pw=1.06  aucα=0.300  token_p=0.020  dropE=(0.020,0.080)  smooth=0.010  train_loss=0.1279  train_AUPR_all=0.8725  train_AUPR_ab=0.9048  train_AUPR_ag=0.8255  train_P@5_ab=1.0000  train_P@5_ag=0.9500  val_loss=0.3247  val_AUPR_all=0.6061  val_AUPR_ab=0.7518  val_AUPR_ag=0.4132  val_P@5_ab=0.8500  val_P@5_ag=0.8000  select=0.5825
Ep049  LR0=6.94e-05  pw=1.06  aucα=0.300  token_p=0.020  dropE=(0.020,0.080)  smooth=0.010  train_loss=0.1263  train_AUPR_all=0.8749  train_AUPR_ab=0.9061  train_AUPR_ag=0.8296  train_P@5_ab=1.0000  train_P@5_ag=1.0000  val_loss=0.3318  val_AUPR_all=0.6039  val_AUPR_ab=0.7557  val_AUPR_ag=0.4027  val_P@5_ab=0.9500  val_P@5_ag=0.9000  select=0.5792
Ep050  LR0=6.57e-05  pw=1.05  aucα=0.300  token_p=0.020  dropE=(0.020,0.080)  smooth=0.010  train_loss=0.1209  train_AUPR_all=0.8844  train_AUPR_ab=0.9127  train_AUPR_ag=0.8436  train_P@5_ab=1.0000  train_P@5_ag=1.0000  val_loss=0.3239  val_AUPR_all=0.6049  val_AUPR_ab=0.7570  val_AUPR_ag=0.3970  val_P@5_ab=0.9500  val_P@5_ag=0.7500  select=0.5770
Ep051  LR0=6.21e-05  pw=1.05  aucα=0.300  token_p=0.020  dropE=(0.020,0.080)  smooth=0.010  train_loss=0.1179  train_AUPR_all=0.8883  train_AUPR_ab=0.9165  train_AUPR_ag=0.8477  train_P@5_ab=1.0000  train_P@5_ag=0.9500  val_loss=0.3219  val_AUPR_all=0.6043  val_AUPR_ab=0.7548  val_AUPR_ag=0.4092  val_P@5_ab=0.9000  val_P@5_ag=0.6000  select=0.5820
Ep052  LR0=5.85e-05  pw=1.04  aucα=0.300  token_p=0.020  dropE=(0.020,0.080)  smooth=0.010  train_loss=0.1137  train_AUPR_all=0.8950  train_AUPR_ab=0.9212  train_AUPR_ag=0.8572  train_P@5_ab=1.0000  train_P@5_ag=1.0000  val_loss=0.3431  val_AUPR_all=0.5891  val_AUPR_ab=0.7522  val_AUPR_ag=0.3802  val_P@5_ab=0.9500  val_P@5_ag=0.3500  select=0.5662
Ep053  LR0=5.50e-05  pw=1.04  aucα=0.300  token_p=0.020  dropE=(0.020,0.080)  smooth=0.010  train_loss=0.1107  train_AUPR_all=0.8995  train_AUPR_ab=0.9271  train_AUPR_ag=0.8591  train_P@5_ab=1.0000  train_P@5_ag=0.9500  val_loss=0.3319  val_AUPR_all=0.5941  val_AUPR_ab=0.7594  val_AUPR_ag=0.3767  val_P@5_ab=0.9500  val_P@5_ag=0.6000  select=0.5680
Ep054  LR0=5.15e-05  pw=1.03  aucα=0.300  token_p=0.020  dropE=(0.020,0.080)  smooth=0.010  train_loss=0.1079  train_AUPR_all=0.9044  train_AUPR_ab=0.9301  train_AUPR_ag=0.8667  train_P@5_ab=1.0000  train_P@5_ag=1.0000  val_loss=0.3355  val_AUPR_all=0.5920  val_AUPR_ab=0.7499  val_AUPR_ag=0.3969  val_P@5_ab=0.9500  val_P@5_ag=0.6000  select=0.5734
Ep055  LR0=4.81e-05  pw=1.03  aucα=0.300  token_p=0.020  dropE=(0.020,0.080)  smooth=0.010  train_loss=0.1058  train_AUPR_all=0.9077  train_AUPR_ab=0.9326  train_AUPR_ag=0.8712  train_P@5_ab=1.0000  train_P@5_ag=1.0000  val_loss=0.3394  val_AUPR_all=0.5826  val_AUPR_ab=0.7558  val_AUPR_ag=0.3758  val_P@5_ab=0.9500  val_P@5_ag=0.5500  select=0.5658
Ep056  LR0=4.48e-05  pw=1.03  aucα=0.300  token_p=0.020  dropE=(0.020,0.080)  smooth=0.010  train_loss=0.1069  train_AUPR_all=0.9053  train_AUPR_ab=0.9292  train_AUPR_ag=0.8708  train_P@5_ab=1.0000  train_P@5_ag=1.0000  val_loss=0.3381  val_AUPR_all=0.5924  val_AUPR_ab=0.7533  val_AUPR_ag=0.3940  val_P@5_ab=0.9500  val_P@5_ag=0.6000  select=0.5737
Ep057  LR0=4.16e-05  pw=1.03  aucα=0.300  token_p=0.020  dropE=(0.020,0.080)  smooth=0.010  train_loss=0.1023  train_AUPR_all=0.9121  train_AUPR_ab=0.9355  train_AUPR_ag=0.8778  train_P@5_ab=1.0000  train_P@5_ag=1.0000  val_loss=0.3363  val_AUPR_all=0.6025  val_AUPR_ab=0.7553  val_AUPR_ag=0.3962  val_P@5_ab=1.0000  val_P@5_ag=0.5500  select=0.5758
Ep058  LR0=3.85e-05  pw=1.02  aucα=0.300  token_p=0.020  dropE=(0.020,0.080)  smooth=0.010  train_loss=0.1033  train_AUPR_all=0.9113  train_AUPR_ab=0.9350  train_AUPR_ag=0.8769  train_P@5_ab=1.0000  train_P@5_ag=1.0000  val_loss=0.3388  val_AUPR_all=0.5920  val_AUPR_ab=0.7482  val_AUPR_ag=0.3790  val_P@5_ab=0.9000  val_P@5_ag=0.5500  select=0.5636
Ep059  LR0=3.55e-05  pw=1.02  aucα=0.300  token_p=0.020  dropE=(0.020,0.080)  smooth=0.010  train_loss=0.1037  train_AUPR_all=0.9099  train_AUPR_ab=0.9327  train_AUPR_ag=0.8771  train_P@5_ab=1.0000  train_P@5_ag=1.0000  val_loss=0.3404  val_AUPR_all=0.5992  val_AUPR_ab=0.7487  val_AUPR_ag=0.3949  val_P@5_ab=0.9000  val_P@5_ag=0.5000  select=0.5718
Ep060  LR0=3.25e-05  pw=1.02  aucα=0.300  token_p=0.020  dropE=(0.020,0.080)  smooth=0.010  train_loss=0.0975  train_AUPR_all=0.9198  train_AUPR_ab=0.9420  train_AUPR_ag=0.8875  train_P@5_ab=1.0000  train_P@5_ag=1.0000  val_loss=0.3469  val_AUPR_all=0.5914  val_AUPR_ab=0.7480  val_AUPR_ag=0.3846  val_P@5_ab=0.9500  val_P@5_ag=0.5000  select=0.5663
Ep061  LR0=2.97e-05  pw=1.02  aucα=0.300  token_p=0.020  dropE=(0.020,0.080)  smooth=0.010  train_loss=0.0968  train_AUPR_all=0.9205  train_AUPR_ab=0.9430  train_AUPR_ag=0.8874  train_P@5_ab=1.0000  train_P@5_ag=1.0000  val_loss=0.3398  val_AUPR_all=0.5873  val_AUPR_ab=0.7430  val_AUPR_ag=0.3828  val_P@5_ab=0.9000  val_P@5_ag=0.6000  select=0.5629
Early stopping at epoch 61. Best select=0.5943 at epoch 41.
Final saved checkpoint for fold 2: checkpoints_old/iPara_balanced_l1_g6_i5_do0.10_dpr0.10_lr0.0002_heads16_fold2.pth
Best select=0.5943 at epoch 41

==========================================================================================
Fold 3/5
==========================================================================================
Train labels: valid=401949, pos=26660, neg=375289, ignore=695651, pos_frac=0.06633
Val labels: valid=98243, pos=6570, neg=91673, ignore=176957, pos_frac=0.06687
Initializing ClassificationModel with 6 GAT layers and residual connections...
Initializing MCModel with 6 GAT layers and 5 row attention layers (drop_path_rate=0.1)
Initializing CoreModel with 1 layers, drop_path_rate=0.1
Ep001  LR0=2.00e-04  pw=8.00  aucα=0.000  token_p=0.020  dropE=(0.020,0.080)  smooth=0.010  train_loss=0.7544  train_AUPR_all=0.2385  train_AUPR_ab=0.2849  train_AUPR_ag=0.1768  train_P@5_ab=0.9000  train_P@5_ag=0.9500  val_loss=0.7651  val_AUPR_all=0.4198  val_AUPR_ab=0.4893  val_AUPR_ag=0.3172  val_P@5_ab=0.5500  val_P@5_ag=0.8500  select=0.4033
  Saved checkpoint: checkpoints_old/iPara_balanced_l1_g6_i5_do0.10_dpr0.10_lr0.0002_heads16_fold3.pth  select=0.4033  val_ab=0.4893  val_ag=0.3172  val_all=0.4198
Ep002  LR0=2.00e-04  pw=7.33  aucα=0.000  token_p=0.020  dropE=(0.020,0.080)  smooth=0.010  train_loss=0.5208  train_AUPR_all=0.4110  train_AUPR_ab=0.4974  train_AUPR_ag=0.2649  train_P@5_ab=0.7500  train_P@5_ag=0.8000  val_loss=0.6460  val_AUPR_all=0.4975  val_AUPR_ab=0.5876  val_AUPR_ag=0.3433  val_P@5_ab=0.8500  val_P@5_ag=1.0000  select=0.4655
  Saved checkpoint: checkpoints_old/iPara_balanced_l1_g6_i5_do0.10_dpr0.10_lr0.0002_heads16_fold3.pth  select=0.4655  val_ab=0.5876  val_ag=0.3433  val_all=0.4975
Ep003  LR0=2.00e-04  pw=6.73  aucα=0.000  token_p=0.020  dropE=(0.020,0.080)  smooth=0.010  train_loss=0.4652  train_AUPR_all=0.4591  train_AUPR_ab=0.5510  train_AUPR_ag=0.3029  train_P@5_ab=0.8000  train_P@5_ag=0.8500  val_loss=0.6149  val_AUPR_all=0.5202  val_AUPR_ab=0.6128  val_AUPR_ag=0.3573  val_P@5_ab=0.8500  val_P@5_ag=0.8000  select=0.4851
  Saved checkpoint: checkpoints_old/iPara_balanced_l1_g6_i5_do0.10_dpr0.10_lr0.0002_heads16_fold3.pth  select=0.4851  val_ab=0.6128  val_ag=0.3573  val_all=0.5202
Ep004  LR0=1.99e-04  pw=6.19  aucα=0.000  token_p=0.020  dropE=(0.020,0.080)  smooth=0.010  train_loss=0.4280  train_AUPR_all=0.4911  train_AUPR_ab=0.5800  train_AUPR_ag=0.3330  train_P@5_ab=0.8500  train_P@5_ag=0.9500  val_loss=0.5703  val_AUPR_all=0.5563  val_AUPR_ab=0.6540  val_AUPR_ag=0.3765  val_P@5_ab=0.9500  val_P@5_ag=1.0000  select=0.5153
  Saved checkpoint: checkpoints_old/iPara_balanced_l1_g6_i5_do0.10_dpr0.10_lr0.0002_heads16_fold3.pth  select=0.5153  val_ab=0.6540  val_ag=0.3765  val_all=0.5563
Ep005  LR0=1.99e-04  pw=5.69  aucα=0.000  token_p=0.020  dropE=(0.020,0.080)  smooth=0.010  train_loss=0.3965  train_AUPR_all=0.5159  train_AUPR_ab=0.6072  train_AUPR_ag=0.3508  train_P@5_ab=0.6500  train_P@5_ag=1.0000  val_loss=0.5489  val_AUPR_all=0.5593  val_AUPR_ab=0.6551  val_AUPR_ag=0.3777  val_P@5_ab=0.9500  val_P@5_ag=1.0000  select=0.5164
  Saved checkpoint: checkpoints_old/iPara_balanced_l1_g6_i5_do0.10_dpr0.10_lr0.0002_heads16_fold3.pth  select=0.5164  val_ab=0.6551  val_ag=0.3777  val_all=0.5593
Ep006  LR0=1.98e-04  pw=5.25  aucα=0.000  token_p=0.020  dropE=(0.020,0.080)  smooth=0.010  train_loss=0.3793  train_AUPR_all=0.5157  train_AUPR_ab=0.6135  train_AUPR_ag=0.3479  train_P@5_ab=0.9000  train_P@5_ag=0.6500  val_loss=0.5563  val_AUPR_all=0.5497  val_AUPR_ab=0.6752  val_AUPR_ag=0.3456  val_P@5_ab=0.9500  val_P@5_ag=0.9500  select=0.5104
Ep007  LR0=1.97e-04  pw=4.84  aucα=0.000  token_p=0.020  dropE=(0.020,0.080)  smooth=0.010  train_loss=0.3626  train_AUPR_all=0.5304  train_AUPR_ab=0.6286  train_AUPR_ag=0.3580  train_P@5_ab=0.7500  train_P@5_ag=1.0000  val_loss=0.5176  val_AUPR_all=0.5719  val_AUPR_ab=0.6969  val_AUPR_ag=0.3756  val_P@5_ab=1.0000  val_P@5_ag=1.0000  select=0.5362
  Saved checkpoint: checkpoints_old/iPara_balanced_l1_g6_i5_do0.10_dpr0.10_lr0.0002_heads16_fold3.pth  select=0.5362  val_ab=0.6969  val_ag=0.3756  val_all=0.5719
Ep008  LR0=1.96e-04  pw=4.48  aucα=0.000  token_p=0.020  dropE=(0.020,0.080)  smooth=0.010  train_loss=0.3363  train_AUPR_all=0.5491  train_AUPR_ab=0.6547  train_AUPR_ag=0.3726  train_P@5_ab=0.9500  train_P@5_ag=0.9000  val_loss=0.4940  val_AUPR_all=0.5836  val_AUPR_ab=0.7037  val_AUPR_ag=0.3841  val_P@5_ab=1.0000  val_P@5_ag=1.0000  select=0.5439
  Saved checkpoint: checkpoints_old/iPara_balanced_l1_g6_i5_do0.10_dpr0.10_lr0.0002_heads16_fold3.pth  select=0.5439  val_ab=0.7037  val_ag=0.3841  val_all=0.5836
Ep009  LR0=1.95e-04  pw=4.15  aucα=0.000  token_p=0.020  dropE=(0.020,0.080)  smooth=0.010  train_loss=0.3157  train_AUPR_all=0.5591  train_AUPR_ab=0.6587  train_AUPR_ag=0.3874  train_P@5_ab=0.9500  train_P@5_ag=0.9500  val_loss=0.4818  val_AUPR_all=0.5658  val_AUPR_ab=0.7001  val_AUPR_ag=0.3616  val_P@5_ab=1.0000  val_P@5_ag=1.0000  select=0.5309
Ep010  LR0=1.94e-04  pw=3.85  aucα=0.030  token_p=0.020  dropE=(0.020,0.080)  smooth=0.010  train_loss=0.3172  train_AUPR_all=0.5629  train_AUPR_ab=0.6641  train_AUPR_ag=0.3864  train_P@5_ab=0.8500  train_P@5_ag=0.8500  val_loss=0.4445  val_AUPR_all=0.5927  val_AUPR_ab=0.7121  val_AUPR_ag=0.3915  val_P@5_ab=0.9500  val_P@5_ag=0.8000  select=0.5518
  Saved checkpoint: checkpoints_old/iPara_balanced_l1_g6_i5_do0.10_dpr0.10_lr0.0002_heads16_fold3.pth  select=0.5518  val_ab=0.7121  val_ag=0.3915  val_all=0.5927
Unfreezing DyM parameters.
Ep011  LR0=1.92e-04  pw=3.58  aucα=0.060  token_p=0.020  dropE=(0.020,0.080)  smooth=0.010  train_loss=0.3130  train_AUPR_all=0.5760  train_AUPR_ab=0.6715  train_AUPR_ag=0.4077  train_P@5_ab=0.8000  train_P@5_ag=1.0000  val_loss=0.4314  val_AUPR_all=0.5973  val_AUPR_ab=0.7163  val_AUPR_ag=0.4011  val_P@5_ab=0.9500  val_P@5_ag=1.0000  select=0.5587
  Saved checkpoint: checkpoints_old/iPara_balanced_l1_g6_i5_do0.10_dpr0.10_lr0.0002_heads16_fold3.pth  select=0.5587  val_ab=0.7163  val_ag=0.4011  val_all=0.5973
Ep012  LR0=1.91e-04  pw=3.33  aucα=0.090  token_p=0.020  dropE=(0.020,0.080)  smooth=0.010  train_loss=0.3139  train_AUPR_all=0.5846  train_AUPR_ab=0.6863  train_AUPR_ag=0.4130  train_P@5_ab=0.9000  train_P@5_ag=0.9500  val_loss=0.4177  val_AUPR_all=0.6008  val_AUPR_ab=0.7212  val_AUPR_ag=0.3951  val_P@5_ab=1.0000  val_P@5_ag=0.9500  select=0.5581
Ep013  LR0=1.89e-04  pw=3.11  aucα=0.120  token_p=0.020  dropE=(0.020,0.080)  smooth=0.010  train_loss=0.3138  train_AUPR_all=0.5955  train_AUPR_ab=0.7024  train_AUPR_ag=0.4192  train_P@5_ab=0.9500  train_P@5_ag=1.0000  val_loss=0.3980  val_AUPR_all=0.6085  val_AUPR_ab=0.7242  val_AUPR_ag=0.4163  val_P@5_ab=1.0000  val_P@5_ag=0.9000  select=0.5702
  Saved checkpoint: checkpoints_old/iPara_balanced_l1_g6_i5_do0.10_dpr0.10_lr0.0002_heads16_fold3.pth  select=0.5702  val_ab=0.7242  val_ag=0.4163  val_all=0.6085
Ep014  LR0=1.87e-04  pw=2.91  aucα=0.150  token_p=0.020  dropE=(0.020,0.080)  smooth=0.010  train_loss=0.3125  train_AUPR_all=0.6025  train_AUPR_ab=0.7064  train_AUPR_ag=0.4302  train_P@5_ab=0.7500  train_P@5_ag=1.0000  val_loss=0.4024  val_AUPR_all=0.5895  val_AUPR_ab=0.7201  val_AUPR_ag=0.3812  val_P@5_ab=0.9500  val_P@5_ag=1.0000  select=0.5507
Ep015  LR0=1.85e-04  pw=2.73  aucα=0.180  token_p=0.020  dropE=(0.020,0.080)  smooth=0.010  train_loss=0.3128  train_AUPR_all=0.6088  train_AUPR_ab=0.7095  train_AUPR_ag=0.4438  train_P@5_ab=0.9500  train_P@5_ag=0.8500  val_loss=0.3813  val_AUPR_all=0.6041  val_AUPR_ab=0.7338  val_AUPR_ag=0.3924  val_P@5_ab=1.0000  val_P@5_ag=1.0000  select=0.5631
Ep016  LR0=1.83e-04  pw=2.56  aucα=0.210  token_p=0.020  dropE=(0.020,0.080)  smooth=0.010  train_loss=0.3117  train_AUPR_all=0.6242  train_AUPR_ab=0.7253  train_AUPR_ag=0.4616  train_P@5_ab=0.9500  train_P@5_ag=1.0000  val_loss=0.3785  val_AUPR_all=0.5994  val_AUPR_ab=0.7274  val_AUPR_ag=0.3891  val_P@5_ab=0.9500  val_P@5_ag=0.9500  select=0.5583
Ep017  LR0=1.81e-04  pw=2.41  aucα=0.240  token_p=0.020  dropE=(0.020,0.080)  smooth=0.010  train_loss=0.3111  train_AUPR_all=0.6312  train_AUPR_ab=0.7313  train_AUPR_ag=0.4713  train_P@5_ab=0.8000  train_P@5_ag=0.9500  val_loss=0.3608  val_AUPR_all=0.6080  val_AUPR_ab=0.7389  val_AUPR_ag=0.4011  val_P@5_ab=1.0000  val_P@5_ag=0.8500  select=0.5700
Ep018  LR0=1.79e-04  pw=2.28  aucα=0.270  token_p=0.020  dropE=(0.020,0.080)  smooth=0.010  train_loss=0.3118  train_AUPR_all=0.6395  train_AUPR_ab=0.7415  train_AUPR_ag=0.4809  train_P@5_ab=0.9500  train_P@5_ag=0.7500  val_loss=0.3576  val_AUPR_all=0.5974  val_AUPR_ab=0.7350  val_AUPR_ag=0.3862  val_P@5_ab=1.0000  val_P@5_ag=0.9500  select=0.5606
Ep019  LR0=1.76e-04  pw=2.16  aucα=0.300  token_p=0.020  dropE=(0.020,0.080)  smooth=0.010  train_loss=0.3135  train_AUPR_all=0.6482  train_AUPR_ab=0.7428  train_AUPR_ag=0.4996  train_P@5_ab=0.9000  train_P@5_ag=0.9500  val_loss=0.3530  val_AUPR_all=0.6027  val_AUPR_ab=0.7418  val_AUPR_ag=0.3926  val_P@5_ab=1.0000  val_P@5_ag=0.8500  select=0.5672
Ep020  LR0=1.73e-04  pw=2.05  aucα=0.300  token_p=0.020  dropE=(0.020,0.080)  smooth=0.010  train_loss=0.3006  train_AUPR_all=0.6560  train_AUPR_ab=0.7493  train_AUPR_ag=0.5099  train_P@5_ab=1.0000  train_P@5_ag=0.8500  val_loss=0.3473  val_AUPR_all=0.6099  val_AUPR_ab=0.7384  val_AUPR_ag=0.4117  val_P@5_ab=1.0000  val_P@5_ag=1.0000  select=0.5751
  Saved checkpoint: checkpoints_old/iPara_balanced_l1_g6_i5_do0.10_dpr0.10_lr0.0002_heads16_fold3.pth  select=0.5751  val_ab=0.7384  val_ag=0.4117  val_all=0.6099
Ep021  LR0=1.71e-04  pw=1.95  aucα=0.300  token_p=0.020  dropE=(0.020,0.080)  smooth=0.010  train_loss=0.2894  train_AUPR_all=0.6675  train_AUPR_ab=0.7544  train_AUPR_ag=0.5317  train_P@5_ab=0.9000  train_P@5_ag=0.9000  val_loss=0.3407  val_AUPR_all=0.6121  val_AUPR_ab=0.7437  val_AUPR_ag=0.4031  val_P@5_ab=1.0000  val_P@5_ag=0.8500  select=0.5734
Ep022  LR0=1.68e-04  pw=1.86  aucα=0.300  token_p=0.020  dropE=(0.020,0.080)  smooth=0.010  train_loss=0.2774  train_AUPR_all=0.6803  train_AUPR_ab=0.7671  train_AUPR_ag=0.5481  train_P@5_ab=1.0000  train_P@5_ag=1.0000  val_loss=0.3352  val_AUPR_all=0.6031  val_AUPR_ab=0.7362  val_AUPR_ag=0.3930  val_P@5_ab=1.0000  val_P@5_ag=1.0000  select=0.5646
Ep023  LR0=1.65e-04  pw=1.78  aucα=0.300  token_p=0.020  dropE=(0.020,0.080)  smooth=0.010  train_loss=0.2678  train_AUPR_all=0.6886  train_AUPR_ab=0.7715  train_AUPR_ag=0.5627  train_P@5_ab=1.0000  train_P@5_ag=1.0000  val_loss=0.3446  val_AUPR_all=0.6029  val_AUPR_ab=0.7456  val_AUPR_ag=0.3921  val_P@5_ab=1.0000  val_P@5_ag=0.9500  select=0.5688
Ep024  LR0=1.62e-04  pw=1.70  aucα=0.300  token_p=0.020  dropE=(0.020,0.080)  smooth=0.010  train_loss=0.2586  train_AUPR_all=0.6984  train_AUPR_ab=0.7774  train_AUPR_ag=0.5793  train_P@5_ab=0.9000  train_P@5_ag=0.9500  val_loss=0.3398  val_AUPR_all=0.6067  val_AUPR_ab=0.7480  val_AUPR_ag=0.3940  val_P@5_ab=1.0000  val_P@5_ag=1.0000  select=0.5710
Ep025  LR0=1.59e-04  pw=1.64  aucα=0.300  token_p=0.020  dropE=(0.020,0.080)  smooth=0.010  train_loss=0.2475  train_AUPR_all=0.7111  train_AUPR_ab=0.7834  train_AUPR_ag=0.6038  train_P@5_ab=1.0000  train_P@5_ag=1.0000  val_loss=0.3195  val_AUPR_all=0.6233  val_AUPR_ab=0.7587  val_AUPR_ag=0.4222  val_P@5_ab=1.0000  val_P@5_ag=0.9500  select=0.5905
  Saved checkpoint: checkpoints_old/iPara_balanced_l1_g6_i5_do0.10_dpr0.10_lr0.0002_heads16_fold3.pth  select=0.5905  val_ab=0.7587  val_ag=0.4222  val_all=0.6233
Ep026  LR0=1.56e-04  pw=1.57  aucα=0.300  token_p=0.020  dropE=(0.020,0.080)  smooth=0.010  train_loss=0.2369  train_AUPR_all=0.7227  train_AUPR_ab=0.7918  train_AUPR_ag=0.6202  train_P@5_ab=0.9500  train_P@5_ag=0.9500  val_loss=0.3302  val_AUPR_all=0.6092  val_AUPR_ab=0.7568  val_AUPR_ag=0.3942  val_P@5_ab=0.9500  val_P@5_ag=0.7500  select=0.5755
Ep027  LR0=1.52e-04  pw=1.52  aucα=0.300  token_p=0.020  dropE=(0.020,0.080)  smooth=0.010  train_loss=0.2300  train_AUPR_all=0.7291  train_AUPR_ab=0.7922  train_AUPR_ag=0.6368  train_P@5_ab=1.0000  train_P@5_ag=1.0000  val_loss=0.3255  val_AUPR_all=0.6037  val_AUPR_ab=0.7531  val_AUPR_ag=0.4016  val_P@5_ab=0.9500  val_P@5_ag=1.0000  select=0.5773
Ep028  LR0=1.49e-04  pw=1.47  aucα=0.300  token_p=0.020  dropE=(0.020,0.080)  smooth=0.010  train_loss=0.2270  train_AUPR_all=0.7291  train_AUPR_ab=0.7921  train_AUPR_ag=0.6369  train_P@5_ab=1.0000  train_P@5_ag=0.9500  val_loss=0.3352  val_AUPR_all=0.6018  val_AUPR_ab=0.7551  val_AUPR_ag=0.3782  val_P@5_ab=1.0000  val_P@5_ag=0.9500  select=0.5667
Ep029  LR0=1.46e-04  pw=1.43  aucα=0.300  token_p=0.020  dropE=(0.020,0.080)  smooth=0.010  train_loss=0.2143  train_AUPR_all=0.7496  train_AUPR_ab=0.8070  train_AUPR_ag=0.6667  train_P@5_ab=1.0000  train_P@5_ag=1.0000  val_loss=0.3237  val_AUPR_all=0.6008  val_AUPR_ab=0.7456  val_AUPR_ag=0.3936  val_P@5_ab=0.9500  val_P@5_ag=0.9000  select=0.5696
Ep030  LR0=1.42e-04  pw=1.39  aucα=0.300  token_p=0.020  dropE=(0.020,0.080)  smooth=0.010  train_loss=0.2098  train_AUPR_all=0.7532  train_AUPR_ab=0.8102  train_AUPR_ag=0.6704  train_P@5_ab=1.0000  train_P@5_ag=0.9500  val_loss=0.3320  val_AUPR_all=0.5918  val_AUPR_ab=0.7485  val_AUPR_ag=0.3712  val_P@5_ab=1.0000  val_P@5_ag=0.8500  select=0.5599
Ep031  LR0=1.38e-04  pw=1.35  aucα=0.300  token_p=0.020  dropE=(0.020,0.080)  smooth=0.010  train_loss=0.2025  train_AUPR_all=0.7606  train_AUPR_ab=0.8123  train_AUPR_ag=0.6864  train_P@5_ab=1.0000  train_P@5_ag=1.0000  val_loss=0.3270  val_AUPR_all=0.6138  val_AUPR_ab=0.7578  val_AUPR_ag=0.4047  val_P@5_ab=1.0000  val_P@5_ag=0.8500  select=0.5813
Ep032  LR0=1.35e-04  pw=1.32  aucα=0.300  token_p=0.020  dropE=(0.020,0.080)  smooth=0.010  train_loss=0.1937  train_AUPR_all=0.7758  train_AUPR_ab=0.8242  train_AUPR_ag=0.7067  train_P@5_ab=1.0000  train_P@5_ag=0.9500  val_loss=0.3211  val_AUPR_all=0.6124  val_AUPR_ab=0.7550  val_AUPR_ag=0.4099  val_P@5_ab=0.9500  val_P@5_ag=0.9500  select=0.5825
Ep033  LR0=1.31e-04  pw=1.29  aucα=0.300  token_p=0.020  dropE=(0.020,0.080)  smooth=0.010  train_loss=0.1918  train_AUPR_all=0.7768  train_AUPR_ab=0.8215  train_AUPR_ag=0.7139  train_P@5_ab=1.0000  train_P@5_ag=1.0000  val_loss=0.3256  val_AUPR_all=0.6059  val_AUPR_ab=0.7576  val_AUPR_ag=0.3978  val_P@5_ab=0.9500  val_P@5_ag=0.9500  select=0.5777
Ep034  LR0=1.27e-04  pw=1.26  aucα=0.300  token_p=0.020  dropE=(0.020,0.080)  smooth=0.010  train_loss=0.1839  train_AUPR_all=0.7882  train_AUPR_ab=0.8328  train_AUPR_ag=0.7251  train_P@5_ab=1.0000  train_P@5_ag=1.0000  val_loss=0.3181  val_AUPR_all=0.6126  val_AUPR_ab=0.7641  val_AUPR_ag=0.3976  val_P@5_ab=1.0000  val_P@5_ag=0.9500  select=0.5808
Ep035  LR0=1.24e-04  pw=1.23  aucα=0.300  token_p=0.020  dropE=(0.020,0.080)  smooth=0.010  train_loss=0.1755  train_AUPR_all=0.8020  train_AUPR_ab=0.8440  train_AUPR_ag=0.7427  train_P@5_ab=1.0000  train_P@5_ag=1.0000  val_loss=0.3215  val_AUPR_all=0.5961  val_AUPR_ab=0.7594  val_AUPR_ag=0.3765  val_P@5_ab=1.0000  val_P@5_ag=0.7500  select=0.5680
Ep036  LR0=1.20e-04  pw=1.21  aucα=0.300  token_p=0.020  dropE=(0.020,0.080)  smooth=0.010  train_loss=0.1727  train_AUPR_all=0.8052  train_AUPR_ab=0.8460  train_AUPR_ag=0.7477  train_P@5_ab=0.9500  train_P@5_ag=0.9500  val_loss=0.3237  val_AUPR_all=0.6084  val_AUPR_ab=0.7640  val_AUPR_ag=0.3790  val_P@5_ab=1.0000  val_P@5_ag=0.9500  select=0.5715
Ep037  LR0=1.16e-04  pw=1.19  aucα=0.300  token_p=0.020  dropE=(0.020,0.080)  smooth=0.010  train_loss=0.1677  train_AUPR_all=0.8114  train_AUPR_ab=0.8480  train_AUPR_ag=0.7601  train_P@5_ab=1.0000  train_P@5_ag=0.9000  val_loss=0.3305  val_AUPR_all=0.6026  val_AUPR_ab=0.7599  val_AUPR_ag=0.3854  val_P@5_ab=1.0000  val_P@5_ag=0.8500  select=0.5727
Ep038  LR0=1.12e-04  pw=1.17  aucα=0.300  token_p=0.020  dropE=(0.020,0.080)  smooth=0.010  train_loss=0.1650  train_AUPR_all=0.8161  train_AUPR_ab=0.8558  train_AUPR_ag=0.7596  train_P@5_ab=1.0000  train_P@5_ag=1.0000  val_loss=0.3077  val_AUPR_all=0.6042  val_AUPR_ab=0.7591  val_AUPR_ag=0.3905  val_P@5_ab=1.0000  val_P@5_ag=0.9500  select=0.5748
Ep039  LR0=1.08e-04  pw=1.16  aucα=0.300  token_p=0.020  dropE=(0.020,0.080)  smooth=0.010  train_loss=0.1570  train_AUPR_all=0.8277  train_AUPR_ab=0.8656  train_AUPR_ag=0.7738  train_P@5_ab=1.0000  train_P@5_ag=1.0000  val_loss=0.3312  val_AUPR_all=0.5911  val_AUPR_ab=0.7568  val_AUPR_ag=0.3694  val_P@5_ab=1.0000  val_P@5_ag=0.5000  select=0.5631
Ep040  LR0=1.04e-04  pw=1.14  aucα=0.300  token_p=0.020  dropE=(0.020,0.080)  smooth=0.010  train_loss=0.1538  train_AUPR_all=0.8343  train_AUPR_ab=0.8691  train_AUPR_ag=0.7853  train_P@5_ab=1.0000  train_P@5_ag=1.0000  val_loss=0.3207  val_AUPR_all=0.5962  val_AUPR_ab=0.7543  val_AUPR_ag=0.3748  val_P@5_ab=1.0000  val_P@5_ag=0.7000  select=0.5645
Ep041  LR0=1.00e-04  pw=1.13  aucα=0.300  token_p=0.020  dropE=(0.020,0.080)  smooth=0.010  train_loss=0.1505  train_AUPR_all=0.8371  train_AUPR_ab=0.8697  train_AUPR_ag=0.7913  train_P@5_ab=1.0000  train_P@5_ag=0.9500  val_loss=0.3241  val_AUPR_all=0.5967  val_AUPR_ab=0.7520  val_AUPR_ag=0.3859  val_P@5_ab=1.0000  val_P@5_ag=0.8500  select=0.5690
Ep042  LR0=9.63e-05  pw=1.12  aucα=0.300  token_p=0.020  dropE=(0.020,0.080)  smooth=0.010  train_loss=0.1437  train_AUPR_all=0.8490  train_AUPR_ab=0.8827  train_AUPR_ag=0.8007  train_P@5_ab=1.0000  train_P@5_ag=1.0000  val_loss=0.3336  val_AUPR_all=0.5881  val_AUPR_ab=0.7392  val_AUPR_ag=0.3635  val_P@5_ab=0.9500  val_P@5_ag=0.6500  select=0.5513
Ep043  LR0=9.24e-05  pw=1.10  aucα=0.300  token_p=0.020  dropE=(0.020,0.080)  smooth=0.010  train_loss=0.1414  train_AUPR_all=0.8528  train_AUPR_ab=0.8840  train_AUPR_ag=0.8086  train_P@5_ab=1.0000  train_P@5_ag=1.0000  val_loss=0.3286  val_AUPR_all=0.5864  val_AUPR_ab=0.7575  val_AUPR_ag=0.3738  val_P@5_ab=0.9500  val_P@5_ag=0.6500  select=0.5656
Ep044  LR0=8.85e-05  pw=1.09  aucα=0.300  token_p=0.020  dropE=(0.020,0.080)  smooth=0.010  train_loss=0.1419  train_AUPR_all=0.8503  train_AUPR_ab=0.8819  train_AUPR_ag=0.8053  train_P@5_ab=1.0000  train_P@5_ag=1.0000  val_loss=0.3208  val_AUPR_all=0.5964  val_AUPR_ab=0.7599  val_AUPR_ag=0.3734  val_P@5_ab=0.9500  val_P@5_ag=0.5500  select=0.5667
Ep045  LR0=8.46e-05  pw=1.09  aucα=0.300  token_p=0.020  dropE=(0.020,0.080)  smooth=0.010  train_loss=0.1339  train_AUPR_all=0.8634  train_AUPR_ab=0.8927  train_AUPR_ag=0.8219  train_P@5_ab=1.0000  train_P@5_ag=1.0000  val_loss=0.3251  val_AUPR_all=0.5789  val_AUPR_ab=0.7644  val_AUPR_ag=0.3535  val_P@5_ab=1.0000  val_P@5_ag=0.6000  select=0.5589
Early stopping at epoch 45. Best select=0.5905 at epoch 25.
Final saved checkpoint for fold 3: checkpoints_old/iPara_balanced_l1_g6_i5_do0.10_dpr0.10_lr0.0002_heads16_fold3.pth
Best select=0.5905 at epoch 25

==========================================================================================
Fold 4/5
==========================================================================================
Train labels: valid=398858, pos=26560, neg=372298, ignore=700342, pos_frac=0.06659
Val labels: valid=101334, pos=6670, neg=94664, ignore=172266, pos_frac=0.06582
Initializing ClassificationModel with 6 GAT layers and residual connections...
Initializing MCModel with 6 GAT layers and 5 row attention layers (drop_path_rate=0.1)
Initializing CoreModel with 1 layers, drop_path_rate=0.1
Ep001  LR0=2.00e-04  pw=8.00  aucα=0.000  token_p=0.020  dropE=(0.020,0.080)  smooth=0.010  train_loss=0.7049  train_AUPR_all=0.2920  train_AUPR_ab=0.3547  train_AUPR_ag=0.2064  train_P@5_ab=0.7000  train_P@5_ag=0.8500  val_loss=0.7338  val_AUPR_all=0.4323  val_AUPR_ab=0.5178  val_AUPR_ag=0.3027  val_P@5_ab=0.4500  val_P@5_ag=0.9500  select=0.4102
  Saved checkpoint: checkpoints_old/iPara_balanced_l1_g6_i5_do0.10_dpr0.10_lr0.0002_heads16_fold4.pth  select=0.4102  val_ab=0.5178  val_ag=0.3027  val_all=0.4323
Ep002  LR0=2.00e-04  pw=7.33  aucα=0.000  token_p=0.020  dropE=(0.020,0.080)  smooth=0.010  train_loss=0.5106  train_AUPR_all=0.4333  train_AUPR_ab=0.5096  train_AUPR_ag=0.2981  train_P@5_ab=0.6500  train_P@5_ag=1.0000  val_loss=0.8634  val_AUPR_all=0.4754  val_AUPR_ab=0.6153  val_AUPR_ag=0.2712  val_P@5_ab=0.9000  val_P@5_ag=0.8500  select=0.4433
  Saved checkpoint: checkpoints_old/iPara_balanced_l1_g6_i5_do0.10_dpr0.10_lr0.0002_heads16_fold4.pth  select=0.4433  val_ab=0.6153  val_ag=0.2712  val_all=0.4754
Ep003  LR0=2.00e-04  pw=6.73  aucα=0.000  token_p=0.020  dropE=(0.020,0.080)  smooth=0.010  train_loss=0.4524  train_AUPR_all=0.4814  train_AUPR_ab=0.5688  train_AUPR_ag=0.3261  train_P@5_ab=0.7500  train_P@5_ag=0.8500  val_loss=0.6529  val_AUPR_all=0.4906  val_AUPR_ab=0.6185  val_AUPR_ag=0.3432  val_P@5_ab=1.0000  val_P@5_ag=0.9000  select=0.4809
  Saved checkpoint: checkpoints_old/iPara_balanced_l1_g6_i5_do0.10_dpr0.10_lr0.0002_heads16_fold4.pth  select=0.4809  val_ab=0.6185  val_ag=0.3432  val_all=0.4906
Ep004  LR0=1.99e-04  pw=6.19  aucα=0.000  token_p=0.020  dropE=(0.020,0.080)  smooth=0.010  train_loss=0.4247  train_AUPR_all=0.4883  train_AUPR_ab=0.5742  train_AUPR_ag=0.3316  train_P@5_ab=0.6000  train_P@5_ag=0.5500  val_loss=0.6422  val_AUPR_all=0.5073  val_AUPR_ab=0.6484  val_AUPR_ag=0.3434  val_P@5_ab=0.8000  val_P@5_ag=0.9000  select=0.4959
  Saved checkpoint: checkpoints_old/iPara_balanced_l1_g6_i5_do0.10_dpr0.10_lr0.0002_heads16_fold4.pth  select=0.4959  val_ab=0.6484  val_ag=0.3434  val_all=0.5073
Ep005  LR0=1.99e-04  pw=5.69  aucα=0.000  token_p=0.020  dropE=(0.020,0.080)  smooth=0.010  train_loss=0.3960  train_AUPR_all=0.5180  train_AUPR_ab=0.6057  train_AUPR_ag=0.3616  train_P@5_ab=0.8500  train_P@5_ag=1.0000  val_loss=0.5633  val_AUPR_all=0.5462  val_AUPR_ab=0.6540  val_AUPR_ag=0.3709  val_P@5_ab=0.9000  val_P@5_ag=1.0000  select=0.5124
  Saved checkpoint: checkpoints_old/iPara_balanced_l1_g6_i5_do0.10_dpr0.10_lr0.0002_heads16_fold4.pth  select=0.5124  val_ab=0.6540  val_ag=0.3709  val_all=0.5462
Ep006  LR0=1.98e-04  pw=5.25  aucα=0.000  token_p=0.020  dropE=(0.020,0.080)  smooth=0.010  train_loss=0.3755  train_AUPR_all=0.5252  train_AUPR_ab=0.6155  train_AUPR_ag=0.3577  train_P@5_ab=0.9000  train_P@5_ag=1.0000  val_loss=0.5340  val_AUPR_all=0.5635  val_AUPR_ab=0.6789  val_AUPR_ag=0.3680  val_P@5_ab=1.0000  val_P@5_ag=0.9000  select=0.5235
  Saved checkpoint: checkpoints_old/iPara_balanced_l1_g6_i5_do0.10_dpr0.10_lr0.0002_heads16_fold4.pth  select=0.5235  val_ab=0.6789  val_ag=0.3680  val_all=0.5635
Ep007  LR0=1.97e-04  pw=4.84  aucα=0.000  token_p=0.020  dropE=(0.020,0.080)  smooth=0.010  train_loss=0.3521  train_AUPR_all=0.5415  train_AUPR_ab=0.6422  train_AUPR_ag=0.3667  train_P@5_ab=0.9500  train_P@5_ag=1.0000  val_loss=0.5221  val_AUPR_all=0.5568  val_AUPR_ab=0.6931  val_AUPR_ag=0.3486  val_P@5_ab=1.0000  val_P@5_ag=0.9000  select=0.5209
Ep008  LR0=1.96e-04  pw=4.48  aucα=0.000  token_p=0.020  dropE=(0.020,0.080)  smooth=0.010  train_loss=0.3304  train_AUPR_all=0.5517  train_AUPR_ab=0.6431  train_AUPR_ag=0.3866  train_P@5_ab=0.9000  train_P@5_ag=0.8500  val_loss=0.4991  val_AUPR_all=0.5738  val_AUPR_ab=0.7024  val_AUPR_ag=0.3783  val_P@5_ab=1.0000  val_P@5_ag=0.9000  select=0.5403
  Saved checkpoint: checkpoints_old/iPara_balanced_l1_g6_i5_do0.10_dpr0.10_lr0.0002_heads16_fold4.pth  select=0.5403  val_ab=0.7024  val_ag=0.3783  val_all=0.5738
Ep009  LR0=1.95e-04  pw=4.15  aucα=0.000  token_p=0.020  dropE=(0.020,0.080)  smooth=0.010  train_loss=0.3163  train_AUPR_all=0.5613  train_AUPR_ab=0.6620  train_AUPR_ag=0.3885  train_P@5_ab=0.6500  train_P@5_ag=1.0000  val_loss=0.4852  val_AUPR_all=0.5718  val_AUPR_ab=0.6984  val_AUPR_ag=0.3827  val_P@5_ab=0.9500  val_P@5_ag=0.8500  select=0.5405
  Saved checkpoint: checkpoints_old/iPara_balanced_l1_g6_i5_do0.10_dpr0.10_lr0.0002_heads16_fold4.pth  select=0.5405  val_ab=0.6984  val_ag=0.3827  val_all=0.5718
Ep010  LR0=1.94e-04  pw=3.85  aucα=0.030  token_p=0.020  dropE=(0.020,0.080)  smooth=0.010  train_loss=0.3156  train_AUPR_all=0.5670  train_AUPR_ab=0.6675  train_AUPR_ag=0.3940  train_P@5_ab=0.9500  train_P@5_ag=0.9000  val_loss=0.4736  val_AUPR_all=0.5858  val_AUPR_ab=0.7131  val_AUPR_ag=0.3822  val_P@5_ab=1.0000  val_P@5_ag=1.0000  select=0.5476
  Saved checkpoint: checkpoints_old/iPara_balanced_l1_g6_i5_do0.10_dpr0.10_lr0.0002_heads16_fold4.pth  select=0.5476  val_ab=0.7131  val_ag=0.3822  val_all=0.5858
Unfreezing DyM parameters.
Ep011  LR0=1.92e-04  pw=3.58  aucα=0.060  token_p=0.020  dropE=(0.020,0.080)  smooth=0.010  train_loss=0.3137  train_AUPR_all=0.5783  train_AUPR_ab=0.6792  train_AUPR_ag=0.4085  train_P@5_ab=1.0000  train_P@5_ag=1.0000  val_loss=0.4357  val_AUPR_all=0.5910  val_AUPR_ab=0.7233  val_AUPR_ag=0.3910  val_P@5_ab=0.9500  val_P@5_ag=1.0000  select=0.5572
  Saved checkpoint: checkpoints_old/iPara_balanced_l1_g6_i5_do0.10_dpr0.10_lr0.0002_heads16_fold4.pth  select=0.5572  val_ab=0.7233  val_ag=0.3910  val_all=0.5910
Ep012  LR0=1.91e-04  pw=3.33  aucα=0.090  token_p=0.020  dropE=(0.020,0.080)  smooth=0.010  train_loss=0.3120  train_AUPR_all=0.5891  train_AUPR_ab=0.6919  train_AUPR_ag=0.4171  train_P@5_ab=1.0000  train_P@5_ag=0.9500  val_loss=0.4339  val_AUPR_all=0.5918  val_AUPR_ab=0.7261  val_AUPR_ag=0.3796  val_P@5_ab=1.0000  val_P@5_ag=0.9000  select=0.5529
Ep013  LR0=1.89e-04  pw=3.11  aucα=0.120  token_p=0.020  dropE=(0.020,0.080)  smooth=0.010  train_loss=0.3106  train_AUPR_all=0.6015  train_AUPR_ab=0.7046  train_AUPR_ag=0.4310  train_P@5_ab=0.9000  train_P@5_ag=1.0000  val_loss=0.4567  val_AUPR_all=0.5792  val_AUPR_ab=0.7221  val_AUPR_ag=0.3708  val_P@5_ab=0.9500  val_P@5_ag=1.0000  select=0.5464
Ep014  LR0=1.87e-04  pw=2.91  aucα=0.150  token_p=0.020  dropE=(0.020,0.080)  smooth=0.010  train_loss=0.3140  train_AUPR_all=0.5994  train_AUPR_ab=0.7012  train_AUPR_ag=0.4271  train_P@5_ab=0.9500  train_P@5_ag=0.9500  val_loss=0.4054  val_AUPR_all=0.5908  val_AUPR_ab=0.7220  val_AUPR_ag=0.3797  val_P@5_ab=0.9500  val_P@5_ag=0.9000  select=0.5509
Ep015  LR0=1.85e-04  pw=2.73  aucα=0.180  token_p=0.020  dropE=(0.020,0.080)  smooth=0.010  train_loss=0.3123  train_AUPR_all=0.6120  train_AUPR_ab=0.7140  train_AUPR_ag=0.4431  train_P@5_ab=0.9000  train_P@5_ag=0.8500  val_loss=0.4181  val_AUPR_all=0.5742  val_AUPR_ab=0.7365  val_AUPR_ag=0.3626  val_P@5_ab=0.9500  val_P@5_ag=0.8500  select=0.5496
Ep016  LR0=1.83e-04  pw=2.56  aucα=0.210  token_p=0.020  dropE=(0.020,0.080)  smooth=0.010  train_loss=0.3126  train_AUPR_all=0.6230  train_AUPR_ab=0.7256  train_AUPR_ag=0.4547  train_P@5_ab=0.9500  train_P@5_ag=1.0000  val_loss=0.3822  val_AUPR_all=0.6098  val_AUPR_ab=0.7377  val_AUPR_ag=0.4070  val_P@5_ab=0.9500  val_P@5_ag=0.9000  select=0.5724
  Saved checkpoint: checkpoints_old/iPara_balanced_l1_g6_i5_do0.10_dpr0.10_lr0.0002_heads16_fold4.pth  select=0.5724  val_ab=0.7377  val_ag=0.4070  val_all=0.6098
Ep017  LR0=1.81e-04  pw=2.41  aucα=0.240  token_p=0.020  dropE=(0.020,0.080)  smooth=0.010  train_loss=0.3088  train_AUPR_all=0.6338  train_AUPR_ab=0.7334  train_AUPR_ag=0.4728  train_P@5_ab=1.0000  train_P@5_ag=0.9000  val_loss=0.3664  val_AUPR_all=0.6048  val_AUPR_ab=0.7380  val_AUPR_ag=0.3954  val_P@5_ab=0.9000  val_P@5_ag=0.9000  select=0.5667
Ep018  LR0=1.79e-04  pw=2.28  aucα=0.270  token_p=0.020  dropE=(0.020,0.080)  smooth=0.010  train_loss=0.3124  train_AUPR_all=0.6412  train_AUPR_ab=0.7371  train_AUPR_ag=0.4874  train_P@5_ab=0.9500  train_P@5_ag=0.9500  val_loss=0.3554  val_AUPR_all=0.6222  val_AUPR_ab=0.7607  val_AUPR_ag=0.4059  val_P@5_ab=1.0000  val_P@5_ag=0.8500  select=0.5833
  Saved checkpoint: checkpoints_old/iPara_balanced_l1_g6_i5_do0.10_dpr0.10_lr0.0002_heads16_fold4.pth  select=0.5833  val_ab=0.7607  val_ag=0.4059  val_all=0.6222
Ep019  LR0=1.76e-04  pw=2.16  aucα=0.300  token_p=0.020  dropE=(0.020,0.080)  smooth=0.010  train_loss=0.3134  train_AUPR_all=0.6467  train_AUPR_ab=0.7407  train_AUPR_ag=0.4968  train_P@5_ab=0.9500  train_P@5_ag=1.0000  val_loss=0.3513  val_AUPR_all=0.6104  val_AUPR_ab=0.7502  val_AUPR_ag=0.3988  val_P@5_ab=1.0000  val_P@5_ag=0.9000  select=0.5745
Ep020  LR0=1.73e-04  pw=2.05  aucα=0.300  token_p=0.020  dropE=(0.020,0.080)  smooth=0.010  train_loss=0.2995  train_AUPR_all=0.6590  train_AUPR_ab=0.7529  train_AUPR_ag=0.5110  train_P@5_ab=1.0000  train_P@5_ag=0.9500  val_loss=0.3509  val_AUPR_all=0.6106  val_AUPR_ab=0.7548  val_AUPR_ag=0.3952  val_P@5_ab=0.9500  val_P@5_ag=0.8000  select=0.5750
Ep021  LR0=1.71e-04  pw=1.95  aucα=0.300  token_p=0.020  dropE=(0.020,0.080)  smooth=0.010  train_loss=0.2904  train_AUPR_all=0.6670  train_AUPR_ab=0.7567  train_AUPR_ag=0.5278  train_P@5_ab=0.9500  train_P@5_ag=0.9500  val_loss=0.3420  val_AUPR_all=0.6145  val_AUPR_ab=0.7498  val_AUPR_ag=0.4008  val_P@5_ab=1.0000  val_P@5_ag=0.9000  select=0.5753
Ep022  LR0=1.68e-04  pw=1.86  aucα=0.300  token_p=0.020  dropE=(0.020,0.080)  smooth=0.010  train_loss=0.2783  train_AUPR_all=0.6790  train_AUPR_ab=0.7645  train_AUPR_ag=0.5466  train_P@5_ab=1.0000  train_P@5_ag=1.0000  val_loss=0.3291  val_AUPR_all=0.6187  val_AUPR_ab=0.7620  val_AUPR_ag=0.3925  val_P@5_ab=1.0000  val_P@5_ag=0.8500  select=0.5772
Ep023  LR0=1.65e-04  pw=1.78  aucα=0.300  token_p=0.020  dropE=(0.020,0.080)  smooth=0.010  train_loss=0.2707  train_AUPR_all=0.6842  train_AUPR_ab=0.7716  train_AUPR_ag=0.5486  train_P@5_ab=0.9500  train_P@5_ag=0.8000  val_loss=0.3370  val_AUPR_all=0.6124  val_AUPR_ab=0.7548  val_AUPR_ag=0.3983  val_P@5_ab=0.9000  val_P@5_ag=1.0000  select=0.5766
Ep024  LR0=1.62e-04  pw=1.70  aucα=0.300  token_p=0.020  dropE=(0.020,0.080)  smooth=0.010  train_loss=0.2575  train_AUPR_all=0.6998  train_AUPR_ab=0.7806  train_AUPR_ag=0.5773  train_P@5_ab=1.0000  train_P@5_ag=0.9000  val_loss=0.3477  val_AUPR_all=0.5985  val_AUPR_ab=0.7499  val_AUPR_ag=0.3974  val_P@5_ab=1.0000  val_P@5_ag=1.0000  select=0.5737
Ep025  LR0=1.59e-04  pw=1.64  aucα=0.300  token_p=0.020  dropE=(0.020,0.080)  smooth=0.010  train_loss=0.2504  train_AUPR_all=0.7049  train_AUPR_ab=0.7806  train_AUPR_ag=0.5900  train_P@5_ab=1.0000  train_P@5_ag=0.9000  val_loss=0.3193  val_AUPR_all=0.6253  val_AUPR_ab=0.7703  val_AUPR_ag=0.4017  val_P@5_ab=0.9500  val_P@5_ag=0.9500  select=0.5860
  Saved checkpoint: checkpoints_old/iPara_balanced_l1_g6_i5_do0.10_dpr0.10_lr0.0002_heads16_fold4.pth  select=0.5860  val_ab=0.7703  val_ag=0.4017  val_all=0.6253
Ep026  LR0=1.56e-04  pw=1.57  aucα=0.300  token_p=0.020  dropE=(0.020,0.080)  smooth=0.010  train_loss=0.2400  train_AUPR_all=0.7195  train_AUPR_ab=0.7910  train_AUPR_ag=0.6123  train_P@5_ab=1.0000  train_P@5_ag=1.0000  val_loss=0.3327  val_AUPR_all=0.6121  val_AUPR_ab=0.7616  val_AUPR_ag=0.3932  val_P@5_ab=1.0000  val_P@5_ag=0.9500  select=0.5774
Ep027  LR0=1.52e-04  pw=1.52  aucα=0.300  token_p=0.020  dropE=(0.020,0.080)  smooth=0.010  train_loss=0.2360  train_AUPR_all=0.7222  train_AUPR_ab=0.7922  train_AUPR_ag=0.6182  train_P@5_ab=1.0000  train_P@5_ag=1.0000  val_loss=0.3379  val_AUPR_all=0.6082  val_AUPR_ab=0.7627  val_AUPR_ag=0.3943  val_P@5_ab=1.0000  val_P@5_ag=0.9500  select=0.5785
Ep028  LR0=1.49e-04  pw=1.47  aucα=0.300  token_p=0.020  dropE=(0.020,0.080)  smooth=0.010  train_loss=0.2230  train_AUPR_all=0.7390  train_AUPR_ab=0.8056  train_AUPR_ag=0.6395  train_P@5_ab=1.0000  train_P@5_ag=0.9000  val_loss=0.3263  val_AUPR_all=0.6176  val_AUPR_ab=0.7695  val_AUPR_ag=0.3930  val_P@5_ab=0.9500  val_P@5_ag=0.9500  select=0.5812
Ep029  LR0=1.46e-04  pw=1.43  aucα=0.300  token_p=0.020  dropE=(0.020,0.080)  smooth=0.010  train_loss=0.2166  train_AUPR_all=0.7479  train_AUPR_ab=0.8082  train_AUPR_ag=0.6592  train_P@5_ab=0.9500  train_P@5_ag=1.0000  val_loss=0.3172  val_AUPR_all=0.6030  val_AUPR_ab=0.7640  val_AUPR_ag=0.3869  val_P@5_ab=0.9500  val_P@5_ag=0.7500  select=0.5754
Ep030  LR0=1.42e-04  pw=1.39  aucα=0.300  token_p=0.020  dropE=(0.020,0.080)  smooth=0.010  train_loss=0.2080  train_AUPR_all=0.7550  train_AUPR_ab=0.8126  train_AUPR_ag=0.6702  train_P@5_ab=0.9000  train_P@5_ag=1.0000  val_loss=0.3318  val_AUPR_all=0.6125  val_AUPR_ab=0.7576  val_AUPR_ag=0.3970  val_P@5_ab=0.9500  val_P@5_ag=0.9500  select=0.5773
Ep031  LR0=1.38e-04  pw=1.35  aucα=0.300  token_p=0.020  dropE=(0.020,0.080)  smooth=0.010  train_loss=0.2073  train_AUPR_all=0.7550  train_AUPR_ab=0.8121  train_AUPR_ag=0.6715  train_P@5_ab=0.9500  train_P@5_ag=0.9500  val_loss=0.3179  val_AUPR_all=0.6133  val_AUPR_ab=0.7694  val_AUPR_ag=0.4070  val_P@5_ab=0.9500  val_P@5_ag=1.0000  select=0.5882
  Saved checkpoint: checkpoints_old/iPara_balanced_l1_g6_i5_do0.10_dpr0.10_lr0.0002_heads16_fold4.pth  select=0.5882  val_ab=0.7694  val_ag=0.4070  val_all=0.6133
Ep032  LR0=1.35e-04  pw=1.32  aucα=0.300  token_p=0.020  dropE=(0.020,0.080)  smooth=0.010  train_loss=0.1970  train_AUPR_all=0.7707  train_AUPR_ab=0.8225  train_AUPR_ag=0.6955  train_P@5_ab=1.0000  train_P@5_ag=0.9500  val_loss=0.3251  val_AUPR_all=0.6169  val_AUPR_ab=0.7580  val_AUPR_ag=0.4080  val_P@5_ab=0.9000  val_P@5_ag=0.9500  select=0.5830
Ep033  LR0=1.31e-04  pw=1.29  aucα=0.300  token_p=0.020  dropE=(0.020,0.080)  smooth=0.010  train_loss=0.1901  train_AUPR_all=0.7804  train_AUPR_ab=0.8315  train_AUPR_ag=0.7056  train_P@5_ab=1.0000  train_P@5_ag=1.0000  val_loss=0.3166  val_AUPR_all=0.6046  val_AUPR_ab=0.7483  val_AUPR_ag=0.4059  val_P@5_ab=1.0000  val_P@5_ag=1.0000  select=0.5771
Ep034  LR0=1.27e-04  pw=1.26  aucα=0.300  token_p=0.020  dropE=(0.020,0.080)  smooth=0.010  train_loss=0.1847  train_AUPR_all=0.7865  train_AUPR_ab=0.8304  train_AUPR_ag=0.7239  train_P@5_ab=1.0000  train_P@5_ag=1.0000  val_loss=0.3086  val_AUPR_all=0.6265  val_AUPR_ab=0.7764  val_AUPR_ag=0.4132  val_P@5_ab=0.9000  val_P@5_ag=1.0000  select=0.5948
  Saved checkpoint: checkpoints_old/iPara_balanced_l1_g6_i5_do0.10_dpr0.10_lr0.0002_heads16_fold4.pth  select=0.5948  val_ab=0.7764  val_ag=0.4132  val_all=0.6265
Ep035  LR0=1.24e-04  pw=1.23  aucα=0.300  token_p=0.020  dropE=(0.020,0.080)  smooth=0.010  train_loss=0.1799  train_AUPR_all=0.7942  train_AUPR_ab=0.8408  train_AUPR_ag=0.7266  train_P@5_ab=0.9000  train_P@5_ag=0.9500  val_loss=0.3147  val_AUPR_all=0.6166  val_AUPR_ab=0.7669  val_AUPR_ag=0.4029  val_P@5_ab=0.8500  val_P@5_ag=1.0000  select=0.5849
Ep036  LR0=1.20e-04  pw=1.21  aucα=0.300  token_p=0.020  dropE=(0.020,0.080)  smooth=0.010  train_loss=0.1732  train_AUPR_all=0.8050  train_AUPR_ab=0.8489  train_AUPR_ag=0.7416  train_P@5_ab=1.0000  train_P@5_ag=1.0000  val_loss=0.3338  val_AUPR_all=0.6154  val_AUPR_ab=0.7718  val_AUPR_ag=0.4096  val_P@5_ab=0.8500  val_P@5_ag=0.8500  select=0.5907
Ep037  LR0=1.16e-04  pw=1.19  aucα=0.300  token_p=0.020  dropE=(0.020,0.080)  smooth=0.010  train_loss=0.1695  train_AUPR_all=0.8100  train_AUPR_ab=0.8537  train_AUPR_ag=0.7464  train_P@5_ab=1.0000  train_P@5_ag=0.9500  val_loss=0.3401  val_AUPR_all=0.6018  val_AUPR_ab=0.7578  val_AUPR_ag=0.4067  val_P@5_ab=0.8500  val_P@5_ag=0.9500  select=0.5822
Ep038  LR0=1.12e-04  pw=1.17  aucα=0.300  token_p=0.020  dropE=(0.020,0.080)  smooth=0.010  train_loss=0.1628  train_AUPR_all=0.8211  train_AUPR_ab=0.8628  train_AUPR_ag=0.7607  train_P@5_ab=1.0000  train_P@5_ag=1.0000  val_loss=0.3408  val_AUPR_all=0.5922  val_AUPR_ab=0.7500  val_AUPR_ag=0.3928  val_P@5_ab=0.8500  val_P@5_ag=0.8500  select=0.5714
Ep039  LR0=1.08e-04  pw=1.16  aucα=0.300  token_p=0.020  dropE=(0.020,0.080)  smooth=0.010  train_loss=0.1574  train_AUPR_all=0.8292  train_AUPR_ab=0.8700  train_AUPR_ag=0.7697  train_P@5_ab=1.0000  train_P@5_ag=1.0000  val_loss=0.3177  val_AUPR_all=0.5880  val_AUPR_ab=0.7438  val_AUPR_ag=0.4090  val_P@5_ab=1.0000  val_P@5_ag=0.8000  select=0.5764
Ep040  LR0=1.04e-04  pw=1.14  aucα=0.300  token_p=0.020  dropE=(0.020,0.080)  smooth=0.010  train_loss=0.1576  train_AUPR_all=0.8272  train_AUPR_ab=0.8653  train_AUPR_ag=0.7723  train_P@5_ab=1.0000  train_P@5_ag=1.0000  val_loss=0.3323  val_AUPR_all=0.5926  val_AUPR_ab=0.7572  val_AUPR_ag=0.3816  val_P@5_ab=0.9000  val_P@5_ag=0.5000  select=0.5694
Ep041  LR0=1.00e-04  pw=1.13  aucα=0.300  token_p=0.020  dropE=(0.020,0.080)  smooth=0.010  train_loss=0.1539  train_AUPR_all=0.8333  train_AUPR_ab=0.8730  train_AUPR_ag=0.7756  train_P@5_ab=1.0000  train_P@5_ag=1.0000  val_loss=0.3205  val_AUPR_all=0.6061  val_AUPR_ab=0.7685  val_AUPR_ag=0.3837  val_P@5_ab=1.0000  val_P@5_ag=0.8000  select=0.5761
Ep042  LR0=9.63e-05  pw=1.12  aucα=0.300  token_p=0.020  dropE=(0.020,0.080)  smooth=0.010  train_loss=0.1475  train_AUPR_all=0.8431  train_AUPR_ab=0.8801  train_AUPR_ag=0.7894  train_P@5_ab=1.0000  train_P@5_ag=1.0000  val_loss=0.3143  val_AUPR_all=0.5995  val_AUPR_ab=0.7627  val_AUPR_ag=0.3735  val_P@5_ab=0.9000  val_P@5_ag=0.7500  select=0.5681
Ep043  LR0=9.24e-05  pw=1.10  aucα=0.300  token_p=0.020  dropE=(0.020,0.080)  smooth=0.010  train_loss=0.1397  train_AUPR_all=0.8570  train_AUPR_ab=0.8909  train_AUPR_ag=0.8077  train_P@5_ab=1.0000  train_P@5_ag=1.0000  val_loss=0.3255  val_AUPR_all=0.5990  val_AUPR_ab=0.7604  val_AUPR_ag=0.3912  val_P@5_ab=0.9500  val_P@5_ag=0.6000  select=0.5758
Ep044  LR0=8.85e-05  pw=1.09  aucα=0.300  token_p=0.020  dropE=(0.020,0.080)  smooth=0.010  train_loss=0.1399  train_AUPR_all=0.8553  train_AUPR_ab=0.8935  train_AUPR_ag=0.7985  train_P@5_ab=1.0000  train_P@5_ag=1.0000  val_loss=0.3347  val_AUPR_all=0.5913  val_AUPR_ab=0.7633  val_AUPR_ag=0.3618  val_P@5_ab=0.7500  val_P@5_ag=0.4000  select=0.5626
Ep045  LR0=8.46e-05  pw=1.09  aucα=0.300  token_p=0.020  dropE=(0.020,0.080)  smooth=0.010  train_loss=0.1368  train_AUPR_all=0.8607  train_AUPR_ab=0.8947  train_AUPR_ag=0.8114  train_P@5_ab=1.0000  train_P@5_ag=1.0000  val_loss=0.3249  val_AUPR_all=0.6009  val_AUPR_ab=0.7537  val_AUPR_ag=0.3982  val_P@5_ab=0.8000  val_P@5_ag=0.6500  select=0.5760
Ep046  LR0=8.08e-05  pw=1.08  aucα=0.300  token_p=0.020  dropE=(0.020,0.080)  smooth=0.010  train_loss=0.1338  train_AUPR_all=0.8645  train_AUPR_ab=0.8974  train_AUPR_ag=0.8167  train_P@5_ab=1.0000  train_P@5_ag=1.0000  val_loss=0.3245  val_AUPR_all=0.5967  val_AUPR_ab=0.7573  val_AUPR_ag=0.3786  val_P@5_ab=0.9500  val_P@5_ag=0.6000  select=0.5679
Ep047  LR0=7.70e-05  pw=1.07  aucα=0.300  token_p=0.020  dropE=(0.020,0.080)  smooth=0.010  train_loss=0.1315  train_AUPR_all=0.8678  train_AUPR_ab=0.9000  train_AUPR_ag=0.8207  train_P@5_ab=1.0000  train_P@5_ag=0.9500  val_loss=0.3188  val_AUPR_all=0.6112  val_AUPR_ab=0.7660  val_AUPR_ag=0.4004  val_P@5_ab=0.9500  val_P@5_ag=0.7500  select=0.5832
Ep048  LR0=7.32e-05  pw=1.06  aucα=0.300  token_p=0.020  dropE=(0.020,0.080)  smooth=0.010  train_loss=0.1282  train_AUPR_all=0.8726  train_AUPR_ab=0.9043  train_AUPR_ag=0.8262  train_P@5_ab=1.0000  train_P@5_ag=1.0000  val_loss=0.3228  val_AUPR_all=0.5960  val_AUPR_ab=0.7537  val_AUPR_ag=0.3843  val_P@5_ab=0.7000  val_P@5_ag=0.5500  select=0.5690
Ep049  LR0=6.94e-05  pw=1.06  aucα=0.300  token_p=0.020  dropE=(0.020,0.080)  smooth=0.010  train_loss=0.1239  train_AUPR_all=0.8794  train_AUPR_ab=0.9110  train_AUPR_ag=0.8327  train_P@5_ab=0.9500  train_P@5_ag=1.0000  val_loss=0.3292  val_AUPR_all=0.5834  val_AUPR_ab=0.7542  val_AUPR_ag=0.3739  val_P@5_ab=1.0000  val_P@5_ag=0.3000  select=0.5640
Ep050  LR0=6.57e-05  pw=1.05  aucα=0.300  token_p=0.020  dropE=(0.020,0.080)  smooth=0.010  train_loss=0.1169  train_AUPR_all=0.8907  train_AUPR_ab=0.9199  train_AUPR_ag=0.8474  train_P@5_ab=0.9500  train_P@5_ag=0.9500  val_loss=0.3380  val_AUPR_all=0.5880  val_AUPR_ab=0.7483  val_AUPR_ag=0.3687  val_P@5_ab=0.7500  val_P@5_ag=0.4000  select=0.5585
Ep051  LR0=6.21e-05  pw=1.05  aucα=0.300  token_p=0.020  dropE=(0.020,0.080)  smooth=0.010  train_loss=0.1149  train_AUPR_all=0.8951  train_AUPR_ab=0.9234  train_AUPR_ag=0.8532  train_P@5_ab=1.0000  train_P@5_ag=1.0000  val_loss=0.3364  val_AUPR_all=0.5916  val_AUPR_ab=0.7554  val_AUPR_ag=0.3814  val_P@5_ab=0.9000  val_P@5_ag=0.4500  select=0.5684
Ep052  LR0=5.85e-05  pw=1.04  aucα=0.300  token_p=0.020  dropE=(0.020,0.080)  smooth=0.010  train_loss=0.1189  train_AUPR_all=0.8872  train_AUPR_ab=0.9165  train_AUPR_ag=0.8438  train_P@5_ab=1.0000  train_P@5_ag=1.0000  val_loss=0.3279  val_AUPR_all=0.5938  val_AUPR_ab=0.7505  val_AUPR_ag=0.3750  val_P@5_ab=0.7500  val_P@5_ag=0.5000  select=0.5627
Ep053  LR0=5.50e-05  pw=1.04  aucα=0.300  token_p=0.020  dropE=(0.020,0.080)  smooth=0.010  train_loss=0.1142  train_AUPR_all=0.8948  train_AUPR_ab=0.9249  train_AUPR_ag=0.8495  train_P@5_ab=1.0000  train_P@5_ag=1.0000  val_loss=0.3359  val_AUPR_all=0.5971  val_AUPR_ab=0.7667  val_AUPR_ag=0.3667  val_P@5_ab=1.0000  val_P@5_ag=0.4500  select=0.5667
Ep054  LR0=5.15e-05  pw=1.03  aucα=0.300  token_p=0.020  dropE=(0.020,0.080)  smooth=0.010  train_loss=0.1084  train_AUPR_all=0.9033  train_AUPR_ab=0.9313  train_AUPR_ag=0.8609  train_P@5_ab=1.0000  train_P@5_ag=1.0000  val_loss=0.3489  val_AUPR_all=0.5848  val_AUPR_ab=0.7444  val_AUPR_ag=0.3681  val_P@5_ab=0.8000  val_P@5_ag=0.2500  select=0.5563
Early stopping at epoch 54. Best select=0.5948 at epoch 34.
Final saved checkpoint for fold 4: checkpoints_old/iPara_balanced_l1_g6_i5_do0.10_dpr0.10_lr0.0002_heads16_fold4.pth
Best select=0.5948 at epoch 34

==========================================================================================
Fold 5/5
==========================================================================================
Train labels: valid=399660, pos=26617, neg=373043, ignore=699540, pos_frac=0.06660
Val labels: valid=100532, pos=6613, neg=93919, ignore=173068, pos_frac=0.06578
Initializing ClassificationModel with 6 GAT layers and residual connections...
Initializing MCModel with 6 GAT layers and 5 row attention layers (drop_path_rate=0.1)
Initializing CoreModel with 1 layers, drop_path_rate=0.1
Ep001  LR0=2.00e-04  pw=8.00  aucα=0.000  token_p=0.020  dropE=(0.020,0.080)  smooth=0.010  train_loss=0.6930  train_AUPR_all=0.2801  train_AUPR_ab=0.3349  train_AUPR_ag=0.2104  train_P@5_ab=0.6500  train_P@5_ag=0.8500  val_loss=0.7755  val_AUPR_all=0.4258  val_AUPR_ab=0.5267  val_AUPR_ag=0.2584  val_P@5_ab=0.8000  val_P@5_ag=0.7000  select=0.3926
  Saved checkpoint: checkpoints_old/iPara_balanced_l1_g6_i5_do0.10_dpr0.10_lr0.0002_heads16_fold5.pth  select=0.3926  val_ab=0.5267  val_ag=0.2584  val_all=0.4258
Ep002  LR0=2.00e-04  pw=7.33  aucα=0.000  token_p=0.020  dropE=(0.020,0.080)  smooth=0.010  train_loss=0.5156  train_AUPR_all=0.4135  train_AUPR_ab=0.4899  train_AUPR_ag=0.2836  train_P@5_ab=0.7000  train_P@5_ag=0.8500  val_loss=0.6568  val_AUPR_all=0.4814  val_AUPR_ab=0.6026  val_AUPR_ag=0.2955  val_P@5_ab=0.9000  val_P@5_ag=0.9500  select=0.4490
  Saved checkpoint: checkpoints_old/iPara_balanced_l1_g6_i5_do0.10_dpr0.10_lr0.0002_heads16_fold5.pth  select=0.4490  val_ab=0.6026  val_ag=0.2955  val_all=0.4814
Ep003  LR0=2.00e-04  pw=6.73  aucα=0.000  token_p=0.020  dropE=(0.020,0.080)  smooth=0.010  train_loss=0.4662  train_AUPR_all=0.4669  train_AUPR_ab=0.5496  train_AUPR_ag=0.3155  train_P@5_ab=0.8000  train_P@5_ag=0.8500  val_loss=0.5993  val_AUPR_all=0.5321  val_AUPR_ab=0.6599  val_AUPR_ag=0.3263  val_P@5_ab=0.7500  val_P@5_ag=0.9000  select=0.4931
  Saved checkpoint: checkpoints_old/iPara_balanced_l1_g6_i5_do0.10_dpr0.10_lr0.0002_heads16_fold5.pth  select=0.4931  val_ab=0.6599  val_ag=0.3263  val_all=0.5321
Ep004  LR0=1.99e-04  pw=6.19  aucα=0.000  token_p=0.020  dropE=(0.020,0.080)  smooth=0.010  train_loss=0.4289  train_AUPR_all=0.4917  train_AUPR_ab=0.5782  train_AUPR_ag=0.3340  train_P@5_ab=0.5500  train_P@5_ag=0.9500  val_loss=0.5931  val_AUPR_all=0.5352  val_AUPR_ab=0.6710  val_AUPR_ag=0.3221  val_P@5_ab=0.5500  val_P@5_ag=0.9500  select=0.4966
  Saved checkpoint: checkpoints_old/iPara_balanced_l1_g6_i5_do0.10_dpr0.10_lr0.0002_heads16_fold5.pth  select=0.4966  val_ab=0.6710  val_ag=0.3221  val_all=0.5352
Ep005  LR0=1.99e-04  pw=5.69  aucα=0.000  token_p=0.020  dropE=(0.020,0.080)  smooth=0.010  train_loss=0.4009  train_AUPR_all=0.5106  train_AUPR_ab=0.6021  train_AUPR_ag=0.3445  train_P@5_ab=0.8500  train_P@5_ag=0.7000  val_loss=0.5706  val_AUPR_all=0.5564  val_AUPR_ab=0.6926  val_AUPR_ag=0.3470  val_P@5_ab=0.9000  val_P@5_ag=0.9500  select=0.5198
  Saved checkpoint: checkpoints_old/iPara_balanced_l1_g6_i5_do0.10_dpr0.10_lr0.0002_heads16_fold5.pth  select=0.5198  val_ab=0.6926  val_ag=0.3470  val_all=0.5564
Ep006  LR0=1.98e-04  pw=5.25  aucα=0.000  token_p=0.020  dropE=(0.020,0.080)  smooth=0.010  train_loss=0.3762  train_AUPR_all=0.5277  train_AUPR_ab=0.6239  train_AUPR_ag=0.3528  train_P@5_ab=0.9500  train_P@5_ag=0.8500  val_loss=0.5364  val_AUPR_all=0.5557  val_AUPR_ab=0.6973  val_AUPR_ag=0.3299  val_P@5_ab=0.9000  val_P@5_ag=1.0000  select=0.5136
Ep007  LR0=1.97e-04  pw=4.84  aucα=0.000  token_p=0.020  dropE=(0.020,0.080)  smooth=0.010  train_loss=0.3535  train_AUPR_all=0.5395  train_AUPR_ab=0.6300  train_AUPR_ag=0.3705  train_P@5_ab=0.8000  train_P@5_ag=0.9000  val_loss=0.5291  val_AUPR_all=0.5423  val_AUPR_ab=0.6784  val_AUPR_ag=0.3388  val_P@5_ab=1.0000  val_P@5_ag=0.9000  select=0.5086
Ep008  LR0=1.96e-04  pw=4.48  aucα=0.000  token_p=0.020  dropE=(0.020,0.080)  smooth=0.010  train_loss=0.3364  train_AUPR_all=0.5438  train_AUPR_ab=0.6384  train_AUPR_ag=0.3777  train_P@5_ab=0.9000  train_P@5_ag=0.8000  val_loss=0.4803  val_AUPR_all=0.5822  val_AUPR_ab=0.7176  val_AUPR_ag=0.3636  val_P@5_ab=0.9500  val_P@5_ag=1.0000  select=0.5406
  Saved checkpoint: checkpoints_old/iPara_balanced_l1_g6_i5_do0.10_dpr0.10_lr0.0002_heads16_fold5.pth  select=0.5406  val_ab=0.7176  val_ag=0.3636  val_all=0.5822
Ep009  LR0=1.95e-04  pw=4.15  aucα=0.000  token_p=0.020  dropE=(0.020,0.080)  smooth=0.010  train_loss=0.3163  train_AUPR_all=0.5588  train_AUPR_ab=0.6620  train_AUPR_ag=0.3785  train_P@5_ab=0.8500  train_P@5_ag=0.9000  val_loss=0.4793  val_AUPR_all=0.5688  val_AUPR_ab=0.7016  val_AUPR_ag=0.3607  val_P@5_ab=1.0000  val_P@5_ag=0.9000  select=0.5312
Ep010  LR0=1.94e-04  pw=3.85  aucα=0.030  token_p=0.020  dropE=(0.020,0.080)  smooth=0.010  train_loss=0.3118  train_AUPR_all=0.5721  train_AUPR_ab=0.6697  train_AUPR_ag=0.4011  train_P@5_ab=0.9000  train_P@5_ag=0.8500  val_loss=0.4562  val_AUPR_all=0.5799  val_AUPR_ab=0.7277  val_AUPR_ag=0.3563  val_P@5_ab=1.0000  val_P@5_ag=0.9000  select=0.5420
  Saved checkpoint: checkpoints_old/iPara_balanced_l1_g6_i5_do0.10_dpr0.10_lr0.0002_heads16_fold5.pth  select=0.5420  val_ab=0.7277  val_ag=0.3563  val_all=0.5799
Unfreezing DyM parameters.
Ep011  LR0=1.92e-04  pw=3.58  aucα=0.060  token_p=0.020  dropE=(0.020,0.080)  smooth=0.010  train_loss=0.3139  train_AUPR_all=0.5771  train_AUPR_ab=0.6720  train_AUPR_ag=0.4130  train_P@5_ab=1.0000  train_P@5_ag=0.9000  val_loss=0.4311  val_AUPR_all=0.5970  val_AUPR_ab=0.7363  val_AUPR_ag=0.3723  val_P@5_ab=1.0000  val_P@5_ag=0.9500  select=0.5543
  Saved checkpoint: checkpoints_old/iPara_balanced_l1_g6_i5_do0.10_dpr0.10_lr0.0002_heads16_fold5.pth  select=0.5543  val_ab=0.7363  val_ag=0.3723  val_all=0.5970
Ep012  LR0=1.91e-04  pw=3.33  aucα=0.090  token_p=0.020  dropE=(0.020,0.080)  smooth=0.010  train_loss=0.3124  train_AUPR_all=0.5855  train_AUPR_ab=0.6858  train_AUPR_ag=0.4156  train_P@5_ab=0.9000  train_P@5_ag=0.9000  val_loss=0.4209  val_AUPR_all=0.6009  val_AUPR_ab=0.7366  val_AUPR_ag=0.3834  val_P@5_ab=1.0000  val_P@5_ag=0.9500  select=0.5600
  Saved checkpoint: checkpoints_old/iPara_balanced_l1_g6_i5_do0.10_dpr0.10_lr0.0002_heads16_fold5.pth  select=0.5600  val_ab=0.7366  val_ag=0.3834  val_all=0.6009
Ep013  LR0=1.89e-04  pw=3.11  aucα=0.120  token_p=0.020  dropE=(0.020,0.080)  smooth=0.010  train_loss=0.3139  train_AUPR_all=0.5958  train_AUPR_ab=0.6989  train_AUPR_ag=0.4194  train_P@5_ab=1.0000  train_P@5_ag=1.0000  val_loss=0.4107  val_AUPR_all=0.5936  val_AUPR_ab=0.7306  val_AUPR_ag=0.3823  val_P@5_ab=0.9500  val_P@5_ag=0.9000  select=0.5564
Ep014  LR0=1.87e-04  pw=2.91  aucα=0.150  token_p=0.020  dropE=(0.020,0.080)  smooth=0.010  train_loss=0.3117  train_AUPR_all=0.6062  train_AUPR_ab=0.7076  train_AUPR_ag=0.4388  train_P@5_ab=0.9500  train_P@5_ag=0.9000  val_loss=0.3873  val_AUPR_all=0.6046  val_AUPR_ab=0.7476  val_AUPR_ag=0.3783  val_P@5_ab=1.0000  val_P@5_ag=1.0000  select=0.5629
  Saved checkpoint: checkpoints_old/iPara_balanced_l1_g6_i5_do0.10_dpr0.10_lr0.0002_heads16_fold5.pth  select=0.5629  val_ab=0.7476  val_ag=0.3783  val_all=0.6046
Ep015  LR0=1.85e-04  pw=2.73  aucα=0.180  token_p=0.020  dropE=(0.020,0.080)  smooth=0.010  train_loss=0.3098  train_AUPR_all=0.6157  train_AUPR_ab=0.7185  train_AUPR_ag=0.4477  train_P@5_ab=0.9500  train_P@5_ag=0.9000  val_loss=0.3873  val_AUPR_all=0.5809  val_AUPR_ab=0.7324  val_AUPR_ag=0.3547  val_P@5_ab=1.0000  val_P@5_ag=0.9000  select=0.5436
Ep016  LR0=1.83e-04  pw=2.56  aucα=0.210  token_p=0.020  dropE=(0.020,0.080)  smooth=0.010  train_loss=0.3100  train_AUPR_all=0.6263  train_AUPR_ab=0.7281  train_AUPR_ag=0.4595  train_P@5_ab=1.0000  train_P@5_ag=1.0000  val_loss=0.3713  val_AUPR_all=0.6067  val_AUPR_ab=0.7567  val_AUPR_ag=0.3749  val_P@5_ab=0.9500  val_P@5_ag=0.9000  select=0.5658
  Saved checkpoint: checkpoints_old/iPara_balanced_l1_g6_i5_do0.10_dpr0.10_lr0.0002_heads16_fold5.pth  select=0.5658  val_ab=0.7567  val_ag=0.3749  val_all=0.6067
Ep017  LR0=1.81e-04  pw=2.41  aucα=0.240  token_p=0.020  dropE=(0.020,0.080)  smooth=0.010  train_loss=0.3105  train_AUPR_all=0.6322  train_AUPR_ab=0.7332  train_AUPR_ag=0.4675  train_P@5_ab=0.9500  train_P@5_ag=0.9500  val_loss=0.3724  val_AUPR_all=0.6011  val_AUPR_ab=0.7492  val_AUPR_ag=0.3637  val_P@5_ab=1.0000  val_P@5_ag=0.7500  select=0.5564
Ep018  LR0=1.79e-04  pw=2.28  aucα=0.270  token_p=0.020  dropE=(0.020,0.080)  smooth=0.010  train_loss=0.3097  train_AUPR_all=0.6436  train_AUPR_ab=0.7389  train_AUPR_ag=0.4916  train_P@5_ab=1.0000  train_P@5_ag=1.0000  val_loss=0.3682  val_AUPR_all=0.6069  val_AUPR_ab=0.7595  val_AUPR_ag=0.3829  val_P@5_ab=0.9500  val_P@5_ag=0.9500  select=0.5712
  Saved checkpoint: checkpoints_old/iPara_balanced_l1_g6_i5_do0.10_dpr0.10_lr0.0002_heads16_fold5.pth  select=0.5712  val_ab=0.7595  val_ag=0.3829  val_all=0.6069
Ep019  LR0=1.76e-04  pw=2.16  aucα=0.300  token_p=0.020  dropE=(0.020,0.080)  smooth=0.010  train_loss=0.3120  train_AUPR_all=0.6492  train_AUPR_ab=0.7447  train_AUPR_ag=0.4975  train_P@5_ab=1.0000  train_P@5_ag=0.9000  val_loss=0.3448  val_AUPR_all=0.6143  val_AUPR_ab=0.7592  val_AUPR_ag=0.3861  val_P@5_ab=1.0000  val_P@5_ag=1.0000  select=0.5726
  Saved checkpoint: checkpoints_old/iPara_balanced_l1_g6_i5_do0.10_dpr0.10_lr0.0002_heads16_fold5.pth  select=0.5726  val_ab=0.7592  val_ag=0.3861  val_all=0.6143
Ep020  LR0=1.73e-04  pw=2.05  aucα=0.300  token_p=0.020  dropE=(0.020,0.080)  smooth=0.010  train_loss=0.2985  train_AUPR_all=0.6624  train_AUPR_ab=0.7532  train_AUPR_ag=0.5182  train_P@5_ab=1.0000  train_P@5_ag=1.0000  val_loss=0.3525  val_AUPR_all=0.6045  val_AUPR_ab=0.7546  val_AUPR_ag=0.3782  val_P@5_ab=1.0000  val_P@5_ag=0.9000  select=0.5664
Ep021  LR0=1.71e-04  pw=1.95  aucα=0.300  token_p=0.020  dropE=(0.020,0.080)  smooth=0.010  train_loss=0.2877  train_AUPR_all=0.6700  train_AUPR_ab=0.7529  train_AUPR_ag=0.5398  train_P@5_ab=1.0000  train_P@5_ag=1.0000  val_loss=0.3547  val_AUPR_all=0.6039  val_AUPR_ab=0.7659  val_AUPR_ag=0.3733  val_P@5_ab=1.0000  val_P@5_ag=0.8500  select=0.5696
Ep022  LR0=1.68e-04  pw=1.86  aucα=0.300  token_p=0.020  dropE=(0.020,0.080)  smooth=0.010  train_loss=0.2755  train_AUPR_all=0.6839  train_AUPR_ab=0.7641  train_AUPR_ag=0.5606  train_P@5_ab=0.9500  train_P@5_ag=1.0000  val_loss=0.3296  val_AUPR_all=0.6180  val_AUPR_ab=0.7627  val_AUPR_ag=0.3906  val_P@5_ab=1.0000  val_P@5_ag=0.9500  select=0.5767
  Saved checkpoint: checkpoints_old/iPara_balanced_l1_g6_i5_do0.10_dpr0.10_lr0.0002_heads16_fold5.pth  select=0.5767  val_ab=0.7627  val_ag=0.3906  val_all=0.6180
Ep023  LR0=1.65e-04  pw=1.78  aucα=0.300  token_p=0.020  dropE=(0.020,0.080)  smooth=0.010  train_loss=0.2661  train_AUPR_all=0.6920  train_AUPR_ab=0.7661  train_AUPR_ag=0.5798  train_P@5_ab=0.9000  train_P@5_ag=0.9000  val_loss=0.3364  val_AUPR_all=0.6075  val_AUPR_ab=0.7648  val_AUPR_ag=0.3871  val_P@5_ab=1.0000  val_P@5_ag=1.0000  select=0.5759
Ep024  LR0=1.62e-04  pw=1.70  aucα=0.300  token_p=0.020  dropE=(0.020,0.080)  smooth=0.010  train_loss=0.2544  train_AUPR_all=0.7042  train_AUPR_ab=0.7815  train_AUPR_ag=0.5866  train_P@5_ab=0.9500  train_P@5_ag=0.9500  val_loss=0.3359  val_AUPR_all=0.5966  val_AUPR_ab=0.7648  val_AUPR_ag=0.3590  val_P@5_ab=1.0000  val_P@5_ag=0.9000  select=0.5619
Ep025  LR0=1.59e-04  pw=1.64  aucα=0.300  token_p=0.020  dropE=(0.020,0.080)  smooth=0.010  train_loss=0.2469  train_AUPR_all=0.7109  train_AUPR_ab=0.7843  train_AUPR_ag=0.6005  train_P@5_ab=1.0000  train_P@5_ag=0.8500  val_loss=0.3444  val_AUPR_all=0.5992  val_AUPR_ab=0.7612  val_AUPR_ag=0.3854  val_P@5_ab=1.0000  val_P@5_ag=1.0000  select=0.5733
Ep026  LR0=1.56e-04  pw=1.57  aucα=0.300  token_p=0.020  dropE=(0.020,0.080)  smooth=0.010  train_loss=0.2379  train_AUPR_all=0.7222  train_AUPR_ab=0.7905  train_AUPR_ag=0.6204  train_P@5_ab=1.0000  train_P@5_ag=0.9000  val_loss=0.3383  val_AUPR_all=0.5951  val_AUPR_ab=0.7526  val_AUPR_ag=0.3683  val_P@5_ab=0.9500  val_P@5_ag=1.0000  select=0.5604
Ep027  LR0=1.52e-04  pw=1.52  aucα=0.300  token_p=0.020  dropE=(0.020,0.080)  smooth=0.010  train_loss=0.2302  train_AUPR_all=0.7287  train_AUPR_ab=0.7932  train_AUPR_ag=0.6328  train_P@5_ab=0.9500  train_P@5_ag=0.9500  val_loss=0.3253  val_AUPR_all=0.6046  val_AUPR_ab=0.7665  val_AUPR_ag=0.3619  val_P@5_ab=1.0000  val_P@5_ag=0.8000  select=0.5642
Ep028  LR0=1.49e-04  pw=1.47  aucα=0.300  token_p=0.020  dropE=(0.020,0.080)  smooth=0.010  train_loss=0.2232  train_AUPR_all=0.7379  train_AUPR_ab=0.8030  train_AUPR_ag=0.6406  train_P@5_ab=0.9500  train_P@5_ag=0.9000  val_loss=0.3210  val_AUPR_all=0.5966  val_AUPR_ab=0.7503  val_AUPR_ag=0.3870  val_P@5_ab=1.0000  val_P@5_ag=0.9500  select=0.5687
Ep029  LR0=1.46e-04  pw=1.43  aucα=0.300  token_p=0.020  dropE=(0.020,0.080)  smooth=0.010  train_loss=0.2112  train_AUPR_all=0.7560  train_AUPR_ab=0.8130  train_AUPR_ag=0.6724  train_P@5_ab=0.9500  train_P@5_ag=0.9500  val_loss=0.3183  val_AUPR_all=0.6154  val_AUPR_ab=0.7671  val_AUPR_ag=0.3877  val_P@5_ab=1.0000  val_P@5_ag=1.0000  select=0.5774
  Saved checkpoint: checkpoints_old/iPara_balanced_l1_g6_i5_do0.10_dpr0.10_lr0.0002_heads16_fold5.pth  select=0.5774  val_ab=0.7671  val_ag=0.3877  val_all=0.6154
Ep030  LR0=1.42e-04  pw=1.39  aucα=0.300  token_p=0.020  dropE=(0.020,0.080)  smooth=0.010  train_loss=0.2064  train_AUPR_all=0.7612  train_AUPR_ab=0.8169  train_AUPR_ag=0.6805  train_P@5_ab=1.0000  train_P@5_ag=1.0000  val_loss=0.3291  val_AUPR_all=0.5978  val_AUPR_ab=0.7668  val_AUPR_ag=0.3831  val_P@5_ab=0.9500  val_P@5_ag=0.9500  select=0.5750
Ep031  LR0=1.38e-04  pw=1.35  aucα=0.300  token_p=0.020  dropE=(0.020,0.080)  smooth=0.010  train_loss=0.1990  train_AUPR_all=0.7713  train_AUPR_ab=0.8224  train_AUPR_ag=0.6971  train_P@5_ab=0.9500  train_P@5_ag=1.0000  val_loss=0.3252  val_AUPR_all=0.6055  val_AUPR_ab=0.7653  val_AUPR_ag=0.3793  val_P@5_ab=1.0000  val_P@5_ag=0.9500  select=0.5723
Ep032  LR0=1.35e-04  pw=1.32  aucα=0.300  token_p=0.020  dropE=(0.020,0.080)  smooth=0.010  train_loss=0.1912  train_AUPR_all=0.7812  train_AUPR_ab=0.8297  train_AUPR_ag=0.7110  train_P@5_ab=0.9500  train_P@5_ag=1.0000  val_loss=0.3270  val_AUPR_all=0.5981  val_AUPR_ab=0.7629  val_AUPR_ag=0.3772  val_P@5_ab=1.0000  val_P@5_ag=0.8500  select=0.5701
Ep033  LR0=1.31e-04  pw=1.29  aucα=0.300  token_p=0.020  dropE=(0.020,0.080)  smooth=0.010  train_loss=0.1907  train_AUPR_all=0.7804  train_AUPR_ab=0.8308  train_AUPR_ag=0.7074  train_P@5_ab=1.0000  train_P@5_ag=0.9500  val_loss=0.3362  val_AUPR_all=0.6049  val_AUPR_ab=0.7676  val_AUPR_ag=0.3791  val_P@5_ab=1.0000  val_P@5_ag=1.0000  select=0.5734
Ep034  LR0=1.27e-04  pw=1.26  aucα=0.300  token_p=0.020  dropE=(0.020,0.080)  smooth=0.010  train_loss=0.1795  train_AUPR_all=0.7967  train_AUPR_ab=0.8425  train_AUPR_ag=0.7304  train_P@5_ab=1.0000  train_P@5_ag=0.9500  val_loss=0.3260  val_AUPR_all=0.6038  val_AUPR_ab=0.7691  val_AUPR_ag=0.3863  val_P@5_ab=0.9500  val_P@5_ag=0.8500  select=0.5777
  Saved checkpoint: checkpoints_old/iPara_balanced_l1_g6_i5_do0.10_dpr0.10_lr0.0002_heads16_fold5.pth  select=0.5777  val_ab=0.7691  val_ag=0.3863  val_all=0.6038
Ep035  LR0=1.24e-04  pw=1.23  aucα=0.300  token_p=0.020  dropE=(0.020,0.080)  smooth=0.010  train_loss=0.1769  train_AUPR_all=0.8001  train_AUPR_ab=0.8407  train_AUPR_ag=0.7420  train_P@5_ab=1.0000  train_P@5_ag=0.9000  val_loss=0.3285  val_AUPR_all=0.5950  val_AUPR_ab=0.7659  val_AUPR_ag=0.3676  val_P@5_ab=1.0000  val_P@5_ag=0.9500  select=0.5668
Ep036  LR0=1.20e-04  pw=1.21  aucα=0.300  token_p=0.020  dropE=(0.020,0.080)  smooth=0.010  train_loss=0.1727  train_AUPR_all=0.8056  train_AUPR_ab=0.8444  train_AUPR_ag=0.7504  train_P@5_ab=1.0000  train_P@5_ag=1.0000  val_loss=0.3275  val_AUPR_all=0.6035  val_AUPR_ab=0.7658  val_AUPR_ag=0.3929  val_P@5_ab=1.0000  val_P@5_ag=0.9000  select=0.5794
  Saved checkpoint: checkpoints_old/iPara_balanced_l1_g6_i5_do0.10_dpr0.10_lr0.0002_heads16_fold5.pth  select=0.5794  val_ab=0.7658  val_ag=0.3929  val_all=0.6035
Ep037  LR0=1.16e-04  pw=1.19  aucα=0.300  token_p=0.020  dropE=(0.020,0.080)  smooth=0.010  train_loss=0.1690  train_AUPR_all=0.8112  train_AUPR_ab=0.8513  train_AUPR_ag=0.7537  train_P@5_ab=1.0000  train_P@5_ag=1.0000  val_loss=0.3255  val_AUPR_all=0.6012  val_AUPR_ab=0.7638  val_AUPR_ag=0.3753  val_P@5_ab=1.0000  val_P@5_ag=0.8000  select=0.5696
Ep038  LR0=1.12e-04  pw=1.17  aucα=0.300  token_p=0.020  dropE=(0.020,0.080)  smooth=0.010  train_loss=0.1593  train_AUPR_all=0.8271  train_AUPR_ab=0.8646  train_AUPR_ag=0.7735  train_P@5_ab=1.0000  train_P@5_ag=1.0000  val_loss=0.3254  val_AUPR_all=0.5756  val_AUPR_ab=0.7536  val_AUPR_ag=0.3804  val_P@5_ab=1.0000  val_P@5_ag=0.7500  select=0.5670
Ep039  LR0=1.08e-04  pw=1.16  aucα=0.300  token_p=0.020  dropE=(0.020,0.080)  smooth=0.010  train_loss=0.1527  train_AUPR_all=0.8371  train_AUPR_ab=0.8746  train_AUPR_ag=0.7825  train_P@5_ab=1.0000  train_P@5_ag=1.0000  val_loss=0.3112  val_AUPR_all=0.6081  val_AUPR_ab=0.7586  val_AUPR_ag=0.3941  val_P@5_ab=0.9500  val_P@5_ag=0.8000  select=0.5763
Ep040  LR0=1.04e-04  pw=1.14  aucα=0.300  token_p=0.020  dropE=(0.020,0.080)  smooth=0.010  train_loss=0.1527  train_AUPR_all=0.8355  train_AUPR_ab=0.8701  train_AUPR_ag=0.7862  train_P@5_ab=1.0000  train_P@5_ag=1.0000  val_loss=0.3172  val_AUPR_all=0.5826  val_AUPR_ab=0.7468  val_AUPR_ag=0.3773  val_P@5_ab=1.0000  val_P@5_ag=0.5500  select=0.5621
Ep041  LR0=1.00e-04  pw=1.13  aucα=0.300  token_p=0.020  dropE=(0.020,0.080)  smooth=0.010  train_loss=0.1479  train_AUPR_all=0.8423  train_AUPR_ab=0.8765  train_AUPR_ag=0.7932  train_P@5_ab=1.0000  train_P@5_ag=1.0000  val_loss=0.3264  val_AUPR_all=0.5890  val_AUPR_ab=0.7476  val_AUPR_ag=0.3727  val_P@5_ab=0.9000  val_P@5_ag=0.6500  select=0.5602
Ep042  LR0=9.63e-05  pw=1.12  aucα=0.300  token_p=0.020  dropE=(0.020,0.080)  smooth=0.010  train_loss=0.1443  train_AUPR_all=0.8478  train_AUPR_ab=0.8802  train_AUPR_ag=0.8010  train_P@5_ab=1.0000  train_P@5_ag=1.0000  val_loss=0.3328  val_AUPR_all=0.5925  val_AUPR_ab=0.7547  val_AUPR_ag=0.3780  val_P@5_ab=0.9500  val_P@5_ag=0.7000  select=0.5664
Ep043  LR0=9.24e-05  pw=1.10  aucα=0.300  token_p=0.020  dropE=(0.020,0.080)  smooth=0.010  train_loss=0.1422  train_AUPR_all=0.8508  train_AUPR_ab=0.8830  train_AUPR_ag=0.8049  train_P@5_ab=1.0000  train_P@5_ag=1.0000  val_loss=0.3249  val_AUPR_all=0.5898  val_AUPR_ab=0.7454  val_AUPR_ag=0.3789  val_P@5_ab=0.8500  val_P@5_ag=0.7500  select=0.5621
Ep044  LR0=8.85e-05  pw=1.09  aucα=0.300  token_p=0.020  dropE=(0.020,0.080)  smooth=0.010  train_loss=0.1373  train_AUPR_all=0.8592  train_AUPR_ab=0.8894  train_AUPR_ag=0.8160  train_P@5_ab=1.0000  train_P@5_ag=1.0000  val_loss=0.3332  val_AUPR_all=0.5768  val_AUPR_ab=0.7482  val_AUPR_ag=0.3565  val_P@5_ab=0.9000  val_P@5_ag=0.5000  select=0.5524
Ep045  LR0=8.46e-05  pw=1.09  aucα=0.300  token_p=0.020  dropE=(0.020,0.080)  smooth=0.010  train_loss=0.1323  train_AUPR_all=0.8668  train_AUPR_ab=0.8977  train_AUPR_ag=0.8220  train_P@5_ab=1.0000  train_P@5_ag=1.0000  val_loss=0.3246  val_AUPR_all=0.5903  val_AUPR_ab=0.7567  val_AUPR_ag=0.3762  val_P@5_ab=1.0000  val_P@5_ag=0.5500  select=0.5664
Ep046  LR0=8.08e-05  pw=1.08  aucα=0.300  token_p=0.020  dropE=(0.020,0.080)  smooth=0.010  train_loss=0.1294  train_AUPR_all=0.8718  train_AUPR_ab=0.9047  train_AUPR_ag=0.8233  train_P@5_ab=1.0000  train_P@5_ag=0.9500  val_loss=0.3233  val_AUPR_all=0.5948  val_AUPR_ab=0.7555  val_AUPR_ag=0.3783  val_P@5_ab=0.8000  val_P@5_ag=0.5500  select=0.5669
Ep047  LR0=7.70e-05  pw=1.07  aucα=0.300  token_p=0.020  dropE=(0.020,0.080)  smooth=0.010  train_loss=0.1275  train_AUPR_all=0.8747  train_AUPR_ab=0.9047  train_AUPR_ag=0.8310  train_P@5_ab=1.0000  train_P@5_ag=1.0000  val_loss=0.3331  val_AUPR_all=0.5757  val_AUPR_ab=0.7491  val_AUPR_ag=0.3661  val_P@5_ab=0.9000  val_P@5_ag=0.3000  select=0.5576
Ep048  LR0=7.32e-05  pw=1.06  aucα=0.300  token_p=0.020  dropE=(0.020,0.080)  smooth=0.010  train_loss=0.1226  train_AUPR_all=0.8827  train_AUPR_ab=0.9102  train_AUPR_ag=0.8428  train_P@5_ab=1.0000  train_P@5_ag=1.0000  val_loss=0.3295  val_AUPR_all=0.5853  val_AUPR_ab=0.7489  val_AUPR_ag=0.3697  val_P@5_ab=1.0000  val_P@5_ag=0.3500  select=0.5593
Ep049  LR0=6.94e-05  pw=1.06  aucα=0.300  token_p=0.020  dropE=(0.020,0.080)  smooth=0.010  train_loss=0.1179  train_AUPR_all=0.8898  train_AUPR_ab=0.9163  train_AUPR_ag=0.8511  train_P@5_ab=1.0000  train_P@5_ag=1.0000  val_loss=0.3402  val_AUPR_all=0.5811  val_AUPR_ab=0.7513  val_AUPR_ag=0.3755  val_P@5_ab=0.8500  val_P@5_ag=0.4500  select=0.5634
Ep050  LR0=6.57e-05  pw=1.05  aucα=0.300  token_p=0.020  dropE=(0.020,0.080)  smooth=0.010  train_loss=0.1175  train_AUPR_all=0.8895  train_AUPR_ab=0.9152  train_AUPR_ag=0.8523  train_P@5_ab=1.0000  train_P@5_ag=1.0000  val_loss=0.3333  val_AUPR_all=0.5896  val_AUPR_ab=0.7504  val_AUPR_ag=0.3708  val_P@5_ab=0.9500  val_P@5_ag=0.3000  select=0.5606
Ep051  LR0=6.21e-05  pw=1.05  aucα=0.300  token_p=0.020  dropE=(0.020,0.080)  smooth=0.010  train_loss=0.1179  train_AUPR_all=0.8886  train_AUPR_ab=0.9148  train_AUPR_ag=0.8505  train_P@5_ab=1.0000  train_P@5_ag=1.0000  val_loss=0.3358  val_AUPR_all=0.5828  val_AUPR_ab=0.7514  val_AUPR_ag=0.3746  val_P@5_ab=0.8500  val_P@5_ag=0.4000  select=0.5630
Ep052  LR0=5.85e-05  pw=1.04  aucα=0.300  token_p=0.020  dropE=(0.020,0.080)  smooth=0.010  train_loss=0.1137  train_AUPR_all=0.8952  train_AUPR_ab=0.9198  train_AUPR_ag=0.8596  train_P@5_ab=1.0000  train_P@5_ag=1.0000  val_loss=0.3300  val_AUPR_all=0.5906  val_AUPR_ab=0.7583  val_AUPR_ag=0.3679  val_P@5_ab=0.7500  val_P@5_ag=0.3000  select=0.5631
Ep053  LR0=5.50e-05  pw=1.04  aucα=0.300  token_p=0.020  dropE=(0.020,0.080)  smooth=0.010  train_loss=0.1105  train_AUPR_all=0.8999  train_AUPR_ab=0.9244  train_AUPR_ag=0.8638  train_P@5_ab=1.0000  train_P@5_ag=1.0000  val_loss=0.3423  val_AUPR_all=0.5863  val_AUPR_ab=0.7477  val_AUPR_ag=0.3729  val_P@5_ab=0.7500  val_P@5_ag=0.3500  select=0.5603
Ep054  LR0=5.15e-05  pw=1.03  aucα=0.300  token_p=0.020  dropE=(0.020,0.080)  smooth=0.010  train_loss=0.1058  train_AUPR_all=0.9076  train_AUPR_ab=0.9304  train_AUPR_ag=0.8740  train_P@5_ab=1.0000  train_P@5_ag=1.0000  val_loss=0.3385  val_AUPR_all=0.5824  val_AUPR_ab=0.7502  val_AUPR_ag=0.3752  val_P@5_ab=0.9000  val_P@5_ag=0.4000  select=0.5627
Ep055  LR0=4.81e-05  pw=1.03  aucα=0.300  token_p=0.020  dropE=(0.020,0.080)  smooth=0.010  train_loss=0.1060  train_AUPR_all=0.9074  train_AUPR_ab=0.9294  train_AUPR_ag=0.8752  train_P@5_ab=1.0000  train_P@5_ag=1.0000  val_loss=0.3356  val_AUPR_all=0.5841  val_AUPR_ab=0.7546  val_AUPR_ag=0.3668  val_P@5_ab=0.8500  val_P@5_ag=0.5500  select=0.5607
Ep056  LR0=4.48e-05  pw=1.03  aucα=0.300  token_p=0.020  dropE=(0.020,0.080)  smooth=0.010  train_loss=0.1059  train_AUPR_all=0.9071  train_AUPR_ab=0.9292  train_AUPR_ag=0.8749  train_P@5_ab=1.0000  train_P@5_ag=1.0000  val_loss=0.3449  val_AUPR_all=0.5863  val_AUPR_ab=0.7463  val_AUPR_ag=0.3691  val_P@5_ab=0.8500  val_P@5_ag=0.6000  select=0.5577
Early stopping at epoch 56. Best select=0.5794 at epoch 36.
Final saved checkpoint for fold 5: checkpoints_old/iPara_balanced_l1_g6_i5_do0.10_dpr0.10_lr0.0002_heads16_fold5.pth
Best select=0.5794 at epoch 36
