Device: cuda
Visible GPUs: 1
GPU 0: NVIDIA RTX PRO 6000 Blackwell Server Edition
Config:
  sequence_file: para_tv_esmsequences_1600.npz
  data_file: para_tv_esminterfaces_1600.npz
  edge_file: para_tv_esmedges_1600.npz
  seq_len: 1600
  vocab_size: 31
  num_classes: 2
  pad_id: 1
  eoc_id: 24
  embed_dim: 256
  num_heads: 16
  num_layers: 1
  num_gnn_layers: 10
  num_int_layers: 5
  dropout: 0.1
  drop_path_rate: 0.1
  batch_size: 4
  num_epochs: 70
  warmup_epochs: 10
  min_stop_epoch: 45
  early_stop: 20
  learning_rate: 0.0002
  weight_decay: 0.0001
  max_grad_norm: 0.5
  accum_steps: 1
  amp: True
  weight_start: 20.0
  weight_end: 1.0
  weight_anneal_tau: 8.0
  dropedge_min: 0.02
  dropedge_max: 0.08
  token_drop_p: 0.02
  smooth_lambda: 0.01
  aucpr_alpha: 0.3
  aucpr_ramp_start: 10
  aucpr_ramp_len: 10
  aucpr_bins: 64
  aucpr_temp: 0.05
  antibody_loss_weight: 1.0
  antigen_loss_weight: 1.0
  n_splits: 5
  num_workers: 0
  select_ab_weight: 0.5
  select_ag_weight: 0.5
Dataset size: 858

==========================================================================================
Fold 1/5
==========================================================================================
Train labels: valid=399467, pos=26433, neg=373034, ignore=698133, pos_frac=0.06617
Val labels: valid=100725, pos=6797, neg=93928, ignore=174475, pos_frac=0.06748
Initializing ClassificationModel with 10 GAT layers and residual connections...
Initializing MCModel with 10 GAT layers and 5 row attention layers (drop_path_rate=0.1)
Initializing CoreModel with 1 layers, drop_path_rate=0.1
Ep001  LR0=2.00e-04  pw=20.00  aucα=0.000  token_p=0.020  dropE=(0.020,0.080)  smooth=0.010  train_loss=1.7802  train_AUPR_all=0.0731  train_AUPR_ab=0.0578  train_AUPR_ag=0.1098  train_P@5_ab=0.0000  train_P@5_ag=0.0000  val_loss=1.8532  val_AUPR_all=0.0634  val_AUPR_ab=0.0505  val_AUPR_ag=0.0904  val_P@5_ab=0.0000  val_P@5_ag=0.0500  select=0.0705
  Saved checkpoint: checkpoints_old/iPara_balanced_l1_g10_i5_do0.10_dpr0.10_lr0.0002_heads16_fold1.pth  select=0.0705  val_ab=0.0505  val_ag=0.0904  val_all=0.0634
Ep002  LR0=2.00e-04  pw=17.77  aucα=0.000  token_p=0.020  dropE=(0.020,0.080)  smooth=0.010  train_loss=1.4661  train_AUPR_all=0.0650  train_AUPR_ab=0.0505  train_AUPR_ag=0.1016  train_P@5_ab=0.0500  train_P@5_ag=0.2500  val_loss=1.7484  val_AUPR_all=0.0767  val_AUPR_ab=0.0516  val_AUPR_ag=0.1556  val_P@5_ab=0.0500  val_P@5_ag=0.7500  select=0.1036
  Saved checkpoint: checkpoints_old/iPara_balanced_l1_g10_i5_do0.10_dpr0.10_lr0.0002_heads16_fold1.pth  select=0.1036  val_ab=0.0516  val_ag=0.1556  val_all=0.0767
Ep003  LR0=2.00e-04  pw=15.80  aucα=0.000  token_p=0.020  dropE=(0.020,0.080)  smooth=0.010  train_loss=1.3756  train_AUPR_all=0.0701  train_AUPR_ab=0.0558  train_AUPR_ag=0.1095  train_P@5_ab=0.3000  train_P@5_ag=0.1000  val_loss=1.6572  val_AUPR_all=0.1784  val_AUPR_ab=0.2354  val_AUPR_ag=0.1605  val_P@5_ab=0.6500  val_P@5_ag=0.5000  select=0.1979
  Saved checkpoint: checkpoints_old/iPara_balanced_l1_g10_i5_do0.10_dpr0.10_lr0.0002_heads16_fold1.pth  select=0.1979  val_ab=0.2354  val_ag=0.1605  val_all=0.1784
Ep004  LR0=1.99e-04  pw=14.06  aucα=0.000  token_p=0.020  dropE=(0.020,0.080)  smooth=0.010  train_loss=1.3004  train_AUPR_all=0.0675  train_AUPR_ab=0.0520  train_AUPR_ag=0.1080  train_P@5_ab=0.1000  train_P@5_ag=0.1500  val_loss=1.5899  val_AUPR_all=0.0789  val_AUPR_ab=0.0533  val_AUPR_ag=0.1507  val_P@5_ab=0.0500  val_P@5_ag=1.0000  select=0.1020
Unfreezing DyM parameters.
Ep005  LR0=1.98e-04  pw=12.52  aucα=0.000  token_p=0.020  dropE=(0.020,0.080)  smooth=0.010  train_loss=1.2258  train_AUPR_all=0.0659  train_AUPR_ab=0.0510  train_AUPR_ag=0.1035  train_P@5_ab=0.0500  train_P@5_ag=0.2500  val_loss=1.5233  val_AUPR_all=0.0676  val_AUPR_ab=0.0513  val_AUPR_ag=0.1100  val_P@5_ab=0.2500  val_P@5_ag=0.2000  select=0.0807
Ep006  LR0=1.97e-04  pw=11.17  aucα=0.000  token_p=0.020  dropE=(0.020,0.080)  smooth=0.010  train_loss=1.1536  train_AUPR_all=0.0670  train_AUPR_ab=0.0513  train_AUPR_ag=0.1107  train_P@5_ab=0.0000  train_P@5_ag=0.0500  val_loss=1.4450  val_AUPR_all=0.0694  val_AUPR_ab=0.0506  val_AUPR_ag=0.1324  val_P@5_ab=0.0500  val_P@5_ag=0.2500  select=0.0915
Ep007  LR0=1.96e-04  pw=9.97  aucα=0.000  token_p=0.020  dropE=(0.020,0.080)  smooth=0.010  train_loss=1.0888  train_AUPR_all=0.0660  train_AUPR_ab=0.0506  train_AUPR_ag=0.1059  train_P@5_ab=0.0500  train_P@5_ag=0.1000  val_loss=1.3839  val_AUPR_all=0.0742  val_AUPR_ab=0.0536  val_AUPR_ag=0.1477  val_P@5_ab=0.2500  val_P@5_ag=0.2500  select=0.1007
Ep008  LR0=1.95e-04  pw=8.92  aucα=0.000  token_p=0.020  dropE=(0.020,0.080)  smooth=0.010  train_loss=1.0206  train_AUPR_all=0.0741  train_AUPR_ab=0.0553  train_AUPR_ag=0.1217  train_P@5_ab=0.1000  train_P@5_ag=0.2500  val_loss=1.3977  val_AUPR_all=0.0754  val_AUPR_ab=0.0537  val_AUPR_ag=0.1968  val_P@5_ab=0.1000  val_P@5_ag=0.3500  select=0.1253
Ep009  LR0=1.94e-04  pw=7.99  aucα=0.000  token_p=0.020  dropE=(0.020,0.080)  smooth=0.010  train_loss=0.9258  train_AUPR_all=0.1027  train_AUPR_ab=0.1013  train_AUPR_ag=0.1147  train_P@5_ab=0.2000  train_P@5_ag=0.4500  val_loss=0.9645  val_AUPR_all=0.2367  val_AUPR_ab=0.3988  val_AUPR_ag=0.1893  val_P@5_ab=0.6000  val_P@5_ag=0.6500  select=0.2941
  Saved checkpoint: checkpoints_old/iPara_balanced_l1_g10_i5_do0.10_dpr0.10_lr0.0002_heads16_fold1.pth  select=0.2941  val_ab=0.3988  val_ag=0.1893  val_all=0.2367
Ep010  LR0=1.92e-04  pw=7.17  aucα=0.030  token_p=0.020  dropE=(0.020,0.080)  smooth=0.010  train_loss=0.6311  train_AUPR_all=0.2890  train_AUPR_ab=0.3778  train_AUPR_ag=0.1934  train_P@5_ab=0.6500  train_P@5_ag=0.8000  val_loss=0.7030  val_AUPR_all=0.4617  val_AUPR_ab=0.5457  val_AUPR_ag=0.3027  val_P@5_ab=0.5000  val_P@5_ag=0.9500  select=0.4242
  Saved checkpoint: checkpoints_old/iPara_balanced_l1_g10_i5_do0.10_dpr0.10_lr0.0002_heads16_fold1.pth  select=0.4242  val_ab=0.5457  val_ag=0.3027  val_all=0.4617
Ep011  LR0=1.90e-04  pw=6.44  aucα=0.060  token_p=0.020  dropE=(0.020,0.080)  smooth=0.010  train_loss=0.4976  train_AUPR_all=0.4655  train_AUPR_ab=0.5569  train_AUPR_ag=0.2966  train_P@5_ab=0.8000  train_P@5_ag=0.9500  val_loss=0.6362  val_AUPR_all=0.5068  val_AUPR_ab=0.6252  val_AUPR_ag=0.3090  val_P@5_ab=0.8500  val_P@5_ag=0.8500  select=0.4671
  Saved checkpoint: checkpoints_old/iPara_balanced_l1_g10_i5_do0.10_dpr0.10_lr0.0002_heads16_fold1.pth  select=0.4671  val_ab=0.6252  val_ag=0.3090  val_all=0.5068
Ep012  LR0=1.88e-04  pw=5.80  aucα=0.090  token_p=0.020  dropE=(0.020,0.080)  smooth=0.010  train_loss=0.4615  train_AUPR_all=0.5043  train_AUPR_ab=0.6071  train_AUPR_ag=0.3214  train_P@5_ab=0.8500  train_P@5_ag=0.8000  val_loss=0.5789  val_AUPR_all=0.5306  val_AUPR_ab=0.6423  val_AUPR_ag=0.3422  val_P@5_ab=0.9000  val_P@5_ag=0.8000  select=0.4922
  Saved checkpoint: checkpoints_old/iPara_balanced_l1_g10_i5_do0.10_dpr0.10_lr0.0002_heads16_fold1.pth  select=0.4922  val_ab=0.6423  val_ag=0.3422  val_all=0.5306
Ep013  LR0=1.86e-04  pw=5.24  aucα=0.120  token_p=0.020  dropE=(0.020,0.080)  smooth=0.010  train_loss=0.4400  train_AUPR_all=0.5263  train_AUPR_ab=0.6289  train_AUPR_ag=0.3488  train_P@5_ab=0.7500  train_P@5_ag=0.9000  val_loss=0.5995  val_AUPR_all=0.5245  val_AUPR_ab=0.6498  val_AUPR_ag=0.3365  val_P@5_ab=0.9000  val_P@5_ag=0.9000  select=0.4931
  Saved checkpoint: checkpoints_old/iPara_balanced_l1_g10_i5_do0.10_dpr0.10_lr0.0002_heads16_fold1.pth  select=0.4931  val_ab=0.6498  val_ag=0.3365  val_all=0.5245
Ep014  LR0=1.83e-04  pw=4.74  aucα=0.150  token_p=0.020  dropE=(0.020,0.080)  smooth=0.010  train_loss=0.4253  train_AUPR_all=0.5462  train_AUPR_ab=0.6547  train_AUPR_ag=0.3645  train_P@5_ab=0.8000  train_P@5_ag=0.8500  val_loss=0.5170  val_AUPR_all=0.5509  val_AUPR_ab=0.6824  val_AUPR_ag=0.3506  val_P@5_ab=0.9500  val_P@5_ag=1.0000  select=0.5165
  Saved checkpoint: checkpoints_old/iPara_balanced_l1_g10_i5_do0.10_dpr0.10_lr0.0002_heads16_fold1.pth  select=0.5165  val_ab=0.6824  val_ag=0.3506  val_all=0.5509
Ep015  LR0=1.81e-04  pw=4.30  aucα=0.180  token_p=0.020  dropE=(0.020,0.080)  smooth=0.010  train_loss=0.4145  train_AUPR_all=0.5588  train_AUPR_ab=0.6681  train_AUPR_ag=0.3768  train_P@5_ab=0.9500  train_P@5_ag=0.8500  val_loss=0.5019  val_AUPR_all=0.5542  val_AUPR_ab=0.6859  val_AUPR_ag=0.3502  val_P@5_ab=0.9000  val_P@5_ag=1.0000  select=0.5181
  Saved checkpoint: checkpoints_old/iPara_balanced_l1_g10_i5_do0.10_dpr0.10_lr0.0002_heads16_fold1.pth  select=0.5181  val_ab=0.6859  val_ag=0.3502  val_all=0.5542
Ep016  LR0=1.78e-04  pw=3.91  aucα=0.210  token_p=0.020  dropE=(0.020,0.080)  smooth=0.010  train_loss=0.4024  train_AUPR_all=0.5745  train_AUPR_ab=0.6836  train_AUPR_ag=0.3930  train_P@5_ab=0.9500  train_P@5_ag=0.8000  val_loss=0.4785  val_AUPR_all=0.5695  val_AUPR_ab=0.7034  val_AUPR_ag=0.3595  val_P@5_ab=1.0000  val_P@5_ag=1.0000  select=0.5314
  Saved checkpoint: checkpoints_old/iPara_balanced_l1_g10_i5_do0.10_dpr0.10_lr0.0002_heads16_fold1.pth  select=0.5314  val_ab=0.7034  val_ag=0.3595  val_all=0.5695
Ep017  LR0=1.75e-04  pw=3.57  aucα=0.240  token_p=0.020  dropE=(0.020,0.080)  smooth=0.010  train_loss=0.3936  train_AUPR_all=0.5879  train_AUPR_ab=0.6961  train_AUPR_ag=0.4081  train_P@5_ab=0.9500  train_P@5_ag=0.9500  val_loss=0.4544  val_AUPR_all=0.5671  val_AUPR_ab=0.6945  val_AUPR_ag=0.3651  val_P@5_ab=0.9500  val_P@5_ag=0.9500  select=0.5298
Ep018  LR0=1.72e-04  pw=3.27  aucα=0.270  token_p=0.020  dropE=(0.020,0.080)  smooth=0.010  train_loss=0.3876  train_AUPR_all=0.5986  train_AUPR_ab=0.7055  train_AUPR_ag=0.4260  train_P@5_ab=1.0000  train_P@5_ag=1.0000  val_loss=0.4334  val_AUPR_all=0.5787  val_AUPR_ab=0.7202  val_AUPR_ag=0.3673  val_P@5_ab=0.9500  val_P@5_ag=0.9000  select=0.5438
  Saved checkpoint: checkpoints_old/iPara_balanced_l1_g10_i5_do0.10_dpr0.10_lr0.0002_heads16_fold1.pth  select=0.5438  val_ab=0.7202  val_ag=0.3673  val_all=0.5787
Ep019  LR0=1.69e-04  pw=3.00  aucα=0.300  token_p=0.020  dropE=(0.020,0.080)  smooth=0.010  train_loss=0.3802  train_AUPR_all=0.6093  train_AUPR_ab=0.7193  train_AUPR_ag=0.4317  train_P@5_ab=0.9500  train_P@5_ag=0.9500  val_loss=0.4243  val_AUPR_all=0.5906  val_AUPR_ab=0.7294  val_AUPR_ag=0.3740  val_P@5_ab=1.0000  val_P@5_ag=0.9000  select=0.5517
  Saved checkpoint: checkpoints_old/iPara_balanced_l1_g10_i5_do0.10_dpr0.10_lr0.0002_heads16_fold1.pth  select=0.5517  val_ab=0.7294  val_ag=0.3740  val_all=0.5906
Ep020  LR0=1.66e-04  pw=2.77  aucα=0.300  token_p=0.020  dropE=(0.020,0.080)  smooth=0.010  train_loss=0.3612  train_AUPR_all=0.6235  train_AUPR_ab=0.7288  train_AUPR_ag=0.4539  train_P@5_ab=1.0000  train_P@5_ag=0.9000  val_loss=0.4097  val_AUPR_all=0.5884  val_AUPR_ab=0.7314  val_AUPR_ag=0.3639  val_P@5_ab=0.9500  val_P@5_ag=1.0000  select=0.5477
Ep021  LR0=1.62e-04  pw=2.56  aucα=0.300  token_p=0.020  dropE=(0.020,0.080)  smooth=0.010  train_loss=0.3448  train_AUPR_all=0.6325  train_AUPR_ab=0.7387  train_AUPR_ag=0.4627  train_P@5_ab=0.9500  train_P@5_ag=1.0000  val_loss=0.3935  val_AUPR_all=0.5910  val_AUPR_ab=0.7357  val_AUPR_ag=0.3702  val_P@5_ab=1.0000  val_P@5_ag=1.0000  select=0.5530
  Saved checkpoint: checkpoints_old/iPara_balanced_l1_g10_i5_do0.10_dpr0.10_lr0.0002_heads16_fold1.pth  select=0.5530  val_ab=0.7357  val_ag=0.3702  val_all=0.5910
Ep022  LR0=1.59e-04  pw=2.38  aucα=0.300  token_p=0.020  dropE=(0.020,0.080)  smooth=0.010  train_loss=0.3266  train_AUPR_all=0.6451  train_AUPR_ab=0.7476  train_AUPR_ag=0.4814  train_P@5_ab=1.0000  train_P@5_ag=0.9000  val_loss=0.3796  val_AUPR_all=0.5923  val_AUPR_ab=0.7380  val_AUPR_ag=0.3766  val_P@5_ab=0.9500  val_P@5_ag=1.0000  select=0.5573
  Saved checkpoint: checkpoints_old/iPara_balanced_l1_g10_i5_do0.10_dpr0.10_lr0.0002_heads16_fold1.pth  select=0.5573  val_ab=0.7380  val_ag=0.3766  val_all=0.5923
Ep023  LR0=1.55e-04  pw=2.21  aucα=0.300  token_p=0.020  dropE=(0.020,0.080)  smooth=0.010  train_loss=0.3122  train_AUPR_all=0.6569  train_AUPR_ab=0.7571  train_AUPR_ag=0.4996  train_P@5_ab=0.9500  train_P@5_ag=0.9000  val_loss=0.3891  val_AUPR_all=0.5902  val_AUPR_ab=0.7340  val_AUPR_ag=0.3654  val_P@5_ab=0.9500  val_P@5_ag=0.7500  select=0.5497
Ep024  LR0=1.51e-04  pw=2.07  aucα=0.300  token_p=0.020  dropE=(0.020,0.080)  smooth=0.010  train_loss=0.2988  train_AUPR_all=0.6678  train_AUPR_ab=0.7623  train_AUPR_ag=0.5207  train_P@5_ab=0.9500  train_P@5_ag=1.0000  val_loss=0.3677  val_AUPR_all=0.5926  val_AUPR_ab=0.7368  val_AUPR_ag=0.3673  val_P@5_ab=0.9000  val_P@5_ag=0.9000  select=0.5520
Ep025  LR0=1.48e-04  pw=1.95  aucα=0.300  token_p=0.020  dropE=(0.020,0.080)  smooth=0.010  train_loss=0.2834  train_AUPR_all=0.6778  train_AUPR_ab=0.7673  train_AUPR_ag=0.5392  train_P@5_ab=1.0000  train_P@5_ag=1.0000  val_loss=0.3563  val_AUPR_all=0.5935  val_AUPR_ab=0.7330  val_AUPR_ag=0.3779  val_P@5_ab=1.0000  val_P@5_ag=0.9500  select=0.5554
Ep026  LR0=1.44e-04  pw=1.83  aucα=0.300  token_p=0.020  dropE=(0.020,0.080)  smooth=0.010  train_loss=0.2732  train_AUPR_all=0.6846  train_AUPR_ab=0.7714  train_AUPR_ag=0.5500  train_P@5_ab=1.0000  train_P@5_ag=0.8000  val_loss=0.3496  val_AUPR_all=0.5927  val_AUPR_ab=0.7425  val_AUPR_ag=0.3669  val_P@5_ab=1.0000  val_P@5_ag=0.9000  select=0.5547
Ep027  LR0=1.39e-04  pw=1.74  aucα=0.300  token_p=0.020  dropE=(0.020,0.080)  smooth=0.010  train_loss=0.2617  train_AUPR_all=0.6988  train_AUPR_ab=0.7822  train_AUPR_ag=0.5711  train_P@5_ab=1.0000  train_P@5_ag=0.9000  val_loss=0.3498  val_AUPR_all=0.5862  val_AUPR_ab=0.7302  val_AUPR_ag=0.3669  val_P@5_ab=1.0000  val_P@5_ag=0.9000  select=0.5485
Ep028  LR0=1.35e-04  pw=1.65  aucα=0.300  token_p=0.020  dropE=(0.020,0.080)  smooth=0.010  train_loss=0.2497  train_AUPR_all=0.7110  train_AUPR_ab=0.7860  train_AUPR_ag=0.5983  train_P@5_ab=1.0000  train_P@5_ag=0.9500  val_loss=0.3395  val_AUPR_all=0.5910  val_AUPR_ab=0.7341  val_AUPR_ag=0.3786  val_P@5_ab=0.9500  val_P@5_ag=0.7500  select=0.5563
Ep029  LR0=1.31e-04  pw=1.57  aucα=0.300  token_p=0.020  dropE=(0.020,0.080)  smooth=0.010  train_loss=0.2409  train_AUPR_all=0.7186  train_AUPR_ab=0.7884  train_AUPR_ag=0.6145  train_P@5_ab=1.0000  train_P@5_ag=1.0000  val_loss=0.3393  val_AUPR_all=0.5878  val_AUPR_ab=0.7369  val_AUPR_ag=0.3658  val_P@5_ab=0.9500  val_P@5_ag=0.7000  select=0.5513
Ep030  LR0=1.27e-04  pw=1.51  aucα=0.300  token_p=0.020  dropE=(0.020,0.080)  smooth=0.010  train_loss=0.2286  train_AUPR_all=0.7342  train_AUPR_ab=0.8025  train_AUPR_ag=0.6317  train_P@5_ab=1.0000  train_P@5_ag=1.0000  val_loss=0.3389  val_AUPR_all=0.5906  val_AUPR_ab=0.7424  val_AUPR_ag=0.3747  val_P@5_ab=1.0000  val_P@5_ag=0.7000  select=0.5586
  Saved checkpoint: checkpoints_old/iPara_balanced_l1_g10_i5_do0.10_dpr0.10_lr0.0002_heads16_fold1.pth  select=0.5586  val_ab=0.7424  val_ag=0.3747  val_all=0.5906
Ep031  LR0=1.22e-04  pw=1.45  aucα=0.300  token_p=0.020  dropE=(0.020,0.080)  smooth=0.010  train_loss=0.2241  train_AUPR_all=0.7375  train_AUPR_ab=0.8025  train_AUPR_ag=0.6410  train_P@5_ab=0.9500  train_P@5_ag=0.9500  val_loss=0.3303  val_AUPR_all=0.5928  val_AUPR_ab=0.7376  val_AUPR_ag=0.3774  val_P@5_ab=0.9500  val_P@5_ag=0.7500  select=0.5575
Ep032  LR0=1.18e-04  pw=1.39  aucα=0.300  token_p=0.020  dropE=(0.020,0.080)  smooth=0.010  train_loss=0.2127  train_AUPR_all=0.7502  train_AUPR_ab=0.8116  train_AUPR_ag=0.6594  train_P@5_ab=1.0000  train_P@5_ag=1.0000  val_loss=0.3226  val_AUPR_all=0.5951  val_AUPR_ab=0.7515  val_AUPR_ag=0.3684  val_P@5_ab=1.0000  val_P@5_ag=0.6500  select=0.5600
  Saved checkpoint: checkpoints_old/iPara_balanced_l1_g10_i5_do0.10_dpr0.10_lr0.0002_heads16_fold1.pth  select=0.5600  val_ab=0.7515  val_ag=0.3684  val_all=0.5951
Ep033  LR0=1.14e-04  pw=1.35  aucα=0.300  token_p=0.020  dropE=(0.020,0.080)  smooth=0.010  train_loss=0.2046  train_AUPR_all=0.7614  train_AUPR_ab=0.8198  train_AUPR_ag=0.6747  train_P@5_ab=1.0000  train_P@5_ag=1.0000  val_loss=0.3328  val_AUPR_all=0.5843  val_AUPR_ab=0.7408  val_AUPR_ag=0.3643  val_P@5_ab=1.0000  val_P@5_ag=0.7500  select=0.5526
Ep034  LR0=1.09e-04  pw=1.31  aucα=0.300  token_p=0.020  dropE=(0.020,0.080)  smooth=0.010  train_loss=0.2015  train_AUPR_all=0.7638  train_AUPR_ab=0.8147  train_AUPR_ag=0.6901  train_P@5_ab=1.0000  train_P@5_ag=1.0000  val_loss=0.3379  val_AUPR_all=0.5902  val_AUPR_ab=0.7466  val_AUPR_ag=0.3681  val_P@5_ab=1.0000  val_P@5_ag=0.7500  select=0.5573
Ep035  LR0=1.05e-04  pw=1.27  aucα=0.300  token_p=0.020  dropE=(0.020,0.080)  smooth=0.010  train_loss=0.1957  train_AUPR_all=0.7680  train_AUPR_ab=0.8174  train_AUPR_ag=0.6961  train_P@5_ab=1.0000  train_P@5_ag=1.0000  val_loss=0.3326  val_AUPR_all=0.5816  val_AUPR_ab=0.7399  val_AUPR_ag=0.3520  val_P@5_ab=1.0000  val_P@5_ag=0.6500  select=0.5460
Ep036  LR0=1.00e-04  pw=1.24  aucα=0.300  token_p=0.020  dropE=(0.020,0.080)  smooth=0.010  train_loss=0.1890  train_AUPR_all=0.7785  train_AUPR_ab=0.8279  train_AUPR_ag=0.7070  train_P@5_ab=1.0000  train_P@5_ag=1.0000  val_loss=0.3344  val_AUPR_all=0.5858  val_AUPR_ab=0.7393  val_AUPR_ag=0.3689  val_P@5_ab=0.9500  val_P@5_ag=0.6000  select=0.5541
Ep037  LR0=9.58e-05  pw=1.21  aucα=0.300  token_p=0.020  dropE=(0.020,0.080)  smooth=0.010  train_loss=0.1801  train_AUPR_all=0.7930  train_AUPR_ab=0.8373  train_AUPR_ag=0.7293  train_P@5_ab=1.0000  train_P@5_ag=1.0000  val_loss=0.3178  val_AUPR_all=0.5867  val_AUPR_ab=0.7377  val_AUPR_ag=0.3696  val_P@5_ab=0.9000  val_P@5_ag=0.7500  select=0.5536
Ep038  LR0=9.13e-05  pw=1.19  aucα=0.300  token_p=0.020  dropE=(0.020,0.080)  smooth=0.010  train_loss=0.1741  train_AUPR_all=0.8025  train_AUPR_ab=0.8482  train_AUPR_ag=0.7362  train_P@5_ab=1.0000  train_P@5_ag=1.0000  val_loss=0.3226  val_AUPR_all=0.5766  val_AUPR_ab=0.7378  val_AUPR_ag=0.3532  val_P@5_ab=0.9500  val_P@5_ag=0.7500  select=0.5455
Ep039  LR0=8.69e-05  pw=1.16  aucα=0.300  token_p=0.020  dropE=(0.020,0.080)  smooth=0.010  train_loss=0.1712  train_AUPR_all=0.8037  train_AUPR_ab=0.8439  train_AUPR_ag=0.7461  train_P@5_ab=1.0000  train_P@5_ag=1.0000  val_loss=0.3303  val_AUPR_all=0.5771  val_AUPR_ab=0.7443  val_AUPR_ag=0.3506  val_P@5_ab=0.9000  val_P@5_ag=0.5000  select=0.5474
Ep040  LR0=8.24e-05  pw=1.15  aucα=0.300  token_p=0.020  dropE=(0.020,0.080)  smooth=0.010  train_loss=0.1655  train_AUPR_all=0.8133  train_AUPR_ab=0.8532  train_AUPR_ag=0.7557  train_P@5_ab=1.0000  train_P@5_ag=1.0000  val_loss=0.3234  val_AUPR_all=0.5854  val_AUPR_ab=0.7373  val_AUPR_ag=0.3636  val_P@5_ab=0.9000  val_P@5_ag=0.7500  select=0.5504
Ep041  LR0=7.81e-05  pw=1.13  aucα=0.300  token_p=0.020  dropE=(0.020,0.080)  smooth=0.010  train_loss=0.1579  train_AUPR_all=0.8255  train_AUPR_ab=0.8635  train_AUPR_ag=0.7709  train_P@5_ab=1.0000  train_P@5_ag=1.0000  val_loss=0.3278  val_AUPR_all=0.5788  val_AUPR_ab=0.7336  val_AUPR_ag=0.3663  val_P@5_ab=0.9500  val_P@5_ag=0.7500  select=0.5500
Ep042  LR0=7.37e-05  pw=1.11  aucα=0.300  token_p=0.020  dropE=(0.020,0.080)  smooth=0.010  train_loss=0.1570  train_AUPR_all=0.8254  train_AUPR_ab=0.8628  train_AUPR_ag=0.7715  train_P@5_ab=1.0000  train_P@5_ag=1.0000  val_loss=0.3284  val_AUPR_all=0.5735  val_AUPR_ab=0.7297  val_AUPR_ag=0.3576  val_P@5_ab=0.7500  val_P@5_ag=0.7000  select=0.5437
Ep043  LR0=6.94e-05  pw=1.10  aucα=0.300  token_p=0.020  dropE=(0.020,0.080)  smooth=0.010  train_loss=0.1532  train_AUPR_all=0.8321  train_AUPR_ab=0.8690  train_AUPR_ag=0.7788  train_P@5_ab=1.0000  train_P@5_ag=1.0000  val_loss=0.3182  val_AUPR_all=0.5844  val_AUPR_ab=0.7341  val_AUPR_ag=0.3641  val_P@5_ab=0.9500  val_P@5_ag=0.8500  select=0.5491
Ep044  LR0=6.52e-05  pw=1.09  aucα=0.300  token_p=0.020  dropE=(0.020,0.080)  smooth=0.010  train_loss=0.1528  train_AUPR_all=0.8320  train_AUPR_ab=0.8670  train_AUPR_ag=0.7818  train_P@5_ab=1.0000  train_P@5_ag=1.0000  val_loss=0.3260  val_AUPR_all=0.5851  val_AUPR_ab=0.7432  val_AUPR_ag=0.3672  val_P@5_ab=0.9500  val_P@5_ag=0.8000  select=0.5552
Ep045  LR0=6.10e-05  pw=1.08  aucα=0.300  token_p=0.020  dropE=(0.020,0.080)  smooth=0.010  train_loss=0.1453  train_AUPR_all=0.8445  train_AUPR_ab=0.8801  train_AUPR_ag=0.7927  train_P@5_ab=1.0000  train_P@5_ag=1.0000  val_loss=0.3309  val_AUPR_all=0.5835  val_AUPR_ab=0.7415  val_AUPR_ag=0.3585  val_P@5_ab=1.0000  val_P@5_ag=0.7500  select=0.5500
Ep046  LR0=5.70e-05  pw=1.07  aucα=0.300  token_p=0.020  dropE=(0.020,0.080)  smooth=0.010  train_loss=0.1463  train_AUPR_all=0.8423  train_AUPR_ab=0.8788  train_AUPR_ag=0.7890  train_P@5_ab=1.0000  train_P@5_ag=1.0000  val_loss=0.3175  val_AUPR_all=0.5859  val_AUPR_ab=0.7417  val_AUPR_ag=0.3671  val_P@5_ab=0.9000  val_P@5_ag=0.7000  select=0.5544
Ep047  LR0=5.30e-05  pw=1.06  aucα=0.300  token_p=0.020  dropE=(0.020,0.080)  smooth=0.010  train_loss=0.1405  train_AUPR_all=0.8515  train_AUPR_ab=0.8853  train_AUPR_ag=0.8026  train_P@5_ab=1.0000  train_P@5_ag=1.0000  val_loss=0.3235  val_AUPR_all=0.5827  val_AUPR_ab=0.7364  val_AUPR_ag=0.3628  val_P@5_ab=0.9500  val_P@5_ag=0.8000  select=0.5496
Ep048  LR0=4.91e-05  pw=1.05  aucα=0.300  token_p=0.020  dropE=(0.020,0.080)  smooth=0.010  train_loss=0.1383  train_AUPR_all=0.8547  train_AUPR_ab=0.8893  train_AUPR_ag=0.8041  train_P@5_ab=1.0000  train_P@5_ag=1.0000  val_loss=0.3244  val_AUPR_all=0.5739  val_AUPR_ab=0.7300  val_AUPR_ag=0.3568  val_P@5_ab=0.8000  val_P@5_ag=0.6500  select=0.5434
Ep049  LR0=4.53e-05  pw=1.05  aucα=0.300  token_p=0.020  dropE=(0.020,0.080)  smooth=0.010  train_loss=0.1362  train_AUPR_all=0.8585  train_AUPR_ab=0.8897  train_AUPR_ag=0.8135  train_P@5_ab=1.0000  train_P@5_ag=1.0000  val_loss=0.3236  val_AUPR_all=0.5813  val_AUPR_ab=0.7324  val_AUPR_ag=0.3639  val_P@5_ab=0.8000  val_P@5_ag=0.5500  select=0.5482
Ep050  LR0=4.16e-05  pw=1.04  aucα=0.300  token_p=0.020  dropE=(0.020,0.080)  smooth=0.010  train_loss=0.1319  train_AUPR_all=0.8648  train_AUPR_ab=0.8962  train_AUPR_ag=0.8189  train_P@5_ab=1.0000  train_P@5_ag=1.0000  val_loss=0.3297  val_AUPR_all=0.5769  val_AUPR_ab=0.7335  val_AUPR_ag=0.3483  val_P@5_ab=1.0000  val_P@5_ag=0.7000  select=0.5409
Ep051  LR0=3.81e-05  pw=1.04  aucα=0.300  token_p=0.020  dropE=(0.020,0.080)  smooth=0.010  train_loss=0.1351  train_AUPR_all=0.8588  train_AUPR_ab=0.8893  train_AUPR_ag=0.8151  train_P@5_ab=1.0000  train_P@5_ag=0.9500  val_loss=0.3256  val_AUPR_all=0.5746  val_AUPR_ab=0.7320  val_AUPR_ag=0.3530  val_P@5_ab=0.7000  val_P@5_ag=0.6500  select=0.5425
Ep052  LR0=3.46e-05  pw=1.03  aucα=0.300  token_p=0.020  dropE=(0.020,0.080)  smooth=0.010  train_loss=0.1293  train_AUPR_all=0.8686  train_AUPR_ab=0.8974  train_AUPR_ag=0.8272  train_P@5_ab=1.0000  train_P@5_ag=1.0000  val_loss=0.3279  val_AUPR_all=0.5820  val_AUPR_ab=0.7338  val_AUPR_ag=0.3657  val_P@5_ab=0.7000  val_P@5_ag=0.7000  select=0.5497
Early stopping at epoch 52. Best select=0.5600 at epoch 32.
Final saved checkpoint for fold 1: checkpoints_old/iPara_balanced_l1_g10_i5_do0.10_dpr0.10_lr0.0002_heads16_fold1.pth
Best select=0.5600 at epoch 32

==========================================================================================
Fold 2/5
==========================================================================================
Train labels: valid=400834, pos=26650, neg=374184, ignore=696766, pos_frac=0.06649
Val labels: valid=99358, pos=6580, neg=92778, ignore=175842, pos_frac=0.06623
Initializing ClassificationModel with 10 GAT layers and residual connections...
Initializing MCModel with 10 GAT layers and 5 row attention layers (drop_path_rate=0.1)
Initializing CoreModel with 1 layers, drop_path_rate=0.1
Ep001  LR0=2.00e-04  pw=20.00  aucα=0.000  token_p=0.020  dropE=(0.020,0.080)  smooth=0.010  train_loss=1.2136  train_AUPR_all=0.1670  train_AUPR_ab=0.2015  train_AUPR_ag=0.1318  train_P@5_ab=0.2000  train_P@5_ag=0.2000  val_loss=1.0692  val_AUPR_all=0.4132  val_AUPR_ab=0.4979  val_AUPR_ag=0.2684  val_P@5_ab=0.8500  val_P@5_ag=0.8000  select=0.3832
  Saved checkpoint: checkpoints_old/iPara_balanced_l1_g10_i5_do0.10_dpr0.10_lr0.0002_heads16_fold2.pth  select=0.3832  val_ab=0.4979  val_ag=0.2684  val_all=0.4132
Ep002  LR0=2.00e-04  pw=17.77  aucα=0.000  token_p=0.020  dropE=(0.020,0.080)  smooth=0.010  train_loss=0.8385  train_AUPR_all=0.3483  train_AUPR_ab=0.4400  train_AUPR_ag=0.2065  train_P@5_ab=0.7500  train_P@5_ag=0.9000  val_loss=1.0410  val_AUPR_all=0.4336  val_AUPR_ab=0.5316  val_AUPR_ag=0.2715  val_P@5_ab=0.7500  val_P@5_ag=0.8000  select=0.4015
  Saved checkpoint: checkpoints_old/iPara_balanced_l1_g10_i5_do0.10_dpr0.10_lr0.0002_heads16_fold2.pth  select=0.4015  val_ab=0.5316  val_ag=0.2715  val_all=0.4336
Ep003  LR0=2.00e-04  pw=15.80  aucα=0.000  token_p=0.020  dropE=(0.020,0.080)  smooth=0.010  train_loss=0.7383  train_AUPR_all=0.4082  train_AUPR_ab=0.5047  train_AUPR_ag=0.2479  train_P@5_ab=0.7500  train_P@5_ag=0.5000  val_loss=0.9009  val_AUPR_all=0.4605  val_AUPR_ab=0.5525  val_AUPR_ag=0.3467  val_P@5_ab=0.5000  val_P@5_ag=0.8000  select=0.4496
  Saved checkpoint: checkpoints_old/iPara_balanced_l1_g10_i5_do0.10_dpr0.10_lr0.0002_heads16_fold2.pth  select=0.4496  val_ab=0.5525  val_ag=0.3467  val_all=0.4605
Ep004  LR0=1.99e-04  pw=14.06  aucα=0.000  token_p=0.020  dropE=(0.020,0.080)  smooth=0.010  train_loss=0.6651  train_AUPR_all=0.4468  train_AUPR_ab=0.5385  train_AUPR_ag=0.2928  train_P@5_ab=0.8500  train_P@5_ag=0.8500  val_loss=0.9903  val_AUPR_all=0.4876  val_AUPR_ab=0.5662  val_AUPR_ag=0.3376  val_P@5_ab=0.5500  val_P@5_ag=1.0000  select=0.4519
  Saved checkpoint: checkpoints_old/iPara_balanced_l1_g10_i5_do0.10_dpr0.10_lr0.0002_heads16_fold2.pth  select=0.4519  val_ab=0.5662  val_ag=0.3376  val_all=0.4876
Unfreezing DyM parameters.
Ep005  LR0=1.98e-04  pw=12.52  aucα=0.000  token_p=0.020  dropE=(0.020,0.080)  smooth=0.010  train_loss=0.6053  train_AUPR_all=0.4739  train_AUPR_ab=0.5618  train_AUPR_ag=0.3232  train_P@5_ab=0.6500  train_P@5_ag=0.9000  val_loss=0.7525  val_AUPR_all=0.5410  val_AUPR_ab=0.6242  val_AUPR_ag=0.3802  val_P@5_ab=0.7000  val_P@5_ag=0.8500  select=0.5022
  Saved checkpoint: checkpoints_old/iPara_balanced_l1_g10_i5_do0.10_dpr0.10_lr0.0002_heads16_fold2.pth  select=0.5022  val_ab=0.6242  val_ag=0.3802  val_all=0.5410
Ep006  LR0=1.97e-04  pw=11.17  aucα=0.000  token_p=0.020  dropE=(0.020,0.080)  smooth=0.010  train_loss=0.5634  train_AUPR_all=0.4945  train_AUPR_ab=0.5931  train_AUPR_ag=0.3238  train_P@5_ab=0.6000  train_P@5_ag=0.9500  val_loss=0.7419  val_AUPR_all=0.5413  val_AUPR_ab=0.6334  val_AUPR_ag=0.3672  val_P@5_ab=0.8000  val_P@5_ag=0.9000  select=0.5003
Ep007  LR0=1.96e-04  pw=9.97  aucα=0.000  token_p=0.020  dropE=(0.020,0.080)  smooth=0.010  train_loss=0.5210  train_AUPR_all=0.5103  train_AUPR_ab=0.6137  train_AUPR_ag=0.3358  train_P@5_ab=0.9000  train_P@5_ag=0.8000  val_loss=0.7391  val_AUPR_all=0.5233  val_AUPR_ab=0.6228  val_AUPR_ag=0.3640  val_P@5_ab=0.8500  val_P@5_ag=0.8500  select=0.4934
Ep008  LR0=1.95e-04  pw=8.92  aucα=0.000  token_p=0.020  dropE=(0.020,0.080)  smooth=0.010  train_loss=0.4824  train_AUPR_all=0.5321  train_AUPR_ab=0.6272  train_AUPR_ag=0.3640  train_P@5_ab=0.8500  train_P@5_ag=0.7000  val_loss=0.6937  val_AUPR_all=0.5504  val_AUPR_ab=0.6394  val_AUPR_ag=0.3915  val_P@5_ab=0.8500  val_P@5_ag=0.9000  select=0.5155
  Saved checkpoint: checkpoints_old/iPara_balanced_l1_g10_i5_do0.10_dpr0.10_lr0.0002_heads16_fold2.pth  select=0.5155  val_ab=0.6394  val_ag=0.3915  val_all=0.5504
Ep009  LR0=1.94e-04  pw=7.99  aucα=0.000  token_p=0.020  dropE=(0.020,0.080)  smooth=0.010  train_loss=0.4604  train_AUPR_all=0.5318  train_AUPR_ab=0.6305  train_AUPR_ag=0.3631  train_P@5_ab=0.6500  train_P@5_ag=0.9500  val_loss=0.6099  val_AUPR_all=0.5731  val_AUPR_ab=0.6605  val_AUPR_ag=0.4051  val_P@5_ab=0.8000  val_P@5_ag=0.9000  select=0.5328
  Saved checkpoint: checkpoints_old/iPara_balanced_l1_g10_i5_do0.10_dpr0.10_lr0.0002_heads16_fold2.pth  select=0.5328  val_ab=0.6605  val_ag=0.4051  val_all=0.5731
Ep010  LR0=1.92e-04  pw=7.17  aucα=0.030  token_p=0.020  dropE=(0.020,0.080)  smooth=0.010  train_loss=0.4391  train_AUPR_all=0.5514  train_AUPR_ab=0.6491  train_AUPR_ag=0.3812  train_P@5_ab=0.8000  train_P@5_ag=0.9500  val_loss=0.6003  val_AUPR_all=0.5737  val_AUPR_ab=0.6653  val_AUPR_ag=0.4081  val_P@5_ab=0.7000  val_P@5_ag=0.9000  select=0.5367
  Saved checkpoint: checkpoints_old/iPara_balanced_l1_g10_i5_do0.10_dpr0.10_lr0.0002_heads16_fold2.pth  select=0.5367  val_ab=0.6653  val_ag=0.4081  val_all=0.5737
Ep011  LR0=1.90e-04  pw=6.44  aucα=0.060  token_p=0.020  dropE=(0.020,0.080)  smooth=0.010  train_loss=0.4285  train_AUPR_all=0.5614  train_AUPR_ab=0.6614  train_AUPR_ag=0.3895  train_P@5_ab=0.9000  train_P@5_ag=1.0000  val_loss=0.5720  val_AUPR_all=0.5759  val_AUPR_ab=0.6748  val_AUPR_ag=0.4087  val_P@5_ab=0.8500  val_P@5_ag=0.9000  select=0.5417
  Saved checkpoint: checkpoints_old/iPara_balanced_l1_g10_i5_do0.10_dpr0.10_lr0.0002_heads16_fold2.pth  select=0.5417  val_ab=0.6748  val_ag=0.4087  val_all=0.5759
Ep012  LR0=1.88e-04  pw=5.80  aucα=0.090  token_p=0.020  dropE=(0.020,0.080)  smooth=0.010  train_loss=0.4173  train_AUPR_all=0.5742  train_AUPR_ab=0.6689  train_AUPR_ag=0.4131  train_P@5_ab=1.0000  train_P@5_ag=1.0000  val_loss=0.5433  val_AUPR_all=0.5720  val_AUPR_ab=0.6683  val_AUPR_ag=0.4055  val_P@5_ab=0.9000  val_P@5_ag=0.9500  select=0.5369
Ep013  LR0=1.86e-04  pw=5.24  aucα=0.120  token_p=0.020  dropE=(0.020,0.080)  smooth=0.010  train_loss=0.4070  train_AUPR_all=0.5786  train_AUPR_ab=0.6800  train_AUPR_ag=0.4081  train_P@5_ab=1.0000  train_P@5_ag=0.8000  val_loss=0.5118  val_AUPR_all=0.5877  val_AUPR_ab=0.6885  val_AUPR_ag=0.4171  val_P@5_ab=0.8500  val_P@5_ag=0.9000  select=0.5528
  Saved checkpoint: checkpoints_old/iPara_balanced_l1_g10_i5_do0.10_dpr0.10_lr0.0002_heads16_fold2.pth  select=0.5528  val_ab=0.6885  val_ag=0.4171  val_all=0.5877
Ep014  LR0=1.83e-04  pw=4.74  aucα=0.150  token_p=0.020  dropE=(0.020,0.080)  smooth=0.010  train_loss=0.3972  train_AUPR_all=0.5882  train_AUPR_ab=0.6868  train_AUPR_ag=0.4250  train_P@5_ab=0.8500  train_P@5_ag=0.9000  val_loss=0.4996  val_AUPR_all=0.5676  val_AUPR_ab=0.6948  val_AUPR_ag=0.3912  val_P@5_ab=0.9000  val_P@5_ag=0.8000  select=0.5430
Ep015  LR0=1.81e-04  pw=4.30  aucα=0.180  token_p=0.020  dropE=(0.020,0.080)  smooth=0.010  train_loss=0.3879  train_AUPR_all=0.5951  train_AUPR_ab=0.6954  train_AUPR_ag=0.4298  train_P@5_ab=0.9500  train_P@5_ag=0.9000  val_loss=0.4642  val_AUPR_all=0.6052  val_AUPR_ab=0.7239  val_AUPR_ag=0.4055  val_P@5_ab=0.8000  val_P@5_ag=1.0000  select=0.5647
  Saved checkpoint: checkpoints_old/iPara_balanced_l1_g10_i5_do0.10_dpr0.10_lr0.0002_heads16_fold2.pth  select=0.5647  val_ab=0.7239  val_ag=0.4055  val_all=0.6052
Ep016  LR0=1.78e-04  pw=3.91  aucα=0.210  token_p=0.020  dropE=(0.020,0.080)  smooth=0.010  train_loss=0.3831  train_AUPR_all=0.6073  train_AUPR_ab=0.7066  train_AUPR_ag=0.4474  train_P@5_ab=0.9500  train_P@5_ag=1.0000  val_loss=0.4508  val_AUPR_all=0.6049  val_AUPR_ab=0.7193  val_AUPR_ag=0.4127  val_P@5_ab=0.8000  val_P@5_ag=0.9000  select=0.5660
  Saved checkpoint: checkpoints_old/iPara_balanced_l1_g10_i5_do0.10_dpr0.10_lr0.0002_heads16_fold2.pth  select=0.5660  val_ab=0.7193  val_ag=0.4127  val_all=0.6049
Ep017  LR0=1.75e-04  pw=3.57  aucα=0.240  token_p=0.020  dropE=(0.020,0.080)  smooth=0.010  train_loss=0.3715  train_AUPR_all=0.6220  train_AUPR_ab=0.7209  train_AUPR_ag=0.4629  train_P@5_ab=1.0000  train_P@5_ag=0.9500  val_loss=0.4372  val_AUPR_all=0.6017  val_AUPR_ab=0.7182  val_AUPR_ag=0.4106  val_P@5_ab=1.0000  val_P@5_ag=0.9000  select=0.5644
Ep018  LR0=1.72e-04  pw=3.27  aucα=0.270  token_p=0.020  dropE=(0.020,0.080)  smooth=0.010  train_loss=0.3709  train_AUPR_all=0.6204  train_AUPR_ab=0.7211  train_AUPR_ag=0.4583  train_P@5_ab=0.9500  train_P@5_ag=0.8000  val_loss=0.4199  val_AUPR_all=0.6049  val_AUPR_ab=0.7298  val_AUPR_ag=0.4029  val_P@5_ab=1.0000  val_P@5_ag=0.9000  select=0.5663
  Saved checkpoint: checkpoints_old/iPara_balanced_l1_g10_i5_do0.10_dpr0.10_lr0.0002_heads16_fold2.pth  select=0.5663  val_ab=0.7298  val_ag=0.4029  val_all=0.6049
Ep019  LR0=1.69e-04  pw=3.00  aucα=0.300  token_p=0.020  dropE=(0.020,0.080)  smooth=0.010  train_loss=0.3607  train_AUPR_all=0.6347  train_AUPR_ab=0.7336  train_AUPR_ag=0.4774  train_P@5_ab=0.9500  train_P@5_ag=1.0000  val_loss=0.4015  val_AUPR_all=0.6125  val_AUPR_ab=0.7337  val_AUPR_ag=0.4119  val_P@5_ab=0.9500  val_P@5_ag=1.0000  select=0.5728
  Saved checkpoint: checkpoints_old/iPara_balanced_l1_g10_i5_do0.10_dpr0.10_lr0.0002_heads16_fold2.pth  select=0.5728  val_ab=0.7337  val_ag=0.4119  val_all=0.6125
Ep020  LR0=1.66e-04  pw=2.77  aucα=0.300  token_p=0.020  dropE=(0.020,0.080)  smooth=0.010  train_loss=0.3392  train_AUPR_all=0.6519  train_AUPR_ab=0.7463  train_AUPR_ag=0.5028  train_P@5_ab=1.0000  train_P@5_ag=0.9000  val_loss=0.3959  val_AUPR_all=0.6097  val_AUPR_ab=0.7363  val_AUPR_ag=0.4078  val_P@5_ab=0.9500  val_P@5_ag=0.9000  select=0.5721
Ep021  LR0=1.62e-04  pw=2.56  aucα=0.300  token_p=0.020  dropE=(0.020,0.080)  smooth=0.010  train_loss=0.3206  train_AUPR_all=0.6648  train_AUPR_ab=0.7540  train_AUPR_ag=0.5256  train_P@5_ab=1.0000  train_P@5_ag=0.9500  val_loss=0.3961  val_AUPR_all=0.6108  val_AUPR_ab=0.7425  val_AUPR_ag=0.4050  val_P@5_ab=1.0000  val_P@5_ag=0.9500  select=0.5737
  Saved checkpoint: checkpoints_old/iPara_balanced_l1_g10_i5_do0.10_dpr0.10_lr0.0002_heads16_fold2.pth  select=0.5737  val_ab=0.7425  val_ag=0.4050  val_all=0.6108
Ep022  LR0=1.59e-04  pw=2.38  aucα=0.300  token_p=0.020  dropE=(0.020,0.080)  smooth=0.010  train_loss=0.3106  train_AUPR_all=0.6676  train_AUPR_ab=0.7521  train_AUPR_ag=0.5372  train_P@5_ab=0.9500  train_P@5_ag=0.9500  val_loss=0.3830  val_AUPR_all=0.6055  val_AUPR_ab=0.7426  val_AUPR_ag=0.4013  val_P@5_ab=1.0000  val_P@5_ag=0.8000  select=0.5720
Ep023  LR0=1.55e-04  pw=2.21  aucα=0.300  token_p=0.020  dropE=(0.020,0.080)  smooth=0.010  train_loss=0.2957  train_AUPR_all=0.6769  train_AUPR_ab=0.7611  train_AUPR_ag=0.5480  train_P@5_ab=0.9500  train_P@5_ag=0.9500  val_loss=0.3581  val_AUPR_all=0.6122  val_AUPR_ab=0.7456  val_AUPR_ag=0.4053  val_P@5_ab=0.9500  val_P@5_ag=0.8500  select=0.5755
  Saved checkpoint: checkpoints_old/iPara_balanced_l1_g10_i5_do0.10_dpr0.10_lr0.0002_heads16_fold2.pth  select=0.5755  val_ab=0.7456  val_ag=0.4053  val_all=0.6122
Ep024  LR0=1.51e-04  pw=2.07  aucα=0.300  token_p=0.020  dropE=(0.020,0.080)  smooth=0.010  train_loss=0.2809  train_AUPR_all=0.6892  train_AUPR_ab=0.7678  train_AUPR_ag=0.5700  train_P@5_ab=1.0000  train_P@5_ag=1.0000  val_loss=0.3714  val_AUPR_all=0.6052  val_AUPR_ab=0.7531  val_AUPR_ag=0.4011  val_P@5_ab=0.9500  val_P@5_ag=0.9000  select=0.5771
  Saved checkpoint: checkpoints_old/iPara_balanced_l1_g10_i5_do0.10_dpr0.10_lr0.0002_heads16_fold2.pth  select=0.5771  val_ab=0.7531  val_ag=0.4011  val_all=0.6052
Ep025  LR0=1.48e-04  pw=1.95  aucα=0.300  token_p=0.020  dropE=(0.020,0.080)  smooth=0.010  train_loss=0.2698  train_AUPR_all=0.6987  train_AUPR_ab=0.7729  train_AUPR_ag=0.5878  train_P@5_ab=0.9500  train_P@5_ag=1.0000  val_loss=0.3523  val_AUPR_all=0.6080  val_AUPR_ab=0.7422  val_AUPR_ag=0.3991  val_P@5_ab=1.0000  val_P@5_ag=0.8500  select=0.5706
Ep026  LR0=1.44e-04  pw=1.83  aucα=0.300  token_p=0.020  dropE=(0.020,0.080)  smooth=0.010  train_loss=0.2559  train_AUPR_all=0.7117  train_AUPR_ab=0.7856  train_AUPR_ag=0.6021  train_P@5_ab=1.0000  train_P@5_ag=0.9000  val_loss=0.3688  val_AUPR_all=0.6083  val_AUPR_ab=0.7465  val_AUPR_ag=0.4001  val_P@5_ab=0.9500  val_P@5_ag=0.9500  select=0.5733
Ep027  LR0=1.39e-04  pw=1.74  aucα=0.300  token_p=0.020  dropE=(0.020,0.080)  smooth=0.010  train_loss=0.2491  train_AUPR_all=0.7144  train_AUPR_ab=0.7844  train_AUPR_ag=0.6098  train_P@5_ab=1.0000  train_P@5_ag=0.9500  val_loss=0.3403  val_AUPR_all=0.6140  val_AUPR_ab=0.7519  val_AUPR_ag=0.3936  val_P@5_ab=0.9500  val_P@5_ag=0.8500  select=0.5728
Ep028  LR0=1.35e-04  pw=1.65  aucα=0.300  token_p=0.020  dropE=(0.020,0.080)  smooth=0.010  train_loss=0.2348  train_AUPR_all=0.7300  train_AUPR_ab=0.7931  train_AUPR_ag=0.6382  train_P@5_ab=1.0000  train_P@5_ag=0.9000  val_loss=0.3531  val_AUPR_all=0.6113  val_AUPR_ab=0.7614  val_AUPR_ag=0.3951  val_P@5_ab=0.9500  val_P@5_ag=0.9000  select=0.5782
  Saved checkpoint: checkpoints_old/iPara_balanced_l1_g10_i5_do0.10_dpr0.10_lr0.0002_heads16_fold2.pth  select=0.5782  val_ab=0.7614  val_ag=0.3951  val_all=0.6113
Ep029  LR0=1.31e-04  pw=1.57  aucα=0.300  token_p=0.020  dropE=(0.020,0.080)  smooth=0.010  train_loss=0.2297  train_AUPR_all=0.7319  train_AUPR_ab=0.7904  train_AUPR_ag=0.6478  train_P@5_ab=0.9500  train_P@5_ag=0.9500  val_loss=0.3527  val_AUPR_all=0.6046  val_AUPR_ab=0.7548  val_AUPR_ag=0.3823  val_P@5_ab=0.9500  val_P@5_ag=0.8000  select=0.5686
Ep030  LR0=1.27e-04  pw=1.51  aucα=0.300  token_p=0.020  dropE=(0.020,0.080)  smooth=0.010  train_loss=0.2206  train_AUPR_all=0.7430  train_AUPR_ab=0.8014  train_AUPR_ag=0.6585  train_P@5_ab=1.0000  train_P@5_ag=0.9500  val_loss=0.3423  val_AUPR_all=0.6062  val_AUPR_ab=0.7624  val_AUPR_ag=0.3711  val_P@5_ab=0.9000  val_P@5_ag=0.9000  select=0.5667
Ep031  LR0=1.22e-04  pw=1.45  aucα=0.300  token_p=0.020  dropE=(0.020,0.080)  smooth=0.010  train_loss=0.2110  train_AUPR_all=0.7544  train_AUPR_ab=0.8100  train_AUPR_ag=0.6744  train_P@5_ab=1.0000  train_P@5_ag=0.9500  val_loss=0.3408  val_AUPR_all=0.5942  val_AUPR_ab=0.7521  val_AUPR_ag=0.3841  val_P@5_ab=0.9500  val_P@5_ag=0.9000  select=0.5681
Ep032  LR0=1.18e-04  pw=1.39  aucα=0.300  token_p=0.020  dropE=(0.020,0.080)  smooth=0.010  train_loss=0.2025  train_AUPR_all=0.7679  train_AUPR_ab=0.8187  train_AUPR_ag=0.6953  train_P@5_ab=1.0000  train_P@5_ag=0.9500  val_loss=0.3221  val_AUPR_all=0.6095  val_AUPR_ab=0.7559  val_AUPR_ag=0.4002  val_P@5_ab=0.9500  val_P@5_ag=0.9000  select=0.5781
Ep033  LR0=1.14e-04  pw=1.35  aucα=0.300  token_p=0.020  dropE=(0.020,0.080)  smooth=0.010  train_loss=0.1958  train_AUPR_all=0.7745  train_AUPR_ab=0.8219  train_AUPR_ag=0.7074  train_P@5_ab=1.0000  train_P@5_ag=1.0000  val_loss=0.3376  val_AUPR_all=0.6022  val_AUPR_ab=0.7531  val_AUPR_ag=0.3856  val_P@5_ab=1.0000  val_P@5_ag=0.8000  select=0.5694
Ep034  LR0=1.09e-04  pw=1.31  aucα=0.300  token_p=0.020  dropE=(0.020,0.080)  smooth=0.010  train_loss=0.1917  train_AUPR_all=0.7790  train_AUPR_ab=0.8244  train_AUPR_ag=0.7149  train_P@5_ab=1.0000  train_P@5_ag=0.9500  val_loss=0.3350  val_AUPR_all=0.5983  val_AUPR_ab=0.7499  val_AUPR_ag=0.3823  val_P@5_ab=0.9500  val_P@5_ag=0.5500  select=0.5661
Ep035  LR0=1.05e-04  pw=1.27  aucα=0.300  token_p=0.020  dropE=(0.020,0.080)  smooth=0.010  train_loss=0.1862  train_AUPR_all=0.7856  train_AUPR_ab=0.8292  train_AUPR_ag=0.7241  train_P@5_ab=1.0000  train_P@5_ag=1.0000  val_loss=0.3293  val_AUPR_all=0.6072  val_AUPR_ab=0.7620  val_AUPR_ag=0.3944  val_P@5_ab=0.9500  val_P@5_ag=0.8500  select=0.5782
Ep036  LR0=1.00e-04  pw=1.24  aucα=0.300  token_p=0.020  dropE=(0.020,0.080)  smooth=0.010  train_loss=0.1787  train_AUPR_all=0.7952  train_AUPR_ab=0.8348  train_AUPR_ag=0.7399  train_P@5_ab=1.0000  train_P@5_ag=1.0000  val_loss=0.3382  val_AUPR_all=0.5899  val_AUPR_ab=0.7574  val_AUPR_ag=0.3703  val_P@5_ab=1.0000  val_P@5_ag=0.6500  select=0.5638
Ep037  LR0=9.58e-05  pw=1.21  aucα=0.300  token_p=0.020  dropE=(0.020,0.080)  smooth=0.010  train_loss=0.1769  train_AUPR_all=0.7989  train_AUPR_ab=0.8395  train_AUPR_ag=0.7419  train_P@5_ab=1.0000  train_P@5_ag=1.0000  val_loss=0.3317  val_AUPR_all=0.5940  val_AUPR_ab=0.7494  val_AUPR_ag=0.3749  val_P@5_ab=0.9500  val_P@5_ag=0.7500  select=0.5621
Ep038  LR0=9.13e-05  pw=1.19  aucα=0.300  token_p=0.020  dropE=(0.020,0.080)  smooth=0.010  train_loss=0.1674  train_AUPR_all=0.8112  train_AUPR_ab=0.8469  train_AUPR_ag=0.7615  train_P@5_ab=1.0000  train_P@5_ag=1.0000  val_loss=0.3251  val_AUPR_all=0.5890  val_AUPR_ab=0.7640  val_AUPR_ag=0.3810  val_P@5_ab=1.0000  val_P@5_ag=0.8500  select=0.5725
Ep039  LR0=8.69e-05  pw=1.16  aucα=0.300  token_p=0.020  dropE=(0.020,0.080)  smooth=0.010  train_loss=0.1629  train_AUPR_all=0.8194  train_AUPR_ab=0.8566  train_AUPR_ag=0.7669  train_P@5_ab=1.0000  train_P@5_ag=1.0000  val_loss=0.3334  val_AUPR_all=0.5937  val_AUPR_ab=0.7634  val_AUPR_ag=0.3615  val_P@5_ab=0.9500  val_P@5_ag=0.8000  select=0.5624
Ep040  LR0=8.24e-05  pw=1.15  aucα=0.300  token_p=0.020  dropE=(0.020,0.080)  smooth=0.010  train_loss=0.1582  train_AUPR_all=0.8254  train_AUPR_ab=0.8561  train_AUPR_ag=0.7832  train_P@5_ab=1.0000  train_P@5_ag=1.0000  val_loss=0.3181  val_AUPR_all=0.6022  val_AUPR_ab=0.7611  val_AUPR_ag=0.3784  val_P@5_ab=0.9500  val_P@5_ag=0.7000  select=0.5697
Ep041  LR0=7.81e-05  pw=1.13  aucα=0.300  token_p=0.020  dropE=(0.020,0.080)  smooth=0.010  train_loss=0.1554  train_AUPR_all=0.8295  train_AUPR_ab=0.8637  train_AUPR_ag=0.7818  train_P@5_ab=1.0000  train_P@5_ag=1.0000  val_loss=0.3191  val_AUPR_all=0.6040  val_AUPR_ab=0.7619  val_AUPR_ag=0.3786  val_P@5_ab=1.0000  val_P@5_ag=0.6500  select=0.5702
Ep042  LR0=7.37e-05  pw=1.11  aucα=0.300  token_p=0.020  dropE=(0.020,0.080)  smooth=0.010  train_loss=0.1528  train_AUPR_all=0.8326  train_AUPR_ab=0.8638  train_AUPR_ag=0.7897  train_P@5_ab=1.0000  train_P@5_ag=1.0000  val_loss=0.3111  val_AUPR_all=0.6059  val_AUPR_ab=0.7638  val_AUPR_ag=0.3982  val_P@5_ab=1.0000  val_P@5_ag=0.9000  select=0.5810
  Saved checkpoint: checkpoints_old/iPara_balanced_l1_g10_i5_do0.10_dpr0.10_lr0.0002_heads16_fold2.pth  select=0.5810  val_ab=0.7638  val_ag=0.3982  val_all=0.6059
Ep043  LR0=6.94e-05  pw=1.10  aucα=0.300  token_p=0.020  dropE=(0.020,0.080)  smooth=0.010  train_loss=0.1473  train_AUPR_all=0.8424  train_AUPR_ab=0.8730  train_AUPR_ag=0.8000  train_P@5_ab=1.0000  train_P@5_ag=0.9500  val_loss=0.3154  val_AUPR_all=0.6029  val_AUPR_ab=0.7589  val_AUPR_ag=0.3958  val_P@5_ab=1.0000  val_P@5_ag=0.8000  select=0.5773
Ep044  LR0=6.52e-05  pw=1.09  aucα=0.300  token_p=0.020  dropE=(0.020,0.080)  smooth=0.010  train_loss=0.1439  train_AUPR_all=0.8469  train_AUPR_ab=0.8752  train_AUPR_ag=0.8079  train_P@5_ab=1.0000  train_P@5_ag=1.0000  val_loss=0.3151  val_AUPR_all=0.6034  val_AUPR_ab=0.7596  val_AUPR_ag=0.3860  val_P@5_ab=1.0000  val_P@5_ag=0.8000  select=0.5728
Ep045  LR0=6.10e-05  pw=1.08  aucα=0.300  token_p=0.020  dropE=(0.020,0.080)  smooth=0.010  train_loss=0.1399  train_AUPR_all=0.8546  train_AUPR_ab=0.8841  train_AUPR_ag=0.8135  train_P@5_ab=1.0000  train_P@5_ag=0.9500  val_loss=0.3202  val_AUPR_all=0.5936  val_AUPR_ab=0.7502  val_AUPR_ag=0.3686  val_P@5_ab=0.9500  val_P@5_ag=0.6500  select=0.5594
Ep046  LR0=5.70e-05  pw=1.07  aucα=0.300  token_p=0.020  dropE=(0.020,0.080)  smooth=0.010  train_loss=0.1364  train_AUPR_all=0.8594  train_AUPR_ab=0.8876  train_AUPR_ag=0.8201  train_P@5_ab=1.0000  train_P@5_ag=1.0000  val_loss=0.3175  val_AUPR_all=0.5942  val_AUPR_ab=0.7517  val_AUPR_ag=0.3896  val_P@5_ab=0.9000  val_P@5_ag=0.8500  select=0.5706
Ep047  LR0=5.30e-05  pw=1.06  aucα=0.300  token_p=0.020  dropE=(0.020,0.080)  smooth=0.010  train_loss=0.1325  train_AUPR_all=0.8662  train_AUPR_ab=0.8939  train_AUPR_ag=0.8276  train_P@5_ab=1.0000  train_P@5_ag=1.0000  val_loss=0.3256  val_AUPR_all=0.5994  val_AUPR_ab=0.7596  val_AUPR_ag=0.3817  val_P@5_ab=1.0000  val_P@5_ag=0.5500  select=0.5707
Ep048  LR0=4.91e-05  pw=1.05  aucα=0.300  token_p=0.020  dropE=(0.020,0.080)  smooth=0.010  train_loss=0.1293  train_AUPR_all=0.8708  train_AUPR_ab=0.8981  train_AUPR_ag=0.8323  train_P@5_ab=1.0000  train_P@5_ag=1.0000  val_loss=0.3235  val_AUPR_all=0.5990  val_AUPR_ab=0.7620  val_AUPR_ag=0.3772  val_P@5_ab=0.9000  val_P@5_ag=0.6500  select=0.5696
Ep049  LR0=4.53e-05  pw=1.05  aucα=0.300  token_p=0.020  dropE=(0.020,0.080)  smooth=0.010  train_loss=0.1250  train_AUPR_all=0.8772  train_AUPR_ab=0.9032  train_AUPR_ag=0.8407  train_P@5_ab=1.0000  train_P@5_ag=1.0000  val_loss=0.3315  val_AUPR_all=0.5937  val_AUPR_ab=0.7571  val_AUPR_ag=0.3762  val_P@5_ab=0.9500  val_P@5_ag=0.6000  select=0.5666
Ep050  LR0=4.16e-05  pw=1.04  aucα=0.300  token_p=0.020  dropE=(0.020,0.080)  smooth=0.010  train_loss=0.1271  train_AUPR_all=0.8733  train_AUPR_ab=0.8994  train_AUPR_ag=0.8367  train_P@5_ab=1.0000  train_P@5_ag=1.0000  val_loss=0.3324  val_AUPR_all=0.5952  val_AUPR_ab=0.7575  val_AUPR_ag=0.3839  val_P@5_ab=0.9500  val_P@5_ag=0.7000  select=0.5707
Ep051  LR0=3.81e-05  pw=1.04  aucα=0.300  token_p=0.020  dropE=(0.020,0.080)  smooth=0.010  train_loss=0.1231  train_AUPR_all=0.8797  train_AUPR_ab=0.9036  train_AUPR_ag=0.8463  train_P@5_ab=1.0000  train_P@5_ag=1.0000  val_loss=0.3244  val_AUPR_all=0.5964  val_AUPR_ab=0.7570  val_AUPR_ag=0.3851  val_P@5_ab=0.9000  val_P@5_ag=0.7000  select=0.5711
Ep052  LR0=3.46e-05  pw=1.03  aucα=0.300  token_p=0.020  dropE=(0.020,0.080)  smooth=0.010  train_loss=0.1219  train_AUPR_all=0.8822  train_AUPR_ab=0.9066  train_AUPR_ag=0.8482  train_P@5_ab=1.0000  train_P@5_ag=1.0000  val_loss=0.3288  val_AUPR_all=0.5946  val_AUPR_ab=0.7576  val_AUPR_ag=0.3760  val_P@5_ab=1.0000  val_P@5_ag=0.6000  select=0.5668
Ep053  LR0=3.13e-05  pw=1.03  aucα=0.300  token_p=0.020  dropE=(0.020,0.080)  smooth=0.010  train_loss=0.1216  train_AUPR_all=0.8815  train_AUPR_ab=0.9037  train_AUPR_ag=0.8508  train_P@5_ab=1.0000  train_P@5_ag=1.0000  val_loss=0.3308  val_AUPR_all=0.5924  val_AUPR_ab=0.7543  val_AUPR_ag=0.3819  val_P@5_ab=0.9500  val_P@5_ag=0.5000  select=0.5681
Ep054  LR0=2.82e-05  pw=1.03  aucα=0.300  token_p=0.020  dropE=(0.020,0.080)  smooth=0.010  train_loss=0.1175  train_AUPR_all=0.8889  train_AUPR_ab=0.9123  train_AUPR_ag=0.8561  train_P@5_ab=1.0000  train_P@5_ag=1.0000  val_loss=0.3286  val_AUPR_all=0.5857  val_AUPR_ab=0.7504  val_AUPR_ag=0.3844  val_P@5_ab=0.9000  val_P@5_ag=0.5500  select=0.5674
Ep055  LR0=2.51e-05  pw=1.02  aucα=0.300  token_p=0.020  dropE=(0.020,0.080)  smooth=0.010  train_loss=0.1157  train_AUPR_all=0.8908  train_AUPR_ab=0.9134  train_AUPR_ag=0.8589  train_P@5_ab=1.0000  train_P@5_ag=1.0000  val_loss=0.3298  val_AUPR_all=0.5866  val_AUPR_ab=0.7524  val_AUPR_ag=0.3773  val_P@5_ab=0.9500  val_P@5_ag=0.7500  select=0.5648
Ep056  LR0=2.23e-05  pw=1.02  aucα=0.300  token_p=0.020  dropE=(0.020,0.080)  smooth=0.010  train_loss=0.1176  train_AUPR_all=0.8880  train_AUPR_ab=0.9120  train_AUPR_ag=0.8541  train_P@5_ab=1.0000  train_P@5_ag=1.0000  val_loss=0.3323  val_AUPR_all=0.5932  val_AUPR_ab=0.7582  val_AUPR_ag=0.3826  val_P@5_ab=1.0000  val_P@5_ag=0.7000  select=0.5704
Ep057  LR0=1.96e-05  pw=1.02  aucα=0.300  token_p=0.020  dropE=(0.020,0.080)  smooth=0.010  train_loss=0.1128  train_AUPR_all=0.8954  train_AUPR_ab=0.9178  train_AUPR_ag=0.8636  train_P@5_ab=1.0000  train_P@5_ag=1.0000  val_loss=0.3339  val_AUPR_all=0.5896  val_AUPR_ab=0.7553  val_AUPR_ag=0.3720  val_P@5_ab=1.0000  val_P@5_ag=0.8000  select=0.5637
Ep058  LR0=1.70e-05  pw=1.02  aucα=0.300  token_p=0.020  dropE=(0.020,0.080)  smooth=0.010  train_loss=0.1103  train_AUPR_all=0.9004  train_AUPR_ab=0.9246  train_AUPR_ag=0.8652  train_P@5_ab=1.0000  train_P@5_ag=1.0000  val_loss=0.3313  val_AUPR_all=0.5946  val_AUPR_ab=0.7519  val_AUPR_ag=0.3793  val_P@5_ab=0.9500  val_P@5_ag=0.7000  select=0.5656
Ep059  LR0=1.46e-05  pw=1.01  aucα=0.300  token_p=0.020  dropE=(0.020,0.080)  smooth=0.010  train_loss=0.1107  train_AUPR_all=0.8992  train_AUPR_ab=0.9233  train_AUPR_ag=0.8645  train_P@5_ab=1.0000  train_P@5_ag=1.0000  val_loss=0.3321  val_AUPR_all=0.5886  val_AUPR_ab=0.7534  val_AUPR_ag=0.3693  val_P@5_ab=1.0000  val_P@5_ag=0.7000  select=0.5614
Ep060  LR0=1.24e-05  pw=1.01  aucα=0.300  token_p=0.020  dropE=(0.020,0.080)  smooth=0.010  train_loss=0.1086  train_AUPR_all=0.9024  train_AUPR_ab=0.9245  train_AUPR_ag=0.8707  train_P@5_ab=0.9500  train_P@5_ag=1.0000  val_loss=0.3336  val_AUPR_all=0.5854  val_AUPR_ab=0.7538  val_AUPR_ag=0.3683  val_P@5_ab=1.0000  val_P@5_ag=0.7000  select=0.5610
Ep061  LR0=1.04e-05  pw=1.01  aucα=0.300  token_p=0.020  dropE=(0.020,0.080)  smooth=0.010  train_loss=0.1122  train_AUPR_all=0.8963  train_AUPR_ab=0.9177  train_AUPR_ag=0.8664  train_P@5_ab=1.0000  train_P@5_ag=1.0000  val_loss=0.3383  val_AUPR_all=0.5870  val_AUPR_ab=0.7554  val_AUPR_ag=0.3674  val_P@5_ab=0.9500  val_P@5_ag=0.7500  select=0.5614
Ep062  LR0=8.53e-06  pw=1.01  aucα=0.300  token_p=0.020  dropE=(0.020,0.080)  smooth=0.010  train_loss=0.1107  train_AUPR_all=0.8984  train_AUPR_ab=0.9194  train_AUPR_ag=0.8687  train_P@5_ab=1.0000  train_P@5_ag=1.0000  val_loss=0.3341  val_AUPR_all=0.5919  val_AUPR_ab=0.7540  val_AUPR_ag=0.3739  val_P@5_ab=1.0000  val_P@5_ag=0.7000  select=0.5639
Early stopping at epoch 62. Best select=0.5810 at epoch 42.
Final saved checkpoint for fold 2: checkpoints_old/iPara_balanced_l1_g10_i5_do0.10_dpr0.10_lr0.0002_heads16_fold2.pth
Best select=0.5810 at epoch 42

==========================================================================================
Fold 3/5
==========================================================================================
Train labels: valid=401949, pos=26660, neg=375289, ignore=695651, pos_frac=0.06633
Val labels: valid=98243, pos=6570, neg=91673, ignore=176957, pos_frac=0.06687
Initializing ClassificationModel with 10 GAT layers and residual connections...
Initializing MCModel with 10 GAT layers and 5 row attention layers (drop_path_rate=0.1)
Initializing CoreModel with 1 layers, drop_path_rate=0.1
Ep001  LR0=2.00e-04  pw=20.00  aucα=0.000  token_p=0.020  dropE=(0.020,0.080)  smooth=0.010  train_loss=1.1740  train_AUPR_all=0.1943  train_AUPR_ab=0.2198  train_AUPR_ag=0.1654  train_P@5_ab=0.2500  train_P@5_ag=0.4500  val_loss=1.2424  val_AUPR_all=0.3648  val_AUPR_ab=0.4146  val_AUPR_ag=0.3186  val_P@5_ab=0.2000  val_P@5_ag=1.0000  select=0.3666
  Saved checkpoint: checkpoints_old/iPara_balanced_l1_g10_i5_do0.10_dpr0.10_lr0.0002_heads16_fold3.pth  select=0.3666  val_ab=0.4146  val_ag=0.3186  val_all=0.3648
Ep002  LR0=2.00e-04  pw=17.77  aucα=0.000  token_p=0.020  dropE=(0.020,0.080)  smooth=0.010  train_loss=0.8243  train_AUPR_all=0.3657  train_AUPR_ab=0.4351  train_AUPR_ag=0.2493  train_P@5_ab=0.7000  train_P@5_ag=0.8000  val_loss=0.9712  val_AUPR_all=0.4548  val_AUPR_ab=0.5386  val_AUPR_ag=0.3374  val_P@5_ab=0.4000  val_P@5_ag=0.9500  select=0.4380
  Saved checkpoint: checkpoints_old/iPara_balanced_l1_g10_i5_do0.10_dpr0.10_lr0.0002_heads16_fold3.pth  select=0.4380  val_ab=0.5386  val_ag=0.3374  val_all=0.4548
Ep003  LR0=2.00e-04  pw=15.80  aucα=0.000  token_p=0.020  dropE=(0.020,0.080)  smooth=0.010  train_loss=0.7525  train_AUPR_all=0.3975  train_AUPR_ab=0.4674  train_AUPR_ag=0.2732  train_P@5_ab=0.7000  train_P@5_ag=0.8500  val_loss=0.8765  val_AUPR_all=0.4738  val_AUPR_ab=0.5402  val_AUPR_ag=0.3566  val_P@5_ab=0.5500  val_P@5_ag=0.9000  select=0.4484
  Saved checkpoint: checkpoints_old/iPara_balanced_l1_g10_i5_do0.10_dpr0.10_lr0.0002_heads16_fold3.pth  select=0.4484  val_ab=0.5402  val_ag=0.3566  val_all=0.4738
Ep004  LR0=1.99e-04  pw=14.06  aucα=0.000  token_p=0.020  dropE=(0.020,0.080)  smooth=0.010  train_loss=0.6837  train_AUPR_all=0.4330  train_AUPR_ab=0.5116  train_AUPR_ag=0.2950  train_P@5_ab=0.8000  train_P@5_ag=1.0000  val_loss=0.8168  val_AUPR_all=0.4960  val_AUPR_ab=0.5852  val_AUPR_ag=0.3524  val_P@5_ab=0.4500  val_P@5_ag=1.0000  select=0.4688
  Saved checkpoint: checkpoints_old/iPara_balanced_l1_g10_i5_do0.10_dpr0.10_lr0.0002_heads16_fold3.pth  select=0.4688  val_ab=0.5852  val_ag=0.3524  val_all=0.4960
Unfreezing DyM parameters.
Ep005  LR0=1.98e-04  pw=12.52  aucα=0.000  token_p=0.020  dropE=(0.020,0.080)  smooth=0.010  train_loss=0.6257  train_AUPR_all=0.4625  train_AUPR_ab=0.5412  train_AUPR_ag=0.3196  train_P@5_ab=0.7500  train_P@5_ag=0.8500  val_loss=0.8072  val_AUPR_all=0.5069  val_AUPR_ab=0.5998  val_AUPR_ag=0.3667  val_P@5_ab=0.9000  val_P@5_ag=0.9000  select=0.4833
  Saved checkpoint: checkpoints_old/iPara_balanced_l1_g10_i5_do0.10_dpr0.10_lr0.0002_heads16_fold3.pth  select=0.4833  val_ab=0.5998  val_ag=0.3667  val_all=0.5069
Ep006  LR0=1.97e-04  pw=11.17  aucα=0.000  token_p=0.020  dropE=(0.020,0.080)  smooth=0.010  train_loss=0.5724  train_AUPR_all=0.4842  train_AUPR_ab=0.5704  train_AUPR_ag=0.3289  train_P@5_ab=0.8000  train_P@5_ag=1.0000  val_loss=0.7204  val_AUPR_all=0.5517  val_AUPR_ab=0.6499  val_AUPR_ag=0.3730  val_P@5_ab=0.9000  val_P@5_ag=0.9500  select=0.5114
  Saved checkpoint: checkpoints_old/iPara_balanced_l1_g10_i5_do0.10_dpr0.10_lr0.0002_heads16_fold3.pth  select=0.5114  val_ab=0.6499  val_ag=0.3730  val_all=0.5517
Ep007  LR0=1.96e-04  pw=9.97  aucα=0.000  token_p=0.020  dropE=(0.020,0.080)  smooth=0.010  train_loss=0.5365  train_AUPR_all=0.5020  train_AUPR_ab=0.5903  train_AUPR_ag=0.3454  train_P@5_ab=0.5000  train_P@5_ag=0.8000  val_loss=0.7233  val_AUPR_all=0.5305  val_AUPR_ab=0.6229  val_AUPR_ag=0.3667  val_P@5_ab=0.7500  val_P@5_ag=0.7000  select=0.4948
Ep008  LR0=1.95e-04  pw=8.92  aucα=0.000  token_p=0.020  dropE=(0.020,0.080)  smooth=0.010  train_loss=0.4922  train_AUPR_all=0.5198  train_AUPR_ab=0.6050  train_AUPR_ag=0.3672  train_P@5_ab=0.7500  train_P@5_ag=1.0000  val_loss=0.6548  val_AUPR_all=0.5487  val_AUPR_ab=0.6657  val_AUPR_ag=0.3778  val_P@5_ab=0.9500  val_P@5_ag=0.8000  select=0.5218
  Saved checkpoint: checkpoints_old/iPara_balanced_l1_g10_i5_do0.10_dpr0.10_lr0.0002_heads16_fold3.pth  select=0.5218  val_ab=0.6657  val_ag=0.3778  val_all=0.5487
Ep009  LR0=1.94e-04  pw=7.99  aucα=0.000  token_p=0.020  dropE=(0.020,0.080)  smooth=0.010  train_loss=0.4551  train_AUPR_all=0.5366  train_AUPR_ab=0.6281  train_AUPR_ag=0.3732  train_P@5_ab=0.7500  train_P@5_ag=0.9500  val_loss=0.7388  val_AUPR_all=0.5606  val_AUPR_ab=0.6729  val_AUPR_ag=0.3765  val_P@5_ab=0.9000  val_P@5_ag=0.9500  select=0.5247
  Saved checkpoint: checkpoints_old/iPara_balanced_l1_g10_i5_do0.10_dpr0.10_lr0.0002_heads16_fold3.pth  select=0.5247  val_ab=0.6729  val_ag=0.3765  val_all=0.5606
Ep010  LR0=1.92e-04  pw=7.17  aucα=0.030  token_p=0.020  dropE=(0.020,0.080)  smooth=0.010  train_loss=0.4471  train_AUPR_all=0.5441  train_AUPR_ab=0.6399  train_AUPR_ag=0.3770  train_P@5_ab=0.8500  train_P@5_ag=0.8500  val_loss=0.6033  val_AUPR_all=0.5678  val_AUPR_ab=0.6815  val_AUPR_ag=0.3797  val_P@5_ab=0.9500  val_P@5_ag=0.9000  select=0.5306
  Saved checkpoint: checkpoints_old/iPara_balanced_l1_g10_i5_do0.10_dpr0.10_lr0.0002_heads16_fold3.pth  select=0.5306  val_ab=0.6815  val_ag=0.3797  val_all=0.5678
Ep011  LR0=1.90e-04  pw=6.44  aucα=0.060  token_p=0.020  dropE=(0.020,0.080)  smooth=0.010  train_loss=0.4352  train_AUPR_all=0.5528  train_AUPR_ab=0.6445  train_AUPR_ag=0.3879  train_P@5_ab=0.9000  train_P@5_ag=1.0000  val_loss=0.5525  val_AUPR_all=0.5814  val_AUPR_ab=0.7022  val_AUPR_ag=0.3954  val_P@5_ab=0.9500  val_P@5_ag=1.0000  select=0.5488
  Saved checkpoint: checkpoints_old/iPara_balanced_l1_g10_i5_do0.10_dpr0.10_lr0.0002_heads16_fold3.pth  select=0.5488  val_ab=0.7022  val_ag=0.3954  val_all=0.5814
Ep012  LR0=1.88e-04  pw=5.80  aucα=0.090  token_p=0.020  dropE=(0.020,0.080)  smooth=0.010  train_loss=0.4171  train_AUPR_all=0.5677  train_AUPR_ab=0.6598  train_AUPR_ag=0.4050  train_P@5_ab=0.7000  train_P@5_ag=1.0000  val_loss=0.5370  val_AUPR_all=0.5905  val_AUPR_ab=0.7105  val_AUPR_ag=0.3964  val_P@5_ab=1.0000  val_P@5_ag=1.0000  select=0.5534
  Saved checkpoint: checkpoints_old/iPara_balanced_l1_g10_i5_do0.10_dpr0.10_lr0.0002_heads16_fold3.pth  select=0.5534  val_ab=0.7105  val_ag=0.3964  val_all=0.5905
Ep013  LR0=1.86e-04  pw=5.24  aucα=0.120  token_p=0.020  dropE=(0.020,0.080)  smooth=0.010  train_loss=0.4058  train_AUPR_all=0.5763  train_AUPR_ab=0.6727  train_AUPR_ag=0.4114  train_P@5_ab=0.7000  train_P@5_ag=0.9500  val_loss=0.4982  val_AUPR_all=0.5901  val_AUPR_ab=0.7087  val_AUPR_ag=0.3982  val_P@5_ab=1.0000  val_P@5_ag=1.0000  select=0.5535
Ep014  LR0=1.83e-04  pw=4.74  aucα=0.150  token_p=0.020  dropE=(0.020,0.080)  smooth=0.010  train_loss=0.3969  train_AUPR_all=0.5895  train_AUPR_ab=0.6898  train_AUPR_ag=0.4227  train_P@5_ab=0.9500  train_P@5_ag=0.8500  val_loss=0.4846  val_AUPR_all=0.5917  val_AUPR_ab=0.7144  val_AUPR_ag=0.3851  val_P@5_ab=1.0000  val_P@5_ag=0.9500  select=0.5498
Ep015  LR0=1.81e-04  pw=4.30  aucα=0.180  token_p=0.020  dropE=(0.020,0.080)  smooth=0.010  train_loss=0.3851  train_AUPR_all=0.6012  train_AUPR_ab=0.7037  train_AUPR_ag=0.4341  train_P@5_ab=0.9500  train_P@5_ag=0.8500  val_loss=0.4601  val_AUPR_all=0.5990  val_AUPR_ab=0.7152  val_AUPR_ag=0.4031  val_P@5_ab=0.8500  val_P@5_ag=0.9500  select=0.5592
  Saved checkpoint: checkpoints_old/iPara_balanced_l1_g10_i5_do0.10_dpr0.10_lr0.0002_heads16_fold3.pth  select=0.5592  val_ab=0.7152  val_ag=0.4031  val_all=0.5990
Ep016  LR0=1.78e-04  pw=3.91  aucα=0.210  token_p=0.020  dropE=(0.020,0.080)  smooth=0.010  train_loss=0.3781  train_AUPR_all=0.6122  train_AUPR_ab=0.7079  train_AUPR_ag=0.4550  train_P@5_ab=1.0000  train_P@5_ag=1.0000  val_loss=0.4532  val_AUPR_all=0.5896  val_AUPR_ab=0.7220  val_AUPR_ag=0.3944  val_P@5_ab=0.9500  val_P@5_ag=0.7500  select=0.5582
Ep017  LR0=1.75e-04  pw=3.57  aucα=0.240  token_p=0.020  dropE=(0.020,0.080)  smooth=0.010  train_loss=0.3673  train_AUPR_all=0.6190  train_AUPR_ab=0.7163  train_AUPR_ag=0.4622  train_P@5_ab=0.9500  train_P@5_ag=0.9500  val_loss=0.4381  val_AUPR_all=0.5992  val_AUPR_ab=0.7324  val_AUPR_ag=0.3913  val_P@5_ab=1.0000  val_P@5_ag=1.0000  select=0.5618
  Saved checkpoint: checkpoints_old/iPara_balanced_l1_g10_i5_do0.10_dpr0.10_lr0.0002_heads16_fold3.pth  select=0.5618  val_ab=0.7324  val_ag=0.3913  val_all=0.5992
Ep018  LR0=1.72e-04  pw=3.27  aucα=0.270  token_p=0.020  dropE=(0.020,0.080)  smooth=0.010  train_loss=0.3620  train_AUPR_all=0.6303  train_AUPR_ab=0.7289  train_AUPR_ag=0.4773  train_P@5_ab=1.0000  train_P@5_ag=0.7000  val_loss=0.4388  val_AUPR_all=0.5988  val_AUPR_ab=0.7330  val_AUPR_ag=0.3923  val_P@5_ab=1.0000  val_P@5_ag=0.9000  select=0.5626
  Saved checkpoint: checkpoints_old/iPara_balanced_l1_g10_i5_do0.10_dpr0.10_lr0.0002_heads16_fold3.pth  select=0.5626  val_ab=0.7330  val_ag=0.3923  val_all=0.5988
Ep019  LR0=1.69e-04  pw=3.00  aucα=0.300  token_p=0.020  dropE=(0.020,0.080)  smooth=0.010  train_loss=0.3533  train_AUPR_all=0.6458  train_AUPR_ab=0.7398  train_AUPR_ag=0.4973  train_P@5_ab=0.9500  train_P@5_ag=0.8500  val_loss=0.3975  val_AUPR_all=0.6085  val_AUPR_ab=0.7315  val_AUPR_ag=0.4123  val_P@5_ab=1.0000  val_P@5_ag=1.0000  select=0.5719
  Saved checkpoint: checkpoints_old/iPara_balanced_l1_g10_i5_do0.10_dpr0.10_lr0.0002_heads16_fold3.pth  select=0.5719  val_ab=0.7315  val_ag=0.4123  val_all=0.6085
Ep020  LR0=1.66e-04  pw=2.77  aucα=0.300  token_p=0.020  dropE=(0.020,0.080)  smooth=0.010  train_loss=0.3385  train_AUPR_all=0.6503  train_AUPR_ab=0.7405  train_AUPR_ag=0.5097  train_P@5_ab=1.0000  train_P@5_ag=0.9500  val_loss=0.3934  val_AUPR_all=0.5981  val_AUPR_ab=0.7430  val_AUPR_ag=0.3833  val_P@5_ab=1.0000  val_P@5_ag=0.7500  select=0.5631
Ep021  LR0=1.62e-04  pw=2.56  aucα=0.300  token_p=0.020  dropE=(0.020,0.080)  smooth=0.010  train_loss=0.3249  train_AUPR_all=0.6582  train_AUPR_ab=0.7467  train_AUPR_ag=0.5203  train_P@5_ab=0.9500  train_P@5_ag=1.0000  val_loss=0.3781  val_AUPR_all=0.6089  val_AUPR_ab=0.7451  val_AUPR_ag=0.3949  val_P@5_ab=1.0000  val_P@5_ag=1.0000  select=0.5700
Ep022  LR0=1.59e-04  pw=2.38  aucα=0.300  token_p=0.020  dropE=(0.020,0.080)  smooth=0.010  train_loss=0.3032  train_AUPR_all=0.6760  train_AUPR_ab=0.7575  train_AUPR_ag=0.5519  train_P@5_ab=0.9000  train_P@5_ag=0.9500  val_loss=0.3653  val_AUPR_all=0.6025  val_AUPR_ab=0.7409  val_AUPR_ag=0.3925  val_P@5_ab=1.0000  val_P@5_ag=0.9500  select=0.5667
Ep023  LR0=1.55e-04  pw=2.21  aucα=0.300  token_p=0.020  dropE=(0.020,0.080)  smooth=0.010  train_loss=0.2895  train_AUPR_all=0.6842  train_AUPR_ab=0.7631  train_AUPR_ag=0.5641  train_P@5_ab=1.0000  train_P@5_ag=0.9500  val_loss=0.3678  val_AUPR_all=0.5995  val_AUPR_ab=0.7365  val_AUPR_ag=0.4094  val_P@5_ab=1.0000  val_P@5_ag=1.0000  select=0.5729
  Saved checkpoint: checkpoints_old/iPara_balanced_l1_g10_i5_do0.10_dpr0.10_lr0.0002_heads16_fold3.pth  select=0.5729  val_ab=0.7365  val_ag=0.4094  val_all=0.5995
Ep024  LR0=1.51e-04  pw=2.07  aucα=0.300  token_p=0.020  dropE=(0.020,0.080)  smooth=0.010  train_loss=0.2794  train_AUPR_all=0.6880  train_AUPR_ab=0.7628  train_AUPR_ag=0.5752  train_P@5_ab=0.9500  train_P@5_ag=1.0000  val_loss=0.3561  val_AUPR_all=0.6050  val_AUPR_ab=0.7495  val_AUPR_ag=0.3930  val_P@5_ab=1.0000  val_P@5_ag=1.0000  select=0.5713
Ep025  LR0=1.48e-04  pw=1.95  aucα=0.300  token_p=0.020  dropE=(0.020,0.080)  smooth=0.010  train_loss=0.2656  train_AUPR_all=0.7029  train_AUPR_ab=0.7769  train_AUPR_ag=0.5911  train_P@5_ab=1.0000  train_P@5_ag=1.0000  val_loss=0.3491  val_AUPR_all=0.6006  val_AUPR_ab=0.7450  val_AUPR_ag=0.3964  val_P@5_ab=1.0000  val_P@5_ag=0.9500  select=0.5707
Ep026  LR0=1.44e-04  pw=1.83  aucα=0.300  token_p=0.020  dropE=(0.020,0.080)  smooth=0.010  train_loss=0.2555  train_AUPR_all=0.7079  train_AUPR_ab=0.7795  train_AUPR_ag=0.6000  train_P@5_ab=0.9500  train_P@5_ag=0.9500  val_loss=0.3607  val_AUPR_all=0.6014  val_AUPR_ab=0.7460  val_AUPR_ag=0.3883  val_P@5_ab=1.0000  val_P@5_ag=0.9000  select=0.5671
Ep027  LR0=1.39e-04  pw=1.74  aucα=0.300  token_p=0.020  dropE=(0.020,0.080)  smooth=0.010  train_loss=0.2458  train_AUPR_all=0.7176  train_AUPR_ab=0.7811  train_AUPR_ag=0.6246  train_P@5_ab=0.9500  train_P@5_ag=0.9000  val_loss=0.3490  val_AUPR_all=0.5963  val_AUPR_ab=0.7457  val_AUPR_ag=0.3898  val_P@5_ab=1.0000  val_P@5_ag=1.0000  select=0.5677
Ep028  LR0=1.35e-04  pw=1.65  aucα=0.300  token_p=0.020  dropE=(0.020,0.080)  smooth=0.010  train_loss=0.2330  train_AUPR_all=0.7311  train_AUPR_ab=0.7954  train_AUPR_ag=0.6352  train_P@5_ab=0.9500  train_P@5_ag=0.9500  val_loss=0.3261  val_AUPR_all=0.6216  val_AUPR_ab=0.7641  val_AUPR_ag=0.4015  val_P@5_ab=0.9500  val_P@5_ag=1.0000  select=0.5828
  Saved checkpoint: checkpoints_old/iPara_balanced_l1_g10_i5_do0.10_dpr0.10_lr0.0002_heads16_fold3.pth  select=0.5828  val_ab=0.7641  val_ag=0.4015  val_all=0.6216
Ep029  LR0=1.31e-04  pw=1.57  aucα=0.300  token_p=0.020  dropE=(0.020,0.080)  smooth=0.010  train_loss=0.2212  train_AUPR_all=0.7468  train_AUPR_ab=0.8025  train_AUPR_ag=0.6658  train_P@5_ab=1.0000  train_P@5_ag=0.9500  val_loss=0.3417  val_AUPR_all=0.5965  val_AUPR_ab=0.7443  val_AUPR_ag=0.3886  val_P@5_ab=1.0000  val_P@5_ag=0.9000  select=0.5664
Ep030  LR0=1.27e-04  pw=1.51  aucα=0.300  token_p=0.020  dropE=(0.020,0.080)  smooth=0.010  train_loss=0.2158  train_AUPR_all=0.7523  train_AUPR_ab=0.8057  train_AUPR_ag=0.6756  train_P@5_ab=1.0000  train_P@5_ag=0.9500  val_loss=0.3267  val_AUPR_all=0.6098  val_AUPR_ab=0.7553  val_AUPR_ag=0.4054  val_P@5_ab=1.0000  val_P@5_ag=1.0000  select=0.5803
Ep031  LR0=1.22e-04  pw=1.45  aucα=0.300  token_p=0.020  dropE=(0.020,0.080)  smooth=0.010  train_loss=0.2095  train_AUPR_all=0.7583  train_AUPR_ab=0.8118  train_AUPR_ag=0.6809  train_P@5_ab=1.0000  train_P@5_ag=1.0000  val_loss=0.3274  val_AUPR_all=0.6133  val_AUPR_ab=0.7577  val_AUPR_ag=0.4083  val_P@5_ab=1.0000  val_P@5_ag=0.9000  select=0.5830
  Saved checkpoint: checkpoints_old/iPara_balanced_l1_g10_i5_do0.10_dpr0.10_lr0.0002_heads16_fold3.pth  select=0.5830  val_ab=0.7577  val_ag=0.4083  val_all=0.6133
Ep032  LR0=1.18e-04  pw=1.39  aucα=0.300  token_p=0.020  dropE=(0.020,0.080)  smooth=0.010  train_loss=0.1972  train_AUPR_all=0.7736  train_AUPR_ab=0.8194  train_AUPR_ag=0.7082  train_P@5_ab=0.9500  train_P@5_ag=1.0000  val_loss=0.3304  val_AUPR_all=0.6017  val_AUPR_ab=0.7552  val_AUPR_ag=0.3944  val_P@5_ab=0.9500  val_P@5_ag=0.9000  select=0.5748
Ep033  LR0=1.14e-04  pw=1.35  aucα=0.300  token_p=0.020  dropE=(0.020,0.080)  smooth=0.010  train_loss=0.1938  train_AUPR_all=0.7775  train_AUPR_ab=0.8196  train_AUPR_ag=0.7181  train_P@5_ab=1.0000  train_P@5_ag=0.9500  val_loss=0.3239  val_AUPR_all=0.5900  val_AUPR_ab=0.7476  val_AUPR_ag=0.3677  val_P@5_ab=0.9000  val_P@5_ag=0.8000  select=0.5576
Ep034  LR0=1.09e-04  pw=1.31  aucα=0.300  token_p=0.020  dropE=(0.020,0.080)  smooth=0.010  train_loss=0.1870  train_AUPR_all=0.7855  train_AUPR_ab=0.8274  train_AUPR_ag=0.7263  train_P@5_ab=1.0000  train_P@5_ag=0.9500  val_loss=0.3177  val_AUPR_all=0.6046  val_AUPR_ab=0.7477  val_AUPR_ag=0.3988  val_P@5_ab=1.0000  val_P@5_ag=0.9500  select=0.5732
Ep035  LR0=1.05e-04  pw=1.27  aucα=0.300  token_p=0.020  dropE=(0.020,0.080)  smooth=0.010  train_loss=0.1768  train_AUPR_all=0.7997  train_AUPR_ab=0.8381  train_AUPR_ag=0.7456  train_P@5_ab=0.9500  train_P@5_ag=0.9500  val_loss=0.3212  val_AUPR_all=0.6068  val_AUPR_ab=0.7545  val_AUPR_ag=0.3976  val_P@5_ab=1.0000  val_P@5_ag=0.9500  select=0.5760
Ep036  LR0=1.00e-04  pw=1.24  aucα=0.300  token_p=0.020  dropE=(0.020,0.080)  smooth=0.010  train_loss=0.1737  train_AUPR_all=0.8033  train_AUPR_ab=0.8407  train_AUPR_ag=0.7506  train_P@5_ab=0.9500  train_P@5_ag=1.0000  val_loss=0.3250  val_AUPR_all=0.5921  val_AUPR_ab=0.7522  val_AUPR_ag=0.3868  val_P@5_ab=1.0000  val_P@5_ag=0.9000  select=0.5695
Ep037  LR0=9.58e-05  pw=1.21  aucα=0.300  token_p=0.020  dropE=(0.020,0.080)  smooth=0.010  train_loss=0.1705  train_AUPR_all=0.8066  train_AUPR_ab=0.8445  train_AUPR_ag=0.7531  train_P@5_ab=1.0000  train_P@5_ag=1.0000  val_loss=0.3139  val_AUPR_all=0.6092  val_AUPR_ab=0.7608  val_AUPR_ag=0.4090  val_P@5_ab=0.9500  val_P@5_ag=0.9500  select=0.5849
  Saved checkpoint: checkpoints_old/iPara_balanced_l1_g10_i5_do0.10_dpr0.10_lr0.0002_heads16_fold3.pth  select=0.5849  val_ab=0.7608  val_ag=0.4090  val_all=0.6092
Ep038  LR0=9.13e-05  pw=1.19  aucα=0.300  token_p=0.020  dropE=(0.020,0.080)  smooth=0.010  train_loss=0.1640  train_AUPR_all=0.8176  train_AUPR_ab=0.8530  train_AUPR_ag=0.7679  train_P@5_ab=1.0000  train_P@5_ag=1.0000  val_loss=0.3151  val_AUPR_all=0.6074  val_AUPR_ab=0.7600  val_AUPR_ag=0.3980  val_P@5_ab=1.0000  val_P@5_ag=0.9000  select=0.5790
Ep039  LR0=8.69e-05  pw=1.16  aucα=0.300  token_p=0.020  dropE=(0.020,0.080)  smooth=0.010  train_loss=0.1564  train_AUPR_all=0.8287  train_AUPR_ab=0.8618  train_AUPR_ag=0.7820  train_P@5_ab=1.0000  train_P@5_ag=1.0000  val_loss=0.3209  val_AUPR_all=0.5968  val_AUPR_ab=0.7510  val_AUPR_ag=0.3724  val_P@5_ab=1.0000  val_P@5_ag=0.8000  select=0.5617
Ep040  LR0=8.24e-05  pw=1.15  aucα=0.300  token_p=0.020  dropE=(0.020,0.080)  smooth=0.010  train_loss=0.1534  train_AUPR_all=0.8327  train_AUPR_ab=0.8641  train_AUPR_ag=0.7887  train_P@5_ab=1.0000  train_P@5_ag=1.0000  val_loss=0.3294  val_AUPR_all=0.5814  val_AUPR_ab=0.7562  val_AUPR_ag=0.3552  val_P@5_ab=1.0000  val_P@5_ag=0.6000  select=0.5557
Ep041  LR0=7.81e-05  pw=1.13  aucα=0.300  token_p=0.020  dropE=(0.020,0.080)  smooth=0.010  train_loss=0.1524  train_AUPR_all=0.8316  train_AUPR_ab=0.8626  train_AUPR_ag=0.7881  train_P@5_ab=1.0000  train_P@5_ag=1.0000  val_loss=0.3265  val_AUPR_all=0.5972  val_AUPR_ab=0.7494  val_AUPR_ag=0.3848  val_P@5_ab=1.0000  val_P@5_ag=0.8000  select=0.5671
Ep042  LR0=7.37e-05  pw=1.11  aucα=0.300  token_p=0.020  dropE=(0.020,0.080)  smooth=0.010  train_loss=0.1439  train_AUPR_all=0.8476  train_AUPR_ab=0.8734  train_AUPR_ag=0.8117  train_P@5_ab=1.0000  train_P@5_ag=1.0000  val_loss=0.3270  val_AUPR_all=0.5867  val_AUPR_ab=0.7498  val_AUPR_ag=0.3742  val_P@5_ab=1.0000  val_P@5_ag=0.7500  select=0.5620
Ep043  LR0=6.94e-05  pw=1.10  aucα=0.300  token_p=0.020  dropE=(0.020,0.080)  smooth=0.010  train_loss=0.1440  train_AUPR_all=0.8444  train_AUPR_ab=0.8730  train_AUPR_ag=0.8040  train_P@5_ab=1.0000  train_P@5_ag=0.9500  val_loss=0.3267  val_AUPR_all=0.5981  val_AUPR_ab=0.7457  val_AUPR_ag=0.3891  val_P@5_ab=0.9000  val_P@5_ag=0.8500  select=0.5674
Ep044  LR0=6.52e-05  pw=1.09  aucα=0.300  token_p=0.020  dropE=(0.020,0.080)  smooth=0.010  train_loss=0.1400  train_AUPR_all=0.8521  train_AUPR_ab=0.8788  train_AUPR_ag=0.8150  train_P@5_ab=1.0000  train_P@5_ag=1.0000  val_loss=0.3296  val_AUPR_all=0.5983  val_AUPR_ab=0.7573  val_AUPR_ag=0.3792  val_P@5_ab=1.0000  val_P@5_ag=0.6000  select=0.5682
Ep045  LR0=6.10e-05  pw=1.08  aucα=0.300  token_p=0.020  dropE=(0.020,0.080)  smooth=0.010  train_loss=0.1335  train_AUPR_all=0.8622  train_AUPR_ab=0.8882  train_AUPR_ag=0.8254  train_P@5_ab=1.0000  train_P@5_ag=1.0000  val_loss=0.3181  val_AUPR_all=0.6014  val_AUPR_ab=0.7568  val_AUPR_ag=0.3666  val_P@5_ab=1.0000  val_P@5_ag=0.6000  select=0.5617
Ep046  LR0=5.70e-05  pw=1.07  aucα=0.300  token_p=0.020  dropE=(0.020,0.080)  smooth=0.010  train_loss=0.1332  train_AUPR_all=0.8623  train_AUPR_ab=0.8878  train_AUPR_ag=0.8266  train_P@5_ab=0.9500  train_P@5_ag=1.0000  val_loss=0.3269  val_AUPR_all=0.5911  val_AUPR_ab=0.7488  val_AUPR_ag=0.3764  val_P@5_ab=1.0000  val_P@5_ag=0.7500  select=0.5626
Ep047  LR0=5.30e-05  pw=1.06  aucα=0.300  token_p=0.020  dropE=(0.020,0.080)  smooth=0.010  train_loss=0.1296  train_AUPR_all=0.8688  train_AUPR_ab=0.8945  train_AUPR_ag=0.8328  train_P@5_ab=1.0000  train_P@5_ag=1.0000  val_loss=0.3303  val_AUPR_all=0.5927  val_AUPR_ab=0.7536  val_AUPR_ag=0.3713  val_P@5_ab=1.0000  val_P@5_ag=0.5000  select=0.5625
Ep048  LR0=4.91e-05  pw=1.05  aucα=0.300  token_p=0.020  dropE=(0.020,0.080)  smooth=0.010  train_loss=0.1268  train_AUPR_all=0.8724  train_AUPR_ab=0.8954  train_AUPR_ag=0.8404  train_P@5_ab=1.0000  train_P@5_ag=1.0000  val_loss=0.3204  val_AUPR_all=0.5996  val_AUPR_ab=0.7526  val_AUPR_ag=0.3801  val_P@5_ab=1.0000  val_P@5_ag=0.5500  select=0.5664
Ep049  LR0=4.53e-05  pw=1.05  aucα=0.300  token_p=0.020  dropE=(0.020,0.080)  smooth=0.010  train_loss=0.1253  train_AUPR_all=0.8750  train_AUPR_ab=0.8994  train_AUPR_ag=0.8406  train_P@5_ab=1.0000  train_P@5_ag=1.0000  val_loss=0.3355  val_AUPR_all=0.5829  val_AUPR_ab=0.7418  val_AUPR_ag=0.3730  val_P@5_ab=0.9000  val_P@5_ag=0.5500  select=0.5574
Ep050  LR0=4.16e-05  pw=1.04  aucα=0.300  token_p=0.020  dropE=(0.020,0.080)  smooth=0.010  train_loss=0.1221  train_AUPR_all=0.8800  train_AUPR_ab=0.9021  train_AUPR_ag=0.8491  train_P@5_ab=1.0000  train_P@5_ag=1.0000  val_loss=0.3247  val_AUPR_all=0.5968  val_AUPR_ab=0.7576  val_AUPR_ag=0.3754  val_P@5_ab=0.9500  val_P@5_ag=0.5500  select=0.5665
Ep051  LR0=3.81e-05  pw=1.04  aucα=0.300  token_p=0.020  dropE=(0.020,0.080)  smooth=0.010  train_loss=0.1188  train_AUPR_all=0.8860  train_AUPR_ab=0.9088  train_AUPR_ag=0.8535  train_P@5_ab=1.0000  train_P@5_ag=1.0000  val_loss=0.3291  val_AUPR_all=0.5979  val_AUPR_ab=0.7561  val_AUPR_ag=0.3716  val_P@5_ab=1.0000  val_P@5_ag=0.7000  select=0.5639
Ep052  LR0=3.46e-05  pw=1.03  aucα=0.300  token_p=0.020  dropE=(0.020,0.080)  smooth=0.010  train_loss=0.1198  train_AUPR_all=0.8835  train_AUPR_ab=0.9079  train_AUPR_ag=0.8491  train_P@5_ab=1.0000  train_P@5_ag=1.0000  val_loss=0.3217  val_AUPR_all=0.5973  val_AUPR_ab=0.7534  val_AUPR_ag=0.3768  val_P@5_ab=1.0000  val_P@5_ag=0.5000  select=0.5651
Ep053  LR0=3.13e-05  pw=1.03  aucα=0.300  token_p=0.020  dropE=(0.020,0.080)  smooth=0.010  train_loss=0.1143  train_AUPR_all=0.8920  train_AUPR_ab=0.9150  train_AUPR_ag=0.8592  train_P@5_ab=1.0000  train_P@5_ag=1.0000  val_loss=0.3345  val_AUPR_all=0.5934  val_AUPR_ab=0.7558  val_AUPR_ag=0.3641  val_P@5_ab=1.0000  val_P@5_ag=0.5500  select=0.5600
Ep054  LR0=2.82e-05  pw=1.03  aucα=0.300  token_p=0.020  dropE=(0.020,0.080)  smooth=0.010  train_loss=0.1112  train_AUPR_all=0.8986  train_AUPR_ab=0.9191  train_AUPR_ag=0.8697  train_P@5_ab=1.0000  train_P@5_ag=1.0000  val_loss=0.3333  val_AUPR_all=0.5854  val_AUPR_ab=0.7425  val_AUPR_ag=0.3708  val_P@5_ab=0.9000  val_P@5_ag=0.6000  select=0.5567
Ep055  LR0=2.51e-05  pw=1.02  aucα=0.300  token_p=0.020  dropE=(0.020,0.080)  smooth=0.010  train_loss=0.1101  train_AUPR_all=0.8986  train_AUPR_ab=0.9199  train_AUPR_ag=0.8683  train_P@5_ab=1.0000  train_P@5_ag=1.0000  val_loss=0.3344  val_AUPR_all=0.5931  val_AUPR_ab=0.7505  val_AUPR_ag=0.3770  val_P@5_ab=0.9000  val_P@5_ag=0.4500  select=0.5637
Ep056  LR0=2.23e-05  pw=1.02  aucα=0.300  token_p=0.020  dropE=(0.020,0.080)  smooth=0.010  train_loss=0.1113  train_AUPR_all=0.8966  train_AUPR_ab=0.9166  train_AUPR_ag=0.8682  train_P@5_ab=1.0000  train_P@5_ag=1.0000  val_loss=0.3308  val_AUPR_all=0.5898  val_AUPR_ab=0.7464  val_AUPR_ag=0.3730  val_P@5_ab=0.9000  val_P@5_ag=0.5000  select=0.5597
Ep057  LR0=1.96e-05  pw=1.02  aucα=0.300  token_p=0.020  dropE=(0.020,0.080)  smooth=0.010  train_loss=0.1126  train_AUPR_all=0.8945  train_AUPR_ab=0.9154  train_AUPR_ag=0.8649  train_P@5_ab=1.0000  train_P@5_ag=1.0000  val_loss=0.3319  val_AUPR_all=0.5895  val_AUPR_ab=0.7488  val_AUPR_ag=0.3696  val_P@5_ab=0.8500  val_P@5_ag=0.2500  select=0.5592
Early stopping at epoch 57. Best select=0.5849 at epoch 37.
Final saved checkpoint for fold 3: checkpoints_old/iPara_balanced_l1_g10_i5_do0.10_dpr0.10_lr0.0002_heads16_fold3.pth
Best select=0.5849 at epoch 37

==========================================================================================
Fold 4/5
==========================================================================================
Train labels: valid=398858, pos=26560, neg=372298, ignore=700342, pos_frac=0.06659
Val labels: valid=101334, pos=6670, neg=94664, ignore=172266, pos_frac=0.06582
Initializing ClassificationModel with 10 GAT layers and residual connections...
Initializing MCModel with 10 GAT layers and 5 row attention layers (drop_path_rate=0.1)
Initializing CoreModel with 1 layers, drop_path_rate=0.1
Ep001  LR0=2.00e-04  pw=20.00  aucα=0.000  token_p=0.020  dropE=(0.020,0.080)  smooth=0.010  train_loss=1.4970  train_AUPR_all=0.1208  train_AUPR_ab=0.1206  train_AUPR_ag=0.1254  train_P@5_ab=0.0000  train_P@5_ag=0.0500  val_loss=1.5553  val_AUPR_all=0.2361  val_AUPR_ab=0.2743  val_AUPR_ag=0.2243  val_P@5_ab=0.4500  val_P@5_ag=0.9000  select=0.2493
  Saved checkpoint: checkpoints_old/iPara_balanced_l1_g10_i5_do0.10_dpr0.10_lr0.0002_heads16_fold4.pth  select=0.2493  val_ab=0.2743  val_ag=0.2243  val_all=0.2361
Ep002  LR0=2.00e-04  pw=17.77  aucα=0.000  token_p=0.020  dropE=(0.020,0.080)  smooth=0.010  train_loss=1.0249  train_AUPR_all=0.2092  train_AUPR_ab=0.2476  train_AUPR_ag=0.1684  train_P@5_ab=0.3000  train_P@5_ag=0.8000  val_loss=1.2675  val_AUPR_all=0.3126  val_AUPR_ab=0.3533  val_AUPR_ag=0.2678  val_P@5_ab=0.3500  val_P@5_ag=0.9000  select=0.3106
  Saved checkpoint: checkpoints_old/iPara_balanced_l1_g10_i5_do0.10_dpr0.10_lr0.0002_heads16_fold4.pth  select=0.3106  val_ab=0.3533  val_ag=0.2678  val_all=0.3126
Ep003  LR0=2.00e-04  pw=15.80  aucα=0.000  token_p=0.020  dropE=(0.020,0.080)  smooth=0.010  train_loss=0.8148  train_AUPR_all=0.3225  train_AUPR_ab=0.3724  train_AUPR_ag=0.2444  train_P@5_ab=0.6500  train_P@5_ag=0.9500  val_loss=1.0377  val_AUPR_all=0.4040  val_AUPR_ab=0.4605  val_AUPR_ag=0.2940  val_P@5_ab=0.5000  val_P@5_ag=0.8500  select=0.3773
  Saved checkpoint: checkpoints_old/iPara_balanced_l1_g10_i5_do0.10_dpr0.10_lr0.0002_heads16_fold4.pth  select=0.3773  val_ab=0.4605  val_ag=0.2940  val_all=0.4040
Ep004  LR0=1.99e-04  pw=14.06  aucα=0.000  token_p=0.020  dropE=(0.020,0.080)  smooth=0.010  train_loss=0.7129  train_AUPR_all=0.4003  train_AUPR_ab=0.4812  train_AUPR_ag=0.2661  train_P@5_ab=0.6500  train_P@5_ag=0.9500  val_loss=0.8848  val_AUPR_all=0.4595  val_AUPR_ab=0.5495  val_AUPR_ag=0.3126  val_P@5_ab=0.9500  val_P@5_ag=0.9500  select=0.4311
  Saved checkpoint: checkpoints_old/iPara_balanced_l1_g10_i5_do0.10_dpr0.10_lr0.0002_heads16_fold4.pth  select=0.4311  val_ab=0.5495  val_ag=0.3126  val_all=0.4595
Unfreezing DyM parameters.
Ep005  LR0=1.98e-04  pw=12.52  aucα=0.000  token_p=0.020  dropE=(0.020,0.080)  smooth=0.010  train_loss=0.6329  train_AUPR_all=0.4345  train_AUPR_ab=0.5136  train_AUPR_ag=0.2963  train_P@5_ab=0.6500  train_P@5_ag=0.8500  val_loss=0.8540  val_AUPR_all=0.4879  val_AUPR_ab=0.6069  val_AUPR_ag=0.3201  val_P@5_ab=0.9000  val_P@5_ag=0.9500  select=0.4635
  Saved checkpoint: checkpoints_old/iPara_balanced_l1_g10_i5_do0.10_dpr0.10_lr0.0002_heads16_fold4.pth  select=0.4635  val_ab=0.6069  val_ag=0.3201  val_all=0.4879
Ep006  LR0=1.97e-04  pw=11.17  aucα=0.000  token_p=0.020  dropE=(0.020,0.080)  smooth=0.010  train_loss=0.5802  train_AUPR_all=0.4630  train_AUPR_ab=0.5491  train_AUPR_ag=0.3181  train_P@5_ab=0.8000  train_P@5_ag=0.6500  val_loss=0.7594  val_AUPR_all=0.5183  val_AUPR_ab=0.6299  val_AUPR_ag=0.3363  val_P@5_ab=0.8500  val_P@5_ag=0.9000  select=0.4831
  Saved checkpoint: checkpoints_old/iPara_balanced_l1_g10_i5_do0.10_dpr0.10_lr0.0002_heads16_fold4.pth  select=0.4831  val_ab=0.6299  val_ag=0.3363  val_all=0.5183
Ep007  LR0=1.96e-04  pw=9.97  aucα=0.000  token_p=0.020  dropE=(0.020,0.080)  smooth=0.010  train_loss=0.5348  train_AUPR_all=0.4917  train_AUPR_ab=0.5863  train_AUPR_ag=0.3303  train_P@5_ab=0.8000  train_P@5_ag=0.9000  val_loss=0.7192  val_AUPR_all=0.5208  val_AUPR_ab=0.6268  val_AUPR_ag=0.3558  val_P@5_ab=0.9500  val_P@5_ag=0.9000  select=0.4913
  Saved checkpoint: checkpoints_old/iPara_balanced_l1_g10_i5_do0.10_dpr0.10_lr0.0002_heads16_fold4.pth  select=0.4913  val_ab=0.6268  val_ag=0.3558  val_all=0.5208
Ep008  LR0=1.95e-04  pw=8.92  aucα=0.000  token_p=0.020  dropE=(0.020,0.080)  smooth=0.010  train_loss=0.5033  train_AUPR_all=0.4921  train_AUPR_ab=0.5830  train_AUPR_ag=0.3349  train_P@5_ab=0.7500  train_P@5_ag=0.9500  val_loss=0.7197  val_AUPR_all=0.5248  val_AUPR_ab=0.6301  val_AUPR_ag=0.3556  val_P@5_ab=0.7000  val_P@5_ag=0.9000  select=0.4929
  Saved checkpoint: checkpoints_old/iPara_balanced_l1_g10_i5_do0.10_dpr0.10_lr0.0002_heads16_fold4.pth  select=0.4929  val_ab=0.6301  val_ag=0.3556  val_all=0.5248
Ep009  LR0=1.94e-04  pw=7.99  aucα=0.000  token_p=0.020  dropE=(0.020,0.080)  smooth=0.010  train_loss=0.4599  train_AUPR_all=0.5163  train_AUPR_ab=0.6004  train_AUPR_ag=0.3688  train_P@5_ab=0.8000  train_P@5_ag=0.9500  val_loss=0.6908  val_AUPR_all=0.5317  val_AUPR_ab=0.6399  val_AUPR_ag=0.3532  val_P@5_ab=0.8500  val_P@5_ag=0.8500  select=0.4966
  Saved checkpoint: checkpoints_old/iPara_balanced_l1_g10_i5_do0.10_dpr0.10_lr0.0002_heads16_fold4.pth  select=0.4966  val_ab=0.6399  val_ag=0.3532  val_all=0.5317
Ep010  LR0=1.92e-04  pw=7.17  aucα=0.030  token_p=0.020  dropE=(0.020,0.080)  smooth=0.010  train_loss=0.4514  train_AUPR_all=0.5264  train_AUPR_ab=0.6224  train_AUPR_ag=0.3602  train_P@5_ab=0.8000  train_P@5_ag=0.9000  val_loss=0.6105  val_AUPR_all=0.5604  val_AUPR_ab=0.6784  val_AUPR_ag=0.3604  val_P@5_ab=0.9500  val_P@5_ag=0.9500  select=0.5194
  Saved checkpoint: checkpoints_old/iPara_balanced_l1_g10_i5_do0.10_dpr0.10_lr0.0002_heads16_fold4.pth  select=0.5194  val_ab=0.6784  val_ag=0.3604  val_all=0.5604
Ep011  LR0=1.90e-04  pw=6.44  aucα=0.060  token_p=0.020  dropE=(0.020,0.080)  smooth=0.010  train_loss=0.4357  train_AUPR_all=0.5477  train_AUPR_ab=0.6399  train_AUPR_ag=0.3880  train_P@5_ab=0.7000  train_P@5_ag=0.8000  val_loss=0.5794  val_AUPR_all=0.5613  val_AUPR_ab=0.6800  val_AUPR_ag=0.3660  val_P@5_ab=0.9000  val_P@5_ag=0.8500  select=0.5230
  Saved checkpoint: checkpoints_old/iPara_balanced_l1_g10_i5_do0.10_dpr0.10_lr0.0002_heads16_fold4.pth  select=0.5230  val_ab=0.6800  val_ag=0.3660  val_all=0.5613
Ep012  LR0=1.88e-04  pw=5.80  aucα=0.090  token_p=0.020  dropE=(0.020,0.080)  smooth=0.010  train_loss=0.4235  train_AUPR_all=0.5560  train_AUPR_ab=0.6479  train_AUPR_ag=0.3964  train_P@5_ab=0.8500  train_P@5_ag=1.0000  val_loss=0.5534  val_AUPR_all=0.5783  val_AUPR_ab=0.7020  val_AUPR_ag=0.3760  val_P@5_ab=0.9500  val_P@5_ag=0.9000  select=0.5390
  Saved checkpoint: checkpoints_old/iPara_balanced_l1_g10_i5_do0.10_dpr0.10_lr0.0002_heads16_fold4.pth  select=0.5390  val_ab=0.7020  val_ag=0.3760  val_all=0.5783
Ep013  LR0=1.86e-04  pw=5.24  aucα=0.120  token_p=0.020  dropE=(0.020,0.080)  smooth=0.010  train_loss=0.4153  train_AUPR_all=0.5622  train_AUPR_ab=0.6566  train_AUPR_ag=0.4015  train_P@5_ab=0.7500  train_P@5_ag=0.9500  val_loss=0.5707  val_AUPR_all=0.5592  val_AUPR_ab=0.6954  val_AUPR_ag=0.3390  val_P@5_ab=0.9500  val_P@5_ag=0.9000  select=0.5172
Ep014  LR0=1.83e-04  pw=4.74  aucα=0.150  token_p=0.020  dropE=(0.020,0.080)  smooth=0.010  train_loss=0.4038  train_AUPR_all=0.5774  train_AUPR_ab=0.6689  train_AUPR_ag=0.4210  train_P@5_ab=0.9000  train_P@5_ag=0.9500  val_loss=0.5040  val_AUPR_all=0.5751  val_AUPR_ab=0.7039  val_AUPR_ag=0.3745  val_P@5_ab=1.0000  val_P@5_ag=0.8500  select=0.5392
  Saved checkpoint: checkpoints_old/iPara_balanced_l1_g10_i5_do0.10_dpr0.10_lr0.0002_heads16_fold4.pth  select=0.5392  val_ab=0.7039  val_ag=0.3745  val_all=0.5751
Ep015  LR0=1.81e-04  pw=4.30  aucα=0.180  token_p=0.020  dropE=(0.020,0.080)  smooth=0.010  train_loss=0.3954  train_AUPR_all=0.5873  train_AUPR_ab=0.6857  train_AUPR_ag=0.4230  train_P@5_ab=0.9500  train_P@5_ag=1.0000  val_loss=0.4852  val_AUPR_all=0.5857  val_AUPR_ab=0.7247  val_AUPR_ag=0.3730  val_P@5_ab=1.0000  val_P@5_ag=0.8500  select=0.5488
  Saved checkpoint: checkpoints_old/iPara_balanced_l1_g10_i5_do0.10_dpr0.10_lr0.0002_heads16_fold4.pth  select=0.5488  val_ab=0.7247  val_ag=0.3730  val_all=0.5857
Ep016  LR0=1.78e-04  pw=3.91  aucα=0.210  token_p=0.020  dropE=(0.020,0.080)  smooth=0.010  train_loss=0.3883  train_AUPR_all=0.5919  train_AUPR_ab=0.6877  train_AUPR_ag=0.4322  train_P@5_ab=1.0000  train_P@5_ag=0.9500  val_loss=0.4593  val_AUPR_all=0.5917  val_AUPR_ab=0.7223  val_AUPR_ag=0.3813  val_P@5_ab=1.0000  val_P@5_ag=1.0000  select=0.5518
  Saved checkpoint: checkpoints_old/iPara_balanced_l1_g10_i5_do0.10_dpr0.10_lr0.0002_heads16_fold4.pth  select=0.5518  val_ab=0.7223  val_ag=0.3813  val_all=0.5917
Ep017  LR0=1.75e-04  pw=3.57  aucα=0.240  token_p=0.020  dropE=(0.020,0.080)  smooth=0.010  train_loss=0.3813  train_AUPR_all=0.6050  train_AUPR_ab=0.7007  train_AUPR_ag=0.4478  train_P@5_ab=1.0000  train_P@5_ag=0.9500  val_loss=0.4399  val_AUPR_all=0.5889  val_AUPR_ab=0.7307  val_AUPR_ag=0.3650  val_P@5_ab=0.9500  val_P@5_ag=0.8500  select=0.5479
Ep018  LR0=1.72e-04  pw=3.27  aucα=0.270  token_p=0.020  dropE=(0.020,0.080)  smooth=0.010  train_loss=0.3757  train_AUPR_all=0.6157  train_AUPR_ab=0.7106  train_AUPR_ag=0.4613  train_P@5_ab=1.0000  train_P@5_ag=1.0000  val_loss=0.4205  val_AUPR_all=0.6065  val_AUPR_ab=0.7430  val_AUPR_ag=0.3904  val_P@5_ab=1.0000  val_P@5_ag=0.9500  select=0.5667
  Saved checkpoint: checkpoints_old/iPara_balanced_l1_g10_i5_do0.10_dpr0.10_lr0.0002_heads16_fold4.pth  select=0.5667  val_ab=0.7430  val_ag=0.3904  val_all=0.6065
Ep019  LR0=1.69e-04  pw=3.00  aucα=0.300  token_p=0.020  dropE=(0.020,0.080)  smooth=0.010  train_loss=0.3676  train_AUPR_all=0.6272  train_AUPR_ab=0.7228  train_AUPR_ag=0.4726  train_P@5_ab=1.0000  train_P@5_ag=0.9500  val_loss=0.4185  val_AUPR_all=0.5996  val_AUPR_ab=0.7433  val_AUPR_ag=0.3706  val_P@5_ab=1.0000  val_P@5_ag=0.9500  select=0.5570
Ep020  LR0=1.66e-04  pw=2.77  aucα=0.300  token_p=0.020  dropE=(0.020,0.080)  smooth=0.010  train_loss=0.3516  train_AUPR_all=0.6361  train_AUPR_ab=0.7323  train_AUPR_ag=0.4822  train_P@5_ab=0.9000  train_P@5_ag=0.9000  val_loss=0.4029  val_AUPR_all=0.5874  val_AUPR_ab=0.7254  val_AUPR_ag=0.3691  val_P@5_ab=1.0000  val_P@5_ag=0.9000  select=0.5472
Ep021  LR0=1.62e-04  pw=2.56  aucα=0.300  token_p=0.020  dropE=(0.020,0.080)  smooth=0.010  train_loss=0.3350  train_AUPR_all=0.6452  train_AUPR_ab=0.7341  train_AUPR_ag=0.5062  train_P@5_ab=1.0000  train_P@5_ag=0.9000  val_loss=0.3846  val_AUPR_all=0.6054  val_AUPR_ab=0.7549  val_AUPR_ag=0.3682  val_P@5_ab=1.0000  val_P@5_ag=0.7000  select=0.5615
Ep022  LR0=1.59e-04  pw=2.38  aucα=0.300  token_p=0.020  dropE=(0.020,0.080)  smooth=0.010  train_loss=0.3203  train_AUPR_all=0.6518  train_AUPR_ab=0.7398  train_AUPR_ag=0.5146  train_P@5_ab=1.0000  train_P@5_ag=1.0000  val_loss=0.3895  val_AUPR_all=0.5970  val_AUPR_ab=0.7464  val_AUPR_ag=0.3657  val_P@5_ab=1.0000  val_P@5_ag=0.9000  select=0.5560
Ep023  LR0=1.55e-04  pw=2.21  aucα=0.300  token_p=0.020  dropE=(0.020,0.080)  smooth=0.010  train_loss=0.3065  train_AUPR_all=0.6593  train_AUPR_ab=0.7432  train_AUPR_ag=0.5283  train_P@5_ab=0.9500  train_P@5_ag=0.9500  val_loss=0.3602  val_AUPR_all=0.6071  val_AUPR_ab=0.7580  val_AUPR_ag=0.3760  val_P@5_ab=1.0000  val_P@5_ag=0.9500  select=0.5670
  Saved checkpoint: checkpoints_old/iPara_balanced_l1_g10_i5_do0.10_dpr0.10_lr0.0002_heads16_fold4.pth  select=0.5670  val_ab=0.7580  val_ag=0.3760  val_all=0.6071
Ep024  LR0=1.51e-04  pw=2.07  aucα=0.300  token_p=0.020  dropE=(0.020,0.080)  smooth=0.010  train_loss=0.2898  train_AUPR_all=0.6751  train_AUPR_ab=0.7573  train_AUPR_ag=0.5482  train_P@5_ab=1.0000  train_P@5_ag=1.0000  val_loss=0.3682  val_AUPR_all=0.6063  val_AUPR_ab=0.7540  val_AUPR_ag=0.3831  val_P@5_ab=0.9500  val_P@5_ag=0.8500  select=0.5685
  Saved checkpoint: checkpoints_old/iPara_balanced_l1_g10_i5_do0.10_dpr0.10_lr0.0002_heads16_fold4.pth  select=0.5685  val_ab=0.7540  val_ag=0.3831  val_all=0.6063
Ep025  LR0=1.48e-04  pw=1.95  aucα=0.300  token_p=0.020  dropE=(0.020,0.080)  smooth=0.010  train_loss=0.2801  train_AUPR_all=0.6801  train_AUPR_ab=0.7583  train_AUPR_ag=0.5615  train_P@5_ab=1.0000  train_P@5_ag=1.0000  val_loss=0.3600  val_AUPR_all=0.6019  val_AUPR_ab=0.7534  val_AUPR_ag=0.3716  val_P@5_ab=1.0000  val_P@5_ag=0.6500  select=0.5625
Ep026  LR0=1.44e-04  pw=1.83  aucα=0.300  token_p=0.020  dropE=(0.020,0.080)  smooth=0.010  train_loss=0.2665  train_AUPR_all=0.6921  train_AUPR_ab=0.7636  train_AUPR_ag=0.5848  train_P@5_ab=1.0000  train_P@5_ag=0.9500  val_loss=0.3683  val_AUPR_all=0.5950  val_AUPR_ab=0.7606  val_AUPR_ag=0.3497  val_P@5_ab=1.0000  val_P@5_ag=0.8500  select=0.5551
Ep027  LR0=1.39e-04  pw=1.74  aucα=0.300  token_p=0.020  dropE=(0.020,0.080)  smooth=0.010  train_loss=0.2578  train_AUPR_all=0.6999  train_AUPR_ab=0.7677  train_AUPR_ag=0.5982  train_P@5_ab=1.0000  train_P@5_ag=0.9500  val_loss=0.3570  val_AUPR_all=0.6014  val_AUPR_ab=0.7658  val_AUPR_ag=0.3579  val_P@5_ab=1.0000  val_P@5_ag=0.8000  select=0.5618
Ep028  LR0=1.35e-04  pw=1.65  aucα=0.300  token_p=0.020  dropE=(0.020,0.080)  smooth=0.010  train_loss=0.2496  train_AUPR_all=0.7055  train_AUPR_ab=0.7749  train_AUPR_ag=0.6016  train_P@5_ab=1.0000  train_P@5_ag=1.0000  val_loss=0.3389  val_AUPR_all=0.6037  val_AUPR_ab=0.7637  val_AUPR_ag=0.3929  val_P@5_ab=1.0000  val_P@5_ag=1.0000  select=0.5783
  Saved checkpoint: checkpoints_old/iPara_balanced_l1_g10_i5_do0.10_dpr0.10_lr0.0002_heads16_fold4.pth  select=0.5783  val_ab=0.7637  val_ag=0.3929  val_all=0.6037
Ep029  LR0=1.31e-04  pw=1.57  aucα=0.300  token_p=0.020  dropE=(0.020,0.080)  smooth=0.010  train_loss=0.2375  train_AUPR_all=0.7181  train_AUPR_ab=0.7805  train_AUPR_ag=0.6262  train_P@5_ab=0.9500  train_P@5_ag=0.9000  val_loss=0.3467  val_AUPR_all=0.5974  val_AUPR_ab=0.7650  val_AUPR_ag=0.3643  val_P@5_ab=1.0000  val_P@5_ag=0.7500  select=0.5646
Ep030  LR0=1.27e-04  pw=1.51  aucα=0.300  token_p=0.020  dropE=(0.020,0.080)  smooth=0.010  train_loss=0.2272  train_AUPR_all=0.7302  train_AUPR_ab=0.7892  train_AUPR_ag=0.6444  train_P@5_ab=1.0000  train_P@5_ag=1.0000  val_loss=0.3352  val_AUPR_all=0.5979  val_AUPR_ab=0.7684  val_AUPR_ag=0.3644  val_P@5_ab=0.9500  val_P@5_ag=0.9000  select=0.5664
Ep031  LR0=1.22e-04  pw=1.45  aucα=0.300  token_p=0.020  dropE=(0.020,0.080)  smooth=0.010  train_loss=0.2173  train_AUPR_all=0.7452  train_AUPR_ab=0.8027  train_AUPR_ag=0.6615  train_P@5_ab=1.0000  train_P@5_ag=0.8000  val_loss=0.3367  val_AUPR_all=0.6074  val_AUPR_ab=0.7712  val_AUPR_ag=0.3704  val_P@5_ab=0.9000  val_P@5_ag=0.9000  select=0.5708
Ep032  LR0=1.18e-04  pw=1.39  aucα=0.300  token_p=0.020  dropE=(0.020,0.080)  smooth=0.010  train_loss=0.2138  train_AUPR_all=0.7455  train_AUPR_ab=0.7997  train_AUPR_ag=0.6667  train_P@5_ab=1.0000  train_P@5_ag=0.9500  val_loss=0.3448  val_AUPR_all=0.5940  val_AUPR_ab=0.7711  val_AUPR_ag=0.3672  val_P@5_ab=1.0000  val_P@5_ag=0.8000  select=0.5691
Ep033  LR0=1.14e-04  pw=1.35  aucα=0.300  token_p=0.020  dropE=(0.020,0.080)  smooth=0.010  train_loss=0.2084  train_AUPR_all=0.7523  train_AUPR_ab=0.8023  train_AUPR_ag=0.6801  train_P@5_ab=0.9500  train_P@5_ag=0.8500  val_loss=0.3234  val_AUPR_all=0.5909  val_AUPR_ab=0.7573  val_AUPR_ag=0.3795  val_P@5_ab=1.0000  val_P@5_ag=0.9500  select=0.5684
Ep034  LR0=1.09e-04  pw=1.31  aucα=0.300  token_p=0.020  dropE=(0.020,0.080)  smooth=0.010  train_loss=0.2001  train_AUPR_all=0.7619  train_AUPR_ab=0.8078  train_AUPR_ag=0.6963  train_P@5_ab=0.9500  train_P@5_ag=0.9500  val_loss=0.3387  val_AUPR_all=0.5947  val_AUPR_ab=0.7679  val_AUPR_ag=0.3584  val_P@5_ab=1.0000  val_P@5_ag=0.7000  select=0.5632
Ep035  LR0=1.05e-04  pw=1.27  aucα=0.300  token_p=0.020  dropE=(0.020,0.080)  smooth=0.010  train_loss=0.1905  train_AUPR_all=0.7756  train_AUPR_ab=0.8223  train_AUPR_ag=0.7079  train_P@5_ab=1.0000  train_P@5_ag=0.8000  val_loss=0.3297  val_AUPR_all=0.6011  val_AUPR_ab=0.7689  val_AUPR_ag=0.3702  val_P@5_ab=1.0000  val_P@5_ag=0.7500  select=0.5695
Ep036  LR0=1.00e-04  pw=1.24  aucα=0.300  token_p=0.020  dropE=(0.020,0.080)  smooth=0.010  train_loss=0.1862  train_AUPR_all=0.7850  train_AUPR_ab=0.8259  train_AUPR_ag=0.7272  train_P@5_ab=1.0000  train_P@5_ag=1.0000  val_loss=0.3242  val_AUPR_all=0.5896  val_AUPR_ab=0.7624  val_AUPR_ag=0.3777  val_P@5_ab=0.9500  val_P@5_ag=0.9000  select=0.5700
Ep037  LR0=9.58e-05  pw=1.21  aucα=0.300  token_p=0.020  dropE=(0.020,0.080)  smooth=0.010  train_loss=0.1824  train_AUPR_all=0.7886  train_AUPR_ab=0.8263  train_AUPR_ag=0.7361  train_P@5_ab=1.0000  train_P@5_ag=1.0000  val_loss=0.3327  val_AUPR_all=0.5779  val_AUPR_ab=0.7661  val_AUPR_ag=0.3518  val_P@5_ab=0.9500  val_P@5_ag=0.6500  select=0.5589
Ep038  LR0=9.13e-05  pw=1.19  aucα=0.300  token_p=0.020  dropE=(0.020,0.080)  smooth=0.010  train_loss=0.1758  train_AUPR_all=0.7963  train_AUPR_ab=0.8358  train_AUPR_ag=0.7401  train_P@5_ab=1.0000  train_P@5_ag=0.8500  val_loss=0.3231  val_AUPR_all=0.5994  val_AUPR_ab=0.7686  val_AUPR_ag=0.3710  val_P@5_ab=0.9500  val_P@5_ag=0.8000  select=0.5698
Ep039  LR0=8.69e-05  pw=1.16  aucα=0.300  token_p=0.020  dropE=(0.020,0.080)  smooth=0.010  train_loss=0.1711  train_AUPR_all=0.8052  train_AUPR_ab=0.8429  train_AUPR_ag=0.7518  train_P@5_ab=1.0000  train_P@5_ag=1.0000  val_loss=0.3386  val_AUPR_all=0.5913  val_AUPR_ab=0.7708  val_AUPR_ag=0.3646  val_P@5_ab=0.9500  val_P@5_ag=0.5500  select=0.5677
Ep040  LR0=8.24e-05  pw=1.15  aucα=0.300  token_p=0.020  dropE=(0.020,0.080)  smooth=0.010  train_loss=0.1673  train_AUPR_all=0.8100  train_AUPR_ab=0.8430  train_AUPR_ag=0.7640  train_P@5_ab=1.0000  train_P@5_ag=1.0000  val_loss=0.3399  val_AUPR_all=0.5731  val_AUPR_ab=0.7550  val_AUPR_ag=0.3484  val_P@5_ab=0.9500  val_P@5_ag=0.6000  select=0.5517
Ep041  LR0=7.81e-05  pw=1.13  aucα=0.300  token_p=0.020  dropE=(0.020,0.080)  smooth=0.010  train_loss=0.1625  train_AUPR_all=0.8172  train_AUPR_ab=0.8498  train_AUPR_ag=0.7713  train_P@5_ab=1.0000  train_P@5_ag=1.0000  val_loss=0.3225  val_AUPR_all=0.6018  val_AUPR_ab=0.7761  val_AUPR_ag=0.3776  val_P@5_ab=0.9500  val_P@5_ag=0.6500  select=0.5768
Ep042  LR0=7.37e-05  pw=1.11  aucα=0.300  token_p=0.020  dropE=(0.020,0.080)  smooth=0.010  train_loss=0.1589  train_AUPR_all=0.8222  train_AUPR_ab=0.8543  train_AUPR_ag=0.7773  train_P@5_ab=1.0000  train_P@5_ag=1.0000  val_loss=0.3271  val_AUPR_all=0.5940  val_AUPR_ab=0.7713  val_AUPR_ag=0.3594  val_P@5_ab=1.0000  val_P@5_ag=0.6000  select=0.5654
Ep043  LR0=6.94e-05  pw=1.10  aucα=0.300  token_p=0.020  dropE=(0.020,0.080)  smooth=0.010  train_loss=0.1513  train_AUPR_all=0.8342  train_AUPR_ab=0.8651  train_AUPR_ag=0.7902  train_P@5_ab=1.0000  train_P@5_ag=0.9500  val_loss=0.3309  val_AUPR_all=0.5926  val_AUPR_ab=0.7640  val_AUPR_ag=0.3626  val_P@5_ab=0.9500  val_P@5_ag=0.8000  select=0.5633
Ep044  LR0=6.52e-05  pw=1.09  aucα=0.300  token_p=0.020  dropE=(0.020,0.080)  smooth=0.010  train_loss=0.1512  train_AUPR_all=0.8344  train_AUPR_ab=0.8649  train_AUPR_ag=0.7915  train_P@5_ab=1.0000  train_P@5_ag=0.9500  val_loss=0.3383  val_AUPR_all=0.5866  val_AUPR_ab=0.7553  val_AUPR_ag=0.3669  val_P@5_ab=0.9500  val_P@5_ag=0.7000  select=0.5611
Ep045  LR0=6.10e-05  pw=1.08  aucα=0.300  token_p=0.020  dropE=(0.020,0.080)  smooth=0.010  train_loss=0.1469  train_AUPR_all=0.8422  train_AUPR_ab=0.8729  train_AUPR_ag=0.7991  train_P@5_ab=1.0000  train_P@5_ag=1.0000  val_loss=0.3280  val_AUPR_all=0.5865  val_AUPR_ab=0.7615  val_AUPR_ag=0.3551  val_P@5_ab=0.9500  val_P@5_ag=0.7000  select=0.5583
Ep046  LR0=5.70e-05  pw=1.07  aucα=0.300  token_p=0.020  dropE=(0.020,0.080)  smooth=0.010  train_loss=0.1444  train_AUPR_all=0.8459  train_AUPR_ab=0.8745  train_AUPR_ag=0.8057  train_P@5_ab=1.0000  train_P@5_ag=0.9500  val_loss=0.3305  val_AUPR_all=0.5888  val_AUPR_ab=0.7562  val_AUPR_ag=0.3670  val_P@5_ab=0.9000  val_P@5_ag=0.4500  select=0.5616
Ep047  LR0=5.30e-05  pw=1.06  aucα=0.300  token_p=0.020  dropE=(0.020,0.080)  smooth=0.010  train_loss=0.1414  train_AUPR_all=0.8500  train_AUPR_ab=0.8805  train_AUPR_ag=0.8066  train_P@5_ab=1.0000  train_P@5_ag=1.0000  val_loss=0.3219  val_AUPR_all=0.6017  val_AUPR_ab=0.7617  val_AUPR_ag=0.3718  val_P@5_ab=0.9000  val_P@5_ag=0.5500  select=0.5667
Ep048  LR0=4.91e-05  pw=1.05  aucα=0.300  token_p=0.020  dropE=(0.020,0.080)  smooth=0.010  train_loss=0.1384  train_AUPR_all=0.8555  train_AUPR_ab=0.8858  train_AUPR_ag=0.8124  train_P@5_ab=1.0000  train_P@5_ag=0.9500  val_loss=0.3352  val_AUPR_all=0.5806  val_AUPR_ab=0.7572  val_AUPR_ag=0.3618  val_P@5_ab=0.8500  val_P@5_ag=0.6000  select=0.5595
Early stopping at epoch 48. Best select=0.5783 at epoch 28.
Final saved checkpoint for fold 4: checkpoints_old/iPara_balanced_l1_g10_i5_do0.10_dpr0.10_lr0.0002_heads16_fold4.pth
Best select=0.5783 at epoch 28

==========================================================================================
Fold 5/5
==========================================================================================
Train labels: valid=399660, pos=26617, neg=373043, ignore=699540, pos_frac=0.06660
Val labels: valid=100532, pos=6613, neg=93919, ignore=173068, pos_frac=0.06578
Initializing ClassificationModel with 10 GAT layers and residual connections...
Initializing MCModel with 10 GAT layers and 5 row attention layers (drop_path_rate=0.1)
Initializing CoreModel with 1 layers, drop_path_rate=0.1
Ep001  LR0=2.00e-04  pw=20.00  aucα=0.000  token_p=0.020  dropE=(0.020,0.080)  smooth=0.010  train_loss=1.4054  train_AUPR_all=0.1352  train_AUPR_ab=0.1525  train_AUPR_ag=0.1213  train_P@5_ab=0.2500  train_P@5_ag=0.4500  val_loss=1.5885  val_AUPR_all=0.2837  val_AUPR_ab=0.3503  val_AUPR_ag=0.2635  val_P@5_ab=0.5000  val_P@5_ag=1.0000  select=0.3069
  Saved checkpoint: checkpoints_old/iPara_balanced_l1_g10_i5_do0.10_dpr0.10_lr0.0002_heads16_fold5.pth  select=0.3069  val_ab=0.3503  val_ag=0.2635  val_all=0.2837
Ep002  LR0=2.00e-04  pw=17.77  aucα=0.000  token_p=0.020  dropE=(0.020,0.080)  smooth=0.010  train_loss=0.9221  train_AUPR_all=0.2504  train_AUPR_ab=0.3100  train_AUPR_ag=0.1857  train_P@5_ab=0.4000  train_P@5_ag=0.6500  val_loss=1.2416  val_AUPR_all=0.3048  val_AUPR_ab=0.3888  val_AUPR_ag=0.2945  val_P@5_ab=0.4000  val_P@5_ag=0.9500  select=0.3417
  Saved checkpoint: checkpoints_old/iPara_balanced_l1_g10_i5_do0.10_dpr0.10_lr0.0002_heads16_fold5.pth  select=0.3417  val_ab=0.3888  val_ag=0.2945  val_all=0.3048
Ep003  LR0=2.00e-04  pw=15.80  aucα=0.000  token_p=0.020  dropE=(0.020,0.080)  smooth=0.010  train_loss=0.7773  train_AUPR_all=0.3606  train_AUPR_ab=0.4185  train_AUPR_ag=0.2664  train_P@5_ab=0.7000  train_P@5_ag=0.9000  val_loss=0.9493  val_AUPR_all=0.4610  val_AUPR_ab=0.5543  val_AUPR_ag=0.3168  val_P@5_ab=0.7000  val_P@5_ag=0.9500  select=0.4355
  Saved checkpoint: checkpoints_old/iPara_balanced_l1_g10_i5_do0.10_dpr0.10_lr0.0002_heads16_fold5.pth  select=0.4355  val_ab=0.5543  val_ag=0.3168  val_all=0.4610
Ep004  LR0=1.99e-04  pw=14.06  aucα=0.000  token_p=0.020  dropE=(0.020,0.080)  smooth=0.010  train_loss=0.6986  train_AUPR_all=0.4137  train_AUPR_ab=0.4875  train_AUPR_ag=0.2897  train_P@5_ab=0.6500  train_P@5_ag=0.9500  val_loss=0.9022  val_AUPR_all=0.4626  val_AUPR_ab=0.5638  val_AUPR_ag=0.3184  val_P@5_ab=0.7000  val_P@5_ag=0.9500  select=0.4411
  Saved checkpoint: checkpoints_old/iPara_balanced_l1_g10_i5_do0.10_dpr0.10_lr0.0002_heads16_fold5.pth  select=0.4411  val_ab=0.5638  val_ag=0.3184  val_all=0.4626
Unfreezing DyM parameters.
Ep005  LR0=1.98e-04  pw=12.52  aucα=0.000  token_p=0.020  dropE=(0.020,0.080)  smooth=0.010  train_loss=0.6525  train_AUPR_all=0.4316  train_AUPR_ab=0.5173  train_AUPR_ag=0.2876  train_P@5_ab=0.7000  train_P@5_ag=0.5000  val_loss=0.7991  val_AUPR_all=0.5065  val_AUPR_ab=0.6153  val_AUPR_ag=0.3326  val_P@5_ab=0.8000  val_P@5_ag=0.8500  select=0.4739
  Saved checkpoint: checkpoints_old/iPara_balanced_l1_g10_i5_do0.10_dpr0.10_lr0.0002_heads16_fold5.pth  select=0.4739  val_ab=0.6153  val_ag=0.3326  val_all=0.5065
Ep006  LR0=1.97e-04  pw=11.17  aucα=0.000  token_p=0.020  dropE=(0.020,0.080)  smooth=0.010  train_loss=0.5783  train_AUPR_all=0.4694  train_AUPR_ab=0.5488  train_AUPR_ag=0.3387  train_P@5_ab=0.9500  train_P@5_ag=0.9000  val_loss=0.7578  val_AUPR_all=0.5106  val_AUPR_ab=0.6234  val_AUPR_ag=0.3377  val_P@5_ab=0.8500  val_P@5_ag=0.9000  select=0.4805
  Saved checkpoint: checkpoints_old/iPara_balanced_l1_g10_i5_do0.10_dpr0.10_lr0.0002_heads16_fold5.pth  select=0.4805  val_ab=0.6234  val_ag=0.3377  val_all=0.5106
Ep007  LR0=1.96e-04  pw=9.97  aucα=0.000  token_p=0.020  dropE=(0.020,0.080)  smooth=0.010  train_loss=0.5320  train_AUPR_all=0.4902  train_AUPR_ab=0.5752  train_AUPR_ag=0.3428  train_P@5_ab=0.8000  train_P@5_ag=0.9500  val_loss=0.7276  val_AUPR_all=0.5302  val_AUPR_ab=0.6582  val_AUPR_ag=0.3375  val_P@5_ab=1.0000  val_P@5_ag=0.9500  select=0.4978
  Saved checkpoint: checkpoints_old/iPara_balanced_l1_g10_i5_do0.10_dpr0.10_lr0.0002_heads16_fold5.pth  select=0.4978  val_ab=0.6582  val_ag=0.3375  val_all=0.5302
Ep008  LR0=1.95e-04  pw=8.92  aucα=0.000  token_p=0.020  dropE=(0.020,0.080)  smooth=0.010  train_loss=0.5033  train_AUPR_all=0.5000  train_AUPR_ab=0.5856  train_AUPR_ag=0.3474  train_P@5_ab=0.8000  train_P@5_ag=0.8000  val_loss=0.6667  val_AUPR_all=0.5379  val_AUPR_ab=0.6537  val_AUPR_ag=0.3458  val_P@5_ab=0.8500  val_P@5_ag=0.9000  select=0.4997
  Saved checkpoint: checkpoints_old/iPara_balanced_l1_g10_i5_do0.10_dpr0.10_lr0.0002_heads16_fold5.pth  select=0.4997  val_ab=0.6537  val_ag=0.3458  val_all=0.5379
Ep009  LR0=1.94e-04  pw=7.99  aucα=0.000  token_p=0.020  dropE=(0.020,0.080)  smooth=0.010  train_loss=0.4633  train_AUPR_all=0.5212  train_AUPR_ab=0.6089  train_AUPR_ag=0.3647  train_P@5_ab=0.8000  train_P@5_ag=0.9500  val_loss=0.6708  val_AUPR_all=0.5413  val_AUPR_ab=0.6596  val_AUPR_ag=0.3498  val_P@5_ab=1.0000  val_P@5_ag=1.0000  select=0.5047
  Saved checkpoint: checkpoints_old/iPara_balanced_l1_g10_i5_do0.10_dpr0.10_lr0.0002_heads16_fold5.pth  select=0.5047  val_ab=0.6596  val_ag=0.3498  val_all=0.5413
Ep010  LR0=1.92e-04  pw=7.17  aucα=0.030  token_p=0.020  dropE=(0.020,0.080)  smooth=0.010  train_loss=0.4475  train_AUPR_all=0.5359  train_AUPR_ab=0.6242  train_AUPR_ag=0.3777  train_P@5_ab=0.7500  train_P@5_ag=0.9500  val_loss=0.6038  val_AUPR_all=0.5415  val_AUPR_ab=0.6672  val_AUPR_ag=0.3459  val_P@5_ab=0.7000  val_P@5_ag=0.9000  select=0.5066
  Saved checkpoint: checkpoints_old/iPara_balanced_l1_g10_i5_do0.10_dpr0.10_lr0.0002_heads16_fold5.pth  select=0.5066  val_ab=0.6672  val_ag=0.3459  val_all=0.5415
Ep011  LR0=1.90e-04  pw=6.44  aucα=0.060  token_p=0.020  dropE=(0.020,0.080)  smooth=0.010  train_loss=0.4375  train_AUPR_all=0.5496  train_AUPR_ab=0.6405  train_AUPR_ag=0.3892  train_P@5_ab=0.8000  train_P@5_ag=0.8500  val_loss=0.5623  val_AUPR_all=0.5704  val_AUPR_ab=0.6957  val_AUPR_ag=0.3740  val_P@5_ab=1.0000  val_P@5_ag=1.0000  select=0.5348
  Saved checkpoint: checkpoints_old/iPara_balanced_l1_g10_i5_do0.10_dpr0.10_lr0.0002_heads16_fold5.pth  select=0.5348  val_ab=0.6957  val_ag=0.3740  val_all=0.5704
Ep012  LR0=1.88e-04  pw=5.80  aucα=0.090  token_p=0.020  dropE=(0.020,0.080)  smooth=0.010  train_loss=0.4223  train_AUPR_all=0.5592  train_AUPR_ab=0.6540  train_AUPR_ag=0.3940  train_P@5_ab=0.9500  train_P@5_ag=0.8500  val_loss=0.5538  val_AUPR_all=0.5774  val_AUPR_ab=0.7140  val_AUPR_ag=0.3566  val_P@5_ab=0.9500  val_P@5_ag=0.9000  select=0.5353
  Saved checkpoint: checkpoints_old/iPara_balanced_l1_g10_i5_do0.10_dpr0.10_lr0.0002_heads16_fold5.pth  select=0.5353  val_ab=0.7140  val_ag=0.3566  val_all=0.5774
Ep013  LR0=1.86e-04  pw=5.24  aucα=0.120  token_p=0.020  dropE=(0.020,0.080)  smooth=0.010  train_loss=0.4125  train_AUPR_all=0.5716  train_AUPR_ab=0.6692  train_AUPR_ag=0.4075  train_P@5_ab=0.9500  train_P@5_ag=0.9000  val_loss=0.5065  val_AUPR_all=0.5870  val_AUPR_ab=0.7188  val_AUPR_ag=0.3765  val_P@5_ab=0.9500  val_P@5_ag=0.9500  select=0.5477
  Saved checkpoint: checkpoints_old/iPara_balanced_l1_g10_i5_do0.10_dpr0.10_lr0.0002_heads16_fold5.pth  select=0.5477  val_ab=0.7188  val_ag=0.3765  val_all=0.5870
Ep014  LR0=1.83e-04  pw=4.74  aucα=0.150  token_p=0.020  dropE=(0.020,0.080)  smooth=0.010  train_loss=0.4012  train_AUPR_all=0.5822  train_AUPR_ab=0.6750  train_AUPR_ag=0.4256  train_P@5_ab=0.9000  train_P@5_ag=0.9500  val_loss=0.5040  val_AUPR_all=0.5730  val_AUPR_ab=0.7214  val_AUPR_ag=0.3494  val_P@5_ab=1.0000  val_P@5_ag=0.9000  select=0.5354
Ep015  LR0=1.81e-04  pw=4.30  aucα=0.180  token_p=0.020  dropE=(0.020,0.080)  smooth=0.010  train_loss=0.3947  train_AUPR_all=0.5891  train_AUPR_ab=0.6865  train_AUPR_ag=0.4244  train_P@5_ab=0.9000  train_P@5_ag=0.9000  val_loss=0.4755  val_AUPR_all=0.5817  val_AUPR_ab=0.7259  val_AUPR_ag=0.3596  val_P@5_ab=0.9000  val_P@5_ag=0.9000  select=0.5428
Ep016  LR0=1.78e-04  pw=3.91  aucα=0.210  token_p=0.020  dropE=(0.020,0.080)  smooth=0.010  train_loss=0.3872  train_AUPR_all=0.5998  train_AUPR_ab=0.6983  train_AUPR_ag=0.4370  train_P@5_ab=1.0000  train_P@5_ag=1.0000  val_loss=0.4606  val_AUPR_all=0.5844  val_AUPR_ab=0.7393  val_AUPR_ag=0.3482  val_P@5_ab=1.0000  val_P@5_ag=0.9500  select=0.5437
Ep017  LR0=1.75e-04  pw=3.57  aucα=0.240  token_p=0.020  dropE=(0.020,0.080)  smooth=0.010  train_loss=0.3773  train_AUPR_all=0.6106  train_AUPR_ab=0.7078  train_AUPR_ag=0.4517  train_P@5_ab=0.9000  train_P@5_ag=0.9500  val_loss=0.4441  val_AUPR_all=0.5857  val_AUPR_ab=0.7332  val_AUPR_ag=0.3590  val_P@5_ab=0.9500  val_P@5_ag=0.9500  select=0.5461
Ep018  LR0=1.72e-04  pw=3.27  aucα=0.270  token_p=0.020  dropE=(0.020,0.080)  smooth=0.010  train_loss=0.3712  train_AUPR_all=0.6167  train_AUPR_ab=0.7069  train_AUPR_ag=0.4686  train_P@5_ab=0.9500  train_P@5_ag=0.8500  val_loss=0.4288  val_AUPR_all=0.5943  val_AUPR_ab=0.7518  val_AUPR_ag=0.3516  val_P@5_ab=1.0000  val_P@5_ag=0.9500  select=0.5517
  Saved checkpoint: checkpoints_old/iPara_balanced_l1_g10_i5_do0.10_dpr0.10_lr0.0002_heads16_fold5.pth  select=0.5517  val_ab=0.7518  val_ag=0.3516  val_all=0.5943
Ep019  LR0=1.69e-04  pw=3.00  aucα=0.300  token_p=0.020  dropE=(0.020,0.080)  smooth=0.010  train_loss=0.3639  train_AUPR_all=0.6307  train_AUPR_ab=0.7224  train_AUPR_ag=0.4818  train_P@5_ab=0.9000  train_P@5_ag=1.0000  val_loss=0.4023  val_AUPR_all=0.5997  val_AUPR_ab=0.7477  val_AUPR_ag=0.3630  val_P@5_ab=1.0000  val_P@5_ag=0.9000  select=0.5553
  Saved checkpoint: checkpoints_old/iPara_balanced_l1_g10_i5_do0.10_dpr0.10_lr0.0002_heads16_fold5.pth  select=0.5553  val_ab=0.7477  val_ag=0.3630  val_all=0.5997
Ep020  LR0=1.66e-04  pw=2.77  aucα=0.300  token_p=0.020  dropE=(0.020,0.080)  smooth=0.010  train_loss=0.3488  train_AUPR_all=0.6351  train_AUPR_ab=0.7246  train_AUPR_ag=0.4913  train_P@5_ab=0.9500  train_P@5_ag=1.0000  val_loss=0.4042  val_AUPR_all=0.5962  val_AUPR_ab=0.7585  val_AUPR_ag=0.3438  val_P@5_ab=1.0000  val_P@5_ag=1.0000  select=0.5511
Ep021  LR0=1.62e-04  pw=2.56  aucα=0.300  token_p=0.020  dropE=(0.020,0.080)  smooth=0.010  train_loss=0.3309  train_AUPR_all=0.6488  train_AUPR_ab=0.7386  train_AUPR_ag=0.5063  train_P@5_ab=1.0000  train_P@5_ag=1.0000  val_loss=0.3870  val_AUPR_all=0.6045  val_AUPR_ab=0.7578  val_AUPR_ag=0.3668  val_P@5_ab=1.0000  val_P@5_ag=0.9500  select=0.5623
  Saved checkpoint: checkpoints_old/iPara_balanced_l1_g10_i5_do0.10_dpr0.10_lr0.0002_heads16_fold5.pth  select=0.5623  val_ab=0.7578  val_ag=0.3668  val_all=0.6045
Ep022  LR0=1.59e-04  pw=2.38  aucα=0.300  token_p=0.020  dropE=(0.020,0.080)  smooth=0.010  train_loss=0.3178  train_AUPR_all=0.6541  train_AUPR_ab=0.7383  train_AUPR_ag=0.5214  train_P@5_ab=1.0000  train_P@5_ag=1.0000  val_loss=0.3700  val_AUPR_all=0.6056  val_AUPR_ab=0.7576  val_AUPR_ag=0.3667  val_P@5_ab=1.0000  val_P@5_ag=1.0000  select=0.5621
Ep023  LR0=1.55e-04  pw=2.21  aucα=0.300  token_p=0.020  dropE=(0.020,0.080)  smooth=0.010  train_loss=0.3030  train_AUPR_all=0.6649  train_AUPR_ab=0.7495  train_AUPR_ag=0.5334  train_P@5_ab=1.0000  train_P@5_ag=0.8000  val_loss=0.3780  val_AUPR_all=0.5991  val_AUPR_ab=0.7639  val_AUPR_ag=0.3505  val_P@5_ab=1.0000  val_P@5_ag=0.9500  select=0.5572
Ep024  LR0=1.51e-04  pw=2.07  aucα=0.300  token_p=0.020  dropE=(0.020,0.080)  smooth=0.010  train_loss=0.2929  train_AUPR_all=0.6703  train_AUPR_ab=0.7512  train_AUPR_ag=0.5459  train_P@5_ab=0.9500  train_P@5_ag=1.0000  val_loss=0.3533  val_AUPR_all=0.6118  val_AUPR_ab=0.7663  val_AUPR_ag=0.3729  val_P@5_ab=1.0000  val_P@5_ag=0.9000  select=0.5696
  Saved checkpoint: checkpoints_old/iPara_balanced_l1_g10_i5_do0.10_dpr0.10_lr0.0002_heads16_fold5.pth  select=0.5696  val_ab=0.7663  val_ag=0.3729  val_all=0.6118
Ep025  LR0=1.48e-04  pw=1.95  aucα=0.300  token_p=0.020  dropE=(0.020,0.080)  smooth=0.010  train_loss=0.2773  train_AUPR_all=0.6827  train_AUPR_ab=0.7589  train_AUPR_ag=0.5657  train_P@5_ab=1.0000  train_P@5_ag=0.9000  val_loss=0.3721  val_AUPR_all=0.5907  val_AUPR_ab=0.7662  val_AUPR_ag=0.3566  val_P@5_ab=1.0000  val_P@5_ag=0.9000  select=0.5614
Ep026  LR0=1.44e-04  pw=1.83  aucα=0.300  token_p=0.020  dropE=(0.020,0.080)  smooth=0.010  train_loss=0.2640  train_AUPR_all=0.6962  train_AUPR_ab=0.7666  train_AUPR_ag=0.5894  train_P@5_ab=0.9500  train_P@5_ag=0.9000  val_loss=0.3623  val_AUPR_all=0.5964  val_AUPR_ab=0.7701  val_AUPR_ag=0.3414  val_P@5_ab=1.0000  val_P@5_ag=0.9000  select=0.5558
Ep027  LR0=1.39e-04  pw=1.74  aucα=0.300  token_p=0.020  dropE=(0.020,0.080)  smooth=0.010  train_loss=0.2557  train_AUPR_all=0.7018  train_AUPR_ab=0.7702  train_AUPR_ag=0.5984  train_P@5_ab=1.0000  train_P@5_ag=1.0000  val_loss=0.3410  val_AUPR_all=0.6035  val_AUPR_ab=0.7693  val_AUPR_ag=0.3649  val_P@5_ab=1.0000  val_P@5_ag=0.9500  select=0.5671
Ep028  LR0=1.35e-04  pw=1.65  aucα=0.300  token_p=0.020  dropE=(0.020,0.080)  smooth=0.010  train_loss=0.2452  train_AUPR_all=0.7149  train_AUPR_ab=0.7800  train_AUPR_ag=0.6184  train_P@5_ab=0.9500  train_P@5_ag=1.0000  val_loss=0.3311  val_AUPR_all=0.6075  val_AUPR_ab=0.7656  val_AUPR_ag=0.3694  val_P@5_ab=1.0000  val_P@5_ag=1.0000  select=0.5675
Ep029  LR0=1.31e-04  pw=1.57  aucα=0.300  token_p=0.020  dropE=(0.020,0.080)  smooth=0.010  train_loss=0.2379  train_AUPR_all=0.7191  train_AUPR_ab=0.7797  train_AUPR_ag=0.6296  train_P@5_ab=1.0000  train_P@5_ag=0.9000  val_loss=0.3335  val_AUPR_all=0.6008  val_AUPR_ab=0.7612  val_AUPR_ag=0.3584  val_P@5_ab=1.0000  val_P@5_ag=0.9500  select=0.5598
Ep030  LR0=1.27e-04  pw=1.51  aucα=0.300  token_p=0.020  dropE=(0.020,0.080)  smooth=0.010  train_loss=0.2288  train_AUPR_all=0.7295  train_AUPR_ab=0.7875  train_AUPR_ag=0.6449  train_P@5_ab=1.0000  train_P@5_ag=1.0000  val_loss=0.3456  val_AUPR_all=0.5900  val_AUPR_ab=0.7574  val_AUPR_ag=0.3558  val_P@5_ab=1.0000  val_P@5_ag=1.0000  select=0.5566
Ep031  LR0=1.22e-04  pw=1.45  aucα=0.300  token_p=0.020  dropE=(0.020,0.080)  smooth=0.010  train_loss=0.2203  train_AUPR_all=0.7402  train_AUPR_ab=0.7930  train_AUPR_ag=0.6640  train_P@5_ab=1.0000  train_P@5_ag=0.9500  val_loss=0.3387  val_AUPR_all=0.5927  val_AUPR_ab=0.7607  val_AUPR_ag=0.3650  val_P@5_ab=0.9500  val_P@5_ag=0.8500  select=0.5629
Ep032  LR0=1.18e-04  pw=1.39  aucα=0.300  token_p=0.020  dropE=(0.020,0.080)  smooth=0.010  train_loss=0.2093  train_AUPR_all=0.7529  train_AUPR_ab=0.8044  train_AUPR_ag=0.6782  train_P@5_ab=1.0000  train_P@5_ag=1.0000  val_loss=0.3123  val_AUPR_all=0.6038  val_AUPR_ab=0.7605  val_AUPR_ag=0.3794  val_P@5_ab=1.0000  val_P@5_ag=1.0000  select=0.5699
  Saved checkpoint: checkpoints_old/iPara_balanced_l1_g10_i5_do0.10_dpr0.10_lr0.0002_heads16_fold5.pth  select=0.5699  val_ab=0.7605  val_ag=0.3794  val_all=0.6038
Ep033  LR0=1.14e-04  pw=1.35  aucα=0.300  token_p=0.020  dropE=(0.020,0.080)  smooth=0.010  train_loss=0.2012  train_AUPR_all=0.7622  train_AUPR_ab=0.8084  train_AUPR_ag=0.6957  train_P@5_ab=1.0000  train_P@5_ag=0.9000  val_loss=0.3276  val_AUPR_all=0.5974  val_AUPR_ab=0.7615  val_AUPR_ag=0.3893  val_P@5_ab=1.0000  val_P@5_ag=0.9500  select=0.5754
  Saved checkpoint: checkpoints_old/iPara_balanced_l1_g10_i5_do0.10_dpr0.10_lr0.0002_heads16_fold5.pth  select=0.5754  val_ab=0.7615  val_ag=0.3893  val_all=0.5974
Ep034  LR0=1.09e-04  pw=1.31  aucα=0.300  token_p=0.020  dropE=(0.020,0.080)  smooth=0.010  train_loss=0.1961  train_AUPR_all=0.7709  train_AUPR_ab=0.8121  train_AUPR_ag=0.7130  train_P@5_ab=1.0000  train_P@5_ag=0.9500  val_loss=0.3294  val_AUPR_all=0.5871  val_AUPR_ab=0.7603  val_AUPR_ag=0.3866  val_P@5_ab=1.0000  val_P@5_ag=0.9500  select=0.5735
Ep035  LR0=1.05e-04  pw=1.27  aucα=0.300  token_p=0.020  dropE=(0.020,0.080)  smooth=0.010  train_loss=0.1894  train_AUPR_all=0.7810  train_AUPR_ab=0.8222  train_AUPR_ag=0.7227  train_P@5_ab=1.0000  train_P@5_ag=1.0000  val_loss=0.3404  val_AUPR_all=0.5902  val_AUPR_ab=0.7672  val_AUPR_ag=0.3547  val_P@5_ab=0.9000  val_P@5_ag=0.9000  select=0.5609
Ep036  LR0=1.00e-04  pw=1.24  aucα=0.300  token_p=0.020  dropE=(0.020,0.080)  smooth=0.010  train_loss=0.1804  train_AUPR_all=0.7942  train_AUPR_ab=0.8321  train_AUPR_ag=0.7407  train_P@5_ab=1.0000  train_P@5_ag=1.0000  val_loss=0.3203  val_AUPR_all=0.5881  val_AUPR_ab=0.7462  val_AUPR_ag=0.3758  val_P@5_ab=0.9000  val_P@5_ag=0.9000  select=0.5610
Ep037  LR0=9.58e-05  pw=1.21  aucα=0.300  token_p=0.020  dropE=(0.020,0.080)  smooth=0.010  train_loss=0.1770  train_AUPR_all=0.7969  train_AUPR_ab=0.8329  train_AUPR_ag=0.7465  train_P@5_ab=1.0000  train_P@5_ag=1.0000  val_loss=0.3260  val_AUPR_all=0.5839  val_AUPR_ab=0.7676  val_AUPR_ag=0.3761  val_P@5_ab=0.9000  val_P@5_ag=1.0000  select=0.5718
Ep038  LR0=9.13e-05  pw=1.19  aucα=0.300  token_p=0.020  dropE=(0.020,0.080)  smooth=0.010  train_loss=0.1737  train_AUPR_all=0.8010  train_AUPR_ab=0.8363  train_AUPR_ag=0.7518  train_P@5_ab=0.9500  train_P@5_ag=0.9500  val_loss=0.3204  val_AUPR_all=0.5975  val_AUPR_ab=0.7636  val_AUPR_ag=0.3848  val_P@5_ab=1.0000  val_P@5_ag=1.0000  select=0.5742
Ep039  LR0=8.69e-05  pw=1.16  aucα=0.300  token_p=0.020  dropE=(0.020,0.080)  smooth=0.010  train_loss=0.1678  train_AUPR_all=0.8104  train_AUPR_ab=0.8440  train_AUPR_ag=0.7636  train_P@5_ab=1.0000  train_P@5_ag=1.0000  val_loss=0.3248  val_AUPR_all=0.5951  val_AUPR_ab=0.7615  val_AUPR_ag=0.3787  val_P@5_ab=0.9000  val_P@5_ag=0.9500  select=0.5701
Ep040  LR0=8.24e-05  pw=1.15  aucα=0.300  token_p=0.020  dropE=(0.020,0.080)  smooth=0.010  train_loss=0.1621  train_AUPR_all=0.8177  train_AUPR_ab=0.8474  train_AUPR_ag=0.7764  train_P@5_ab=0.9500  train_P@5_ag=1.0000  val_loss=0.3217  val_AUPR_all=0.5950  val_AUPR_ab=0.7623  val_AUPR_ag=0.3785  val_P@5_ab=0.9000  val_P@5_ag=0.9000  select=0.5704
Ep041  LR0=7.81e-05  pw=1.13  aucα=0.300  token_p=0.020  dropE=(0.020,0.080)  smooth=0.010  train_loss=0.1575  train_AUPR_all=0.8265  train_AUPR_ab=0.8578  train_AUPR_ag=0.7826  train_P@5_ab=1.0000  train_P@5_ag=1.0000  val_loss=0.3243  val_AUPR_all=0.5931  val_AUPR_ab=0.7490  val_AUPR_ag=0.3736  val_P@5_ab=0.9000  val_P@5_ag=0.9500  select=0.5613
Ep042  LR0=7.37e-05  pw=1.11  aucα=0.300  token_p=0.020  dropE=(0.020,0.080)  smooth=0.010  train_loss=0.1539  train_AUPR_all=0.8311  train_AUPR_ab=0.8594  train_AUPR_ag=0.7919  train_P@5_ab=1.0000  train_P@5_ag=1.0000  val_loss=0.3135  val_AUPR_all=0.5985  val_AUPR_ab=0.7604  val_AUPR_ag=0.3770  val_P@5_ab=0.8000  val_P@5_ag=0.8000  select=0.5687
Ep043  LR0=6.94e-05  pw=1.10  aucα=0.300  token_p=0.020  dropE=(0.020,0.080)  smooth=0.010  train_loss=0.1522  train_AUPR_all=0.8321  train_AUPR_ab=0.8599  train_AUPR_ag=0.7936  train_P@5_ab=1.0000  train_P@5_ag=1.0000  val_loss=0.3194  val_AUPR_all=0.5852  val_AUPR_ab=0.7560  val_AUPR_ag=0.3796  val_P@5_ab=0.8000  val_P@5_ag=0.8500  select=0.5678
Ep044  LR0=6.52e-05  pw=1.09  aucα=0.300  token_p=0.020  dropE=(0.020,0.080)  smooth=0.010  train_loss=0.1439  train_AUPR_all=0.8472  train_AUPR_ab=0.8742  train_AUPR_ag=0.8097  train_P@5_ab=1.0000  train_P@5_ag=1.0000  val_loss=0.3229  val_AUPR_all=0.5930  val_AUPR_ab=0.7697  val_AUPR_ag=0.3545  val_P@5_ab=0.9000  val_P@5_ag=0.4000  select=0.5621
Ep045  LR0=6.10e-05  pw=1.08  aucα=0.300  token_p=0.020  dropE=(0.020,0.080)  smooth=0.010  train_loss=0.1428  train_AUPR_all=0.8486  train_AUPR_ab=0.8766  train_AUPR_ag=0.8094  train_P@5_ab=1.0000  train_P@5_ag=1.0000  val_loss=0.3249  val_AUPR_all=0.5857  val_AUPR_ab=0.7586  val_AUPR_ag=0.3704  val_P@5_ab=0.9000  val_P@5_ag=0.6500  select=0.5645
Ep046  LR0=5.70e-05  pw=1.07  aucα=0.300  token_p=0.020  dropE=(0.020,0.080)  smooth=0.010  train_loss=0.1421  train_AUPR_all=0.8494  train_AUPR_ab=0.8773  train_AUPR_ag=0.8103  train_P@5_ab=1.0000  train_P@5_ag=1.0000  val_loss=0.3248  val_AUPR_all=0.5825  val_AUPR_ab=0.7580  val_AUPR_ag=0.3665  val_P@5_ab=0.9000  val_P@5_ag=0.3500  select=0.5622
Ep047  LR0=5.30e-05  pw=1.06  aucα=0.300  token_p=0.020  dropE=(0.020,0.080)  smooth=0.010  train_loss=0.1369  train_AUPR_all=0.8575  train_AUPR_ab=0.8812  train_AUPR_ag=0.8248  train_P@5_ab=1.0000  train_P@5_ag=1.0000  val_loss=0.3318  val_AUPR_all=0.5779  val_AUPR_ab=0.7573  val_AUPR_ag=0.3560  val_P@5_ab=0.8500  val_P@5_ag=0.5000  select=0.5566
Ep048  LR0=4.91e-05  pw=1.05  aucα=0.300  token_p=0.020  dropE=(0.020,0.080)  smooth=0.010  train_loss=0.1343  train_AUPR_all=0.8603  train_AUPR_ab=0.8864  train_AUPR_ag=0.8238  train_P@5_ab=1.0000  train_P@5_ag=1.0000  val_loss=0.3252  val_AUPR_all=0.5781  val_AUPR_ab=0.7634  val_AUPR_ag=0.3611  val_P@5_ab=0.8500  val_P@5_ag=0.5000  select=0.5622
Ep049  LR0=4.53e-05  pw=1.05  aucα=0.300  token_p=0.020  dropE=(0.020,0.080)  smooth=0.010  train_loss=0.1310  train_AUPR_all=0.8666  train_AUPR_ab=0.8907  train_AUPR_ag=0.8327  train_P@5_ab=1.0000  train_P@5_ag=1.0000  val_loss=0.3249  val_AUPR_all=0.5881  val_AUPR_ab=0.7626  val_AUPR_ag=0.3671  val_P@5_ab=0.9000  val_P@5_ag=0.5000  select=0.5648
Ep050  LR0=4.16e-05  pw=1.04  aucα=0.300  token_p=0.020  dropE=(0.020,0.080)  smooth=0.010  train_loss=0.1269  train_AUPR_all=0.8730  train_AUPR_ab=0.8957  train_AUPR_ag=0.8413  train_P@5_ab=1.0000  train_P@5_ag=0.9500  val_loss=0.3251  val_AUPR_all=0.5875  val_AUPR_ab=0.7562  val_AUPR_ag=0.3734  val_P@5_ab=0.9000  val_P@5_ag=0.7500  select=0.5648
Ep051  LR0=3.81e-05  pw=1.04  aucα=0.300  token_p=0.020  dropE=(0.020,0.080)  smooth=0.010  train_loss=0.1250  train_AUPR_all=0.8768  train_AUPR_ab=0.9009  train_AUPR_ag=0.8429  train_P@5_ab=1.0000  train_P@5_ag=1.0000  val_loss=0.3247  val_AUPR_all=0.5849  val_AUPR_ab=0.7611  val_AUPR_ag=0.3593  val_P@5_ab=0.9000  val_P@5_ag=0.4500  select=0.5602
Ep052  LR0=3.46e-05  pw=1.03  aucα=0.300  token_p=0.020  dropE=(0.020,0.080)  smooth=0.010  train_loss=0.1235  train_AUPR_all=0.8780  train_AUPR_ab=0.9001  train_AUPR_ag=0.8471  train_P@5_ab=1.0000  train_P@5_ag=1.0000  val_loss=0.3294  val_AUPR_all=0.5822  val_AUPR_ab=0.7507  val_AUPR_ag=0.3639  val_P@5_ab=0.9000  val_P@5_ag=0.5500  select=0.5573
Ep053  LR0=3.13e-05  pw=1.03  aucα=0.300  token_p=0.020  dropE=(0.020,0.080)  smooth=0.010  train_loss=0.1227  train_AUPR_all=0.8787  train_AUPR_ab=0.9010  train_AUPR_ag=0.8476  train_P@5_ab=1.0000  train_P@5_ag=1.0000  val_loss=0.3325  val_AUPR_all=0.5848  val_AUPR_ab=0.7564  val_AUPR_ag=0.3644  val_P@5_ab=0.9000  val_P@5_ag=0.7000  select=0.5604
Early stopping at epoch 53. Best select=0.5754 at epoch 33.
Final saved checkpoint for fold 5: checkpoints_old/iPara_balanced_l1_g10_i5_do0.10_dpr0.10_lr0.0002_heads16_fold5.pth
Best select=0.5754 at epoch 33
