Device: cuda
Visible GPUs: 1
GPU 0: NVIDIA RTX PRO 6000 Blackwell Server Edition
Config:
  sequence_file: para_tv_esmsequences_1600.npz
  data_file: para_tv_esminterfaces_1600.npz
  edge_file: para_tv_esmedges_1600.npz
  seq_len: 1600
  vocab_size: 31
  num_classes: 2
  pad_id: 1
  eoc_id: 24
  embed_dim: 256
  num_heads: 16
  num_layers: 1
  num_gnn_layers: 6
  num_int_layers: 5
  dropout: 0.1
  drop_path_rate: 0.1
  batch_size: 4
  num_epochs: 60
  warmup_epochs: 15
  min_stop_epoch: 45
  early_stop: 20
  learning_rate: 0.0002
  weight_decay: 0.0001
  max_grad_norm: 0.5
  accum_steps: 1
  amp: True
  weight_start: 20.0
  weight_end: 1.0
  weight_anneal_tau: 8.0
  dropedge_min: 0.05
  dropedge_max: 0.12
  token_drop_p: 0.03
  smooth_lambda: 0.01
  aucpr_alpha: 0.3
  aucpr_ramp_start: 10
  aucpr_ramp_len: 10
  aucpr_bins: 64
  aucpr_temp: 0.05
  antibody_loss_weight: 1.0
  antigen_loss_weight: 1.0
  n_splits: 5
  num_workers: 0
  select_ab_weight: 0.5
  select_ag_weight: 0.5
Dataset size: 858

==========================================================================================
Fold 1/5
==========================================================================================
Train labels: valid=399467, pos=26433, neg=373034, ignore=698133, pos_frac=0.06617
Val labels: valid=100725, pos=6797, neg=93928, ignore=174475, pos_frac=0.06748
Initializing ClassificationModel with 6 GAT layers and residual connections...
Initializing MCModel with 6 GAT layers and 5 row attention layers (drop_path_rate=0.1)
Initializing CoreModel with 1 layers, drop_path_rate=0.1
Ep001  LR0=2.00e-04  pw=20.00  aucα=0.000  token_p=0.030  dropE=(0.050,0.120)  smooth=0.010  train_loss=1.1206  train_AUPR_all=0.2351  train_AUPR_ab=0.2754  train_AUPR_ag=0.1795  train_P@5_ab=0.5500  train_P@5_ag=0.7000  val_loss=1.1597  val_AUPR_all=0.4279  val_AUPR_ab=0.5402  val_AUPR_ag=0.2708  val_P@5_ab=0.6500  val_P@5_ag=0.7000  select=0.4055
  Saved checkpoint: checkpoints_old/iPara_balanced_l1_g6_i5_do0.10_dpr0.10_lr0.0002_heads16_fold1.pth  select=0.4055  val_ab=0.5402  val_ag=0.2708  val_all=0.4279
Ep002  LR0=2.00e-04  pw=17.77  aucα=0.000  token_p=0.030  dropE=(0.050,0.120)  smooth=0.010  train_loss=0.7772  train_AUPR_all=0.3989  train_AUPR_ab=0.4723  train_AUPR_ag=0.2699  train_P@5_ab=0.7500  train_P@5_ag=0.9000  val_loss=1.0967  val_AUPR_all=0.4645  val_AUPR_ab=0.5971  val_AUPR_ag=0.2628  val_P@5_ab=0.8500  val_P@5_ag=0.7500  select=0.4299
  Saved checkpoint: checkpoints_old/iPara_balanced_l1_g6_i5_do0.10_dpr0.10_lr0.0002_heads16_fold1.pth  select=0.4299  val_ab=0.5971  val_ag=0.2628  val_all=0.4645
Ep003  LR0=1.99e-04  pw=15.80  aucα=0.000  token_p=0.030  dropE=(0.050,0.120)  smooth=0.010  train_loss=0.6962  train_AUPR_all=0.4505  train_AUPR_ab=0.5312  train_AUPR_ag=0.3048  train_P@5_ab=0.9000  train_P@5_ag=0.9500  val_loss=0.9744  val_AUPR_all=0.5032  val_AUPR_ab=0.6080  val_AUPR_ag=0.3258  val_P@5_ab=0.6500  val_P@5_ag=1.0000  select=0.4669
  Saved checkpoint: checkpoints_old/iPara_balanced_l1_g6_i5_do0.10_dpr0.10_lr0.0002_heads16_fold1.pth  select=0.4669  val_ab=0.6080  val_ag=0.3258  val_all=0.5032
Ep004  LR0=1.99e-04  pw=14.06  aucα=0.000  token_p=0.030  dropE=(0.050,0.120)  smooth=0.010  train_loss=0.6427  train_AUPR_all=0.4729  train_AUPR_ab=0.5611  train_AUPR_ag=0.3143  train_P@5_ab=0.7000  train_P@5_ag=0.8500  val_loss=0.8612  val_AUPR_all=0.5068  val_AUPR_ab=0.6259  val_AUPR_ag=0.3438  val_P@5_ab=0.7500  val_P@5_ag=1.0000  select=0.4849
  Saved checkpoint: checkpoints_old/iPara_balanced_l1_g6_i5_do0.10_dpr0.10_lr0.0002_heads16_fold1.pth  select=0.4849  val_ab=0.6259  val_ag=0.3438  val_all=0.5068
Unfreezing DyM parameters.
Ep005  LR0=1.98e-04  pw=12.52  aucα=0.000  token_p=0.030  dropE=(0.050,0.120)  smooth=0.010  train_loss=0.5945  train_AUPR_all=0.5024  train_AUPR_ab=0.5950  train_AUPR_ag=0.3413  train_P@5_ab=0.8500  train_P@5_ag=1.0000  val_loss=0.8197  val_AUPR_all=0.5231  val_AUPR_ab=0.6420  val_AUPR_ag=0.3353  val_P@5_ab=0.8000  val_P@5_ag=1.0000  select=0.4887
  Saved checkpoint: checkpoints_old/iPara_balanced_l1_g6_i5_do0.10_dpr0.10_lr0.0002_heads16_fold1.pth  select=0.4887  val_ab=0.6420  val_ag=0.3353  val_all=0.5231
Ep006  LR0=1.97e-04  pw=11.17  aucα=0.000  token_p=0.030  dropE=(0.050,0.120)  smooth=0.010  train_loss=0.5469  train_AUPR_all=0.5077  train_AUPR_ab=0.5977  train_AUPR_ag=0.3410  train_P@5_ab=0.7500  train_P@5_ag=0.9500  val_loss=0.8661  val_AUPR_all=0.5130  val_AUPR_ab=0.6367  val_AUPR_ag=0.3161  val_P@5_ab=0.9000  val_P@5_ag=0.9500  select=0.4764
Ep007  LR0=1.95e-04  pw=9.97  aucα=0.000  token_p=0.030  dropE=(0.050,0.120)  smooth=0.010  train_loss=0.5080  train_AUPR_all=0.5313  train_AUPR_ab=0.6248  train_AUPR_ag=0.3608  train_P@5_ab=0.9000  train_P@5_ag=0.9500  val_loss=0.8819  val_AUPR_all=0.5348  val_AUPR_ab=0.6730  val_AUPR_ag=0.3256  val_P@5_ab=1.0000  val_P@5_ag=0.9500  select=0.4993
  Saved checkpoint: checkpoints_old/iPara_balanced_l1_g6_i5_do0.10_dpr0.10_lr0.0002_heads16_fold1.pth  select=0.4993  val_ab=0.6730  val_ag=0.3256  val_all=0.5348
Ep008  LR0=1.93e-04  pw=8.92  aucα=0.000  token_p=0.030  dropE=(0.050,0.120)  smooth=0.010  train_loss=0.4723  train_AUPR_all=0.5411  train_AUPR_ab=0.6349  train_AUPR_ag=0.3728  train_P@5_ab=0.8000  train_P@5_ag=0.9000  val_loss=0.7567  val_AUPR_all=0.5411  val_AUPR_ab=0.6829  val_AUPR_ag=0.3412  val_P@5_ab=0.9500  val_P@5_ag=1.0000  select=0.5121
  Saved checkpoint: checkpoints_old/iPara_balanced_l1_g6_i5_do0.10_dpr0.10_lr0.0002_heads16_fold1.pth  select=0.5121  val_ab=0.6829  val_ag=0.3412  val_all=0.5411
Ep009  LR0=1.91e-04  pw=7.99  aucα=0.000  token_p=0.030  dropE=(0.050,0.120)  smooth=0.010  train_loss=0.4387  train_AUPR_all=0.5560  train_AUPR_ab=0.6527  train_AUPR_ag=0.3862  train_P@5_ab=0.9000  train_P@5_ag=0.8500  val_loss=0.6698  val_AUPR_all=0.5543  val_AUPR_ab=0.7010  val_AUPR_ag=0.3520  val_P@5_ab=0.9500  val_P@5_ag=0.9500  select=0.5265
  Saved checkpoint: checkpoints_old/iPara_balanced_l1_g6_i5_do0.10_dpr0.10_lr0.0002_heads16_fold1.pth  select=0.5265  val_ab=0.7010  val_ag=0.3520  val_all=0.5543
Ep010  LR0=1.89e-04  pw=7.17  aucα=0.030  token_p=0.030  dropE=(0.050,0.120)  smooth=0.010  train_loss=0.4320  train_AUPR_all=0.5566  train_AUPR_ab=0.6580  train_AUPR_ag=0.3837  train_P@5_ab=0.7000  train_P@5_ag=0.9000  val_loss=0.6158  val_AUPR_all=0.5648  val_AUPR_ab=0.6904  val_AUPR_ag=0.3624  val_P@5_ab=1.0000  val_P@5_ag=1.0000  select=0.5264
Ep011  LR0=1.87e-04  pw=6.44  aucα=0.060  token_p=0.030  dropE=(0.050,0.120)  smooth=0.010  train_loss=0.4154  train_AUPR_all=0.5756  train_AUPR_ab=0.6797  train_AUPR_ag=0.3986  train_P@5_ab=0.9500  train_P@5_ag=0.9500  val_loss=0.5803  val_AUPR_all=0.5707  val_AUPR_ab=0.7129  val_AUPR_ag=0.3467  val_P@5_ab=1.0000  val_P@5_ag=0.9000  select=0.5298
  Saved checkpoint: checkpoints_old/iPara_balanced_l1_g6_i5_do0.10_dpr0.10_lr0.0002_heads16_fold1.pth  select=0.5298  val_ab=0.7129  val_ag=0.3467  val_all=0.5707
Ep012  LR0=1.84e-04  pw=5.80  aucα=0.090  token_p=0.030  dropE=(0.050,0.120)  smooth=0.010  train_loss=0.4065  train_AUPR_all=0.5826  train_AUPR_ab=0.6880  train_AUPR_ag=0.4063  train_P@5_ab=0.9000  train_P@5_ag=1.0000  val_loss=0.5494  val_AUPR_all=0.5784  val_AUPR_ab=0.7073  val_AUPR_ag=0.3750  val_P@5_ab=1.0000  val_P@5_ag=0.9500  select=0.5411
  Saved checkpoint: checkpoints_old/iPara_balanced_l1_g6_i5_do0.10_dpr0.10_lr0.0002_heads16_fold1.pth  select=0.5411  val_ab=0.7073  val_ag=0.3750  val_all=0.5784
Ep013  LR0=1.81e-04  pw=5.24  aucα=0.120  token_p=0.030  dropE=(0.050,0.120)  smooth=0.010  train_loss=0.3949  train_AUPR_all=0.5909  train_AUPR_ab=0.6920  train_AUPR_ag=0.4214  train_P@5_ab=1.0000  train_P@5_ag=0.9500  val_loss=0.5330  val_AUPR_all=0.5682  val_AUPR_ab=0.7074  val_AUPR_ag=0.3510  val_P@5_ab=1.0000  val_P@5_ag=1.0000  select=0.5292
Ep014  LR0=1.78e-04  pw=4.74  aucα=0.150  token_p=0.030  dropE=(0.050,0.120)  smooth=0.010  train_loss=0.3840  train_AUPR_all=0.6089  train_AUPR_ab=0.7107  train_AUPR_ag=0.4401  train_P@5_ab=0.9000  train_P@5_ag=0.9500  val_loss=0.5012  val_AUPR_all=0.5885  val_AUPR_ab=0.7134  val_AUPR_ag=0.3913  val_P@5_ab=1.0000  val_P@5_ag=0.9000  select=0.5524
  Saved checkpoint: checkpoints_old/iPara_balanced_l1_g6_i5_do0.10_dpr0.10_lr0.0002_heads16_fold1.pth  select=0.5524  val_ab=0.7134  val_ag=0.3913  val_all=0.5885
Ep015  LR0=1.74e-04  pw=4.30  aucα=0.180  token_p=0.030  dropE=(0.050,0.120)  smooth=0.010  train_loss=0.3741  train_AUPR_all=0.6150  train_AUPR_ab=0.7157  train_AUPR_ag=0.4495  train_P@5_ab=0.9500  train_P@5_ag=0.9500  val_loss=0.4901  val_AUPR_all=0.5803  val_AUPR_ab=0.7221  val_AUPR_ag=0.3780  val_P@5_ab=1.0000  val_P@5_ag=0.9500  select=0.5501
Ep016  LR0=1.71e-04  pw=3.91  aucα=0.210  token_p=0.030  dropE=(0.050,0.120)  smooth=0.010  train_loss=0.3684  train_AUPR_all=0.6222  train_AUPR_ab=0.7215  train_AUPR_ag=0.4605  train_P@5_ab=0.9500  train_P@5_ag=1.0000  val_loss=0.4648  val_AUPR_all=0.5926  val_AUPR_ab=0.7306  val_AUPR_ag=0.3808  val_P@5_ab=1.0000  val_P@5_ag=0.9500  select=0.5557
  Saved checkpoint: checkpoints_old/iPara_balanced_l1_g6_i5_do0.10_dpr0.10_lr0.0002_heads16_fold1.pth  select=0.5557  val_ab=0.7306  val_ag=0.3808  val_all=0.5926
Ep017  LR0=1.67e-04  pw=3.57  aucα=0.240  token_p=0.030  dropE=(0.050,0.120)  smooth=0.010  train_loss=0.3607  train_AUPR_all=0.6314  train_AUPR_ab=0.7305  train_AUPR_ag=0.4714  train_P@5_ab=0.9000  train_P@5_ag=1.0000  val_loss=0.4545  val_AUPR_all=0.5818  val_AUPR_ab=0.7241  val_AUPR_ag=0.3605  val_P@5_ab=0.9500  val_P@5_ag=0.9500  select=0.5423
Ep018  LR0=1.63e-04  pw=3.27  aucα=0.270  token_p=0.030  dropE=(0.050,0.120)  smooth=0.010  train_loss=0.3508  train_AUPR_all=0.6454  train_AUPR_ab=0.7377  train_AUPR_ag=0.4980  train_P@5_ab=0.9000  train_P@5_ag=0.9500  val_loss=0.4516  val_AUPR_all=0.5693  val_AUPR_ab=0.7080  val_AUPR_ag=0.3595  val_P@5_ab=0.9500  val_P@5_ag=0.9000  select=0.5338
Ep019  LR0=1.59e-04  pw=3.00  aucα=0.300  token_p=0.030  dropE=(0.050,0.120)  smooth=0.010  train_loss=0.3510  train_AUPR_all=0.6474  train_AUPR_ab=0.7372  train_AUPR_ag=0.5055  train_P@5_ab=1.0000  train_P@5_ag=0.9000  val_loss=0.4446  val_AUPR_all=0.5853  val_AUPR_ab=0.7280  val_AUPR_ag=0.3660  val_P@5_ab=0.9000  val_P@5_ag=0.9500  select=0.5470
Ep020  LR0=1.55e-04  pw=2.77  aucα=0.300  token_p=0.030  dropE=(0.050,0.120)  smooth=0.010  train_loss=0.3323  train_AUPR_all=0.6578  train_AUPR_ab=0.7471  train_AUPR_ag=0.5170  train_P@5_ab=1.0000  train_P@5_ag=1.0000  val_loss=0.4124  val_AUPR_all=0.5843  val_AUPR_ab=0.7418  val_AUPR_ag=0.3467  val_P@5_ab=1.0000  val_P@5_ag=0.7500  select=0.5443
Ep021  LR0=1.50e-04  pw=2.56  aucα=0.300  token_p=0.030  dropE=(0.050,0.120)  smooth=0.010  train_loss=0.3137  train_AUPR_all=0.6710  train_AUPR_ab=0.7567  train_AUPR_ag=0.5367  train_P@5_ab=1.0000  train_P@5_ag=0.9500  val_loss=0.4216  val_AUPR_all=0.5744  val_AUPR_ab=0.7387  val_AUPR_ag=0.3581  val_P@5_ab=1.0000  val_P@5_ag=0.9000  select=0.5484
Ep022  LR0=1.46e-04  pw=2.38  aucα=0.300  token_p=0.030  dropE=(0.050,0.120)  smooth=0.010  train_loss=0.2983  train_AUPR_all=0.6837  train_AUPR_ab=0.7656  train_AUPR_ag=0.5571  train_P@5_ab=1.0000  train_P@5_ag=0.9500  val_loss=0.3987  val_AUPR_all=0.5825  val_AUPR_ab=0.7389  val_AUPR_ag=0.3397  val_P@5_ab=0.9500  val_P@5_ag=0.7000  select=0.5393
Ep023  LR0=1.41e-04  pw=2.21  aucα=0.300  token_p=0.030  dropE=(0.050,0.120)  smooth=0.010  train_loss=0.2821  train_AUPR_all=0.6971  train_AUPR_ab=0.7761  train_AUPR_ag=0.5749  train_P@5_ab=1.0000  train_P@5_ag=1.0000  val_loss=0.4054  val_AUPR_all=0.5835  val_AUPR_ab=0.7469  val_AUPR_ag=0.3552  val_P@5_ab=1.0000  val_P@5_ag=0.7000  select=0.5511
Ep024  LR0=1.36e-04  pw=2.07  aucα=0.300  token_p=0.030  dropE=(0.050,0.120)  smooth=0.010  train_loss=0.2713  train_AUPR_all=0.7019  train_AUPR_ab=0.7764  train_AUPR_ag=0.5878  train_P@5_ab=0.9500  train_P@5_ag=0.9500  val_loss=0.3838  val_AUPR_all=0.5874  val_AUPR_ab=0.7377  val_AUPR_ag=0.3734  val_P@5_ab=0.9500  val_P@5_ag=0.9000  select=0.5556
Ep025  LR0=1.31e-04  pw=1.95  aucα=0.300  token_p=0.030  dropE=(0.050,0.120)  smooth=0.010  train_loss=0.2584  train_AUPR_all=0.7143  train_AUPR_ab=0.7823  train_AUPR_ag=0.6115  train_P@5_ab=1.0000  train_P@5_ag=0.9500  val_loss=0.3791  val_AUPR_all=0.5890  val_AUPR_ab=0.7431  val_AUPR_ag=0.3617  val_P@5_ab=0.9500  val_P@5_ag=0.8000  select=0.5524
Ep026  LR0=1.26e-04  pw=1.83  aucα=0.300  token_p=0.030  dropE=(0.050,0.120)  smooth=0.010  train_loss=0.2498  train_AUPR_all=0.7184  train_AUPR_ab=0.7840  train_AUPR_ag=0.6192  train_P@5_ab=0.9500  train_P@5_ag=0.9000  val_loss=0.3603  val_AUPR_all=0.5960  val_AUPR_ab=0.7551  val_AUPR_ag=0.3732  val_P@5_ab=0.9500  val_P@5_ag=0.9500  select=0.5641
  Saved checkpoint: checkpoints_old/iPara_balanced_l1_g6_i5_do0.10_dpr0.10_lr0.0002_heads16_fold1.pth  select=0.5641  val_ab=0.7551  val_ag=0.3732  val_all=0.5960
Ep027  LR0=1.21e-04  pw=1.74  aucα=0.300  token_p=0.030  dropE=(0.050,0.120)  smooth=0.010  train_loss=0.2369  train_AUPR_all=0.7339  train_AUPR_ab=0.7972  train_AUPR_ag=0.6394  train_P@5_ab=1.0000  train_P@5_ag=1.0000  val_loss=0.3741  val_AUPR_all=0.5808  val_AUPR_ab=0.7486  val_AUPR_ag=0.3398  val_P@5_ab=1.0000  val_P@5_ag=0.6500  select=0.5442
Ep028  LR0=1.16e-04  pw=1.65  aucα=0.300  token_p=0.030  dropE=(0.050,0.120)  smooth=0.010  train_loss=0.2278  train_AUPR_all=0.7410  train_AUPR_ab=0.7993  train_AUPR_ag=0.6543  train_P@5_ab=1.0000  train_P@5_ag=1.0000  val_loss=0.3566  val_AUPR_all=0.5872  val_AUPR_ab=0.7539  val_AUPR_ag=0.3753  val_P@5_ab=1.0000  val_P@5_ag=0.9500  select=0.5646
  Saved checkpoint: checkpoints_old/iPara_balanced_l1_g6_i5_do0.10_dpr0.10_lr0.0002_heads16_fold1.pth  select=0.5646  val_ab=0.7539  val_ag=0.3753  val_all=0.5872
Ep029  LR0=1.11e-04  pw=1.57  aucα=0.300  token_p=0.030  dropE=(0.050,0.120)  smooth=0.010  train_loss=0.2193  train_AUPR_all=0.7502  train_AUPR_ab=0.8054  train_AUPR_ag=0.6690  train_P@5_ab=0.9500  train_P@5_ag=1.0000  val_loss=0.3532  val_AUPR_all=0.5967  val_AUPR_ab=0.7546  val_AUPR_ag=0.3903  val_P@5_ab=0.9500  val_P@5_ag=0.9500  select=0.5724
  Saved checkpoint: checkpoints_old/iPara_balanced_l1_g6_i5_do0.10_dpr0.10_lr0.0002_heads16_fold1.pth  select=0.5724  val_ab=0.7546  val_ag=0.3903  val_all=0.5967
Ep030  LR0=1.05e-04  pw=1.51  aucα=0.300  token_p=0.030  dropE=(0.050,0.120)  smooth=0.010  train_loss=0.2087  train_AUPR_all=0.7638  train_AUPR_ab=0.8116  train_AUPR_ag=0.6952  train_P@5_ab=1.0000  train_P@5_ag=1.0000  val_loss=0.3470  val_AUPR_all=0.5970  val_AUPR_ab=0.7508  val_AUPR_ag=0.3806  val_P@5_ab=0.9500  val_P@5_ag=1.0000  select=0.5657
Ep031  LR0=1.00e-04  pw=1.45  aucα=0.300  token_p=0.030  dropE=(0.050,0.120)  smooth=0.010  train_loss=0.2018  train_AUPR_all=0.7701  train_AUPR_ab=0.8190  train_AUPR_ag=0.6989  train_P@5_ab=1.0000  train_P@5_ag=0.9500  val_loss=0.3462  val_AUPR_all=0.5984  val_AUPR_ab=0.7622  val_AUPR_ag=0.3809  val_P@5_ab=0.9000  val_P@5_ag=1.0000  select=0.5716
Ep032  LR0=9.50e-05  pw=1.39  aucα=0.300  token_p=0.030  dropE=(0.050,0.120)  smooth=0.010  train_loss=0.1939  train_AUPR_all=0.7815  train_AUPR_ab=0.8255  train_AUPR_ag=0.7183  train_P@5_ab=1.0000  train_P@5_ag=1.0000  val_loss=0.3423  val_AUPR_all=0.5909  val_AUPR_ab=0.7512  val_AUPR_ag=0.3729  val_P@5_ab=0.9500  val_P@5_ag=0.7000  select=0.5620
Ep033  LR0=8.98e-05  pw=1.35  aucα=0.300  token_p=0.030  dropE=(0.050,0.120)  smooth=0.010  train_loss=0.1848  train_AUPR_all=0.7930  train_AUPR_ab=0.8369  train_AUPR_ag=0.7303  train_P@5_ab=1.0000  train_P@5_ag=0.9500  val_loss=0.3508  val_AUPR_all=0.5721  val_AUPR_ab=0.7612  val_AUPR_ag=0.3519  val_P@5_ab=1.0000  val_P@5_ag=0.8000  select=0.5565
Ep034  LR0=8.46e-05  pw=1.31  aucα=0.300  token_p=0.030  dropE=(0.050,0.120)  smooth=0.010  train_loss=0.1863  train_AUPR_all=0.7853  train_AUPR_ab=0.8285  train_AUPR_ag=0.7232  train_P@5_ab=0.9500  train_P@5_ag=1.0000  val_loss=0.3414  val_AUPR_all=0.5828  val_AUPR_ab=0.7522  val_AUPR_ag=0.3593  val_P@5_ab=1.0000  val_P@5_ag=0.7500  select=0.5558
Ep035  LR0=7.95e-05  pw=1.27  aucα=0.300  token_p=0.030  dropE=(0.050,0.120)  smooth=0.010  train_loss=0.1809  train_AUPR_all=0.7925  train_AUPR_ab=0.8323  train_AUPR_ag=0.7357  train_P@5_ab=1.0000  train_P@5_ag=1.0000  val_loss=0.3449  val_AUPR_all=0.5802  val_AUPR_ab=0.7457  val_AUPR_ag=0.3643  val_P@5_ab=1.0000  val_P@5_ag=0.7000  select=0.5550
Ep036  LR0=7.44e-05  pw=1.24  aucα=0.300  token_p=0.030  dropE=(0.050,0.120)  smooth=0.010  train_loss=0.1722  train_AUPR_all=0.8060  train_AUPR_ab=0.8448  train_AUPR_ag=0.7507  train_P@5_ab=0.9500  train_P@5_ag=1.0000  val_loss=0.3364  val_AUPR_all=0.5845  val_AUPR_ab=0.7521  val_AUPR_ag=0.3782  val_P@5_ab=0.9500  val_P@5_ag=0.8500  select=0.5652
Ep037  LR0=6.94e-05  pw=1.21  aucα=0.300  token_p=0.030  dropE=(0.050,0.120)  smooth=0.010  train_loss=0.1649  train_AUPR_all=0.8160  train_AUPR_ab=0.8514  train_AUPR_ag=0.7658  train_P@5_ab=1.0000  train_P@5_ag=0.9500  val_loss=0.3415  val_AUPR_all=0.5800  val_AUPR_ab=0.7609  val_AUPR_ag=0.3535  val_P@5_ab=0.9000  val_P@5_ag=0.6000  select=0.5572
Ep038  LR0=6.45e-05  pw=1.19  aucα=0.300  token_p=0.030  dropE=(0.050,0.120)  smooth=0.010  train_loss=0.1597  train_AUPR_all=0.8241  train_AUPR_ab=0.8594  train_AUPR_ag=0.7736  train_P@5_ab=1.0000  train_P@5_ag=1.0000  val_loss=0.3497  val_AUPR_all=0.5555  val_AUPR_ab=0.7493  val_AUPR_ag=0.3326  val_P@5_ab=0.9500  val_P@5_ag=0.4000  select=0.5410
Ep039  LR0=5.97e-05  pw=1.16  aucα=0.300  token_p=0.030  dropE=(0.050,0.120)  smooth=0.010  train_loss=0.1596  train_AUPR_all=0.8221  train_AUPR_ab=0.8559  train_AUPR_ag=0.7741  train_P@5_ab=0.9500  train_P@5_ag=0.9500  val_loss=0.3422  val_AUPR_all=0.5721  val_AUPR_ab=0.7527  val_AUPR_ag=0.3496  val_P@5_ab=0.9500  val_P@5_ag=0.6000  select=0.5511
Ep040  LR0=5.50e-05  pw=1.15  aucα=0.300  token_p=0.030  dropE=(0.050,0.120)  smooth=0.010  train_loss=0.1540  train_AUPR_all=0.8319  train_AUPR_ab=0.8653  train_AUPR_ag=0.7844  train_P@5_ab=1.0000  train_P@5_ag=1.0000  val_loss=0.3351  val_AUPR_all=0.5835  val_AUPR_ab=0.7535  val_AUPR_ag=0.3525  val_P@5_ab=0.9000  val_P@5_ag=0.7000  select=0.5530
Ep041  LR0=5.04e-05  pw=1.13  aucα=0.300  token_p=0.030  dropE=(0.050,0.120)  smooth=0.010  train_loss=0.1476  train_AUPR_all=0.8413  train_AUPR_ab=0.8721  train_AUPR_ag=0.7976  train_P@5_ab=1.0000  train_P@5_ag=1.0000  val_loss=0.3465  val_AUPR_all=0.5657  val_AUPR_ab=0.7473  val_AUPR_ag=0.3422  val_P@5_ab=0.9000  val_P@5_ag=0.6500  select=0.5447
Ep042  LR0=4.59e-05  pw=1.11  aucα=0.300  token_p=0.030  dropE=(0.050,0.120)  smooth=0.010  train_loss=0.1468  train_AUPR_all=0.8426  train_AUPR_ab=0.8759  train_AUPR_ag=0.7948  train_P@5_ab=1.0000  train_P@5_ag=1.0000  val_loss=0.3363  val_AUPR_all=0.5827  val_AUPR_ab=0.7478  val_AUPR_ag=0.3576  val_P@5_ab=0.9500  val_P@5_ag=0.7000  select=0.5527
Ep043  LR0=4.16e-05  pw=1.10  aucα=0.300  token_p=0.030  dropE=(0.050,0.120)  smooth=0.010  train_loss=0.1418  train_AUPR_all=0.8512  train_AUPR_ab=0.8837  train_AUPR_ag=0.8042  train_P@5_ab=1.0000  train_P@5_ag=1.0000  val_loss=0.3455  val_AUPR_all=0.5779  val_AUPR_ab=0.7498  val_AUPR_ag=0.3435  val_P@5_ab=0.9500  val_P@5_ag=0.5500  select=0.5467
Ep044  LR0=3.75e-05  pw=1.09  aucα=0.300  token_p=0.030  dropE=(0.050,0.120)  smooth=0.010  train_loss=0.1432  train_AUPR_all=0.8458  train_AUPR_ab=0.8748  train_AUPR_ag=0.8047  train_P@5_ab=1.0000  train_P@5_ag=1.0000  val_loss=0.3308  val_AUPR_all=0.5730  val_AUPR_ab=0.7530  val_AUPR_ag=0.3494  val_P@5_ab=1.0000  val_P@5_ag=0.6500  select=0.5512
Ep045  LR0=3.35e-05  pw=1.08  aucα=0.300  token_p=0.030  dropE=(0.050,0.120)  smooth=0.010  train_loss=0.1375  train_AUPR_all=0.8564  train_AUPR_ab=0.8835  train_AUPR_ag=0.8181  train_P@5_ab=1.0000  train_P@5_ag=1.0000  val_loss=0.3389  val_AUPR_all=0.5659  val_AUPR_ab=0.7530  val_AUPR_ag=0.3516  val_P@5_ab=0.9500  val_P@5_ag=0.7000  select=0.5523
Ep046  LR0=2.97e-05  pw=1.07  aucα=0.300  token_p=0.030  dropE=(0.050,0.120)  smooth=0.010  train_loss=0.1363  train_AUPR_all=0.8571  train_AUPR_ab=0.8851  train_AUPR_ag=0.8173  train_P@5_ab=1.0000  train_P@5_ag=1.0000  val_loss=0.3456  val_AUPR_all=0.5709  val_AUPR_ab=0.7487  val_AUPR_ag=0.3387  val_P@5_ab=0.8500  val_P@5_ag=0.7500  select=0.5437
Ep047  LR0=2.61e-05  pw=1.06  aucα=0.300  token_p=0.030  dropE=(0.050,0.120)  smooth=0.010  train_loss=0.1310  train_AUPR_all=0.8666  train_AUPR_ab=0.8948  train_AUPR_ag=0.8261  train_P@5_ab=1.0000  train_P@5_ag=1.0000  val_loss=0.3503  val_AUPR_all=0.5575  val_AUPR_ab=0.7488  val_AUPR_ag=0.3249  val_P@5_ab=1.0000  val_P@5_ag=0.4500  select=0.5368
Ep048  LR0=2.27e-05  pw=1.05  aucα=0.300  token_p=0.030  dropE=(0.050,0.120)  smooth=0.010  train_loss=0.1320  train_AUPR_all=0.8636  train_AUPR_ab=0.8924  train_AUPR_ag=0.8225  train_P@5_ab=1.0000  train_P@5_ag=1.0000  val_loss=0.3392  val_AUPR_all=0.5719  val_AUPR_ab=0.7498  val_AUPR_ag=0.3472  val_P@5_ab=1.0000  val_P@5_ag=0.7000  select=0.5485
Ep049  LR0=1.96e-05  pw=1.05  aucα=0.300  token_p=0.030  dropE=(0.050,0.120)  smooth=0.010  train_loss=0.1295  train_AUPR_all=0.8681  train_AUPR_ab=0.8954  train_AUPR_ag=0.8291  train_P@5_ab=1.0000  train_P@5_ag=1.0000  val_loss=0.3434  val_AUPR_all=0.5621  val_AUPR_ab=0.7451  val_AUPR_ag=0.3405  val_P@5_ab=1.0000  val_P@5_ag=0.6000  select=0.5428
Early stopping at epoch 49. Best select=0.5724 at epoch 29.
Final saved checkpoint for fold 1: checkpoints_old/iPara_balanced_l1_g6_i5_do0.10_dpr0.10_lr0.0002_heads16_fold1.pth
Best select=0.5724 at epoch 29

==========================================================================================
Fold 2/5
==========================================================================================
Train labels: valid=400834, pos=26650, neg=374184, ignore=696766, pos_frac=0.06649
Val labels: valid=99358, pos=6580, neg=92778, ignore=175842, pos_frac=0.06623
Initializing ClassificationModel with 6 GAT layers and residual connections...
Initializing MCModel with 6 GAT layers and 5 row attention layers (drop_path_rate=0.1)
Initializing CoreModel with 1 layers, drop_path_rate=0.1
Ep001  LR0=2.00e-04  pw=20.00  aucα=0.000  token_p=0.030  dropE=(0.050,0.120)  smooth=0.010  train_loss=1.1174  train_AUPR_all=0.2798  train_AUPR_ab=0.3494  train_AUPR_ag=0.1879  train_P@5_ab=0.6000  train_P@5_ag=0.8000  val_loss=1.1964  val_AUPR_all=0.4213  val_AUPR_ab=0.5229  val_AUPR_ag=0.2566  val_P@5_ab=0.8000  val_P@5_ag=0.9500  select=0.3897
  Saved checkpoint: checkpoints_old/iPara_balanced_l1_g6_i5_do0.10_dpr0.10_lr0.0002_heads16_fold2.pth  select=0.3897  val_ab=0.5229  val_ag=0.2566  val_all=0.4213
Ep002  LR0=2.00e-04  pw=17.77  aucα=0.000  token_p=0.030  dropE=(0.050,0.120)  smooth=0.010  train_loss=0.7943  train_AUPR_all=0.3814  train_AUPR_ab=0.4683  train_AUPR_ag=0.2457  train_P@5_ab=0.6500  train_P@5_ag=0.5500  val_loss=0.9994  val_AUPR_all=0.4520  val_AUPR_ab=0.5342  val_AUPR_ag=0.3134  val_P@5_ab=0.5500  val_P@5_ag=0.8000  select=0.4238
  Saved checkpoint: checkpoints_old/iPara_balanced_l1_g6_i5_do0.10_dpr0.10_lr0.0002_heads16_fold2.pth  select=0.4238  val_ab=0.5342  val_ag=0.3134  val_all=0.4520
Ep003  LR0=1.99e-04  pw=15.80  aucα=0.000  token_p=0.030  dropE=(0.050,0.120)  smooth=0.010  train_loss=0.7094  train_AUPR_all=0.4371  train_AUPR_ab=0.5311  train_AUPR_ag=0.2773  train_P@5_ab=0.9000  train_P@5_ag=0.9000  val_loss=0.8838  val_AUPR_all=0.4874  val_AUPR_ab=0.5820  val_AUPR_ag=0.3472  val_P@5_ab=0.6500  val_P@5_ag=0.6500  select=0.4646
  Saved checkpoint: checkpoints_old/iPara_balanced_l1_g6_i5_do0.10_dpr0.10_lr0.0002_heads16_fold2.pth  select=0.4646  val_ab=0.5820  val_ag=0.3472  val_all=0.4874
Ep004  LR0=1.99e-04  pw=14.06  aucα=0.000  token_p=0.030  dropE=(0.050,0.120)  smooth=0.010  train_loss=0.6527  train_AUPR_all=0.4652  train_AUPR_ab=0.5522  train_AUPR_ag=0.3092  train_P@5_ab=0.8500  train_P@5_ag=0.9000  val_loss=0.8437  val_AUPR_all=0.5029  val_AUPR_ab=0.6144  val_AUPR_ag=0.3350  val_P@5_ab=0.8500  val_P@5_ag=0.9500  select=0.4747
  Saved checkpoint: checkpoints_old/iPara_balanced_l1_g6_i5_do0.10_dpr0.10_lr0.0002_heads16_fold2.pth  select=0.4747  val_ab=0.6144  val_ag=0.3350  val_all=0.5029
Unfreezing DyM parameters.
Ep005  LR0=1.98e-04  pw=12.52  aucα=0.000  token_p=0.030  dropE=(0.050,0.120)  smooth=0.010  train_loss=0.5996  train_AUPR_all=0.4757  train_AUPR_ab=0.5667  train_AUPR_ag=0.3131  train_P@5_ab=0.7500  train_P@5_ag=0.9500  val_loss=0.8059  val_AUPR_all=0.5232  val_AUPR_ab=0.6181  val_AUPR_ag=0.3550  val_P@5_ab=0.7500  val_P@5_ag=1.0000  select=0.4866
  Saved checkpoint: checkpoints_old/iPara_balanced_l1_g6_i5_do0.10_dpr0.10_lr0.0002_heads16_fold2.pth  select=0.4866  val_ab=0.6181  val_ag=0.3550  val_all=0.5232
Ep006  LR0=1.97e-04  pw=11.17  aucα=0.000  token_p=0.030  dropE=(0.050,0.120)  smooth=0.010  train_loss=0.5542  train_AUPR_all=0.5047  train_AUPR_ab=0.5970  train_AUPR_ag=0.3384  train_P@5_ab=0.8500  train_P@5_ag=0.9000  val_loss=0.7594  val_AUPR_all=0.5235  val_AUPR_ab=0.6161  val_AUPR_ag=0.3660  val_P@5_ab=0.5500  val_P@5_ag=0.8500  select=0.4911
  Saved checkpoint: checkpoints_old/iPara_balanced_l1_g6_i5_do0.10_dpr0.10_lr0.0002_heads16_fold2.pth  select=0.4911  val_ab=0.6161  val_ag=0.3660  val_all=0.5235
Ep007  LR0=1.95e-04  pw=9.97  aucα=0.000  token_p=0.030  dropE=(0.050,0.120)  smooth=0.010  train_loss=0.5145  train_AUPR_all=0.5264  train_AUPR_ab=0.6231  train_AUPR_ag=0.3572  train_P@5_ab=0.8500  train_P@5_ag=0.8500  val_loss=0.6923  val_AUPR_all=0.5387  val_AUPR_ab=0.6393  val_AUPR_ag=0.3767  val_P@5_ab=0.7500  val_P@5_ag=0.9000  select=0.5080
  Saved checkpoint: checkpoints_old/iPara_balanced_l1_g6_i5_do0.10_dpr0.10_lr0.0002_heads16_fold2.pth  select=0.5080  val_ab=0.6393  val_ag=0.3767  val_all=0.5387
Ep008  LR0=1.93e-04  pw=8.92  aucα=0.000  token_p=0.030  dropE=(0.050,0.120)  smooth=0.010  train_loss=0.4792  train_AUPR_all=0.5412  train_AUPR_ab=0.6373  train_AUPR_ag=0.3708  train_P@5_ab=0.8500  train_P@5_ag=0.9000  val_loss=0.6754  val_AUPR_all=0.5541  val_AUPR_ab=0.6610  val_AUPR_ag=0.3884  val_P@5_ab=0.8500  val_P@5_ag=0.8500  select=0.5247
  Saved checkpoint: checkpoints_old/iPara_balanced_l1_g6_i5_do0.10_dpr0.10_lr0.0002_heads16_fold2.pth  select=0.5247  val_ab=0.6610  val_ag=0.3884  val_all=0.5541
Ep009  LR0=1.91e-04  pw=7.99  aucα=0.000  token_p=0.030  dropE=(0.050,0.120)  smooth=0.010  train_loss=0.4480  train_AUPR_all=0.5470  train_AUPR_ab=0.6467  train_AUPR_ag=0.3745  train_P@5_ab=0.9000  train_P@5_ag=0.8500  val_loss=0.6650  val_AUPR_all=0.5628  val_AUPR_ab=0.6727  val_AUPR_ag=0.3754  val_P@5_ab=0.9000  val_P@5_ag=0.8500  select=0.5241
Ep010  LR0=1.89e-04  pw=7.17  aucα=0.030  token_p=0.030  dropE=(0.050,0.120)  smooth=0.010  train_loss=0.4318  train_AUPR_all=0.5628  train_AUPR_ab=0.6670  train_AUPR_ag=0.3866  train_P@5_ab=0.9500  train_P@5_ag=0.9500  val_loss=0.6109  val_AUPR_all=0.5662  val_AUPR_ab=0.6699  val_AUPR_ag=0.3947  val_P@5_ab=0.8500  val_P@5_ag=1.0000  select=0.5323
  Saved checkpoint: checkpoints_old/iPara_balanced_l1_g6_i5_do0.10_dpr0.10_lr0.0002_heads16_fold2.pth  select=0.5323  val_ab=0.6699  val_ag=0.3947  val_all=0.5662
Ep011  LR0=1.87e-04  pw=6.44  aucα=0.060  token_p=0.030  dropE=(0.050,0.120)  smooth=0.010  train_loss=0.4226  train_AUPR_all=0.5621  train_AUPR_ab=0.6656  train_AUPR_ag=0.3840  train_P@5_ab=0.9500  train_P@5_ag=0.9000  val_loss=0.5802  val_AUPR_all=0.5580  val_AUPR_ab=0.6740  val_AUPR_ag=0.3787  val_P@5_ab=0.7500  val_P@5_ag=0.8500  select=0.5263
Ep012  LR0=1.84e-04  pw=5.80  aucα=0.090  token_p=0.030  dropE=(0.050,0.120)  smooth=0.010  train_loss=0.4066  train_AUPR_all=0.5822  train_AUPR_ab=0.6818  train_AUPR_ag=0.4139  train_P@5_ab=0.9000  train_P@5_ag=0.9000  val_loss=0.5546  val_AUPR_all=0.5759  val_AUPR_ab=0.6942  val_AUPR_ag=0.3964  val_P@5_ab=0.8500  val_P@5_ag=0.8500  select=0.5453
  Saved checkpoint: checkpoints_old/iPara_balanced_l1_g6_i5_do0.10_dpr0.10_lr0.0002_heads16_fold2.pth  select=0.5453  val_ab=0.6942  val_ag=0.3964  val_all=0.5759
Ep013  LR0=1.81e-04  pw=5.24  aucα=0.120  token_p=0.030  dropE=(0.050,0.120)  smooth=0.010  train_loss=0.3962  train_AUPR_all=0.5869  train_AUPR_ab=0.6883  train_AUPR_ag=0.4170  train_P@5_ab=0.9000  train_P@5_ag=0.9000  val_loss=0.5447  val_AUPR_all=0.5845  val_AUPR_ab=0.7023  val_AUPR_ag=0.3927  val_P@5_ab=0.9000  val_P@5_ag=1.0000  select=0.5475
  Saved checkpoint: checkpoints_old/iPara_balanced_l1_g6_i5_do0.10_dpr0.10_lr0.0002_heads16_fold2.pth  select=0.5475  val_ab=0.7023  val_ag=0.3927  val_all=0.5845
Ep014  LR0=1.78e-04  pw=4.74  aucα=0.150  token_p=0.030  dropE=(0.050,0.120)  smooth=0.010  train_loss=0.3928  train_AUPR_all=0.5897  train_AUPR_ab=0.6935  train_AUPR_ag=0.4189  train_P@5_ab=0.9500  train_P@5_ag=0.9500  val_loss=0.5111  val_AUPR_all=0.5900  val_AUPR_ab=0.7096  val_AUPR_ag=0.3975  val_P@5_ab=0.9500  val_P@5_ag=0.9500  select=0.5536
  Saved checkpoint: checkpoints_old/iPara_balanced_l1_g6_i5_do0.10_dpr0.10_lr0.0002_heads16_fold2.pth  select=0.5536  val_ab=0.7096  val_ag=0.3975  val_all=0.5900
Ep015  LR0=1.74e-04  pw=4.30  aucα=0.180  token_p=0.030  dropE=(0.050,0.120)  smooth=0.010  train_loss=0.3853  train_AUPR_all=0.6032  train_AUPR_ab=0.7055  train_AUPR_ag=0.4371  train_P@5_ab=0.9500  train_P@5_ag=1.0000  val_loss=0.4829  val_AUPR_all=0.5854  val_AUPR_ab=0.7000  val_AUPR_ag=0.4023  val_P@5_ab=1.0000  val_P@5_ag=1.0000  select=0.5512
Ep016  LR0=1.71e-04  pw=3.91  aucα=0.210  token_p=0.030  dropE=(0.050,0.120)  smooth=0.010  train_loss=0.3754  train_AUPR_all=0.6109  train_AUPR_ab=0.7141  train_AUPR_ag=0.4424  train_P@5_ab=0.9500  train_P@5_ag=1.0000  val_loss=0.4694  val_AUPR_all=0.5912  val_AUPR_ab=0.7141  val_AUPR_ag=0.3975  val_P@5_ab=0.9500  val_P@5_ag=0.9000  select=0.5558
  Saved checkpoint: checkpoints_old/iPara_balanced_l1_g6_i5_do0.10_dpr0.10_lr0.0002_heads16_fold2.pth  select=0.5558  val_ab=0.7141  val_ag=0.3975  val_all=0.5912
Ep017  LR0=1.67e-04  pw=3.57  aucα=0.240  token_p=0.030  dropE=(0.050,0.120)  smooth=0.010  train_loss=0.3674  train_AUPR_all=0.6252  train_AUPR_ab=0.7242  train_AUPR_ag=0.4642  train_P@5_ab=0.9500  train_P@5_ag=0.9000  val_loss=0.4472  val_AUPR_all=0.6036  val_AUPR_ab=0.7273  val_AUPR_ag=0.4105  val_P@5_ab=0.9000  val_P@5_ag=0.9000  select=0.5689
  Saved checkpoint: checkpoints_old/iPara_balanced_l1_g6_i5_do0.10_dpr0.10_lr0.0002_heads16_fold2.pth  select=0.5689  val_ab=0.7273  val_ag=0.4105  val_all=0.6036
Ep018  LR0=1.63e-04  pw=3.27  aucα=0.270  token_p=0.030  dropE=(0.050,0.120)  smooth=0.010  train_loss=0.3588  train_AUPR_all=0.6353  train_AUPR_ab=0.7344  train_AUPR_ag=0.4780  train_P@5_ab=0.9500  train_P@5_ag=0.8500  val_loss=0.4278  val_AUPR_all=0.5956  val_AUPR_ab=0.7193  val_AUPR_ag=0.4029  val_P@5_ab=0.9000  val_P@5_ag=0.9000  select=0.5611
Ep019  LR0=1.59e-04  pw=3.00  aucα=0.300  token_p=0.030  dropE=(0.050,0.120)  smooth=0.010  train_loss=0.3567  train_AUPR_all=0.6373  train_AUPR_ab=0.7339  train_AUPR_ag=0.4837  train_P@5_ab=0.9000  train_P@5_ag=0.9500  val_loss=0.4182  val_AUPR_all=0.5977  val_AUPR_ab=0.7346  val_AUPR_ag=0.3860  val_P@5_ab=1.0000  val_P@5_ag=0.9000  select=0.5603
Ep020  LR0=1.55e-04  pw=2.77  aucα=0.300  token_p=0.030  dropE=(0.050,0.120)  smooth=0.010  train_loss=0.3347  train_AUPR_all=0.6554  train_AUPR_ab=0.7483  train_AUPR_ag=0.5096  train_P@5_ab=1.0000  train_P@5_ag=1.0000  val_loss=0.4037  val_AUPR_all=0.6062  val_AUPR_ab=0.7423  val_AUPR_ag=0.4013  val_P@5_ab=1.0000  val_P@5_ag=0.8500  select=0.5718
  Saved checkpoint: checkpoints_old/iPara_balanced_l1_g6_i5_do0.10_dpr0.10_lr0.0002_heads16_fold2.pth  select=0.5718  val_ab=0.7423  val_ag=0.4013  val_all=0.6062
Ep021  LR0=1.50e-04  pw=2.56  aucα=0.300  token_p=0.030  dropE=(0.050,0.120)  smooth=0.010  train_loss=0.3223  train_AUPR_all=0.6589  train_AUPR_ab=0.7482  train_AUPR_ag=0.5207  train_P@5_ab=1.0000  train_P@5_ag=0.9500  val_loss=0.3814  val_AUPR_all=0.6065  val_AUPR_ab=0.7392  val_AUPR_ag=0.3989  val_P@5_ab=0.9000  val_P@5_ag=0.9000  select=0.5691
Ep022  LR0=1.46e-04  pw=2.38  aucα=0.300  token_p=0.030  dropE=(0.050,0.120)  smooth=0.010  train_loss=0.3068  train_AUPR_all=0.6703  train_AUPR_ab=0.7569  train_AUPR_ag=0.5379  train_P@5_ab=1.0000  train_P@5_ag=0.9000  val_loss=0.3849  val_AUPR_all=0.6019  val_AUPR_ab=0.7393  val_AUPR_ag=0.3968  val_P@5_ab=0.9000  val_P@5_ag=0.9500  select=0.5680
Ep023  LR0=1.41e-04  pw=2.21  aucα=0.300  token_p=0.030  dropE=(0.050,0.120)  smooth=0.010  train_loss=0.2919  train_AUPR_all=0.6791  train_AUPR_ab=0.7622  train_AUPR_ag=0.5522  train_P@5_ab=0.9500  train_P@5_ag=0.8000  val_loss=0.3882  val_AUPR_all=0.6033  val_AUPR_ab=0.7495  val_AUPR_ag=0.3746  val_P@5_ab=0.9500  val_P@5_ag=0.9000  select=0.5620
Ep024  LR0=1.36e-04  pw=2.07  aucα=0.300  token_p=0.030  dropE=(0.050,0.120)  smooth=0.010  train_loss=0.2760  train_AUPR_all=0.6950  train_AUPR_ab=0.7737  train_AUPR_ag=0.5751  train_P@5_ab=1.0000  train_P@5_ag=0.9000  val_loss=0.3696  val_AUPR_all=0.6056  val_AUPR_ab=0.7392  val_AUPR_ag=0.4042  val_P@5_ab=0.9500  val_P@5_ag=0.9500  select=0.5717
Ep025  LR0=1.31e-04  pw=1.95  aucα=0.300  token_p=0.030  dropE=(0.050,0.120)  smooth=0.010  train_loss=0.2655  train_AUPR_all=0.7023  train_AUPR_ab=0.7754  train_AUPR_ag=0.5925  train_P@5_ab=1.0000  train_P@5_ag=1.0000  val_loss=0.3664  val_AUPR_all=0.6010  val_AUPR_ab=0.7438  val_AUPR_ag=0.3864  val_P@5_ab=1.0000  val_P@5_ag=0.9000  select=0.5651
Ep026  LR0=1.26e-04  pw=1.83  aucα=0.300  token_p=0.030  dropE=(0.050,0.120)  smooth=0.010  train_loss=0.2537  train_AUPR_all=0.7131  train_AUPR_ab=0.7853  train_AUPR_ag=0.6057  train_P@5_ab=1.0000  train_P@5_ag=0.9500  val_loss=0.3635  val_AUPR_all=0.5995  val_AUPR_ab=0.7494  val_AUPR_ag=0.3834  val_P@5_ab=1.0000  val_P@5_ag=0.9000  select=0.5664
Ep027  LR0=1.21e-04  pw=1.74  aucα=0.300  token_p=0.030  dropE=(0.050,0.120)  smooth=0.010  train_loss=0.2477  train_AUPR_all=0.7153  train_AUPR_ab=0.7847  train_AUPR_ag=0.6129  train_P@5_ab=1.0000  train_P@5_ag=0.9500  val_loss=0.3454  val_AUPR_all=0.6060  val_AUPR_ab=0.7534  val_AUPR_ag=0.3815  val_P@5_ab=0.9500  val_P@5_ag=0.8500  select=0.5675
Ep028  LR0=1.16e-04  pw=1.65  aucα=0.300  token_p=0.030  dropE=(0.050,0.120)  smooth=0.010  train_loss=0.2368  train_AUPR_all=0.7281  train_AUPR_ab=0.7944  train_AUPR_ag=0.6305  train_P@5_ab=1.0000  train_P@5_ag=1.0000  val_loss=0.3476  val_AUPR_all=0.6089  val_AUPR_ab=0.7562  val_AUPR_ag=0.3889  val_P@5_ab=0.9500  val_P@5_ag=0.9000  select=0.5725
  Saved checkpoint: checkpoints_old/iPara_balanced_l1_g6_i5_do0.10_dpr0.10_lr0.0002_heads16_fold2.pth  select=0.5725  val_ab=0.7562  val_ag=0.3889  val_all=0.6089
Ep029  LR0=1.11e-04  pw=1.57  aucα=0.300  token_p=0.030  dropE=(0.050,0.120)  smooth=0.010  train_loss=0.2245  train_AUPR_all=0.7448  train_AUPR_ab=0.8077  train_AUPR_ag=0.6531  train_P@5_ab=1.0000  train_P@5_ag=1.0000  val_loss=0.3428  val_AUPR_all=0.6072  val_AUPR_ab=0.7546  val_AUPR_ag=0.3836  val_P@5_ab=1.0000  val_P@5_ag=0.6500  select=0.5691
Ep030  LR0=1.05e-04  pw=1.51  aucα=0.300  token_p=0.030  dropE=(0.050,0.120)  smooth=0.010  train_loss=0.2177  train_AUPR_all=0.7469  train_AUPR_ab=0.8064  train_AUPR_ag=0.6599  train_P@5_ab=1.0000  train_P@5_ag=1.0000  val_loss=0.3358  val_AUPR_all=0.6014  val_AUPR_ab=0.7437  val_AUPR_ag=0.4031  val_P@5_ab=1.0000  val_P@5_ag=1.0000  select=0.5734
  Saved checkpoint: checkpoints_old/iPara_balanced_l1_g6_i5_do0.10_dpr0.10_lr0.0002_heads16_fold2.pth  select=0.5734  val_ab=0.7437  val_ag=0.4031  val_all=0.6014
Ep031  LR0=1.00e-04  pw=1.45  aucα=0.300  token_p=0.030  dropE=(0.050,0.120)  smooth=0.010  train_loss=0.2061  train_AUPR_all=0.7652  train_AUPR_ab=0.8190  train_AUPR_ag=0.6878  train_P@5_ab=1.0000  train_P@5_ag=0.9500  val_loss=0.3341  val_AUPR_all=0.6099  val_AUPR_ab=0.7592  val_AUPR_ag=0.3958  val_P@5_ab=1.0000  val_P@5_ag=0.8000  select=0.5775
  Saved checkpoint: checkpoints_old/iPara_balanced_l1_g6_i5_do0.10_dpr0.10_lr0.0002_heads16_fold2.pth  select=0.5775  val_ab=0.7592  val_ag=0.3958  val_all=0.6099
Ep032  LR0=9.50e-05  pw=1.39  aucα=0.300  token_p=0.030  dropE=(0.050,0.120)  smooth=0.010  train_loss=0.2032  train_AUPR_all=0.7644  train_AUPR_ab=0.8165  train_AUPR_ag=0.6895  train_P@5_ab=1.0000  train_P@5_ag=1.0000  val_loss=0.3302  val_AUPR_all=0.6059  val_AUPR_ab=0.7609  val_AUPR_ag=0.3963  val_P@5_ab=1.0000  val_P@5_ag=0.9000  select=0.5786
  Saved checkpoint: checkpoints_old/iPara_balanced_l1_g6_i5_do0.10_dpr0.10_lr0.0002_heads16_fold2.pth  select=0.5786  val_ab=0.7609  val_ag=0.3963  val_all=0.6059
Ep033  LR0=8.98e-05  pw=1.35  aucα=0.300  token_p=0.030  dropE=(0.050,0.120)  smooth=0.010  train_loss=0.1956  train_AUPR_all=0.7757  train_AUPR_ab=0.8254  train_AUPR_ag=0.7048  train_P@5_ab=1.0000  train_P@5_ag=1.0000  val_loss=0.3313  val_AUPR_all=0.6078  val_AUPR_ab=0.7576  val_AUPR_ag=0.3996  val_P@5_ab=0.9000  val_P@5_ag=0.9000  select=0.5786
Ep034  LR0=8.46e-05  pw=1.31  aucα=0.300  token_p=0.030  dropE=(0.050,0.120)  smooth=0.010  train_loss=0.1877  train_AUPR_all=0.7852  train_AUPR_ab=0.8328  train_AUPR_ag=0.7175  train_P@5_ab=1.0000  train_P@5_ag=1.0000  val_loss=0.3291  val_AUPR_all=0.6086  val_AUPR_ab=0.7544  val_AUPR_ag=0.4046  val_P@5_ab=1.0000  val_P@5_ag=1.0000  select=0.5795
  Saved checkpoint: checkpoints_old/iPara_balanced_l1_g6_i5_do0.10_dpr0.10_lr0.0002_heads16_fold2.pth  select=0.5795  val_ab=0.7544  val_ag=0.4046  val_all=0.6086
Ep035  LR0=7.95e-05  pw=1.27  aucα=0.300  token_p=0.030  dropE=(0.050,0.120)  smooth=0.010  train_loss=0.1788  train_AUPR_all=0.7990  train_AUPR_ab=0.8427  train_AUPR_ag=0.7369  train_P@5_ab=1.0000  train_P@5_ag=0.9500  val_loss=0.3263  val_AUPR_all=0.6045  val_AUPR_ab=0.7583  val_AUPR_ag=0.3947  val_P@5_ab=1.0000  val_P@5_ag=0.8500  select=0.5765
Ep036  LR0=7.44e-05  pw=1.24  aucα=0.300  token_p=0.030  dropE=(0.050,0.120)  smooth=0.010  train_loss=0.1771  train_AUPR_all=0.8010  train_AUPR_ab=0.8449  train_AUPR_ag=0.7388  train_P@5_ab=1.0000  train_P@5_ag=1.0000  val_loss=0.3243  val_AUPR_all=0.6126  val_AUPR_ab=0.7629  val_AUPR_ag=0.4002  val_P@5_ab=0.9000  val_P@5_ag=0.9000  select=0.5816
  Saved checkpoint: checkpoints_old/iPara_balanced_l1_g6_i5_do0.10_dpr0.10_lr0.0002_heads16_fold2.pth  select=0.5816  val_ab=0.7629  val_ag=0.4002  val_all=0.6126
Ep037  LR0=6.94e-05  pw=1.21  aucα=0.300  token_p=0.030  dropE=(0.050,0.120)  smooth=0.010  train_loss=0.1697  train_AUPR_all=0.8111  train_AUPR_ab=0.8507  train_AUPR_ag=0.7554  train_P@5_ab=1.0000  train_P@5_ag=1.0000  val_loss=0.3320  val_AUPR_all=0.5966  val_AUPR_ab=0.7543  val_AUPR_ag=0.3982  val_P@5_ab=0.9500  val_P@5_ag=0.9500  select=0.5762
Ep038  LR0=6.45e-05  pw=1.19  aucα=0.300  token_p=0.030  dropE=(0.050,0.120)  smooth=0.010  train_loss=0.1704  train_AUPR_all=0.8083  train_AUPR_ab=0.8506  train_AUPR_ag=0.7484  train_P@5_ab=1.0000  train_P@5_ag=1.0000  val_loss=0.3265  val_AUPR_all=0.6152  val_AUPR_ab=0.7602  val_AUPR_ag=0.4126  val_P@5_ab=1.0000  val_P@5_ag=0.8000  select=0.5864
  Saved checkpoint: checkpoints_old/iPara_balanced_l1_g6_i5_do0.10_dpr0.10_lr0.0002_heads16_fold2.pth  select=0.5864  val_ab=0.7602  val_ag=0.4126  val_all=0.6152
Ep039  LR0=5.97e-05  pw=1.16  aucα=0.300  token_p=0.030  dropE=(0.050,0.120)  smooth=0.010  train_loss=0.1640  train_AUPR_all=0.8170  train_AUPR_ab=0.8544  train_AUPR_ag=0.7643  train_P@5_ab=1.0000  train_P@5_ag=0.9500  val_loss=0.3283  val_AUPR_all=0.5976  val_AUPR_ab=0.7556  val_AUPR_ag=0.3883  val_P@5_ab=1.0000  val_P@5_ag=0.9500  select=0.5720
Ep040  LR0=5.50e-05  pw=1.15  aucα=0.300  token_p=0.030  dropE=(0.050,0.120)  smooth=0.010  train_loss=0.1611  train_AUPR_all=0.8209  train_AUPR_ab=0.8584  train_AUPR_ag=0.7683  train_P@5_ab=1.0000  train_P@5_ag=1.0000  val_loss=0.3231  val_AUPR_all=0.5960  val_AUPR_ab=0.7599  val_AUPR_ag=0.3689  val_P@5_ab=1.0000  val_P@5_ag=0.5500  select=0.5644
Ep041  LR0=5.04e-05  pw=1.13  aucα=0.300  token_p=0.030  dropE=(0.050,0.120)  smooth=0.010  train_loss=0.1547  train_AUPR_all=0.8320  train_AUPR_ab=0.8686  train_AUPR_ag=0.7805  train_P@5_ab=1.0000  train_P@5_ag=1.0000  val_loss=0.3158  val_AUPR_all=0.6029  val_AUPR_ab=0.7552  val_AUPR_ag=0.3909  val_P@5_ab=1.0000  val_P@5_ag=0.5500  select=0.5730
Ep042  LR0=4.59e-05  pw=1.11  aucα=0.300  token_p=0.030  dropE=(0.050,0.120)  smooth=0.010  train_loss=0.1492  train_AUPR_all=0.8389  train_AUPR_ab=0.8723  train_AUPR_ag=0.7921  train_P@5_ab=1.0000  train_P@5_ag=1.0000  val_loss=0.3315  val_AUPR_all=0.5985  val_AUPR_ab=0.7571  val_AUPR_ag=0.3891  val_P@5_ab=0.9500  val_P@5_ag=0.6500  select=0.5731
Ep043  LR0=4.16e-05  pw=1.10  aucα=0.300  token_p=0.030  dropE=(0.050,0.120)  smooth=0.010  train_loss=0.1495  train_AUPR_all=0.8382  train_AUPR_ab=0.8727  train_AUPR_ag=0.7895  train_P@5_ab=1.0000  train_P@5_ag=1.0000  val_loss=0.3207  val_AUPR_all=0.6047  val_AUPR_ab=0.7566  val_AUPR_ag=0.3938  val_P@5_ab=1.0000  val_P@5_ag=0.7000  select=0.5752
Ep044  LR0=3.75e-05  pw=1.09  aucα=0.300  token_p=0.030  dropE=(0.050,0.120)  smooth=0.010  train_loss=0.1467  train_AUPR_all=0.8423  train_AUPR_ab=0.8761  train_AUPR_ag=0.7947  train_P@5_ab=1.0000  train_P@5_ag=0.9000  val_loss=0.3184  val_AUPR_all=0.5980  val_AUPR_ab=0.7497  val_AUPR_ag=0.3945  val_P@5_ab=1.0000  val_P@5_ag=0.8000  select=0.5721
Ep045  LR0=3.35e-05  pw=1.08  aucα=0.300  token_p=0.030  dropE=(0.050,0.120)  smooth=0.010  train_loss=0.1429  train_AUPR_all=0.8485  train_AUPR_ab=0.8804  train_AUPR_ag=0.8037  train_P@5_ab=1.0000  train_P@5_ag=1.0000  val_loss=0.3262  val_AUPR_all=0.5894  val_AUPR_ab=0.7562  val_AUPR_ag=0.3774  val_P@5_ab=1.0000  val_P@5_ag=0.6000  select=0.5668
Ep046  LR0=2.97e-05  pw=1.07  aucα=0.300  token_p=0.030  dropE=(0.050,0.120)  smooth=0.010  train_loss=0.1414  train_AUPR_all=0.8508  train_AUPR_ab=0.8845  train_AUPR_ag=0.8026  train_P@5_ab=1.0000  train_P@5_ag=1.0000  val_loss=0.3234  val_AUPR_all=0.5935  val_AUPR_ab=0.7515  val_AUPR_ag=0.3837  val_P@5_ab=1.0000  val_P@5_ag=0.7000  select=0.5676
Ep047  LR0=2.61e-05  pw=1.06  aucα=0.300  token_p=0.030  dropE=(0.050,0.120)  smooth=0.010  train_loss=0.1394  train_AUPR_all=0.8536  train_AUPR_ab=0.8862  train_AUPR_ag=0.8071  train_P@5_ab=0.9500  train_P@5_ag=1.0000  val_loss=0.3238  val_AUPR_all=0.5981  val_AUPR_ab=0.7539  val_AUPR_ag=0.3948  val_P@5_ab=1.0000  val_P@5_ag=0.7500  select=0.5743
Ep048  LR0=2.27e-05  pw=1.05  aucα=0.300  token_p=0.030  dropE=(0.050,0.120)  smooth=0.010  train_loss=0.1353  train_AUPR_all=0.8598  train_AUPR_ab=0.8907  train_AUPR_ag=0.8162  train_P@5_ab=1.0000  train_P@5_ag=0.9500  val_loss=0.3190  val_AUPR_all=0.6000  val_AUPR_ab=0.7573  val_AUPR_ag=0.3925  val_P@5_ab=1.0000  val_P@5_ag=0.6500  select=0.5749
Ep049  LR0=1.96e-05  pw=1.05  aucα=0.300  token_p=0.030  dropE=(0.050,0.120)  smooth=0.010  train_loss=0.1327  train_AUPR_all=0.8643  train_AUPR_ab=0.8947  train_AUPR_ag=0.8214  train_P@5_ab=1.0000  train_P@5_ag=1.0000  val_loss=0.3250  val_AUPR_all=0.5966  val_AUPR_ab=0.7524  val_AUPR_ag=0.3906  val_P@5_ab=0.9500  val_P@5_ag=0.7000  select=0.5715
Ep050  LR0=1.66e-05  pw=1.04  aucα=0.300  token_p=0.030  dropE=(0.050,0.120)  smooth=0.010  train_loss=0.1297  train_AUPR_all=0.8684  train_AUPR_ab=0.8974  train_AUPR_ag=0.8271  train_P@5_ab=1.0000  train_P@5_ag=1.0000  val_loss=0.3284  val_AUPR_all=0.5953  val_AUPR_ab=0.7534  val_AUPR_ag=0.3873  val_P@5_ab=1.0000  val_P@5_ag=0.6500  select=0.5704
Ep051  LR0=1.39e-05  pw=1.04  aucα=0.300  token_p=0.030  dropE=(0.050,0.120)  smooth=0.010  train_loss=0.1296  train_AUPR_all=0.8680  train_AUPR_ab=0.8980  train_AUPR_ag=0.8255  train_P@5_ab=0.9500  train_P@5_ag=0.9500  val_loss=0.3246  val_AUPR_all=0.5945  val_AUPR_ab=0.7529  val_AUPR_ag=0.3897  val_P@5_ab=1.0000  val_P@5_ag=0.7000  select=0.5713
Ep052  LR0=1.14e-05  pw=1.03  aucα=0.300  token_p=0.030  dropE=(0.050,0.120)  smooth=0.010  train_loss=0.1276  train_AUPR_all=0.8732  train_AUPR_ab=0.9034  train_AUPR_ag=0.8300  train_P@5_ab=1.0000  train_P@5_ag=1.0000  val_loss=0.3239  val_AUPR_all=0.5965  val_AUPR_ab=0.7516  val_AUPR_ag=0.3920  val_P@5_ab=0.9500  val_P@5_ag=0.7500  select=0.5718
Ep053  LR0=9.12e-06  pw=1.03  aucα=0.300  token_p=0.030  dropE=(0.050,0.120)  smooth=0.010  train_loss=0.1303  train_AUPR_all=0.8671  train_AUPR_ab=0.8950  train_AUPR_ag=0.8280  train_P@5_ab=1.0000  train_P@5_ag=1.0000  val_loss=0.3241  val_AUPR_all=0.5952  val_AUPR_ab=0.7527  val_AUPR_ag=0.3925  val_P@5_ab=0.9500  val_P@5_ag=0.7500  select=0.5726
Ep054  LR0=7.13e-06  pw=1.03  aucα=0.300  token_p=0.030  dropE=(0.050,0.120)  smooth=0.010  train_loss=0.1271  train_AUPR_all=0.8711  train_AUPR_ab=0.9002  train_AUPR_ag=0.8296  train_P@5_ab=1.0000  train_P@5_ag=1.0000  val_loss=0.3235  val_AUPR_all=0.5949  val_AUPR_ab=0.7523  val_AUPR_ag=0.3928  val_P@5_ab=0.9500  val_P@5_ag=0.7000  select=0.5725
Ep055  LR0=5.38e-06  pw=1.02  aucα=0.300  token_p=0.030  dropE=(0.050,0.120)  smooth=0.010  train_loss=0.1275  train_AUPR_all=0.8723  train_AUPR_ab=0.9013  train_AUPR_ag=0.8313  train_P@5_ab=1.0000  train_P@5_ag=1.0000  val_loss=0.3225  val_AUPR_all=0.5945  val_AUPR_ab=0.7513  val_AUPR_ag=0.3955  val_P@5_ab=1.0000  val_P@5_ag=0.6500  select=0.5734
Ep056  LR0=3.90e-06  pw=1.02  aucα=0.300  token_p=0.030  dropE=(0.050,0.120)  smooth=0.010  train_loss=0.1298  train_AUPR_all=0.8671  train_AUPR_ab=0.8958  train_AUPR_ag=0.8265  train_P@5_ab=1.0000  train_P@5_ag=1.0000  val_loss=0.3256  val_AUPR_all=0.5922  val_AUPR_ab=0.7516  val_AUPR_ag=0.3906  val_P@5_ab=1.0000  val_P@5_ag=0.7000  select=0.5711
Ep057  LR0=2.68e-06  pw=1.02  aucα=0.300  token_p=0.030  dropE=(0.050,0.120)  smooth=0.010  train_loss=0.1260  train_AUPR_all=0.8737  train_AUPR_ab=0.9033  train_AUPR_ag=0.8314  train_P@5_ab=1.0000  train_P@5_ag=1.0000  val_loss=0.3250  val_AUPR_all=0.5940  val_AUPR_ab=0.7501  val_AUPR_ag=0.3883  val_P@5_ab=0.9500  val_P@5_ag=0.7000  select=0.5692
Ep058  LR0=1.73e-06  pw=1.02  aucα=0.300  token_p=0.030  dropE=(0.050,0.120)  smooth=0.010  train_loss=0.1244  train_AUPR_all=0.8768  train_AUPR_ab=0.9058  train_AUPR_ag=0.8354  train_P@5_ab=1.0000  train_P@5_ag=1.0000  val_loss=0.3245  val_AUPR_all=0.5944  val_AUPR_ab=0.7513  val_AUPR_ag=0.3897  val_P@5_ab=0.9500  val_P@5_ag=0.7000  select=0.5705
Early stopping at epoch 58. Best select=0.5864 at epoch 38.
Final saved checkpoint for fold 2: checkpoints_old/iPara_balanced_l1_g6_i5_do0.10_dpr0.10_lr0.0002_heads16_fold2.pth
Best select=0.5864 at epoch 38

==========================================================================================
Fold 3/5
==========================================================================================
Train labels: valid=401949, pos=26660, neg=375289, ignore=695651, pos_frac=0.06633
Val labels: valid=98243, pos=6570, neg=91673, ignore=176957, pos_frac=0.06687
Initializing ClassificationModel with 6 GAT layers and residual connections...
Initializing MCModel with 6 GAT layers and 5 row attention layers (drop_path_rate=0.1)
Initializing CoreModel with 1 layers, drop_path_rate=0.1
Ep001  LR0=2.00e-04  pw=20.00  aucα=0.000  token_p=0.030  dropE=(0.050,0.120)  smooth=0.010  train_loss=1.0487  train_AUPR_all=0.2319  train_AUPR_ab=0.2775  train_AUPR_ag=0.1689  train_P@5_ab=0.3500  train_P@5_ag=0.2500  val_loss=1.0765  val_AUPR_all=0.4433  val_AUPR_ab=0.5110  val_AUPR_ag=0.3215  val_P@5_ab=0.4500  val_P@5_ag=1.0000  select=0.4163
  Saved checkpoint: checkpoints_old/iPara_balanced_l1_g6_i5_do0.10_dpr0.10_lr0.0002_heads16_fold3.pth  select=0.4163  val_ab=0.5110  val_ag=0.3215  val_all=0.4433
Ep002  LR0=2.00e-04  pw=17.77  aucα=0.000  token_p=0.030  dropE=(0.050,0.120)  smooth=0.010  train_loss=0.7874  train_AUPR_all=0.3900  train_AUPR_ab=0.4695  train_AUPR_ag=0.2549  train_P@5_ab=0.6000  train_P@5_ag=1.0000  val_loss=0.9492  val_AUPR_all=0.4827  val_AUPR_ab=0.5698  val_AUPR_ag=0.3434  val_P@5_ab=0.7500  val_P@5_ag=1.0000  select=0.4566
  Saved checkpoint: checkpoints_old/iPara_balanced_l1_g6_i5_do0.10_dpr0.10_lr0.0002_heads16_fold3.pth  select=0.4566  val_ab=0.5698  val_ag=0.3434  val_all=0.4827
Ep003  LR0=1.99e-04  pw=15.80  aucα=0.000  token_p=0.030  dropE=(0.050,0.120)  smooth=0.010  train_loss=0.7259  train_AUPR_all=0.4336  train_AUPR_ab=0.5236  train_AUPR_ag=0.2801  train_P@5_ab=0.7000  train_P@5_ag=0.7000  val_loss=0.8927  val_AUPR_all=0.5041  val_AUPR_ab=0.6031  val_AUPR_ag=0.3613  val_P@5_ab=0.8000  val_P@5_ag=1.0000  select=0.4822
  Saved checkpoint: checkpoints_old/iPara_balanced_l1_g6_i5_do0.10_dpr0.10_lr0.0002_heads16_fold3.pth  select=0.4822  val_ab=0.6031  val_ag=0.3613  val_all=0.5041
Ep004  LR0=1.99e-04  pw=14.06  aucα=0.000  token_p=0.030  dropE=(0.050,0.120)  smooth=0.010  train_loss=0.6444  train_AUPR_all=0.4611  train_AUPR_ab=0.5451  train_AUPR_ag=0.3160  train_P@5_ab=0.5000  train_P@5_ag=1.0000  val_loss=0.8728  val_AUPR_all=0.5270  val_AUPR_ab=0.6183  val_AUPR_ag=0.3490  val_P@5_ab=0.8000  val_P@5_ag=0.9000  select=0.4837
  Saved checkpoint: checkpoints_old/iPara_balanced_l1_g6_i5_do0.10_dpr0.10_lr0.0002_heads16_fold3.pth  select=0.4837  val_ab=0.6183  val_ag=0.3490  val_all=0.5270
Unfreezing DyM parameters.
Ep005  LR0=1.98e-04  pw=12.52  aucα=0.000  token_p=0.030  dropE=(0.050,0.120)  smooth=0.010  train_loss=0.5937  train_AUPR_all=0.4941  train_AUPR_ab=0.5813  train_AUPR_ag=0.3348  train_P@5_ab=0.7000  train_P@5_ag=0.9000  val_loss=0.8636  val_AUPR_all=0.5192  val_AUPR_ab=0.6291  val_AUPR_ag=0.3572  val_P@5_ab=0.8000  val_P@5_ag=0.9000  select=0.4931
  Saved checkpoint: checkpoints_old/iPara_balanced_l1_g6_i5_do0.10_dpr0.10_lr0.0002_heads16_fold3.pth  select=0.4931  val_ab=0.6291  val_ag=0.3572  val_all=0.5192
Ep006  LR0=1.97e-04  pw=11.17  aucα=0.000  token_p=0.030  dropE=(0.050,0.120)  smooth=0.010  train_loss=0.5561  train_AUPR_all=0.5016  train_AUPR_ab=0.5945  train_AUPR_ag=0.3411  train_P@5_ab=0.6500  train_P@5_ag=0.8500  val_loss=0.7183  val_AUPR_all=0.5573  val_AUPR_ab=0.6716  val_AUPR_ag=0.3617  val_P@5_ab=0.9000  val_P@5_ag=1.0000  select=0.5166
  Saved checkpoint: checkpoints_old/iPara_balanced_l1_g6_i5_do0.10_dpr0.10_lr0.0002_heads16_fold3.pth  select=0.5166  val_ab=0.6716  val_ag=0.3617  val_all=0.5573
Ep007  LR0=1.95e-04  pw=9.97  aucα=0.000  token_p=0.030  dropE=(0.050,0.120)  smooth=0.010  train_loss=0.5189  train_AUPR_all=0.5210  train_AUPR_ab=0.6196  train_AUPR_ag=0.3483  train_P@5_ab=0.8000  train_P@5_ag=0.8500  val_loss=0.6916  val_AUPR_all=0.5623  val_AUPR_ab=0.6648  val_AUPR_ag=0.3827  val_P@5_ab=0.8000  val_P@5_ag=1.0000  select=0.5238
  Saved checkpoint: checkpoints_old/iPara_balanced_l1_g6_i5_do0.10_dpr0.10_lr0.0002_heads16_fold3.pth  select=0.5238  val_ab=0.6648  val_ag=0.3827  val_all=0.5623
Ep008  LR0=1.93e-04  pw=8.92  aucα=0.000  token_p=0.030  dropE=(0.050,0.120)  smooth=0.010  train_loss=0.4869  train_AUPR_all=0.5397  train_AUPR_ab=0.6456  train_AUPR_ag=0.3625  train_P@5_ab=0.8500  train_P@5_ag=0.9500  val_loss=0.6346  val_AUPR_all=0.5739  val_AUPR_ab=0.6773  val_AUPR_ag=0.3858  val_P@5_ab=0.8000  val_P@5_ag=1.0000  select=0.5316
  Saved checkpoint: checkpoints_old/iPara_balanced_l1_g6_i5_do0.10_dpr0.10_lr0.0002_heads16_fold3.pth  select=0.5316  val_ab=0.6773  val_ag=0.3858  val_all=0.5739
Ep009  LR0=1.91e-04  pw=7.99  aucα=0.000  token_p=0.030  dropE=(0.050,0.120)  smooth=0.010  train_loss=0.4489  train_AUPR_all=0.5448  train_AUPR_ab=0.6414  train_AUPR_ag=0.3759  train_P@5_ab=1.0000  train_P@5_ag=0.8000  val_loss=0.6130  val_AUPR_all=0.5780  val_AUPR_ab=0.6890  val_AUPR_ag=0.3814  val_P@5_ab=1.0000  val_P@5_ag=1.0000  select=0.5352
  Saved checkpoint: checkpoints_old/iPara_balanced_l1_g6_i5_do0.10_dpr0.10_lr0.0002_heads16_fold3.pth  select=0.5352  val_ab=0.6890  val_ag=0.3814  val_all=0.5780
Ep010  LR0=1.89e-04  pw=7.17  aucα=0.030  token_p=0.030  dropE=(0.050,0.120)  smooth=0.010  train_loss=0.4392  train_AUPR_all=0.5602  train_AUPR_ab=0.6617  train_AUPR_ag=0.3831  train_P@5_ab=1.0000  train_P@5_ag=1.0000  val_loss=0.5870  val_AUPR_all=0.5776  val_AUPR_ab=0.6936  val_AUPR_ag=0.3824  val_P@5_ab=0.9000  val_P@5_ag=1.0000  select=0.5380
  Saved checkpoint: checkpoints_old/iPara_balanced_l1_g6_i5_do0.10_dpr0.10_lr0.0002_heads16_fold3.pth  select=0.5380  val_ab=0.6936  val_ag=0.3824  val_all=0.5776
Ep011  LR0=1.87e-04  pw=6.44  aucα=0.060  token_p=0.030  dropE=(0.050,0.120)  smooth=0.010  train_loss=0.4231  train_AUPR_all=0.5693  train_AUPR_ab=0.6772  train_AUPR_ag=0.3864  train_P@5_ab=0.8000  train_P@5_ag=1.0000  val_loss=0.5463  val_AUPR_all=0.5887  val_AUPR_ab=0.7028  val_AUPR_ag=0.3873  val_P@5_ab=1.0000  val_P@5_ag=1.0000  select=0.5450
  Saved checkpoint: checkpoints_old/iPara_balanced_l1_g6_i5_do0.10_dpr0.10_lr0.0002_heads16_fold3.pth  select=0.5450  val_ab=0.7028  val_ag=0.3873  val_all=0.5887
Ep012  LR0=1.84e-04  pw=5.80  aucα=0.090  token_p=0.030  dropE=(0.050,0.120)  smooth=0.010  train_loss=0.4145  train_AUPR_all=0.5774  train_AUPR_ab=0.6822  train_AUPR_ag=0.4026  train_P@5_ab=0.9000  train_P@5_ag=1.0000  val_loss=0.5402  val_AUPR_all=0.5884  val_AUPR_ab=0.7107  val_AUPR_ag=0.3879  val_P@5_ab=0.8500  val_P@5_ag=1.0000  select=0.5493
  Saved checkpoint: checkpoints_old/iPara_balanced_l1_g6_i5_do0.10_dpr0.10_lr0.0002_heads16_fold3.pth  select=0.5493  val_ab=0.7107  val_ag=0.3879  val_all=0.5884
Ep013  LR0=1.81e-04  pw=5.24  aucα=0.120  token_p=0.030  dropE=(0.050,0.120)  smooth=0.010  train_loss=0.4045  train_AUPR_all=0.5843  train_AUPR_ab=0.6900  train_AUPR_ag=0.4083  train_P@5_ab=0.8500  train_P@5_ag=0.9000  val_loss=0.4926  val_AUPR_all=0.5954  val_AUPR_ab=0.7141  val_AUPR_ag=0.4010  val_P@5_ab=0.9000  val_P@5_ag=1.0000  select=0.5576
  Saved checkpoint: checkpoints_old/iPara_balanced_l1_g6_i5_do0.10_dpr0.10_lr0.0002_heads16_fold3.pth  select=0.5576  val_ab=0.7141  val_ag=0.4010  val_all=0.5954
Ep014  LR0=1.78e-04  pw=4.74  aucα=0.150  token_p=0.030  dropE=(0.050,0.120)  smooth=0.010  train_loss=0.3964  train_AUPR_all=0.5910  train_AUPR_ab=0.6916  train_AUPR_ag=0.4229  train_P@5_ab=0.9000  train_P@5_ag=1.0000  val_loss=0.4849  val_AUPR_all=0.5958  val_AUPR_ab=0.7190  val_AUPR_ag=0.3931  val_P@5_ab=1.0000  val_P@5_ag=1.0000  select=0.5560
Ep015  LR0=1.74e-04  pw=4.30  aucα=0.180  token_p=0.030  dropE=(0.050,0.120)  smooth=0.010  train_loss=0.3847  train_AUPR_all=0.6037  train_AUPR_ab=0.7064  train_AUPR_ag=0.4330  train_P@5_ab=0.9500  train_P@5_ag=1.0000  val_loss=0.4672  val_AUPR_all=0.5872  val_AUPR_ab=0.7241  val_AUPR_ag=0.3775  val_P@5_ab=0.9500  val_P@5_ag=0.8000  select=0.5508
Ep016  LR0=1.71e-04  pw=3.91  aucα=0.210  token_p=0.030  dropE=(0.050,0.120)  smooth=0.010  train_loss=0.3763  train_AUPR_all=0.6176  train_AUPR_ab=0.7206  train_AUPR_ag=0.4499  train_P@5_ab=0.9000  train_P@5_ag=1.0000  val_loss=0.4576  val_AUPR_all=0.5846  val_AUPR_ab=0.7062  val_AUPR_ag=0.3898  val_P@5_ab=0.9000  val_P@5_ag=0.9500  select=0.5480
Ep017  LR0=1.67e-04  pw=3.57  aucα=0.240  token_p=0.030  dropE=(0.050,0.120)  smooth=0.010  train_loss=0.3671  train_AUPR_all=0.6256  train_AUPR_ab=0.7239  train_AUPR_ag=0.4676  train_P@5_ab=1.0000  train_P@5_ag=1.0000  val_loss=0.4307  val_AUPR_all=0.6034  val_AUPR_ab=0.7339  val_AUPR_ag=0.3999  val_P@5_ab=0.9500  val_P@5_ag=0.9500  select=0.5669
  Saved checkpoint: checkpoints_old/iPara_balanced_l1_g6_i5_do0.10_dpr0.10_lr0.0002_heads16_fold3.pth  select=0.5669  val_ab=0.7339  val_ag=0.3999  val_all=0.6034
Ep018  LR0=1.63e-04  pw=3.27  aucα=0.270  token_p=0.030  dropE=(0.050,0.120)  smooth=0.010  train_loss=0.3611  train_AUPR_all=0.6344  train_AUPR_ab=0.7315  train_AUPR_ag=0.4802  train_P@5_ab=0.9500  train_P@5_ag=0.9000  val_loss=0.4085  val_AUPR_all=0.5973  val_AUPR_ab=0.7245  val_AUPR_ag=0.3973  val_P@5_ab=0.9500  val_P@5_ag=1.0000  select=0.5609
Ep019  LR0=1.59e-04  pw=3.00  aucα=0.300  token_p=0.030  dropE=(0.050,0.120)  smooth=0.010  train_loss=0.3618  train_AUPR_all=0.6386  train_AUPR_ab=0.7349  train_AUPR_ag=0.4856  train_P@5_ab=0.9500  train_P@5_ag=1.0000  val_loss=0.4037  val_AUPR_all=0.6014  val_AUPR_ab=0.7397  val_AUPR_ag=0.3999  val_P@5_ab=1.0000  val_P@5_ag=0.9500  select=0.5698
  Saved checkpoint: checkpoints_old/iPara_balanced_l1_g6_i5_do0.10_dpr0.10_lr0.0002_heads16_fold3.pth  select=0.5698  val_ab=0.7397  val_ag=0.3999  val_all=0.6014
Ep020  LR0=1.55e-04  pw=2.77  aucα=0.300  token_p=0.030  dropE=(0.050,0.120)  smooth=0.010  train_loss=0.3403  train_AUPR_all=0.6487  train_AUPR_ab=0.7397  train_AUPR_ag=0.5063  train_P@5_ab=1.0000  train_P@5_ag=0.9500  val_loss=0.4159  val_AUPR_all=0.5981  val_AUPR_ab=0.7402  val_AUPR_ag=0.3791  val_P@5_ab=1.0000  val_P@5_ag=0.9500  select=0.5597
Ep021  LR0=1.50e-04  pw=2.56  aucα=0.300  token_p=0.030  dropE=(0.050,0.120)  smooth=0.010  train_loss=0.3267  train_AUPR_all=0.6560  train_AUPR_ab=0.7477  train_AUPR_ag=0.5138  train_P@5_ab=1.0000  train_P@5_ag=1.0000  val_loss=0.3822  val_AUPR_all=0.6029  val_AUPR_ab=0.7324  val_AUPR_ag=0.3925  val_P@5_ab=0.9000  val_P@5_ag=1.0000  select=0.5624
Ep022  LR0=1.46e-04  pw=2.38  aucα=0.300  token_p=0.030  dropE=(0.050,0.120)  smooth=0.010  train_loss=0.3032  train_AUPR_all=0.6755  train_AUPR_ab=0.7555  train_AUPR_ag=0.5535  train_P@5_ab=1.0000  train_P@5_ag=0.9500  val_loss=0.3857  val_AUPR_all=0.6005  val_AUPR_ab=0.7372  val_AUPR_ag=0.3900  val_P@5_ab=0.9500  val_P@5_ag=0.9500  select=0.5636
Ep023  LR0=1.41e-04  pw=2.21  aucα=0.300  token_p=0.030  dropE=(0.050,0.120)  smooth=0.010  train_loss=0.2925  train_AUPR_all=0.6831  train_AUPR_ab=0.7659  train_AUPR_ag=0.5574  train_P@5_ab=0.9500  train_P@5_ag=1.0000  val_loss=0.3874  val_AUPR_all=0.5961  val_AUPR_ab=0.7504  val_AUPR_ag=0.3752  val_P@5_ab=1.0000  val_P@5_ag=0.7500  select=0.5628
Ep024  LR0=1.36e-04  pw=2.07  aucα=0.300  token_p=0.030  dropE=(0.050,0.120)  smooth=0.010  train_loss=0.2793  train_AUPR_all=0.6933  train_AUPR_ab=0.7694  train_AUPR_ag=0.5787  train_P@5_ab=1.0000  train_P@5_ag=1.0000  val_loss=0.3907  val_AUPR_all=0.5886  val_AUPR_ab=0.7463  val_AUPR_ag=0.3589  val_P@5_ab=1.0000  val_P@5_ag=0.9500  select=0.5526
Ep025  LR0=1.31e-04  pw=1.95  aucα=0.300  token_p=0.030  dropE=(0.050,0.120)  smooth=0.010  train_loss=0.2636  train_AUPR_all=0.7080  train_AUPR_ab=0.7806  train_AUPR_ag=0.5997  train_P@5_ab=1.0000  train_P@5_ag=0.9000  val_loss=0.3689  val_AUPR_all=0.6014  val_AUPR_ab=0.7507  val_AUPR_ag=0.3901  val_P@5_ab=1.0000  val_P@5_ag=0.8000  select=0.5704
  Saved checkpoint: checkpoints_old/iPara_balanced_l1_g6_i5_do0.10_dpr0.10_lr0.0002_heads16_fold3.pth  select=0.5704  val_ab=0.7507  val_ag=0.3901  val_all=0.6014
Ep026  LR0=1.26e-04  pw=1.83  aucα=0.300  token_p=0.030  dropE=(0.050,0.120)  smooth=0.010  train_loss=0.2543  train_AUPR_all=0.7141  train_AUPR_ab=0.7855  train_AUPR_ag=0.6076  train_P@5_ab=1.0000  train_P@5_ag=1.0000  val_loss=0.3676  val_AUPR_all=0.5830  val_AUPR_ab=0.7559  val_AUPR_ag=0.3714  val_P@5_ab=1.0000  val_P@5_ag=0.8000  select=0.5636
Ep027  LR0=1.21e-04  pw=1.74  aucα=0.300  token_p=0.030  dropE=(0.050,0.120)  smooth=0.010  train_loss=0.2452  train_AUPR_all=0.7202  train_AUPR_ab=0.7867  train_AUPR_ag=0.6221  train_P@5_ab=0.9500  train_P@5_ag=0.9000  val_loss=0.3525  val_AUPR_all=0.5940  val_AUPR_ab=0.7502  val_AUPR_ag=0.3692  val_P@5_ab=1.0000  val_P@5_ag=1.0000  select=0.5597
Ep028  LR0=1.16e-04  pw=1.65  aucα=0.300  token_p=0.030  dropE=(0.050,0.120)  smooth=0.010  train_loss=0.2355  train_AUPR_all=0.7291  train_AUPR_ab=0.7917  train_AUPR_ag=0.6375  train_P@5_ab=1.0000  train_P@5_ag=0.9500  val_loss=0.3562  val_AUPR_all=0.5954  val_AUPR_ab=0.7524  val_AUPR_ag=0.3752  val_P@5_ab=1.0000  val_P@5_ag=0.8500  select=0.5638
Ep029  LR0=1.11e-04  pw=1.57  aucα=0.300  token_p=0.030  dropE=(0.050,0.120)  smooth=0.010  train_loss=0.2240  train_AUPR_all=0.7449  train_AUPR_ab=0.8047  train_AUPR_ag=0.6576  train_P@5_ab=1.0000  train_P@5_ag=0.9500  val_loss=0.3499  val_AUPR_all=0.5852  val_AUPR_ab=0.7507  val_AUPR_ag=0.3904  val_P@5_ab=0.9500  val_P@5_ag=0.9000  select=0.5705
  Saved checkpoint: checkpoints_old/iPara_balanced_l1_g6_i5_do0.10_dpr0.10_lr0.0002_heads16_fold3.pth  select=0.5705  val_ab=0.7507  val_ag=0.3904  val_all=0.5852
Ep030  LR0=1.05e-04  pw=1.51  aucα=0.300  token_p=0.030  dropE=(0.050,0.120)  smooth=0.010  train_loss=0.2157  train_AUPR_all=0.7526  train_AUPR_ab=0.8100  train_AUPR_ag=0.6689  train_P@5_ab=0.9500  train_P@5_ag=0.9500  val_loss=0.3364  val_AUPR_all=0.6070  val_AUPR_ab=0.7551  val_AUPR_ag=0.4071  val_P@5_ab=1.0000  val_P@5_ag=1.0000  select=0.5811
  Saved checkpoint: checkpoints_old/iPara_balanced_l1_g6_i5_do0.10_dpr0.10_lr0.0002_heads16_fold3.pth  select=0.5811  val_ab=0.7551  val_ag=0.4071  val_all=0.6070
Ep031  LR0=1.00e-04  pw=1.45  aucα=0.300  token_p=0.030  dropE=(0.050,0.120)  smooth=0.010  train_loss=0.2091  train_AUPR_all=0.7585  train_AUPR_ab=0.8115  train_AUPR_ag=0.6824  train_P@5_ab=1.0000  train_P@5_ag=1.0000  val_loss=0.3354  val_AUPR_all=0.6103  val_AUPR_ab=0.7594  val_AUPR_ag=0.4104  val_P@5_ab=1.0000  val_P@5_ag=1.0000  select=0.5849
  Saved checkpoint: checkpoints_old/iPara_balanced_l1_g6_i5_do0.10_dpr0.10_lr0.0002_heads16_fold3.pth  select=0.5849  val_ab=0.7594  val_ag=0.4104  val_all=0.6103
Ep032  LR0=9.50e-05  pw=1.39  aucα=0.300  token_p=0.030  dropE=(0.050,0.120)  smooth=0.010  train_loss=0.1981  train_AUPR_all=0.7732  train_AUPR_ab=0.8203  train_AUPR_ag=0.7061  train_P@5_ab=1.0000  train_P@5_ag=1.0000  val_loss=0.3443  val_AUPR_all=0.6017  val_AUPR_ab=0.7528  val_AUPR_ag=0.3895  val_P@5_ab=1.0000  val_P@5_ag=1.0000  select=0.5711
Ep033  LR0=8.98e-05  pw=1.35  aucα=0.300  token_p=0.030  dropE=(0.050,0.120)  smooth=0.010  train_loss=0.1946  train_AUPR_all=0.7746  train_AUPR_ab=0.8202  train_AUPR_ag=0.7098  train_P@5_ab=0.9500  train_P@5_ag=1.0000  val_loss=0.3383  val_AUPR_all=0.6088  val_AUPR_ab=0.7594  val_AUPR_ag=0.4004  val_P@5_ab=1.0000  val_P@5_ag=1.0000  select=0.5799
Ep034  LR0=8.46e-05  pw=1.31  aucα=0.300  token_p=0.030  dropE=(0.050,0.120)  smooth=0.010  train_loss=0.1896  train_AUPR_all=0.7811  train_AUPR_ab=0.8302  train_AUPR_ag=0.7102  train_P@5_ab=1.0000  train_P@5_ag=0.9500  val_loss=0.3334  val_AUPR_all=0.6023  val_AUPR_ab=0.7518  val_AUPR_ag=0.3976  val_P@5_ab=1.0000  val_P@5_ag=1.0000  select=0.5747
Ep035  LR0=7.95e-05  pw=1.27  aucα=0.300  token_p=0.030  dropE=(0.050,0.120)  smooth=0.010  train_loss=0.1790  train_AUPR_all=0.7976  train_AUPR_ab=0.8408  train_AUPR_ag=0.7362  train_P@5_ab=1.0000  train_P@5_ag=1.0000  val_loss=0.3287  val_AUPR_all=0.5981  val_AUPR_ab=0.7492  val_AUPR_ag=0.3970  val_P@5_ab=1.0000  val_P@5_ag=1.0000  select=0.5731
Ep036  LR0=7.44e-05  pw=1.24  aucα=0.300  token_p=0.030  dropE=(0.050,0.120)  smooth=0.010  train_loss=0.1772  train_AUPR_all=0.7970  train_AUPR_ab=0.8392  train_AUPR_ag=0.7374  train_P@5_ab=1.0000  train_P@5_ag=0.9000  val_loss=0.3270  val_AUPR_all=0.6052  val_AUPR_ab=0.7592  val_AUPR_ag=0.3888  val_P@5_ab=1.0000  val_P@5_ag=1.0000  select=0.5740
Ep037  LR0=6.94e-05  pw=1.21  aucα=0.300  token_p=0.030  dropE=(0.050,0.120)  smooth=0.010  train_loss=0.1694  train_AUPR_all=0.8095  train_AUPR_ab=0.8475  train_AUPR_ag=0.7559  train_P@5_ab=1.0000  train_P@5_ag=1.0000  val_loss=0.3238  val_AUPR_all=0.5941  val_AUPR_ab=0.7490  val_AUPR_ag=0.3965  val_P@5_ab=0.9000  val_P@5_ag=1.0000  select=0.5728
Ep038  LR0=6.45e-05  pw=1.19  aucα=0.300  token_p=0.030  dropE=(0.050,0.120)  smooth=0.010  train_loss=0.1628  train_AUPR_all=0.8208  train_AUPR_ab=0.8591  train_AUPR_ag=0.7661  train_P@5_ab=1.0000  train_P@5_ag=1.0000  val_loss=0.3386  val_AUPR_all=0.5915  val_AUPR_ab=0.7522  val_AUPR_ag=0.3929  val_P@5_ab=1.0000  val_P@5_ag=1.0000  select=0.5726
Ep039  LR0=5.97e-05  pw=1.16  aucα=0.300  token_p=0.030  dropE=(0.050,0.120)  smooth=0.010  train_loss=0.1585  train_AUPR_all=0.8254  train_AUPR_ab=0.8631  train_AUPR_ag=0.7720  train_P@5_ab=1.0000  train_P@5_ag=1.0000  val_loss=0.3338  val_AUPR_all=0.5917  val_AUPR_ab=0.7507  val_AUPR_ag=0.3887  val_P@5_ab=1.0000  val_P@5_ag=0.9500  select=0.5697
Ep040  LR0=5.50e-05  pw=1.15  aucα=0.300  token_p=0.030  dropE=(0.050,0.120)  smooth=0.010  train_loss=0.1566  train_AUPR_all=0.8290  train_AUPR_ab=0.8645  train_AUPR_ag=0.7788  train_P@5_ab=1.0000  train_P@5_ag=1.0000  val_loss=0.3253  val_AUPR_all=0.5973  val_AUPR_ab=0.7484  val_AUPR_ag=0.3880  val_P@5_ab=1.0000  val_P@5_ag=0.8500  select=0.5682
Ep041  LR0=5.04e-05  pw=1.13  aucα=0.300  token_p=0.030  dropE=(0.050,0.120)  smooth=0.010  train_loss=0.1518  train_AUPR_all=0.8349  train_AUPR_ab=0.8709  train_AUPR_ag=0.7834  train_P@5_ab=1.0000  train_P@5_ag=1.0000  val_loss=0.3227  val_AUPR_all=0.5915  val_AUPR_ab=0.7492  val_AUPR_ag=0.4026  val_P@5_ab=1.0000  val_P@5_ag=0.8500  select=0.5759
Ep042  LR0=4.59e-05  pw=1.11  aucα=0.300  token_p=0.030  dropE=(0.050,0.120)  smooth=0.010  train_loss=0.1462  train_AUPR_all=0.8448  train_AUPR_ab=0.8774  train_AUPR_ag=0.7987  train_P@5_ab=1.0000  train_P@5_ag=1.0000  val_loss=0.3267  val_AUPR_all=0.5926  val_AUPR_ab=0.7470  val_AUPR_ag=0.3871  val_P@5_ab=0.9500  val_P@5_ag=0.8500  select=0.5670
Ep043  LR0=4.16e-05  pw=1.10  aucα=0.300  token_p=0.030  dropE=(0.050,0.120)  smooth=0.010  train_loss=0.1461  train_AUPR_all=0.8451  train_AUPR_ab=0.8784  train_AUPR_ag=0.7976  train_P@5_ab=1.0000  train_P@5_ag=1.0000  val_loss=0.3208  val_AUPR_all=0.5954  val_AUPR_ab=0.7526  val_AUPR_ag=0.3887  val_P@5_ab=1.0000  val_P@5_ag=0.9000  select=0.5707
Ep044  LR0=3.75e-05  pw=1.09  aucα=0.300  token_p=0.030  dropE=(0.050,0.120)  smooth=0.010  train_loss=0.1454  train_AUPR_all=0.8431  train_AUPR_ab=0.8729  train_AUPR_ag=0.8017  train_P@5_ab=1.0000  train_P@5_ag=1.0000  val_loss=0.3254  val_AUPR_all=0.5918  val_AUPR_ab=0.7490  val_AUPR_ag=0.3930  val_P@5_ab=1.0000  val_P@5_ag=0.8000  select=0.5710
Ep045  LR0=3.35e-05  pw=1.08  aucα=0.300  token_p=0.030  dropE=(0.050,0.120)  smooth=0.010  train_loss=0.1388  train_AUPR_all=0.8547  train_AUPR_ab=0.8866  train_AUPR_ag=0.8094  train_P@5_ab=1.0000  train_P@5_ag=1.0000  val_loss=0.3278  val_AUPR_all=0.5787  val_AUPR_ab=0.7475  val_AUPR_ag=0.3821  val_P@5_ab=0.9500  val_P@5_ag=0.8000  select=0.5648
Ep046  LR0=2.97e-05  pw=1.07  aucα=0.300  token_p=0.030  dropE=(0.050,0.120)  smooth=0.010  train_loss=0.1359  train_AUPR_all=0.8592  train_AUPR_ab=0.8902  train_AUPR_ag=0.8151  train_P@5_ab=1.0000  train_P@5_ag=1.0000  val_loss=0.3310  val_AUPR_all=0.5855  val_AUPR_ab=0.7469  val_AUPR_ag=0.3815  val_P@5_ab=1.0000  val_P@5_ag=0.8000  select=0.5642
Ep047  LR0=2.61e-05  pw=1.06  aucα=0.300  token_p=0.030  dropE=(0.050,0.120)  smooth=0.010  train_loss=0.1351  train_AUPR_all=0.8598  train_AUPR_ab=0.8884  train_AUPR_ag=0.8194  train_P@5_ab=1.0000  train_P@5_ag=1.0000  val_loss=0.3270  val_AUPR_all=0.5878  val_AUPR_ab=0.7432  val_AUPR_ag=0.3896  val_P@5_ab=0.9500  val_P@5_ag=0.8500  select=0.5664
Ep048  LR0=2.27e-05  pw=1.05  aucα=0.300  token_p=0.030  dropE=(0.050,0.120)  smooth=0.010  train_loss=0.1355  train_AUPR_all=0.8588  train_AUPR_ab=0.8876  train_AUPR_ag=0.8180  train_P@5_ab=1.0000  train_P@5_ag=1.0000  val_loss=0.3261  val_AUPR_all=0.5877  val_AUPR_ab=0.7436  val_AUPR_ag=0.3867  val_P@5_ab=1.0000  val_P@5_ag=0.8500  select=0.5652
Ep049  LR0=1.96e-05  pw=1.05  aucα=0.300  token_p=0.030  dropE=(0.050,0.120)  smooth=0.010  train_loss=0.1296  train_AUPR_all=0.8681  train_AUPR_ab=0.8966  train_AUPR_ag=0.8277  train_P@5_ab=1.0000  train_P@5_ag=1.0000  val_loss=0.3300  val_AUPR_all=0.5844  val_AUPR_ab=0.7466  val_AUPR_ag=0.3804  val_P@5_ab=1.0000  val_P@5_ag=0.7000  select=0.5635
Ep050  LR0=1.66e-05  pw=1.04  aucα=0.300  token_p=0.030  dropE=(0.050,0.120)  smooth=0.010  train_loss=0.1299  train_AUPR_all=0.8660  train_AUPR_ab=0.8933  train_AUPR_ag=0.8274  train_P@5_ab=0.9500  train_P@5_ag=1.0000  val_loss=0.3276  val_AUPR_all=0.5901  val_AUPR_ab=0.7513  val_AUPR_ag=0.3806  val_P@5_ab=0.9500  val_P@5_ag=0.8000  select=0.5660
Ep051  LR0=1.39e-05  pw=1.04  aucα=0.300  token_p=0.030  dropE=(0.050,0.120)  smooth=0.010  train_loss=0.1303  train_AUPR_all=0.8661  train_AUPR_ab=0.8910  train_AUPR_ag=0.8314  train_P@5_ab=1.0000  train_P@5_ag=1.0000  val_loss=0.3288  val_AUPR_all=0.5872  val_AUPR_ab=0.7470  val_AUPR_ag=0.3831  val_P@5_ab=0.9500  val_P@5_ag=0.8500  select=0.5650
Early stopping at epoch 51. Best select=0.5849 at epoch 31.
Final saved checkpoint for fold 3: checkpoints_old/iPara_balanced_l1_g6_i5_do0.10_dpr0.10_lr0.0002_heads16_fold3.pth
Best select=0.5849 at epoch 31

==========================================================================================
Fold 4/5
==========================================================================================
Train labels: valid=398858, pos=26560, neg=372298, ignore=700342, pos_frac=0.06659
Val labels: valid=101334, pos=6670, neg=94664, ignore=172266, pos_frac=0.06582
Initializing ClassificationModel with 6 GAT layers and residual connections...
Initializing MCModel with 6 GAT layers and 5 row attention layers (drop_path_rate=0.1)
Initializing CoreModel with 1 layers, drop_path_rate=0.1
Ep001  LR0=2.00e-04  pw=20.00  aucα=0.000  token_p=0.030  dropE=(0.050,0.120)  smooth=0.010  train_loss=1.1061  train_AUPR_all=0.2247  train_AUPR_ab=0.2760  train_AUPR_ag=0.1584  train_P@5_ab=0.4500  train_P@5_ag=0.3500  val_loss=1.1506  val_AUPR_all=0.3712  val_AUPR_ab=0.4737  val_AUPR_ag=0.2445  val_P@5_ab=0.7000  val_P@5_ag=0.6000  select=0.3591
  Saved checkpoint: checkpoints_old/iPara_balanced_l1_g6_i5_do0.10_dpr0.10_lr0.0002_heads16_fold4.pth  select=0.3591  val_ab=0.4737  val_ag=0.2445  val_all=0.3712
Ep002  LR0=2.00e-04  pw=17.77  aucα=0.000  token_p=0.030  dropE=(0.050,0.120)  smooth=0.010  train_loss=0.7927  train_AUPR_all=0.3955  train_AUPR_ab=0.4714  train_AUPR_ag=0.2660  train_P@5_ab=0.6500  train_P@5_ag=0.6000  val_loss=1.0718  val_AUPR_all=0.4651  val_AUPR_ab=0.5655  val_AUPR_ag=0.3042  val_P@5_ab=0.8500  val_P@5_ag=0.8000  select=0.4349
  Saved checkpoint: checkpoints_old/iPara_balanced_l1_g6_i5_do0.10_dpr0.10_lr0.0002_heads16_fold4.pth  select=0.4349  val_ab=0.5655  val_ag=0.3042  val_all=0.4651
Ep003  LR0=1.99e-04  pw=15.80  aucα=0.000  token_p=0.030  dropE=(0.050,0.120)  smooth=0.010  train_loss=0.6924  train_AUPR_all=0.4591  train_AUPR_ab=0.5412  train_AUPR_ag=0.3091  train_P@5_ab=0.6500  train_P@5_ag=0.9000  val_loss=0.9209  val_AUPR_all=0.4840  val_AUPR_ab=0.6265  val_AUPR_ag=0.3207  val_P@5_ab=0.9500  val_P@5_ag=0.9500  select=0.4736
  Saved checkpoint: checkpoints_old/iPara_balanced_l1_g6_i5_do0.10_dpr0.10_lr0.0002_heads16_fold4.pth  select=0.4736  val_ab=0.6265  val_ag=0.3207  val_all=0.4840
Ep004  LR0=1.99e-04  pw=14.06  aucα=0.000  token_p=0.030  dropE=(0.050,0.120)  smooth=0.010  train_loss=0.6377  train_AUPR_all=0.4775  train_AUPR_ab=0.5604  train_AUPR_ag=0.3243  train_P@5_ab=0.8000  train_P@5_ag=0.9000  val_loss=0.8444  val_AUPR_all=0.5167  val_AUPR_ab=0.6183  val_AUPR_ag=0.3382  val_P@5_ab=0.7000  val_P@5_ag=0.9500  select=0.4782
  Saved checkpoint: checkpoints_old/iPara_balanced_l1_g6_i5_do0.10_dpr0.10_lr0.0002_heads16_fold4.pth  select=0.4782  val_ab=0.6183  val_ag=0.3382  val_all=0.5167
Unfreezing DyM parameters.
Ep005  LR0=1.98e-04  pw=12.52  aucα=0.000  token_p=0.030  dropE=(0.050,0.120)  smooth=0.010  train_loss=0.5880  train_AUPR_all=0.5017  train_AUPR_ab=0.5840  train_AUPR_ag=0.3447  train_P@5_ab=0.7500  train_P@5_ag=0.9500  val_loss=0.7626  val_AUPR_all=0.5450  val_AUPR_ab=0.6568  val_AUPR_ag=0.3601  val_P@5_ab=1.0000  val_P@5_ag=0.8500  select=0.5085
  Saved checkpoint: checkpoints_old/iPara_balanced_l1_g6_i5_do0.10_dpr0.10_lr0.0002_heads16_fold4.pth  select=0.5085  val_ab=0.6568  val_ag=0.3601  val_all=0.5450
Ep006  LR0=1.97e-04  pw=11.17  aucα=0.000  token_p=0.030  dropE=(0.050,0.120)  smooth=0.010  train_loss=0.5526  train_AUPR_all=0.5121  train_AUPR_ab=0.5952  train_AUPR_ag=0.3577  train_P@5_ab=0.8500  train_P@5_ag=0.8000  val_loss=0.7180  val_AUPR_all=0.5539  val_AUPR_ab=0.6717  val_AUPR_ag=0.3668  val_P@5_ab=0.9500  val_P@5_ag=0.9500  select=0.5193
  Saved checkpoint: checkpoints_old/iPara_balanced_l1_g6_i5_do0.10_dpr0.10_lr0.0002_heads16_fold4.pth  select=0.5193  val_ab=0.6717  val_ag=0.3668  val_all=0.5539
Ep007  LR0=1.95e-04  pw=9.97  aucα=0.000  token_p=0.030  dropE=(0.050,0.120)  smooth=0.010  train_loss=0.5071  train_AUPR_all=0.5341  train_AUPR_ab=0.6239  train_AUPR_ag=0.3711  train_P@5_ab=0.7500  train_P@5_ag=0.9000  val_loss=0.7115  val_AUPR_all=0.5596  val_AUPR_ab=0.6843  val_AUPR_ag=0.3761  val_P@5_ab=0.9500  val_P@5_ag=1.0000  select=0.5302
  Saved checkpoint: checkpoints_old/iPara_balanced_l1_g6_i5_do0.10_dpr0.10_lr0.0002_heads16_fold4.pth  select=0.5302  val_ab=0.6843  val_ag=0.3761  val_all=0.5596
Ep008  LR0=1.93e-04  pw=8.92  aucα=0.000  token_p=0.030  dropE=(0.050,0.120)  smooth=0.010  train_loss=0.4748  train_AUPR_all=0.5383  train_AUPR_ab=0.6244  train_AUPR_ag=0.3775  train_P@5_ab=0.8500  train_P@5_ag=0.9500  val_loss=0.7775  val_AUPR_all=0.5370  val_AUPR_ab=0.6710  val_AUPR_ag=0.3480  val_P@5_ab=1.0000  val_P@5_ag=1.0000  select=0.5095
Ep009  LR0=1.91e-04  pw=7.99  aucα=0.000  token_p=0.030  dropE=(0.050,0.120)  smooth=0.010  train_loss=0.4411  train_AUPR_all=0.5575  train_AUPR_ab=0.6518  train_AUPR_ag=0.3911  train_P@5_ab=0.9500  train_P@5_ag=1.0000  val_loss=0.6700  val_AUPR_all=0.5621  val_AUPR_ab=0.6850  val_AUPR_ag=0.3716  val_P@5_ab=1.0000  val_P@5_ag=0.9500  select=0.5283
Ep010  LR0=1.89e-04  pw=7.17  aucα=0.030  token_p=0.030  dropE=(0.050,0.120)  smooth=0.010  train_loss=0.4299  train_AUPR_all=0.5690  train_AUPR_ab=0.6682  train_AUPR_ag=0.3951  train_P@5_ab=1.0000  train_P@5_ag=0.9500  val_loss=0.5950  val_AUPR_all=0.5738  val_AUPR_ab=0.6915  val_AUPR_ag=0.3935  val_P@5_ab=1.0000  val_P@5_ag=0.9500  select=0.5425
  Saved checkpoint: checkpoints_old/iPara_balanced_l1_g6_i5_do0.10_dpr0.10_lr0.0002_heads16_fold4.pth  select=0.5425  val_ab=0.6915  val_ag=0.3935  val_all=0.5738
Ep011  LR0=1.87e-04  pw=6.44  aucα=0.060  token_p=0.030  dropE=(0.050,0.120)  smooth=0.010  train_loss=0.4134  train_AUPR_all=0.5778  train_AUPR_ab=0.6776  train_AUPR_ag=0.4068  train_P@5_ab=0.9500  train_P@5_ag=0.9000  val_loss=0.5617  val_AUPR_all=0.5966  val_AUPR_ab=0.7261  val_AUPR_ag=0.3872  val_P@5_ab=0.9500  val_P@5_ag=1.0000  select=0.5567
  Saved checkpoint: checkpoints_old/iPara_balanced_l1_g6_i5_do0.10_dpr0.10_lr0.0002_heads16_fold4.pth  select=0.5567  val_ab=0.7261  val_ag=0.3872  val_all=0.5966
Ep012  LR0=1.84e-04  pw=5.80  aucα=0.090  token_p=0.030  dropE=(0.050,0.120)  smooth=0.010  train_loss=0.4066  train_AUPR_all=0.5838  train_AUPR_ab=0.6815  train_AUPR_ag=0.4172  train_P@5_ab=0.9500  train_P@5_ag=0.9500  val_loss=0.5355  val_AUPR_all=0.5900  val_AUPR_ab=0.7260  val_AUPR_ag=0.3815  val_P@5_ab=1.0000  val_P@5_ag=0.8500  select=0.5538
Ep013  LR0=1.81e-04  pw=5.24  aucα=0.120  token_p=0.030  dropE=(0.050,0.120)  smooth=0.010  train_loss=0.3954  train_AUPR_all=0.5960  train_AUPR_ab=0.6959  train_AUPR_ag=0.4302  train_P@5_ab=0.9000  train_P@5_ag=0.9500  val_loss=0.5045  val_AUPR_all=0.5972  val_AUPR_ab=0.7292  val_AUPR_ag=0.3875  val_P@5_ab=1.0000  val_P@5_ag=1.0000  select=0.5583
  Saved checkpoint: checkpoints_old/iPara_balanced_l1_g6_i5_do0.10_dpr0.10_lr0.0002_heads16_fold4.pth  select=0.5583  val_ab=0.7292  val_ag=0.3875  val_all=0.5972
Ep014  LR0=1.78e-04  pw=4.74  aucα=0.150  token_p=0.030  dropE=(0.050,0.120)  smooth=0.010  train_loss=0.3850  train_AUPR_all=0.6008  train_AUPR_ab=0.6975  train_AUPR_ag=0.4381  train_P@5_ab=0.7500  train_P@5_ag=0.8000  val_loss=0.5190  val_AUPR_all=0.6008  val_AUPR_ab=0.7373  val_AUPR_ag=0.3940  val_P@5_ab=0.9000  val_P@5_ag=1.0000  select=0.5657
  Saved checkpoint: checkpoints_old/iPara_balanced_l1_g6_i5_do0.10_dpr0.10_lr0.0002_heads16_fold4.pth  select=0.5657  val_ab=0.7373  val_ag=0.3940  val_all=0.6008
Ep015  LR0=1.74e-04  pw=4.30  aucα=0.180  token_p=0.030  dropE=(0.050,0.120)  smooth=0.010  train_loss=0.3821  train_AUPR_all=0.6053  train_AUPR_ab=0.7036  train_AUPR_ag=0.4424  train_P@5_ab=0.8000  train_P@5_ag=1.0000  val_loss=0.4669  val_AUPR_all=0.6072  val_AUPR_ab=0.7353  val_AUPR_ag=0.4034  val_P@5_ab=1.0000  val_P@5_ag=1.0000  select=0.5693
  Saved checkpoint: checkpoints_old/iPara_balanced_l1_g6_i5_do0.10_dpr0.10_lr0.0002_heads16_fold4.pth  select=0.5693  val_ab=0.7353  val_ag=0.4034  val_all=0.6072
Ep016  LR0=1.71e-04  pw=3.91  aucα=0.210  token_p=0.030  dropE=(0.050,0.120)  smooth=0.010  train_loss=0.3717  train_AUPR_all=0.6200  train_AUPR_ab=0.7135  train_AUPR_ag=0.4650  train_P@5_ab=0.9000  train_P@5_ag=1.0000  val_loss=0.4744  val_AUPR_all=0.5874  val_AUPR_ab=0.7234  val_AUPR_ag=0.3681  val_P@5_ab=1.0000  val_P@5_ag=1.0000  select=0.5458
Ep017  LR0=1.67e-04  pw=3.57  aucα=0.240  token_p=0.030  dropE=(0.050,0.120)  smooth=0.010  train_loss=0.3672  train_AUPR_all=0.6236  train_AUPR_ab=0.7170  train_AUPR_ag=0.4719  train_P@5_ab=1.0000  train_P@5_ag=0.9500  val_loss=0.4317  val_AUPR_all=0.6043  val_AUPR_ab=0.7376  val_AUPR_ag=0.3991  val_P@5_ab=0.9500  val_P@5_ag=0.8500  select=0.5684
Ep018  LR0=1.63e-04  pw=3.27  aucα=0.270  token_p=0.030  dropE=(0.050,0.120)  smooth=0.010  train_loss=0.3584  train_AUPR_all=0.6354  train_AUPR_ab=0.7273  train_AUPR_ag=0.4878  train_P@5_ab=0.9000  train_P@5_ag=0.9500  val_loss=0.4240  val_AUPR_all=0.6055  val_AUPR_ab=0.7386  val_AUPR_ag=0.3959  val_P@5_ab=1.0000  val_P@5_ag=1.0000  select=0.5673
Ep019  LR0=1.59e-04  pw=3.00  aucα=0.300  token_p=0.030  dropE=(0.050,0.120)  smooth=0.010  train_loss=0.3538  train_AUPR_all=0.6426  train_AUPR_ab=0.7306  train_AUPR_ag=0.5024  train_P@5_ab=1.0000  train_P@5_ag=1.0000  val_loss=0.3949  val_AUPR_all=0.6222  val_AUPR_ab=0.7532  val_AUPR_ag=0.4159  val_P@5_ab=1.0000  val_P@5_ag=1.0000  select=0.5845
  Saved checkpoint: checkpoints_old/iPara_balanced_l1_g6_i5_do0.10_dpr0.10_lr0.0002_heads16_fold4.pth  select=0.5845  val_ab=0.7532  val_ag=0.4159  val_all=0.6222
Ep020  LR0=1.55e-04  pw=2.77  aucα=0.300  token_p=0.030  dropE=(0.050,0.120)  smooth=0.010  train_loss=0.3362  train_AUPR_all=0.6559  train_AUPR_ab=0.7434  train_AUPR_ag=0.5185  train_P@5_ab=1.0000  train_P@5_ag=0.9500  val_loss=0.4045  val_AUPR_all=0.6053  val_AUPR_ab=0.7438  val_AUPR_ag=0.4015  val_P@5_ab=0.9500  val_P@5_ag=0.9500  select=0.5727
Ep021  LR0=1.50e-04  pw=2.56  aucα=0.300  token_p=0.030  dropE=(0.050,0.120)  smooth=0.010  train_loss=0.3248  train_AUPR_all=0.6599  train_AUPR_ab=0.7482  train_AUPR_ag=0.5204  train_P@5_ab=0.9500  train_P@5_ag=1.0000  val_loss=0.4024  val_AUPR_all=0.6068  val_AUPR_ab=0.7545  val_AUPR_ag=0.3879  val_P@5_ab=1.0000  val_P@5_ag=0.9500  select=0.5712
Ep022  LR0=1.46e-04  pw=2.38  aucα=0.300  token_p=0.030  dropE=(0.050,0.120)  smooth=0.010  train_loss=0.3064  train_AUPR_all=0.6739  train_AUPR_ab=0.7585  train_AUPR_ag=0.5422  train_P@5_ab=1.0000  train_P@5_ag=1.0000  val_loss=0.3748  val_AUPR_all=0.6121  val_AUPR_ab=0.7527  val_AUPR_ag=0.4059  val_P@5_ab=1.0000  val_P@5_ag=1.0000  select=0.5793
Ep023  LR0=1.41e-04  pw=2.21  aucα=0.300  token_p=0.030  dropE=(0.050,0.120)  smooth=0.010  train_loss=0.2912  train_AUPR_all=0.6857  train_AUPR_ab=0.7685  train_AUPR_ag=0.5574  train_P@5_ab=1.0000  train_P@5_ag=0.9000  val_loss=0.3768  val_AUPR_all=0.6078  val_AUPR_ab=0.7594  val_AUPR_ag=0.3947  val_P@5_ab=1.0000  val_P@5_ag=1.0000  select=0.5770
Ep024  LR0=1.36e-04  pw=2.07  aucα=0.300  token_p=0.030  dropE=(0.050,0.120)  smooth=0.010  train_loss=0.2761  train_AUPR_all=0.6942  train_AUPR_ab=0.7745  train_AUPR_ag=0.5704  train_P@5_ab=0.9500  train_P@5_ag=1.0000  val_loss=0.3513  val_AUPR_all=0.6179  val_AUPR_ab=0.7518  val_AUPR_ag=0.4181  val_P@5_ab=1.0000  val_P@5_ag=1.0000  select=0.5850
  Saved checkpoint: checkpoints_old/iPara_balanced_l1_g6_i5_do0.10_dpr0.10_lr0.0002_heads16_fold4.pth  select=0.5850  val_ab=0.7518  val_ag=0.4181  val_all=0.6179
Ep025  LR0=1.31e-04  pw=1.95  aucα=0.300  token_p=0.030  dropE=(0.050,0.120)  smooth=0.010  train_loss=0.2681  train_AUPR_all=0.6986  train_AUPR_ab=0.7710  train_AUPR_ag=0.5892  train_P@5_ab=1.0000  train_P@5_ag=1.0000  val_loss=0.3618  val_AUPR_all=0.6113  val_AUPR_ab=0.7612  val_AUPR_ag=0.3878  val_P@5_ab=1.0000  val_P@5_ag=0.9500  select=0.5745
Ep026  LR0=1.26e-04  pw=1.83  aucα=0.300  token_p=0.030  dropE=(0.050,0.120)  smooth=0.010  train_loss=0.2589  train_AUPR_all=0.7082  train_AUPR_ab=0.7817  train_AUPR_ag=0.5983  train_P@5_ab=1.0000  train_P@5_ag=1.0000  val_loss=0.3462  val_AUPR_all=0.6157  val_AUPR_ab=0.7590  val_AUPR_ag=0.3986  val_P@5_ab=1.0000  val_P@5_ag=0.9500  select=0.5788
Ep027  LR0=1.21e-04  pw=1.74  aucα=0.300  token_p=0.030  dropE=(0.050,0.120)  smooth=0.010  train_loss=0.2395  train_AUPR_all=0.7308  train_AUPR_ab=0.7930  train_AUPR_ag=0.6388  train_P@5_ab=1.0000  train_P@5_ag=1.0000  val_loss=0.3385  val_AUPR_all=0.6178  val_AUPR_ab=0.7728  val_AUPR_ag=0.4083  val_P@5_ab=1.0000  val_P@5_ag=1.0000  select=0.5906
  Saved checkpoint: checkpoints_old/iPara_balanced_l1_g6_i5_do0.10_dpr0.10_lr0.0002_heads16_fold4.pth  select=0.5906  val_ab=0.7728  val_ag=0.4083  val_all=0.6178
Ep028  LR0=1.16e-04  pw=1.65  aucα=0.300  token_p=0.030  dropE=(0.050,0.120)  smooth=0.010  train_loss=0.2334  train_AUPR_all=0.7341  train_AUPR_ab=0.7988  train_AUPR_ag=0.6380  train_P@5_ab=1.0000  train_P@5_ag=0.9500  val_loss=0.3394  val_AUPR_all=0.6264  val_AUPR_ab=0.7778  val_AUPR_ag=0.3982  val_P@5_ab=1.0000  val_P@5_ag=1.0000  select=0.5880
Ep029  LR0=1.11e-04  pw=1.57  aucα=0.300  token_p=0.030  dropE=(0.050,0.120)  smooth=0.010  train_loss=0.2254  train_AUPR_all=0.7424  train_AUPR_ab=0.7995  train_AUPR_ag=0.6588  train_P@5_ab=0.9500  train_P@5_ag=1.0000  val_loss=0.3347  val_AUPR_all=0.6184  val_AUPR_ab=0.7697  val_AUPR_ag=0.4092  val_P@5_ab=1.0000  val_P@5_ag=1.0000  select=0.5895
Ep030  LR0=1.05e-04  pw=1.51  aucα=0.300  token_p=0.030  dropE=(0.050,0.120)  smooth=0.010  train_loss=0.2161  train_AUPR_all=0.7529  train_AUPR_ab=0.8088  train_AUPR_ag=0.6717  train_P@5_ab=1.0000  train_P@5_ag=0.9500  val_loss=0.3365  val_AUPR_all=0.6170  val_AUPR_ab=0.7700  val_AUPR_ag=0.4070  val_P@5_ab=0.9500  val_P@5_ag=0.9500  select=0.5885
Ep031  LR0=1.00e-04  pw=1.45  aucα=0.300  token_p=0.030  dropE=(0.050,0.120)  smooth=0.010  train_loss=0.2087  train_AUPR_all=0.7601  train_AUPR_ab=0.8140  train_AUPR_ag=0.6816  train_P@5_ab=1.0000  train_P@5_ag=0.9500  val_loss=0.3239  val_AUPR_all=0.6293  val_AUPR_ab=0.7688  val_AUPR_ag=0.4330  val_P@5_ab=1.0000  val_P@5_ag=1.0000  select=0.6009
  Saved checkpoint: checkpoints_old/iPara_balanced_l1_g6_i5_do0.10_dpr0.10_lr0.0002_heads16_fold4.pth  select=0.6009  val_ab=0.7688  val_ag=0.4330  val_all=0.6293
Ep032  LR0=9.50e-05  pw=1.39  aucα=0.300  token_p=0.030  dropE=(0.050,0.120)  smooth=0.010  train_loss=0.2004  train_AUPR_all=0.7715  train_AUPR_ab=0.8210  train_AUPR_ag=0.7001  train_P@5_ab=1.0000  train_P@5_ag=1.0000  val_loss=0.3259  val_AUPR_all=0.6118  val_AUPR_ab=0.7704  val_AUPR_ag=0.3905  val_P@5_ab=1.0000  val_P@5_ag=0.9500  select=0.5804
Ep033  LR0=8.98e-05  pw=1.35  aucα=0.300  token_p=0.030  dropE=(0.050,0.120)  smooth=0.010  train_loss=0.1920  train_AUPR_all=0.7838  train_AUPR_ab=0.8338  train_AUPR_ag=0.7111  train_P@5_ab=1.0000  train_P@5_ag=0.9500  val_loss=0.3312  val_AUPR_all=0.6124  val_AUPR_ab=0.7677  val_AUPR_ag=0.4094  val_P@5_ab=1.0000  val_P@5_ag=0.9500  select=0.5885
Ep034  LR0=8.46e-05  pw=1.31  aucα=0.300  token_p=0.030  dropE=(0.050,0.120)  smooth=0.010  train_loss=0.1905  train_AUPR_all=0.7812  train_AUPR_ab=0.8296  train_AUPR_ag=0.7114  train_P@5_ab=1.0000  train_P@5_ag=1.0000  val_loss=0.3235  val_AUPR_all=0.6191  val_AUPR_ab=0.7596  val_AUPR_ag=0.4255  val_P@5_ab=1.0000  val_P@5_ag=0.9500  select=0.5926
Ep035  LR0=7.95e-05  pw=1.27  aucα=0.300  token_p=0.030  dropE=(0.050,0.120)  smooth=0.010  train_loss=0.1852  train_AUPR_all=0.7879  train_AUPR_ab=0.8353  train_AUPR_ag=0.7196  train_P@5_ab=1.0000  train_P@5_ag=0.9500  val_loss=0.3238  val_AUPR_all=0.6235  val_AUPR_ab=0.7759  val_AUPR_ag=0.4169  val_P@5_ab=1.0000  val_P@5_ag=0.7000  select=0.5964
Ep036  LR0=7.44e-05  pw=1.24  aucα=0.300  token_p=0.030  dropE=(0.050,0.120)  smooth=0.010  train_loss=0.1780  train_AUPR_all=0.7997  train_AUPR_ab=0.8431  train_AUPR_ag=0.7374  train_P@5_ab=0.9500  train_P@5_ag=1.0000  val_loss=0.3099  val_AUPR_all=0.6253  val_AUPR_ab=0.7695  val_AUPR_ag=0.4163  val_P@5_ab=0.9500  val_P@5_ag=0.7500  select=0.5929
Ep037  LR0=6.94e-05  pw=1.21  aucα=0.300  token_p=0.030  dropE=(0.050,0.120)  smooth=0.010  train_loss=0.1712  train_AUPR_all=0.8081  train_AUPR_ab=0.8497  train_AUPR_ag=0.7483  train_P@5_ab=1.0000  train_P@5_ag=1.0000  val_loss=0.3241  val_AUPR_all=0.6176  val_AUPR_ab=0.7744  val_AUPR_ag=0.4125  val_P@5_ab=1.0000  val_P@5_ag=0.9500  select=0.5935
Ep038  LR0=6.45e-05  pw=1.19  aucα=0.300  token_p=0.030  dropE=(0.050,0.120)  smooth=0.010  train_loss=0.1671  train_AUPR_all=0.8135  train_AUPR_ab=0.8552  train_AUPR_ag=0.7535  train_P@5_ab=1.0000  train_P@5_ag=1.0000  val_loss=0.3254  val_AUPR_all=0.6205  val_AUPR_ab=0.7694  val_AUPR_ag=0.4134  val_P@5_ab=1.0000  val_P@5_ag=0.9000  select=0.5914
Ep039  LR0=5.97e-05  pw=1.16  aucα=0.300  token_p=0.030  dropE=(0.050,0.120)  smooth=0.010  train_loss=0.1631  train_AUPR_all=0.8198  train_AUPR_ab=0.8588  train_AUPR_ag=0.7641  train_P@5_ab=1.0000  train_P@5_ag=0.9000  val_loss=0.3133  val_AUPR_all=0.6239  val_AUPR_ab=0.7712  val_AUPR_ag=0.4298  val_P@5_ab=1.0000  val_P@5_ag=0.9000  select=0.6005
Ep040  LR0=5.50e-05  pw=1.15  aucα=0.300  token_p=0.030  dropE=(0.050,0.120)  smooth=0.010  train_loss=0.1605  train_AUPR_all=0.8217  train_AUPR_ab=0.8624  train_AUPR_ag=0.7626  train_P@5_ab=1.0000  train_P@5_ag=1.0000  val_loss=0.3199  val_AUPR_all=0.6188  val_AUPR_ab=0.7675  val_AUPR_ag=0.4158  val_P@5_ab=1.0000  val_P@5_ag=0.9500  select=0.5917
Ep041  LR0=5.04e-05  pw=1.13  aucα=0.300  token_p=0.030  dropE=(0.050,0.120)  smooth=0.010  train_loss=0.1567  train_AUPR_all=0.8274  train_AUPR_ab=0.8654  train_AUPR_ag=0.7729  train_P@5_ab=1.0000  train_P@5_ag=1.0000  val_loss=0.3171  val_AUPR_all=0.6086  val_AUPR_ab=0.7531  val_AUPR_ag=0.4127  val_P@5_ab=0.9500  val_P@5_ag=0.8500  select=0.5829
Ep042  LR0=4.59e-05  pw=1.11  aucα=0.300  token_p=0.030  dropE=(0.050,0.120)  smooth=0.010  train_loss=0.1530  train_AUPR_all=0.8332  train_AUPR_ab=0.8682  train_AUPR_ag=0.7833  train_P@5_ab=1.0000  train_P@5_ag=1.0000  val_loss=0.3237  val_AUPR_all=0.6104  val_AUPR_ab=0.7654  val_AUPR_ag=0.3989  val_P@5_ab=1.0000  val_P@5_ag=0.7500  select=0.5821
Ep043  LR0=4.16e-05  pw=1.10  aucα=0.300  token_p=0.030  dropE=(0.050,0.120)  smooth=0.010  train_loss=0.1487  train_AUPR_all=0.8392  train_AUPR_ab=0.8749  train_AUPR_ag=0.7879  train_P@5_ab=1.0000  train_P@5_ag=0.9500  val_loss=0.3122  val_AUPR_all=0.6235  val_AUPR_ab=0.7751  val_AUPR_ag=0.4189  val_P@5_ab=1.0000  val_P@5_ag=0.8500  select=0.5970
Ep044  LR0=3.75e-05  pw=1.09  aucα=0.300  token_p=0.030  dropE=(0.050,0.120)  smooth=0.010  train_loss=0.1406  train_AUPR_all=0.8529  train_AUPR_ab=0.8857  train_AUPR_ag=0.8059  train_P@5_ab=1.0000  train_P@5_ag=1.0000  val_loss=0.3206  val_AUPR_all=0.6031  val_AUPR_ab=0.7598  val_AUPR_ag=0.4104  val_P@5_ab=0.9500  val_P@5_ag=0.7000  select=0.5851
Ep045  LR0=3.35e-05  pw=1.08  aucα=0.300  token_p=0.030  dropE=(0.050,0.120)  smooth=0.010  train_loss=0.1390  train_AUPR_all=0.8555  train_AUPR_ab=0.8860  train_AUPR_ag=0.8118  train_P@5_ab=1.0000  train_P@5_ag=1.0000  val_loss=0.3284  val_AUPR_all=0.6056  val_AUPR_ab=0.7620  val_AUPR_ag=0.3910  val_P@5_ab=1.0000  val_P@5_ag=0.6000  select=0.5765
Ep046  LR0=2.97e-05  pw=1.07  aucα=0.300  token_p=0.030  dropE=(0.050,0.120)  smooth=0.010  train_loss=0.1419  train_AUPR_all=0.8485  train_AUPR_ab=0.8819  train_AUPR_ag=0.8005  train_P@5_ab=1.0000  train_P@5_ag=1.0000  val_loss=0.3187  val_AUPR_all=0.6107  val_AUPR_ab=0.7631  val_AUPR_ag=0.4043  val_P@5_ab=1.0000  val_P@5_ag=0.7500  select=0.5837
Ep047  LR0=2.61e-05  pw=1.06  aucα=0.300  token_p=0.030  dropE=(0.050,0.120)  smooth=0.010  train_loss=0.1381  train_AUPR_all=0.8548  train_AUPR_ab=0.8875  train_AUPR_ag=0.8073  train_P@5_ab=1.0000  train_P@5_ag=1.0000  val_loss=0.3221  val_AUPR_all=0.6094  val_AUPR_ab=0.7714  val_AUPR_ag=0.3896  val_P@5_ab=1.0000  val_P@5_ag=0.6000  select=0.5805
Ep048  LR0=2.27e-05  pw=1.05  aucα=0.300  token_p=0.030  dropE=(0.050,0.120)  smooth=0.010  train_loss=0.1319  train_AUPR_all=0.8660  train_AUPR_ab=0.8987  train_AUPR_ag=0.8186  train_P@5_ab=1.0000  train_P@5_ag=1.0000  val_loss=0.3220  val_AUPR_all=0.6102  val_AUPR_ab=0.7679  val_AUPR_ag=0.4048  val_P@5_ab=1.0000  val_P@5_ag=0.8000  select=0.5863
Ep049  LR0=1.96e-05  pw=1.05  aucα=0.300  token_p=0.030  dropE=(0.050,0.120)  smooth=0.010  train_loss=0.1310  train_AUPR_all=0.8671  train_AUPR_ab=0.9008  train_AUPR_ag=0.8174  train_P@5_ab=1.0000  train_P@5_ag=1.0000  val_loss=0.3191  val_AUPR_all=0.6153  val_AUPR_ab=0.7709  val_AUPR_ag=0.4098  val_P@5_ab=1.0000  val_P@5_ag=0.7500  select=0.5903
Ep050  LR0=1.66e-05  pw=1.04  aucα=0.300  token_p=0.030  dropE=(0.050,0.120)  smooth=0.010  train_loss=0.1335  train_AUPR_all=0.8608  train_AUPR_ab=0.8901  train_AUPR_ag=0.8189  train_P@5_ab=1.0000  train_P@5_ag=1.0000  val_loss=0.3194  val_AUPR_all=0.6120  val_AUPR_ab=0.7678  val_AUPR_ag=0.4055  val_P@5_ab=1.0000  val_P@5_ag=0.8000  select=0.5867
Ep051  LR0=1.39e-05  pw=1.04  aucα=0.300  token_p=0.030  dropE=(0.050,0.120)  smooth=0.010  train_loss=0.1262  train_AUPR_all=0.8737  train_AUPR_ab=0.9035  train_AUPR_ag=0.8303  train_P@5_ab=1.0000  train_P@5_ag=1.0000  val_loss=0.3196  val_AUPR_all=0.6089  val_AUPR_ab=0.7656  val_AUPR_ag=0.4036  val_P@5_ab=1.0000  val_P@5_ag=0.7000  select=0.5846
Early stopping at epoch 51. Best select=0.6009 at epoch 31.
Final saved checkpoint for fold 4: checkpoints_old/iPara_balanced_l1_g6_i5_do0.10_dpr0.10_lr0.0002_heads16_fold4.pth
Best select=0.6009 at epoch 31

==========================================================================================
Fold 5/5
==========================================================================================
Train labels: valid=399660, pos=26617, neg=373043, ignore=699540, pos_frac=0.06660
Val labels: valid=100532, pos=6613, neg=93919, ignore=173068, pos_frac=0.06578
Initializing ClassificationModel with 6 GAT layers and residual connections...
Initializing MCModel with 6 GAT layers and 5 row attention layers (drop_path_rate=0.1)
Initializing CoreModel with 1 layers, drop_path_rate=0.1
Ep001  LR0=2.00e-04  pw=20.00  aucα=0.000  token_p=0.030  dropE=(0.050,0.120)  smooth=0.010  train_loss=1.1676  train_AUPR_all=0.1876  train_AUPR_ab=0.2320  train_AUPR_ag=0.1413  train_P@5_ab=0.1000  train_P@5_ag=0.0500  val_loss=1.1186  val_AUPR_all=0.4362  val_AUPR_ab=0.5459  val_AUPR_ag=0.2682  val_P@5_ab=0.8000  val_P@5_ag=0.9000  select=0.4070
  Saved checkpoint: checkpoints_old/iPara_balanced_l1_g6_i5_do0.10_dpr0.10_lr0.0002_heads16_fold5.pth  select=0.4070  val_ab=0.5459  val_ag=0.2682  val_all=0.4362
Ep002  LR0=2.00e-04  pw=17.77  aucα=0.000  token_p=0.030  dropE=(0.050,0.120)  smooth=0.010  train_loss=0.7934  train_AUPR_all=0.3890  train_AUPR_ab=0.4751  train_AUPR_ag=0.2489  train_P@5_ab=0.7500  train_P@5_ag=0.6500  val_loss=0.9315  val_AUPR_all=0.4625  val_AUPR_ab=0.6000  val_AUPR_ag=0.2880  val_P@5_ab=0.8500  val_P@5_ag=0.9000  select=0.4440
  Saved checkpoint: checkpoints_old/iPara_balanced_l1_g6_i5_do0.10_dpr0.10_lr0.0002_heads16_fold5.pth  select=0.4440  val_ab=0.6000  val_ag=0.2880  val_all=0.4625
Ep003  LR0=1.99e-04  pw=15.80  aucα=0.000  token_p=0.030  dropE=(0.050,0.120)  smooth=0.010  train_loss=0.7034  train_AUPR_all=0.4418  train_AUPR_ab=0.5163  train_AUPR_ag=0.3067  train_P@5_ab=0.7000  train_P@5_ag=0.8000  val_loss=0.8608  val_AUPR_all=0.5144  val_AUPR_ab=0.6334  val_AUPR_ag=0.3203  val_P@5_ab=0.8500  val_P@5_ag=0.9500  select=0.4769
  Saved checkpoint: checkpoints_old/iPara_balanced_l1_g6_i5_do0.10_dpr0.10_lr0.0002_heads16_fold5.pth  select=0.4769  val_ab=0.6334  val_ag=0.3203  val_all=0.5144
Ep004  LR0=1.99e-04  pw=14.06  aucα=0.000  token_p=0.030  dropE=(0.050,0.120)  smooth=0.010  train_loss=0.6408  train_AUPR_all=0.4732  train_AUPR_ab=0.5567  train_AUPR_ag=0.3247  train_P@5_ab=0.8000  train_P@5_ag=0.6500  val_loss=0.8241  val_AUPR_all=0.5155  val_AUPR_ab=0.6295  val_AUPR_ag=0.3413  val_P@5_ab=0.8500  val_P@5_ag=0.8500  select=0.4854
  Saved checkpoint: checkpoints_old/iPara_balanced_l1_g6_i5_do0.10_dpr0.10_lr0.0002_heads16_fold5.pth  select=0.4854  val_ab=0.6295  val_ag=0.3413  val_all=0.5155
Unfreezing DyM parameters.
Ep005  LR0=1.98e-04  pw=12.52  aucα=0.000  token_p=0.030  dropE=(0.050,0.120)  smooth=0.010  train_loss=0.5985  train_AUPR_all=0.4920  train_AUPR_ab=0.5764  train_AUPR_ag=0.3367  train_P@5_ab=0.8500  train_P@5_ag=1.0000  val_loss=0.7803  val_AUPR_all=0.5293  val_AUPR_ab=0.6616  val_AUPR_ag=0.3314  val_P@5_ab=0.7500  val_P@5_ag=1.0000  select=0.4965
  Saved checkpoint: checkpoints_old/iPara_balanced_l1_g6_i5_do0.10_dpr0.10_lr0.0002_heads16_fold5.pth  select=0.4965  val_ab=0.6616  val_ag=0.3314  val_all=0.5293
Ep006  LR0=1.97e-04  pw=11.17  aucα=0.000  token_p=0.030  dropE=(0.050,0.120)  smooth=0.010  train_loss=0.5510  train_AUPR_all=0.5157  train_AUPR_ab=0.6074  train_AUPR_ag=0.3498  train_P@5_ab=0.7500  train_P@5_ag=0.8000  val_loss=0.7410  val_AUPR_all=0.5345  val_AUPR_ab=0.6746  val_AUPR_ag=0.3350  val_P@5_ab=0.9500  val_P@5_ag=0.9000  select=0.5048
  Saved checkpoint: checkpoints_old/iPara_balanced_l1_g6_i5_do0.10_dpr0.10_lr0.0002_heads16_fold5.pth  select=0.5048  val_ab=0.6746  val_ag=0.3350  val_all=0.5345
Ep007  LR0=1.95e-04  pw=9.97  aucα=0.000  token_p=0.030  dropE=(0.050,0.120)  smooth=0.010  train_loss=0.5085  train_AUPR_all=0.5301  train_AUPR_ab=0.6202  train_AUPR_ag=0.3625  train_P@5_ab=0.8000  train_P@5_ag=0.8500  val_loss=0.6973  val_AUPR_all=0.5671  val_AUPR_ab=0.6994  val_AUPR_ag=0.3502  val_P@5_ab=0.9000  val_P@5_ag=1.0000  select=0.5248
  Saved checkpoint: checkpoints_old/iPara_balanced_l1_g6_i5_do0.10_dpr0.10_lr0.0002_heads16_fold5.pth  select=0.5248  val_ab=0.6994  val_ag=0.3502  val_all=0.5671
Ep008  LR0=1.93e-04  pw=8.92  aucα=0.000  token_p=0.030  dropE=(0.050,0.120)  smooth=0.010  train_loss=0.4769  train_AUPR_all=0.5462  train_AUPR_ab=0.6411  train_AUPR_ag=0.3737  train_P@5_ab=0.8500  train_P@5_ag=1.0000  val_loss=0.6571  val_AUPR_all=0.5540  val_AUPR_ab=0.7119  val_AUPR_ag=0.3091  val_P@5_ab=1.0000  val_P@5_ag=0.9000  select=0.5105
Ep009  LR0=1.91e-04  pw=7.99  aucα=0.000  token_p=0.030  dropE=(0.050,0.120)  smooth=0.010  train_loss=0.4449  train_AUPR_all=0.5545  train_AUPR_ab=0.6535  train_AUPR_ag=0.3779  train_P@5_ab=0.9500  train_P@5_ag=0.9000  val_loss=0.6174  val_AUPR_all=0.5772  val_AUPR_ab=0.7214  val_AUPR_ag=0.3493  val_P@5_ab=1.0000  val_P@5_ag=0.8500  select=0.5354
  Saved checkpoint: checkpoints_old/iPara_balanced_l1_g6_i5_do0.10_dpr0.10_lr0.0002_heads16_fold5.pth  select=0.5354  val_ab=0.7214  val_ag=0.3493  val_all=0.5772
Ep010  LR0=1.89e-04  pw=7.17  aucα=0.030  token_p=0.030  dropE=(0.050,0.120)  smooth=0.010  train_loss=0.4299  train_AUPR_all=0.5665  train_AUPR_ab=0.6680  train_AUPR_ag=0.3898  train_P@5_ab=0.9000  train_P@5_ag=0.9500  val_loss=0.5834  val_AUPR_all=0.5775  val_AUPR_ab=0.7190  val_AUPR_ag=0.3681  val_P@5_ab=1.0000  val_P@5_ag=0.9000  select=0.5435
  Saved checkpoint: checkpoints_old/iPara_balanced_l1_g6_i5_do0.10_dpr0.10_lr0.0002_heads16_fold5.pth  select=0.5435  val_ab=0.7190  val_ag=0.3681  val_all=0.5775
Ep011  LR0=1.87e-04  pw=6.44  aucα=0.060  token_p=0.030  dropE=(0.050,0.120)  smooth=0.010  train_loss=0.4200  train_AUPR_all=0.5701  train_AUPR_ab=0.6710  train_AUPR_ag=0.3982  train_P@5_ab=0.8000  train_P@5_ag=0.8500  val_loss=0.5526  val_AUPR_all=0.5815  val_AUPR_ab=0.7332  val_AUPR_ag=0.3378  val_P@5_ab=1.0000  val_P@5_ag=0.9500  select=0.5355
Ep012  LR0=1.84e-04  pw=5.80  aucα=0.090  token_p=0.030  dropE=(0.050,0.120)  smooth=0.010  train_loss=0.4081  train_AUPR_all=0.5826  train_AUPR_ab=0.6845  train_AUPR_ag=0.4098  train_P@5_ab=0.9500  train_P@5_ag=0.9500  val_loss=0.5457  val_AUPR_all=0.5718  val_AUPR_ab=0.7393  val_AUPR_ag=0.3470  val_P@5_ab=1.0000  val_P@5_ag=1.0000  select=0.5432
Ep013  LR0=1.81e-04  pw=5.24  aucα=0.120  token_p=0.030  dropE=(0.050,0.120)  smooth=0.010  train_loss=0.3995  train_AUPR_all=0.5915  train_AUPR_ab=0.6911  train_AUPR_ag=0.4204  train_P@5_ab=0.8500  train_P@5_ag=0.9500  val_loss=0.5034  val_AUPR_all=0.5953  val_AUPR_ab=0.7427  val_AUPR_ag=0.3663  val_P@5_ab=1.0000  val_P@5_ag=1.0000  select=0.5545
  Saved checkpoint: checkpoints_old/iPara_balanced_l1_g6_i5_do0.10_dpr0.10_lr0.0002_heads16_fold5.pth  select=0.5545  val_ab=0.7427  val_ag=0.3663  val_all=0.5953
Ep014  LR0=1.78e-04  pw=4.74  aucα=0.150  token_p=0.030  dropE=(0.050,0.120)  smooth=0.010  train_loss=0.3890  train_AUPR_all=0.5966  train_AUPR_ab=0.6926  train_AUPR_ag=0.4327  train_P@5_ab=1.0000  train_P@5_ag=1.0000  val_loss=0.4937  val_AUPR_all=0.5983  val_AUPR_ab=0.7480  val_AUPR_ag=0.3567  val_P@5_ab=1.0000  val_P@5_ag=0.9500  select=0.5523
Ep015  LR0=1.74e-04  pw=4.30  aucα=0.180  token_p=0.030  dropE=(0.050,0.120)  smooth=0.010  train_loss=0.3815  train_AUPR_all=0.6056  train_AUPR_ab=0.7042  train_AUPR_ag=0.4406  train_P@5_ab=0.9500  train_P@5_ag=0.9500  val_loss=0.4808  val_AUPR_all=0.5978  val_AUPR_ab=0.7520  val_AUPR_ag=0.3604  val_P@5_ab=1.0000  val_P@5_ag=1.0000  select=0.5562
  Saved checkpoint: checkpoints_old/iPara_balanced_l1_g6_i5_do0.10_dpr0.10_lr0.0002_heads16_fold5.pth  select=0.5562  val_ab=0.7520  val_ag=0.3604  val_all=0.5978
Ep016  LR0=1.71e-04  pw=3.91  aucα=0.210  token_p=0.030  dropE=(0.050,0.120)  smooth=0.010  train_loss=0.3748  train_AUPR_all=0.6115  train_AUPR_ab=0.7094  train_AUPR_ag=0.4485  train_P@5_ab=0.8500  train_P@5_ag=1.0000  val_loss=0.4339  val_AUPR_all=0.6057  val_AUPR_ab=0.7480  val_AUPR_ag=0.3785  val_P@5_ab=1.0000  val_P@5_ag=0.9000  select=0.5632
  Saved checkpoint: checkpoints_old/iPara_balanced_l1_g6_i5_do0.10_dpr0.10_lr0.0002_heads16_fold5.pth  select=0.5632  val_ab=0.7480  val_ag=0.3785  val_all=0.6057
Ep017  LR0=1.67e-04  pw=3.57  aucα=0.240  token_p=0.030  dropE=(0.050,0.120)  smooth=0.010  train_loss=0.3631  train_AUPR_all=0.6291  train_AUPR_ab=0.7262  train_AUPR_ag=0.4680  train_P@5_ab=1.0000  train_P@5_ag=1.0000  val_loss=0.4383  val_AUPR_all=0.5939  val_AUPR_ab=0.7486  val_AUPR_ag=0.3592  val_P@5_ab=1.0000  val_P@5_ag=1.0000  select=0.5539
Ep018  LR0=1.63e-04  pw=3.27  aucα=0.270  token_p=0.030  dropE=(0.050,0.120)  smooth=0.010  train_loss=0.3592  train_AUPR_all=0.6360  train_AUPR_ab=0.7292  train_AUPR_ag=0.4849  train_P@5_ab=1.0000  train_P@5_ag=1.0000  val_loss=0.4243  val_AUPR_all=0.5980  val_AUPR_ab=0.7538  val_AUPR_ag=0.3486  val_P@5_ab=1.0000  val_P@5_ag=0.9500  select=0.5512
Ep019  LR0=1.59e-04  pw=3.00  aucα=0.300  token_p=0.030  dropE=(0.050,0.120)  smooth=0.010  train_loss=0.3519  train_AUPR_all=0.6457  train_AUPR_ab=0.7374  train_AUPR_ag=0.4982  train_P@5_ab=1.0000  train_P@5_ag=0.9500  val_loss=0.3965  val_AUPR_all=0.6035  val_AUPR_ab=0.7453  val_AUPR_ag=0.3800  val_P@5_ab=1.0000  val_P@5_ag=0.9000  select=0.5627
Ep020  LR0=1.55e-04  pw=2.77  aucα=0.300  token_p=0.030  dropE=(0.050,0.120)  smooth=0.010  train_loss=0.3345  train_AUPR_all=0.6552  train_AUPR_ab=0.7424  train_AUPR_ag=0.5172  train_P@5_ab=0.9500  train_P@5_ag=0.9500  val_loss=0.3995  val_AUPR_all=0.5940  val_AUPR_ab=0.7556  val_AUPR_ag=0.3511  val_P@5_ab=1.0000  val_P@5_ag=1.0000  select=0.5533
Ep021  LR0=1.50e-04  pw=2.56  aucα=0.300  token_p=0.030  dropE=(0.050,0.120)  smooth=0.010  train_loss=0.3167  train_AUPR_all=0.6670  train_AUPR_ab=0.7540  train_AUPR_ag=0.5304  train_P@5_ab=1.0000  train_P@5_ag=0.9500  val_loss=0.3836  val_AUPR_all=0.6072  val_AUPR_ab=0.7597  val_AUPR_ag=0.3714  val_P@5_ab=1.0000  val_P@5_ag=0.9000  select=0.5655
  Saved checkpoint: checkpoints_old/iPara_balanced_l1_g6_i5_do0.10_dpr0.10_lr0.0002_heads16_fold5.pth  select=0.5655  val_ab=0.7597  val_ag=0.3714  val_all=0.6072
Ep022  LR0=1.46e-04  pw=2.38  aucα=0.300  token_p=0.030  dropE=(0.050,0.120)  smooth=0.010  train_loss=0.3001  train_AUPR_all=0.6814  train_AUPR_ab=0.7619  train_AUPR_ag=0.5559  train_P@5_ab=1.0000  train_P@5_ag=0.9500  val_loss=0.3859  val_AUPR_all=0.5976  val_AUPR_ab=0.7605  val_AUPR_ag=0.3647  val_P@5_ab=1.0000  val_P@5_ag=0.8500  select=0.5626
Ep023  LR0=1.41e-04  pw=2.21  aucα=0.300  token_p=0.030  dropE=(0.050,0.120)  smooth=0.010  train_loss=0.2872  train_AUPR_all=0.6884  train_AUPR_ab=0.7678  train_AUPR_ag=0.5663  train_P@5_ab=0.9500  train_P@5_ag=1.0000  val_loss=0.3963  val_AUPR_all=0.5913  val_AUPR_ab=0.7515  val_AUPR_ag=0.3708  val_P@5_ab=1.0000  val_P@5_ag=1.0000  select=0.5612
Ep024  LR0=1.36e-04  pw=2.07  aucα=0.300  token_p=0.030  dropE=(0.050,0.120)  smooth=0.010  train_loss=0.2720  train_AUPR_all=0.7014  train_AUPR_ab=0.7758  train_AUPR_ag=0.5872  train_P@5_ab=0.9500  train_P@5_ag=1.0000  val_loss=0.3609  val_AUPR_all=0.6030  val_AUPR_ab=0.7642  val_AUPR_ag=0.3617  val_P@5_ab=1.0000  val_P@5_ag=0.9000  select=0.5629
Ep025  LR0=1.31e-04  pw=1.95  aucα=0.300  token_p=0.030  dropE=(0.050,0.120)  smooth=0.010  train_loss=0.2626  train_AUPR_all=0.7079  train_AUPR_ab=0.7776  train_AUPR_ag=0.6024  train_P@5_ab=0.9500  train_P@5_ag=0.9000  val_loss=0.3541  val_AUPR_all=0.5944  val_AUPR_ab=0.7493  val_AUPR_ag=0.3846  val_P@5_ab=1.0000  val_P@5_ag=1.0000  select=0.5669
  Saved checkpoint: checkpoints_old/iPara_balanced_l1_g6_i5_do0.10_dpr0.10_lr0.0002_heads16_fold5.pth  select=0.5669  val_ab=0.7493  val_ag=0.3846  val_all=0.5944
Ep026  LR0=1.26e-04  pw=1.83  aucα=0.300  token_p=0.030  dropE=(0.050,0.120)  smooth=0.010  train_loss=0.2499  train_AUPR_all=0.7205  train_AUPR_ab=0.7921  train_AUPR_ag=0.6115  train_P@5_ab=1.0000  train_P@5_ag=0.9500  val_loss=0.3569  val_AUPR_all=0.6103  val_AUPR_ab=0.7638  val_AUPR_ag=0.3752  val_P@5_ab=1.0000  val_P@5_ag=0.9000  select=0.5695
  Saved checkpoint: checkpoints_old/iPara_balanced_l1_g6_i5_do0.10_dpr0.10_lr0.0002_heads16_fold5.pth  select=0.5695  val_ab=0.7638  val_ag=0.3752  val_all=0.6103
Ep027  LR0=1.21e-04  pw=1.74  aucα=0.300  token_p=0.030  dropE=(0.050,0.120)  smooth=0.010  train_loss=0.2389  train_AUPR_all=0.7311  train_AUPR_ab=0.7961  train_AUPR_ag=0.6341  train_P@5_ab=0.9500  train_P@5_ag=1.0000  val_loss=0.3543  val_AUPR_all=0.5965  val_AUPR_ab=0.7701  val_AUPR_ag=0.3761  val_P@5_ab=1.0000  val_P@5_ag=0.9500  select=0.5731
  Saved checkpoint: checkpoints_old/iPara_balanced_l1_g6_i5_do0.10_dpr0.10_lr0.0002_heads16_fold5.pth  select=0.5731  val_ab=0.7701  val_ag=0.3761  val_all=0.5965
Ep028  LR0=1.16e-04  pw=1.65  aucα=0.300  token_p=0.030  dropE=(0.050,0.120)  smooth=0.010  train_loss=0.2278  train_AUPR_all=0.7441  train_AUPR_ab=0.8054  train_AUPR_ag=0.6530  train_P@5_ab=0.9500  train_P@5_ag=1.0000  val_loss=0.3475  val_AUPR_all=0.6022  val_AUPR_ab=0.7675  val_AUPR_ag=0.3848  val_P@5_ab=1.0000  val_P@5_ag=0.9500  select=0.5762
  Saved checkpoint: checkpoints_old/iPara_balanced_l1_g6_i5_do0.10_dpr0.10_lr0.0002_heads16_fold5.pth  select=0.5762  val_ab=0.7675  val_ag=0.3848  val_all=0.6022
Ep029  LR0=1.11e-04  pw=1.57  aucα=0.300  token_p=0.030  dropE=(0.050,0.120)  smooth=0.010  train_loss=0.2157  train_AUPR_all=0.7606  train_AUPR_ab=0.8206  train_AUPR_ag=0.6713  train_P@5_ab=1.0000  train_P@5_ag=1.0000  val_loss=0.3419  val_AUPR_all=0.5986  val_AUPR_ab=0.7625  val_AUPR_ag=0.3965  val_P@5_ab=0.9000  val_P@5_ag=0.9000  select=0.5795
  Saved checkpoint: checkpoints_old/iPara_balanced_l1_g6_i5_do0.10_dpr0.10_lr0.0002_heads16_fold5.pth  select=0.5795  val_ab=0.7625  val_ag=0.3965  val_all=0.5986
Ep030  LR0=1.05e-04  pw=1.51  aucα=0.300  token_p=0.030  dropE=(0.050,0.120)  smooth=0.010  train_loss=0.2129  train_AUPR_all=0.7569  train_AUPR_ab=0.8101  train_AUPR_ag=0.6790  train_P@5_ab=1.0000  train_P@5_ag=0.9500  val_loss=0.3503  val_AUPR_all=0.5971  val_AUPR_ab=0.7589  val_AUPR_ag=0.3769  val_P@5_ab=0.8500  val_P@5_ag=0.9000  select=0.5679
Ep031  LR0=1.00e-04  pw=1.45  aucα=0.300  token_p=0.030  dropE=(0.050,0.120)  smooth=0.010  train_loss=0.2012  train_AUPR_all=0.7725  train_AUPR_ab=0.8235  train_AUPR_ag=0.6976  train_P@5_ab=1.0000  train_P@5_ag=0.9500  val_loss=0.3629  val_AUPR_all=0.5789  val_AUPR_ab=0.7592  val_AUPR_ag=0.3599  val_P@5_ab=1.0000  val_P@5_ag=0.7500  select=0.5596
Ep032  LR0=9.50e-05  pw=1.39  aucα=0.300  token_p=0.030  dropE=(0.050,0.120)  smooth=0.010  train_loss=0.1987  train_AUPR_all=0.7736  train_AUPR_ab=0.8248  train_AUPR_ag=0.6987  train_P@5_ab=1.0000  train_P@5_ag=1.0000  val_loss=0.3363  val_AUPR_all=0.5976  val_AUPR_ab=0.7614  val_AUPR_ag=0.3741  val_P@5_ab=0.9500  val_P@5_ag=0.9000  select=0.5677
Ep033  LR0=8.98e-05  pw=1.35  aucα=0.300  token_p=0.030  dropE=(0.050,0.120)  smooth=0.010  train_loss=0.1900  train_AUPR_all=0.7851  train_AUPR_ab=0.8316  train_AUPR_ag=0.7177  train_P@5_ab=0.9500  train_P@5_ag=0.9500  val_loss=0.3392  val_AUPR_all=0.5979  val_AUPR_ab=0.7599  val_AUPR_ag=0.3813  val_P@5_ab=1.0000  val_P@5_ag=1.0000  select=0.5706
Ep034  LR0=8.46e-05  pw=1.31  aucα=0.300  token_p=0.030  dropE=(0.050,0.120)  smooth=0.010  train_loss=0.1861  train_AUPR_all=0.7895  train_AUPR_ab=0.8354  train_AUPR_ag=0.7234  train_P@5_ab=1.0000  train_P@5_ag=0.8500  val_loss=0.3365  val_AUPR_all=0.5801  val_AUPR_ab=0.7541  val_AUPR_ag=0.3697  val_P@5_ab=0.9500  val_P@5_ag=1.0000  select=0.5619
Ep035  LR0=7.95e-05  pw=1.27  aucα=0.300  token_p=0.030  dropE=(0.050,0.120)  smooth=0.010  train_loss=0.1765  train_AUPR_all=0.8044  train_AUPR_ab=0.8501  train_AUPR_ag=0.7383  train_P@5_ab=1.0000  train_P@5_ag=0.9500  val_loss=0.3247  val_AUPR_all=0.5959  val_AUPR_ab=0.7524  val_AUPR_ag=0.3811  val_P@5_ab=0.9500  val_P@5_ag=0.9000  select=0.5667
Ep036  LR0=7.44e-05  pw=1.24  aucα=0.300  token_p=0.030  dropE=(0.050,0.120)  smooth=0.010  train_loss=0.1667  train_AUPR_all=0.8185  train_AUPR_ab=0.8592  train_AUPR_ag=0.7595  train_P@5_ab=1.0000  train_P@5_ag=1.0000  val_loss=0.3309  val_AUPR_all=0.5923  val_AUPR_ab=0.7546  val_AUPR_ag=0.3824  val_P@5_ab=0.9500  val_P@5_ag=1.0000  select=0.5685
Ep037  LR0=6.94e-05  pw=1.21  aucα=0.300  token_p=0.030  dropE=(0.050,0.120)  smooth=0.010  train_loss=0.1680  train_AUPR_all=0.8133  train_AUPR_ab=0.8523  train_AUPR_ag=0.7572  train_P@5_ab=0.9500  train_P@5_ag=1.0000  val_loss=0.3350  val_AUPR_all=0.5790  val_AUPR_ab=0.7498  val_AUPR_ag=0.3713  val_P@5_ab=1.0000  val_P@5_ag=1.0000  select=0.5606
Ep038  LR0=6.45e-05  pw=1.19  aucα=0.300  token_p=0.030  dropE=(0.050,0.120)  smooth=0.010  train_loss=0.1595  train_AUPR_all=0.8262  train_AUPR_ab=0.8639  train_AUPR_ag=0.7719  train_P@5_ab=0.9500  train_P@5_ag=1.0000  val_loss=0.3286  val_AUPR_all=0.5920  val_AUPR_ab=0.7577  val_AUPR_ag=0.3721  val_P@5_ab=0.9500  val_P@5_ag=0.7500  select=0.5649
Ep039  LR0=5.97e-05  pw=1.16  aucα=0.300  token_p=0.030  dropE=(0.050,0.120)  smooth=0.010  train_loss=0.1595  train_AUPR_all=0.8257  train_AUPR_ab=0.8624  train_AUPR_ag=0.7731  train_P@5_ab=0.9500  train_P@5_ag=1.0000  val_loss=0.3311  val_AUPR_all=0.5817  val_AUPR_ab=0.7466  val_AUPR_ag=0.3572  val_P@5_ab=0.9500  val_P@5_ag=0.9500  select=0.5519
Ep040  LR0=5.50e-05  pw=1.15  aucα=0.300  token_p=0.030  dropE=(0.050,0.120)  smooth=0.010  train_loss=0.1572  train_AUPR_all=0.8266  train_AUPR_ab=0.8643  train_AUPR_ag=0.7721  train_P@5_ab=1.0000  train_P@5_ag=1.0000  val_loss=0.3420  val_AUPR_all=0.5788  val_AUPR_ab=0.7473  val_AUPR_ag=0.3673  val_P@5_ab=0.9500  val_P@5_ag=0.9000  select=0.5573
Ep041  LR0=5.04e-05  pw=1.13  aucα=0.300  token_p=0.030  dropE=(0.050,0.120)  smooth=0.010  train_loss=0.1496  train_AUPR_all=0.8396  train_AUPR_ab=0.8745  train_AUPR_ag=0.7893  train_P@5_ab=1.0000  train_P@5_ag=1.0000  val_loss=0.3364  val_AUPR_all=0.5904  val_AUPR_ab=0.7621  val_AUPR_ag=0.3678  val_P@5_ab=0.9500  val_P@5_ag=0.9000  select=0.5649
Ep042  LR0=4.59e-05  pw=1.11  aucα=0.300  token_p=0.030  dropE=(0.050,0.120)  smooth=0.010  train_loss=0.1442  train_AUPR_all=0.8497  train_AUPR_ab=0.8848  train_AUPR_ag=0.7989  train_P@5_ab=1.0000  train_P@5_ag=1.0000  val_loss=0.3354  val_AUPR_all=0.5768  val_AUPR_ab=0.7491  val_AUPR_ag=0.3584  val_P@5_ab=0.9000  val_P@5_ag=0.8000  select=0.5537
Ep043  LR0=4.16e-05  pw=1.10  aucα=0.300  token_p=0.030  dropE=(0.050,0.120)  smooth=0.010  train_loss=0.1415  train_AUPR_all=0.8523  train_AUPR_ab=0.8892  train_AUPR_ag=0.7980  train_P@5_ab=1.0000  train_P@5_ag=0.9500  val_loss=0.3296  val_AUPR_all=0.5910  val_AUPR_ab=0.7491  val_AUPR_ag=0.3712  val_P@5_ab=1.0000  val_P@5_ag=0.8500  select=0.5602
Ep044  LR0=3.75e-05  pw=1.09  aucα=0.300  token_p=0.030  dropE=(0.050,0.120)  smooth=0.010  train_loss=0.1408  train_AUPR_all=0.8534  train_AUPR_ab=0.8859  train_AUPR_ag=0.8063  train_P@5_ab=1.0000  train_P@5_ag=1.0000  val_loss=0.3296  val_AUPR_all=0.5833  val_AUPR_ab=0.7549  val_AUPR_ag=0.3610  val_P@5_ab=0.9500  val_P@5_ag=0.8500  select=0.5579
Ep045  LR0=3.35e-05  pw=1.08  aucα=0.300  token_p=0.030  dropE=(0.050,0.120)  smooth=0.010  train_loss=0.1373  train_AUPR_all=0.8589  train_AUPR_ab=0.8914  train_AUPR_ag=0.8120  train_P@5_ab=1.0000  train_P@5_ag=1.0000  val_loss=0.3346  val_AUPR_all=0.5921  val_AUPR_ab=0.7590  val_AUPR_ag=0.3630  val_P@5_ab=0.9500  val_P@5_ag=0.8500  select=0.5610
Ep046  LR0=2.97e-05  pw=1.07  aucα=0.300  token_p=0.030  dropE=(0.050,0.120)  smooth=0.010  train_loss=0.1323  train_AUPR_all=0.8653  train_AUPR_ab=0.8969  train_AUPR_ag=0.8195  train_P@5_ab=1.0000  train_P@5_ag=1.0000  val_loss=0.3336  val_AUPR_all=0.5814  val_AUPR_ab=0.7522  val_AUPR_ag=0.3561  val_P@5_ab=0.9000  val_P@5_ag=0.9500  select=0.5542
Ep047  LR0=2.61e-05  pw=1.06  aucα=0.300  token_p=0.030  dropE=(0.050,0.120)  smooth=0.010  train_loss=0.1326  train_AUPR_all=0.8644  train_AUPR_ab=0.8949  train_AUPR_ag=0.8201  train_P@5_ab=1.0000  train_P@5_ag=1.0000  val_loss=0.3336  val_AUPR_all=0.5809  val_AUPR_ab=0.7502  val_AUPR_ag=0.3568  val_P@5_ab=0.9000  val_P@5_ag=0.6500  select=0.5535
Ep048  LR0=2.27e-05  pw=1.05  aucα=0.300  token_p=0.030  dropE=(0.050,0.120)  smooth=0.010  train_loss=0.1320  train_AUPR_all=0.8651  train_AUPR_ab=0.8960  train_AUPR_ag=0.8204  train_P@5_ab=1.0000  train_P@5_ag=1.0000  val_loss=0.3283  val_AUPR_all=0.5804  val_AUPR_ab=0.7490  val_AUPR_ag=0.3557  val_P@5_ab=0.8500  val_P@5_ag=0.5000  select=0.5523
Ep049  LR0=1.96e-05  pw=1.05  aucα=0.300  token_p=0.030  dropE=(0.050,0.120)  smooth=0.010  train_loss=0.1292  train_AUPR_all=0.8694  train_AUPR_ab=0.9011  train_AUPR_ag=0.8226  train_P@5_ab=1.0000  train_P@5_ag=1.0000  val_loss=0.3339  val_AUPR_all=0.5817  val_AUPR_ab=0.7533  val_AUPR_ag=0.3554  val_P@5_ab=0.9000  val_P@5_ag=0.6000  select=0.5543
Early stopping at epoch 49. Best select=0.5795 at epoch 29.
Final saved checkpoint for fold 5: checkpoints_old/iPara_balanced_l1_g6_i5_do0.10_dpr0.10_lr0.0002_heads16_fold5.pth
Best select=0.5795 at epoch 29
