Device: cuda
Visible GPUs: 1
GPU 0: NVIDIA RTX PRO 6000 Blackwell Server Edition
Config:
  sequence_file: para_tv_esmsequences_1600.npz
  data_file: para_tv_esminterfaces_1600.npz
  edge_file: para_tv_esmedges_1600.npz
  seq_len: 1600
  vocab_size: 31
  num_classes: 2
  pad_id: 1
  eoc_id: 24
  embed_dim: 256
  num_heads: 16
  num_layers: 1
  num_gnn_layers: 5
  num_int_layers: 5
  dropout: 0.1
  drop_path_rate: 0.1
  batch_size: 4
  num_epochs: 60
  warmup_epochs: 15
  min_stop_epoch: 45
  early_stop: 20
  learning_rate: 0.0002
  weight_decay: 0.0001
  max_grad_norm: 0.5
  accum_steps: 1
  amp: True
  weight_start: 20.0
  weight_end: 1.0
  weight_anneal_tau: 8.0
  dropedge_min: 0.05
  dropedge_max: 0.12
  token_drop_p: 0.03
  smooth_lambda: 0.01
  aucpr_alpha: 0.3
  aucpr_ramp_start: 10
  aucpr_ramp_len: 10
  aucpr_bins: 64
  aucpr_temp: 0.05
  antibody_loss_weight: 1.0
  antigen_loss_weight: 1.0
  n_splits: 5
  num_workers: 0
  select_ab_weight: 0.5
  select_ag_weight: 0.5
Dataset size: 858

==========================================================================================
Fold 1/5
==========================================================================================
Train labels: valid=399467, pos=26433, neg=373034, ignore=698133, pos_frac=0.06617
Val labels: valid=100725, pos=6797, neg=93928, ignore=174475, pos_frac=0.06748
Initializing ClassificationModel with 5 GAT layers and residual connections...
Initializing MCModel with 5 GAT layers and 5 row attention layers (drop_path_rate=0.1)
Initializing CoreModel with 1 layers, drop_path_rate=0.1
Ep001  LR0=2.00e-04  pw=20.00  aucα=0.000  token_p=0.030  dropE=(0.050,0.120)  smooth=0.010  train_loss=1.0609  train_AUPR_all=0.2217  train_AUPR_ab=0.2598  train_AUPR_ag=0.1671  train_P@5_ab=0.0500  train_P@5_ag=0.3000  val_loss=1.1353  val_AUPR_all=0.4222  val_AUPR_ab=0.5212  val_AUPR_ag=0.2807  val_P@5_ab=0.8500  val_P@5_ag=0.9000  select=0.4009
  Saved checkpoint: checkpoints_old/iPara_balanced_l1_g5_i5_do0.10_dpr0.10_lr0.0002_heads16_fold1.pth  select=0.4009  val_ab=0.5212  val_ag=0.2807  val_all=0.4222
Ep002  LR0=2.00e-04  pw=17.77  aucα=0.000  token_p=0.030  dropE=(0.050,0.120)  smooth=0.010  train_loss=0.7783  train_AUPR_all=0.4008  train_AUPR_ab=0.4810  train_AUPR_ag=0.2674  train_P@5_ab=0.6500  train_P@5_ag=0.8500  val_loss=1.0509  val_AUPR_all=0.4744  val_AUPR_ab=0.5885  val_AUPR_ag=0.3112  val_P@5_ab=0.9500  val_P@5_ag=0.9500  select=0.4499
  Saved checkpoint: checkpoints_old/iPara_balanced_l1_g5_i5_do0.10_dpr0.10_lr0.0002_heads16_fold1.pth  select=0.4499  val_ab=0.5885  val_ag=0.3112  val_all=0.4744
Ep003  LR0=1.99e-04  pw=15.80  aucα=0.000  token_p=0.030  dropE=(0.050,0.120)  smooth=0.010  train_loss=0.6988  train_AUPR_all=0.4475  train_AUPR_ab=0.5294  train_AUPR_ag=0.3047  train_P@5_ab=0.8000  train_P@5_ag=0.8000  val_loss=1.0678  val_AUPR_all=0.4805  val_AUPR_ab=0.6160  val_AUPR_ag=0.3047  val_P@5_ab=0.9000  val_P@5_ag=0.9000  select=0.4604
  Saved checkpoint: checkpoints_old/iPara_balanced_l1_g5_i5_do0.10_dpr0.10_lr0.0002_heads16_fold1.pth  select=0.4604  val_ab=0.6160  val_ag=0.3047  val_all=0.4805
Ep004  LR0=1.99e-04  pw=14.06  aucα=0.000  token_p=0.030  dropE=(0.050,0.120)  smooth=0.010  train_loss=0.6358  train_AUPR_all=0.4751  train_AUPR_ab=0.5586  train_AUPR_ag=0.3271  train_P@5_ab=0.8500  train_P@5_ag=0.9000  val_loss=0.8608  val_AUPR_all=0.5259  val_AUPR_ab=0.6318  val_AUPR_ag=0.3483  val_P@5_ab=0.8500  val_P@5_ag=1.0000  select=0.4901
  Saved checkpoint: checkpoints_old/iPara_balanced_l1_g5_i5_do0.10_dpr0.10_lr0.0002_heads16_fold1.pth  select=0.4901  val_ab=0.6318  val_ag=0.3483  val_all=0.5259
Unfreezing DyM parameters.
Ep005  LR0=1.98e-04  pw=12.52  aucα=0.000  token_p=0.030  dropE=(0.050,0.120)  smooth=0.010  train_loss=0.5790  train_AUPR_all=0.5073  train_AUPR_ab=0.5981  train_AUPR_ag=0.3436  train_P@5_ab=0.9000  train_P@5_ag=0.8000  val_loss=0.8903  val_AUPR_all=0.5179  val_AUPR_ab=0.6368  val_AUPR_ag=0.3267  val_P@5_ab=0.8000  val_P@5_ag=0.8500  select=0.4818
Ep006  LR0=1.97e-04  pw=11.17  aucα=0.000  token_p=0.030  dropE=(0.050,0.120)  smooth=0.010  train_loss=0.5417  train_AUPR_all=0.5204  train_AUPR_ab=0.6136  train_AUPR_ag=0.3558  train_P@5_ab=0.6500  train_P@5_ag=0.7500  val_loss=0.7751  val_AUPR_all=0.5442  val_AUPR_ab=0.6627  val_AUPR_ag=0.3522  val_P@5_ab=0.8500  val_P@5_ag=0.9500  select=0.5074
  Saved checkpoint: checkpoints_old/iPara_balanced_l1_g5_i5_do0.10_dpr0.10_lr0.0002_heads16_fold1.pth  select=0.5074  val_ab=0.6627  val_ag=0.3522  val_all=0.5442
Ep007  LR0=1.95e-04  pw=9.97  aucα=0.000  token_p=0.030  dropE=(0.050,0.120)  smooth=0.010  train_loss=0.5061  train_AUPR_all=0.5315  train_AUPR_ab=0.6223  train_AUPR_ag=0.3673  train_P@5_ab=0.7500  train_P@5_ag=0.9000  val_loss=0.7457  val_AUPR_all=0.5430  val_AUPR_ab=0.6653  val_AUPR_ag=0.3451  val_P@5_ab=0.8500  val_P@5_ag=1.0000  select=0.5052
Ep008  LR0=1.93e-04  pw=8.92  aucα=0.000  token_p=0.030  dropE=(0.050,0.120)  smooth=0.010  train_loss=0.4733  train_AUPR_all=0.5449  train_AUPR_ab=0.6494  train_AUPR_ag=0.3687  train_P@5_ab=0.9500  train_P@5_ag=0.9000  val_loss=0.6913  val_AUPR_all=0.5471  val_AUPR_ab=0.6756  val_AUPR_ag=0.3482  val_P@5_ab=0.8500  val_P@5_ag=1.0000  select=0.5119
  Saved checkpoint: checkpoints_old/iPara_balanced_l1_g5_i5_do0.10_dpr0.10_lr0.0002_heads16_fold1.pth  select=0.5119  val_ab=0.6756  val_ag=0.3482  val_all=0.5471
Ep009  LR0=1.91e-04  pw=7.99  aucα=0.000  token_p=0.030  dropE=(0.050,0.120)  smooth=0.010  train_loss=0.4419  train_AUPR_all=0.5531  train_AUPR_ab=0.6475  train_AUPR_ag=0.3864  train_P@5_ab=0.8500  train_P@5_ag=0.9500  val_loss=0.7694  val_AUPR_all=0.5210  val_AUPR_ab=0.6685  val_AUPR_ag=0.3388  val_P@5_ab=0.9500  val_P@5_ag=0.9000  select=0.5037
Ep010  LR0=1.89e-04  pw=7.17  aucα=0.030  token_p=0.030  dropE=(0.050,0.120)  smooth=0.010  train_loss=0.4296  train_AUPR_all=0.5624  train_AUPR_ab=0.6607  train_AUPR_ag=0.3972  train_P@5_ab=0.9000  train_P@5_ag=0.9500  val_loss=0.6134  val_AUPR_all=0.5642  val_AUPR_ab=0.6853  val_AUPR_ag=0.3632  val_P@5_ab=0.9000  val_P@5_ag=1.0000  select=0.5243
  Saved checkpoint: checkpoints_old/iPara_balanced_l1_g5_i5_do0.10_dpr0.10_lr0.0002_heads16_fold1.pth  select=0.5243  val_ab=0.6853  val_ag=0.3632  val_all=0.5642
Ep011  LR0=1.87e-04  pw=6.44  aucα=0.060  token_p=0.030  dropE=(0.050,0.120)  smooth=0.010  train_loss=0.4107  train_AUPR_all=0.5784  train_AUPR_ab=0.6779  train_AUPR_ag=0.4078  train_P@5_ab=0.9000  train_P@5_ag=0.9500  val_loss=0.5712  val_AUPR_all=0.5771  val_AUPR_ab=0.7030  val_AUPR_ag=0.3790  val_P@5_ab=1.0000  val_P@5_ag=1.0000  select=0.5410
  Saved checkpoint: checkpoints_old/iPara_balanced_l1_g5_i5_do0.10_dpr0.10_lr0.0002_heads16_fold1.pth  select=0.5410  val_ab=0.7030  val_ag=0.3790  val_all=0.5771
Ep012  LR0=1.84e-04  pw=5.80  aucα=0.090  token_p=0.030  dropE=(0.050,0.120)  smooth=0.010  train_loss=0.4043  train_AUPR_all=0.5817  train_AUPR_ab=0.6764  train_AUPR_ag=0.4208  train_P@5_ab=0.8500  train_P@5_ag=0.9500  val_loss=0.5579  val_AUPR_all=0.5650  val_AUPR_ab=0.7024  val_AUPR_ag=0.3635  val_P@5_ab=1.0000  val_P@5_ag=1.0000  select=0.5329
Ep013  LR0=1.81e-04  pw=5.24  aucα=0.120  token_p=0.030  dropE=(0.050,0.120)  smooth=0.010  train_loss=0.3959  train_AUPR_all=0.5918  train_AUPR_ab=0.6888  train_AUPR_ag=0.4293  train_P@5_ab=0.9500  train_P@5_ag=0.9500  val_loss=0.5099  val_AUPR_all=0.5847  val_AUPR_ab=0.7150  val_AUPR_ag=0.3885  val_P@5_ab=1.0000  val_P@5_ag=1.0000  select=0.5518
  Saved checkpoint: checkpoints_old/iPara_balanced_l1_g5_i5_do0.10_dpr0.10_lr0.0002_heads16_fold1.pth  select=0.5518  val_ab=0.7150  val_ag=0.3885  val_all=0.5847
Ep014  LR0=1.78e-04  pw=4.74  aucα=0.150  token_p=0.030  dropE=(0.050,0.120)  smooth=0.010  train_loss=0.3812  train_AUPR_all=0.6055  train_AUPR_ab=0.7048  train_AUPR_ag=0.4402  train_P@5_ab=0.8500  train_P@5_ag=0.9000  val_loss=0.5075  val_AUPR_all=0.5797  val_AUPR_ab=0.7129  val_AUPR_ag=0.3763  val_P@5_ab=1.0000  val_P@5_ag=1.0000  select=0.5446
Ep015  LR0=1.74e-04  pw=4.30  aucα=0.180  token_p=0.030  dropE=(0.050,0.120)  smooth=0.010  train_loss=0.3747  train_AUPR_all=0.6150  train_AUPR_ab=0.7117  train_AUPR_ag=0.4531  train_P@5_ab=1.0000  train_P@5_ag=1.0000  val_loss=0.4867  val_AUPR_all=0.5827  val_AUPR_ab=0.7206  val_AUPR_ag=0.3771  val_P@5_ab=1.0000  val_P@5_ag=0.9500  select=0.5489
Ep016  LR0=1.71e-04  pw=3.91  aucα=0.210  token_p=0.030  dropE=(0.050,0.120)  smooth=0.010  train_loss=0.3654  train_AUPR_all=0.6246  train_AUPR_ab=0.7199  train_AUPR_ag=0.4693  train_P@5_ab=1.0000  train_P@5_ag=0.9500  val_loss=0.4786  val_AUPR_all=0.5814  val_AUPR_ab=0.7298  val_AUPR_ag=0.3431  val_P@5_ab=0.9500  val_P@5_ag=1.0000  select=0.5364
Ep017  LR0=1.67e-04  pw=3.57  aucα=0.240  token_p=0.030  dropE=(0.050,0.120)  smooth=0.010  train_loss=0.3601  train_AUPR_all=0.6317  train_AUPR_ab=0.7267  train_AUPR_ag=0.4772  train_P@5_ab=0.9500  train_P@5_ag=1.0000  val_loss=0.4505  val_AUPR_all=0.5841  val_AUPR_ab=0.7236  val_AUPR_ag=0.3690  val_P@5_ab=0.9500  val_P@5_ag=1.0000  select=0.5463
Ep018  LR0=1.63e-04  pw=3.27  aucα=0.270  token_p=0.030  dropE=(0.050,0.120)  smooth=0.010  train_loss=0.3538  train_AUPR_all=0.6402  train_AUPR_ab=0.7339  train_AUPR_ag=0.4893  train_P@5_ab=0.9500  train_P@5_ag=1.0000  val_loss=0.4472  val_AUPR_all=0.5797  val_AUPR_ab=0.7275  val_AUPR_ag=0.3563  val_P@5_ab=1.0000  val_P@5_ag=1.0000  select=0.5419
Ep019  LR0=1.59e-04  pw=3.00  aucα=0.300  token_p=0.030  dropE=(0.050,0.120)  smooth=0.010  train_loss=0.3473  train_AUPR_all=0.6517  train_AUPR_ab=0.7428  train_AUPR_ag=0.5060  train_P@5_ab=0.9500  train_P@5_ag=1.0000  val_loss=0.4320  val_AUPR_all=0.5866  val_AUPR_ab=0.7363  val_AUPR_ag=0.3524  val_P@5_ab=1.0000  val_P@5_ag=0.9500  select=0.5443
Ep020  LR0=1.55e-04  pw=2.77  aucα=0.300  token_p=0.030  dropE=(0.050,0.120)  smooth=0.010  train_loss=0.3288  train_AUPR_all=0.6625  train_AUPR_ab=0.7472  train_AUPR_ag=0.5300  train_P@5_ab=1.0000  train_P@5_ag=0.8000  val_loss=0.4260  val_AUPR_all=0.5812  val_AUPR_ab=0.7253  val_AUPR_ag=0.3640  val_P@5_ab=1.0000  val_P@5_ag=1.0000  select=0.5446
Ep021  LR0=1.50e-04  pw=2.56  aucα=0.300  token_p=0.030  dropE=(0.050,0.120)  smooth=0.010  train_loss=0.3163  train_AUPR_all=0.6695  train_AUPR_ab=0.7556  train_AUPR_ag=0.5354  train_P@5_ab=1.0000  train_P@5_ag=0.9500  val_loss=0.4171  val_AUPR_all=0.5772  val_AUPR_ab=0.7344  val_AUPR_ag=0.3610  val_P@5_ab=0.9500  val_P@5_ag=1.0000  select=0.5477
Ep022  LR0=1.46e-04  pw=2.38  aucα=0.300  token_p=0.030  dropE=(0.050,0.120)  smooth=0.010  train_loss=0.2962  train_AUPR_all=0.6838  train_AUPR_ab=0.7657  train_AUPR_ag=0.5567  train_P@5_ab=0.9500  train_P@5_ag=0.8500  val_loss=0.4152  val_AUPR_all=0.5737  val_AUPR_ab=0.7341  val_AUPR_ag=0.3613  val_P@5_ab=1.0000  val_P@5_ag=1.0000  select=0.5477
Ep023  LR0=1.41e-04  pw=2.21  aucα=0.300  token_p=0.030  dropE=(0.050,0.120)  smooth=0.010  train_loss=0.2819  train_AUPR_all=0.6950  train_AUPR_ab=0.7701  train_AUPR_ag=0.5798  train_P@5_ab=1.0000  train_P@5_ag=0.9500  val_loss=0.4123  val_AUPR_all=0.5722  val_AUPR_ab=0.7329  val_AUPR_ag=0.3668  val_P@5_ab=0.9000  val_P@5_ag=1.0000  select=0.5499
Ep024  LR0=1.36e-04  pw=2.07  aucα=0.300  token_p=0.030  dropE=(0.050,0.120)  smooth=0.010  train_loss=0.2695  train_AUPR_all=0.7046  train_AUPR_ab=0.7773  train_AUPR_ag=0.5936  train_P@5_ab=0.9500  train_P@5_ag=1.0000  val_loss=0.3810  val_AUPR_all=0.5855  val_AUPR_ab=0.7288  val_AUPR_ag=0.3881  val_P@5_ab=1.0000  val_P@5_ag=1.0000  select=0.5585
  Saved checkpoint: checkpoints_old/iPara_balanced_l1_g5_i5_do0.10_dpr0.10_lr0.0002_heads16_fold1.pth  select=0.5585  val_ab=0.7288  val_ag=0.3881  val_all=0.5855
Ep025  LR0=1.31e-04  pw=1.95  aucα=0.300  token_p=0.030  dropE=(0.050,0.120)  smooth=0.010  train_loss=0.2566  train_AUPR_all=0.7149  train_AUPR_ab=0.7819  train_AUPR_ag=0.6138  train_P@5_ab=1.0000  train_P@5_ag=0.9500  val_loss=0.3673  val_AUPR_all=0.5879  val_AUPR_ab=0.7428  val_AUPR_ag=0.3654  val_P@5_ab=0.9500  val_P@5_ag=1.0000  select=0.5541
Ep026  LR0=1.26e-04  pw=1.83  aucα=0.300  token_p=0.030  dropE=(0.050,0.120)  smooth=0.010  train_loss=0.2457  train_AUPR_all=0.7250  train_AUPR_ab=0.7852  train_AUPR_ag=0.6355  train_P@5_ab=0.9000  train_P@5_ag=1.0000  val_loss=0.3668  val_AUPR_all=0.5945  val_AUPR_ab=0.7460  val_AUPR_ag=0.3872  val_P@5_ab=1.0000  val_P@5_ag=1.0000  select=0.5666
  Saved checkpoint: checkpoints_old/iPara_balanced_l1_g5_i5_do0.10_dpr0.10_lr0.0002_heads16_fold1.pth  select=0.5666  val_ab=0.7460  val_ag=0.3872  val_all=0.5945
Ep027  LR0=1.21e-04  pw=1.74  aucα=0.300  token_p=0.030  dropE=(0.050,0.120)  smooth=0.010  train_loss=0.2339  train_AUPR_all=0.7366  train_AUPR_ab=0.7952  train_AUPR_ag=0.6495  train_P@5_ab=1.0000  train_P@5_ag=1.0000  val_loss=0.3799  val_AUPR_all=0.5781  val_AUPR_ab=0.7465  val_AUPR_ag=0.3757  val_P@5_ab=1.0000  val_P@5_ag=0.8500  select=0.5611
Ep028  LR0=1.16e-04  pw=1.65  aucα=0.300  token_p=0.030  dropE=(0.050,0.120)  smooth=0.010  train_loss=0.2275  train_AUPR_all=0.7413  train_AUPR_ab=0.8008  train_AUPR_ag=0.6530  train_P@5_ab=0.8500  train_P@5_ag=1.0000  val_loss=0.3851  val_AUPR_all=0.5697  val_AUPR_ab=0.7437  val_AUPR_ag=0.3616  val_P@5_ab=1.0000  val_P@5_ag=0.8000  select=0.5527
Ep029  LR0=1.11e-04  pw=1.57  aucα=0.300  token_p=0.030  dropE=(0.050,0.120)  smooth=0.010  train_loss=0.2169  train_AUPR_all=0.7540  train_AUPR_ab=0.8055  train_AUPR_ag=0.6792  train_P@5_ab=0.9500  train_P@5_ag=0.9000  val_loss=0.3616  val_AUPR_all=0.5901  val_AUPR_ab=0.7515  val_AUPR_ag=0.3631  val_P@5_ab=1.0000  val_P@5_ag=0.9500  select=0.5573
Ep030  LR0=1.05e-04  pw=1.51  aucα=0.300  token_p=0.030  dropE=(0.050,0.120)  smooth=0.010  train_loss=0.2063  train_AUPR_all=0.7679  train_AUPR_ab=0.8225  train_AUPR_ag=0.6869  train_P@5_ab=1.0000  train_P@5_ag=1.0000  val_loss=0.3658  val_AUPR_all=0.5853  val_AUPR_ab=0.7450  val_AUPR_ag=0.3654  val_P@5_ab=1.0000  val_P@5_ag=0.9000  select=0.5552
Ep031  LR0=1.00e-04  pw=1.45  aucα=0.300  token_p=0.030  dropE=(0.050,0.120)  smooth=0.010  train_loss=0.2034  train_AUPR_all=0.7662  train_AUPR_ab=0.8175  train_AUPR_ag=0.6908  train_P@5_ab=1.0000  train_P@5_ag=0.9500  val_loss=0.3543  val_AUPR_all=0.5854  val_AUPR_ab=0.7509  val_AUPR_ag=0.3758  val_P@5_ab=1.0000  val_P@5_ag=0.9500  select=0.5634
Ep032  LR0=9.50e-05  pw=1.39  aucα=0.300  token_p=0.030  dropE=(0.050,0.120)  smooth=0.010  train_loss=0.1933  train_AUPR_all=0.7821  train_AUPR_ab=0.8298  train_AUPR_ag=0.7132  train_P@5_ab=1.0000  train_P@5_ag=1.0000  val_loss=0.3442  val_AUPR_all=0.5918  val_AUPR_ab=0.7404  val_AUPR_ag=0.3836  val_P@5_ab=0.9500  val_P@5_ag=0.9000  select=0.5620
Ep033  LR0=8.98e-05  pw=1.35  aucα=0.300  token_p=0.030  dropE=(0.050,0.120)  smooth=0.010  train_loss=0.1866  train_AUPR_all=0.7911  train_AUPR_ab=0.8373  train_AUPR_ag=0.7237  train_P@5_ab=1.0000  train_P@5_ag=1.0000  val_loss=0.3396  val_AUPR_all=0.5892  val_AUPR_ab=0.7492  val_AUPR_ag=0.3693  val_P@5_ab=0.9000  val_P@5_ag=0.9000  select=0.5593
Ep034  LR0=8.46e-05  pw=1.31  aucα=0.300  token_p=0.030  dropE=(0.050,0.120)  smooth=0.010  train_loss=0.1847  train_AUPR_all=0.7906  train_AUPR_ab=0.8368  train_AUPR_ag=0.7235  train_P@5_ab=1.0000  train_P@5_ag=1.0000  val_loss=0.3620  val_AUPR_all=0.5621  val_AUPR_ab=0.7524  val_AUPR_ag=0.3319  val_P@5_ab=1.0000  val_P@5_ag=0.4000  select=0.5421
Ep035  LR0=7.95e-05  pw=1.27  aucα=0.300  token_p=0.030  dropE=(0.050,0.120)  smooth=0.010  train_loss=0.1793  train_AUPR_all=0.7969  train_AUPR_ab=0.8379  train_AUPR_ag=0.7379  train_P@5_ab=1.0000  train_P@5_ag=0.9500  val_loss=0.3444  val_AUPR_all=0.5670  val_AUPR_ab=0.7517  val_AUPR_ag=0.3499  val_P@5_ab=1.0000  val_P@5_ag=0.7500  select=0.5508
Ep036  LR0=7.44e-05  pw=1.24  aucα=0.300  token_p=0.030  dropE=(0.050,0.120)  smooth=0.010  train_loss=0.1730  train_AUPR_all=0.8051  train_AUPR_ab=0.8476  train_AUPR_ag=0.7436  train_P@5_ab=1.0000  train_P@5_ag=0.9500  val_loss=0.3345  val_AUPR_all=0.5896  val_AUPR_ab=0.7550  val_AUPR_ag=0.3656  val_P@5_ab=1.0000  val_P@5_ag=0.6000  select=0.5603
Ep037  LR0=6.94e-05  pw=1.21  aucα=0.300  token_p=0.030  dropE=(0.050,0.120)  smooth=0.010  train_loss=0.1660  train_AUPR_all=0.8164  train_AUPR_ab=0.8554  train_AUPR_ag=0.7603  train_P@5_ab=1.0000  train_P@5_ag=1.0000  val_loss=0.3399  val_AUPR_all=0.5782  val_AUPR_ab=0.7517  val_AUPR_ag=0.3602  val_P@5_ab=0.8500  val_P@5_ag=0.8000  select=0.5559
Ep038  LR0=6.45e-05  pw=1.19  aucα=0.300  token_p=0.030  dropE=(0.050,0.120)  smooth=0.010  train_loss=0.1588  train_AUPR_all=0.8258  train_AUPR_ab=0.8641  train_AUPR_ag=0.7702  train_P@5_ab=0.9500  train_P@5_ag=1.0000  val_loss=0.3373  val_AUPR_all=0.5857  val_AUPR_ab=0.7521  val_AUPR_ag=0.3633  val_P@5_ab=0.9000  val_P@5_ag=0.7500  select=0.5577
Ep039  LR0=5.97e-05  pw=1.16  aucα=0.300  token_p=0.030  dropE=(0.050,0.120)  smooth=0.010  train_loss=0.1587  train_AUPR_all=0.8261  train_AUPR_ab=0.8629  train_AUPR_ag=0.7732  train_P@5_ab=1.0000  train_P@5_ag=1.0000  val_loss=0.3376  val_AUPR_all=0.5767  val_AUPR_ab=0.7474  val_AUPR_ag=0.3641  val_P@5_ab=1.0000  val_P@5_ag=0.5000  select=0.5558
Ep040  LR0=5.50e-05  pw=1.15  aucα=0.300  token_p=0.030  dropE=(0.050,0.120)  smooth=0.010  train_loss=0.1542  train_AUPR_all=0.8327  train_AUPR_ab=0.8697  train_AUPR_ag=0.7796  train_P@5_ab=1.0000  train_P@5_ag=1.0000  val_loss=0.3384  val_AUPR_all=0.5774  val_AUPR_ab=0.7511  val_AUPR_ag=0.3569  val_P@5_ab=0.9500  val_P@5_ag=0.7000  select=0.5540
Ep041  LR0=5.04e-05  pw=1.13  aucα=0.300  token_p=0.030  dropE=(0.050,0.120)  smooth=0.010  train_loss=0.1477  train_AUPR_all=0.8423  train_AUPR_ab=0.8759  train_AUPR_ag=0.7936  train_P@5_ab=1.0000  train_P@5_ag=1.0000  val_loss=0.3426  val_AUPR_all=0.5791  val_AUPR_ab=0.7550  val_AUPR_ag=0.3632  val_P@5_ab=1.0000  val_P@5_ag=0.7500  select=0.5591
Ep042  LR0=4.59e-05  pw=1.11  aucα=0.300  token_p=0.030  dropE=(0.050,0.120)  smooth=0.010  train_loss=0.1461  train_AUPR_all=0.8443  train_AUPR_ab=0.8764  train_AUPR_ag=0.7982  train_P@5_ab=0.9500  train_P@5_ag=1.0000  val_loss=0.3512  val_AUPR_all=0.5658  val_AUPR_ab=0.7476  val_AUPR_ag=0.3453  val_P@5_ab=1.0000  val_P@5_ag=0.5000  select=0.5464
Ep043  LR0=4.16e-05  pw=1.10  aucα=0.300  token_p=0.030  dropE=(0.050,0.120)  smooth=0.010  train_loss=0.1398  train_AUPR_all=0.8539  train_AUPR_ab=0.8853  train_AUPR_ag=0.8087  train_P@5_ab=1.0000  train_P@5_ag=1.0000  val_loss=0.3638  val_AUPR_all=0.5647  val_AUPR_ab=0.7468  val_AUPR_ag=0.3401  val_P@5_ab=0.9500  val_P@5_ag=0.4500  select=0.5434
Ep044  LR0=3.75e-05  pw=1.09  aucα=0.300  token_p=0.030  dropE=(0.050,0.120)  smooth=0.010  train_loss=0.1419  train_AUPR_all=0.8506  train_AUPR_ab=0.8814  train_AUPR_ag=0.8066  train_P@5_ab=1.0000  train_P@5_ag=0.9500  val_loss=0.3477  val_AUPR_all=0.5731  val_AUPR_ab=0.7528  val_AUPR_ag=0.3511  val_P@5_ab=0.9500  val_P@5_ag=0.6500  select=0.5520
Ep045  LR0=3.35e-05  pw=1.08  aucα=0.300  token_p=0.030  dropE=(0.050,0.120)  smooth=0.010  train_loss=0.1373  train_AUPR_all=0.8573  train_AUPR_ab=0.8897  train_AUPR_ag=0.8103  train_P@5_ab=1.0000  train_P@5_ag=1.0000  val_loss=0.3534  val_AUPR_all=0.5708  val_AUPR_ab=0.7497  val_AUPR_ag=0.3427  val_P@5_ab=0.9500  val_P@5_ag=0.6500  select=0.5462
Ep046  LR0=2.97e-05  pw=1.07  aucα=0.300  token_p=0.030  dropE=(0.050,0.120)  smooth=0.010  train_loss=0.1361  train_AUPR_all=0.8584  train_AUPR_ab=0.8880  train_AUPR_ag=0.8159  train_P@5_ab=1.0000  train_P@5_ag=1.0000  val_loss=0.3462  val_AUPR_all=0.5604  val_AUPR_ab=0.7462  val_AUPR_ag=0.3445  val_P@5_ab=0.8500  val_P@5_ag=0.4000  select=0.5453
Early stopping at epoch 46. Best select=0.5666 at epoch 26.
Final saved checkpoint for fold 1: checkpoints_old/iPara_balanced_l1_g5_i5_do0.10_dpr0.10_lr0.0002_heads16_fold1.pth
Best select=0.5666 at epoch 26

==========================================================================================
Fold 2/5
==========================================================================================
Train labels: valid=400834, pos=26650, neg=374184, ignore=696766, pos_frac=0.06649
Val labels: valid=99358, pos=6580, neg=92778, ignore=175842, pos_frac=0.06623
Initializing ClassificationModel with 5 GAT layers and residual connections...
Initializing MCModel with 5 GAT layers and 5 row attention layers (drop_path_rate=0.1)
Initializing CoreModel with 1 layers, drop_path_rate=0.1
Ep001  LR0=2.00e-04  pw=20.00  aucα=0.000  token_p=0.030  dropE=(0.050,0.120)  smooth=0.010  train_loss=1.0680  train_AUPR_all=0.2184  train_AUPR_ab=0.2627  train_AUPR_ag=0.1592  train_P@5_ab=0.0500  train_P@5_ag=0.1000  val_loss=1.0552  val_AUPR_all=0.4471  val_AUPR_ab=0.5459  val_AUPR_ag=0.2816  val_P@5_ab=0.8000  val_P@5_ag=0.6500  select=0.4137
  Saved checkpoint: checkpoints_old/iPara_balanced_l1_g5_i5_do0.10_dpr0.10_lr0.0002_heads16_fold2.pth  select=0.4137  val_ab=0.5459  val_ag=0.2816  val_all=0.4471
Ep002  LR0=2.00e-04  pw=17.77  aucα=0.000  token_p=0.030  dropE=(0.050,0.120)  smooth=0.010  train_loss=0.7732  train_AUPR_all=0.4082  train_AUPR_ab=0.4990  train_AUPR_ag=0.2599  train_P@5_ab=0.8500  train_P@5_ag=0.9500  val_loss=0.9684  val_AUPR_all=0.4730  val_AUPR_ab=0.5636  val_AUPR_ag=0.3445  val_P@5_ab=0.8000  val_P@5_ag=0.9500  select=0.4540
  Saved checkpoint: checkpoints_old/iPara_balanced_l1_g5_i5_do0.10_dpr0.10_lr0.0002_heads16_fold2.pth  select=0.4540  val_ab=0.5636  val_ag=0.3445  val_all=0.4730
Ep003  LR0=1.99e-04  pw=15.80  aucα=0.000  token_p=0.030  dropE=(0.050,0.120)  smooth=0.010  train_loss=0.6834  train_AUPR_all=0.4587  train_AUPR_ab=0.5465  train_AUPR_ag=0.3061  train_P@5_ab=0.9500  train_P@5_ag=0.6500  val_loss=0.9226  val_AUPR_all=0.5184  val_AUPR_ab=0.6085  val_AUPR_ag=0.3518  val_P@5_ab=0.8500  val_P@5_ag=0.8500  select=0.4802
  Saved checkpoint: checkpoints_old/iPara_balanced_l1_g5_i5_do0.10_dpr0.10_lr0.0002_heads16_fold2.pth  select=0.4802  val_ab=0.6085  val_ag=0.3518  val_all=0.5184
Ep004  LR0=1.99e-04  pw=14.06  aucα=0.000  token_p=0.030  dropE=(0.050,0.120)  smooth=0.010  train_loss=0.6340  train_AUPR_all=0.4781  train_AUPR_ab=0.5671  train_AUPR_ag=0.3193  train_P@5_ab=0.7500  train_P@5_ag=0.8500  val_loss=0.8948  val_AUPR_all=0.5186  val_AUPR_ab=0.6225  val_AUPR_ag=0.3524  val_P@5_ab=0.8000  val_P@5_ag=0.9500  select=0.4875
  Saved checkpoint: checkpoints_old/iPara_balanced_l1_g5_i5_do0.10_dpr0.10_lr0.0002_heads16_fold2.pth  select=0.4875  val_ab=0.6225  val_ag=0.3524  val_all=0.5186
Unfreezing DyM parameters.
Ep005  LR0=1.98e-04  pw=12.52  aucα=0.000  token_p=0.030  dropE=(0.050,0.120)  smooth=0.010  train_loss=0.5821  train_AUPR_all=0.5071  train_AUPR_ab=0.5968  train_AUPR_ag=0.3427  train_P@5_ab=0.8500  train_P@5_ag=0.8500  val_loss=0.7973  val_AUPR_all=0.5320  val_AUPR_ab=0.6436  val_AUPR_ag=0.3683  val_P@5_ab=0.8000  val_P@5_ag=0.9500  select=0.5059
  Saved checkpoint: checkpoints_old/iPara_balanced_l1_g5_i5_do0.10_dpr0.10_lr0.0002_heads16_fold2.pth  select=0.5059  val_ab=0.6436  val_ag=0.3683  val_all=0.5320
Ep006  LR0=1.97e-04  pw=11.17  aucα=0.000  token_p=0.030  dropE=(0.050,0.120)  smooth=0.010  train_loss=0.5443  train_AUPR_all=0.5233  train_AUPR_ab=0.6157  train_AUPR_ag=0.3552  train_P@5_ab=0.8500  train_P@5_ag=1.0000  val_loss=0.7510  val_AUPR_all=0.5468  val_AUPR_ab=0.6538  val_AUPR_ag=0.3649  val_P@5_ab=0.8000  val_P@5_ag=0.9000  select=0.5094
  Saved checkpoint: checkpoints_old/iPara_balanced_l1_g5_i5_do0.10_dpr0.10_lr0.0002_heads16_fold2.pth  select=0.5094  val_ab=0.6538  val_ag=0.3649  val_all=0.5468
Ep007  LR0=1.95e-04  pw=9.97  aucα=0.000  token_p=0.030  dropE=(0.050,0.120)  smooth=0.010  train_loss=0.5050  train_AUPR_all=0.5349  train_AUPR_ab=0.6332  train_AUPR_ag=0.3579  train_P@5_ab=0.9500  train_P@5_ag=0.9500  val_loss=0.6793  val_AUPR_all=0.5663  val_AUPR_ab=0.6554  val_AUPR_ag=0.3915  val_P@5_ab=0.7500  val_P@5_ag=0.9000  select=0.5234
  Saved checkpoint: checkpoints_old/iPara_balanced_l1_g5_i5_do0.10_dpr0.10_lr0.0002_heads16_fold2.pth  select=0.5234  val_ab=0.6554  val_ag=0.3915  val_all=0.5663
Ep008  LR0=1.93e-04  pw=8.92  aucα=0.000  token_p=0.030  dropE=(0.050,0.120)  smooth=0.010  train_loss=0.4798  train_AUPR_all=0.5402  train_AUPR_ab=0.6397  train_AUPR_ag=0.3667  train_P@5_ab=0.9500  train_P@5_ag=0.7500  val_loss=0.6395  val_AUPR_all=0.5819  val_AUPR_ab=0.6917  val_AUPR_ag=0.3955  val_P@5_ab=0.8000  val_P@5_ag=0.9000  select=0.5436
  Saved checkpoint: checkpoints_old/iPara_balanced_l1_g5_i5_do0.10_dpr0.10_lr0.0002_heads16_fold2.pth  select=0.5436  val_ab=0.6917  val_ag=0.3955  val_all=0.5819
Ep009  LR0=1.91e-04  pw=7.99  aucα=0.000  token_p=0.030  dropE=(0.050,0.120)  smooth=0.010  train_loss=0.4394  train_AUPR_all=0.5587  train_AUPR_ab=0.6606  train_AUPR_ag=0.3819  train_P@5_ab=0.8500  train_P@5_ag=0.9500  val_loss=0.6241  val_AUPR_all=0.5750  val_AUPR_ab=0.6865  val_AUPR_ag=0.3815  val_P@5_ab=0.8500  val_P@5_ag=0.9000  select=0.5340
Ep010  LR0=1.89e-04  pw=7.17  aucα=0.030  token_p=0.030  dropE=(0.050,0.120)  smooth=0.010  train_loss=0.4323  train_AUPR_all=0.5627  train_AUPR_ab=0.6701  train_AUPR_ag=0.3803  train_P@5_ab=1.0000  train_P@5_ag=0.8500  val_loss=0.6000  val_AUPR_all=0.5630  val_AUPR_ab=0.6470  val_AUPR_ag=0.3986  val_P@5_ab=0.9500  val_P@5_ag=0.9000  select=0.5228
Ep011  LR0=1.87e-04  pw=6.44  aucα=0.060  token_p=0.030  dropE=(0.050,0.120)  smooth=0.010  train_loss=0.4138  train_AUPR_all=0.5782  train_AUPR_ab=0.6842  train_AUPR_ag=0.4007  train_P@5_ab=1.0000  train_P@5_ag=0.9000  val_loss=0.5942  val_AUPR_all=0.5609  val_AUPR_ab=0.6910  val_AUPR_ag=0.3947  val_P@5_ab=0.8000  val_P@5_ag=0.9500  select=0.5428
Ep012  LR0=1.84e-04  pw=5.80  aucα=0.090  token_p=0.030  dropE=(0.050,0.120)  smooth=0.010  train_loss=0.4059  train_AUPR_all=0.5826  train_AUPR_ab=0.6870  train_AUPR_ag=0.4100  train_P@5_ab=1.0000  train_P@5_ag=0.9000  val_loss=0.5429  val_AUPR_all=0.5777  val_AUPR_ab=0.6987  val_AUPR_ag=0.3827  val_P@5_ab=0.9000  val_P@5_ag=0.8500  select=0.5407
Ep013  LR0=1.81e-04  pw=5.24  aucα=0.120  token_p=0.030  dropE=(0.050,0.120)  smooth=0.010  train_loss=0.3979  train_AUPR_all=0.5933  train_AUPR_ab=0.7005  train_AUPR_ag=0.4181  train_P@5_ab=1.0000  train_P@5_ag=0.9000  val_loss=0.5228  val_AUPR_all=0.5828  val_AUPR_ab=0.6974  val_AUPR_ag=0.3932  val_P@5_ab=0.9000  val_P@5_ag=0.9000  select=0.5453
  Saved checkpoint: checkpoints_old/iPara_balanced_l1_g5_i5_do0.10_dpr0.10_lr0.0002_heads16_fold2.pth  select=0.5453  val_ab=0.6974  val_ag=0.3932  val_all=0.5828
Ep014  LR0=1.78e-04  pw=4.74  aucα=0.150  token_p=0.030  dropE=(0.050,0.120)  smooth=0.010  train_loss=0.3860  train_AUPR_all=0.6037  train_AUPR_ab=0.7081  train_AUPR_ag=0.4327  train_P@5_ab=0.9500  train_P@5_ag=1.0000  val_loss=0.4874  val_AUPR_all=0.5968  val_AUPR_ab=0.7112  val_AUPR_ag=0.4140  val_P@5_ab=0.8000  val_P@5_ag=0.9500  select=0.5626
  Saved checkpoint: checkpoints_old/iPara_balanced_l1_g5_i5_do0.10_dpr0.10_lr0.0002_heads16_fold2.pth  select=0.5626  val_ab=0.7112  val_ag=0.4140  val_all=0.5968
Ep015  LR0=1.74e-04  pw=4.30  aucα=0.180  token_p=0.030  dropE=(0.050,0.120)  smooth=0.010  train_loss=0.3798  train_AUPR_all=0.6091  train_AUPR_ab=0.7092  train_AUPR_ag=0.4438  train_P@5_ab=0.9500  train_P@5_ag=1.0000  val_loss=0.4900  val_AUPR_all=0.5974  val_AUPR_ab=0.7178  val_AUPR_ag=0.3943  val_P@5_ab=0.8500  val_P@5_ag=0.8000  select=0.5561
Ep016  LR0=1.71e-04  pw=3.91  aucα=0.210  token_p=0.030  dropE=(0.050,0.120)  smooth=0.010  train_loss=0.3697  train_AUPR_all=0.6212  train_AUPR_ab=0.7221  train_AUPR_ag=0.4581  train_P@5_ab=0.9000  train_P@5_ag=0.9500  val_loss=0.4600  val_AUPR_all=0.6040  val_AUPR_ab=0.7255  val_AUPR_ag=0.4032  val_P@5_ab=0.9500  val_P@5_ag=0.9500  select=0.5643
  Saved checkpoint: checkpoints_old/iPara_balanced_l1_g5_i5_do0.10_dpr0.10_lr0.0002_heads16_fold2.pth  select=0.5643  val_ab=0.7255  val_ag=0.4032  val_all=0.6040
Ep017  LR0=1.67e-04  pw=3.57  aucα=0.240  token_p=0.030  dropE=(0.050,0.120)  smooth=0.010  train_loss=0.3660  train_AUPR_all=0.6255  train_AUPR_ab=0.7236  train_AUPR_ag=0.4673  train_P@5_ab=1.0000  train_P@5_ag=0.9500  val_loss=0.4407  val_AUPR_all=0.6044  val_AUPR_ab=0.7282  val_AUPR_ag=0.3978  val_P@5_ab=0.9000  val_P@5_ag=0.8500  select=0.5630
Ep018  LR0=1.63e-04  pw=3.27  aucα=0.270  token_p=0.030  dropE=(0.050,0.120)  smooth=0.010  train_loss=0.3573  train_AUPR_all=0.6390  train_AUPR_ab=0.7379  train_AUPR_ag=0.4808  train_P@5_ab=0.9500  train_P@5_ag=1.0000  val_loss=0.4296  val_AUPR_all=0.6131  val_AUPR_ab=0.7389  val_AUPR_ag=0.4077  val_P@5_ab=1.0000  val_P@5_ag=0.9000  select=0.5733
  Saved checkpoint: checkpoints_old/iPara_balanced_l1_g5_i5_do0.10_dpr0.10_lr0.0002_heads16_fold2.pth  select=0.5733  val_ab=0.7389  val_ag=0.4077  val_all=0.6131
Ep019  LR0=1.59e-04  pw=3.00  aucα=0.300  token_p=0.030  dropE=(0.050,0.120)  smooth=0.010  train_loss=0.3523  train_AUPR_all=0.6476  train_AUPR_ab=0.7450  train_AUPR_ag=0.4926  train_P@5_ab=0.9500  train_P@5_ag=1.0000  val_loss=0.4244  val_AUPR_all=0.6065  val_AUPR_ab=0.7273  val_AUPR_ag=0.4154  val_P@5_ab=0.9000  val_P@5_ag=0.9500  select=0.5714
Ep020  LR0=1.55e-04  pw=2.77  aucα=0.300  token_p=0.030  dropE=(0.050,0.120)  smooth=0.010  train_loss=0.3366  train_AUPR_all=0.6539  train_AUPR_ab=0.7466  train_AUPR_ag=0.5083  train_P@5_ab=0.9500  train_P@5_ag=0.9500  val_loss=0.4359  val_AUPR_all=0.6067  val_AUPR_ab=0.7350  val_AUPR_ag=0.4070  val_P@5_ab=0.9500  val_P@5_ag=1.0000  select=0.5710
Ep021  LR0=1.50e-04  pw=2.56  aucα=0.300  token_p=0.030  dropE=(0.050,0.120)  smooth=0.010  train_loss=0.3157  train_AUPR_all=0.6678  train_AUPR_ab=0.7544  train_AUPR_ag=0.5339  train_P@5_ab=1.0000  train_P@5_ag=0.9500  val_loss=0.3854  val_AUPR_all=0.6105  val_AUPR_ab=0.7382  val_AUPR_ag=0.4021  val_P@5_ab=0.9500  val_P@5_ag=0.8000  select=0.5702
Ep022  LR0=1.46e-04  pw=2.38  aucα=0.300  token_p=0.030  dropE=(0.050,0.120)  smooth=0.010  train_loss=0.3021  train_AUPR_all=0.6763  train_AUPR_ab=0.7586  train_AUPR_ag=0.5495  train_P@5_ab=1.0000  train_P@5_ag=0.8500  val_loss=0.4020  val_AUPR_all=0.6005  val_AUPR_ab=0.7458  val_AUPR_ag=0.3939  val_P@5_ab=0.9500  val_P@5_ag=0.9000  select=0.5699
Ep023  LR0=1.41e-04  pw=2.21  aucα=0.300  token_p=0.030  dropE=(0.050,0.120)  smooth=0.010  train_loss=0.2866  train_AUPR_all=0.6881  train_AUPR_ab=0.7684  train_AUPR_ag=0.5643  train_P@5_ab=0.9500  train_P@5_ag=1.0000  val_loss=0.3891  val_AUPR_all=0.6056  val_AUPR_ab=0.7462  val_AUPR_ag=0.3862  val_P@5_ab=1.0000  val_P@5_ag=0.9000  select=0.5662
Ep024  LR0=1.36e-04  pw=2.07  aucα=0.300  token_p=0.030  dropE=(0.050,0.120)  smooth=0.010  train_loss=0.2786  train_AUPR_all=0.6925  train_AUPR_ab=0.7719  train_AUPR_ag=0.5730  train_P@5_ab=1.0000  train_P@5_ag=0.9500  val_loss=0.3639  val_AUPR_all=0.6150  val_AUPR_ab=0.7469  val_AUPR_ag=0.4059  val_P@5_ab=1.0000  val_P@5_ag=0.9000  select=0.5764
  Saved checkpoint: checkpoints_old/iPara_balanced_l1_g5_i5_do0.10_dpr0.10_lr0.0002_heads16_fold2.pth  select=0.5764  val_ab=0.7469  val_ag=0.4059  val_all=0.6150
Ep025  LR0=1.31e-04  pw=1.95  aucα=0.300  token_p=0.030  dropE=(0.050,0.120)  smooth=0.010  train_loss=0.2638  train_AUPR_all=0.7047  train_AUPR_ab=0.7759  train_AUPR_ag=0.5981  train_P@5_ab=1.0000  train_P@5_ag=0.9500  val_loss=0.3783  val_AUPR_all=0.6118  val_AUPR_ab=0.7531  val_AUPR_ag=0.4092  val_P@5_ab=1.0000  val_P@5_ag=0.9000  select=0.5812
  Saved checkpoint: checkpoints_old/iPara_balanced_l1_g5_i5_do0.10_dpr0.10_lr0.0002_heads16_fold2.pth  select=0.5812  val_ab=0.7531  val_ag=0.4092  val_all=0.6118
Ep026  LR0=1.26e-04  pw=1.83  aucα=0.300  token_p=0.030  dropE=(0.050,0.120)  smooth=0.010  train_loss=0.2487  train_AUPR_all=0.7221  train_AUPR_ab=0.7889  train_AUPR_ag=0.6236  train_P@5_ab=1.0000  train_P@5_ag=1.0000  val_loss=0.3723  val_AUPR_all=0.6022  val_AUPR_ab=0.7518  val_AUPR_ag=0.3977  val_P@5_ab=1.0000  val_P@5_ag=0.9000  select=0.5747
Ep027  LR0=1.21e-04  pw=1.74  aucα=0.300  token_p=0.030  dropE=(0.050,0.120)  smooth=0.010  train_loss=0.2395  train_AUPR_all=0.7304  train_AUPR_ab=0.7931  train_AUPR_ag=0.6387  train_P@5_ab=1.0000  train_P@5_ag=1.0000  val_loss=0.3569  val_AUPR_all=0.6118  val_AUPR_ab=0.7597  val_AUPR_ag=0.3907  val_P@5_ab=1.0000  val_P@5_ag=0.9000  select=0.5752
Ep028  LR0=1.16e-04  pw=1.65  aucα=0.300  token_p=0.030  dropE=(0.050,0.120)  smooth=0.010  train_loss=0.2328  train_AUPR_all=0.7347  train_AUPR_ab=0.7944  train_AUPR_ag=0.6481  train_P@5_ab=1.0000  train_P@5_ag=0.8500  val_loss=0.3433  val_AUPR_all=0.6040  val_AUPR_ab=0.7501  val_AUPR_ag=0.4070  val_P@5_ab=1.0000  val_P@5_ag=0.8500  select=0.5785
Ep029  LR0=1.11e-04  pw=1.57  aucα=0.300  token_p=0.030  dropE=(0.050,0.120)  smooth=0.010  train_loss=0.2226  train_AUPR_all=0.7458  train_AUPR_ab=0.8000  train_AUPR_ag=0.6681  train_P@5_ab=1.0000  train_P@5_ag=1.0000  val_loss=0.3657  val_AUPR_all=0.6000  val_AUPR_ab=0.7475  val_AUPR_ag=0.3877  val_P@5_ab=1.0000  val_P@5_ag=0.8500  select=0.5676
Ep030  LR0=1.05e-04  pw=1.51  aucα=0.300  token_p=0.030  dropE=(0.050,0.120)  smooth=0.010  train_loss=0.2162  train_AUPR_all=0.7481  train_AUPR_ab=0.8041  train_AUPR_ag=0.6666  train_P@5_ab=1.0000  train_P@5_ag=0.9500  val_loss=0.3516  val_AUPR_all=0.6053  val_AUPR_ab=0.7572  val_AUPR_ag=0.3951  val_P@5_ab=1.0000  val_P@5_ag=0.9500  select=0.5761
Ep031  LR0=1.00e-04  pw=1.45  aucα=0.300  token_p=0.030  dropE=(0.050,0.120)  smooth=0.010  train_loss=0.2076  train_AUPR_all=0.7600  train_AUPR_ab=0.8123  train_AUPR_ag=0.6850  train_P@5_ab=1.0000  train_P@5_ag=1.0000  val_loss=0.3365  val_AUPR_all=0.6027  val_AUPR_ab=0.7542  val_AUPR_ag=0.4057  val_P@5_ab=1.0000  val_P@5_ag=0.8000  select=0.5799
Ep032  LR0=9.50e-05  pw=1.39  aucα=0.300  token_p=0.030  dropE=(0.050,0.120)  smooth=0.010  train_loss=0.1954  train_AUPR_all=0.7795  train_AUPR_ab=0.8281  train_AUPR_ag=0.7103  train_P@5_ab=1.0000  train_P@5_ag=0.9000  val_loss=0.3397  val_AUPR_all=0.6011  val_AUPR_ab=0.7572  val_AUPR_ag=0.3895  val_P@5_ab=1.0000  val_P@5_ag=0.9500  select=0.5734
Ep033  LR0=8.98e-05  pw=1.35  aucα=0.300  token_p=0.030  dropE=(0.050,0.120)  smooth=0.010  train_loss=0.1908  train_AUPR_all=0.7840  train_AUPR_ab=0.8293  train_AUPR_ag=0.7198  train_P@5_ab=1.0000  train_P@5_ag=1.0000  val_loss=0.3350  val_AUPR_all=0.6034  val_AUPR_ab=0.7516  val_AUPR_ag=0.4059  val_P@5_ab=0.9000  val_P@5_ag=0.9500  select=0.5787
Ep034  LR0=8.46e-05  pw=1.31  aucα=0.300  token_p=0.030  dropE=(0.050,0.120)  smooth=0.010  train_loss=0.1843  train_AUPR_all=0.7922  train_AUPR_ab=0.8374  train_AUPR_ag=0.7280  train_P@5_ab=1.0000  train_P@5_ag=1.0000  val_loss=0.3460  val_AUPR_all=0.6066  val_AUPR_ab=0.7554  val_AUPR_ag=0.3963  val_P@5_ab=0.9500  val_P@5_ag=0.9500  select=0.5759
Ep035  LR0=7.95e-05  pw=1.27  aucα=0.300  token_p=0.030  dropE=(0.050,0.120)  smooth=0.010  train_loss=0.1815  train_AUPR_all=0.7937  train_AUPR_ab=0.8366  train_AUPR_ag=0.7331  train_P@5_ab=1.0000  train_P@5_ag=1.0000  val_loss=0.3365  val_AUPR_all=0.6010  val_AUPR_ab=0.7511  val_AUPR_ag=0.3964  val_P@5_ab=1.0000  val_P@5_ag=0.8500  select=0.5738
Ep036  LR0=7.44e-05  pw=1.24  aucα=0.300  token_p=0.030  dropE=(0.050,0.120)  smooth=0.010  train_loss=0.1762  train_AUPR_all=0.8010  train_AUPR_ab=0.8416  train_AUPR_ag=0.7438  train_P@5_ab=1.0000  train_P@5_ag=1.0000  val_loss=0.3307  val_AUPR_all=0.5950  val_AUPR_ab=0.7554  val_AUPR_ag=0.4031  val_P@5_ab=0.9500  val_P@5_ag=1.0000  select=0.5793
Ep037  LR0=6.94e-05  pw=1.21  aucα=0.300  token_p=0.030  dropE=(0.050,0.120)  smooth=0.010  train_loss=0.1693  train_AUPR_all=0.8108  train_AUPR_ab=0.8501  train_AUPR_ag=0.7556  train_P@5_ab=1.0000  train_P@5_ag=0.9000  val_loss=0.3311  val_AUPR_all=0.5919  val_AUPR_ab=0.7530  val_AUPR_ag=0.3878  val_P@5_ab=0.9500  val_P@5_ag=0.8500  select=0.5704
Ep038  LR0=6.45e-05  pw=1.19  aucα=0.300  token_p=0.030  dropE=(0.050,0.120)  smooth=0.010  train_loss=0.1620  train_AUPR_all=0.8222  train_AUPR_ab=0.8600  train_AUPR_ag=0.7690  train_P@5_ab=1.0000  train_P@5_ag=1.0000  val_loss=0.3278  val_AUPR_all=0.6054  val_AUPR_ab=0.7607  val_AUPR_ag=0.3985  val_P@5_ab=0.9500  val_P@5_ag=0.9500  select=0.5796
Ep039  LR0=5.97e-05  pw=1.16  aucα=0.300  token_p=0.030  dropE=(0.050,0.120)  smooth=0.010  train_loss=0.1606  train_AUPR_all=0.8236  train_AUPR_ab=0.8610  train_AUPR_ag=0.7708  train_P@5_ab=1.0000  train_P@5_ag=0.9000  val_loss=0.3362  val_AUPR_all=0.5889  val_AUPR_ab=0.7542  val_AUPR_ag=0.3833  val_P@5_ab=1.0000  val_P@5_ag=0.8000  select=0.5688
Ep040  LR0=5.50e-05  pw=1.15  aucα=0.300  token_p=0.030  dropE=(0.050,0.120)  smooth=0.010  train_loss=0.1557  train_AUPR_all=0.8304  train_AUPR_ab=0.8659  train_AUPR_ag=0.7804  train_P@5_ab=1.0000  train_P@5_ag=1.0000  val_loss=0.3320  val_AUPR_all=0.6016  val_AUPR_ab=0.7577  val_AUPR_ag=0.3926  val_P@5_ab=1.0000  val_P@5_ag=0.8000  select=0.5751
Ep041  LR0=5.04e-05  pw=1.13  aucα=0.300  token_p=0.030  dropE=(0.050,0.120)  smooth=0.010  train_loss=0.1533  train_AUPR_all=0.8330  train_AUPR_ab=0.8681  train_AUPR_ag=0.7837  train_P@5_ab=1.0000  train_P@5_ag=1.0000  val_loss=0.3379  val_AUPR_all=0.5884  val_AUPR_ab=0.7596  val_AUPR_ag=0.3869  val_P@5_ab=1.0000  val_P@5_ag=0.8500  select=0.5733
Ep042  LR0=4.59e-05  pw=1.11  aucα=0.300  token_p=0.030  dropE=(0.050,0.120)  smooth=0.010  train_loss=0.1502  train_AUPR_all=0.8368  train_AUPR_ab=0.8697  train_AUPR_ag=0.7914  train_P@5_ab=1.0000  train_P@5_ag=0.7500  val_loss=0.3413  val_AUPR_all=0.5895  val_AUPR_ab=0.7552  val_AUPR_ag=0.3880  val_P@5_ab=0.9500  val_P@5_ag=0.9500  select=0.5716
Ep043  LR0=4.16e-05  pw=1.10  aucα=0.300  token_p=0.030  dropE=(0.050,0.120)  smooth=0.010  train_loss=0.1492  train_AUPR_all=0.8388  train_AUPR_ab=0.8719  train_AUPR_ag=0.7924  train_P@5_ab=1.0000  train_P@5_ag=1.0000  val_loss=0.3392  val_AUPR_all=0.5947  val_AUPR_ab=0.7583  val_AUPR_ag=0.3793  val_P@5_ab=0.9500  val_P@5_ag=0.9500  select=0.5688
Ep044  LR0=3.75e-05  pw=1.09  aucα=0.300  token_p=0.030  dropE=(0.050,0.120)  smooth=0.010  train_loss=0.1437  train_AUPR_all=0.8461  train_AUPR_ab=0.8783  train_AUPR_ag=0.8008  train_P@5_ab=1.0000  train_P@5_ag=1.0000  val_loss=0.3370  val_AUPR_all=0.5786  val_AUPR_ab=0.7483  val_AUPR_ag=0.3767  val_P@5_ab=0.9000  val_P@5_ag=0.8500  select=0.5625
Ep045  LR0=3.35e-05  pw=1.08  aucα=0.300  token_p=0.030  dropE=(0.050,0.120)  smooth=0.010  train_loss=0.1383  train_AUPR_all=0.8567  train_AUPR_ab=0.8863  train_AUPR_ag=0.8153  train_P@5_ab=1.0000  train_P@5_ag=1.0000  val_loss=0.3381  val_AUPR_all=0.5829  val_AUPR_ab=0.7541  val_AUPR_ag=0.3747  val_P@5_ab=0.9000  val_P@5_ag=0.7000  select=0.5644
Early stopping at epoch 45. Best select=0.5812 at epoch 25.
Final saved checkpoint for fold 2: checkpoints_old/iPara_balanced_l1_g5_i5_do0.10_dpr0.10_lr0.0002_heads16_fold2.pth
Best select=0.5812 at epoch 25

==========================================================================================
Fold 3/5
==========================================================================================
Train labels: valid=401949, pos=26660, neg=375289, ignore=695651, pos_frac=0.06633
Val labels: valid=98243, pos=6570, neg=91673, ignore=176957, pos_frac=0.06687
Initializing ClassificationModel with 5 GAT layers and residual connections...
Initializing MCModel with 5 GAT layers and 5 row attention layers (drop_path_rate=0.1)
Initializing CoreModel with 1 layers, drop_path_rate=0.1
Ep001  LR0=2.00e-04  pw=20.00  aucα=0.000  token_p=0.030  dropE=(0.050,0.120)  smooth=0.010  train_loss=1.1395  train_AUPR_all=0.2006  train_AUPR_ab=0.2417  train_AUPR_ag=0.1493  train_P@5_ab=0.0000  train_P@5_ag=0.2000  val_loss=1.0689  val_AUPR_all=0.4454  val_AUPR_ab=0.5137  val_AUPR_ag=0.3190  val_P@5_ab=0.6000  val_P@5_ag=0.9500  select=0.4164
  Saved checkpoint: checkpoints_old/iPara_balanced_l1_g5_i5_do0.10_dpr0.10_lr0.0002_heads16_fold3.pth  select=0.4164  val_ab=0.5137  val_ag=0.3190  val_all=0.4454
Ep002  LR0=2.00e-04  pw=17.77  aucα=0.000  token_p=0.030  dropE=(0.050,0.120)  smooth=0.010  train_loss=0.8063  train_AUPR_all=0.3895  train_AUPR_ab=0.4703  train_AUPR_ag=0.2532  train_P@5_ab=0.6000  train_P@5_ag=0.7500  val_loss=0.9202  val_AUPR_all=0.4967  val_AUPR_ab=0.5899  val_AUPR_ag=0.3602  val_P@5_ab=0.7000  val_P@5_ag=0.9500  select=0.4751
  Saved checkpoint: checkpoints_old/iPara_balanced_l1_g5_i5_do0.10_dpr0.10_lr0.0002_heads16_fold3.pth  select=0.4751  val_ab=0.5899  val_ag=0.3602  val_all=0.4967
Ep003  LR0=1.99e-04  pw=15.80  aucα=0.000  token_p=0.030  dropE=(0.050,0.120)  smooth=0.010  train_loss=0.6934  train_AUPR_all=0.4611  train_AUPR_ab=0.5453  train_AUPR_ag=0.3171  train_P@5_ab=0.8000  train_P@5_ag=0.7000  val_loss=0.8997  val_AUPR_all=0.5274  val_AUPR_ab=0.6039  val_AUPR_ag=0.3618  val_P@5_ab=0.4500  val_P@5_ag=0.9500  select=0.4829
  Saved checkpoint: checkpoints_old/iPara_balanced_l1_g5_i5_do0.10_dpr0.10_lr0.0002_heads16_fold3.pth  select=0.4829  val_ab=0.6039  val_ag=0.3618  val_all=0.5274
Ep004  LR0=1.99e-04  pw=14.06  aucα=0.000  token_p=0.030  dropE=(0.050,0.120)  smooth=0.010  train_loss=0.6356  train_AUPR_all=0.4764  train_AUPR_ab=0.5590  train_AUPR_ag=0.3260  train_P@5_ab=0.6500  train_P@5_ag=0.7500  val_loss=0.8534  val_AUPR_all=0.5175  val_AUPR_ab=0.5942  val_AUPR_ag=0.3627  val_P@5_ab=0.7000  val_P@5_ag=0.9000  select=0.4785
Unfreezing DyM parameters.
Ep005  LR0=1.98e-04  pw=12.52  aucα=0.000  token_p=0.030  dropE=(0.050,0.120)  smooth=0.010  train_loss=0.5920  train_AUPR_all=0.5023  train_AUPR_ab=0.5945  train_AUPR_ag=0.3410  train_P@5_ab=0.8500  train_P@5_ag=0.9500  val_loss=0.7528  val_AUPR_all=0.5526  val_AUPR_ab=0.6452  val_AUPR_ag=0.3835  val_P@5_ab=0.9000  val_P@5_ag=0.9000  select=0.5144
  Saved checkpoint: checkpoints_old/iPara_balanced_l1_g5_i5_do0.10_dpr0.10_lr0.0002_heads16_fold3.pth  select=0.5144  val_ab=0.6452  val_ag=0.3835  val_all=0.5526
Ep006  LR0=1.97e-04  pw=11.17  aucα=0.000  token_p=0.030  dropE=(0.050,0.120)  smooth=0.010  train_loss=0.5450  train_AUPR_all=0.5182  train_AUPR_ab=0.6072  train_AUPR_ag=0.3607  train_P@5_ab=0.8000  train_P@5_ag=0.9500  val_loss=0.7030  val_AUPR_all=0.5631  val_AUPR_ab=0.6654  val_AUPR_ag=0.3805  val_P@5_ab=0.9000  val_P@5_ag=1.0000  select=0.5229
  Saved checkpoint: checkpoints_old/iPara_balanced_l1_g5_i5_do0.10_dpr0.10_lr0.0002_heads16_fold3.pth  select=0.5229  val_ab=0.6654  val_ag=0.3805  val_all=0.5631
Ep007  LR0=1.95e-04  pw=9.97  aucα=0.000  token_p=0.030  dropE=(0.050,0.120)  smooth=0.010  train_loss=0.5117  train_AUPR_all=0.5313  train_AUPR_ab=0.6236  train_AUPR_ag=0.3672  train_P@5_ab=0.8500  train_P@5_ag=1.0000  val_loss=0.6763  val_AUPR_all=0.5604  val_AUPR_ab=0.6771  val_AUPR_ag=0.3797  val_P@5_ab=1.0000  val_P@5_ag=0.9500  select=0.5284
  Saved checkpoint: checkpoints_old/iPara_balanced_l1_g5_i5_do0.10_dpr0.10_lr0.0002_heads16_fold3.pth  select=0.5284  val_ab=0.6771  val_ag=0.3797  val_all=0.5604
Ep008  LR0=1.93e-04  pw=8.92  aucα=0.000  token_p=0.030  dropE=(0.050,0.120)  smooth=0.010  train_loss=0.4791  train_AUPR_all=0.5377  train_AUPR_ab=0.6354  train_AUPR_ag=0.3658  train_P@5_ab=0.5000  train_P@5_ag=0.8000  val_loss=0.6625  val_AUPR_all=0.5690  val_AUPR_ab=0.6914  val_AUPR_ag=0.3751  val_P@5_ab=0.9000  val_P@5_ag=1.0000  select=0.5333
  Saved checkpoint: checkpoints_old/iPara_balanced_l1_g5_i5_do0.10_dpr0.10_lr0.0002_heads16_fold3.pth  select=0.5333  val_ab=0.6914  val_ag=0.3751  val_all=0.5690
Ep009  LR0=1.91e-04  pw=7.99  aucα=0.000  token_p=0.030  dropE=(0.050,0.120)  smooth=0.010  train_loss=0.4482  train_AUPR_all=0.5530  train_AUPR_ab=0.6548  train_AUPR_ag=0.3793  train_P@5_ab=0.9000  train_P@5_ag=0.9000  val_loss=0.6158  val_AUPR_all=0.5779  val_AUPR_ab=0.7053  val_AUPR_ag=0.3994  val_P@5_ab=1.0000  val_P@5_ag=0.9000  select=0.5523
  Saved checkpoint: checkpoints_old/iPara_balanced_l1_g5_i5_do0.10_dpr0.10_lr0.0002_heads16_fold3.pth  select=0.5523  val_ab=0.7053  val_ag=0.3994  val_all=0.5779
Ep010  LR0=1.89e-04  pw=7.17  aucα=0.030  token_p=0.030  dropE=(0.050,0.120)  smooth=0.010  train_loss=0.4334  train_AUPR_all=0.5601  train_AUPR_ab=0.6598  train_AUPR_ag=0.3921  train_P@5_ab=0.8500  train_P@5_ag=1.0000  val_loss=0.5619  val_AUPR_all=0.5946  val_AUPR_ab=0.7099  val_AUPR_ag=0.3960  val_P@5_ab=1.0000  val_P@5_ag=0.9000  select=0.5529
  Saved checkpoint: checkpoints_old/iPara_balanced_l1_g5_i5_do0.10_dpr0.10_lr0.0002_heads16_fold3.pth  select=0.5529  val_ab=0.7099  val_ag=0.3960  val_all=0.5946
Ep011  LR0=1.87e-04  pw=6.44  aucα=0.060  token_p=0.030  dropE=(0.050,0.120)  smooth=0.010  train_loss=0.4198  train_AUPR_all=0.5681  train_AUPR_ab=0.6702  train_AUPR_ag=0.3989  train_P@5_ab=0.9000  train_P@5_ag=0.9000  val_loss=0.5499  val_AUPR_all=0.5906  val_AUPR_ab=0.7093  val_AUPR_ag=0.3945  val_P@5_ab=0.9500  val_P@5_ag=0.9500  select=0.5519
Ep012  LR0=1.84e-04  pw=5.80  aucα=0.090  token_p=0.030  dropE=(0.050,0.120)  smooth=0.010  train_loss=0.4088  train_AUPR_all=0.5817  train_AUPR_ab=0.6859  train_AUPR_ag=0.4087  train_P@5_ab=0.9500  train_P@5_ag=1.0000  val_loss=0.5297  val_AUPR_all=0.5810  val_AUPR_ab=0.6881  val_AUPR_ag=0.4002  val_P@5_ab=0.8500  val_P@5_ag=1.0000  select=0.5441
Ep013  LR0=1.81e-04  pw=5.24  aucα=0.120  token_p=0.030  dropE=(0.050,0.120)  smooth=0.010  train_loss=0.4003  train_AUPR_all=0.5869  train_AUPR_ab=0.6886  train_AUPR_ag=0.4194  train_P@5_ab=0.8500  train_P@5_ag=0.9500  val_loss=0.5073  val_AUPR_all=0.5879  val_AUPR_ab=0.7213  val_AUPR_ag=0.3646  val_P@5_ab=0.9500  val_P@5_ag=1.0000  select=0.5429
Ep014  LR0=1.78e-04  pw=4.74  aucα=0.150  token_p=0.030  dropE=(0.050,0.120)  smooth=0.010  train_loss=0.3908  train_AUPR_all=0.5960  train_AUPR_ab=0.6966  train_AUPR_ag=0.4337  train_P@5_ab=0.9500  train_P@5_ag=0.9500  val_loss=0.4704  val_AUPR_all=0.6028  val_AUPR_ab=0.7253  val_AUPR_ag=0.4124  val_P@5_ab=1.0000  val_P@5_ag=0.9500  select=0.5688
  Saved checkpoint: checkpoints_old/iPara_balanced_l1_g5_i5_do0.10_dpr0.10_lr0.0002_heads16_fold3.pth  select=0.5688  val_ab=0.7253  val_ag=0.4124  val_all=0.6028
Ep015  LR0=1.74e-04  pw=4.30  aucα=0.180  token_p=0.030  dropE=(0.050,0.120)  smooth=0.010  train_loss=0.3813  train_AUPR_all=0.6076  train_AUPR_ab=0.7069  train_AUPR_ag=0.4460  train_P@5_ab=0.9000  train_P@5_ag=0.9500  val_loss=0.4656  val_AUPR_all=0.6086  val_AUPR_ab=0.7320  val_AUPR_ag=0.4049  val_P@5_ab=0.9500  val_P@5_ag=0.9000  select=0.5685
Ep016  LR0=1.71e-04  pw=3.91  aucα=0.210  token_p=0.030  dropE=(0.050,0.120)  smooth=0.010  train_loss=0.3733  train_AUPR_all=0.6148  train_AUPR_ab=0.7155  train_AUPR_ag=0.4529  train_P@5_ab=0.9500  train_P@5_ag=0.9500  val_loss=0.4509  val_AUPR_all=0.6028  val_AUPR_ab=0.7336  val_AUPR_ag=0.3989  val_P@5_ab=0.8000  val_P@5_ag=0.9500  select=0.5662
Ep017  LR0=1.67e-04  pw=3.57  aucα=0.240  token_p=0.030  dropE=(0.050,0.120)  smooth=0.010  train_loss=0.3677  train_AUPR_all=0.6242  train_AUPR_ab=0.7225  train_AUPR_ag=0.4668  train_P@5_ab=0.9500  train_P@5_ag=0.9000  val_loss=0.4303  val_AUPR_all=0.5979  val_AUPR_ab=0.7227  val_AUPR_ag=0.4008  val_P@5_ab=0.9500  val_P@5_ag=0.9500  select=0.5618
Ep018  LR0=1.63e-04  pw=3.27  aucα=0.270  token_p=0.030  dropE=(0.050,0.120)  smooth=0.010  train_loss=0.3571  train_AUPR_all=0.6390  train_AUPR_ab=0.7313  train_AUPR_ag=0.4940  train_P@5_ab=1.0000  train_P@5_ag=1.0000  val_loss=0.4240  val_AUPR_all=0.6038  val_AUPR_ab=0.7252  val_AUPR_ag=0.4139  val_P@5_ab=1.0000  val_P@5_ag=0.9500  select=0.5696
  Saved checkpoint: checkpoints_old/iPara_balanced_l1_g5_i5_do0.10_dpr0.10_lr0.0002_heads16_fold3.pth  select=0.5696  val_ab=0.7252  val_ag=0.4139  val_all=0.6038
Ep019  LR0=1.59e-04  pw=3.00  aucα=0.300  token_p=0.030  dropE=(0.050,0.120)  smooth=0.010  train_loss=0.3503  train_AUPR_all=0.6496  train_AUPR_ab=0.7401  train_AUPR_ag=0.5082  train_P@5_ab=1.0000  train_P@5_ag=0.9000  val_loss=0.3986  val_AUPR_all=0.6028  val_AUPR_ab=0.7352  val_AUPR_ag=0.4069  val_P@5_ab=0.9500  val_P@5_ag=0.9500  select=0.5710
  Saved checkpoint: checkpoints_old/iPara_balanced_l1_g5_i5_do0.10_dpr0.10_lr0.0002_heads16_fold3.pth  select=0.5710  val_ab=0.7352  val_ag=0.4069  val_all=0.6028
Ep020  LR0=1.55e-04  pw=2.77  aucα=0.300  token_p=0.030  dropE=(0.050,0.120)  smooth=0.010  train_loss=0.3338  train_AUPR_all=0.6583  train_AUPR_ab=0.7432  train_AUPR_ag=0.5257  train_P@5_ab=1.0000  train_P@5_ag=0.9000  val_loss=0.3795  val_AUPR_all=0.6095  val_AUPR_ab=0.7333  val_AUPR_ag=0.4094  val_P@5_ab=0.9000  val_P@5_ag=0.9000  select=0.5714
  Saved checkpoint: checkpoints_old/iPara_balanced_l1_g5_i5_do0.10_dpr0.10_lr0.0002_heads16_fold3.pth  select=0.5714  val_ab=0.7333  val_ag=0.4094  val_all=0.6095
Ep021  LR0=1.50e-04  pw=2.56  aucα=0.300  token_p=0.030  dropE=(0.050,0.120)  smooth=0.010  train_loss=0.3155  train_AUPR_all=0.6703  train_AUPR_ab=0.7525  train_AUPR_ag=0.5441  train_P@5_ab=1.0000  train_P@5_ag=0.9500  val_loss=0.3742  val_AUPR_all=0.6115  val_AUPR_ab=0.7481  val_AUPR_ag=0.4067  val_P@5_ab=1.0000  val_P@5_ag=0.9000  select=0.5774
  Saved checkpoint: checkpoints_old/iPara_balanced_l1_g5_i5_do0.10_dpr0.10_lr0.0002_heads16_fold3.pth  select=0.5774  val_ab=0.7481  val_ag=0.4067  val_all=0.6115
Ep022  LR0=1.46e-04  pw=2.38  aucα=0.300  token_p=0.030  dropE=(0.050,0.120)  smooth=0.010  train_loss=0.3037  train_AUPR_all=0.6771  train_AUPR_ab=0.7579  train_AUPR_ag=0.5548  train_P@5_ab=1.0000  train_P@5_ag=1.0000  val_loss=0.3679  val_AUPR_all=0.6111  val_AUPR_ab=0.7392  val_AUPR_ag=0.4190  val_P@5_ab=1.0000  val_P@5_ag=1.0000  select=0.5791
  Saved checkpoint: checkpoints_old/iPara_balanced_l1_g5_i5_do0.10_dpr0.10_lr0.0002_heads16_fold3.pth  select=0.5791  val_ab=0.7392  val_ag=0.4190  val_all=0.6111
Ep023  LR0=1.41e-04  pw=2.21  aucα=0.300  token_p=0.030  dropE=(0.050,0.120)  smooth=0.010  train_loss=0.2866  train_AUPR_all=0.6902  train_AUPR_ab=0.7635  train_AUPR_ag=0.5800  train_P@5_ab=1.0000  train_P@5_ag=0.9000  val_loss=0.3679  val_AUPR_all=0.6116  val_AUPR_ab=0.7449  val_AUPR_ag=0.4114  val_P@5_ab=1.0000  val_P@5_ag=1.0000  select=0.5781
Ep024  LR0=1.36e-04  pw=2.07  aucα=0.300  token_p=0.030  dropE=(0.050,0.120)  smooth=0.010  train_loss=0.2741  train_AUPR_all=0.7001  train_AUPR_ab=0.7729  train_AUPR_ag=0.5917  train_P@5_ab=1.0000  train_P@5_ag=0.9000  val_loss=0.3648  val_AUPR_all=0.6174  val_AUPR_ab=0.7569  val_AUPR_ag=0.4019  val_P@5_ab=1.0000  val_P@5_ag=1.0000  select=0.5794
  Saved checkpoint: checkpoints_old/iPara_balanced_l1_g5_i5_do0.10_dpr0.10_lr0.0002_heads16_fold3.pth  select=0.5794  val_ab=0.7569  val_ag=0.4019  val_all=0.6174
Ep025  LR0=1.31e-04  pw=1.95  aucα=0.300  token_p=0.030  dropE=(0.050,0.120)  smooth=0.010  train_loss=0.2604  train_AUPR_all=0.7115  train_AUPR_ab=0.7790  train_AUPR_ag=0.6112  train_P@5_ab=1.0000  train_P@5_ag=1.0000  val_loss=0.3459  val_AUPR_all=0.6112  val_AUPR_ab=0.7442  val_AUPR_ag=0.4077  val_P@5_ab=1.0000  val_P@5_ag=1.0000  select=0.5759
Ep026  LR0=1.26e-04  pw=1.83  aucα=0.300  token_p=0.030  dropE=(0.050,0.120)  smooth=0.010  train_loss=0.2469  train_AUPR_all=0.7263  train_AUPR_ab=0.7872  train_AUPR_ag=0.6378  train_P@5_ab=1.0000  train_P@5_ag=1.0000  val_loss=0.3384  val_AUPR_all=0.6204  val_AUPR_ab=0.7589  val_AUPR_ag=0.4024  val_P@5_ab=1.0000  val_P@5_ag=1.0000  select=0.5807
  Saved checkpoint: checkpoints_old/iPara_balanced_l1_g5_i5_do0.10_dpr0.10_lr0.0002_heads16_fold3.pth  select=0.5807  val_ab=0.7589  val_ag=0.4024  val_all=0.6204
Ep027  LR0=1.21e-04  pw=1.74  aucα=0.300  token_p=0.030  dropE=(0.050,0.120)  smooth=0.010  train_loss=0.2347  train_AUPR_all=0.7385  train_AUPR_ab=0.7946  train_AUPR_ag=0.6574  train_P@5_ab=1.0000  train_P@5_ag=1.0000  val_loss=0.3332  val_AUPR_all=0.6067  val_AUPR_ab=0.7580  val_AUPR_ag=0.3839  val_P@5_ab=1.0000  val_P@5_ag=1.0000  select=0.5709
Ep028  LR0=1.16e-04  pw=1.65  aucα=0.300  token_p=0.030  dropE=(0.050,0.120)  smooth=0.010  train_loss=0.2307  train_AUPR_all=0.7369  train_AUPR_ab=0.7968  train_AUPR_ag=0.6494  train_P@5_ab=1.0000  train_P@5_ag=1.0000  val_loss=0.3324  val_AUPR_all=0.6118  val_AUPR_ab=0.7539  val_AUPR_ag=0.3912  val_P@5_ab=1.0000  val_P@5_ag=1.0000  select=0.5726
Ep029  LR0=1.11e-04  pw=1.57  aucα=0.300  token_p=0.030  dropE=(0.050,0.120)  smooth=0.010  train_loss=0.2176  train_AUPR_all=0.7540  train_AUPR_ab=0.8029  train_AUPR_ag=0.6843  train_P@5_ab=1.0000  train_P@5_ag=1.0000  val_loss=0.3498  val_AUPR_all=0.6018  val_AUPR_ab=0.7524  val_AUPR_ag=0.3905  val_P@5_ab=0.9500  val_P@5_ag=0.8500  select=0.5715
Ep030  LR0=1.05e-04  pw=1.51  aucα=0.300  token_p=0.030  dropE=(0.050,0.120)  smooth=0.010  train_loss=0.2094  train_AUPR_all=0.7614  train_AUPR_ab=0.8094  train_AUPR_ag=0.6928  train_P@5_ab=0.9500  train_P@5_ag=1.0000  val_loss=0.3454  val_AUPR_all=0.5879  val_AUPR_ab=0.7394  val_AUPR_ag=0.3763  val_P@5_ab=1.0000  val_P@5_ag=1.0000  select=0.5578
Ep031  LR0=1.00e-04  pw=1.45  aucα=0.300  token_p=0.030  dropE=(0.050,0.120)  smooth=0.010  train_loss=0.2025  train_AUPR_all=0.7683  train_AUPR_ab=0.8139  train_AUPR_ag=0.7036  train_P@5_ab=1.0000  train_P@5_ag=1.0000  val_loss=0.3341  val_AUPR_all=0.6017  val_AUPR_ab=0.7466  val_AUPR_ag=0.3874  val_P@5_ab=1.0000  val_P@5_ag=1.0000  select=0.5670
Ep032  LR0=9.50e-05  pw=1.39  aucα=0.300  token_p=0.030  dropE=(0.050,0.120)  smooth=0.010  train_loss=0.1913  train_AUPR_all=0.7859  train_AUPR_ab=0.8284  train_AUPR_ag=0.7257  train_P@5_ab=0.9500  train_P@5_ag=1.0000  val_loss=0.3392  val_AUPR_all=0.5998  val_AUPR_ab=0.7476  val_AUPR_ag=0.3802  val_P@5_ab=1.0000  val_P@5_ag=0.9000  select=0.5639
Ep033  LR0=8.98e-05  pw=1.35  aucα=0.300  token_p=0.030  dropE=(0.050,0.120)  smooth=0.010  train_loss=0.1849  train_AUPR_all=0.7938  train_AUPR_ab=0.8348  train_AUPR_ag=0.7360  train_P@5_ab=1.0000  train_P@5_ag=1.0000  val_loss=0.3227  val_AUPR_all=0.6059  val_AUPR_ab=0.7503  val_AUPR_ag=0.4062  val_P@5_ab=0.9500  val_P@5_ag=1.0000  select=0.5783
Ep034  LR0=8.46e-05  pw=1.31  aucα=0.300  token_p=0.030  dropE=(0.050,0.120)  smooth=0.010  train_loss=0.1802  train_AUPR_all=0.7978  train_AUPR_ab=0.8386  train_AUPR_ag=0.7399  train_P@5_ab=1.0000  train_P@5_ag=0.9500  val_loss=0.3195  val_AUPR_all=0.6095  val_AUPR_ab=0.7582  val_AUPR_ag=0.4070  val_P@5_ab=0.9500  val_P@5_ag=0.9000  select=0.5826
  Saved checkpoint: checkpoints_old/iPara_balanced_l1_g5_i5_do0.10_dpr0.10_lr0.0002_heads16_fold3.pth  select=0.5826  val_ab=0.7582  val_ag=0.4070  val_all=0.6095
Ep035  LR0=7.95e-05  pw=1.27  aucα=0.300  token_p=0.030  dropE=(0.050,0.120)  smooth=0.010  train_loss=0.1749  train_AUPR_all=0.8056  train_AUPR_ab=0.8422  train_AUPR_ag=0.7543  train_P@5_ab=0.9500  train_P@5_ag=1.0000  val_loss=0.3290  val_AUPR_all=0.5983  val_AUPR_ab=0.7477  val_AUPR_ag=0.4008  val_P@5_ab=0.9500  val_P@5_ag=0.8500  select=0.5743
Ep036  LR0=7.44e-05  pw=1.24  aucα=0.300  token_p=0.030  dropE=(0.050,0.120)  smooth=0.010  train_loss=0.1728  train_AUPR_all=0.8066  train_AUPR_ab=0.8449  train_AUPR_ag=0.7524  train_P@5_ab=1.0000  train_P@5_ag=1.0000  val_loss=0.3154  val_AUPR_all=0.6045  val_AUPR_ab=0.7542  val_AUPR_ag=0.3966  val_P@5_ab=1.0000  val_P@5_ag=0.8000  select=0.5754
Ep037  LR0=6.94e-05  pw=1.21  aucα=0.300  token_p=0.030  dropE=(0.050,0.120)  smooth=0.010  train_loss=0.1649  train_AUPR_all=0.8181  train_AUPR_ab=0.8524  train_AUPR_ag=0.7700  train_P@5_ab=1.0000  train_P@5_ag=1.0000  val_loss=0.3239  val_AUPR_all=0.5892  val_AUPR_ab=0.7417  val_AUPR_ag=0.3871  val_P@5_ab=1.0000  val_P@5_ag=0.8000  select=0.5644
Ep038  LR0=6.45e-05  pw=1.19  aucα=0.300  token_p=0.030  dropE=(0.050,0.120)  smooth=0.010  train_loss=0.1589  train_AUPR_all=0.8266  train_AUPR_ab=0.8632  train_AUPR_ag=0.7745  train_P@5_ab=1.0000  train_P@5_ag=0.9500  val_loss=0.3322  val_AUPR_all=0.5908  val_AUPR_ab=0.7388  val_AUPR_ag=0.3919  val_P@5_ab=0.9500  val_P@5_ag=0.9000  select=0.5653
Ep039  LR0=5.97e-05  pw=1.16  aucα=0.300  token_p=0.030  dropE=(0.050,0.120)  smooth=0.010  train_loss=0.1548  train_AUPR_all=0.8332  train_AUPR_ab=0.8674  train_AUPR_ag=0.7850  train_P@5_ab=0.9500  train_P@5_ag=1.0000  val_loss=0.3228  val_AUPR_all=0.5958  val_AUPR_ab=0.7542  val_AUPR_ag=0.3760  val_P@5_ab=1.0000  val_P@5_ag=0.7000  select=0.5651
Ep040  LR0=5.50e-05  pw=1.15  aucα=0.300  token_p=0.030  dropE=(0.050,0.120)  smooth=0.010  train_loss=0.1507  train_AUPR_all=0.8398  train_AUPR_ab=0.8722  train_AUPR_ag=0.7941  train_P@5_ab=1.0000  train_P@5_ag=1.0000  val_loss=0.3152  val_AUPR_all=0.6005  val_AUPR_ab=0.7509  val_AUPR_ag=0.3939  val_P@5_ab=1.0000  val_P@5_ag=0.8000  select=0.5724
Ep041  LR0=5.04e-05  pw=1.13  aucα=0.300  token_p=0.030  dropE=(0.050,0.120)  smooth=0.010  train_loss=0.1464  train_AUPR_all=0.8417  train_AUPR_ab=0.8731  train_AUPR_ag=0.7971  train_P@5_ab=0.9500  train_P@5_ag=0.9500  val_loss=0.3277  val_AUPR_all=0.5932  val_AUPR_ab=0.7444  val_AUPR_ag=0.3756  val_P@5_ab=0.9500  val_P@5_ag=0.8500  select=0.5600
Ep042  LR0=4.59e-05  pw=1.11  aucα=0.300  token_p=0.030  dropE=(0.050,0.120)  smooth=0.010  train_loss=0.1408  train_AUPR_all=0.8527  train_AUPR_ab=0.8822  train_AUPR_ag=0.8109  train_P@5_ab=1.0000  train_P@5_ag=1.0000  val_loss=0.3334  val_AUPR_all=0.5877  val_AUPR_ab=0.7466  val_AUPR_ag=0.3799  val_P@5_ab=0.9500  val_P@5_ag=0.7000  select=0.5632
Ep043  LR0=4.16e-05  pw=1.10  aucα=0.300  token_p=0.030  dropE=(0.050,0.120)  smooth=0.010  train_loss=0.1405  train_AUPR_all=0.8539  train_AUPR_ab=0.8829  train_AUPR_ag=0.8133  train_P@5_ab=1.0000  train_P@5_ag=1.0000  val_loss=0.3219  val_AUPR_all=0.5986  val_AUPR_ab=0.7542  val_AUPR_ag=0.3874  val_P@5_ab=0.9500  val_P@5_ag=0.8000  select=0.5708
Ep044  LR0=3.75e-05  pw=1.09  aucα=0.300  token_p=0.030  dropE=(0.050,0.120)  smooth=0.010  train_loss=0.1390  train_AUPR_all=0.8543  train_AUPR_ab=0.8817  train_AUPR_ag=0.8162  train_P@5_ab=1.0000  train_P@5_ag=1.0000  val_loss=0.3350  val_AUPR_all=0.5860  val_AUPR_ab=0.7424  val_AUPR_ag=0.3734  val_P@5_ab=0.9500  val_P@5_ag=0.7000  select=0.5579
Ep045  LR0=3.35e-05  pw=1.08  aucα=0.300  token_p=0.030  dropE=(0.050,0.120)  smooth=0.010  train_loss=0.1334  train_AUPR_all=0.8637  train_AUPR_ab=0.8923  train_AUPR_ag=0.8232  train_P@5_ab=1.0000  train_P@5_ag=1.0000  val_loss=0.3236  val_AUPR_all=0.5859  val_AUPR_ab=0.7458  val_AUPR_ag=0.3757  val_P@5_ab=0.9000  val_P@5_ag=0.7500  select=0.5607
Ep046  LR0=2.97e-05  pw=1.07  aucα=0.300  token_p=0.030  dropE=(0.050,0.120)  smooth=0.010  train_loss=0.1335  train_AUPR_all=0.8629  train_AUPR_ab=0.8905  train_AUPR_ag=0.8240  train_P@5_ab=1.0000  train_P@5_ag=1.0000  val_loss=0.3207  val_AUPR_all=0.5961  val_AUPR_ab=0.7541  val_AUPR_ag=0.3815  val_P@5_ab=0.9500  val_P@5_ag=0.7500  select=0.5678
Ep047  LR0=2.61e-05  pw=1.06  aucα=0.300  token_p=0.030  dropE=(0.050,0.120)  smooth=0.010  train_loss=0.1333  train_AUPR_all=0.8624  train_AUPR_ab=0.8913  train_AUPR_ag=0.8213  train_P@5_ab=1.0000  train_P@5_ag=1.0000  val_loss=0.3297  val_AUPR_all=0.5910  val_AUPR_ab=0.7508  val_AUPR_ag=0.3736  val_P@5_ab=0.9500  val_P@5_ag=0.7000  select=0.5622
Ep048  LR0=2.27e-05  pw=1.05  aucα=0.300  token_p=0.030  dropE=(0.050,0.120)  smooth=0.010  train_loss=0.1277  train_AUPR_all=0.8721  train_AUPR_ab=0.8983  train_AUPR_ag=0.8351  train_P@5_ab=0.9500  train_P@5_ag=1.0000  val_loss=0.3306  val_AUPR_all=0.5891  val_AUPR_ab=0.7462  val_AUPR_ag=0.3718  val_P@5_ab=0.9500  val_P@5_ag=0.5000  select=0.5590
Ep049  LR0=1.96e-05  pw=1.05  aucα=0.300  token_p=0.030  dropE=(0.050,0.120)  smooth=0.010  train_loss=0.1307  train_AUPR_all=0.8655  train_AUPR_ab=0.8912  train_AUPR_ag=0.8295  train_P@5_ab=1.0000  train_P@5_ag=1.0000  val_loss=0.3274  val_AUPR_all=0.5858  val_AUPR_ab=0.7452  val_AUPR_ag=0.3770  val_P@5_ab=0.9500  val_P@5_ag=0.7500  select=0.5611
Ep050  LR0=1.66e-05  pw=1.04  aucα=0.300  token_p=0.030  dropE=(0.050,0.120)  smooth=0.010  train_loss=0.1276  train_AUPR_all=0.8701  train_AUPR_ab=0.8954  train_AUPR_ag=0.8347  train_P@5_ab=1.0000  train_P@5_ag=1.0000  val_loss=0.3321  val_AUPR_all=0.5855  val_AUPR_ab=0.7464  val_AUPR_ag=0.3717  val_P@5_ab=0.9500  val_P@5_ag=0.7000  select=0.5591
Ep051  LR0=1.39e-05  pw=1.04  aucα=0.300  token_p=0.030  dropE=(0.050,0.120)  smooth=0.010  train_loss=0.1222  train_AUPR_all=0.8790  train_AUPR_ab=0.9032  train_AUPR_ag=0.8450  train_P@5_ab=1.0000  train_P@5_ag=1.0000  val_loss=0.3345  val_AUPR_all=0.5847  val_AUPR_ab=0.7515  val_AUPR_ag=0.3655  val_P@5_ab=0.9500  val_P@5_ag=0.5000  select=0.5585
Ep052  LR0=1.14e-05  pw=1.03  aucα=0.300  token_p=0.030  dropE=(0.050,0.120)  smooth=0.010  train_loss=0.1220  train_AUPR_all=0.8797  train_AUPR_ab=0.9026  train_AUPR_ag=0.8475  train_P@5_ab=0.9500  train_P@5_ag=1.0000  val_loss=0.3342  val_AUPR_all=0.5813  val_AUPR_ab=0.7461  val_AUPR_ag=0.3662  val_P@5_ab=0.9000  val_P@5_ag=0.4500  select=0.5561
Ep053  LR0=9.12e-06  pw=1.03  aucα=0.300  token_p=0.030  dropE=(0.050,0.120)  smooth=0.010  train_loss=0.1198  train_AUPR_all=0.8837  train_AUPR_ab=0.9089  train_AUPR_ag=0.8478  train_P@5_ab=0.9500  train_P@5_ag=1.0000  val_loss=0.3333  val_AUPR_all=0.5835  val_AUPR_ab=0.7443  val_AUPR_ag=0.3652  val_P@5_ab=0.9000  val_P@5_ag=0.5500  select=0.5548
Ep054  LR0=7.13e-06  pw=1.03  aucα=0.300  token_p=0.030  dropE=(0.050,0.120)  smooth=0.010  train_loss=0.1202  train_AUPR_all=0.8834  train_AUPR_ab=0.9085  train_AUPR_ag=0.8480  train_P@5_ab=1.0000  train_P@5_ag=1.0000  val_loss=0.3313  val_AUPR_all=0.5781  val_AUPR_ab=0.7394  val_AUPR_ag=0.3670  val_P@5_ab=0.8500  val_P@5_ag=0.4000  select=0.5532
Early stopping at epoch 54. Best select=0.5826 at epoch 34.
Final saved checkpoint for fold 3: checkpoints_old/iPara_balanced_l1_g5_i5_do0.10_dpr0.10_lr0.0002_heads16_fold3.pth
Best select=0.5826 at epoch 34

==========================================================================================
Fold 4/5
==========================================================================================
Train labels: valid=398858, pos=26560, neg=372298, ignore=700342, pos_frac=0.06659
Val labels: valid=101334, pos=6670, neg=94664, ignore=172266, pos_frac=0.06582
Initializing ClassificationModel with 5 GAT layers and residual connections...
Initializing MCModel with 5 GAT layers and 5 row attention layers (drop_path_rate=0.1)
Initializing CoreModel with 1 layers, drop_path_rate=0.1
Ep001  LR0=2.00e-04  pw=20.00  aucα=0.000  token_p=0.030  dropE=(0.050,0.120)  smooth=0.010  train_loss=1.0851  train_AUPR_all=0.2147  train_AUPR_ab=0.2519  train_AUPR_ag=0.1638  train_P@5_ab=0.0000  train_P@5_ag=0.1000  val_loss=1.1121  val_AUPR_all=0.4241  val_AUPR_ab=0.5188  val_AUPR_ag=0.2814  val_P@5_ab=0.9500  val_P@5_ag=0.8000  select=0.4001
  Saved checkpoint: checkpoints_old/iPara_balanced_l1_g5_i5_do0.10_dpr0.10_lr0.0002_heads16_fold4.pth  select=0.4001  val_ab=0.5188  val_ag=0.2814  val_all=0.4241
Ep002  LR0=2.00e-04  pw=17.77  aucα=0.000  token_p=0.030  dropE=(0.050,0.120)  smooth=0.010  train_loss=0.7913  train_AUPR_all=0.3876  train_AUPR_ab=0.4785  train_AUPR_ag=0.2438  train_P@5_ab=0.7500  train_P@5_ag=0.9000  val_loss=0.9871  val_AUPR_all=0.4599  val_AUPR_ab=0.5707  val_AUPR_ag=0.2983  val_P@5_ab=0.7500  val_P@5_ag=0.9500  select=0.4345
  Saved checkpoint: checkpoints_old/iPara_balanced_l1_g5_i5_do0.10_dpr0.10_lr0.0002_heads16_fold4.pth  select=0.4345  val_ab=0.5707  val_ag=0.2983  val_all=0.4599
Ep003  LR0=1.99e-04  pw=15.80  aucα=0.000  token_p=0.030  dropE=(0.050,0.120)  smooth=0.010  train_loss=0.7017  train_AUPR_all=0.4387  train_AUPR_ab=0.5244  train_AUPR_ag=0.2902  train_P@5_ab=0.7000  train_P@5_ag=0.8500  val_loss=0.9697  val_AUPR_all=0.4798  val_AUPR_ab=0.5990  val_AUPR_ag=0.2876  val_P@5_ab=0.9000  val_P@5_ag=0.8500  select=0.4433
  Saved checkpoint: checkpoints_old/iPara_balanced_l1_g5_i5_do0.10_dpr0.10_lr0.0002_heads16_fold4.pth  select=0.4433  val_ab=0.5990  val_ag=0.2876  val_all=0.4798
Ep004  LR0=1.99e-04  pw=14.06  aucα=0.000  token_p=0.030  dropE=(0.050,0.120)  smooth=0.010  train_loss=0.6300  train_AUPR_all=0.4873  train_AUPR_ab=0.5732  train_AUPR_ag=0.3292  train_P@5_ab=0.5500  train_P@5_ag=0.8000  val_loss=0.8532  val_AUPR_all=0.5200  val_AUPR_ab=0.6410  val_AUPR_ag=0.3232  val_P@5_ab=0.9500  val_P@5_ag=1.0000  select=0.4821
  Saved checkpoint: checkpoints_old/iPara_balanced_l1_g5_i5_do0.10_dpr0.10_lr0.0002_heads16_fold4.pth  select=0.4821  val_ab=0.6410  val_ag=0.3232  val_all=0.5200
Unfreezing DyM parameters.
Ep005  LR0=1.98e-04  pw=12.52  aucα=0.000  token_p=0.030  dropE=(0.050,0.120)  smooth=0.010  train_loss=0.5894  train_AUPR_all=0.4993  train_AUPR_ab=0.5874  train_AUPR_ag=0.3373  train_P@5_ab=0.7500  train_P@5_ag=0.8000  val_loss=0.8204  val_AUPR_all=0.5442  val_AUPR_ab=0.6719  val_AUPR_ag=0.3555  val_P@5_ab=0.9500  val_P@5_ag=0.9000  select=0.5137
  Saved checkpoint: checkpoints_old/iPara_balanced_l1_g5_i5_do0.10_dpr0.10_lr0.0002_heads16_fold4.pth  select=0.5137  val_ab=0.6719  val_ag=0.3555  val_all=0.5442
Ep006  LR0=1.97e-04  pw=11.17  aucα=0.000  token_p=0.030  dropE=(0.050,0.120)  smooth=0.010  train_loss=0.5469  train_AUPR_all=0.5198  train_AUPR_ab=0.6136  train_AUPR_ag=0.3529  train_P@5_ab=0.9500  train_P@5_ag=0.8500  val_loss=0.7813  val_AUPR_all=0.5463  val_AUPR_ab=0.6737  val_AUPR_ag=0.3415  val_P@5_ab=0.9500  val_P@5_ag=0.9000  select=0.5076
Ep007  LR0=1.95e-04  pw=9.97  aucα=0.000  token_p=0.030  dropE=(0.050,0.120)  smooth=0.010  train_loss=0.5134  train_AUPR_all=0.5277  train_AUPR_ab=0.6234  train_AUPR_ag=0.3546  train_P@5_ab=0.7500  train_P@5_ag=0.9500  val_loss=0.7138  val_AUPR_all=0.5185  val_AUPR_ab=0.6489  val_AUPR_ag=0.3363  val_P@5_ab=0.9500  val_P@5_ag=0.9000  select=0.4926
Ep008  LR0=1.93e-04  pw=8.92  aucα=0.000  token_p=0.030  dropE=(0.050,0.120)  smooth=0.010  train_loss=0.4713  train_AUPR_all=0.5461  train_AUPR_ab=0.6418  train_AUPR_ag=0.3726  train_P@5_ab=0.7500  train_P@5_ag=1.0000  val_loss=0.6792  val_AUPR_all=0.5593  val_AUPR_ab=0.6949  val_AUPR_ag=0.3417  val_P@5_ab=0.8500  val_P@5_ag=0.8500  select=0.5183
  Saved checkpoint: checkpoints_old/iPara_balanced_l1_g5_i5_do0.10_dpr0.10_lr0.0002_heads16_fold4.pth  select=0.5183  val_ab=0.6949  val_ag=0.3417  val_all=0.5593
Ep009  LR0=1.91e-04  pw=7.99  aucα=0.000  token_p=0.030  dropE=(0.050,0.120)  smooth=0.010  train_loss=0.4399  train_AUPR_all=0.5568  train_AUPR_ab=0.6544  train_AUPR_ag=0.3841  train_P@5_ab=0.9500  train_P@5_ag=0.9500  val_loss=0.6690  val_AUPR_all=0.5710  val_AUPR_ab=0.7080  val_AUPR_ag=0.3552  val_P@5_ab=1.0000  val_P@5_ag=1.0000  select=0.5316
  Saved checkpoint: checkpoints_old/iPara_balanced_l1_g5_i5_do0.10_dpr0.10_lr0.0002_heads16_fold4.pth  select=0.5316  val_ab=0.7080  val_ag=0.3552  val_all=0.5710
Ep010  LR0=1.89e-04  pw=7.17  aucα=0.030  token_p=0.030  dropE=(0.050,0.120)  smooth=0.010  train_loss=0.4303  train_AUPR_all=0.5651  train_AUPR_ab=0.6630  train_AUPR_ag=0.3916  train_P@5_ab=0.9000  train_P@5_ag=0.9500  val_loss=0.6124  val_AUPR_all=0.5728  val_AUPR_ab=0.7196  val_AUPR_ag=0.3802  val_P@5_ab=0.9000  val_P@5_ag=1.0000  select=0.5499
  Saved checkpoint: checkpoints_old/iPara_balanced_l1_g5_i5_do0.10_dpr0.10_lr0.0002_heads16_fold4.pth  select=0.5499  val_ab=0.7196  val_ag=0.3802  val_all=0.5728
Ep011  LR0=1.87e-04  pw=6.44  aucα=0.060  token_p=0.030  dropE=(0.050,0.120)  smooth=0.010  train_loss=0.4154  train_AUPR_all=0.5758  train_AUPR_ab=0.6774  train_AUPR_ag=0.4036  train_P@5_ab=1.0000  train_P@5_ag=0.9500  val_loss=0.5724  val_AUPR_all=0.5849  val_AUPR_ab=0.7270  val_AUPR_ag=0.3551  val_P@5_ab=0.9500  val_P@5_ag=0.8500  select=0.5410
Ep012  LR0=1.84e-04  pw=5.80  aucα=0.090  token_p=0.030  dropE=(0.050,0.120)  smooth=0.010  train_loss=0.4089  train_AUPR_all=0.5795  train_AUPR_ab=0.6794  train_AUPR_ag=0.4103  train_P@5_ab=1.0000  train_P@5_ag=0.9500  val_loss=0.5322  val_AUPR_all=0.5830  val_AUPR_ab=0.7106  val_AUPR_ag=0.3743  val_P@5_ab=0.9500  val_P@5_ag=0.9500  select=0.5424
Ep013  LR0=1.81e-04  pw=5.24  aucα=0.120  token_p=0.030  dropE=(0.050,0.120)  smooth=0.010  train_loss=0.3993  train_AUPR_all=0.5866  train_AUPR_ab=0.6911  train_AUPR_ag=0.4114  train_P@5_ab=1.0000  train_P@5_ag=0.9000  val_loss=0.5113  val_AUPR_all=0.5890  val_AUPR_ab=0.7290  val_AUPR_ag=0.3669  val_P@5_ab=1.0000  val_P@5_ag=0.9000  select=0.5480
Ep014  LR0=1.78e-04  pw=4.74  aucα=0.150  token_p=0.030  dropE=(0.050,0.120)  smooth=0.010  train_loss=0.3884  train_AUPR_all=0.6024  train_AUPR_ab=0.7072  train_AUPR_ag=0.4292  train_P@5_ab=1.0000  train_P@5_ag=0.9000  val_loss=0.4854  val_AUPR_all=0.5992  val_AUPR_ab=0.7412  val_AUPR_ag=0.3781  val_P@5_ab=0.9500  val_P@5_ag=0.9000  select=0.5597
  Saved checkpoint: checkpoints_old/iPara_balanced_l1_g5_i5_do0.10_dpr0.10_lr0.0002_heads16_fold4.pth  select=0.5597  val_ab=0.7412  val_ag=0.3781  val_all=0.5992
Ep015  LR0=1.74e-04  pw=4.30  aucα=0.180  token_p=0.030  dropE=(0.050,0.120)  smooth=0.010  train_loss=0.3818  train_AUPR_all=0.6033  train_AUPR_ab=0.7060  train_AUPR_ag=0.4351  train_P@5_ab=0.9000  train_P@5_ag=0.9500  val_loss=0.4574  val_AUPR_all=0.6137  val_AUPR_ab=0.7454  val_AUPR_ag=0.4110  val_P@5_ab=0.9500  val_P@5_ag=0.8500  select=0.5782
  Saved checkpoint: checkpoints_old/iPara_balanced_l1_g5_i5_do0.10_dpr0.10_lr0.0002_heads16_fold4.pth  select=0.5782  val_ab=0.7454  val_ag=0.4110  val_all=0.6137
Ep016  LR0=1.71e-04  pw=3.91  aucα=0.210  token_p=0.030  dropE=(0.050,0.120)  smooth=0.010  train_loss=0.3717  train_AUPR_all=0.6189  train_AUPR_ab=0.7198  train_AUPR_ag=0.4551  train_P@5_ab=0.9500  train_P@5_ag=0.9500  val_loss=0.4745  val_AUPR_all=0.5924  val_AUPR_ab=0.7269  val_AUPR_ag=0.3857  val_P@5_ab=0.9500  val_P@5_ag=0.9000  select=0.5563
Ep017  LR0=1.67e-04  pw=3.57  aucα=0.240  token_p=0.030  dropE=(0.050,0.120)  smooth=0.010  train_loss=0.3664  train_AUPR_all=0.6252  train_AUPR_ab=0.7203  train_AUPR_ag=0.4703  train_P@5_ab=0.9000  train_P@5_ag=0.9500  val_loss=0.4382  val_AUPR_all=0.6056  val_AUPR_ab=0.7403  val_AUPR_ag=0.3931  val_P@5_ab=0.9500  val_P@5_ag=0.9000  select=0.5667
Ep018  LR0=1.63e-04  pw=3.27  aucα=0.270  token_p=0.030  dropE=(0.050,0.120)  smooth=0.010  train_loss=0.3621  train_AUPR_all=0.6285  train_AUPR_ab=0.7272  train_AUPR_ag=0.4699  train_P@5_ab=0.9500  train_P@5_ag=0.8500  val_loss=0.4181  val_AUPR_all=0.6083  val_AUPR_ab=0.7428  val_AUPR_ag=0.4074  val_P@5_ab=0.9500  val_P@5_ag=1.0000  select=0.5751
Ep019  LR0=1.59e-04  pw=3.00  aucα=0.300  token_p=0.030  dropE=(0.050,0.120)  smooth=0.010  train_loss=0.3540  train_AUPR_all=0.6447  train_AUPR_ab=0.7364  train_AUPR_ag=0.4978  train_P@5_ab=0.9500  train_P@5_ag=0.9000  val_loss=0.4131  val_AUPR_all=0.6076  val_AUPR_ab=0.7499  val_AUPR_ag=0.3842  val_P@5_ab=1.0000  val_P@5_ag=1.0000  select=0.5671
Ep020  LR0=1.55e-04  pw=2.77  aucα=0.300  token_p=0.030  dropE=(0.050,0.120)  smooth=0.010  train_loss=0.3372  train_AUPR_all=0.6560  train_AUPR_ab=0.7497  train_AUPR_ag=0.5074  train_P@5_ab=1.0000  train_P@5_ag=0.8500  val_loss=0.3889  val_AUPR_all=0.6077  val_AUPR_ab=0.7500  val_AUPR_ag=0.3819  val_P@5_ab=1.0000  val_P@5_ag=0.9000  select=0.5660
Ep021  LR0=1.50e-04  pw=2.56  aucα=0.300  token_p=0.030  dropE=(0.050,0.120)  smooth=0.010  train_loss=0.3223  train_AUPR_all=0.6614  train_AUPR_ab=0.7499  train_AUPR_ag=0.5230  train_P@5_ab=0.9000  train_P@5_ag=0.9000  val_loss=0.3873  val_AUPR_all=0.5969  val_AUPR_ab=0.7371  val_AUPR_ag=0.3854  val_P@5_ab=0.9500  val_P@5_ag=0.9500  select=0.5613
Ep022  LR0=1.46e-04  pw=2.38  aucα=0.300  token_p=0.030  dropE=(0.050,0.120)  smooth=0.010  train_loss=0.3046  train_AUPR_all=0.6745  train_AUPR_ab=0.7591  train_AUPR_ag=0.5424  train_P@5_ab=1.0000  train_P@5_ag=0.9500  val_loss=0.3875  val_AUPR_all=0.6198  val_AUPR_ab=0.7627  val_AUPR_ag=0.4004  val_P@5_ab=1.0000  val_P@5_ag=0.8000  select=0.5815
  Saved checkpoint: checkpoints_old/iPara_balanced_l1_g5_i5_do0.10_dpr0.10_lr0.0002_heads16_fold4.pth  select=0.5815  val_ab=0.7627  val_ag=0.4004  val_all=0.6198
Ep023  LR0=1.41e-04  pw=2.21  aucα=0.300  token_p=0.030  dropE=(0.050,0.120)  smooth=0.010  train_loss=0.2895  train_AUPR_all=0.6845  train_AUPR_ab=0.7675  train_AUPR_ag=0.5571  train_P@5_ab=0.9500  train_P@5_ag=0.9500  val_loss=0.3732  val_AUPR_all=0.6135  val_AUPR_ab=0.7665  val_AUPR_ag=0.3883  val_P@5_ab=1.0000  val_P@5_ag=0.9500  select=0.5774
Ep024  LR0=1.36e-04  pw=2.07  aucα=0.300  token_p=0.030  dropE=(0.050,0.120)  smooth=0.010  train_loss=0.2771  train_AUPR_all=0.6955  train_AUPR_ab=0.7723  train_AUPR_ag=0.5779  train_P@5_ab=1.0000  train_P@5_ag=0.8500  val_loss=0.3557  val_AUPR_all=0.6190  val_AUPR_ab=0.7658  val_AUPR_ag=0.4029  val_P@5_ab=1.0000  val_P@5_ag=0.9500  select=0.5844
  Saved checkpoint: checkpoints_old/iPara_balanced_l1_g5_i5_do0.10_dpr0.10_lr0.0002_heads16_fold4.pth  select=0.5844  val_ab=0.7658  val_ag=0.4029  val_all=0.6190
Ep025  LR0=1.31e-04  pw=1.95  aucα=0.300  token_p=0.030  dropE=(0.050,0.120)  smooth=0.010  train_loss=0.2688  train_AUPR_all=0.6999  train_AUPR_ab=0.7755  train_AUPR_ag=0.5850  train_P@5_ab=1.0000  train_P@5_ag=0.9500  val_loss=0.3478  val_AUPR_all=0.6262  val_AUPR_ab=0.7701  val_AUPR_ag=0.4096  val_P@5_ab=1.0000  val_P@5_ag=1.0000  select=0.5898
  Saved checkpoint: checkpoints_old/iPara_balanced_l1_g5_i5_do0.10_dpr0.10_lr0.0002_heads16_fold4.pth  select=0.5898  val_ab=0.7701  val_ag=0.4096  val_all=0.6262
Ep026  LR0=1.26e-04  pw=1.83  aucα=0.300  token_p=0.030  dropE=(0.050,0.120)  smooth=0.010  train_loss=0.2551  train_AUPR_all=0.7126  train_AUPR_ab=0.7829  train_AUPR_ag=0.6070  train_P@5_ab=0.9500  train_P@5_ag=0.9500  val_loss=0.3358  val_AUPR_all=0.6162  val_AUPR_ab=0.7604  val_AUPR_ag=0.3982  val_P@5_ab=0.9500  val_P@5_ag=1.0000  select=0.5793
Ep027  LR0=1.21e-04  pw=1.74  aucα=0.300  token_p=0.030  dropE=(0.050,0.120)  smooth=0.010  train_loss=0.2420  train_AUPR_all=0.7275  train_AUPR_ab=0.7945  train_AUPR_ag=0.6277  train_P@5_ab=1.0000  train_P@5_ag=1.0000  val_loss=0.3453  val_AUPR_all=0.6203  val_AUPR_ab=0.7694  val_AUPR_ag=0.4037  val_P@5_ab=1.0000  val_P@5_ag=0.9000  select=0.5865
Ep028  LR0=1.16e-04  pw=1.65  aucα=0.300  token_p=0.030  dropE=(0.050,0.120)  smooth=0.010  train_loss=0.2355  train_AUPR_all=0.7295  train_AUPR_ab=0.7953  train_AUPR_ag=0.6317  train_P@5_ab=1.0000  train_P@5_ag=0.8000  val_loss=0.3401  val_AUPR_all=0.6177  val_AUPR_ab=0.7695  val_AUPR_ag=0.4014  val_P@5_ab=1.0000  val_P@5_ag=0.9500  select=0.5854
Ep029  LR0=1.11e-04  pw=1.57  aucα=0.300  token_p=0.030  dropE=(0.050,0.120)  smooth=0.010  train_loss=0.2231  train_AUPR_all=0.7454  train_AUPR_ab=0.8058  train_AUPR_ag=0.6563  train_P@5_ab=0.9500  train_P@5_ag=0.9500  val_loss=0.3336  val_AUPR_all=0.6193  val_AUPR_ab=0.7612  val_AUPR_ag=0.4095  val_P@5_ab=0.9500  val_P@5_ag=0.9500  select=0.5853
Ep030  LR0=1.05e-04  pw=1.51  aucα=0.300  token_p=0.030  dropE=(0.050,0.120)  smooth=0.010  train_loss=0.2150  train_AUPR_all=0.7539  train_AUPR_ab=0.8100  train_AUPR_ag=0.6715  train_P@5_ab=1.0000  train_P@5_ag=0.9500  val_loss=0.3227  val_AUPR_all=0.6229  val_AUPR_ab=0.7726  val_AUPR_ag=0.4058  val_P@5_ab=0.9500  val_P@5_ag=1.0000  select=0.5892
Ep031  LR0=1.00e-04  pw=1.45  aucα=0.300  token_p=0.030  dropE=(0.050,0.120)  smooth=0.010  train_loss=0.2052  train_AUPR_all=0.7647  train_AUPR_ab=0.8179  train_AUPR_ag=0.6867  train_P@5_ab=0.9500  train_P@5_ag=0.9000  val_loss=0.3304  val_AUPR_all=0.6109  val_AUPR_ab=0.7446  val_AUPR_ag=0.4130  val_P@5_ab=0.7500  val_P@5_ag=1.0000  select=0.5788
Ep032  LR0=9.50e-05  pw=1.39  aucα=0.300  token_p=0.030  dropE=(0.050,0.120)  smooth=0.010  train_loss=0.2013  train_AUPR_all=0.7685  train_AUPR_ab=0.8196  train_AUPR_ag=0.6943  train_P@5_ab=0.9500  train_P@5_ag=0.9000  val_loss=0.3367  val_AUPR_all=0.6006  val_AUPR_ab=0.7525  val_AUPR_ag=0.3971  val_P@5_ab=0.9500  val_P@5_ag=0.9500  select=0.5748
Ep033  LR0=8.98e-05  pw=1.35  aucα=0.300  token_p=0.030  dropE=(0.050,0.120)  smooth=0.010  train_loss=0.1921  train_AUPR_all=0.7812  train_AUPR_ab=0.8322  train_AUPR_ag=0.7061  train_P@5_ab=1.0000  train_P@5_ag=1.0000  val_loss=0.3190  val_AUPR_all=0.6155  val_AUPR_ab=0.7518  val_AUPR_ag=0.4211  val_P@5_ab=1.0000  val_P@5_ag=1.0000  select=0.5864
Ep034  LR0=8.46e-05  pw=1.31  aucα=0.300  token_p=0.030  dropE=(0.050,0.120)  smooth=0.010  train_loss=0.1893  train_AUPR_all=0.7826  train_AUPR_ab=0.8302  train_AUPR_ag=0.7136  train_P@5_ab=0.9500  train_P@5_ag=1.0000  val_loss=0.3366  val_AUPR_all=0.6127  val_AUPR_ab=0.7627  val_AUPR_ag=0.4192  val_P@5_ab=1.0000  val_P@5_ag=1.0000  select=0.5909
  Saved checkpoint: checkpoints_old/iPara_balanced_l1_g5_i5_do0.10_dpr0.10_lr0.0002_heads16_fold4.pth  select=0.5909  val_ab=0.7627  val_ag=0.4192  val_all=0.6127
Ep035  LR0=7.95e-05  pw=1.27  aucα=0.300  token_p=0.030  dropE=(0.050,0.120)  smooth=0.010  train_loss=0.1793  train_AUPR_all=0.7980  train_AUPR_ab=0.8466  train_AUPR_ag=0.7267  train_P@5_ab=1.0000  train_P@5_ag=1.0000  val_loss=0.3213  val_AUPR_all=0.6133  val_AUPR_ab=0.7553  val_AUPR_ag=0.4223  val_P@5_ab=0.9500  val_P@5_ag=0.9500  select=0.5888
Ep036  LR0=7.44e-05  pw=1.24  aucα=0.300  token_p=0.030  dropE=(0.050,0.120)  smooth=0.010  train_loss=0.1749  train_AUPR_all=0.8036  train_AUPR_ab=0.8489  train_AUPR_ag=0.7377  train_P@5_ab=1.0000  train_P@5_ag=0.9500  val_loss=0.3123  val_AUPR_all=0.6270  val_AUPR_ab=0.7642  val_AUPR_ag=0.4224  val_P@5_ab=0.9500  val_P@5_ag=0.9500  select=0.5933
  Saved checkpoint: checkpoints_old/iPara_balanced_l1_g5_i5_do0.10_dpr0.10_lr0.0002_heads16_fold4.pth  select=0.5933  val_ab=0.7642  val_ag=0.4224  val_all=0.6270
Ep037  LR0=6.94e-05  pw=1.21  aucα=0.300  token_p=0.030  dropE=(0.050,0.120)  smooth=0.010  train_loss=0.1671  train_AUPR_all=0.8155  train_AUPR_ab=0.8585  train_AUPR_ag=0.7527  train_P@5_ab=1.0000  train_P@5_ag=1.0000  val_loss=0.3196  val_AUPR_all=0.6153  val_AUPR_ab=0.7598  val_AUPR_ag=0.4144  val_P@5_ab=0.9000  val_P@5_ag=1.0000  select=0.5871
Ep038  LR0=6.45e-05  pw=1.19  aucα=0.300  token_p=0.030  dropE=(0.050,0.120)  smooth=0.010  train_loss=0.1676  train_AUPR_all=0.8132  train_AUPR_ab=0.8541  train_AUPR_ag=0.7544  train_P@5_ab=1.0000  train_P@5_ag=1.0000  val_loss=0.3163  val_AUPR_all=0.6242  val_AUPR_ab=0.7630  val_AUPR_ag=0.4288  val_P@5_ab=0.9500  val_P@5_ag=1.0000  select=0.5959
  Saved checkpoint: checkpoints_old/iPara_balanced_l1_g5_i5_do0.10_dpr0.10_lr0.0002_heads16_fold4.pth  select=0.5959  val_ab=0.7630  val_ag=0.4288  val_all=0.6242
Ep039  LR0=5.97e-05  pw=1.16  aucα=0.300  token_p=0.030  dropE=(0.050,0.120)  smooth=0.010  train_loss=0.1628  train_AUPR_all=0.8195  train_AUPR_ab=0.8593  train_AUPR_ag=0.7619  train_P@5_ab=1.0000  train_P@5_ag=1.0000  val_loss=0.3201  val_AUPR_all=0.6193  val_AUPR_ab=0.7545  val_AUPR_ag=0.4248  val_P@5_ab=0.9000  val_P@5_ag=0.9500  select=0.5897
Ep040  LR0=5.50e-05  pw=1.15  aucα=0.300  token_p=0.030  dropE=(0.050,0.120)  smooth=0.010  train_loss=0.1563  train_AUPR_all=0.8285  train_AUPR_ab=0.8671  train_AUPR_ag=0.7724  train_P@5_ab=0.9500  train_P@5_ag=1.0000  val_loss=0.3206  val_AUPR_all=0.6127  val_AUPR_ab=0.7598  val_AUPR_ag=0.4112  val_P@5_ab=0.9500  val_P@5_ag=1.0000  select=0.5855
Ep041  LR0=5.04e-05  pw=1.13  aucα=0.300  token_p=0.030  dropE=(0.050,0.120)  smooth=0.010  train_loss=0.1527  train_AUPR_all=0.8343  train_AUPR_ab=0.8738  train_AUPR_ag=0.7765  train_P@5_ab=1.0000  train_P@5_ag=1.0000  val_loss=0.3180  val_AUPR_all=0.6184  val_AUPR_ab=0.7587  val_AUPR_ag=0.4251  val_P@5_ab=0.9500  val_P@5_ag=1.0000  select=0.5919
Ep042  LR0=4.59e-05  pw=1.11  aucα=0.300  token_p=0.030  dropE=(0.050,0.120)  smooth=0.010  train_loss=0.1517  train_AUPR_all=0.8356  train_AUPR_ab=0.8726  train_AUPR_ag=0.7819  train_P@5_ab=1.0000  train_P@5_ag=1.0000  val_loss=0.3224  val_AUPR_all=0.6124  val_AUPR_ab=0.7556  val_AUPR_ag=0.4136  val_P@5_ab=0.9000  val_P@5_ag=0.9000  select=0.5846
Ep043  LR0=4.16e-05  pw=1.10  aucα=0.300  token_p=0.030  dropE=(0.050,0.120)  smooth=0.010  train_loss=0.1459  train_AUPR_all=0.8454  train_AUPR_ab=0.8821  train_AUPR_ag=0.7920  train_P@5_ab=1.0000  train_P@5_ag=1.0000  val_loss=0.3217  val_AUPR_all=0.6136  val_AUPR_ab=0.7577  val_AUPR_ag=0.4156  val_P@5_ab=1.0000  val_P@5_ag=0.9000  select=0.5866
Ep044  LR0=3.75e-05  pw=1.09  aucα=0.300  token_p=0.030  dropE=(0.050,0.120)  smooth=0.010  train_loss=0.1424  train_AUPR_all=0.8492  train_AUPR_ab=0.8851  train_AUPR_ag=0.7969  train_P@5_ab=1.0000  train_P@5_ag=0.9500  val_loss=0.3226  val_AUPR_all=0.6119  val_AUPR_ab=0.7604  val_AUPR_ag=0.4107  val_P@5_ab=1.0000  val_P@5_ag=1.0000  select=0.5856
Ep045  LR0=3.35e-05  pw=1.08  aucα=0.300  token_p=0.030  dropE=(0.050,0.120)  smooth=0.010  train_loss=0.1394  train_AUPR_all=0.8540  train_AUPR_ab=0.8893  train_AUPR_ag=0.8021  train_P@5_ab=1.0000  train_P@5_ag=1.0000  val_loss=0.3224  val_AUPR_all=0.6144  val_AUPR_ab=0.7602  val_AUPR_ag=0.4126  val_P@5_ab=0.9500  val_P@5_ag=0.8500  select=0.5864
Ep046  LR0=2.97e-05  pw=1.07  aucα=0.300  token_p=0.030  dropE=(0.050,0.120)  smooth=0.010  train_loss=0.1363  train_AUPR_all=0.8598  train_AUPR_ab=0.8932  train_AUPR_ag=0.8109  train_P@5_ab=0.9500  train_P@5_ag=1.0000  val_loss=0.3230  val_AUPR_all=0.6178  val_AUPR_ab=0.7629  val_AUPR_ag=0.4143  val_P@5_ab=0.9500  val_P@5_ag=0.9500  select=0.5886
Ep047  LR0=2.61e-05  pw=1.06  aucα=0.300  token_p=0.030  dropE=(0.050,0.120)  smooth=0.010  train_loss=0.1375  train_AUPR_all=0.8566  train_AUPR_ab=0.8876  train_AUPR_ag=0.8123  train_P@5_ab=1.0000  train_P@5_ag=1.0000  val_loss=0.3227  val_AUPR_all=0.6099  val_AUPR_ab=0.7549  val_AUPR_ag=0.4100  val_P@5_ab=0.9500  val_P@5_ag=0.9500  select=0.5825
Ep048  LR0=2.27e-05  pw=1.05  aucα=0.300  token_p=0.030  dropE=(0.050,0.120)  smooth=0.010  train_loss=0.1360  train_AUPR_all=0.8580  train_AUPR_ab=0.8892  train_AUPR_ag=0.8129  train_P@5_ab=1.0000  train_P@5_ag=1.0000  val_loss=0.3250  val_AUPR_all=0.6114  val_AUPR_ab=0.7653  val_AUPR_ag=0.4068  val_P@5_ab=1.0000  val_P@5_ag=0.8500  select=0.5861
Ep049  LR0=1.96e-05  pw=1.05  aucα=0.300  token_p=0.030  dropE=(0.050,0.120)  smooth=0.010  train_loss=0.1324  train_AUPR_all=0.8636  train_AUPR_ab=0.8944  train_AUPR_ag=0.8190  train_P@5_ab=1.0000  train_P@5_ag=1.0000  val_loss=0.3262  val_AUPR_all=0.6049  val_AUPR_ab=0.7520  val_AUPR_ag=0.4017  val_P@5_ab=0.8500  val_P@5_ag=0.7500  select=0.5769
Ep050  LR0=1.66e-05  pw=1.04  aucα=0.300  token_p=0.030  dropE=(0.050,0.120)  smooth=0.010  train_loss=0.1295  train_AUPR_all=0.8690  train_AUPR_ab=0.9017  train_AUPR_ag=0.8211  train_P@5_ab=1.0000  train_P@5_ag=0.9500  val_loss=0.3264  val_AUPR_all=0.6090  val_AUPR_ab=0.7556  val_AUPR_ag=0.4071  val_P@5_ab=0.9500  val_P@5_ag=0.8500  select=0.5814
Ep051  LR0=1.39e-05  pw=1.04  aucα=0.300  token_p=0.030  dropE=(0.050,0.120)  smooth=0.010  train_loss=0.1273  train_AUPR_all=0.8728  train_AUPR_ab=0.9032  train_AUPR_ag=0.8287  train_P@5_ab=1.0000  train_P@5_ag=1.0000  val_loss=0.3261  val_AUPR_all=0.6048  val_AUPR_ab=0.7529  val_AUPR_ag=0.4022  val_P@5_ab=0.9500  val_P@5_ag=0.8500  select=0.5775
Ep052  LR0=1.14e-05  pw=1.03  aucα=0.300  token_p=0.030  dropE=(0.050,0.120)  smooth=0.010  train_loss=0.1296  train_AUPR_all=0.8690  train_AUPR_ab=0.8995  train_AUPR_ag=0.8246  train_P@5_ab=1.0000  train_P@5_ag=1.0000  val_loss=0.3261  val_AUPR_all=0.6049  val_AUPR_ab=0.7501  val_AUPR_ag=0.4063  val_P@5_ab=0.9500  val_P@5_ag=0.8000  select=0.5782
Ep053  LR0=9.12e-06  pw=1.03  aucα=0.300  token_p=0.030  dropE=(0.050,0.120)  smooth=0.010  train_loss=0.1292  train_AUPR_all=0.8686  train_AUPR_ab=0.9004  train_AUPR_ag=0.8223  train_P@5_ab=1.0000  train_P@5_ag=0.9500  val_loss=0.3224  val_AUPR_all=0.6093  val_AUPR_ab=0.7565  val_AUPR_ag=0.4083  val_P@5_ab=1.0000  val_P@5_ag=0.8000  select=0.5824
Ep054  LR0=7.13e-06  pw=1.03  aucα=0.300  token_p=0.030  dropE=(0.050,0.120)  smooth=0.010  train_loss=0.1287  train_AUPR_all=0.8693  train_AUPR_ab=0.8997  train_AUPR_ag=0.8249  train_P@5_ab=1.0000  train_P@5_ag=1.0000  val_loss=0.3236  val_AUPR_all=0.6092  val_AUPR_ab=0.7581  val_AUPR_ag=0.4055  val_P@5_ab=1.0000  val_P@5_ag=0.8500  select=0.5818
Ep055  LR0=5.38e-06  pw=1.02  aucα=0.300  token_p=0.030  dropE=(0.050,0.120)  smooth=0.010  train_loss=0.1271  train_AUPR_all=0.8713  train_AUPR_ab=0.9028  train_AUPR_ag=0.8248  train_P@5_ab=1.0000  train_P@5_ag=1.0000  val_loss=0.3268  val_AUPR_all=0.6056  val_AUPR_ab=0.7535  val_AUPR_ag=0.4019  val_P@5_ab=1.0000  val_P@5_ag=0.8000  select=0.5777
Ep056  LR0=3.90e-06  pw=1.02  aucα=0.300  token_p=0.030  dropE=(0.050,0.120)  smooth=0.010  train_loss=0.1254  train_AUPR_all=0.8749  train_AUPR_ab=0.9059  train_AUPR_ag=0.8292  train_P@5_ab=1.0000  train_P@5_ag=1.0000  val_loss=0.3254  val_AUPR_all=0.6075  val_AUPR_ab=0.7562  val_AUPR_ag=0.4017  val_P@5_ab=1.0000  val_P@5_ag=0.8500  select=0.5789
Ep057  LR0=2.68e-06  pw=1.02  aucα=0.300  token_p=0.030  dropE=(0.050,0.120)  smooth=0.010  train_loss=0.1208  train_AUPR_all=0.8824  train_AUPR_ab=0.9126  train_AUPR_ag=0.8377  train_P@5_ab=1.0000  train_P@5_ag=1.0000  val_loss=0.3241  val_AUPR_all=0.6073  val_AUPR_ab=0.7555  val_AUPR_ag=0.4026  val_P@5_ab=0.9500  val_P@5_ag=0.8500  select=0.5791
Ep058  LR0=1.73e-06  pw=1.02  aucα=0.300  token_p=0.030  dropE=(0.050,0.120)  smooth=0.010  train_loss=0.1219  train_AUPR_all=0.8805  train_AUPR_ab=0.9115  train_AUPR_ag=0.8344  train_P@5_ab=1.0000  train_P@5_ag=0.9500  val_loss=0.3248  val_AUPR_all=0.6082  val_AUPR_ab=0.7572  val_AUPR_ag=0.4033  val_P@5_ab=0.9500  val_P@5_ag=0.8500  select=0.5802
Early stopping at epoch 58. Best select=0.5959 at epoch 38.
Final saved checkpoint for fold 4: checkpoints_old/iPara_balanced_l1_g5_i5_do0.10_dpr0.10_lr0.0002_heads16_fold4.pth
Best select=0.5959 at epoch 38

==========================================================================================
Fold 5/5
==========================================================================================
Train labels: valid=399660, pos=26617, neg=373043, ignore=699540, pos_frac=0.06660
Val labels: valid=100532, pos=6613, neg=93919, ignore=173068, pos_frac=0.06578
Initializing ClassificationModel with 5 GAT layers and residual connections...
Initializing MCModel with 5 GAT layers and 5 row attention layers (drop_path_rate=0.1)
Initializing CoreModel with 1 layers, drop_path_rate=0.1
Ep001  LR0=2.00e-04  pw=20.00  aucα=0.000  token_p=0.030  dropE=(0.050,0.120)  smooth=0.010  train_loss=1.1335  train_AUPR_all=0.2153  train_AUPR_ab=0.2506  train_AUPR_ag=0.1657  train_P@5_ab=0.3500  train_P@5_ag=0.3000  val_loss=1.3022  val_AUPR_all=0.4339  val_AUPR_ab=0.5507  val_AUPR_ag=0.2504  val_P@5_ab=1.0000  val_P@5_ag=0.8500  select=0.4006
  Saved checkpoint: checkpoints_old/iPara_balanced_l1_g5_i5_do0.10_dpr0.10_lr0.0002_heads16_fold5.pth  select=0.4006  val_ab=0.5507  val_ag=0.2504  val_all=0.4339
Ep002  LR0=2.00e-04  pw=17.77  aucα=0.000  token_p=0.030  dropE=(0.050,0.120)  smooth=0.010  train_loss=0.8060  train_AUPR_all=0.3793  train_AUPR_ab=0.4650  train_AUPR_ag=0.2406  train_P@5_ab=0.7500  train_P@5_ag=0.8000  val_loss=0.9773  val_AUPR_all=0.4756  val_AUPR_ab=0.6083  val_AUPR_ag=0.2667  val_P@5_ab=0.9500  val_P@5_ag=0.8500  select=0.4375
  Saved checkpoint: checkpoints_old/iPara_balanced_l1_g5_i5_do0.10_dpr0.10_lr0.0002_heads16_fold5.pth  select=0.4375  val_ab=0.6083  val_ag=0.2667  val_all=0.4756
Ep003  LR0=1.99e-04  pw=15.80  aucα=0.000  token_p=0.030  dropE=(0.050,0.120)  smooth=0.010  train_loss=0.7029  train_AUPR_all=0.4428  train_AUPR_ab=0.5234  train_AUPR_ag=0.3002  train_P@5_ab=0.6500  train_P@5_ag=0.9500  val_loss=0.9392  val_AUPR_all=0.4583  val_AUPR_ab=0.6383  val_AUPR_ag=0.3155  val_P@5_ab=0.8500  val_P@5_ag=0.9500  select=0.4769
  Saved checkpoint: checkpoints_old/iPara_balanced_l1_g5_i5_do0.10_dpr0.10_lr0.0002_heads16_fold5.pth  select=0.4769  val_ab=0.6383  val_ag=0.3155  val_all=0.4583
Ep004  LR0=1.99e-04  pw=14.06  aucα=0.000  token_p=0.030  dropE=(0.050,0.120)  smooth=0.010  train_loss=0.6388  train_AUPR_all=0.4793  train_AUPR_ab=0.5644  train_AUPR_ag=0.3242  train_P@5_ab=0.6500  train_P@5_ag=0.8500  val_loss=0.7925  val_AUPR_all=0.5248  val_AUPR_ab=0.6638  val_AUPR_ag=0.3324  val_P@5_ab=1.0000  val_P@5_ag=1.0000  select=0.4981
  Saved checkpoint: checkpoints_old/iPara_balanced_l1_g5_i5_do0.10_dpr0.10_lr0.0002_heads16_fold5.pth  select=0.4981  val_ab=0.6638  val_ag=0.3324  val_all=0.5248
Unfreezing DyM parameters.
Ep005  LR0=1.98e-04  pw=12.52  aucα=0.000  token_p=0.030  dropE=(0.050,0.120)  smooth=0.010  train_loss=0.5924  train_AUPR_all=0.4989  train_AUPR_ab=0.5870  train_AUPR_ag=0.3341  train_P@5_ab=0.7500  train_P@5_ag=0.9500  val_loss=0.8275  val_AUPR_all=0.5397  val_AUPR_ab=0.6689  val_AUPR_ag=0.3399  val_P@5_ab=0.9000  val_P@5_ag=1.0000  select=0.5044
  Saved checkpoint: checkpoints_old/iPara_balanced_l1_g5_i5_do0.10_dpr0.10_lr0.0002_heads16_fold5.pth  select=0.5044  val_ab=0.6689  val_ag=0.3399  val_all=0.5397
Ep006  LR0=1.97e-04  pw=11.17  aucα=0.000  token_p=0.030  dropE=(0.050,0.120)  smooth=0.010  train_loss=0.5463  train_AUPR_all=0.5237  train_AUPR_ab=0.6101  train_AUPR_ag=0.3618  train_P@5_ab=0.8000  train_P@5_ag=0.9000  val_loss=0.7111  val_AUPR_all=0.5624  val_AUPR_ab=0.6827  val_AUPR_ag=0.3529  val_P@5_ab=1.0000  val_P@5_ag=1.0000  select=0.5178
  Saved checkpoint: checkpoints_old/iPara_balanced_l1_g5_i5_do0.10_dpr0.10_lr0.0002_heads16_fold5.pth  select=0.5178  val_ab=0.6827  val_ag=0.3529  val_all=0.5624
Ep007  LR0=1.95e-04  pw=9.97  aucα=0.000  token_p=0.030  dropE=(0.050,0.120)  smooth=0.010  train_loss=0.5125  train_AUPR_all=0.5250  train_AUPR_ab=0.6072  train_AUPR_ag=0.3701  train_P@5_ab=0.8500  train_P@5_ag=1.0000  val_loss=0.6934  val_AUPR_all=0.5613  val_AUPR_ab=0.6893  val_AUPR_ag=0.3598  val_P@5_ab=1.0000  val_P@5_ag=0.9500  select=0.5245
  Saved checkpoint: checkpoints_old/iPara_balanced_l1_g5_i5_do0.10_dpr0.10_lr0.0002_heads16_fold5.pth  select=0.5245  val_ab=0.6893  val_ag=0.3598  val_all=0.5613
Ep008  LR0=1.93e-04  pw=8.92  aucα=0.000  token_p=0.030  dropE=(0.050,0.120)  smooth=0.010  train_loss=0.4759  train_AUPR_all=0.5427  train_AUPR_ab=0.6368  train_AUPR_ag=0.3751  train_P@5_ab=0.9000  train_P@5_ag=1.0000  val_loss=0.6369  val_AUPR_all=0.5599  val_AUPR_ab=0.7014  val_AUPR_ag=0.3617  val_P@5_ab=1.0000  val_P@5_ag=0.9500  select=0.5316
  Saved checkpoint: checkpoints_old/iPara_balanced_l1_g5_i5_do0.10_dpr0.10_lr0.0002_heads16_fold5.pth  select=0.5316  val_ab=0.7014  val_ag=0.3617  val_all=0.5599
Ep009  LR0=1.91e-04  pw=7.99  aucα=0.000  token_p=0.030  dropE=(0.050,0.120)  smooth=0.010  train_loss=0.4459  train_AUPR_all=0.5493  train_AUPR_ab=0.6471  train_AUPR_ag=0.3795  train_P@5_ab=0.9500  train_P@5_ag=0.9500  val_loss=0.6365  val_AUPR_all=0.5681  val_AUPR_ab=0.7040  val_AUPR_ag=0.3516  val_P@5_ab=0.9000  val_P@5_ag=1.0000  select=0.5278
Ep010  LR0=1.89e-04  pw=7.17  aucα=0.030  token_p=0.030  dropE=(0.050,0.120)  smooth=0.010  train_loss=0.4294  train_AUPR_all=0.5625  train_AUPR_ab=0.6595  train_AUPR_ag=0.3957  train_P@5_ab=1.0000  train_P@5_ag=0.8500  val_loss=0.5935  val_AUPR_all=0.5808  val_AUPR_ab=0.7186  val_AUPR_ag=0.3559  val_P@5_ab=1.0000  val_P@5_ag=0.9500  select=0.5372
  Saved checkpoint: checkpoints_old/iPara_balanced_l1_g5_i5_do0.10_dpr0.10_lr0.0002_heads16_fold5.pth  select=0.5372  val_ab=0.7186  val_ag=0.3559  val_all=0.5808
Ep011  LR0=1.87e-04  pw=6.44  aucα=0.060  token_p=0.030  dropE=(0.050,0.120)  smooth=0.010  train_loss=0.4162  train_AUPR_all=0.5764  train_AUPR_ab=0.6766  train_AUPR_ag=0.4026  train_P@5_ab=0.8500  train_P@5_ag=1.0000  val_loss=0.5820  val_AUPR_all=0.5837  val_AUPR_ab=0.7248  val_AUPR_ag=0.3577  val_P@5_ab=1.0000  val_P@5_ag=0.9000  select=0.5413
  Saved checkpoint: checkpoints_old/iPara_balanced_l1_g5_i5_do0.10_dpr0.10_lr0.0002_heads16_fold5.pth  select=0.5413  val_ab=0.7248  val_ag=0.3577  val_all=0.5837
Ep012  LR0=1.84e-04  pw=5.80  aucα=0.090  token_p=0.030  dropE=(0.050,0.120)  smooth=0.010  train_loss=0.4091  train_AUPR_all=0.5758  train_AUPR_ab=0.6754  train_AUPR_ag=0.4073  train_P@5_ab=0.9000  train_P@5_ag=0.8000  val_loss=0.5392  val_AUPR_all=0.5854  val_AUPR_ab=0.7226  val_AUPR_ag=0.3646  val_P@5_ab=0.9500  val_P@5_ag=0.8500  select=0.5436
  Saved checkpoint: checkpoints_old/iPara_balanced_l1_g5_i5_do0.10_dpr0.10_lr0.0002_heads16_fold5.pth  select=0.5436  val_ab=0.7226  val_ag=0.3646  val_all=0.5854
Ep013  LR0=1.81e-04  pw=5.24  aucα=0.120  token_p=0.030  dropE=(0.050,0.120)  smooth=0.010  train_loss=0.3945  train_AUPR_all=0.5921  train_AUPR_ab=0.6904  train_AUPR_ag=0.4276  train_P@5_ab=0.9000  train_P@5_ag=0.9500  val_loss=0.5179  val_AUPR_all=0.5844  val_AUPR_ab=0.7267  val_AUPR_ag=0.3618  val_P@5_ab=1.0000  val_P@5_ag=0.9000  select=0.5442
  Saved checkpoint: checkpoints_old/iPara_balanced_l1_g5_i5_do0.10_dpr0.10_lr0.0002_heads16_fold5.pth  select=0.5442  val_ab=0.7267  val_ag=0.3618  val_all=0.5844
Ep014  LR0=1.78e-04  pw=4.74  aucα=0.150  token_p=0.030  dropE=(0.050,0.120)  smooth=0.010  train_loss=0.3866  train_AUPR_all=0.6026  train_AUPR_ab=0.7018  train_AUPR_ag=0.4370  train_P@5_ab=1.0000  train_P@5_ag=0.9500  val_loss=0.4832  val_AUPR_all=0.5929  val_AUPR_ab=0.7429  val_AUPR_ag=0.3532  val_P@5_ab=1.0000  val_P@5_ag=0.8500  select=0.5481
  Saved checkpoint: checkpoints_old/iPara_balanced_l1_g5_i5_do0.10_dpr0.10_lr0.0002_heads16_fold5.pth  select=0.5481  val_ab=0.7429  val_ag=0.3532  val_all=0.5929
Ep015  LR0=1.74e-04  pw=4.30  aucα=0.180  token_p=0.030  dropE=(0.050,0.120)  smooth=0.010  train_loss=0.3795  train_AUPR_all=0.6102  train_AUPR_ab=0.7107  train_AUPR_ag=0.4449  train_P@5_ab=1.0000  train_P@5_ag=0.9000  val_loss=0.4690  val_AUPR_all=0.5857  val_AUPR_ab=0.7285  val_AUPR_ag=0.3607  val_P@5_ab=0.9500  val_P@5_ag=1.0000  select=0.5446
Ep016  LR0=1.71e-04  pw=3.91  aucα=0.210  token_p=0.030  dropE=(0.050,0.120)  smooth=0.010  train_loss=0.3711  train_AUPR_all=0.6190  train_AUPR_ab=0.7129  train_AUPR_ag=0.4653  train_P@5_ab=0.9500  train_P@5_ag=1.0000  val_loss=0.4527  val_AUPR_all=0.5945  val_AUPR_ab=0.7364  val_AUPR_ag=0.3690  val_P@5_ab=1.0000  val_P@5_ag=0.9500  select=0.5527
  Saved checkpoint: checkpoints_old/iPara_balanced_l1_g5_i5_do0.10_dpr0.10_lr0.0002_heads16_fold5.pth  select=0.5527  val_ab=0.7364  val_ag=0.3690  val_all=0.5945
Ep017  LR0=1.67e-04  pw=3.57  aucα=0.240  token_p=0.030  dropE=(0.050,0.120)  smooth=0.010  train_loss=0.3641  train_AUPR_all=0.6291  train_AUPR_ab=0.7220  train_AUPR_ag=0.4789  train_P@5_ab=0.9500  train_P@5_ag=0.9500  val_loss=0.4450  val_AUPR_all=0.5879  val_AUPR_ab=0.7348  val_AUPR_ag=0.3580  val_P@5_ab=1.0000  val_P@5_ag=0.9000  select=0.5464
Ep018  LR0=1.63e-04  pw=3.27  aucα=0.270  token_p=0.030  dropE=(0.050,0.120)  smooth=0.010  train_loss=0.3564  train_AUPR_all=0.6370  train_AUPR_ab=0.7293  train_AUPR_ag=0.4898  train_P@5_ab=1.0000  train_P@5_ag=0.9000  val_loss=0.4126  val_AUPR_all=0.6008  val_AUPR_ab=0.7396  val_AUPR_ag=0.3773  val_P@5_ab=1.0000  val_P@5_ag=0.9000  select=0.5584
  Saved checkpoint: checkpoints_old/iPara_balanced_l1_g5_i5_do0.10_dpr0.10_lr0.0002_heads16_fold5.pth  select=0.5584  val_ab=0.7396  val_ag=0.3773  val_all=0.6008
Ep019  LR0=1.59e-04  pw=3.00  aucα=0.300  token_p=0.030  dropE=(0.050,0.120)  smooth=0.010  train_loss=0.3525  train_AUPR_all=0.6475  train_AUPR_ab=0.7399  train_AUPR_ag=0.4997  train_P@5_ab=1.0000  train_P@5_ag=0.9500  val_loss=0.4168  val_AUPR_all=0.6030  val_AUPR_ab=0.7514  val_AUPR_ag=0.3700  val_P@5_ab=1.0000  val_P@5_ag=0.9500  select=0.5607
  Saved checkpoint: checkpoints_old/iPara_balanced_l1_g5_i5_do0.10_dpr0.10_lr0.0002_heads16_fold5.pth  select=0.5607  val_ab=0.7514  val_ag=0.3700  val_all=0.6030
Ep020  LR0=1.55e-04  pw=2.77  aucα=0.300  token_p=0.030  dropE=(0.050,0.120)  smooth=0.010  train_loss=0.3292  train_AUPR_all=0.6638  train_AUPR_ab=0.7505  train_AUPR_ag=0.5257  train_P@5_ab=0.9500  train_P@5_ag=1.0000  val_loss=0.4070  val_AUPR_all=0.5915  val_AUPR_ab=0.7496  val_AUPR_ag=0.3548  val_P@5_ab=1.0000  val_P@5_ag=0.9500  select=0.5522
Ep021  LR0=1.50e-04  pw=2.56  aucα=0.300  token_p=0.030  dropE=(0.050,0.120)  smooth=0.010  train_loss=0.3122  train_AUPR_all=0.6764  train_AUPR_ab=0.7581  train_AUPR_ag=0.5492  train_P@5_ab=0.9000  train_P@5_ag=1.0000  val_loss=0.3955  val_AUPR_all=0.6024  val_AUPR_ab=0.7570  val_AUPR_ag=0.3624  val_P@5_ab=1.0000  val_P@5_ag=1.0000  select=0.5597
Ep022  LR0=1.46e-04  pw=2.38  aucα=0.300  token_p=0.030  dropE=(0.050,0.120)  smooth=0.010  train_loss=0.3016  train_AUPR_all=0.6796  train_AUPR_ab=0.7615  train_AUPR_ag=0.5516  train_P@5_ab=0.9000  train_P@5_ag=1.0000  val_loss=0.3694  val_AUPR_all=0.6117  val_AUPR_ab=0.7610  val_AUPR_ag=0.3842  val_P@5_ab=1.0000  val_P@5_ag=1.0000  select=0.5726
  Saved checkpoint: checkpoints_old/iPara_balanced_l1_g5_i5_do0.10_dpr0.10_lr0.0002_heads16_fold5.pth  select=0.5726  val_ab=0.7610  val_ag=0.3842  val_all=0.6117
Ep023  LR0=1.41e-04  pw=2.21  aucα=0.300  token_p=0.030  dropE=(0.050,0.120)  smooth=0.010  train_loss=0.2864  train_AUPR_all=0.6925  train_AUPR_ab=0.7712  train_AUPR_ag=0.5708  train_P@5_ab=0.9500  train_P@5_ag=1.0000  val_loss=0.3833  val_AUPR_all=0.5902  val_AUPR_ab=0.7456  val_AUPR_ag=0.3640  val_P@5_ab=1.0000  val_P@5_ag=0.9500  select=0.5548
Ep024  LR0=1.36e-04  pw=2.07  aucα=0.300  token_p=0.030  dropE=(0.050,0.120)  smooth=0.010  train_loss=0.2745  train_AUPR_all=0.6976  train_AUPR_ab=0.7717  train_AUPR_ag=0.5848  train_P@5_ab=1.0000  train_P@5_ag=1.0000  val_loss=0.4022  val_AUPR_all=0.5898  val_AUPR_ab=0.7460  val_AUPR_ag=0.3608  val_P@5_ab=1.0000  val_P@5_ag=0.9500  select=0.5534
Ep025  LR0=1.31e-04  pw=1.95  aucα=0.300  token_p=0.030  dropE=(0.050,0.120)  smooth=0.010  train_loss=0.2613  train_AUPR_all=0.7114  train_AUPR_ab=0.7824  train_AUPR_ag=0.6044  train_P@5_ab=1.0000  train_P@5_ag=1.0000  val_loss=0.3591  val_AUPR_all=0.6053  val_AUPR_ab=0.7592  val_AUPR_ag=0.3786  val_P@5_ab=1.0000  val_P@5_ag=0.9500  select=0.5689
Ep026  LR0=1.26e-04  pw=1.83  aucα=0.300  token_p=0.030  dropE=(0.050,0.120)  smooth=0.010  train_loss=0.2515  train_AUPR_all=0.7181  train_AUPR_ab=0.7849  train_AUPR_ag=0.6178  train_P@5_ab=1.0000  train_P@5_ag=1.0000  val_loss=0.3672  val_AUPR_all=0.6011  val_AUPR_ab=0.7599  val_AUPR_ag=0.3805  val_P@5_ab=1.0000  val_P@5_ag=0.9000  select=0.5702
Ep027  LR0=1.21e-04  pw=1.74  aucα=0.300  token_p=0.030  dropE=(0.050,0.120)  smooth=0.010  train_loss=0.2407  train_AUPR_all=0.7296  train_AUPR_ab=0.7929  train_AUPR_ag=0.6363  train_P@5_ab=1.0000  train_P@5_ag=0.9500  val_loss=0.3517  val_AUPR_all=0.5948  val_AUPR_ab=0.7598  val_AUPR_ag=0.3602  val_P@5_ab=1.0000  val_P@5_ag=1.0000  select=0.5600
Ep028  LR0=1.16e-04  pw=1.65  aucα=0.300  token_p=0.030  dropE=(0.050,0.120)  smooth=0.010  train_loss=0.2328  train_AUPR_all=0.7362  train_AUPR_ab=0.7950  train_AUPR_ag=0.6496  train_P@5_ab=1.0000  train_P@5_ag=1.0000  val_loss=0.3569  val_AUPR_all=0.5921  val_AUPR_ab=0.7471  val_AUPR_ag=0.3836  val_P@5_ab=1.0000  val_P@5_ag=1.0000  select=0.5654
Ep029  LR0=1.11e-04  pw=1.57  aucα=0.300  token_p=0.030  dropE=(0.050,0.120)  smooth=0.010  train_loss=0.2236  train_AUPR_all=0.7450  train_AUPR_ab=0.8054  train_AUPR_ag=0.6557  train_P@5_ab=1.0000  train_P@5_ag=0.9500  val_loss=0.3413  val_AUPR_all=0.5993  val_AUPR_ab=0.7587  val_AUPR_ag=0.3848  val_P@5_ab=1.0000  val_P@5_ag=1.0000  select=0.5717
Ep030  LR0=1.05e-04  pw=1.51  aucα=0.300  token_p=0.030  dropE=(0.050,0.120)  smooth=0.010  train_loss=0.2129  train_AUPR_all=0.7578  train_AUPR_ab=0.8160  train_AUPR_ag=0.6718  train_P@5_ab=1.0000  train_P@5_ag=1.0000  val_loss=0.3545  val_AUPR_all=0.5902  val_AUPR_ab=0.7584  val_AUPR_ag=0.3716  val_P@5_ab=1.0000  val_P@5_ag=1.0000  select=0.5650
Ep031  LR0=1.00e-04  pw=1.45  aucα=0.300  token_p=0.030  dropE=(0.050,0.120)  smooth=0.010  train_loss=0.2056  train_AUPR_all=0.7658  train_AUPR_ab=0.8172  train_AUPR_ag=0.6914  train_P@5_ab=1.0000  train_P@5_ag=1.0000  val_loss=0.3454  val_AUPR_all=0.5844  val_AUPR_ab=0.7574  val_AUPR_ag=0.3431  val_P@5_ab=1.0000  val_P@5_ag=1.0000  select=0.5502
Ep032  LR0=9.50e-05  pw=1.39  aucα=0.300  token_p=0.030  dropE=(0.050,0.120)  smooth=0.010  train_loss=0.1968  train_AUPR_all=0.7779  train_AUPR_ab=0.8265  train_AUPR_ag=0.7077  train_P@5_ab=0.9500  train_P@5_ag=1.0000  val_loss=0.3459  val_AUPR_all=0.5941  val_AUPR_ab=0.7577  val_AUPR_ag=0.3796  val_P@5_ab=1.0000  val_P@5_ag=1.0000  select=0.5687
Ep033  LR0=8.98e-05  pw=1.35  aucα=0.300  token_p=0.030  dropE=(0.050,0.120)  smooth=0.010  train_loss=0.1922  train_AUPR_all=0.7821  train_AUPR_ab=0.8292  train_AUPR_ag=0.7142  train_P@5_ab=1.0000  train_P@5_ag=0.9500  val_loss=0.3444  val_AUPR_all=0.6031  val_AUPR_ab=0.7605  val_AUPR_ag=0.3842  val_P@5_ab=1.0000  val_P@5_ag=0.9500  select=0.5723
Ep034  LR0=8.46e-05  pw=1.31  aucα=0.300  token_p=0.030  dropE=(0.050,0.120)  smooth=0.010  train_loss=0.1841  train_AUPR_all=0.7924  train_AUPR_ab=0.8387  train_AUPR_ag=0.7253  train_P@5_ab=0.9500  train_P@5_ag=1.0000  val_loss=0.3398  val_AUPR_all=0.5890  val_AUPR_ab=0.7600  val_AUPR_ag=0.3806  val_P@5_ab=0.9500  val_P@5_ag=1.0000  select=0.5703
Ep035  LR0=7.95e-05  pw=1.27  aucα=0.300  token_p=0.030  dropE=(0.050,0.120)  smooth=0.010  train_loss=0.1748  train_AUPR_all=0.8067  train_AUPR_ab=0.8490  train_AUPR_ag=0.7457  train_P@5_ab=1.0000  train_P@5_ag=1.0000  val_loss=0.3373  val_AUPR_all=0.5846  val_AUPR_ab=0.7470  val_AUPR_ag=0.3769  val_P@5_ab=0.9500  val_P@5_ag=1.0000  select=0.5619
Ep036  LR0=7.44e-05  pw=1.24  aucα=0.300  token_p=0.030  dropE=(0.050,0.120)  smooth=0.010  train_loss=0.1724  train_AUPR_all=0.8080  train_AUPR_ab=0.8498  train_AUPR_ag=0.7478  train_P@5_ab=1.0000  train_P@5_ag=1.0000  val_loss=0.3411  val_AUPR_all=0.5932  val_AUPR_ab=0.7565  val_AUPR_ag=0.3746  val_P@5_ab=1.0000  val_P@5_ag=1.0000  select=0.5655
Ep037  LR0=6.94e-05  pw=1.21  aucα=0.300  token_p=0.030  dropE=(0.050,0.120)  smooth=0.010  train_loss=0.1662  train_AUPR_all=0.8168  train_AUPR_ab=0.8575  train_AUPR_ag=0.7580  train_P@5_ab=1.0000  train_P@5_ag=1.0000  val_loss=0.3513  val_AUPR_all=0.5844  val_AUPR_ab=0.7562  val_AUPR_ag=0.3507  val_P@5_ab=0.9000  val_P@5_ag=1.0000  select=0.5534
Ep038  LR0=6.45e-05  pw=1.19  aucα=0.300  token_p=0.030  dropE=(0.050,0.120)  smooth=0.010  train_loss=0.1658  train_AUPR_all=0.8158  train_AUPR_ab=0.8571  train_AUPR_ag=0.7567  train_P@5_ab=1.0000  train_P@5_ag=0.9500  val_loss=0.3398  val_AUPR_all=0.5858  val_AUPR_ab=0.7493  val_AUPR_ag=0.3752  val_P@5_ab=0.9000  val_P@5_ag=1.0000  select=0.5623
Ep039  LR0=5.97e-05  pw=1.16  aucα=0.300  token_p=0.030  dropE=(0.050,0.120)  smooth=0.010  train_loss=0.1625  train_AUPR_all=0.8205  train_AUPR_ab=0.8595  train_AUPR_ag=0.7648  train_P@5_ab=0.9500  train_P@5_ag=1.0000  val_loss=0.3319  val_AUPR_all=0.5885  val_AUPR_ab=0.7538  val_AUPR_ag=0.3757  val_P@5_ab=0.9500  val_P@5_ag=0.9500  select=0.5648
Ep040  LR0=5.50e-05  pw=1.15  aucα=0.300  token_p=0.030  dropE=(0.050,0.120)  smooth=0.010  train_loss=0.1556  train_AUPR_all=0.8312  train_AUPR_ab=0.8704  train_AUPR_ag=0.7747  train_P@5_ab=1.0000  train_P@5_ag=1.0000  val_loss=0.3330  val_AUPR_all=0.5851  val_AUPR_ab=0.7460  val_AUPR_ag=0.3762  val_P@5_ab=0.9000  val_P@5_ag=0.9000  select=0.5611
Ep041  LR0=5.04e-05  pw=1.13  aucα=0.300  token_p=0.030  dropE=(0.050,0.120)  smooth=0.010  train_loss=0.1490  train_AUPR_all=0.8419  train_AUPR_ab=0.8798  train_AUPR_ag=0.7868  train_P@5_ab=0.9500  train_P@5_ag=1.0000  val_loss=0.3405  val_AUPR_all=0.5877  val_AUPR_ab=0.7459  val_AUPR_ag=0.3821  val_P@5_ab=1.0000  val_P@5_ag=0.9000  select=0.5640
Ep042  LR0=4.59e-05  pw=1.11  aucα=0.300  token_p=0.030  dropE=(0.050,0.120)  smooth=0.010  train_loss=0.1457  train_AUPR_all=0.8463  train_AUPR_ab=0.8847  train_AUPR_ag=0.7902  train_P@5_ab=0.9500  train_P@5_ag=1.0000  val_loss=0.3315  val_AUPR_all=0.5881  val_AUPR_ab=0.7458  val_AUPR_ag=0.3810  val_P@5_ab=0.9000  val_P@5_ag=0.9000  select=0.5634
Ep043  LR0=4.16e-05  pw=1.10  aucα=0.300  token_p=0.030  dropE=(0.050,0.120)  smooth=0.010  train_loss=0.1463  train_AUPR_all=0.8422  train_AUPR_ab=0.8777  train_AUPR_ag=0.7910  train_P@5_ab=1.0000  train_P@5_ag=1.0000  val_loss=0.3325  val_AUPR_all=0.5898  val_AUPR_ab=0.7479  val_AUPR_ag=0.3778  val_P@5_ab=1.0000  val_P@5_ag=0.8500  select=0.5629
Ep044  LR0=3.75e-05  pw=1.09  aucα=0.300  token_p=0.030  dropE=(0.050,0.120)  smooth=0.010  train_loss=0.1415  train_AUPR_all=0.8520  train_AUPR_ab=0.8858  train_AUPR_ag=0.8033  train_P@5_ab=1.0000  train_P@5_ag=1.0000  val_loss=0.3406  val_AUPR_all=0.5855  val_AUPR_ab=0.7451  val_AUPR_ag=0.3783  val_P@5_ab=1.0000  val_P@5_ag=0.9000  select=0.5617
Ep045  LR0=3.35e-05  pw=1.08  aucα=0.300  token_p=0.030  dropE=(0.050,0.120)  smooth=0.010  train_loss=0.1405  train_AUPR_all=0.8528  train_AUPR_ab=0.8887  train_AUPR_ag=0.8004  train_P@5_ab=1.0000  train_P@5_ag=1.0000  val_loss=0.3432  val_AUPR_all=0.5786  val_AUPR_ab=0.7406  val_AUPR_ag=0.3772  val_P@5_ab=1.0000  val_P@5_ag=0.8500  select=0.5589
Early stopping at epoch 45. Best select=0.5726 at epoch 22.
Final saved checkpoint for fold 5: checkpoints_old/iPara_balanced_l1_g5_i5_do0.10_dpr0.10_lr0.0002_heads16_fold5.pth
Best select=0.5726 at epoch 22
