Device: cuda
Visible GPUs: 1
GPU 0: NVIDIA RTX PRO 6000 Blackwell Server Edition
Config:
  sequence_file: para_tv_esmsequences_1600.npz
  data_file: para_tv_esminterfaces_1600.npz
  edge_file: para_tv_esmedges_1600.npz
  seq_len: 1600
  vocab_size: 31
  num_classes: 2
  pad_id: 1
  eoc_id: 24
  embed_dim: 256
  num_heads: 16
  num_layers: 1
  num_gnn_layers: 8
  num_int_layers: 5
  dropout: 0.1
  drop_path_rate: 0.1
  batch_size: 4
  num_epochs: 80
  warmup_epochs: 10
  min_stop_epoch: 45
  early_stop: 20
  learning_rate: 0.0002
  weight_decay: 0.0001
  max_grad_norm: 0.5
  accum_steps: 1
  amp: True
  weight_start: 8.0
  weight_end: 1.0
  weight_anneal_tau: 10.0
  dropedge_min: 0.02
  dropedge_max: 0.08
  token_drop_p: 0.02
  smooth_lambda: 0.01
  aucpr_alpha: 0.3
  aucpr_ramp_start: 10
  aucpr_ramp_len: 10
  aucpr_bins: 64
  aucpr_temp: 0.05
  antibody_loss_weight: 1.0
  antigen_loss_weight: 1.0
  n_splits: 5
  num_workers: 0
  select_ab_weight: 0.5
  select_ag_weight: 0.5
Dataset size: 858

==========================================================================================
Fold 1/5
==========================================================================================
Train labels: valid=399467, pos=26433, neg=373034, ignore=698133, pos_frac=0.06617
Val labels: valid=100725, pos=6797, neg=93928, ignore=174475, pos_frac=0.06748
Initializing ClassificationModel with 8 GAT layers and residual connections...
Initializing MCModel with 8 GAT layers and 5 row attention layers (drop_path_rate=0.1)
Initializing CoreModel with 1 layers, drop_path_rate=0.1
Ep001  LR0=2.00e-04  pw=8.00  aucα=0.000  token_p=0.020  dropE=(0.020,0.080)  smooth=0.010  train_loss=0.6453  train_AUPR_all=0.3218  train_AUPR_ab=0.4133  train_AUPR_ag=0.2062  train_P@5_ab=0.7000  train_P@5_ag=0.8500  val_loss=0.7813  val_AUPR_all=0.4569  val_AUPR_ab=0.5709  val_AUPR_ag=0.2748  val_P@5_ab=0.9500  val_P@5_ag=0.8500  select=0.4228
  Saved checkpoint: checkpoints_balanced/iPara_balanced_l1_g8_i5_do0.10_dpr0.10_lr0.0002_heads16_fold1.pth  select=0.4228  val_ab=0.5709  val_ag=0.2748  val_all=0.4569
Ep002  LR0=2.00e-04  pw=7.33  aucα=0.000  token_p=0.020  dropE=(0.020,0.080)  smooth=0.010  train_loss=0.5054  train_AUPR_all=0.4452  train_AUPR_ab=0.5415  train_AUPR_ag=0.2850  train_P@5_ab=0.8500  train_P@5_ag=0.6500  val_loss=0.6849  val_AUPR_all=0.4757  val_AUPR_ab=0.5835  val_AUPR_ag=0.3153  val_P@5_ab=0.9000  val_P@5_ag=0.9000  select=0.4494
  Saved checkpoint: checkpoints_balanced/iPara_balanced_l1_g8_i5_do0.10_dpr0.10_lr0.0002_heads16_fold1.pth  select=0.4494  val_ab=0.5835  val_ag=0.3153  val_all=0.4757
Ep003  LR0=2.00e-04  pw=6.73  aucα=0.000  token_p=0.020  dropE=(0.020,0.080)  smooth=0.010  train_loss=0.4455  train_AUPR_all=0.4952  train_AUPR_ab=0.5900  train_AUPR_ag=0.3325  train_P@5_ab=0.8500  train_P@5_ag=0.8000  val_loss=0.6381  val_AUPR_all=0.5126  val_AUPR_ab=0.6275  val_AUPR_ag=0.3437  val_P@5_ab=0.9000  val_P@5_ag=1.0000  select=0.4856
  Saved checkpoint: checkpoints_balanced/iPara_balanced_l1_g8_i5_do0.10_dpr0.10_lr0.0002_heads16_fold1.pth  select=0.4856  val_ab=0.6275  val_ag=0.3437  val_all=0.5126
Ep004  LR0=1.99e-04  pw=6.19  aucα=0.000  token_p=0.020  dropE=(0.020,0.080)  smooth=0.010  train_loss=0.4117  train_AUPR_all=0.5186  train_AUPR_ab=0.6125  train_AUPR_ag=0.3536  train_P@5_ab=0.8000  train_P@5_ag=0.9500  val_loss=0.6053  val_AUPR_all=0.5272  val_AUPR_ab=0.6422  val_AUPR_ag=0.3412  val_P@5_ab=0.7500  val_P@5_ag=1.0000  select=0.4917
  Saved checkpoint: checkpoints_balanced/iPara_balanced_l1_g8_i5_do0.10_dpr0.10_lr0.0002_heads16_fold1.pth  select=0.4917  val_ab=0.6422  val_ag=0.3412  val_all=0.5272
Ep005  LR0=1.99e-04  pw=5.69  aucα=0.000  token_p=0.020  dropE=(0.020,0.080)  smooth=0.010  train_loss=0.3878  train_AUPR_all=0.5307  train_AUPR_ab=0.6271  train_AUPR_ag=0.3639  train_P@5_ab=1.0000  train_P@5_ag=0.9000  val_loss=0.5796  val_AUPR_all=0.5350  val_AUPR_ab=0.6482  val_AUPR_ag=0.3480  val_P@5_ab=0.8000  val_P@5_ag=1.0000  select=0.4981
  Saved checkpoint: checkpoints_balanced/iPara_balanced_l1_g8_i5_do0.10_dpr0.10_lr0.0002_heads16_fold1.pth  select=0.4981  val_ab=0.6482  val_ag=0.3480  val_all=0.5350
Ep006  LR0=1.98e-04  pw=5.25  aucα=0.000  token_p=0.020  dropE=(0.020,0.080)  smooth=0.010  train_loss=0.3619  train_AUPR_all=0.5519  train_AUPR_ab=0.6548  train_AUPR_ag=0.3768  train_P@5_ab=0.8500  train_P@5_ag=0.9500  val_loss=0.5282  val_AUPR_all=0.5664  val_AUPR_ab=0.6803  val_AUPR_ag=0.3794  val_P@5_ab=0.8000  val_P@5_ag=1.0000  select=0.5298
  Saved checkpoint: checkpoints_balanced/iPara_balanced_l1_g8_i5_do0.10_dpr0.10_lr0.0002_heads16_fold1.pth  select=0.5298  val_ab=0.6803  val_ag=0.3794  val_all=0.5664
Ep007  LR0=1.97e-04  pw=4.84  aucα=0.000  token_p=0.020  dropE=(0.020,0.080)  smooth=0.010  train_loss=0.3386  train_AUPR_all=0.5658  train_AUPR_ab=0.6676  train_AUPR_ag=0.3926  train_P@5_ab=0.8500  train_P@5_ag=0.8000  val_loss=0.5306  val_AUPR_all=0.5579  val_AUPR_ab=0.6818  val_AUPR_ag=0.3731  val_P@5_ab=0.9000  val_P@5_ag=0.9500  select=0.5274
Ep008  LR0=1.96e-04  pw=4.48  aucα=0.000  token_p=0.020  dropE=(0.020,0.080)  smooth=0.010  train_loss=0.3185  train_AUPR_all=0.5728  train_AUPR_ab=0.6712  train_AUPR_ag=0.4081  train_P@5_ab=0.9000  train_P@5_ag=0.9000  val_loss=0.5144  val_AUPR_all=0.5706  val_AUPR_ab=0.6903  val_AUPR_ag=0.3701  val_P@5_ab=0.8500  val_P@5_ag=0.9500  select=0.5302
  Saved checkpoint: checkpoints_balanced/iPara_balanced_l1_g8_i5_do0.10_dpr0.10_lr0.0002_heads16_fold1.pth  select=0.5302  val_ab=0.6903  val_ag=0.3701  val_all=0.5706
Ep009  LR0=1.95e-04  pw=4.15  aucα=0.000  token_p=0.020  dropE=(0.020,0.080)  smooth=0.010  train_loss=0.3020  train_AUPR_all=0.5856  train_AUPR_ab=0.6870  train_AUPR_ag=0.4165  train_P@5_ab=0.9500  train_P@5_ag=0.8500  val_loss=0.4928  val_AUPR_all=0.5638  val_AUPR_ab=0.7033  val_AUPR_ag=0.3519  val_P@5_ab=1.0000  val_P@5_ag=0.9500  select=0.5276
Ep010  LR0=1.94e-04  pw=3.85  aucα=0.030  token_p=0.020  dropE=(0.020,0.080)  smooth=0.010  train_loss=0.3003  train_AUPR_all=0.5929  train_AUPR_ab=0.6934  train_AUPR_ag=0.4267  train_P@5_ab=1.0000  train_P@5_ag=0.9500  val_loss=0.4722  val_AUPR_all=0.5656  val_AUPR_ab=0.6907  val_AUPR_ag=0.3670  val_P@5_ab=0.9500  val_P@5_ag=0.9500  select=0.5289
Unfreezing DyM parameters.
Ep011  LR0=1.92e-04  pw=3.58  aucα=0.060  token_p=0.020  dropE=(0.020,0.080)  smooth=0.010  train_loss=0.2974  train_AUPR_all=0.6064  train_AUPR_ab=0.7099  train_AUPR_ag=0.4398  train_P@5_ab=0.9500  train_P@5_ag=0.9500  val_loss=0.4706  val_AUPR_all=0.5620  val_AUPR_ab=0.7171  val_AUPR_ag=0.3562  val_P@5_ab=1.0000  val_P@5_ag=1.0000  select=0.5367
  Saved checkpoint: checkpoints_balanced/iPara_balanced_l1_g8_i5_do0.10_dpr0.10_lr0.0002_heads16_fold1.pth  select=0.5367  val_ab=0.7171  val_ag=0.3562  val_all=0.5620
Ep012  LR0=1.91e-04  pw=3.33  aucα=0.090  token_p=0.020  dropE=(0.020,0.080)  smooth=0.010  train_loss=0.2959  train_AUPR_all=0.6135  train_AUPR_ab=0.7105  train_AUPR_ag=0.4549  train_P@5_ab=1.0000  train_P@5_ag=0.9500  val_loss=0.4413  val_AUPR_all=0.5808  val_AUPR_ab=0.7138  val_AUPR_ag=0.3723  val_P@5_ab=1.0000  val_P@5_ag=1.0000  select=0.5430
  Saved checkpoint: checkpoints_balanced/iPara_balanced_l1_g8_i5_do0.10_dpr0.10_lr0.0002_heads16_fold1.pth  select=0.5430  val_ab=0.7138  val_ag=0.3723  val_all=0.5808
Ep013  LR0=1.89e-04  pw=3.11  aucα=0.120  token_p=0.020  dropE=(0.020,0.080)  smooth=0.010  train_loss=0.2970  train_AUPR_all=0.6173  train_AUPR_ab=0.7135  train_AUPR_ag=0.4617  train_P@5_ab=0.9500  train_P@5_ag=1.0000  val_loss=0.4176  val_AUPR_all=0.5859  val_AUPR_ab=0.7240  val_AUPR_ag=0.3759  val_P@5_ab=1.0000  val_P@5_ag=1.0000  select=0.5500
  Saved checkpoint: checkpoints_balanced/iPara_balanced_l1_g8_i5_do0.10_dpr0.10_lr0.0002_heads16_fold1.pth  select=0.5500  val_ab=0.7240  val_ag=0.3759  val_all=0.5859
Ep014  LR0=1.87e-04  pw=2.91  aucα=0.150  token_p=0.020  dropE=(0.020,0.080)  smooth=0.010  train_loss=0.2924  train_AUPR_all=0.6334  train_AUPR_ab=0.7313  train_AUPR_ag=0.4741  train_P@5_ab=0.9500  train_P@5_ag=1.0000  val_loss=0.4268  val_AUPR_all=0.5853  val_AUPR_ab=0.7338  val_AUPR_ag=0.3541  val_P@5_ab=1.0000  val_P@5_ag=0.9500  select=0.5439
Ep015  LR0=1.85e-04  pw=2.73  aucα=0.180  token_p=0.020  dropE=(0.020,0.080)  smooth=0.010  train_loss=0.2917  train_AUPR_all=0.6421  train_AUPR_ab=0.7336  train_AUPR_ag=0.4958  train_P@5_ab=0.9000  train_P@5_ag=0.9000  val_loss=0.4277  val_AUPR_all=0.5780  val_AUPR_ab=0.7286  val_AUPR_ag=0.3601  val_P@5_ab=1.0000  val_P@5_ag=0.9500  select=0.5443
Ep016  LR0=1.83e-04  pw=2.56  aucα=0.210  token_p=0.020  dropE=(0.020,0.080)  smooth=0.010  train_loss=0.2916  train_AUPR_all=0.6513  train_AUPR_ab=0.7416  train_AUPR_ag=0.5088  train_P@5_ab=1.0000  train_P@5_ag=0.9500  val_loss=0.3938  val_AUPR_all=0.5957  val_AUPR_ab=0.7366  val_AUPR_ag=0.3797  val_P@5_ab=1.0000  val_P@5_ag=0.9500  select=0.5582
  Saved checkpoint: checkpoints_balanced/iPara_balanced_l1_g8_i5_do0.10_dpr0.10_lr0.0002_heads16_fold1.pth  select=0.5582  val_ab=0.7366  val_ag=0.3797  val_all=0.5957
Ep017  LR0=1.81e-04  pw=2.41  aucα=0.240  token_p=0.020  dropE=(0.020,0.080)  smooth=0.010  train_loss=0.2913  train_AUPR_all=0.6617  train_AUPR_ab=0.7492  train_AUPR_ag=0.5247  train_P@5_ab=0.9500  train_P@5_ag=0.9000  val_loss=0.3970  val_AUPR_all=0.5858  val_AUPR_ab=0.7317  val_AUPR_ag=0.3730  val_P@5_ab=0.9500  val_P@5_ag=1.0000  select=0.5524
Ep018  LR0=1.79e-04  pw=2.28  aucα=0.270  token_p=0.020  dropE=(0.020,0.080)  smooth=0.010  train_loss=0.2907  train_AUPR_all=0.6698  train_AUPR_ab=0.7572  train_AUPR_ag=0.5331  train_P@5_ab=1.0000  train_P@5_ag=1.0000  val_loss=0.3881  val_AUPR_all=0.5939  val_AUPR_ab=0.7429  val_AUPR_ag=0.3726  val_P@5_ab=0.9500  val_P@5_ag=0.9500  select=0.5577
Ep019  LR0=1.76e-04  pw=2.16  aucα=0.300  token_p=0.020  dropE=(0.020,0.080)  smooth=0.010  train_loss=0.2865  train_AUPR_all=0.6855  train_AUPR_ab=0.7633  train_AUPR_ag=0.5645  train_P@5_ab=0.9500  train_P@5_ag=0.9500  val_loss=0.3687  val_AUPR_all=0.5931  val_AUPR_ab=0.7433  val_AUPR_ag=0.3692  val_P@5_ab=1.0000  val_P@5_ag=0.8500  select=0.5562
Ep020  LR0=1.73e-04  pw=2.05  aucα=0.300  token_p=0.020  dropE=(0.020,0.080)  smooth=0.010  train_loss=0.2751  train_AUPR_all=0.6936  train_AUPR_ab=0.7673  train_AUPR_ag=0.5804  train_P@5_ab=1.0000  train_P@5_ag=0.8500  val_loss=0.3782  val_AUPR_all=0.5918  val_AUPR_ab=0.7377  val_AUPR_ag=0.3774  val_P@5_ab=1.0000  val_P@5_ag=0.8000  select=0.5576
Ep021  LR0=1.71e-04  pw=1.95  aucα=0.300  token_p=0.020  dropE=(0.020,0.080)  smooth=0.010  train_loss=0.2653  train_AUPR_all=0.7043  train_AUPR_ab=0.7781  train_AUPR_ag=0.5921  train_P@5_ab=0.9000  train_P@5_ag=0.9500  val_loss=0.3582  val_AUPR_all=0.5926  val_AUPR_ab=0.7433  val_AUPR_ag=0.3634  val_P@5_ab=1.0000  val_P@5_ag=0.9500  select=0.5533
Ep022  LR0=1.68e-04  pw=1.86  aucα=0.300  token_p=0.020  dropE=(0.020,0.080)  smooth=0.010  train_loss=0.2494  train_AUPR_all=0.7235  train_AUPR_ab=0.7898  train_AUPR_ag=0.6239  train_P@5_ab=1.0000  train_P@5_ag=1.0000  val_loss=0.3931  val_AUPR_all=0.5773  val_AUPR_ab=0.7354  val_AUPR_ag=0.3671  val_P@5_ab=0.9500  val_P@5_ag=0.9000  select=0.5512
Ep023  LR0=1.65e-04  pw=1.78  aucα=0.300  token_p=0.020  dropE=(0.020,0.080)  smooth=0.010  train_loss=0.2388  train_AUPR_all=0.7348  train_AUPR_ab=0.7936  train_AUPR_ag=0.6482  train_P@5_ab=1.0000  train_P@5_ag=1.0000  val_loss=0.3690  val_AUPR_all=0.5878  val_AUPR_ab=0.7460  val_AUPR_ag=0.3848  val_P@5_ab=1.0000  val_P@5_ag=1.0000  select=0.5654
  Saved checkpoint: checkpoints_balanced/iPara_balanced_l1_g8_i5_do0.10_dpr0.10_lr0.0002_heads16_fold1.pth  select=0.5654  val_ab=0.7460  val_ag=0.3848  val_all=0.5878
Ep024  LR0=1.62e-04  pw=1.70  aucα=0.300  token_p=0.020  dropE=(0.020,0.080)  smooth=0.010  train_loss=0.2309  train_AUPR_all=0.7420  train_AUPR_ab=0.8025  train_AUPR_ag=0.6524  train_P@5_ab=0.9500  train_P@5_ag=1.0000  val_loss=0.3779  val_AUPR_all=0.5778  val_AUPR_ab=0.7382  val_AUPR_ag=0.3748  val_P@5_ab=1.0000  val_P@5_ag=0.9000  select=0.5565
Ep025  LR0=1.59e-04  pw=1.64  aucα=0.300  token_p=0.020  dropE=(0.020,0.080)  smooth=0.010  train_loss=0.2200  train_AUPR_all=0.7545  train_AUPR_ab=0.8103  train_AUPR_ag=0.6722  train_P@5_ab=1.0000  train_P@5_ag=0.9500  val_loss=0.3743  val_AUPR_all=0.5784  val_AUPR_ab=0.7434  val_AUPR_ag=0.3655  val_P@5_ab=0.9500  val_P@5_ag=1.0000  select=0.5544
Ep026  LR0=1.56e-04  pw=1.57  aucα=0.300  token_p=0.020  dropE=(0.020,0.080)  smooth=0.010  train_loss=0.2118  train_AUPR_all=0.7636  train_AUPR_ab=0.8141  train_AUPR_ag=0.6909  train_P@5_ab=1.0000  train_P@5_ag=1.0000  val_loss=0.3458  val_AUPR_all=0.5874  val_AUPR_ab=0.7434  val_AUPR_ag=0.3598  val_P@5_ab=1.0000  val_P@5_ag=1.0000  select=0.5516
Ep027  LR0=1.52e-04  pw=1.52  aucα=0.300  token_p=0.020  dropE=(0.020,0.080)  smooth=0.010  train_loss=0.2029  train_AUPR_all=0.7754  train_AUPR_ab=0.8260  train_AUPR_ag=0.7013  train_P@5_ab=1.0000  train_P@5_ag=1.0000  val_loss=0.3330  val_AUPR_all=0.5961  val_AUPR_ab=0.7416  val_AUPR_ag=0.3828  val_P@5_ab=0.9500  val_P@5_ag=1.0000  select=0.5622
Ep028  LR0=1.49e-04  pw=1.47  aucα=0.300  token_p=0.020  dropE=(0.020,0.080)  smooth=0.010  train_loss=0.1954  train_AUPR_all=0.7856  train_AUPR_ab=0.8324  train_AUPR_ag=0.7180  train_P@5_ab=1.0000  train_P@5_ag=0.9500  val_loss=0.3692  val_AUPR_all=0.5678  val_AUPR_ab=0.7475  val_AUPR_ag=0.3502  val_P@5_ab=1.0000  val_P@5_ag=0.9000  select=0.5488
Ep029  LR0=1.46e-04  pw=1.43  aucα=0.300  token_p=0.020  dropE=(0.020,0.080)  smooth=0.010  train_loss=0.1867  train_AUPR_all=0.7947  train_AUPR_ab=0.8377  train_AUPR_ag=0.7329  train_P@5_ab=1.0000  train_P@5_ag=0.9500  val_loss=0.3387  val_AUPR_all=0.5932  val_AUPR_ab=0.7463  val_AUPR_ag=0.3694  val_P@5_ab=0.9500  val_P@5_ag=0.9000  select=0.5578
Ep030  LR0=1.42e-04  pw=1.39  aucα=0.300  token_p=0.020  dropE=(0.020,0.080)  smooth=0.010  train_loss=0.1780  train_AUPR_all=0.8077  train_AUPR_ab=0.8487  train_AUPR_ag=0.7487  train_P@5_ab=1.0000  train_P@5_ag=1.0000  val_loss=0.3589  val_AUPR_all=0.5738  val_AUPR_ab=0.7412  val_AUPR_ag=0.3726  val_P@5_ab=0.9500  val_P@5_ag=0.8500  select=0.5569
Ep031  LR0=1.38e-04  pw=1.35  aucα=0.300  token_p=0.020  dropE=(0.020,0.080)  smooth=0.010  train_loss=0.1750  train_AUPR_all=0.8090  train_AUPR_ab=0.8501  train_AUPR_ag=0.7496  train_P@5_ab=0.9500  train_P@5_ag=1.0000  val_loss=0.3371  val_AUPR_all=0.5960  val_AUPR_ab=0.7482  val_AUPR_ag=0.3852  val_P@5_ab=0.9500  val_P@5_ag=0.9000  select=0.5667
  Saved checkpoint: checkpoints_balanced/iPara_balanced_l1_g8_i5_do0.10_dpr0.10_lr0.0002_heads16_fold1.pth  select=0.5667  val_ab=0.7482  val_ag=0.3852  val_all=0.5960
Ep032  LR0=1.35e-04  pw=1.32  aucα=0.300  token_p=0.020  dropE=(0.020,0.080)  smooth=0.010  train_loss=0.1654  train_AUPR_all=0.8245  train_AUPR_ab=0.8628  train_AUPR_ag=0.7694  train_P@5_ab=1.0000  train_P@5_ag=1.0000  val_loss=0.3448  val_AUPR_all=0.5953  val_AUPR_ab=0.7531  val_AUPR_ag=0.3709  val_P@5_ab=0.9500  val_P@5_ag=0.9000  select=0.5620
Ep033  LR0=1.31e-04  pw=1.29  aucα=0.300  token_p=0.020  dropE=(0.020,0.080)  smooth=0.010  train_loss=0.1595  train_AUPR_all=0.8318  train_AUPR_ab=0.8682  train_AUPR_ag=0.7793  train_P@5_ab=1.0000  train_P@5_ag=0.9500  val_loss=0.3562  val_AUPR_all=0.5726  val_AUPR_ab=0.7510  val_AUPR_ag=0.3471  val_P@5_ab=0.9500  val_P@5_ag=0.8500  select=0.5491
Ep034  LR0=1.27e-04  pw=1.26  aucα=0.300  token_p=0.020  dropE=(0.020,0.080)  smooth=0.010  train_loss=0.1578  train_AUPR_all=0.8332  train_AUPR_ab=0.8639  train_AUPR_ag=0.7902  train_P@5_ab=1.0000  train_P@5_ag=1.0000  val_loss=0.3506  val_AUPR_all=0.5743  val_AUPR_ab=0.7376  val_AUPR_ag=0.3432  val_P@5_ab=1.0000  val_P@5_ag=0.9500  select=0.5404
Ep035  LR0=1.24e-04  pw=1.23  aucα=0.300  token_p=0.020  dropE=(0.020,0.080)  smooth=0.010  train_loss=0.1534  train_AUPR_all=0.8396  train_AUPR_ab=0.8732  train_AUPR_ag=0.7917  train_P@5_ab=1.0000  train_P@5_ag=0.9500  val_loss=0.3361  val_AUPR_all=0.5861  val_AUPR_ab=0.7529  val_AUPR_ag=0.3636  val_P@5_ab=0.9500  val_P@5_ag=1.0000  select=0.5583
Ep036  LR0=1.20e-04  pw=1.21  aucα=0.300  token_p=0.020  dropE=(0.020,0.080)  smooth=0.010  train_loss=0.1485  train_AUPR_all=0.8454  train_AUPR_ab=0.8781  train_AUPR_ag=0.7986  train_P@5_ab=1.0000  train_P@5_ag=1.0000  val_loss=0.3594  val_AUPR_all=0.5767  val_AUPR_ab=0.7507  val_AUPR_ag=0.3648  val_P@5_ab=0.9500  val_P@5_ag=0.9000  select=0.5578
Ep037  LR0=1.16e-04  pw=1.19  aucα=0.300  token_p=0.020  dropE=(0.020,0.080)  smooth=0.010  train_loss=0.1402  train_AUPR_all=0.8598  train_AUPR_ab=0.8909  train_AUPR_ag=0.8151  train_P@5_ab=1.0000  train_P@5_ag=1.0000  val_loss=0.3476  val_AUPR_all=0.5872  val_AUPR_ab=0.7553  val_AUPR_ag=0.3660  val_P@5_ab=0.9500  val_P@5_ag=0.9500  select=0.5606
Ep038  LR0=1.12e-04  pw=1.17  aucα=0.300  token_p=0.020  dropE=(0.020,0.080)  smooth=0.010  train_loss=0.1346  train_AUPR_all=0.8670  train_AUPR_ab=0.8971  train_AUPR_ag=0.8234  train_P@5_ab=1.0000  train_P@5_ag=1.0000  val_loss=0.3590  val_AUPR_all=0.5832  val_AUPR_ab=0.7497  val_AUPR_ag=0.3777  val_P@5_ab=0.9500  val_P@5_ag=0.7000  select=0.5637
Ep039  LR0=1.08e-04  pw=1.16  aucα=0.300  token_p=0.020  dropE=(0.020,0.080)  smooth=0.010  train_loss=0.1336  train_AUPR_all=0.8674  train_AUPR_ab=0.8945  train_AUPR_ag=0.8288  train_P@5_ab=1.0000  train_P@5_ag=1.0000  val_loss=0.3493  val_AUPR_all=0.5782  val_AUPR_ab=0.7453  val_AUPR_ag=0.3729  val_P@5_ab=0.9500  val_P@5_ag=0.9500  select=0.5591
Ep040  LR0=1.04e-04  pw=1.14  aucα=0.300  token_p=0.020  dropE=(0.020,0.080)  smooth=0.010  train_loss=0.1274  train_AUPR_all=0.8777  train_AUPR_ab=0.9064  train_AUPR_ag=0.8361  train_P@5_ab=1.0000  train_P@5_ag=1.0000  val_loss=0.3504  val_AUPR_all=0.5762  val_AUPR_ab=0.7402  val_AUPR_ag=0.3555  val_P@5_ab=1.0000  val_P@5_ag=0.8500  select=0.5479
Ep041  LR0=1.00e-04  pw=1.13  aucα=0.300  token_p=0.020  dropE=(0.020,0.080)  smooth=0.010  train_loss=0.1223  train_AUPR_all=0.8857  train_AUPR_ab=0.9140  train_AUPR_ag=0.8446  train_P@5_ab=1.0000  train_P@5_ag=1.0000  val_loss=0.3395  val_AUPR_all=0.5878  val_AUPR_ab=0.7582  val_AUPR_ag=0.3735  val_P@5_ab=0.9500  val_P@5_ag=0.8500  select=0.5658
Ep042  LR0=9.63e-05  pw=1.12  aucα=0.300  token_p=0.020  dropE=(0.020,0.080)  smooth=0.010  train_loss=0.1188  train_AUPR_all=0.8909  train_AUPR_ab=0.9175  train_AUPR_ag=0.8524  train_P@5_ab=1.0000  train_P@5_ag=1.0000  val_loss=0.3391  val_AUPR_all=0.5838  val_AUPR_ab=0.7540  val_AUPR_ag=0.3680  val_P@5_ab=1.0000  val_P@5_ag=0.7000  select=0.5610
Ep043  LR0=9.24e-05  pw=1.10  aucα=0.300  token_p=0.020  dropE=(0.020,0.080)  smooth=0.010  train_loss=0.1139  train_AUPR_all=0.8982  train_AUPR_ab=0.9239  train_AUPR_ag=0.8603  train_P@5_ab=0.9500  train_P@5_ag=1.0000  val_loss=0.3529  val_AUPR_all=0.5822  val_AUPR_ab=0.7530  val_AUPR_ag=0.3651  val_P@5_ab=1.0000  val_P@5_ag=0.7000  select=0.5590
Ep044  LR0=8.85e-05  pw=1.09  aucα=0.300  token_p=0.020  dropE=(0.020,0.080)  smooth=0.010  train_loss=0.1156  train_AUPR_all=0.8937  train_AUPR_ab=0.9188  train_AUPR_ag=0.8573  train_P@5_ab=1.0000  train_P@5_ag=1.0000  val_loss=0.3393  val_AUPR_all=0.5751  val_AUPR_ab=0.7445  val_AUPR_ag=0.3576  val_P@5_ab=0.9500  val_P@5_ag=0.5500  select=0.5511
Ep045  LR0=8.46e-05  pw=1.09  aucα=0.300  token_p=0.020  dropE=(0.020,0.080)  smooth=0.010  train_loss=0.1076  train_AUPR_all=0.9068  train_AUPR_ab=0.9300  train_AUPR_ag=0.8730  train_P@5_ab=1.0000  train_P@5_ag=1.0000  val_loss=0.3576  val_AUPR_all=0.5767  val_AUPR_ab=0.7434  val_AUPR_ag=0.3594  val_P@5_ab=0.9000  val_P@5_ag=0.7500  select=0.5514
Ep046  LR0=8.08e-05  pw=1.08  aucα=0.300  token_p=0.020  dropE=(0.020,0.080)  smooth=0.010  train_loss=0.1060  train_AUPR_all=0.9094  train_AUPR_ab=0.9338  train_AUPR_ag=0.8733  train_P@5_ab=1.0000  train_P@5_ag=1.0000  val_loss=0.3523  val_AUPR_all=0.5580  val_AUPR_ab=0.7383  val_AUPR_ag=0.3435  val_P@5_ab=0.9500  val_P@5_ag=0.7500  select=0.5409
Ep047  LR0=7.70e-05  pw=1.07  aucα=0.300  token_p=0.020  dropE=(0.020,0.080)  smooth=0.010  train_loss=0.1013  train_AUPR_all=0.9166  train_AUPR_ab=0.9393  train_AUPR_ag=0.8829  train_P@5_ab=1.0000  train_P@5_ag=1.0000  val_loss=0.3565  val_AUPR_all=0.5664  val_AUPR_ab=0.7391  val_AUPR_ag=0.3446  val_P@5_ab=1.0000  val_P@5_ag=0.3500  select=0.5419
Ep048  LR0=7.32e-05  pw=1.06  aucα=0.300  token_p=0.020  dropE=(0.020,0.080)  smooth=0.010  train_loss=0.1006  train_AUPR_all=0.9167  train_AUPR_ab=0.9387  train_AUPR_ag=0.8844  train_P@5_ab=1.0000  train_P@5_ag=1.0000  val_loss=0.3428  val_AUPR_all=0.5736  val_AUPR_ab=0.7402  val_AUPR_ag=0.3588  val_P@5_ab=0.9000  val_P@5_ag=0.6500  select=0.5495
Ep049  LR0=6.94e-05  pw=1.06  aucα=0.300  token_p=0.020  dropE=(0.020,0.080)  smooth=0.010  train_loss=0.0966  train_AUPR_all=0.9224  train_AUPR_ab=0.9422  train_AUPR_ag=0.8933  train_P@5_ab=1.0000  train_P@5_ag=1.0000  val_loss=0.3606  val_AUPR_all=0.5650  val_AUPR_ab=0.7442  val_AUPR_ag=0.3454  val_P@5_ab=1.0000  val_P@5_ag=0.5500  select=0.5448
Ep050  LR0=6.57e-05  pw=1.05  aucα=0.300  token_p=0.020  dropE=(0.020,0.080)  smooth=0.010  train_loss=0.0941  train_AUPR_all=0.9270  train_AUPR_ab=0.9480  train_AUPR_ag=0.8955  train_P@5_ab=1.0000  train_P@5_ag=1.0000  val_loss=0.3630  val_AUPR_all=0.5616  val_AUPR_ab=0.7323  val_AUPR_ag=0.3592  val_P@5_ab=0.9500  val_P@5_ag=0.6500  select=0.5458
Ep051  LR0=6.21e-05  pw=1.05  aucα=0.300  token_p=0.020  dropE=(0.020,0.080)  smooth=0.010  train_loss=0.0947  train_AUPR_all=0.9249  train_AUPR_ab=0.9451  train_AUPR_ag=0.8950  train_P@5_ab=1.0000  train_P@5_ag=1.0000  val_loss=0.3649  val_AUPR_all=0.5553  val_AUPR_ab=0.7356  val_AUPR_ag=0.3558  val_P@5_ab=0.8500  val_P@5_ag=0.6500  select=0.5457
Early stopping at epoch 51. Best select=0.5667 at epoch 31.
Final saved checkpoint for fold 1: checkpoints_balanced/iPara_balanced_l1_g8_i5_do0.10_dpr0.10_lr0.0002_heads16_fold1.pth
Best select=0.5667 at epoch 31

==========================================================================================
Fold 2/5
==========================================================================================
Train labels: valid=400834, pos=26650, neg=374184, ignore=696766, pos_frac=0.06649
Val labels: valid=99358, pos=6580, neg=92778, ignore=175842, pos_frac=0.06623
Initializing ClassificationModel with 8 GAT layers and residual connections...
Initializing MCModel with 8 GAT layers and 5 row attention layers (drop_path_rate=0.1)
Initializing CoreModel with 1 layers, drop_path_rate=0.1
Ep001  LR0=2.00e-04  pw=8.00  aucα=0.000  token_p=0.020  dropE=(0.020,0.080)  smooth=0.010  train_loss=0.6472  train_AUPR_all=0.3038  train_AUPR_ab=0.3800  train_AUPR_ag=0.2036  train_P@5_ab=0.6500  train_P@5_ag=0.9000  val_loss=0.7706  val_AUPR_all=0.4003  val_AUPR_ab=0.5302  val_AUPR_ag=0.2880  val_P@5_ab=0.8500  val_P@5_ag=0.9500  select=0.4091
  Saved checkpoint: checkpoints_balanced/iPara_balanced_l1_g8_i5_do0.10_dpr0.10_lr0.0002_heads16_fold2.pth  select=0.4091  val_ab=0.5302  val_ag=0.2880  val_all=0.4003
Ep002  LR0=2.00e-04  pw=7.33  aucα=0.000  token_p=0.020  dropE=(0.020,0.080)  smooth=0.010  train_loss=0.5099  train_AUPR_all=0.4408  train_AUPR_ab=0.5373  train_AUPR_ag=0.2846  train_P@5_ab=0.5500  train_P@5_ag=0.9000  val_loss=0.6680  val_AUPR_all=0.4823  val_AUPR_ab=0.5836  val_AUPR_ag=0.3088  val_P@5_ab=0.9500  val_P@5_ag=0.9000  select=0.4462
  Saved checkpoint: checkpoints_balanced/iPara_balanced_l1_g8_i5_do0.10_dpr0.10_lr0.0002_heads16_fold2.pth  select=0.4462  val_ab=0.5836  val_ag=0.3088  val_all=0.4823
Ep003  LR0=2.00e-04  pw=6.73  aucα=0.000  token_p=0.020  dropE=(0.020,0.080)  smooth=0.010  train_loss=0.4511  train_AUPR_all=0.4889  train_AUPR_ab=0.5847  train_AUPR_ag=0.3240  train_P@5_ab=0.8500  train_P@5_ag=0.9000  val_loss=0.6592  val_AUPR_all=0.5105  val_AUPR_ab=0.6197  val_AUPR_ag=0.3517  val_P@5_ab=0.9000  val_P@5_ag=0.9500  select=0.4857
  Saved checkpoint: checkpoints_balanced/iPara_balanced_l1_g8_i5_do0.10_dpr0.10_lr0.0002_heads16_fold2.pth  select=0.4857  val_ab=0.6197  val_ag=0.3517  val_all=0.5105
Ep004  LR0=1.99e-04  pw=6.19  aucα=0.000  token_p=0.020  dropE=(0.020,0.080)  smooth=0.010  train_loss=0.4182  train_AUPR_all=0.5120  train_AUPR_ab=0.6067  train_AUPR_ag=0.3481  train_P@5_ab=0.9000  train_P@5_ag=0.8500  val_loss=0.5777  val_AUPR_all=0.5361  val_AUPR_ab=0.6373  val_AUPR_ag=0.3686  val_P@5_ab=0.7000  val_P@5_ag=1.0000  select=0.5029
  Saved checkpoint: checkpoints_balanced/iPara_balanced_l1_g8_i5_do0.10_dpr0.10_lr0.0002_heads16_fold2.pth  select=0.5029  val_ab=0.6373  val_ag=0.3686  val_all=0.5361
Ep005  LR0=1.99e-04  pw=5.69  aucα=0.000  token_p=0.020  dropE=(0.020,0.080)  smooth=0.010  train_loss=0.3921  train_AUPR_all=0.5321  train_AUPR_ab=0.6308  train_AUPR_ag=0.3599  train_P@5_ab=0.7000  train_P@5_ag=0.8000  val_loss=0.5595  val_AUPR_all=0.5584  val_AUPR_ab=0.6587  val_AUPR_ag=0.3885  val_P@5_ab=0.8000  val_P@5_ag=1.0000  select=0.5236
  Saved checkpoint: checkpoints_balanced/iPara_balanced_l1_g8_i5_do0.10_dpr0.10_lr0.0002_heads16_fold2.pth  select=0.5236  val_ab=0.6587  val_ag=0.3885  val_all=0.5584
Ep006  LR0=1.98e-04  pw=5.25  aucα=0.000  token_p=0.020  dropE=(0.020,0.080)  smooth=0.010  train_loss=0.3644  train_AUPR_all=0.5503  train_AUPR_ab=0.6502  train_AUPR_ag=0.3781  train_P@5_ab=1.0000  train_P@5_ag=0.9000  val_loss=0.5936  val_AUPR_all=0.5569  val_AUPR_ab=0.6723  val_AUPR_ag=0.3793  val_P@5_ab=0.9500  val_P@5_ag=1.0000  select=0.5258
  Saved checkpoint: checkpoints_balanced/iPara_balanced_l1_g8_i5_do0.10_dpr0.10_lr0.0002_heads16_fold2.pth  select=0.5258  val_ab=0.6723  val_ag=0.3793  val_all=0.5569
Ep007  LR0=1.97e-04  pw=4.84  aucα=0.000  token_p=0.020  dropE=(0.020,0.080)  smooth=0.010  train_loss=0.3431  train_AUPR_all=0.5580  train_AUPR_ab=0.6634  train_AUPR_ag=0.3822  train_P@5_ab=0.8500  train_P@5_ag=0.9500  val_loss=0.5217  val_AUPR_all=0.5636  val_AUPR_ab=0.6800  val_AUPR_ag=0.3688  val_P@5_ab=0.7000  val_P@5_ag=1.0000  select=0.5244
Ep008  LR0=1.96e-04  pw=4.48  aucα=0.000  token_p=0.020  dropE=(0.020,0.080)  smooth=0.010  train_loss=0.3229  train_AUPR_all=0.5722  train_AUPR_ab=0.6790  train_AUPR_ag=0.3930  train_P@5_ab=0.9500  train_P@5_ag=0.9000  val_loss=0.5010  val_AUPR_all=0.5797  val_AUPR_ab=0.6896  val_AUPR_ag=0.3928  val_P@5_ab=0.8000  val_P@5_ag=1.0000  select=0.5412
  Saved checkpoint: checkpoints_balanced/iPara_balanced_l1_g8_i5_do0.10_dpr0.10_lr0.0002_heads16_fold2.pth  select=0.5412  val_ab=0.6896  val_ag=0.3928  val_all=0.5797
Ep009  LR0=1.95e-04  pw=4.15  aucα=0.000  token_p=0.020  dropE=(0.020,0.080)  smooth=0.010  train_loss=0.3074  train_AUPR_all=0.5762  train_AUPR_ab=0.6840  train_AUPR_ag=0.3990  train_P@5_ab=0.9500  train_P@5_ag=0.9500  val_loss=0.4667  val_AUPR_all=0.5811  val_AUPR_ab=0.6871  val_AUPR_ag=0.4068  val_P@5_ab=0.8500  val_P@5_ag=0.8500  select=0.5470
  Saved checkpoint: checkpoints_balanced/iPara_balanced_l1_g8_i5_do0.10_dpr0.10_lr0.0002_heads16_fold2.pth  select=0.5470  val_ab=0.6871  val_ag=0.4068  val_all=0.5811
Ep010  LR0=1.94e-04  pw=3.85  aucα=0.030  token_p=0.020  dropE=(0.020,0.080)  smooth=0.010  train_loss=0.3056  train_AUPR_all=0.5898  train_AUPR_ab=0.6941  train_AUPR_ag=0.4192  train_P@5_ab=1.0000  train_P@5_ag=0.9500  val_loss=0.4654  val_AUPR_all=0.5781  val_AUPR_ab=0.6942  val_AUPR_ag=0.3834  val_P@5_ab=0.8500  val_P@5_ag=1.0000  select=0.5388
Unfreezing DyM parameters.
Ep011  LR0=1.92e-04  pw=3.58  aucα=0.060  token_p=0.020  dropE=(0.020,0.080)  smooth=0.010  train_loss=0.3010  train_AUPR_all=0.6000  train_AUPR_ab=0.7063  train_AUPR_ag=0.4294  train_P@5_ab=0.9000  train_P@5_ag=0.8500  val_loss=0.4368  val_AUPR_all=0.6028  val_AUPR_ab=0.7171  val_AUPR_ag=0.4093  val_P@5_ab=0.8500  val_P@5_ag=0.8500  select=0.5632
  Saved checkpoint: checkpoints_balanced/iPara_balanced_l1_g8_i5_do0.10_dpr0.10_lr0.0002_heads16_fold2.pth  select=0.5632  val_ab=0.7171  val_ag=0.4093  val_all=0.6028
Ep012  LR0=1.91e-04  pw=3.33  aucα=0.090  token_p=0.020  dropE=(0.020,0.080)  smooth=0.010  train_loss=0.3014  train_AUPR_all=0.6053  train_AUPR_ab=0.7102  train_AUPR_ag=0.4321  train_P@5_ab=1.0000  train_P@5_ag=0.9500  val_loss=0.4604  val_AUPR_all=0.5780  val_AUPR_ab=0.6915  val_AUPR_ag=0.4190  val_P@5_ab=0.8000  val_P@5_ag=1.0000  select=0.5552
Ep013  LR0=1.89e-04  pw=3.11  aucα=0.120  token_p=0.020  dropE=(0.020,0.080)  smooth=0.010  train_loss=0.2987  train_AUPR_all=0.6186  train_AUPR_ab=0.7199  train_AUPR_ag=0.4545  train_P@5_ab=1.0000  train_P@5_ag=0.9500  val_loss=0.4128  val_AUPR_all=0.6052  val_AUPR_ab=0.7292  val_AUPR_ag=0.4067  val_P@5_ab=0.9000  val_P@5_ag=1.0000  select=0.5680
  Saved checkpoint: checkpoints_balanced/iPara_balanced_l1_g8_i5_do0.10_dpr0.10_lr0.0002_heads16_fold2.pth  select=0.5680  val_ab=0.7292  val_ag=0.4067  val_all=0.6052
Ep014  LR0=1.87e-04  pw=2.91  aucα=0.150  token_p=0.020  dropE=(0.020,0.080)  smooth=0.010  train_loss=0.2995  train_AUPR_all=0.6238  train_AUPR_ab=0.7269  train_AUPR_ag=0.4590  train_P@5_ab=0.9500  train_P@5_ag=0.9000  val_loss=0.3964  val_AUPR_all=0.6049  val_AUPR_ab=0.7178  val_AUPR_ag=0.4309  val_P@5_ab=0.8500  val_P@5_ag=0.9500  select=0.5743
  Saved checkpoint: checkpoints_balanced/iPara_balanced_l1_g8_i5_do0.10_dpr0.10_lr0.0002_heads16_fold2.pth  select=0.5743  val_ab=0.7178  val_ag=0.4309  val_all=0.6049
Ep015  LR0=1.85e-04  pw=2.73  aucα=0.180  token_p=0.020  dropE=(0.020,0.080)  smooth=0.010  train_loss=0.2987  train_AUPR_all=0.6317  train_AUPR_ab=0.7311  train_AUPR_ag=0.4743  train_P@5_ab=1.0000  train_P@5_ag=0.9500  val_loss=0.3896  val_AUPR_all=0.6092  val_AUPR_ab=0.7249  val_AUPR_ag=0.4211  val_P@5_ab=0.9000  val_P@5_ag=1.0000  select=0.5730
Ep016  LR0=1.83e-04  pw=2.56  aucα=0.210  token_p=0.020  dropE=(0.020,0.080)  smooth=0.010  train_loss=0.2986  train_AUPR_all=0.6431  train_AUPR_ab=0.7408  train_AUPR_ag=0.4861  train_P@5_ab=0.9500  train_P@5_ag=0.9000  val_loss=0.3929  val_AUPR_all=0.5979  val_AUPR_ab=0.7150  val_AUPR_ag=0.4198  val_P@5_ab=0.9000  val_P@5_ag=0.9500  select=0.5674
Ep017  LR0=1.81e-04  pw=2.41  aucα=0.240  token_p=0.020  dropE=(0.020,0.080)  smooth=0.010  train_loss=0.2973  train_AUPR_all=0.6488  train_AUPR_ab=0.7455  train_AUPR_ag=0.4963  train_P@5_ab=0.9500  train_P@5_ag=0.7500  val_loss=0.3817  val_AUPR_all=0.5960  val_AUPR_ab=0.7317  val_AUPR_ag=0.3706  val_P@5_ab=0.8500  val_P@5_ag=0.9500  select=0.5512
Ep018  LR0=1.79e-04  pw=2.28  aucα=0.270  token_p=0.020  dropE=(0.020,0.080)  smooth=0.010  train_loss=0.2972  train_AUPR_all=0.6599  train_AUPR_ab=0.7496  train_AUPR_ag=0.5190  train_P@5_ab=1.0000  train_P@5_ag=1.0000  val_loss=0.3649  val_AUPR_all=0.6019  val_AUPR_ab=0.7355  val_AUPR_ag=0.3896  val_P@5_ab=0.9500  val_P@5_ag=0.8500  select=0.5625
Ep019  LR0=1.76e-04  pw=2.16  aucα=0.300  token_p=0.020  dropE=(0.020,0.080)  smooth=0.010  train_loss=0.2949  train_AUPR_all=0.6735  train_AUPR_ab=0.7608  train_AUPR_ag=0.5386  train_P@5_ab=0.9500  train_P@5_ag=0.9500  val_loss=0.3608  val_AUPR_all=0.6116  val_AUPR_ab=0.7375  val_AUPR_ag=0.4119  val_P@5_ab=0.9000  val_P@5_ag=0.9000  select=0.5747
  Saved checkpoint: checkpoints_balanced/iPara_balanced_l1_g8_i5_do0.10_dpr0.10_lr0.0002_heads16_fold2.pth  select=0.5747  val_ab=0.7375  val_ag=0.4119  val_all=0.6116
Ep020  LR0=1.73e-04  pw=2.05  aucα=0.300  token_p=0.020  dropE=(0.020,0.080)  smooth=0.010  train_loss=0.2854  train_AUPR_all=0.6790  train_AUPR_ab=0.7633  train_AUPR_ag=0.5481  train_P@5_ab=0.9500  train_P@5_ag=1.0000  val_loss=0.3537  val_AUPR_all=0.6154  val_AUPR_ab=0.7417  val_AUPR_ag=0.4253  val_P@5_ab=0.9000  val_P@5_ag=0.9500  select=0.5835
  Saved checkpoint: checkpoints_balanced/iPara_balanced_l1_g8_i5_do0.10_dpr0.10_lr0.0002_heads16_fold2.pth  select=0.5835  val_ab=0.7417  val_ag=0.4253  val_all=0.6154
Ep021  LR0=1.71e-04  pw=1.95  aucα=0.300  token_p=0.020  dropE=(0.020,0.080)  smooth=0.010  train_loss=0.2698  train_AUPR_all=0.6995  train_AUPR_ab=0.7795  train_AUPR_ag=0.5788  train_P@5_ab=1.0000  train_P@5_ag=1.0000  val_loss=0.3550  val_AUPR_all=0.6113  val_AUPR_ab=0.7393  val_AUPR_ag=0.4250  val_P@5_ab=0.9000  val_P@5_ag=1.0000  select=0.5822
Ep022  LR0=1.68e-04  pw=1.86  aucα=0.300  token_p=0.020  dropE=(0.020,0.080)  smooth=0.010  train_loss=0.2597  train_AUPR_all=0.7075  train_AUPR_ab=0.7828  train_AUPR_ag=0.5942  train_P@5_ab=1.0000  train_P@5_ag=1.0000  val_loss=0.3469  val_AUPR_all=0.6158  val_AUPR_ab=0.7381  val_AUPR_ag=0.4272  val_P@5_ab=0.9500  val_P@5_ag=0.9000  select=0.5826
Ep023  LR0=1.65e-04  pw=1.78  aucα=0.300  token_p=0.020  dropE=(0.020,0.080)  smooth=0.010  train_loss=0.2500  train_AUPR_all=0.7157  train_AUPR_ab=0.7850  train_AUPR_ag=0.6124  train_P@5_ab=0.9500  train_P@5_ag=0.9500  val_loss=0.3375  val_AUPR_all=0.6181  val_AUPR_ab=0.7439  val_AUPR_ag=0.4213  val_P@5_ab=1.0000  val_P@5_ag=0.9000  select=0.5826
Ep024  LR0=1.62e-04  pw=1.70  aucα=0.300  token_p=0.020  dropE=(0.020,0.080)  smooth=0.010  train_loss=0.2411  train_AUPR_all=0.7265  train_AUPR_ab=0.7920  train_AUPR_ag=0.6306  train_P@5_ab=0.9500  train_P@5_ag=0.9500  val_loss=0.3369  val_AUPR_all=0.6071  val_AUPR_ab=0.7462  val_AUPR_ag=0.4158  val_P@5_ab=0.9500  val_P@5_ag=0.8500  select=0.5810
Ep025  LR0=1.59e-04  pw=1.64  aucα=0.300  token_p=0.020  dropE=(0.020,0.080)  smooth=0.010  train_loss=0.2317  train_AUPR_all=0.7369  train_AUPR_ab=0.8008  train_AUPR_ag=0.6434  train_P@5_ab=1.0000  train_P@5_ag=0.9500  val_loss=0.3366  val_AUPR_all=0.6138  val_AUPR_ab=0.7441  val_AUPR_ag=0.4083  val_P@5_ab=0.9500  val_P@5_ag=0.9500  select=0.5762
Ep026  LR0=1.56e-04  pw=1.57  aucα=0.300  token_p=0.020  dropE=(0.020,0.080)  smooth=0.010  train_loss=0.2217  train_AUPR_all=0.7473  train_AUPR_ab=0.8069  train_AUPR_ag=0.6607  train_P@5_ab=1.0000  train_P@5_ag=1.0000  val_loss=0.3546  val_AUPR_all=0.6159  val_AUPR_ab=0.7546  val_AUPR_ag=0.4093  val_P@5_ab=0.9500  val_P@5_ag=0.6500  select=0.5819
Ep027  LR0=1.52e-04  pw=1.52  aucα=0.300  token_p=0.020  dropE=(0.020,0.080)  smooth=0.010  train_loss=0.2104  train_AUPR_all=0.7631  train_AUPR_ab=0.8169  train_AUPR_ag=0.6863  train_P@5_ab=1.0000  train_P@5_ag=0.9500  val_loss=0.3420  val_AUPR_all=0.6004  val_AUPR_ab=0.7430  val_AUPR_ag=0.4141  val_P@5_ab=0.9500  val_P@5_ag=0.9500  select=0.5786
Ep028  LR0=1.49e-04  pw=1.47  aucα=0.300  token_p=0.020  dropE=(0.020,0.080)  smooth=0.010  train_loss=0.2056  train_AUPR_all=0.7667  train_AUPR_ab=0.8196  train_AUPR_ag=0.6908  train_P@5_ab=1.0000  train_P@5_ag=1.0000  val_loss=0.3514  val_AUPR_all=0.6048  val_AUPR_ab=0.7406  val_AUPR_ag=0.4066  val_P@5_ab=0.9500  val_P@5_ag=1.0000  select=0.5736
Ep029  LR0=1.46e-04  pw=1.43  aucα=0.300  token_p=0.020  dropE=(0.020,0.080)  smooth=0.010  train_loss=0.1955  train_AUPR_all=0.7828  train_AUPR_ab=0.8305  train_AUPR_ag=0.7149  train_P@5_ab=1.0000  train_P@5_ag=0.9500  val_loss=0.3424  val_AUPR_all=0.5888  val_AUPR_ab=0.7482  val_AUPR_ag=0.3830  val_P@5_ab=0.9500  val_P@5_ag=0.7500  select=0.5656
Ep030  LR0=1.42e-04  pw=1.39  aucα=0.300  token_p=0.020  dropE=(0.020,0.080)  smooth=0.010  train_loss=0.1929  train_AUPR_all=0.7845  train_AUPR_ab=0.8335  train_AUPR_ag=0.7147  train_P@5_ab=1.0000  train_P@5_ag=0.9000  val_loss=0.3285  val_AUPR_all=0.6105  val_AUPR_ab=0.7599  val_AUPR_ag=0.4059  val_P@5_ab=1.0000  val_P@5_ag=0.7500  select=0.5829
Ep031  LR0=1.38e-04  pw=1.35  aucα=0.300  token_p=0.020  dropE=(0.020,0.080)  smooth=0.010  train_loss=0.1845  train_AUPR_all=0.7951  train_AUPR_ab=0.8397  train_AUPR_ag=0.7319  train_P@5_ab=1.0000  train_P@5_ag=1.0000  val_loss=0.3140  val_AUPR_all=0.6234  val_AUPR_ab=0.7553  val_AUPR_ag=0.4302  val_P@5_ab=1.0000  val_P@5_ag=0.9000  select=0.5927
  Saved checkpoint: checkpoints_balanced/iPara_balanced_l1_g8_i5_do0.10_dpr0.10_lr0.0002_heads16_fold2.pth  select=0.5927  val_ab=0.7553  val_ag=0.4302  val_all=0.6234
Ep032  LR0=1.35e-04  pw=1.32  aucα=0.300  token_p=0.020  dropE=(0.020,0.080)  smooth=0.010  train_loss=0.1748  train_AUPR_all=0.8102  train_AUPR_ab=0.8510  train_AUPR_ag=0.7526  train_P@5_ab=1.0000  train_P@5_ag=0.9500  val_loss=0.3364  val_AUPR_all=0.6093  val_AUPR_ab=0.7595  val_AUPR_ag=0.4056  val_P@5_ab=1.0000  val_P@5_ag=0.9500  select=0.5825
Ep033  LR0=1.31e-04  pw=1.29  aucα=0.300  token_p=0.020  dropE=(0.020,0.080)  smooth=0.010  train_loss=0.1708  train_AUPR_all=0.8138  train_AUPR_ab=0.8540  train_AUPR_ag=0.7571  train_P@5_ab=1.0000  train_P@5_ag=1.0000  val_loss=0.3403  val_AUPR_all=0.5997  val_AUPR_ab=0.7513  val_AUPR_ag=0.3917  val_P@5_ab=0.9000  val_P@5_ag=0.9000  select=0.5715
Ep034  LR0=1.27e-04  pw=1.26  aucα=0.300  token_p=0.020  dropE=(0.020,0.080)  smooth=0.010  train_loss=0.1653  train_AUPR_all=0.8223  train_AUPR_ab=0.8617  train_AUPR_ag=0.7665  train_P@5_ab=1.0000  train_P@5_ag=1.0000  val_loss=0.3398  val_AUPR_all=0.5965  val_AUPR_ab=0.7543  val_AUPR_ag=0.3955  val_P@5_ab=1.0000  val_P@5_ag=0.9000  select=0.5749
Ep035  LR0=1.24e-04  pw=1.23  aucα=0.300  token_p=0.020  dropE=(0.020,0.080)  smooth=0.010  train_loss=0.1616  train_AUPR_all=0.8263  train_AUPR_ab=0.8635  train_AUPR_ag=0.7737  train_P@5_ab=1.0000  train_P@5_ag=1.0000  val_loss=0.3198  val_AUPR_all=0.6026  val_AUPR_ab=0.7484  val_AUPR_ag=0.4149  val_P@5_ab=0.9500  val_P@5_ag=1.0000  select=0.5816
Ep036  LR0=1.20e-04  pw=1.21  aucα=0.300  token_p=0.020  dropE=(0.020,0.080)  smooth=0.010  train_loss=0.1565  train_AUPR_all=0.8356  train_AUPR_ab=0.8728  train_AUPR_ag=0.7829  train_P@5_ab=1.0000  train_P@5_ag=0.9500  val_loss=0.3386  val_AUPR_all=0.5896  val_AUPR_ab=0.7448  val_AUPR_ag=0.3868  val_P@5_ab=0.9500  val_P@5_ag=0.8500  select=0.5658
Ep037  LR0=1.16e-04  pw=1.19  aucα=0.300  token_p=0.020  dropE=(0.020,0.080)  smooth=0.010  train_loss=0.1512  train_AUPR_all=0.8429  train_AUPR_ab=0.8803  train_AUPR_ag=0.7893  train_P@5_ab=1.0000  train_P@5_ag=1.0000  val_loss=0.3344  val_AUPR_all=0.5856  val_AUPR_ab=0.7468  val_AUPR_ag=0.3978  val_P@5_ab=0.9500  val_P@5_ag=0.8000  select=0.5723
Ep038  LR0=1.12e-04  pw=1.17  aucα=0.300  token_p=0.020  dropE=(0.020,0.080)  smooth=0.010  train_loss=0.1463  train_AUPR_all=0.8502  train_AUPR_ab=0.8838  train_AUPR_ag=0.8025  train_P@5_ab=1.0000  train_P@5_ag=1.0000  val_loss=0.3313  val_AUPR_all=0.5938  val_AUPR_ab=0.7438  val_AUPR_ag=0.4027  val_P@5_ab=1.0000  val_P@5_ag=0.8000  select=0.5733
Ep039  LR0=1.08e-04  pw=1.16  aucα=0.300  token_p=0.020  dropE=(0.020,0.080)  smooth=0.010  train_loss=0.1412  train_AUPR_all=0.8564  train_AUPR_ab=0.8904  train_AUPR_ag=0.8074  train_P@5_ab=1.0000  train_P@5_ag=1.0000  val_loss=0.3282  val_AUPR_all=0.6073  val_AUPR_ab=0.7428  val_AUPR_ag=0.4032  val_P@5_ab=1.0000  val_P@5_ag=0.7000  select=0.5730
Ep040  LR0=1.04e-04  pw=1.14  aucα=0.300  token_p=0.020  dropE=(0.020,0.080)  smooth=0.010  train_loss=0.1337  train_AUPR_all=0.8693  train_AUPR_ab=0.8985  train_AUPR_ag=0.8282  train_P@5_ab=1.0000  train_P@5_ag=1.0000  val_loss=0.3293  val_AUPR_all=0.6001  val_AUPR_ab=0.7447  val_AUPR_ag=0.4065  val_P@5_ab=0.9500  val_P@5_ag=0.8500  select=0.5756
Ep041  LR0=1.00e-04  pw=1.13  aucα=0.300  token_p=0.020  dropE=(0.020,0.080)  smooth=0.010  train_loss=0.1341  train_AUPR_all=0.8673  train_AUPR_ab=0.8966  train_AUPR_ag=0.8259  train_P@5_ab=1.0000  train_P@5_ag=1.0000  val_loss=0.3161  val_AUPR_all=0.6101  val_AUPR_ab=0.7524  val_AUPR_ag=0.4091  val_P@5_ab=1.0000  val_P@5_ag=0.9500  select=0.5808
Ep042  LR0=9.63e-05  pw=1.12  aucα=0.300  token_p=0.020  dropE=(0.020,0.080)  smooth=0.010  train_loss=0.1285  train_AUPR_all=0.8758  train_AUPR_ab=0.9037  train_AUPR_ag=0.8360  train_P@5_ab=1.0000  train_P@5_ag=1.0000  val_loss=0.3347  val_AUPR_all=0.5984  val_AUPR_ab=0.7476  val_AUPR_ag=0.3867  val_P@5_ab=1.0000  val_P@5_ag=0.8000  select=0.5671
Ep043  LR0=9.24e-05  pw=1.10  aucα=0.300  token_p=0.020  dropE=(0.020,0.080)  smooth=0.010  train_loss=0.1256  train_AUPR_all=0.8791  train_AUPR_ab=0.9094  train_AUPR_ag=0.8350  train_P@5_ab=1.0000  train_P@5_ag=0.9500  val_loss=0.3354  val_AUPR_all=0.5970  val_AUPR_ab=0.7419  val_AUPR_ag=0.4100  val_P@5_ab=1.0000  val_P@5_ag=0.8000  select=0.5760
Ep044  LR0=8.85e-05  pw=1.09  aucα=0.300  token_p=0.020  dropE=(0.020,0.080)  smooth=0.010  train_loss=0.1209  train_AUPR_all=0.8878  train_AUPR_ab=0.9130  train_AUPR_ag=0.8520  train_P@5_ab=1.0000  train_P@5_ag=1.0000  val_loss=0.3361  val_AUPR_all=0.5930  val_AUPR_ab=0.7318  val_AUPR_ag=0.3953  val_P@5_ab=1.0000  val_P@5_ag=0.7000  select=0.5635
Ep045  LR0=8.46e-05  pw=1.09  aucα=0.300  token_p=0.020  dropE=(0.020,0.080)  smooth=0.010  train_loss=0.1177  train_AUPR_all=0.8919  train_AUPR_ab=0.9192  train_AUPR_ag=0.8525  train_P@5_ab=1.0000  train_P@5_ag=1.0000  val_loss=0.3372  val_AUPR_all=0.6025  val_AUPR_ab=0.7503  val_AUPR_ag=0.3922  val_P@5_ab=1.0000  val_P@5_ag=0.7500  select=0.5712
Ep046  LR0=8.08e-05  pw=1.08  aucα=0.300  token_p=0.020  dropE=(0.020,0.080)  smooth=0.010  train_loss=0.1143  train_AUPR_all=0.8968  train_AUPR_ab=0.9209  train_AUPR_ag=0.8623  train_P@5_ab=1.0000  train_P@5_ag=1.0000  val_loss=0.3420  val_AUPR_all=0.6001  val_AUPR_ab=0.7432  val_AUPR_ag=0.3894  val_P@5_ab=0.9500  val_P@5_ag=0.7500  select=0.5663
Ep047  LR0=7.70e-05  pw=1.07  aucα=0.300  token_p=0.020  dropE=(0.020,0.080)  smooth=0.010  train_loss=0.1105  train_AUPR_all=0.9025  train_AUPR_ab=0.9277  train_AUPR_ag=0.8661  train_P@5_ab=1.0000  train_P@5_ag=1.0000  val_loss=0.3431  val_AUPR_all=0.5844  val_AUPR_ab=0.7421  val_AUPR_ag=0.3864  val_P@5_ab=1.0000  val_P@5_ag=0.7000  select=0.5643
Ep048  LR0=7.32e-05  pw=1.06  aucα=0.300  token_p=0.020  dropE=(0.020,0.080)  smooth=0.010  train_loss=0.1052  train_AUPR_all=0.9108  train_AUPR_ab=0.9330  train_AUPR_ag=0.8787  train_P@5_ab=1.0000  train_P@5_ag=1.0000  val_loss=0.3405  val_AUPR_all=0.5991  val_AUPR_ab=0.7422  val_AUPR_ag=0.4048  val_P@5_ab=1.0000  val_P@5_ag=0.7500  select=0.5735
Ep049  LR0=6.94e-05  pw=1.06  aucα=0.300  token_p=0.020  dropE=(0.020,0.080)  smooth=0.010  train_loss=0.1027  train_AUPR_all=0.9141  train_AUPR_ab=0.9352  train_AUPR_ag=0.8837  train_P@5_ab=1.0000  train_P@5_ag=1.0000  val_loss=0.3513  val_AUPR_all=0.5845  val_AUPR_ab=0.7471  val_AUPR_ag=0.3676  val_P@5_ab=1.0000  val_P@5_ag=0.8000  select=0.5574
Ep050  LR0=6.57e-05  pw=1.05  aucα=0.300  token_p=0.020  dropE=(0.020,0.080)  smooth=0.010  train_loss=0.0990  train_AUPR_all=0.9201  train_AUPR_ab=0.9413  train_AUPR_ag=0.8891  train_P@5_ab=1.0000  train_P@5_ag=1.0000  val_loss=0.3506  val_AUPR_all=0.5742  val_AUPR_ab=0.7384  val_AUPR_ag=0.3627  val_P@5_ab=1.0000  val_P@5_ag=0.5500  select=0.5506
Ep051  LR0=6.21e-05  pw=1.05  aucα=0.300  token_p=0.020  dropE=(0.020,0.080)  smooth=0.010  train_loss=0.1003  train_AUPR_all=0.9170  train_AUPR_ab=0.9390  train_AUPR_ag=0.8848  train_P@5_ab=1.0000  train_P@5_ag=1.0000  val_loss=0.3442  val_AUPR_all=0.5741  val_AUPR_ab=0.7448  val_AUPR_ag=0.3558  val_P@5_ab=1.0000  val_P@5_ag=0.6000  select=0.5503
Early stopping at epoch 51. Best select=0.5927 at epoch 31.
Final saved checkpoint for fold 2: checkpoints_balanced/iPara_balanced_l1_g8_i5_do0.10_dpr0.10_lr0.0002_heads16_fold2.pth
Best select=0.5927 at epoch 31

==========================================================================================
Fold 3/5
==========================================================================================
Train labels: valid=401949, pos=26660, neg=375289, ignore=695651, pos_frac=0.06633
Val labels: valid=98243, pos=6570, neg=91673, ignore=176957, pos_frac=0.06687
Initializing ClassificationModel with 8 GAT layers and residual connections...
Initializing MCModel with 8 GAT layers and 5 row attention layers (drop_path_rate=0.1)
Initializing CoreModel with 1 layers, drop_path_rate=0.1
Ep001  LR0=2.00e-04  pw=8.00  aucα=0.000  token_p=0.020  dropE=(0.020,0.080)  smooth=0.010  train_loss=0.7379  train_AUPR_all=0.2645  train_AUPR_ab=0.3248  train_AUPR_ag=0.1869  train_P@5_ab=0.7500  train_P@5_ag=0.9500  val_loss=0.7257  val_AUPR_all=0.4478  val_AUPR_ab=0.5109  val_AUPR_ag=0.3439  val_P@5_ab=0.7500  val_P@5_ag=1.0000  select=0.4274
  Saved checkpoint: checkpoints_balanced/iPara_balanced_l1_g8_i5_do0.10_dpr0.10_lr0.0002_heads16_fold3.pth  select=0.4274  val_ab=0.5109  val_ag=0.3439  val_all=0.4478
Ep002  LR0=2.00e-04  pw=7.33  aucα=0.000  token_p=0.020  dropE=(0.020,0.080)  smooth=0.010  train_loss=0.5033  train_AUPR_all=0.4387  train_AUPR_ab=0.5247  train_AUPR_ag=0.2973  train_P@5_ab=0.8500  train_P@5_ag=0.9500  val_loss=0.6418  val_AUPR_all=0.5093  val_AUPR_ab=0.5948  val_AUPR_ag=0.3687  val_P@5_ab=0.7000  val_P@5_ag=1.0000  select=0.4818
  Saved checkpoint: checkpoints_balanced/iPara_balanced_l1_g8_i5_do0.10_dpr0.10_lr0.0002_heads16_fold3.pth  select=0.4818  val_ab=0.5948  val_ag=0.3687  val_all=0.5093
Ep003  LR0=2.00e-04  pw=6.73  aucα=0.000  token_p=0.020  dropE=(0.020,0.080)  smooth=0.010  train_loss=0.4540  train_AUPR_all=0.4878  train_AUPR_ab=0.5797  train_AUPR_ag=0.3294  train_P@5_ab=0.8000  train_P@5_ag=0.9000  val_loss=0.6245  val_AUPR_all=0.5286  val_AUPR_ab=0.6393  val_AUPR_ag=0.3748  val_P@5_ab=0.9500  val_P@5_ag=0.9500  select=0.5071
  Saved checkpoint: checkpoints_balanced/iPara_balanced_l1_g8_i5_do0.10_dpr0.10_lr0.0002_heads16_fold3.pth  select=0.5071  val_ab=0.6393  val_ag=0.3748  val_all=0.5286
Ep004  LR0=1.99e-04  pw=6.19  aucα=0.000  token_p=0.020  dropE=(0.020,0.080)  smooth=0.010  train_loss=0.4182  train_AUPR_all=0.5128  train_AUPR_ab=0.6116  train_AUPR_ag=0.3434  train_P@5_ab=0.9500  train_P@5_ag=0.9500  val_loss=0.5697  val_AUPR_all=0.5444  val_AUPR_ab=0.6419  val_AUPR_ag=0.3825  val_P@5_ab=0.9500  val_P@5_ag=0.9000  select=0.5122
  Saved checkpoint: checkpoints_balanced/iPara_balanced_l1_g8_i5_do0.10_dpr0.10_lr0.0002_heads16_fold3.pth  select=0.5122  val_ab=0.6419  val_ag=0.3825  val_all=0.5444
Ep005  LR0=1.99e-04  pw=5.69  aucα=0.000  token_p=0.020  dropE=(0.020,0.080)  smooth=0.010  train_loss=0.3871  train_AUPR_all=0.5363  train_AUPR_ab=0.6312  train_AUPR_ag=0.3659  train_P@5_ab=0.9500  train_P@5_ag=0.9500  val_loss=0.5425  val_AUPR_all=0.5683  val_AUPR_ab=0.6795  val_AUPR_ag=0.3913  val_P@5_ab=0.9000  val_P@5_ag=0.9000  select=0.5354
  Saved checkpoint: checkpoints_balanced/iPara_balanced_l1_g8_i5_do0.10_dpr0.10_lr0.0002_heads16_fold3.pth  select=0.5354  val_ab=0.6795  val_ag=0.3913  val_all=0.5683
Ep006  LR0=1.98e-04  pw=5.25  aucα=0.000  token_p=0.020  dropE=(0.020,0.080)  smooth=0.010  train_loss=0.3709  train_AUPR_all=0.5370  train_AUPR_ab=0.6333  train_AUPR_ag=0.3668  train_P@5_ab=0.8500  train_P@5_ag=0.9500  val_loss=0.5145  val_AUPR_all=0.5759  val_AUPR_ab=0.6890  val_AUPR_ag=0.3791  val_P@5_ab=0.8500  val_P@5_ag=0.9500  select=0.5341
Ep007  LR0=1.97e-04  pw=4.84  aucα=0.000  token_p=0.020  dropE=(0.020,0.080)  smooth=0.010  train_loss=0.3434  train_AUPR_all=0.5632  train_AUPR_ab=0.6722  train_AUPR_ag=0.3807  train_P@5_ab=1.0000  train_P@5_ag=0.9500  val_loss=0.4942  val_AUPR_all=0.5829  val_AUPR_ab=0.6916  val_AUPR_ag=0.3968  val_P@5_ab=1.0000  val_P@5_ag=0.9500  select=0.5442
  Saved checkpoint: checkpoints_balanced/iPara_balanced_l1_g8_i5_do0.10_dpr0.10_lr0.0002_heads16_fold3.pth  select=0.5442  val_ab=0.6916  val_ag=0.3968  val_all=0.5829
Ep008  LR0=1.96e-04  pw=4.48  aucα=0.000  token_p=0.020  dropE=(0.020,0.080)  smooth=0.010  train_loss=0.3249  train_AUPR_all=0.5663  train_AUPR_ab=0.6678  train_AUPR_ag=0.3934  train_P@5_ab=0.9000  train_P@5_ag=0.9500  val_loss=0.4776  val_AUPR_all=0.5904  val_AUPR_ab=0.7050  val_AUPR_ag=0.4066  val_P@5_ab=0.9000  val_P@5_ag=0.9500  select=0.5558
  Saved checkpoint: checkpoints_balanced/iPara_balanced_l1_g8_i5_do0.10_dpr0.10_lr0.0002_heads16_fold3.pth  select=0.5558  val_ab=0.7050  val_ag=0.4066  val_all=0.5904
Ep009  LR0=1.95e-04  pw=4.15  aucα=0.000  token_p=0.020  dropE=(0.020,0.080)  smooth=0.010  train_loss=0.3068  train_AUPR_all=0.5812  train_AUPR_ab=0.6863  train_AUPR_ag=0.4049  train_P@5_ab=0.9500  train_P@5_ag=0.9500  val_loss=0.4712  val_AUPR_all=0.5887  val_AUPR_ab=0.7031  val_AUPR_ag=0.3954  val_P@5_ab=0.8500  val_P@5_ag=0.9500  select=0.5492
Ep010  LR0=1.94e-04  pw=3.85  aucα=0.030  token_p=0.020  dropE=(0.020,0.080)  smooth=0.010  train_loss=0.3038  train_AUPR_all=0.5877  train_AUPR_ab=0.6895  train_AUPR_ag=0.4187  train_P@5_ab=0.8000  train_P@5_ag=0.9500  val_loss=0.4425  val_AUPR_all=0.5941  val_AUPR_ab=0.7031  val_AUPR_ag=0.4175  val_P@5_ab=1.0000  val_P@5_ag=0.9500  select=0.5603
  Saved checkpoint: checkpoints_balanced/iPara_balanced_l1_g8_i5_do0.10_dpr0.10_lr0.0002_heads16_fold3.pth  select=0.5603  val_ab=0.7031  val_ag=0.4175  val_all=0.5941
Unfreezing DyM parameters.
Ep011  LR0=1.92e-04  pw=3.58  aucα=0.060  token_p=0.020  dropE=(0.020,0.080)  smooth=0.010  train_loss=0.3041  train_AUPR_all=0.5970  train_AUPR_ab=0.6951  train_AUPR_ag=0.4320  train_P@5_ab=0.9500  train_P@5_ag=1.0000  val_loss=0.4216  val_AUPR_all=0.5999  val_AUPR_ab=0.7242  val_AUPR_ag=0.4099  val_P@5_ab=1.0000  val_P@5_ag=0.9500  select=0.5671
  Saved checkpoint: checkpoints_balanced/iPara_balanced_l1_g8_i5_do0.10_dpr0.10_lr0.0002_heads16_fold3.pth  select=0.5671  val_ab=0.7242  val_ag=0.4099  val_all=0.5999
Ep012  LR0=1.91e-04  pw=3.33  aucα=0.090  token_p=0.020  dropE=(0.020,0.080)  smooth=0.010  train_loss=0.3003  train_AUPR_all=0.6087  train_AUPR_ab=0.7094  train_AUPR_ag=0.4417  train_P@5_ab=0.9500  train_P@5_ag=1.0000  val_loss=0.4090  val_AUPR_all=0.6074  val_AUPR_ab=0.7272  val_AUPR_ag=0.4058  val_P@5_ab=0.9500  val_P@5_ag=0.9000  select=0.5665
Ep013  LR0=1.89e-04  pw=3.11  aucα=0.120  token_p=0.020  dropE=(0.020,0.080)  smooth=0.010  train_loss=0.2998  train_AUPR_all=0.6144  train_AUPR_ab=0.7156  train_AUPR_ag=0.4502  train_P@5_ab=0.9500  train_P@5_ag=0.9500  val_loss=0.4083  val_AUPR_all=0.6001  val_AUPR_ab=0.7247  val_AUPR_ag=0.3953  val_P@5_ab=1.0000  val_P@5_ag=0.8500  select=0.5600
Ep014  LR0=1.87e-04  pw=2.91  aucα=0.150  token_p=0.020  dropE=(0.020,0.080)  smooth=0.010  train_loss=0.3002  train_AUPR_all=0.6252  train_AUPR_ab=0.7274  train_AUPR_ag=0.4647  train_P@5_ab=1.0000  train_P@5_ag=1.0000  val_loss=0.4286  val_AUPR_all=0.5759  val_AUPR_ab=0.7120  val_AUPR_ag=0.4109  val_P@5_ab=1.0000  val_P@5_ag=0.9000  select=0.5615
Ep015  LR0=1.85e-04  pw=2.73  aucα=0.180  token_p=0.020  dropE=(0.020,0.080)  smooth=0.010  train_loss=0.3011  train_AUPR_all=0.6253  train_AUPR_ab=0.7276  train_AUPR_ag=0.4616  train_P@5_ab=0.9500  train_P@5_ag=1.0000  val_loss=0.3798  val_AUPR_all=0.6074  val_AUPR_ab=0.7289  val_AUPR_ag=0.4170  val_P@5_ab=1.0000  val_P@5_ag=0.9500  select=0.5730
  Saved checkpoint: checkpoints_balanced/iPara_balanced_l1_g8_i5_do0.10_dpr0.10_lr0.0002_heads16_fold3.pth  select=0.5730  val_ab=0.7289  val_ag=0.4170  val_all=0.6074
Ep016  LR0=1.83e-04  pw=2.56  aucα=0.210  token_p=0.020  dropE=(0.020,0.080)  smooth=0.010  train_loss=0.2965  train_AUPR_all=0.6427  train_AUPR_ab=0.7406  train_AUPR_ag=0.4852  train_P@5_ab=0.8500  train_P@5_ag=0.8500  val_loss=0.3886  val_AUPR_all=0.6011  val_AUPR_ab=0.7322  val_AUPR_ag=0.4083  val_P@5_ab=1.0000  val_P@5_ag=0.9000  select=0.5703
Ep017  LR0=1.81e-04  pw=2.41  aucα=0.240  token_p=0.020  dropE=(0.020,0.080)  smooth=0.010  train_loss=0.2983  train_AUPR_all=0.6512  train_AUPR_ab=0.7469  train_AUPR_ag=0.5000  train_P@5_ab=0.9500  train_P@5_ag=0.9500  val_loss=0.3634  val_AUPR_all=0.6082  val_AUPR_ab=0.7329  val_AUPR_ag=0.4174  val_P@5_ab=0.9500  val_P@5_ag=0.8500  select=0.5752
  Saved checkpoint: checkpoints_balanced/iPara_balanced_l1_g8_i5_do0.10_dpr0.10_lr0.0002_heads16_fold3.pth  select=0.5752  val_ab=0.7329  val_ag=0.4174  val_all=0.6082
Ep018  LR0=1.79e-04  pw=2.28  aucα=0.270  token_p=0.020  dropE=(0.020,0.080)  smooth=0.010  train_loss=0.2954  train_AUPR_all=0.6616  train_AUPR_ab=0.7562  train_AUPR_ag=0.5128  train_P@5_ab=1.0000  train_P@5_ag=0.9500  val_loss=0.3556  val_AUPR_all=0.6125  val_AUPR_ab=0.7464  val_AUPR_ag=0.4076  val_P@5_ab=1.0000  val_P@5_ag=0.9500  select=0.5770
  Saved checkpoint: checkpoints_balanced/iPara_balanced_l1_g8_i5_do0.10_dpr0.10_lr0.0002_heads16_fold3.pth  select=0.5770  val_ab=0.7464  val_ag=0.4076  val_all=0.6125
Ep019  LR0=1.76e-04  pw=2.16  aucα=0.300  token_p=0.020  dropE=(0.020,0.080)  smooth=0.010  train_loss=0.2959  train_AUPR_all=0.6698  train_AUPR_ab=0.7527  train_AUPR_ag=0.5418  train_P@5_ab=1.0000  train_P@5_ag=1.0000  val_loss=0.3470  val_AUPR_all=0.6125  val_AUPR_ab=0.7443  val_AUPR_ag=0.4021  val_P@5_ab=1.0000  val_P@5_ag=0.9500  select=0.5732
Ep020  LR0=1.73e-04  pw=2.05  aucα=0.300  token_p=0.020  dropE=(0.020,0.080)  smooth=0.010  train_loss=0.2832  train_AUPR_all=0.6829  train_AUPR_ab=0.7670  train_AUPR_ag=0.5527  train_P@5_ab=1.0000  train_P@5_ag=1.0000  val_loss=0.3379  val_AUPR_all=0.6110  val_AUPR_ab=0.7390  val_AUPR_ag=0.4119  val_P@5_ab=1.0000  val_P@5_ag=0.8500  select=0.5754
Ep021  LR0=1.71e-04  pw=1.95  aucα=0.300  token_p=0.020  dropE=(0.020,0.080)  smooth=0.010  train_loss=0.2685  train_AUPR_all=0.6985  train_AUPR_ab=0.7787  train_AUPR_ag=0.5756  train_P@5_ab=1.0000  train_P@5_ag=0.9500  val_loss=0.3443  val_AUPR_all=0.6067  val_AUPR_ab=0.7374  val_AUPR_ag=0.4083  val_P@5_ab=0.9500  val_P@5_ag=0.8500  select=0.5729
Ep022  LR0=1.68e-04  pw=1.86  aucα=0.300  token_p=0.020  dropE=(0.020,0.080)  smooth=0.010  train_loss=0.2563  train_AUPR_all=0.7109  train_AUPR_ab=0.7856  train_AUPR_ag=0.5981  train_P@5_ab=0.9500  train_P@5_ag=1.0000  val_loss=0.3454  val_AUPR_all=0.6037  val_AUPR_ab=0.7426  val_AUPR_ag=0.3928  val_P@5_ab=1.0000  val_P@5_ag=0.9500  select=0.5677
Ep023  LR0=1.65e-04  pw=1.78  aucα=0.300  token_p=0.020  dropE=(0.020,0.080)  smooth=0.010  train_loss=0.2469  train_AUPR_all=0.7207  train_AUPR_ab=0.7960  train_AUPR_ag=0.6066  train_P@5_ab=1.0000  train_P@5_ag=1.0000  val_loss=0.3278  val_AUPR_all=0.6151  val_AUPR_ab=0.7526  val_AUPR_ag=0.4169  val_P@5_ab=0.9500  val_P@5_ag=0.9500  select=0.5847
  Saved checkpoint: checkpoints_balanced/iPara_balanced_l1_g8_i5_do0.10_dpr0.10_lr0.0002_heads16_fold3.pth  select=0.5847  val_ab=0.7526  val_ag=0.4169  val_all=0.6151
Ep024  LR0=1.62e-04  pw=1.70  aucα=0.300  token_p=0.020  dropE=(0.020,0.080)  smooth=0.010  train_loss=0.2358  train_AUPR_all=0.7309  train_AUPR_ab=0.8005  train_AUPR_ag=0.6271  train_P@5_ab=0.9500  train_P@5_ag=0.8500  val_loss=0.3507  val_AUPR_all=0.5777  val_AUPR_ab=0.7486  val_AUPR_ag=0.3911  val_P@5_ab=1.0000  val_P@5_ag=1.0000  select=0.5699
Ep025  LR0=1.59e-04  pw=1.64  aucα=0.300  token_p=0.020  dropE=(0.020,0.080)  smooth=0.010  train_loss=0.2288  train_AUPR_all=0.7387  train_AUPR_ab=0.8028  train_AUPR_ag=0.6439  train_P@5_ab=1.0000  train_P@5_ag=1.0000  val_loss=0.3336  val_AUPR_all=0.6143  val_AUPR_ab=0.7457  val_AUPR_ag=0.4145  val_P@5_ab=0.9500  val_P@5_ag=0.9000  select=0.5801
Ep026  LR0=1.56e-04  pw=1.57  aucα=0.300  token_p=0.020  dropE=(0.020,0.080)  smooth=0.010  train_loss=0.2182  train_AUPR_all=0.7511  train_AUPR_ab=0.8077  train_AUPR_ag=0.6687  train_P@5_ab=0.9500  train_P@5_ag=0.9500  val_loss=0.3496  val_AUPR_all=0.6061  val_AUPR_ab=0.7458  val_AUPR_ag=0.3912  val_P@5_ab=0.9000  val_P@5_ag=0.9000  select=0.5685
Ep027  LR0=1.52e-04  pw=1.52  aucα=0.300  token_p=0.020  dropE=(0.020,0.080)  smooth=0.010  train_loss=0.2090  train_AUPR_all=0.7656  train_AUPR_ab=0.8216  train_AUPR_ag=0.6841  train_P@5_ab=1.0000  train_P@5_ag=0.8500  val_loss=0.3253  val_AUPR_all=0.6089  val_AUPR_ab=0.7461  val_AUPR_ag=0.4233  val_P@5_ab=1.0000  val_P@5_ag=0.9000  select=0.5847
Ep028  LR0=1.49e-04  pw=1.47  aucα=0.300  token_p=0.020  dropE=(0.020,0.080)  smooth=0.010  train_loss=0.2024  train_AUPR_all=0.7717  train_AUPR_ab=0.8246  train_AUPR_ag=0.6953  train_P@5_ab=1.0000  train_P@5_ag=0.9500  val_loss=0.3269  val_AUPR_all=0.6054  val_AUPR_ab=0.7474  val_AUPR_ag=0.4072  val_P@5_ab=1.0000  val_P@5_ag=0.9000  select=0.5773
Ep029  LR0=1.46e-04  pw=1.43  aucα=0.300  token_p=0.020  dropE=(0.020,0.080)  smooth=0.010  train_loss=0.1930  train_AUPR_all=0.7854  train_AUPR_ab=0.8340  train_AUPR_ag=0.7157  train_P@5_ab=1.0000  train_P@5_ag=1.0000  val_loss=0.3213  val_AUPR_all=0.6050  val_AUPR_ab=0.7473  val_AUPR_ag=0.4071  val_P@5_ab=1.0000  val_P@5_ag=0.9500  select=0.5772
Ep030  LR0=1.42e-04  pw=1.39  aucα=0.300  token_p=0.020  dropE=(0.020,0.080)  smooth=0.010  train_loss=0.1862  train_AUPR_all=0.7947  train_AUPR_ab=0.8423  train_AUPR_ag=0.7260  train_P@5_ab=1.0000  train_P@5_ag=1.0000  val_loss=0.3256  val_AUPR_all=0.6011  val_AUPR_ab=0.7394  val_AUPR_ag=0.3894  val_P@5_ab=1.0000  val_P@5_ag=0.8000  select=0.5644
Ep031  LR0=1.38e-04  pw=1.35  aucα=0.300  token_p=0.020  dropE=(0.020,0.080)  smooth=0.010  train_loss=0.1779  train_AUPR_all=0.8059  train_AUPR_ab=0.8502  train_AUPR_ag=0.7427  train_P@5_ab=0.9500  train_P@5_ag=0.9500  val_loss=0.3267  val_AUPR_all=0.5976  val_AUPR_ab=0.7451  val_AUPR_ag=0.4037  val_P@5_ab=1.0000  val_P@5_ag=1.0000  select=0.5744
Ep032  LR0=1.35e-04  pw=1.32  aucα=0.300  token_p=0.020  dropE=(0.020,0.080)  smooth=0.010  train_loss=0.1732  train_AUPR_all=0.8110  train_AUPR_ab=0.8542  train_AUPR_ag=0.7489  train_P@5_ab=0.9000  train_P@5_ag=1.0000  val_loss=0.3260  val_AUPR_all=0.5972  val_AUPR_ab=0.7310  val_AUPR_ag=0.4115  val_P@5_ab=1.0000  val_P@5_ag=1.0000  select=0.5712
Ep033  LR0=1.31e-04  pw=1.29  aucα=0.300  token_p=0.020  dropE=(0.020,0.080)  smooth=0.010  train_loss=0.1699  train_AUPR_all=0.8158  train_AUPR_ab=0.8563  train_AUPR_ag=0.7583  train_P@5_ab=1.0000  train_P@5_ag=0.9500  val_loss=0.3284  val_AUPR_all=0.6030  val_AUPR_ab=0.7552  val_AUPR_ag=0.4008  val_P@5_ab=0.9500  val_P@5_ag=0.9500  select=0.5780
Ep034  LR0=1.27e-04  pw=1.26  aucα=0.300  token_p=0.020  dropE=(0.020,0.080)  smooth=0.010  train_loss=0.1605  train_AUPR_all=0.8292  train_AUPR_ab=0.8700  train_AUPR_ag=0.7704  train_P@5_ab=1.0000  train_P@5_ag=1.0000  val_loss=0.3394  val_AUPR_all=0.5957  val_AUPR_ab=0.7404  val_AUPR_ag=0.4033  val_P@5_ab=1.0000  val_P@5_ag=0.9500  select=0.5718
Ep035  LR0=1.24e-04  pw=1.23  aucα=0.300  token_p=0.020  dropE=(0.020,0.080)  smooth=0.010  train_loss=0.1563  train_AUPR_all=0.8365  train_AUPR_ab=0.8740  train_AUPR_ag=0.7830  train_P@5_ab=1.0000  train_P@5_ag=1.0000  val_loss=0.3263  val_AUPR_all=0.5953  val_AUPR_ab=0.7459  val_AUPR_ag=0.3966  val_P@5_ab=1.0000  val_P@5_ag=0.9500  select=0.5712
Ep036  LR0=1.20e-04  pw=1.21  aucα=0.300  token_p=0.020  dropE=(0.020,0.080)  smooth=0.010  train_loss=0.1512  train_AUPR_all=0.8418  train_AUPR_ab=0.8783  train_AUPR_ag=0.7890  train_P@5_ab=0.9500  train_P@5_ag=0.9500  val_loss=0.3269  val_AUPR_all=0.5927  val_AUPR_ab=0.7353  val_AUPR_ag=0.3840  val_P@5_ab=0.9500  val_P@5_ag=0.9500  select=0.5596
Ep037  LR0=1.16e-04  pw=1.19  aucα=0.300  token_p=0.020  dropE=(0.020,0.080)  smooth=0.010  train_loss=0.1454  train_AUPR_all=0.8503  train_AUPR_ab=0.8857  train_AUPR_ag=0.7996  train_P@5_ab=1.0000  train_P@5_ag=0.9500  val_loss=0.3391  val_AUPR_all=0.5680  val_AUPR_ab=0.7344  val_AUPR_ag=0.3623  val_P@5_ab=1.0000  val_P@5_ag=0.8500  select=0.5483
Ep038  LR0=1.12e-04  pw=1.17  aucα=0.300  token_p=0.020  dropE=(0.020,0.080)  smooth=0.010  train_loss=0.1457  train_AUPR_all=0.8499  train_AUPR_ab=0.8842  train_AUPR_ag=0.8009  train_P@5_ab=1.0000  train_P@5_ag=0.9500  val_loss=0.3294  val_AUPR_all=0.5815  val_AUPR_ab=0.7295  val_AUPR_ag=0.3892  val_P@5_ab=1.0000  val_P@5_ag=0.8500  select=0.5594
Ep039  LR0=1.08e-04  pw=1.16  aucα=0.300  token_p=0.020  dropE=(0.020,0.080)  smooth=0.010  train_loss=0.1407  train_AUPR_all=0.8574  train_AUPR_ab=0.8908  train_AUPR_ag=0.8091  train_P@5_ab=1.0000  train_P@5_ag=0.9500  val_loss=0.3252  val_AUPR_all=0.5866  val_AUPR_ab=0.7367  val_AUPR_ag=0.3875  val_P@5_ab=1.0000  val_P@5_ag=0.9000  select=0.5621
Ep040  LR0=1.04e-04  pw=1.14  aucα=0.300  token_p=0.020  dropE=(0.020,0.080)  smooth=0.010  train_loss=0.1327  train_AUPR_all=0.8696  train_AUPR_ab=0.8994  train_AUPR_ag=0.8271  train_P@5_ab=1.0000  train_P@5_ag=1.0000  val_loss=0.3314  val_AUPR_all=0.5839  val_AUPR_ab=0.7258  val_AUPR_ag=0.3877  val_P@5_ab=0.9500  val_P@5_ag=0.9000  select=0.5567
Ep041  LR0=1.00e-04  pw=1.13  aucα=0.300  token_p=0.020  dropE=(0.020,0.080)  smooth=0.010  train_loss=0.1282  train_AUPR_all=0.8756  train_AUPR_ab=0.9051  train_AUPR_ag=0.8336  train_P@5_ab=1.0000  train_P@5_ag=0.9000  val_loss=0.3447  val_AUPR_all=0.5734  val_AUPR_ab=0.7332  val_AUPR_ag=0.3712  val_P@5_ab=1.0000  val_P@5_ag=0.9000  select=0.5522
Ep042  LR0=9.63e-05  pw=1.12  aucα=0.300  token_p=0.020  dropE=(0.020,0.080)  smooth=0.010  train_loss=0.1242  train_AUPR_all=0.8817  train_AUPR_ab=0.9099  train_AUPR_ag=0.8413  train_P@5_ab=1.0000  train_P@5_ag=1.0000  val_loss=0.3465  val_AUPR_all=0.5820  val_AUPR_ab=0.7393  val_AUPR_ag=0.3827  val_P@5_ab=0.9000  val_P@5_ag=0.8500  select=0.5610
Ep043  LR0=9.24e-05  pw=1.10  aucα=0.300  token_p=0.020  dropE=(0.020,0.080)  smooth=0.010  train_loss=0.1182  train_AUPR_all=0.8913  train_AUPR_ab=0.9170  train_AUPR_ag=0.8545  train_P@5_ab=1.0000  train_P@5_ag=1.0000  val_loss=0.3449  val_AUPR_all=0.5619  val_AUPR_ab=0.7310  val_AUPR_ag=0.3606  val_P@5_ab=0.9500  val_P@5_ag=0.7500  select=0.5458
Ep044  LR0=8.85e-05  pw=1.09  aucα=0.300  token_p=0.020  dropE=(0.020,0.080)  smooth=0.010  train_loss=0.1135  train_AUPR_all=0.8973  train_AUPR_ab=0.9239  train_AUPR_ag=0.8583  train_P@5_ab=1.0000  train_P@5_ag=1.0000  val_loss=0.3401  val_AUPR_all=0.5801  val_AUPR_ab=0.7319  val_AUPR_ag=0.3710  val_P@5_ab=0.9000  val_P@5_ag=0.7000  select=0.5515
Ep045  LR0=8.46e-05  pw=1.09  aucα=0.300  token_p=0.020  dropE=(0.020,0.080)  smooth=0.010  train_loss=0.1151  train_AUPR_all=0.8944  train_AUPR_ab=0.9208  train_AUPR_ag=0.8562  train_P@5_ab=1.0000  train_P@5_ag=1.0000  val_loss=0.3502  val_AUPR_all=0.5602  val_AUPR_ab=0.7268  val_AUPR_ag=0.3639  val_P@5_ab=1.0000  val_P@5_ag=0.5500  select=0.5453
Early stopping at epoch 45. Best select=0.5847 at epoch 23.
Final saved checkpoint for fold 3: checkpoints_balanced/iPara_balanced_l1_g8_i5_do0.10_dpr0.10_lr0.0002_heads16_fold3.pth
Best select=0.5847 at epoch 23

==========================================================================================
Fold 4/5
==========================================================================================
Train labels: valid=398858, pos=26560, neg=372298, ignore=700342, pos_frac=0.06659
Val labels: valid=101334, pos=6670, neg=94664, ignore=172266, pos_frac=0.06582
Initializing ClassificationModel with 8 GAT layers and residual connections...
Initializing MCModel with 8 GAT layers and 5 row attention layers (drop_path_rate=0.1)
Initializing CoreModel with 1 layers, drop_path_rate=0.1
Ep001  LR0=2.00e-04  pw=8.00  aucα=0.000  token_p=0.020  dropE=(0.020,0.080)  smooth=0.010  train_loss=0.7478  train_AUPR_all=0.2155  train_AUPR_ab=0.2512  train_AUPR_ag=0.1685  train_P@5_ab=0.8500  train_P@5_ag=0.6000  val_loss=0.8004  val_AUPR_all=0.4305  val_AUPR_ab=0.5273  val_AUPR_ag=0.2749  val_P@5_ab=0.8000  val_P@5_ag=0.8500  select=0.4011
  Saved checkpoint: checkpoints_balanced/iPara_balanced_l1_g8_i5_do0.10_dpr0.10_lr0.0002_heads16_fold4.pth  select=0.4011  val_ab=0.5273  val_ag=0.2749  val_all=0.4305
Ep002  LR0=2.00e-04  pw=7.33  aucα=0.000  token_p=0.020  dropE=(0.020,0.080)  smooth=0.010  train_loss=0.4981  train_AUPR_all=0.4395  train_AUPR_ab=0.5319  train_AUPR_ag=0.2908  train_P@5_ab=0.8500  train_P@5_ag=0.7500  val_loss=0.6859  val_AUPR_all=0.4931  val_AUPR_ab=0.6084  val_AUPR_ag=0.3094  val_P@5_ab=0.9500  val_P@5_ag=1.0000  select=0.4589
  Saved checkpoint: checkpoints_balanced/iPara_balanced_l1_g8_i5_do0.10_dpr0.10_lr0.0002_heads16_fold4.pth  select=0.4589  val_ab=0.6084  val_ag=0.3094  val_all=0.4931
Ep003  LR0=2.00e-04  pw=6.73  aucα=0.000  token_p=0.020  dropE=(0.020,0.080)  smooth=0.010  train_loss=0.4494  train_AUPR_all=0.4870  train_AUPR_ab=0.5758  train_AUPR_ag=0.3336  train_P@5_ab=0.8500  train_P@5_ag=0.9500  val_loss=0.6189  val_AUPR_all=0.5246  val_AUPR_ab=0.6382  val_AUPR_ag=0.3330  val_P@5_ab=0.9500  val_P@5_ag=1.0000  select=0.4856
  Saved checkpoint: checkpoints_balanced/iPara_balanced_l1_g8_i5_do0.10_dpr0.10_lr0.0002_heads16_fold4.pth  select=0.4856  val_ab=0.6382  val_ag=0.3330  val_all=0.5246
Ep004  LR0=1.99e-04  pw=6.19  aucα=0.000  token_p=0.020  dropE=(0.020,0.080)  smooth=0.010  train_loss=0.4189  train_AUPR_all=0.5064  train_AUPR_ab=0.5971  train_AUPR_ag=0.3451  train_P@5_ab=0.8500  train_P@5_ag=0.9500  val_loss=0.5890  val_AUPR_all=0.5321  val_AUPR_ab=0.6583  val_AUPR_ag=0.3451  val_P@5_ab=1.0000  val_P@5_ag=1.0000  select=0.5017
  Saved checkpoint: checkpoints_balanced/iPara_balanced_l1_g8_i5_do0.10_dpr0.10_lr0.0002_heads16_fold4.pth  select=0.5017  val_ab=0.6583  val_ag=0.3451  val_all=0.5321
Ep005  LR0=1.99e-04  pw=5.69  aucα=0.000  token_p=0.020  dropE=(0.020,0.080)  smooth=0.010  train_loss=0.3891  train_AUPR_all=0.5312  train_AUPR_ab=0.6285  train_AUPR_ag=0.3617  train_P@5_ab=0.7500  train_P@5_ag=0.9500  val_loss=0.5839  val_AUPR_all=0.5438  val_AUPR_ab=0.6664  val_AUPR_ag=0.3483  val_P@5_ab=0.9500  val_P@5_ag=1.0000  select=0.5074
  Saved checkpoint: checkpoints_balanced/iPara_balanced_l1_g8_i5_do0.10_dpr0.10_lr0.0002_heads16_fold4.pth  select=0.5074  val_ab=0.6664  val_ag=0.3483  val_all=0.5438
Ep006  LR0=1.98e-04  pw=5.25  aucα=0.000  token_p=0.020  dropE=(0.020,0.080)  smooth=0.010  train_loss=0.3643  train_AUPR_all=0.5460  train_AUPR_ab=0.6455  train_AUPR_ag=0.3708  train_P@5_ab=0.9000  train_P@5_ag=1.0000  val_loss=0.5651  val_AUPR_all=0.5626  val_AUPR_ab=0.6788  val_AUPR_ag=0.3685  val_P@5_ab=0.8500  val_P@5_ag=0.9500  select=0.5236
  Saved checkpoint: checkpoints_balanced/iPara_balanced_l1_g8_i5_do0.10_dpr0.10_lr0.0002_heads16_fold4.pth  select=0.5236  val_ab=0.6788  val_ag=0.3685  val_all=0.5626
Ep007  LR0=1.97e-04  pw=4.84  aucα=0.000  token_p=0.020  dropE=(0.020,0.080)  smooth=0.010  train_loss=0.3457  train_AUPR_all=0.5548  train_AUPR_ab=0.6536  train_AUPR_ag=0.3861  train_P@5_ab=0.8500  train_P@5_ag=0.9500  val_loss=0.5253  val_AUPR_all=0.5605  val_AUPR_ab=0.6912  val_AUPR_ag=0.3509  val_P@5_ab=1.0000  val_P@5_ag=1.0000  select=0.5210
Ep008  LR0=1.96e-04  pw=4.48  aucα=0.000  token_p=0.020  dropE=(0.020,0.080)  smooth=0.010  train_loss=0.3273  train_AUPR_all=0.5625  train_AUPR_ab=0.6597  train_AUPR_ag=0.3946  train_P@5_ab=0.9500  train_P@5_ag=1.0000  val_loss=0.5198  val_AUPR_all=0.5707  val_AUPR_ab=0.6919  val_AUPR_ag=0.3755  val_P@5_ab=1.0000  val_P@5_ag=1.0000  select=0.5337
  Saved checkpoint: checkpoints_balanced/iPara_balanced_l1_g8_i5_do0.10_dpr0.10_lr0.0002_heads16_fold4.pth  select=0.5337  val_ab=0.6919  val_ag=0.3755  val_all=0.5707
Ep009  LR0=1.95e-04  pw=4.15  aucα=0.000  token_p=0.020  dropE=(0.020,0.080)  smooth=0.010  train_loss=0.3045  train_AUPR_all=0.5787  train_AUPR_ab=0.6814  train_AUPR_ag=0.4034  train_P@5_ab=0.8000  train_P@5_ag=0.9500  val_loss=0.4761  val_AUPR_all=0.5822  val_AUPR_ab=0.7104  val_AUPR_ag=0.3769  val_P@5_ab=0.9500  val_P@5_ag=1.0000  select=0.5437
  Saved checkpoint: checkpoints_balanced/iPara_balanced_l1_g8_i5_do0.10_dpr0.10_lr0.0002_heads16_fold4.pth  select=0.5437  val_ab=0.7104  val_ag=0.3769  val_all=0.5822
Ep010  LR0=1.94e-04  pw=3.85  aucα=0.030  token_p=0.020  dropE=(0.020,0.080)  smooth=0.010  train_loss=0.3045  train_AUPR_all=0.5848  train_AUPR_ab=0.6824  train_AUPR_ag=0.4188  train_P@5_ab=0.8500  train_P@5_ag=0.8500  val_loss=0.4562  val_AUPR_all=0.5772  val_AUPR_ab=0.7033  val_AUPR_ag=0.3790  val_P@5_ab=1.0000  val_P@5_ag=0.8500  select=0.5412
Unfreezing DyM parameters.
Ep011  LR0=1.92e-04  pw=3.58  aucα=0.060  token_p=0.020  dropE=(0.020,0.080)  smooth=0.010  train_loss=0.3055  train_AUPR_all=0.5904  train_AUPR_ab=0.6920  train_AUPR_ag=0.4200  train_P@5_ab=1.0000  train_P@5_ag=0.7500  val_loss=0.4384  val_AUPR_all=0.5933  val_AUPR_ab=0.7229  val_AUPR_ag=0.3837  val_P@5_ab=0.9500  val_P@5_ag=1.0000  select=0.5533
  Saved checkpoint: checkpoints_balanced/iPara_balanced_l1_g8_i5_do0.10_dpr0.10_lr0.0002_heads16_fold4.pth  select=0.5533  val_ab=0.7229  val_ag=0.3837  val_all=0.5933
Ep012  LR0=1.91e-04  pw=3.33  aucα=0.090  token_p=0.020  dropE=(0.020,0.080)  smooth=0.010  train_loss=0.3000  train_AUPR_all=0.6100  train_AUPR_ab=0.7073  train_AUPR_ag=0.4519  train_P@5_ab=0.9500  train_P@5_ag=1.0000  val_loss=0.4424  val_AUPR_all=0.5974  val_AUPR_ab=0.7304  val_AUPR_ag=0.3881  val_P@5_ab=0.9000  val_P@5_ag=0.7500  select=0.5593
  Saved checkpoint: checkpoints_balanced/iPara_balanced_l1_g8_i5_do0.10_dpr0.10_lr0.0002_heads16_fold4.pth  select=0.5593  val_ab=0.7304  val_ag=0.3881  val_all=0.5974
Ep013  LR0=1.89e-04  pw=3.11  aucα=0.120  token_p=0.020  dropE=(0.020,0.080)  smooth=0.010  train_loss=0.3008  train_AUPR_all=0.6156  train_AUPR_ab=0.7182  train_AUPR_ag=0.4480  train_P@5_ab=0.9500  train_P@5_ag=0.9500  val_loss=0.4113  val_AUPR_all=0.6001  val_AUPR_ab=0.7324  val_AUPR_ag=0.3885  val_P@5_ab=1.0000  val_P@5_ag=0.9500  select=0.5604
  Saved checkpoint: checkpoints_balanced/iPara_balanced_l1_g8_i5_do0.10_dpr0.10_lr0.0002_heads16_fold4.pth  select=0.5604  val_ab=0.7324  val_ag=0.3885  val_all=0.6001
Ep014  LR0=1.87e-04  pw=2.91  aucα=0.150  token_p=0.020  dropE=(0.020,0.080)  smooth=0.010  train_loss=0.2990  train_AUPR_all=0.6255  train_AUPR_ab=0.7231  train_AUPR_ag=0.4669  train_P@5_ab=0.9500  train_P@5_ag=1.0000  val_loss=0.4177  val_AUPR_all=0.5979  val_AUPR_ab=0.7349  val_AUPR_ag=0.3895  val_P@5_ab=0.9500  val_P@5_ag=0.9000  select=0.5622
  Saved checkpoint: checkpoints_balanced/iPara_balanced_l1_g8_i5_do0.10_dpr0.10_lr0.0002_heads16_fold4.pth  select=0.5622  val_ab=0.7349  val_ag=0.3895  val_all=0.5979
Ep015  LR0=1.85e-04  pw=2.73  aucα=0.180  token_p=0.020  dropE=(0.020,0.080)  smooth=0.010  train_loss=0.2992  train_AUPR_all=0.6318  train_AUPR_ab=0.7273  train_AUPR_ag=0.4777  train_P@5_ab=1.0000  train_P@5_ag=1.0000  val_loss=0.3914  val_AUPR_all=0.6015  val_AUPR_ab=0.7472  val_AUPR_ag=0.3883  val_P@5_ab=0.9500  val_P@5_ag=0.9500  select=0.5678
  Saved checkpoint: checkpoints_balanced/iPara_balanced_l1_g8_i5_do0.10_dpr0.10_lr0.0002_heads16_fold4.pth  select=0.5678  val_ab=0.7472  val_ag=0.3883  val_all=0.6015
Ep016  LR0=1.83e-04  pw=2.56  aucα=0.210  token_p=0.020  dropE=(0.020,0.080)  smooth=0.010  train_loss=0.2976  train_AUPR_all=0.6411  train_AUPR_ab=0.7348  train_AUPR_ag=0.4923  train_P@5_ab=1.0000  train_P@5_ag=1.0000  val_loss=0.3814  val_AUPR_all=0.6052  val_AUPR_ab=0.7448  val_AUPR_ag=0.3871  val_P@5_ab=0.9000  val_P@5_ag=0.9500  select=0.5660
Ep017  LR0=1.81e-04  pw=2.41  aucα=0.240  token_p=0.020  dropE=(0.020,0.080)  smooth=0.010  train_loss=0.2964  train_AUPR_all=0.6540  train_AUPR_ab=0.7438  train_AUPR_ag=0.5119  train_P@5_ab=1.0000  train_P@5_ag=0.9500  val_loss=0.3807  val_AUPR_all=0.6055  val_AUPR_ab=0.7382  val_AUPR_ag=0.4040  val_P@5_ab=0.9500  val_P@5_ag=0.9500  select=0.5711
  Saved checkpoint: checkpoints_balanced/iPara_balanced_l1_g8_i5_do0.10_dpr0.10_lr0.0002_heads16_fold4.pth  select=0.5711  val_ab=0.7382  val_ag=0.4040  val_all=0.6055
Ep018  LR0=1.79e-04  pw=2.28  aucα=0.270  token_p=0.020  dropE=(0.020,0.080)  smooth=0.010  train_loss=0.2964  train_AUPR_all=0.6638  train_AUPR_ab=0.7545  train_AUPR_ag=0.5221  train_P@5_ab=0.9500  train_P@5_ag=1.0000  val_loss=0.3789  val_AUPR_all=0.5986  val_AUPR_ab=0.7441  val_AUPR_ag=0.3653  val_P@5_ab=1.0000  val_P@5_ag=0.9500  select=0.5547
Ep019  LR0=1.76e-04  pw=2.16  aucα=0.300  token_p=0.020  dropE=(0.020,0.080)  smooth=0.010  train_loss=0.2958  train_AUPR_all=0.6711  train_AUPR_ab=0.7524  train_AUPR_ag=0.5456  train_P@5_ab=0.9500  train_P@5_ag=1.0000  val_loss=0.3595  val_AUPR_all=0.6157  val_AUPR_ab=0.7569  val_AUPR_ag=0.3994  val_P@5_ab=0.9500  val_P@5_ag=0.9500  select=0.5781
  Saved checkpoint: checkpoints_balanced/iPara_balanced_l1_g8_i5_do0.10_dpr0.10_lr0.0002_heads16_fold4.pth  select=0.5781  val_ab=0.7569  val_ag=0.3994  val_all=0.6157
Ep020  LR0=1.73e-04  pw=2.05  aucα=0.300  token_p=0.020  dropE=(0.020,0.080)  smooth=0.010  train_loss=0.2807  train_AUPR_all=0.6891  train_AUPR_ab=0.7690  train_AUPR_ag=0.5671  train_P@5_ab=1.0000  train_P@5_ag=1.0000  val_loss=0.3675  val_AUPR_all=0.6025  val_AUPR_ab=0.7581  val_AUPR_ag=0.3769  val_P@5_ab=0.9500  val_P@5_ag=0.9000  select=0.5675
Ep021  LR0=1.71e-04  pw=1.95  aucα=0.300  token_p=0.020  dropE=(0.020,0.080)  smooth=0.010  train_loss=0.2716  train_AUPR_all=0.6960  train_AUPR_ab=0.7763  train_AUPR_ag=0.5720  train_P@5_ab=1.0000  train_P@5_ag=0.9000  val_loss=0.3649  val_AUPR_all=0.6081  val_AUPR_ab=0.7608  val_AUPR_ag=0.3847  val_P@5_ab=1.0000  val_P@5_ag=0.9500  select=0.5727
Ep022  LR0=1.68e-04  pw=1.86  aucα=0.300  token_p=0.020  dropE=(0.020,0.080)  smooth=0.010  train_loss=0.2599  train_AUPR_all=0.7074  train_AUPR_ab=0.7829  train_AUPR_ag=0.5928  train_P@5_ab=1.0000  train_P@5_ag=1.0000  val_loss=0.3440  val_AUPR_all=0.6127  val_AUPR_ab=0.7603  val_AUPR_ag=0.3930  val_P@5_ab=1.0000  val_P@5_ag=0.9500  select=0.5766
Ep023  LR0=1.65e-04  pw=1.78  aucα=0.300  token_p=0.020  dropE=(0.020,0.080)  smooth=0.010  train_loss=0.2497  train_AUPR_all=0.7187  train_AUPR_ab=0.7901  train_AUPR_ag=0.6102  train_P@5_ab=0.9500  train_P@5_ag=1.0000  val_loss=0.3427  val_AUPR_all=0.6115  val_AUPR_ab=0.7492  val_AUPR_ag=0.4014  val_P@5_ab=0.9500  val_P@5_ag=0.8000  select=0.5753
Ep024  LR0=1.62e-04  pw=1.70  aucα=0.300  token_p=0.020  dropE=(0.020,0.080)  smooth=0.010  train_loss=0.2390  train_AUPR_all=0.7288  train_AUPR_ab=0.7947  train_AUPR_ag=0.6305  train_P@5_ab=1.0000  train_P@5_ag=0.9500  val_loss=0.3442  val_AUPR_all=0.6176  val_AUPR_ab=0.7680  val_AUPR_ag=0.4047  val_P@5_ab=1.0000  val_P@5_ag=0.9000  select=0.5863
  Saved checkpoint: checkpoints_balanced/iPara_balanced_l1_g8_i5_do0.10_dpr0.10_lr0.0002_heads16_fold4.pth  select=0.5863  val_ab=0.7680  val_ag=0.4047  val_all=0.6176
Ep025  LR0=1.59e-04  pw=1.64  aucα=0.300  token_p=0.020  dropE=(0.020,0.080)  smooth=0.010  train_loss=0.2295  train_AUPR_all=0.7410  train_AUPR_ab=0.8061  train_AUPR_ag=0.6439  train_P@5_ab=0.9500  train_P@5_ag=0.9500  val_loss=0.3385  val_AUPR_all=0.6117  val_AUPR_ab=0.7610  val_AUPR_ag=0.3962  val_P@5_ab=1.0000  val_P@5_ag=0.8000  select=0.5786
Ep026  LR0=1.56e-04  pw=1.57  aucα=0.300  token_p=0.020  dropE=(0.020,0.080)  smooth=0.010  train_loss=0.2194  train_AUPR_all=0.7525  train_AUPR_ab=0.8130  train_AUPR_ag=0.6630  train_P@5_ab=0.9500  train_P@5_ag=0.9000  val_loss=0.3538  val_AUPR_all=0.5930  val_AUPR_ab=0.7511  val_AUPR_ag=0.3685  val_P@5_ab=1.0000  val_P@5_ag=1.0000  select=0.5598
Ep027  LR0=1.52e-04  pw=1.52  aucα=0.300  token_p=0.020  dropE=(0.020,0.080)  smooth=0.010  train_loss=0.2119  train_AUPR_all=0.7599  train_AUPR_ab=0.8163  train_AUPR_ag=0.6770  train_P@5_ab=1.0000  train_P@5_ag=1.0000  val_loss=0.3325  val_AUPR_all=0.6210  val_AUPR_ab=0.7711  val_AUPR_ag=0.4186  val_P@5_ab=1.0000  val_P@5_ag=0.9000  select=0.5948
  Saved checkpoint: checkpoints_balanced/iPara_balanced_l1_g8_i5_do0.10_dpr0.10_lr0.0002_heads16_fold4.pth  select=0.5948  val_ab=0.7711  val_ag=0.4186  val_all=0.6210
Ep028  LR0=1.49e-04  pw=1.47  aucα=0.300  token_p=0.020  dropE=(0.020,0.080)  smooth=0.010  train_loss=0.2033  train_AUPR_all=0.7731  train_AUPR_ab=0.8251  train_AUPR_ag=0.6973  train_P@5_ab=0.9500  train_P@5_ag=1.0000  val_loss=0.3346  val_AUPR_all=0.6057  val_AUPR_ab=0.7585  val_AUPR_ag=0.3912  val_P@5_ab=1.0000  val_P@5_ag=0.7000  select=0.5749
Ep029  LR0=1.46e-04  pw=1.43  aucα=0.300  token_p=0.020  dropE=(0.020,0.080)  smooth=0.010  train_loss=0.1967  train_AUPR_all=0.7807  train_AUPR_ab=0.8308  train_AUPR_ag=0.7081  train_P@5_ab=1.0000  train_P@5_ag=0.9500  val_loss=0.3307  val_AUPR_all=0.6066  val_AUPR_ab=0.7664  val_AUPR_ag=0.3965  val_P@5_ab=1.0000  val_P@5_ag=0.8500  select=0.5814
Ep030  LR0=1.42e-04  pw=1.39  aucα=0.300  token_p=0.020  dropE=(0.020,0.080)  smooth=0.010  train_loss=0.1905  train_AUPR_all=0.7880  train_AUPR_ab=0.8360  train_AUPR_ag=0.7182  train_P@5_ab=1.0000  train_P@5_ag=1.0000  val_loss=0.3220  val_AUPR_all=0.6152  val_AUPR_ab=0.7701  val_AUPR_ag=0.3896  val_P@5_ab=1.0000  val_P@5_ag=0.9500  select=0.5798
Ep031  LR0=1.38e-04  pw=1.35  aucα=0.300  token_p=0.020  dropE=(0.020,0.080)  smooth=0.010  train_loss=0.1822  train_AUPR_all=0.8004  train_AUPR_ab=0.8484  train_AUPR_ag=0.7304  train_P@5_ab=1.0000  train_P@5_ag=1.0000  val_loss=0.3258  val_AUPR_all=0.6002  val_AUPR_ab=0.7412  val_AUPR_ag=0.4146  val_P@5_ab=1.0000  val_P@5_ag=0.9500  select=0.5779
Ep032  LR0=1.35e-04  pw=1.32  aucα=0.300  token_p=0.020  dropE=(0.020,0.080)  smooth=0.010  train_loss=0.1792  train_AUPR_all=0.8023  train_AUPR_ab=0.8467  train_AUPR_ag=0.7382  train_P@5_ab=1.0000  train_P@5_ag=1.0000  val_loss=0.3326  val_AUPR_all=0.6018  val_AUPR_ab=0.7587  val_AUPR_ag=0.3892  val_P@5_ab=1.0000  val_P@5_ag=0.9500  select=0.5740
Ep033  LR0=1.31e-04  pw=1.29  aucα=0.300  token_p=0.020  dropE=(0.020,0.080)  smooth=0.010  train_loss=0.1684  train_AUPR_all=0.8194  train_AUPR_ab=0.8622  train_AUPR_ag=0.7571  train_P@5_ab=1.0000  train_P@5_ag=1.0000  val_loss=0.3249  val_AUPR_all=0.5995  val_AUPR_ab=0.7597  val_AUPR_ag=0.3836  val_P@5_ab=1.0000  val_P@5_ag=0.9500  select=0.5716
Ep034  LR0=1.27e-04  pw=1.26  aucα=0.300  token_p=0.020  dropE=(0.020,0.080)  smooth=0.010  train_loss=0.1654  train_AUPR_all=0.8202  train_AUPR_ab=0.8631  train_AUPR_ag=0.7571  train_P@5_ab=0.9500  train_P@5_ag=1.0000  val_loss=0.3198  val_AUPR_all=0.6117  val_AUPR_ab=0.7591  val_AUPR_ag=0.3990  val_P@5_ab=0.9500  val_P@5_ag=0.9000  select=0.5791
Ep035  LR0=1.24e-04  pw=1.23  aucα=0.300  token_p=0.020  dropE=(0.020,0.080)  smooth=0.010  train_loss=0.1577  train_AUPR_all=0.8344  train_AUPR_ab=0.8780  train_AUPR_ag=0.7700  train_P@5_ab=1.0000  train_P@5_ag=1.0000  val_loss=0.3183  val_AUPR_all=0.6115  val_AUPR_ab=0.7688  val_AUPR_ag=0.3926  val_P@5_ab=1.0000  val_P@5_ag=0.6500  select=0.5807
Ep036  LR0=1.20e-04  pw=1.21  aucα=0.300  token_p=0.020  dropE=(0.020,0.080)  smooth=0.010  train_loss=0.1556  train_AUPR_all=0.8348  train_AUPR_ab=0.8730  train_AUPR_ag=0.7791  train_P@5_ab=1.0000  train_P@5_ag=1.0000  val_loss=0.3231  val_AUPR_all=0.6155  val_AUPR_ab=0.7645  val_AUPR_ag=0.4084  val_P@5_ab=1.0000  val_P@5_ag=0.8000  select=0.5864
Ep037  LR0=1.16e-04  pw=1.19  aucα=0.300  token_p=0.020  dropE=(0.020,0.080)  smooth=0.010  train_loss=0.1534  train_AUPR_all=0.8381  train_AUPR_ab=0.8783  train_AUPR_ag=0.7789  train_P@5_ab=1.0000  train_P@5_ag=1.0000  val_loss=0.3158  val_AUPR_all=0.6139  val_AUPR_ab=0.7677  val_AUPR_ag=0.4105  val_P@5_ab=1.0000  val_P@5_ag=0.9500  select=0.5891
Ep038  LR0=1.12e-04  pw=1.17  aucα=0.300  token_p=0.020  dropE=(0.020,0.080)  smooth=0.010  train_loss=0.1430  train_AUPR_all=0.8541  train_AUPR_ab=0.8890  train_AUPR_ag=0.8035  train_P@5_ab=1.0000  train_P@5_ag=1.0000  val_loss=0.3336  val_AUPR_all=0.5831  val_AUPR_ab=0.7302  val_AUPR_ag=0.3979  val_P@5_ab=0.8500  val_P@5_ag=0.8500  select=0.5640
Ep039  LR0=1.08e-04  pw=1.16  aucα=0.300  token_p=0.020  dropE=(0.020,0.080)  smooth=0.010  train_loss=0.1409  train_AUPR_all=0.8581  train_AUPR_ab=0.8937  train_AUPR_ag=0.8062  train_P@5_ab=0.9500  train_P@5_ag=1.0000  val_loss=0.3325  val_AUPR_all=0.6060  val_AUPR_ab=0.7614  val_AUPR_ag=0.3818  val_P@5_ab=1.0000  val_P@5_ag=0.8500  select=0.5716
Ep040  LR0=1.04e-04  pw=1.14  aucα=0.300  token_p=0.020  dropE=(0.020,0.080)  smooth=0.010  train_loss=0.1377  train_AUPR_all=0.8617  train_AUPR_ab=0.8952  train_AUPR_ag=0.8131  train_P@5_ab=1.0000  train_P@5_ag=1.0000  val_loss=0.3278  val_AUPR_all=0.5877  val_AUPR_ab=0.7539  val_AUPR_ag=0.3865  val_P@5_ab=1.0000  val_P@5_ag=0.4500  select=0.5702
Ep041  LR0=1.00e-04  pw=1.13  aucα=0.300  token_p=0.020  dropE=(0.020,0.080)  smooth=0.010  train_loss=0.1308  train_AUPR_all=0.8730  train_AUPR_ab=0.9042  train_AUPR_ag=0.8277  train_P@5_ab=0.9500  train_P@5_ag=1.0000  val_loss=0.3379  val_AUPR_all=0.5977  val_AUPR_ab=0.7636  val_AUPR_ag=0.3872  val_P@5_ab=1.0000  val_P@5_ag=0.6500  select=0.5754
Ep042  LR0=9.63e-05  pw=1.12  aucα=0.300  token_p=0.020  dropE=(0.020,0.080)  smooth=0.010  train_loss=0.1266  train_AUPR_all=0.8777  train_AUPR_ab=0.9066  train_AUPR_ag=0.8358  train_P@5_ab=1.0000  train_P@5_ag=1.0000  val_loss=0.3306  val_AUPR_all=0.6066  val_AUPR_ab=0.7634  val_AUPR_ag=0.3771  val_P@5_ab=1.0000  val_P@5_ag=0.6500  select=0.5703
Ep043  LR0=9.24e-05  pw=1.10  aucα=0.300  token_p=0.020  dropE=(0.020,0.080)  smooth=0.010  train_loss=0.1215  train_AUPR_all=0.8872  train_AUPR_ab=0.9187  train_AUPR_ag=0.8403  train_P@5_ab=1.0000  train_P@5_ag=1.0000  val_loss=0.3324  val_AUPR_all=0.5871  val_AUPR_ab=0.7498  val_AUPR_ag=0.3687  val_P@5_ab=0.9500  val_P@5_ag=0.5500  select=0.5593
Ep044  LR0=8.85e-05  pw=1.09  aucα=0.300  token_p=0.020  dropE=(0.020,0.080)  smooth=0.010  train_loss=0.1187  train_AUPR_all=0.8913  train_AUPR_ab=0.9211  train_AUPR_ag=0.8473  train_P@5_ab=1.0000  train_P@5_ag=1.0000  val_loss=0.3349  val_AUPR_all=0.5933  val_AUPR_ab=0.7604  val_AUPR_ag=0.3824  val_P@5_ab=0.9500  val_P@5_ag=0.7000  select=0.5714
Ep045  LR0=8.46e-05  pw=1.09  aucα=0.300  token_p=0.020  dropE=(0.020,0.080)  smooth=0.010  train_loss=0.1179  train_AUPR_all=0.8911  train_AUPR_ab=0.9189  train_AUPR_ag=0.8503  train_P@5_ab=1.0000  train_P@5_ag=1.0000  val_loss=0.3304  val_AUPR_all=0.5835  val_AUPR_ab=0.7574  val_AUPR_ag=0.3677  val_P@5_ab=1.0000  val_P@5_ag=0.5000  select=0.5625
Ep046  LR0=8.08e-05  pw=1.08  aucα=0.300  token_p=0.020  dropE=(0.020,0.080)  smooth=0.010  train_loss=0.1149  train_AUPR_all=0.8951  train_AUPR_ab=0.9230  train_AUPR_ag=0.8534  train_P@5_ab=1.0000  train_P@5_ag=1.0000  val_loss=0.3337  val_AUPR_all=0.5940  val_AUPR_ab=0.7572  val_AUPR_ag=0.3746  val_P@5_ab=1.0000  val_P@5_ag=0.3500  select=0.5659
Ep047  LR0=7.70e-05  pw=1.07  aucα=0.300  token_p=0.020  dropE=(0.020,0.080)  smooth=0.010  train_loss=0.1113  train_AUPR_all=0.9010  train_AUPR_ab=0.9267  train_AUPR_ag=0.8624  train_P@5_ab=1.0000  train_P@5_ag=1.0000  val_loss=0.3319  val_AUPR_all=0.5974  val_AUPR_ab=0.7624  val_AUPR_ag=0.3803  val_P@5_ab=1.0000  val_P@5_ag=0.5500  select=0.5714
Early stopping at epoch 47. Best select=0.5948 at epoch 27.
Final saved checkpoint for fold 4: checkpoints_balanced/iPara_balanced_l1_g8_i5_do0.10_dpr0.10_lr0.0002_heads16_fold4.pth
Best select=0.5948 at epoch 27

==========================================================================================
Fold 5/5
==========================================================================================
Train labels: valid=399660, pos=26617, neg=373043, ignore=699540, pos_frac=0.06660
Val labels: valid=100532, pos=6613, neg=93919, ignore=173068, pos_frac=0.06578
Initializing ClassificationModel with 8 GAT layers and residual connections...
Initializing MCModel with 8 GAT layers and 5 row attention layers (drop_path_rate=0.1)
Initializing CoreModel with 1 layers, drop_path_rate=0.1
Ep001  LR0=2.00e-04  pw=8.00  aucα=0.000  token_p=0.020  dropE=(0.020,0.080)  smooth=0.010  train_loss=0.6905  train_AUPR_all=0.3043  train_AUPR_ab=0.3739  train_AUPR_ag=0.2097  train_P@5_ab=0.8000  train_P@5_ag=0.7500  val_loss=0.7679  val_AUPR_all=0.4541  val_AUPR_ab=0.5896  val_AUPR_ag=0.2337  val_P@5_ab=0.9500  val_P@5_ag=0.7500  select=0.4116
  Saved checkpoint: checkpoints_balanced/iPara_balanced_l1_g8_i5_do0.10_dpr0.10_lr0.0002_heads16_fold5.pth  select=0.4116  val_ab=0.5896  val_ag=0.2337  val_all=0.4541
Ep002  LR0=2.00e-04  pw=7.33  aucα=0.000  token_p=0.020  dropE=(0.020,0.080)  smooth=0.010  train_loss=0.5012  train_AUPR_all=0.4407  train_AUPR_ab=0.5337  train_AUPR_ag=0.2872  train_P@5_ab=0.9000  train_P@5_ag=0.9000  val_loss=0.6389  val_AUPR_all=0.5130  val_AUPR_ab=0.6393  val_AUPR_ag=0.3218  val_P@5_ab=0.9000  val_P@5_ag=0.8500  select=0.4805
  Saved checkpoint: checkpoints_balanced/iPara_balanced_l1_g8_i5_do0.10_dpr0.10_lr0.0002_heads16_fold5.pth  select=0.4805  val_ab=0.6393  val_ag=0.3218  val_all=0.5130
Ep003  LR0=2.00e-04  pw=6.73  aucα=0.000  token_p=0.020  dropE=(0.020,0.080)  smooth=0.010  train_loss=0.4579  train_AUPR_all=0.4828  train_AUPR_ab=0.5741  train_AUPR_ag=0.3264  train_P@5_ab=0.8000  train_P@5_ag=1.0000  val_loss=0.6068  val_AUPR_all=0.5227  val_AUPR_ab=0.6607  val_AUPR_ag=0.3341  val_P@5_ab=0.9000  val_P@5_ag=0.9000  select=0.4974
  Saved checkpoint: checkpoints_balanced/iPara_balanced_l1_g8_i5_do0.10_dpr0.10_lr0.0002_heads16_fold5.pth  select=0.4974  val_ab=0.6607  val_ag=0.3341  val_all=0.5227
Ep004  LR0=1.99e-04  pw=6.19  aucα=0.000  token_p=0.020  dropE=(0.020,0.080)  smooth=0.010  train_loss=0.4171  train_AUPR_all=0.5143  train_AUPR_ab=0.6057  train_AUPR_ag=0.3536  train_P@5_ab=0.6500  train_P@5_ag=1.0000  val_loss=0.5914  val_AUPR_all=0.5469  val_AUPR_ab=0.6743  val_AUPR_ag=0.3378  val_P@5_ab=0.6500  val_P@5_ag=1.0000  select=0.5061
  Saved checkpoint: checkpoints_balanced/iPara_balanced_l1_g8_i5_do0.10_dpr0.10_lr0.0002_heads16_fold5.pth  select=0.5061  val_ab=0.6743  val_ag=0.3378  val_all=0.5469
Ep005  LR0=1.99e-04  pw=5.69  aucα=0.000  token_p=0.020  dropE=(0.020,0.080)  smooth=0.010  train_loss=0.3911  train_AUPR_all=0.5307  train_AUPR_ab=0.6191  train_AUPR_ag=0.3710  train_P@5_ab=0.8000  train_P@5_ag=0.9500  val_loss=0.5418  val_AUPR_all=0.5593  val_AUPR_ab=0.6968  val_AUPR_ag=0.3359  val_P@5_ab=0.9000  val_P@5_ag=0.9500  select=0.5164
  Saved checkpoint: checkpoints_balanced/iPara_balanced_l1_g8_i5_do0.10_dpr0.10_lr0.0002_heads16_fold5.pth  select=0.5164  val_ab=0.6968  val_ag=0.3359  val_all=0.5593
Ep006  LR0=1.98e-04  pw=5.25  aucα=0.000  token_p=0.020  dropE=(0.020,0.080)  smooth=0.010  train_loss=0.3690  train_AUPR_all=0.5363  train_AUPR_ab=0.6347  train_AUPR_ag=0.3647  train_P@5_ab=0.9000  train_P@5_ag=0.9500  val_loss=0.5331  val_AUPR_all=0.5550  val_AUPR_ab=0.7019  val_AUPR_ag=0.3358  val_P@5_ab=0.9500  val_P@5_ag=0.9000  select=0.5189
  Saved checkpoint: checkpoints_balanced/iPara_balanced_l1_g8_i5_do0.10_dpr0.10_lr0.0002_heads16_fold5.pth  select=0.5189  val_ab=0.7019  val_ag=0.3358  val_all=0.5550
Ep007  LR0=1.97e-04  pw=4.84  aucα=0.000  token_p=0.020  dropE=(0.020,0.080)  smooth=0.010  train_loss=0.3477  train_AUPR_all=0.5573  train_AUPR_ab=0.6567  train_AUPR_ag=0.3840  train_P@5_ab=0.9500  train_P@5_ag=0.9500  val_loss=0.5173  val_AUPR_all=0.5740  val_AUPR_ab=0.7130  val_AUPR_ag=0.3487  val_P@5_ab=0.9500  val_P@5_ag=0.8500  select=0.5309
  Saved checkpoint: checkpoints_balanced/iPara_balanced_l1_g8_i5_do0.10_dpr0.10_lr0.0002_heads16_fold5.pth  select=0.5309  val_ab=0.7130  val_ag=0.3487  val_all=0.5740
Ep008  LR0=1.96e-04  pw=4.48  aucα=0.000  token_p=0.020  dropE=(0.020,0.080)  smooth=0.010  train_loss=0.3239  train_AUPR_all=0.5706  train_AUPR_ab=0.6701  train_AUPR_ag=0.4000  train_P@5_ab=0.9000  train_P@5_ag=1.0000  val_loss=0.4876  val_AUPR_all=0.5717  val_AUPR_ab=0.7022  val_AUPR_ag=0.3579  val_P@5_ab=0.9500  val_P@5_ag=0.8500  select=0.5301
Ep009  LR0=1.95e-04  pw=4.15  aucα=0.000  token_p=0.020  dropE=(0.020,0.080)  smooth=0.010  train_loss=0.3014  train_AUPR_all=0.5894  train_AUPR_ab=0.6933  train_AUPR_ag=0.4140  train_P@5_ab=0.8500  train_P@5_ag=0.9500  val_loss=0.4822  val_AUPR_all=0.5871  val_AUPR_ab=0.7236  val_AUPR_ag=0.3682  val_P@5_ab=1.0000  val_P@5_ag=0.9000  select=0.5459
  Saved checkpoint: checkpoints_balanced/iPara_balanced_l1_g8_i5_do0.10_dpr0.10_lr0.0002_heads16_fold5.pth  select=0.5459  val_ab=0.7236  val_ag=0.3682  val_all=0.5871
Ep010  LR0=1.94e-04  pw=3.85  aucα=0.030  token_p=0.020  dropE=(0.020,0.080)  smooth=0.010  train_loss=0.3026  train_AUPR_all=0.5902  train_AUPR_ab=0.6885  train_AUPR_ag=0.4275  train_P@5_ab=1.0000  train_P@5_ag=1.0000  val_loss=0.4537  val_AUPR_all=0.5845  val_AUPR_ab=0.7152  val_AUPR_ag=0.3759  val_P@5_ab=1.0000  val_P@5_ag=0.9000  select=0.5456
Unfreezing DyM parameters.
Ep011  LR0=1.92e-04  pw=3.58  aucα=0.060  token_p=0.020  dropE=(0.020,0.080)  smooth=0.010  train_loss=0.3023  train_AUPR_all=0.5989  train_AUPR_ab=0.6976  train_AUPR_ag=0.4354  train_P@5_ab=1.0000  train_P@5_ag=1.0000  val_loss=0.4439  val_AUPR_all=0.5872  val_AUPR_ab=0.7331  val_AUPR_ag=0.3587  val_P@5_ab=0.9500  val_P@5_ag=0.9000  select=0.5459
Ep012  LR0=1.91e-04  pw=3.33  aucα=0.090  token_p=0.020  dropE=(0.020,0.080)  smooth=0.010  train_loss=0.2993  train_AUPR_all=0.6120  train_AUPR_ab=0.7152  train_AUPR_ag=0.4418  train_P@5_ab=0.9000  train_P@5_ag=0.9000  val_loss=0.4230  val_AUPR_all=0.5953  val_AUPR_ab=0.7402  val_AUPR_ag=0.3703  val_P@5_ab=1.0000  val_P@5_ag=1.0000  select=0.5552
  Saved checkpoint: checkpoints_balanced/iPara_balanced_l1_g8_i5_do0.10_dpr0.10_lr0.0002_heads16_fold5.pth  select=0.5552  val_ab=0.7402  val_ag=0.3703  val_all=0.5953
Ep013  LR0=1.89e-04  pw=3.11  aucα=0.120  token_p=0.020  dropE=(0.020,0.080)  smooth=0.010  train_loss=0.2970  train_AUPR_all=0.6222  train_AUPR_ab=0.7188  train_AUPR_ag=0.4626  train_P@5_ab=0.9500  train_P@5_ag=1.0000  val_loss=0.4111  val_AUPR_all=0.5949  val_AUPR_ab=0.7380  val_AUPR_ag=0.3671  val_P@5_ab=1.0000  val_P@5_ag=1.0000  select=0.5526
Ep014  LR0=1.87e-04  pw=2.91  aucα=0.150  token_p=0.020  dropE=(0.020,0.080)  smooth=0.010  train_loss=0.2958  train_AUPR_all=0.6298  train_AUPR_ab=0.7266  train_AUPR_ag=0.4714  train_P@5_ab=0.9500  train_P@5_ag=0.9500  val_loss=0.4070  val_AUPR_all=0.5916  val_AUPR_ab=0.7412  val_AUPR_ag=0.3615  val_P@5_ab=0.9500  val_P@5_ag=1.0000  select=0.5514
Ep015  LR0=1.85e-04  pw=2.73  aucα=0.180  token_p=0.020  dropE=(0.020,0.080)  smooth=0.010  train_loss=0.2931  train_AUPR_all=0.6425  train_AUPR_ab=0.7347  train_AUPR_ag=0.4950  train_P@5_ab=0.9500  train_P@5_ag=0.9500  val_loss=0.4038  val_AUPR_all=0.5898  val_AUPR_ab=0.7381  val_AUPR_ag=0.3492  val_P@5_ab=0.9500  val_P@5_ag=1.0000  select=0.5436
Ep016  LR0=1.83e-04  pw=2.56  aucα=0.210  token_p=0.020  dropE=(0.020,0.080)  smooth=0.010  train_loss=0.2916  train_AUPR_all=0.6529  train_AUPR_ab=0.7400  train_AUPR_ag=0.5145  train_P@5_ab=1.0000  train_P@5_ag=0.9000  val_loss=0.4036  val_AUPR_all=0.5877  val_AUPR_ab=0.7378  val_AUPR_ag=0.3533  val_P@5_ab=0.9000  val_P@5_ag=0.9500  select=0.5456
Ep017  LR0=1.81e-04  pw=2.41  aucα=0.240  token_p=0.020  dropE=(0.020,0.080)  smooth=0.010  train_loss=0.2927  train_AUPR_all=0.6595  train_AUPR_ab=0.7457  train_AUPR_ag=0.5219  train_P@5_ab=0.9500  train_P@5_ag=1.0000  val_loss=0.3817  val_AUPR_all=0.5946  val_AUPR_ab=0.7466  val_AUPR_ag=0.3715  val_P@5_ab=1.0000  val_P@5_ag=0.9500  select=0.5591
  Saved checkpoint: checkpoints_balanced/iPara_balanced_l1_g8_i5_do0.10_dpr0.10_lr0.0002_heads16_fold5.pth  select=0.5591  val_ab=0.7466  val_ag=0.3715  val_all=0.5946
Ep018  LR0=1.79e-04  pw=2.28  aucα=0.270  token_p=0.020  dropE=(0.020,0.080)  smooth=0.010  train_loss=0.2932  train_AUPR_all=0.6675  train_AUPR_ab=0.7567  train_AUPR_ag=0.5274  train_P@5_ab=1.0000  train_P@5_ag=0.8500  val_loss=0.3795  val_AUPR_all=0.5878  val_AUPR_ab=0.7471  val_AUPR_ag=0.3436  val_P@5_ab=0.9500  val_P@5_ag=0.9500  select=0.5454
Ep019  LR0=1.76e-04  pw=2.16  aucα=0.300  token_p=0.020  dropE=(0.020,0.080)  smooth=0.010  train_loss=0.2903  train_AUPR_all=0.6836  train_AUPR_ab=0.7625  train_AUPR_ag=0.5619  train_P@5_ab=0.9500  train_P@5_ag=1.0000  val_loss=0.3564  val_AUPR_all=0.5989  val_AUPR_ab=0.7496  val_AUPR_ag=0.3703  val_P@5_ab=1.0000  val_P@5_ag=0.9500  select=0.5600
  Saved checkpoint: checkpoints_balanced/iPara_balanced_l1_g8_i5_do0.10_dpr0.10_lr0.0002_heads16_fold5.pth  select=0.5600  val_ab=0.7496  val_ag=0.3703  val_all=0.5989
Ep020  LR0=1.73e-04  pw=2.05  aucα=0.300  token_p=0.020  dropE=(0.020,0.080)  smooth=0.010  train_loss=0.2763  train_AUPR_all=0.6954  train_AUPR_ab=0.7702  train_AUPR_ag=0.5818  train_P@5_ab=0.9500  train_P@5_ag=1.0000  val_loss=0.3713  val_AUPR_all=0.5948  val_AUPR_ab=0.7424  val_AUPR_ag=0.3734  val_P@5_ab=1.0000  val_P@5_ag=0.9500  select=0.5579
Ep021  LR0=1.71e-04  pw=1.95  aucα=0.300  token_p=0.020  dropE=(0.020,0.080)  smooth=0.010  train_loss=0.2648  train_AUPR_all=0.7074  train_AUPR_ab=0.7782  train_AUPR_ag=0.6001  train_P@5_ab=1.0000  train_P@5_ag=0.9500  val_loss=0.3677  val_AUPR_all=0.5761  val_AUPR_ab=0.7255  val_AUPR_ag=0.3563  val_P@5_ab=0.9500  val_P@5_ag=0.9500  select=0.5409
Ep022  LR0=1.68e-04  pw=1.86  aucα=0.300  token_p=0.020  dropE=(0.020,0.080)  smooth=0.010  train_loss=0.2516  train_AUPR_all=0.7202  train_AUPR_ab=0.7885  train_AUPR_ag=0.6177  train_P@5_ab=1.0000  train_P@5_ag=0.9500  val_loss=0.3783  val_AUPR_all=0.5833  val_AUPR_ab=0.7374  val_AUPR_ag=0.3547  val_P@5_ab=0.9500  val_P@5_ag=0.8500  select=0.5461
Ep023  LR0=1.65e-04  pw=1.78  aucα=0.300  token_p=0.020  dropE=(0.020,0.080)  smooth=0.010  train_loss=0.2436  train_AUPR_all=0.7291  train_AUPR_ab=0.7950  train_AUPR_ag=0.6303  train_P@5_ab=0.9500  train_P@5_ag=0.9500  val_loss=0.3648  val_AUPR_all=0.5871  val_AUPR_ab=0.7461  val_AUPR_ag=0.3692  val_P@5_ab=1.0000  val_P@5_ag=1.0000  select=0.5576
Ep024  LR0=1.62e-04  pw=1.70  aucα=0.300  token_p=0.020  dropE=(0.020,0.080)  smooth=0.010  train_loss=0.2328  train_AUPR_all=0.7375  train_AUPR_ab=0.7975  train_AUPR_ag=0.6488  train_P@5_ab=1.0000  train_P@5_ag=0.9000  val_loss=0.3557  val_AUPR_all=0.5832  val_AUPR_ab=0.7440  val_AUPR_ag=0.3451  val_P@5_ab=0.9500  val_P@5_ag=0.9500  select=0.5446
Ep025  LR0=1.59e-04  pw=1.64  aucα=0.300  token_p=0.020  dropE=(0.020,0.080)  smooth=0.010  train_loss=0.2237  train_AUPR_all=0.7477  train_AUPR_ab=0.8031  train_AUPR_ag=0.6667  train_P@5_ab=1.0000  train_P@5_ag=0.9500  val_loss=0.3642  val_AUPR_all=0.5792  val_AUPR_ab=0.7426  val_AUPR_ag=0.3629  val_P@5_ab=1.0000  val_P@5_ag=1.0000  select=0.5527
Ep026  LR0=1.56e-04  pw=1.57  aucα=0.300  token_p=0.020  dropE=(0.020,0.080)  smooth=0.010  train_loss=0.2132  train_AUPR_all=0.7623  train_AUPR_ab=0.8115  train_AUPR_ag=0.6912  train_P@5_ab=1.0000  train_P@5_ag=1.0000  val_loss=0.3694  val_AUPR_all=0.5777  val_AUPR_ab=0.7427  val_AUPR_ag=0.3598  val_P@5_ab=1.0000  val_P@5_ag=1.0000  select=0.5513
Ep027  LR0=1.52e-04  pw=1.52  aucα=0.300  token_p=0.020  dropE=(0.020,0.080)  smooth=0.010  train_loss=0.2046  train_AUPR_all=0.7725  train_AUPR_ab=0.8236  train_AUPR_ag=0.6987  train_P@5_ab=1.0000  train_P@5_ag=0.9000  val_loss=0.3691  val_AUPR_all=0.5658  val_AUPR_ab=0.7395  val_AUPR_ag=0.3633  val_P@5_ab=1.0000  val_P@5_ag=0.9500  select=0.5514
Ep028  LR0=1.49e-04  pw=1.47  aucα=0.300  token_p=0.020  dropE=(0.020,0.080)  smooth=0.010  train_loss=0.1989  train_AUPR_all=0.7794  train_AUPR_ab=0.8255  train_AUPR_ag=0.7131  train_P@5_ab=1.0000  train_P@5_ag=0.9500  val_loss=0.3452  val_AUPR_all=0.6013  val_AUPR_ab=0.7595  val_AUPR_ag=0.3724  val_P@5_ab=0.9500  val_P@5_ag=1.0000  select=0.5659
  Saved checkpoint: checkpoints_balanced/iPara_balanced_l1_g8_i5_do0.10_dpr0.10_lr0.0002_heads16_fold5.pth  select=0.5659  val_ab=0.7595  val_ag=0.3724  val_all=0.6013
Ep029  LR0=1.46e-04  pw=1.43  aucα=0.300  token_p=0.020  dropE=(0.020,0.080)  smooth=0.010  train_loss=0.1887  train_AUPR_all=0.7946  train_AUPR_ab=0.8436  train_AUPR_ag=0.7230  train_P@5_ab=1.0000  train_P@5_ag=1.0000  val_loss=0.3548  val_AUPR_all=0.5900  val_AUPR_ab=0.7567  val_AUPR_ag=0.3679  val_P@5_ab=0.9500  val_P@5_ag=1.0000  select=0.5623
Ep030  LR0=1.42e-04  pw=1.39  aucα=0.300  token_p=0.020  dropE=(0.020,0.080)  smooth=0.010  train_loss=0.1832  train_AUPR_all=0.8007  train_AUPR_ab=0.8450  train_AUPR_ag=0.7367  train_P@5_ab=1.0000  train_P@5_ag=0.9500  val_loss=0.3638  val_AUPR_all=0.5687  val_AUPR_ab=0.7558  val_AUPR_ag=0.3500  val_P@5_ab=1.0000  val_P@5_ag=0.8000  select=0.5529
Ep031  LR0=1.38e-04  pw=1.35  aucα=0.300  token_p=0.020  dropE=(0.020,0.080)  smooth=0.010  train_loss=0.1761  train_AUPR_all=0.8098  train_AUPR_ab=0.8507  train_AUPR_ag=0.7509  train_P@5_ab=1.0000  train_P@5_ag=1.0000  val_loss=0.3460  val_AUPR_all=0.5834  val_AUPR_ab=0.7509  val_AUPR_ag=0.3593  val_P@5_ab=1.0000  val_P@5_ag=0.9500  select=0.5551
Ep032  LR0=1.35e-04  pw=1.32  aucα=0.300  token_p=0.020  dropE=(0.020,0.080)  smooth=0.010  train_loss=0.1702  train_AUPR_all=0.8178  train_AUPR_ab=0.8569  train_AUPR_ag=0.7616  train_P@5_ab=1.0000  train_P@5_ag=1.0000  val_loss=0.3631  val_AUPR_all=0.5790  val_AUPR_ab=0.7525  val_AUPR_ag=0.3430  val_P@5_ab=0.9500  val_P@5_ag=0.8500  select=0.5477
Ep033  LR0=1.31e-04  pw=1.29  aucα=0.300  token_p=0.020  dropE=(0.020,0.080)  smooth=0.010  train_loss=0.1649  train_AUPR_all=0.8234  train_AUPR_ab=0.8599  train_AUPR_ag=0.7711  train_P@5_ab=1.0000  train_P@5_ag=0.9500  val_loss=0.3569  val_AUPR_all=0.5858  val_AUPR_ab=0.7526  val_AUPR_ag=0.3541  val_P@5_ab=1.0000  val_P@5_ag=1.0000  select=0.5534
Ep034  LR0=1.27e-04  pw=1.26  aucα=0.300  token_p=0.020  dropE=(0.020,0.080)  smooth=0.010  train_loss=0.1564  train_AUPR_all=0.8370  train_AUPR_ab=0.8719  train_AUPR_ag=0.7871  train_P@5_ab=1.0000  train_P@5_ag=0.9500  val_loss=0.3476  val_AUPR_all=0.5844  val_AUPR_ab=0.7580  val_AUPR_ag=0.3388  val_P@5_ab=1.0000  val_P@5_ag=0.8500  select=0.5484
Ep035  LR0=1.24e-04  pw=1.23  aucα=0.300  token_p=0.020  dropE=(0.020,0.080)  smooth=0.010  train_loss=0.1535  train_AUPR_all=0.8402  train_AUPR_ab=0.8760  train_AUPR_ag=0.7888  train_P@5_ab=1.0000  train_P@5_ag=0.9500  val_loss=0.3555  val_AUPR_all=0.5832  val_AUPR_ab=0.7545  val_AUPR_ag=0.3684  val_P@5_ab=1.0000  val_P@5_ag=0.9000  select=0.5614
Ep036  LR0=1.20e-04  pw=1.21  aucα=0.300  token_p=0.020  dropE=(0.020,0.080)  smooth=0.010  train_loss=0.1484  train_AUPR_all=0.8490  train_AUPR_ab=0.8837  train_AUPR_ag=0.7990  train_P@5_ab=1.0000  train_P@5_ag=1.0000  val_loss=0.3419  val_AUPR_all=0.5880  val_AUPR_ab=0.7546  val_AUPR_ag=0.3641  val_P@5_ab=1.0000  val_P@5_ag=0.8500  select=0.5594
Ep037  LR0=1.16e-04  pw=1.19  aucα=0.300  token_p=0.020  dropE=(0.020,0.080)  smooth=0.010  train_loss=0.1442  train_AUPR_all=0.8548  train_AUPR_ab=0.8870  train_AUPR_ag=0.8090  train_P@5_ab=1.0000  train_P@5_ag=0.9500  val_loss=0.3631  val_AUPR_all=0.5691  val_AUPR_ab=0.7480  val_AUPR_ag=0.3426  val_P@5_ab=1.0000  val_P@5_ag=0.8500  select=0.5453
Ep038  LR0=1.12e-04  pw=1.17  aucα=0.300  token_p=0.020  dropE=(0.020,0.080)  smooth=0.010  train_loss=0.1366  train_AUPR_all=0.8665  train_AUPR_ab=0.8980  train_AUPR_ag=0.8208  train_P@5_ab=1.0000  train_P@5_ag=1.0000  val_loss=0.3545  val_AUPR_all=0.5630  val_AUPR_ab=0.7507  val_AUPR_ag=0.3405  val_P@5_ab=1.0000  val_P@5_ag=0.7500  select=0.5456
Ep039  LR0=1.08e-04  pw=1.16  aucα=0.300  token_p=0.020  dropE=(0.020,0.080)  smooth=0.010  train_loss=0.1344  train_AUPR_all=0.8685  train_AUPR_ab=0.8962  train_AUPR_ag=0.8290  train_P@5_ab=1.0000  train_P@5_ag=1.0000  val_loss=0.3447  val_AUPR_all=0.5779  val_AUPR_ab=0.7524  val_AUPR_ag=0.3590  val_P@5_ab=1.0000  val_P@5_ag=0.6500  select=0.5557
Ep040  LR0=1.04e-04  pw=1.14  aucα=0.300  token_p=0.020  dropE=(0.020,0.080)  smooth=0.010  train_loss=0.1283  train_AUPR_all=0.8776  train_AUPR_ab=0.9052  train_AUPR_ag=0.8381  train_P@5_ab=1.0000  train_P@5_ag=1.0000  val_loss=0.3579  val_AUPR_all=0.5748  val_AUPR_ab=0.7482  val_AUPR_ag=0.3539  val_P@5_ab=1.0000  val_P@5_ag=0.8500  select=0.5511
Ep041  LR0=1.00e-04  pw=1.13  aucα=0.300  token_p=0.020  dropE=(0.020,0.080)  smooth=0.010  train_loss=0.1229  train_AUPR_all=0.8861  train_AUPR_ab=0.9127  train_AUPR_ag=0.8472  train_P@5_ab=1.0000  train_P@5_ag=1.0000  val_loss=0.3543  val_AUPR_all=0.5764  val_AUPR_ab=0.7519  val_AUPR_ag=0.3489  val_P@5_ab=1.0000  val_P@5_ag=0.7500  select=0.5504
Ep042  LR0=9.63e-05  pw=1.12  aucα=0.300  token_p=0.020  dropE=(0.020,0.080)  smooth=0.010  train_loss=0.1208  train_AUPR_all=0.8891  train_AUPR_ab=0.9127  train_AUPR_ag=0.8555  train_P@5_ab=1.0000  train_P@5_ag=1.0000  val_loss=0.3552  val_AUPR_all=0.5511  val_AUPR_ab=0.7509  val_AUPR_ag=0.3253  val_P@5_ab=0.9500  val_P@5_ag=0.7000  select=0.5381
Ep043  LR0=9.24e-05  pw=1.10  aucα=0.300  token_p=0.020  dropE=(0.020,0.080)  smooth=0.010  train_loss=0.1146  train_AUPR_all=0.8988  train_AUPR_ab=0.9230  train_AUPR_ag=0.8640  train_P@5_ab=1.0000  train_P@5_ag=1.0000  val_loss=0.3624  val_AUPR_all=0.5695  val_AUPR_ab=0.7456  val_AUPR_ag=0.3411  val_P@5_ab=1.0000  val_P@5_ag=0.8000  select=0.5434
Ep044  LR0=8.85e-05  pw=1.09  aucα=0.300  token_p=0.020  dropE=(0.020,0.080)  smooth=0.010  train_loss=0.1110  train_AUPR_all=0.9040  train_AUPR_ab=0.9272  train_AUPR_ag=0.8702  train_P@5_ab=1.0000  train_P@5_ag=1.0000  val_loss=0.3446  val_AUPR_all=0.5747  val_AUPR_ab=0.7410  val_AUPR_ag=0.3493  val_P@5_ab=0.9500  val_P@5_ag=0.8000  select=0.5451
Ep045  LR0=8.46e-05  pw=1.09  aucα=0.300  token_p=0.020  dropE=(0.020,0.080)  smooth=0.010  train_loss=0.1108  train_AUPR_all=0.9026  train_AUPR_ab=0.9260  train_AUPR_ag=0.8685  train_P@5_ab=1.0000  train_P@5_ag=1.0000  val_loss=0.3546  val_AUPR_all=0.5635  val_AUPR_ab=0.7437  val_AUPR_ag=0.3334  val_P@5_ab=0.9500  val_P@5_ag=0.7000  select=0.5385
Ep046  LR0=8.08e-05  pw=1.08  aucα=0.300  token_p=0.020  dropE=(0.020,0.080)  smooth=0.010  train_loss=0.1048  train_AUPR_all=0.9116  train_AUPR_ab=0.9332  train_AUPR_ag=0.8803  train_P@5_ab=1.0000  train_P@5_ag=1.0000  val_loss=0.3609  val_AUPR_all=0.5740  val_AUPR_ab=0.7498  val_AUPR_ag=0.3377  val_P@5_ab=0.9500  val_P@5_ag=0.7500  select=0.5437
Ep047  LR0=7.70e-05  pw=1.07  aucα=0.300  token_p=0.020  dropE=(0.020,0.080)  smooth=0.010  train_loss=0.1047  train_AUPR_all=0.9109  train_AUPR_ab=0.9309  train_AUPR_ag=0.8820  train_P@5_ab=1.0000  train_P@5_ag=1.0000  val_loss=0.3464  val_AUPR_all=0.5666  val_AUPR_ab=0.7445  val_AUPR_ag=0.3387  val_P@5_ab=0.8500  val_P@5_ag=0.7500  select=0.5416
Ep048  LR0=7.32e-05  pw=1.06  aucα=0.300  token_p=0.020  dropE=(0.020,0.080)  smooth=0.010  train_loss=0.1018  train_AUPR_all=0.9141  train_AUPR_ab=0.9341  train_AUPR_ag=0.8849  train_P@5_ab=1.0000  train_P@5_ag=1.0000  val_loss=0.3607  val_AUPR_all=0.5607  val_AUPR_ab=0.7392  val_AUPR_ag=0.3416  val_P@5_ab=0.9000  val_P@5_ag=0.9500  select=0.5404
Early stopping at epoch 48. Best select=0.5659 at epoch 28.
Final saved checkpoint for fold 5: checkpoints_balanced/iPara_balanced_l1_g8_i5_do0.10_dpr0.10_lr0.0002_heads16_fold5.pth
Best select=0.5659 at epoch 28
