Device: cuda
Visible GPUs: 1
GPU 0: NVIDIA RTX PRO 6000 Blackwell Server Edition
Config:
  sequence_file: para_tv_esmsequences_1600.npz
  data_file: para_tv_esminterfaces_1600.npz
  edge_file: para_tv_esmedges_1600.npz
  seq_len: 1600
  vocab_size: 31
  num_classes: 2
  pad_id: 1
  eoc_id: 24
  embed_dim: 256
  num_heads: 16
  num_layers: 1
  num_gnn_layers: 6
  num_int_layers: 4
  dropout: 0.1
  drop_path_rate: 0.1
  batch_size: 4
  num_epochs: 60
  warmup_epochs: 10
  min_stop_epoch: 45
  early_stop: 20
  learning_rate: 0.0002
  weight_decay: 0.0001
  max_grad_norm: 0.5
  accum_steps: 1
  amp: True
  weight_start: 20.0
  weight_end: 1.0
  weight_anneal_tau: 8.0
  dropedge_min: 0.02
  dropedge_max: 0.08
  token_drop_p: 0.02
  smooth_lambda: 0.01
  aucpr_alpha: 0.3
  aucpr_ramp_start: 10
  aucpr_ramp_len: 10
  aucpr_bins: 64
  aucpr_temp: 0.05
  antibody_loss_weight: 1.0
  antigen_loss_weight: 1.0
  n_splits: 10
  num_workers: 0
  select_ab_weight: 0.5
  select_ag_weight: 0.5
Dataset size: 858

==========================================================================================
Fold 1/10
==========================================================================================
Train labels: valid=448463, pos=29774, neg=418689, ignore=786737, pos_frac=0.06639
Val labels: valid=51729, pos=3456, neg=48273, ignore=85871, pos_frac=0.06681
Initializing ClassificationModel with 6 GAT layers and residual connections...
Initializing MCModel with 6 GAT layers and 4 row attention layers (drop_path_rate=0.1)
Initializing CoreModel with 1 layers, drop_path_rate=0.1
Ep001  LR0=2.00e-04  pw=20.00  aucα=0.000  token_p=0.020  dropE=(0.020,0.080)  smooth=0.010  train_loss=1.0613  train_AUPR_all=0.2272  train_AUPR_ab=0.2662  train_AUPR_ag=0.1687  train_P@5_ab=0.0000  train_P@5_ag=0.0500  val_loss=1.2499  val_AUPR_all=0.4238  val_AUPR_ab=0.5421  val_AUPR_ag=0.2526  val_P@5_ab=0.5000  val_P@5_ag=0.9000  select=0.3973
  Saved checkpoint: checkpoints_old/iPara_balanced_l1_g6_i4_do0.10_dpr0.10_lr0.0002_heads16_fold1.pth  select=0.3973  val_ab=0.5421  val_ag=0.2526  val_all=0.4238
Ep002  LR0=2.00e-04  pw=17.77  aucα=0.000  token_p=0.020  dropE=(0.020,0.080)  smooth=0.010  train_loss=0.7866  train_AUPR_all=0.3995  train_AUPR_ab=0.4859  train_AUPR_ag=0.2573  train_P@5_ab=0.5500  train_P@5_ag=0.6500  val_loss=0.9736  val_AUPR_all=0.4784  val_AUPR_ab=0.5939  val_AUPR_ag=0.3152  val_P@5_ab=0.9500  val_P@5_ag=0.8500  select=0.4545
  Saved checkpoint: checkpoints_old/iPara_balanced_l1_g6_i4_do0.10_dpr0.10_lr0.0002_heads16_fold1.pth  select=0.4545  val_ab=0.5939  val_ag=0.3152  val_all=0.4784
Ep003  LR0=1.99e-04  pw=15.80  aucα=0.000  token_p=0.020  dropE=(0.020,0.080)  smooth=0.010  train_loss=0.6874  train_AUPR_all=0.4548  train_AUPR_ab=0.5388  train_AUPR_ag=0.3094  train_P@5_ab=0.9000  train_P@5_ag=0.9000  val_loss=0.9124  val_AUPR_all=0.4872  val_AUPR_ab=0.5826  val_AUPR_ag=0.3166  val_P@5_ab=0.8000  val_P@5_ag=0.9500  select=0.4496
Ep004  LR0=1.99e-04  pw=14.06  aucα=0.000  token_p=0.020  dropE=(0.020,0.080)  smooth=0.010  train_loss=0.6250  train_AUPR_all=0.4816  train_AUPR_ab=0.5672  train_AUPR_ag=0.3261  train_P@5_ab=0.7500  train_P@5_ag=1.0000  val_loss=0.8617  val_AUPR_all=0.5223  val_AUPR_ab=0.6484  val_AUPR_ag=0.3256  val_P@5_ab=0.9500  val_P@5_ag=0.9500  select=0.4870
  Saved checkpoint: checkpoints_old/iPara_balanced_l1_g6_i4_do0.10_dpr0.10_lr0.0002_heads16_fold1.pth  select=0.4870  val_ab=0.6484  val_ag=0.3256  val_all=0.5223
Unfreezing DyM parameters.
Ep005  LR0=1.98e-04  pw=12.52  aucα=0.000  token_p=0.020  dropE=(0.020,0.080)  smooth=0.010  train_loss=0.5846  train_AUPR_all=0.4983  train_AUPR_ab=0.5787  train_AUPR_ag=0.3483  train_P@5_ab=0.7500  train_P@5_ag=0.9000  val_loss=0.8207  val_AUPR_all=0.5116  val_AUPR_ab=0.6340  val_AUPR_ag=0.3212  val_P@5_ab=0.9000  val_P@5_ag=0.8500  select=0.4776
Ep006  LR0=1.97e-04  pw=11.17  aucα=0.000  token_p=0.020  dropE=(0.020,0.080)  smooth=0.010  train_loss=0.5359  train_AUPR_all=0.5322  train_AUPR_ab=0.6295  train_AUPR_ag=0.3623  train_P@5_ab=0.8000  train_P@5_ag=0.8500  val_loss=0.7438  val_AUPR_all=0.5306  val_AUPR_ab=0.6678  val_AUPR_ag=0.3416  val_P@5_ab=0.9500  val_P@5_ag=1.0000  select=0.5047
  Saved checkpoint: checkpoints_old/iPara_balanced_l1_g6_i4_do0.10_dpr0.10_lr0.0002_heads16_fold1.pth  select=0.5047  val_ab=0.6678  val_ag=0.3416  val_all=0.5306
Ep007  LR0=1.95e-04  pw=9.97  aucα=0.000  token_p=0.020  dropE=(0.020,0.080)  smooth=0.010  train_loss=0.4953  train_AUPR_all=0.5443  train_AUPR_ab=0.6423  train_AUPR_ag=0.3737  train_P@5_ab=0.9000  train_P@5_ag=0.9000  val_loss=0.7496  val_AUPR_all=0.5355  val_AUPR_ab=0.6769  val_AUPR_ag=0.3251  val_P@5_ab=1.0000  val_P@5_ag=1.0000  select=0.5010
Ep008  LR0=1.93e-04  pw=8.92  aucα=0.000  token_p=0.020  dropE=(0.020,0.080)  smooth=0.010  train_loss=0.4663  train_AUPR_all=0.5549  train_AUPR_ab=0.6476  train_AUPR_ag=0.3924  train_P@5_ab=0.9000  train_P@5_ag=1.0000  val_loss=0.7051  val_AUPR_all=0.5435  val_AUPR_ab=0.6866  val_AUPR_ag=0.3346  val_P@5_ab=1.0000  val_P@5_ag=0.9500  select=0.5106
  Saved checkpoint: checkpoints_old/iPara_balanced_l1_g6_i4_do0.10_dpr0.10_lr0.0002_heads16_fold1.pth  select=0.5106  val_ab=0.6866  val_ag=0.3346  val_all=0.5435
Ep009  LR0=1.91e-04  pw=7.99  aucα=0.000  token_p=0.020  dropE=(0.020,0.080)  smooth=0.010  train_loss=0.4303  train_AUPR_all=0.5701  train_AUPR_ab=0.6720  train_AUPR_ag=0.4005  train_P@5_ab=0.9500  train_P@5_ag=0.9000  val_loss=0.6654  val_AUPR_all=0.5548  val_AUPR_ab=0.6953  val_AUPR_ag=0.3430  val_P@5_ab=1.0000  val_P@5_ag=1.0000  select=0.5191
  Saved checkpoint: checkpoints_old/iPara_balanced_l1_g6_i4_do0.10_dpr0.10_lr0.0002_heads16_fold1.pth  select=0.5191  val_ab=0.6953  val_ag=0.3430  val_all=0.5548
Ep010  LR0=1.89e-04  pw=7.17  aucα=0.030  token_p=0.020  dropE=(0.020,0.080)  smooth=0.010  train_loss=0.4161  train_AUPR_all=0.5806  train_AUPR_ab=0.6813  train_AUPR_ag=0.4113  train_P@5_ab=0.9500  train_P@5_ag=0.9500  val_loss=0.6331  val_AUPR_all=0.5489  val_AUPR_ab=0.6775  val_AUPR_ag=0.3472  val_P@5_ab=1.0000  val_P@5_ag=1.0000  select=0.5123
Ep011  LR0=1.87e-04  pw=6.44  aucα=0.060  token_p=0.020  dropE=(0.020,0.080)  smooth=0.010  train_loss=0.4050  train_AUPR_all=0.5891  train_AUPR_ab=0.6904  train_AUPR_ag=0.4199  train_P@5_ab=0.9500  train_P@5_ag=0.9000  val_loss=0.5890  val_AUPR_all=0.5589  val_AUPR_ab=0.6953  val_AUPR_ag=0.3545  val_P@5_ab=1.0000  val_P@5_ag=0.9500  select=0.5249
  Saved checkpoint: checkpoints_old/iPara_balanced_l1_g6_i4_do0.10_dpr0.10_lr0.0002_heads16_fold1.pth  select=0.5249  val_ab=0.6953  val_ag=0.3545  val_all=0.5589
Ep012  LR0=1.84e-04  pw=5.80  aucα=0.090  token_p=0.020  dropE=(0.020,0.080)  smooth=0.010  train_loss=0.3978  train_AUPR_all=0.5964  train_AUPR_ab=0.6971  train_AUPR_ag=0.4293  train_P@5_ab=1.0000  train_P@5_ag=0.8500  val_loss=0.6150  val_AUPR_all=0.5470  val_AUPR_ab=0.7050  val_AUPR_ag=0.3148  val_P@5_ab=1.0000  val_P@5_ag=0.9500  select=0.5099
Ep013  LR0=1.81e-04  pw=5.24  aucα=0.120  token_p=0.020  dropE=(0.020,0.080)  smooth=0.010  train_loss=0.3886  train_AUPR_all=0.6043  train_AUPR_ab=0.7052  train_AUPR_ag=0.4381  train_P@5_ab=0.9500  train_P@5_ag=1.0000  val_loss=0.5268  val_AUPR_all=0.5683  val_AUPR_ab=0.7096  val_AUPR_ag=0.3554  val_P@5_ab=1.0000  val_P@5_ag=0.9500  select=0.5325
  Saved checkpoint: checkpoints_old/iPara_balanced_l1_g6_i4_do0.10_dpr0.10_lr0.0002_heads16_fold1.pth  select=0.5325  val_ab=0.7096  val_ag=0.3554  val_all=0.5683
Ep014  LR0=1.78e-04  pw=4.74  aucα=0.150  token_p=0.020  dropE=(0.020,0.080)  smooth=0.010  train_loss=0.3768  train_AUPR_all=0.6144  train_AUPR_ab=0.7119  train_AUPR_ag=0.4534  train_P@5_ab=0.9000  train_P@5_ag=0.8500  val_loss=0.5112  val_AUPR_all=0.5778  val_AUPR_ab=0.7140  val_AUPR_ag=0.3625  val_P@5_ab=1.0000  val_P@5_ag=1.0000  select=0.5382
  Saved checkpoint: checkpoints_old/iPara_balanced_l1_g6_i4_do0.10_dpr0.10_lr0.0002_heads16_fold1.pth  select=0.5382  val_ab=0.7140  val_ag=0.3625  val_all=0.5778
Ep015  LR0=1.74e-04  pw=4.30  aucα=0.180  token_p=0.020  dropE=(0.020,0.080)  smooth=0.010  train_loss=0.3643  train_AUPR_all=0.6265  train_AUPR_ab=0.7228  train_AUPR_ag=0.4680  train_P@5_ab=0.9500  train_P@5_ag=0.9000  val_loss=0.5532  val_AUPR_all=0.5336  val_AUPR_ab=0.7093  val_AUPR_ag=0.3247  val_P@5_ab=0.9000  val_P@5_ag=1.0000  select=0.5170
Ep016  LR0=1.71e-04  pw=3.91  aucα=0.210  token_p=0.020  dropE=(0.020,0.080)  smooth=0.010  train_loss=0.3566  train_AUPR_all=0.6374  train_AUPR_ab=0.7300  train_AUPR_ag=0.4877  train_P@5_ab=0.9000  train_P@5_ag=1.0000  val_loss=0.4982  val_AUPR_all=0.5620  val_AUPR_ab=0.7116  val_AUPR_ag=0.3456  val_P@5_ab=0.9000  val_P@5_ag=0.9000  select=0.5286
Ep017  LR0=1.67e-04  pw=3.57  aucα=0.240  token_p=0.020  dropE=(0.020,0.080)  smooth=0.010  train_loss=0.3502  train_AUPR_all=0.6481  train_AUPR_ab=0.7409  train_AUPR_ag=0.4988  train_P@5_ab=1.0000  train_P@5_ag=0.9000  val_loss=0.4749  val_AUPR_all=0.5606  val_AUPR_ab=0.7199  val_AUPR_ag=0.3326  val_P@5_ab=0.9500  val_P@5_ag=0.9000  select=0.5262
Ep018  LR0=1.63e-04  pw=3.27  aucα=0.270  token_p=0.020  dropE=(0.020,0.080)  smooth=0.010  train_loss=0.3431  train_AUPR_all=0.6526  train_AUPR_ab=0.7437  train_AUPR_ag=0.5085  train_P@5_ab=1.0000  train_P@5_ag=0.9000  val_loss=0.4522  val_AUPR_all=0.5640  val_AUPR_ab=0.7216  val_AUPR_ag=0.3457  val_P@5_ab=0.9000  val_P@5_ag=1.0000  select=0.5337
Ep019  LR0=1.59e-04  pw=3.00  aucα=0.300  token_p=0.020  dropE=(0.020,0.080)  smooth=0.010  train_loss=0.3377  train_AUPR_all=0.6661  train_AUPR_ab=0.7530  train_AUPR_ag=0.5289  train_P@5_ab=0.9500  train_P@5_ag=0.9000  val_loss=0.4855  val_AUPR_all=0.5559  val_AUPR_ab=0.7187  val_AUPR_ag=0.3222  val_P@5_ab=0.9500  val_P@5_ag=0.8500  select=0.5204
Ep020  LR0=1.55e-04  pw=2.77  aucα=0.300  token_p=0.020  dropE=(0.020,0.080)  smooth=0.010  train_loss=0.3202  train_AUPR_all=0.6758  train_AUPR_ab=0.7612  train_AUPR_ag=0.5410  train_P@5_ab=1.0000  train_P@5_ag=1.0000  val_loss=0.4578  val_AUPR_all=0.5568  val_AUPR_ab=0.7285  val_AUPR_ag=0.3127  val_P@5_ab=0.9500  val_P@5_ag=0.9000  select=0.5206
Ep021  LR0=1.50e-04  pw=2.56  aucα=0.300  token_p=0.020  dropE=(0.020,0.080)  smooth=0.010  train_loss=0.3049  train_AUPR_all=0.6841  train_AUPR_ab=0.7659  train_AUPR_ag=0.5563  train_P@5_ab=1.0000  train_P@5_ag=0.9500  val_loss=0.4380  val_AUPR_all=0.5665  val_AUPR_ab=0.7231  val_AUPR_ag=0.3393  val_P@5_ab=1.0000  val_P@5_ag=0.9500  select=0.5312
Ep022  LR0=1.46e-04  pw=2.38  aucα=0.300  token_p=0.020  dropE=(0.020,0.080)  smooth=0.010  train_loss=0.2898  train_AUPR_all=0.6946  train_AUPR_ab=0.7728  train_AUPR_ag=0.5734  train_P@5_ab=0.9000  train_P@5_ag=0.8000  val_loss=0.4044  val_AUPR_all=0.5651  val_AUPR_ab=0.7264  val_AUPR_ag=0.3207  val_P@5_ab=0.9500  val_P@5_ag=0.7000  select=0.5236
Ep023  LR0=1.41e-04  pw=2.21  aucα=0.300  token_p=0.020  dropE=(0.020,0.080)  smooth=0.010  train_loss=0.2744  train_AUPR_all=0.7055  train_AUPR_ab=0.7774  train_AUPR_ag=0.5954  train_P@5_ab=0.9500  train_P@5_ag=0.9500  val_loss=0.3957  val_AUPR_all=0.5647  val_AUPR_ab=0.7280  val_AUPR_ag=0.3315  val_P@5_ab=0.9500  val_P@5_ag=0.9500  select=0.5297
Ep024  LR0=1.36e-04  pw=2.07  aucα=0.300  token_p=0.020  dropE=(0.020,0.080)  smooth=0.010  train_loss=0.2637  train_AUPR_all=0.7144  train_AUPR_ab=0.7805  train_AUPR_ag=0.6145  train_P@5_ab=0.9500  train_P@5_ag=0.9500  val_loss=0.3885  val_AUPR_all=0.5737  val_AUPR_ab=0.7339  val_AUPR_ag=0.3355  val_P@5_ab=0.9500  val_P@5_ag=0.9500  select=0.5347
Ep025  LR0=1.31e-04  pw=1.95  aucα=0.300  token_p=0.020  dropE=(0.020,0.080)  smooth=0.010  train_loss=0.2499  train_AUPR_all=0.7276  train_AUPR_ab=0.7923  train_AUPR_ag=0.6308  train_P@5_ab=1.0000  train_P@5_ag=0.9500  val_loss=0.3873  val_AUPR_all=0.5532  val_AUPR_ab=0.7292  val_AUPR_ag=0.3440  val_P@5_ab=0.9500  val_P@5_ag=0.9500  select=0.5366
Ep026  LR0=1.26e-04  pw=1.83  aucα=0.300  token_p=0.020  dropE=(0.020,0.080)  smooth=0.010  train_loss=0.2396  train_AUPR_all=0.7364  train_AUPR_ab=0.7943  train_AUPR_ag=0.6510  train_P@5_ab=0.9500  train_P@5_ag=0.9500  val_loss=0.3813  val_AUPR_all=0.5703  val_AUPR_ab=0.7304  val_AUPR_ag=0.3445  val_P@5_ab=0.9000  val_P@5_ag=0.7500  select=0.5375
Ep027  LR0=1.21e-04  pw=1.74  aucα=0.300  token_p=0.020  dropE=(0.020,0.080)  smooth=0.010  train_loss=0.2264  train_AUPR_all=0.7492  train_AUPR_ab=0.8057  train_AUPR_ag=0.6658  train_P@5_ab=0.9500  train_P@5_ag=1.0000  val_loss=0.3683  val_AUPR_all=0.5757  val_AUPR_ab=0.7399  val_AUPR_ag=0.3605  val_P@5_ab=0.9500  val_P@5_ag=0.6000  select=0.5502
  Saved checkpoint: checkpoints_old/iPara_balanced_l1_g6_i4_do0.10_dpr0.10_lr0.0002_heads16_fold1.pth  select=0.5502  val_ab=0.7399  val_ag=0.3605  val_all=0.5757
Ep028  LR0=1.16e-04  pw=1.65  aucα=0.300  token_p=0.020  dropE=(0.020,0.080)  smooth=0.010  train_loss=0.2194  train_AUPR_all=0.7553  train_AUPR_ab=0.8084  train_AUPR_ag=0.6772  train_P@5_ab=1.0000  train_P@5_ag=1.0000  val_loss=0.3626  val_AUPR_all=0.5688  val_AUPR_ab=0.7365  val_AUPR_ag=0.3415  val_P@5_ab=1.0000  val_P@5_ag=0.9000  select=0.5390
Ep029  LR0=1.11e-04  pw=1.57  aucα=0.300  token_p=0.020  dropE=(0.020,0.080)  smooth=0.010  train_loss=0.2113  train_AUPR_all=0.7634  train_AUPR_ab=0.8145  train_AUPR_ag=0.6888  train_P@5_ab=1.0000  train_P@5_ag=0.9500  val_loss=0.3693  val_AUPR_all=0.5690  val_AUPR_ab=0.7336  val_AUPR_ag=0.3456  val_P@5_ab=0.9500  val_P@5_ag=0.9000  select=0.5396
Ep030  LR0=1.05e-04  pw=1.51  aucα=0.300  token_p=0.020  dropE=(0.020,0.080)  smooth=0.010  train_loss=0.1990  train_AUPR_all=0.7807  train_AUPR_ab=0.8264  train_AUPR_ag=0.7147  train_P@5_ab=1.0000  train_P@5_ag=0.9500  val_loss=0.4040  val_AUPR_all=0.5204  val_AUPR_ab=0.7291  val_AUPR_ag=0.2965  val_P@5_ab=0.7500  val_P@5_ag=0.4500  select=0.5128
Ep031  LR0=1.00e-04  pw=1.45  aucα=0.300  token_p=0.020  dropE=(0.020,0.080)  smooth=0.010  train_loss=0.1948  train_AUPR_all=0.7833  train_AUPR_ab=0.8294  train_AUPR_ag=0.7169  train_P@5_ab=1.0000  train_P@5_ag=1.0000  val_loss=0.3721  val_AUPR_all=0.5670  val_AUPR_ab=0.7360  val_AUPR_ag=0.3496  val_P@5_ab=0.9000  val_P@5_ag=0.9500  select=0.5428
Ep032  LR0=9.50e-05  pw=1.39  aucα=0.300  token_p=0.020  dropE=(0.020,0.080)  smooth=0.010  train_loss=0.1838  train_AUPR_all=0.8001  train_AUPR_ab=0.8418  train_AUPR_ag=0.7405  train_P@5_ab=1.0000  train_P@5_ag=1.0000  val_loss=0.3448  val_AUPR_all=0.5717  val_AUPR_ab=0.7372  val_AUPR_ag=0.3537  val_P@5_ab=0.9000  val_P@5_ag=0.5000  select=0.5455
Ep033  LR0=8.98e-05  pw=1.35  aucα=0.300  token_p=0.020  dropE=(0.020,0.080)  smooth=0.010  train_loss=0.1792  train_AUPR_all=0.8033  train_AUPR_ab=0.8443  train_AUPR_ag=0.7445  train_P@5_ab=1.0000  train_P@5_ag=0.9500  val_loss=0.3661  val_AUPR_all=0.5450  val_AUPR_ab=0.7384  val_AUPR_ag=0.3247  val_P@5_ab=0.9500  val_P@5_ag=0.8000  select=0.5316
Ep034  LR0=8.46e-05  pw=1.31  aucα=0.300  token_p=0.020  dropE=(0.020,0.080)  smooth=0.010  train_loss=0.1768  train_AUPR_all=0.8043  train_AUPR_ab=0.8446  train_AUPR_ag=0.7465  train_P@5_ab=1.0000  train_P@5_ag=1.0000  val_loss=0.3634  val_AUPR_all=0.5508  val_AUPR_ab=0.7444  val_AUPR_ag=0.3277  val_P@5_ab=0.9500  val_P@5_ag=0.6000  select=0.5360
Ep035  LR0=7.95e-05  pw=1.27  aucα=0.300  token_p=0.020  dropE=(0.020,0.080)  smooth=0.010  train_loss=0.1721  train_AUPR_all=0.8098  train_AUPR_ab=0.8475  train_AUPR_ag=0.7561  train_P@5_ab=0.9000  train_P@5_ag=1.0000  val_loss=0.3587  val_AUPR_all=0.5522  val_AUPR_ab=0.7410  val_AUPR_ag=0.3344  val_P@5_ab=0.9500  val_P@5_ag=0.3500  select=0.5377
Ep036  LR0=7.44e-05  pw=1.24  aucα=0.300  token_p=0.020  dropE=(0.020,0.080)  smooth=0.010  train_loss=0.1649  train_AUPR_all=0.8184  train_AUPR_ab=0.8533  train_AUPR_ag=0.7689  train_P@5_ab=0.9500  train_P@5_ag=1.0000  val_loss=0.3467  val_AUPR_all=0.5575  val_AUPR_ab=0.7386  val_AUPR_ag=0.3340  val_P@5_ab=0.9500  val_P@5_ag=0.7000  select=0.5363
Ep037  LR0=6.94e-05  pw=1.21  aucα=0.300  token_p=0.020  dropE=(0.020,0.080)  smooth=0.010  train_loss=0.1567  train_AUPR_all=0.8327  train_AUPR_ab=0.8663  train_AUPR_ag=0.7848  train_P@5_ab=1.0000  train_P@5_ag=1.0000  val_loss=0.3522  val_AUPR_all=0.5550  val_AUPR_ab=0.7401  val_AUPR_ag=0.3246  val_P@5_ab=0.9500  val_P@5_ag=0.4500  select=0.5323
Ep038  LR0=6.45e-05  pw=1.19  aucα=0.300  token_p=0.020  dropE=(0.020,0.080)  smooth=0.010  train_loss=0.1523  train_AUPR_all=0.8390  train_AUPR_ab=0.8742  train_AUPR_ag=0.7884  train_P@5_ab=0.9500  train_P@5_ag=1.0000  val_loss=0.3385  val_AUPR_all=0.5602  val_AUPR_ab=0.7404  val_AUPR_ag=0.3351  val_P@5_ab=0.9000  val_P@5_ag=0.5000  select=0.5378
Ep039  LR0=5.97e-05  pw=1.16  aucα=0.300  token_p=0.020  dropE=(0.020,0.080)  smooth=0.010  train_loss=0.1498  train_AUPR_all=0.8405  train_AUPR_ab=0.8726  train_AUPR_ag=0.7950  train_P@5_ab=1.0000  train_P@5_ag=1.0000  val_loss=0.3447  val_AUPR_all=0.5579  val_AUPR_ab=0.7347  val_AUPR_ag=0.3220  val_P@5_ab=0.9000  val_P@5_ag=0.4000  select=0.5284
Ep040  LR0=5.50e-05  pw=1.15  aucα=0.300  token_p=0.020  dropE=(0.020,0.080)  smooth=0.010  train_loss=0.1454  train_AUPR_all=0.8482  train_AUPR_ab=0.8819  train_AUPR_ag=0.7997  train_P@5_ab=1.0000  train_P@5_ag=1.0000  val_loss=0.3466  val_AUPR_all=0.5480  val_AUPR_ab=0.7393  val_AUPR_ag=0.3118  val_P@5_ab=0.9500  val_P@5_ag=0.3000  select=0.5255
Ep041  LR0=5.04e-05  pw=1.13  aucα=0.300  token_p=0.020  dropE=(0.020,0.080)  smooth=0.010  train_loss=0.1411  train_AUPR_all=0.8529  train_AUPR_ab=0.8836  train_AUPR_ag=0.8090  train_P@5_ab=1.0000  train_P@5_ag=1.0000  val_loss=0.3506  val_AUPR_all=0.5451  val_AUPR_ab=0.7314  val_AUPR_ag=0.3278  val_P@5_ab=0.9500  val_P@5_ag=0.4000  select=0.5296
Ep042  LR0=4.59e-05  pw=1.11  aucα=0.300  token_p=0.020  dropE=(0.020,0.080)  smooth=0.010  train_loss=0.1398  train_AUPR_all=0.8538  train_AUPR_ab=0.8839  train_AUPR_ag=0.8106  train_P@5_ab=1.0000  train_P@5_ag=1.0000  val_loss=0.3521  val_AUPR_all=0.5618  val_AUPR_ab=0.7445  val_AUPR_ag=0.3286  val_P@5_ab=0.9500  val_P@5_ag=0.3500  select=0.5365
Ep043  LR0=4.16e-05  pw=1.10  aucα=0.300  token_p=0.020  dropE=(0.020,0.080)  smooth=0.010  train_loss=0.1333  train_AUPR_all=0.8654  train_AUPR_ab=0.8945  train_AUPR_ag=0.8238  train_P@5_ab=1.0000  train_P@5_ag=0.9500  val_loss=0.3449  val_AUPR_all=0.5558  val_AUPR_ab=0.7389  val_AUPR_ag=0.3305  val_P@5_ab=0.9500  val_P@5_ag=0.5000  select=0.5347
Ep044  LR0=3.75e-05  pw=1.09  aucα=0.300  token_p=0.020  dropE=(0.020,0.080)  smooth=0.010  train_loss=0.1350  train_AUPR_all=0.8619  train_AUPR_ab=0.8902  train_AUPR_ag=0.8217  train_P@5_ab=1.0000  train_P@5_ag=1.0000  val_loss=0.3473  val_AUPR_all=0.5626  val_AUPR_ab=0.7454  val_AUPR_ag=0.3370  val_P@5_ab=0.9500  val_P@5_ag=0.4500  select=0.5412
Ep045  LR0=3.35e-05  pw=1.08  aucα=0.300  token_p=0.020  dropE=(0.020,0.080)  smooth=0.010  train_loss=0.1287  train_AUPR_all=0.8718  train_AUPR_ab=0.8992  train_AUPR_ag=0.8328  train_P@5_ab=1.0000  train_P@5_ag=0.9500  val_loss=0.3530  val_AUPR_all=0.5431  val_AUPR_ab=0.7376  val_AUPR_ag=0.3077  val_P@5_ab=0.9000  val_P@5_ag=0.3500  select=0.5226
Ep046  LR0=2.97e-05  pw=1.07  aucα=0.300  token_p=0.020  dropE=(0.020,0.080)  smooth=0.010  train_loss=0.1298  train_AUPR_all=0.8697  train_AUPR_ab=0.8968  train_AUPR_ag=0.8312  train_P@5_ab=1.0000  train_P@5_ag=0.9500  val_loss=0.3511  val_AUPR_all=0.5526  val_AUPR_ab=0.7356  val_AUPR_ag=0.3225  val_P@5_ab=0.9500  val_P@5_ag=0.3500  select=0.5290
Ep047  LR0=2.61e-05  pw=1.06  aucα=0.300  token_p=0.020  dropE=(0.020,0.080)  smooth=0.010  train_loss=0.1250  train_AUPR_all=0.8770  train_AUPR_ab=0.9058  train_AUPR_ag=0.8353  train_P@5_ab=1.0000  train_P@5_ag=1.0000  val_loss=0.3517  val_AUPR_all=0.5495  val_AUPR_ab=0.7349  val_AUPR_ag=0.3185  val_P@5_ab=0.9500  val_P@5_ag=0.4000  select=0.5267
Early stopping at epoch 47. Best select=0.5502 at epoch 27.
Final saved checkpoint for fold 1: checkpoints_old/iPara_balanced_l1_g6_i4_do0.10_dpr0.10_lr0.0002_heads16_fold1.pth
Best select=0.5502 at epoch 27

==========================================================================================
Fold 2/10
==========================================================================================
Train labels: valid=451196, pos=29889, neg=421307, ignore=784004, pos_frac=0.06624
Val labels: valid=48996, pos=3341, neg=45655, ignore=88604, pos_frac=0.06819
Initializing ClassificationModel with 6 GAT layers and residual connections...
Initializing MCModel with 6 GAT layers and 4 row attention layers (drop_path_rate=0.1)
Initializing CoreModel with 1 layers, drop_path_rate=0.1
Ep001  LR0=2.00e-04  pw=20.00  aucα=0.000  token_p=0.020  dropE=(0.020,0.080)  smooth=0.010  train_loss=1.0779  train_AUPR_all=0.2123  train_AUPR_ab=0.2526  train_AUPR_ag=0.1559  train_P@5_ab=0.1500  train_P@5_ag=0.1000  val_loss=1.0179  val_AUPR_all=0.4532  val_AUPR_ab=0.5503  val_AUPR_ag=0.3072  val_P@5_ab=0.9000  val_P@5_ag=0.7500  select=0.4288
  Saved checkpoint: checkpoints_old/iPara_balanced_l1_g6_i4_do0.10_dpr0.10_lr0.0002_heads16_fold2.pth  select=0.4288  val_ab=0.5503  val_ag=0.3072  val_all=0.4532
Ep002  LR0=2.00e-04  pw=17.77  aucα=0.000  token_p=0.020  dropE=(0.020,0.080)  smooth=0.010  train_loss=0.7880  train_AUPR_all=0.3858  train_AUPR_ab=0.4802  train_AUPR_ag=0.2261  train_P@5_ab=0.4500  train_P@5_ag=0.9000  val_loss=0.9384  val_AUPR_all=0.4853  val_AUPR_ab=0.5855  val_AUPR_ag=0.3362  val_P@5_ab=0.8000  val_P@5_ag=0.9000  select=0.4609
  Saved checkpoint: checkpoints_old/iPara_balanced_l1_g6_i4_do0.10_dpr0.10_lr0.0002_heads16_fold2.pth  select=0.4609  val_ab=0.5855  val_ag=0.3362  val_all=0.4853
Ep003  LR0=1.99e-04  pw=15.80  aucα=0.000  token_p=0.020  dropE=(0.020,0.080)  smooth=0.010  train_loss=0.7020  train_AUPR_all=0.4421  train_AUPR_ab=0.5352  train_AUPR_ag=0.2845  train_P@5_ab=0.8000  train_P@5_ag=0.7000  val_loss=1.0345  val_AUPR_all=0.4803  val_AUPR_ab=0.5944  val_AUPR_ag=0.2868  val_P@5_ab=0.6500  val_P@5_ag=0.9000  select=0.4406
Ep004  LR0=1.99e-04  pw=14.06  aucα=0.000  token_p=0.020  dropE=(0.020,0.080)  smooth=0.010  train_loss=0.6370  train_AUPR_all=0.4650  train_AUPR_ab=0.5604  train_AUPR_ag=0.3022  train_P@5_ab=0.8000  train_P@5_ag=0.6500  val_loss=0.8269  val_AUPR_all=0.5112  val_AUPR_ab=0.6198  val_AUPR_ag=0.3664  val_P@5_ab=0.8000  val_P@5_ag=1.0000  select=0.4931
  Saved checkpoint: checkpoints_old/iPara_balanced_l1_g6_i4_do0.10_dpr0.10_lr0.0002_heads16_fold2.pth  select=0.4931  val_ab=0.6198  val_ag=0.3664  val_all=0.5112
Unfreezing DyM parameters.
Ep005  LR0=1.98e-04  pw=12.52  aucα=0.000  token_p=0.020  dropE=(0.020,0.080)  smooth=0.010  train_loss=0.5843  train_AUPR_all=0.5048  train_AUPR_ab=0.5958  train_AUPR_ag=0.3415  train_P@5_ab=0.6000  train_P@5_ag=0.7000  val_loss=0.7582  val_AUPR_all=0.5237  val_AUPR_ab=0.6421  val_AUPR_ag=0.3779  val_P@5_ab=0.8500  val_P@5_ag=0.9000  select=0.5100
  Saved checkpoint: checkpoints_old/iPara_balanced_l1_g6_i4_do0.10_dpr0.10_lr0.0002_heads16_fold2.pth  select=0.5100  val_ab=0.6421  val_ag=0.3779  val_all=0.5237
Ep006  LR0=1.97e-04  pw=11.17  aucα=0.000  token_p=0.020  dropE=(0.020,0.080)  smooth=0.010  train_loss=0.5410  train_AUPR_all=0.5229  train_AUPR_ab=0.6180  train_AUPR_ag=0.3531  train_P@5_ab=0.9000  train_P@5_ag=0.6500  val_loss=0.8025  val_AUPR_all=0.5536  val_AUPR_ab=0.6582  val_AUPR_ag=0.3692  val_P@5_ab=0.8000  val_P@5_ag=1.0000  select=0.5137
  Saved checkpoint: checkpoints_old/iPara_balanced_l1_g6_i4_do0.10_dpr0.10_lr0.0002_heads16_fold2.pth  select=0.5137  val_ab=0.6582  val_ag=0.3692  val_all=0.5536
Ep007  LR0=1.95e-04  pw=9.97  aucα=0.000  token_p=0.020  dropE=(0.020,0.080)  smooth=0.010  train_loss=0.5099  train_AUPR_all=0.5307  train_AUPR_ab=0.6286  train_AUPR_ag=0.3586  train_P@5_ab=0.9500  train_P@5_ag=0.9500  val_loss=0.6626  val_AUPR_all=0.5806  val_AUPR_ab=0.6926  val_AUPR_ag=0.4036  val_P@5_ab=0.9500  val_P@5_ag=1.0000  select=0.5481
  Saved checkpoint: checkpoints_old/iPara_balanced_l1_g6_i4_do0.10_dpr0.10_lr0.0002_heads16_fold2.pth  select=0.5481  val_ab=0.6926  val_ag=0.4036  val_all=0.5806
Ep008  LR0=1.93e-04  pw=8.92  aucα=0.000  token_p=0.020  dropE=(0.020,0.080)  smooth=0.010  train_loss=0.4688  train_AUPR_all=0.5490  train_AUPR_ab=0.6486  train_AUPR_ag=0.3715  train_P@5_ab=0.8500  train_P@5_ag=0.8500  val_loss=0.6527  val_AUPR_all=0.5779  val_AUPR_ab=0.6749  val_AUPR_ag=0.4027  val_P@5_ab=0.9500  val_P@5_ag=1.0000  select=0.5388
Ep009  LR0=1.91e-04  pw=7.99  aucα=0.000  token_p=0.020  dropE=(0.020,0.080)  smooth=0.010  train_loss=0.4368  train_AUPR_all=0.5605  train_AUPR_ab=0.6622  train_AUPR_ag=0.3856  train_P@5_ab=0.9500  train_P@5_ag=0.9500  val_loss=0.6117  val_AUPR_all=0.5994  val_AUPR_ab=0.7184  val_AUPR_ag=0.4027  val_P@5_ab=1.0000  val_P@5_ag=1.0000  select=0.5605
  Saved checkpoint: checkpoints_old/iPara_balanced_l1_g6_i4_do0.10_dpr0.10_lr0.0002_heads16_fold2.pth  select=0.5605  val_ab=0.7184  val_ag=0.4027  val_all=0.5994
Ep010  LR0=1.89e-04  pw=7.17  aucα=0.030  token_p=0.020  dropE=(0.020,0.080)  smooth=0.010  train_loss=0.4241  train_AUPR_all=0.5725  train_AUPR_ab=0.6738  train_AUPR_ag=0.4013  train_P@5_ab=0.9500  train_P@5_ag=0.9500  val_loss=0.5714  val_AUPR_all=0.5987  val_AUPR_ab=0.7071  val_AUPR_ag=0.4145  val_P@5_ab=1.0000  val_P@5_ag=1.0000  select=0.5608
  Saved checkpoint: checkpoints_old/iPara_balanced_l1_g6_i4_do0.10_dpr0.10_lr0.0002_heads16_fold2.pth  select=0.5608  val_ab=0.7071  val_ag=0.4145  val_all=0.5987
Ep011  LR0=1.87e-04  pw=6.44  aucα=0.060  token_p=0.020  dropE=(0.020,0.080)  smooth=0.010  train_loss=0.4116  train_AUPR_all=0.5813  train_AUPR_ab=0.6816  train_AUPR_ag=0.4100  train_P@5_ab=0.9000  train_P@5_ag=0.9500  val_loss=0.5613  val_AUPR_all=0.5852  val_AUPR_ab=0.7072  val_AUPR_ag=0.3815  val_P@5_ab=1.0000  val_P@5_ag=0.9500  select=0.5443
Ep012  LR0=1.84e-04  pw=5.80  aucα=0.090  token_p=0.020  dropE=(0.020,0.080)  smooth=0.010  train_loss=0.3959  train_AUPR_all=0.5963  train_AUPR_ab=0.6953  train_AUPR_ag=0.4320  train_P@5_ab=1.0000  train_P@5_ag=1.0000  val_loss=0.5101  val_AUPR_all=0.6201  val_AUPR_ab=0.7363  val_AUPR_ag=0.4286  val_P@5_ab=1.0000  val_P@5_ag=1.0000  select=0.5825
  Saved checkpoint: checkpoints_old/iPara_balanced_l1_g6_i4_do0.10_dpr0.10_lr0.0002_heads16_fold2.pth  select=0.5825  val_ab=0.7363  val_ag=0.4286  val_all=0.6201
Ep013  LR0=1.81e-04  pw=5.24  aucα=0.120  token_p=0.020  dropE=(0.020,0.080)  smooth=0.010  train_loss=0.3887  train_AUPR_all=0.5996  train_AUPR_ab=0.7014  train_AUPR_ag=0.4321  train_P@5_ab=0.9000  train_P@5_ag=0.8500  val_loss=0.4957  val_AUPR_all=0.6103  val_AUPR_ab=0.7243  val_AUPR_ag=0.4277  val_P@5_ab=0.9500  val_P@5_ag=1.0000  select=0.5760
Ep014  LR0=1.78e-04  pw=4.74  aucα=0.150  token_p=0.020  dropE=(0.020,0.080)  smooth=0.010  train_loss=0.3796  train_AUPR_all=0.6116  train_AUPR_ab=0.7109  train_AUPR_ag=0.4479  train_P@5_ab=0.9500  train_P@5_ag=0.9500  val_loss=0.4748  val_AUPR_all=0.6155  val_AUPR_ab=0.7441  val_AUPR_ag=0.3963  val_P@5_ab=1.0000  val_P@5_ag=1.0000  select=0.5702
Ep015  LR0=1.74e-04  pw=4.30  aucα=0.180  token_p=0.020  dropE=(0.020,0.080)  smooth=0.010  train_loss=0.3733  train_AUPR_all=0.6192  train_AUPR_ab=0.7173  train_AUPR_ag=0.4586  train_P@5_ab=1.0000  train_P@5_ag=1.0000  val_loss=0.4546  val_AUPR_all=0.6085  val_AUPR_ab=0.7300  val_AUPR_ag=0.4252  val_P@5_ab=1.0000  val_P@5_ag=0.9500  select=0.5776
Ep016  LR0=1.71e-04  pw=3.91  aucα=0.210  token_p=0.020  dropE=(0.020,0.080)  smooth=0.010  train_loss=0.3656  train_AUPR_all=0.6271  train_AUPR_ab=0.7257  train_AUPR_ag=0.4664  train_P@5_ab=1.0000  train_P@5_ag=1.0000  val_loss=0.4417  val_AUPR_all=0.6200  val_AUPR_ab=0.7503  val_AUPR_ag=0.4237  val_P@5_ab=1.0000  val_P@5_ag=0.9500  select=0.5870
  Saved checkpoint: checkpoints_old/iPara_balanced_l1_g6_i4_do0.10_dpr0.10_lr0.0002_heads16_fold2.pth  select=0.5870  val_ab=0.7503  val_ag=0.4237  val_all=0.6200
Ep017  LR0=1.67e-04  pw=3.57  aucα=0.240  token_p=0.020  dropE=(0.020,0.080)  smooth=0.010  train_loss=0.3566  train_AUPR_all=0.6374  train_AUPR_ab=0.7368  train_AUPR_ag=0.4783  train_P@5_ab=1.0000  train_P@5_ag=0.9000  val_loss=0.4269  val_AUPR_all=0.6244  val_AUPR_ab=0.7494  val_AUPR_ag=0.4278  val_P@5_ab=1.0000  val_P@5_ag=1.0000  select=0.5886
  Saved checkpoint: checkpoints_old/iPara_balanced_l1_g6_i4_do0.10_dpr0.10_lr0.0002_heads16_fold2.pth  select=0.5886  val_ab=0.7494  val_ag=0.4278  val_all=0.6244
Ep018  LR0=1.63e-04  pw=3.27  aucα=0.270  token_p=0.020  dropE=(0.020,0.080)  smooth=0.010  train_loss=0.3523  train_AUPR_all=0.6456  train_AUPR_ab=0.7394  train_AUPR_ag=0.4956  train_P@5_ab=1.0000  train_P@5_ag=1.0000  val_loss=0.3963  val_AUPR_all=0.6387  val_AUPR_ab=0.7588  val_AUPR_ag=0.4480  val_P@5_ab=1.0000  val_P@5_ag=1.0000  select=0.6034
  Saved checkpoint: checkpoints_old/iPara_balanced_l1_g6_i4_do0.10_dpr0.10_lr0.0002_heads16_fold2.pth  select=0.6034  val_ab=0.7588  val_ag=0.4480  val_all=0.6387
Ep019  LR0=1.59e-04  pw=3.00  aucα=0.300  token_p=0.020  dropE=(0.020,0.080)  smooth=0.010  train_loss=0.3435  train_AUPR_all=0.6551  train_AUPR_ab=0.7449  train_AUPR_ag=0.5128  train_P@5_ab=0.9500  train_P@5_ag=0.9000  val_loss=0.3950  val_AUPR_all=0.6291  val_AUPR_ab=0.7714  val_AUPR_ag=0.4016  val_P@5_ab=1.0000  val_P@5_ag=0.9500  select=0.5865
Ep020  LR0=1.55e-04  pw=2.77  aucα=0.300  token_p=0.020  dropE=(0.020,0.080)  smooth=0.010  train_loss=0.3264  train_AUPR_all=0.6697  train_AUPR_ab=0.7599  train_AUPR_ag=0.5274  train_P@5_ab=0.9500  train_P@5_ag=1.0000  val_loss=0.3832  val_AUPR_all=0.6239  val_AUPR_ab=0.7513  val_AUPR_ag=0.4283  val_P@5_ab=0.9500  val_P@5_ag=0.9500  select=0.5898
Ep021  LR0=1.50e-04  pw=2.56  aucα=0.300  token_p=0.020  dropE=(0.020,0.080)  smooth=0.010  train_loss=0.3115  train_AUPR_all=0.6738  train_AUPR_ab=0.7585  train_AUPR_ag=0.5430  train_P@5_ab=0.9500  train_P@5_ag=1.0000  val_loss=0.3647  val_AUPR_all=0.6352  val_AUPR_ab=0.7677  val_AUPR_ag=0.4317  val_P@5_ab=1.0000  val_P@5_ag=1.0000  select=0.5997
Ep022  LR0=1.46e-04  pw=2.38  aucα=0.300  token_p=0.020  dropE=(0.020,0.080)  smooth=0.010  train_loss=0.2943  train_AUPR_all=0.6903  train_AUPR_ab=0.7694  train_AUPR_ag=0.5687  train_P@5_ab=0.9500  train_P@5_ag=1.0000  val_loss=0.3675  val_AUPR_all=0.6198  val_AUPR_ab=0.7648  val_AUPR_ag=0.4199  val_P@5_ab=1.0000  val_P@5_ag=1.0000  select=0.5924
Ep023  LR0=1.41e-04  pw=2.21  aucα=0.300  token_p=0.020  dropE=(0.020,0.080)  smooth=0.010  train_loss=0.2811  train_AUPR_all=0.6964  train_AUPR_ab=0.7691  train_AUPR_ag=0.5865  train_P@5_ab=1.0000  train_P@5_ag=1.0000  val_loss=0.3668  val_AUPR_all=0.6383  val_AUPR_ab=0.7750  val_AUPR_ag=0.4361  val_P@5_ab=0.9500  val_P@5_ag=0.9500  select=0.6055
  Saved checkpoint: checkpoints_old/iPara_balanced_l1_g6_i4_do0.10_dpr0.10_lr0.0002_heads16_fold2.pth  select=0.6055  val_ab=0.7750  val_ag=0.4361  val_all=0.6383
Ep024  LR0=1.36e-04  pw=2.07  aucα=0.300  token_p=0.020  dropE=(0.020,0.080)  smooth=0.010  train_loss=0.2677  train_AUPR_all=0.7091  train_AUPR_ab=0.7786  train_AUPR_ag=0.6040  train_P@5_ab=0.9000  train_P@5_ag=1.0000  val_loss=0.3596  val_AUPR_all=0.6254  val_AUPR_ab=0.7713  val_AUPR_ag=0.4148  val_P@5_ab=1.0000  val_P@5_ag=1.0000  select=0.5930
Ep025  LR0=1.31e-04  pw=1.95  aucα=0.300  token_p=0.020  dropE=(0.020,0.080)  smooth=0.010  train_loss=0.2536  train_AUPR_all=0.7232  train_AUPR_ab=0.7909  train_AUPR_ag=0.6214  train_P@5_ab=1.0000  train_P@5_ag=0.9000  val_loss=0.3444  val_AUPR_all=0.6402  val_AUPR_ab=0.7792  val_AUPR_ag=0.4341  val_P@5_ab=1.0000  val_P@5_ag=1.0000  select=0.6066
  Saved checkpoint: checkpoints_old/iPara_balanced_l1_g6_i4_do0.10_dpr0.10_lr0.0002_heads16_fold2.pth  select=0.6066  val_ab=0.7792  val_ag=0.4341  val_all=0.6402
Ep026  LR0=1.26e-04  pw=1.83  aucα=0.300  token_p=0.020  dropE=(0.020,0.080)  smooth=0.010  train_loss=0.2400  train_AUPR_all=0.7381  train_AUPR_ab=0.8009  train_AUPR_ag=0.6448  train_P@5_ab=1.0000  train_P@5_ag=1.0000  val_loss=0.3334  val_AUPR_all=0.6462  val_AUPR_ab=0.7915  val_AUPR_ag=0.4243  val_P@5_ab=0.9500  val_P@5_ag=0.9500  select=0.6079
  Saved checkpoint: checkpoints_old/iPara_balanced_l1_g6_i4_do0.10_dpr0.10_lr0.0002_heads16_fold2.pth  select=0.6079  val_ab=0.7915  val_ag=0.4243  val_all=0.6462
Ep027  LR0=1.21e-04  pw=1.74  aucα=0.300  token_p=0.020  dropE=(0.020,0.080)  smooth=0.010  train_loss=0.2325  train_AUPR_all=0.7417  train_AUPR_ab=0.8027  train_AUPR_ag=0.6509  train_P@5_ab=1.0000  train_P@5_ag=0.9000  val_loss=0.3460  val_AUPR_all=0.6339  val_AUPR_ab=0.7775  val_AUPR_ag=0.4318  val_P@5_ab=1.0000  val_P@5_ag=0.9500  select=0.6047
Ep028  LR0=1.16e-04  pw=1.65  aucα=0.300  token_p=0.020  dropE=(0.020,0.080)  smooth=0.010  train_loss=0.2241  train_AUPR_all=0.7478  train_AUPR_ab=0.8049  train_AUPR_ag=0.6643  train_P@5_ab=1.0000  train_P@5_ag=0.9000  val_loss=0.3237  val_AUPR_all=0.6413  val_AUPR_ab=0.7827  val_AUPR_ag=0.4288  val_P@5_ab=1.0000  val_P@5_ag=0.9500  select=0.6057
Ep029  LR0=1.11e-04  pw=1.57  aucα=0.300  token_p=0.020  dropE=(0.020,0.080)  smooth=0.010  train_loss=0.2163  train_AUPR_all=0.7563  train_AUPR_ab=0.8092  train_AUPR_ag=0.6794  train_P@5_ab=0.9500  train_P@5_ag=1.0000  val_loss=0.3254  val_AUPR_all=0.6316  val_AUPR_ab=0.7782  val_AUPR_ag=0.4248  val_P@5_ab=0.9500  val_P@5_ag=0.7500  select=0.6015
Ep030  LR0=1.05e-04  pw=1.51  aucα=0.300  token_p=0.020  dropE=(0.020,0.080)  smooth=0.010  train_loss=0.2066  train_AUPR_all=0.7666  train_AUPR_ab=0.8169  train_AUPR_ag=0.6936  train_P@5_ab=1.0000  train_P@5_ag=0.9500  val_loss=0.3243  val_AUPR_all=0.6265  val_AUPR_ab=0.7912  val_AUPR_ag=0.4048  val_P@5_ab=1.0000  val_P@5_ag=0.8500  select=0.5980
Ep031  LR0=1.00e-04  pw=1.45  aucα=0.300  token_p=0.020  dropE=(0.020,0.080)  smooth=0.010  train_loss=0.1967  train_AUPR_all=0.7795  train_AUPR_ab=0.8272  train_AUPR_ag=0.7103  train_P@5_ab=0.9500  train_P@5_ag=1.0000  val_loss=0.3128  val_AUPR_all=0.6373  val_AUPR_ab=0.7873  val_AUPR_ag=0.4265  val_P@5_ab=0.9500  val_P@5_ag=0.9500  select=0.6069
Ep032  LR0=9.50e-05  pw=1.39  aucα=0.300  token_p=0.020  dropE=(0.020,0.080)  smooth=0.010  train_loss=0.1895  train_AUPR_all=0.7901  train_AUPR_ab=0.8321  train_AUPR_ag=0.7305  train_P@5_ab=1.0000  train_P@5_ag=0.9500  val_loss=0.3336  val_AUPR_all=0.6201  val_AUPR_ab=0.7799  val_AUPR_ag=0.3980  val_P@5_ab=0.9500  val_P@5_ag=0.7000  select=0.5890
Ep033  LR0=8.98e-05  pw=1.35  aucα=0.300  token_p=0.020  dropE=(0.020,0.080)  smooth=0.010  train_loss=0.1832  train_AUPR_all=0.7966  train_AUPR_ab=0.8391  train_AUPR_ag=0.7358  train_P@5_ab=1.0000  train_P@5_ag=1.0000  val_loss=0.3224  val_AUPR_all=0.6235  val_AUPR_ab=0.7767  val_AUPR_ag=0.4112  val_P@5_ab=0.9000  val_P@5_ag=0.7000  select=0.5940
Ep034  LR0=8.46e-05  pw=1.31  aucα=0.300  token_p=0.020  dropE=(0.020,0.080)  smooth=0.010  train_loss=0.1816  train_AUPR_all=0.7975  train_AUPR_ab=0.8373  train_AUPR_ag=0.7411  train_P@5_ab=1.0000  train_P@5_ag=1.0000  val_loss=0.3207  val_AUPR_all=0.6189  val_AUPR_ab=0.7796  val_AUPR_ag=0.4219  val_P@5_ab=0.9000  val_P@5_ag=0.9500  select=0.6008
Ep035  LR0=7.95e-05  pw=1.27  aucα=0.300  token_p=0.020  dropE=(0.020,0.080)  smooth=0.010  train_loss=0.1745  train_AUPR_all=0.8059  train_AUPR_ab=0.8454  train_AUPR_ag=0.7498  train_P@5_ab=1.0000  train_P@5_ag=1.0000  val_loss=0.3086  val_AUPR_all=0.6269  val_AUPR_ab=0.7714  val_AUPR_ag=0.4318  val_P@5_ab=0.9000  val_P@5_ag=0.9000  select=0.6016
Ep036  LR0=7.44e-05  pw=1.24  aucα=0.300  token_p=0.020  dropE=(0.020,0.080)  smooth=0.010  train_loss=0.1683  train_AUPR_all=0.8145  train_AUPR_ab=0.8525  train_AUPR_ag=0.7601  train_P@5_ab=0.9000  train_P@5_ag=1.0000  val_loss=0.2990  val_AUPR_all=0.6366  val_AUPR_ab=0.7755  val_AUPR_ag=0.4365  val_P@5_ab=0.9500  val_P@5_ag=0.9000  select=0.6060
Ep037  LR0=6.94e-05  pw=1.21  aucα=0.300  token_p=0.020  dropE=(0.020,0.080)  smooth=0.010  train_loss=0.1601  train_AUPR_all=0.8257  train_AUPR_ab=0.8619  train_AUPR_ag=0.7739  train_P@5_ab=1.0000  train_P@5_ag=1.0000  val_loss=0.3134  val_AUPR_all=0.6250  val_AUPR_ab=0.7789  val_AUPR_ag=0.4093  val_P@5_ab=0.9500  val_P@5_ag=0.6500  select=0.5941
Ep038  LR0=6.45e-05  pw=1.19  aucα=0.300  token_p=0.020  dropE=(0.020,0.080)  smooth=0.010  train_loss=0.1560  train_AUPR_all=0.8307  train_AUPR_ab=0.8648  train_AUPR_ag=0.7821  train_P@5_ab=1.0000  train_P@5_ag=1.0000  val_loss=0.3123  val_AUPR_all=0.6218  val_AUPR_ab=0.7809  val_AUPR_ag=0.4037  val_P@5_ab=0.8500  val_P@5_ag=0.6500  select=0.5923
Ep039  LR0=5.97e-05  pw=1.16  aucα=0.300  token_p=0.020  dropE=(0.020,0.080)  smooth=0.010  train_loss=0.1527  train_AUPR_all=0.8368  train_AUPR_ab=0.8712  train_AUPR_ag=0.7878  train_P@5_ab=1.0000  train_P@5_ag=1.0000  val_loss=0.3155  val_AUPR_all=0.6137  val_AUPR_ab=0.7736  val_AUPR_ag=0.3991  val_P@5_ab=0.8500  val_P@5_ag=0.6500  select=0.5864
Ep040  LR0=5.50e-05  pw=1.15  aucα=0.300  token_p=0.020  dropE=(0.020,0.080)  smooth=0.010  train_loss=0.1509  train_AUPR_all=0.8383  train_AUPR_ab=0.8698  train_AUPR_ag=0.7939  train_P@5_ab=1.0000  train_P@5_ag=1.0000  val_loss=0.3088  val_AUPR_all=0.6215  val_AUPR_ab=0.7794  val_AUPR_ag=0.4006  val_P@5_ab=0.9000  val_P@5_ag=0.7500  select=0.5900
Ep041  LR0=5.04e-05  pw=1.13  aucα=0.300  token_p=0.020  dropE=(0.020,0.080)  smooth=0.010  train_loss=0.1468  train_AUPR_all=0.8429  train_AUPR_ab=0.8735  train_AUPR_ag=0.7998  train_P@5_ab=1.0000  train_P@5_ag=1.0000  val_loss=0.3044  val_AUPR_all=0.6230  val_AUPR_ab=0.7790  val_AUPR_ag=0.4027  val_P@5_ab=0.8500  val_P@5_ag=0.7000  select=0.5909
Ep042  LR0=4.59e-05  pw=1.11  aucα=0.300  token_p=0.020  dropE=(0.020,0.080)  smooth=0.010  train_loss=0.1453  train_AUPR_all=0.8462  train_AUPR_ab=0.8783  train_AUPR_ag=0.8007  train_P@5_ab=1.0000  train_P@5_ag=1.0000  val_loss=0.3082  val_AUPR_all=0.6322  val_AUPR_ab=0.7836  val_AUPR_ag=0.4231  val_P@5_ab=0.9000  val_P@5_ag=0.9000  select=0.6033
Ep043  LR0=4.16e-05  pw=1.10  aucα=0.300  token_p=0.020  dropE=(0.020,0.080)  smooth=0.010  train_loss=0.1401  train_AUPR_all=0.8532  train_AUPR_ab=0.8827  train_AUPR_ag=0.8112  train_P@5_ab=1.0000  train_P@5_ag=1.0000  val_loss=0.3080  val_AUPR_all=0.6146  val_AUPR_ab=0.7807  val_AUPR_ag=0.3990  val_P@5_ab=0.9000  val_P@5_ag=0.5500  select=0.5899
Ep044  LR0=3.75e-05  pw=1.09  aucα=0.300  token_p=0.020  dropE=(0.020,0.080)  smooth=0.010  train_loss=0.1354  train_AUPR_all=0.8601  train_AUPR_ab=0.8888  train_AUPR_ag=0.8192  train_P@5_ab=1.0000  train_P@5_ag=0.9500  val_loss=0.3023  val_AUPR_all=0.6296  val_AUPR_ab=0.7861  val_AUPR_ag=0.4240  val_P@5_ab=0.9000  val_P@5_ag=0.7500  select=0.6050
Ep045  LR0=3.35e-05  pw=1.08  aucα=0.300  token_p=0.020  dropE=(0.020,0.080)  smooth=0.010  train_loss=0.1365  train_AUPR_all=0.8582  train_AUPR_ab=0.8883  train_AUPR_ag=0.8152  train_P@5_ab=0.9000  train_P@5_ag=1.0000  val_loss=0.3068  val_AUPR_all=0.6219  val_AUPR_ab=0.7831  val_AUPR_ag=0.4047  val_P@5_ab=0.8500  val_P@5_ag=0.5000  select=0.5939
Ep046  LR0=2.97e-05  pw=1.07  aucα=0.300  token_p=0.020  dropE=(0.020,0.080)  smooth=0.010  train_loss=0.1324  train_AUPR_all=0.8647  train_AUPR_ab=0.8928  train_AUPR_ag=0.8247  train_P@5_ab=1.0000  train_P@5_ag=1.0000  val_loss=0.3057  val_AUPR_all=0.6246  val_AUPR_ab=0.7828  val_AUPR_ag=0.4114  val_P@5_ab=0.9000  val_P@5_ag=0.7000  select=0.5971
Early stopping at epoch 46. Best select=0.6079 at epoch 26.
Final saved checkpoint for fold 2: checkpoints_old/iPara_balanced_l1_g6_i4_do0.10_dpr0.10_lr0.0002_heads16_fold2.pth
Best select=0.6079 at epoch 26

==========================================================================================
Fold 3/10
==========================================================================================
Train labels: valid=450158, pos=29827, neg=420331, ignore=785042, pos_frac=0.06626
Val labels: valid=50034, pos=3403, neg=46631, ignore=87566, pos_frac=0.06801
Initializing ClassificationModel with 6 GAT layers and residual connections...
Initializing MCModel with 6 GAT layers and 4 row attention layers (drop_path_rate=0.1)
Initializing CoreModel with 1 layers, drop_path_rate=0.1
Ep001  LR0=2.00e-04  pw=20.00  aucα=0.000  token_p=0.020  dropE=(0.020,0.080)  smooth=0.010  train_loss=1.1088  train_AUPR_all=0.2170  train_AUPR_ab=0.2545  train_AUPR_ag=0.1600  train_P@5_ab=0.0500  train_P@5_ag=0.0500  val_loss=1.0151  val_AUPR_all=0.4357  val_AUPR_ab=0.5144  val_AUPR_ag=0.3260  val_P@5_ab=0.9500  val_P@5_ag=0.9000  select=0.4202
  Saved checkpoint: checkpoints_old/iPara_balanced_l1_g6_i4_do0.10_dpr0.10_lr0.0002_heads16_fold3.pth  select=0.4202  val_ab=0.5144  val_ag=0.3260  val_all=0.4357
Ep002  LR0=2.00e-04  pw=17.77  aucα=0.000  token_p=0.020  dropE=(0.020,0.080)  smooth=0.010  train_loss=0.7632  train_AUPR_all=0.4140  train_AUPR_ab=0.4990  train_AUPR_ag=0.2701  train_P@5_ab=0.7000  train_P@5_ag=0.7500  val_loss=1.0171  val_AUPR_all=0.4665  val_AUPR_ab=0.6042  val_AUPR_ag=0.3432  val_P@5_ab=0.9000  val_P@5_ag=0.9000  select=0.4737
  Saved checkpoint: checkpoints_old/iPara_balanced_l1_g6_i4_do0.10_dpr0.10_lr0.0002_heads16_fold3.pth  select=0.4737  val_ab=0.6042  val_ag=0.3432  val_all=0.4665
Ep003  LR0=1.99e-04  pw=15.80  aucα=0.000  token_p=0.020  dropE=(0.020,0.080)  smooth=0.010  train_loss=0.6946  train_AUPR_all=0.4511  train_AUPR_ab=0.5411  train_AUPR_ag=0.2975  train_P@5_ab=0.8500  train_P@5_ag=0.8000  val_loss=0.8503  val_AUPR_all=0.5315  val_AUPR_ab=0.6217  val_AUPR_ag=0.3855  val_P@5_ab=0.9500  val_P@5_ag=1.0000  select=0.5036
  Saved checkpoint: checkpoints_old/iPara_balanced_l1_g6_i4_do0.10_dpr0.10_lr0.0002_heads16_fold3.pth  select=0.5036  val_ab=0.6217  val_ag=0.3855  val_all=0.5315
Ep004  LR0=1.99e-04  pw=14.06  aucα=0.000  token_p=0.020  dropE=(0.020,0.080)  smooth=0.010  train_loss=0.6272  train_AUPR_all=0.4866  train_AUPR_ab=0.5717  train_AUPR_ag=0.3345  train_P@5_ab=0.8000  train_P@5_ag=0.9000  val_loss=0.8311  val_AUPR_all=0.5436  val_AUPR_ab=0.6355  val_AUPR_ag=0.3862  val_P@5_ab=0.8500  val_P@5_ag=0.9500  select=0.5108
  Saved checkpoint: checkpoints_old/iPara_balanced_l1_g6_i4_do0.10_dpr0.10_lr0.0002_heads16_fold3.pth  select=0.5108  val_ab=0.6355  val_ag=0.3862  val_all=0.5436
Unfreezing DyM parameters.
Ep005  LR0=1.98e-04  pw=12.52  aucα=0.000  token_p=0.020  dropE=(0.020,0.080)  smooth=0.010  train_loss=0.5905  train_AUPR_all=0.4990  train_AUPR_ab=0.5915  train_AUPR_ag=0.3313  train_P@5_ab=0.9000  train_P@5_ag=0.8000  val_loss=0.7631  val_AUPR_all=0.5452  val_AUPR_ab=0.6547  val_AUPR_ag=0.3894  val_P@5_ab=0.9000  val_P@5_ag=0.9500  select=0.5220
  Saved checkpoint: checkpoints_old/iPara_balanced_l1_g6_i4_do0.10_dpr0.10_lr0.0002_heads16_fold3.pth  select=0.5220  val_ab=0.6547  val_ag=0.3894  val_all=0.5452
Ep006  LR0=1.97e-04  pw=11.17  aucα=0.000  token_p=0.020  dropE=(0.020,0.080)  smooth=0.010  train_loss=0.5403  train_AUPR_all=0.5293  train_AUPR_ab=0.6264  train_AUPR_ag=0.3556  train_P@5_ab=0.9500  train_P@5_ag=1.0000  val_loss=0.7343  val_AUPR_all=0.5533  val_AUPR_ab=0.6595  val_AUPR_ag=0.3806  val_P@5_ab=0.6000  val_P@5_ag=1.0000  select=0.5201
Ep007  LR0=1.95e-04  pw=9.97  aucα=0.000  token_p=0.020  dropE=(0.020,0.080)  smooth=0.010  train_loss=0.5053  train_AUPR_all=0.5386  train_AUPR_ab=0.6365  train_AUPR_ag=0.3631  train_P@5_ab=0.8500  train_P@5_ag=0.9000  val_loss=0.7086  val_AUPR_all=0.5527  val_AUPR_ab=0.6627  val_AUPR_ag=0.3906  val_P@5_ab=0.8500  val_P@5_ag=1.0000  select=0.5267
  Saved checkpoint: checkpoints_old/iPara_balanced_l1_g6_i4_do0.10_dpr0.10_lr0.0002_heads16_fold3.pth  select=0.5267  val_ab=0.6627  val_ag=0.3906  val_all=0.5527
Ep008  LR0=1.93e-04  pw=8.92  aucα=0.000  token_p=0.020  dropE=(0.020,0.080)  smooth=0.010  train_loss=0.4666  train_AUPR_all=0.5513  train_AUPR_ab=0.6564  train_AUPR_ag=0.3717  train_P@5_ab=0.8500  train_P@5_ag=0.9000  val_loss=0.6654  val_AUPR_all=0.5677  val_AUPR_ab=0.6778  val_AUPR_ag=0.3884  val_P@5_ab=0.9000  val_P@5_ag=1.0000  select=0.5331
  Saved checkpoint: checkpoints_old/iPara_balanced_l1_g6_i4_do0.10_dpr0.10_lr0.0002_heads16_fold3.pth  select=0.5331  val_ab=0.6778  val_ag=0.3884  val_all=0.5677
Ep009  LR0=1.91e-04  pw=7.99  aucα=0.000  token_p=0.020  dropE=(0.020,0.080)  smooth=0.010  train_loss=0.4366  train_AUPR_all=0.5607  train_AUPR_ab=0.6594  train_AUPR_ag=0.3880  train_P@5_ab=0.9500  train_P@5_ag=1.0000  val_loss=0.6262  val_AUPR_all=0.5851  val_AUPR_ab=0.6825  val_AUPR_ag=0.4214  val_P@5_ab=0.8000  val_P@5_ag=1.0000  select=0.5520
  Saved checkpoint: checkpoints_old/iPara_balanced_l1_g6_i4_do0.10_dpr0.10_lr0.0002_heads16_fold3.pth  select=0.5520  val_ab=0.6825  val_ag=0.4214  val_all=0.5851
Ep010  LR0=1.89e-04  pw=7.17  aucα=0.030  token_p=0.020  dropE=(0.020,0.080)  smooth=0.010  train_loss=0.4263  train_AUPR_all=0.5743  train_AUPR_ab=0.6761  train_AUPR_ag=0.4000  train_P@5_ab=0.9000  train_P@5_ag=0.9500  val_loss=0.5980  val_AUPR_all=0.5951  val_AUPR_ab=0.7113  val_AUPR_ag=0.4042  val_P@5_ab=0.8500  val_P@5_ag=1.0000  select=0.5578
  Saved checkpoint: checkpoints_old/iPara_balanced_l1_g6_i4_do0.10_dpr0.10_lr0.0002_heads16_fold3.pth  select=0.5578  val_ab=0.7113  val_ag=0.4042  val_all=0.5951
Ep011  LR0=1.87e-04  pw=6.44  aucα=0.060  token_p=0.020  dropE=(0.020,0.080)  smooth=0.010  train_loss=0.4116  train_AUPR_all=0.5814  train_AUPR_ab=0.6869  train_AUPR_ag=0.4043  train_P@5_ab=0.9500  train_P@5_ag=0.9500  val_loss=0.5712  val_AUPR_all=0.6035  val_AUPR_ab=0.7149  val_AUPR_ag=0.4233  val_P@5_ab=0.9000  val_P@5_ag=1.0000  select=0.5691
  Saved checkpoint: checkpoints_old/iPara_balanced_l1_g6_i4_do0.10_dpr0.10_lr0.0002_heads16_fold3.pth  select=0.5691  val_ab=0.7149  val_ag=0.4233  val_all=0.6035
Ep012  LR0=1.84e-04  pw=5.80  aucα=0.090  token_p=0.020  dropE=(0.020,0.080)  smooth=0.010  train_loss=0.4054  train_AUPR_all=0.5864  train_AUPR_ab=0.6919  train_AUPR_ag=0.4069  train_P@5_ab=1.0000  train_P@5_ag=0.9500  val_loss=0.5417  val_AUPR_all=0.6055  val_AUPR_ab=0.7191  val_AUPR_ag=0.4232  val_P@5_ab=0.9500  val_P@5_ag=1.0000  select=0.5711
  Saved checkpoint: checkpoints_old/iPara_balanced_l1_g6_i4_do0.10_dpr0.10_lr0.0002_heads16_fold3.pth  select=0.5711  val_ab=0.7191  val_ag=0.4232  val_all=0.6055
Ep013  LR0=1.81e-04  pw=5.24  aucα=0.120  token_p=0.020  dropE=(0.020,0.080)  smooth=0.010  train_loss=0.3928  train_AUPR_all=0.5989  train_AUPR_ab=0.7073  train_AUPR_ag=0.4195  train_P@5_ab=1.0000  train_P@5_ag=1.0000  val_loss=0.5107  val_AUPR_all=0.6052  val_AUPR_ab=0.7154  val_AUPR_ag=0.4206  val_P@5_ab=0.8000  val_P@5_ag=1.0000  select=0.5680
Ep014  LR0=1.78e-04  pw=4.74  aucα=0.150  token_p=0.020  dropE=(0.020,0.080)  smooth=0.010  train_loss=0.3844  train_AUPR_all=0.6051  train_AUPR_ab=0.7083  train_AUPR_ag=0.4337  train_P@5_ab=1.0000  train_P@5_ag=1.0000  val_loss=0.4873  val_AUPR_all=0.6050  val_AUPR_ab=0.7106  val_AUPR_ag=0.4357  val_P@5_ab=0.9500  val_P@5_ag=1.0000  select=0.5731
  Saved checkpoint: checkpoints_old/iPara_balanced_l1_g6_i4_do0.10_dpr0.10_lr0.0002_heads16_fold3.pth  select=0.5731  val_ab=0.7106  val_ag=0.4357  val_all=0.6050
Ep015  LR0=1.74e-04  pw=4.30  aucα=0.180  token_p=0.020  dropE=(0.020,0.080)  smooth=0.010  train_loss=0.3757  train_AUPR_all=0.6111  train_AUPR_ab=0.7125  train_AUPR_ag=0.4420  train_P@5_ab=0.9500  train_P@5_ag=1.0000  val_loss=0.4653  val_AUPR_all=0.6093  val_AUPR_ab=0.7189  val_AUPR_ag=0.4316  val_P@5_ab=0.9500  val_P@5_ag=1.0000  select=0.5752
  Saved checkpoint: checkpoints_old/iPara_balanced_l1_g6_i4_do0.10_dpr0.10_lr0.0002_heads16_fold3.pth  select=0.5752  val_ab=0.7189  val_ag=0.4316  val_all=0.6093
Ep016  LR0=1.71e-04  pw=3.91  aucα=0.210  token_p=0.020  dropE=(0.020,0.080)  smooth=0.010  train_loss=0.3648  train_AUPR_all=0.6296  train_AUPR_ab=0.7322  train_AUPR_ag=0.4635  train_P@5_ab=1.0000  train_P@5_ag=1.0000  val_loss=0.4592  val_AUPR_all=0.6215  val_AUPR_ab=0.7364  val_AUPR_ag=0.4324  val_P@5_ab=0.9500  val_P@5_ag=1.0000  select=0.5844
  Saved checkpoint: checkpoints_old/iPara_balanced_l1_g6_i4_do0.10_dpr0.10_lr0.0002_heads16_fold3.pth  select=0.5844  val_ab=0.7364  val_ag=0.4324  val_all=0.6215
Ep017  LR0=1.67e-04  pw=3.57  aucα=0.240  token_p=0.020  dropE=(0.020,0.080)  smooth=0.010  train_loss=0.3600  train_AUPR_all=0.6302  train_AUPR_ab=0.7289  train_AUPR_ag=0.4697  train_P@5_ab=1.0000  train_P@5_ag=1.0000  val_loss=0.4552  val_AUPR_all=0.6172  val_AUPR_ab=0.7346  val_AUPR_ag=0.4333  val_P@5_ab=0.9000  val_P@5_ag=1.0000  select=0.5839
Ep018  LR0=1.63e-04  pw=3.27  aucα=0.270  token_p=0.020  dropE=(0.020,0.080)  smooth=0.010  train_loss=0.3525  train_AUPR_all=0.6440  train_AUPR_ab=0.7356  train_AUPR_ag=0.4967  train_P@5_ab=1.0000  train_P@5_ag=0.9500  val_loss=0.4347  val_AUPR_all=0.6113  val_AUPR_ab=0.7274  val_AUPR_ag=0.4347  val_P@5_ab=0.9500  val_P@5_ag=1.0000  select=0.5810
Ep019  LR0=1.59e-04  pw=3.00  aucα=0.300  token_p=0.020  dropE=(0.020,0.080)  smooth=0.010  train_loss=0.3444  train_AUPR_all=0.6574  train_AUPR_ab=0.7499  train_AUPR_ag=0.5112  train_P@5_ab=0.9500  train_P@5_ag=0.9000  val_loss=0.4362  val_AUPR_all=0.6099  val_AUPR_ab=0.7354  val_AUPR_ag=0.4264  val_P@5_ab=0.9000  val_P@5_ag=1.0000  select=0.5809
Ep020  LR0=1.55e-04  pw=2.77  aucα=0.300  token_p=0.020  dropE=(0.020,0.080)  smooth=0.010  train_loss=0.3299  train_AUPR_all=0.6596  train_AUPR_ab=0.7485  train_AUPR_ag=0.5198  train_P@5_ab=0.9500  train_P@5_ag=0.9500  val_loss=0.3912  val_AUPR_all=0.6137  val_AUPR_ab=0.7424  val_AUPR_ag=0.4153  val_P@5_ab=0.9000  val_P@5_ag=0.9500  select=0.5789
Ep021  LR0=1.50e-04  pw=2.56  aucα=0.300  token_p=0.020  dropE=(0.020,0.080)  smooth=0.010  train_loss=0.3112  train_AUPR_all=0.6752  train_AUPR_ab=0.7636  train_AUPR_ag=0.5379  train_P@5_ab=1.0000  train_P@5_ag=0.9000  val_loss=0.3876  val_AUPR_all=0.6153  val_AUPR_ab=0.7440  val_AUPR_ag=0.4143  val_P@5_ab=0.9500  val_P@5_ag=1.0000  select=0.5791
Ep022  LR0=1.46e-04  pw=2.38  aucα=0.300  token_p=0.020  dropE=(0.020,0.080)  smooth=0.010  train_loss=0.2981  train_AUPR_all=0.6815  train_AUPR_ab=0.7636  train_AUPR_ag=0.5548  train_P@5_ab=1.0000  train_P@5_ag=0.9500  val_loss=0.3897  val_AUPR_all=0.6235  val_AUPR_ab=0.7540  val_AUPR_ag=0.4165  val_P@5_ab=0.9500  val_P@5_ag=1.0000  select=0.5852
  Saved checkpoint: checkpoints_old/iPara_balanced_l1_g6_i4_do0.10_dpr0.10_lr0.0002_heads16_fold3.pth  select=0.5852  val_ab=0.7540  val_ag=0.4165  val_all=0.6235
Ep023  LR0=1.41e-04  pw=2.21  aucα=0.300  token_p=0.020  dropE=(0.020,0.080)  smooth=0.010  train_loss=0.2842  train_AUPR_all=0.6898  train_AUPR_ab=0.7693  train_AUPR_ag=0.5675  train_P@5_ab=1.0000  train_P@5_ag=0.9500  val_loss=0.3594  val_AUPR_all=0.6283  val_AUPR_ab=0.7552  val_AUPR_ag=0.4388  val_P@5_ab=1.0000  val_P@5_ag=1.0000  select=0.5970
  Saved checkpoint: checkpoints_old/iPara_balanced_l1_g6_i4_do0.10_dpr0.10_lr0.0002_heads16_fold3.pth  select=0.5970  val_ab=0.7552  val_ag=0.4388  val_all=0.6283
Ep024  LR0=1.36e-04  pw=2.07  aucα=0.300  token_p=0.020  dropE=(0.020,0.080)  smooth=0.010  train_loss=0.2691  train_AUPR_all=0.7033  train_AUPR_ab=0.7764  train_AUPR_ag=0.5928  train_P@5_ab=1.0000  train_P@5_ag=0.9500  val_loss=0.3807  val_AUPR_all=0.6147  val_AUPR_ab=0.7455  val_AUPR_ag=0.4198  val_P@5_ab=0.9500  val_P@5_ag=1.0000  select=0.5827
Ep025  LR0=1.31e-04  pw=1.95  aucα=0.300  token_p=0.020  dropE=(0.020,0.080)  smooth=0.010  train_loss=0.2569  train_AUPR_all=0.7185  train_AUPR_ab=0.7900  train_AUPR_ag=0.6115  train_P@5_ab=0.9500  train_P@5_ag=0.7500  val_loss=0.3670  val_AUPR_all=0.6134  val_AUPR_ab=0.7530  val_AUPR_ag=0.4136  val_P@5_ab=0.9500  val_P@5_ag=0.9500  select=0.5833
Ep026  LR0=1.26e-04  pw=1.83  aucα=0.300  token_p=0.020  dropE=(0.020,0.080)  smooth=0.010  train_loss=0.2469  train_AUPR_all=0.7252  train_AUPR_ab=0.7940  train_AUPR_ag=0.6228  train_P@5_ab=1.0000  train_P@5_ag=0.9500  val_loss=0.3445  val_AUPR_all=0.6278  val_AUPR_ab=0.7600  val_AUPR_ag=0.4419  val_P@5_ab=0.9500  val_P@5_ag=0.9000  select=0.6009
  Saved checkpoint: checkpoints_old/iPara_balanced_l1_g6_i4_do0.10_dpr0.10_lr0.0002_heads16_fold3.pth  select=0.6009  val_ab=0.7600  val_ag=0.4419  val_all=0.6278
Ep027  LR0=1.21e-04  pw=1.74  aucα=0.300  token_p=0.020  dropE=(0.020,0.080)  smooth=0.010  train_loss=0.2356  train_AUPR_all=0.7360  train_AUPR_ab=0.7953  train_AUPR_ag=0.6495  train_P@5_ab=1.0000  train_P@5_ag=1.0000  val_loss=0.3559  val_AUPR_all=0.6195  val_AUPR_ab=0.7429  val_AUPR_ag=0.4428  val_P@5_ab=1.0000  val_P@5_ag=0.9000  select=0.5928
Ep028  LR0=1.16e-04  pw=1.65  aucα=0.300  token_p=0.020  dropE=(0.020,0.080)  smooth=0.010  train_loss=0.2291  train_AUPR_all=0.7411  train_AUPR_ab=0.8025  train_AUPR_ag=0.6513  train_P@5_ab=1.0000  train_P@5_ag=1.0000  val_loss=0.3645  val_AUPR_all=0.6120  val_AUPR_ab=0.7506  val_AUPR_ag=0.4356  val_P@5_ab=0.9500  val_P@5_ag=1.0000  select=0.5931
Ep029  LR0=1.11e-04  pw=1.57  aucα=0.300  token_p=0.020  dropE=(0.020,0.080)  smooth=0.010  train_loss=0.2201  train_AUPR_all=0.7490  train_AUPR_ab=0.8054  train_AUPR_ag=0.6672  train_P@5_ab=1.0000  train_P@5_ag=0.9500  val_loss=0.3436  val_AUPR_all=0.6250  val_AUPR_ab=0.7649  val_AUPR_ag=0.4331  val_P@5_ab=0.9500  val_P@5_ag=0.9500  select=0.5990
Ep030  LR0=1.05e-04  pw=1.51  aucα=0.300  token_p=0.020  dropE=(0.020,0.080)  smooth=0.010  train_loss=0.2090  train_AUPR_all=0.7637  train_AUPR_ab=0.8150  train_AUPR_ag=0.6900  train_P@5_ab=1.0000  train_P@5_ag=0.9000  val_loss=0.3438  val_AUPR_all=0.6310  val_AUPR_ab=0.7707  val_AUPR_ag=0.4421  val_P@5_ab=1.0000  val_P@5_ag=0.9000  select=0.6064
  Saved checkpoint: checkpoints_old/iPara_balanced_l1_g6_i4_do0.10_dpr0.10_lr0.0002_heads16_fold3.pth  select=0.6064  val_ab=0.7707  val_ag=0.4421  val_all=0.6310
Ep031  LR0=1.00e-04  pw=1.45  aucα=0.300  token_p=0.020  dropE=(0.020,0.080)  smooth=0.010  train_loss=0.1989  train_AUPR_all=0.7757  train_AUPR_ab=0.8241  train_AUPR_ag=0.7063  train_P@5_ab=0.9500  train_P@5_ag=1.0000  val_loss=0.3284  val_AUPR_all=0.6170  val_AUPR_ab=0.7594  val_AUPR_ag=0.4141  val_P@5_ab=0.9000  val_P@5_ag=0.9500  select=0.5868
Ep032  LR0=9.50e-05  pw=1.39  aucα=0.300  token_p=0.020  dropE=(0.020,0.080)  smooth=0.010  train_loss=0.1941  train_AUPR_all=0.7802  train_AUPR_ab=0.8266  train_AUPR_ag=0.7139  train_P@5_ab=1.0000  train_P@5_ag=1.0000  val_loss=0.3515  val_AUPR_all=0.6108  val_AUPR_ab=0.7601  val_AUPR_ag=0.4170  val_P@5_ab=0.9500  val_P@5_ag=1.0000  select=0.5885
Ep033  LR0=8.98e-05  pw=1.35  aucα=0.300  token_p=0.020  dropE=(0.020,0.080)  smooth=0.010  train_loss=0.1886  train_AUPR_all=0.7880  train_AUPR_ab=0.8345  train_AUPR_ag=0.7214  train_P@5_ab=1.0000  train_P@5_ag=1.0000  val_loss=0.3417  val_AUPR_all=0.6143  val_AUPR_ab=0.7608  val_AUPR_ag=0.4354  val_P@5_ab=0.9500  val_P@5_ag=0.9500  select=0.5981
Ep034  LR0=8.46e-05  pw=1.31  aucα=0.300  token_p=0.020  dropE=(0.020,0.080)  smooth=0.010  train_loss=0.1841  train_AUPR_all=0.7918  train_AUPR_ab=0.8367  train_AUPR_ag=0.7277  train_P@5_ab=1.0000  train_P@5_ag=0.9500  val_loss=0.3366  val_AUPR_all=0.6199  val_AUPR_ab=0.7586  val_AUPR_ag=0.4330  val_P@5_ab=0.8500  val_P@5_ag=0.9500  select=0.5958
Ep035  LR0=7.95e-05  pw=1.27  aucα=0.300  token_p=0.020  dropE=(0.020,0.080)  smooth=0.010  train_loss=0.1771  train_AUPR_all=0.8017  train_AUPR_ab=0.8418  train_AUPR_ag=0.7449  train_P@5_ab=1.0000  train_P@5_ag=1.0000  val_loss=0.3296  val_AUPR_all=0.6157  val_AUPR_ab=0.7609  val_AUPR_ag=0.4328  val_P@5_ab=0.9500  val_P@5_ag=0.9000  select=0.5968
Ep036  LR0=7.44e-05  pw=1.24  aucα=0.300  token_p=0.020  dropE=(0.020,0.080)  smooth=0.010  train_loss=0.1687  train_AUPR_all=0.8137  train_AUPR_ab=0.8538  train_AUPR_ag=0.7568  train_P@5_ab=1.0000  train_P@5_ag=1.0000  val_loss=0.3342  val_AUPR_all=0.6008  val_AUPR_ab=0.7592  val_AUPR_ag=0.4108  val_P@5_ab=0.9500  val_P@5_ag=0.8500  select=0.5850
Ep037  LR0=6.94e-05  pw=1.21  aucα=0.300  token_p=0.020  dropE=(0.020,0.080)  smooth=0.010  train_loss=0.1681  train_AUPR_all=0.8138  train_AUPR_ab=0.8514  train_AUPR_ag=0.7607  train_P@5_ab=0.9000  train_P@5_ag=1.0000  val_loss=0.3168  val_AUPR_all=0.6229  val_AUPR_ab=0.7621  val_AUPR_ag=0.4465  val_P@5_ab=0.9500  val_P@5_ag=0.9500  select=0.6043
Ep038  LR0=6.45e-05  pw=1.19  aucα=0.300  token_p=0.020  dropE=(0.020,0.080)  smooth=0.010  train_loss=0.1606  train_AUPR_all=0.8231  train_AUPR_ab=0.8592  train_AUPR_ag=0.7722  train_P@5_ab=1.0000  train_P@5_ag=1.0000  val_loss=0.3347  val_AUPR_all=0.6241  val_AUPR_ab=0.7619  val_AUPR_ag=0.4375  val_P@5_ab=0.8500  val_P@5_ag=0.9500  select=0.5997
Ep039  LR0=5.97e-05  pw=1.16  aucα=0.300  token_p=0.020  dropE=(0.020,0.080)  smooth=0.010  train_loss=0.1545  train_AUPR_all=0.8328  train_AUPR_ab=0.8664  train_AUPR_ag=0.7857  train_P@5_ab=1.0000  train_P@5_ag=1.0000  val_loss=0.3192  val_AUPR_all=0.6165  val_AUPR_ab=0.7609  val_AUPR_ag=0.4282  val_P@5_ab=0.8500  val_P@5_ag=0.8000  select=0.5946
Ep040  LR0=5.50e-05  pw=1.15  aucα=0.300  token_p=0.020  dropE=(0.020,0.080)  smooth=0.010  train_loss=0.1523  train_AUPR_all=0.8362  train_AUPR_ab=0.8692  train_AUPR_ag=0.7900  train_P@5_ab=1.0000  train_P@5_ag=1.0000  val_loss=0.3214  val_AUPR_all=0.6198  val_AUPR_ab=0.7576  val_AUPR_ag=0.4304  val_P@5_ab=0.7500  val_P@5_ag=0.8500  select=0.5940
Ep041  LR0=5.04e-05  pw=1.13  aucα=0.300  token_p=0.020  dropE=(0.020,0.080)  smooth=0.010  train_loss=0.1478  train_AUPR_all=0.8428  train_AUPR_ab=0.8747  train_AUPR_ag=0.7979  train_P@5_ab=1.0000  train_P@5_ag=1.0000  val_loss=0.3264  val_AUPR_all=0.6156  val_AUPR_ab=0.7629  val_AUPR_ag=0.4353  val_P@5_ab=0.9000  val_P@5_ag=0.8500  select=0.5991
Ep042  LR0=4.59e-05  pw=1.11  aucα=0.300  token_p=0.020  dropE=(0.020,0.080)  smooth=0.010  train_loss=0.1484  train_AUPR_all=0.8383  train_AUPR_ab=0.8685  train_AUPR_ag=0.7958  train_P@5_ab=1.0000  train_P@5_ag=0.9500  val_loss=0.3281  val_AUPR_all=0.6086  val_AUPR_ab=0.7536  val_AUPR_ag=0.4326  val_P@5_ab=0.9000  val_P@5_ag=0.8500  select=0.5931
Ep043  LR0=4.16e-05  pw=1.10  aucα=0.300  token_p=0.020  dropE=(0.020,0.080)  smooth=0.010  train_loss=0.1416  train_AUPR_all=0.8524  train_AUPR_ab=0.8832  train_AUPR_ag=0.8089  train_P@5_ab=1.0000  train_P@5_ag=0.9500  val_loss=0.3250  val_AUPR_all=0.6149  val_AUPR_ab=0.7562  val_AUPR_ag=0.4337  val_P@5_ab=0.8500  val_P@5_ag=0.8500  select=0.5949
Ep044  LR0=3.75e-05  pw=1.09  aucα=0.300  token_p=0.020  dropE=(0.020,0.080)  smooth=0.010  train_loss=0.1391  train_AUPR_all=0.8557  train_AUPR_ab=0.8852  train_AUPR_ag=0.8142  train_P@5_ab=1.0000  train_P@5_ag=1.0000  val_loss=0.3182  val_AUPR_all=0.6274  val_AUPR_ab=0.7628  val_AUPR_ag=0.4499  val_P@5_ab=0.8500  val_P@5_ag=0.8500  select=0.6064
Ep045  LR0=3.35e-05  pw=1.08  aucα=0.300  token_p=0.020  dropE=(0.020,0.080)  smooth=0.010  train_loss=0.1377  train_AUPR_all=0.8560  train_AUPR_ab=0.8849  train_AUPR_ag=0.8151  train_P@5_ab=1.0000  train_P@5_ag=1.0000  val_loss=0.3254  val_AUPR_all=0.6201  val_AUPR_ab=0.7615  val_AUPR_ag=0.4322  val_P@5_ab=0.8500  val_P@5_ag=0.8500  select=0.5969
Ep046  LR0=2.97e-05  pw=1.07  aucα=0.300  token_p=0.020  dropE=(0.020,0.080)  smooth=0.010  train_loss=0.1338  train_AUPR_all=0.8634  train_AUPR_ab=0.8906  train_AUPR_ag=0.8254  train_P@5_ab=1.0000  train_P@5_ag=1.0000  val_loss=0.3305  val_AUPR_all=0.6157  val_AUPR_ab=0.7620  val_AUPR_ag=0.4268  val_P@5_ab=0.8500  val_P@5_ag=0.9000  select=0.5944
Ep047  LR0=2.61e-05  pw=1.06  aucα=0.300  token_p=0.020  dropE=(0.020,0.080)  smooth=0.010  train_loss=0.1346  train_AUPR_all=0.8600  train_AUPR_ab=0.8878  train_AUPR_ag=0.8210  train_P@5_ab=1.0000  train_P@5_ag=1.0000  val_loss=0.3230  val_AUPR_all=0.6172  val_AUPR_ab=0.7585  val_AUPR_ag=0.4306  val_P@5_ab=0.8500  val_P@5_ag=0.9000  select=0.5945
Ep048  LR0=2.27e-05  pw=1.05  aucα=0.300  token_p=0.020  dropE=(0.020,0.080)  smooth=0.010  train_loss=0.1327  train_AUPR_all=0.8643  train_AUPR_ab=0.8926  train_AUPR_ag=0.8244  train_P@5_ab=1.0000  train_P@5_ag=1.0000  val_loss=0.3236  val_AUPR_all=0.6155  val_AUPR_ab=0.7598  val_AUPR_ag=0.4372  val_P@5_ab=0.8000  val_P@5_ag=0.8500  select=0.5985
Ep049  LR0=1.96e-05  pw=1.05  aucα=0.300  token_p=0.020  dropE=(0.020,0.080)  smooth=0.010  train_loss=0.1274  train_AUPR_all=0.8721  train_AUPR_ab=0.8978  train_AUPR_ag=0.8358  train_P@5_ab=0.9500  train_P@5_ag=1.0000  val_loss=0.3270  val_AUPR_all=0.6162  val_AUPR_ab=0.7598  val_AUPR_ag=0.4341  val_P@5_ab=0.8500  val_P@5_ag=0.9500  select=0.5970
Ep050  LR0=1.66e-05  pw=1.04  aucα=0.300  token_p=0.020  dropE=(0.020,0.080)  smooth=0.010  train_loss=0.1263  train_AUPR_all=0.8741  train_AUPR_ab=0.9007  train_AUPR_ag=0.8363  train_P@5_ab=1.0000  train_P@5_ag=1.0000  val_loss=0.3260  val_AUPR_all=0.6159  val_AUPR_ab=0.7582  val_AUPR_ag=0.4337  val_P@5_ab=0.8500  val_P@5_ag=0.9000  select=0.5959
Early stopping at epoch 50. Best select=0.6064 at epoch 30.
Final saved checkpoint for fold 3: checkpoints_old/iPara_balanced_l1_g6_i4_do0.10_dpr0.10_lr0.0002_heads16_fold3.pth
Best select=0.6064 at epoch 30

==========================================================================================
Fold 4/10
==========================================================================================
Train labels: valid=450868, pos=30053, neg=420815, ignore=784332, pos_frac=0.06666
Val labels: valid=49324, pos=3177, neg=46147, ignore=88276, pos_frac=0.06441
Initializing ClassificationModel with 6 GAT layers and residual connections...
Initializing MCModel with 6 GAT layers and 4 row attention layers (drop_path_rate=0.1)
Initializing CoreModel with 1 layers, drop_path_rate=0.1
Ep001  LR0=2.00e-04  pw=20.00  aucα=0.000  token_p=0.020  dropE=(0.020,0.080)  smooth=0.010  train_loss=1.0876  train_AUPR_all=0.2194  train_AUPR_ab=0.2563  train_AUPR_ag=0.1647  train_P@5_ab=0.1500  train_P@5_ag=0.2500  val_loss=1.0137  val_AUPR_all=0.4316  val_AUPR_ab=0.5148  val_AUPR_ag=0.3140  val_P@5_ab=0.5000  val_P@5_ag=0.8500  select=0.4144
  Saved checkpoint: checkpoints_old/iPara_balanced_l1_g6_i4_do0.10_dpr0.10_lr0.0002_heads16_fold4.pth  select=0.4144  val_ab=0.5148  val_ag=0.3140  val_all=0.4316
Ep002  LR0=2.00e-04  pw=17.77  aucα=0.000  token_p=0.020  dropE=(0.020,0.080)  smooth=0.010  train_loss=0.7778  train_AUPR_all=0.4164  train_AUPR_ab=0.5007  train_AUPR_ag=0.2752  train_P@5_ab=0.8000  train_P@5_ag=0.9500  val_loss=0.9636  val_AUPR_all=0.4894  val_AUPR_ab=0.5728  val_AUPR_ag=0.3255  val_P@5_ab=0.8000  val_P@5_ag=0.8500  select=0.4491
  Saved checkpoint: checkpoints_old/iPara_balanced_l1_g6_i4_do0.10_dpr0.10_lr0.0002_heads16_fold4.pth  select=0.4491  val_ab=0.5728  val_ag=0.3255  val_all=0.4894
Ep003  LR0=1.99e-04  pw=15.80  aucα=0.000  token_p=0.020  dropE=(0.020,0.080)  smooth=0.010  train_loss=0.6973  train_AUPR_all=0.4573  train_AUPR_ab=0.5445  train_AUPR_ag=0.3027  train_P@5_ab=0.8500  train_P@5_ag=0.7500  val_loss=0.8425  val_AUPR_all=0.5136  val_AUPR_ab=0.5856  val_AUPR_ag=0.3538  val_P@5_ab=0.7000  val_P@5_ag=0.9000  select=0.4697
  Saved checkpoint: checkpoints_old/iPara_balanced_l1_g6_i4_do0.10_dpr0.10_lr0.0002_heads16_fold4.pth  select=0.4697  val_ab=0.5856  val_ag=0.3538  val_all=0.5136
Ep004  LR0=1.99e-04  pw=14.06  aucα=0.000  token_p=0.020  dropE=(0.020,0.080)  smooth=0.010  train_loss=0.6340  train_AUPR_all=0.4877  train_AUPR_ab=0.5746  train_AUPR_ag=0.3286  train_P@5_ab=0.9000  train_P@5_ag=0.8000  val_loss=0.8002  val_AUPR_all=0.5286  val_AUPR_ab=0.6242  val_AUPR_ag=0.3505  val_P@5_ab=0.6500  val_P@5_ag=0.9000  select=0.4873
  Saved checkpoint: checkpoints_old/iPara_balanced_l1_g6_i4_do0.10_dpr0.10_lr0.0002_heads16_fold4.pth  select=0.4873  val_ab=0.6242  val_ag=0.3505  val_all=0.5286
Unfreezing DyM parameters.
Ep005  LR0=1.98e-04  pw=12.52  aucα=0.000  token_p=0.020  dropE=(0.020,0.080)  smooth=0.010  train_loss=0.5808  train_AUPR_all=0.5115  train_AUPR_ab=0.5990  train_AUPR_ag=0.3489  train_P@5_ab=0.9500  train_P@5_ag=0.9500  val_loss=0.7667  val_AUPR_all=0.5389  val_AUPR_ab=0.6410  val_AUPR_ag=0.3429  val_P@5_ab=0.9500  val_P@5_ag=0.9500  select=0.4920
  Saved checkpoint: checkpoints_old/iPara_balanced_l1_g6_i4_do0.10_dpr0.10_lr0.0002_heads16_fold4.pth  select=0.4920  val_ab=0.6410  val_ag=0.3429  val_all=0.5389
Ep006  LR0=1.97e-04  pw=11.17  aucα=0.000  token_p=0.020  dropE=(0.020,0.080)  smooth=0.010  train_loss=0.5432  train_AUPR_all=0.5274  train_AUPR_ab=0.6214  train_AUPR_ag=0.3561  train_P@5_ab=0.9000  train_P@5_ag=0.8500  val_loss=0.7677  val_AUPR_all=0.5354  val_AUPR_ab=0.6646  val_AUPR_ag=0.3233  val_P@5_ab=0.9500  val_P@5_ag=0.9000  select=0.4940
  Saved checkpoint: checkpoints_old/iPara_balanced_l1_g6_i4_do0.10_dpr0.10_lr0.0002_heads16_fold4.pth  select=0.4940  val_ab=0.6646  val_ag=0.3233  val_all=0.5354
Ep007  LR0=1.95e-04  pw=9.97  aucα=0.000  token_p=0.020  dropE=(0.020,0.080)  smooth=0.010  train_loss=0.5026  train_AUPR_all=0.5434  train_AUPR_ab=0.6424  train_AUPR_ag=0.3671  train_P@5_ab=1.0000  train_P@5_ag=0.9000  val_loss=0.7105  val_AUPR_all=0.5502  val_AUPR_ab=0.6730  val_AUPR_ag=0.3494  val_P@5_ab=1.0000  val_P@5_ag=0.9000  select=0.5112
  Saved checkpoint: checkpoints_old/iPara_balanced_l1_g6_i4_do0.10_dpr0.10_lr0.0002_heads16_fold4.pth  select=0.5112  val_ab=0.6730  val_ag=0.3494  val_all=0.5502
Ep008  LR0=1.93e-04  pw=8.92  aucα=0.000  token_p=0.020  dropE=(0.020,0.080)  smooth=0.010  train_loss=0.4703  train_AUPR_all=0.5487  train_AUPR_ab=0.6469  train_AUPR_ag=0.3801  train_P@5_ab=0.8000  train_P@5_ag=0.9000  val_loss=0.6323  val_AUPR_all=0.5689  val_AUPR_ab=0.6860  val_AUPR_ag=0.3638  val_P@5_ab=0.9500  val_P@5_ag=0.9000  select=0.5249
  Saved checkpoint: checkpoints_old/iPara_balanced_l1_g6_i4_do0.10_dpr0.10_lr0.0002_heads16_fold4.pth  select=0.5249  val_ab=0.6860  val_ag=0.3638  val_all=0.5689
Ep009  LR0=1.91e-04  pw=7.99  aucα=0.000  token_p=0.020  dropE=(0.020,0.080)  smooth=0.010  train_loss=0.4324  train_AUPR_all=0.5661  train_AUPR_ab=0.6689  train_AUPR_ag=0.3923  train_P@5_ab=0.8000  train_P@5_ag=1.0000  val_loss=0.6239  val_AUPR_all=0.5661  val_AUPR_ab=0.6905  val_AUPR_ag=0.3485  val_P@5_ab=0.9500  val_P@5_ag=0.9000  select=0.5195
Ep010  LR0=1.89e-04  pw=7.17  aucα=0.030  token_p=0.020  dropE=(0.020,0.080)  smooth=0.010  train_loss=0.4216  train_AUPR_all=0.5768  train_AUPR_ab=0.6804  train_AUPR_ag=0.4033  train_P@5_ab=0.8500  train_P@5_ag=0.8500  val_loss=0.6011  val_AUPR_all=0.5723  val_AUPR_ab=0.7010  val_AUPR_ag=0.3559  val_P@5_ab=0.9500  val_P@5_ag=0.8000  select=0.5284
  Saved checkpoint: checkpoints_old/iPara_balanced_l1_g6_i4_do0.10_dpr0.10_lr0.0002_heads16_fold4.pth  select=0.5284  val_ab=0.7010  val_ag=0.3559  val_all=0.5723
Ep011  LR0=1.87e-04  pw=6.44  aucα=0.060  token_p=0.020  dropE=(0.020,0.080)  smooth=0.010  train_loss=0.4094  train_AUPR_all=0.5860  train_AUPR_ab=0.6928  train_AUPR_ag=0.4091  train_P@5_ab=1.0000  train_P@5_ag=1.0000  val_loss=0.5673  val_AUPR_all=0.5764  val_AUPR_ab=0.7004  val_AUPR_ag=0.3697  val_P@5_ab=1.0000  val_P@5_ag=0.8000  select=0.5351
  Saved checkpoint: checkpoints_old/iPara_balanced_l1_g6_i4_do0.10_dpr0.10_lr0.0002_heads16_fold4.pth  select=0.5351  val_ab=0.7004  val_ag=0.3697  val_all=0.5764
Ep012  LR0=1.84e-04  pw=5.80  aucα=0.090  token_p=0.020  dropE=(0.020,0.080)  smooth=0.010  train_loss=0.3991  train_AUPR_all=0.5907  train_AUPR_ab=0.6939  train_AUPR_ag=0.4208  train_P@5_ab=0.9500  train_P@5_ag=0.9000  val_loss=0.5512  val_AUPR_all=0.5818  val_AUPR_ab=0.7112  val_AUPR_ag=0.3763  val_P@5_ab=1.0000  val_P@5_ag=1.0000  select=0.5437
  Saved checkpoint: checkpoints_old/iPara_balanced_l1_g6_i4_do0.10_dpr0.10_lr0.0002_heads16_fold4.pth  select=0.5437  val_ab=0.7112  val_ag=0.3763  val_all=0.5818
Ep013  LR0=1.81e-04  pw=5.24  aucα=0.120  token_p=0.020  dropE=(0.020,0.080)  smooth=0.010  train_loss=0.3907  train_AUPR_all=0.6029  train_AUPR_ab=0.7096  train_AUPR_ag=0.4304  train_P@5_ab=1.0000  train_P@5_ag=0.9500  val_loss=0.5147  val_AUPR_all=0.5878  val_AUPR_ab=0.7141  val_AUPR_ag=0.3806  val_P@5_ab=1.0000  val_P@5_ag=0.8000  select=0.5474
  Saved checkpoint: checkpoints_old/iPara_balanced_l1_g6_i4_do0.10_dpr0.10_lr0.0002_heads16_fold4.pth  select=0.5474  val_ab=0.7141  val_ag=0.3806  val_all=0.5878
Ep014  LR0=1.78e-04  pw=4.74  aucα=0.150  token_p=0.020  dropE=(0.020,0.080)  smooth=0.010  train_loss=0.3794  train_AUPR_all=0.6112  train_AUPR_ab=0.7113  train_AUPR_ag=0.4497  train_P@5_ab=1.0000  train_P@5_ag=0.8500  val_loss=0.5029  val_AUPR_all=0.5844  val_AUPR_ab=0.7251  val_AUPR_ag=0.3516  val_P@5_ab=0.9500  val_P@5_ag=0.8500  select=0.5384
Ep015  LR0=1.74e-04  pw=4.30  aucα=0.180  token_p=0.020  dropE=(0.020,0.080)  smooth=0.010  train_loss=0.3713  train_AUPR_all=0.6182  train_AUPR_ab=0.7189  train_AUPR_ag=0.4540  train_P@5_ab=0.9000  train_P@5_ag=0.9500  val_loss=0.4687  val_AUPR_all=0.5972  val_AUPR_ab=0.7349  val_AUPR_ag=0.3688  val_P@5_ab=0.9500  val_P@5_ag=1.0000  select=0.5519
  Saved checkpoint: checkpoints_old/iPara_balanced_l1_g6_i4_do0.10_dpr0.10_lr0.0002_heads16_fold4.pth  select=0.5519  val_ab=0.7349  val_ag=0.3688  val_all=0.5972
Ep016  LR0=1.71e-04  pw=3.91  aucα=0.210  token_p=0.020  dropE=(0.020,0.080)  smooth=0.010  train_loss=0.3615  train_AUPR_all=0.6288  train_AUPR_ab=0.7294  train_AUPR_ag=0.4684  train_P@5_ab=0.9500  train_P@5_ag=1.0000  val_loss=0.4621  val_AUPR_all=0.5993  val_AUPR_ab=0.7378  val_AUPR_ag=0.3784  val_P@5_ab=1.0000  val_P@5_ag=0.8500  select=0.5581
  Saved checkpoint: checkpoints_old/iPara_balanced_l1_g6_i4_do0.10_dpr0.10_lr0.0002_heads16_fold4.pth  select=0.5581  val_ab=0.7378  val_ag=0.3784  val_all=0.5993
Ep017  LR0=1.67e-04  pw=3.57  aucα=0.240  token_p=0.020  dropE=(0.020,0.080)  smooth=0.010  train_loss=0.3570  train_AUPR_all=0.6350  train_AUPR_ab=0.7303  train_AUPR_ag=0.4828  train_P@5_ab=0.9500  train_P@5_ag=0.9000  val_loss=0.4639  val_AUPR_all=0.5988  val_AUPR_ab=0.7418  val_AUPR_ag=0.3741  val_P@5_ab=1.0000  val_P@5_ag=0.9000  select=0.5579
Ep018  LR0=1.63e-04  pw=3.27  aucα=0.270  token_p=0.020  dropE=(0.020,0.080)  smooth=0.010  train_loss=0.3487  train_AUPR_all=0.6519  train_AUPR_ab=0.7482  train_AUPR_ag=0.4983  train_P@5_ab=0.9500  train_P@5_ag=0.9500  val_loss=0.4429  val_AUPR_all=0.5971  val_AUPR_ab=0.7415  val_AUPR_ag=0.3711  val_P@5_ab=1.0000  val_P@5_ag=0.8500  select=0.5563
Ep019  LR0=1.59e-04  pw=3.00  aucα=0.300  token_p=0.020  dropE=(0.020,0.080)  smooth=0.010  train_loss=0.3404  train_AUPR_all=0.6622  train_AUPR_ab=0.7530  train_AUPR_ag=0.5205  train_P@5_ab=0.9500  train_P@5_ag=0.8500  val_loss=0.4438  val_AUPR_all=0.5877  val_AUPR_ab=0.7241  val_AUPR_ag=0.3715  val_P@5_ab=1.0000  val_P@5_ag=0.8500  select=0.5478
Ep020  LR0=1.55e-04  pw=2.77  aucα=0.300  token_p=0.020  dropE=(0.020,0.080)  smooth=0.010  train_loss=0.3238  train_AUPR_all=0.6687  train_AUPR_ab=0.7527  train_AUPR_ag=0.5376  train_P@5_ab=1.0000  train_P@5_ag=1.0000  val_loss=0.4262  val_AUPR_all=0.5926  val_AUPR_ab=0.7433  val_AUPR_ag=0.3681  val_P@5_ab=1.0000  val_P@5_ag=0.9000  select=0.5557
Ep021  LR0=1.50e-04  pw=2.56  aucα=0.300  token_p=0.020  dropE=(0.020,0.080)  smooth=0.010  train_loss=0.3100  train_AUPR_all=0.6782  train_AUPR_ab=0.7646  train_AUPR_ag=0.5439  train_P@5_ab=1.0000  train_P@5_ag=0.9500  val_loss=0.4032  val_AUPR_all=0.6017  val_AUPR_ab=0.7462  val_AUPR_ag=0.3730  val_P@5_ab=1.0000  val_P@5_ag=0.9500  select=0.5596
  Saved checkpoint: checkpoints_old/iPara_balanced_l1_g6_i4_do0.10_dpr0.10_lr0.0002_heads16_fold4.pth  select=0.5596  val_ab=0.7462  val_ag=0.3730  val_all=0.6017
Ep022  LR0=1.46e-04  pw=2.38  aucα=0.300  token_p=0.020  dropE=(0.020,0.080)  smooth=0.010  train_loss=0.2945  train_AUPR_all=0.6883  train_AUPR_ab=0.7699  train_AUPR_ag=0.5617  train_P@5_ab=1.0000  train_P@5_ag=1.0000  val_loss=0.3872  val_AUPR_all=0.5989  val_AUPR_ab=0.7498  val_AUPR_ag=0.3723  val_P@5_ab=1.0000  val_P@5_ag=0.9500  select=0.5610
  Saved checkpoint: checkpoints_old/iPara_balanced_l1_g6_i4_do0.10_dpr0.10_lr0.0002_heads16_fold4.pth  select=0.5610  val_ab=0.7498  val_ag=0.3723  val_all=0.5989
Ep023  LR0=1.41e-04  pw=2.21  aucα=0.300  token_p=0.020  dropE=(0.020,0.080)  smooth=0.010  train_loss=0.2830  train_AUPR_all=0.6945  train_AUPR_ab=0.7704  train_AUPR_ag=0.5793  train_P@5_ab=0.9500  train_P@5_ag=0.9500  val_loss=0.3884  val_AUPR_all=0.6042  val_AUPR_ab=0.7575  val_AUPR_ag=0.3831  val_P@5_ab=1.0000  val_P@5_ag=1.0000  select=0.5703
  Saved checkpoint: checkpoints_old/iPara_balanced_l1_g6_i4_do0.10_dpr0.10_lr0.0002_heads16_fold4.pth  select=0.5703  val_ab=0.7575  val_ag=0.3831  val_all=0.6042
Ep024  LR0=1.36e-04  pw=2.07  aucα=0.300  token_p=0.020  dropE=(0.020,0.080)  smooth=0.010  train_loss=0.2669  train_AUPR_all=0.7115  train_AUPR_ab=0.7845  train_AUPR_ag=0.6007  train_P@5_ab=0.9000  train_P@5_ag=1.0000  val_loss=0.3705  val_AUPR_all=0.5993  val_AUPR_ab=0.7444  val_AUPR_ag=0.3855  val_P@5_ab=0.9500  val_P@5_ag=0.9500  select=0.5650
Ep025  LR0=1.31e-04  pw=1.95  aucα=0.300  token_p=0.020  dropE=(0.020,0.080)  smooth=0.010  train_loss=0.2531  train_AUPR_all=0.7250  train_AUPR_ab=0.7938  train_AUPR_ag=0.6224  train_P@5_ab=1.0000  train_P@5_ag=1.0000  val_loss=0.3817  val_AUPR_all=0.6039  val_AUPR_ab=0.7558  val_AUPR_ag=0.3745  val_P@5_ab=1.0000  val_P@5_ag=0.8000  select=0.5652
Ep026  LR0=1.26e-04  pw=1.83  aucα=0.300  token_p=0.020  dropE=(0.020,0.080)  smooth=0.010  train_loss=0.2425  train_AUPR_all=0.7329  train_AUPR_ab=0.7984  train_AUPR_ag=0.6355  train_P@5_ab=1.0000  train_P@5_ag=1.0000  val_loss=0.3704  val_AUPR_all=0.5824  val_AUPR_ab=0.7539  val_AUPR_ag=0.3730  val_P@5_ab=1.0000  val_P@5_ag=0.5500  select=0.5635
Ep027  LR0=1.21e-04  pw=1.74  aucα=0.300  token_p=0.020  dropE=(0.020,0.080)  smooth=0.010  train_loss=0.2336  train_AUPR_all=0.7406  train_AUPR_ab=0.8033  train_AUPR_ag=0.6483  train_P@5_ab=1.0000  train_P@5_ag=1.0000  val_loss=0.3617  val_AUPR_all=0.6074  val_AUPR_ab=0.7628  val_AUPR_ag=0.3671  val_P@5_ab=1.0000  val_P@5_ag=0.7500  select=0.5649
Ep028  LR0=1.16e-04  pw=1.65  aucα=0.300  token_p=0.020  dropE=(0.020,0.080)  smooth=0.010  train_loss=0.2255  train_AUPR_all=0.7494  train_AUPR_ab=0.8083  train_AUPR_ag=0.6635  train_P@5_ab=1.0000  train_P@5_ag=0.9500  val_loss=0.3543  val_AUPR_all=0.5959  val_AUPR_ab=0.7525  val_AUPR_ag=0.3724  val_P@5_ab=1.0000  val_P@5_ag=0.7000  select=0.5624
Ep029  LR0=1.11e-04  pw=1.57  aucα=0.300  token_p=0.020  dropE=(0.020,0.080)  smooth=0.010  train_loss=0.2127  train_AUPR_all=0.7641  train_AUPR_ab=0.8178  train_AUPR_ag=0.6867  train_P@5_ab=1.0000  train_P@5_ag=1.0000  val_loss=0.3448  val_AUPR_all=0.6046  val_AUPR_ab=0.7630  val_AUPR_ag=0.3779  val_P@5_ab=1.0000  val_P@5_ag=1.0000  select=0.5704
  Saved checkpoint: checkpoints_old/iPara_balanced_l1_g6_i4_do0.10_dpr0.10_lr0.0002_heads16_fold4.pth  select=0.5704  val_ab=0.7630  val_ag=0.3779  val_all=0.6046
Ep030  LR0=1.05e-04  pw=1.51  aucα=0.300  token_p=0.020  dropE=(0.020,0.080)  smooth=0.010  train_loss=0.2057  train_AUPR_all=0.7718  train_AUPR_ab=0.8213  train_AUPR_ag=0.7009  train_P@5_ab=1.0000  train_P@5_ag=1.0000  val_loss=0.3339  val_AUPR_all=0.5916  val_AUPR_ab=0.7591  val_AUPR_ag=0.3810  val_P@5_ab=1.0000  val_P@5_ag=0.8000  select=0.5701
Ep031  LR0=1.00e-04  pw=1.45  aucα=0.300  token_p=0.020  dropE=(0.020,0.080)  smooth=0.010  train_loss=0.1967  train_AUPR_all=0.7807  train_AUPR_ab=0.8266  train_AUPR_ag=0.7157  train_P@5_ab=0.9500  train_P@5_ag=0.9000  val_loss=0.3477  val_AUPR_all=0.5821  val_AUPR_ab=0.7565  val_AUPR_ag=0.3649  val_P@5_ab=1.0000  val_P@5_ag=0.6500  select=0.5607
Ep032  LR0=9.50e-05  pw=1.39  aucα=0.300  token_p=0.020  dropE=(0.020,0.080)  smooth=0.010  train_loss=0.1921  train_AUPR_all=0.7855  train_AUPR_ab=0.8288  train_AUPR_ag=0.7243  train_P@5_ab=0.9500  train_P@5_ag=1.0000  val_loss=0.3466  val_AUPR_all=0.5847  val_AUPR_ab=0.7608  val_AUPR_ag=0.3344  val_P@5_ab=1.0000  val_P@5_ag=0.5500  select=0.5476
Ep033  LR0=8.98e-05  pw=1.35  aucα=0.300  token_p=0.020  dropE=(0.020,0.080)  smooth=0.010  train_loss=0.1841  train_AUPR_all=0.7963  train_AUPR_ab=0.8405  train_AUPR_ag=0.7334  train_P@5_ab=1.0000  train_P@5_ag=0.9500  val_loss=0.3461  val_AUPR_all=0.5894  val_AUPR_ab=0.7615  val_AUPR_ag=0.3555  val_P@5_ab=1.0000  val_P@5_ag=0.5000  select=0.5585
Ep034  LR0=8.46e-05  pw=1.31  aucα=0.300  token_p=0.020  dropE=(0.020,0.080)  smooth=0.010  train_loss=0.1795  train_AUPR_all=0.8012  train_AUPR_ab=0.8428  train_AUPR_ag=0.7423  train_P@5_ab=1.0000  train_P@5_ag=0.9500  val_loss=0.3299  val_AUPR_all=0.5990  val_AUPR_ab=0.7558  val_AUPR_ag=0.3772  val_P@5_ab=1.0000  val_P@5_ag=0.6000  select=0.5665
Ep035  LR0=7.95e-05  pw=1.27  aucα=0.300  token_p=0.020  dropE=(0.020,0.080)  smooth=0.010  train_loss=0.1731  train_AUPR_all=0.8107  train_AUPR_ab=0.8486  train_AUPR_ag=0.7574  train_P@5_ab=1.0000  train_P@5_ag=1.0000  val_loss=0.3383  val_AUPR_all=0.5793  val_AUPR_ab=0.7519  val_AUPR_ag=0.3666  val_P@5_ab=1.0000  val_P@5_ag=0.5500  select=0.5592
Ep036  LR0=7.44e-05  pw=1.24  aucα=0.300  token_p=0.020  dropE=(0.020,0.080)  smooth=0.010  train_loss=0.1699  train_AUPR_all=0.8126  train_AUPR_ab=0.8528  train_AUPR_ag=0.7554  train_P@5_ab=1.0000  train_P@5_ag=1.0000  val_loss=0.3396  val_AUPR_all=0.5772  val_AUPR_ab=0.7521  val_AUPR_ag=0.3577  val_P@5_ab=1.0000  val_P@5_ag=0.5500  select=0.5549
Ep037  LR0=6.94e-05  pw=1.21  aucα=0.300  token_p=0.020  dropE=(0.020,0.080)  smooth=0.010  train_loss=0.1619  train_AUPR_all=0.8265  train_AUPR_ab=0.8642  train_AUPR_ag=0.7731  train_P@5_ab=0.9500  train_P@5_ag=1.0000  val_loss=0.3251  val_AUPR_all=0.5855  val_AUPR_ab=0.7436  val_AUPR_ag=0.3582  val_P@5_ab=0.9500  val_P@5_ag=0.6500  select=0.5509
Ep038  LR0=6.45e-05  pw=1.19  aucα=0.300  token_p=0.020  dropE=(0.020,0.080)  smooth=0.010  train_loss=0.1558  train_AUPR_all=0.8342  train_AUPR_ab=0.8675  train_AUPR_ag=0.7874  train_P@5_ab=1.0000  train_P@5_ag=1.0000  val_loss=0.3232  val_AUPR_all=0.6013  val_AUPR_ab=0.7560  val_AUPR_ag=0.3790  val_P@5_ab=0.9500  val_P@5_ag=0.6500  select=0.5675
Ep039  LR0=5.97e-05  pw=1.16  aucα=0.300  token_p=0.020  dropE=(0.020,0.080)  smooth=0.010  train_loss=0.1512  train_AUPR_all=0.8403  train_AUPR_ab=0.8729  train_AUPR_ag=0.7944  train_P@5_ab=1.0000  train_P@5_ag=1.0000  val_loss=0.3281  val_AUPR_all=0.5853  val_AUPR_ab=0.7442  val_AUPR_ag=0.3665  val_P@5_ab=0.9000  val_P@5_ag=0.5500  select=0.5553
Ep040  LR0=5.50e-05  pw=1.15  aucα=0.300  token_p=0.020  dropE=(0.020,0.080)  smooth=0.010  train_loss=0.1518  train_AUPR_all=0.8380  train_AUPR_ab=0.8688  train_AUPR_ag=0.7951  train_P@5_ab=1.0000  train_P@5_ag=1.0000  val_loss=0.3257  val_AUPR_all=0.5851  val_AUPR_ab=0.7496  val_AUPR_ag=0.3614  val_P@5_ab=0.9000  val_P@5_ag=0.5500  select=0.5555
Ep041  LR0=5.04e-05  pw=1.13  aucα=0.300  token_p=0.020  dropE=(0.020,0.080)  smooth=0.010  train_loss=0.1480  train_AUPR_all=0.8432  train_AUPR_ab=0.8755  train_AUPR_ag=0.7977  train_P@5_ab=1.0000  train_P@5_ag=1.0000  val_loss=0.3323  val_AUPR_all=0.5805  val_AUPR_ab=0.7453  val_AUPR_ag=0.3464  val_P@5_ab=0.9500  val_P@5_ag=0.5000  select=0.5459
Ep042  LR0=4.59e-05  pw=1.11  aucα=0.300  token_p=0.020  dropE=(0.020,0.080)  smooth=0.010  train_loss=0.1404  train_AUPR_all=0.8558  train_AUPR_ab=0.8865  train_AUPR_ag=0.8123  train_P@5_ab=1.0000  train_P@5_ag=1.0000  val_loss=0.3349  val_AUPR_all=0.5711  val_AUPR_ab=0.7406  val_AUPR_ag=0.3485  val_P@5_ab=0.9000  val_P@5_ag=0.4000  select=0.5445
Ep043  LR0=4.16e-05  pw=1.10  aucα=0.300  token_p=0.020  dropE=(0.020,0.080)  smooth=0.010  train_loss=0.1407  train_AUPR_all=0.8541  train_AUPR_ab=0.8850  train_AUPR_ag=0.8105  train_P@5_ab=1.0000  train_P@5_ag=0.9500  val_loss=0.3238  val_AUPR_all=0.5871  val_AUPR_ab=0.7470  val_AUPR_ag=0.3653  val_P@5_ab=0.9000  val_P@5_ag=0.5500  select=0.5562
Ep044  LR0=3.75e-05  pw=1.09  aucα=0.300  token_p=0.020  dropE=(0.020,0.080)  smooth=0.010  train_loss=0.1391  train_AUPR_all=0.8554  train_AUPR_ab=0.8841  train_AUPR_ag=0.8152  train_P@5_ab=1.0000  train_P@5_ag=1.0000  val_loss=0.3234  val_AUPR_all=0.5840  val_AUPR_ab=0.7403  val_AUPR_ag=0.3606  val_P@5_ab=0.9500  val_P@5_ag=0.4500  select=0.5504
Ep045  LR0=3.35e-05  pw=1.08  aucα=0.300  token_p=0.020  dropE=(0.020,0.080)  smooth=0.010  train_loss=0.1337  train_AUPR_all=0.8636  train_AUPR_ab=0.8925  train_AUPR_ag=0.8228  train_P@5_ab=1.0000  train_P@5_ag=1.0000  val_loss=0.3288  val_AUPR_all=0.5801  val_AUPR_ab=0.7425  val_AUPR_ag=0.3593  val_P@5_ab=0.9000  val_P@5_ag=0.4500  select=0.5509
Ep046  LR0=2.97e-05  pw=1.07  aucα=0.300  token_p=0.020  dropE=(0.020,0.080)  smooth=0.010  train_loss=0.1313  train_AUPR_all=0.8677  train_AUPR_ab=0.8949  train_AUPR_ag=0.8295  train_P@5_ab=1.0000  train_P@5_ag=1.0000  val_loss=0.3379  val_AUPR_all=0.5694  val_AUPR_ab=0.7414  val_AUPR_ag=0.3454  val_P@5_ab=1.0000  val_P@5_ag=0.3000  select=0.5434
Ep047  LR0=2.61e-05  pw=1.06  aucα=0.300  token_p=0.020  dropE=(0.020,0.080)  smooth=0.010  train_loss=0.1276  train_AUPR_all=0.8743  train_AUPR_ab=0.8998  train_AUPR_ag=0.8385  train_P@5_ab=1.0000  train_P@5_ag=1.0000  val_loss=0.3336  val_AUPR_all=0.5739  val_AUPR_ab=0.7360  val_AUPR_ag=0.3521  val_P@5_ab=0.9000  val_P@5_ag=0.3500  select=0.5441
Ep048  LR0=2.27e-05  pw=1.05  aucα=0.300  token_p=0.020  dropE=(0.020,0.080)  smooth=0.010  train_loss=0.1246  train_AUPR_all=0.8790  train_AUPR_ab=0.9047  train_AUPR_ag=0.8428  train_P@5_ab=1.0000  train_P@5_ag=1.0000  val_loss=0.3295  val_AUPR_all=0.5731  val_AUPR_ab=0.7406  val_AUPR_ag=0.3557  val_P@5_ab=0.9500  val_P@5_ag=0.4000  select=0.5482
Ep049  LR0=1.96e-05  pw=1.05  aucα=0.300  token_p=0.020  dropE=(0.020,0.080)  smooth=0.010  train_loss=0.1291  train_AUPR_all=0.8701  train_AUPR_ab=0.8975  train_AUPR_ag=0.8314  train_P@5_ab=1.0000  train_P@5_ag=1.0000  val_loss=0.3288  val_AUPR_all=0.5791  val_AUPR_ab=0.7441  val_AUPR_ag=0.3577  val_P@5_ab=0.9500  val_P@5_ag=0.3500  select=0.5509
Early stopping at epoch 49. Best select=0.5704 at epoch 29.
Final saved checkpoint for fold 4: checkpoints_old/iPara_balanced_l1_g6_i4_do0.10_dpr0.10_lr0.0002_heads16_fold4.pth
Best select=0.5704 at epoch 29

==========================================================================================
Fold 5/10
==========================================================================================
Train labels: valid=450596, pos=29896, neg=420700, ignore=784604, pos_frac=0.06635
Val labels: valid=49596, pos=3334, neg=46262, ignore=88004, pos_frac=0.06722
Initializing ClassificationModel with 6 GAT layers and residual connections...
Initializing MCModel with 6 GAT layers and 4 row attention layers (drop_path_rate=0.1)
Initializing CoreModel with 1 layers, drop_path_rate=0.1
Ep001  LR0=2.00e-04  pw=20.00  aucα=0.000  token_p=0.020  dropE=(0.020,0.080)  smooth=0.010  train_loss=1.2204  train_AUPR_all=0.2095  train_AUPR_ab=0.2466  train_AUPR_ag=0.1615  train_P@5_ab=0.7500  train_P@5_ag=0.4500  val_loss=1.1249  val_AUPR_all=0.4241  val_AUPR_ab=0.5173  val_AUPR_ag=0.2851  val_P@5_ab=0.8500  val_P@5_ag=0.7500  select=0.4012
  Saved checkpoint: checkpoints_old/iPara_balanced_l1_g6_i4_do0.10_dpr0.10_lr0.0002_heads16_fold5.pth  select=0.4012  val_ab=0.5173  val_ag=0.2851  val_all=0.4241
Ep002  LR0=2.00e-04  pw=17.77  aucα=0.000  token_p=0.020  dropE=(0.020,0.080)  smooth=0.010  train_loss=0.7795  train_AUPR_all=0.4086  train_AUPR_ab=0.4937  train_AUPR_ag=0.2650  train_P@5_ab=0.8000  train_P@5_ag=0.8500  val_loss=0.8953  val_AUPR_all=0.5062  val_AUPR_ab=0.6007  val_AUPR_ag=0.3558  val_P@5_ab=1.0000  val_P@5_ag=0.9000  select=0.4783
  Saved checkpoint: checkpoints_old/iPara_balanced_l1_g6_i4_do0.10_dpr0.10_lr0.0002_heads16_fold5.pth  select=0.4783  val_ab=0.6007  val_ag=0.3558  val_all=0.5062
Ep003  LR0=1.99e-04  pw=15.80  aucα=0.000  token_p=0.020  dropE=(0.020,0.080)  smooth=0.010  train_loss=0.6927  train_AUPR_all=0.4483  train_AUPR_ab=0.5308  train_AUPR_ag=0.3043  train_P@5_ab=0.6000  train_P@5_ag=0.9000  val_loss=0.8402  val_AUPR_all=0.5130  val_AUPR_ab=0.6189  val_AUPR_ag=0.3493  val_P@5_ab=0.5500  val_P@5_ag=0.9000  select=0.4841
  Saved checkpoint: checkpoints_old/iPara_balanced_l1_g6_i4_do0.10_dpr0.10_lr0.0002_heads16_fold5.pth  select=0.4841  val_ab=0.6189  val_ag=0.3493  val_all=0.5130
Ep004  LR0=1.99e-04  pw=14.06  aucα=0.000  token_p=0.020  dropE=(0.020,0.080)  smooth=0.010  train_loss=0.6485  train_AUPR_all=0.4552  train_AUPR_ab=0.5428  train_AUPR_ag=0.3019  train_P@5_ab=0.5000  train_P@5_ag=0.7500  val_loss=0.8902  val_AUPR_all=0.5186  val_AUPR_ab=0.6406  val_AUPR_ag=0.3224  val_P@5_ab=0.8000  val_P@5_ag=0.8000  select=0.4815
Unfreezing DyM parameters.
Ep005  LR0=1.98e-04  pw=12.52  aucα=0.000  token_p=0.020  dropE=(0.020,0.080)  smooth=0.010  train_loss=0.5928  train_AUPR_all=0.4938  train_AUPR_ab=0.5788  train_AUPR_ag=0.3339  train_P@5_ab=0.8500  train_P@5_ag=0.8500  val_loss=0.7677  val_AUPR_all=0.5547  val_AUPR_ab=0.6652  val_AUPR_ag=0.3673  val_P@5_ab=1.0000  val_P@5_ag=0.8000  select=0.5163
  Saved checkpoint: checkpoints_old/iPara_balanced_l1_g6_i4_do0.10_dpr0.10_lr0.0002_heads16_fold5.pth  select=0.5163  val_ab=0.6652  val_ag=0.3673  val_all=0.5547
Ep006  LR0=1.97e-04  pw=11.17  aucα=0.000  token_p=0.020  dropE=(0.020,0.080)  smooth=0.010  train_loss=0.5481  train_AUPR_all=0.5216  train_AUPR_ab=0.6139  train_AUPR_ag=0.3548  train_P@5_ab=0.7500  train_P@5_ag=0.9500  val_loss=0.7082  val_AUPR_all=0.5589  val_AUPR_ab=0.6679  val_AUPR_ag=0.3800  val_P@5_ab=1.0000  val_P@5_ag=0.9500  select=0.5239
  Saved checkpoint: checkpoints_old/iPara_balanced_l1_g6_i4_do0.10_dpr0.10_lr0.0002_heads16_fold5.pth  select=0.5239  val_ab=0.6679  val_ag=0.3800  val_all=0.5589
Ep007  LR0=1.95e-04  pw=9.97  aucα=0.000  token_p=0.020  dropE=(0.020,0.080)  smooth=0.010  train_loss=0.5077  train_AUPR_all=0.5256  train_AUPR_ab=0.6178  train_AUPR_ag=0.3597  train_P@5_ab=0.8500  train_P@5_ag=0.8500  val_loss=0.6642  val_AUPR_all=0.5563  val_AUPR_ab=0.6544  val_AUPR_ag=0.3660  val_P@5_ab=0.7500  val_P@5_ag=0.7500  select=0.5102
Ep008  LR0=1.93e-04  pw=8.92  aucα=0.000  token_p=0.020  dropE=(0.020,0.080)  smooth=0.010  train_loss=0.4760  train_AUPR_all=0.5357  train_AUPR_ab=0.6280  train_AUPR_ag=0.3681  train_P@5_ab=0.9000  train_P@5_ag=0.8500  val_loss=0.6537  val_AUPR_all=0.5672  val_AUPR_ab=0.6852  val_AUPR_ag=0.3548  val_P@5_ab=0.8500  val_P@5_ag=1.0000  select=0.5200
Ep009  LR0=1.91e-04  pw=7.99  aucα=0.000  token_p=0.020  dropE=(0.020,0.080)  smooth=0.010  train_loss=0.4421  train_AUPR_all=0.5526  train_AUPR_ab=0.6522  train_AUPR_ag=0.3798  train_P@5_ab=0.9000  train_P@5_ag=0.8000  val_loss=0.6031  val_AUPR_all=0.5861  val_AUPR_ab=0.7065  val_AUPR_ag=0.3853  val_P@5_ab=1.0000  val_P@5_ag=0.7500  select=0.5459
  Saved checkpoint: checkpoints_old/iPara_balanced_l1_g6_i4_do0.10_dpr0.10_lr0.0002_heads16_fold5.pth  select=0.5459  val_ab=0.7065  val_ag=0.3853  val_all=0.5861
Ep010  LR0=1.89e-04  pw=7.17  aucα=0.030  token_p=0.020  dropE=(0.020,0.080)  smooth=0.010  train_loss=0.4280  train_AUPR_all=0.5651  train_AUPR_ab=0.6694  train_AUPR_ag=0.3879  train_P@5_ab=0.9000  train_P@5_ag=0.9000  val_loss=0.5996  val_AUPR_all=0.5899  val_AUPR_ab=0.7180  val_AUPR_ag=0.3765  val_P@5_ab=1.0000  val_P@5_ag=0.7500  select=0.5473
  Saved checkpoint: checkpoints_old/iPara_balanced_l1_g6_i4_do0.10_dpr0.10_lr0.0002_heads16_fold5.pth  select=0.5473  val_ab=0.7180  val_ag=0.3765  val_all=0.5899
Ep011  LR0=1.87e-04  pw=6.44  aucα=0.060  token_p=0.020  dropE=(0.020,0.080)  smooth=0.010  train_loss=0.4133  train_AUPR_all=0.5789  train_AUPR_ab=0.6813  train_AUPR_ag=0.4042  train_P@5_ab=1.0000  train_P@5_ag=0.9000  val_loss=0.5426  val_AUPR_all=0.5918  val_AUPR_ab=0.7149  val_AUPR_ag=0.3822  val_P@5_ab=1.0000  val_P@5_ag=0.8500  select=0.5486
  Saved checkpoint: checkpoints_old/iPara_balanced_l1_g6_i4_do0.10_dpr0.10_lr0.0002_heads16_fold5.pth  select=0.5486  val_ab=0.7149  val_ag=0.3822  val_all=0.5918
Ep012  LR0=1.84e-04  pw=5.80  aucα=0.090  token_p=0.020  dropE=(0.020,0.080)  smooth=0.010  train_loss=0.4072  train_AUPR_all=0.5800  train_AUPR_ab=0.6840  train_AUPR_ag=0.4071  train_P@5_ab=0.8000  train_P@5_ag=0.9500  val_loss=0.5219  val_AUPR_all=0.6027  val_AUPR_ab=0.7212  val_AUPR_ag=0.4072  val_P@5_ab=0.9500  val_P@5_ag=1.0000  select=0.5642
  Saved checkpoint: checkpoints_old/iPara_balanced_l1_g6_i4_do0.10_dpr0.10_lr0.0002_heads16_fold5.pth  select=0.5642  val_ab=0.7212  val_ag=0.4072  val_all=0.6027
Ep013  LR0=1.81e-04  pw=5.24  aucα=0.120  token_p=0.020  dropE=(0.020,0.080)  smooth=0.010  train_loss=0.3960  train_AUPR_all=0.5921  train_AUPR_ab=0.6941  train_AUPR_ag=0.4208  train_P@5_ab=0.9500  train_P@5_ag=0.9500  val_loss=0.4871  val_AUPR_all=0.6101  val_AUPR_ab=0.7427  val_AUPR_ag=0.3849  val_P@5_ab=0.9500  val_P@5_ag=0.9500  select=0.5638
Ep014  LR0=1.78e-04  pw=4.74  aucα=0.150  token_p=0.020  dropE=(0.020,0.080)  smooth=0.010  train_loss=0.3821  train_AUPR_all=0.6074  train_AUPR_ab=0.7110  train_AUPR_ag=0.4362  train_P@5_ab=1.0000  train_P@5_ag=0.9000  val_loss=0.4729  val_AUPR_all=0.6148  val_AUPR_ab=0.7408  val_AUPR_ag=0.4023  val_P@5_ab=0.9500  val_P@5_ag=0.9500  select=0.5715
  Saved checkpoint: checkpoints_old/iPara_balanced_l1_g6_i4_do0.10_dpr0.10_lr0.0002_heads16_fold5.pth  select=0.5715  val_ab=0.7408  val_ag=0.4023  val_all=0.6148
Ep015  LR0=1.74e-04  pw=4.30  aucα=0.180  token_p=0.020  dropE=(0.020,0.080)  smooth=0.010  train_loss=0.3746  train_AUPR_all=0.6165  train_AUPR_ab=0.7181  train_AUPR_ag=0.4510  train_P@5_ab=0.9500  train_P@5_ag=0.9500  val_loss=0.4957  val_AUPR_all=0.6057  val_AUPR_ab=0.7387  val_AUPR_ag=0.3921  val_P@5_ab=0.9500  val_P@5_ag=1.0000  select=0.5654
Ep016  LR0=1.71e-04  pw=3.91  aucα=0.210  token_p=0.020  dropE=(0.020,0.080)  smooth=0.010  train_loss=0.3666  train_AUPR_all=0.6236  train_AUPR_ab=0.7236  train_AUPR_ag=0.4621  train_P@5_ab=0.9500  train_P@5_ag=0.9500  val_loss=0.4335  val_AUPR_all=0.6197  val_AUPR_ab=0.7439  val_AUPR_ag=0.4123  val_P@5_ab=0.9500  val_P@5_ag=0.9500  select=0.5781
  Saved checkpoint: checkpoints_old/iPara_balanced_l1_g6_i4_do0.10_dpr0.10_lr0.0002_heads16_fold5.pth  select=0.5781  val_ab=0.7439  val_ag=0.4123  val_all=0.6197
Ep017  LR0=1.67e-04  pw=3.57  aucα=0.240  token_p=0.020  dropE=(0.020,0.080)  smooth=0.010  train_loss=0.3571  train_AUPR_all=0.6361  train_AUPR_ab=0.7307  train_AUPR_ag=0.4844  train_P@5_ab=1.0000  train_P@5_ag=0.9000  val_loss=0.4274  val_AUPR_all=0.6139  val_AUPR_ab=0.7461  val_AUPR_ag=0.3958  val_P@5_ab=0.9500  val_P@5_ag=0.9500  select=0.5710
Ep018  LR0=1.63e-04  pw=3.27  aucα=0.270  token_p=0.020  dropE=(0.020,0.080)  smooth=0.010  train_loss=0.3510  train_AUPR_all=0.6480  train_AUPR_ab=0.7446  train_AUPR_ag=0.4952  train_P@5_ab=1.0000  train_P@5_ag=1.0000  val_loss=0.4027  val_AUPR_all=0.6320  val_AUPR_ab=0.7608  val_AUPR_ag=0.4223  val_P@5_ab=1.0000  val_P@5_ag=1.0000  select=0.5916
  Saved checkpoint: checkpoints_old/iPara_balanced_l1_g6_i4_do0.10_dpr0.10_lr0.0002_heads16_fold5.pth  select=0.5916  val_ab=0.7608  val_ag=0.4223  val_all=0.6320
Ep019  LR0=1.59e-04  pw=3.00  aucα=0.300  token_p=0.020  dropE=(0.020,0.080)  smooth=0.010  train_loss=0.3477  train_AUPR_all=0.6527  train_AUPR_ab=0.7485  train_AUPR_ag=0.4997  train_P@5_ab=1.0000  train_P@5_ag=0.9500  val_loss=0.4159  val_AUPR_all=0.6153  val_AUPR_ab=0.7544  val_AUPR_ag=0.3957  val_P@5_ab=1.0000  val_P@5_ag=0.9500  select=0.5751
Ep020  LR0=1.55e-04  pw=2.77  aucα=0.300  token_p=0.020  dropE=(0.020,0.080)  smooth=0.010  train_loss=0.3296  train_AUPR_all=0.6626  train_AUPR_ab=0.7521  train_AUPR_ag=0.5229  train_P@5_ab=1.0000  train_P@5_ag=0.9500  val_loss=0.3857  val_AUPR_all=0.6268  val_AUPR_ab=0.7616  val_AUPR_ag=0.4273  val_P@5_ab=0.9500  val_P@5_ag=0.9500  select=0.5945
  Saved checkpoint: checkpoints_old/iPara_balanced_l1_g6_i4_do0.10_dpr0.10_lr0.0002_heads16_fold5.pth  select=0.5945  val_ab=0.7616  val_ag=0.4273  val_all=0.6268
Ep021  LR0=1.50e-04  pw=2.56  aucα=0.300  token_p=0.020  dropE=(0.020,0.080)  smooth=0.010  train_loss=0.3103  train_AUPR_all=0.6742  train_AUPR_ab=0.7589  train_AUPR_ag=0.5424  train_P@5_ab=1.0000  train_P@5_ag=1.0000  val_loss=0.3688  val_AUPR_all=0.6334  val_AUPR_ab=0.7584  val_AUPR_ag=0.4371  val_P@5_ab=1.0000  val_P@5_ag=0.9500  select=0.5978
  Saved checkpoint: checkpoints_old/iPara_balanced_l1_g6_i4_do0.10_dpr0.10_lr0.0002_heads16_fold5.pth  select=0.5978  val_ab=0.7584  val_ag=0.4371  val_all=0.6334
Ep022  LR0=1.46e-04  pw=2.38  aucα=0.300  token_p=0.020  dropE=(0.020,0.080)  smooth=0.010  train_loss=0.2960  train_AUPR_all=0.6849  train_AUPR_ab=0.7712  train_AUPR_ag=0.5505  train_P@5_ab=1.0000  train_P@5_ag=0.8000  val_loss=0.3720  val_AUPR_all=0.6278  val_AUPR_ab=0.7603  val_AUPR_ag=0.4207  val_P@5_ab=1.0000  val_P@5_ag=0.9500  select=0.5905
Ep023  LR0=1.41e-04  pw=2.21  aucα=0.300  token_p=0.020  dropE=(0.020,0.080)  smooth=0.010  train_loss=0.2836  train_AUPR_all=0.6941  train_AUPR_ab=0.7725  train_AUPR_ag=0.5746  train_P@5_ab=1.0000  train_P@5_ag=0.9500  val_loss=0.3487  val_AUPR_all=0.6237  val_AUPR_ab=0.7650  val_AUPR_ag=0.4120  val_P@5_ab=1.0000  val_P@5_ag=0.9000  select=0.5885
Ep024  LR0=1.36e-04  pw=2.07  aucα=0.300  token_p=0.020  dropE=(0.020,0.080)  smooth=0.010  train_loss=0.2663  train_AUPR_all=0.7116  train_AUPR_ab=0.7847  train_AUPR_ag=0.6021  train_P@5_ab=1.0000  train_P@5_ag=0.9500  val_loss=0.3782  val_AUPR_all=0.6258  val_AUPR_ab=0.7669  val_AUPR_ag=0.4234  val_P@5_ab=0.9500  val_P@5_ag=1.0000  select=0.5951
Ep025  LR0=1.31e-04  pw=1.95  aucα=0.300  token_p=0.020  dropE=(0.020,0.080)  smooth=0.010  train_loss=0.2534  train_AUPR_all=0.7215  train_AUPR_ab=0.7906  train_AUPR_ag=0.6180  train_P@5_ab=1.0000  train_P@5_ag=1.0000  val_loss=0.3649  val_AUPR_all=0.6194  val_AUPR_ab=0.7654  val_AUPR_ag=0.4183  val_P@5_ab=1.0000  val_P@5_ag=0.9500  select=0.5918
Ep026  LR0=1.26e-04  pw=1.83  aucα=0.300  token_p=0.020  dropE=(0.020,0.080)  smooth=0.010  train_loss=0.2459  train_AUPR_all=0.7262  train_AUPR_ab=0.7923  train_AUPR_ag=0.6282  train_P@5_ab=0.9000  train_P@5_ag=0.9500  val_loss=0.3536  val_AUPR_all=0.6176  val_AUPR_ab=0.7632  val_AUPR_ag=0.4019  val_P@5_ab=1.0000  val_P@5_ag=0.9500  select=0.5826
Ep027  LR0=1.21e-04  pw=1.74  aucα=0.300  token_p=0.020  dropE=(0.020,0.080)  smooth=0.010  train_loss=0.2340  train_AUPR_all=0.7375  train_AUPR_ab=0.7979  train_AUPR_ag=0.6484  train_P@5_ab=1.0000  train_P@5_ag=0.9500  val_loss=0.3499  val_AUPR_all=0.6183  val_AUPR_ab=0.7583  val_AUPR_ag=0.4020  val_P@5_ab=0.9500  val_P@5_ag=1.0000  select=0.5802
Ep028  LR0=1.16e-04  pw=1.65  aucα=0.300  token_p=0.020  dropE=(0.020,0.080)  smooth=0.010  train_loss=0.2246  train_AUPR_all=0.7467  train_AUPR_ab=0.8031  train_AUPR_ag=0.6645  train_P@5_ab=1.0000  train_P@5_ag=1.0000  val_loss=0.3405  val_AUPR_all=0.6295  val_AUPR_ab=0.7681  val_AUPR_ag=0.4202  val_P@5_ab=0.9500  val_P@5_ag=0.9500  select=0.5941
Ep029  LR0=1.11e-04  pw=1.57  aucα=0.300  token_p=0.020  dropE=(0.020,0.080)  smooth=0.010  train_loss=0.2160  train_AUPR_all=0.7575  train_AUPR_ab=0.8124  train_AUPR_ag=0.6782  train_P@5_ab=0.9500  train_P@5_ag=1.0000  val_loss=0.3441  val_AUPR_all=0.6140  val_AUPR_ab=0.7606  val_AUPR_ag=0.4105  val_P@5_ab=1.0000  val_P@5_ag=0.9500  select=0.5856
Ep030  LR0=1.05e-04  pw=1.51  aucα=0.300  token_p=0.020  dropE=(0.020,0.080)  smooth=0.010  train_loss=0.2074  train_AUPR_all=0.7659  train_AUPR_ab=0.8148  train_AUPR_ag=0.6956  train_P@5_ab=0.9000  train_P@5_ag=0.9500  val_loss=0.3230  val_AUPR_all=0.6303  val_AUPR_ab=0.7679  val_AUPR_ag=0.4209  val_P@5_ab=1.0000  val_P@5_ag=0.9000  select=0.5944
Ep031  LR0=1.00e-04  pw=1.45  aucα=0.300  token_p=0.020  dropE=(0.020,0.080)  smooth=0.010  train_loss=0.1978  train_AUPR_all=0.7780  train_AUPR_ab=0.8265  train_AUPR_ag=0.7082  train_P@5_ab=1.0000  train_P@5_ag=1.0000  val_loss=0.3284  val_AUPR_all=0.6168  val_AUPR_ab=0.7592  val_AUPR_ag=0.4050  val_P@5_ab=1.0000  val_P@5_ag=0.8500  select=0.5821
Ep032  LR0=9.50e-05  pw=1.39  aucα=0.300  token_p=0.020  dropE=(0.020,0.080)  smooth=0.010  train_loss=0.1908  train_AUPR_all=0.7872  train_AUPR_ab=0.8349  train_AUPR_ag=0.7184  train_P@5_ab=1.0000  train_P@5_ag=1.0000  val_loss=0.3252  val_AUPR_all=0.6272  val_AUPR_ab=0.7731  val_AUPR_ag=0.4065  val_P@5_ab=0.9500  val_P@5_ag=0.9500  select=0.5898
Ep033  LR0=8.98e-05  pw=1.35  aucα=0.300  token_p=0.020  dropE=(0.020,0.080)  smooth=0.010  train_loss=0.1830  train_AUPR_all=0.7970  train_AUPR_ab=0.8409  train_AUPR_ag=0.7343  train_P@5_ab=0.9500  train_P@5_ag=1.0000  val_loss=0.3156  val_AUPR_all=0.6438  val_AUPR_ab=0.7842  val_AUPR_ag=0.4304  val_P@5_ab=1.0000  val_P@5_ag=0.9500  select=0.6073
  Saved checkpoint: checkpoints_old/iPara_balanced_l1_g6_i4_do0.10_dpr0.10_lr0.0002_heads16_fold5.pth  select=0.6073  val_ab=0.7842  val_ag=0.4304  val_all=0.6438
Ep034  LR0=8.46e-05  pw=1.31  aucα=0.300  token_p=0.020  dropE=(0.020,0.080)  smooth=0.010  train_loss=0.1768  train_AUPR_all=0.8059  train_AUPR_ab=0.8484  train_AUPR_ag=0.7452  train_P@5_ab=1.0000  train_P@5_ag=1.0000  val_loss=0.3147  val_AUPR_all=0.6226  val_AUPR_ab=0.7706  val_AUPR_ag=0.4068  val_P@5_ab=1.0000  val_P@5_ag=0.7500  select=0.5887
Ep035  LR0=7.95e-05  pw=1.27  aucα=0.300  token_p=0.020  dropE=(0.020,0.080)  smooth=0.010  train_loss=0.1768  train_AUPR_all=0.8037  train_AUPR_ab=0.8455  train_AUPR_ag=0.7440  train_P@5_ab=1.0000  train_P@5_ag=1.0000  val_loss=0.3172  val_AUPR_all=0.6320  val_AUPR_ab=0.7789  val_AUPR_ag=0.4059  val_P@5_ab=1.0000  val_P@5_ag=0.9000  select=0.5924
Ep036  LR0=7.44e-05  pw=1.24  aucα=0.300  token_p=0.020  dropE=(0.020,0.080)  smooth=0.010  train_loss=0.1661  train_AUPR_all=0.8195  train_AUPR_ab=0.8564  train_AUPR_ag=0.7673  train_P@5_ab=1.0000  train_P@5_ag=1.0000  val_loss=0.3328  val_AUPR_all=0.6155  val_AUPR_ab=0.7686  val_AUPR_ag=0.3954  val_P@5_ab=1.0000  val_P@5_ag=0.5500  select=0.5820
Ep037  LR0=6.94e-05  pw=1.21  aucα=0.300  token_p=0.020  dropE=(0.020,0.080)  smooth=0.010  train_loss=0.1636  train_AUPR_all=0.8198  train_AUPR_ab=0.8556  train_AUPR_ag=0.7694  train_P@5_ab=1.0000  train_P@5_ag=1.0000  val_loss=0.3155  val_AUPR_all=0.6310  val_AUPR_ab=0.7767  val_AUPR_ag=0.4086  val_P@5_ab=1.0000  val_P@5_ag=0.8000  select=0.5926
Ep038  LR0=6.45e-05  pw=1.19  aucα=0.300  token_p=0.020  dropE=(0.020,0.080)  smooth=0.010  train_loss=0.1588  train_AUPR_all=0.8268  train_AUPR_ab=0.8647  train_AUPR_ag=0.7725  train_P@5_ab=1.0000  train_P@5_ag=0.9000  val_loss=0.3235  val_AUPR_all=0.6172  val_AUPR_ab=0.7650  val_AUPR_ag=0.4082  val_P@5_ab=1.0000  val_P@5_ag=0.6500  select=0.5866
Ep039  LR0=5.97e-05  pw=1.16  aucα=0.300  token_p=0.020  dropE=(0.020,0.080)  smooth=0.010  train_loss=0.1545  train_AUPR_all=0.8330  train_AUPR_ab=0.8679  train_AUPR_ag=0.7832  train_P@5_ab=1.0000  train_P@5_ag=0.9500  val_loss=0.3243  val_AUPR_all=0.6122  val_AUPR_ab=0.7643  val_AUPR_ag=0.4026  val_P@5_ab=1.0000  val_P@5_ag=0.8500  select=0.5835
Ep040  LR0=5.50e-05  pw=1.15  aucα=0.300  token_p=0.020  dropE=(0.020,0.080)  smooth=0.010  train_loss=0.1483  train_AUPR_all=0.8422  train_AUPR_ab=0.8739  train_AUPR_ag=0.7976  train_P@5_ab=1.0000  train_P@5_ag=1.0000  val_loss=0.3293  val_AUPR_all=0.6083  val_AUPR_ab=0.7621  val_AUPR_ag=0.3850  val_P@5_ab=0.9500  val_P@5_ag=0.5500  select=0.5736
Ep041  LR0=5.04e-05  pw=1.13  aucα=0.300  token_p=0.020  dropE=(0.020,0.080)  smooth=0.010  train_loss=0.1454  train_AUPR_all=0.8461  train_AUPR_ab=0.8768  train_AUPR_ag=0.8026  train_P@5_ab=1.0000  train_P@5_ag=1.0000  val_loss=0.3120  val_AUPR_all=0.6222  val_AUPR_ab=0.7690  val_AUPR_ag=0.4075  val_P@5_ab=1.0000  val_P@5_ag=0.7000  select=0.5882
Ep042  LR0=4.59e-05  pw=1.11  aucα=0.300  token_p=0.020  dropE=(0.020,0.080)  smooth=0.010  train_loss=0.1417  train_AUPR_all=0.8515  train_AUPR_ab=0.8821  train_AUPR_ag=0.8084  train_P@5_ab=1.0000  train_P@5_ag=1.0000  val_loss=0.3132  val_AUPR_all=0.6149  val_AUPR_ab=0.7660  val_AUPR_ag=0.4022  val_P@5_ab=1.0000  val_P@5_ag=0.7500  select=0.5841
Ep043  LR0=4.16e-05  pw=1.10  aucα=0.300  token_p=0.020  dropE=(0.020,0.080)  smooth=0.010  train_loss=0.1377  train_AUPR_all=0.8585  train_AUPR_ab=0.8895  train_AUPR_ag=0.8142  train_P@5_ab=1.0000  train_P@5_ag=1.0000  val_loss=0.3279  val_AUPR_all=0.6181  val_AUPR_ab=0.7687  val_AUPR_ag=0.4002  val_P@5_ab=1.0000  val_P@5_ag=0.6500  select=0.5845
Ep044  LR0=3.75e-05  pw=1.09  aucα=0.300  token_p=0.020  dropE=(0.020,0.080)  smooth=0.010  train_loss=0.1354  train_AUPR_all=0.8604  train_AUPR_ab=0.8898  train_AUPR_ag=0.8186  train_P@5_ab=1.0000  train_P@5_ag=1.0000  val_loss=0.3296  val_AUPR_all=0.6038  val_AUPR_ab=0.7592  val_AUPR_ag=0.3921  val_P@5_ab=1.0000  val_P@5_ag=0.5500  select=0.5756
Ep045  LR0=3.35e-05  pw=1.08  aucα=0.300  token_p=0.020  dropE=(0.020,0.080)  smooth=0.010  train_loss=0.1325  train_AUPR_all=0.8661  train_AUPR_ab=0.8960  train_AUPR_ag=0.8235  train_P@5_ab=1.0000  train_P@5_ag=1.0000  val_loss=0.3298  val_AUPR_all=0.6053  val_AUPR_ab=0.7673  val_AUPR_ag=0.3808  val_P@5_ab=1.0000  val_P@5_ag=0.5500  select=0.5741
Ep046  LR0=2.97e-05  pw=1.07  aucα=0.300  token_p=0.020  dropE=(0.020,0.080)  smooth=0.010  train_loss=0.1282  train_AUPR_all=0.8728  train_AUPR_ab=0.9008  train_AUPR_ag=0.8328  train_P@5_ab=1.0000  train_P@5_ag=1.0000  val_loss=0.3339  val_AUPR_all=0.6041  val_AUPR_ab=0.7653  val_AUPR_ag=0.3833  val_P@5_ab=1.0000  val_P@5_ag=0.6500  select=0.5743
Ep047  LR0=2.61e-05  pw=1.06  aucα=0.300  token_p=0.020  dropE=(0.020,0.080)  smooth=0.010  train_loss=0.1286  train_AUPR_all=0.8702  train_AUPR_ab=0.8979  train_AUPR_ag=0.8309  train_P@5_ab=1.0000  train_P@5_ag=1.0000  val_loss=0.3248  val_AUPR_all=0.6052  val_AUPR_ab=0.7677  val_AUPR_ag=0.3784  val_P@5_ab=1.0000  val_P@5_ag=0.6500  select=0.5730
Ep048  LR0=2.27e-05  pw=1.05  aucα=0.300  token_p=0.020  dropE=(0.020,0.080)  smooth=0.010  train_loss=0.1257  train_AUPR_all=0.8756  train_AUPR_ab=0.9022  train_AUPR_ag=0.8378  train_P@5_ab=1.0000  train_P@5_ag=1.0000  val_loss=0.3248  val_AUPR_all=0.6004  val_AUPR_ab=0.7646  val_AUPR_ag=0.3738  val_P@5_ab=0.9500  val_P@5_ag=0.5000  select=0.5692
Ep049  LR0=1.96e-05  pw=1.05  aucα=0.300  token_p=0.020  dropE=(0.020,0.080)  smooth=0.010  train_loss=0.1266  train_AUPR_all=0.8731  train_AUPR_ab=0.9004  train_AUPR_ag=0.8343  train_P@5_ab=1.0000  train_P@5_ag=1.0000  val_loss=0.3271  val_AUPR_all=0.5983  val_AUPR_ab=0.7628  val_AUPR_ag=0.3773  val_P@5_ab=0.9500  val_P@5_ag=0.5000  select=0.5701
Ep050  LR0=1.66e-05  pw=1.04  aucα=0.300  token_p=0.020  dropE=(0.020,0.080)  smooth=0.010  train_loss=0.1253  train_AUPR_all=0.8745  train_AUPR_ab=0.9011  train_AUPR_ag=0.8367  train_P@5_ab=1.0000  train_P@5_ag=1.0000  val_loss=0.3281  val_AUPR_all=0.6019  val_AUPR_ab=0.7618  val_AUPR_ag=0.3776  val_P@5_ab=0.9500  val_P@5_ag=0.5500  select=0.5697
Ep051  LR0=1.39e-05  pw=1.04  aucα=0.300  token_p=0.020  dropE=(0.020,0.080)  smooth=0.010  train_loss=0.1237  train_AUPR_all=0.8776  train_AUPR_ab=0.9020  train_AUPR_ag=0.8435  train_P@5_ab=1.0000  train_P@5_ag=1.0000  val_loss=0.3271  val_AUPR_all=0.6008  val_AUPR_ab=0.7653  val_AUPR_ag=0.3821  val_P@5_ab=0.9500  val_P@5_ag=0.6000  select=0.5737
Ep052  LR0=1.14e-05  pw=1.03  aucα=0.300  token_p=0.020  dropE=(0.020,0.080)  smooth=0.010  train_loss=0.1204  train_AUPR_all=0.8841  train_AUPR_ab=0.9086  train_AUPR_ag=0.8493  train_P@5_ab=1.0000  train_P@5_ag=1.0000  val_loss=0.3301  val_AUPR_all=0.6004  val_AUPR_ab=0.7654  val_AUPR_ag=0.3745  val_P@5_ab=0.9500  val_P@5_ag=0.5500  select=0.5699
Ep053  LR0=9.12e-06  pw=1.03  aucα=0.300  token_p=0.020  dropE=(0.020,0.080)  smooth=0.010  train_loss=0.1184  train_AUPR_all=0.8860  train_AUPR_ab=0.9119  train_AUPR_ag=0.8489  train_P@5_ab=1.0000  train_P@5_ag=1.0000  val_loss=0.3300  val_AUPR_all=0.6012  val_AUPR_ab=0.7659  val_AUPR_ag=0.3762  val_P@5_ab=0.9500  val_P@5_ag=0.6000  select=0.5710
Early stopping at epoch 53. Best select=0.6073 at epoch 33.
Final saved checkpoint for fold 5: checkpoints_old/iPara_balanced_l1_g6_i4_do0.10_dpr0.10_lr0.0002_heads16_fold5.pth
Best select=0.6073 at epoch 33

==========================================================================================
Fold 6/10
==========================================================================================
Train labels: valid=451545, pos=29994, neg=421551, ignore=783655, pos_frac=0.06643
Val labels: valid=48647, pos=3236, neg=45411, ignore=88953, pos_frac=0.06652
Initializing ClassificationModel with 6 GAT layers and residual connections...
Initializing MCModel with 6 GAT layers and 4 row attention layers (drop_path_rate=0.1)
Initializing CoreModel with 1 layers, drop_path_rate=0.1
Ep001  LR0=2.00e-04  pw=20.00  aucα=0.000  token_p=0.020  dropE=(0.020,0.080)  smooth=0.010  train_loss=1.1871  train_AUPR_all=0.2034  train_AUPR_ab=0.2452  train_AUPR_ag=0.1514  train_P@5_ab=0.5500  train_P@5_ag=0.3500  val_loss=1.1311  val_AUPR_all=0.4399  val_AUPR_ab=0.5025  val_AUPR_ag=0.3452  val_P@5_ab=0.3500  val_P@5_ag=0.9500  select=0.4239
  Saved checkpoint: checkpoints_old/iPara_balanced_l1_g6_i4_do0.10_dpr0.10_lr0.0002_heads16_fold6.pth  select=0.4239  val_ab=0.5025  val_ag=0.3452  val_all=0.4399
Ep002  LR0=2.00e-04  pw=17.77  aucα=0.000  token_p=0.020  dropE=(0.020,0.080)  smooth=0.010  train_loss=0.8005  train_AUPR_all=0.3710  train_AUPR_ab=0.4570  train_AUPR_ag=0.2396  train_P@5_ab=0.7000  train_P@5_ag=0.8500  val_loss=1.0175  val_AUPR_all=0.4495  val_AUPR_ab=0.5443  val_AUPR_ag=0.3187  val_P@5_ab=0.8500  val_P@5_ag=0.8500  select=0.4315
  Saved checkpoint: checkpoints_old/iPara_balanced_l1_g6_i4_do0.10_dpr0.10_lr0.0002_heads16_fold6.pth  select=0.4315  val_ab=0.5443  val_ag=0.3187  val_all=0.4495
Ep003  LR0=1.99e-04  pw=15.80  aucα=0.000  token_p=0.020  dropE=(0.020,0.080)  smooth=0.010  train_loss=0.6973  train_AUPR_all=0.4462  train_AUPR_ab=0.5328  train_AUPR_ag=0.2977  train_P@5_ab=0.8000  train_P@5_ag=0.9000  val_loss=0.8434  val_AUPR_all=0.5127  val_AUPR_ab=0.5675  val_AUPR_ag=0.3801  val_P@5_ab=0.5500  val_P@5_ag=0.9500  select=0.4738
  Saved checkpoint: checkpoints_old/iPara_balanced_l1_g6_i4_do0.10_dpr0.10_lr0.0002_heads16_fold6.pth  select=0.4738  val_ab=0.5675  val_ag=0.3801  val_all=0.5127
Ep004  LR0=1.99e-04  pw=14.06  aucα=0.000  token_p=0.020  dropE=(0.020,0.080)  smooth=0.010  train_loss=0.6486  train_AUPR_all=0.4679  train_AUPR_ab=0.5498  train_AUPR_ag=0.3236  train_P@5_ab=0.6500  train_P@5_ag=0.7500  val_loss=0.7856  val_AUPR_all=0.5336  val_AUPR_ab=0.6336  val_AUPR_ag=0.3758  val_P@5_ab=0.9500  val_P@5_ag=0.9000  select=0.5047
  Saved checkpoint: checkpoints_old/iPara_balanced_l1_g6_i4_do0.10_dpr0.10_lr0.0002_heads16_fold6.pth  select=0.5047  val_ab=0.6336  val_ag=0.3758  val_all=0.5336
Unfreezing DyM parameters.
Ep005  LR0=1.98e-04  pw=12.52  aucα=0.000  token_p=0.020  dropE=(0.020,0.080)  smooth=0.010  train_loss=0.5885  train_AUPR_all=0.5046  train_AUPR_ab=0.5957  train_AUPR_ag=0.3456  train_P@5_ab=0.9000  train_P@5_ag=0.9500  val_loss=0.7628  val_AUPR_all=0.5357  val_AUPR_ab=0.6346  val_AUPR_ag=0.3779  val_P@5_ab=0.8000  val_P@5_ag=0.9000  select=0.5062
  Saved checkpoint: checkpoints_old/iPara_balanced_l1_g6_i4_do0.10_dpr0.10_lr0.0002_heads16_fold6.pth  select=0.5062  val_ab=0.6346  val_ag=0.3779  val_all=0.5357
Ep006  LR0=1.97e-04  pw=11.17  aucα=0.000  token_p=0.020  dropE=(0.020,0.080)  smooth=0.010  train_loss=0.5456  train_AUPR_all=0.5158  train_AUPR_ab=0.6059  train_AUPR_ag=0.3549  train_P@5_ab=0.8500  train_P@5_ag=0.9500  val_loss=0.7069  val_AUPR_all=0.5548  val_AUPR_ab=0.6395  val_AUPR_ag=0.4011  val_P@5_ab=0.6500  val_P@5_ag=0.9500  select=0.5203
  Saved checkpoint: checkpoints_old/iPara_balanced_l1_g6_i4_do0.10_dpr0.10_lr0.0002_heads16_fold6.pth  select=0.5203  val_ab=0.6395  val_ag=0.4011  val_all=0.5548
Ep007  LR0=1.95e-04  pw=9.97  aucα=0.000  token_p=0.020  dropE=(0.020,0.080)  smooth=0.010  train_loss=0.5039  train_AUPR_all=0.5365  train_AUPR_ab=0.6378  train_AUPR_ag=0.3633  train_P@5_ab=0.9000  train_P@5_ag=0.8500  val_loss=0.6582  val_AUPR_all=0.5681  val_AUPR_ab=0.6675  val_AUPR_ag=0.4062  val_P@5_ab=0.9000  val_P@5_ag=0.9000  select=0.5368
  Saved checkpoint: checkpoints_old/iPara_balanced_l1_g6_i4_do0.10_dpr0.10_lr0.0002_heads16_fold6.pth  select=0.5368  val_ab=0.6675  val_ag=0.4062  val_all=0.5681
Ep008  LR0=1.93e-04  pw=8.92  aucα=0.000  token_p=0.020  dropE=(0.020,0.080)  smooth=0.010  train_loss=0.4739  train_AUPR_all=0.5442  train_AUPR_ab=0.6465  train_AUPR_ag=0.3700  train_P@5_ab=0.8000  train_P@5_ag=0.8000  val_loss=0.6248  val_AUPR_all=0.5704  val_AUPR_ab=0.6845  val_AUPR_ag=0.3988  val_P@5_ab=0.9500  val_P@5_ag=1.0000  select=0.5416
  Saved checkpoint: checkpoints_old/iPara_balanced_l1_g6_i4_do0.10_dpr0.10_lr0.0002_heads16_fold6.pth  select=0.5416  val_ab=0.6845  val_ag=0.3988  val_all=0.5704
Ep009  LR0=1.91e-04  pw=7.99  aucα=0.000  token_p=0.020  dropE=(0.020,0.080)  smooth=0.010  train_loss=0.4365  train_AUPR_all=0.5653  train_AUPR_ab=0.6687  train_AUPR_ag=0.3892  train_P@5_ab=1.0000  train_P@5_ag=1.0000  val_loss=0.6125  val_AUPR_all=0.5652  val_AUPR_ab=0.6747  val_AUPR_ag=0.3968  val_P@5_ab=1.0000  val_P@5_ag=0.8500  select=0.5358
Ep010  LR0=1.89e-04  pw=7.17  aucα=0.030  token_p=0.020  dropE=(0.020,0.080)  smooth=0.010  train_loss=0.4265  train_AUPR_all=0.5719  train_AUPR_ab=0.6728  train_AUPR_ag=0.3999  train_P@5_ab=0.8500  train_P@5_ag=0.9500  val_loss=0.5751  val_AUPR_all=0.5692  val_AUPR_ab=0.6719  val_AUPR_ag=0.4097  val_P@5_ab=0.8500  val_P@5_ag=0.9500  select=0.5408
Ep011  LR0=1.87e-04  pw=6.44  aucα=0.060  token_p=0.020  dropE=(0.020,0.080)  smooth=0.010  train_loss=0.4136  train_AUPR_all=0.5806  train_AUPR_ab=0.6844  train_AUPR_ag=0.4038  train_P@5_ab=0.8000  train_P@5_ag=0.8500  val_loss=0.5587  val_AUPR_all=0.5901  val_AUPR_ab=0.6968  val_AUPR_ag=0.4116  val_P@5_ab=0.8500  val_P@5_ag=0.8500  select=0.5542
  Saved checkpoint: checkpoints_old/iPara_balanced_l1_g6_i4_do0.10_dpr0.10_lr0.0002_heads16_fold6.pth  select=0.5542  val_ab=0.6968  val_ag=0.4116  val_all=0.5901
Ep012  LR0=1.84e-04  pw=5.80  aucα=0.090  token_p=0.020  dropE=(0.020,0.080)  smooth=0.010  train_loss=0.4063  train_AUPR_all=0.5854  train_AUPR_ab=0.6892  train_AUPR_ag=0.4138  train_P@5_ab=0.9000  train_P@5_ag=0.9000  val_loss=0.5124  val_AUPR_all=0.5921  val_AUPR_ab=0.7067  val_AUPR_ag=0.4100  val_P@5_ab=0.9500  val_P@5_ag=0.9000  select=0.5583
  Saved checkpoint: checkpoints_old/iPara_balanced_l1_g6_i4_do0.10_dpr0.10_lr0.0002_heads16_fold6.pth  select=0.5583  val_ab=0.7067  val_ag=0.4100  val_all=0.5921
Ep013  LR0=1.81e-04  pw=5.24  aucα=0.120  token_p=0.020  dropE=(0.020,0.080)  smooth=0.010  train_loss=0.3963  train_AUPR_all=0.5984  train_AUPR_ab=0.7007  train_AUPR_ag=0.4293  train_P@5_ab=0.9500  train_P@5_ag=1.0000  val_loss=0.4919  val_AUPR_all=0.5998  val_AUPR_ab=0.7114  val_AUPR_ag=0.4126  val_P@5_ab=1.0000  val_P@5_ag=0.7500  select=0.5620
  Saved checkpoint: checkpoints_old/iPara_balanced_l1_g6_i4_do0.10_dpr0.10_lr0.0002_heads16_fold6.pth  select=0.5620  val_ab=0.7114  val_ag=0.4126  val_all=0.5998
Ep014  LR0=1.78e-04  pw=4.74  aucα=0.150  token_p=0.020  dropE=(0.020,0.080)  smooth=0.010  train_loss=0.3839  train_AUPR_all=0.6086  train_AUPR_ab=0.7106  train_AUPR_ag=0.4394  train_P@5_ab=0.9000  train_P@5_ag=0.9000  val_loss=0.4681  val_AUPR_all=0.5994  val_AUPR_ab=0.7157  val_AUPR_ag=0.4100  val_P@5_ab=1.0000  val_P@5_ag=0.9000  select=0.5629
  Saved checkpoint: checkpoints_old/iPara_balanced_l1_g6_i4_do0.10_dpr0.10_lr0.0002_heads16_fold6.pth  select=0.5629  val_ab=0.7157  val_ag=0.4100  val_all=0.5994
Ep015  LR0=1.74e-04  pw=4.30  aucα=0.180  token_p=0.020  dropE=(0.020,0.080)  smooth=0.010  train_loss=0.3764  train_AUPR_all=0.6166  train_AUPR_ab=0.7178  train_AUPR_ag=0.4478  train_P@5_ab=0.9500  train_P@5_ag=1.0000  val_loss=0.4576  val_AUPR_all=0.5984  val_AUPR_ab=0.7217  val_AUPR_ag=0.4043  val_P@5_ab=0.9500  val_P@5_ag=0.9000  select=0.5630
Ep016  LR0=1.71e-04  pw=3.91  aucα=0.210  token_p=0.020  dropE=(0.020,0.080)  smooth=0.010  train_loss=0.3663  train_AUPR_all=0.6266  train_AUPR_ab=0.7235  train_AUPR_ag=0.4696  train_P@5_ab=0.9500  train_P@5_ag=0.9500  val_loss=0.4390  val_AUPR_all=0.5930  val_AUPR_ab=0.7101  val_AUPR_ag=0.3987  val_P@5_ab=1.0000  val_P@5_ag=0.9000  select=0.5544
Ep017  LR0=1.67e-04  pw=3.57  aucα=0.240  token_p=0.020  dropE=(0.020,0.080)  smooth=0.010  train_loss=0.3624  train_AUPR_all=0.6323  train_AUPR_ab=0.7324  train_AUPR_ag=0.4719  train_P@5_ab=1.0000  train_P@5_ag=1.0000  val_loss=0.4361  val_AUPR_all=0.5955  val_AUPR_ab=0.7236  val_AUPR_ag=0.4020  val_P@5_ab=1.0000  val_P@5_ag=0.8500  select=0.5628
Ep018  LR0=1.63e-04  pw=3.27  aucα=0.270  token_p=0.020  dropE=(0.020,0.080)  smooth=0.010  train_loss=0.3555  train_AUPR_all=0.6410  train_AUPR_ab=0.7364  train_AUPR_ag=0.4866  train_P@5_ab=0.9500  train_P@5_ag=0.9500  val_loss=0.4195  val_AUPR_all=0.6050  val_AUPR_ab=0.7336  val_AUPR_ag=0.4001  val_P@5_ab=1.0000  val_P@5_ag=0.9000  select=0.5669
  Saved checkpoint: checkpoints_old/iPara_balanced_l1_g6_i4_do0.10_dpr0.10_lr0.0002_heads16_fold6.pth  select=0.5669  val_ab=0.7336  val_ag=0.4001  val_all=0.6050
Ep019  LR0=1.59e-04  pw=3.00  aucα=0.300  token_p=0.020  dropE=(0.020,0.080)  smooth=0.010  train_loss=0.3470  train_AUPR_all=0.6544  train_AUPR_ab=0.7489  train_AUPR_ag=0.5039  train_P@5_ab=1.0000  train_P@5_ag=0.8500  val_loss=0.4008  val_AUPR_all=0.6052  val_AUPR_ab=0.7375  val_AUPR_ag=0.3997  val_P@5_ab=1.0000  val_P@5_ag=0.8500  select=0.5686
  Saved checkpoint: checkpoints_old/iPara_balanced_l1_g6_i4_do0.10_dpr0.10_lr0.0002_heads16_fold6.pth  select=0.5686  val_ab=0.7375  val_ag=0.3997  val_all=0.6052
Ep020  LR0=1.55e-04  pw=2.77  aucα=0.300  token_p=0.020  dropE=(0.020,0.080)  smooth=0.010  train_loss=0.3311  train_AUPR_all=0.6625  train_AUPR_ab=0.7525  train_AUPR_ag=0.5212  train_P@5_ab=0.9500  train_P@5_ag=0.9500  val_loss=0.3915  val_AUPR_all=0.6011  val_AUPR_ab=0.7384  val_AUPR_ag=0.3838  val_P@5_ab=1.0000  val_P@5_ag=0.6500  select=0.5611
Ep021  LR0=1.50e-04  pw=2.56  aucα=0.300  token_p=0.020  dropE=(0.020,0.080)  smooth=0.010  train_loss=0.3150  train_AUPR_all=0.6742  train_AUPR_ab=0.7598  train_AUPR_ag=0.5413  train_P@5_ab=0.9500  train_P@5_ag=1.0000  val_loss=0.3861  val_AUPR_all=0.6084  val_AUPR_ab=0.7405  val_AUPR_ag=0.4010  val_P@5_ab=1.0000  val_P@5_ag=0.9000  select=0.5707
  Saved checkpoint: checkpoints_old/iPara_balanced_l1_g6_i4_do0.10_dpr0.10_lr0.0002_heads16_fold6.pth  select=0.5707  val_ab=0.7405  val_ag=0.4010  val_all=0.6084
Ep022  LR0=1.46e-04  pw=2.38  aucα=0.300  token_p=0.020  dropE=(0.020,0.080)  smooth=0.010  train_loss=0.2998  train_AUPR_all=0.6815  train_AUPR_ab=0.7636  train_AUPR_ag=0.5541  train_P@5_ab=0.8500  train_P@5_ag=1.0000  val_loss=0.3611  val_AUPR_all=0.6083  val_AUPR_ab=0.7345  val_AUPR_ag=0.4085  val_P@5_ab=0.9500  val_P@5_ag=0.8500  select=0.5715
  Saved checkpoint: checkpoints_old/iPara_balanced_l1_g6_i4_do0.10_dpr0.10_lr0.0002_heads16_fold6.pth  select=0.5715  val_ab=0.7345  val_ag=0.4085  val_all=0.6083
Ep023  LR0=1.41e-04  pw=2.21  aucα=0.300  token_p=0.020  dropE=(0.020,0.080)  smooth=0.010  train_loss=0.2872  train_AUPR_all=0.6913  train_AUPR_ab=0.7712  train_AUPR_ag=0.5684  train_P@5_ab=0.9500  train_P@5_ag=1.0000  val_loss=0.3732  val_AUPR_all=0.6103  val_AUPR_ab=0.7467  val_AUPR_ag=0.4074  val_P@5_ab=1.0000  val_P@5_ag=0.9000  select=0.5771
  Saved checkpoint: checkpoints_old/iPara_balanced_l1_g6_i4_do0.10_dpr0.10_lr0.0002_heads16_fold6.pth  select=0.5771  val_ab=0.7467  val_ag=0.4074  val_all=0.6103
Ep024  LR0=1.36e-04  pw=2.07  aucα=0.300  token_p=0.020  dropE=(0.020,0.080)  smooth=0.010  train_loss=0.2721  train_AUPR_all=0.7019  train_AUPR_ab=0.7759  train_AUPR_ag=0.5893  train_P@5_ab=0.9500  train_P@5_ag=1.0000  val_loss=0.3616  val_AUPR_all=0.6099  val_AUPR_ab=0.7431  val_AUPR_ag=0.4215  val_P@5_ab=0.9500  val_P@5_ag=0.9000  select=0.5823
  Saved checkpoint: checkpoints_old/iPara_balanced_l1_g6_i4_do0.10_dpr0.10_lr0.0002_heads16_fold6.pth  select=0.5823  val_ab=0.7431  val_ag=0.4215  val_all=0.6099
Ep025  LR0=1.31e-04  pw=1.95  aucα=0.300  token_p=0.020  dropE=(0.020,0.080)  smooth=0.010  train_loss=0.2572  train_AUPR_all=0.7166  train_AUPR_ab=0.7859  train_AUPR_ag=0.6126  train_P@5_ab=1.0000  train_P@5_ag=0.9500  val_loss=0.3603  val_AUPR_all=0.6000  val_AUPR_ab=0.7446  val_AUPR_ag=0.3982  val_P@5_ab=1.0000  val_P@5_ag=0.8500  select=0.5714
Ep026  LR0=1.26e-04  pw=1.83  aucα=0.300  token_p=0.020  dropE=(0.020,0.080)  smooth=0.010  train_loss=0.2482  train_AUPR_all=0.7225  train_AUPR_ab=0.7898  train_AUPR_ag=0.6215  train_P@5_ab=1.0000  train_P@5_ag=1.0000  val_loss=0.3300  val_AUPR_all=0.6150  val_AUPR_ab=0.7486  val_AUPR_ag=0.4074  val_P@5_ab=1.0000  val_P@5_ag=0.9000  select=0.5780
Ep027  LR0=1.21e-04  pw=1.74  aucα=0.300  token_p=0.020  dropE=(0.020,0.080)  smooth=0.010  train_loss=0.2387  train_AUPR_all=0.7333  train_AUPR_ab=0.8010  train_AUPR_ag=0.6326  train_P@5_ab=1.0000  train_P@5_ag=0.9000  val_loss=0.3397  val_AUPR_all=0.6054  val_AUPR_ab=0.7440  val_AUPR_ag=0.4028  val_P@5_ab=0.9500  val_P@5_ag=0.8000  select=0.5734
Ep028  LR0=1.16e-04  pw=1.65  aucα=0.300  token_p=0.020  dropE=(0.020,0.080)  smooth=0.010  train_loss=0.2294  train_AUPR_all=0.7399  train_AUPR_ab=0.8000  train_AUPR_ag=0.6512  train_P@5_ab=1.0000  train_P@5_ag=1.0000  val_loss=0.3313  val_AUPR_all=0.6025  val_AUPR_ab=0.7481  val_AUPR_ag=0.3857  val_P@5_ab=1.0000  val_P@5_ag=0.8500  select=0.5669
Ep029  LR0=1.11e-04  pw=1.57  aucα=0.300  token_p=0.020  dropE=(0.020,0.080)  smooth=0.010  train_loss=0.2198  train_AUPR_all=0.7495  train_AUPR_ab=0.8065  train_AUPR_ag=0.6661  train_P@5_ab=1.0000  train_P@5_ag=0.9500  val_loss=0.3398  val_AUPR_all=0.6111  val_AUPR_ab=0.7456  val_AUPR_ag=0.4082  val_P@5_ab=1.0000  val_P@5_ag=0.9000  select=0.5769
Ep030  LR0=1.05e-04  pw=1.51  aucα=0.300  token_p=0.020  dropE=(0.020,0.080)  smooth=0.010  train_loss=0.2103  train_AUPR_all=0.7606  train_AUPR_ab=0.8145  train_AUPR_ag=0.6819  train_P@5_ab=1.0000  train_P@5_ag=1.0000  val_loss=0.3320  val_AUPR_all=0.6073  val_AUPR_ab=0.7472  val_AUPR_ag=0.3961  val_P@5_ab=1.0000  val_P@5_ag=0.8000  select=0.5716
Ep031  LR0=1.00e-04  pw=1.45  aucα=0.300  token_p=0.020  dropE=(0.020,0.080)  smooth=0.010  train_loss=0.2015  train_AUPR_all=0.7730  train_AUPR_ab=0.8224  train_AUPR_ag=0.7020  train_P@5_ab=1.0000  train_P@5_ag=1.0000  val_loss=0.3264  val_AUPR_all=0.6049  val_AUPR_ab=0.7483  val_AUPR_ag=0.3955  val_P@5_ab=0.9500  val_P@5_ag=0.9000  select=0.5719
Ep032  LR0=9.50e-05  pw=1.39  aucα=0.300  token_p=0.020  dropE=(0.020,0.080)  smooth=0.010  train_loss=0.1950  train_AUPR_all=0.7789  train_AUPR_ab=0.8265  train_AUPR_ag=0.7100  train_P@5_ab=0.9500  train_P@5_ag=1.0000  val_loss=0.3181  val_AUPR_all=0.6177  val_AUPR_ab=0.7587  val_AUPR_ag=0.4150  val_P@5_ab=1.0000  val_P@5_ag=0.8500  select=0.5868
  Saved checkpoint: checkpoints_old/iPara_balanced_l1_g6_i4_do0.10_dpr0.10_lr0.0002_heads16_fold6.pth  select=0.5868  val_ab=0.7587  val_ag=0.4150  val_all=0.6177
Ep033  LR0=8.98e-05  pw=1.35  aucα=0.300  token_p=0.020  dropE=(0.020,0.080)  smooth=0.010  train_loss=0.1898  train_AUPR_all=0.7852  train_AUPR_ab=0.8319  train_AUPR_ag=0.7179  train_P@5_ab=1.0000  train_P@5_ag=1.0000  val_loss=0.3152  val_AUPR_all=0.6094  val_AUPR_ab=0.7493  val_AUPR_ag=0.4159  val_P@5_ab=0.9000  val_P@5_ag=0.9500  select=0.5826
Ep034  LR0=8.46e-05  pw=1.31  aucα=0.300  token_p=0.020  dropE=(0.020,0.080)  smooth=0.010  train_loss=0.1845  train_AUPR_all=0.7925  train_AUPR_ab=0.8404  train_AUPR_ag=0.7231  train_P@5_ab=1.0000  train_P@5_ag=0.9500  val_loss=0.3151  val_AUPR_all=0.6066  val_AUPR_ab=0.7518  val_AUPR_ag=0.4071  val_P@5_ab=1.0000  val_P@5_ag=0.9500  select=0.5794
Ep035  LR0=7.95e-05  pw=1.27  aucα=0.300  token_p=0.020  dropE=(0.020,0.080)  smooth=0.010  train_loss=0.1778  train_AUPR_all=0.7995  train_AUPR_ab=0.8393  train_AUPR_ag=0.7430  train_P@5_ab=1.0000  train_P@5_ag=1.0000  val_loss=0.3129  val_AUPR_all=0.6166  val_AUPR_ab=0.7566  val_AUPR_ag=0.4139  val_P@5_ab=0.9500  val_P@5_ag=0.8500  select=0.5853
Ep036  LR0=7.44e-05  pw=1.24  aucα=0.300  token_p=0.020  dropE=(0.020,0.080)  smooth=0.010  train_loss=0.1723  train_AUPR_all=0.8074  train_AUPR_ab=0.8468  train_AUPR_ag=0.7514  train_P@5_ab=1.0000  train_P@5_ag=0.9500  val_loss=0.3197  val_AUPR_all=0.6071  val_AUPR_ab=0.7528  val_AUPR_ag=0.4101  val_P@5_ab=0.8500  val_P@5_ag=0.8500  select=0.5815
Ep037  LR0=6.94e-05  pw=1.21  aucα=0.300  token_p=0.020  dropE=(0.020,0.080)  smooth=0.010  train_loss=0.1647  train_AUPR_all=0.8188  train_AUPR_ab=0.8575  train_AUPR_ag=0.7637  train_P@5_ab=1.0000  train_P@5_ag=0.9500  val_loss=0.3109  val_AUPR_all=0.6112  val_AUPR_ab=0.7611  val_AUPR_ag=0.4007  val_P@5_ab=0.9000  val_P@5_ag=0.8000  select=0.5809
Ep038  LR0=6.45e-05  pw=1.19  aucα=0.300  token_p=0.020  dropE=(0.020,0.080)  smooth=0.010  train_loss=0.1603  train_AUPR_all=0.8250  train_AUPR_ab=0.8607  train_AUPR_ag=0.7744  train_P@5_ab=0.9500  train_P@5_ag=1.0000  val_loss=0.3100  val_AUPR_all=0.6075  val_AUPR_ab=0.7492  val_AUPR_ag=0.4013  val_P@5_ab=0.9000  val_P@5_ag=0.8500  select=0.5752
Ep039  LR0=5.97e-05  pw=1.16  aucα=0.300  token_p=0.020  dropE=(0.020,0.080)  smooth=0.010  train_loss=0.1537  train_AUPR_all=0.8341  train_AUPR_ab=0.8687  train_AUPR_ag=0.7846  train_P@5_ab=1.0000  train_P@5_ag=1.0000  val_loss=0.3108  val_AUPR_all=0.6132  val_AUPR_ab=0.7568  val_AUPR_ag=0.4045  val_P@5_ab=0.9500  val_P@5_ag=0.8500  select=0.5806
Ep040  LR0=5.50e-05  pw=1.15  aucα=0.300  token_p=0.020  dropE=(0.020,0.080)  smooth=0.010  train_loss=0.1533  train_AUPR_all=0.8327  train_AUPR_ab=0.8679  train_AUPR_ag=0.7823  train_P@5_ab=0.9000  train_P@5_ag=0.9500  val_loss=0.3160  val_AUPR_all=0.6092  val_AUPR_ab=0.7565  val_AUPR_ag=0.4004  val_P@5_ab=0.9000  val_P@5_ag=0.8500  select=0.5784
Ep041  LR0=5.04e-05  pw=1.13  aucα=0.300  token_p=0.020  dropE=(0.020,0.080)  smooth=0.010  train_loss=0.1468  train_AUPR_all=0.8437  train_AUPR_ab=0.8791  train_AUPR_ag=0.7927  train_P@5_ab=1.0000  train_P@5_ag=1.0000  val_loss=0.3085  val_AUPR_all=0.5974  val_AUPR_ab=0.7476  val_AUPR_ag=0.3904  val_P@5_ab=0.8000  val_P@5_ag=0.8500  select=0.5690
Ep042  LR0=4.59e-05  pw=1.11  aucα=0.300  token_p=0.020  dropE=(0.020,0.080)  smooth=0.010  train_loss=0.1445  train_AUPR_all=0.8466  train_AUPR_ab=0.8790  train_AUPR_ag=0.8004  train_P@5_ab=1.0000  train_P@5_ag=1.0000  val_loss=0.3154  val_AUPR_all=0.6008  val_AUPR_ab=0.7580  val_AUPR_ag=0.3909  val_P@5_ab=0.9000  val_P@5_ag=0.7500  select=0.5744
Ep043  LR0=4.16e-05  pw=1.10  aucα=0.300  token_p=0.020  dropE=(0.020,0.080)  smooth=0.010  train_loss=0.1434  train_AUPR_all=0.8475  train_AUPR_ab=0.8804  train_AUPR_ag=0.8004  train_P@5_ab=1.0000  train_P@5_ag=1.0000  val_loss=0.3087  val_AUPR_all=0.6066  val_AUPR_ab=0.7500  val_AUPR_ag=0.4074  val_P@5_ab=0.9000  val_P@5_ag=0.8500  select=0.5787
Ep044  LR0=3.75e-05  pw=1.09  aucα=0.300  token_p=0.020  dropE=(0.020,0.080)  smooth=0.010  train_loss=0.1374  train_AUPR_all=0.8575  train_AUPR_ab=0.8889  train_AUPR_ag=0.8122  train_P@5_ab=1.0000  train_P@5_ag=1.0000  val_loss=0.3157  val_AUPR_all=0.6026  val_AUPR_ab=0.7505  val_AUPR_ag=0.3993  val_P@5_ab=0.9500  val_P@5_ag=0.8000  select=0.5749
Ep045  LR0=3.35e-05  pw=1.08  aucα=0.300  token_p=0.020  dropE=(0.020,0.080)  smooth=0.010  train_loss=0.1374  train_AUPR_all=0.8571  train_AUPR_ab=0.8880  train_AUPR_ag=0.8126  train_P@5_ab=1.0000  train_P@5_ag=1.0000  val_loss=0.3099  val_AUPR_all=0.5970  val_AUPR_ab=0.7471  val_AUPR_ag=0.3909  val_P@5_ab=0.8500  val_P@5_ag=0.7000  select=0.5690
Ep046  LR0=2.97e-05  pw=1.07  aucα=0.300  token_p=0.020  dropE=(0.020,0.080)  smooth=0.010  train_loss=0.1313  train_AUPR_all=0.8669  train_AUPR_ab=0.8971  train_AUPR_ag=0.8234  train_P@5_ab=1.0000  train_P@5_ag=0.9500  val_loss=0.3104  val_AUPR_all=0.6054  val_AUPR_ab=0.7490  val_AUPR_ag=0.4059  val_P@5_ab=0.8000  val_P@5_ag=0.6500  select=0.5775
Ep047  LR0=2.61e-05  pw=1.06  aucα=0.300  token_p=0.020  dropE=(0.020,0.080)  smooth=0.010  train_loss=0.1302  train_AUPR_all=0.8683  train_AUPR_ab=0.8969  train_AUPR_ag=0.8274  train_P@5_ab=1.0000  train_P@5_ag=1.0000  val_loss=0.3106  val_AUPR_all=0.5985  val_AUPR_ab=0.7460  val_AUPR_ag=0.4016  val_P@5_ab=0.8500  val_P@5_ag=0.7500  select=0.5738
Ep048  LR0=2.27e-05  pw=1.05  aucα=0.300  token_p=0.020  dropE=(0.020,0.080)  smooth=0.010  train_loss=0.1314  train_AUPR_all=0.8658  train_AUPR_ab=0.8944  train_AUPR_ag=0.8249  train_P@5_ab=1.0000  train_P@5_ag=1.0000  val_loss=0.3059  val_AUPR_all=0.6026  val_AUPR_ab=0.7517  val_AUPR_ag=0.3970  val_P@5_ab=0.9000  val_P@5_ag=0.8000  select=0.5743
Ep049  LR0=1.96e-05  pw=1.05  aucα=0.300  token_p=0.020  dropE=(0.020,0.080)  smooth=0.010  train_loss=0.1279  train_AUPR_all=0.8714  train_AUPR_ab=0.8991  train_AUPR_ag=0.8317  train_P@5_ab=1.0000  train_P@5_ag=1.0000  val_loss=0.3156  val_AUPR_all=0.5936  val_AUPR_ab=0.7488  val_AUPR_ag=0.3858  val_P@5_ab=0.9000  val_P@5_ag=0.6500  select=0.5673
Ep050  LR0=1.66e-05  pw=1.04  aucα=0.300  token_p=0.020  dropE=(0.020,0.080)  smooth=0.010  train_loss=0.1252  train_AUPR_all=0.8759  train_AUPR_ab=0.9038  train_AUPR_ag=0.8355  train_P@5_ab=1.0000  train_P@5_ag=1.0000  val_loss=0.3143  val_AUPR_all=0.5979  val_AUPR_ab=0.7481  val_AUPR_ag=0.3885  val_P@5_ab=0.9000  val_P@5_ag=0.6500  select=0.5683
Ep051  LR0=1.39e-05  pw=1.04  aucα=0.300  token_p=0.020  dropE=(0.020,0.080)  smooth=0.010  train_loss=0.1240  train_AUPR_all=0.8771  train_AUPR_ab=0.9033  train_AUPR_ag=0.8397  train_P@5_ab=1.0000  train_P@5_ag=1.0000  val_loss=0.3185  val_AUPR_all=0.5994  val_AUPR_ab=0.7503  val_AUPR_ag=0.3903  val_P@5_ab=0.8500  val_P@5_ag=0.6500  select=0.5703
Ep052  LR0=1.14e-05  pw=1.03  aucα=0.300  token_p=0.020  dropE=(0.020,0.080)  smooth=0.010  train_loss=0.1244  train_AUPR_all=0.8761  train_AUPR_ab=0.9037  train_AUPR_ag=0.8365  train_P@5_ab=1.0000  train_P@5_ag=1.0000  val_loss=0.3198  val_AUPR_all=0.5986  val_AUPR_ab=0.7501  val_AUPR_ag=0.3865  val_P@5_ab=0.9500  val_P@5_ag=0.7500  select=0.5683
Early stopping at epoch 52. Best select=0.5868 at epoch 32.
Final saved checkpoint for fold 6: checkpoints_old/iPara_balanced_l1_g6_i4_do0.10_dpr0.10_lr0.0002_heads16_fold6.pth
Best select=0.5868 at epoch 32

==========================================================================================
Fold 7/10
==========================================================================================
Train labels: valid=449963, pos=29835, neg=420128, ignore=785237, pos_frac=0.06631
Val labels: valid=50229, pos=3395, neg=46834, ignore=87371, pos_frac=0.06759
Initializing ClassificationModel with 6 GAT layers and residual connections...
Initializing MCModel with 6 GAT layers and 4 row attention layers (drop_path_rate=0.1)
Initializing CoreModel with 1 layers, drop_path_rate=0.1
Ep001  LR0=2.00e-04  pw=20.00  aucα=0.000  token_p=0.020  dropE=(0.020,0.080)  smooth=0.010  train_loss=1.0586  train_AUPR_all=0.2304  train_AUPR_ab=0.2979  train_AUPR_ag=0.1519  train_P@5_ab=0.8000  train_P@5_ag=0.2500  val_loss=1.0795  val_AUPR_all=0.4427  val_AUPR_ab=0.5337  val_AUPR_ag=0.3108  val_P@5_ab=0.7000  val_P@5_ag=1.0000  select=0.4222
  Saved checkpoint: checkpoints_old/iPara_balanced_l1_g6_i4_do0.10_dpr0.10_lr0.0002_heads16_fold7.pth  select=0.4222  val_ab=0.5337  val_ag=0.3108  val_all=0.4427
Ep002  LR0=2.00e-04  pw=17.77  aucα=0.000  token_p=0.020  dropE=(0.020,0.080)  smooth=0.010  train_loss=0.7732  train_AUPR_all=0.4163  train_AUPR_ab=0.5025  train_AUPR_ag=0.2675  train_P@5_ab=0.9000  train_P@5_ag=0.7000  val_loss=1.0689  val_AUPR_all=0.4764  val_AUPR_ab=0.5726  val_AUPR_ag=0.3200  val_P@5_ab=0.7500  val_P@5_ag=0.9500  select=0.4463
  Saved checkpoint: checkpoints_old/iPara_balanced_l1_g6_i4_do0.10_dpr0.10_lr0.0002_heads16_fold7.pth  select=0.4463  val_ab=0.5726  val_ag=0.3200  val_all=0.4764
Ep003  LR0=1.99e-04  pw=15.80  aucα=0.000  token_p=0.020  dropE=(0.020,0.080)  smooth=0.010  train_loss=0.6803  train_AUPR_all=0.4696  train_AUPR_ab=0.5536  train_AUPR_ag=0.3141  train_P@5_ab=0.8500  train_P@5_ag=0.8000  val_loss=0.9012  val_AUPR_all=0.5103  val_AUPR_ab=0.6034  val_AUPR_ag=0.3845  val_P@5_ab=0.8000  val_P@5_ag=1.0000  select=0.4939
  Saved checkpoint: checkpoints_old/iPara_balanced_l1_g6_i4_do0.10_dpr0.10_lr0.0002_heads16_fold7.pth  select=0.4939  val_ab=0.6034  val_ag=0.3845  val_all=0.5103
Ep004  LR0=1.99e-04  pw=14.06  aucα=0.000  token_p=0.020  dropE=(0.020,0.080)  smooth=0.010  train_loss=0.6230  train_AUPR_all=0.4931  train_AUPR_ab=0.5823  train_AUPR_ag=0.3260  train_P@5_ab=0.8500  train_P@5_ag=0.8500  val_loss=0.9194  val_AUPR_all=0.5020  val_AUPR_ab=0.5968  val_AUPR_ag=0.3140  val_P@5_ab=0.7000  val_P@5_ag=0.8500  select=0.4554
Unfreezing DyM parameters.
Ep005  LR0=1.98e-04  pw=12.52  aucα=0.000  token_p=0.020  dropE=(0.020,0.080)  smooth=0.010  train_loss=0.5840  train_AUPR_all=0.5035  train_AUPR_ab=0.5898  train_AUPR_ag=0.3399  train_P@5_ab=0.7500  train_P@5_ag=0.8500  val_loss=0.7954  val_AUPR_all=0.5412  val_AUPR_ab=0.6388  val_AUPR_ag=0.3631  val_P@5_ab=0.8000  val_P@5_ag=1.0000  select=0.5010
  Saved checkpoint: checkpoints_old/iPara_balanced_l1_g6_i4_do0.10_dpr0.10_lr0.0002_heads16_fold7.pth  select=0.5010  val_ab=0.6388  val_ag=0.3631  val_all=0.5412
Ep006  LR0=1.97e-04  pw=11.17  aucα=0.000  token_p=0.020  dropE=(0.020,0.080)  smooth=0.010  train_loss=0.5370  train_AUPR_all=0.5282  train_AUPR_ab=0.6257  train_AUPR_ag=0.3552  train_P@5_ab=0.7500  train_P@5_ag=0.9000  val_loss=0.7576  val_AUPR_all=0.5263  val_AUPR_ab=0.6359  val_AUPR_ag=0.3457  val_P@5_ab=0.9000  val_P@5_ag=0.7500  select=0.4908
Ep007  LR0=1.95e-04  pw=9.97  aucα=0.000  token_p=0.020  dropE=(0.020,0.080)  smooth=0.010  train_loss=0.5073  train_AUPR_all=0.5384  train_AUPR_ab=0.6381  train_AUPR_ag=0.3612  train_P@5_ab=0.9500  train_P@5_ag=0.9000  val_loss=0.7112  val_AUPR_all=0.5520  val_AUPR_ab=0.6682  val_AUPR_ag=0.3643  val_P@5_ab=0.8500  val_P@5_ag=0.9500  select=0.5163
  Saved checkpoint: checkpoints_old/iPara_balanced_l1_g6_i4_do0.10_dpr0.10_lr0.0002_heads16_fold7.pth  select=0.5163  val_ab=0.6682  val_ag=0.3643  val_all=0.5520
Ep008  LR0=1.93e-04  pw=8.92  aucα=0.000  token_p=0.020  dropE=(0.020,0.080)  smooth=0.010  train_loss=0.4676  train_AUPR_all=0.5519  train_AUPR_ab=0.6485  train_AUPR_ag=0.3768  train_P@5_ab=0.9000  train_P@5_ag=0.9000  val_loss=0.6675  val_AUPR_all=0.5661  val_AUPR_ab=0.6814  val_AUPR_ag=0.3888  val_P@5_ab=1.0000  val_P@5_ag=0.9000  select=0.5351
  Saved checkpoint: checkpoints_old/iPara_balanced_l1_g6_i4_do0.10_dpr0.10_lr0.0002_heads16_fold7.pth  select=0.5351  val_ab=0.6814  val_ag=0.3888  val_all=0.5661
Ep009  LR0=1.91e-04  pw=7.99  aucα=0.000  token_p=0.020  dropE=(0.020,0.080)  smooth=0.010  train_loss=0.4371  train_AUPR_all=0.5610  train_AUPR_ab=0.6664  train_AUPR_ag=0.3807  train_P@5_ab=0.9500  train_P@5_ag=0.9000  val_loss=0.6305  val_AUPR_all=0.5793  val_AUPR_ab=0.6828  val_AUPR_ag=0.4040  val_P@5_ab=0.9000  val_P@5_ag=0.9500  select=0.5434
  Saved checkpoint: checkpoints_old/iPara_balanced_l1_g6_i4_do0.10_dpr0.10_lr0.0002_heads16_fold7.pth  select=0.5434  val_ab=0.6828  val_ag=0.4040  val_all=0.5793
Ep010  LR0=1.89e-04  pw=7.17  aucα=0.030  token_p=0.020  dropE=(0.020,0.080)  smooth=0.010  train_loss=0.4219  train_AUPR_all=0.5745  train_AUPR_ab=0.6731  train_AUPR_ag=0.3974  train_P@5_ab=0.9500  train_P@5_ag=0.9500  val_loss=0.6162  val_AUPR_all=0.5846  val_AUPR_ab=0.7118  val_AUPR_ag=0.3720  val_P@5_ab=0.9500  val_P@5_ag=0.8500  select=0.5419
Ep011  LR0=1.87e-04  pw=6.44  aucα=0.060  token_p=0.020  dropE=(0.020,0.080)  smooth=0.010  train_loss=0.4088  train_AUPR_all=0.5870  train_AUPR_ab=0.6912  train_AUPR_ag=0.4059  train_P@5_ab=0.8000  train_P@5_ag=0.8000  val_loss=0.5687  val_AUPR_all=0.5876  val_AUPR_ab=0.7047  val_AUPR_ag=0.4050  val_P@5_ab=0.9500  val_P@5_ag=0.8500  select=0.5549
  Saved checkpoint: checkpoints_old/iPara_balanced_l1_g6_i4_do0.10_dpr0.10_lr0.0002_heads16_fold7.pth  select=0.5549  val_ab=0.7047  val_ag=0.4050  val_all=0.5876
Ep012  LR0=1.84e-04  pw=5.80  aucα=0.090  token_p=0.020  dropE=(0.020,0.080)  smooth=0.010  train_loss=0.4004  train_AUPR_all=0.5896  train_AUPR_ab=0.6909  train_AUPR_ag=0.4163  train_P@5_ab=0.9500  train_P@5_ag=0.9000  val_loss=0.5415  val_AUPR_all=0.5966  val_AUPR_ab=0.7147  val_AUPR_ag=0.4098  val_P@5_ab=0.9500  val_P@5_ag=0.9000  select=0.5622
  Saved checkpoint: checkpoints_old/iPara_balanced_l1_g6_i4_do0.10_dpr0.10_lr0.0002_heads16_fold7.pth  select=0.5622  val_ab=0.7147  val_ag=0.4098  val_all=0.5966
Ep013  LR0=1.81e-04  pw=5.24  aucα=0.120  token_p=0.020  dropE=(0.020,0.080)  smooth=0.010  train_loss=0.3911  train_AUPR_all=0.5969  train_AUPR_ab=0.7007  train_AUPR_ag=0.4215  train_P@5_ab=0.9000  train_P@5_ag=0.9000  val_loss=0.5045  val_AUPR_all=0.5977  val_AUPR_ab=0.7061  val_AUPR_ag=0.4285  val_P@5_ab=0.9500  val_P@5_ag=1.0000  select=0.5673
  Saved checkpoint: checkpoints_old/iPara_balanced_l1_g6_i4_do0.10_dpr0.10_lr0.0002_heads16_fold7.pth  select=0.5673  val_ab=0.7061  val_ag=0.4285  val_all=0.5977
Ep014  LR0=1.78e-04  pw=4.74  aucα=0.150  token_p=0.020  dropE=(0.020,0.080)  smooth=0.010  train_loss=0.3798  train_AUPR_all=0.6138  train_AUPR_ab=0.7160  train_AUPR_ag=0.4430  train_P@5_ab=0.9000  train_P@5_ag=1.0000  val_loss=0.4898  val_AUPR_all=0.5983  val_AUPR_ab=0.7215  val_AUPR_ag=0.4008  val_P@5_ab=0.9500  val_P@5_ag=1.0000  select=0.5612
Ep015  LR0=1.74e-04  pw=4.30  aucα=0.180  token_p=0.020  dropE=(0.020,0.080)  smooth=0.010  train_loss=0.3715  train_AUPR_all=0.6211  train_AUPR_ab=0.7265  train_AUPR_ag=0.4483  train_P@5_ab=0.9500  train_P@5_ag=0.9500  val_loss=0.4694  val_AUPR_all=0.6043  val_AUPR_ab=0.7237  val_AUPR_ag=0.4181  val_P@5_ab=0.9500  val_P@5_ag=0.9000  select=0.5709
  Saved checkpoint: checkpoints_old/iPara_balanced_l1_g6_i4_do0.10_dpr0.10_lr0.0002_heads16_fold7.pth  select=0.5709  val_ab=0.7237  val_ag=0.4181  val_all=0.6043
Ep016  LR0=1.71e-04  pw=3.91  aucα=0.210  token_p=0.020  dropE=(0.020,0.080)  smooth=0.010  train_loss=0.3626  train_AUPR_all=0.6288  train_AUPR_ab=0.7304  train_AUPR_ag=0.4641  train_P@5_ab=0.9500  train_P@5_ag=0.7000  val_loss=0.4705  val_AUPR_all=0.5987  val_AUPR_ab=0.7275  val_AUPR_ag=0.3877  val_P@5_ab=0.9500  val_P@5_ag=0.9500  select=0.5576
Ep017  LR0=1.67e-04  pw=3.57  aucα=0.240  token_p=0.020  dropE=(0.020,0.080)  smooth=0.010  train_loss=0.3585  train_AUPR_all=0.6348  train_AUPR_ab=0.7361  train_AUPR_ag=0.4714  train_P@5_ab=1.0000  train_P@5_ag=0.9000  val_loss=0.4425  val_AUPR_all=0.5962  val_AUPR_ab=0.7283  val_AUPR_ag=0.3886  val_P@5_ab=0.9500  val_P@5_ag=0.8500  select=0.5584
Ep018  LR0=1.63e-04  pw=3.27  aucα=0.270  token_p=0.020  dropE=(0.020,0.080)  smooth=0.010  train_loss=0.3528  train_AUPR_all=0.6456  train_AUPR_ab=0.7400  train_AUPR_ag=0.4933  train_P@5_ab=1.0000  train_P@5_ag=0.9500  val_loss=0.4247  val_AUPR_all=0.6028  val_AUPR_ab=0.7363  val_AUPR_ag=0.3856  val_P@5_ab=0.9500  val_P@5_ag=0.9500  select=0.5609
Ep019  LR0=1.59e-04  pw=3.00  aucα=0.300  token_p=0.020  dropE=(0.020,0.080)  smooth=0.010  train_loss=0.3492  train_AUPR_all=0.6535  train_AUPR_ab=0.7504  train_AUPR_ag=0.4983  train_P@5_ab=0.9500  train_P@5_ag=0.9500  val_loss=0.4126  val_AUPR_all=0.6102  val_AUPR_ab=0.7395  val_AUPR_ag=0.4071  val_P@5_ab=0.9500  val_P@5_ag=0.9500  select=0.5733
  Saved checkpoint: checkpoints_old/iPara_balanced_l1_g6_i4_do0.10_dpr0.10_lr0.0002_heads16_fold7.pth  select=0.5733  val_ab=0.7395  val_ag=0.4071  val_all=0.6102
Ep020  LR0=1.55e-04  pw=2.77  aucα=0.300  token_p=0.020  dropE=(0.020,0.080)  smooth=0.010  train_loss=0.3273  train_AUPR_all=0.6633  train_AUPR_ab=0.7547  train_AUPR_ag=0.5183  train_P@5_ab=1.0000  train_P@5_ag=0.9500  val_loss=0.4071  val_AUPR_all=0.6140  val_AUPR_ab=0.7427  val_AUPR_ag=0.4134  val_P@5_ab=1.0000  val_P@5_ag=0.9500  select=0.5780
  Saved checkpoint: checkpoints_old/iPara_balanced_l1_g6_i4_do0.10_dpr0.10_lr0.0002_heads16_fold7.pth  select=0.5780  val_ab=0.7427  val_ag=0.4134  val_all=0.6140
Ep021  LR0=1.50e-04  pw=2.56  aucα=0.300  token_p=0.020  dropE=(0.020,0.080)  smooth=0.010  train_loss=0.3090  train_AUPR_all=0.6799  train_AUPR_ab=0.7694  train_AUPR_ag=0.5400  train_P@5_ab=1.0000  train_P@5_ag=1.0000  val_loss=0.3795  val_AUPR_all=0.6240  val_AUPR_ab=0.7441  val_AUPR_ag=0.4366  val_P@5_ab=0.9500  val_P@5_ag=0.9500  select=0.5904
  Saved checkpoint: checkpoints_old/iPara_balanced_l1_g6_i4_do0.10_dpr0.10_lr0.0002_heads16_fold7.pth  select=0.5904  val_ab=0.7441  val_ag=0.4366  val_all=0.6240
Ep022  LR0=1.46e-04  pw=2.38  aucα=0.300  token_p=0.020  dropE=(0.020,0.080)  smooth=0.010  train_loss=0.2960  train_AUPR_all=0.6869  train_AUPR_ab=0.7721  train_AUPR_ag=0.5548  train_P@5_ab=1.0000  train_P@5_ag=1.0000  val_loss=0.3769  val_AUPR_all=0.6233  val_AUPR_ab=0.7422  val_AUPR_ag=0.4479  val_P@5_ab=0.9500  val_P@5_ag=1.0000  select=0.5951
  Saved checkpoint: checkpoints_old/iPara_balanced_l1_g6_i4_do0.10_dpr0.10_lr0.0002_heads16_fold7.pth  select=0.5951  val_ab=0.7422  val_ag=0.4479  val_all=0.6233
Ep023  LR0=1.41e-04  pw=2.21  aucα=0.300  token_p=0.020  dropE=(0.020,0.080)  smooth=0.010  train_loss=0.2818  train_AUPR_all=0.6981  train_AUPR_ab=0.7783  train_AUPR_ag=0.5754  train_P@5_ab=1.0000  train_P@5_ag=0.8000  val_loss=0.3611  val_AUPR_all=0.6214  val_AUPR_ab=0.7455  val_AUPR_ag=0.4339  val_P@5_ab=1.0000  val_P@5_ag=0.9500  select=0.5897
Ep024  LR0=1.36e-04  pw=2.07  aucα=0.300  token_p=0.020  dropE=(0.020,0.080)  smooth=0.010  train_loss=0.2694  train_AUPR_all=0.7064  train_AUPR_ab=0.7832  train_AUPR_ag=0.5887  train_P@5_ab=1.0000  train_P@5_ag=0.9500  val_loss=0.3648  val_AUPR_all=0.6159  val_AUPR_ab=0.7487  val_AUPR_ag=0.4207  val_P@5_ab=0.9500  val_P@5_ag=1.0000  select=0.5847
Ep025  LR0=1.31e-04  pw=1.95  aucα=0.300  token_p=0.020  dropE=(0.020,0.080)  smooth=0.010  train_loss=0.2576  train_AUPR_all=0.7153  train_AUPR_ab=0.7896  train_AUPR_ag=0.6015  train_P@5_ab=1.0000  train_P@5_ag=0.9500  val_loss=0.3557  val_AUPR_all=0.6152  val_AUPR_ab=0.7373  val_AUPR_ag=0.4307  val_P@5_ab=0.9000  val_P@5_ag=0.9500  select=0.5840
Ep026  LR0=1.26e-04  pw=1.83  aucα=0.300  token_p=0.020  dropE=(0.020,0.080)  smooth=0.010  train_loss=0.2468  train_AUPR_all=0.7239  train_AUPR_ab=0.7920  train_AUPR_ag=0.6214  train_P@5_ab=1.0000  train_P@5_ag=0.9500  val_loss=0.3347  val_AUPR_all=0.6273  val_AUPR_ab=0.7429  val_AUPR_ag=0.4657  val_P@5_ab=0.9500  val_P@5_ag=0.9500  select=0.6043
  Saved checkpoint: checkpoints_old/iPara_balanced_l1_g6_i4_do0.10_dpr0.10_lr0.0002_heads16_fold7.pth  select=0.6043  val_ab=0.7429  val_ag=0.4657  val_all=0.6273
Ep027  LR0=1.21e-04  pw=1.74  aucα=0.300  token_p=0.020  dropE=(0.020,0.080)  smooth=0.010  train_loss=0.2329  train_AUPR_all=0.7401  train_AUPR_ab=0.8042  train_AUPR_ag=0.6443  train_P@5_ab=1.0000  train_P@5_ag=0.9500  val_loss=0.3549  val_AUPR_all=0.6270  val_AUPR_ab=0.7511  val_AUPR_ag=0.4624  val_P@5_ab=0.9500  val_P@5_ag=1.0000  select=0.6067
  Saved checkpoint: checkpoints_old/iPara_balanced_l1_g6_i4_do0.10_dpr0.10_lr0.0002_heads16_fold7.pth  select=0.6067  val_ab=0.7511  val_ag=0.4624  val_all=0.6270
Ep028  LR0=1.16e-04  pw=1.65  aucα=0.300  token_p=0.020  dropE=(0.020,0.080)  smooth=0.010  train_loss=0.2269  train_AUPR_all=0.7447  train_AUPR_ab=0.8068  train_AUPR_ag=0.6526  train_P@5_ab=1.0000  train_P@5_ag=0.9000  val_loss=0.3378  val_AUPR_all=0.6341  val_AUPR_ab=0.7583  val_AUPR_ag=0.4643  val_P@5_ab=0.9500  val_P@5_ag=1.0000  select=0.6113
  Saved checkpoint: checkpoints_old/iPara_balanced_l1_g6_i4_do0.10_dpr0.10_lr0.0002_heads16_fold7.pth  select=0.6113  val_ab=0.7583  val_ag=0.4643  val_all=0.6341
Ep029  LR0=1.11e-04  pw=1.57  aucα=0.300  token_p=0.020  dropE=(0.020,0.080)  smooth=0.010  train_loss=0.2182  train_AUPR_all=0.7532  train_AUPR_ab=0.8127  train_AUPR_ag=0.6646  train_P@5_ab=0.9500  train_P@5_ag=0.9500  val_loss=0.3359  val_AUPR_all=0.6234  val_AUPR_ab=0.7612  val_AUPR_ag=0.4197  val_P@5_ab=1.0000  val_P@5_ag=1.0000  select=0.5905
Ep030  LR0=1.05e-04  pw=1.51  aucα=0.300  token_p=0.020  dropE=(0.020,0.080)  smooth=0.010  train_loss=0.2091  train_AUPR_all=0.7644  train_AUPR_ab=0.8195  train_AUPR_ag=0.6838  train_P@5_ab=1.0000  train_P@5_ag=1.0000  val_loss=0.3256  val_AUPR_all=0.6373  val_AUPR_ab=0.7622  val_AUPR_ag=0.4623  val_P@5_ab=1.0000  val_P@5_ag=0.9000  select=0.6122
  Saved checkpoint: checkpoints_old/iPara_balanced_l1_g6_i4_do0.10_dpr0.10_lr0.0002_heads16_fold7.pth  select=0.6122  val_ab=0.7622  val_ag=0.4623  val_all=0.6373
Ep031  LR0=1.00e-04  pw=1.45  aucα=0.300  token_p=0.020  dropE=(0.020,0.080)  smooth=0.010  train_loss=0.2005  train_AUPR_all=0.7746  train_AUPR_ab=0.8279  train_AUPR_ag=0.6965  train_P@5_ab=1.0000  train_P@5_ag=0.9500  val_loss=0.3292  val_AUPR_all=0.6298  val_AUPR_ab=0.7627  val_AUPR_ag=0.4573  val_P@5_ab=1.0000  val_P@5_ag=1.0000  select=0.6100
Ep032  LR0=9.50e-05  pw=1.39  aucα=0.300  token_p=0.020  dropE=(0.020,0.080)  smooth=0.010  train_loss=0.1917  train_AUPR_all=0.7839  train_AUPR_ab=0.8334  train_AUPR_ag=0.7117  train_P@5_ab=0.9500  train_P@5_ag=1.0000  val_loss=0.3150  val_AUPR_all=0.6459  val_AUPR_ab=0.7633  val_AUPR_ag=0.4842  val_P@5_ab=1.0000  val_P@5_ag=1.0000  select=0.6237
  Saved checkpoint: checkpoints_old/iPara_balanced_l1_g6_i4_do0.10_dpr0.10_lr0.0002_heads16_fold7.pth  select=0.6237  val_ab=0.7633  val_ag=0.4842  val_all=0.6459
Ep033  LR0=8.98e-05  pw=1.35  aucα=0.300  token_p=0.020  dropE=(0.020,0.080)  smooth=0.010  train_loss=0.1851  train_AUPR_all=0.7946  train_AUPR_ab=0.8444  train_AUPR_ag=0.7217  train_P@5_ab=1.0000  train_P@5_ag=1.0000  val_loss=0.3157  val_AUPR_all=0.6452  val_AUPR_ab=0.7659  val_AUPR_ag=0.4700  val_P@5_ab=1.0000  val_P@5_ag=1.0000  select=0.6179
Ep034  LR0=8.46e-05  pw=1.31  aucα=0.300  token_p=0.020  dropE=(0.020,0.080)  smooth=0.010  train_loss=0.1787  train_AUPR_all=0.8017  train_AUPR_ab=0.8476  train_AUPR_ag=0.7350  train_P@5_ab=1.0000  train_P@5_ag=1.0000  val_loss=0.3158  val_AUPR_all=0.6322  val_AUPR_ab=0.7490  val_AUPR_ag=0.4716  val_P@5_ab=0.9500  val_P@5_ag=1.0000  select=0.6103
Ep035  LR0=7.95e-05  pw=1.27  aucα=0.300  token_p=0.020  dropE=(0.020,0.080)  smooth=0.010  train_loss=0.1773  train_AUPR_all=0.8011  train_AUPR_ab=0.8469  train_AUPR_ag=0.7343  train_P@5_ab=1.0000  train_P@5_ag=0.9000  val_loss=0.3034  val_AUPR_all=0.6493  val_AUPR_ab=0.7629  val_AUPR_ag=0.4916  val_P@5_ab=1.0000  val_P@5_ag=1.0000  select=0.6273
  Saved checkpoint: checkpoints_old/iPara_balanced_l1_g6_i4_do0.10_dpr0.10_lr0.0002_heads16_fold7.pth  select=0.6273  val_ab=0.7629  val_ag=0.4916  val_all=0.6493
Ep036  LR0=7.44e-05  pw=1.24  aucα=0.300  token_p=0.020  dropE=(0.020,0.080)  smooth=0.010  train_loss=0.1657  train_AUPR_all=0.8200  train_AUPR_ab=0.8629  train_AUPR_ag=0.7574  train_P@5_ab=0.9500  train_P@5_ag=1.0000  val_loss=0.3123  val_AUPR_all=0.6400  val_AUPR_ab=0.7592  val_AUPR_ag=0.4713  val_P@5_ab=0.9500  val_P@5_ag=0.9500  select=0.6152
Ep037  LR0=6.94e-05  pw=1.21  aucα=0.300  token_p=0.020  dropE=(0.020,0.080)  smooth=0.010  train_loss=0.1613  train_AUPR_all=0.8258  train_AUPR_ab=0.8670  train_AUPR_ag=0.7660  train_P@5_ab=1.0000  train_P@5_ag=1.0000  val_loss=0.3020  val_AUPR_all=0.6461  val_AUPR_ab=0.7640  val_AUPR_ag=0.4828  val_P@5_ab=0.9500  val_P@5_ag=1.0000  select=0.6234
Ep038  LR0=6.45e-05  pw=1.19  aucα=0.300  token_p=0.020  dropE=(0.020,0.080)  smooth=0.010  train_loss=0.1565  train_AUPR_all=0.8299  train_AUPR_ab=0.8699  train_AUPR_ag=0.7716  train_P@5_ab=0.9500  train_P@5_ag=1.0000  val_loss=0.3190  val_AUPR_all=0.6310  val_AUPR_ab=0.7565  val_AUPR_ag=0.4734  val_P@5_ab=0.9500  val_P@5_ag=1.0000  select=0.6149
Ep039  LR0=5.97e-05  pw=1.16  aucα=0.300  token_p=0.020  dropE=(0.020,0.080)  smooth=0.010  train_loss=0.1518  train_AUPR_all=0.8390  train_AUPR_ab=0.8760  train_AUPR_ag=0.7849  train_P@5_ab=1.0000  train_P@5_ag=1.0000  val_loss=0.3096  val_AUPR_all=0.6425  val_AUPR_ab=0.7616  val_AUPR_ag=0.4886  val_P@5_ab=0.9000  val_P@5_ag=1.0000  select=0.6251
Ep040  LR0=5.50e-05  pw=1.15  aucα=0.300  token_p=0.020  dropE=(0.020,0.080)  smooth=0.010  train_loss=0.1508  train_AUPR_all=0.8391  train_AUPR_ab=0.8752  train_AUPR_ag=0.7870  train_P@5_ab=1.0000  train_P@5_ag=1.0000  val_loss=0.3108  val_AUPR_all=0.6328  val_AUPR_ab=0.7500  val_AUPR_ag=0.4714  val_P@5_ab=0.9500  val_P@5_ag=0.9500  select=0.6107
Ep041  LR0=5.04e-05  pw=1.13  aucα=0.300  token_p=0.020  dropE=(0.020,0.080)  smooth=0.010  train_loss=0.1480  train_AUPR_all=0.8420  train_AUPR_ab=0.8780  train_AUPR_ag=0.7899  train_P@5_ab=1.0000  train_P@5_ag=1.0000  val_loss=0.3101  val_AUPR_all=0.6443  val_AUPR_ab=0.7619  val_AUPR_ag=0.4861  val_P@5_ab=1.0000  val_P@5_ag=1.0000  select=0.6240
Ep042  LR0=4.59e-05  pw=1.11  aucα=0.300  token_p=0.020  dropE=(0.020,0.080)  smooth=0.010  train_loss=0.1432  train_AUPR_all=0.8491  train_AUPR_ab=0.8844  train_AUPR_ag=0.7975  train_P@5_ab=1.0000  train_P@5_ag=1.0000  val_loss=0.3060  val_AUPR_all=0.6400  val_AUPR_ab=0.7529  val_AUPR_ag=0.4897  val_P@5_ab=1.0000  val_P@5_ag=1.0000  select=0.6213
Ep043  LR0=4.16e-05  pw=1.10  aucα=0.300  token_p=0.020  dropE=(0.020,0.080)  smooth=0.010  train_loss=0.1369  train_AUPR_all=0.8589  train_AUPR_ab=0.8901  train_AUPR_ag=0.8138  train_P@5_ab=0.9500  train_P@5_ag=1.0000  val_loss=0.3124  val_AUPR_all=0.6344  val_AUPR_ab=0.7501  val_AUPR_ag=0.4795  val_P@5_ab=0.9000  val_P@5_ag=1.0000  select=0.6148
Ep044  LR0=3.75e-05  pw=1.09  aucα=0.300  token_p=0.020  dropE=(0.020,0.080)  smooth=0.010  train_loss=0.1368  train_AUPR_all=0.8580  train_AUPR_ab=0.8903  train_AUPR_ag=0.8112  train_P@5_ab=1.0000  train_P@5_ag=1.0000  val_loss=0.3070  val_AUPR_all=0.6330  val_AUPR_ab=0.7496  val_AUPR_ag=0.4779  val_P@5_ab=1.0000  val_P@5_ag=0.9000  select=0.6137
Ep045  LR0=3.35e-05  pw=1.08  aucα=0.300  token_p=0.020  dropE=(0.020,0.080)  smooth=0.010  train_loss=0.1343  train_AUPR_all=0.8628  train_AUPR_ab=0.8946  train_AUPR_ag=0.8164  train_P@5_ab=1.0000  train_P@5_ag=1.0000  val_loss=0.3097  val_AUPR_all=0.6334  val_AUPR_ab=0.7556  val_AUPR_ag=0.4719  val_P@5_ab=0.9500  val_P@5_ag=0.9500  select=0.6138
Ep046  LR0=2.97e-05  pw=1.07  aucα=0.300  token_p=0.020  dropE=(0.020,0.080)  smooth=0.010  train_loss=0.1309  train_AUPR_all=0.8682  train_AUPR_ab=0.9002  train_AUPR_ag=0.8222  train_P@5_ab=1.0000  train_P@5_ag=1.0000  val_loss=0.3039  val_AUPR_all=0.6330  val_AUPR_ab=0.7479  val_AUPR_ag=0.4812  val_P@5_ab=0.8500  val_P@5_ag=1.0000  select=0.6145
Ep047  LR0=2.61e-05  pw=1.06  aucα=0.300  token_p=0.020  dropE=(0.020,0.080)  smooth=0.010  train_loss=0.1288  train_AUPR_all=0.8710  train_AUPR_ab=0.9026  train_AUPR_ag=0.8246  train_P@5_ab=1.0000  train_P@5_ag=1.0000  val_loss=0.3125  val_AUPR_all=0.6365  val_AUPR_ab=0.7494  val_AUPR_ag=0.4829  val_P@5_ab=0.8500  val_P@5_ag=1.0000  select=0.6162
Ep048  LR0=2.27e-05  pw=1.05  aucα=0.300  token_p=0.020  dropE=(0.020,0.080)  smooth=0.010  train_loss=0.1276  train_AUPR_all=0.8726  train_AUPR_ab=0.9041  train_AUPR_ag=0.8264  train_P@5_ab=0.9500  train_P@5_ag=1.0000  val_loss=0.3108  val_AUPR_all=0.6276  val_AUPR_ab=0.7397  val_AUPR_ag=0.4787  val_P@5_ab=0.8000  val_P@5_ag=0.9500  select=0.6092
Ep049  LR0=1.96e-05  pw=1.05  aucα=0.300  token_p=0.020  dropE=(0.020,0.080)  smooth=0.010  train_loss=0.1276  train_AUPR_all=0.8718  train_AUPR_ab=0.9014  train_AUPR_ag=0.8290  train_P@5_ab=1.0000  train_P@5_ag=1.0000  val_loss=0.3129  val_AUPR_all=0.6297  val_AUPR_ab=0.7446  val_AUPR_ag=0.4798  val_P@5_ab=0.9000  val_P@5_ag=1.0000  select=0.6122
Ep050  LR0=1.66e-05  pw=1.04  aucα=0.300  token_p=0.020  dropE=(0.020,0.080)  smooth=0.010  train_loss=0.1245  train_AUPR_all=0.8768  train_AUPR_ab=0.9053  train_AUPR_ag=0.8354  train_P@5_ab=1.0000  train_P@5_ag=1.0000  val_loss=0.3094  val_AUPR_all=0.6290  val_AUPR_ab=0.7459  val_AUPR_ag=0.4760  val_P@5_ab=0.9500  val_P@5_ag=0.9000  select=0.6110
Ep051  LR0=1.39e-05  pw=1.04  aucα=0.300  token_p=0.020  dropE=(0.020,0.080)  smooth=0.010  train_loss=0.1202  train_AUPR_all=0.8834  train_AUPR_ab=0.9119  train_AUPR_ag=0.8418  train_P@5_ab=1.0000  train_P@5_ag=1.0000  val_loss=0.3127  val_AUPR_all=0.6308  val_AUPR_ab=0.7483  val_AUPR_ag=0.4783  val_P@5_ab=0.9000  val_P@5_ag=1.0000  select=0.6133
Ep052  LR0=1.14e-05  pw=1.03  aucα=0.300  token_p=0.020  dropE=(0.020,0.080)  smooth=0.010  train_loss=0.1218  train_AUPR_all=0.8808  train_AUPR_ab=0.9099  train_AUPR_ag=0.8385  train_P@5_ab=1.0000  train_P@5_ag=1.0000  val_loss=0.3127  val_AUPR_all=0.6354  val_AUPR_ab=0.7493  val_AUPR_ag=0.4838  val_P@5_ab=0.8500  val_P@5_ag=0.9500  select=0.6166
Ep053  LR0=9.12e-06  pw=1.03  aucα=0.300  token_p=0.020  dropE=(0.020,0.080)  smooth=0.010  train_loss=0.1214  train_AUPR_all=0.8811  train_AUPR_ab=0.9092  train_AUPR_ag=0.8399  train_P@5_ab=1.0000  train_P@5_ag=1.0000  val_loss=0.3107  val_AUPR_all=0.6306  val_AUPR_ab=0.7481  val_AUPR_ag=0.4765  val_P@5_ab=0.9000  val_P@5_ag=0.9500  select=0.6123
Ep054  LR0=7.13e-06  pw=1.03  aucα=0.300  token_p=0.020  dropE=(0.020,0.080)  smooth=0.010  train_loss=0.1209  train_AUPR_all=0.8815  train_AUPR_ab=0.9102  train_AUPR_ag=0.8391  train_P@5_ab=1.0000  train_P@5_ag=0.9500  val_loss=0.3116  val_AUPR_all=0.6334  val_AUPR_ab=0.7477  val_AUPR_ag=0.4841  val_P@5_ab=0.9500  val_P@5_ag=1.0000  select=0.6159
Ep055  LR0=5.38e-06  pw=1.02  aucα=0.300  token_p=0.020  dropE=(0.020,0.080)  smooth=0.010  train_loss=0.1201  train_AUPR_all=0.8821  train_AUPR_ab=0.9098  train_AUPR_ag=0.8414  train_P@5_ab=0.9000  train_P@5_ag=1.0000  val_loss=0.3125  val_AUPR_all=0.6294  val_AUPR_ab=0.7439  val_AUPR_ag=0.4814  val_P@5_ab=0.8500  val_P@5_ag=0.9500  select=0.6126
Early stopping at epoch 55. Best select=0.6273 at epoch 35.
Final saved checkpoint for fold 7: checkpoints_old/iPara_balanced_l1_g6_i4_do0.10_dpr0.10_lr0.0002_heads16_fold7.pth
Best select=0.6273 at epoch 35

==========================================================================================
Fold 8/10
==========================================================================================
Train labels: valid=448646, pos=29915, neg=418731, ignore=786554, pos_frac=0.06668
Val labels: valid=51546, pos=3315, neg=48231, ignore=86054, pos_frac=0.06431
Initializing ClassificationModel with 6 GAT layers and residual connections...
Initializing MCModel with 6 GAT layers and 4 row attention layers (drop_path_rate=0.1)
Initializing CoreModel with 1 layers, drop_path_rate=0.1
Ep001  LR0=2.00e-04  pw=20.00  aucα=0.000  token_p=0.020  dropE=(0.020,0.080)  smooth=0.010  train_loss=1.1024  train_AUPR_all=0.2285  train_AUPR_ab=0.2724  train_AUPR_ag=0.1692  train_P@5_ab=0.3500  train_P@5_ag=0.0000  val_loss=1.0893  val_AUPR_all=0.4470  val_AUPR_ab=0.5686  val_AUPR_ag=0.2747  val_P@5_ab=0.8500  val_P@5_ag=0.9500  select=0.4217
  Saved checkpoint: checkpoints_old/iPara_balanced_l1_g6_i4_do0.10_dpr0.10_lr0.0002_heads16_fold8.pth  select=0.4217  val_ab=0.5686  val_ag=0.2747  val_all=0.4470
Ep002  LR0=2.00e-04  pw=17.77  aucα=0.000  token_p=0.020  dropE=(0.020,0.080)  smooth=0.010  train_loss=0.7822  train_AUPR_all=0.4085  train_AUPR_ab=0.4875  train_AUPR_ag=0.2758  train_P@5_ab=0.9000  train_P@5_ag=0.9000  val_loss=0.9340  val_AUPR_all=0.4865  val_AUPR_ab=0.6117  val_AUPR_ag=0.2907  val_P@5_ab=0.8000  val_P@5_ag=0.9000  select=0.4512
  Saved checkpoint: checkpoints_old/iPara_balanced_l1_g6_i4_do0.10_dpr0.10_lr0.0002_heads16_fold8.pth  select=0.4512  val_ab=0.6117  val_ag=0.2907  val_all=0.4865
Ep003  LR0=1.99e-04  pw=15.80  aucα=0.000  token_p=0.020  dropE=(0.020,0.080)  smooth=0.010  train_loss=0.6937  train_AUPR_all=0.4360  train_AUPR_ab=0.5103  train_AUPR_ag=0.2991  train_P@5_ab=0.8000  train_P@5_ag=0.9500  val_loss=0.8452  val_AUPR_all=0.5198  val_AUPR_ab=0.6331  val_AUPR_ag=0.3259  val_P@5_ab=0.8000  val_P@5_ag=1.0000  select=0.4795
  Saved checkpoint: checkpoints_old/iPara_balanced_l1_g6_i4_do0.10_dpr0.10_lr0.0002_heads16_fold8.pth  select=0.4795  val_ab=0.6331  val_ag=0.3259  val_all=0.5198
Ep004  LR0=1.99e-04  pw=14.06  aucα=0.000  token_p=0.020  dropE=(0.020,0.080)  smooth=0.010  train_loss=0.6396  train_AUPR_all=0.4826  train_AUPR_ab=0.5585  train_AUPR_ag=0.3387  train_P@5_ab=0.9000  train_P@5_ag=0.9000  val_loss=0.8317  val_AUPR_all=0.5162  val_AUPR_ab=0.6378  val_AUPR_ag=0.3278  val_P@5_ab=0.9500  val_P@5_ag=0.9500  select=0.4828
  Saved checkpoint: checkpoints_old/iPara_balanced_l1_g6_i4_do0.10_dpr0.10_lr0.0002_heads16_fold8.pth  select=0.4828  val_ab=0.6378  val_ag=0.3278  val_all=0.5162
Unfreezing DyM parameters.
Ep005  LR0=1.98e-04  pw=12.52  aucα=0.000  token_p=0.020  dropE=(0.020,0.080)  smooth=0.010  train_loss=0.5841  train_AUPR_all=0.4998  train_AUPR_ab=0.5877  train_AUPR_ag=0.3433  train_P@5_ab=0.7500  train_P@5_ag=0.8000  val_loss=0.7890  val_AUPR_all=0.5370  val_AUPR_ab=0.6648  val_AUPR_ag=0.3304  val_P@5_ab=0.9500  val_P@5_ag=0.9000  select=0.4976
  Saved checkpoint: checkpoints_old/iPara_balanced_l1_g6_i4_do0.10_dpr0.10_lr0.0002_heads16_fold8.pth  select=0.4976  val_ab=0.6648  val_ag=0.3304  val_all=0.5370
Ep006  LR0=1.97e-04  pw=11.17  aucα=0.000  token_p=0.020  dropE=(0.020,0.080)  smooth=0.010  train_loss=0.5441  train_AUPR_all=0.5231  train_AUPR_ab=0.6123  train_AUPR_ag=0.3603  train_P@5_ab=0.7000  train_P@5_ag=0.9500  val_loss=0.7600  val_AUPR_all=0.5471  val_AUPR_ab=0.6802  val_AUPR_ag=0.3292  val_P@5_ab=0.8500  val_P@5_ag=0.9500  select=0.5047
  Saved checkpoint: checkpoints_old/iPara_balanced_l1_g6_i4_do0.10_dpr0.10_lr0.0002_heads16_fold8.pth  select=0.5047  val_ab=0.6802  val_ag=0.3292  val_all=0.5471
Ep007  LR0=1.95e-04  pw=9.97  aucα=0.000  token_p=0.020  dropE=(0.020,0.080)  smooth=0.010  train_loss=0.5035  train_AUPR_all=0.5287  train_AUPR_ab=0.6239  train_AUPR_ag=0.3616  train_P@5_ab=0.8000  train_P@5_ag=0.8000  val_loss=0.6899  val_AUPR_all=0.5585  val_AUPR_ab=0.7079  val_AUPR_ag=0.3448  val_P@5_ab=0.9500  val_P@5_ag=0.8000  select=0.5263
  Saved checkpoint: checkpoints_old/iPara_balanced_l1_g6_i4_do0.10_dpr0.10_lr0.0002_heads16_fold8.pth  select=0.5263  val_ab=0.7079  val_ag=0.3448  val_all=0.5585
Ep008  LR0=1.93e-04  pw=8.92  aucα=0.000  token_p=0.020  dropE=(0.020,0.080)  smooth=0.010  train_loss=0.4698  train_AUPR_all=0.5457  train_AUPR_ab=0.6424  train_AUPR_ag=0.3764  train_P@5_ab=0.7000  train_P@5_ag=0.9500  val_loss=0.6518  val_AUPR_all=0.5544  val_AUPR_ab=0.6872  val_AUPR_ag=0.3566  val_P@5_ab=1.0000  val_P@5_ag=0.8500  select=0.5219
Ep009  LR0=1.91e-04  pw=7.99  aucα=0.000  token_p=0.020  dropE=(0.020,0.080)  smooth=0.010  train_loss=0.4386  train_AUPR_all=0.5566  train_AUPR_ab=0.6584  train_AUPR_ag=0.3865  train_P@5_ab=0.8000  train_P@5_ag=0.8500  val_loss=0.6237  val_AUPR_all=0.5803  val_AUPR_ab=0.7336  val_AUPR_ag=0.3543  val_P@5_ab=1.0000  val_P@5_ag=0.8500  select=0.5439
  Saved checkpoint: checkpoints_old/iPara_balanced_l1_g6_i4_do0.10_dpr0.10_lr0.0002_heads16_fold8.pth  select=0.5439  val_ab=0.7336  val_ag=0.3543  val_all=0.5803
Ep010  LR0=1.89e-04  pw=7.17  aucα=0.030  token_p=0.020  dropE=(0.020,0.080)  smooth=0.010  train_loss=0.4284  train_AUPR_all=0.5598  train_AUPR_ab=0.6579  train_AUPR_ag=0.3901  train_P@5_ab=0.9000  train_P@5_ag=0.9000  val_loss=0.5905  val_AUPR_all=0.5610  val_AUPR_ab=0.7283  val_AUPR_ag=0.3404  val_P@5_ab=0.9500  val_P@5_ag=0.6000  select=0.5344
Ep011  LR0=1.87e-04  pw=6.44  aucα=0.060  token_p=0.020  dropE=(0.020,0.080)  smooth=0.010  train_loss=0.4143  train_AUPR_all=0.5738  train_AUPR_ab=0.6800  train_AUPR_ag=0.4009  train_P@5_ab=1.0000  train_P@5_ag=0.9000  val_loss=0.5848  val_AUPR_all=0.5718  val_AUPR_ab=0.7027  val_AUPR_ag=0.3673  val_P@5_ab=0.8500  val_P@5_ag=0.9000  select=0.5350
Ep012  LR0=1.84e-04  pw=5.80  aucα=0.090  token_p=0.020  dropE=(0.020,0.080)  smooth=0.010  train_loss=0.4050  train_AUPR_all=0.5825  train_AUPR_ab=0.6852  train_AUPR_ag=0.4149  train_P@5_ab=1.0000  train_P@5_ag=0.9500  val_loss=0.5304  val_AUPR_all=0.6029  val_AUPR_ab=0.7432  val_AUPR_ag=0.3823  val_P@5_ab=0.9500  val_P@5_ag=0.9000  select=0.5627
  Saved checkpoint: checkpoints_old/iPara_balanced_l1_g6_i4_do0.10_dpr0.10_lr0.0002_heads16_fold8.pth  select=0.5627  val_ab=0.7432  val_ag=0.3823  val_all=0.6029
Ep013  LR0=1.81e-04  pw=5.24  aucα=0.120  token_p=0.020  dropE=(0.020,0.080)  smooth=0.010  train_loss=0.3947  train_AUPR_all=0.5927  train_AUPR_ab=0.6895  train_AUPR_ag=0.4314  train_P@5_ab=0.8000  train_P@5_ag=1.0000  val_loss=0.4865  val_AUPR_all=0.6071  val_AUPR_ab=0.7594  val_AUPR_ag=0.3594  val_P@5_ab=0.9500  val_P@5_ag=0.8000  select=0.5594
Ep014  LR0=1.78e-04  pw=4.74  aucα=0.150  token_p=0.020  dropE=(0.020,0.080)  smooth=0.010  train_loss=0.3815  train_AUPR_all=0.6060  train_AUPR_ab=0.7064  train_AUPR_ag=0.4430  train_P@5_ab=1.0000  train_P@5_ag=0.9000  val_loss=0.4864  val_AUPR_all=0.6006  val_AUPR_ab=0.7460  val_AUPR_ag=0.3705  val_P@5_ab=0.9500  val_P@5_ag=1.0000  select=0.5583
Ep015  LR0=1.74e-04  pw=4.30  aucα=0.180  token_p=0.020  dropE=(0.020,0.080)  smooth=0.010  train_loss=0.3786  train_AUPR_all=0.6079  train_AUPR_ab=0.7036  train_AUPR_ag=0.4530  train_P@5_ab=1.0000  train_P@5_ag=1.0000  val_loss=0.4595  val_AUPR_all=0.6093  val_AUPR_ab=0.7635  val_AUPR_ag=0.3677  val_P@5_ab=1.0000  val_P@5_ag=0.9000  select=0.5656
  Saved checkpoint: checkpoints_old/iPara_balanced_l1_g6_i4_do0.10_dpr0.10_lr0.0002_heads16_fold8.pth  select=0.5656  val_ab=0.7635  val_ag=0.3677  val_all=0.6093
Ep016  LR0=1.71e-04  pw=3.91  aucα=0.210  token_p=0.020  dropE=(0.020,0.080)  smooth=0.010  train_loss=0.3677  train_AUPR_all=0.6241  train_AUPR_ab=0.7170  train_AUPR_ag=0.4754  train_P@5_ab=1.0000  train_P@5_ag=0.8500  val_loss=0.4423  val_AUPR_all=0.6115  val_AUPR_ab=0.7681  val_AUPR_ag=0.3573  val_P@5_ab=1.0000  val_P@5_ag=0.8000  select=0.5627
Ep017  LR0=1.67e-04  pw=3.57  aucα=0.240  token_p=0.020  dropE=(0.020,0.080)  smooth=0.010  train_loss=0.3586  train_AUPR_all=0.6337  train_AUPR_ab=0.7275  train_AUPR_ag=0.4845  train_P@5_ab=1.0000  train_P@5_ag=0.8000  val_loss=0.4350  val_AUPR_all=0.6070  val_AUPR_ab=0.7516  val_AUPR_ag=0.3782  val_P@5_ab=1.0000  val_P@5_ag=0.9500  select=0.5649
Ep018  LR0=1.63e-04  pw=3.27  aucα=0.270  token_p=0.020  dropE=(0.020,0.080)  smooth=0.010  train_loss=0.3521  train_AUPR_all=0.6452  train_AUPR_ab=0.7398  train_AUPR_ag=0.4943  train_P@5_ab=1.0000  train_P@5_ag=0.9500  val_loss=0.4507  val_AUPR_all=0.5863  val_AUPR_ab=0.7584  val_AUPR_ag=0.3732  val_P@5_ab=1.0000  val_P@5_ag=0.9000  select=0.5658
  Saved checkpoint: checkpoints_old/iPara_balanced_l1_g6_i4_do0.10_dpr0.10_lr0.0002_heads16_fold8.pth  select=0.5658  val_ab=0.7584  val_ag=0.3732  val_all=0.5863
Ep019  LR0=1.59e-04  pw=3.00  aucα=0.300  token_p=0.020  dropE=(0.020,0.080)  smooth=0.010  train_loss=0.3441  train_AUPR_all=0.6571  train_AUPR_ab=0.7457  train_AUPR_ag=0.5198  train_P@5_ab=0.9500  train_P@5_ag=0.9500  val_loss=0.3968  val_AUPR_all=0.6151  val_AUPR_ab=0.7638  val_AUPR_ag=0.3843  val_P@5_ab=1.0000  val_P@5_ag=0.8500  select=0.5740
  Saved checkpoint: checkpoints_old/iPara_balanced_l1_g6_i4_do0.10_dpr0.10_lr0.0002_heads16_fold8.pth  select=0.5740  val_ab=0.7638  val_ag=0.3843  val_all=0.6151
Ep020  LR0=1.55e-04  pw=2.77  aucα=0.300  token_p=0.020  dropE=(0.020,0.080)  smooth=0.010  train_loss=0.3290  train_AUPR_all=0.6645  train_AUPR_ab=0.7478  train_AUPR_ag=0.5358  train_P@5_ab=1.0000  train_P@5_ag=1.0000  val_loss=0.4020  val_AUPR_all=0.6079  val_AUPR_ab=0.7701  val_AUPR_ag=0.3852  val_P@5_ab=0.9500  val_P@5_ag=0.7500  select=0.5776
  Saved checkpoint: checkpoints_old/iPara_balanced_l1_g6_i4_do0.10_dpr0.10_lr0.0002_heads16_fold8.pth  select=0.5776  val_ab=0.7701  val_ag=0.3852  val_all=0.6079
Ep021  LR0=1.50e-04  pw=2.56  aucα=0.300  token_p=0.020  dropE=(0.020,0.080)  smooth=0.010  train_loss=0.3111  train_AUPR_all=0.6778  train_AUPR_ab=0.7596  train_AUPR_ag=0.5510  train_P@5_ab=1.0000  train_P@5_ag=1.0000  val_loss=0.4082  val_AUPR_all=0.6116  val_AUPR_ab=0.7709  val_AUPR_ag=0.3656  val_P@5_ab=1.0000  val_P@5_ag=0.8000  select=0.5683
Ep022  LR0=1.46e-04  pw=2.38  aucα=0.300  token_p=0.020  dropE=(0.020,0.080)  smooth=0.010  train_loss=0.2964  train_AUPR_all=0.6861  train_AUPR_ab=0.7611  train_AUPR_ag=0.5715  train_P@5_ab=1.0000  train_P@5_ag=1.0000  val_loss=0.3698  val_AUPR_all=0.6145  val_AUPR_ab=0.7826  val_AUPR_ag=0.4084  val_P@5_ab=1.0000  val_P@5_ag=0.8500  select=0.5955
  Saved checkpoint: checkpoints_old/iPara_balanced_l1_g6_i4_do0.10_dpr0.10_lr0.0002_heads16_fold8.pth  select=0.5955  val_ab=0.7826  val_ag=0.4084  val_all=0.6145
Ep023  LR0=1.41e-04  pw=2.21  aucα=0.300  token_p=0.020  dropE=(0.020,0.080)  smooth=0.010  train_loss=0.2802  train_AUPR_all=0.7006  train_AUPR_ab=0.7776  train_AUPR_ag=0.5836  train_P@5_ab=1.0000  train_P@5_ag=1.0000  val_loss=0.3538  val_AUPR_all=0.6304  val_AUPR_ab=0.7772  val_AUPR_ag=0.4085  val_P@5_ab=1.0000  val_P@5_ag=0.9000  select=0.5929
Ep024  LR0=1.36e-04  pw=2.07  aucα=0.300  token_p=0.020  dropE=(0.020,0.080)  smooth=0.010  train_loss=0.2666  train_AUPR_all=0.7122  train_AUPR_ab=0.7820  train_AUPR_ag=0.6072  train_P@5_ab=0.9500  train_P@5_ag=1.0000  val_loss=0.3618  val_AUPR_all=0.6110  val_AUPR_ab=0.7741  val_AUPR_ag=0.3800  val_P@5_ab=1.0000  val_P@5_ag=0.7000  select=0.5770
Ep025  LR0=1.31e-04  pw=1.95  aucα=0.300  token_p=0.020  dropE=(0.020,0.080)  smooth=0.010  train_loss=0.2561  train_AUPR_all=0.7208  train_AUPR_ab=0.7855  train_AUPR_ag=0.6251  train_P@5_ab=1.0000  train_P@5_ag=1.0000  val_loss=0.3666  val_AUPR_all=0.6098  val_AUPR_ab=0.7756  val_AUPR_ag=0.3893  val_P@5_ab=0.9500  val_P@5_ag=0.8000  select=0.5825
Ep026  LR0=1.26e-04  pw=1.83  aucα=0.300  token_p=0.020  dropE=(0.020,0.080)  smooth=0.010  train_loss=0.2416  train_AUPR_all=0.7369  train_AUPR_ab=0.8032  train_AUPR_ag=0.6375  train_P@5_ab=1.0000  train_P@5_ag=1.0000  val_loss=0.3649  val_AUPR_all=0.6048  val_AUPR_ab=0.7696  val_AUPR_ag=0.3638  val_P@5_ab=0.9000  val_P@5_ag=0.6500  select=0.5667
Ep027  LR0=1.21e-04  pw=1.74  aucα=0.300  token_p=0.020  dropE=(0.020,0.080)  smooth=0.010  train_loss=0.2342  train_AUPR_all=0.7404  train_AUPR_ab=0.7987  train_AUPR_ag=0.6548  train_P@5_ab=0.9000  train_P@5_ag=0.9500  val_loss=0.3420  val_AUPR_all=0.6219  val_AUPR_ab=0.7831  val_AUPR_ag=0.3793  val_P@5_ab=1.0000  val_P@5_ag=0.8500  select=0.5812
Ep028  LR0=1.16e-04  pw=1.65  aucα=0.300  token_p=0.020  dropE=(0.020,0.080)  smooth=0.010  train_loss=0.2234  train_AUPR_all=0.7532  train_AUPR_ab=0.8076  train_AUPR_ag=0.6742  train_P@5_ab=1.0000  train_P@5_ag=1.0000  val_loss=0.3577  val_AUPR_all=0.6120  val_AUPR_ab=0.7735  val_AUPR_ag=0.3851  val_P@5_ab=0.9500  val_P@5_ag=0.7500  select=0.5793
Ep029  LR0=1.11e-04  pw=1.57  aucα=0.300  token_p=0.020  dropE=(0.020,0.080)  smooth=0.010  train_loss=0.2126  train_AUPR_all=0.7639  train_AUPR_ab=0.8177  train_AUPR_ag=0.6851  train_P@5_ab=1.0000  train_P@5_ag=1.0000  val_loss=0.3369  val_AUPR_all=0.6163  val_AUPR_ab=0.7862  val_AUPR_ag=0.3912  val_P@5_ab=0.9500  val_P@5_ag=0.8000  select=0.5887
Ep030  LR0=1.05e-04  pw=1.51  aucα=0.300  token_p=0.020  dropE=(0.020,0.080)  smooth=0.010  train_loss=0.2061  train_AUPR_all=0.7699  train_AUPR_ab=0.8200  train_AUPR_ag=0.6975  train_P@5_ab=1.0000  train_P@5_ag=1.0000  val_loss=0.3334  val_AUPR_all=0.6115  val_AUPR_ab=0.7825  val_AUPR_ag=0.3984  val_P@5_ab=1.0000  val_P@5_ag=0.7500  select=0.5904
Ep031  LR0=1.00e-04  pw=1.45  aucα=0.300  token_p=0.020  dropE=(0.020,0.080)  smooth=0.010  train_loss=0.1969  train_AUPR_all=0.7815  train_AUPR_ab=0.8265  train_AUPR_ag=0.7171  train_P@5_ab=1.0000  train_P@5_ag=0.9500  val_loss=0.3310  val_AUPR_all=0.6160  val_AUPR_ab=0.7812  val_AUPR_ag=0.4006  val_P@5_ab=1.0000  val_P@5_ag=0.7500  select=0.5909
Ep032  LR0=9.50e-05  pw=1.39  aucα=0.300  token_p=0.020  dropE=(0.020,0.080)  smooth=0.010  train_loss=0.1907  train_AUPR_all=0.7877  train_AUPR_ab=0.8334  train_AUPR_ag=0.7222  train_P@5_ab=1.0000  train_P@5_ag=0.9000  val_loss=0.3242  val_AUPR_all=0.6221  val_AUPR_ab=0.7923  val_AUPR_ag=0.3878  val_P@5_ab=1.0000  val_P@5_ag=0.7500  select=0.5901
Ep033  LR0=8.98e-05  pw=1.35  aucα=0.300  token_p=0.020  dropE=(0.020,0.080)  smooth=0.010  train_loss=0.1847  train_AUPR_all=0.7950  train_AUPR_ab=0.8374  train_AUPR_ag=0.7345  train_P@5_ab=1.0000  train_P@5_ag=1.0000  val_loss=0.3385  val_AUPR_all=0.6089  val_AUPR_ab=0.7682  val_AUPR_ag=0.3782  val_P@5_ab=1.0000  val_P@5_ag=0.8500  select=0.5732
Ep034  LR0=8.46e-05  pw=1.31  aucα=0.300  token_p=0.020  dropE=(0.020,0.080)  smooth=0.010  train_loss=0.1765  train_AUPR_all=0.8064  train_AUPR_ab=0.8478  train_AUPR_ag=0.7471  train_P@5_ab=1.0000  train_P@5_ag=1.0000  val_loss=0.3199  val_AUPR_all=0.6056  val_AUPR_ab=0.7610  val_AUPR_ag=0.3812  val_P@5_ab=0.9500  val_P@5_ag=0.7500  select=0.5711
Ep035  LR0=7.95e-05  pw=1.27  aucα=0.300  token_p=0.020  dropE=(0.020,0.080)  smooth=0.010  train_loss=0.1690  train_AUPR_all=0.8173  train_AUPR_ab=0.8547  train_AUPR_ag=0.7644  train_P@5_ab=1.0000  train_P@5_ag=1.0000  val_loss=0.3188  val_AUPR_all=0.6012  val_AUPR_ab=0.7673  val_AUPR_ag=0.3682  val_P@5_ab=1.0000  val_P@5_ag=0.6500  select=0.5678
Ep036  LR0=7.44e-05  pw=1.24  aucα=0.300  token_p=0.020  dropE=(0.020,0.080)  smooth=0.010  train_loss=0.1635  train_AUPR_all=0.8237  train_AUPR_ab=0.8624  train_AUPR_ag=0.7679  train_P@5_ab=1.0000  train_P@5_ag=1.0000  val_loss=0.3253  val_AUPR_all=0.5999  val_AUPR_ab=0.7644  val_AUPR_ag=0.3759  val_P@5_ab=0.9500  val_P@5_ag=0.7500  select=0.5701
Ep037  LR0=6.94e-05  pw=1.21  aucα=0.300  token_p=0.020  dropE=(0.020,0.080)  smooth=0.010  train_loss=0.1609  train_AUPR_all=0.8262  train_AUPR_ab=0.8606  train_AUPR_ag=0.7775  train_P@5_ab=1.0000  train_P@5_ag=1.0000  val_loss=0.3276  val_AUPR_all=0.5972  val_AUPR_ab=0.7582  val_AUPR_ag=0.3834  val_P@5_ab=0.9500  val_P@5_ag=0.8000  select=0.5708
Ep038  LR0=6.45e-05  pw=1.19  aucα=0.300  token_p=0.020  dropE=(0.020,0.080)  smooth=0.010  train_loss=0.1566  train_AUPR_all=0.8320  train_AUPR_ab=0.8651  train_AUPR_ag=0.7852  train_P@5_ab=1.0000  train_P@5_ag=0.9500  val_loss=0.3147  val_AUPR_all=0.6023  val_AUPR_ab=0.7619  val_AUPR_ag=0.3807  val_P@5_ab=0.9500  val_P@5_ag=0.8500  select=0.5713
Ep039  LR0=5.97e-05  pw=1.16  aucα=0.300  token_p=0.020  dropE=(0.020,0.080)  smooth=0.010  train_loss=0.1523  train_AUPR_all=0.8368  train_AUPR_ab=0.8707  train_AUPR_ag=0.7886  train_P@5_ab=1.0000  train_P@5_ag=1.0000  val_loss=0.3277  val_AUPR_all=0.5966  val_AUPR_ab=0.7714  val_AUPR_ag=0.3728  val_P@5_ab=1.0000  val_P@5_ag=0.7000  select=0.5721
Ep040  LR0=5.50e-05  pw=1.15  aucα=0.300  token_p=0.020  dropE=(0.020,0.080)  smooth=0.010  train_loss=0.1484  train_AUPR_all=0.8428  train_AUPR_ab=0.8790  train_AUPR_ag=0.7904  train_P@5_ab=1.0000  train_P@5_ag=0.9000  val_loss=0.3319  val_AUPR_all=0.5880  val_AUPR_ab=0.7572  val_AUPR_ag=0.3436  val_P@5_ab=0.9000  val_P@5_ag=0.8000  select=0.5504
Ep041  LR0=5.04e-05  pw=1.13  aucα=0.300  token_p=0.020  dropE=(0.020,0.080)  smooth=0.010  train_loss=0.1441  train_AUPR_all=0.8493  train_AUPR_ab=0.8833  train_AUPR_ag=0.8005  train_P@5_ab=1.0000  train_P@5_ag=1.0000  val_loss=0.3337  val_AUPR_all=0.5870  val_AUPR_ab=0.7737  val_AUPR_ag=0.3344  val_P@5_ab=0.9500  val_P@5_ag=0.6500  select=0.5540
Ep042  LR0=4.59e-05  pw=1.11  aucα=0.300  token_p=0.020  dropE=(0.020,0.080)  smooth=0.010  train_loss=0.1420  train_AUPR_all=0.8517  train_AUPR_ab=0.8840  train_AUPR_ag=0.8056  train_P@5_ab=1.0000  train_P@5_ag=1.0000  val_loss=0.3171  val_AUPR_all=0.6027  val_AUPR_ab=0.7645  val_AUPR_ag=0.3739  val_P@5_ab=0.9500  val_P@5_ag=0.8000  select=0.5692
Ep043  LR0=4.16e-05  pw=1.10  aucα=0.300  token_p=0.020  dropE=(0.020,0.080)  smooth=0.010  train_loss=0.1357  train_AUPR_all=0.8621  train_AUPR_ab=0.8930  train_AUPR_ag=0.8177  train_P@5_ab=0.9500  train_P@5_ag=0.9500  val_loss=0.3309  val_AUPR_all=0.5853  val_AUPR_ab=0.7619  val_AUPR_ag=0.3561  val_P@5_ab=0.9000  val_P@5_ag=0.7000  select=0.5590
Ep044  LR0=3.75e-05  pw=1.09  aucα=0.300  token_p=0.020  dropE=(0.020,0.080)  smooth=0.010  train_loss=0.1371  train_AUPR_all=0.8578  train_AUPR_ab=0.8893  train_AUPR_ag=0.8126  train_P@5_ab=1.0000  train_P@5_ag=1.0000  val_loss=0.3221  val_AUPR_all=0.6086  val_AUPR_ab=0.7773  val_AUPR_ag=0.3610  val_P@5_ab=0.9000  val_P@5_ag=0.7000  select=0.5692
Ep045  LR0=3.35e-05  pw=1.08  aucα=0.300  token_p=0.020  dropE=(0.020,0.080)  smooth=0.010  train_loss=0.1340  train_AUPR_all=0.8637  train_AUPR_ab=0.8930  train_AUPR_ag=0.8217  train_P@5_ab=1.0000  train_P@5_ag=1.0000  val_loss=0.3259  val_AUPR_all=0.5894  val_AUPR_ab=0.7715  val_AUPR_ag=0.3567  val_P@5_ab=1.0000  val_P@5_ag=0.7500  select=0.5641
Early stopping at epoch 45. Best select=0.5955 at epoch 22.
Final saved checkpoint for fold 8: checkpoints_old/iPara_balanced_l1_g6_i4_do0.10_dpr0.10_lr0.0002_heads16_fold8.pth
Best select=0.5955 at epoch 22

==========================================================================================
Fold 9/10
==========================================================================================
Train labels: valid=449634, pos=29947, neg=419687, ignore=787166, pos_frac=0.06660
Val labels: valid=50558, pos=3283, neg=47275, ignore=85442, pos_frac=0.06494
Initializing ClassificationModel with 6 GAT layers and residual connections...
Initializing MCModel with 6 GAT layers and 4 row attention layers (drop_path_rate=0.1)
Initializing CoreModel with 1 layers, drop_path_rate=0.1
Ep001  LR0=2.00e-04  pw=20.00  aucα=0.000  token_p=0.020  dropE=(0.020,0.080)  smooth=0.010  train_loss=1.1216  train_AUPR_all=0.2550  train_AUPR_ab=0.3137  train_AUPR_ag=0.1824  train_P@5_ab=0.7000  train_P@5_ag=0.9000  val_loss=1.0208  val_AUPR_all=0.4447  val_AUPR_ab=0.5323  val_AUPR_ag=0.3073  val_P@5_ab=0.6500  val_P@5_ag=0.9000  select=0.4198
  Saved checkpoint: checkpoints_old/iPara_balanced_l1_g6_i4_do0.10_dpr0.10_lr0.0002_heads16_fold9.pth  select=0.4198  val_ab=0.5323  val_ag=0.3073  val_all=0.4447
Ep002  LR0=2.00e-04  pw=17.77  aucα=0.000  token_p=0.020  dropE=(0.020,0.080)  smooth=0.010  train_loss=0.7907  train_AUPR_all=0.3904  train_AUPR_ab=0.4686  train_AUPR_ag=0.2583  train_P@5_ab=0.5000  train_P@5_ag=0.7000  val_loss=0.9918  val_AUPR_all=0.4866  val_AUPR_ab=0.5951  val_AUPR_ag=0.3024  val_P@5_ab=0.6500  val_P@5_ag=0.9500  select=0.4487
  Saved checkpoint: checkpoints_old/iPara_balanced_l1_g6_i4_do0.10_dpr0.10_lr0.0002_heads16_fold9.pth  select=0.4487  val_ab=0.5951  val_ag=0.3024  val_all=0.4866
Ep003  LR0=1.99e-04  pw=15.80  aucα=0.000  token_p=0.020  dropE=(0.020,0.080)  smooth=0.010  train_loss=0.7123  train_AUPR_all=0.4531  train_AUPR_ab=0.5347  train_AUPR_ag=0.3073  train_P@5_ab=0.6000  train_P@5_ag=1.0000  val_loss=0.8849  val_AUPR_all=0.4488  val_AUPR_ab=0.5962  val_AUPR_ag=0.2818  val_P@5_ab=0.7000  val_P@5_ag=0.7500  select=0.4390
Ep004  LR0=1.99e-04  pw=14.06  aucα=0.000  token_p=0.020  dropE=(0.020,0.080)  smooth=0.010  train_loss=0.6401  train_AUPR_all=0.4775  train_AUPR_ab=0.5646  train_AUPR_ag=0.3192  train_P@5_ab=0.7000  train_P@5_ag=0.6500  val_loss=0.8001  val_AUPR_all=0.5236  val_AUPR_ab=0.6421  val_AUPR_ag=0.3395  val_P@5_ab=0.9000  val_P@5_ag=0.9000  select=0.4908
  Saved checkpoint: checkpoints_old/iPara_balanced_l1_g6_i4_do0.10_dpr0.10_lr0.0002_heads16_fold9.pth  select=0.4908  val_ab=0.6421  val_ag=0.3395  val_all=0.5236
Unfreezing DyM parameters.
Ep005  LR0=1.98e-04  pw=12.52  aucα=0.000  token_p=0.020  dropE=(0.020,0.080)  smooth=0.010  train_loss=0.5834  train_AUPR_all=0.4937  train_AUPR_ab=0.5773  train_AUPR_ag=0.3419  train_P@5_ab=0.8000  train_P@5_ag=0.9500  val_loss=0.7527  val_AUPR_all=0.5314  val_AUPR_ab=0.6498  val_AUPR_ag=0.3546  val_P@5_ab=1.0000  val_P@5_ag=0.9000  select=0.5022
  Saved checkpoint: checkpoints_old/iPara_balanced_l1_g6_i4_do0.10_dpr0.10_lr0.0002_heads16_fold9.pth  select=0.5022  val_ab=0.6498  val_ag=0.3546  val_all=0.5314
Ep006  LR0=1.97e-04  pw=11.17  aucα=0.000  token_p=0.020  dropE=(0.020,0.080)  smooth=0.010  train_loss=0.5375  train_AUPR_all=0.5179  train_AUPR_ab=0.6126  train_AUPR_ag=0.3523  train_P@5_ab=0.9500  train_P@5_ag=0.7000  val_loss=0.7383  val_AUPR_all=0.5539  val_AUPR_ab=0.6882  val_AUPR_ag=0.3425  val_P@5_ab=1.0000  val_P@5_ag=0.8500  select=0.5153
  Saved checkpoint: checkpoints_old/iPara_balanced_l1_g6_i4_do0.10_dpr0.10_lr0.0002_heads16_fold9.pth  select=0.5153  val_ab=0.6882  val_ag=0.3425  val_all=0.5539
Ep007  LR0=1.95e-04  pw=9.97  aucα=0.000  token_p=0.020  dropE=(0.020,0.080)  smooth=0.010  train_loss=0.5085  train_AUPR_all=0.5275  train_AUPR_ab=0.6228  train_AUPR_ag=0.3611  train_P@5_ab=0.9000  train_P@5_ag=0.9500  val_loss=0.6517  val_AUPR_all=0.5748  val_AUPR_ab=0.6981  val_AUPR_ag=0.3742  val_P@5_ab=1.0000  val_P@5_ag=0.8000  select=0.5362
  Saved checkpoint: checkpoints_old/iPara_balanced_l1_g6_i4_do0.10_dpr0.10_lr0.0002_heads16_fold9.pth  select=0.5362  val_ab=0.6981  val_ag=0.3742  val_all=0.5748
Ep008  LR0=1.93e-04  pw=8.92  aucα=0.000  token_p=0.020  dropE=(0.020,0.080)  smooth=0.010  train_loss=0.4663  train_AUPR_all=0.5495  train_AUPR_ab=0.6494  train_AUPR_ag=0.3762  train_P@5_ab=0.8000  train_P@5_ag=0.8500  val_loss=0.6259  val_AUPR_all=0.5712  val_AUPR_ab=0.6835  val_AUPR_ag=0.3825  val_P@5_ab=0.9500  val_P@5_ag=0.8500  select=0.5330
Ep009  LR0=1.91e-04  pw=7.99  aucα=0.000  token_p=0.020  dropE=(0.020,0.080)  smooth=0.010  train_loss=0.4392  train_AUPR_all=0.5583  train_AUPR_ab=0.6519  train_AUPR_ag=0.3912  train_P@5_ab=0.7500  train_P@5_ag=0.9000  val_loss=0.5981  val_AUPR_all=0.5805  val_AUPR_ab=0.7100  val_AUPR_ag=0.3733  val_P@5_ab=1.0000  val_P@5_ag=0.8500  select=0.5416
  Saved checkpoint: checkpoints_old/iPara_balanced_l1_g6_i4_do0.10_dpr0.10_lr0.0002_heads16_fold9.pth  select=0.5416  val_ab=0.7100  val_ag=0.3733  val_all=0.5805
Ep010  LR0=1.89e-04  pw=7.17  aucα=0.030  token_p=0.020  dropE=(0.020,0.080)  smooth=0.010  train_loss=0.4238  train_AUPR_all=0.5701  train_AUPR_ab=0.6663  train_AUPR_ag=0.4040  train_P@5_ab=0.8500  train_P@5_ag=0.9000  val_loss=0.5737  val_AUPR_all=0.5775  val_AUPR_ab=0.7026  val_AUPR_ag=0.3661  val_P@5_ab=1.0000  val_P@5_ag=0.8000  select=0.5344
Ep011  LR0=1.87e-04  pw=6.44  aucα=0.060  token_p=0.020  dropE=(0.020,0.080)  smooth=0.010  train_loss=0.4123  train_AUPR_all=0.5825  train_AUPR_ab=0.6795  train_AUPR_ag=0.4182  train_P@5_ab=1.0000  train_P@5_ag=0.8500  val_loss=0.5445  val_AUPR_all=0.5898  val_AUPR_ab=0.7226  val_AUPR_ag=0.3692  val_P@5_ab=1.0000  val_P@5_ag=0.9000  select=0.5459
  Saved checkpoint: checkpoints_old/iPara_balanced_l1_g6_i4_do0.10_dpr0.10_lr0.0002_heads16_fold9.pth  select=0.5459  val_ab=0.7226  val_ag=0.3692  val_all=0.5898
Ep012  LR0=1.84e-04  pw=5.80  aucα=0.090  token_p=0.020  dropE=(0.020,0.080)  smooth=0.010  train_loss=0.4010  train_AUPR_all=0.5930  train_AUPR_ab=0.6921  train_AUPR_ag=0.4270  train_P@5_ab=0.9500  train_P@5_ag=0.9000  val_loss=0.5057  val_AUPR_all=0.5990  val_AUPR_ab=0.7208  val_AUPR_ag=0.3965  val_P@5_ab=0.9500  val_P@5_ag=0.9500  select=0.5586
  Saved checkpoint: checkpoints_old/iPara_balanced_l1_g6_i4_do0.10_dpr0.10_lr0.0002_heads16_fold9.pth  select=0.5586  val_ab=0.7208  val_ag=0.3965  val_all=0.5990
Ep013  LR0=1.81e-04  pw=5.24  aucα=0.120  token_p=0.020  dropE=(0.020,0.080)  smooth=0.010  train_loss=0.3868  train_AUPR_all=0.6053  train_AUPR_ab=0.7041  train_AUPR_ag=0.4428  train_P@5_ab=0.9500  train_P@5_ag=0.9500  val_loss=0.5094  val_AUPR_all=0.5901  val_AUPR_ab=0.7324  val_AUPR_ag=0.3606  val_P@5_ab=1.0000  val_P@5_ag=0.9000  select=0.5465
Ep014  LR0=1.78e-04  pw=4.74  aucα=0.150  token_p=0.020  dropE=(0.020,0.080)  smooth=0.010  train_loss=0.3786  train_AUPR_all=0.6127  train_AUPR_ab=0.7096  train_AUPR_ag=0.4538  train_P@5_ab=0.9000  train_P@5_ag=1.0000  val_loss=0.4952  val_AUPR_all=0.5837  val_AUPR_ab=0.7324  val_AUPR_ag=0.3437  val_P@5_ab=1.0000  val_P@5_ag=0.9000  select=0.5380
Ep015  LR0=1.74e-04  pw=4.30  aucα=0.180  token_p=0.020  dropE=(0.020,0.080)  smooth=0.010  train_loss=0.3739  train_AUPR_all=0.6158  train_AUPR_ab=0.7119  train_AUPR_ag=0.4587  train_P@5_ab=0.8500  train_P@5_ag=0.9000  val_loss=0.4790  val_AUPR_all=0.5953  val_AUPR_ab=0.7344  val_AUPR_ag=0.3742  val_P@5_ab=0.9500  val_P@5_ag=0.9000  select=0.5543
Ep016  LR0=1.71e-04  pw=3.91  aucα=0.210  token_p=0.020  dropE=(0.020,0.080)  smooth=0.010  train_loss=0.3636  train_AUPR_all=0.6285  train_AUPR_ab=0.7180  train_AUPR_ag=0.4841  train_P@5_ab=1.0000  train_P@5_ag=0.9500  val_loss=0.4654  val_AUPR_all=0.5839  val_AUPR_ab=0.7350  val_AUPR_ag=0.3467  val_P@5_ab=1.0000  val_P@5_ag=0.7000  select=0.5409
Ep017  LR0=1.67e-04  pw=3.57  aucα=0.240  token_p=0.020  dropE=(0.020,0.080)  smooth=0.010  train_loss=0.3567  train_AUPR_all=0.6329  train_AUPR_ab=0.7254  train_AUPR_ag=0.4858  train_P@5_ab=0.9500  train_P@5_ag=0.7500  val_loss=0.4264  val_AUPR_all=0.5979  val_AUPR_ab=0.7342  val_AUPR_ag=0.3901  val_P@5_ab=0.9500  val_P@5_ag=0.8500  select=0.5621
  Saved checkpoint: checkpoints_old/iPara_balanced_l1_g6_i4_do0.10_dpr0.10_lr0.0002_heads16_fold9.pth  select=0.5621  val_ab=0.7342  val_ag=0.3901  val_all=0.5979
Ep018  LR0=1.63e-04  pw=3.27  aucα=0.270  token_p=0.020  dropE=(0.020,0.080)  smooth=0.010  train_loss=0.3495  train_AUPR_all=0.6468  train_AUPR_ab=0.7365  train_AUPR_ag=0.5046  train_P@5_ab=0.9500  train_P@5_ag=0.8500  val_loss=0.4218  val_AUPR_all=0.5987  val_AUPR_ab=0.7483  val_AUPR_ag=0.3620  val_P@5_ab=1.0000  val_P@5_ag=0.9000  select=0.5552
Ep019  LR0=1.59e-04  pw=3.00  aucα=0.300  token_p=0.020  dropE=(0.020,0.080)  smooth=0.010  train_loss=0.3423  train_AUPR_all=0.6594  train_AUPR_ab=0.7473  train_AUPR_ag=0.5209  train_P@5_ab=1.0000  train_P@5_ag=0.9000  val_loss=0.4005  val_AUPR_all=0.6064  val_AUPR_ab=0.7476  val_AUPR_ag=0.3797  val_P@5_ab=1.0000  val_P@5_ag=1.0000  select=0.5637
  Saved checkpoint: checkpoints_old/iPara_balanced_l1_g6_i4_do0.10_dpr0.10_lr0.0002_heads16_fold9.pth  select=0.5637  val_ab=0.7476  val_ag=0.3797  val_all=0.6064
Ep020  LR0=1.55e-04  pw=2.77  aucα=0.300  token_p=0.020  dropE=(0.020,0.080)  smooth=0.010  train_loss=0.3254  train_AUPR_all=0.6686  train_AUPR_ab=0.7509  train_AUPR_ag=0.5412  train_P@5_ab=1.0000  train_P@5_ag=0.9000  val_loss=0.3895  val_AUPR_all=0.5975  val_AUPR_ab=0.7540  val_AUPR_ag=0.3624  val_P@5_ab=1.0000  val_P@5_ag=0.8500  select=0.5582
Ep021  LR0=1.50e-04  pw=2.56  aucα=0.300  token_p=0.020  dropE=(0.020,0.080)  smooth=0.010  train_loss=0.3108  train_AUPR_all=0.6777  train_AUPR_ab=0.7599  train_AUPR_ag=0.5509  train_P@5_ab=1.0000  train_P@5_ag=1.0000  val_loss=0.3857  val_AUPR_all=0.6003  val_AUPR_ab=0.7571  val_AUPR_ag=0.3542  val_P@5_ab=0.9500  val_P@5_ag=0.9000  select=0.5556
Ep022  LR0=1.46e-04  pw=2.38  aucα=0.300  token_p=0.020  dropE=(0.020,0.080)  smooth=0.010  train_loss=0.2937  train_AUPR_all=0.6902  train_AUPR_ab=0.7666  train_AUPR_ag=0.5747  train_P@5_ab=1.0000  train_P@5_ag=1.0000  val_loss=0.3884  val_AUPR_all=0.5934  val_AUPR_ab=0.7625  val_AUPR_ag=0.3706  val_P@5_ab=1.0000  val_P@5_ag=0.9500  select=0.5666
  Saved checkpoint: checkpoints_old/iPara_balanced_l1_g6_i4_do0.10_dpr0.10_lr0.0002_heads16_fold9.pth  select=0.5666  val_ab=0.7625  val_ag=0.3706  val_all=0.5934
Ep023  LR0=1.41e-04  pw=2.21  aucα=0.300  token_p=0.020  dropE=(0.020,0.080)  smooth=0.010  train_loss=0.2795  train_AUPR_all=0.7011  train_AUPR_ab=0.7712  train_AUPR_ag=0.5965  train_P@5_ab=1.0000  train_P@5_ag=1.0000  val_loss=0.3653  val_AUPR_all=0.6000  val_AUPR_ab=0.7598  val_AUPR_ag=0.3720  val_P@5_ab=1.0000  val_P@5_ag=0.8500  select=0.5659
Ep024  LR0=1.36e-04  pw=2.07  aucα=0.300  token_p=0.020  dropE=(0.020,0.080)  smooth=0.010  train_loss=0.2673  train_AUPR_all=0.7082  train_AUPR_ab=0.7751  train_AUPR_ag=0.6083  train_P@5_ab=1.0000  train_P@5_ag=0.9000  val_loss=0.3581  val_AUPR_all=0.6047  val_AUPR_ab=0.7630  val_AUPR_ag=0.3686  val_P@5_ab=1.0000  val_P@5_ag=0.9000  select=0.5658
Ep025  LR0=1.31e-04  pw=1.95  aucα=0.300  token_p=0.020  dropE=(0.020,0.080)  smooth=0.010  train_loss=0.2555  train_AUPR_all=0.7200  train_AUPR_ab=0.7823  train_AUPR_ag=0.6285  train_P@5_ab=1.0000  train_P@5_ag=0.8500  val_loss=0.3550  val_AUPR_all=0.6011  val_AUPR_ab=0.7642  val_AUPR_ag=0.3521  val_P@5_ab=1.0000  val_P@5_ag=0.9000  select=0.5581
Ep026  LR0=1.26e-04  pw=1.83  aucα=0.300  token_p=0.020  dropE=(0.020,0.080)  smooth=0.010  train_loss=0.2401  train_AUPR_all=0.7398  train_AUPR_ab=0.8025  train_AUPR_ag=0.6476  train_P@5_ab=1.0000  train_P@5_ag=0.9500  val_loss=0.3458  val_AUPR_all=0.6103  val_AUPR_ab=0.7688  val_AUPR_ag=0.3604  val_P@5_ab=1.0000  val_P@5_ag=0.9000  select=0.5646
Ep027  LR0=1.21e-04  pw=1.74  aucα=0.300  token_p=0.020  dropE=(0.020,0.080)  smooth=0.010  train_loss=0.2316  train_AUPR_all=0.7430  train_AUPR_ab=0.8004  train_AUPR_ag=0.6589  train_P@5_ab=1.0000  train_P@5_ag=1.0000  val_loss=0.3593  val_AUPR_all=0.5868  val_AUPR_ab=0.7554  val_AUPR_ag=0.3600  val_P@5_ab=1.0000  val_P@5_ag=0.8500  select=0.5577
Ep028  LR0=1.16e-04  pw=1.65  aucα=0.300  token_p=0.020  dropE=(0.020,0.080)  smooth=0.010  train_loss=0.2203  train_AUPR_all=0.7555  train_AUPR_ab=0.8070  train_AUPR_ag=0.6813  train_P@5_ab=1.0000  train_P@5_ag=1.0000  val_loss=0.3354  val_AUPR_all=0.6087  val_AUPR_ab=0.7711  val_AUPR_ag=0.3848  val_P@5_ab=1.0000  val_P@5_ag=1.0000  select=0.5780
  Saved checkpoint: checkpoints_old/iPara_balanced_l1_g6_i4_do0.10_dpr0.10_lr0.0002_heads16_fold9.pth  select=0.5780  val_ab=0.7711  val_ag=0.3848  val_all=0.6087
Ep029  LR0=1.11e-04  pw=1.57  aucα=0.300  token_p=0.020  dropE=(0.020,0.080)  smooth=0.010  train_loss=0.2138  train_AUPR_all=0.7612  train_AUPR_ab=0.8130  train_AUPR_ag=0.6862  train_P@5_ab=1.0000  train_P@5_ag=0.9500  val_loss=0.3298  val_AUPR_all=0.6074  val_AUPR_ab=0.7703  val_AUPR_ag=0.3750  val_P@5_ab=1.0000  val_P@5_ag=0.9500  select=0.5727
Ep030  LR0=1.05e-04  pw=1.51  aucα=0.300  token_p=0.020  dropE=(0.020,0.080)  smooth=0.010  train_loss=0.2045  train_AUPR_all=0.7720  train_AUPR_ab=0.8181  train_AUPR_ag=0.7066  train_P@5_ab=1.0000  train_P@5_ag=1.0000  val_loss=0.3370  val_AUPR_all=0.6080  val_AUPR_ab=0.7659  val_AUPR_ag=0.3751  val_P@5_ab=1.0000  val_P@5_ag=1.0000  select=0.5705
Ep031  LR0=1.00e-04  pw=1.45  aucα=0.300  token_p=0.020  dropE=(0.020,0.080)  smooth=0.010  train_loss=0.1997  train_AUPR_all=0.7752  train_AUPR_ab=0.8218  train_AUPR_ag=0.7086  train_P@5_ab=1.0000  train_P@5_ag=1.0000  val_loss=0.3279  val_AUPR_all=0.5951  val_AUPR_ab=0.7621  val_AUPR_ag=0.3652  val_P@5_ab=1.0000  val_P@5_ag=0.9000  select=0.5636
Ep032  LR0=9.50e-05  pw=1.39  aucα=0.300  token_p=0.020  dropE=(0.020,0.080)  smooth=0.010  train_loss=0.1886  train_AUPR_all=0.7914  train_AUPR_ab=0.8356  train_AUPR_ag=0.7282  train_P@5_ab=0.9500  train_P@5_ag=0.9500  val_loss=0.3404  val_AUPR_all=0.5906  val_AUPR_ab=0.7542  val_AUPR_ag=0.3710  val_P@5_ab=0.9500  val_P@5_ag=0.9500  select=0.5626
Ep033  LR0=8.98e-05  pw=1.35  aucα=0.300  token_p=0.020  dropE=(0.020,0.080)  smooth=0.010  train_loss=0.1815  train_AUPR_all=0.7993  train_AUPR_ab=0.8391  train_AUPR_ag=0.7430  train_P@5_ab=1.0000  train_P@5_ag=1.0000  val_loss=0.3319  val_AUPR_all=0.5963  val_AUPR_ab=0.7571  val_AUPR_ag=0.3776  val_P@5_ab=0.9500  val_P@5_ag=0.9500  select=0.5674
Ep034  LR0=8.46e-05  pw=1.31  aucα=0.300  token_p=0.020  dropE=(0.020,0.080)  smooth=0.010  train_loss=0.1754  train_AUPR_all=0.8074  train_AUPR_ab=0.8436  train_AUPR_ag=0.7567  train_P@5_ab=1.0000  train_P@5_ag=1.0000  val_loss=0.3266  val_AUPR_all=0.6021  val_AUPR_ab=0.7711  val_AUPR_ag=0.3627  val_P@5_ab=0.9500  val_P@5_ag=0.9000  select=0.5669
Ep035  LR0=7.95e-05  pw=1.27  aucα=0.300  token_p=0.020  dropE=(0.020,0.080)  smooth=0.010  train_loss=0.1715  train_AUPR_all=0.8108  train_AUPR_ab=0.8483  train_AUPR_ag=0.7576  train_P@5_ab=0.9500  train_P@5_ag=1.0000  val_loss=0.3391  val_AUPR_all=0.5942  val_AUPR_ab=0.7644  val_AUPR_ag=0.3603  val_P@5_ab=1.0000  val_P@5_ag=0.8000  select=0.5623
Ep036  LR0=7.44e-05  pw=1.24  aucα=0.300  token_p=0.020  dropE=(0.020,0.080)  smooth=0.010  train_loss=0.1656  train_AUPR_all=0.8191  train_AUPR_ab=0.8536  train_AUPR_ag=0.7709  train_P@5_ab=1.0000  train_P@5_ag=1.0000  val_loss=0.3495  val_AUPR_all=0.5831  val_AUPR_ab=0.7630  val_AUPR_ag=0.3412  val_P@5_ab=1.0000  val_P@5_ag=0.7500  select=0.5521
Ep037  LR0=6.94e-05  pw=1.21  aucα=0.300  token_p=0.020  dropE=(0.020,0.080)  smooth=0.010  train_loss=0.1578  train_AUPR_all=0.8311  train_AUPR_ab=0.8641  train_AUPR_ag=0.7844  train_P@5_ab=1.0000  train_P@5_ag=0.9500  val_loss=0.3303  val_AUPR_all=0.5895  val_AUPR_ab=0.7577  val_AUPR_ag=0.3590  val_P@5_ab=0.9000  val_P@5_ag=0.8500  select=0.5584
Ep038  LR0=6.45e-05  pw=1.19  aucα=0.300  token_p=0.020  dropE=(0.020,0.080)  smooth=0.010  train_loss=0.1537  train_AUPR_all=0.8366  train_AUPR_ab=0.8681  train_AUPR_ag=0.7923  train_P@5_ab=1.0000  train_P@5_ag=0.9000  val_loss=0.3357  val_AUPR_all=0.5863  val_AUPR_ab=0.7527  val_AUPR_ag=0.3627  val_P@5_ab=0.9500  val_P@5_ag=0.8500  select=0.5577
Ep039  LR0=5.97e-05  pw=1.16  aucα=0.300  token_p=0.020  dropE=(0.020,0.080)  smooth=0.010  train_loss=0.1528  train_AUPR_all=0.8365  train_AUPR_ab=0.8690  train_AUPR_ag=0.7907  train_P@5_ab=0.9000  train_P@5_ag=1.0000  val_loss=0.3225  val_AUPR_all=0.5903  val_AUPR_ab=0.7532  val_AUPR_ag=0.3715  val_P@5_ab=1.0000  val_P@5_ag=0.8500  select=0.5623
Ep040  LR0=5.50e-05  pw=1.15  aucα=0.300  token_p=0.020  dropE=(0.020,0.080)  smooth=0.010  train_loss=0.1462  train_AUPR_all=0.8471  train_AUPR_ab=0.8805  train_AUPR_ag=0.7994  train_P@5_ab=1.0000  train_P@5_ag=1.0000  val_loss=0.3331  val_AUPR_all=0.5879  val_AUPR_ab=0.7505  val_AUPR_ag=0.3709  val_P@5_ab=0.9000  val_P@5_ag=0.8000  select=0.5607
Ep041  LR0=5.04e-05  pw=1.13  aucα=0.300  token_p=0.020  dropE=(0.020,0.080)  smooth=0.010  train_loss=0.1465  train_AUPR_all=0.8463  train_AUPR_ab=0.8775  train_AUPR_ag=0.8024  train_P@5_ab=1.0000  train_P@5_ag=1.0000  val_loss=0.3370  val_AUPR_all=0.5828  val_AUPR_ab=0.7503  val_AUPR_ag=0.3584  val_P@5_ab=0.9500  val_P@5_ag=0.7500  select=0.5543
Ep042  LR0=4.59e-05  pw=1.11  aucα=0.300  token_p=0.020  dropE=(0.020,0.080)  smooth=0.010  train_loss=0.1423  train_AUPR_all=0.8506  train_AUPR_ab=0.8805  train_AUPR_ag=0.8083  train_P@5_ab=1.0000  train_P@5_ag=1.0000  val_loss=0.3387  val_AUPR_all=0.5843  val_AUPR_ab=0.7552  val_AUPR_ag=0.3569  val_P@5_ab=1.0000  val_P@5_ag=0.7000  select=0.5561
Ep043  LR0=4.16e-05  pw=1.10  aucα=0.300  token_p=0.020  dropE=(0.020,0.080)  smooth=0.010  train_loss=0.1354  train_AUPR_all=0.8634  train_AUPR_ab=0.8933  train_AUPR_ag=0.8210  train_P@5_ab=1.0000  train_P@5_ag=1.0000  val_loss=0.3269  val_AUPR_all=0.5802  val_AUPR_ab=0.7460  val_AUPR_ag=0.3531  val_P@5_ab=0.8000  val_P@5_ag=0.8500  select=0.5496
Ep044  LR0=3.75e-05  pw=1.09  aucα=0.300  token_p=0.020  dropE=(0.020,0.080)  smooth=0.010  train_loss=0.1337  train_AUPR_all=0.8656  train_AUPR_ab=0.8956  train_AUPR_ag=0.8225  train_P@5_ab=1.0000  train_P@5_ag=1.0000  val_loss=0.3303  val_AUPR_all=0.5755  val_AUPR_ab=0.7388  val_AUPR_ag=0.3463  val_P@5_ab=0.9000  val_P@5_ag=0.8000  select=0.5425
Ep045  LR0=3.35e-05  pw=1.08  aucα=0.300  token_p=0.020  dropE=(0.020,0.080)  smooth=0.010  train_loss=0.1347  train_AUPR_all=0.8615  train_AUPR_ab=0.8897  train_AUPR_ag=0.8216  train_P@5_ab=1.0000  train_P@5_ag=1.0000  val_loss=0.3229  val_AUPR_all=0.5868  val_AUPR_ab=0.7494  val_AUPR_ag=0.3549  val_P@5_ab=0.9000  val_P@5_ag=0.7500  select=0.5521
Ep046  LR0=2.97e-05  pw=1.07  aucα=0.300  token_p=0.020  dropE=(0.020,0.080)  smooth=0.010  train_loss=0.1280  train_AUPR_all=0.8723  train_AUPR_ab=0.9005  train_AUPR_ag=0.8317  train_P@5_ab=1.0000  train_P@5_ag=1.0000  val_loss=0.3416  val_AUPR_all=0.5764  val_AUPR_ab=0.7532  val_AUPR_ag=0.3436  val_P@5_ab=0.8500  val_P@5_ag=0.6500  select=0.5484
Ep047  LR0=2.61e-05  pw=1.06  aucα=0.300  token_p=0.020  dropE=(0.020,0.080)  smooth=0.010  train_loss=0.1275  train_AUPR_all=0.8740  train_AUPR_ab=0.9012  train_AUPR_ag=0.8353  train_P@5_ab=1.0000  train_P@5_ag=1.0000  val_loss=0.3296  val_AUPR_all=0.5916  val_AUPR_ab=0.7592  val_AUPR_ag=0.3526  val_P@5_ab=0.8500  val_P@5_ag=0.6000  select=0.5559
Ep048  LR0=2.27e-05  pw=1.05  aucα=0.300  token_p=0.020  dropE=(0.020,0.080)  smooth=0.010  train_loss=0.1278  train_AUPR_all=0.8724  train_AUPR_ab=0.9009  train_AUPR_ag=0.8316  train_P@5_ab=1.0000  train_P@5_ag=1.0000  val_loss=0.3332  val_AUPR_all=0.5792  val_AUPR_ab=0.7502  val_AUPR_ag=0.3517  val_P@5_ab=0.9000  val_P@5_ag=0.6500  select=0.5509
Early stopping at epoch 48. Best select=0.5780 at epoch 28.
Final saved checkpoint for fold 9: checkpoints_old/iPara_balanced_l1_g6_i4_do0.10_dpr0.10_lr0.0002_heads16_fold9.pth
Best select=0.5780 at epoch 28

==========================================================================================
Fold 10/10
==========================================================================================
Train labels: valid=450659, pos=29940, neg=420719, ignore=786141, pos_frac=0.06644
Val labels: valid=49533, pos=3290, neg=46243, ignore=86467, pos_frac=0.06642
Initializing ClassificationModel with 6 GAT layers and residual connections...
Initializing MCModel with 6 GAT layers and 4 row attention layers (drop_path_rate=0.1)
Initializing CoreModel with 1 layers, drop_path_rate=0.1
Ep001  LR0=2.00e-04  pw=20.00  aucα=0.000  token_p=0.020  dropE=(0.020,0.080)  smooth=0.010  train_loss=1.0832  train_AUPR_all=0.2122  train_AUPR_ab=0.2504  train_AUPR_ag=0.1580  train_P@5_ab=0.0500  train_P@5_ag=0.2500  val_loss=0.9910  val_AUPR_all=0.4614  val_AUPR_ab=0.5678  val_AUPR_ag=0.2934  val_P@5_ab=0.9000  val_P@5_ag=0.9000  select=0.4306
  Saved checkpoint: checkpoints_old/iPara_balanced_l1_g6_i4_do0.10_dpr0.10_lr0.0002_heads16_fold10.pth  select=0.4306  val_ab=0.5678  val_ag=0.2934  val_all=0.4614
Ep002  LR0=2.00e-04  pw=17.77  aucα=0.000  token_p=0.020  dropE=(0.020,0.080)  smooth=0.010  train_loss=0.7802  train_AUPR_all=0.4032  train_AUPR_ab=0.4849  train_AUPR_ag=0.2623  train_P@5_ab=0.4500  train_P@5_ag=0.6500  val_loss=0.9012  val_AUPR_all=0.4679  val_AUPR_ab=0.6213  val_AUPR_ag=0.2832  val_P@5_ab=0.7500  val_P@5_ag=0.7000  select=0.4523
  Saved checkpoint: checkpoints_old/iPara_balanced_l1_g6_i4_do0.10_dpr0.10_lr0.0002_heads16_fold10.pth  select=0.4523  val_ab=0.6213  val_ag=0.2832  val_all=0.4679
Ep003  LR0=1.99e-04  pw=15.80  aucα=0.000  token_p=0.020  dropE=(0.020,0.080)  smooth=0.010  train_loss=0.6828  train_AUPR_all=0.4657  train_AUPR_ab=0.5435  train_AUPR_ag=0.3216  train_P@5_ab=0.7500  train_P@5_ag=0.9000  val_loss=0.8512  val_AUPR_all=0.5022  val_AUPR_ab=0.6384  val_AUPR_ag=0.3053  val_P@5_ab=0.8000  val_P@5_ag=0.7000  select=0.4718
  Saved checkpoint: checkpoints_old/iPara_balanced_l1_g6_i4_do0.10_dpr0.10_lr0.0002_heads16_fold10.pth  select=0.4718  val_ab=0.6384  val_ag=0.3053  val_all=0.5022
Ep004  LR0=1.99e-04  pw=14.06  aucα=0.000  token_p=0.020  dropE=(0.020,0.080)  smooth=0.010  train_loss=0.6271  train_AUPR_all=0.4901  train_AUPR_ab=0.5730  train_AUPR_ag=0.3359  train_P@5_ab=0.7000  train_P@5_ag=0.8500  val_loss=0.8639  val_AUPR_all=0.4903  val_AUPR_ab=0.6345  val_AUPR_ag=0.3090  val_P@5_ab=0.8000  val_P@5_ag=0.7500  select=0.4718
Unfreezing DyM parameters.
Ep005  LR0=1.98e-04  pw=12.52  aucα=0.000  token_p=0.020  dropE=(0.020,0.080)  smooth=0.010  train_loss=0.5888  train_AUPR_all=0.5120  train_AUPR_ab=0.5996  train_AUPR_ag=0.3494  train_P@5_ab=0.8000  train_P@5_ag=1.0000  val_loss=0.7670  val_AUPR_all=0.5548  val_AUPR_ab=0.6910  val_AUPR_ag=0.3444  val_P@5_ab=1.0000  val_P@5_ag=0.9500  select=0.5177
  Saved checkpoint: checkpoints_old/iPara_balanced_l1_g6_i4_do0.10_dpr0.10_lr0.0002_heads16_fold10.pth  select=0.5177  val_ab=0.6910  val_ag=0.3444  val_all=0.5548
Ep006  LR0=1.97e-04  pw=11.17  aucα=0.000  token_p=0.020  dropE=(0.020,0.080)  smooth=0.010  train_loss=0.5414  train_AUPR_all=0.5245  train_AUPR_ab=0.6161  train_AUPR_ag=0.3602  train_P@5_ab=0.9000  train_P@5_ag=0.8500  val_loss=0.7338  val_AUPR_all=0.5508  val_AUPR_ab=0.6891  val_AUPR_ag=0.3265  val_P@5_ab=0.9500  val_P@5_ag=0.9500  select=0.5078
Ep007  LR0=1.95e-04  pw=9.97  aucα=0.000  token_p=0.020  dropE=(0.020,0.080)  smooth=0.010  train_loss=0.5047  train_AUPR_all=0.5377  train_AUPR_ab=0.6343  train_AUPR_ag=0.3656  train_P@5_ab=0.9000  train_P@5_ag=1.0000  val_loss=0.6859  val_AUPR_all=0.5515  val_AUPR_ab=0.6976  val_AUPR_ag=0.3307  val_P@5_ab=0.9000  val_P@5_ag=0.9500  select=0.5141
Ep008  LR0=1.93e-04  pw=8.92  aucα=0.000  token_p=0.020  dropE=(0.020,0.080)  smooth=0.010  train_loss=0.4671  train_AUPR_all=0.5568  train_AUPR_ab=0.6640  train_AUPR_ag=0.3701  train_P@5_ab=0.9000  train_P@5_ag=0.8000  val_loss=0.6629  val_AUPR_all=0.5723  val_AUPR_ab=0.7234  val_AUPR_ag=0.3384  val_P@5_ab=1.0000  val_P@5_ag=0.9000  select=0.5309
  Saved checkpoint: checkpoints_old/iPara_balanced_l1_g6_i4_do0.10_dpr0.10_lr0.0002_heads16_fold10.pth  select=0.5309  val_ab=0.7234  val_ag=0.3384  val_all=0.5723
Ep009  LR0=1.91e-04  pw=7.99  aucα=0.000  token_p=0.020  dropE=(0.020,0.080)  smooth=0.010  train_loss=0.4404  train_AUPR_all=0.5630  train_AUPR_ab=0.6659  train_AUPR_ag=0.3829  train_P@5_ab=0.9000  train_P@5_ag=1.0000  val_loss=0.6147  val_AUPR_all=0.5752  val_AUPR_ab=0.7170  val_AUPR_ag=0.3556  val_P@5_ab=0.9000  val_P@5_ag=0.9500  select=0.5363
  Saved checkpoint: checkpoints_old/iPara_balanced_l1_g6_i4_do0.10_dpr0.10_lr0.0002_heads16_fold10.pth  select=0.5363  val_ab=0.7170  val_ag=0.3556  val_all=0.5752
Ep010  LR0=1.89e-04  pw=7.17  aucα=0.030  token_p=0.020  dropE=(0.020,0.080)  smooth=0.010  train_loss=0.4253  train_AUPR_all=0.5699  train_AUPR_ab=0.6705  train_AUPR_ag=0.3945  train_P@5_ab=0.9500  train_P@5_ag=1.0000  val_loss=0.5772  val_AUPR_all=0.5804  val_AUPR_ab=0.7298  val_AUPR_ag=0.3378  val_P@5_ab=1.0000  val_P@5_ag=0.9000  select=0.5338
Ep011  LR0=1.87e-04  pw=6.44  aucα=0.060  token_p=0.020  dropE=(0.020,0.080)  smooth=0.010  train_loss=0.4151  train_AUPR_all=0.5848  train_AUPR_ab=0.6913  train_AUPR_ag=0.4046  train_P@5_ab=0.9500  train_P@5_ag=1.0000  val_loss=0.5731  val_AUPR_all=0.5772  val_AUPR_ab=0.7432  val_AUPR_ag=0.3088  val_P@5_ab=1.0000  val_P@5_ag=0.9500  select=0.5260
Ep012  LR0=1.84e-04  pw=5.80  aucα=0.090  token_p=0.020  dropE=(0.020,0.080)  smooth=0.010  train_loss=0.4037  train_AUPR_all=0.5938  train_AUPR_ab=0.6991  train_AUPR_ag=0.4167  train_P@5_ab=0.9500  train_P@5_ag=0.9000  val_loss=0.5385  val_AUPR_all=0.5874  val_AUPR_ab=0.7370  val_AUPR_ag=0.3661  val_P@5_ab=1.0000  val_P@5_ag=0.9000  select=0.5516
  Saved checkpoint: checkpoints_old/iPara_balanced_l1_g6_i4_do0.10_dpr0.10_lr0.0002_heads16_fold10.pth  select=0.5516  val_ab=0.7370  val_ag=0.3661  val_all=0.5874
Ep013  LR0=1.81e-04  pw=5.24  aucα=0.120  token_p=0.020  dropE=(0.020,0.080)  smooth=0.010  train_loss=0.3895  train_AUPR_all=0.6070  train_AUPR_ab=0.7107  train_AUPR_ag=0.4339  train_P@5_ab=0.9500  train_P@5_ag=1.0000  val_loss=0.5247  val_AUPR_all=0.5868  val_AUPR_ab=0.7375  val_AUPR_ag=0.3628  val_P@5_ab=1.0000  val_P@5_ag=0.8500  select=0.5502
Ep014  LR0=1.78e-04  pw=4.74  aucα=0.150  token_p=0.020  dropE=(0.020,0.080)  smooth=0.010  train_loss=0.3813  train_AUPR_all=0.6128  train_AUPR_ab=0.7183  train_AUPR_ag=0.4352  train_P@5_ab=0.9500  train_P@5_ag=1.0000  val_loss=0.4956  val_AUPR_all=0.5855  val_AUPR_ab=0.7412  val_AUPR_ag=0.3390  val_P@5_ab=1.0000  val_P@5_ag=0.9500  select=0.5401
Ep015  LR0=1.74e-04  pw=4.30  aucα=0.180  token_p=0.020  dropE=(0.020,0.080)  smooth=0.010  train_loss=0.3717  train_AUPR_all=0.6237  train_AUPR_ab=0.7233  train_AUPR_ag=0.4577  train_P@5_ab=0.9500  train_P@5_ag=1.0000  val_loss=0.4869  val_AUPR_all=0.5998  val_AUPR_ab=0.7541  val_AUPR_ag=0.3595  val_P@5_ab=1.0000  val_P@5_ag=1.0000  select=0.5568
  Saved checkpoint: checkpoints_old/iPara_balanced_l1_g6_i4_do0.10_dpr0.10_lr0.0002_heads16_fold10.pth  select=0.5568  val_ab=0.7541  val_ag=0.3595  val_all=0.5998
Ep016  LR0=1.71e-04  pw=3.91  aucα=0.210  token_p=0.020  dropE=(0.020,0.080)  smooth=0.010  train_loss=0.3652  train_AUPR_all=0.6307  train_AUPR_ab=0.7309  train_AUPR_ag=0.4667  train_P@5_ab=1.0000  train_P@5_ag=0.9500  val_loss=0.4416  val_AUPR_all=0.6079  val_AUPR_ab=0.7537  val_AUPR_ag=0.3816  val_P@5_ab=0.9500  val_P@5_ag=0.9000  select=0.5677
  Saved checkpoint: checkpoints_old/iPara_balanced_l1_g6_i4_do0.10_dpr0.10_lr0.0002_heads16_fold10.pth  select=0.5677  val_ab=0.7537  val_ag=0.3816  val_all=0.6079
Ep017  LR0=1.67e-04  pw=3.57  aucα=0.240  token_p=0.020  dropE=(0.020,0.080)  smooth=0.010  train_loss=0.3575  train_AUPR_all=0.6379  train_AUPR_ab=0.7341  train_AUPR_ag=0.4812  train_P@5_ab=1.0000  train_P@5_ag=1.0000  val_loss=0.4368  val_AUPR_all=0.6010  val_AUPR_ab=0.7568  val_AUPR_ag=0.3645  val_P@5_ab=1.0000  val_P@5_ag=0.8500  select=0.5606
Ep018  LR0=1.63e-04  pw=3.27  aucα=0.270  token_p=0.020  dropE=(0.020,0.080)  smooth=0.010  train_loss=0.3535  train_AUPR_all=0.6414  train_AUPR_ab=0.7377  train_AUPR_ag=0.4831  train_P@5_ab=1.0000  train_P@5_ag=1.0000  val_loss=0.4203  val_AUPR_all=0.6093  val_AUPR_ab=0.7620  val_AUPR_ag=0.3695  val_P@5_ab=1.0000  val_P@5_ag=0.9500  select=0.5657
Ep019  LR0=1.59e-04  pw=3.00  aucα=0.300  token_p=0.020  dropE=(0.020,0.080)  smooth=0.010  train_loss=0.3475  train_AUPR_all=0.6515  train_AUPR_ab=0.7420  train_AUPR_ag=0.5065  train_P@5_ab=0.9000  train_P@5_ag=0.9000  val_loss=0.4099  val_AUPR_all=0.6026  val_AUPR_ab=0.7623  val_AUPR_ag=0.3714  val_P@5_ab=1.0000  val_P@5_ag=0.9000  select=0.5669
Ep020  LR0=1.55e-04  pw=2.77  aucα=0.300  token_p=0.020  dropE=(0.020,0.080)  smooth=0.010  train_loss=0.3298  train_AUPR_all=0.6624  train_AUPR_ab=0.7522  train_AUPR_ag=0.5180  train_P@5_ab=0.9000  train_P@5_ag=1.0000  val_loss=0.4080  val_AUPR_all=0.5970  val_AUPR_ab=0.7610  val_AUPR_ag=0.3627  val_P@5_ab=1.0000  val_P@5_ag=0.8500  select=0.5619
Ep021  LR0=1.50e-04  pw=2.56  aucα=0.300  token_p=0.020  dropE=(0.020,0.080)  smooth=0.010  train_loss=0.3105  train_AUPR_all=0.6781  train_AUPR_ab=0.7639  train_AUPR_ag=0.5439  train_P@5_ab=1.0000  train_P@5_ag=0.9000  val_loss=0.3793  val_AUPR_all=0.6128  val_AUPR_ab=0.7657  val_AUPR_ag=0.3778  val_P@5_ab=1.0000  val_P@5_ag=0.9000  select=0.5718
  Saved checkpoint: checkpoints_old/iPara_balanced_l1_g6_i4_do0.10_dpr0.10_lr0.0002_heads16_fold10.pth  select=0.5718  val_ab=0.7657  val_ag=0.3778  val_all=0.6128
Ep022  LR0=1.46e-04  pw=2.38  aucα=0.300  token_p=0.020  dropE=(0.020,0.080)  smooth=0.010  train_loss=0.2948  train_AUPR_all=0.6901  train_AUPR_ab=0.7719  train_AUPR_ag=0.5633  train_P@5_ab=1.0000  train_P@5_ag=0.9500  val_loss=0.3802  val_AUPR_all=0.6149  val_AUPR_ab=0.7768  val_AUPR_ag=0.3824  val_P@5_ab=0.9500  val_P@5_ag=0.8500  select=0.5796
  Saved checkpoint: checkpoints_old/iPara_balanced_l1_g6_i4_do0.10_dpr0.10_lr0.0002_heads16_fold10.pth  select=0.5796  val_ab=0.7768  val_ag=0.3824  val_all=0.6149
Ep023  LR0=1.41e-04  pw=2.21  aucα=0.300  token_p=0.020  dropE=(0.020,0.080)  smooth=0.010  train_loss=0.2833  train_AUPR_all=0.6964  train_AUPR_ab=0.7761  train_AUPR_ag=0.5732  train_P@5_ab=1.0000  train_P@5_ag=1.0000  val_loss=0.3762  val_AUPR_all=0.6122  val_AUPR_ab=0.7719  val_AUPR_ag=0.3898  val_P@5_ab=0.9500  val_P@5_ag=0.9000  select=0.5809
  Saved checkpoint: checkpoints_old/iPara_balanced_l1_g6_i4_do0.10_dpr0.10_lr0.0002_heads16_fold10.pth  select=0.5809  val_ab=0.7719  val_ag=0.3898  val_all=0.6122
Ep024  LR0=1.36e-04  pw=2.07  aucα=0.300  token_p=0.020  dropE=(0.020,0.080)  smooth=0.010  train_loss=0.2693  train_AUPR_all=0.7087  train_AUPR_ab=0.7863  train_AUPR_ag=0.5895  train_P@5_ab=1.0000  train_P@5_ag=0.9500  val_loss=0.3729  val_AUPR_all=0.6193  val_AUPR_ab=0.7749  val_AUPR_ag=0.3955  val_P@5_ab=0.9500  val_P@5_ag=0.9500  select=0.5852
  Saved checkpoint: checkpoints_old/iPara_balanced_l1_g6_i4_do0.10_dpr0.10_lr0.0002_heads16_fold10.pth  select=0.5852  val_ab=0.7749  val_ag=0.3955  val_all=0.6193
Ep025  LR0=1.31e-04  pw=1.95  aucα=0.300  token_p=0.020  dropE=(0.020,0.080)  smooth=0.010  train_loss=0.2567  train_AUPR_all=0.7175  train_AUPR_ab=0.7861  train_AUPR_ag=0.6140  train_P@5_ab=0.9000  train_P@5_ag=1.0000  val_loss=0.3670  val_AUPR_all=0.6095  val_AUPR_ab=0.7600  val_AUPR_ag=0.3984  val_P@5_ab=0.9500  val_P@5_ag=0.9500  select=0.5792
Ep026  LR0=1.26e-04  pw=1.83  aucα=0.300  token_p=0.020  dropE=(0.020,0.080)  smooth=0.010  train_loss=0.2435  train_AUPR_all=0.7336  train_AUPR_ab=0.8002  train_AUPR_ag=0.6338  train_P@5_ab=1.0000  train_P@5_ag=0.9500  val_loss=0.3484  val_AUPR_all=0.6175  val_AUPR_ab=0.7777  val_AUPR_ag=0.3864  val_P@5_ab=0.9500  val_P@5_ag=0.9500  select=0.5821
Ep027  LR0=1.21e-04  pw=1.74  aucα=0.300  token_p=0.020  dropE=(0.020,0.080)  smooth=0.010  train_loss=0.2365  train_AUPR_all=0.7357  train_AUPR_ab=0.7999  train_AUPR_ag=0.6400  train_P@5_ab=1.0000  train_P@5_ag=1.0000  val_loss=0.3543  val_AUPR_all=0.6158  val_AUPR_ab=0.7758  val_AUPR_ag=0.3886  val_P@5_ab=0.9500  val_P@5_ag=0.9500  select=0.5822
Ep028  LR0=1.16e-04  pw=1.65  aucα=0.300  token_p=0.020  dropE=(0.020,0.080)  smooth=0.010  train_loss=0.2212  train_AUPR_all=0.7550  train_AUPR_ab=0.8123  train_AUPR_ag=0.6707  train_P@5_ab=1.0000  train_P@5_ag=1.0000  val_loss=0.3595  val_AUPR_all=0.6105  val_AUPR_ab=0.7777  val_AUPR_ag=0.3813  val_P@5_ab=0.9500  val_P@5_ag=0.9500  select=0.5795
Ep029  LR0=1.11e-04  pw=1.57  aucα=0.300  token_p=0.020  dropE=(0.020,0.080)  smooth=0.010  train_loss=0.2178  train_AUPR_all=0.7541  train_AUPR_ab=0.8109  train_AUPR_ag=0.6706  train_P@5_ab=0.9500  train_P@5_ag=1.0000  val_loss=0.3393  val_AUPR_all=0.6155  val_AUPR_ab=0.7702  val_AUPR_ag=0.3958  val_P@5_ab=0.9500  val_P@5_ag=0.9500  select=0.5830
Ep030  LR0=1.05e-04  pw=1.51  aucα=0.300  token_p=0.020  dropE=(0.020,0.080)  smooth=0.010  train_loss=0.2077  train_AUPR_all=0.7662  train_AUPR_ab=0.8201  train_AUPR_ag=0.6870  train_P@5_ab=0.9500  train_P@5_ag=1.0000  val_loss=0.3583  val_AUPR_all=0.5862  val_AUPR_ab=0.7615  val_AUPR_ag=0.3763  val_P@5_ab=1.0000  val_P@5_ag=0.9500  select=0.5689
Ep031  LR0=1.00e-04  pw=1.45  aucα=0.300  token_p=0.020  dropE=(0.020,0.080)  smooth=0.010  train_loss=0.2019  train_AUPR_all=0.7732  train_AUPR_ab=0.8235  train_AUPR_ag=0.7000  train_P@5_ab=1.0000  train_P@5_ag=1.0000  val_loss=0.3333  val_AUPR_all=0.6045  val_AUPR_ab=0.7706  val_AUPR_ag=0.3903  val_P@5_ab=1.0000  val_P@5_ag=1.0000  select=0.5804
Ep032  LR0=9.50e-05  pw=1.39  aucα=0.300  token_p=0.020  dropE=(0.020,0.080)  smooth=0.010  train_loss=0.1887  train_AUPR_all=0.7915  train_AUPR_ab=0.8371  train_AUPR_ag=0.7257  train_P@5_ab=1.0000  train_P@5_ag=1.0000  val_loss=0.3242  val_AUPR_all=0.6178  val_AUPR_ab=0.7777  val_AUPR_ag=0.4005  val_P@5_ab=0.9500  val_P@5_ag=1.0000  select=0.5891
  Saved checkpoint: checkpoints_old/iPara_balanced_l1_g6_i4_do0.10_dpr0.10_lr0.0002_heads16_fold10.pth  select=0.5891  val_ab=0.7777  val_ag=0.4005  val_all=0.6178
Ep033  LR0=8.98e-05  pw=1.35  aucα=0.300  token_p=0.020  dropE=(0.020,0.080)  smooth=0.010  train_loss=0.1874  train_AUPR_all=0.7906  train_AUPR_ab=0.8368  train_AUPR_ag=0.7238  train_P@5_ab=1.0000  train_P@5_ag=1.0000  val_loss=0.3377  val_AUPR_all=0.6086  val_AUPR_ab=0.7712  val_AUPR_ag=0.4022  val_P@5_ab=0.9500  val_P@5_ag=1.0000  select=0.5867
Ep034  LR0=8.46e-05  pw=1.31  aucα=0.300  token_p=0.020  dropE=(0.020,0.080)  smooth=0.010  train_loss=0.1807  train_AUPR_all=0.7968  train_AUPR_ab=0.8425  train_AUPR_ag=0.7304  train_P@5_ab=1.0000  train_P@5_ag=1.0000  val_loss=0.3214  val_AUPR_all=0.6188  val_AUPR_ab=0.7706  val_AUPR_ag=0.4125  val_P@5_ab=1.0000  val_P@5_ag=0.9000  select=0.5916
  Saved checkpoint: checkpoints_old/iPara_balanced_l1_g6_i4_do0.10_dpr0.10_lr0.0002_heads16_fold10.pth  select=0.5916  val_ab=0.7706  val_ag=0.4125  val_all=0.6188
Ep035  LR0=7.95e-05  pw=1.27  aucα=0.300  token_p=0.020  dropE=(0.020,0.080)  smooth=0.010  train_loss=0.1740  train_AUPR_all=0.8076  train_AUPR_ab=0.8489  train_AUPR_ag=0.7480  train_P@5_ab=1.0000  train_P@5_ag=1.0000  val_loss=0.3294  val_AUPR_all=0.5967  val_AUPR_ab=0.7672  val_AUPR_ag=0.3800  val_P@5_ab=1.0000  val_P@5_ag=1.0000  select=0.5736
Ep036  LR0=7.44e-05  pw=1.24  aucα=0.300  token_p=0.020  dropE=(0.020,0.080)  smooth=0.010  train_loss=0.1683  train_AUPR_all=0.8141  train_AUPR_ab=0.8525  train_AUPR_ag=0.7590  train_P@5_ab=0.9500  train_P@5_ag=1.0000  val_loss=0.3211  val_AUPR_all=0.6126  val_AUPR_ab=0.7735  val_AUPR_ag=0.3959  val_P@5_ab=0.9500  val_P@5_ag=0.9500  select=0.5847
Ep037  LR0=6.94e-05  pw=1.21  aucα=0.300  token_p=0.020  dropE=(0.020,0.080)  smooth=0.010  train_loss=0.1641  train_AUPR_all=0.8203  train_AUPR_ab=0.8580  train_AUPR_ag=0.7664  train_P@5_ab=0.9500  train_P@5_ag=0.9500  val_loss=0.3320  val_AUPR_all=0.6037  val_AUPR_ab=0.7723  val_AUPR_ag=0.3941  val_P@5_ab=0.9000  val_P@5_ag=0.8500  select=0.5832
Ep038  LR0=6.45e-05  pw=1.19  aucα=0.300  token_p=0.020  dropE=(0.020,0.080)  smooth=0.010  train_loss=0.1586  train_AUPR_all=0.8285  train_AUPR_ab=0.8671  train_AUPR_ag=0.7727  train_P@5_ab=1.0000  train_P@5_ag=1.0000  val_loss=0.3231  val_AUPR_all=0.6088  val_AUPR_ab=0.7720  val_AUPR_ag=0.3943  val_P@5_ab=0.9000  val_P@5_ag=0.9500  select=0.5832
Ep039  LR0=5.97e-05  pw=1.16  aucα=0.300  token_p=0.020  dropE=(0.020,0.080)  smooth=0.010  train_loss=0.1545  train_AUPR_all=0.8337  train_AUPR_ab=0.8717  train_AUPR_ag=0.7786  train_P@5_ab=0.9500  train_P@5_ag=1.0000  val_loss=0.3236  val_AUPR_all=0.6056  val_AUPR_ab=0.7698  val_AUPR_ag=0.3979  val_P@5_ab=0.9000  val_P@5_ag=0.9000  select=0.5838
Ep040  LR0=5.50e-05  pw=1.15  aucα=0.300  token_p=0.020  dropE=(0.020,0.080)  smooth=0.010  train_loss=0.1510  train_AUPR_all=0.8392  train_AUPR_ab=0.8751  train_AUPR_ag=0.7873  train_P@5_ab=1.0000  train_P@5_ag=0.9500  val_loss=0.3270  val_AUPR_all=0.5991  val_AUPR_ab=0.7723  val_AUPR_ag=0.3902  val_P@5_ab=0.9500  val_P@5_ag=0.9000  select=0.5813
Ep041  LR0=5.04e-05  pw=1.13  aucα=0.300  token_p=0.020  dropE=(0.020,0.080)  smooth=0.010  train_loss=0.1496  train_AUPR_all=0.8402  train_AUPR_ab=0.8752  train_AUPR_ag=0.7897  train_P@5_ab=1.0000  train_P@5_ag=1.0000  val_loss=0.3295  val_AUPR_all=0.6033  val_AUPR_ab=0.7703  val_AUPR_ag=0.3914  val_P@5_ab=0.9000  val_P@5_ag=0.9000  select=0.5809
Ep042  LR0=4.59e-05  pw=1.11  aucα=0.300  token_p=0.020  dropE=(0.020,0.080)  smooth=0.010  train_loss=0.1403  train_AUPR_all=0.8546  train_AUPR_ab=0.8872  train_AUPR_ag=0.8074  train_P@5_ab=1.0000  train_P@5_ag=1.0000  val_loss=0.3243  val_AUPR_all=0.5964  val_AUPR_ab=0.7649  val_AUPR_ag=0.3942  val_P@5_ab=1.0000  val_P@5_ag=0.8000  select=0.5795
Ep043  LR0=4.16e-05  pw=1.10  aucα=0.300  token_p=0.020  dropE=(0.020,0.080)  smooth=0.010  train_loss=0.1389  train_AUPR_all=0.8576  train_AUPR_ab=0.8908  train_AUPR_ag=0.8094  train_P@5_ab=1.0000  train_P@5_ag=1.0000  val_loss=0.3220  val_AUPR_all=0.5976  val_AUPR_ab=0.7710  val_AUPR_ag=0.3861  val_P@5_ab=0.9000  val_P@5_ag=0.8500  select=0.5786
Ep044  LR0=3.75e-05  pw=1.09  aucα=0.300  token_p=0.020  dropE=(0.020,0.080)  smooth=0.010  train_loss=0.1378  train_AUPR_all=0.8583  train_AUPR_ab=0.8894  train_AUPR_ag=0.8137  train_P@5_ab=1.0000  train_P@5_ag=1.0000  val_loss=0.3219  val_AUPR_all=0.5978  val_AUPR_ab=0.7673  val_AUPR_ag=0.3839  val_P@5_ab=0.9500  val_P@5_ag=0.9000  select=0.5756
Ep045  LR0=3.35e-05  pw=1.08  aucα=0.300  token_p=0.020  dropE=(0.020,0.080)  smooth=0.010  train_loss=0.1357  train_AUPR_all=0.8590  train_AUPR_ab=0.8917  train_AUPR_ag=0.8116  train_P@5_ab=1.0000  train_P@5_ag=1.0000  val_loss=0.3350  val_AUPR_all=0.5911  val_AUPR_ab=0.7636  val_AUPR_ag=0.3820  val_P@5_ab=0.8500  val_P@5_ag=0.8500  select=0.5728
Ep046  LR0=2.97e-05  pw=1.07  aucα=0.300  token_p=0.020  dropE=(0.020,0.080)  smooth=0.010  train_loss=0.1319  train_AUPR_all=0.8668  train_AUPR_ab=0.8971  train_AUPR_ag=0.8230  train_P@5_ab=1.0000  train_P@5_ag=0.9500  val_loss=0.3226  val_AUPR_all=0.6002  val_AUPR_ab=0.7672  val_AUPR_ag=0.3972  val_P@5_ab=1.0000  val_P@5_ag=0.9000  select=0.5822
Ep047  LR0=2.61e-05  pw=1.06  aucα=0.300  token_p=0.020  dropE=(0.020,0.080)  smooth=0.010  train_loss=0.1297  train_AUPR_all=0.8700  train_AUPR_ab=0.8992  train_AUPR_ag=0.8279  train_P@5_ab=0.9500  train_P@5_ag=0.9500  val_loss=0.3187  val_AUPR_all=0.5978  val_AUPR_ab=0.7564  val_AUPR_ag=0.3918  val_P@5_ab=0.8000  val_P@5_ag=0.8000  select=0.5741
Ep048  LR0=2.27e-05  pw=1.05  aucα=0.300  token_p=0.020  dropE=(0.020,0.080)  smooth=0.010  train_loss=0.1255  train_AUPR_all=0.8768  train_AUPR_ab=0.9039  train_AUPR_ag=0.8377  train_P@5_ab=1.0000  train_P@5_ag=1.0000  val_loss=0.3270  val_AUPR_all=0.5968  val_AUPR_ab=0.7591  val_AUPR_ag=0.3958  val_P@5_ab=0.9000  val_P@5_ag=0.7500  select=0.5774
Ep049  LR0=1.96e-05  pw=1.05  aucα=0.300  token_p=0.020  dropE=(0.020,0.080)  smooth=0.010  train_loss=0.1241  train_AUPR_all=0.8773  train_AUPR_ab=0.9076  train_AUPR_ag=0.8326  train_P@5_ab=0.9500  train_P@5_ag=1.0000  val_loss=0.3258  val_AUPR_all=0.5980  val_AUPR_ab=0.7590  val_AUPR_ag=0.3882  val_P@5_ab=0.8500  val_P@5_ag=0.9000  select=0.5736
Ep050  LR0=1.66e-05  pw=1.04  aucα=0.300  token_p=0.020  dropE=(0.020,0.080)  smooth=0.010  train_loss=0.1239  train_AUPR_all=0.8783  train_AUPR_ab=0.9059  train_AUPR_ag=0.8382  train_P@5_ab=1.0000  train_P@5_ag=1.0000  val_loss=0.3257  val_AUPR_all=0.5909  val_AUPR_ab=0.7613  val_AUPR_ag=0.3827  val_P@5_ab=0.8500  val_P@5_ag=0.8500  select=0.5720
Ep051  LR0=1.39e-05  pw=1.04  aucα=0.300  token_p=0.020  dropE=(0.020,0.080)  smooth=0.010  train_loss=0.1210  train_AUPR_all=0.8825  train_AUPR_ab=0.9089  train_AUPR_ag=0.8443  train_P@5_ab=1.0000  train_P@5_ag=1.0000  val_loss=0.3310  val_AUPR_all=0.5948  val_AUPR_ab=0.7582  val_AUPR_ag=0.3905  val_P@5_ab=0.8000  val_P@5_ag=0.8500  select=0.5744
Ep052  LR0=1.14e-05  pw=1.03  aucα=0.300  token_p=0.020  dropE=(0.020,0.080)  smooth=0.010  train_loss=0.1213  train_AUPR_all=0.8812  train_AUPR_ab=0.9080  train_AUPR_ag=0.8426  train_P@5_ab=1.0000  train_P@5_ag=0.9500  val_loss=0.3238  val_AUPR_all=0.5944  val_AUPR_ab=0.7537  val_AUPR_ag=0.3938  val_P@5_ab=0.7500  val_P@5_ag=0.9500  select=0.5737
Ep053  LR0=9.12e-06  pw=1.03  aucα=0.300  token_p=0.020  dropE=(0.020,0.080)  smooth=0.010  train_loss=0.1186  train_AUPR_all=0.8864  train_AUPR_ab=0.9140  train_AUPR_ag=0.8460  train_P@5_ab=1.0000  train_P@5_ag=0.9500  val_loss=0.3290  val_AUPR_all=0.5937  val_AUPR_ab=0.7556  val_AUPR_ag=0.3889  val_P@5_ab=0.8500  val_P@5_ag=0.8500  select=0.5723
Ep054  LR0=7.13e-06  pw=1.03  aucα=0.300  token_p=0.020  dropE=(0.020,0.080)  smooth=0.010  train_loss=0.1217  train_AUPR_all=0.8806  train_AUPR_ab=0.9083  train_AUPR_ag=0.8399  train_P@5_ab=0.9500  train_P@5_ag=1.0000  val_loss=0.3250  val_AUPR_all=0.5943  val_AUPR_ab=0.7566  val_AUPR_ag=0.3888  val_P@5_ab=0.9000  val_P@5_ag=0.7000  select=0.5727
Early stopping at epoch 54. Best select=0.5916 at epoch 34.
Final saved checkpoint for fold 10: checkpoints_old/iPara_balanced_l1_g6_i4_do0.10_dpr0.10_lr0.0002_heads16_fold10.pth
Best select=0.5916 at epoch 34
