Device: cuda
Visible GPUs: 1
GPU 0: NVIDIA RTX PRO 6000 Blackwell Server Edition
Config:
  sequence_file: para_tv_esmsequences_1600.npz
  data_file: para_tv_esminterfaces_1600.npz
  edge_file: para_tv_esmedges_1600.npz
  seq_len: 1600
  vocab_size: 31
  num_classes: 2
  pad_id: 1
  eoc_id: 24
  embed_dim: 256
  num_heads: 16
  num_layers: 1
  num_gnn_layers: 8
  num_int_layers: 4
  dropout: 0.1
  drop_path_rate: 0.1
  batch_size: 4
  num_epochs: 80
  warmup_epochs: 10
  min_stop_epoch: 45
  early_stop: 20
  learning_rate: 0.0002
  weight_decay: 0.0001
  max_grad_norm: 0.5
  accum_steps: 1
  amp: True
  weight_start: 8.0
  weight_end: 1.0
  weight_anneal_tau: 10.0
  dropedge_min: 0.02
  dropedge_max: 0.08
  token_drop_p: 0.02
  smooth_lambda: 0.01
  aucpr_alpha: 0.3
  aucpr_ramp_start: 10
  aucpr_ramp_len: 10
  aucpr_bins: 64
  aucpr_temp: 0.05
  antibody_loss_weight: 1.0
  antigen_loss_weight: 1.0
  n_splits: 5
  num_workers: 0
  select_ab_weight: 0.5
  select_ag_weight: 0.5
Dataset size: 858

==========================================================================================
Fold 1/5
==========================================================================================
Train labels: valid=399467, pos=26433, neg=373034, ignore=698133, pos_frac=0.06617
Val labels: valid=100725, pos=6797, neg=93928, ignore=174475, pos_frac=0.06748
Initializing ClassificationModel with 8 GAT layers and residual connections...
Initializing MCModel with 8 GAT layers and 4 row attention layers (drop_path_rate=0.1)
Initializing CoreModel with 1 layers, drop_path_rate=0.1
Ep001  LR0=2.00e-04  pw=8.00  aucα=0.000  token_p=0.020  dropE=(0.020,0.080)  smooth=0.010  train_loss=0.6520  train_AUPR_all=0.3239  train_AUPR_ab=0.3988  train_AUPR_ag=0.2283  train_P@5_ab=0.7000  train_P@5_ag=0.9000  val_loss=0.7230  val_AUPR_all=0.4646  val_AUPR_ab=0.5683  val_AUPR_ag=0.3073  val_P@5_ab=0.7500  val_P@5_ag=0.8000  select=0.4378
  Saved checkpoint: checkpoints_balanced/iPara_balanced_l1_g8_i4_do0.10_dpr0.10_lr0.0002_heads16_fold1.pth  select=0.4378  val_ab=0.5683  val_ag=0.3073  val_all=0.4646
Ep002  LR0=2.00e-04  pw=7.33  aucα=0.000  token_p=0.020  dropE=(0.020,0.080)  smooth=0.010  train_loss=0.4958  train_AUPR_all=0.4498  train_AUPR_ab=0.5395  train_AUPR_ag=0.2999  train_P@5_ab=0.6500  train_P@5_ag=0.8500  val_loss=0.6766  val_AUPR_all=0.4944  val_AUPR_ab=0.6047  val_AUPR_ag=0.3260  val_P@5_ab=0.8500  val_P@5_ag=0.9000  select=0.4654
  Saved checkpoint: checkpoints_balanced/iPara_balanced_l1_g8_i4_do0.10_dpr0.10_lr0.0002_heads16_fold1.pth  select=0.4654  val_ab=0.6047  val_ag=0.3260  val_all=0.4944
Ep003  LR0=2.00e-04  pw=6.73  aucα=0.000  token_p=0.020  dropE=(0.020,0.080)  smooth=0.010  train_loss=0.4465  train_AUPR_all=0.4927  train_AUPR_ab=0.5820  train_AUPR_ag=0.3323  train_P@5_ab=0.9500  train_P@5_ag=0.9500  val_loss=0.6526  val_AUPR_all=0.5133  val_AUPR_ab=0.6242  val_AUPR_ag=0.3303  val_P@5_ab=0.7500  val_P@5_ag=1.0000  select=0.4772
  Saved checkpoint: checkpoints_balanced/iPara_balanced_l1_g8_i4_do0.10_dpr0.10_lr0.0002_heads16_fold1.pth  select=0.4772  val_ab=0.6242  val_ag=0.3303  val_all=0.5133
Ep004  LR0=1.99e-04  pw=6.19  aucα=0.000  token_p=0.020  dropE=(0.020,0.080)  smooth=0.010  train_loss=0.4132  train_AUPR_all=0.5190  train_AUPR_ab=0.6061  train_AUPR_ag=0.3572  train_P@5_ab=0.6000  train_P@5_ag=0.8000  val_loss=0.6137  val_AUPR_all=0.5180  val_AUPR_ab=0.6352  val_AUPR_ag=0.3426  val_P@5_ab=0.9000  val_P@5_ag=0.9000  select=0.4889
  Saved checkpoint: checkpoints_balanced/iPara_balanced_l1_g8_i4_do0.10_dpr0.10_lr0.0002_heads16_fold1.pth  select=0.4889  val_ab=0.6352  val_ag=0.3426  val_all=0.5180
Ep005  LR0=1.99e-04  pw=5.69  aucα=0.000  token_p=0.020  dropE=(0.020,0.080)  smooth=0.010  train_loss=0.3878  train_AUPR_all=0.5311  train_AUPR_ab=0.6294  train_AUPR_ag=0.3614  train_P@5_ab=0.9000  train_P@5_ag=0.8000  val_loss=0.5675  val_AUPR_all=0.5533  val_AUPR_ab=0.6710  val_AUPR_ag=0.3648  val_P@5_ab=1.0000  val_P@5_ag=1.0000  select=0.5179
  Saved checkpoint: checkpoints_balanced/iPara_balanced_l1_g8_i4_do0.10_dpr0.10_lr0.0002_heads16_fold1.pth  select=0.5179  val_ab=0.6710  val_ag=0.3648  val_all=0.5533
Ep006  LR0=1.98e-04  pw=5.25  aucα=0.000  token_p=0.020  dropE=(0.020,0.080)  smooth=0.010  train_loss=0.3626  train_AUPR_all=0.5502  train_AUPR_ab=0.6472  train_AUPR_ag=0.3818  train_P@5_ab=0.9000  train_P@5_ag=1.0000  val_loss=0.5643  val_AUPR_all=0.5435  val_AUPR_ab=0.6657  val_AUPR_ag=0.3481  val_P@5_ab=0.9500  val_P@5_ag=1.0000  select=0.5069
Ep007  LR0=1.97e-04  pw=4.84  aucα=0.000  token_p=0.020  dropE=(0.020,0.080)  smooth=0.010  train_loss=0.3371  train_AUPR_all=0.5659  train_AUPR_ab=0.6653  train_AUPR_ag=0.3953  train_P@5_ab=0.8500  train_P@5_ag=0.9000  val_loss=0.5209  val_AUPR_all=0.5615  val_AUPR_ab=0.6735  val_AUPR_ag=0.3826  val_P@5_ab=1.0000  val_P@5_ag=0.9500  select=0.5280
  Saved checkpoint: checkpoints_balanced/iPara_balanced_l1_g8_i4_do0.10_dpr0.10_lr0.0002_heads16_fold1.pth  select=0.5280  val_ab=0.6735  val_ag=0.3826  val_all=0.5615
Ep008  LR0=1.96e-04  pw=4.48  aucα=0.000  token_p=0.020  dropE=(0.020,0.080)  smooth=0.010  train_loss=0.3174  train_AUPR_all=0.5718  train_AUPR_ab=0.6685  train_AUPR_ag=0.4056  train_P@5_ab=0.8500  train_P@5_ag=0.9000  val_loss=0.4942  val_AUPR_all=0.5732  val_AUPR_ab=0.7057  val_AUPR_ag=0.3665  val_P@5_ab=1.0000  val_P@5_ag=1.0000  select=0.5361
  Saved checkpoint: checkpoints_balanced/iPara_balanced_l1_g8_i4_do0.10_dpr0.10_lr0.0002_heads16_fold1.pth  select=0.5361  val_ab=0.7057  val_ag=0.3665  val_all=0.5732
Ep009  LR0=1.95e-04  pw=4.15  aucα=0.000  token_p=0.020  dropE=(0.020,0.080)  smooth=0.010  train_loss=0.3017  train_AUPR_all=0.5878  train_AUPR_ab=0.6902  train_AUPR_ag=0.4174  train_P@5_ab=1.0000  train_P@5_ag=0.9500  val_loss=0.4782  val_AUPR_all=0.5777  val_AUPR_ab=0.7086  val_AUPR_ag=0.3705  val_P@5_ab=1.0000  val_P@5_ag=0.9000  select=0.5395
  Saved checkpoint: checkpoints_balanced/iPara_balanced_l1_g8_i4_do0.10_dpr0.10_lr0.0002_heads16_fold1.pth  select=0.5395  val_ab=0.7086  val_ag=0.3705  val_all=0.5777
Ep010  LR0=1.94e-04  pw=3.85  aucα=0.030  token_p=0.020  dropE=(0.020,0.080)  smooth=0.010  train_loss=0.2974  train_AUPR_all=0.5974  train_AUPR_ab=0.6917  train_AUPR_ag=0.4405  train_P@5_ab=0.9500  train_P@5_ag=1.0000  val_loss=0.4633  val_AUPR_all=0.5778  val_AUPR_ab=0.7034  val_AUPR_ag=0.3885  val_P@5_ab=1.0000  val_P@5_ag=0.9500  select=0.5459
  Saved checkpoint: checkpoints_balanced/iPara_balanced_l1_g8_i4_do0.10_dpr0.10_lr0.0002_heads16_fold1.pth  select=0.5459  val_ab=0.7034  val_ag=0.3885  val_all=0.5778
Unfreezing DyM parameters.
Ep011  LR0=1.92e-04  pw=3.58  aucα=0.060  token_p=0.020  dropE=(0.020,0.080)  smooth=0.010  train_loss=0.2932  train_AUPR_all=0.6106  train_AUPR_ab=0.7103  train_AUPR_ag=0.4476  train_P@5_ab=0.9500  train_P@5_ag=0.9500  val_loss=0.4612  val_AUPR_all=0.5712  val_AUPR_ab=0.7171  val_AUPR_ag=0.3513  val_P@5_ab=1.0000  val_P@5_ag=0.9500  select=0.5342
Ep012  LR0=1.91e-04  pw=3.33  aucα=0.090  token_p=0.020  dropE=(0.020,0.080)  smooth=0.010  train_loss=0.2948  train_AUPR_all=0.6145  train_AUPR_ab=0.7125  train_AUPR_ag=0.4547  train_P@5_ab=0.9500  train_P@5_ag=1.0000  val_loss=0.4459  val_AUPR_all=0.5778  val_AUPR_ab=0.7157  val_AUPR_ag=0.3548  val_P@5_ab=0.9500  val_P@5_ag=0.9000  select=0.5352
Ep013  LR0=1.89e-04  pw=3.11  aucα=0.120  token_p=0.020  dropE=(0.020,0.080)  smooth=0.010  train_loss=0.2947  train_AUPR_all=0.6211  train_AUPR_ab=0.7170  train_AUPR_ag=0.4659  train_P@5_ab=0.8000  train_P@5_ag=1.0000  val_loss=0.4636  val_AUPR_all=0.5660  val_AUPR_ab=0.7163  val_AUPR_ag=0.3351  val_P@5_ab=0.9500  val_P@5_ag=0.7500  select=0.5257
Ep014  LR0=1.87e-04  pw=2.91  aucα=0.150  token_p=0.020  dropE=(0.020,0.080)  smooth=0.010  train_loss=0.2917  train_AUPR_all=0.6322  train_AUPR_ab=0.7265  train_AUPR_ag=0.4797  train_P@5_ab=0.8500  train_P@5_ag=1.0000  val_loss=0.4467  val_AUPR_all=0.5696  val_AUPR_ab=0.7239  val_AUPR_ag=0.3338  val_P@5_ab=1.0000  val_P@5_ag=0.8000  select=0.5289
Ep015  LR0=1.85e-04  pw=2.73  aucα=0.180  token_p=0.020  dropE=(0.020,0.080)  smooth=0.010  train_loss=0.2913  train_AUPR_all=0.6461  train_AUPR_ab=0.7401  train_AUPR_ag=0.4959  train_P@5_ab=0.9500  train_P@5_ag=0.9500  val_loss=0.4050  val_AUPR_all=0.5875  val_AUPR_ab=0.7279  val_AUPR_ag=0.3596  val_P@5_ab=1.0000  val_P@5_ag=0.9000  select=0.5437
Ep016  LR0=1.83e-04  pw=2.56  aucα=0.210  token_p=0.020  dropE=(0.020,0.080)  smooth=0.010  train_loss=0.2896  train_AUPR_all=0.6526  train_AUPR_ab=0.7412  train_AUPR_ag=0.5129  train_P@5_ab=1.0000  train_P@5_ag=0.9500  val_loss=0.4017  val_AUPR_all=0.5914  val_AUPR_ab=0.7405  val_AUPR_ag=0.3638  val_P@5_ab=1.0000  val_P@5_ag=1.0000  select=0.5521
  Saved checkpoint: checkpoints_balanced/iPara_balanced_l1_g8_i4_do0.10_dpr0.10_lr0.0002_heads16_fold1.pth  select=0.5521  val_ab=0.7405  val_ag=0.3638  val_all=0.5914
Ep017  LR0=1.81e-04  pw=2.41  aucα=0.240  token_p=0.020  dropE=(0.020,0.080)  smooth=0.010  train_loss=0.2875  train_AUPR_all=0.6662  train_AUPR_ab=0.7527  train_AUPR_ag=0.5303  train_P@5_ab=0.8500  train_P@5_ag=0.8500  val_loss=0.3847  val_AUPR_all=0.5908  val_AUPR_ab=0.7392  val_AUPR_ag=0.3669  val_P@5_ab=1.0000  val_P@5_ag=1.0000  select=0.5531
  Saved checkpoint: checkpoints_balanced/iPara_balanced_l1_g8_i4_do0.10_dpr0.10_lr0.0002_heads16_fold1.pth  select=0.5531  val_ab=0.7392  val_ag=0.3669  val_all=0.5908
Ep018  LR0=1.79e-04  pw=2.28  aucα=0.270  token_p=0.020  dropE=(0.020,0.080)  smooth=0.010  train_loss=0.2888  train_AUPR_all=0.6675  train_AUPR_ab=0.7514  train_AUPR_ag=0.5344  train_P@5_ab=0.8500  train_P@5_ag=1.0000  val_loss=0.3982  val_AUPR_all=0.5872  val_AUPR_ab=0.7360  val_AUPR_ag=0.3583  val_P@5_ab=0.9500  val_P@5_ag=1.0000  select=0.5471
Ep019  LR0=1.76e-04  pw=2.16  aucα=0.300  token_p=0.020  dropE=(0.020,0.080)  smooth=0.010  train_loss=0.2850  train_AUPR_all=0.6863  train_AUPR_ab=0.7665  train_AUPR_ag=0.5617  train_P@5_ab=0.9000  train_P@5_ag=1.0000  val_loss=0.3930  val_AUPR_all=0.5840  val_AUPR_ab=0.7430  val_AUPR_ag=0.3529  val_P@5_ab=1.0000  val_P@5_ag=0.9000  select=0.5479
Ep020  LR0=1.73e-04  pw=2.05  aucα=0.300  token_p=0.020  dropE=(0.020,0.080)  smooth=0.010  train_loss=0.2713  train_AUPR_all=0.7008  train_AUPR_ab=0.7786  train_AUPR_ag=0.5802  train_P@5_ab=0.9000  train_P@5_ag=0.9500  val_loss=0.3622  val_AUPR_all=0.5915  val_AUPR_ab=0.7342  val_AUPR_ag=0.3715  val_P@5_ab=1.0000  val_P@5_ag=1.0000  select=0.5529
Ep021  LR0=1.71e-04  pw=1.95  aucα=0.300  token_p=0.020  dropE=(0.020,0.080)  smooth=0.010  train_loss=0.2593  train_AUPR_all=0.7124  train_AUPR_ab=0.7820  train_AUPR_ag=0.6071  train_P@5_ab=1.0000  train_P@5_ag=1.0000  val_loss=0.3954  val_AUPR_all=0.5729  val_AUPR_ab=0.7382  val_AUPR_ag=0.3560  val_P@5_ab=0.9500  val_P@5_ag=0.7500  select=0.5471
Ep022  LR0=1.68e-04  pw=1.86  aucα=0.300  token_p=0.020  dropE=(0.020,0.080)  smooth=0.010  train_loss=0.2485  train_AUPR_all=0.7259  train_AUPR_ab=0.7962  train_AUPR_ag=0.6192  train_P@5_ab=1.0000  train_P@5_ag=1.0000  val_loss=0.4094  val_AUPR_all=0.5736  val_AUPR_ab=0.7275  val_AUPR_ag=0.3588  val_P@5_ab=0.9500  val_P@5_ag=0.8500  select=0.5431
Ep023  LR0=1.65e-04  pw=1.78  aucα=0.300  token_p=0.020  dropE=(0.020,0.080)  smooth=0.010  train_loss=0.2393  train_AUPR_all=0.7316  train_AUPR_ab=0.7922  train_AUPR_ag=0.6412  train_P@5_ab=0.9500  train_P@5_ag=0.9500  val_loss=0.3797  val_AUPR_all=0.5718  val_AUPR_ab=0.7336  val_AUPR_ag=0.3542  val_P@5_ab=0.9500  val_P@5_ag=0.8500  select=0.5439
Ep024  LR0=1.62e-04  pw=1.70  aucα=0.300  token_p=0.020  dropE=(0.020,0.080)  smooth=0.010  train_loss=0.2265  train_AUPR_all=0.7478  train_AUPR_ab=0.8063  train_AUPR_ag=0.6612  train_P@5_ab=0.9500  train_P@5_ag=0.9500  val_loss=0.3637  val_AUPR_all=0.5818  val_AUPR_ab=0.7305  val_AUPR_ag=0.3591  val_P@5_ab=1.0000  val_P@5_ag=1.0000  select=0.5448
Ep025  LR0=1.59e-04  pw=1.64  aucα=0.300  token_p=0.020  dropE=(0.020,0.080)  smooth=0.010  train_loss=0.2193  train_AUPR_all=0.7546  train_AUPR_ab=0.8063  train_AUPR_ag=0.6788  train_P@5_ab=1.0000  train_P@5_ag=0.9500  val_loss=0.3580  val_AUPR_all=0.5809  val_AUPR_ab=0.7404  val_AUPR_ag=0.3598  val_P@5_ab=0.9500  val_P@5_ag=0.8500  select=0.5501
Ep026  LR0=1.56e-04  pw=1.57  aucα=0.300  token_p=0.020  dropE=(0.020,0.080)  smooth=0.010  train_loss=0.2125  train_AUPR_all=0.7637  train_AUPR_ab=0.8176  train_AUPR_ag=0.6849  train_P@5_ab=1.0000  train_P@5_ag=1.0000  val_loss=0.3673  val_AUPR_all=0.5818  val_AUPR_ab=0.7363  val_AUPR_ag=0.3579  val_P@5_ab=1.0000  val_P@5_ag=0.8500  select=0.5471
Ep027  LR0=1.52e-04  pw=1.52  aucα=0.300  token_p=0.020  dropE=(0.020,0.080)  smooth=0.010  train_loss=0.2016  train_AUPR_all=0.7789  train_AUPR_ab=0.8254  train_AUPR_ag=0.7121  train_P@5_ab=1.0000  train_P@5_ag=1.0000  val_loss=0.3586  val_AUPR_all=0.5664  val_AUPR_ab=0.7332  val_AUPR_ag=0.3419  val_P@5_ab=1.0000  val_P@5_ag=0.6000  select=0.5376
Ep028  LR0=1.49e-04  pw=1.47  aucα=0.300  token_p=0.020  dropE=(0.020,0.080)  smooth=0.010  train_loss=0.1945  train_AUPR_all=0.7843  train_AUPR_ab=0.8303  train_AUPR_ag=0.7180  train_P@5_ab=1.0000  train_P@5_ag=0.9500  val_loss=0.3706  val_AUPR_all=0.5712  val_AUPR_ab=0.7486  val_AUPR_ag=0.3500  val_P@5_ab=1.0000  val_P@5_ag=0.7000  select=0.5493
Ep029  LR0=1.46e-04  pw=1.43  aucα=0.300  token_p=0.020  dropE=(0.020,0.080)  smooth=0.010  train_loss=0.1874  train_AUPR_all=0.7937  train_AUPR_ab=0.8350  train_AUPR_ag=0.7345  train_P@5_ab=0.9500  train_P@5_ag=1.0000  val_loss=0.3426  val_AUPR_all=0.5920  val_AUPR_ab=0.7499  val_AUPR_ag=0.3775  val_P@5_ab=0.9500  val_P@5_ag=0.8500  select=0.5637
  Saved checkpoint: checkpoints_balanced/iPara_balanced_l1_g8_i4_do0.10_dpr0.10_lr0.0002_heads16_fold1.pth  select=0.5637  val_ab=0.7499  val_ag=0.3775  val_all=0.5920
Ep030  LR0=1.42e-04  pw=1.39  aucα=0.300  token_p=0.020  dropE=(0.020,0.080)  smooth=0.010  train_loss=0.1796  train_AUPR_all=0.8041  train_AUPR_ab=0.8443  train_AUPR_ag=0.7466  train_P@5_ab=1.0000  train_P@5_ag=1.0000  val_loss=0.3598  val_AUPR_all=0.5773  val_AUPR_ab=0.7437  val_AUPR_ag=0.3411  val_P@5_ab=1.0000  val_P@5_ag=0.7500  select=0.5424
Ep031  LR0=1.38e-04  pw=1.35  aucα=0.300  token_p=0.020  dropE=(0.020,0.080)  smooth=0.010  train_loss=0.1758  train_AUPR_all=0.8076  train_AUPR_ab=0.8469  train_AUPR_ag=0.7516  train_P@5_ab=1.0000  train_P@5_ag=0.9500  val_loss=0.3411  val_AUPR_all=0.5863  val_AUPR_ab=0.7372  val_AUPR_ag=0.3663  val_P@5_ab=0.9500  val_P@5_ag=0.9500  select=0.5517
Ep032  LR0=1.35e-04  pw=1.32  aucα=0.300  token_p=0.020  dropE=(0.020,0.080)  smooth=0.010  train_loss=0.1679  train_AUPR_all=0.8223  train_AUPR_ab=0.8585  train_AUPR_ag=0.7708  train_P@5_ab=0.9500  train_P@5_ag=1.0000  val_loss=0.3481  val_AUPR_all=0.5836  val_AUPR_ab=0.7406  val_AUPR_ag=0.3753  val_P@5_ab=0.9000  val_P@5_ag=0.9000  select=0.5580
Ep033  LR0=1.31e-04  pw=1.29  aucα=0.300  token_p=0.020  dropE=(0.020,0.080)  smooth=0.010  train_loss=0.1584  train_AUPR_all=0.8336  train_AUPR_ab=0.8666  train_AUPR_ag=0.7866  train_P@5_ab=1.0000  train_P@5_ag=1.0000  val_loss=0.3649  val_AUPR_all=0.5693  val_AUPR_ab=0.7416  val_AUPR_ag=0.3364  val_P@5_ab=0.9000  val_P@5_ag=0.7000  select=0.5390
Ep034  LR0=1.27e-04  pw=1.26  aucα=0.300  token_p=0.020  dropE=(0.020,0.080)  smooth=0.010  train_loss=0.1576  train_AUPR_all=0.8354  train_AUPR_ab=0.8673  train_AUPR_ag=0.7905  train_P@5_ab=1.0000  train_P@5_ag=1.0000  val_loss=0.3378  val_AUPR_all=0.5876  val_AUPR_ab=0.7409  val_AUPR_ag=0.3647  val_P@5_ab=0.9500  val_P@5_ag=0.8500  select=0.5528
Ep035  LR0=1.24e-04  pw=1.23  aucα=0.300  token_p=0.020  dropE=(0.020,0.080)  smooth=0.010  train_loss=0.1524  train_AUPR_all=0.8405  train_AUPR_ab=0.8725  train_AUPR_ag=0.7949  train_P@5_ab=1.0000  train_P@5_ag=0.9500  val_loss=0.3472  val_AUPR_all=0.5755  val_AUPR_ab=0.7329  val_AUPR_ag=0.3578  val_P@5_ab=0.9500  val_P@5_ag=0.6500  select=0.5454
Ep036  LR0=1.20e-04  pw=1.21  aucα=0.300  token_p=0.020  dropE=(0.020,0.080)  smooth=0.010  train_loss=0.1479  train_AUPR_all=0.8479  train_AUPR_ab=0.8789  train_AUPR_ag=0.8038  train_P@5_ab=0.9500  train_P@5_ag=0.9500  val_loss=0.3642  val_AUPR_all=0.5606  val_AUPR_ab=0.7270  val_AUPR_ag=0.3313  val_P@5_ab=0.8500  val_P@5_ag=0.7000  select=0.5292
Ep037  LR0=1.16e-04  pw=1.19  aucα=0.300  token_p=0.020  dropE=(0.020,0.080)  smooth=0.010  train_loss=0.1392  train_AUPR_all=0.8601  train_AUPR_ab=0.8897  train_AUPR_ag=0.8178  train_P@5_ab=1.0000  train_P@5_ag=1.0000  val_loss=0.3666  val_AUPR_all=0.5640  val_AUPR_ab=0.7242  val_AUPR_ag=0.3483  val_P@5_ab=0.9000  val_P@5_ag=0.7500  select=0.5362
Ep038  LR0=1.12e-04  pw=1.17  aucα=0.300  token_p=0.020  dropE=(0.020,0.080)  smooth=0.010  train_loss=0.1350  train_AUPR_all=0.8679  train_AUPR_ab=0.9007  train_AUPR_ag=0.8199  train_P@5_ab=1.0000  train_P@5_ag=1.0000  val_loss=0.3672  val_AUPR_all=0.5613  val_AUPR_ab=0.7321  val_AUPR_ag=0.3450  val_P@5_ab=0.9500  val_P@5_ag=0.7500  select=0.5385
Ep039  LR0=1.08e-04  pw=1.16  aucα=0.300  token_p=0.020  dropE=(0.020,0.080)  smooth=0.010  train_loss=0.1329  train_AUPR_all=0.8689  train_AUPR_ab=0.8991  train_AUPR_ag=0.8250  train_P@5_ab=1.0000  train_P@5_ag=0.9500  val_loss=0.3631  val_AUPR_all=0.5684  val_AUPR_ab=0.7405  val_AUPR_ag=0.3417  val_P@5_ab=0.9000  val_P@5_ag=0.5500  select=0.5411
Ep040  LR0=1.04e-04  pw=1.14  aucα=0.300  token_p=0.020  dropE=(0.020,0.080)  smooth=0.010  train_loss=0.1272  train_AUPR_all=0.8790  train_AUPR_ab=0.9072  train_AUPR_ag=0.8381  train_P@5_ab=1.0000  train_P@5_ag=0.9500  val_loss=0.3628  val_AUPR_all=0.5570  val_AUPR_ab=0.7371  val_AUPR_ag=0.3374  val_P@5_ab=0.9500  val_P@5_ag=0.7500  select=0.5373
Ep041  LR0=1.00e-04  pw=1.13  aucα=0.300  token_p=0.020  dropE=(0.020,0.080)  smooth=0.010  train_loss=0.1217  train_AUPR_all=0.8870  train_AUPR_ab=0.9138  train_AUPR_ag=0.8480  train_P@5_ab=1.0000  train_P@5_ag=1.0000  val_loss=0.3525  val_AUPR_all=0.5719  val_AUPR_ab=0.7363  val_AUPR_ag=0.3497  val_P@5_ab=0.9000  val_P@5_ag=0.7000  select=0.5430
Ep042  LR0=9.63e-05  pw=1.12  aucα=0.300  token_p=0.020  dropE=(0.020,0.080)  smooth=0.010  train_loss=0.1201  train_AUPR_all=0.8894  train_AUPR_ab=0.9136  train_AUPR_ag=0.8547  train_P@5_ab=1.0000  train_P@5_ag=1.0000  val_loss=0.3755  val_AUPR_all=0.5641  val_AUPR_ab=0.7311  val_AUPR_ag=0.3521  val_P@5_ab=1.0000  val_P@5_ag=0.7000  select=0.5416
Ep043  LR0=9.24e-05  pw=1.10  aucα=0.300  token_p=0.020  dropE=(0.020,0.080)  smooth=0.010  train_loss=0.1140  train_AUPR_all=0.8988  train_AUPR_ab=0.9242  train_AUPR_ag=0.8620  train_P@5_ab=1.0000  train_P@5_ag=1.0000  val_loss=0.3604  val_AUPR_all=0.5672  val_AUPR_ab=0.7349  val_AUPR_ag=0.3410  val_P@5_ab=1.0000  val_P@5_ag=0.7000  select=0.5380
Ep044  LR0=8.85e-05  pw=1.09  aucα=0.300  token_p=0.020  dropE=(0.020,0.080)  smooth=0.010  train_loss=0.1151  train_AUPR_all=0.8953  train_AUPR_ab=0.9206  train_AUPR_ag=0.8585  train_P@5_ab=1.0000  train_P@5_ag=1.0000  val_loss=0.3504  val_AUPR_all=0.5731  val_AUPR_ab=0.7287  val_AUPR_ag=0.3616  val_P@5_ab=1.0000  val_P@5_ag=0.7000  select=0.5452
Ep045  LR0=8.46e-05  pw=1.09  aucα=0.300  token_p=0.020  dropE=(0.020,0.080)  smooth=0.010  train_loss=0.1074  train_AUPR_all=0.9088  train_AUPR_ab=0.9321  train_AUPR_ag=0.8748  train_P@5_ab=1.0000  train_P@5_ag=1.0000  val_loss=0.3549  val_AUPR_all=0.5687  val_AUPR_ab=0.7301  val_AUPR_ag=0.3560  val_P@5_ab=0.9500  val_P@5_ag=0.6000  select=0.5431
Ep046  LR0=8.08e-05  pw=1.08  aucα=0.300  token_p=0.020  dropE=(0.020,0.080)  smooth=0.010  train_loss=0.1077  train_AUPR_all=0.9064  train_AUPR_ab=0.9281  train_AUPR_ag=0.8748  train_P@5_ab=1.0000  train_P@5_ag=1.0000  val_loss=0.3638  val_AUPR_all=0.5628  val_AUPR_ab=0.7295  val_AUPR_ag=0.3585  val_P@5_ab=0.9500  val_P@5_ag=0.6000  select=0.5440
Ep047  LR0=7.70e-05  pw=1.07  aucα=0.300  token_p=0.020  dropE=(0.020,0.080)  smooth=0.010  train_loss=0.1025  train_AUPR_all=0.9153  train_AUPR_ab=0.9380  train_AUPR_ag=0.8816  train_P@5_ab=1.0000  train_P@5_ag=1.0000  val_loss=0.3663  val_AUPR_all=0.5610  val_AUPR_ab=0.7334  val_AUPR_ag=0.3377  val_P@5_ab=0.9500  val_P@5_ag=0.6000  select=0.5356
Ep048  LR0=7.32e-05  pw=1.06  aucα=0.300  token_p=0.020  dropE=(0.020,0.080)  smooth=0.010  train_loss=0.1004  train_AUPR_all=0.9177  train_AUPR_ab=0.9397  train_AUPR_ag=0.8848  train_P@5_ab=1.0000  train_P@5_ag=1.0000  val_loss=0.3698  val_AUPR_all=0.5683  val_AUPR_ab=0.7358  val_AUPR_ag=0.3410  val_P@5_ab=1.0000  val_P@5_ag=0.6500  select=0.5384
Ep049  LR0=6.94e-05  pw=1.06  aucα=0.300  token_p=0.020  dropE=(0.020,0.080)  smooth=0.010  train_loss=0.0968  train_AUPR_all=0.9230  train_AUPR_ab=0.9425  train_AUPR_ag=0.8944  train_P@5_ab=1.0000  train_P@5_ag=1.0000  val_loss=0.3768  val_AUPR_all=0.5506  val_AUPR_ab=0.7320  val_AUPR_ag=0.3439  val_P@5_ab=0.9500  val_P@5_ag=0.6500  select=0.5380
Early stopping at epoch 49. Best select=0.5637 at epoch 29.
Final saved checkpoint for fold 1: checkpoints_balanced/iPara_balanced_l1_g8_i4_do0.10_dpr0.10_lr0.0002_heads16_fold1.pth
Best select=0.5637 at epoch 29

==========================================================================================
Fold 2/5
==========================================================================================
Train labels: valid=400834, pos=26650, neg=374184, ignore=696766, pos_frac=0.06649
Val labels: valid=99358, pos=6580, neg=92778, ignore=175842, pos_frac=0.06623
Initializing ClassificationModel with 8 GAT layers and residual connections...
Initializing MCModel with 8 GAT layers and 4 row attention layers (drop_path_rate=0.1)
Initializing CoreModel with 1 layers, drop_path_rate=0.1
Ep001  LR0=2.00e-04  pw=8.00  aucα=0.000  token_p=0.020  dropE=(0.020,0.080)  smooth=0.010  train_loss=0.6824  train_AUPR_all=0.3161  train_AUPR_ab=0.3926  train_AUPR_ag=0.2182  train_P@5_ab=0.8000  train_P@5_ag=0.8000  val_loss=0.7021  val_AUPR_all=0.4510  val_AUPR_ab=0.5334  val_AUPR_ag=0.3145  val_P@5_ab=0.7500  val_P@5_ag=0.9500  select=0.4239
  Saved checkpoint: checkpoints_balanced/iPara_balanced_l1_g8_i4_do0.10_dpr0.10_lr0.0002_heads16_fold2.pth  select=0.4239  val_ab=0.5334  val_ag=0.3145  val_all=0.4510
Ep002  LR0=2.00e-04  pw=7.33  aucα=0.000  token_p=0.020  dropE=(0.020,0.080)  smooth=0.010  train_loss=0.5196  train_AUPR_all=0.4206  train_AUPR_ab=0.5123  train_AUPR_ag=0.2746  train_P@5_ab=0.7500  train_P@5_ag=0.8000  val_loss=0.6396  val_AUPR_all=0.4985  val_AUPR_ab=0.5947  val_AUPR_ag=0.3545  val_P@5_ab=0.8000  val_P@5_ag=0.8000  select=0.4746
  Saved checkpoint: checkpoints_balanced/iPara_balanced_l1_g8_i4_do0.10_dpr0.10_lr0.0002_heads16_fold2.pth  select=0.4746  val_ab=0.5947  val_ag=0.3545  val_all=0.4985
Ep003  LR0=2.00e-04  pw=6.73  aucα=0.000  token_p=0.020  dropE=(0.020,0.080)  smooth=0.010  train_loss=0.4502  train_AUPR_all=0.4868  train_AUPR_ab=0.5833  train_AUPR_ag=0.3234  train_P@5_ab=0.8500  train_P@5_ag=0.8000  val_loss=0.6017  val_AUPR_all=0.5032  val_AUPR_ab=0.5854  val_AUPR_ag=0.3717  val_P@5_ab=0.7500  val_P@5_ag=0.8500  select=0.4785
  Saved checkpoint: checkpoints_balanced/iPara_balanced_l1_g8_i4_do0.10_dpr0.10_lr0.0002_heads16_fold2.pth  select=0.4785  val_ab=0.5854  val_ag=0.3717  val_all=0.5032
Ep004  LR0=1.99e-04  pw=6.19  aucα=0.000  token_p=0.020  dropE=(0.020,0.080)  smooth=0.010  train_loss=0.4248  train_AUPR_all=0.5054  train_AUPR_ab=0.6039  train_AUPR_ag=0.3371  train_P@5_ab=0.9500  train_P@5_ag=1.0000  val_loss=0.5793  val_AUPR_all=0.5435  val_AUPR_ab=0.6494  val_AUPR_ag=0.3745  val_P@5_ab=0.8000  val_P@5_ag=1.0000  select=0.5120
  Saved checkpoint: checkpoints_balanced/iPara_balanced_l1_g8_i4_do0.10_dpr0.10_lr0.0002_heads16_fold2.pth  select=0.5120  val_ab=0.6494  val_ag=0.3745  val_all=0.5435
Ep005  LR0=1.99e-04  pw=5.69  aucα=0.000  token_p=0.020  dropE=(0.020,0.080)  smooth=0.010  train_loss=0.3955  train_AUPR_all=0.5230  train_AUPR_ab=0.6245  train_AUPR_ag=0.3512  train_P@5_ab=0.8500  train_P@5_ag=0.9500  val_loss=0.5563  val_AUPR_all=0.5532  val_AUPR_ab=0.6586  val_AUPR_ag=0.3720  val_P@5_ab=0.9000  val_P@5_ag=0.8000  select=0.5153
  Saved checkpoint: checkpoints_balanced/iPara_balanced_l1_g8_i4_do0.10_dpr0.10_lr0.0002_heads16_fold2.pth  select=0.5153  val_ab=0.6586  val_ag=0.3720  val_all=0.5532
Ep006  LR0=1.98e-04  pw=5.25  aucα=0.000  token_p=0.020  dropE=(0.020,0.080)  smooth=0.010  train_loss=0.3668  train_AUPR_all=0.5453  train_AUPR_ab=0.6443  train_AUPR_ag=0.3731  train_P@5_ab=0.9500  train_P@5_ag=0.9500  val_loss=0.5388  val_AUPR_all=0.5546  val_AUPR_ab=0.6516  val_AUPR_ag=0.3783  val_P@5_ab=0.7500  val_P@5_ag=0.9000  select=0.5150
Ep007  LR0=1.97e-04  pw=4.84  aucα=0.000  token_p=0.020  dropE=(0.020,0.080)  smooth=0.010  train_loss=0.3446  train_AUPR_all=0.5580  train_AUPR_ab=0.6589  train_AUPR_ag=0.3864  train_P@5_ab=1.0000  train_P@5_ag=0.9500  val_loss=0.5321  val_AUPR_all=0.5635  val_AUPR_ab=0.6737  val_AUPR_ag=0.3822  val_P@5_ab=0.9000  val_P@5_ag=0.9500  select=0.5279
  Saved checkpoint: checkpoints_balanced/iPara_balanced_l1_g8_i4_do0.10_dpr0.10_lr0.0002_heads16_fold2.pth  select=0.5279  val_ab=0.6737  val_ag=0.3822  val_all=0.5635
Ep008  LR0=1.96e-04  pw=4.48  aucα=0.000  token_p=0.020  dropE=(0.020,0.080)  smooth=0.010  train_loss=0.3258  train_AUPR_all=0.5649  train_AUPR_ab=0.6717  train_AUPR_ag=0.3887  train_P@5_ab=0.9000  train_P@5_ag=0.9000  val_loss=0.4942  val_AUPR_all=0.5690  val_AUPR_ab=0.6761  val_AUPR_ag=0.3999  val_P@5_ab=0.8500  val_P@5_ag=1.0000  select=0.5380
  Saved checkpoint: checkpoints_balanced/iPara_balanced_l1_g8_i4_do0.10_dpr0.10_lr0.0002_heads16_fold2.pth  select=0.5380  val_ab=0.6761  val_ag=0.3999  val_all=0.5690
Ep009  LR0=1.95e-04  pw=4.15  aucα=0.000  token_p=0.020  dropE=(0.020,0.080)  smooth=0.010  train_loss=0.3043  train_AUPR_all=0.5837  train_AUPR_ab=0.6899  train_AUPR_ag=0.4100  train_P@5_ab=1.0000  train_P@5_ag=1.0000  val_loss=0.4772  val_AUPR_all=0.5821  val_AUPR_ab=0.6965  val_AUPR_ag=0.3858  val_P@5_ab=0.9000  val_P@5_ag=0.9000  select=0.5411
  Saved checkpoint: checkpoints_balanced/iPara_balanced_l1_g8_i4_do0.10_dpr0.10_lr0.0002_heads16_fold2.pth  select=0.5411  val_ab=0.6965  val_ag=0.3858  val_all=0.5821
Ep010  LR0=1.94e-04  pw=3.85  aucα=0.030  token_p=0.020  dropE=(0.020,0.080)  smooth=0.010  train_loss=0.2998  train_AUPR_all=0.5971  train_AUPR_ab=0.7038  train_AUPR_ag=0.4230  train_P@5_ab=1.0000  train_P@5_ag=1.0000  val_loss=0.4879  val_AUPR_all=0.5830  val_AUPR_ab=0.7048  val_AUPR_ag=0.4023  val_P@5_ab=0.9500  val_P@5_ag=0.9000  select=0.5536
  Saved checkpoint: checkpoints_balanced/iPara_balanced_l1_g8_i4_do0.10_dpr0.10_lr0.0002_heads16_fold2.pth  select=0.5536  val_ab=0.7048  val_ag=0.4023  val_all=0.5830
Unfreezing DyM parameters.
Ep011  LR0=1.92e-04  pw=3.58  aucα=0.060  token_p=0.020  dropE=(0.020,0.080)  smooth=0.010  train_loss=0.2984  train_AUPR_all=0.6009  train_AUPR_ab=0.7044  train_AUPR_ag=0.4338  train_P@5_ab=0.9500  train_P@5_ag=0.9000  val_loss=0.4506  val_AUPR_all=0.5986  val_AUPR_ab=0.7136  val_AUPR_ag=0.4116  val_P@5_ab=0.9000  val_P@5_ag=0.8500  select=0.5626
  Saved checkpoint: checkpoints_balanced/iPara_balanced_l1_g8_i4_do0.10_dpr0.10_lr0.0002_heads16_fold2.pth  select=0.5626  val_ab=0.7136  val_ag=0.4116  val_all=0.5986
Ep012  LR0=1.91e-04  pw=3.33  aucα=0.090  token_p=0.020  dropE=(0.020,0.080)  smooth=0.010  train_loss=0.3009  train_AUPR_all=0.6045  train_AUPR_ab=0.7099  train_AUPR_ag=0.4364  train_P@5_ab=1.0000  train_P@5_ag=0.9500  val_loss=0.4249  val_AUPR_all=0.5963  val_AUPR_ab=0.7112  val_AUPR_ag=0.4103  val_P@5_ab=0.9000  val_P@5_ag=0.8500  select=0.5608
Ep013  LR0=1.89e-04  pw=3.11  aucα=0.120  token_p=0.020  dropE=(0.020,0.080)  smooth=0.010  train_loss=0.2970  train_AUPR_all=0.6151  train_AUPR_ab=0.7179  train_AUPR_ag=0.4475  train_P@5_ab=0.8000  train_P@5_ag=0.9500  val_loss=0.4121  val_AUPR_all=0.6014  val_AUPR_ab=0.7158  val_AUPR_ag=0.4068  val_P@5_ab=0.8000  val_P@5_ag=0.8500  select=0.5613
Ep014  LR0=1.87e-04  pw=2.91  aucα=0.150  token_p=0.020  dropE=(0.020,0.080)  smooth=0.010  train_loss=0.2976  train_AUPR_all=0.6258  train_AUPR_ab=0.7255  train_AUPR_ag=0.4649  train_P@5_ab=0.9500  train_P@5_ag=1.0000  val_loss=0.4020  val_AUPR_all=0.6026  val_AUPR_ab=0.7231  val_AUPR_ag=0.4057  val_P@5_ab=0.8000  val_P@5_ag=0.9500  select=0.5644
  Saved checkpoint: checkpoints_balanced/iPara_balanced_l1_g8_i4_do0.10_dpr0.10_lr0.0002_heads16_fold2.pth  select=0.5644  val_ab=0.7231  val_ag=0.4057  val_all=0.6026
Ep015  LR0=1.85e-04  pw=2.73  aucα=0.180  token_p=0.020  dropE=(0.020,0.080)  smooth=0.010  train_loss=0.2950  train_AUPR_all=0.6408  train_AUPR_ab=0.7380  train_AUPR_ag=0.4862  train_P@5_ab=0.9000  train_P@5_ag=1.0000  val_loss=0.3900  val_AUPR_all=0.6043  val_AUPR_ab=0.7197  val_AUPR_ag=0.4171  val_P@5_ab=0.9000  val_P@5_ag=0.8000  select=0.5684
  Saved checkpoint: checkpoints_balanced/iPara_balanced_l1_g8_i4_do0.10_dpr0.10_lr0.0002_heads16_fold2.pth  select=0.5684  val_ab=0.7197  val_ag=0.4171  val_all=0.6043
Ep016  LR0=1.83e-04  pw=2.56  aucα=0.210  token_p=0.020  dropE=(0.020,0.080)  smooth=0.010  train_loss=0.2930  train_AUPR_all=0.6481  train_AUPR_ab=0.7426  train_AUPR_ag=0.4974  train_P@5_ab=1.0000  train_P@5_ag=0.9000  val_loss=0.3869  val_AUPR_all=0.6030  val_AUPR_ab=0.7214  val_AUPR_ag=0.4188  val_P@5_ab=0.9000  val_P@5_ag=0.9500  select=0.5701
  Saved checkpoint: checkpoints_balanced/iPara_balanced_l1_g8_i4_do0.10_dpr0.10_lr0.0002_heads16_fold2.pth  select=0.5701  val_ab=0.7214  val_ag=0.4188  val_all=0.6030
Ep017  LR0=1.81e-04  pw=2.41  aucα=0.240  token_p=0.020  dropE=(0.020,0.080)  smooth=0.010  train_loss=0.2955  train_AUPR_all=0.6510  train_AUPR_ab=0.7406  train_AUPR_ag=0.5098  train_P@5_ab=1.0000  train_P@5_ag=0.7500  val_loss=0.3787  val_AUPR_all=0.6120  val_AUPR_ab=0.7348  val_AUPR_ag=0.4225  val_P@5_ab=0.8500  val_P@5_ag=0.9000  select=0.5786
  Saved checkpoint: checkpoints_balanced/iPara_balanced_l1_g8_i4_do0.10_dpr0.10_lr0.0002_heads16_fold2.pth  select=0.5786  val_ab=0.7348  val_ag=0.4225  val_all=0.6120
Ep018  LR0=1.79e-04  pw=2.28  aucα=0.270  token_p=0.020  dropE=(0.020,0.080)  smooth=0.010  train_loss=0.2949  train_AUPR_all=0.6647  train_AUPR_ab=0.7561  train_AUPR_ag=0.5218  train_P@5_ab=1.0000  train_P@5_ag=0.9000  val_loss=0.3631  val_AUPR_all=0.6149  val_AUPR_ab=0.7401  val_AUPR_ag=0.4219  val_P@5_ab=0.9000  val_P@5_ag=1.0000  select=0.5810
  Saved checkpoint: checkpoints_balanced/iPara_balanced_l1_g8_i4_do0.10_dpr0.10_lr0.0002_heads16_fold2.pth  select=0.5810  val_ab=0.7401  val_ag=0.4219  val_all=0.6149
Ep019  LR0=1.76e-04  pw=2.16  aucα=0.300  token_p=0.020  dropE=(0.020,0.080)  smooth=0.010  train_loss=0.2955  train_AUPR_all=0.6718  train_AUPR_ab=0.7520  train_AUPR_ag=0.5486  train_P@5_ab=1.0000  train_P@5_ag=0.9500  val_loss=0.3580  val_AUPR_all=0.6238  val_AUPR_ab=0.7419  val_AUPR_ag=0.4338  val_P@5_ab=0.9000  val_P@5_ag=1.0000  select=0.5878
  Saved checkpoint: checkpoints_balanced/iPara_balanced_l1_g8_i4_do0.10_dpr0.10_lr0.0002_heads16_fold2.pth  select=0.5878  val_ab=0.7419  val_ag=0.4338  val_all=0.6238
Ep020  LR0=1.73e-04  pw=2.05  aucα=0.300  token_p=0.020  dropE=(0.020,0.080)  smooth=0.010  train_loss=0.2785  train_AUPR_all=0.6899  train_AUPR_ab=0.7683  train_AUPR_ag=0.5716  train_P@5_ab=0.9500  train_P@5_ag=0.9500  val_loss=0.3659  val_AUPR_all=0.6018  val_AUPR_ab=0.7264  val_AUPR_ag=0.4133  val_P@5_ab=0.8000  val_P@5_ag=1.0000  select=0.5698
Ep021  LR0=1.71e-04  pw=1.95  aucα=0.300  token_p=0.020  dropE=(0.020,0.080)  smooth=0.010  train_loss=0.2705  train_AUPR_all=0.6954  train_AUPR_ab=0.7712  train_AUPR_ag=0.5811  train_P@5_ab=1.0000  train_P@5_ag=1.0000  val_loss=0.3630  val_AUPR_all=0.6136  val_AUPR_ab=0.7402  val_AUPR_ag=0.4255  val_P@5_ab=0.9000  val_P@5_ag=0.9500  select=0.5829
Ep022  LR0=1.68e-04  pw=1.86  aucα=0.300  token_p=0.020  dropE=(0.020,0.080)  smooth=0.010  train_loss=0.2568  train_AUPR_all=0.7104  train_AUPR_ab=0.7828  train_AUPR_ag=0.6026  train_P@5_ab=1.0000  train_P@5_ag=1.0000  val_loss=0.3634  val_AUPR_all=0.6118  val_AUPR_ab=0.7437  val_AUPR_ag=0.4114  val_P@5_ab=0.9500  val_P@5_ag=0.9000  select=0.5776
Ep023  LR0=1.65e-04  pw=1.78  aucα=0.300  token_p=0.020  dropE=(0.020,0.080)  smooth=0.010  train_loss=0.2474  train_AUPR_all=0.7204  train_AUPR_ab=0.7883  train_AUPR_ag=0.6211  train_P@5_ab=0.9500  train_P@5_ag=0.9500  val_loss=0.3547  val_AUPR_all=0.6179  val_AUPR_ab=0.7523  val_AUPR_ag=0.4122  val_P@5_ab=1.0000  val_P@5_ag=0.8000  select=0.5822
Ep024  LR0=1.62e-04  pw=1.70  aucα=0.300  token_p=0.020  dropE=(0.020,0.080)  smooth=0.010  train_loss=0.2327  train_AUPR_all=0.7378  train_AUPR_ab=0.7998  train_AUPR_ag=0.6469  train_P@5_ab=1.0000  train_P@5_ag=0.9500  val_loss=0.3439  val_AUPR_all=0.6088  val_AUPR_ab=0.7378  val_AUPR_ag=0.4123  val_P@5_ab=0.9500  val_P@5_ag=1.0000  select=0.5750
Ep025  LR0=1.59e-04  pw=1.64  aucα=0.300  token_p=0.020  dropE=(0.020,0.080)  smooth=0.010  train_loss=0.2260  train_AUPR_all=0.7454  train_AUPR_ab=0.8025  train_AUPR_ag=0.6631  train_P@5_ab=1.0000  train_P@5_ag=0.9500  val_loss=0.3346  val_AUPR_all=0.6052  val_AUPR_ab=0.7498  val_AUPR_ag=0.4076  val_P@5_ab=1.0000  val_P@5_ag=0.9500  select=0.5787
Ep026  LR0=1.56e-04  pw=1.57  aucα=0.300  token_p=0.020  dropE=(0.020,0.080)  smooth=0.010  train_loss=0.2204  train_AUPR_all=0.7494  train_AUPR_ab=0.8053  train_AUPR_ag=0.6690  train_P@5_ab=1.0000  train_P@5_ag=0.9500  val_loss=0.3498  val_AUPR_all=0.6083  val_AUPR_ab=0.7479  val_AUPR_ag=0.3934  val_P@5_ab=0.9000  val_P@5_ag=0.9500  select=0.5707
Ep027  LR0=1.52e-04  pw=1.52  aucα=0.300  token_p=0.020  dropE=(0.020,0.080)  smooth=0.010  train_loss=0.2117  train_AUPR_all=0.7603  train_AUPR_ab=0.8159  train_AUPR_ag=0.6807  train_P@5_ab=1.0000  train_P@5_ag=0.8500  val_loss=0.3392  val_AUPR_all=0.6111  val_AUPR_ab=0.7520  val_AUPR_ag=0.4238  val_P@5_ab=1.0000  val_P@5_ag=1.0000  select=0.5879
Ep028  LR0=1.49e-04  pw=1.47  aucα=0.300  token_p=0.020  dropE=(0.020,0.080)  smooth=0.010  train_loss=0.2024  train_AUPR_all=0.7722  train_AUPR_ab=0.8216  train_AUPR_ag=0.7017  train_P@5_ab=0.9500  train_P@5_ag=1.0000  val_loss=0.3464  val_AUPR_all=0.5933  val_AUPR_ab=0.7509  val_AUPR_ag=0.3927  val_P@5_ab=1.0000  val_P@5_ag=0.9000  select=0.5718
Ep029  LR0=1.46e-04  pw=1.43  aucα=0.300  token_p=0.020  dropE=(0.020,0.080)  smooth=0.010  train_loss=0.1916  train_AUPR_all=0.7879  train_AUPR_ab=0.8344  train_AUPR_ag=0.7218  train_P@5_ab=1.0000  train_P@5_ag=1.0000  val_loss=0.3617  val_AUPR_all=0.5844  val_AUPR_ab=0.7242  val_AUPR_ag=0.3976  val_P@5_ab=1.0000  val_P@5_ag=0.9500  select=0.5609
Ep030  LR0=1.42e-04  pw=1.39  aucα=0.300  token_p=0.020  dropE=(0.020,0.080)  smooth=0.010  train_loss=0.1866  train_AUPR_all=0.7915  train_AUPR_ab=0.8351  train_AUPR_ag=0.7298  train_P@5_ab=1.0000  train_P@5_ag=0.9500  val_loss=0.3320  val_AUPR_all=0.6099  val_AUPR_ab=0.7474  val_AUPR_ag=0.4082  val_P@5_ab=1.0000  val_P@5_ag=1.0000  select=0.5778
Ep031  LR0=1.38e-04  pw=1.35  aucα=0.300  token_p=0.020  dropE=(0.020,0.080)  smooth=0.010  train_loss=0.1795  train_AUPR_all=0.8039  train_AUPR_ab=0.8466  train_AUPR_ag=0.7435  train_P@5_ab=1.0000  train_P@5_ag=1.0000  val_loss=0.3475  val_AUPR_all=0.5931  val_AUPR_ab=0.7423  val_AUPR_ag=0.3908  val_P@5_ab=1.0000  val_P@5_ag=1.0000  select=0.5665
Ep032  LR0=1.35e-04  pw=1.32  aucα=0.300  token_p=0.020  dropE=(0.020,0.080)  smooth=0.010  train_loss=0.1757  train_AUPR_all=0.8090  train_AUPR_ab=0.8501  train_AUPR_ag=0.7513  train_P@5_ab=1.0000  train_P@5_ag=1.0000  val_loss=0.3250  val_AUPR_all=0.6003  val_AUPR_ab=0.7502  val_AUPR_ag=0.4021  val_P@5_ab=1.0000  val_P@5_ag=0.9500  select=0.5762
Ep033  LR0=1.31e-04  pw=1.29  aucα=0.300  token_p=0.020  dropE=(0.020,0.080)  smooth=0.010  train_loss=0.1701  train_AUPR_all=0.8152  train_AUPR_ab=0.8560  train_AUPR_ag=0.7571  train_P@5_ab=1.0000  train_P@5_ag=0.9500  val_loss=0.3349  val_AUPR_all=0.6036  val_AUPR_ab=0.7387  val_AUPR_ag=0.4213  val_P@5_ab=0.9500  val_P@5_ag=1.0000  select=0.5800
Ep034  LR0=1.27e-04  pw=1.26  aucα=0.300  token_p=0.020  dropE=(0.020,0.080)  smooth=0.010  train_loss=0.1625  train_AUPR_all=0.8265  train_AUPR_ab=0.8651  train_AUPR_ag=0.7719  train_P@5_ab=1.0000  train_P@5_ag=1.0000  val_loss=0.3271  val_AUPR_all=0.6100  val_AUPR_ab=0.7463  val_AUPR_ag=0.4063  val_P@5_ab=0.9500  val_P@5_ag=1.0000  select=0.5763
Ep035  LR0=1.24e-04  pw=1.23  aucα=0.300  token_p=0.020  dropE=(0.020,0.080)  smooth=0.010  train_loss=0.1546  train_AUPR_all=0.8379  train_AUPR_ab=0.8759  train_AUPR_ag=0.7833  train_P@5_ab=1.0000  train_P@5_ag=0.9500  val_loss=0.3337  val_AUPR_all=0.5938  val_AUPR_ab=0.7374  val_AUPR_ag=0.3993  val_P@5_ab=0.9000  val_P@5_ag=0.8000  select=0.5684
Ep036  LR0=1.20e-04  pw=1.21  aucα=0.300  token_p=0.020  dropE=(0.020,0.080)  smooth=0.010  train_loss=0.1521  train_AUPR_all=0.8408  train_AUPR_ab=0.8753  train_AUPR_ag=0.7920  train_P@5_ab=1.0000  train_P@5_ag=0.9500  val_loss=0.3304  val_AUPR_all=0.5971  val_AUPR_ab=0.7488  val_AUPR_ag=0.3908  val_P@5_ab=0.9500  val_P@5_ag=1.0000  select=0.5698
Ep037  LR0=1.16e-04  pw=1.19  aucα=0.300  token_p=0.020  dropE=(0.020,0.080)  smooth=0.010  train_loss=0.1462  train_AUPR_all=0.8499  train_AUPR_ab=0.8841  train_AUPR_ag=0.8017  train_P@5_ab=1.0000  train_P@5_ag=0.9500  val_loss=0.3395  val_AUPR_all=0.6057  val_AUPR_ab=0.7552  val_AUPR_ag=0.4125  val_P@5_ab=0.9000  val_P@5_ag=0.9000  select=0.5838
Ep038  LR0=1.12e-04  pw=1.17  aucα=0.300  token_p=0.020  dropE=(0.020,0.080)  smooth=0.010  train_loss=0.1446  train_AUPR_all=0.8532  train_AUPR_ab=0.8857  train_AUPR_ag=0.8077  train_P@5_ab=1.0000  train_P@5_ag=1.0000  val_loss=0.3383  val_AUPR_all=0.5887  val_AUPR_ab=0.7513  val_AUPR_ag=0.3828  val_P@5_ab=0.9000  val_P@5_ag=0.9000  select=0.5671
Ep039  LR0=1.08e-04  pw=1.16  aucα=0.300  token_p=0.020  dropE=(0.020,0.080)  smooth=0.010  train_loss=0.1403  train_AUPR_all=0.8592  train_AUPR_ab=0.8923  train_AUPR_ag=0.8125  train_P@5_ab=1.0000  train_P@5_ag=1.0000  val_loss=0.3325  val_AUPR_all=0.5922  val_AUPR_ab=0.7408  val_AUPR_ag=0.3815  val_P@5_ab=1.0000  val_P@5_ag=0.8000  select=0.5612
Ep040  LR0=1.04e-04  pw=1.14  aucα=0.300  token_p=0.020  dropE=(0.020,0.080)  smooth=0.010  train_loss=0.1356  train_AUPR_all=0.8645  train_AUPR_ab=0.8946  train_AUPR_ag=0.8223  train_P@5_ab=1.0000  train_P@5_ag=1.0000  val_loss=0.3522  val_AUPR_all=0.5835  val_AUPR_ab=0.7432  val_AUPR_ag=0.3718  val_P@5_ab=0.9000  val_P@5_ag=0.8500  select=0.5575
Ep041  LR0=1.00e-04  pw=1.13  aucα=0.300  token_p=0.020  dropE=(0.020,0.080)  smooth=0.010  train_loss=0.1282  train_AUPR_all=0.8770  train_AUPR_ab=0.9070  train_AUPR_ag=0.8342  train_P@5_ab=1.0000  train_P@5_ag=0.9500  val_loss=0.3395  val_AUPR_all=0.5985  val_AUPR_ab=0.7452  val_AUPR_ag=0.3817  val_P@5_ab=1.0000  val_P@5_ag=0.9000  select=0.5635
Ep042  LR0=9.63e-05  pw=1.12  aucα=0.300  token_p=0.020  dropE=(0.020,0.080)  smooth=0.010  train_loss=0.1244  train_AUPR_all=0.8830  train_AUPR_ab=0.9103  train_AUPR_ag=0.8444  train_P@5_ab=1.0000  train_P@5_ag=1.0000  val_loss=0.3615  val_AUPR_all=0.5725  val_AUPR_ab=0.7355  val_AUPR_ag=0.3661  val_P@5_ab=0.9500  val_P@5_ag=0.7500  select=0.5508
Ep043  LR0=9.24e-05  pw=1.10  aucα=0.300  token_p=0.020  dropE=(0.020,0.080)  smooth=0.010  train_loss=0.1229  train_AUPR_all=0.8856  train_AUPR_ab=0.9133  train_AUPR_ag=0.8460  train_P@5_ab=1.0000  train_P@5_ag=1.0000  val_loss=0.3422  val_AUPR_all=0.5834  val_AUPR_ab=0.7389  val_AUPR_ag=0.3703  val_P@5_ab=0.9000  val_P@5_ag=0.9500  select=0.5546
Ep044  LR0=8.85e-05  pw=1.09  aucα=0.300  token_p=0.020  dropE=(0.020,0.080)  smooth=0.010  train_loss=0.1203  train_AUPR_all=0.8882  train_AUPR_ab=0.9146  train_AUPR_ag=0.8509  train_P@5_ab=1.0000  train_P@5_ag=1.0000  val_loss=0.3413  val_AUPR_all=0.5815  val_AUPR_ab=0.7386  val_AUPR_ag=0.4052  val_P@5_ab=1.0000  val_P@5_ag=0.9500  select=0.5719
Ep045  LR0=8.46e-05  pw=1.09  aucα=0.300  token_p=0.020  dropE=(0.020,0.080)  smooth=0.010  train_loss=0.1149  train_AUPR_all=0.8966  train_AUPR_ab=0.9222  train_AUPR_ag=0.8597  train_P@5_ab=1.0000  train_P@5_ag=1.0000  val_loss=0.3365  val_AUPR_all=0.5904  val_AUPR_ab=0.7414  val_AUPR_ag=0.3809  val_P@5_ab=0.9500  val_P@5_ag=0.7500  select=0.5612
Early stopping at epoch 45. Best select=0.5878 at epoch 19.
Final saved checkpoint for fold 2: checkpoints_balanced/iPara_balanced_l1_g8_i4_do0.10_dpr0.10_lr0.0002_heads16_fold2.pth
Best select=0.5878 at epoch 19

==========================================================================================
Fold 3/5
==========================================================================================
Train labels: valid=401949, pos=26660, neg=375289, ignore=695651, pos_frac=0.06633
Val labels: valid=98243, pos=6570, neg=91673, ignore=176957, pos_frac=0.06687
Initializing ClassificationModel with 8 GAT layers and residual connections...
Initializing MCModel with 8 GAT layers and 4 row attention layers (drop_path_rate=0.1)
Initializing CoreModel with 1 layers, drop_path_rate=0.1
Ep001  LR0=2.00e-04  pw=8.00  aucα=0.000  token_p=0.020  dropE=(0.020,0.080)  smooth=0.010  train_loss=0.6590  train_AUPR_all=0.2639  train_AUPR_ab=0.3193  train_AUPR_ag=0.1878  train_P@5_ab=0.8000  train_P@5_ag=0.6500  val_loss=0.6924  val_AUPR_all=0.4697  val_AUPR_ab=0.5550  val_AUPR_ag=0.3344  val_P@5_ab=0.8000  val_P@5_ag=0.9500  select=0.4447
  Saved checkpoint: checkpoints_balanced/iPara_balanced_l1_g8_i4_do0.10_dpr0.10_lr0.0002_heads16_fold3.pth  select=0.4447  val_ab=0.5550  val_ag=0.3344  val_all=0.4697
Ep002  LR0=2.00e-04  pw=7.33  aucα=0.000  token_p=0.020  dropE=(0.020,0.080)  smooth=0.010  train_loss=0.4882  train_AUPR_all=0.4590  train_AUPR_ab=0.5501  train_AUPR_ag=0.3067  train_P@5_ab=0.7500  train_P@5_ag=0.7000  val_loss=0.6325  val_AUPR_all=0.5360  val_AUPR_ab=0.6338  val_AUPR_ag=0.3659  val_P@5_ab=0.9500  val_P@5_ag=0.9500  select=0.4998
  Saved checkpoint: checkpoints_balanced/iPara_balanced_l1_g8_i4_do0.10_dpr0.10_lr0.0002_heads16_fold3.pth  select=0.4998  val_ab=0.6338  val_ag=0.3659  val_all=0.5360
Ep003  LR0=2.00e-04  pw=6.73  aucα=0.000  token_p=0.020  dropE=(0.020,0.080)  smooth=0.010  train_loss=0.4491  train_AUPR_all=0.4909  train_AUPR_ab=0.5840  train_AUPR_ag=0.3280  train_P@5_ab=0.9000  train_P@5_ag=0.9000  val_loss=0.6014  val_AUPR_all=0.5259  val_AUPR_ab=0.6407  val_AUPR_ag=0.3526  val_P@5_ab=0.9000  val_P@5_ag=0.9000  select=0.4966
Ep004  LR0=1.99e-04  pw=6.19  aucα=0.000  token_p=0.020  dropE=(0.020,0.080)  smooth=0.010  train_loss=0.4183  train_AUPR_all=0.5142  train_AUPR_ab=0.6083  train_AUPR_ag=0.3471  train_P@5_ab=0.6500  train_P@5_ag=0.9500  val_loss=0.5764  val_AUPR_all=0.5408  val_AUPR_ab=0.6432  val_AUPR_ag=0.3636  val_P@5_ab=0.8500  val_P@5_ag=0.9000  select=0.5034
  Saved checkpoint: checkpoints_balanced/iPara_balanced_l1_g8_i4_do0.10_dpr0.10_lr0.0002_heads16_fold3.pth  select=0.5034  val_ab=0.6432  val_ag=0.3636  val_all=0.5408
Ep005  LR0=1.99e-04  pw=5.69  aucα=0.000  token_p=0.020  dropE=(0.020,0.080)  smooth=0.010  train_loss=0.3869  train_AUPR_all=0.5363  train_AUPR_ab=0.6326  train_AUPR_ag=0.3703  train_P@5_ab=0.8500  train_P@5_ag=0.8500  val_loss=0.5475  val_AUPR_all=0.5589  val_AUPR_ab=0.6666  val_AUPR_ag=0.3756  val_P@5_ab=0.7000  val_P@5_ag=0.8500  select=0.5211
  Saved checkpoint: checkpoints_balanced/iPara_balanced_l1_g8_i4_do0.10_dpr0.10_lr0.0002_heads16_fold3.pth  select=0.5211  val_ab=0.6666  val_ag=0.3756  val_all=0.5589
Ep006  LR0=1.98e-04  pw=5.25  aucα=0.000  token_p=0.020  dropE=(0.020,0.080)  smooth=0.010  train_loss=0.3618  train_AUPR_all=0.5506  train_AUPR_ab=0.6504  train_AUPR_ag=0.3798  train_P@5_ab=0.9500  train_P@5_ag=0.9500  val_loss=0.5259  val_AUPR_all=0.5764  val_AUPR_ab=0.6902  val_AUPR_ag=0.3876  val_P@5_ab=0.9500  val_P@5_ag=0.9500  select=0.5389
  Saved checkpoint: checkpoints_balanced/iPara_balanced_l1_g8_i4_do0.10_dpr0.10_lr0.0002_heads16_fold3.pth  select=0.5389  val_ab=0.6902  val_ag=0.3876  val_all=0.5764
Ep007  LR0=1.97e-04  pw=4.84  aucα=0.000  token_p=0.020  dropE=(0.020,0.080)  smooth=0.010  train_loss=0.3451  train_AUPR_all=0.5581  train_AUPR_ab=0.6586  train_AUPR_ag=0.3841  train_P@5_ab=1.0000  train_P@5_ag=1.0000  val_loss=0.4943  val_AUPR_all=0.5858  val_AUPR_ab=0.6964  val_AUPR_ag=0.3963  val_P@5_ab=0.8000  val_P@5_ag=0.9500  select=0.5464
  Saved checkpoint: checkpoints_balanced/iPara_balanced_l1_g8_i4_do0.10_dpr0.10_lr0.0002_heads16_fold3.pth  select=0.5464  val_ab=0.6964  val_ag=0.3963  val_all=0.5858
Ep008  LR0=1.96e-04  pw=4.48  aucα=0.000  token_p=0.020  dropE=(0.020,0.080)  smooth=0.010  train_loss=0.3214  train_AUPR_all=0.5720  train_AUPR_ab=0.6734  train_AUPR_ag=0.3989  train_P@5_ab=0.9000  train_P@5_ag=0.9000  val_loss=0.4741  val_AUPR_all=0.5892  val_AUPR_ab=0.7100  val_AUPR_ag=0.3918  val_P@5_ab=0.9500  val_P@5_ag=0.8500  select=0.5509
  Saved checkpoint: checkpoints_balanced/iPara_balanced_l1_g8_i4_do0.10_dpr0.10_lr0.0002_heads16_fold3.pth  select=0.5509  val_ab=0.7100  val_ag=0.3918  val_all=0.5892
Ep009  LR0=1.95e-04  pw=4.15  aucα=0.000  token_p=0.020  dropE=(0.020,0.080)  smooth=0.010  train_loss=0.3070  train_AUPR_all=0.5792  train_AUPR_ab=0.6856  train_AUPR_ag=0.4035  train_P@5_ab=0.8500  train_P@5_ag=0.9000  val_loss=0.4761  val_AUPR_all=0.5939  val_AUPR_ab=0.7145  val_AUPR_ag=0.4024  val_P@5_ab=1.0000  val_P@5_ag=0.9500  select=0.5584
  Saved checkpoint: checkpoints_balanced/iPara_balanced_l1_g8_i4_do0.10_dpr0.10_lr0.0002_heads16_fold3.pth  select=0.5584  val_ab=0.7145  val_ag=0.4024  val_all=0.5939
Ep010  LR0=1.94e-04  pw=3.85  aucα=0.030  token_p=0.020  dropE=(0.020,0.080)  smooth=0.010  train_loss=0.3040  train_AUPR_all=0.5923  train_AUPR_ab=0.6969  train_AUPR_ag=0.4213  train_P@5_ab=0.9500  train_P@5_ag=0.9000  val_loss=0.4367  val_AUPR_all=0.5956  val_AUPR_ab=0.7200  val_AUPR_ag=0.4077  val_P@5_ab=1.0000  val_P@5_ag=0.9000  select=0.5638
  Saved checkpoint: checkpoints_balanced/iPara_balanced_l1_g8_i4_do0.10_dpr0.10_lr0.0002_heads16_fold3.pth  select=0.5638  val_ab=0.7200  val_ag=0.4077  val_all=0.5956
Unfreezing DyM parameters.
Ep011  LR0=1.92e-04  pw=3.58  aucα=0.060  token_p=0.020  dropE=(0.020,0.080)  smooth=0.010  train_loss=0.3031  train_AUPR_all=0.5993  train_AUPR_ab=0.7004  train_AUPR_ag=0.4332  train_P@5_ab=0.9000  train_P@5_ag=0.9000  val_loss=0.4318  val_AUPR_all=0.5947  val_AUPR_ab=0.7148  val_AUPR_ag=0.4047  val_P@5_ab=1.0000  val_P@5_ag=0.8500  select=0.5598
Ep012  LR0=1.91e-04  pw=3.33  aucα=0.090  token_p=0.020  dropE=(0.020,0.080)  smooth=0.010  train_loss=0.3014  train_AUPR_all=0.6043  train_AUPR_ab=0.7007  train_AUPR_ag=0.4456  train_P@5_ab=0.9500  train_P@5_ag=1.0000  val_loss=0.4131  val_AUPR_all=0.6042  val_AUPR_ab=0.7268  val_AUPR_ag=0.4006  val_P@5_ab=1.0000  val_P@5_ag=0.9500  select=0.5637
Ep013  LR0=1.89e-04  pw=3.11  aucα=0.120  token_p=0.020  dropE=(0.020,0.080)  smooth=0.010  train_loss=0.2989  train_AUPR_all=0.6177  train_AUPR_ab=0.7154  train_AUPR_ag=0.4563  train_P@5_ab=0.9500  train_P@5_ag=0.9000  val_loss=0.4085  val_AUPR_all=0.6085  val_AUPR_ab=0.7302  val_AUPR_ag=0.4123  val_P@5_ab=1.0000  val_P@5_ag=1.0000  select=0.5713
  Saved checkpoint: checkpoints_balanced/iPara_balanced_l1_g8_i4_do0.10_dpr0.10_lr0.0002_heads16_fold3.pth  select=0.5713  val_ab=0.7302  val_ag=0.4123  val_all=0.6085
Ep014  LR0=1.87e-04  pw=2.91  aucα=0.150  token_p=0.020  dropE=(0.020,0.080)  smooth=0.010  train_loss=0.2988  train_AUPR_all=0.6279  train_AUPR_ab=0.7241  train_AUPR_ag=0.4757  train_P@5_ab=0.9500  train_P@5_ag=1.0000  val_loss=0.4133  val_AUPR_all=0.6029  val_AUPR_ab=0.7276  val_AUPR_ag=0.4009  val_P@5_ab=0.9500  val_P@5_ag=0.8000  select=0.5643
Ep015  LR0=1.85e-04  pw=2.73  aucα=0.180  token_p=0.020  dropE=(0.020,0.080)  smooth=0.010  train_loss=0.2986  train_AUPR_all=0.6344  train_AUPR_ab=0.7306  train_AUPR_ag=0.4821  train_P@5_ab=0.9000  train_P@5_ag=0.9500  val_loss=0.3852  val_AUPR_all=0.5947  val_AUPR_ab=0.7231  val_AUPR_ag=0.3883  val_P@5_ab=1.0000  val_P@5_ag=0.9000  select=0.5557
Ep016  LR0=1.83e-04  pw=2.56  aucα=0.210  token_p=0.020  dropE=(0.020,0.080)  smooth=0.010  train_loss=0.2947  train_AUPR_all=0.6498  train_AUPR_ab=0.7449  train_AUPR_ag=0.4988  train_P@5_ab=0.9000  train_P@5_ag=0.9500  val_loss=0.3959  val_AUPR_all=0.5981  val_AUPR_ab=0.7260  val_AUPR_ag=0.4127  val_P@5_ab=1.0000  val_P@5_ag=0.8500  select=0.5693
Ep017  LR0=1.81e-04  pw=2.41  aucα=0.240  token_p=0.020  dropE=(0.020,0.080)  smooth=0.010  train_loss=0.2940  train_AUPR_all=0.6561  train_AUPR_ab=0.7468  train_AUPR_ag=0.5140  train_P@5_ab=0.8500  train_P@5_ag=1.0000  val_loss=0.3819  val_AUPR_all=0.6010  val_AUPR_ab=0.7206  val_AUPR_ag=0.4093  val_P@5_ab=0.8500  val_P@5_ag=0.8000  select=0.5649
Ep018  LR0=1.79e-04  pw=2.28  aucα=0.270  token_p=0.020  dropE=(0.020,0.080)  smooth=0.010  train_loss=0.2914  train_AUPR_all=0.6677  train_AUPR_ab=0.7496  train_AUPR_ag=0.5416  train_P@5_ab=0.9500  train_P@5_ag=0.9500  val_loss=0.3546  val_AUPR_all=0.6148  val_AUPR_ab=0.7434  val_AUPR_ag=0.4134  val_P@5_ab=1.0000  val_P@5_ag=0.8500  select=0.5784
  Saved checkpoint: checkpoints_balanced/iPara_balanced_l1_g8_i4_do0.10_dpr0.10_lr0.0002_heads16_fold3.pth  select=0.5784  val_ab=0.7434  val_ag=0.4134  val_all=0.6148
Ep019  LR0=1.76e-04  pw=2.16  aucα=0.300  token_p=0.020  dropE=(0.020,0.080)  smooth=0.010  train_loss=0.2925  train_AUPR_all=0.6765  train_AUPR_ab=0.7599  train_AUPR_ag=0.5483  train_P@5_ab=0.9500  train_P@5_ag=0.9500  val_loss=0.3622  val_AUPR_all=0.6001  val_AUPR_ab=0.7382  val_AUPR_ag=0.3789  val_P@5_ab=0.9500  val_P@5_ag=0.9000  select=0.5586
Ep020  LR0=1.73e-04  pw=2.05  aucα=0.300  token_p=0.020  dropE=(0.020,0.080)  smooth=0.010  train_loss=0.2807  train_AUPR_all=0.6868  train_AUPR_ab=0.7637  train_AUPR_ag=0.5702  train_P@5_ab=0.9500  train_P@5_ag=1.0000  val_loss=0.3407  val_AUPR_all=0.6210  val_AUPR_ab=0.7487  val_AUPR_ag=0.4156  val_P@5_ab=1.0000  val_P@5_ag=0.9000  select=0.5822
  Saved checkpoint: checkpoints_balanced/iPara_balanced_l1_g8_i4_do0.10_dpr0.10_lr0.0002_heads16_fold3.pth  select=0.5822  val_ab=0.7487  val_ag=0.4156  val_all=0.6210
Ep021  LR0=1.71e-04  pw=1.95  aucα=0.300  token_p=0.020  dropE=(0.020,0.080)  smooth=0.010  train_loss=0.2662  train_AUPR_all=0.7031  train_AUPR_ab=0.7754  train_AUPR_ag=0.5943  train_P@5_ab=0.9500  train_P@5_ag=1.0000  val_loss=0.3670  val_AUPR_all=0.5902  val_AUPR_ab=0.7349  val_AUPR_ag=0.3818  val_P@5_ab=0.9500  val_P@5_ag=0.7500  select=0.5583
Ep022  LR0=1.68e-04  pw=1.86  aucα=0.300  token_p=0.020  dropE=(0.020,0.080)  smooth=0.010  train_loss=0.2578  train_AUPR_all=0.7080  train_AUPR_ab=0.7798  train_AUPR_ag=0.6011  train_P@5_ab=1.0000  train_P@5_ag=0.8000  val_loss=0.3443  val_AUPR_all=0.6062  val_AUPR_ab=0.7504  val_AUPR_ag=0.3900  val_P@5_ab=1.0000  val_P@5_ag=0.9000  select=0.5702
Ep023  LR0=1.65e-04  pw=1.78  aucα=0.300  token_p=0.020  dropE=(0.020,0.080)  smooth=0.010  train_loss=0.2461  train_AUPR_all=0.7235  train_AUPR_ab=0.7878  train_AUPR_ag=0.6285  train_P@5_ab=1.0000  train_P@5_ag=0.9500  val_loss=0.3613  val_AUPR_all=0.6042  val_AUPR_ab=0.7576  val_AUPR_ag=0.3826  val_P@5_ab=1.0000  val_P@5_ag=0.8500  select=0.5701
Ep024  LR0=1.62e-04  pw=1.70  aucα=0.300  token_p=0.020  dropE=(0.020,0.080)  smooth=0.010  train_loss=0.2309  train_AUPR_all=0.7416  train_AUPR_ab=0.8021  train_AUPR_ag=0.6523  train_P@5_ab=0.9000  train_P@5_ag=0.9500  val_loss=0.3453  val_AUPR_all=0.5965  val_AUPR_ab=0.7487  val_AUPR_ag=0.3746  val_P@5_ab=1.0000  val_P@5_ag=0.9500  select=0.5617
Ep025  LR0=1.59e-04  pw=1.64  aucα=0.300  token_p=0.020  dropE=(0.020,0.080)  smooth=0.010  train_loss=0.2263  train_AUPR_all=0.7444  train_AUPR_ab=0.7993  train_AUPR_ag=0.6644  train_P@5_ab=1.0000  train_P@5_ag=1.0000  val_loss=0.3398  val_AUPR_all=0.5997  val_AUPR_ab=0.7557  val_AUPR_ag=0.3816  val_P@5_ab=1.0000  val_P@5_ag=0.7500  select=0.5687
Ep026  LR0=1.56e-04  pw=1.57  aucα=0.300  token_p=0.020  dropE=(0.020,0.080)  smooth=0.010  train_loss=0.2168  train_AUPR_all=0.7557  train_AUPR_ab=0.8107  train_AUPR_ag=0.6759  train_P@5_ab=1.0000  train_P@5_ag=1.0000  val_loss=0.3333  val_AUPR_all=0.5882  val_AUPR_ab=0.7453  val_AUPR_ag=0.3722  val_P@5_ab=1.0000  val_P@5_ag=0.8500  select=0.5587
Ep027  LR0=1.52e-04  pw=1.52  aucα=0.300  token_p=0.020  dropE=(0.020,0.080)  smooth=0.010  train_loss=0.2095  train_AUPR_all=0.7658  train_AUPR_ab=0.8132  train_AUPR_ag=0.6982  train_P@5_ab=0.9500  train_P@5_ag=1.0000  val_loss=0.3285  val_AUPR_all=0.6078  val_AUPR_ab=0.7525  val_AUPR_ag=0.4014  val_P@5_ab=1.0000  val_P@5_ag=1.0000  select=0.5769
Ep028  LR0=1.49e-04  pw=1.47  aucα=0.300  token_p=0.020  dropE=(0.020,0.080)  smooth=0.010  train_loss=0.1995  train_AUPR_all=0.7759  train_AUPR_ab=0.8190  train_AUPR_ag=0.7151  train_P@5_ab=0.9500  train_P@5_ag=0.9500  val_loss=0.3385  val_AUPR_all=0.5911  val_AUPR_ab=0.7522  val_AUPR_ag=0.3470  val_P@5_ab=1.0000  val_P@5_ag=0.6500  select=0.5496
Ep029  LR0=1.46e-04  pw=1.43  aucα=0.300  token_p=0.020  dropE=(0.020,0.080)  smooth=0.010  train_loss=0.1895  train_AUPR_all=0.7915  train_AUPR_ab=0.8337  train_AUPR_ag=0.7319  train_P@5_ab=1.0000  train_P@5_ag=1.0000  val_loss=0.3377  val_AUPR_all=0.6015  val_AUPR_ab=0.7525  val_AUPR_ag=0.3830  val_P@5_ab=1.0000  val_P@5_ag=0.8500  select=0.5678
Ep030  LR0=1.42e-04  pw=1.39  aucα=0.300  token_p=0.020  dropE=(0.020,0.080)  smooth=0.010  train_loss=0.1829  train_AUPR_all=0.7948  train_AUPR_ab=0.8333  train_AUPR_ag=0.7414  train_P@5_ab=1.0000  train_P@5_ag=1.0000  val_loss=0.3285  val_AUPR_all=0.5967  val_AUPR_ab=0.7506  val_AUPR_ag=0.3793  val_P@5_ab=0.9500  val_P@5_ag=0.8000  select=0.5650
Ep031  LR0=1.38e-04  pw=1.35  aucα=0.300  token_p=0.020  dropE=(0.020,0.080)  smooth=0.010  train_loss=0.1750  train_AUPR_all=0.8088  train_AUPR_ab=0.8452  train_AUPR_ag=0.7579  train_P@5_ab=1.0000  train_P@5_ag=1.0000  val_loss=0.3305  val_AUPR_all=0.5867  val_AUPR_ab=0.7426  val_AUPR_ag=0.3770  val_P@5_ab=1.0000  val_P@5_ag=0.6500  select=0.5598
Ep032  LR0=1.35e-04  pw=1.32  aucα=0.300  token_p=0.020  dropE=(0.020,0.080)  smooth=0.010  train_loss=0.1690  train_AUPR_all=0.8175  train_AUPR_ab=0.8523  train_AUPR_ag=0.7687  train_P@5_ab=1.0000  train_P@5_ag=1.0000  val_loss=0.3276  val_AUPR_all=0.6019  val_AUPR_ab=0.7439  val_AUPR_ag=0.4054  val_P@5_ab=1.0000  val_P@5_ag=0.7500  select=0.5747
Ep033  LR0=1.31e-04  pw=1.29  aucα=0.300  token_p=0.020  dropE=(0.020,0.080)  smooth=0.010  train_loss=0.1666  train_AUPR_all=0.8202  train_AUPR_ab=0.8533  train_AUPR_ag=0.7741  train_P@5_ab=1.0000  train_P@5_ag=1.0000  val_loss=0.3366  val_AUPR_all=0.5782  val_AUPR_ab=0.7324  val_AUPR_ag=0.3823  val_P@5_ab=0.9000  val_P@5_ag=0.7000  select=0.5574
Ep034  LR0=1.27e-04  pw=1.26  aucα=0.300  token_p=0.020  dropE=(0.020,0.080)  smooth=0.010  train_loss=0.1611  train_AUPR_all=0.8280  train_AUPR_ab=0.8615  train_AUPR_ag=0.7812  train_P@5_ab=1.0000  train_P@5_ag=1.0000  val_loss=0.3185  val_AUPR_all=0.5940  val_AUPR_ab=0.7566  val_AUPR_ag=0.3810  val_P@5_ab=1.0000  val_P@5_ag=0.6000  select=0.5688
Ep035  LR0=1.24e-04  pw=1.23  aucα=0.300  token_p=0.020  dropE=(0.020,0.080)  smooth=0.010  train_loss=0.1523  train_AUPR_all=0.8412  train_AUPR_ab=0.8715  train_AUPR_ag=0.7989  train_P@5_ab=1.0000  train_P@5_ag=1.0000  val_loss=0.3294  val_AUPR_all=0.5812  val_AUPR_ab=0.7397  val_AUPR_ag=0.3901  val_P@5_ab=1.0000  val_P@5_ag=0.9000  select=0.5649
Ep036  LR0=1.20e-04  pw=1.21  aucα=0.300  token_p=0.020  dropE=(0.020,0.080)  smooth=0.010  train_loss=0.1490  train_AUPR_all=0.8456  train_AUPR_ab=0.8776  train_AUPR_ag=0.8001  train_P@5_ab=1.0000  train_P@5_ag=0.9500  val_loss=0.3297  val_AUPR_all=0.5832  val_AUPR_ab=0.7480  val_AUPR_ag=0.3873  val_P@5_ab=0.9500  val_P@5_ag=0.5000  select=0.5676
Ep037  LR0=1.16e-04  pw=1.19  aucα=0.300  token_p=0.020  dropE=(0.020,0.080)  smooth=0.010  train_loss=0.1418  train_AUPR_all=0.8565  train_AUPR_ab=0.8850  train_AUPR_ag=0.8165  train_P@5_ab=1.0000  train_P@5_ag=1.0000  val_loss=0.3465  val_AUPR_all=0.5874  val_AUPR_ab=0.7483  val_AUPR_ag=0.3552  val_P@5_ab=1.0000  val_P@5_ag=0.5500  select=0.5518
Ep038  LR0=1.12e-04  pw=1.17  aucα=0.300  token_p=0.020  dropE=(0.020,0.080)  smooth=0.010  train_loss=0.1367  train_AUPR_all=0.8643  train_AUPR_ab=0.8919  train_AUPR_ag=0.8254  train_P@5_ab=1.0000  train_P@5_ag=1.0000  val_loss=0.3466  val_AUPR_all=0.5901  val_AUPR_ab=0.7458  val_AUPR_ag=0.3754  val_P@5_ab=0.9000  val_P@5_ag=0.6500  select=0.5606
Ep039  LR0=1.08e-04  pw=1.16  aucα=0.300  token_p=0.020  dropE=(0.020,0.080)  smooth=0.010  train_loss=0.1305  train_AUPR_all=0.8728  train_AUPR_ab=0.8988  train_AUPR_ag=0.8361  train_P@5_ab=1.0000  train_P@5_ag=1.0000  val_loss=0.3324  val_AUPR_all=0.5827  val_AUPR_ab=0.7361  val_AUPR_ag=0.3842  val_P@5_ab=0.9000  val_P@5_ag=0.6500  select=0.5601
Ep040  LR0=1.04e-04  pw=1.14  aucα=0.300  token_p=0.020  dropE=(0.020,0.080)  smooth=0.010  train_loss=0.1269  train_AUPR_all=0.8787  train_AUPR_ab=0.9039  train_AUPR_ag=0.8434  train_P@5_ab=1.0000  train_P@5_ag=0.9500  val_loss=0.3369  val_AUPR_all=0.5853  val_AUPR_ab=0.7398  val_AUPR_ag=0.3741  val_P@5_ab=0.9500  val_P@5_ag=0.6000  select=0.5569
Ep041  LR0=1.00e-04  pw=1.13  aucα=0.300  token_p=0.020  dropE=(0.020,0.080)  smooth=0.010  train_loss=0.1265  train_AUPR_all=0.8765  train_AUPR_ab=0.9005  train_AUPR_ag=0.8426  train_P@5_ab=1.0000  train_P@5_ag=1.0000  val_loss=0.3378  val_AUPR_all=0.5799  val_AUPR_ab=0.7443  val_AUPR_ag=0.3649  val_P@5_ab=0.9000  val_P@5_ag=0.4500  select=0.5546
Ep042  LR0=9.63e-05  pw=1.12  aucα=0.300  token_p=0.020  dropE=(0.020,0.080)  smooth=0.010  train_loss=0.1197  train_AUPR_all=0.8885  train_AUPR_ab=0.9108  train_AUPR_ag=0.8568  train_P@5_ab=1.0000  train_P@5_ag=1.0000  val_loss=0.3356  val_AUPR_all=0.5904  val_AUPR_ab=0.7497  val_AUPR_ag=0.3709  val_P@5_ab=0.9500  val_P@5_ag=0.7000  select=0.5603
Ep043  LR0=9.24e-05  pw=1.10  aucα=0.300  token_p=0.020  dropE=(0.020,0.080)  smooth=0.010  train_loss=0.1171  train_AUPR_all=0.8926  train_AUPR_ab=0.9152  train_AUPR_ag=0.8607  train_P@5_ab=1.0000  train_P@5_ag=1.0000  val_loss=0.3403  val_AUPR_all=0.5774  val_AUPR_ab=0.7349  val_AUPR_ag=0.3634  val_P@5_ab=0.9500  val_P@5_ag=0.5000  select=0.5492
Ep044  LR0=8.85e-05  pw=1.09  aucα=0.300  token_p=0.020  dropE=(0.020,0.080)  smooth=0.010  train_loss=0.1133  train_AUPR_all=0.8981  train_AUPR_ab=0.9180  train_AUPR_ag=0.8701  train_P@5_ab=1.0000  train_P@5_ag=1.0000  val_loss=0.3482  val_AUPR_all=0.5654  val_AUPR_ab=0.7411  val_AUPR_ag=0.3565  val_P@5_ab=0.9000  val_P@5_ag=0.6500  select=0.5488
Ep045  LR0=8.46e-05  pw=1.09  aucα=0.300  token_p=0.020  dropE=(0.020,0.080)  smooth=0.010  train_loss=0.1099  train_AUPR_all=0.9036  train_AUPR_ab=0.9254  train_AUPR_ag=0.8727  train_P@5_ab=1.0000  train_P@5_ag=1.0000  val_loss=0.3492  val_AUPR_all=0.5583  val_AUPR_ab=0.7354  val_AUPR_ag=0.3538  val_P@5_ab=0.9500  val_P@5_ag=0.4500  select=0.5446
Early stopping at epoch 45. Best select=0.5822 at epoch 20.
Final saved checkpoint for fold 3: checkpoints_balanced/iPara_balanced_l1_g8_i4_do0.10_dpr0.10_lr0.0002_heads16_fold3.pth
Best select=0.5822 at epoch 20

==========================================================================================
Fold 4/5
==========================================================================================
Train labels: valid=398858, pos=26560, neg=372298, ignore=700342, pos_frac=0.06659
Val labels: valid=101334, pos=6670, neg=94664, ignore=172266, pos_frac=0.06582
Initializing ClassificationModel with 8 GAT layers and residual connections...
Initializing MCModel with 8 GAT layers and 4 row attention layers (drop_path_rate=0.1)
Initializing CoreModel with 1 layers, drop_path_rate=0.1
Ep001  LR0=2.00e-04  pw=8.00  aucα=0.000  token_p=0.020  dropE=(0.020,0.080)  smooth=0.010  train_loss=0.6916  train_AUPR_all=0.3178  train_AUPR_ab=0.3913  train_AUPR_ag=0.2278  train_P@5_ab=0.6500  train_P@5_ag=0.9500  val_loss=0.7446  val_AUPR_all=0.4383  val_AUPR_ab=0.5430  val_AUPR_ag=0.3002  val_P@5_ab=0.9000  val_P@5_ag=0.9500  select=0.4216
  Saved checkpoint: checkpoints_balanced/iPara_balanced_l1_g8_i4_do0.10_dpr0.10_lr0.0002_heads16_fold4.pth  select=0.4216  val_ab=0.5430  val_ag=0.3002  val_all=0.4383
Ep002  LR0=2.00e-04  pw=7.33  aucα=0.000  token_p=0.020  dropE=(0.020,0.080)  smooth=0.010  train_loss=0.5081  train_AUPR_all=0.4342  train_AUPR_ab=0.5220  train_AUPR_ag=0.2919  train_P@5_ab=0.7000  train_P@5_ag=0.9500  val_loss=0.6661  val_AUPR_all=0.4828  val_AUPR_ab=0.5781  val_AUPR_ag=0.3221  val_P@5_ab=0.8000  val_P@5_ag=0.9500  select=0.4501
  Saved checkpoint: checkpoints_balanced/iPara_balanced_l1_g8_i4_do0.10_dpr0.10_lr0.0002_heads16_fold4.pth  select=0.4501  val_ab=0.5781  val_ag=0.3221  val_all=0.4828
Ep003  LR0=2.00e-04  pw=6.73  aucα=0.000  token_p=0.020  dropE=(0.020,0.080)  smooth=0.010  train_loss=0.4504  train_AUPR_all=0.4883  train_AUPR_ab=0.5802  train_AUPR_ag=0.3288  train_P@5_ab=0.9000  train_P@5_ag=1.0000  val_loss=0.6192  val_AUPR_all=0.5227  val_AUPR_ab=0.6292  val_AUPR_ag=0.3455  val_P@5_ab=0.9500  val_P@5_ag=0.9000  select=0.4874
  Saved checkpoint: checkpoints_balanced/iPara_balanced_l1_g8_i4_do0.10_dpr0.10_lr0.0002_heads16_fold4.pth  select=0.4874  val_ab=0.6292  val_ag=0.3455  val_all=0.5227
Ep004  LR0=1.99e-04  pw=6.19  aucα=0.000  token_p=0.020  dropE=(0.020,0.080)  smooth=0.010  train_loss=0.4161  train_AUPR_all=0.5154  train_AUPR_ab=0.6027  train_AUPR_ag=0.3561  train_P@5_ab=0.7000  train_P@5_ag=0.9500  val_loss=0.6246  val_AUPR_all=0.5163  val_AUPR_ab=0.6241  val_AUPR_ag=0.3380  val_P@5_ab=0.8500  val_P@5_ag=0.9000  select=0.4811
Ep005  LR0=1.99e-04  pw=5.69  aucα=0.000  token_p=0.020  dropE=(0.020,0.080)  smooth=0.010  train_loss=0.3919  train_AUPR_all=0.5253  train_AUPR_ab=0.6172  train_AUPR_ag=0.3603  train_P@5_ab=0.9500  train_P@5_ag=0.9000  val_loss=0.5713  val_AUPR_all=0.5354  val_AUPR_ab=0.6510  val_AUPR_ag=0.3511  val_P@5_ab=0.8500  val_P@5_ag=0.9000  select=0.5011
  Saved checkpoint: checkpoints_balanced/iPara_balanced_l1_g8_i4_do0.10_dpr0.10_lr0.0002_heads16_fold4.pth  select=0.5011  val_ab=0.6510  val_ag=0.3511  val_all=0.5354
Ep006  LR0=1.98e-04  pw=5.25  aucα=0.000  token_p=0.020  dropE=(0.020,0.080)  smooth=0.010  train_loss=0.3639  train_AUPR_all=0.5490  train_AUPR_ab=0.6458  train_AUPR_ag=0.3770  train_P@5_ab=0.9000  train_P@5_ag=0.8500  val_loss=0.5557  val_AUPR_all=0.5285  val_AUPR_ab=0.6500  val_AUPR_ag=0.3538  val_P@5_ab=0.9000  val_P@5_ag=0.8500  select=0.5019
  Saved checkpoint: checkpoints_balanced/iPara_balanced_l1_g8_i4_do0.10_dpr0.10_lr0.0002_heads16_fold4.pth  select=0.5019  val_ab=0.6500  val_ag=0.3538  val_all=0.5285
Ep007  LR0=1.97e-04  pw=4.84  aucα=0.000  token_p=0.020  dropE=(0.020,0.080)  smooth=0.010  train_loss=0.3442  train_AUPR_all=0.5593  train_AUPR_ab=0.6566  train_AUPR_ag=0.3884  train_P@5_ab=1.0000  train_P@5_ag=0.8500  val_loss=0.5418  val_AUPR_all=0.5585  val_AUPR_ab=0.6840  val_AUPR_ag=0.3491  val_P@5_ab=0.9500  val_P@5_ag=0.9500  select=0.5166
  Saved checkpoint: checkpoints_balanced/iPara_balanced_l1_g8_i4_do0.10_dpr0.10_lr0.0002_heads16_fold4.pth  select=0.5166  val_ab=0.6840  val_ag=0.3491  val_all=0.5585
Ep008  LR0=1.96e-04  pw=4.48  aucα=0.000  token_p=0.020  dropE=(0.020,0.080)  smooth=0.010  train_loss=0.3249  train_AUPR_all=0.5733  train_AUPR_ab=0.6749  train_AUPR_ag=0.3979  train_P@5_ab=1.0000  train_P@5_ag=1.0000  val_loss=0.5097  val_AUPR_all=0.5656  val_AUPR_ab=0.6903  val_AUPR_ag=0.3678  val_P@5_ab=0.9500  val_P@5_ag=1.0000  select=0.5290
  Saved checkpoint: checkpoints_balanced/iPara_balanced_l1_g8_i4_do0.10_dpr0.10_lr0.0002_heads16_fold4.pth  select=0.5290  val_ab=0.6903  val_ag=0.3678  val_all=0.5656
Ep009  LR0=1.95e-04  pw=4.15  aucα=0.000  token_p=0.020  dropE=(0.020,0.080)  smooth=0.010  train_loss=0.3046  train_AUPR_all=0.5798  train_AUPR_ab=0.6830  train_AUPR_ag=0.4064  train_P@5_ab=0.9500  train_P@5_ag=0.9500  val_loss=0.4729  val_AUPR_all=0.5829  val_AUPR_ab=0.7081  val_AUPR_ag=0.3876  val_P@5_ab=1.0000  val_P@5_ag=0.9000  select=0.5479
  Saved checkpoint: checkpoints_balanced/iPara_balanced_l1_g8_i4_do0.10_dpr0.10_lr0.0002_heads16_fold4.pth  select=0.5479  val_ab=0.7081  val_ag=0.3876  val_all=0.5829
Ep010  LR0=1.94e-04  pw=3.85  aucα=0.030  token_p=0.020  dropE=(0.020,0.080)  smooth=0.010  train_loss=0.3040  train_AUPR_all=0.5898  train_AUPR_ab=0.6940  train_AUPR_ag=0.4175  train_P@5_ab=0.9000  train_P@5_ag=0.8500  val_loss=0.4632  val_AUPR_all=0.5846  val_AUPR_ab=0.7168  val_AUPR_ag=0.3738  val_P@5_ab=1.0000  val_P@5_ag=1.0000  select=0.5453
Unfreezing DyM parameters.
Ep011  LR0=1.92e-04  pw=3.58  aucα=0.060  token_p=0.020  dropE=(0.020,0.080)  smooth=0.010  train_loss=0.3008  train_AUPR_all=0.6009  train_AUPR_ab=0.7048  train_AUPR_ag=0.4285  train_P@5_ab=0.9500  train_P@5_ag=1.0000  val_loss=0.4364  val_AUPR_all=0.5897  val_AUPR_ab=0.7228  val_AUPR_ag=0.3818  val_P@5_ab=0.9500  val_P@5_ag=1.0000  select=0.5523
  Saved checkpoint: checkpoints_balanced/iPara_balanced_l1_g8_i4_do0.10_dpr0.10_lr0.0002_heads16_fold4.pth  select=0.5523  val_ab=0.7228  val_ag=0.3818  val_all=0.5897
Ep012  LR0=1.91e-04  pw=3.33  aucα=0.090  token_p=0.020  dropE=(0.020,0.080)  smooth=0.010  train_loss=0.3015  train_AUPR_all=0.6073  train_AUPR_ab=0.7108  train_AUPR_ag=0.4374  train_P@5_ab=0.9500  train_P@5_ag=1.0000  val_loss=0.4235  val_AUPR_all=0.5902  val_AUPR_ab=0.7215  val_AUPR_ag=0.3851  val_P@5_ab=1.0000  val_P@5_ag=0.9000  select=0.5533
  Saved checkpoint: checkpoints_balanced/iPara_balanced_l1_g8_i4_do0.10_dpr0.10_lr0.0002_heads16_fold4.pth  select=0.5533  val_ab=0.7215  val_ag=0.3851  val_all=0.5902
Ep013  LR0=1.89e-04  pw=3.11  aucα=0.120  token_p=0.020  dropE=(0.020,0.080)  smooth=0.010  train_loss=0.2980  train_AUPR_all=0.6170  train_AUPR_ab=0.7117  train_AUPR_ag=0.4617  train_P@5_ab=0.9500  train_P@5_ag=1.0000  val_loss=0.4116  val_AUPR_all=0.5967  val_AUPR_ab=0.7235  val_AUPR_ag=0.3937  val_P@5_ab=1.0000  val_P@5_ag=0.9000  select=0.5586
  Saved checkpoint: checkpoints_balanced/iPara_balanced_l1_g8_i4_do0.10_dpr0.10_lr0.0002_heads16_fold4.pth  select=0.5586  val_ab=0.7235  val_ag=0.3937  val_all=0.5967
Ep014  LR0=1.87e-04  pw=2.91  aucα=0.150  token_p=0.020  dropE=(0.020,0.080)  smooth=0.010  train_loss=0.2964  train_AUPR_all=0.6265  train_AUPR_ab=0.7273  train_AUPR_ag=0.4648  train_P@5_ab=0.9000  train_P@5_ag=0.7500  val_loss=0.4027  val_AUPR_all=0.6024  val_AUPR_ab=0.7400  val_AUPR_ag=0.3972  val_P@5_ab=1.0000  val_P@5_ag=0.9500  select=0.5686
  Saved checkpoint: checkpoints_balanced/iPara_balanced_l1_g8_i4_do0.10_dpr0.10_lr0.0002_heads16_fold4.pth  select=0.5686  val_ab=0.7400  val_ag=0.3972  val_all=0.6024
Ep015  LR0=1.85e-04  pw=2.73  aucα=0.180  token_p=0.020  dropE=(0.020,0.080)  smooth=0.010  train_loss=0.2982  train_AUPR_all=0.6312  train_AUPR_ab=0.7276  train_AUPR_ag=0.4770  train_P@5_ab=0.9500  train_P@5_ag=0.8000  val_loss=0.4025  val_AUPR_all=0.5960  val_AUPR_ab=0.7291  val_AUPR_ag=0.3906  val_P@5_ab=0.9500  val_P@5_ag=0.9500  select=0.5599
Ep016  LR0=1.83e-04  pw=2.56  aucα=0.210  token_p=0.020  dropE=(0.020,0.080)  smooth=0.010  train_loss=0.2981  train_AUPR_all=0.6415  train_AUPR_ab=0.7361  train_AUPR_ag=0.4923  train_P@5_ab=1.0000  train_P@5_ag=0.7500  val_loss=0.3912  val_AUPR_all=0.5980  val_AUPR_ab=0.7362  val_AUPR_ag=0.3793  val_P@5_ab=1.0000  val_P@5_ag=1.0000  select=0.5578
Ep017  LR0=1.81e-04  pw=2.41  aucα=0.240  token_p=0.020  dropE=(0.020,0.080)  smooth=0.010  train_loss=0.2916  train_AUPR_all=0.6602  train_AUPR_ab=0.7482  train_AUPR_ag=0.5217  train_P@5_ab=0.9000  train_P@5_ag=1.0000  val_loss=0.3967  val_AUPR_all=0.5999  val_AUPR_ab=0.7524  val_AUPR_ag=0.3741  val_P@5_ab=0.9500  val_P@5_ag=0.9000  select=0.5632
Ep018  LR0=1.79e-04  pw=2.28  aucα=0.270  token_p=0.020  dropE=(0.020,0.080)  smooth=0.010  train_loss=0.2951  train_AUPR_all=0.6636  train_AUPR_ab=0.7521  train_AUPR_ag=0.5246  train_P@5_ab=1.0000  train_P@5_ag=1.0000  val_loss=0.3740  val_AUPR_all=0.6046  val_AUPR_ab=0.7505  val_AUPR_ag=0.3799  val_P@5_ab=1.0000  val_P@5_ag=1.0000  select=0.5652
Ep019  LR0=1.76e-04  pw=2.16  aucα=0.300  token_p=0.020  dropE=(0.020,0.080)  smooth=0.010  train_loss=0.2949  train_AUPR_all=0.6749  train_AUPR_ab=0.7568  train_AUPR_ag=0.5475  train_P@5_ab=1.0000  train_P@5_ag=0.9500  val_loss=0.3784  val_AUPR_all=0.6112  val_AUPR_ab=0.7491  val_AUPR_ag=0.3972  val_P@5_ab=1.0000  val_P@5_ag=0.9000  select=0.5732
  Saved checkpoint: checkpoints_balanced/iPara_balanced_l1_g8_i4_do0.10_dpr0.10_lr0.0002_heads16_fold4.pth  select=0.5732  val_ab=0.7491  val_ag=0.3972  val_all=0.6112
Ep020  LR0=1.73e-04  pw=2.05  aucα=0.300  token_p=0.020  dropE=(0.020,0.080)  smooth=0.010  train_loss=0.2792  train_AUPR_all=0.6914  train_AUPR_ab=0.7727  train_AUPR_ag=0.5673  train_P@5_ab=1.0000  train_P@5_ag=0.9500  val_loss=0.3626  val_AUPR_all=0.6066  val_AUPR_ab=0.7545  val_AUPR_ag=0.3947  val_P@5_ab=1.0000  val_P@5_ag=0.9500  select=0.5746
  Saved checkpoint: checkpoints_balanced/iPara_balanced_l1_g8_i4_do0.10_dpr0.10_lr0.0002_heads16_fold4.pth  select=0.5746  val_ab=0.7545  val_ag=0.3947  val_all=0.6066
Ep021  LR0=1.71e-04  pw=1.95  aucα=0.300  token_p=0.020  dropE=(0.020,0.080)  smooth=0.010  train_loss=0.2688  train_AUPR_all=0.6985  train_AUPR_ab=0.7739  train_AUPR_ag=0.5846  train_P@5_ab=0.9500  train_P@5_ag=1.0000  val_loss=0.3574  val_AUPR_all=0.6013  val_AUPR_ab=0.7485  val_AUPR_ag=0.3814  val_P@5_ab=1.0000  val_P@5_ag=0.9000  select=0.5650
Ep022  LR0=1.68e-04  pw=1.86  aucα=0.300  token_p=0.020  dropE=(0.020,0.080)  smooth=0.010  train_loss=0.2569  train_AUPR_all=0.7090  train_AUPR_ab=0.7790  train_AUPR_ag=0.6034  train_P@5_ab=0.9500  train_P@5_ag=1.0000  val_loss=0.3762  val_AUPR_all=0.5946  val_AUPR_ab=0.7499  val_AUPR_ag=0.3605  val_P@5_ab=0.9500  val_P@5_ag=0.8500  select=0.5552
Ep023  LR0=1.65e-04  pw=1.78  aucα=0.300  token_p=0.020  dropE=(0.020,0.080)  smooth=0.010  train_loss=0.2466  train_AUPR_all=0.7221  train_AUPR_ab=0.7878  train_AUPR_ag=0.6245  train_P@5_ab=0.9500  train_P@5_ag=1.0000  val_loss=0.3434  val_AUPR_all=0.6040  val_AUPR_ab=0.7457  val_AUPR_ag=0.3966  val_P@5_ab=0.9500  val_P@5_ag=0.9500  select=0.5711
Ep024  LR0=1.62e-04  pw=1.70  aucα=0.300  token_p=0.020  dropE=(0.020,0.080)  smooth=0.010  train_loss=0.2382  train_AUPR_all=0.7295  train_AUPR_ab=0.7928  train_AUPR_ag=0.6357  train_P@5_ab=1.0000  train_P@5_ag=0.9000  val_loss=0.3526  val_AUPR_all=0.6086  val_AUPR_ab=0.7608  val_AUPR_ag=0.4051  val_P@5_ab=1.0000  val_P@5_ag=0.9500  select=0.5830
  Saved checkpoint: checkpoints_balanced/iPara_balanced_l1_g8_i4_do0.10_dpr0.10_lr0.0002_heads16_fold4.pth  select=0.5830  val_ab=0.7608  val_ag=0.4051  val_all=0.6086
Ep025  LR0=1.59e-04  pw=1.64  aucα=0.300  token_p=0.020  dropE=(0.020,0.080)  smooth=0.010  train_loss=0.2247  train_AUPR_all=0.7443  train_AUPR_ab=0.8009  train_AUPR_ag=0.6610  train_P@5_ab=0.9000  train_P@5_ag=1.0000  val_loss=0.3453  val_AUPR_all=0.5978  val_AUPR_ab=0.7637  val_AUPR_ag=0.4010  val_P@5_ab=0.9500  val_P@5_ag=0.9500  select=0.5823
Ep026  LR0=1.56e-04  pw=1.57  aucα=0.300  token_p=0.020  dropE=(0.020,0.080)  smooth=0.010  train_loss=0.2149  train_AUPR_all=0.7574  train_AUPR_ab=0.8127  train_AUPR_ag=0.6765  train_P@5_ab=1.0000  train_P@5_ag=1.0000  val_loss=0.3538  val_AUPR_all=0.5920  val_AUPR_ab=0.7581  val_AUPR_ag=0.3744  val_P@5_ab=1.0000  val_P@5_ag=1.0000  select=0.5663
Ep027  LR0=1.52e-04  pw=1.52  aucα=0.300  token_p=0.020  dropE=(0.020,0.080)  smooth=0.010  train_loss=0.2121  train_AUPR_all=0.7585  train_AUPR_ab=0.8118  train_AUPR_ag=0.6809  train_P@5_ab=1.0000  train_P@5_ag=1.0000  val_loss=0.3488  val_AUPR_all=0.5988  val_AUPR_ab=0.7521  val_AUPR_ag=0.4037  val_P@5_ab=0.9500  val_P@5_ag=1.0000  select=0.5779
Ep028  LR0=1.49e-04  pw=1.47  aucα=0.300  token_p=0.020  dropE=(0.020,0.080)  smooth=0.010  train_loss=0.1996  train_AUPR_all=0.7773  train_AUPR_ab=0.8271  train_AUPR_ag=0.7050  train_P@5_ab=1.0000  train_P@5_ag=0.9500  val_loss=0.3393  val_AUPR_all=0.6076  val_AUPR_ab=0.7629  val_AUPR_ag=0.3960  val_P@5_ab=1.0000  val_P@5_ag=1.0000  select=0.5795
Ep029  LR0=1.46e-04  pw=1.43  aucα=0.300  token_p=0.020  dropE=(0.020,0.080)  smooth=0.010  train_loss=0.1926  train_AUPR_all=0.7849  train_AUPR_ab=0.8344  train_AUPR_ag=0.7130  train_P@5_ab=1.0000  train_P@5_ag=1.0000  val_loss=0.3383  val_AUPR_all=0.6152  val_AUPR_ab=0.7662  val_AUPR_ag=0.3969  val_P@5_ab=1.0000  val_P@5_ag=0.9500  select=0.5815
Ep030  LR0=1.42e-04  pw=1.39  aucα=0.300  token_p=0.020  dropE=(0.020,0.080)  smooth=0.010  train_loss=0.1838  train_AUPR_all=0.7967  train_AUPR_ab=0.8398  train_AUPR_ag=0.7352  train_P@5_ab=1.0000  train_P@5_ag=0.8500  val_loss=0.3316  val_AUPR_all=0.6025  val_AUPR_ab=0.7581  val_AUPR_ag=0.4143  val_P@5_ab=1.0000  val_P@5_ag=0.9500  select=0.5862
  Saved checkpoint: checkpoints_balanced/iPara_balanced_l1_g8_i4_do0.10_dpr0.10_lr0.0002_heads16_fold4.pth  select=0.5862  val_ab=0.7581  val_ag=0.4143  val_all=0.6025
Ep031  LR0=1.38e-04  pw=1.35  aucα=0.300  token_p=0.020  dropE=(0.020,0.080)  smooth=0.010  train_loss=0.1800  train_AUPR_all=0.8016  train_AUPR_ab=0.8426  train_AUPR_ag=0.7428  train_P@5_ab=1.0000  train_P@5_ag=0.9500  val_loss=0.3343  val_AUPR_all=0.6008  val_AUPR_ab=0.7584  val_AUPR_ag=0.3943  val_P@5_ab=1.0000  val_P@5_ag=1.0000  select=0.5763
Ep032  LR0=1.35e-04  pw=1.32  aucα=0.300  token_p=0.020  dropE=(0.020,0.080)  smooth=0.010  train_loss=0.1738  train_AUPR_all=0.8109  train_AUPR_ab=0.8512  train_AUPR_ag=0.7531  train_P@5_ab=1.0000  train_P@5_ag=0.9500  val_loss=0.3306  val_AUPR_all=0.6093  val_AUPR_ab=0.7574  val_AUPR_ag=0.3985  val_P@5_ab=1.0000  val_P@5_ag=0.9500  select=0.5780
Ep033  LR0=1.31e-04  pw=1.29  aucα=0.300  token_p=0.020  dropE=(0.020,0.080)  smooth=0.010  train_loss=0.1658  train_AUPR_all=0.8213  train_AUPR_ab=0.8622  train_AUPR_ag=0.7620  train_P@5_ab=1.0000  train_P@5_ag=0.9500  val_loss=0.3283  val_AUPR_all=0.6135  val_AUPR_ab=0.7642  val_AUPR_ag=0.3996  val_P@5_ab=1.0000  val_P@5_ag=0.8000  select=0.5819
Ep034  LR0=1.27e-04  pw=1.26  aucα=0.300  token_p=0.020  dropE=(0.020,0.080)  smooth=0.010  train_loss=0.1596  train_AUPR_all=0.8303  train_AUPR_ab=0.8660  train_AUPR_ag=0.7788  train_P@5_ab=1.0000  train_P@5_ag=1.0000  val_loss=0.3312  val_AUPR_all=0.6022  val_AUPR_ab=0.7587  val_AUPR_ag=0.3964  val_P@5_ab=1.0000  val_P@5_ag=0.9500  select=0.5776
Ep035  LR0=1.24e-04  pw=1.23  aucα=0.300  token_p=0.020  dropE=(0.020,0.080)  smooth=0.010  train_loss=0.1534  train_AUPR_all=0.8403  train_AUPR_ab=0.8751  train_AUPR_ag=0.7906  train_P@5_ab=1.0000  train_P@5_ag=1.0000  val_loss=0.3237  val_AUPR_all=0.6061  val_AUPR_ab=0.7648  val_AUPR_ag=0.3927  val_P@5_ab=1.0000  val_P@5_ag=0.9000  select=0.5787
Ep036  LR0=1.20e-04  pw=1.21  aucα=0.300  token_p=0.020  dropE=(0.020,0.080)  smooth=0.010  train_loss=0.1518  train_AUPR_all=0.8430  train_AUPR_ab=0.8794  train_AUPR_ag=0.7905  train_P@5_ab=1.0000  train_P@5_ag=0.9500  val_loss=0.3312  val_AUPR_all=0.5863  val_AUPR_ab=0.7443  val_AUPR_ag=0.3925  val_P@5_ab=1.0000  val_P@5_ag=0.9500  select=0.5684
Ep037  LR0=1.16e-04  pw=1.19  aucα=0.300  token_p=0.020  dropE=(0.020,0.080)  smooth=0.010  train_loss=0.1439  train_AUPR_all=0.8543  train_AUPR_ab=0.8876  train_AUPR_ag=0.8063  train_P@5_ab=0.9500  train_P@5_ag=1.0000  val_loss=0.3327  val_AUPR_all=0.6003  val_AUPR_ab=0.7595  val_AUPR_ag=0.3993  val_P@5_ab=1.0000  val_P@5_ag=0.8500  select=0.5794
Ep038  LR0=1.12e-04  pw=1.17  aucα=0.300  token_p=0.020  dropE=(0.020,0.080)  smooth=0.010  train_loss=0.1408  train_AUPR_all=0.8567  train_AUPR_ab=0.8898  train_AUPR_ag=0.8089  train_P@5_ab=1.0000  train_P@5_ag=1.0000  val_loss=0.3282  val_AUPR_all=0.6029  val_AUPR_ab=0.7431  val_AUPR_ag=0.4135  val_P@5_ab=1.0000  val_P@5_ag=0.8500  select=0.5783
Ep039  LR0=1.08e-04  pw=1.16  aucα=0.300  token_p=0.020  dropE=(0.020,0.080)  smooth=0.010  train_loss=0.1358  train_AUPR_all=0.8659  train_AUPR_ab=0.8952  train_AUPR_ag=0.8240  train_P@5_ab=1.0000  train_P@5_ag=1.0000  val_loss=0.3384  val_AUPR_all=0.5916  val_AUPR_ab=0.7463  val_AUPR_ag=0.4025  val_P@5_ab=0.9500  val_P@5_ag=0.5500  select=0.5744
Ep040  LR0=1.04e-04  pw=1.14  aucα=0.300  token_p=0.020  dropE=(0.020,0.080)  smooth=0.010  train_loss=0.1334  train_AUPR_all=0.8681  train_AUPR_ab=0.8968  train_AUPR_ag=0.8268  train_P@5_ab=1.0000  train_P@5_ag=1.0000  val_loss=0.3369  val_AUPR_all=0.6079  val_AUPR_ab=0.7527  val_AUPR_ag=0.3984  val_P@5_ab=1.0000  val_P@5_ag=0.8000  select=0.5756
Ep041  LR0=1.00e-04  pw=1.13  aucα=0.300  token_p=0.020  dropE=(0.020,0.080)  smooth=0.010  train_loss=0.1261  train_AUPR_all=0.8811  train_AUPR_ab=0.9099  train_AUPR_ag=0.8391  train_P@5_ab=1.0000  train_P@5_ag=1.0000  val_loss=0.3187  val_AUPR_all=0.6111  val_AUPR_ab=0.7536  val_AUPR_ag=0.4151  val_P@5_ab=0.9500  val_P@5_ag=0.7500  select=0.5843
Ep042  LR0=9.63e-05  pw=1.12  aucα=0.300  token_p=0.020  dropE=(0.020,0.080)  smooth=0.010  train_loss=0.1216  train_AUPR_all=0.8871  train_AUPR_ab=0.9132  train_AUPR_ag=0.8493  train_P@5_ab=1.0000  train_P@5_ag=1.0000  val_loss=0.3204  val_AUPR_all=0.5992  val_AUPR_ab=0.7391  val_AUPR_ag=0.4111  val_P@5_ab=0.9500  val_P@5_ag=0.8000  select=0.5751
Ep043  LR0=9.24e-05  pw=1.10  aucα=0.300  token_p=0.020  dropE=(0.020,0.080)  smooth=0.010  train_loss=0.1156  train_AUPR_all=0.8957  train_AUPR_ab=0.9194  train_AUPR_ag=0.8618  train_P@5_ab=1.0000  train_P@5_ag=1.0000  val_loss=0.3288  val_AUPR_all=0.5887  val_AUPR_ab=0.7365  val_AUPR_ag=0.3891  val_P@5_ab=1.0000  val_P@5_ag=0.5500  select=0.5628
Ep044  LR0=8.85e-05  pw=1.09  aucα=0.300  token_p=0.020  dropE=(0.020,0.080)  smooth=0.010  train_loss=0.1185  train_AUPR_all=0.8895  train_AUPR_ab=0.9141  train_AUPR_ag=0.8541  train_P@5_ab=1.0000  train_P@5_ag=1.0000  val_loss=0.3333  val_AUPR_all=0.6060  val_AUPR_ab=0.7522  val_AUPR_ag=0.3965  val_P@5_ab=0.9500  val_P@5_ag=0.7000  select=0.5743
Ep045  LR0=8.46e-05  pw=1.09  aucα=0.300  token_p=0.020  dropE=(0.020,0.080)  smooth=0.010  train_loss=0.1154  train_AUPR_all=0.8956  train_AUPR_ab=0.9197  train_AUPR_ag=0.8610  train_P@5_ab=1.0000  train_P@5_ag=1.0000  val_loss=0.3334  val_AUPR_all=0.5990  val_AUPR_ab=0.7418  val_AUPR_ag=0.4003  val_P@5_ab=0.9500  val_P@5_ag=0.7000  select=0.5711
Ep046  LR0=8.08e-05  pw=1.08  aucα=0.300  token_p=0.020  dropE=(0.020,0.080)  smooth=0.010  train_loss=0.1072  train_AUPR_all=0.9072  train_AUPR_ab=0.9299  train_AUPR_ag=0.8739  train_P@5_ab=1.0000  train_P@5_ag=1.0000  val_loss=0.3311  val_AUPR_all=0.6058  val_AUPR_ab=0.7489  val_AUPR_ag=0.4014  val_P@5_ab=0.9500  val_P@5_ag=0.7500  select=0.5751
Ep047  LR0=7.70e-05  pw=1.07  aucα=0.300  token_p=0.020  dropE=(0.020,0.080)  smooth=0.010  train_loss=0.1068  train_AUPR_all=0.9084  train_AUPR_ab=0.9313  train_AUPR_ag=0.8747  train_P@5_ab=1.0000  train_P@5_ag=1.0000  val_loss=0.3361  val_AUPR_all=0.5900  val_AUPR_ab=0.7351  val_AUPR_ag=0.3876  val_P@5_ab=0.8500  val_P@5_ag=0.5500  select=0.5613
Ep048  LR0=7.32e-05  pw=1.06  aucα=0.300  token_p=0.020  dropE=(0.020,0.080)  smooth=0.010  train_loss=0.1039  train_AUPR_all=0.9123  train_AUPR_ab=0.9337  train_AUPR_ag=0.8808  train_P@5_ab=1.0000  train_P@5_ag=1.0000  val_loss=0.3269  val_AUPR_all=0.6075  val_AUPR_ab=0.7480  val_AUPR_ag=0.4046  val_P@5_ab=0.9000  val_P@5_ag=0.7500  select=0.5763
Ep049  LR0=6.94e-05  pw=1.06  aucα=0.300  token_p=0.020  dropE=(0.020,0.080)  smooth=0.010  train_loss=0.1000  train_AUPR_all=0.9175  train_AUPR_ab=0.9382  train_AUPR_ag=0.8870  train_P@5_ab=1.0000  train_P@5_ag=1.0000  val_loss=0.3237  val_AUPR_all=0.5978  val_AUPR_ab=0.7428  val_AUPR_ag=0.4079  val_P@5_ab=1.0000  val_P@5_ag=0.7500  select=0.5754
Ep050  LR0=6.57e-05  pw=1.05  aucα=0.300  token_p=0.020  dropE=(0.020,0.080)  smooth=0.010  train_loss=0.0968  train_AUPR_all=0.9233  train_AUPR_ab=0.9444  train_AUPR_ag=0.8916  train_P@5_ab=0.9500  train_P@5_ag=1.0000  val_loss=0.3428  val_AUPR_all=0.5889  val_AUPR_ab=0.7343  val_AUPR_ag=0.3985  val_P@5_ab=0.9500  val_P@5_ag=0.9000  select=0.5664
Early stopping at epoch 50. Best select=0.5862 at epoch 30.
Final saved checkpoint for fold 4: checkpoints_balanced/iPara_balanced_l1_g8_i4_do0.10_dpr0.10_lr0.0002_heads16_fold4.pth
Best select=0.5862 at epoch 30

==========================================================================================
Fold 5/5
==========================================================================================
Train labels: valid=399660, pos=26617, neg=373043, ignore=699540, pos_frac=0.06660
Val labels: valid=100532, pos=6613, neg=93919, ignore=173068, pos_frac=0.06578
Initializing ClassificationModel with 8 GAT layers and residual connections...
Initializing MCModel with 8 GAT layers and 4 row attention layers (drop_path_rate=0.1)
Initializing CoreModel with 1 layers, drop_path_rate=0.1
Ep001  LR0=2.00e-04  pw=8.00  aucα=0.000  token_p=0.020  dropE=(0.020,0.080)  smooth=0.010  train_loss=0.6599  train_AUPR_all=0.3055  train_AUPR_ab=0.3825  train_AUPR_ag=0.2038  train_P@5_ab=0.7500  train_P@5_ag=0.7000  val_loss=0.7209  val_AUPR_all=0.4458  val_AUPR_ab=0.5743  val_AUPR_ag=0.2475  val_P@5_ab=0.7500  val_P@5_ag=0.9500  select=0.4109
  Saved checkpoint: checkpoints_balanced/iPara_balanced_l1_g8_i4_do0.10_dpr0.10_lr0.0002_heads16_fold5.pth  select=0.4109  val_ab=0.5743  val_ag=0.2475  val_all=0.4458
Ep002  LR0=2.00e-04  pw=7.33  aucα=0.000  token_p=0.020  dropE=(0.020,0.080)  smooth=0.010  train_loss=0.4999  train_AUPR_all=0.4497  train_AUPR_ab=0.5350  train_AUPR_ag=0.2994  train_P@5_ab=0.8000  train_P@5_ag=0.9500  val_loss=0.6631  val_AUPR_all=0.4870  val_AUPR_ab=0.6213  val_AUPR_ag=0.2762  val_P@5_ab=0.9500  val_P@5_ag=0.9500  select=0.4488
  Saved checkpoint: checkpoints_balanced/iPara_balanced_l1_g8_i4_do0.10_dpr0.10_lr0.0002_heads16_fold5.pth  select=0.4488  val_ab=0.6213  val_ag=0.2762  val_all=0.4870
Ep003  LR0=2.00e-04  pw=6.73  aucα=0.000  token_p=0.020  dropE=(0.020,0.080)  smooth=0.010  train_loss=0.4558  train_AUPR_all=0.4773  train_AUPR_ab=0.5614  train_AUPR_ag=0.3245  train_P@5_ab=0.8500  train_P@5_ag=1.0000  val_loss=0.6127  val_AUPR_all=0.5196  val_AUPR_ab=0.6511  val_AUPR_ag=0.3170  val_P@5_ab=0.9500  val_P@5_ag=0.8500  select=0.4840
  Saved checkpoint: checkpoints_balanced/iPara_balanced_l1_g8_i4_do0.10_dpr0.10_lr0.0002_heads16_fold5.pth  select=0.4840  val_ab=0.6511  val_ag=0.3170  val_all=0.5196
Ep004  LR0=1.99e-04  pw=6.19  aucα=0.000  token_p=0.020  dropE=(0.020,0.080)  smooth=0.010  train_loss=0.4187  train_AUPR_all=0.5129  train_AUPR_ab=0.5980  train_AUPR_ag=0.3471  train_P@5_ab=0.7000  train_P@5_ag=0.9500  val_loss=0.5701  val_AUPR_all=0.5393  val_AUPR_ab=0.6697  val_AUPR_ag=0.3367  val_P@5_ab=0.7500  val_P@5_ag=1.0000  select=0.5032
  Saved checkpoint: checkpoints_balanced/iPara_balanced_l1_g8_i4_do0.10_dpr0.10_lr0.0002_heads16_fold5.pth  select=0.5032  val_ab=0.6697  val_ag=0.3367  val_all=0.5393
Ep005  LR0=1.99e-04  pw=5.69  aucα=0.000  token_p=0.020  dropE=(0.020,0.080)  smooth=0.010  train_loss=0.3906  train_AUPR_all=0.5350  train_AUPR_ab=0.6241  train_AUPR_ag=0.3720  train_P@5_ab=0.8000  train_P@5_ag=0.9500  val_loss=0.5424  val_AUPR_all=0.5485  val_AUPR_ab=0.6841  val_AUPR_ag=0.3382  val_P@5_ab=0.8000  val_P@5_ag=1.0000  select=0.5111
  Saved checkpoint: checkpoints_balanced/iPara_balanced_l1_g8_i4_do0.10_dpr0.10_lr0.0002_heads16_fold5.pth  select=0.5111  val_ab=0.6841  val_ag=0.3382  val_all=0.5485
Ep006  LR0=1.98e-04  pw=5.25  aucα=0.000  token_p=0.020  dropE=(0.020,0.080)  smooth=0.010  train_loss=0.3667  train_AUPR_all=0.5437  train_AUPR_ab=0.6377  train_AUPR_ag=0.3739  train_P@5_ab=0.9000  train_P@5_ag=0.9500  val_loss=0.5257  val_AUPR_all=0.5720  val_AUPR_ab=0.7063  val_AUPR_ag=0.3569  val_P@5_ab=1.0000  val_P@5_ag=0.8500  select=0.5316
  Saved checkpoint: checkpoints_balanced/iPara_balanced_l1_g8_i4_do0.10_dpr0.10_lr0.0002_heads16_fold5.pth  select=0.5316  val_ab=0.7063  val_ag=0.3569  val_all=0.5720
Ep007  LR0=1.97e-04  pw=4.84  aucα=0.000  token_p=0.020  dropE=(0.020,0.080)  smooth=0.010  train_loss=0.3469  train_AUPR_all=0.5567  train_AUPR_ab=0.6558  train_AUPR_ag=0.3833  train_P@5_ab=0.8500  train_P@5_ag=0.9000  val_loss=0.5073  val_AUPR_all=0.5684  val_AUPR_ab=0.7139  val_AUPR_ag=0.3469  val_P@5_ab=1.0000  val_P@5_ag=0.9000  select=0.5304
Ep008  LR0=1.96e-04  pw=4.48  aucα=0.000  token_p=0.020  dropE=(0.020,0.080)  smooth=0.010  train_loss=0.3229  train_AUPR_all=0.5661  train_AUPR_ab=0.6611  train_AUPR_ag=0.4032  train_P@5_ab=0.8500  train_P@5_ag=0.9000  val_loss=0.4994  val_AUPR_all=0.5749  val_AUPR_ab=0.7245  val_AUPR_ag=0.3482  val_P@5_ab=1.0000  val_P@5_ag=0.9000  select=0.5363
  Saved checkpoint: checkpoints_balanced/iPara_balanced_l1_g8_i4_do0.10_dpr0.10_lr0.0002_heads16_fold5.pth  select=0.5363  val_ab=0.7245  val_ag=0.3482  val_all=0.5749
Ep009  LR0=1.95e-04  pw=4.15  aucα=0.000  token_p=0.020  dropE=(0.020,0.080)  smooth=0.010  train_loss=0.3048  train_AUPR_all=0.5814  train_AUPR_ab=0.6818  train_AUPR_ag=0.4103  train_P@5_ab=0.9500  train_P@5_ag=0.9500  val_loss=0.5006  val_AUPR_all=0.5695  val_AUPR_ab=0.7280  val_AUPR_ag=0.3452  val_P@5_ab=1.0000  val_P@5_ag=1.0000  select=0.5366
  Saved checkpoint: checkpoints_balanced/iPara_balanced_l1_g8_i4_do0.10_dpr0.10_lr0.0002_heads16_fold5.pth  select=0.5366  val_ab=0.7280  val_ag=0.3452  val_all=0.5695
Ep010  LR0=1.94e-04  pw=3.85  aucα=0.030  token_p=0.020  dropE=(0.020,0.080)  smooth=0.010  train_loss=0.3024  train_AUPR_all=0.5927  train_AUPR_ab=0.6952  train_AUPR_ag=0.4218  train_P@5_ab=0.9000  train_P@5_ag=0.8500  val_loss=0.4584  val_AUPR_all=0.5844  val_AUPR_ab=0.7197  val_AUPR_ag=0.3728  val_P@5_ab=1.0000  val_P@5_ag=0.9500  select=0.5463
  Saved checkpoint: checkpoints_balanced/iPara_balanced_l1_g8_i4_do0.10_dpr0.10_lr0.0002_heads16_fold5.pth  select=0.5463  val_ab=0.7197  val_ag=0.3728  val_all=0.5844
Unfreezing DyM parameters.
Ep011  LR0=1.92e-04  pw=3.58  aucα=0.060  token_p=0.020  dropE=(0.020,0.080)  smooth=0.010  train_loss=0.2997  train_AUPR_all=0.6033  train_AUPR_ab=0.7060  train_AUPR_ag=0.4340  train_P@5_ab=1.0000  train_P@5_ag=0.9500  val_loss=0.4336  val_AUPR_all=0.5864  val_AUPR_ab=0.7274  val_AUPR_ag=0.3623  val_P@5_ab=1.0000  val_P@5_ag=0.8500  select=0.5449
Ep012  LR0=1.91e-04  pw=3.33  aucα=0.090  token_p=0.020  dropE=(0.020,0.080)  smooth=0.010  train_loss=0.2989  train_AUPR_all=0.6123  train_AUPR_ab=0.7086  train_AUPR_ag=0.4511  train_P@5_ab=0.8000  train_P@5_ag=0.9500  val_loss=0.4306  val_AUPR_all=0.5925  val_AUPR_ab=0.7390  val_AUPR_ag=0.3619  val_P@5_ab=1.0000  val_P@5_ag=0.9500  select=0.5505
  Saved checkpoint: checkpoints_balanced/iPara_balanced_l1_g8_i4_do0.10_dpr0.10_lr0.0002_heads16_fold5.pth  select=0.5505  val_ab=0.7390  val_ag=0.3619  val_all=0.5925
Ep013  LR0=1.89e-04  pw=3.11  aucα=0.120  token_p=0.020  dropE=(0.020,0.080)  smooth=0.010  train_loss=0.2989  train_AUPR_all=0.6174  train_AUPR_ab=0.7156  train_AUPR_ag=0.4558  train_P@5_ab=0.9000  train_P@5_ag=0.9000  val_loss=0.4231  val_AUPR_all=0.5822  val_AUPR_ab=0.7301  val_AUPR_ag=0.3670  val_P@5_ab=1.0000  val_P@5_ag=0.9500  select=0.5485
Ep014  LR0=1.87e-04  pw=2.91  aucα=0.150  token_p=0.020  dropE=(0.020,0.080)  smooth=0.010  train_loss=0.2965  train_AUPR_all=0.6287  train_AUPR_ab=0.7251  train_AUPR_ag=0.4707  train_P@5_ab=1.0000  train_P@5_ag=0.9500  val_loss=0.4368  val_AUPR_all=0.5756  val_AUPR_ab=0.7355  val_AUPR_ag=0.3600  val_P@5_ab=1.0000  val_P@5_ag=0.8000  select=0.5477
Ep015  LR0=1.85e-04  pw=2.73  aucα=0.180  token_p=0.020  dropE=(0.020,0.080)  smooth=0.010  train_loss=0.2969  train_AUPR_all=0.6372  train_AUPR_ab=0.7300  train_AUPR_ag=0.4875  train_P@5_ab=1.0000  train_P@5_ag=1.0000  val_loss=0.4068  val_AUPR_all=0.5903  val_AUPR_ab=0.7452  val_AUPR_ag=0.3667  val_P@5_ab=1.0000  val_P@5_ag=0.8500  select=0.5559
  Saved checkpoint: checkpoints_balanced/iPara_balanced_l1_g8_i4_do0.10_dpr0.10_lr0.0002_heads16_fold5.pth  select=0.5559  val_ab=0.7452  val_ag=0.3667  val_all=0.5903
Ep016  LR0=1.83e-04  pw=2.56  aucα=0.210  token_p=0.020  dropE=(0.020,0.080)  smooth=0.010  train_loss=0.2940  train_AUPR_all=0.6502  train_AUPR_ab=0.7382  train_AUPR_ag=0.5082  train_P@5_ab=1.0000  train_P@5_ag=0.9000  val_loss=0.3763  val_AUPR_all=0.6028  val_AUPR_ab=0.7472  val_AUPR_ag=0.3761  val_P@5_ab=1.0000  val_P@5_ag=0.9000  select=0.5617
  Saved checkpoint: checkpoints_balanced/iPara_balanced_l1_g8_i4_do0.10_dpr0.10_lr0.0002_heads16_fold5.pth  select=0.5617  val_ab=0.7472  val_ag=0.3761  val_all=0.6028
Ep017  LR0=1.81e-04  pw=2.41  aucα=0.240  token_p=0.020  dropE=(0.020,0.080)  smooth=0.010  train_loss=0.2905  train_AUPR_all=0.6635  train_AUPR_ab=0.7489  train_AUPR_ag=0.5295  train_P@5_ab=1.0000  train_P@5_ag=0.8500  val_loss=0.3673  val_AUPR_all=0.6014  val_AUPR_ab=0.7516  val_AUPR_ag=0.3745  val_P@5_ab=1.0000  val_P@5_ag=0.9000  select=0.5631
  Saved checkpoint: checkpoints_balanced/iPara_balanced_l1_g8_i4_do0.10_dpr0.10_lr0.0002_heads16_fold5.pth  select=0.5631  val_ab=0.7516  val_ag=0.3745  val_all=0.6014
Ep018  LR0=1.79e-04  pw=2.28  aucα=0.270  token_p=0.020  dropE=(0.020,0.080)  smooth=0.010  train_loss=0.2906  train_AUPR_all=0.6700  train_AUPR_ab=0.7584  train_AUPR_ag=0.5316  train_P@5_ab=1.0000  train_P@5_ag=0.9000  val_loss=0.3785  val_AUPR_all=0.5949  val_AUPR_ab=0.7361  val_AUPR_ag=0.3832  val_P@5_ab=0.9500  val_P@5_ag=0.9000  select=0.5596
Ep019  LR0=1.76e-04  pw=2.16  aucα=0.300  token_p=0.020  dropE=(0.020,0.080)  smooth=0.010  train_loss=0.2908  train_AUPR_all=0.6804  train_AUPR_ab=0.7616  train_AUPR_ag=0.5536  train_P@5_ab=1.0000  train_P@5_ag=1.0000  val_loss=0.3766  val_AUPR_all=0.5881  val_AUPR_ab=0.7425  val_AUPR_ag=0.3674  val_P@5_ab=1.0000  val_P@5_ag=0.9500  select=0.5550
Ep020  LR0=1.73e-04  pw=2.05  aucα=0.300  token_p=0.020  dropE=(0.020,0.080)  smooth=0.010  train_loss=0.2724  train_AUPR_all=0.6994  train_AUPR_ab=0.7719  train_AUPR_ag=0.5889  train_P@5_ab=1.0000  train_P@5_ag=1.0000  val_loss=0.3755  val_AUPR_all=0.5993  val_AUPR_ab=0.7516  val_AUPR_ag=0.3787  val_P@5_ab=1.0000  val_P@5_ag=0.8500  select=0.5651
  Saved checkpoint: checkpoints_balanced/iPara_balanced_l1_g8_i4_do0.10_dpr0.10_lr0.0002_heads16_fold5.pth  select=0.5651  val_ab=0.7516  val_ag=0.3787  val_all=0.5993
Ep021  LR0=1.71e-04  pw=1.95  aucα=0.300  token_p=0.020  dropE=(0.020,0.080)  smooth=0.010  train_loss=0.2645  train_AUPR_all=0.7059  train_AUPR_ab=0.7792  train_AUPR_ag=0.5934  train_P@5_ab=0.9500  train_P@5_ag=0.9500  val_loss=0.3547  val_AUPR_all=0.5962  val_AUPR_ab=0.7503  val_AUPR_ag=0.3778  val_P@5_ab=1.0000  val_P@5_ag=0.9500  select=0.5640
Ep022  LR0=1.68e-04  pw=1.86  aucα=0.300  token_p=0.020  dropE=(0.020,0.080)  smooth=0.010  train_loss=0.2524  train_AUPR_all=0.7158  train_AUPR_ab=0.7850  train_AUPR_ag=0.6110  train_P@5_ab=1.0000  train_P@5_ag=0.8500  val_loss=0.3769  val_AUPR_all=0.5926  val_AUPR_ab=0.7494  val_AUPR_ag=0.3875  val_P@5_ab=1.0000  val_P@5_ag=0.9500  select=0.5685
  Saved checkpoint: checkpoints_balanced/iPara_balanced_l1_g8_i4_do0.10_dpr0.10_lr0.0002_heads16_fold5.pth  select=0.5685  val_ab=0.7494  val_ag=0.3875  val_all=0.5926
Ep023  LR0=1.65e-04  pw=1.78  aucα=0.300  token_p=0.020  dropE=(0.020,0.080)  smooth=0.010  train_loss=0.2418  train_AUPR_all=0.7313  train_AUPR_ab=0.7914  train_AUPR_ag=0.6418  train_P@5_ab=1.0000  train_P@5_ag=0.9500  val_loss=0.3600  val_AUPR_all=0.6009  val_AUPR_ab=0.7522  val_AUPR_ag=0.3760  val_P@5_ab=0.9500  val_P@5_ag=0.9000  select=0.5641
Ep024  LR0=1.62e-04  pw=1.70  aucα=0.300  token_p=0.020  dropE=(0.020,0.080)  smooth=0.010  train_loss=0.2339  train_AUPR_all=0.7376  train_AUPR_ab=0.8016  train_AUPR_ag=0.6423  train_P@5_ab=1.0000  train_P@5_ag=1.0000  val_loss=0.3565  val_AUPR_all=0.6034  val_AUPR_ab=0.7556  val_AUPR_ag=0.3865  val_P@5_ab=1.0000  val_P@5_ag=0.9500  select=0.5710
  Saved checkpoint: checkpoints_balanced/iPara_balanced_l1_g8_i4_do0.10_dpr0.10_lr0.0002_heads16_fold5.pth  select=0.5710  val_ab=0.7556  val_ag=0.3865  val_all=0.6034
Ep025  LR0=1.59e-04  pw=1.64  aucα=0.300  token_p=0.020  dropE=(0.020,0.080)  smooth=0.010  train_loss=0.2221  train_AUPR_all=0.7522  train_AUPR_ab=0.8084  train_AUPR_ag=0.6699  train_P@5_ab=1.0000  train_P@5_ag=1.0000  val_loss=0.3485  val_AUPR_all=0.6047  val_AUPR_ab=0.7470  val_AUPR_ag=0.4022  val_P@5_ab=1.0000  val_P@5_ag=1.0000  select=0.5746
  Saved checkpoint: checkpoints_balanced/iPara_balanced_l1_g8_i4_do0.10_dpr0.10_lr0.0002_heads16_fold5.pth  select=0.5746  val_ab=0.7470  val_ag=0.4022  val_all=0.6047
Ep026  LR0=1.56e-04  pw=1.57  aucα=0.300  token_p=0.020  dropE=(0.020,0.080)  smooth=0.010  train_loss=0.2122  train_AUPR_all=0.7628  train_AUPR_ab=0.8108  train_AUPR_ag=0.6941  train_P@5_ab=1.0000  train_P@5_ag=0.9000  val_loss=0.3556  val_AUPR_all=0.5880  val_AUPR_ab=0.7564  val_AUPR_ag=0.3722  val_P@5_ab=1.0000  val_P@5_ag=0.9000  select=0.5643
Ep027  LR0=1.52e-04  pw=1.52  aucα=0.300  token_p=0.020  dropE=(0.020,0.080)  smooth=0.010  train_loss=0.2040  train_AUPR_all=0.7724  train_AUPR_ab=0.8198  train_AUPR_ag=0.7044  train_P@5_ab=0.9500  train_P@5_ag=1.0000  val_loss=0.3297  val_AUPR_all=0.6052  val_AUPR_ab=0.7608  val_AUPR_ag=0.3775  val_P@5_ab=1.0000  val_P@5_ag=0.9000  select=0.5691
Ep028  LR0=1.49e-04  pw=1.47  aucα=0.300  token_p=0.020  dropE=(0.020,0.080)  smooth=0.010  train_loss=0.1969  train_AUPR_all=0.7823  train_AUPR_ab=0.8290  train_AUPR_ag=0.7146  train_P@5_ab=1.0000  train_P@5_ag=1.0000  val_loss=0.3347  val_AUPR_all=0.5971  val_AUPR_ab=0.7517  val_AUPR_ag=0.3826  val_P@5_ab=1.0000  val_P@5_ag=0.9000  select=0.5671
Ep029  LR0=1.46e-04  pw=1.43  aucα=0.300  token_p=0.020  dropE=(0.020,0.080)  smooth=0.010  train_loss=0.1922  train_AUPR_all=0.7876  train_AUPR_ab=0.8325  train_AUPR_ag=0.7232  train_P@5_ab=1.0000  train_P@5_ag=1.0000  val_loss=0.3459  val_AUPR_all=0.5685  val_AUPR_ab=0.7443  val_AUPR_ag=0.3520  val_P@5_ab=1.0000  val_P@5_ag=0.8000  select=0.5482
Ep030  LR0=1.42e-04  pw=1.39  aucα=0.300  token_p=0.020  dropE=(0.020,0.080)  smooth=0.010  train_loss=0.1849  train_AUPR_all=0.7969  train_AUPR_ab=0.8365  train_AUPR_ag=0.7406  train_P@5_ab=0.9500  train_P@5_ag=1.0000  val_loss=0.3348  val_AUPR_all=0.5998  val_AUPR_ab=0.7580  val_AUPR_ag=0.3927  val_P@5_ab=1.0000  val_P@5_ag=1.0000  select=0.5753
  Saved checkpoint: checkpoints_balanced/iPara_balanced_l1_g8_i4_do0.10_dpr0.10_lr0.0002_heads16_fold5.pth  select=0.5753  val_ab=0.7580  val_ag=0.3927  val_all=0.5998
Ep031  LR0=1.38e-04  pw=1.35  aucα=0.300  token_p=0.020  dropE=(0.020,0.080)  smooth=0.010  train_loss=0.1776  train_AUPR_all=0.8060  train_AUPR_ab=0.8456  train_AUPR_ag=0.7492  train_P@5_ab=1.0000  train_P@5_ag=0.9500  val_loss=0.3462  val_AUPR_all=0.5869  val_AUPR_ab=0.7454  val_AUPR_ag=0.3889  val_P@5_ab=1.0000  val_P@5_ag=1.0000  select=0.5672
Ep032  LR0=1.35e-04  pw=1.32  aucα=0.300  token_p=0.020  dropE=(0.020,0.080)  smooth=0.010  train_loss=0.1705  train_AUPR_all=0.8176  train_AUPR_ab=0.8542  train_AUPR_ag=0.7657  train_P@5_ab=1.0000  train_P@5_ag=1.0000  val_loss=0.3217  val_AUPR_all=0.6038  val_AUPR_ab=0.7600  val_AUPR_ag=0.3946  val_P@5_ab=1.0000  val_P@5_ag=1.0000  select=0.5773
  Saved checkpoint: checkpoints_balanced/iPara_balanced_l1_g8_i4_do0.10_dpr0.10_lr0.0002_heads16_fold5.pth  select=0.5773  val_ab=0.7600  val_ag=0.3946  val_all=0.6038
Ep033  LR0=1.31e-04  pw=1.29  aucα=0.300  token_p=0.020  dropE=(0.020,0.080)  smooth=0.010  train_loss=0.1640  train_AUPR_all=0.8254  train_AUPR_ab=0.8597  train_AUPR_ag=0.7768  train_P@5_ab=1.0000  train_P@5_ag=1.0000  val_loss=0.3339  val_AUPR_all=0.5911  val_AUPR_ab=0.7380  val_AUPR_ag=0.3899  val_P@5_ab=1.0000  val_P@5_ag=1.0000  select=0.5639
Ep034  LR0=1.27e-04  pw=1.26  aucα=0.300  token_p=0.020  dropE=(0.020,0.080)  smooth=0.010  train_loss=0.1569  train_AUPR_all=0.8352  train_AUPR_ab=0.8666  train_AUPR_ag=0.7909  train_P@5_ab=0.9500  train_P@5_ag=0.9000  val_loss=0.3402  val_AUPR_all=0.5897  val_AUPR_ab=0.7406  val_AUPR_ag=0.3796  val_P@5_ab=1.0000  val_P@5_ag=0.8000  select=0.5601
Ep035  LR0=1.24e-04  pw=1.23  aucα=0.300  token_p=0.020  dropE=(0.020,0.080)  smooth=0.010  train_loss=0.1504  train_AUPR_all=0.8460  train_AUPR_ab=0.8763  train_AUPR_ag=0.8032  train_P@5_ab=1.0000  train_P@5_ag=1.0000  val_loss=0.3387  val_AUPR_all=0.5907  val_AUPR_ab=0.7513  val_AUPR_ag=0.3635  val_P@5_ab=1.0000  val_P@5_ag=0.8000  select=0.5574
Ep036  LR0=1.20e-04  pw=1.21  aucα=0.300  token_p=0.020  dropE=(0.020,0.080)  smooth=0.010  train_loss=0.1458  train_AUPR_all=0.8522  train_AUPR_ab=0.8815  train_AUPR_ag=0.8109  train_P@5_ab=0.9500  train_P@5_ag=1.0000  val_loss=0.3504  val_AUPR_all=0.5879  val_AUPR_ab=0.7544  val_AUPR_ag=0.3662  val_P@5_ab=1.0000  val_P@5_ag=0.7500  select=0.5603
Ep037  LR0=1.16e-04  pw=1.19  aucα=0.300  token_p=0.020  dropE=(0.020,0.080)  smooth=0.010  train_loss=0.1416  train_AUPR_all=0.8585  train_AUPR_ab=0.8904  train_AUPR_ag=0.8126  train_P@5_ab=1.0000  train_P@5_ag=1.0000  val_loss=0.3374  val_AUPR_all=0.5827  val_AUPR_ab=0.7398  val_AUPR_ag=0.3723  val_P@5_ab=0.9500  val_P@5_ag=0.8500  select=0.5561
Ep038  LR0=1.12e-04  pw=1.17  aucα=0.300  token_p=0.020  dropE=(0.020,0.080)  smooth=0.010  train_loss=0.1422  train_AUPR_all=0.8549  train_AUPR_ab=0.8853  train_AUPR_ag=0.8117  train_P@5_ab=1.0000  train_P@5_ag=0.9500  val_loss=0.3292  val_AUPR_all=0.5760  val_AUPR_ab=0.7340  val_AUPR_ag=0.3847  val_P@5_ab=0.9000  val_P@5_ag=0.7000  select=0.5594
Ep039  LR0=1.08e-04  pw=1.16  aucα=0.300  token_p=0.020  dropE=(0.020,0.080)  smooth=0.010  train_loss=0.1328  train_AUPR_all=0.8696  train_AUPR_ab=0.8966  train_AUPR_ag=0.8311  train_P@5_ab=1.0000  train_P@5_ag=1.0000  val_loss=0.3454  val_AUPR_all=0.5722  val_AUPR_ab=0.7403  val_AUPR_ag=0.3631  val_P@5_ab=0.9500  val_P@5_ag=0.7000  select=0.5517
Ep040  LR0=1.04e-04  pw=1.14  aucα=0.300  token_p=0.020  dropE=(0.020,0.080)  smooth=0.010  train_loss=0.1314  train_AUPR_all=0.8717  train_AUPR_ab=0.8986  train_AUPR_ag=0.8334  train_P@5_ab=1.0000  train_P@5_ag=1.0000  val_loss=0.3391  val_AUPR_all=0.5768  val_AUPR_ab=0.7402  val_AUPR_ag=0.3700  val_P@5_ab=0.9500  val_P@5_ag=0.9500  select=0.5551
Ep041  LR0=1.00e-04  pw=1.13  aucα=0.300  token_p=0.020  dropE=(0.020,0.080)  smooth=0.010  train_loss=0.1268  train_AUPR_all=0.8783  train_AUPR_ab=0.9056  train_AUPR_ag=0.8389  train_P@5_ab=1.0000  train_P@5_ag=1.0000  val_loss=0.3357  val_AUPR_all=0.5742  val_AUPR_ab=0.7380  val_AUPR_ag=0.3714  val_P@5_ab=0.8500  val_P@5_ag=0.6500  select=0.5547
Ep042  LR0=9.63e-05  pw=1.12  aucα=0.300  token_p=0.020  dropE=(0.020,0.080)  smooth=0.010  train_loss=0.1237  train_AUPR_all=0.8829  train_AUPR_ab=0.9084  train_AUPR_ag=0.8463  train_P@5_ab=1.0000  train_P@5_ag=1.0000  val_loss=0.3418  val_AUPR_all=0.5777  val_AUPR_ab=0.7401  val_AUPR_ag=0.3785  val_P@5_ab=0.8500  val_P@5_ag=0.8500  select=0.5593
Ep043  LR0=9.24e-05  pw=1.10  aucα=0.300  token_p=0.020  dropE=(0.020,0.080)  smooth=0.010  train_loss=0.1182  train_AUPR_all=0.8918  train_AUPR_ab=0.9156  train_AUPR_ag=0.8578  train_P@5_ab=1.0000  train_P@5_ag=1.0000  val_loss=0.3341  val_AUPR_all=0.5775  val_AUPR_ab=0.7386  val_AUPR_ag=0.3564  val_P@5_ab=1.0000  val_P@5_ag=0.7500  select=0.5475
Ep044  LR0=8.85e-05  pw=1.09  aucα=0.300  token_p=0.020  dropE=(0.020,0.080)  smooth=0.010  train_loss=0.1145  train_AUPR_all=0.8972  train_AUPR_ab=0.9192  train_AUPR_ag=0.8659  train_P@5_ab=1.0000  train_P@5_ag=1.0000  val_loss=0.3405  val_AUPR_all=0.5802  val_AUPR_ab=0.7368  val_AUPR_ag=0.3877  val_P@5_ab=1.0000  val_P@5_ag=0.9500  select=0.5623
Ep045  LR0=8.46e-05  pw=1.09  aucα=0.300  token_p=0.020  dropE=(0.020,0.080)  smooth=0.010  train_loss=0.1092  train_AUPR_all=0.9056  train_AUPR_ab=0.9276  train_AUPR_ag=0.8739  train_P@5_ab=1.0000  train_P@5_ag=1.0000  val_loss=0.3480  val_AUPR_all=0.5786  val_AUPR_ab=0.7328  val_AUPR_ag=0.3673  val_P@5_ab=0.9500  val_P@5_ag=0.7000  select=0.5501
Ep046  LR0=8.08e-05  pw=1.08  aucα=0.300  token_p=0.020  dropE=(0.020,0.080)  smooth=0.010  train_loss=0.1045  train_AUPR_all=0.9123  train_AUPR_ab=0.9334  train_AUPR_ag=0.8819  train_P@5_ab=1.0000  train_P@5_ag=1.0000  val_loss=0.3502  val_AUPR_all=0.5671  val_AUPR_ab=0.7407  val_AUPR_ag=0.3561  val_P@5_ab=0.9500  val_P@5_ag=0.4000  select=0.5484
Ep047  LR0=7.70e-05  pw=1.07  aucα=0.300  token_p=0.020  dropE=(0.020,0.080)  smooth=0.010  train_loss=0.1042  train_AUPR_all=0.9121  train_AUPR_ab=0.9331  train_AUPR_ag=0.8817  train_P@5_ab=1.0000  train_P@5_ag=1.0000  val_loss=0.3603  val_AUPR_all=0.5695  val_AUPR_ab=0.7357  val_AUPR_ag=0.3552  val_P@5_ab=0.9500  val_P@5_ag=0.8000  select=0.5454
Ep048  LR0=7.32e-05  pw=1.06  aucα=0.300  token_p=0.020  dropE=(0.020,0.080)  smooth=0.010  train_loss=0.0990  train_AUPR_all=0.9200  train_AUPR_ab=0.9398  train_AUPR_ag=0.8909  train_P@5_ab=1.0000  train_P@5_ag=1.0000  val_loss=0.3592  val_AUPR_all=0.5556  val_AUPR_ab=0.7228  val_AUPR_ag=0.3446  val_P@5_ab=0.8500  val_P@5_ag=0.5000  select=0.5337
Ep049  LR0=6.94e-05  pw=1.06  aucα=0.300  token_p=0.020  dropE=(0.020,0.080)  smooth=0.010  train_loss=0.0952  train_AUPR_all=0.9262  train_AUPR_ab=0.9450  train_AUPR_ag=0.8985  train_P@5_ab=1.0000  train_P@5_ag=1.0000  val_loss=0.3614  val_AUPR_all=0.5573  val_AUPR_ab=0.7222  val_AUPR_ag=0.3365  val_P@5_ab=0.9000  val_P@5_ag=0.6000  select=0.5294
Ep050  LR0=6.57e-05  pw=1.05  aucα=0.300  token_p=0.020  dropE=(0.020,0.080)  smooth=0.010  train_loss=0.0964  train_AUPR_all=0.9235  train_AUPR_ab=0.9417  train_AUPR_ag=0.8971  train_P@5_ab=1.0000  train_P@5_ag=1.0000  val_loss=0.3559  val_AUPR_all=0.5679  val_AUPR_ab=0.7323  val_AUPR_ag=0.3546  val_P@5_ab=1.0000  val_P@5_ag=0.6000  select=0.5434
Ep051  LR0=6.21e-05  pw=1.05  aucα=0.300  token_p=0.020  dropE=(0.020,0.080)  smooth=0.010  train_loss=0.0903  train_AUPR_all=0.9314  train_AUPR_ab=0.9484  train_AUPR_ag=0.9066  train_P@5_ab=1.0000  train_P@5_ag=1.0000  val_loss=0.3443  val_AUPR_all=0.5692  val_AUPR_ab=0.7396  val_AUPR_ag=0.3563  val_P@5_ab=1.0000  val_P@5_ag=0.7000  select=0.5479
Ep052  LR0=5.85e-05  pw=1.04  aucα=0.300  token_p=0.020  dropE=(0.020,0.080)  smooth=0.010  train_loss=0.0934  train_AUPR_all=0.9275  train_AUPR_ab=0.9441  train_AUPR_ag=0.9034  train_P@5_ab=0.9500  train_P@5_ag=1.0000  val_loss=0.3504  val_AUPR_all=0.5576  val_AUPR_ab=0.7222  val_AUPR_ag=0.3536  val_P@5_ab=0.8500  val_P@5_ag=0.7000  select=0.5379
Early stopping at epoch 52. Best select=0.5773 at epoch 32.
Final saved checkpoint for fold 5: checkpoints_balanced/iPara_balanced_l1_g8_i4_do0.10_dpr0.10_lr0.0002_heads16_fold5.pth
Best select=0.5773 at epoch 32
