Device: cuda
Visible GPUs: 1
GPU 0: NVIDIA RTX PRO 6000 Blackwell Server Edition
Config:
  sequence_file: para_tv_esmsequences_1600.npz
  data_file: para_tv_esminterfaces_1600.npz
  edge_file: para_tv_esmedges_1600.npz
  seq_len: 1600
  vocab_size: 31
  num_classes: 2
  pad_id: 1
  eoc_id: 24
  embed_dim: 256
  num_heads: 16
  num_layers: 1
  num_gnn_layers: 9
  num_int_layers: 4
  dropout: 0.1
  drop_path_rate: 0.1
  batch_size: 4
  num_epochs: 60
  warmup_epochs: 10
  min_stop_epoch: 45
  early_stop: 20
  learning_rate: 0.0002
  weight_decay: 0.0001
  max_grad_norm: 0.5
  accum_steps: 1
  amp: True
  weight_start: 20.0
  weight_end: 1.0
  weight_anneal_tau: 8.0
  dropedge_min: 0.02
  dropedge_max: 0.08
  token_drop_p: 0.02
  smooth_lambda: 0.01
  aucpr_alpha: 0.3
  aucpr_ramp_start: 10
  aucpr_ramp_len: 10
  aucpr_bins: 64
  aucpr_temp: 0.05
  antibody_loss_weight: 1.0
  antigen_loss_weight: 1.0
  n_splits: 5
  num_workers: 0
  select_ab_weight: 0.5
  select_ag_weight: 0.5
Dataset size: 858

==========================================================================================
Fold 1/5
==========================================================================================
Train labels: valid=399467, pos=26433, neg=373034, ignore=698133, pos_frac=0.06617
Val labels: valid=100725, pos=6797, neg=93928, ignore=174475, pos_frac=0.06748
Initializing ClassificationModel with 9 GAT layers and residual connections...
Initializing MCModel with 9 GAT layers and 4 row attention layers (drop_path_rate=0.1)
Initializing CoreModel with 1 layers, drop_path_rate=0.1
Ep001  LR0=2.00e-04  pw=20.00  aucα=0.000  token_p=0.020  dropE=(0.020,0.080)  smooth=0.010  train_loss=1.1843  train_AUPR_all=0.1805  train_AUPR_ab=0.2057  train_AUPR_ag=0.1458  train_P@5_ab=0.3500  train_P@5_ag=0.0500  val_loss=1.4191  val_AUPR_all=0.2978  val_AUPR_ab=0.4449  val_AUPR_ag=0.1532  val_P@5_ab=0.6000  val_P@5_ag=0.3500  select=0.2991
  Saved checkpoint: checkpoints_CERS/iPara_balanced_l1_g9_i4_do0.10_dpr0.10_lr0.0002_heads16_fold1.pth  select=0.2991  val_ab=0.4449  val_ag=0.1532  val_all=0.2978
Ep002  LR0=2.00e-04  pw=17.77  aucα=0.000  token_p=0.020  dropE=(0.020,0.080)  smooth=0.010  train_loss=0.8910  train_AUPR_all=0.3296  train_AUPR_ab=0.3926  train_AUPR_ag=0.2328  train_P@5_ab=0.5500  train_P@5_ag=0.8000  val_loss=1.0005  val_AUPR_all=0.4289  val_AUPR_ab=0.5104  val_AUPR_ag=0.2804  val_P@5_ab=0.8000  val_P@5_ag=0.6500  select=0.3954
  Saved checkpoint: checkpoints_CERS/iPara_balanced_l1_g9_i4_do0.10_dpr0.10_lr0.0002_heads16_fold1.pth  select=0.3954  val_ab=0.5104  val_ag=0.2804  val_all=0.4289
Ep003  LR0=1.99e-04  pw=15.80  aucα=0.000  token_p=0.020  dropE=(0.020,0.080)  smooth=0.010  train_loss=0.7383  train_AUPR_all=0.3996  train_AUPR_ab=0.4779  train_AUPR_ag=0.2693  train_P@5_ab=0.7000  train_P@5_ag=0.9000  val_loss=1.2606  val_AUPR_all=0.4601  val_AUPR_ab=0.5630  val_AUPR_ag=0.2961  val_P@5_ab=0.5000  val_P@5_ag=0.6500  select=0.4295
  Saved checkpoint: checkpoints_CERS/iPara_balanced_l1_g9_i4_do0.10_dpr0.10_lr0.0002_heads16_fold1.pth  select=0.4295  val_ab=0.5630  val_ag=0.2961  val_all=0.4601
Ep004  LR0=1.99e-04  pw=14.06  aucα=0.000  token_p=0.020  dropE=(0.020,0.080)  smooth=0.010  train_loss=0.6913  train_AUPR_all=0.4418  train_AUPR_ab=0.5197  train_AUPR_ag=0.3000  train_P@5_ab=0.7500  train_P@5_ag=0.9000  val_loss=0.9278  val_AUPR_all=0.4377  val_AUPR_ab=0.5642  val_AUPR_ag=0.2400  val_P@5_ab=0.8500  val_P@5_ag=0.3000  select=0.4021
Unfreezing DyM parameters.
Ep005  LR0=1.98e-04  pw=12.52  aucα=0.000  token_p=0.020  dropE=(0.020,0.080)  smooth=0.010  train_loss=0.6169  train_AUPR_all=0.4550  train_AUPR_ab=0.5356  train_AUPR_ag=0.3073  train_P@5_ab=0.8000  train_P@5_ag=0.8500  val_loss=0.8772  val_AUPR_all=0.4749  val_AUPR_ab=0.6035  val_AUPR_ag=0.2858  val_P@5_ab=0.7500  val_P@5_ag=0.7000  select=0.4447
  Saved checkpoint: checkpoints_CERS/iPara_balanced_l1_g9_i4_do0.10_dpr0.10_lr0.0002_heads16_fold1.pth  select=0.4447  val_ab=0.6035  val_ag=0.2858  val_all=0.4749
Ep006  LR0=1.97e-04  pw=11.17  aucα=0.000  token_p=0.020  dropE=(0.020,0.080)  smooth=0.010  train_loss=0.5724  train_AUPR_all=0.4895  train_AUPR_ab=0.5789  train_AUPR_ag=0.3261  train_P@5_ab=0.8000  train_P@5_ag=0.8500  val_loss=0.7713  val_AUPR_all=0.5180  val_AUPR_ab=0.6250  val_AUPR_ag=0.3272  val_P@5_ab=0.7500  val_P@5_ag=0.8000  select=0.4761
  Saved checkpoint: checkpoints_CERS/iPara_balanced_l1_g9_i4_do0.10_dpr0.10_lr0.0002_heads16_fold1.pth  select=0.4761  val_ab=0.6250  val_ag=0.3272  val_all=0.5180
Ep007  LR0=1.95e-04  pw=9.97  aucα=0.000  token_p=0.020  dropE=(0.020,0.080)  smooth=0.010  train_loss=0.5256  train_AUPR_all=0.5028  train_AUPR_ab=0.5988  train_AUPR_ag=0.3309  train_P@5_ab=0.9500  train_P@5_ag=0.9000  val_loss=0.7349  val_AUPR_all=0.5263  val_AUPR_ab=0.6294  val_AUPR_ag=0.3391  val_P@5_ab=0.8000  val_P@5_ag=0.9000  select=0.4843
  Saved checkpoint: checkpoints_CERS/iPara_balanced_l1_g9_i4_do0.10_dpr0.10_lr0.0002_heads16_fold1.pth  select=0.4843  val_ab=0.6294  val_ag=0.3391  val_all=0.5263
Ep008  LR0=1.93e-04  pw=8.92  aucα=0.000  token_p=0.020  dropE=(0.020,0.080)  smooth=0.010  train_loss=0.4962  train_AUPR_all=0.5155  train_AUPR_ab=0.6143  train_AUPR_ag=0.3425  train_P@5_ab=0.9000  train_P@5_ag=0.7000  val_loss=0.7096  val_AUPR_all=0.5167  val_AUPR_ab=0.6367  val_AUPR_ag=0.3361  val_P@5_ab=0.7500  val_P@5_ag=0.8000  select=0.4864
  Saved checkpoint: checkpoints_CERS/iPara_balanced_l1_g9_i4_do0.10_dpr0.10_lr0.0002_heads16_fold1.pth  select=0.4864  val_ab=0.6367  val_ag=0.3361  val_all=0.5167
Ep009  LR0=1.91e-04  pw=7.99  aucα=0.000  token_p=0.020  dropE=(0.020,0.080)  smooth=0.010  train_loss=0.4664  train_AUPR_all=0.5210  train_AUPR_ab=0.6144  train_AUPR_ag=0.3529  train_P@5_ab=0.8500  train_P@5_ag=0.8500  val_loss=0.7545  val_AUPR_all=0.4992  val_AUPR_ab=0.6468  val_AUPR_ag=0.2928  val_P@5_ab=1.0000  val_P@5_ag=0.9500  select=0.4698
Ep010  LR0=1.89e-04  pw=7.17  aucα=0.030  token_p=0.020  dropE=(0.020,0.080)  smooth=0.010  train_loss=0.4469  train_AUPR_all=0.5332  train_AUPR_ab=0.6340  train_AUPR_ag=0.3579  train_P@5_ab=0.9000  train_P@5_ag=0.8000  val_loss=0.6211  val_AUPR_all=0.5432  val_AUPR_ab=0.6623  val_AUPR_ag=0.3469  val_P@5_ab=1.0000  val_P@5_ag=1.0000  select=0.5046
  Saved checkpoint: checkpoints_CERS/iPara_balanced_l1_g9_i4_do0.10_dpr0.10_lr0.0002_heads16_fold1.pth  select=0.5046  val_ab=0.6623  val_ag=0.3469  val_all=0.5432
Ep011  LR0=1.87e-04  pw=6.44  aucα=0.060  token_p=0.020  dropE=(0.020,0.080)  smooth=0.010  train_loss=0.4346  train_AUPR_all=0.5445  train_AUPR_ab=0.6484  train_AUPR_ag=0.3736  train_P@5_ab=1.0000  train_P@5_ag=0.9500  val_loss=0.6146  val_AUPR_all=0.5237  val_AUPR_ab=0.6547  val_AUPR_ag=0.3400  val_P@5_ab=0.9500  val_P@5_ag=1.0000  select=0.4973
Ep012  LR0=1.84e-04  pw=5.80  aucα=0.090  token_p=0.020  dropE=(0.020,0.080)  smooth=0.010  train_loss=0.4277  train_AUPR_all=0.5500  train_AUPR_ab=0.6549  train_AUPR_ag=0.3738  train_P@5_ab=0.8500  train_P@5_ag=0.8000  val_loss=0.5891  val_AUPR_all=0.4779  val_AUPR_ab=0.6515  val_AUPR_ag=0.2941  val_P@5_ab=0.9000  val_P@5_ag=0.8000  select=0.4728
Ep013  LR0=1.81e-04  pw=5.24  aucα=0.120  token_p=0.020  dropE=(0.020,0.080)  smooth=0.010  train_loss=0.4157  train_AUPR_all=0.5628  train_AUPR_ab=0.6697  train_AUPR_ag=0.3839  train_P@5_ab=0.9000  train_P@5_ag=0.9000  val_loss=0.5933  val_AUPR_all=0.5336  val_AUPR_ab=0.6839  val_AUPR_ag=0.3040  val_P@5_ab=1.0000  val_P@5_ag=1.0000  select=0.4939
Ep014  LR0=1.78e-04  pw=4.74  aucα=0.150  token_p=0.020  dropE=(0.020,0.080)  smooth=0.010  train_loss=0.4066  train_AUPR_all=0.5739  train_AUPR_ab=0.6831  train_AUPR_ag=0.3951  train_P@5_ab=0.9500  train_P@5_ag=0.8000  val_loss=0.5271  val_AUPR_all=0.5550  val_AUPR_ab=0.6885  val_AUPR_ag=0.3465  val_P@5_ab=0.9500  val_P@5_ag=0.9500  select=0.5175
  Saved checkpoint: checkpoints_CERS/iPara_balanced_l1_g9_i4_do0.10_dpr0.10_lr0.0002_heads16_fold1.pth  select=0.5175  val_ab=0.6885  val_ag=0.3465  val_all=0.5550
Ep015  LR0=1.74e-04  pw=4.30  aucα=0.180  token_p=0.020  dropE=(0.020,0.080)  smooth=0.010  train_loss=0.3984  train_AUPR_all=0.5784  train_AUPR_ab=0.6898  train_AUPR_ag=0.3971  train_P@5_ab=1.0000  train_P@5_ag=0.8500  val_loss=0.4898  val_AUPR_all=0.5635  val_AUPR_ab=0.6957  val_AUPR_ag=0.3493  val_P@5_ab=1.0000  val_P@5_ag=0.9000  select=0.5225
  Saved checkpoint: checkpoints_CERS/iPara_balanced_l1_g9_i4_do0.10_dpr0.10_lr0.0002_heads16_fold1.pth  select=0.5225  val_ab=0.6957  val_ag=0.3493  val_all=0.5635
Ep016  LR0=1.71e-04  pw=3.91  aucα=0.210  token_p=0.020  dropE=(0.020,0.080)  smooth=0.010  train_loss=0.3898  train_AUPR_all=0.5886  train_AUPR_ab=0.6967  train_AUPR_ag=0.4108  train_P@5_ab=1.0000  train_P@5_ag=0.8000  val_loss=0.4900  val_AUPR_all=0.5598  val_AUPR_ab=0.6884  val_AUPR_ag=0.3422  val_P@5_ab=0.9000  val_P@5_ag=1.0000  select=0.5153
Ep017  LR0=1.67e-04  pw=3.57  aucα=0.240  token_p=0.020  dropE=(0.020,0.080)  smooth=0.010  train_loss=0.3868  train_AUPR_all=0.5959  train_AUPR_ab=0.7092  train_AUPR_ag=0.4152  train_P@5_ab=0.9500  train_P@5_ag=0.8500  val_loss=0.4634  val_AUPR_all=0.5620  val_AUPR_ab=0.6969  val_AUPR_ag=0.3377  val_P@5_ab=1.0000  val_P@5_ag=0.8500  select=0.5173
Ep018  LR0=1.63e-04  pw=3.27  aucα=0.270  token_p=0.020  dropE=(0.020,0.080)  smooth=0.010  train_loss=0.3807  train_AUPR_all=0.6049  train_AUPR_ab=0.7120  train_AUPR_ag=0.4283  train_P@5_ab=0.8500  train_P@5_ag=0.9000  val_loss=0.4628  val_AUPR_all=0.5693  val_AUPR_ab=0.7171  val_AUPR_ag=0.3384  val_P@5_ab=1.0000  val_P@5_ag=0.8000  select=0.5278
  Saved checkpoint: checkpoints_CERS/iPara_balanced_l1_g9_i4_do0.10_dpr0.10_lr0.0002_heads16_fold1.pth  select=0.5278  val_ab=0.7171  val_ag=0.3384  val_all=0.5693
Ep019  LR0=1.59e-04  pw=3.00  aucα=0.300  token_p=0.020  dropE=(0.020,0.080)  smooth=0.010  train_loss=0.3793  train_AUPR_all=0.6092  train_AUPR_ab=0.7169  train_AUPR_ag=0.4357  train_P@5_ab=0.9500  train_P@5_ag=0.7000  val_loss=0.4234  val_AUPR_all=0.5772  val_AUPR_ab=0.7253  val_AUPR_ag=0.3427  val_P@5_ab=0.9500  val_P@5_ag=1.0000  select=0.5340
  Saved checkpoint: checkpoints_CERS/iPara_balanced_l1_g9_i4_do0.10_dpr0.10_lr0.0002_heads16_fold1.pth  select=0.5340  val_ab=0.7253  val_ag=0.3427  val_all=0.5772
Ep020  LR0=1.55e-04  pw=2.77  aucα=0.300  token_p=0.020  dropE=(0.020,0.080)  smooth=0.010  train_loss=0.3585  train_AUPR_all=0.6215  train_AUPR_ab=0.7273  train_AUPR_ag=0.4500  train_P@5_ab=1.0000  train_P@5_ag=0.8000  val_loss=0.4015  val_AUPR_all=0.5899  val_AUPR_ab=0.7285  val_AUPR_ag=0.3699  val_P@5_ab=0.9500  val_P@5_ag=1.0000  select=0.5492
  Saved checkpoint: checkpoints_CERS/iPara_balanced_l1_g9_i4_do0.10_dpr0.10_lr0.0002_heads16_fold1.pth  select=0.5492  val_ab=0.7285  val_ag=0.3699  val_all=0.5899
Ep021  LR0=1.50e-04  pw=2.56  aucα=0.300  token_p=0.020  dropE=(0.020,0.080)  smooth=0.010  train_loss=0.3439  train_AUPR_all=0.6294  train_AUPR_ab=0.7335  train_AUPR_ag=0.4653  train_P@5_ab=1.0000  train_P@5_ag=0.9500  val_loss=0.4164  val_AUPR_all=0.5726  val_AUPR_ab=0.7110  val_AUPR_ag=0.3510  val_P@5_ab=0.9500  val_P@5_ag=0.9500  select=0.5310
Ep022  LR0=1.46e-04  pw=2.38  aucα=0.300  token_p=0.020  dropE=(0.020,0.080)  smooth=0.010  train_loss=0.3280  train_AUPR_all=0.6387  train_AUPR_ab=0.7421  train_AUPR_ag=0.4746  train_P@5_ab=1.0000  train_P@5_ag=0.9500  val_loss=0.3925  val_AUPR_all=0.5746  val_AUPR_ab=0.7246  val_AUPR_ag=0.3386  val_P@5_ab=1.0000  val_P@5_ag=0.8500  select=0.5316
Ep023  LR0=1.41e-04  pw=2.21  aucα=0.300  token_p=0.020  dropE=(0.020,0.080)  smooth=0.010  train_loss=0.3140  train_AUPR_all=0.6525  train_AUPR_ab=0.7532  train_AUPR_ag=0.4923  train_P@5_ab=1.0000  train_P@5_ag=0.9500  val_loss=0.3985  val_AUPR_all=0.5737  val_AUPR_ab=0.7228  val_AUPR_ag=0.3511  val_P@5_ab=0.9500  val_P@5_ag=0.8500  select=0.5370
Ep024  LR0=1.36e-04  pw=2.07  aucα=0.300  token_p=0.020  dropE=(0.020,0.080)  smooth=0.010  train_loss=0.3033  train_AUPR_all=0.6557  train_AUPR_ab=0.7555  train_AUPR_ag=0.4968  train_P@5_ab=0.9500  train_P@5_ag=0.9500  val_loss=0.3689  val_AUPR_all=0.5852  val_AUPR_ab=0.7268  val_AUPR_ag=0.3662  val_P@5_ab=0.9500  val_P@5_ag=0.9000  select=0.5465
Ep025  LR0=1.31e-04  pw=1.95  aucα=0.300  token_p=0.020  dropE=(0.020,0.080)  smooth=0.010  train_loss=0.2908  train_AUPR_all=0.6667  train_AUPR_ab=0.7596  train_AUPR_ag=0.5208  train_P@5_ab=1.0000  train_P@5_ag=1.0000  val_loss=0.3475  val_AUPR_all=0.6003  val_AUPR_ab=0.7341  val_AUPR_ag=0.3954  val_P@5_ab=1.0000  val_P@5_ag=1.0000  select=0.5647
  Saved checkpoint: checkpoints_CERS/iPara_balanced_l1_g9_i4_do0.10_dpr0.10_lr0.0002_heads16_fold1.pth  select=0.5647  val_ab=0.7341  val_ag=0.3954  val_all=0.6003
Ep026  LR0=1.26e-04  pw=1.83  aucα=0.300  token_p=0.020  dropE=(0.020,0.080)  smooth=0.010  train_loss=0.2806  train_AUPR_all=0.6711  train_AUPR_ab=0.7626  train_AUPR_ag=0.5279  train_P@5_ab=0.9500  train_P@5_ag=0.9000  val_loss=0.3562  val_AUPR_all=0.5765  val_AUPR_ab=0.7279  val_AUPR_ag=0.3634  val_P@5_ab=1.0000  val_P@5_ag=0.9000  select=0.5456
Ep027  LR0=1.21e-04  pw=1.74  aucα=0.300  token_p=0.020  dropE=(0.020,0.080)  smooth=0.010  train_loss=0.2717  train_AUPR_all=0.6815  train_AUPR_ab=0.7696  train_AUPR_ag=0.5438  train_P@5_ab=0.9000  train_P@5_ag=0.9500  val_loss=0.3495  val_AUPR_all=0.5889  val_AUPR_ab=0.7305  val_AUPR_ag=0.3691  val_P@5_ab=0.9000  val_P@5_ag=1.0000  select=0.5498
Ep028  LR0=1.16e-04  pw=1.65  aucα=0.300  token_p=0.020  dropE=(0.020,0.080)  smooth=0.010  train_loss=0.2591  train_AUPR_all=0.6926  train_AUPR_ab=0.7796  train_AUPR_ag=0.5583  train_P@5_ab=1.0000  train_P@5_ag=1.0000  val_loss=0.3424  val_AUPR_all=0.5867  val_AUPR_ab=0.7412  val_AUPR_ag=0.3492  val_P@5_ab=0.9500  val_P@5_ag=0.7500  select=0.5452
Ep029  LR0=1.11e-04  pw=1.57  aucα=0.300  token_p=0.020  dropE=(0.020,0.080)  smooth=0.010  train_loss=0.2519  train_AUPR_all=0.6975  train_AUPR_ab=0.7840  train_AUPR_ag=0.5637  train_P@5_ab=1.0000  train_P@5_ag=0.9500  val_loss=0.3460  val_AUPR_all=0.5969  val_AUPR_ab=0.7366  val_AUPR_ag=0.3858  val_P@5_ab=0.9500  val_P@5_ag=1.0000  select=0.5612
Ep030  LR0=1.05e-04  pw=1.51  aucα=0.300  token_p=0.020  dropE=(0.020,0.080)  smooth=0.010  train_loss=0.2421  train_AUPR_all=0.7096  train_AUPR_ab=0.7914  train_AUPR_ag=0.5837  train_P@5_ab=0.9500  train_P@5_ag=0.8500  val_loss=0.3341  val_AUPR_all=0.5887  val_AUPR_ab=0.7339  val_AUPR_ag=0.3749  val_P@5_ab=0.9500  val_P@5_ag=0.9500  select=0.5544
Ep031  LR0=1.00e-04  pw=1.45  aucα=0.300  token_p=0.020  dropE=(0.020,0.080)  smooth=0.010  train_loss=0.2354  train_AUPR_all=0.7151  train_AUPR_ab=0.7929  train_AUPR_ag=0.5964  train_P@5_ab=1.0000  train_P@5_ag=0.9500  val_loss=0.3246  val_AUPR_all=0.5948  val_AUPR_ab=0.7365  val_AUPR_ag=0.3895  val_P@5_ab=0.9000  val_P@5_ag=1.0000  select=0.5630
Ep032  LR0=9.50e-05  pw=1.39  aucα=0.300  token_p=0.020  dropE=(0.020,0.080)  smooth=0.010  train_loss=0.2288  train_AUPR_all=0.7205  train_AUPR_ab=0.7967  train_AUPR_ag=0.6034  train_P@5_ab=0.9500  train_P@5_ag=0.9500  val_loss=0.3093  val_AUPR_all=0.6056  val_AUPR_ab=0.7425  val_AUPR_ag=0.3989  val_P@5_ab=0.9500  val_P@5_ag=1.0000  select=0.5707
  Saved checkpoint: checkpoints_CERS/iPara_balanced_l1_g9_i4_do0.10_dpr0.10_lr0.0002_heads16_fold1.pth  select=0.5707  val_ab=0.7425  val_ag=0.3989  val_all=0.6056
Ep033  LR0=8.98e-05  pw=1.35  aucα=0.300  token_p=0.020  dropE=(0.020,0.080)  smooth=0.010  train_loss=0.2181  train_AUPR_all=0.7344  train_AUPR_ab=0.8050  train_AUPR_ag=0.6276  train_P@5_ab=1.0000  train_P@5_ag=0.9500  val_loss=0.3251  val_AUPR_all=0.5869  val_AUPR_ab=0.7361  val_AUPR_ag=0.3811  val_P@5_ab=1.0000  val_P@5_ag=1.0000  select=0.5586
Ep034  LR0=8.46e-05  pw=1.31  aucα=0.300  token_p=0.020  dropE=(0.020,0.080)  smooth=0.010  train_loss=0.2180  train_AUPR_all=0.7319  train_AUPR_ab=0.7995  train_AUPR_ag=0.6308  train_P@5_ab=1.0000  train_P@5_ag=1.0000  val_loss=0.3081  val_AUPR_all=0.6058  val_AUPR_ab=0.7416  val_AUPR_ag=0.3988  val_P@5_ab=1.0000  val_P@5_ag=1.0000  select=0.5702
Ep035  LR0=7.95e-05  pw=1.27  aucα=0.300  token_p=0.020  dropE=(0.020,0.080)  smooth=0.010  train_loss=0.2125  train_AUPR_all=0.7413  train_AUPR_ab=0.8103  train_AUPR_ag=0.6376  train_P@5_ab=1.0000  train_P@5_ag=0.8500  val_loss=0.3146  val_AUPR_all=0.5895  val_AUPR_ab=0.7324  val_AUPR_ag=0.3769  val_P@5_ab=0.9500  val_P@5_ag=0.7500  select=0.5547
Ep036  LR0=7.44e-05  pw=1.24  aucα=0.300  token_p=0.020  dropE=(0.020,0.080)  smooth=0.010  train_loss=0.2045  train_AUPR_all=0.7522  train_AUPR_ab=0.8170  train_AUPR_ag=0.6546  train_P@5_ab=1.0000  train_P@5_ag=0.9000  val_loss=0.3067  val_AUPR_all=0.5922  val_AUPR_ab=0.7392  val_AUPR_ag=0.3792  val_P@5_ab=1.0000  val_P@5_ag=0.8500  select=0.5592
Ep037  LR0=6.94e-05  pw=1.21  aucα=0.300  token_p=0.020  dropE=(0.020,0.080)  smooth=0.010  train_loss=0.1969  train_AUPR_all=0.7632  train_AUPR_ab=0.8249  train_AUPR_ag=0.6711  train_P@5_ab=0.9500  train_P@5_ag=1.0000  val_loss=0.3082  val_AUPR_all=0.5937  val_AUPR_ab=0.7369  val_AUPR_ag=0.3818  val_P@5_ab=0.9500  val_P@5_ag=0.8000  select=0.5594
Ep038  LR0=6.45e-05  pw=1.19  aucα=0.300  token_p=0.020  dropE=(0.020,0.080)  smooth=0.010  train_loss=0.1876  train_AUPR_all=0.7770  train_AUPR_ab=0.8340  train_AUPR_ag=0.6921  train_P@5_ab=0.9500  train_P@5_ag=1.0000  val_loss=0.3202  val_AUPR_all=0.5871  val_AUPR_ab=0.7371  val_AUPR_ag=0.3651  val_P@5_ab=0.9500  val_P@5_ag=0.8000  select=0.5511
Ep039  LR0=5.97e-05  pw=1.16  aucα=0.300  token_p=0.020  dropE=(0.020,0.080)  smooth=0.010  train_loss=0.1872  train_AUPR_all=0.7757  train_AUPR_ab=0.8348  train_AUPR_ag=0.6878  train_P@5_ab=1.0000  train_P@5_ag=1.0000  val_loss=0.3195  val_AUPR_all=0.5887  val_AUPR_ab=0.7396  val_AUPR_ag=0.3701  val_P@5_ab=1.0000  val_P@5_ag=0.8500  select=0.5548
Ep040  LR0=5.50e-05  pw=1.15  aucα=0.300  token_p=0.020  dropE=(0.020,0.080)  smooth=0.010  train_loss=0.1816  train_AUPR_all=0.7825  train_AUPR_ab=0.8352  train_AUPR_ag=0.7049  train_P@5_ab=1.0000  train_P@5_ag=1.0000  val_loss=0.3144  val_AUPR_all=0.5894  val_AUPR_ab=0.7466  val_AUPR_ag=0.3792  val_P@5_ab=0.9500  val_P@5_ag=0.9000  select=0.5629
Ep041  LR0=5.04e-05  pw=1.13  aucα=0.300  token_p=0.020  dropE=(0.020,0.080)  smooth=0.010  train_loss=0.1758  train_AUPR_all=0.7939  train_AUPR_ab=0.8468  train_AUPR_ag=0.7156  train_P@5_ab=1.0000  train_P@5_ag=0.9500  val_loss=0.3036  val_AUPR_all=0.5960  val_AUPR_ab=0.7477  val_AUPR_ag=0.3794  val_P@5_ab=1.0000  val_P@5_ag=0.7000  select=0.5635
Ep042  LR0=4.59e-05  pw=1.11  aucα=0.300  token_p=0.020  dropE=(0.020,0.080)  smooth=0.010  train_loss=0.1759  train_AUPR_all=0.7932  train_AUPR_ab=0.8440  train_AUPR_ag=0.7186  train_P@5_ab=1.0000  train_P@5_ag=1.0000  val_loss=0.3051  val_AUPR_all=0.5950  val_AUPR_ab=0.7432  val_AUPR_ag=0.3807  val_P@5_ab=0.9500  val_P@5_ag=1.0000  select=0.5620
Ep043  LR0=4.16e-05  pw=1.10  aucα=0.300  token_p=0.020  dropE=(0.020,0.080)  smooth=0.010  train_loss=0.1681  train_AUPR_all=0.8055  train_AUPR_ab=0.8544  train_AUPR_ag=0.7331  train_P@5_ab=1.0000  train_P@5_ag=1.0000  val_loss=0.3080  val_AUPR_all=0.5892  val_AUPR_ab=0.7345  val_AUPR_ag=0.3723  val_P@5_ab=0.9000  val_P@5_ag=0.9500  select=0.5534
Ep044  LR0=3.75e-05  pw=1.09  aucα=0.300  token_p=0.020  dropE=(0.020,0.080)  smooth=0.010  train_loss=0.1709  train_AUPR_all=0.7988  train_AUPR_ab=0.8479  train_AUPR_ag=0.7267  train_P@5_ab=1.0000  train_P@5_ag=1.0000  val_loss=0.3069  val_AUPR_all=0.5941  val_AUPR_ab=0.7373  val_AUPR_ag=0.3908  val_P@5_ab=1.0000  val_P@5_ag=0.9000  select=0.5640
Ep045  LR0=3.35e-05  pw=1.08  aucα=0.300  token_p=0.020  dropE=(0.020,0.080)  smooth=0.010  train_loss=0.1634  train_AUPR_all=0.8117  train_AUPR_ab=0.8589  train_AUPR_ag=0.7423  train_P@5_ab=1.0000  train_P@5_ag=1.0000  val_loss=0.3119  val_AUPR_all=0.5883  val_AUPR_ab=0.7439  val_AUPR_ag=0.3656  val_P@5_ab=0.9000  val_P@5_ag=0.7000  select=0.5548
Ep046  LR0=2.97e-05  pw=1.07  aucα=0.300  token_p=0.020  dropE=(0.020,0.080)  smooth=0.010  train_loss=0.1634  train_AUPR_all=0.8120  train_AUPR_ab=0.8599  train_AUPR_ag=0.7415  train_P@5_ab=1.0000  train_P@5_ag=0.9500  val_loss=0.3124  val_AUPR_all=0.5813  val_AUPR_ab=0.7301  val_AUPR_ag=0.3659  val_P@5_ab=0.8500  val_P@5_ag=0.6500  select=0.5480
Ep047  LR0=2.61e-05  pw=1.06  aucα=0.300  token_p=0.020  dropE=(0.020,0.080)  smooth=0.010  train_loss=0.1583  train_AUPR_all=0.8192  train_AUPR_ab=0.8650  train_AUPR_ag=0.7518  train_P@5_ab=1.0000  train_P@5_ag=1.0000  val_loss=0.3160  val_AUPR_all=0.5824  val_AUPR_ab=0.7382  val_AUPR_ag=0.3741  val_P@5_ab=0.9500  val_P@5_ag=0.6500  select=0.5562
Ep048  LR0=2.27e-05  pw=1.05  aucα=0.300  token_p=0.020  dropE=(0.020,0.080)  smooth=0.010  train_loss=0.1571  train_AUPR_all=0.8207  train_AUPR_ab=0.8668  train_AUPR_ag=0.7525  train_P@5_ab=1.0000  train_P@5_ag=0.9500  val_loss=0.3139  val_AUPR_all=0.5871  val_AUPR_ab=0.7393  val_AUPR_ag=0.3743  val_P@5_ab=1.0000  val_P@5_ag=0.6500  select=0.5568
Ep049  LR0=1.96e-05  pw=1.05  aucα=0.300  token_p=0.020  dropE=(0.020,0.080)  smooth=0.010  train_loss=0.1554  train_AUPR_all=0.8233  train_AUPR_ab=0.8662  train_AUPR_ag=0.7602  train_P@5_ab=1.0000  train_P@5_ag=1.0000  val_loss=0.3134  val_AUPR_all=0.5868  val_AUPR_ab=0.7383  val_AUPR_ag=0.3676  val_P@5_ab=0.9500  val_P@5_ag=0.6500  select=0.5530
Ep050  LR0=1.66e-05  pw=1.04  aucα=0.300  token_p=0.020  dropE=(0.020,0.080)  smooth=0.010  train_loss=0.1526  train_AUPR_all=0.8280  train_AUPR_ab=0.8728  train_AUPR_ag=0.7616  train_P@5_ab=1.0000  train_P@5_ag=1.0000  val_loss=0.3143  val_AUPR_all=0.5890  val_AUPR_ab=0.7405  val_AUPR_ag=0.3744  val_P@5_ab=0.9500  val_P@5_ag=0.7000  select=0.5575
Ep051  LR0=1.39e-05  pw=1.04  aucα=0.300  token_p=0.020  dropE=(0.020,0.080)  smooth=0.010  train_loss=0.1546  train_AUPR_all=0.8243  train_AUPR_ab=0.8654  train_AUPR_ag=0.7648  train_P@5_ab=1.0000  train_P@5_ag=1.0000  val_loss=0.3118  val_AUPR_all=0.5827  val_AUPR_ab=0.7384  val_AUPR_ag=0.3683  val_P@5_ab=0.8500  val_P@5_ag=0.6000  select=0.5533
Ep052  LR0=1.14e-05  pw=1.03  aucα=0.300  token_p=0.020  dropE=(0.020,0.080)  smooth=0.010  train_loss=0.1541  train_AUPR_all=0.8237  train_AUPR_ab=0.8695  train_AUPR_ag=0.7556  train_P@5_ab=0.9500  train_P@5_ag=1.0000  val_loss=0.3090  val_AUPR_all=0.5854  val_AUPR_ab=0.7395  val_AUPR_ag=0.3717  val_P@5_ab=1.0000  val_P@5_ag=0.7000  select=0.5556
Early stopping at epoch 52. Best select=0.5707 at epoch 32.
Final saved checkpoint for fold 1: checkpoints_CERS/iPara_balanced_l1_g9_i4_do0.10_dpr0.10_lr0.0002_heads16_fold1.pth
Best select=0.5707 at epoch 32

==========================================================================================
Fold 2/5
==========================================================================================
Train labels: valid=400834, pos=26650, neg=374184, ignore=696766, pos_frac=0.06649
Val labels: valid=99358, pos=6580, neg=92778, ignore=175842, pos_frac=0.06623
Initializing ClassificationModel with 9 GAT layers and residual connections...
Initializing MCModel with 9 GAT layers and 4 row attention layers (drop_path_rate=0.1)
Initializing CoreModel with 1 layers, drop_path_rate=0.1
Ep001  LR0=2.00e-04  pw=20.00  aucα=0.000  token_p=0.020  dropE=(0.020,0.080)  smooth=0.010  train_loss=1.3014  train_AUPR_all=0.1715  train_AUPR_ab=0.1800  train_AUPR_ag=0.1617  train_P@5_ab=0.2500  train_P@5_ag=0.0000  val_loss=1.2799  val_AUPR_all=0.3067  val_AUPR_ab=0.4257  val_AUPR_ag=0.1567  val_P@5_ab=0.5500  val_P@5_ag=0.4500  select=0.2912
  Saved checkpoint: checkpoints_CERS/iPara_balanced_l1_g9_i4_do0.10_dpr0.10_lr0.0002_heads16_fold2.pth  select=0.2912  val_ab=0.4257  val_ag=0.1567  val_all=0.3067
Ep002  LR0=2.00e-04  pw=17.77  aucα=0.000  token_p=0.020  dropE=(0.020,0.080)  smooth=0.010  train_loss=0.8785  train_AUPR_all=0.3386  train_AUPR_ab=0.4152  train_AUPR_ag=0.2226  train_P@5_ab=0.8000  train_P@5_ag=0.8500  val_loss=1.1815  val_AUPR_all=0.3257  val_AUPR_ab=0.3471  val_AUPR_ag=0.2876  val_P@5_ab=0.7000  val_P@5_ag=0.7000  select=0.3173
  Saved checkpoint: checkpoints_CERS/iPara_balanced_l1_g9_i4_do0.10_dpr0.10_lr0.0002_heads16_fold2.pth  select=0.3173  val_ab=0.3471  val_ag=0.2876  val_all=0.3257
Ep003  LR0=1.99e-04  pw=15.80  aucα=0.000  token_p=0.020  dropE=(0.020,0.080)  smooth=0.010  train_loss=0.7478  train_AUPR_all=0.3973  train_AUPR_ab=0.4858  train_AUPR_ag=0.2552  train_P@5_ab=0.7500  train_P@5_ag=0.8500  val_loss=1.0985  val_AUPR_all=0.4367  val_AUPR_ab=0.5389  val_AUPR_ag=0.2813  val_P@5_ab=0.4500  val_P@5_ag=0.8000  select=0.4101
  Saved checkpoint: checkpoints_CERS/iPara_balanced_l1_g9_i4_do0.10_dpr0.10_lr0.0002_heads16_fold2.pth  select=0.4101  val_ab=0.5389  val_ag=0.2813  val_all=0.4367
Ep004  LR0=1.99e-04  pw=14.06  aucα=0.000  token_p=0.020  dropE=(0.020,0.080)  smooth=0.010  train_loss=0.7222  train_AUPR_all=0.4043  train_AUPR_ab=0.4872  train_AUPR_ag=0.2650  train_P@5_ab=0.5000  train_P@5_ag=0.7000  val_loss=1.0977  val_AUPR_all=0.3638  val_AUPR_ab=0.5277  val_AUPR_ag=0.1864  val_P@5_ab=0.7000  val_P@5_ag=0.3000  select=0.3570
Unfreezing DyM parameters.
Ep005  LR0=1.98e-04  pw=12.52  aucα=0.000  token_p=0.020  dropE=(0.020,0.080)  smooth=0.010  train_loss=0.6499  train_AUPR_all=0.4350  train_AUPR_ab=0.5245  train_AUPR_ag=0.2835  train_P@5_ab=0.5500  train_P@5_ag=0.8500  val_loss=1.0148  val_AUPR_all=0.4690  val_AUPR_ab=0.5530  val_AUPR_ag=0.3133  val_P@5_ab=0.6500  val_P@5_ag=0.8500  select=0.4332
  Saved checkpoint: checkpoints_CERS/iPara_balanced_l1_g9_i4_do0.10_dpr0.10_lr0.0002_heads16_fold2.pth  select=0.4332  val_ab=0.5530  val_ag=0.3133  val_all=0.4690
Ep006  LR0=1.97e-04  pw=11.17  aucα=0.000  token_p=0.020  dropE=(0.020,0.080)  smooth=0.010  train_loss=0.5846  train_AUPR_all=0.4636  train_AUPR_ab=0.5529  train_AUPR_ag=0.3096  train_P@5_ab=0.8500  train_P@5_ag=0.7500  val_loss=0.8306  val_AUPR_all=0.4838  val_AUPR_ab=0.5839  val_AUPR_ag=0.3151  val_P@5_ab=0.8500  val_P@5_ag=0.7000  select=0.4495
  Saved checkpoint: checkpoints_CERS/iPara_balanced_l1_g9_i4_do0.10_dpr0.10_lr0.0002_heads16_fold2.pth  select=0.4495  val_ab=0.5839  val_ag=0.3151  val_all=0.4838
Ep007  LR0=1.95e-04  pw=9.97  aucα=0.000  token_p=0.020  dropE=(0.020,0.080)  smooth=0.010  train_loss=0.5490  train_AUPR_all=0.4844  train_AUPR_ab=0.5776  train_AUPR_ag=0.3183  train_P@5_ab=0.9000  train_P@5_ag=0.8000  val_loss=0.9806  val_AUPR_all=0.4941  val_AUPR_ab=0.6101  val_AUPR_ag=0.3080  val_P@5_ab=0.7000  val_P@5_ag=0.6500  select=0.4590
  Saved checkpoint: checkpoints_CERS/iPara_balanced_l1_g9_i4_do0.10_dpr0.10_lr0.0002_heads16_fold2.pth  select=0.4590  val_ab=0.6101  val_ag=0.3080  val_all=0.4941
Ep008  LR0=1.93e-04  pw=8.92  aucα=0.000  token_p=0.020  dropE=(0.020,0.080)  smooth=0.010  train_loss=0.5075  train_AUPR_all=0.5057  train_AUPR_ab=0.6086  train_AUPR_ag=0.3263  train_P@5_ab=0.6500  train_P@5_ag=0.7500  val_loss=0.7210  val_AUPR_all=0.5262  val_AUPR_ab=0.6254  val_AUPR_ag=0.3414  val_P@5_ab=0.8500  val_P@5_ag=0.9500  select=0.4834
  Saved checkpoint: checkpoints_CERS/iPara_balanced_l1_g9_i4_do0.10_dpr0.10_lr0.0002_heads16_fold2.pth  select=0.4834  val_ab=0.6254  val_ag=0.3414  val_all=0.5262
Ep009  LR0=1.91e-04  pw=7.99  aucα=0.000  token_p=0.020  dropE=(0.020,0.080)  smooth=0.010  train_loss=0.4684  train_AUPR_all=0.5164  train_AUPR_ab=0.6195  train_AUPR_ag=0.3385  train_P@5_ab=0.8000  train_P@5_ag=0.8500  val_loss=0.8016  val_AUPR_all=0.5136  val_AUPR_ab=0.6380  val_AUPR_ag=0.3350  val_P@5_ab=0.8000  val_P@5_ag=0.8500  select=0.4865
  Saved checkpoint: checkpoints_CERS/iPara_balanced_l1_g9_i4_do0.10_dpr0.10_lr0.0002_heads16_fold2.pth  select=0.4865  val_ab=0.6380  val_ag=0.3350  val_all=0.5136
Ep010  LR0=1.89e-04  pw=7.17  aucα=0.030  token_p=0.020  dropE=(0.020,0.080)  smooth=0.010  train_loss=0.4532  train_AUPR_all=0.5355  train_AUPR_ab=0.6384  train_AUPR_ag=0.3619  train_P@5_ab=0.8000  train_P@5_ag=0.6500  val_loss=0.6633  val_AUPR_all=0.5214  val_AUPR_ab=0.6270  val_AUPR_ag=0.3341  val_P@5_ab=0.7500  val_P@5_ag=0.9500  select=0.4805
Ep011  LR0=1.87e-04  pw=6.44  aucα=0.060  token_p=0.020  dropE=(0.020,0.080)  smooth=0.010  train_loss=0.4460  train_AUPR_all=0.5323  train_AUPR_ab=0.6409  train_AUPR_ag=0.3533  train_P@5_ab=0.8500  train_P@5_ag=0.7000  val_loss=0.6838  val_AUPR_all=0.5345  val_AUPR_ab=0.6509  val_AUPR_ag=0.3353  val_P@5_ab=0.9500  val_P@5_ag=0.9000  select=0.4931
  Saved checkpoint: checkpoints_CERS/iPara_balanced_l1_g9_i4_do0.10_dpr0.10_lr0.0002_heads16_fold2.pth  select=0.4931  val_ab=0.6509  val_ag=0.3353  val_all=0.5345
Ep012  LR0=1.84e-04  pw=5.80  aucα=0.090  token_p=0.020  dropE=(0.020,0.080)  smooth=0.010  train_loss=0.4344  train_AUPR_all=0.5483  train_AUPR_ab=0.6587  train_AUPR_ag=0.3609  train_P@5_ab=0.9000  train_P@5_ag=1.0000  val_loss=0.6401  val_AUPR_all=0.5441  val_AUPR_ab=0.6524  val_AUPR_ag=0.3483  val_P@5_ab=0.8000  val_P@5_ag=0.8000  select=0.5004
  Saved checkpoint: checkpoints_CERS/iPara_balanced_l1_g9_i4_do0.10_dpr0.10_lr0.0002_heads16_fold2.pth  select=0.5004  val_ab=0.6524  val_ag=0.3483  val_all=0.5441
Ep013  LR0=1.81e-04  pw=5.24  aucα=0.120  token_p=0.020  dropE=(0.020,0.080)  smooth=0.010  train_loss=0.4169  train_AUPR_all=0.5684  train_AUPR_ab=0.6799  train_AUPR_ag=0.3825  train_P@5_ab=0.8500  train_P@5_ag=0.9000  val_loss=0.6017  val_AUPR_all=0.5383  val_AUPR_ab=0.6695  val_AUPR_ag=0.3412  val_P@5_ab=0.9500  val_P@5_ag=0.8000  select=0.5053
  Saved checkpoint: checkpoints_CERS/iPara_balanced_l1_g9_i4_do0.10_dpr0.10_lr0.0002_heads16_fold2.pth  select=0.5053  val_ab=0.6695  val_ag=0.3412  val_all=0.5383
Ep014  LR0=1.78e-04  pw=4.74  aucα=0.150  token_p=0.020  dropE=(0.020,0.080)  smooth=0.010  train_loss=0.4108  train_AUPR_all=0.5678  train_AUPR_ab=0.6807  train_AUPR_ag=0.3809  train_P@5_ab=1.0000  train_P@5_ag=0.8000  val_loss=0.5987  val_AUPR_all=0.5233  val_AUPR_ab=0.6536  val_AUPR_ag=0.3226  val_P@5_ab=0.9000  val_P@5_ag=0.7000  select=0.4881
Ep015  LR0=1.74e-04  pw=4.30  aucα=0.180  token_p=0.020  dropE=(0.020,0.080)  smooth=0.010  train_loss=0.4060  train_AUPR_all=0.5708  train_AUPR_ab=0.6933  train_AUPR_ag=0.3760  train_P@5_ab=0.9000  train_P@5_ag=0.7500  val_loss=0.5487  val_AUPR_all=0.5613  val_AUPR_ab=0.6779  val_AUPR_ag=0.3678  val_P@5_ab=0.9000  val_P@5_ag=0.8500  select=0.5228
  Saved checkpoint: checkpoints_CERS/iPara_balanced_l1_g9_i4_do0.10_dpr0.10_lr0.0002_heads16_fold2.pth  select=0.5228  val_ab=0.6779  val_ag=0.3678  val_all=0.5613
Ep016  LR0=1.71e-04  pw=3.91  aucα=0.210  token_p=0.020  dropE=(0.020,0.080)  smooth=0.010  train_loss=0.3944  train_AUPR_all=0.5886  train_AUPR_ab=0.7014  train_AUPR_ag=0.4032  train_P@5_ab=1.0000  train_P@5_ag=0.9500  val_loss=0.4845  val_AUPR_all=0.5698  val_AUPR_ab=0.7022  val_AUPR_ag=0.3655  val_P@5_ab=0.9500  val_P@5_ag=0.5500  select=0.5339
  Saved checkpoint: checkpoints_CERS/iPara_balanced_l1_g9_i4_do0.10_dpr0.10_lr0.0002_heads16_fold2.pth  select=0.5339  val_ab=0.7022  val_ag=0.3655  val_all=0.5698
Ep017  LR0=1.67e-04  pw=3.57  aucα=0.240  token_p=0.020  dropE=(0.020,0.080)  smooth=0.010  train_loss=0.3884  train_AUPR_all=0.5973  train_AUPR_ab=0.7086  train_AUPR_ag=0.4169  train_P@5_ab=0.9500  train_P@5_ag=0.9500  val_loss=0.5236  val_AUPR_all=0.5693  val_AUPR_ab=0.7083  val_AUPR_ag=0.3468  val_P@5_ab=0.9500  val_P@5_ag=1.0000  select=0.5276
Ep018  LR0=1.63e-04  pw=3.27  aucα=0.270  token_p=0.020  dropE=(0.020,0.080)  smooth=0.010  train_loss=0.3848  train_AUPR_all=0.5994  train_AUPR_ab=0.7130  train_AUPR_ag=0.4158  train_P@5_ab=1.0000  train_P@5_ag=0.8000  val_loss=0.4847  val_AUPR_all=0.5451  val_AUPR_ab=0.7001  val_AUPR_ag=0.3519  val_P@5_ab=0.9500  val_P@5_ag=0.7000  select=0.5260
Ep019  LR0=1.59e-04  pw=3.00  aucα=0.300  token_p=0.020  dropE=(0.020,0.080)  smooth=0.010  train_loss=0.3827  train_AUPR_all=0.6103  train_AUPR_ab=0.7242  train_AUPR_ag=0.4297  train_P@5_ab=0.9000  train_P@5_ag=0.9000  val_loss=0.4067  val_AUPR_all=0.5840  val_AUPR_ab=0.7119  val_AUPR_ag=0.3708  val_P@5_ab=0.9500  val_P@5_ag=0.9000  select=0.5413
  Saved checkpoint: checkpoints_CERS/iPara_balanced_l1_g9_i4_do0.10_dpr0.10_lr0.0002_heads16_fold2.pth  select=0.5413  val_ab=0.7119  val_ag=0.3708  val_all=0.5840
Ep020  LR0=1.55e-04  pw=2.77  aucα=0.300  token_p=0.020  dropE=(0.020,0.080)  smooth=0.010  train_loss=0.3637  train_AUPR_all=0.6212  train_AUPR_ab=0.7353  train_AUPR_ag=0.4382  train_P@5_ab=0.9500  train_P@5_ag=0.8500  val_loss=0.4282  val_AUPR_all=0.5782  val_AUPR_ab=0.7069  val_AUPR_ag=0.3675  val_P@5_ab=0.9500  val_P@5_ag=0.9500  select=0.5372
Ep021  LR0=1.50e-04  pw=2.56  aucα=0.300  token_p=0.020  dropE=(0.020,0.080)  smooth=0.010  train_loss=0.3469  train_AUPR_all=0.6309  train_AUPR_ab=0.7460  train_AUPR_ag=0.4464  train_P@5_ab=1.0000  train_P@5_ag=0.8500  val_loss=0.4299  val_AUPR_all=0.5646  val_AUPR_ab=0.7089  val_AUPR_ag=0.3542  val_P@5_ab=0.9500  val_P@5_ag=1.0000  select=0.5316
Ep022  LR0=1.46e-04  pw=2.38  aucα=0.300  token_p=0.020  dropE=(0.020,0.080)  smooth=0.010  train_loss=0.3356  train_AUPR_all=0.6280  train_AUPR_ab=0.7423  train_AUPR_ag=0.4465  train_P@5_ab=0.9500  train_P@5_ag=0.9000  val_loss=0.3891  val_AUPR_all=0.5863  val_AUPR_ab=0.7140  val_AUPR_ag=0.3739  val_P@5_ab=0.9000  val_P@5_ag=0.8500  select=0.5439
  Saved checkpoint: checkpoints_CERS/iPara_balanced_l1_g9_i4_do0.10_dpr0.10_lr0.0002_heads16_fold2.pth  select=0.5439  val_ab=0.7140  val_ag=0.3739  val_all=0.5863
Ep023  LR0=1.41e-04  pw=2.21  aucα=0.300  token_p=0.020  dropE=(0.020,0.080)  smooth=0.010  train_loss=0.3175  train_AUPR_all=0.6446  train_AUPR_ab=0.7510  train_AUPR_ag=0.4762  train_P@5_ab=1.0000  train_P@5_ag=0.9500  val_loss=0.3730  val_AUPR_all=0.5980  val_AUPR_ab=0.7328  val_AUPR_ag=0.3778  val_P@5_ab=1.0000  val_P@5_ag=0.8000  select=0.5553
  Saved checkpoint: checkpoints_CERS/iPara_balanced_l1_g9_i4_do0.10_dpr0.10_lr0.0002_heads16_fold2.pth  select=0.5553  val_ab=0.7328  val_ag=0.3778  val_all=0.5980
Ep024  LR0=1.36e-04  pw=2.07  aucα=0.300  token_p=0.020  dropE=(0.020,0.080)  smooth=0.010  train_loss=0.3085  train_AUPR_all=0.6511  train_AUPR_ab=0.7582  train_AUPR_ag=0.4799  train_P@5_ab=1.0000  train_P@5_ag=0.9000  val_loss=0.3602  val_AUPR_all=0.6018  val_AUPR_ab=0.7334  val_AUPR_ag=0.4021  val_P@5_ab=0.8500  val_P@5_ag=0.9500  select=0.5678
  Saved checkpoint: checkpoints_CERS/iPara_balanced_l1_g9_i4_do0.10_dpr0.10_lr0.0002_heads16_fold2.pth  select=0.5678  val_ab=0.7334  val_ag=0.4021  val_all=0.6018
Ep025  LR0=1.31e-04  pw=1.95  aucα=0.300  token_p=0.020  dropE=(0.020,0.080)  smooth=0.010  train_loss=0.2940  train_AUPR_all=0.6592  train_AUPR_ab=0.7634  train_AUPR_ag=0.4955  train_P@5_ab=0.9500  train_P@5_ag=0.9000  val_loss=0.3561  val_AUPR_all=0.6013  val_AUPR_ab=0.7336  val_AUPR_ag=0.3971  val_P@5_ab=1.0000  val_P@5_ag=1.0000  select=0.5653
Ep026  LR0=1.26e-04  pw=1.83  aucα=0.300  token_p=0.020  dropE=(0.020,0.080)  smooth=0.010  train_loss=0.2790  train_AUPR_all=0.6754  train_AUPR_ab=0.7763  train_AUPR_ag=0.5177  train_P@5_ab=1.0000  train_P@5_ag=0.9500  val_loss=0.3455  val_AUPR_all=0.5886  val_AUPR_ab=0.7281  val_AUPR_ag=0.3857  val_P@5_ab=1.0000  val_P@5_ag=1.0000  select=0.5569
Ep027  LR0=1.21e-04  pw=1.74  aucα=0.300  token_p=0.020  dropE=(0.020,0.080)  smooth=0.010  train_loss=0.2702  train_AUPR_all=0.6829  train_AUPR_ab=0.7791  train_AUPR_ag=0.5328  train_P@5_ab=1.0000  train_P@5_ag=1.0000  val_loss=0.3478  val_AUPR_all=0.5800  val_AUPR_ab=0.7250  val_AUPR_ag=0.3775  val_P@5_ab=0.9000  val_P@5_ag=0.9000  select=0.5512
Ep028  LR0=1.16e-04  pw=1.65  aucα=0.300  token_p=0.020  dropE=(0.020,0.080)  smooth=0.010  train_loss=0.2572  train_AUPR_all=0.6970  train_AUPR_ab=0.7860  train_AUPR_ag=0.5602  train_P@5_ab=1.0000  train_P@5_ag=1.0000  val_loss=0.3339  val_AUPR_all=0.5916  val_AUPR_ab=0.7334  val_AUPR_ag=0.3936  val_P@5_ab=1.0000  val_P@5_ag=0.6000  select=0.5635
Ep029  LR0=1.11e-04  pw=1.57  aucα=0.300  token_p=0.020  dropE=(0.020,0.080)  smooth=0.010  train_loss=0.2551  train_AUPR_all=0.6915  train_AUPR_ab=0.7859  train_AUPR_ag=0.5443  train_P@5_ab=1.0000  train_P@5_ag=0.8500  val_loss=0.3293  val_AUPR_all=0.5876  val_AUPR_ab=0.7270  val_AUPR_ag=0.4098  val_P@5_ab=0.9500  val_P@5_ag=0.9000  select=0.5684
  Saved checkpoint: checkpoints_CERS/iPara_balanced_l1_g9_i4_do0.10_dpr0.10_lr0.0002_heads16_fold2.pth  select=0.5684  val_ab=0.7270  val_ag=0.4098  val_all=0.5876
Ep030  LR0=1.05e-04  pw=1.51  aucα=0.300  token_p=0.020  dropE=(0.020,0.080)  smooth=0.010  train_loss=0.2469  train_AUPR_all=0.7004  train_AUPR_ab=0.7908  train_AUPR_ag=0.5610  train_P@5_ab=1.0000  train_P@5_ag=0.9500  val_loss=0.3257  val_AUPR_all=0.5952  val_AUPR_ab=0.7337  val_AUPR_ag=0.3909  val_P@5_ab=0.9500  val_P@5_ag=0.6500  select=0.5623
Ep031  LR0=1.00e-04  pw=1.45  aucα=0.300  token_p=0.020  dropE=(0.020,0.080)  smooth=0.010  train_loss=0.2361  train_AUPR_all=0.7143  train_AUPR_ab=0.8009  train_AUPR_ag=0.5810  train_P@5_ab=1.0000  train_P@5_ag=0.9500  val_loss=0.3108  val_AUPR_all=0.6097  val_AUPR_ab=0.7476  val_AUPR_ag=0.4098  val_P@5_ab=0.9500  val_P@5_ag=0.9500  select=0.5787
  Saved checkpoint: checkpoints_CERS/iPara_balanced_l1_g9_i4_do0.10_dpr0.10_lr0.0002_heads16_fold2.pth  select=0.5787  val_ab=0.7476  val_ag=0.4098  val_all=0.6097
Ep032  LR0=9.50e-05  pw=1.39  aucα=0.300  token_p=0.020  dropE=(0.020,0.080)  smooth=0.010  train_loss=0.2255  train_AUPR_all=0.7284  train_AUPR_ab=0.8128  train_AUPR_ag=0.5983  train_P@5_ab=0.9500  train_P@5_ag=0.9500  val_loss=0.3278  val_AUPR_all=0.5804  val_AUPR_ab=0.7305  val_AUPR_ag=0.3834  val_P@5_ab=1.0000  val_P@5_ag=0.6000  select=0.5570
Ep033  LR0=8.98e-05  pw=1.35  aucα=0.300  token_p=0.020  dropE=(0.020,0.080)  smooth=0.010  train_loss=0.2178  train_AUPR_all=0.7385  train_AUPR_ab=0.8168  train_AUPR_ag=0.6196  train_P@5_ab=1.0000  train_P@5_ag=1.0000  val_loss=0.3161  val_AUPR_all=0.6008  val_AUPR_ab=0.7445  val_AUPR_ag=0.4142  val_P@5_ab=0.9500  val_P@5_ag=0.8500  select=0.5794
  Saved checkpoint: checkpoints_CERS/iPara_balanced_l1_g9_i4_do0.10_dpr0.10_lr0.0002_heads16_fold2.pth  select=0.5794  val_ab=0.7445  val_ag=0.4142  val_all=0.6008
Ep034  LR0=8.46e-05  pw=1.31  aucα=0.300  token_p=0.020  dropE=(0.020,0.080)  smooth=0.010  train_loss=0.2137  train_AUPR_all=0.7432  train_AUPR_ab=0.8203  train_AUPR_ag=0.6264  train_P@5_ab=1.0000  train_P@5_ag=1.0000  val_loss=0.2972  val_AUPR_all=0.6221  val_AUPR_ab=0.7493  val_AUPR_ag=0.4389  val_P@5_ab=0.9500  val_P@5_ag=1.0000  select=0.5941
  Saved checkpoint: checkpoints_CERS/iPara_balanced_l1_g9_i4_do0.10_dpr0.10_lr0.0002_heads16_fold2.pth  select=0.5941  val_ab=0.7493  val_ag=0.4389  val_all=0.6221
Ep035  LR0=7.95e-05  pw=1.27  aucα=0.300  token_p=0.020  dropE=(0.020,0.080)  smooth=0.010  train_loss=0.2092  train_AUPR_all=0.7455  train_AUPR_ab=0.8198  train_AUPR_ag=0.6328  train_P@5_ab=1.0000  train_P@5_ag=1.0000  val_loss=0.3101  val_AUPR_all=0.6123  val_AUPR_ab=0.7472  val_AUPR_ag=0.4229  val_P@5_ab=0.9500  val_P@5_ag=0.9000  select=0.5850
Ep036  LR0=7.44e-05  pw=1.24  aucα=0.300  token_p=0.020  dropE=(0.020,0.080)  smooth=0.010  train_loss=0.2037  train_AUPR_all=0.7541  train_AUPR_ab=0.8270  train_AUPR_ag=0.6436  train_P@5_ab=1.0000  train_P@5_ag=1.0000  val_loss=0.2979  val_AUPR_all=0.6181  val_AUPR_ab=0.7522  val_AUPR_ag=0.4203  val_P@5_ab=1.0000  val_P@5_ag=0.9000  select=0.5863
Ep037  LR0=6.94e-05  pw=1.21  aucα=0.300  token_p=0.020  dropE=(0.020,0.080)  smooth=0.010  train_loss=0.1990  train_AUPR_all=0.7592  train_AUPR_ab=0.8291  train_AUPR_ag=0.6539  train_P@5_ab=1.0000  train_P@5_ag=1.0000  val_loss=0.3037  val_AUPR_all=0.6057  val_AUPR_ab=0.7443  val_AUPR_ag=0.4081  val_P@5_ab=1.0000  val_P@5_ag=0.8500  select=0.5762
Ep038  LR0=6.45e-05  pw=1.19  aucα=0.300  token_p=0.020  dropE=(0.020,0.080)  smooth=0.010  train_loss=0.1884  train_AUPR_all=0.7775  train_AUPR_ab=0.8425  train_AUPR_ag=0.6800  train_P@5_ab=1.0000  train_P@5_ag=1.0000  val_loss=0.2980  val_AUPR_all=0.6077  val_AUPR_ab=0.7438  val_AUPR_ag=0.4224  val_P@5_ab=0.9500  val_P@5_ag=0.9500  select=0.5831
Ep039  LR0=5.97e-05  pw=1.16  aucα=0.300  token_p=0.020  dropE=(0.020,0.080)  smooth=0.010  train_loss=0.1837  train_AUPR_all=0.7844  train_AUPR_ab=0.8465  train_AUPR_ag=0.6916  train_P@5_ab=1.0000  train_P@5_ag=1.0000  val_loss=0.3142  val_AUPR_all=0.5964  val_AUPR_ab=0.7460  val_AUPR_ag=0.4059  val_P@5_ab=0.9500  val_P@5_ag=0.9000  select=0.5759
Ep040  LR0=5.50e-05  pw=1.15  aucα=0.300  token_p=0.020  dropE=(0.020,0.080)  smooth=0.010  train_loss=0.1821  train_AUPR_all=0.7839  train_AUPR_ab=0.8460  train_AUPR_ag=0.6906  train_P@5_ab=1.0000  train_P@5_ag=1.0000  val_loss=0.3024  val_AUPR_all=0.5999  val_AUPR_ab=0.7486  val_AUPR_ag=0.4132  val_P@5_ab=1.0000  val_P@5_ag=1.0000  select=0.5809
Ep041  LR0=5.04e-05  pw=1.13  aucα=0.300  token_p=0.020  dropE=(0.020,0.080)  smooth=0.010  train_loss=0.1790  train_AUPR_all=0.7890  train_AUPR_ab=0.8505  train_AUPR_ag=0.6971  train_P@5_ab=1.0000  train_P@5_ag=1.0000  val_loss=0.2978  val_AUPR_all=0.6078  val_AUPR_ab=0.7552  val_AUPR_ag=0.4173  val_P@5_ab=1.0000  val_P@5_ag=1.0000  select=0.5863
Ep042  LR0=4.59e-05  pw=1.11  aucα=0.300  token_p=0.020  dropE=(0.020,0.080)  smooth=0.010  train_loss=0.1728  train_AUPR_all=0.7983  train_AUPR_ab=0.8541  train_AUPR_ag=0.7155  train_P@5_ab=1.0000  train_P@5_ag=0.9500  val_loss=0.2957  val_AUPR_all=0.6086  val_AUPR_ab=0.7475  val_AUPR_ag=0.4167  val_P@5_ab=1.0000  val_P@5_ag=1.0000  select=0.5821
Ep043  LR0=4.16e-05  pw=1.10  aucα=0.300  token_p=0.020  dropE=(0.020,0.080)  smooth=0.010  train_loss=0.1705  train_AUPR_all=0.8015  train_AUPR_ab=0.8586  train_AUPR_ag=0.7160  train_P@5_ab=1.0000  train_P@5_ag=1.0000  val_loss=0.2985  val_AUPR_all=0.6034  val_AUPR_ab=0.7445  val_AUPR_ag=0.4144  val_P@5_ab=0.9500  val_P@5_ag=1.0000  select=0.5795
Ep044  LR0=3.75e-05  pw=1.09  aucα=0.300  token_p=0.020  dropE=(0.020,0.080)  smooth=0.010  train_loss=0.1685  train_AUPR_all=0.8060  train_AUPR_ab=0.8621  train_AUPR_ag=0.7227  train_P@5_ab=1.0000  train_P@5_ag=1.0000  val_loss=0.3032  val_AUPR_all=0.6014  val_AUPR_ab=0.7455  val_AUPR_ag=0.4163  val_P@5_ab=0.9000  val_P@5_ag=1.0000  select=0.5809
Ep045  LR0=3.35e-05  pw=1.08  aucα=0.300  token_p=0.020  dropE=(0.020,0.080)  smooth=0.010  train_loss=0.1641  train_AUPR_all=0.8111  train_AUPR_ab=0.8653  train_AUPR_ag=0.7302  train_P@5_ab=0.9500  train_P@5_ag=1.0000  val_loss=0.3016  val_AUPR_all=0.6081  val_AUPR_ab=0.7476  val_AUPR_ag=0.4191  val_P@5_ab=0.9000  val_P@5_ag=1.0000  select=0.5834
Ep046  LR0=2.97e-05  pw=1.07  aucα=0.300  token_p=0.020  dropE=(0.020,0.080)  smooth=0.010  train_loss=0.1614  train_AUPR_all=0.8158  train_AUPR_ab=0.8687  train_AUPR_ag=0.7371  train_P@5_ab=1.0000  train_P@5_ag=1.0000  val_loss=0.3005  val_AUPR_all=0.6012  val_AUPR_ab=0.7459  val_AUPR_ag=0.4061  val_P@5_ab=0.9500  val_P@5_ag=0.8500  select=0.5760
Ep047  LR0=2.61e-05  pw=1.06  aucα=0.300  token_p=0.020  dropE=(0.020,0.080)  smooth=0.010  train_loss=0.1549  train_AUPR_all=0.8279  train_AUPR_ab=0.8772  train_AUPR_ag=0.7549  train_P@5_ab=1.0000  train_P@5_ag=1.0000  val_loss=0.3074  val_AUPR_all=0.5974  val_AUPR_ab=0.7463  val_AUPR_ag=0.4063  val_P@5_ab=0.9500  val_P@5_ag=0.8500  select=0.5763
Ep048  LR0=2.27e-05  pw=1.05  aucα=0.300  token_p=0.020  dropE=(0.020,0.080)  smooth=0.010  train_loss=0.1542  train_AUPR_all=0.8280  train_AUPR_ab=0.8765  train_AUPR_ag=0.7562  train_P@5_ab=1.0000  train_P@5_ag=0.9500  val_loss=0.3002  val_AUPR_all=0.6016  val_AUPR_ab=0.7462  val_AUPR_ag=0.4031  val_P@5_ab=1.0000  val_P@5_ag=0.9000  select=0.5746
Ep049  LR0=1.96e-05  pw=1.05  aucα=0.300  token_p=0.020  dropE=(0.020,0.080)  smooth=0.010  train_loss=0.1517  train_AUPR_all=0.8309  train_AUPR_ab=0.8794  train_AUPR_ag=0.7589  train_P@5_ab=1.0000  train_P@5_ag=0.9500  val_loss=0.3031  val_AUPR_all=0.6010  val_AUPR_ab=0.7494  val_AUPR_ag=0.4081  val_P@5_ab=1.0000  val_P@5_ag=0.9500  select=0.5788
Ep050  LR0=1.66e-05  pw=1.04  aucα=0.300  token_p=0.020  dropE=(0.020,0.080)  smooth=0.010  train_loss=0.1541  train_AUPR_all=0.8266  train_AUPR_ab=0.8752  train_AUPR_ag=0.7548  train_P@5_ab=1.0000  train_P@5_ag=1.0000  val_loss=0.3017  val_AUPR_all=0.6006  val_AUPR_ab=0.7462  val_AUPR_ag=0.4023  val_P@5_ab=0.9500  val_P@5_ag=0.8500  select=0.5742
Ep051  LR0=1.39e-05  pw=1.04  aucα=0.300  token_p=0.020  dropE=(0.020,0.080)  smooth=0.010  train_loss=0.1499  train_AUPR_all=0.8349  train_AUPR_ab=0.8821  train_AUPR_ag=0.7648  train_P@5_ab=1.0000  train_P@5_ag=1.0000  val_loss=0.3025  val_AUPR_all=0.5976  val_AUPR_ab=0.7418  val_AUPR_ag=0.4091  val_P@5_ab=0.9500  val_P@5_ag=0.9500  select=0.5755
Ep052  LR0=1.14e-05  pw=1.03  aucα=0.300  token_p=0.020  dropE=(0.020,0.080)  smooth=0.010  train_loss=0.1510  train_AUPR_all=0.8317  train_AUPR_ab=0.8799  train_AUPR_ag=0.7600  train_P@5_ab=1.0000  train_P@5_ag=1.0000  val_loss=0.2985  val_AUPR_all=0.6016  val_AUPR_ab=0.7455  val_AUPR_ag=0.4130  val_P@5_ab=0.9000  val_P@5_ag=0.8500  select=0.5792
Ep053  LR0=9.12e-06  pw=1.03  aucα=0.300  token_p=0.020  dropE=(0.020,0.080)  smooth=0.010  train_loss=0.1520  train_AUPR_all=0.8284  train_AUPR_ab=0.8768  train_AUPR_ag=0.7566  train_P@5_ab=0.9000  train_P@5_ag=1.0000  val_loss=0.2993  val_AUPR_all=0.6029  val_AUPR_ab=0.7451  val_AUPR_ag=0.4145  val_P@5_ab=1.0000  val_P@5_ag=0.9000  select=0.5798
Ep054  LR0=7.13e-06  pw=1.03  aucα=0.300  token_p=0.020  dropE=(0.020,0.080)  smooth=0.010  train_loss=0.1468  train_AUPR_all=0.8396  train_AUPR_ab=0.8873  train_AUPR_ag=0.7683  train_P@5_ab=1.0000  train_P@5_ag=1.0000  val_loss=0.3024  val_AUPR_all=0.5971  val_AUPR_ab=0.7422  val_AUPR_ag=0.4071  val_P@5_ab=1.0000  val_P@5_ag=0.9000  select=0.5746
Early stopping at epoch 54. Best select=0.5941 at epoch 34.
Final saved checkpoint for fold 2: checkpoints_CERS/iPara_balanced_l1_g9_i4_do0.10_dpr0.10_lr0.0002_heads16_fold2.pth
Best select=0.5941 at epoch 34

==========================================================================================
Fold 3/5
==========================================================================================
Train labels: valid=401949, pos=26660, neg=375289, ignore=695651, pos_frac=0.06633
Val labels: valid=98243, pos=6570, neg=91673, ignore=176957, pos_frac=0.06687
Initializing ClassificationModel with 9 GAT layers and residual connections...
Initializing MCModel with 9 GAT layers and 4 row attention layers (drop_path_rate=0.1)
Initializing CoreModel with 1 layers, drop_path_rate=0.1
Ep001  LR0=2.00e-04  pw=20.00  aucα=0.000  token_p=0.020  dropE=(0.020,0.080)  smooth=0.010  train_loss=1.3274  train_AUPR_all=0.1587  train_AUPR_ab=0.1773  train_AUPR_ag=0.1361  train_P@5_ab=0.2000  train_P@5_ag=0.1000  val_loss=1.2623  val_AUPR_all=0.3085  val_AUPR_ab=0.3927  val_AUPR_ag=0.1814  val_P@5_ab=0.9000  val_P@5_ag=0.9500  select=0.2871
  Saved checkpoint: checkpoints_CERS/iPara_balanced_l1_g9_i4_do0.10_dpr0.10_lr0.0002_heads16_fold3.pth  select=0.2871  val_ab=0.3927  val_ag=0.1814  val_all=0.3085
Ep002  LR0=2.00e-04  pw=17.77  aucα=0.000  token_p=0.020  dropE=(0.020,0.080)  smooth=0.010  train_loss=0.9267  train_AUPR_all=0.2946  train_AUPR_ab=0.3825  train_AUPR_ag=0.1781  train_P@5_ab=0.6500  train_P@5_ag=0.6000  val_loss=1.1680  val_AUPR_all=0.4051  val_AUPR_ab=0.5172  val_AUPR_ag=0.2113  val_P@5_ab=0.8500  val_P@5_ag=0.9500  select=0.3643
  Saved checkpoint: checkpoints_CERS/iPara_balanced_l1_g9_i4_do0.10_dpr0.10_lr0.0002_heads16_fold3.pth  select=0.3643  val_ab=0.5172  val_ag=0.2113  val_all=0.4051
Ep003  LR0=1.99e-04  pw=15.80  aucα=0.000  token_p=0.020  dropE=(0.020,0.080)  smooth=0.010  train_loss=0.7927  train_AUPR_all=0.3705  train_AUPR_ab=0.4703  train_AUPR_ag=0.2144  train_P@5_ab=0.8500  train_P@5_ag=0.5500  val_loss=1.1291  val_AUPR_all=0.4332  val_AUPR_ab=0.5511  val_AUPR_ag=0.2367  val_P@5_ab=0.7500  val_P@5_ag=0.9500  select=0.3939
  Saved checkpoint: checkpoints_CERS/iPara_balanced_l1_g9_i4_do0.10_dpr0.10_lr0.0002_heads16_fold3.pth  select=0.3939  val_ab=0.5511  val_ag=0.2367  val_all=0.4332
Ep004  LR0=1.99e-04  pw=14.06  aucα=0.000  token_p=0.020  dropE=(0.020,0.080)  smooth=0.010  train_loss=0.7423  train_AUPR_all=0.3861  train_AUPR_ab=0.4863  train_AUPR_ag=0.2273  train_P@5_ab=0.7500  train_P@5_ag=0.7000  val_loss=1.1698  val_AUPR_all=0.4202  val_AUPR_ab=0.5507  val_AUPR_ag=0.2200  val_P@5_ab=0.9000  val_P@5_ag=0.8000  select=0.3853
Unfreezing DyM parameters.
Ep005  LR0=1.98e-04  pw=12.52  aucα=0.000  token_p=0.020  dropE=(0.020,0.080)  smooth=0.010  train_loss=0.6482  train_AUPR_all=0.4309  train_AUPR_ab=0.5252  train_AUPR_ag=0.2701  train_P@5_ab=0.7500  train_P@5_ag=0.7500  val_loss=0.9291  val_AUPR_all=0.4515  val_AUPR_ab=0.5488  val_AUPR_ag=0.2930  val_P@5_ab=0.8500  val_P@5_ag=0.9500  select=0.4209
  Saved checkpoint: checkpoints_CERS/iPara_balanced_l1_g9_i4_do0.10_dpr0.10_lr0.0002_heads16_fold3.pth  select=0.4209  val_ab=0.5488  val_ag=0.2930  val_all=0.4515
Ep006  LR0=1.97e-04  pw=11.17  aucα=0.000  token_p=0.020  dropE=(0.020,0.080)  smooth=0.010  train_loss=0.5896  train_AUPR_all=0.4668  train_AUPR_ab=0.5672  train_AUPR_ag=0.2974  train_P@5_ab=0.7500  train_P@5_ag=0.9000  val_loss=0.8307  val_AUPR_all=0.4878  val_AUPR_ab=0.6266  val_AUPR_ag=0.2767  val_P@5_ab=0.7500  val_P@5_ag=1.0000  select=0.4517
  Saved checkpoint: checkpoints_CERS/iPara_balanced_l1_g9_i4_do0.10_dpr0.10_lr0.0002_heads16_fold3.pth  select=0.4517  val_ab=0.6266  val_ag=0.2767  val_all=0.4878
Ep007  LR0=1.95e-04  pw=9.97  aucα=0.000  token_p=0.020  dropE=(0.020,0.080)  smooth=0.010  train_loss=0.5422  train_AUPR_all=0.4839  train_AUPR_ab=0.5784  train_AUPR_ag=0.3229  train_P@5_ab=0.8500  train_P@5_ag=0.7500  val_loss=0.7745  val_AUPR_all=0.5113  val_AUPR_ab=0.6382  val_AUPR_ag=0.3179  val_P@5_ab=0.9000  val_P@5_ag=0.9500  select=0.4781
  Saved checkpoint: checkpoints_CERS/iPara_balanced_l1_g9_i4_do0.10_dpr0.10_lr0.0002_heads16_fold3.pth  select=0.4781  val_ab=0.6382  val_ag=0.3179  val_all=0.5113
Ep008  LR0=1.93e-04  pw=8.92  aucα=0.000  token_p=0.020  dropE=(0.020,0.080)  smooth=0.010  train_loss=0.5099  train_AUPR_all=0.4934  train_AUPR_ab=0.5899  train_AUPR_ag=0.3279  train_P@5_ab=0.9500  train_P@5_ag=0.8000  val_loss=0.7284  val_AUPR_all=0.5142  val_AUPR_ab=0.6307  val_AUPR_ag=0.3268  val_P@5_ab=0.4000  val_P@5_ag=0.9000  select=0.4787
  Saved checkpoint: checkpoints_CERS/iPara_balanced_l1_g9_i4_do0.10_dpr0.10_lr0.0002_heads16_fold3.pth  select=0.4787  val_ab=0.6307  val_ag=0.3268  val_all=0.5142
Ep009  LR0=1.91e-04  pw=7.99  aucα=0.000  token_p=0.020  dropE=(0.020,0.080)  smooth=0.010  train_loss=0.4740  train_AUPR_all=0.5170  train_AUPR_ab=0.6159  train_AUPR_ag=0.3440  train_P@5_ab=0.7500  train_P@5_ag=0.9500  val_loss=0.7084  val_AUPR_all=0.5283  val_AUPR_ab=0.6489  val_AUPR_ag=0.3277  val_P@5_ab=0.6500  val_P@5_ag=0.9500  select=0.4883
  Saved checkpoint: checkpoints_CERS/iPara_balanced_l1_g9_i4_do0.10_dpr0.10_lr0.0002_heads16_fold3.pth  select=0.4883  val_ab=0.6489  val_ag=0.3277  val_all=0.5283
Ep010  LR0=1.89e-04  pw=7.17  aucα=0.030  token_p=0.020  dropE=(0.020,0.080)  smooth=0.010  train_loss=0.4583  train_AUPR_all=0.5237  train_AUPR_ab=0.6242  train_AUPR_ag=0.3462  train_P@5_ab=0.7500  train_P@5_ag=0.8000  val_loss=0.6391  val_AUPR_all=0.5278  val_AUPR_ab=0.6536  val_AUPR_ag=0.3241  val_P@5_ab=0.8500  val_P@5_ag=0.9500  select=0.4888
  Saved checkpoint: checkpoints_CERS/iPara_balanced_l1_g9_i4_do0.10_dpr0.10_lr0.0002_heads16_fold3.pth  select=0.4888  val_ab=0.6536  val_ag=0.3241  val_all=0.5278
Ep011  LR0=1.87e-04  pw=6.44  aucα=0.060  token_p=0.020  dropE=(0.020,0.080)  smooth=0.010  train_loss=0.4460  train_AUPR_all=0.5301  train_AUPR_ab=0.6276  train_AUPR_ag=0.3565  train_P@5_ab=0.7000  train_P@5_ag=0.8500  val_loss=0.6799  val_AUPR_all=0.5372  val_AUPR_ab=0.6643  val_AUPR_ag=0.3385  val_P@5_ab=0.9000  val_P@5_ag=0.9000  select=0.5014
  Saved checkpoint: checkpoints_CERS/iPara_balanced_l1_g9_i4_do0.10_dpr0.10_lr0.0002_heads16_fold3.pth  select=0.5014  val_ab=0.6643  val_ag=0.3385  val_all=0.5372
Ep012  LR0=1.84e-04  pw=5.80  aucα=0.090  token_p=0.020  dropE=(0.020,0.080)  smooth=0.010  train_loss=0.4350  train_AUPR_all=0.5456  train_AUPR_ab=0.6522  train_AUPR_ag=0.3604  train_P@5_ab=0.7000  train_P@5_ag=0.8500  val_loss=0.5935  val_AUPR_all=0.5372  val_AUPR_ab=0.6750  val_AUPR_ag=0.3444  val_P@5_ab=1.0000  val_P@5_ag=1.0000  select=0.5097
  Saved checkpoint: checkpoints_CERS/iPara_balanced_l1_g9_i4_do0.10_dpr0.10_lr0.0002_heads16_fold3.pth  select=0.5097  val_ab=0.6750  val_ag=0.3444  val_all=0.5372
Ep013  LR0=1.81e-04  pw=5.24  aucα=0.120  token_p=0.020  dropE=(0.020,0.080)  smooth=0.010  train_loss=0.4287  train_AUPR_all=0.5542  train_AUPR_ab=0.6611  train_AUPR_ag=0.3717  train_P@5_ab=0.9500  train_P@5_ag=0.8000  val_loss=0.5418  val_AUPR_all=0.5400  val_AUPR_ab=0.6773  val_AUPR_ag=0.3336  val_P@5_ab=0.6000  val_P@5_ag=0.9500  select=0.5055
Ep014  LR0=1.78e-04  pw=4.74  aucα=0.150  token_p=0.020  dropE=(0.020,0.080)  smooth=0.010  train_loss=0.4173  train_AUPR_all=0.5608  train_AUPR_ab=0.6659  train_AUPR_ag=0.3824  train_P@5_ab=0.8500  train_P@5_ag=1.0000  val_loss=0.5028  val_AUPR_all=0.5761  val_AUPR_ab=0.7017  val_AUPR_ag=0.3664  val_P@5_ab=1.0000  val_P@5_ag=1.0000  select=0.5341
  Saved checkpoint: checkpoints_CERS/iPara_balanced_l1_g9_i4_do0.10_dpr0.10_lr0.0002_heads16_fold3.pth  select=0.5341  val_ab=0.7017  val_ag=0.3664  val_all=0.5761
Ep015  LR0=1.74e-04  pw=4.30  aucα=0.180  token_p=0.020  dropE=(0.020,0.080)  smooth=0.010  train_loss=0.4111  train_AUPR_all=0.5665  train_AUPR_ab=0.6777  train_AUPR_ag=0.3802  train_P@5_ab=0.8000  train_P@5_ag=0.9000  val_loss=0.4931  val_AUPR_all=0.5556  val_AUPR_ab=0.6920  val_AUPR_ag=0.3494  val_P@5_ab=0.8500  val_P@5_ag=0.8500  select=0.5207
Ep016  LR0=1.71e-04  pw=3.91  aucα=0.210  token_p=0.020  dropE=(0.020,0.080)  smooth=0.010  train_loss=0.3997  train_AUPR_all=0.5781  train_AUPR_ab=0.6842  train_AUPR_ag=0.3993  train_P@5_ab=0.9000  train_P@5_ag=1.0000  val_loss=0.4688  val_AUPR_all=0.5588  val_AUPR_ab=0.6922  val_AUPR_ag=0.3583  val_P@5_ab=0.9000  val_P@5_ag=0.8500  select=0.5253
Ep017  LR0=1.67e-04  pw=3.57  aucα=0.240  token_p=0.020  dropE=(0.020,0.080)  smooth=0.010  train_loss=0.3966  train_AUPR_all=0.5887  train_AUPR_ab=0.7029  train_AUPR_ag=0.3972  train_P@5_ab=0.9000  train_P@5_ag=0.9500  val_loss=0.4529  val_AUPR_all=0.5629  val_AUPR_ab=0.7078  val_AUPR_ag=0.3610  val_P@5_ab=0.9500  val_P@5_ag=0.9500  select=0.5344
  Saved checkpoint: checkpoints_CERS/iPara_balanced_l1_g9_i4_do0.10_dpr0.10_lr0.0002_heads16_fold3.pth  select=0.5344  val_ab=0.7078  val_ag=0.3610  val_all=0.5629
Ep018  LR0=1.63e-04  pw=3.27  aucα=0.270  token_p=0.020  dropE=(0.020,0.080)  smooth=0.010  train_loss=0.3916  train_AUPR_all=0.5945  train_AUPR_ab=0.7069  train_AUPR_ag=0.4085  train_P@5_ab=0.9000  train_P@5_ag=1.0000  val_loss=0.4194  val_AUPR_all=0.5864  val_AUPR_ab=0.7057  val_AUPR_ag=0.3757  val_P@5_ab=0.9000  val_P@5_ag=1.0000  select=0.5407
  Saved checkpoint: checkpoints_CERS/iPara_balanced_l1_g9_i4_do0.10_dpr0.10_lr0.0002_heads16_fold3.pth  select=0.5407  val_ab=0.7057  val_ag=0.3757  val_all=0.5864
Ep019  LR0=1.59e-04  pw=3.00  aucα=0.300  token_p=0.020  dropE=(0.020,0.080)  smooth=0.010  train_loss=0.3887  train_AUPR_all=0.6022  train_AUPR_ab=0.7155  train_AUPR_ag=0.4179  train_P@5_ab=1.0000  train_P@5_ag=0.9500  val_loss=0.4109  val_AUPR_all=0.5882  val_AUPR_ab=0.7187  val_AUPR_ag=0.3667  val_P@5_ab=1.0000  val_P@5_ag=1.0000  select=0.5427
  Saved checkpoint: checkpoints_CERS/iPara_balanced_l1_g9_i4_do0.10_dpr0.10_lr0.0002_heads16_fold3.pth  select=0.5427  val_ab=0.7187  val_ag=0.3667  val_all=0.5882
Ep020  LR0=1.55e-04  pw=2.77  aucα=0.300  token_p=0.020  dropE=(0.020,0.080)  smooth=0.010  train_loss=0.3668  train_AUPR_all=0.6144  train_AUPR_ab=0.7246  train_AUPR_ag=0.4332  train_P@5_ab=0.9500  train_P@5_ag=0.9000  val_loss=0.4166  val_AUPR_all=0.5679  val_AUPR_ab=0.6998  val_AUPR_ag=0.3617  val_P@5_ab=0.9500  val_P@5_ag=1.0000  select=0.5307
Ep021  LR0=1.50e-04  pw=2.56  aucα=0.300  token_p=0.020  dropE=(0.020,0.080)  smooth=0.010  train_loss=0.3573  train_AUPR_all=0.6149  train_AUPR_ab=0.7268  train_AUPR_ag=0.4331  train_P@5_ab=1.0000  train_P@5_ag=0.8500  val_loss=0.3855  val_AUPR_all=0.5807  val_AUPR_ab=0.7177  val_AUPR_ag=0.3559  val_P@5_ab=0.9500  val_P@5_ag=0.9500  select=0.5368
Ep022  LR0=1.46e-04  pw=2.38  aucα=0.300  token_p=0.020  dropE=(0.020,0.080)  smooth=0.010  train_loss=0.3420  train_AUPR_all=0.6245  train_AUPR_ab=0.7366  train_AUPR_ag=0.4448  train_P@5_ab=0.9000  train_P@5_ag=0.9500  val_loss=0.3930  val_AUPR_all=0.5772  val_AUPR_ab=0.7219  val_AUPR_ag=0.3590  val_P@5_ab=1.0000  val_P@5_ag=1.0000  select=0.5405
Ep023  LR0=1.41e-04  pw=2.21  aucα=0.300  token_p=0.020  dropE=(0.020,0.080)  smooth=0.010  train_loss=0.3237  train_AUPR_all=0.6384  train_AUPR_ab=0.7486  train_AUPR_ag=0.4616  train_P@5_ab=1.0000  train_P@5_ag=0.9500  val_loss=0.3722  val_AUPR_all=0.5898  val_AUPR_ab=0.7262  val_AUPR_ag=0.3558  val_P@5_ab=0.9500  val_P@5_ag=0.9500  select=0.5410
Ep024  LR0=1.36e-04  pw=2.07  aucα=0.300  token_p=0.020  dropE=(0.020,0.080)  smooth=0.010  train_loss=0.3150  train_AUPR_all=0.6433  train_AUPR_ab=0.7514  train_AUPR_ag=0.4719  train_P@5_ab=0.9500  train_P@5_ag=1.0000  val_loss=0.3686  val_AUPR_all=0.5917  val_AUPR_ab=0.7330  val_AUPR_ag=0.3741  val_P@5_ab=1.0000  val_P@5_ag=0.9500  select=0.5535
  Saved checkpoint: checkpoints_CERS/iPara_balanced_l1_g9_i4_do0.10_dpr0.10_lr0.0002_heads16_fold3.pth  select=0.5535  val_ab=0.7330  val_ag=0.3741  val_all=0.5917
Ep025  LR0=1.31e-04  pw=1.95  aucα=0.300  token_p=0.020  dropE=(0.020,0.080)  smooth=0.010  train_loss=0.2997  train_AUPR_all=0.6536  train_AUPR_ab=0.7568  train_AUPR_ag=0.4905  train_P@5_ab=1.0000  train_P@5_ag=1.0000  val_loss=0.3405  val_AUPR_all=0.5982  val_AUPR_ab=0.7363  val_AUPR_ag=0.3801  val_P@5_ab=0.9500  val_P@5_ag=0.9500  select=0.5582
  Saved checkpoint: checkpoints_CERS/iPara_balanced_l1_g9_i4_do0.10_dpr0.10_lr0.0002_heads16_fold3.pth  select=0.5582  val_ab=0.7363  val_ag=0.3801  val_all=0.5982
Ep026  LR0=1.26e-04  pw=1.83  aucα=0.300  token_p=0.020  dropE=(0.020,0.080)  smooth=0.010  train_loss=0.2883  train_AUPR_all=0.6636  train_AUPR_ab=0.7648  train_AUPR_ag=0.5047  train_P@5_ab=0.9500  train_P@5_ag=0.9000  val_loss=0.3490  val_AUPR_all=0.5890  val_AUPR_ab=0.7269  val_AUPR_ag=0.3709  val_P@5_ab=1.0000  val_P@5_ag=1.0000  select=0.5489
Ep027  LR0=1.21e-04  pw=1.74  aucα=0.300  token_p=0.020  dropE=(0.020,0.080)  smooth=0.010  train_loss=0.2776  train_AUPR_all=0.6706  train_AUPR_ab=0.7702  train_AUPR_ag=0.5142  train_P@5_ab=1.0000  train_P@5_ag=0.9000  val_loss=0.3319  val_AUPR_all=0.6007  val_AUPR_ab=0.7418  val_AUPR_ag=0.3723  val_P@5_ab=1.0000  val_P@5_ag=0.9500  select=0.5571
Ep028  LR0=1.16e-04  pw=1.65  aucα=0.300  token_p=0.020  dropE=(0.020,0.080)  smooth=0.010  train_loss=0.2697  train_AUPR_all=0.6786  train_AUPR_ab=0.7773  train_AUPR_ag=0.5247  train_P@5_ab=1.0000  train_P@5_ag=1.0000  val_loss=0.3197  val_AUPR_all=0.6096  val_AUPR_ab=0.7496  val_AUPR_ag=0.3776  val_P@5_ab=1.0000  val_P@5_ag=0.9500  select=0.5636
  Saved checkpoint: checkpoints_CERS/iPara_balanced_l1_g9_i4_do0.10_dpr0.10_lr0.0002_heads16_fold3.pth  select=0.5636  val_ab=0.7496  val_ag=0.3776  val_all=0.6096
Ep029  LR0=1.11e-04  pw=1.57  aucα=0.300  token_p=0.020  dropE=(0.020,0.080)  smooth=0.010  train_loss=0.2649  train_AUPR_all=0.6797  train_AUPR_ab=0.7776  train_AUPR_ag=0.5265  train_P@5_ab=1.0000  train_P@5_ag=0.9000  val_loss=0.3148  val_AUPR_all=0.6091  val_AUPR_ab=0.7527  val_AUPR_ag=0.3869  val_P@5_ab=1.0000  val_P@5_ag=0.9500  select=0.5698
  Saved checkpoint: checkpoints_CERS/iPara_balanced_l1_g9_i4_do0.10_dpr0.10_lr0.0002_heads16_fold3.pth  select=0.5698  val_ab=0.7527  val_ag=0.3869  val_all=0.6091
Ep030  LR0=1.05e-04  pw=1.51  aucα=0.300  token_p=0.020  dropE=(0.020,0.080)  smooth=0.010  train_loss=0.2529  train_AUPR_all=0.6952  train_AUPR_ab=0.7862  train_AUPR_ag=0.5555  train_P@5_ab=1.0000  train_P@5_ag=1.0000  val_loss=0.3252  val_AUPR_all=0.5937  val_AUPR_ab=0.7452  val_AUPR_ag=0.3551  val_P@5_ab=1.0000  val_P@5_ag=1.0000  select=0.5501
Ep031  LR0=1.00e-04  pw=1.45  aucα=0.300  token_p=0.020  dropE=(0.020,0.080)  smooth=0.010  train_loss=0.2446  train_AUPR_all=0.7022  train_AUPR_ab=0.7912  train_AUPR_ag=0.5656  train_P@5_ab=1.0000  train_P@5_ag=0.9500  val_loss=0.3172  val_AUPR_all=0.6046  val_AUPR_ab=0.7435  val_AUPR_ag=0.3831  val_P@5_ab=1.0000  val_P@5_ag=1.0000  select=0.5633
Ep032  LR0=9.50e-05  pw=1.39  aucα=0.300  token_p=0.020  dropE=(0.020,0.080)  smooth=0.010  train_loss=0.2374  train_AUPR_all=0.7090  train_AUPR_ab=0.7954  train_AUPR_ag=0.5769  train_P@5_ab=1.0000  train_P@5_ag=0.9500  val_loss=0.3153  val_AUPR_all=0.6008  val_AUPR_ab=0.7542  val_AUPR_ag=0.3642  val_P@5_ab=1.0000  val_P@5_ag=1.0000  select=0.5592
Ep033  LR0=8.98e-05  pw=1.35  aucα=0.300  token_p=0.020  dropE=(0.020,0.080)  smooth=0.010  train_loss=0.2280  train_AUPR_all=0.7228  train_AUPR_ab=0.8043  train_AUPR_ag=0.5983  train_P@5_ab=1.0000  train_P@5_ag=1.0000  val_loss=0.3110  val_AUPR_all=0.6006  val_AUPR_ab=0.7520  val_AUPR_ag=0.3605  val_P@5_ab=1.0000  val_P@5_ag=1.0000  select=0.5563
Ep034  LR0=8.46e-05  pw=1.31  aucα=0.300  token_p=0.020  dropE=(0.020,0.080)  smooth=0.010  train_loss=0.2273  train_AUPR_all=0.7180  train_AUPR_ab=0.7978  train_AUPR_ag=0.5969  train_P@5_ab=1.0000  train_P@5_ag=1.0000  val_loss=0.3110  val_AUPR_all=0.6045  val_AUPR_ab=0.7520  val_AUPR_ag=0.3905  val_P@5_ab=1.0000  val_P@5_ag=1.0000  select=0.5713
  Saved checkpoint: checkpoints_CERS/iPara_balanced_l1_g9_i4_do0.10_dpr0.10_lr0.0002_heads16_fold3.pth  select=0.5713  val_ab=0.7520  val_ag=0.3905  val_all=0.6045
Ep035  LR0=7.95e-05  pw=1.27  aucα=0.300  token_p=0.020  dropE=(0.020,0.080)  smooth=0.010  train_loss=0.2196  train_AUPR_all=0.7295  train_AUPR_ab=0.8080  train_AUPR_ag=0.6105  train_P@5_ab=1.0000  train_P@5_ag=1.0000  val_loss=0.3003  val_AUPR_all=0.6099  val_AUPR_ab=0.7447  val_AUPR_ag=0.4000  val_P@5_ab=1.0000  val_P@5_ag=1.0000  select=0.5724
  Saved checkpoint: checkpoints_CERS/iPara_balanced_l1_g9_i4_do0.10_dpr0.10_lr0.0002_heads16_fold3.pth  select=0.5724  val_ab=0.7447  val_ag=0.4000  val_all=0.6099
Ep036  LR0=7.44e-05  pw=1.24  aucα=0.300  token_p=0.020  dropE=(0.020,0.080)  smooth=0.010  train_loss=0.2092  train_AUPR_all=0.7464  train_AUPR_ab=0.8230  train_AUPR_ag=0.6305  train_P@5_ab=1.0000  train_P@5_ag=1.0000  val_loss=0.3054  val_AUPR_all=0.5971  val_AUPR_ab=0.7497  val_AUPR_ag=0.3573  val_P@5_ab=1.0000  val_P@5_ag=1.0000  select=0.5535
Ep037  LR0=6.94e-05  pw=1.21  aucα=0.300  token_p=0.020  dropE=(0.020,0.080)  smooth=0.010  train_loss=0.2055  train_AUPR_all=0.7496  train_AUPR_ab=0.8199  train_AUPR_ag=0.6444  train_P@5_ab=1.0000  train_P@5_ag=1.0000  val_loss=0.2995  val_AUPR_all=0.6110  val_AUPR_ab=0.7545  val_AUPR_ag=0.3795  val_P@5_ab=1.0000  val_P@5_ag=1.0000  select=0.5670
Ep038  LR0=6.45e-05  pw=1.19  aucα=0.300  token_p=0.020  dropE=(0.020,0.080)  smooth=0.010  train_loss=0.2011  train_AUPR_all=0.7563  train_AUPR_ab=0.8269  train_AUPR_ag=0.6500  train_P@5_ab=1.0000  train_P@5_ag=1.0000  val_loss=0.3090  val_AUPR_all=0.5952  val_AUPR_ab=0.7516  val_AUPR_ag=0.3668  val_P@5_ab=0.9500  val_P@5_ag=0.9500  select=0.5592
Ep039  LR0=5.97e-05  pw=1.16  aucα=0.300  token_p=0.020  dropE=(0.020,0.080)  smooth=0.010  train_loss=0.1935  train_AUPR_all=0.7644  train_AUPR_ab=0.8303  train_AUPR_ag=0.6662  train_P@5_ab=1.0000  train_P@5_ag=0.9000  val_loss=0.3027  val_AUPR_all=0.6150  val_AUPR_ab=0.7555  val_AUPR_ag=0.3968  val_P@5_ab=1.0000  val_P@5_ag=0.9500  select=0.5761
  Saved checkpoint: checkpoints_CERS/iPara_balanced_l1_g9_i4_do0.10_dpr0.10_lr0.0002_heads16_fold3.pth  select=0.5761  val_ab=0.7555  val_ag=0.3968  val_all=0.6150
Ep040  LR0=5.50e-05  pw=1.15  aucα=0.300  token_p=0.020  dropE=(0.020,0.080)  smooth=0.010  train_loss=0.1888  train_AUPR_all=0.7731  train_AUPR_ab=0.8374  train_AUPR_ag=0.6769  train_P@5_ab=0.9500  train_P@5_ag=1.0000  val_loss=0.2957  val_AUPR_all=0.6147  val_AUPR_ab=0.7606  val_AUPR_ag=0.3887  val_P@5_ab=1.0000  val_P@5_ag=0.9500  select=0.5747
Ep041  LR0=5.04e-05  pw=1.13  aucα=0.300  token_p=0.020  dropE=(0.020,0.080)  smooth=0.010  train_loss=0.1863  train_AUPR_all=0.7762  train_AUPR_ab=0.8366  train_AUPR_ag=0.6872  train_P@5_ab=1.0000  train_P@5_ag=1.0000  val_loss=0.2957  val_AUPR_all=0.6052  val_AUPR_ab=0.7543  val_AUPR_ag=0.3823  val_P@5_ab=1.0000  val_P@5_ag=0.9500  select=0.5683
Ep042  LR0=4.59e-05  pw=1.11  aucα=0.300  token_p=0.020  dropE=(0.020,0.080)  smooth=0.010  train_loss=0.1829  train_AUPR_all=0.7808  train_AUPR_ab=0.8446  train_AUPR_ag=0.6851  train_P@5_ab=1.0000  train_P@5_ag=1.0000  val_loss=0.3009  val_AUPR_all=0.6064  val_AUPR_ab=0.7577  val_AUPR_ag=0.3810  val_P@5_ab=1.0000  val_P@5_ag=1.0000  select=0.5693
Ep043  LR0=4.16e-05  pw=1.10  aucα=0.300  token_p=0.020  dropE=(0.020,0.080)  smooth=0.010  train_loss=0.1774  train_AUPR_all=0.7901  train_AUPR_ab=0.8509  train_AUPR_ag=0.6994  train_P@5_ab=1.0000  train_P@5_ag=1.0000  val_loss=0.3000  val_AUPR_all=0.6036  val_AUPR_ab=0.7555  val_AUPR_ag=0.3738  val_P@5_ab=1.0000  val_P@5_ag=0.9500  select=0.5647
Ep044  LR0=3.75e-05  pw=1.09  aucα=0.300  token_p=0.020  dropE=(0.020,0.080)  smooth=0.010  train_loss=0.1722  train_AUPR_all=0.7965  train_AUPR_ab=0.8522  train_AUPR_ag=0.7135  train_P@5_ab=1.0000  train_P@5_ag=1.0000  val_loss=0.3027  val_AUPR_all=0.5990  val_AUPR_ab=0.7504  val_AUPR_ag=0.3748  val_P@5_ab=0.9500  val_P@5_ag=0.9500  select=0.5626
Ep045  LR0=3.35e-05  pw=1.08  aucα=0.300  token_p=0.020  dropE=(0.020,0.080)  smooth=0.010  train_loss=0.1752  train_AUPR_all=0.7923  train_AUPR_ab=0.8488  train_AUPR_ag=0.7092  train_P@5_ab=1.0000  train_P@5_ag=1.0000  val_loss=0.3000  val_AUPR_all=0.5978  val_AUPR_ab=0.7504  val_AUPR_ag=0.3638  val_P@5_ab=1.0000  val_P@5_ag=0.7500  select=0.5571
Ep046  LR0=2.97e-05  pw=1.07  aucα=0.300  token_p=0.020  dropE=(0.020,0.080)  smooth=0.010  train_loss=0.1671  train_AUPR_all=0.8048  train_AUPR_ab=0.8598  train_AUPR_ag=0.7229  train_P@5_ab=1.0000  train_P@5_ag=1.0000  val_loss=0.3018  val_AUPR_all=0.5986  val_AUPR_ab=0.7543  val_AUPR_ag=0.3735  val_P@5_ab=1.0000  val_P@5_ag=0.9500  select=0.5639
Ep047  LR0=2.61e-05  pw=1.06  aucα=0.300  token_p=0.020  dropE=(0.020,0.080)  smooth=0.010  train_loss=0.1648  train_AUPR_all=0.8095  train_AUPR_ab=0.8624  train_AUPR_ag=0.7308  train_P@5_ab=1.0000  train_P@5_ag=1.0000  val_loss=0.2979  val_AUPR_all=0.6009  val_AUPR_ab=0.7525  val_AUPR_ag=0.3741  val_P@5_ab=0.9500  val_P@5_ag=0.9000  select=0.5633
Ep048  LR0=2.27e-05  pw=1.05  aucα=0.300  token_p=0.020  dropE=(0.020,0.080)  smooth=0.010  train_loss=0.1652  train_AUPR_all=0.8067  train_AUPR_ab=0.8600  train_AUPR_ag=0.7273  train_P@5_ab=1.0000  train_P@5_ag=1.0000  val_loss=0.3014  val_AUPR_all=0.5974  val_AUPR_ab=0.7516  val_AUPR_ag=0.3820  val_P@5_ab=0.9500  val_P@5_ag=0.9500  select=0.5668
Ep049  LR0=1.96e-05  pw=1.05  aucα=0.300  token_p=0.020  dropE=(0.020,0.080)  smooth=0.010  train_loss=0.1676  train_AUPR_all=0.8028  train_AUPR_ab=0.8542  train_AUPR_ag=0.7277  train_P@5_ab=1.0000  train_P@5_ag=1.0000  val_loss=0.3020  val_AUPR_all=0.5953  val_AUPR_ab=0.7480  val_AUPR_ag=0.3693  val_P@5_ab=0.9000  val_P@5_ag=0.9500  select=0.5586
Ep050  LR0=1.66e-05  pw=1.04  aucα=0.300  token_p=0.020  dropE=(0.020,0.080)  smooth=0.010  train_loss=0.1604  train_AUPR_all=0.8144  train_AUPR_ab=0.8674  train_AUPR_ag=0.7350  train_P@5_ab=1.0000  train_P@5_ag=1.0000  val_loss=0.3062  val_AUPR_all=0.5959  val_AUPR_ab=0.7505  val_AUPR_ag=0.3710  val_P@5_ab=0.9500  val_P@5_ag=0.7500  select=0.5607
Ep051  LR0=1.39e-05  pw=1.04  aucα=0.300  token_p=0.020  dropE=(0.020,0.080)  smooth=0.010  train_loss=0.1610  train_AUPR_all=0.8135  train_AUPR_ab=0.8650  train_AUPR_ag=0.7369  train_P@5_ab=1.0000  train_P@5_ag=1.0000  val_loss=0.3039  val_AUPR_all=0.5955  val_AUPR_ab=0.7500  val_AUPR_ag=0.3721  val_P@5_ab=0.9500  val_P@5_ag=0.8500  select=0.5610
Ep052  LR0=1.14e-05  pw=1.03  aucα=0.300  token_p=0.020  dropE=(0.020,0.080)  smooth=0.010  train_loss=0.1595  train_AUPR_all=0.8163  train_AUPR_ab=0.8675  train_AUPR_ag=0.7405  train_P@5_ab=1.0000  train_P@5_ag=1.0000  val_loss=0.3018  val_AUPR_all=0.5961  val_AUPR_ab=0.7448  val_AUPR_ag=0.3748  val_P@5_ab=0.8500  val_P@5_ag=0.8500  select=0.5598
Ep053  LR0=9.12e-06  pw=1.03  aucα=0.300  token_p=0.020  dropE=(0.020,0.080)  smooth=0.010  train_loss=0.1562  train_AUPR_all=0.8223  train_AUPR_ab=0.8712  train_AUPR_ag=0.7499  train_P@5_ab=1.0000  train_P@5_ag=1.0000  val_loss=0.3048  val_AUPR_all=0.5947  val_AUPR_ab=0.7481  val_AUPR_ag=0.3672  val_P@5_ab=0.9000  val_P@5_ag=0.7500  select=0.5577
Ep054  LR0=7.13e-06  pw=1.03  aucα=0.300  token_p=0.020  dropE=(0.020,0.080)  smooth=0.010  train_loss=0.1590  train_AUPR_all=0.8173  train_AUPR_ab=0.8682  train_AUPR_ag=0.7424  train_P@5_ab=1.0000  train_P@5_ag=1.0000  val_loss=0.3004  val_AUPR_all=0.5945  val_AUPR_ab=0.7441  val_AUPR_ag=0.3724  val_P@5_ab=1.0000  val_P@5_ag=0.8000  select=0.5582
Ep055  LR0=5.38e-06  pw=1.02  aucα=0.300  token_p=0.020  dropE=(0.020,0.080)  smooth=0.010  train_loss=0.1540  train_AUPR_all=0.8254  train_AUPR_ab=0.8708  train_AUPR_ag=0.7590  train_P@5_ab=0.9500  train_P@5_ag=1.0000  val_loss=0.3026  val_AUPR_all=0.5946  val_AUPR_ab=0.7468  val_AUPR_ag=0.3717  val_P@5_ab=0.9000  val_P@5_ag=0.8000  select=0.5593
Ep056  LR0=3.90e-06  pw=1.02  aucα=0.300  token_p=0.020  dropE=(0.020,0.080)  smooth=0.010  train_loss=0.1580  train_AUPR_all=0.8191  train_AUPR_ab=0.8700  train_AUPR_ag=0.7436  train_P@5_ab=1.0000  train_P@5_ag=1.0000  val_loss=0.3017  val_AUPR_all=0.5958  val_AUPR_ab=0.7480  val_AUPR_ag=0.3738  val_P@5_ab=0.9500  val_P@5_ag=0.8500  select=0.5609
Ep057  LR0=2.68e-06  pw=1.02  aucα=0.300  token_p=0.020  dropE=(0.020,0.080)  smooth=0.010  train_loss=0.1560  train_AUPR_all=0.8216  train_AUPR_ab=0.8695  train_AUPR_ag=0.7506  train_P@5_ab=1.0000  train_P@5_ag=1.0000  val_loss=0.3028  val_AUPR_all=0.5954  val_AUPR_ab=0.7478  val_AUPR_ag=0.3706  val_P@5_ab=0.9500  val_P@5_ag=0.8500  select=0.5592
Ep058  LR0=1.73e-06  pw=1.02  aucα=0.300  token_p=0.020  dropE=(0.020,0.080)  smooth=0.010  train_loss=0.1540  train_AUPR_all=0.8250  train_AUPR_ab=0.8719  train_AUPR_ag=0.7560  train_P@5_ab=1.0000  train_P@5_ag=1.0000  val_loss=0.3029  val_AUPR_all=0.5931  val_AUPR_ab=0.7472  val_AUPR_ag=0.3687  val_P@5_ab=0.9500  val_P@5_ag=0.8500  select=0.5580
Ep059  LR0=1.05e-06  pw=1.01  aucα=0.300  token_p=0.020  dropE=(0.020,0.080)  smooth=0.010  train_loss=0.1509  train_AUPR_all=0.8303  train_AUPR_ab=0.8761  train_AUPR_ag=0.7626  train_P@5_ab=1.0000  train_P@5_ag=1.0000  val_loss=0.3036  val_AUPR_all=0.5940  val_AUPR_ab=0.7472  val_AUPR_ag=0.3706  val_P@5_ab=0.9500  val_P@5_ag=0.8500  select=0.5589
Early stopping at epoch 59. Best select=0.5761 at epoch 39.
Final saved checkpoint for fold 3: checkpoints_CERS/iPara_balanced_l1_g9_i4_do0.10_dpr0.10_lr0.0002_heads16_fold3.pth
Best select=0.5761 at epoch 39

==========================================================================================
Fold 4/5
==========================================================================================
Train labels: valid=398858, pos=26560, neg=372298, ignore=700342, pos_frac=0.06659
Val labels: valid=101334, pos=6670, neg=94664, ignore=172266, pos_frac=0.06582
Initializing ClassificationModel with 9 GAT layers and residual connections...
Initializing MCModel with 9 GAT layers and 4 row attention layers (drop_path_rate=0.1)
Initializing CoreModel with 1 layers, drop_path_rate=0.1
Ep001  LR0=2.00e-04  pw=20.00  aucα=0.000  token_p=0.020  dropE=(0.020,0.080)  smooth=0.010  train_loss=1.3075  train_AUPR_all=0.1490  train_AUPR_ab=0.1668  train_AUPR_ag=0.1298  train_P@5_ab=0.4000  train_P@5_ag=0.3000  val_loss=1.3403  val_AUPR_all=0.2816  val_AUPR_ab=0.3610  val_AUPR_ag=0.1536  val_P@5_ab=0.6000  val_P@5_ag=0.5000  select=0.2573
  Saved checkpoint: checkpoints_CERS/iPara_balanced_l1_g9_i4_do0.10_dpr0.10_lr0.0002_heads16_fold4.pth  select=0.2573  val_ab=0.3610  val_ag=0.1536  val_all=0.2816
Ep002  LR0=2.00e-04  pw=17.77  aucα=0.000  token_p=0.020  dropE=(0.020,0.080)  smooth=0.010  train_loss=0.8762  train_AUPR_all=0.3505  train_AUPR_ab=0.4292  train_AUPR_ag=0.2264  train_P@5_ab=0.8000  train_P@5_ag=0.5000  val_loss=1.2423  val_AUPR_all=0.3747  val_AUPR_ab=0.5053  val_AUPR_ag=0.1567  val_P@5_ab=0.8000  val_P@5_ag=0.9500  select=0.3310
  Saved checkpoint: checkpoints_CERS/iPara_balanced_l1_g9_i4_do0.10_dpr0.10_lr0.0002_heads16_fold4.pth  select=0.3310  val_ab=0.5053  val_ag=0.1567  val_all=0.3747
Ep003  LR0=1.99e-04  pw=15.80  aucα=0.000  token_p=0.020  dropE=(0.020,0.080)  smooth=0.010  train_loss=0.7613  train_AUPR_all=0.3949  train_AUPR_ab=0.4808  train_AUPR_ag=0.2518  train_P@5_ab=0.7000  train_P@5_ag=0.7000  val_loss=1.2744  val_AUPR_all=0.4219  val_AUPR_ab=0.5458  val_AUPR_ag=0.2211  val_P@5_ab=0.7000  val_P@5_ag=0.9500  select=0.3834
  Saved checkpoint: checkpoints_CERS/iPara_balanced_l1_g9_i4_do0.10_dpr0.10_lr0.0002_heads16_fold4.pth  select=0.3834  val_ab=0.5458  val_ag=0.2211  val_all=0.4219
Ep004  LR0=1.99e-04  pw=14.06  aucα=0.000  token_p=0.020  dropE=(0.020,0.080)  smooth=0.010  train_loss=0.6907  train_AUPR_all=0.4242  train_AUPR_ab=0.5115  train_AUPR_ag=0.2751  train_P@5_ab=0.7500  train_P@5_ag=0.8500  val_loss=1.5286  val_AUPR_all=0.3881  val_AUPR_ab=0.5247  val_AUPR_ag=0.1941  val_P@5_ab=0.7000  val_P@5_ag=0.7000  select=0.3594
Unfreezing DyM parameters.
Ep005  LR0=1.98e-04  pw=12.52  aucα=0.000  token_p=0.020  dropE=(0.020,0.080)  smooth=0.010  train_loss=0.6204  train_AUPR_all=0.4566  train_AUPR_ab=0.5456  train_AUPR_ag=0.3034  train_P@5_ab=0.7500  train_P@5_ag=1.0000  val_loss=0.9137  val_AUPR_all=0.4696  val_AUPR_ab=0.5978  val_AUPR_ag=0.2528  val_P@5_ab=0.9500  val_P@5_ag=0.7500  select=0.4253
  Saved checkpoint: checkpoints_CERS/iPara_balanced_l1_g9_i4_do0.10_dpr0.10_lr0.0002_heads16_fold4.pth  select=0.4253  val_ab=0.5978  val_ag=0.2528  val_all=0.4696
Ep006  LR0=1.97e-04  pw=11.17  aucα=0.000  token_p=0.020  dropE=(0.020,0.080)  smooth=0.010  train_loss=0.5693  train_AUPR_all=0.4832  train_AUPR_ab=0.5701  train_AUPR_ag=0.3263  train_P@5_ab=0.8000  train_P@5_ag=0.8000  val_loss=0.9258  val_AUPR_all=0.4984  val_AUPR_ab=0.6272  val_AUPR_ag=0.2743  val_P@5_ab=0.7000  val_P@5_ag=0.9000  select=0.4507
  Saved checkpoint: checkpoints_CERS/iPara_balanced_l1_g9_i4_do0.10_dpr0.10_lr0.0002_heads16_fold4.pth  select=0.4507  val_ab=0.6272  val_ag=0.2743  val_all=0.4984
Ep007  LR0=1.95e-04  pw=9.97  aucα=0.000  token_p=0.020  dropE=(0.020,0.080)  smooth=0.010  train_loss=0.5328  train_AUPR_all=0.5109  train_AUPR_ab=0.6033  train_AUPR_ag=0.3427  train_P@5_ab=0.8000  train_P@5_ag=1.0000  val_loss=0.8564  val_AUPR_all=0.5073  val_AUPR_ab=0.6388  val_AUPR_ag=0.2972  val_P@5_ab=0.8000  val_P@5_ag=1.0000  select=0.4680
  Saved checkpoint: checkpoints_CERS/iPara_balanced_l1_g9_i4_do0.10_dpr0.10_lr0.0002_heads16_fold4.pth  select=0.4680  val_ab=0.6388  val_ag=0.2972  val_all=0.5073
Ep008  LR0=1.93e-04  pw=8.92  aucα=0.000  token_p=0.020  dropE=(0.020,0.080)  smooth=0.010  train_loss=0.4947  train_AUPR_all=0.5237  train_AUPR_ab=0.6161  train_AUPR_ag=0.3543  train_P@5_ab=0.9000  train_P@5_ag=0.9000  val_loss=0.7678  val_AUPR_all=0.4936  val_AUPR_ab=0.6344  val_AUPR_ag=0.2911  val_P@5_ab=0.6500  val_P@5_ag=1.0000  select=0.4628
Ep009  LR0=1.91e-04  pw=7.99  aucα=0.000  token_p=0.020  dropE=(0.020,0.080)  smooth=0.010  train_loss=0.4704  train_AUPR_all=0.5339  train_AUPR_ab=0.6294  train_AUPR_ag=0.3564  train_P@5_ab=0.8500  train_P@5_ag=0.8500  val_loss=0.6896  val_AUPR_all=0.5188  val_AUPR_ab=0.6608  val_AUPR_ag=0.3244  val_P@5_ab=0.7500  val_P@5_ag=0.9000  select=0.4926
  Saved checkpoint: checkpoints_CERS/iPara_balanced_l1_g9_i4_do0.10_dpr0.10_lr0.0002_heads16_fold4.pth  select=0.4926  val_ab=0.6608  val_ag=0.3244  val_all=0.5188
Ep010  LR0=1.89e-04  pw=7.17  aucα=0.030  token_p=0.020  dropE=(0.020,0.080)  smooth=0.010  train_loss=0.4528  train_AUPR_all=0.5436  train_AUPR_ab=0.6393  train_AUPR_ag=0.3666  train_P@5_ab=0.7500  train_P@5_ag=0.9000  val_loss=0.7101  val_AUPR_all=0.4619  val_AUPR_ab=0.6364  val_AUPR_ag=0.2676  val_P@5_ab=0.9000  val_P@5_ag=0.7000  select=0.4520
Ep011  LR0=1.87e-04  pw=6.44  aucα=0.060  token_p=0.020  dropE=(0.020,0.080)  smooth=0.010  train_loss=0.4409  train_AUPR_all=0.5451  train_AUPR_ab=0.6493  train_AUPR_ag=0.3588  train_P@5_ab=0.8000  train_P@5_ag=0.9000  val_loss=0.6448  val_AUPR_all=0.5361  val_AUPR_ab=0.6686  val_AUPR_ag=0.3219  val_P@5_ab=0.9000  val_P@5_ag=1.0000  select=0.4953
  Saved checkpoint: checkpoints_CERS/iPara_balanced_l1_g9_i4_do0.10_dpr0.10_lr0.0002_heads16_fold4.pth  select=0.4953  val_ab=0.6686  val_ag=0.3219  val_all=0.5361
Ep012  LR0=1.84e-04  pw=5.80  aucα=0.090  token_p=0.020  dropE=(0.020,0.080)  smooth=0.010  train_loss=0.4320  train_AUPR_all=0.5583  train_AUPR_ab=0.6611  train_AUPR_ag=0.3761  train_P@5_ab=0.8500  train_P@5_ag=0.9500  val_loss=0.6612  val_AUPR_all=0.5284  val_AUPR_ab=0.6653  val_AUPR_ag=0.3083  val_P@5_ab=0.9000  val_P@5_ag=1.0000  select=0.4868
Ep013  LR0=1.81e-04  pw=5.24  aucα=0.120  token_p=0.020  dropE=(0.020,0.080)  smooth=0.010  train_loss=0.4179  train_AUPR_all=0.5685  train_AUPR_ab=0.6749  train_AUPR_ag=0.3826  train_P@5_ab=0.9500  train_P@5_ag=0.9500  val_loss=0.6248  val_AUPR_all=0.5226  val_AUPR_ab=0.6617  val_AUPR_ag=0.3008  val_P@5_ab=0.8000  val_P@5_ag=0.9500  select=0.4812
Ep014  LR0=1.78e-04  pw=4.74  aucα=0.150  token_p=0.020  dropE=(0.020,0.080)  smooth=0.010  train_loss=0.4102  train_AUPR_all=0.5781  train_AUPR_ab=0.6846  train_AUPR_ag=0.3926  train_P@5_ab=0.9000  train_P@5_ag=1.0000  val_loss=0.5229  val_AUPR_all=0.5288  val_AUPR_ab=0.6932  val_AUPR_ag=0.3112  val_P@5_ab=0.9000  val_P@5_ag=0.9000  select=0.5022
  Saved checkpoint: checkpoints_CERS/iPara_balanced_l1_g9_i4_do0.10_dpr0.10_lr0.0002_heads16_fold4.pth  select=0.5022  val_ab=0.6932  val_ag=0.3112  val_all=0.5288
Ep015  LR0=1.74e-04  pw=4.30  aucα=0.180  token_p=0.020  dropE=(0.020,0.080)  smooth=0.010  train_loss=0.4014  train_AUPR_all=0.5850  train_AUPR_ab=0.6915  train_AUPR_ag=0.4028  train_P@5_ab=0.8000  train_P@5_ag=1.0000  val_loss=0.5146  val_AUPR_all=0.5562  val_AUPR_ab=0.7038  val_AUPR_ag=0.3216  val_P@5_ab=0.9500  val_P@5_ag=1.0000  select=0.5127
  Saved checkpoint: checkpoints_CERS/iPara_balanced_l1_g9_i4_do0.10_dpr0.10_lr0.0002_heads16_fold4.pth  select=0.5127  val_ab=0.7038  val_ag=0.3216  val_all=0.5562
Ep016  LR0=1.71e-04  pw=3.91  aucα=0.210  token_p=0.020  dropE=(0.020,0.080)  smooth=0.010  train_loss=0.3977  train_AUPR_all=0.5888  train_AUPR_ab=0.7027  train_AUPR_ag=0.3977  train_P@5_ab=0.9500  train_P@5_ag=0.9000  val_loss=0.4796  val_AUPR_all=0.5624  val_AUPR_ab=0.7080  val_AUPR_ag=0.3366  val_P@5_ab=1.0000  val_P@5_ag=0.9500  select=0.5223
  Saved checkpoint: checkpoints_CERS/iPara_balanced_l1_g9_i4_do0.10_dpr0.10_lr0.0002_heads16_fold4.pth  select=0.5223  val_ab=0.7080  val_ag=0.3366  val_all=0.5624
Ep017  LR0=1.67e-04  pw=3.57  aucα=0.240  token_p=0.020  dropE=(0.020,0.080)  smooth=0.010  train_loss=0.3877  train_AUPR_all=0.6015  train_AUPR_ab=0.7157  train_AUPR_ag=0.4102  train_P@5_ab=0.9500  train_P@5_ag=1.0000  val_loss=0.4638  val_AUPR_all=0.5688  val_AUPR_ab=0.7238  val_AUPR_ag=0.3246  val_P@5_ab=0.9500  val_P@5_ag=0.9500  select=0.5242
  Saved checkpoint: checkpoints_CERS/iPara_balanced_l1_g9_i4_do0.10_dpr0.10_lr0.0002_heads16_fold4.pth  select=0.5242  val_ab=0.7238  val_ag=0.3246  val_all=0.5688
Ep018  LR0=1.63e-04  pw=3.27  aucα=0.270  token_p=0.020  dropE=(0.020,0.080)  smooth=0.010  train_loss=0.3858  train_AUPR_all=0.6032  train_AUPR_ab=0.7115  train_AUPR_ag=0.4215  train_P@5_ab=0.9500  train_P@5_ag=1.0000  val_loss=0.4466  val_AUPR_all=0.5697  val_AUPR_ab=0.6970  val_AUPR_ag=0.3599  val_P@5_ab=0.9500  val_P@5_ag=1.0000  select=0.5284
  Saved checkpoint: checkpoints_CERS/iPara_balanced_l1_g9_i4_do0.10_dpr0.10_lr0.0002_heads16_fold4.pth  select=0.5284  val_ab=0.6970  val_ag=0.3599  val_all=0.5697
Ep019  LR0=1.59e-04  pw=3.00  aucα=0.300  token_p=0.020  dropE=(0.020,0.080)  smooth=0.010  train_loss=0.3845  train_AUPR_all=0.6081  train_AUPR_ab=0.7197  train_AUPR_ag=0.4232  train_P@5_ab=0.9500  train_P@5_ag=0.8500  val_loss=0.4106  val_AUPR_all=0.5855  val_AUPR_ab=0.7141  val_AUPR_ag=0.3744  val_P@5_ab=0.9500  val_P@5_ag=0.9000  select=0.5442
  Saved checkpoint: checkpoints_CERS/iPara_balanced_l1_g9_i4_do0.10_dpr0.10_lr0.0002_heads16_fold4.pth  select=0.5442  val_ab=0.7141  val_ag=0.3744  val_all=0.5855
Ep020  LR0=1.55e-04  pw=2.77  aucα=0.300  token_p=0.020  dropE=(0.020,0.080)  smooth=0.010  train_loss=0.3636  train_AUPR_all=0.6218  train_AUPR_ab=0.7337  train_AUPR_ag=0.4365  train_P@5_ab=0.9000  train_P@5_ag=1.0000  val_loss=0.4061  val_AUPR_all=0.5738  val_AUPR_ab=0.7175  val_AUPR_ag=0.3622  val_P@5_ab=0.9500  val_P@5_ag=1.0000  select=0.5398
Ep021  LR0=1.50e-04  pw=2.56  aucα=0.300  token_p=0.020  dropE=(0.020,0.080)  smooth=0.010  train_loss=0.3484  train_AUPR_all=0.6295  train_AUPR_ab=0.7404  train_AUPR_ag=0.4493  train_P@5_ab=0.9500  train_P@5_ag=1.0000  val_loss=0.4070  val_AUPR_all=0.5511  val_AUPR_ab=0.6973  val_AUPR_ag=0.3100  val_P@5_ab=0.9500  val_P@5_ag=0.9500  select=0.5037
Ep022  LR0=1.46e-04  pw=2.38  aucα=0.300  token_p=0.020  dropE=(0.020,0.080)  smooth=0.010  train_loss=0.3363  train_AUPR_all=0.6346  train_AUPR_ab=0.7440  train_AUPR_ag=0.4544  train_P@5_ab=1.0000  train_P@5_ag=1.0000  val_loss=0.3935  val_AUPR_all=0.5913  val_AUPR_ab=0.7362  val_AUPR_ag=0.3619  val_P@5_ab=1.0000  val_P@5_ag=1.0000  select=0.5491
  Saved checkpoint: checkpoints_CERS/iPara_balanced_l1_g9_i4_do0.10_dpr0.10_lr0.0002_heads16_fold4.pth  select=0.5491  val_ab=0.7362  val_ag=0.3619  val_all=0.5913
Ep023  LR0=1.41e-04  pw=2.21  aucα=0.300  token_p=0.020  dropE=(0.020,0.080)  smooth=0.010  train_loss=0.3223  train_AUPR_all=0.6447  train_AUPR_ab=0.7540  train_AUPR_ag=0.4669  train_P@5_ab=0.9500  train_P@5_ag=1.0000  val_loss=0.3730  val_AUPR_all=0.5982  val_AUPR_ab=0.7475  val_AUPR_ag=0.3583  val_P@5_ab=1.0000  val_P@5_ag=1.0000  select=0.5529
  Saved checkpoint: checkpoints_CERS/iPara_balanced_l1_g9_i4_do0.10_dpr0.10_lr0.0002_heads16_fold4.pth  select=0.5529  val_ab=0.7475  val_ag=0.3583  val_all=0.5982
Ep024  LR0=1.36e-04  pw=2.07  aucα=0.300  token_p=0.020  dropE=(0.020,0.080)  smooth=0.010  train_loss=0.3098  train_AUPR_all=0.6515  train_AUPR_ab=0.7611  train_AUPR_ag=0.4736  train_P@5_ab=1.0000  train_P@5_ag=0.9500  val_loss=0.3594  val_AUPR_all=0.5928  val_AUPR_ab=0.7396  val_AUPR_ag=0.3607  val_P@5_ab=0.9500  val_P@5_ag=0.9500  select=0.5502
Ep025  LR0=1.31e-04  pw=1.95  aucα=0.300  token_p=0.020  dropE=(0.020,0.080)  smooth=0.010  train_loss=0.2955  train_AUPR_all=0.6620  train_AUPR_ab=0.7684  train_AUPR_ag=0.4909  train_P@5_ab=0.9000  train_P@5_ag=1.0000  val_loss=0.3466  val_AUPR_all=0.5991  val_AUPR_ab=0.7411  val_AUPR_ag=0.3723  val_P@5_ab=1.0000  val_P@5_ag=1.0000  select=0.5567
  Saved checkpoint: checkpoints_CERS/iPara_balanced_l1_g9_i4_do0.10_dpr0.10_lr0.0002_heads16_fold4.pth  select=0.5567  val_ab=0.7411  val_ag=0.3723  val_all=0.5991
Ep026  LR0=1.26e-04  pw=1.83  aucα=0.300  token_p=0.020  dropE=(0.020,0.080)  smooth=0.010  train_loss=0.2845  train_AUPR_all=0.6719  train_AUPR_ab=0.7758  train_AUPR_ag=0.5067  train_P@5_ab=0.9500  train_P@5_ag=1.0000  val_loss=0.3344  val_AUPR_all=0.6154  val_AUPR_ab=0.7575  val_AUPR_ag=0.3867  val_P@5_ab=1.0000  val_P@5_ag=1.0000  select=0.5721
  Saved checkpoint: checkpoints_CERS/iPara_balanced_l1_g9_i4_do0.10_dpr0.10_lr0.0002_heads16_fold4.pth  select=0.5721  val_ab=0.7575  val_ag=0.3867  val_all=0.6154
Ep027  LR0=1.21e-04  pw=1.74  aucα=0.300  token_p=0.020  dropE=(0.020,0.080)  smooth=0.010  train_loss=0.2790  train_AUPR_all=0.6719  train_AUPR_ab=0.7718  train_AUPR_ag=0.5133  train_P@5_ab=0.9000  train_P@5_ag=1.0000  val_loss=0.3481  val_AUPR_all=0.6065  val_AUPR_ab=0.7554  val_AUPR_ag=0.3757  val_P@5_ab=0.9500  val_P@5_ag=0.9500  select=0.5655
Ep028  LR0=1.16e-04  pw=1.65  aucα=0.300  token_p=0.020  dropE=(0.020,0.080)  smooth=0.010  train_loss=0.2705  train_AUPR_all=0.6773  train_AUPR_ab=0.7793  train_AUPR_ag=0.5133  train_P@5_ab=0.9000  train_P@5_ag=0.8500  val_loss=0.3258  val_AUPR_all=0.6074  val_AUPR_ab=0.7478  val_AUPR_ag=0.3834  val_P@5_ab=0.9000  val_P@5_ag=0.9000  select=0.5656
Ep029  LR0=1.11e-04  pw=1.57  aucα=0.300  token_p=0.020  dropE=(0.020,0.080)  smooth=0.010  train_loss=0.2559  train_AUPR_all=0.6950  train_AUPR_ab=0.7876  train_AUPR_ag=0.5486  train_P@5_ab=0.9500  train_P@5_ag=0.9500  val_loss=0.3360  val_AUPR_all=0.5882  val_AUPR_ab=0.7494  val_AUPR_ag=0.3492  val_P@5_ab=1.0000  val_P@5_ag=0.8000  select=0.5493
Ep030  LR0=1.05e-04  pw=1.51  aucα=0.300  token_p=0.020  dropE=(0.020,0.080)  smooth=0.010  train_loss=0.2468  train_AUPR_all=0.7048  train_AUPR_ab=0.7985  train_AUPR_ag=0.5577  train_P@5_ab=1.0000  train_P@5_ag=1.0000  val_loss=0.3182  val_AUPR_all=0.6145  val_AUPR_ab=0.7607  val_AUPR_ag=0.3853  val_P@5_ab=1.0000  val_P@5_ag=0.9500  select=0.5730
  Saved checkpoint: checkpoints_CERS/iPara_balanced_l1_g9_i4_do0.10_dpr0.10_lr0.0002_heads16_fold4.pth  select=0.5730  val_ab=0.7607  val_ag=0.3853  val_all=0.6145
Ep031  LR0=1.00e-04  pw=1.45  aucα=0.300  token_p=0.020  dropE=(0.020,0.080)  smooth=0.010  train_loss=0.2383  train_AUPR_all=0.7145  train_AUPR_ab=0.8029  train_AUPR_ag=0.5762  train_P@5_ab=0.9500  train_P@5_ag=0.9500  val_loss=0.3174  val_AUPR_all=0.6085  val_AUPR_ab=0.7505  val_AUPR_ag=0.3821  val_P@5_ab=1.0000  val_P@5_ag=1.0000  select=0.5663
Ep032  LR0=9.50e-05  pw=1.39  aucα=0.300  token_p=0.020  dropE=(0.020,0.080)  smooth=0.010  train_loss=0.2328  train_AUPR_all=0.7190  train_AUPR_ab=0.8052  train_AUPR_ag=0.5842  train_P@5_ab=1.0000  train_P@5_ag=1.0000  val_loss=0.3253  val_AUPR_all=0.6068  val_AUPR_ab=0.7600  val_AUPR_ag=0.3717  val_P@5_ab=0.9500  val_P@5_ag=1.0000  select=0.5658
Ep033  LR0=8.98e-05  pw=1.35  aucα=0.300  token_p=0.020  dropE=(0.020,0.080)  smooth=0.010  train_loss=0.2255  train_AUPR_all=0.7274  train_AUPR_ab=0.8101  train_AUPR_ag=0.5996  train_P@5_ab=1.0000  train_P@5_ag=1.0000  val_loss=0.3128  val_AUPR_all=0.6035  val_AUPR_ab=0.7416  val_AUPR_ag=0.3883  val_P@5_ab=0.9000  val_P@5_ag=1.0000  select=0.5649
Ep034  LR0=8.46e-05  pw=1.31  aucα=0.300  token_p=0.020  dropE=(0.020,0.080)  smooth=0.010  train_loss=0.2216  train_AUPR_all=0.7303  train_AUPR_ab=0.8117  train_AUPR_ag=0.6037  train_P@5_ab=1.0000  train_P@5_ag=0.9000  val_loss=0.3046  val_AUPR_all=0.6182  val_AUPR_ab=0.7593  val_AUPR_ag=0.4051  val_P@5_ab=0.9500  val_P@5_ag=1.0000  select=0.5822
  Saved checkpoint: checkpoints_CERS/iPara_balanced_l1_g9_i4_do0.10_dpr0.10_lr0.0002_heads16_fold4.pth  select=0.5822  val_ab=0.7593  val_ag=0.4051  val_all=0.6182
Ep035  LR0=7.95e-05  pw=1.27  aucα=0.300  token_p=0.020  dropE=(0.020,0.080)  smooth=0.010  train_loss=0.2126  train_AUPR_all=0.7423  train_AUPR_ab=0.8204  train_AUPR_ag=0.6220  train_P@5_ab=1.0000  train_P@5_ag=1.0000  val_loss=0.3028  val_AUPR_all=0.6067  val_AUPR_ab=0.7575  val_AUPR_ag=0.3790  val_P@5_ab=0.9500  val_P@5_ag=1.0000  select=0.5683
Ep036  LR0=7.44e-05  pw=1.24  aucα=0.300  token_p=0.020  dropE=(0.020,0.080)  smooth=0.010  train_loss=0.2069  train_AUPR_all=0.7488  train_AUPR_ab=0.8253  train_AUPR_ag=0.6308  train_P@5_ab=1.0000  train_P@5_ag=1.0000  val_loss=0.3089  val_AUPR_all=0.6094  val_AUPR_ab=0.7520  val_AUPR_ag=0.3968  val_P@5_ab=0.9500  val_P@5_ag=0.9500  select=0.5744
Ep037  LR0=6.94e-05  pw=1.21  aucα=0.300  token_p=0.020  dropE=(0.020,0.080)  smooth=0.010  train_loss=0.1971  train_AUPR_all=0.7665  train_AUPR_ab=0.8377  train_AUPR_ag=0.6578  train_P@5_ab=1.0000  train_P@5_ag=1.0000  val_loss=0.3088  val_AUPR_all=0.5983  val_AUPR_ab=0.7534  val_AUPR_ag=0.3523  val_P@5_ab=0.9500  val_P@5_ag=1.0000  select=0.5528
Ep038  LR0=6.45e-05  pw=1.19  aucα=0.300  token_p=0.020  dropE=(0.020,0.080)  smooth=0.010  train_loss=0.1946  train_AUPR_all=0.7677  train_AUPR_ab=0.8392  train_AUPR_ag=0.6587  train_P@5_ab=1.0000  train_P@5_ag=0.9500  val_loss=0.3168  val_AUPR_all=0.5960  val_AUPR_ab=0.7450  val_AUPR_ag=0.3804  val_P@5_ab=0.8500  val_P@5_ag=0.8500  select=0.5627
Ep039  LR0=5.97e-05  pw=1.16  aucα=0.300  token_p=0.020  dropE=(0.020,0.080)  smooth=0.010  train_loss=0.1913  train_AUPR_all=0.7710  train_AUPR_ab=0.8394  train_AUPR_ag=0.6666  train_P@5_ab=1.0000  train_P@5_ag=0.9500  val_loss=0.2992  val_AUPR_all=0.6126  val_AUPR_ab=0.7572  val_AUPR_ag=0.3891  val_P@5_ab=1.0000  val_P@5_ag=1.0000  select=0.5731
Ep040  LR0=5.50e-05  pw=1.15  aucα=0.300  token_p=0.020  dropE=(0.020,0.080)  smooth=0.010  train_loss=0.1886  train_AUPR_all=0.7743  train_AUPR_ab=0.8424  train_AUPR_ag=0.6696  train_P@5_ab=1.0000  train_P@5_ag=1.0000  val_loss=0.3044  val_AUPR_all=0.6050  val_AUPR_ab=0.7588  val_AUPR_ag=0.3683  val_P@5_ab=0.9500  val_P@5_ag=1.0000  select=0.5635
Ep041  LR0=5.04e-05  pw=1.13  aucα=0.300  token_p=0.020  dropE=(0.020,0.080)  smooth=0.010  train_loss=0.1784  train_AUPR_all=0.7916  train_AUPR_ab=0.8546  train_AUPR_ag=0.6957  train_P@5_ab=1.0000  train_P@5_ag=1.0000  val_loss=0.3031  val_AUPR_all=0.5967  val_AUPR_ab=0.7515  val_AUPR_ag=0.3715  val_P@5_ab=0.9500  val_P@5_ag=0.8500  select=0.5615
Ep042  LR0=4.59e-05  pw=1.11  aucα=0.300  token_p=0.020  dropE=(0.020,0.080)  smooth=0.010  train_loss=0.1749  train_AUPR_all=0.7967  train_AUPR_ab=0.8566  train_AUPR_ag=0.7061  train_P@5_ab=1.0000  train_P@5_ag=1.0000  val_loss=0.3052  val_AUPR_all=0.6076  val_AUPR_ab=0.7550  val_AUPR_ag=0.3993  val_P@5_ab=1.0000  val_P@5_ag=0.9500  select=0.5772
Ep043  LR0=4.16e-05  pw=1.10  aucα=0.300  token_p=0.020  dropE=(0.020,0.080)  smooth=0.010  train_loss=0.1756  train_AUPR_all=0.7935  train_AUPR_ab=0.8556  train_AUPR_ag=0.6989  train_P@5_ab=1.0000  train_P@5_ag=1.0000  val_loss=0.3085  val_AUPR_all=0.6008  val_AUPR_ab=0.7407  val_AUPR_ag=0.3851  val_P@5_ab=0.9000  val_P@5_ag=0.9500  select=0.5629
Ep044  LR0=3.75e-05  pw=1.09  aucα=0.300  token_p=0.020  dropE=(0.020,0.080)  smooth=0.010  train_loss=0.1675  train_AUPR_all=0.8073  train_AUPR_ab=0.8638  train_AUPR_ag=0.7216  train_P@5_ab=1.0000  train_P@5_ag=1.0000  val_loss=0.3131  val_AUPR_all=0.5971  val_AUPR_ab=0.7484  val_AUPR_ag=0.3745  val_P@5_ab=0.9500  val_P@5_ag=0.9500  select=0.5614
Ep045  LR0=3.35e-05  pw=1.08  aucα=0.300  token_p=0.020  dropE=(0.020,0.080)  smooth=0.010  train_loss=0.1669  train_AUPR_all=0.8076  train_AUPR_ab=0.8632  train_AUPR_ag=0.7238  train_P@5_ab=1.0000  train_P@5_ag=1.0000  val_loss=0.3005  val_AUPR_all=0.6065  val_AUPR_ab=0.7508  val_AUPR_ag=0.3974  val_P@5_ab=0.9000  val_P@5_ag=0.9000  select=0.5741
Ep046  LR0=2.97e-05  pw=1.07  aucα=0.300  token_p=0.020  dropE=(0.020,0.080)  smooth=0.010  train_loss=0.1661  train_AUPR_all=0.8074  train_AUPR_ab=0.8636  train_AUPR_ag=0.7222  train_P@5_ab=1.0000  train_P@5_ag=1.0000  val_loss=0.3036  val_AUPR_all=0.6060  val_AUPR_ab=0.7556  val_AUPR_ag=0.3805  val_P@5_ab=0.9500  val_P@5_ag=0.8500  select=0.5680
Ep047  LR0=2.61e-05  pw=1.06  aucα=0.300  token_p=0.020  dropE=(0.020,0.080)  smooth=0.010  train_loss=0.1628  train_AUPR_all=0.8145  train_AUPR_ab=0.8684  train_AUPR_ag=0.7338  train_P@5_ab=1.0000  train_P@5_ag=1.0000  val_loss=0.2973  val_AUPR_all=0.6047  val_AUPR_ab=0.7486  val_AUPR_ag=0.3916  val_P@5_ab=0.9000  val_P@5_ag=0.8500  select=0.5701
Ep048  LR0=2.27e-05  pw=1.05  aucα=0.300  token_p=0.020  dropE=(0.020,0.080)  smooth=0.010  train_loss=0.1627  train_AUPR_all=0.8138  train_AUPR_ab=0.8687  train_AUPR_ag=0.7307  train_P@5_ab=1.0000  train_P@5_ag=1.0000  val_loss=0.3019  val_AUPR_all=0.6028  val_AUPR_ab=0.7513  val_AUPR_ag=0.3844  val_P@5_ab=1.0000  val_P@5_ag=0.8000  select=0.5678
Ep049  LR0=1.96e-05  pw=1.05  aucα=0.300  token_p=0.020  dropE=(0.020,0.080)  smooth=0.010  train_loss=0.1565  train_AUPR_all=0.8235  train_AUPR_ab=0.8750  train_AUPR_ag=0.7454  train_P@5_ab=1.0000  train_P@5_ag=0.9500  val_loss=0.3066  val_AUPR_all=0.5957  val_AUPR_ab=0.7475  val_AUPR_ag=0.3760  val_P@5_ab=0.9500  val_P@5_ag=0.8000  select=0.5617
Ep050  LR0=1.66e-05  pw=1.04  aucα=0.300  token_p=0.020  dropE=(0.020,0.080)  smooth=0.010  train_loss=0.1574  train_AUPR_all=0.8216  train_AUPR_ab=0.8750  train_AUPR_ag=0.7401  train_P@5_ab=1.0000  train_P@5_ag=1.0000  val_loss=0.3061  val_AUPR_all=0.6016  val_AUPR_ab=0.7477  val_AUPR_ag=0.3831  val_P@5_ab=0.9500  val_P@5_ag=0.8000  select=0.5654
Ep051  LR0=1.39e-05  pw=1.04  aucα=0.300  token_p=0.020  dropE=(0.020,0.080)  smooth=0.010  train_loss=0.1529  train_AUPR_all=0.8295  train_AUPR_ab=0.8803  train_AUPR_ag=0.7522  train_P@5_ab=1.0000  train_P@5_ag=1.0000  val_loss=0.3069  val_AUPR_all=0.5993  val_AUPR_ab=0.7476  val_AUPR_ag=0.3850  val_P@5_ab=0.9500  val_P@5_ag=0.8000  select=0.5663
Ep052  LR0=1.14e-05  pw=1.03  aucα=0.300  token_p=0.020  dropE=(0.020,0.080)  smooth=0.010  train_loss=0.1520  train_AUPR_all=0.8313  train_AUPR_ab=0.8809  train_AUPR_ag=0.7566  train_P@5_ab=1.0000  train_P@5_ag=1.0000  val_loss=0.3083  val_AUPR_all=0.5986  val_AUPR_ab=0.7463  val_AUPR_ag=0.3866  val_P@5_ab=0.9000  val_P@5_ag=0.8000  select=0.5665
Ep053  LR0=9.12e-06  pw=1.03  aucα=0.300  token_p=0.020  dropE=(0.020,0.080)  smooth=0.010  train_loss=0.1556  train_AUPR_all=0.8242  train_AUPR_ab=0.8765  train_AUPR_ag=0.7452  train_P@5_ab=1.0000  train_P@5_ag=1.0000  val_loss=0.3043  val_AUPR_all=0.6008  val_AUPR_ab=0.7447  val_AUPR_ag=0.3859  val_P@5_ab=0.9000  val_P@5_ag=0.7500  select=0.5653
Ep054  LR0=7.13e-06  pw=1.03  aucα=0.300  token_p=0.020  dropE=(0.020,0.080)  smooth=0.010  train_loss=0.1551  train_AUPR_all=0.8247  train_AUPR_ab=0.8769  train_AUPR_ag=0.7455  train_P@5_ab=0.9500  train_P@5_ag=1.0000  val_loss=0.3031  val_AUPR_all=0.6021  val_AUPR_ab=0.7478  val_AUPR_ag=0.3880  val_P@5_ab=0.9000  val_P@5_ag=0.8500  select=0.5679
Early stopping at epoch 54. Best select=0.5822 at epoch 34.
Final saved checkpoint for fold 4: checkpoints_CERS/iPara_balanced_l1_g9_i4_do0.10_dpr0.10_lr0.0002_heads16_fold4.pth
Best select=0.5822 at epoch 34

==========================================================================================
Fold 5/5
==========================================================================================
Train labels: valid=399660, pos=26617, neg=373043, ignore=699540, pos_frac=0.06660
Val labels: valid=100532, pos=6613, neg=93919, ignore=173068, pos_frac=0.06578
Initializing ClassificationModel with 9 GAT layers and residual connections...
Initializing MCModel with 9 GAT layers and 4 row attention layers (drop_path_rate=0.1)
Initializing CoreModel with 1 layers, drop_path_rate=0.1
Ep001  LR0=2.00e-04  pw=20.00  aucα=0.000  token_p=0.020  dropE=(0.020,0.080)  smooth=0.010  train_loss=1.1814  train_AUPR_all=0.2607  train_AUPR_ab=0.3119  train_AUPR_ag=0.1950  train_P@5_ab=0.6500  train_P@5_ag=0.5000  val_loss=1.3486  val_AUPR_all=0.3346  val_AUPR_ab=0.4543  val_AUPR_ag=0.1922  val_P@5_ab=0.5500  val_P@5_ag=0.7500  select=0.3233
  Saved checkpoint: checkpoints_CERS/iPara_balanced_l1_g9_i4_do0.10_dpr0.10_lr0.0002_heads16_fold5.pth  select=0.3233  val_ab=0.4543  val_ag=0.1922  val_all=0.3346
Ep002  LR0=2.00e-04  pw=17.77  aucα=0.000  token_p=0.020  dropE=(0.020,0.080)  smooth=0.010  train_loss=0.8874  train_AUPR_all=0.3471  train_AUPR_ab=0.4247  train_AUPR_ag=0.2346  train_P@5_ab=0.8000  train_P@5_ag=0.8000  val_loss=1.0998  val_AUPR_all=0.3977  val_AUPR_ab=0.5169  val_AUPR_ag=0.2137  val_P@5_ab=0.6000  val_P@5_ag=0.8500  select=0.3653
  Saved checkpoint: checkpoints_CERS/iPara_balanced_l1_g9_i4_do0.10_dpr0.10_lr0.0002_heads16_fold5.pth  select=0.3653  val_ab=0.5169  val_ag=0.2137  val_all=0.3977
Ep003  LR0=1.99e-04  pw=15.80  aucα=0.000  token_p=0.020  dropE=(0.020,0.080)  smooth=0.010  train_loss=0.7558  train_AUPR_all=0.3758  train_AUPR_ab=0.4471  train_AUPR_ag=0.2535  train_P@5_ab=0.5000  train_P@5_ag=0.7000  val_loss=0.9356  val_AUPR_all=0.4586  val_AUPR_ab=0.5849  val_AUPR_ag=0.2447  val_P@5_ab=0.5500  val_P@5_ag=0.8500  select=0.4148
  Saved checkpoint: checkpoints_CERS/iPara_balanced_l1_g9_i4_do0.10_dpr0.10_lr0.0002_heads16_fold5.pth  select=0.4148  val_ab=0.5849  val_ag=0.2447  val_all=0.4586
Ep004  LR0=1.99e-04  pw=14.06  aucα=0.000  token_p=0.020  dropE=(0.020,0.080)  smooth=0.010  train_loss=0.6783  train_AUPR_all=0.4468  train_AUPR_ab=0.5171  train_AUPR_ag=0.3054  train_P@5_ab=0.9500  train_P@5_ag=0.9500  val_loss=0.9879  val_AUPR_all=0.4584  val_AUPR_ab=0.6188  val_AUPR_ag=0.2376  val_P@5_ab=0.8500  val_P@5_ag=0.9500  select=0.4282
  Saved checkpoint: checkpoints_CERS/iPara_balanced_l1_g9_i4_do0.10_dpr0.10_lr0.0002_heads16_fold5.pth  select=0.4282  val_ab=0.6188  val_ag=0.2376  val_all=0.4584
Unfreezing DyM parameters.
Ep005  LR0=1.98e-04  pw=12.52  aucα=0.000  token_p=0.020  dropE=(0.020,0.080)  smooth=0.010  train_loss=0.6253  train_AUPR_all=0.4539  train_AUPR_ab=0.5295  train_AUPR_ag=0.3028  train_P@5_ab=0.8500  train_P@5_ag=0.8500  val_loss=0.8611  val_AUPR_all=0.4940  val_AUPR_ab=0.6246  val_AUPR_ag=0.2834  val_P@5_ab=0.9500  val_P@5_ag=0.9500  select=0.4540
  Saved checkpoint: checkpoints_CERS/iPara_balanced_l1_g9_i4_do0.10_dpr0.10_lr0.0002_heads16_fold5.pth  select=0.4540  val_ab=0.6246  val_ag=0.2834  val_all=0.4940
Ep006  LR0=1.97e-04  pw=11.17  aucα=0.000  token_p=0.020  dropE=(0.020,0.080)  smooth=0.010  train_loss=0.5752  train_AUPR_all=0.4694  train_AUPR_ab=0.5486  train_AUPR_ag=0.3171  train_P@5_ab=0.7000  train_P@5_ag=0.8000  val_loss=0.8751  val_AUPR_all=0.4772  val_AUPR_ab=0.6167  val_AUPR_ag=0.2638  val_P@5_ab=0.8000  val_P@5_ag=0.7500  select=0.4402
Ep007  LR0=1.95e-04  pw=9.97  aucα=0.000  token_p=0.020  dropE=(0.020,0.080)  smooth=0.010  train_loss=0.5362  train_AUPR_all=0.5099  train_AUPR_ab=0.5972  train_AUPR_ag=0.3480  train_P@5_ab=0.7500  train_P@5_ag=0.8000  val_loss=0.8148  val_AUPR_all=0.5090  val_AUPR_ab=0.6600  val_AUPR_ag=0.2829  val_P@5_ab=1.0000  val_P@5_ag=0.9000  select=0.4714
  Saved checkpoint: checkpoints_CERS/iPara_balanced_l1_g9_i4_do0.10_dpr0.10_lr0.0002_heads16_fold5.pth  select=0.4714  val_ab=0.6600  val_ag=0.2829  val_all=0.5090
Ep008  LR0=1.93e-04  pw=8.92  aucα=0.000  token_p=0.020  dropE=(0.020,0.080)  smooth=0.010  train_loss=0.4981  train_AUPR_all=0.5189  train_AUPR_ab=0.6080  train_AUPR_ag=0.3493  train_P@5_ab=0.7500  train_P@5_ag=0.9500  val_loss=0.7046  val_AUPR_all=0.5145  val_AUPR_ab=0.6645  val_AUPR_ag=0.2969  val_P@5_ab=0.9500  val_P@5_ag=0.7500  select=0.4807
  Saved checkpoint: checkpoints_CERS/iPara_balanced_l1_g9_i4_do0.10_dpr0.10_lr0.0002_heads16_fold5.pth  select=0.4807  val_ab=0.6645  val_ag=0.2969  val_all=0.5145
Ep009  LR0=1.91e-04  pw=7.99  aucα=0.000  token_p=0.020  dropE=(0.020,0.080)  smooth=0.010  train_loss=0.4590  train_AUPR_all=0.5308  train_AUPR_ab=0.6212  train_AUPR_ag=0.3601  train_P@5_ab=0.7000  train_P@5_ag=0.8500  val_loss=0.7347  val_AUPR_all=0.5122  val_AUPR_ab=0.6914  val_AUPR_ag=0.2944  val_P@5_ab=0.9500  val_P@5_ag=0.9000  select=0.4929
  Saved checkpoint: checkpoints_CERS/iPara_balanced_l1_g9_i4_do0.10_dpr0.10_lr0.0002_heads16_fold5.pth  select=0.4929  val_ab=0.6914  val_ag=0.2944  val_all=0.5122
Ep010  LR0=1.89e-04  pw=7.17  aucα=0.030  token_p=0.020  dropE=(0.020,0.080)  smooth=0.010  train_loss=0.4543  train_AUPR_all=0.5343  train_AUPR_ab=0.6234  train_AUPR_ag=0.3738  train_P@5_ab=0.8500  train_P@5_ag=0.8500  val_loss=0.6671  val_AUPR_all=0.5221  val_AUPR_ab=0.6910  val_AUPR_ag=0.3048  val_P@5_ab=0.9500  val_P@5_ag=0.9500  select=0.4979
  Saved checkpoint: checkpoints_CERS/iPara_balanced_l1_g9_i4_do0.10_dpr0.10_lr0.0002_heads16_fold5.pth  select=0.4979  val_ab=0.6910  val_ag=0.3048  val_all=0.5221
Ep011  LR0=1.87e-04  pw=6.44  aucα=0.060  token_p=0.020  dropE=(0.020,0.080)  smooth=0.010  train_loss=0.4350  train_AUPR_all=0.5495  train_AUPR_ab=0.6520  train_AUPR_ag=0.3716  train_P@5_ab=0.8500  train_P@5_ag=0.8000  val_loss=0.8568  val_AUPR_all=0.4888  val_AUPR_ab=0.6776  val_AUPR_ag=0.2632  val_P@5_ab=0.9000  val_P@5_ag=0.8500  select=0.4704
Ep012  LR0=1.84e-04  pw=5.80  aucα=0.090  token_p=0.020  dropE=(0.020,0.080)  smooth=0.010  train_loss=0.4252  train_AUPR_all=0.5656  train_AUPR_ab=0.6693  train_AUPR_ag=0.3874  train_P@5_ab=0.9000  train_P@5_ag=0.9000  val_loss=0.6267  val_AUPR_all=0.5386  val_AUPR_ab=0.7183  val_AUPR_ag=0.2854  val_P@5_ab=1.0000  val_P@5_ag=0.6000  select=0.5019
  Saved checkpoint: checkpoints_CERS/iPara_balanced_l1_g9_i4_do0.10_dpr0.10_lr0.0002_heads16_fold5.pth  select=0.5019  val_ab=0.7183  val_ag=0.2854  val_all=0.5386
Ep013  LR0=1.81e-04  pw=5.24  aucα=0.120  token_p=0.020  dropE=(0.020,0.080)  smooth=0.010  train_loss=0.4134  train_AUPR_all=0.5726  train_AUPR_ab=0.6749  train_AUPR_ag=0.3923  train_P@5_ab=0.9000  train_P@5_ag=1.0000  val_loss=0.5378  val_AUPR_all=0.5604  val_AUPR_ab=0.7042  val_AUPR_ag=0.3273  val_P@5_ab=0.9500  val_P@5_ag=1.0000  select=0.5158
  Saved checkpoint: checkpoints_CERS/iPara_balanced_l1_g9_i4_do0.10_dpr0.10_lr0.0002_heads16_fold5.pth  select=0.5158  val_ab=0.7042  val_ag=0.3273  val_all=0.5604
Ep014  LR0=1.78e-04  pw=4.74  aucα=0.150  token_p=0.020  dropE=(0.020,0.080)  smooth=0.010  train_loss=0.4085  train_AUPR_all=0.5752  train_AUPR_ab=0.6820  train_AUPR_ag=0.3954  train_P@5_ab=0.9500  train_P@5_ag=0.9500  val_loss=0.5665  val_AUPR_all=0.5258  val_AUPR_ab=0.6933  val_AUPR_ag=0.2871  val_P@5_ab=1.0000  val_P@5_ag=0.8000  select=0.4902
Ep015  LR0=1.74e-04  pw=4.30  aucα=0.180  token_p=0.020  dropE=(0.020,0.080)  smooth=0.010  train_loss=0.3965  train_AUPR_all=0.5866  train_AUPR_ab=0.6910  train_AUPR_ag=0.4112  train_P@5_ab=0.8500  train_P@5_ag=0.8000  val_loss=0.4995  val_AUPR_all=0.5464  val_AUPR_ab=0.7120  val_AUPR_ag=0.3100  val_P@5_ab=1.0000  val_P@5_ag=0.8500  select=0.5110
Ep016  LR0=1.71e-04  pw=3.91  aucα=0.210  token_p=0.020  dropE=(0.020,0.080)  smooth=0.010  train_loss=0.3925  train_AUPR_all=0.5969  train_AUPR_ab=0.7045  train_AUPR_ag=0.4160  train_P@5_ab=1.0000  train_P@5_ag=1.0000  val_loss=0.5061  val_AUPR_all=0.5536  val_AUPR_ab=0.7351  val_AUPR_ag=0.3009  val_P@5_ab=1.0000  val_P@5_ag=0.8500  select=0.5180
  Saved checkpoint: checkpoints_CERS/iPara_balanced_l1_g9_i4_do0.10_dpr0.10_lr0.0002_heads16_fold5.pth  select=0.5180  val_ab=0.7351  val_ag=0.3009  val_all=0.5536
Ep017  LR0=1.67e-04  pw=3.57  aucα=0.240  token_p=0.020  dropE=(0.020,0.080)  smooth=0.010  train_loss=0.3837  train_AUPR_all=0.6022  train_AUPR_ab=0.7056  train_AUPR_ag=0.4314  train_P@5_ab=0.9000  train_P@5_ag=1.0000  val_loss=0.4768  val_AUPR_all=0.5317  val_AUPR_ab=0.7270  val_AUPR_ag=0.2836  val_P@5_ab=1.0000  val_P@5_ag=0.9500  select=0.5053
Ep018  LR0=1.63e-04  pw=3.27  aucα=0.270  token_p=0.020  dropE=(0.020,0.080)  smooth=0.010  train_loss=0.3778  train_AUPR_all=0.6131  train_AUPR_ab=0.7217  train_AUPR_ag=0.4349  train_P@5_ab=0.9500  train_P@5_ag=0.9000  val_loss=0.4389  val_AUPR_all=0.5815  val_AUPR_ab=0.7481  val_AUPR_ag=0.3129  val_P@5_ab=0.9500  val_P@5_ag=0.9000  select=0.5305
  Saved checkpoint: checkpoints_CERS/iPara_balanced_l1_g9_i4_do0.10_dpr0.10_lr0.0002_heads16_fold5.pth  select=0.5305  val_ab=0.7481  val_ag=0.3129  val_all=0.5815
Ep019  LR0=1.59e-04  pw=3.00  aucα=0.300  token_p=0.020  dropE=(0.020,0.080)  smooth=0.010  train_loss=0.3723  train_AUPR_all=0.6203  train_AUPR_ab=0.7251  train_AUPR_ag=0.4477  train_P@5_ab=1.0000  train_P@5_ag=0.8500  val_loss=0.4315  val_AUPR_all=0.5712  val_AUPR_ab=0.7440  val_AUPR_ag=0.3075  val_P@5_ab=1.0000  val_P@5_ag=0.9500  select=0.5257
Ep020  LR0=1.55e-04  pw=2.77  aucα=0.300  token_p=0.020  dropE=(0.020,0.080)  smooth=0.010  train_loss=0.3594  train_AUPR_all=0.6272  train_AUPR_ab=0.7360  train_AUPR_ag=0.4486  train_P@5_ab=0.9500  train_P@5_ag=0.9500  val_loss=0.4454  val_AUPR_all=0.5442  val_AUPR_ab=0.7384  val_AUPR_ag=0.2903  val_P@5_ab=1.0000  val_P@5_ag=0.9000  select=0.5143
Ep021  LR0=1.50e-04  pw=2.56  aucα=0.300  token_p=0.020  dropE=(0.020,0.080)  smooth=0.010  train_loss=0.3415  train_AUPR_all=0.6382  train_AUPR_ab=0.7409  train_AUPR_ag=0.4701  train_P@5_ab=0.9500  train_P@5_ag=1.0000  val_loss=0.4071  val_AUPR_all=0.5670  val_AUPR_ab=0.7346  val_AUPR_ag=0.3266  val_P@5_ab=1.0000  val_P@5_ag=0.9500  select=0.5306
  Saved checkpoint: checkpoints_CERS/iPara_balanced_l1_g9_i4_do0.10_dpr0.10_lr0.0002_heads16_fold5.pth  select=0.5306  val_ab=0.7346  val_ag=0.3266  val_all=0.5670
Ep022  LR0=1.46e-04  pw=2.38  aucα=0.300  token_p=0.020  dropE=(0.020,0.080)  smooth=0.010  train_loss=0.3308  train_AUPR_all=0.6396  train_AUPR_ab=0.7458  train_AUPR_ag=0.4693  train_P@5_ab=0.9500  train_P@5_ag=0.9000  val_loss=0.4019  val_AUPR_all=0.5600  val_AUPR_ab=0.7438  val_AUPR_ag=0.3203  val_P@5_ab=1.0000  val_P@5_ag=0.9000  select=0.5321
  Saved checkpoint: checkpoints_CERS/iPara_balanced_l1_g9_i4_do0.10_dpr0.10_lr0.0002_heads16_fold5.pth  select=0.5321  val_ab=0.7438  val_ag=0.3203  val_all=0.5600
Ep023  LR0=1.41e-04  pw=2.21  aucα=0.300  token_p=0.020  dropE=(0.020,0.080)  smooth=0.010  train_loss=0.3148  train_AUPR_all=0.6521  train_AUPR_ab=0.7523  train_AUPR_ag=0.4923  train_P@5_ab=0.9500  train_P@5_ag=0.9000  val_loss=0.3905  val_AUPR_all=0.5744  val_AUPR_ab=0.7483  val_AUPR_ag=0.3196  val_P@5_ab=1.0000  val_P@5_ag=0.9000  select=0.5340
  Saved checkpoint: checkpoints_CERS/iPara_balanced_l1_g9_i4_do0.10_dpr0.10_lr0.0002_heads16_fold5.pth  select=0.5340  val_ab=0.7483  val_ag=0.3196  val_all=0.5744
Ep024  LR0=1.36e-04  pw=2.07  aucα=0.300  token_p=0.020  dropE=(0.020,0.080)  smooth=0.010  train_loss=0.3055  train_AUPR_all=0.6552  train_AUPR_ab=0.7521  train_AUPR_ag=0.5025  train_P@5_ab=1.0000  train_P@5_ag=0.9000  val_loss=0.3642  val_AUPR_all=0.5801  val_AUPR_ab=0.7495  val_AUPR_ag=0.3428  val_P@5_ab=1.0000  val_P@5_ag=0.6500  select=0.5462
  Saved checkpoint: checkpoints_CERS/iPara_balanced_l1_g9_i4_do0.10_dpr0.10_lr0.0002_heads16_fold5.pth  select=0.5462  val_ab=0.7495  val_ag=0.3428  val_all=0.5801
Ep025  LR0=1.31e-04  pw=1.95  aucα=0.300  token_p=0.020  dropE=(0.020,0.080)  smooth=0.010  train_loss=0.2896  train_AUPR_all=0.6703  train_AUPR_ab=0.7691  train_AUPR_ag=0.5125  train_P@5_ab=1.0000  train_P@5_ag=1.0000  val_loss=0.3634  val_AUPR_all=0.5811  val_AUPR_ab=0.7465  val_AUPR_ag=0.3323  val_P@5_ab=1.0000  val_P@5_ag=0.9500  select=0.5394
Ep026  LR0=1.26e-04  pw=1.83  aucα=0.300  token_p=0.020  dropE=(0.020,0.080)  smooth=0.010  train_loss=0.2784  train_AUPR_all=0.6781  train_AUPR_ab=0.7701  train_AUPR_ag=0.5328  train_P@5_ab=1.0000  train_P@5_ag=0.9000  val_loss=0.3459  val_AUPR_all=0.5936  val_AUPR_ab=0.7582  val_AUPR_ag=0.3379  val_P@5_ab=1.0000  val_P@5_ag=0.7500  select=0.5481
  Saved checkpoint: checkpoints_CERS/iPara_balanced_l1_g9_i4_do0.10_dpr0.10_lr0.0002_heads16_fold5.pth  select=0.5481  val_ab=0.7582  val_ag=0.3379  val_all=0.5936
Ep027  LR0=1.21e-04  pw=1.74  aucα=0.300  token_p=0.020  dropE=(0.020,0.080)  smooth=0.010  train_loss=0.2690  train_AUPR_all=0.6840  train_AUPR_ab=0.7753  train_AUPR_ag=0.5408  train_P@5_ab=1.0000  train_P@5_ag=0.9000  val_loss=0.3545  val_AUPR_all=0.5597  val_AUPR_ab=0.7492  val_AUPR_ag=0.3075  val_P@5_ab=1.0000  val_P@5_ag=0.7500  select=0.5284
Ep028  LR0=1.16e-04  pw=1.65  aucα=0.300  token_p=0.020  dropE=(0.020,0.080)  smooth=0.010  train_loss=0.2572  train_AUPR_all=0.6994  train_AUPR_ab=0.7890  train_AUPR_ag=0.5586  train_P@5_ab=0.9500  train_P@5_ag=0.9500  val_loss=0.3349  val_AUPR_all=0.5923  val_AUPR_ab=0.7492  val_AUPR_ag=0.3553  val_P@5_ab=1.0000  val_P@5_ag=0.8500  select=0.5523
  Saved checkpoint: checkpoints_CERS/iPara_balanced_l1_g9_i4_do0.10_dpr0.10_lr0.0002_heads16_fold5.pth  select=0.5523  val_ab=0.7492  val_ag=0.3553  val_all=0.5923
Ep029  LR0=1.11e-04  pw=1.57  aucα=0.300  token_p=0.020  dropE=(0.020,0.080)  smooth=0.010  train_loss=0.2530  train_AUPR_all=0.6963  train_AUPR_ab=0.7844  train_AUPR_ag=0.5588  train_P@5_ab=1.0000  train_P@5_ag=0.9000  val_loss=0.3307  val_AUPR_all=0.5854  val_AUPR_ab=0.7513  val_AUPR_ag=0.3329  val_P@5_ab=1.0000  val_P@5_ag=0.8500  select=0.5421
Ep030  LR0=1.05e-04  pw=1.51  aucα=0.300  token_p=0.020  dropE=(0.020,0.080)  smooth=0.010  train_loss=0.2464  train_AUPR_all=0.7036  train_AUPR_ab=0.7921  train_AUPR_ag=0.5652  train_P@5_ab=1.0000  train_P@5_ag=0.9000  val_loss=0.3259  val_AUPR_all=0.5852  val_AUPR_ab=0.7581  val_AUPR_ag=0.3483  val_P@5_ab=1.0000  val_P@5_ag=0.8500  select=0.5532
  Saved checkpoint: checkpoints_CERS/iPara_balanced_l1_g9_i4_do0.10_dpr0.10_lr0.0002_heads16_fold5.pth  select=0.5532  val_ab=0.7581  val_ag=0.3483  val_all=0.5852
Ep031  LR0=1.00e-04  pw=1.45  aucα=0.300  token_p=0.020  dropE=(0.020,0.080)  smooth=0.010  train_loss=0.2359  train_AUPR_all=0.7156  train_AUPR_ab=0.7963  train_AUPR_ag=0.5917  train_P@5_ab=0.9500  train_P@5_ag=1.0000  val_loss=0.3386  val_AUPR_all=0.5773  val_AUPR_ab=0.7485  val_AUPR_ag=0.3412  val_P@5_ab=1.0000  val_P@5_ag=1.0000  select=0.5448
Ep032  LR0=9.50e-05  pw=1.39  aucα=0.300  token_p=0.020  dropE=(0.020,0.080)  smooth=0.010  train_loss=0.2238  train_AUPR_all=0.7351  train_AUPR_ab=0.8101  train_AUPR_ag=0.6196  train_P@5_ab=1.0000  train_P@5_ag=1.0000  val_loss=0.3330  val_AUPR_all=0.5816  val_AUPR_ab=0.7562  val_AUPR_ag=0.3438  val_P@5_ab=1.0000  val_P@5_ag=0.9500  select=0.5500
Ep033  LR0=8.98e-05  pw=1.35  aucα=0.300  token_p=0.020  dropE=(0.020,0.080)  smooth=0.010  train_loss=0.2179  train_AUPR_all=0.7388  train_AUPR_ab=0.8125  train_AUPR_ag=0.6264  train_P@5_ab=1.0000  train_P@5_ag=1.0000  val_loss=0.3227  val_AUPR_all=0.5831  val_AUPR_ab=0.7561  val_AUPR_ag=0.3729  val_P@5_ab=1.0000  val_P@5_ag=0.9500  select=0.5645
  Saved checkpoint: checkpoints_CERS/iPara_balanced_l1_g9_i4_do0.10_dpr0.10_lr0.0002_heads16_fold5.pth  select=0.5645  val_ab=0.7561  val_ag=0.3729  val_all=0.5831
Ep034  LR0=8.46e-05  pw=1.31  aucα=0.300  token_p=0.020  dropE=(0.020,0.080)  smooth=0.010  train_loss=0.2143  train_AUPR_all=0.7408  train_AUPR_ab=0.8105  train_AUPR_ag=0.6349  train_P@5_ab=1.0000  train_P@5_ag=0.9500  val_loss=0.3193  val_AUPR_all=0.5955  val_AUPR_ab=0.7608  val_AUPR_ag=0.3575  val_P@5_ab=1.0000  val_P@5_ag=0.9000  select=0.5592
Ep035  LR0=7.95e-05  pw=1.27  aucα=0.300  token_p=0.020  dropE=(0.020,0.080)  smooth=0.010  train_loss=0.2064  train_AUPR_all=0.7544  train_AUPR_ab=0.8249  train_AUPR_ag=0.6469  train_P@5_ab=1.0000  train_P@5_ag=0.9500  val_loss=0.3168  val_AUPR_all=0.5845  val_AUPR_ab=0.7526  val_AUPR_ag=0.3536  val_P@5_ab=1.0000  val_P@5_ag=0.7500  select=0.5531
Ep036  LR0=7.44e-05  pw=1.24  aucα=0.300  token_p=0.020  dropE=(0.020,0.080)  smooth=0.010  train_loss=0.1985  train_AUPR_all=0.7643  train_AUPR_ab=0.8322  train_AUPR_ag=0.6608  train_P@5_ab=1.0000  train_P@5_ag=1.0000  val_loss=0.3153  val_AUPR_all=0.5922  val_AUPR_ab=0.7577  val_AUPR_ag=0.3578  val_P@5_ab=0.9500  val_P@5_ag=1.0000  select=0.5578
Ep037  LR0=6.94e-05  pw=1.21  aucα=0.300  token_p=0.020  dropE=(0.020,0.080)  smooth=0.010  train_loss=0.1966  train_AUPR_all=0.7639  train_AUPR_ab=0.8302  train_AUPR_ag=0.6632  train_P@5_ab=1.0000  train_P@5_ag=1.0000  val_loss=0.3138  val_AUPR_all=0.5911  val_AUPR_ab=0.7599  val_AUPR_ag=0.3558  val_P@5_ab=1.0000  val_P@5_ag=1.0000  select=0.5578
Ep038  LR0=6.45e-05  pw=1.19  aucα=0.300  token_p=0.020  dropE=(0.020,0.080)  smooth=0.010  train_loss=0.1947  train_AUPR_all=0.7650  train_AUPR_ab=0.8343  train_AUPR_ag=0.6586  train_P@5_ab=1.0000  train_P@5_ag=1.0000  val_loss=0.3063  val_AUPR_all=0.5879  val_AUPR_ab=0.7588  val_AUPR_ag=0.3561  val_P@5_ab=0.9500  val_P@5_ag=1.0000  select=0.5574
Ep039  LR0=5.97e-05  pw=1.16  aucα=0.300  token_p=0.020  dropE=(0.020,0.080)  smooth=0.010  train_loss=0.1857  train_AUPR_all=0.7799  train_AUPR_ab=0.8408  train_AUPR_ag=0.6879  train_P@5_ab=1.0000  train_P@5_ag=1.0000  val_loss=0.3168  val_AUPR_all=0.5878  val_AUPR_ab=0.7594  val_AUPR_ag=0.3560  val_P@5_ab=0.9500  val_P@5_ag=1.0000  select=0.5577
Ep040  LR0=5.50e-05  pw=1.15  aucα=0.300  token_p=0.020  dropE=(0.020,0.080)  smooth=0.010  train_loss=0.1807  train_AUPR_all=0.7883  train_AUPR_ab=0.8479  train_AUPR_ag=0.6985  train_P@5_ab=1.0000  train_P@5_ag=0.9500  val_loss=0.3131  val_AUPR_all=0.5885  val_AUPR_ab=0.7602  val_AUPR_ag=0.3617  val_P@5_ab=1.0000  val_P@5_ag=1.0000  select=0.5610
Ep041  LR0=5.04e-05  pw=1.13  aucα=0.300  token_p=0.020  dropE=(0.020,0.080)  smooth=0.010  train_loss=0.1747  train_AUPR_all=0.7959  train_AUPR_ab=0.8518  train_AUPR_ag=0.7120  train_P@5_ab=1.0000  train_P@5_ag=1.0000  val_loss=0.3145  val_AUPR_all=0.5844  val_AUPR_ab=0.7594  val_AUPR_ag=0.3636  val_P@5_ab=0.9500  val_P@5_ag=0.9500  select=0.5615
Ep042  LR0=4.59e-05  pw=1.11  aucα=0.300  token_p=0.020  dropE=(0.020,0.080)  smooth=0.010  train_loss=0.1747  train_AUPR_all=0.7952  train_AUPR_ab=0.8505  train_AUPR_ag=0.7123  train_P@5_ab=0.9500  train_P@5_ag=1.0000  val_loss=0.3185  val_AUPR_all=0.5836  val_AUPR_ab=0.7553  val_AUPR_ag=0.3552  val_P@5_ab=0.9500  val_P@5_ag=1.0000  select=0.5553
Ep043  LR0=4.16e-05  pw=1.10  aucα=0.300  token_p=0.020  dropE=(0.020,0.080)  smooth=0.010  train_loss=0.1747  train_AUPR_all=0.7951  train_AUPR_ab=0.8521  train_AUPR_ag=0.7093  train_P@5_ab=1.0000  train_P@5_ag=1.0000  val_loss=0.3140  val_AUPR_all=0.5855  val_AUPR_ab=0.7584  val_AUPR_ag=0.3499  val_P@5_ab=1.0000  val_P@5_ag=1.0000  select=0.5541
Ep044  LR0=3.75e-05  pw=1.09  aucα=0.300  token_p=0.020  dropE=(0.020,0.080)  smooth=0.010  train_loss=0.1648  train_AUPR_all=0.8105  train_AUPR_ab=0.8647  train_AUPR_ag=0.7281  train_P@5_ab=0.9500  train_P@5_ag=1.0000  val_loss=0.3192  val_AUPR_all=0.5788  val_AUPR_ab=0.7541  val_AUPR_ag=0.3539  val_P@5_ab=1.0000  val_P@5_ag=1.0000  select=0.5540
Ep045  LR0=3.35e-05  pw=1.08  aucα=0.300  token_p=0.020  dropE=(0.020,0.080)  smooth=0.010  train_loss=0.1634  train_AUPR_all=0.8118  train_AUPR_ab=0.8639  train_AUPR_ag=0.7333  train_P@5_ab=1.0000  train_P@5_ag=0.9500  val_loss=0.3235  val_AUPR_all=0.5718  val_AUPR_ab=0.7501  val_AUPR_ag=0.3422  val_P@5_ab=0.9500  val_P@5_ag=0.9500  select=0.5462
Ep046  LR0=2.97e-05  pw=1.07  aucα=0.300  token_p=0.020  dropE=(0.020,0.080)  smooth=0.010  train_loss=0.1647  train_AUPR_all=0.8085  train_AUPR_ab=0.8640  train_AUPR_ag=0.7238  train_P@5_ab=1.0000  train_P@5_ag=1.0000  val_loss=0.3127  val_AUPR_all=0.5832  val_AUPR_ab=0.7590  val_AUPR_ag=0.3452  val_P@5_ab=0.9000  val_P@5_ag=1.0000  select=0.5521
Ep047  LR0=2.61e-05  pw=1.06  aucα=0.300  token_p=0.020  dropE=(0.020,0.080)  smooth=0.010  train_loss=0.1610  train_AUPR_all=0.8151  train_AUPR_ab=0.8673  train_AUPR_ag=0.7365  train_P@5_ab=1.0000  train_P@5_ag=0.9500  val_loss=0.3168  val_AUPR_all=0.5736  val_AUPR_ab=0.7581  val_AUPR_ag=0.3354  val_P@5_ab=0.9500  val_P@5_ag=1.0000  select=0.5467
Ep048  LR0=2.27e-05  pw=1.05  aucα=0.300  token_p=0.020  dropE=(0.020,0.080)  smooth=0.010  train_loss=0.1591  train_AUPR_all=0.8179  train_AUPR_ab=0.8688  train_AUPR_ag=0.7409  train_P@5_ab=1.0000  train_P@5_ag=0.9500  val_loss=0.3178  val_AUPR_all=0.5762  val_AUPR_ab=0.7598  val_AUPR_ag=0.3471  val_P@5_ab=0.9500  val_P@5_ag=1.0000  select=0.5535
Ep049  LR0=1.96e-05  pw=1.05  aucα=0.300  token_p=0.020  dropE=(0.020,0.080)  smooth=0.010  train_loss=0.1573  train_AUPR_all=0.8214  train_AUPR_ab=0.8727  train_AUPR_ag=0.7439  train_P@5_ab=1.0000  train_P@5_ag=1.0000  val_loss=0.3119  val_AUPR_all=0.5789  val_AUPR_ab=0.7587  val_AUPR_ag=0.3430  val_P@5_ab=0.9500  val_P@5_ag=1.0000  select=0.5509
Ep050  LR0=1.66e-05  pw=1.04  aucα=0.300  token_p=0.020  dropE=(0.020,0.080)  smooth=0.010  train_loss=0.1522  train_AUPR_all=0.8295  train_AUPR_ab=0.8763  train_AUPR_ag=0.7591  train_P@5_ab=1.0000  train_P@5_ag=1.0000  val_loss=0.3190  val_AUPR_all=0.5796  val_AUPR_ab=0.7578  val_AUPR_ag=0.3449  val_P@5_ab=0.9500  val_P@5_ag=0.9500  select=0.5514
Ep051  LR0=1.39e-05  pw=1.04  aucα=0.300  token_p=0.020  dropE=(0.020,0.080)  smooth=0.010  train_loss=0.1523  train_AUPR_all=0.8299  train_AUPR_ab=0.8788  train_AUPR_ag=0.7555  train_P@5_ab=0.9500  train_P@5_ag=1.0000  val_loss=0.3148  val_AUPR_all=0.5833  val_AUPR_ab=0.7567  val_AUPR_ag=0.3522  val_P@5_ab=0.9000  val_P@5_ag=0.9500  select=0.5545
Ep052  LR0=1.14e-05  pw=1.03  aucα=0.300  token_p=0.020  dropE=(0.020,0.080)  smooth=0.010  train_loss=0.1519  train_AUPR_all=0.8293  train_AUPR_ab=0.8783  train_AUPR_ag=0.7552  train_P@5_ab=1.0000  train_P@5_ag=0.9500  val_loss=0.3173  val_AUPR_all=0.5792  val_AUPR_ab=0.7570  val_AUPR_ag=0.3483  val_P@5_ab=0.9000  val_P@5_ag=0.9500  select=0.5527
Ep053  LR0=9.12e-06  pw=1.03  aucα=0.300  token_p=0.020  dropE=(0.020,0.080)  smooth=0.010  train_loss=0.1519  train_AUPR_all=0.8296  train_AUPR_ab=0.8773  train_AUPR_ag=0.7579  train_P@5_ab=1.0000  train_P@5_ag=0.9500  val_loss=0.3144  val_AUPR_all=0.5804  val_AUPR_ab=0.7574  val_AUPR_ag=0.3489  val_P@5_ab=0.9500  val_P@5_ag=0.9500  select=0.5532
Early stopping at epoch 53. Best select=0.5645 at epoch 33.
Final saved checkpoint for fold 5: checkpoints_CERS/iPara_balanced_l1_g9_i4_do0.10_dpr0.10_lr0.0002_heads16_fold5.pth
Best select=0.5645 at epoch 33
