Device: cuda
Visible GPUs: 1
GPU 0: NVIDIA RTX PRO 6000 Blackwell Server Edition
Config:
  sequence_file: para_tv_esmsequences_1600.npz
  data_file: para_tv_esminterfaces_1600.npz
  edge_file: para_tv_esmedges_1600.npz
  seq_len: 1600
  vocab_size: 31
  num_classes: 2
  pad_id: 1
  eoc_id: 24
  embed_dim: 256
  num_heads: 16
  num_layers: 1
  num_gnn_layers: 10
  num_int_layers: 4
  dropout: 0.1
  drop_path_rate: 0.1
  batch_size: 4
  num_epochs: 60
  warmup_epochs: 10
  min_stop_epoch: 45
  early_stop: 20
  learning_rate: 0.0002
  weight_decay: 0.0001
  max_grad_norm: 0.5
  accum_steps: 1
  amp: True
  weight_start: 20.0
  weight_end: 1.0
  weight_anneal_tau: 8.0
  dropedge_min: 0.02
  dropedge_max: 0.08
  token_drop_p: 0.02
  smooth_lambda: 0.01
  aucpr_alpha: 0.3
  aucpr_ramp_start: 10
  aucpr_ramp_len: 10
  aucpr_bins: 64
  aucpr_temp: 0.05
  antibody_loss_weight: 1.0
  antigen_loss_weight: 1.0
  n_splits: 5
  num_workers: 0
  select_ab_weight: 0.5
  select_ag_weight: 0.5
Dataset size: 858

==========================================================================================
Fold 1/5
==========================================================================================
Train labels: valid=399467, pos=26433, neg=373034, ignore=698133, pos_frac=0.06617
Val labels: valid=100725, pos=6797, neg=93928, ignore=174475, pos_frac=0.06748
Initializing ClassificationModel with 10 GAT layers and residual connections...
Initializing MCModel with 10 GAT layers and 4 row attention layers (drop_path_rate=0.1)
Initializing CoreModel with 1 layers, drop_path_rate=0.1
Ep001  LR0=2.00e-04  pw=20.00  aucα=0.000  token_p=0.020  dropE=(0.020,0.080)  smooth=0.010  train_loss=1.2028  train_AUPR_all=0.2320  train_AUPR_ab=0.2784  train_AUPR_ag=0.1728  train_P@5_ab=0.4000  train_P@5_ag=0.8000  val_loss=1.2028  val_AUPR_all=0.3320  val_AUPR_ab=0.4119  val_AUPR_ag=0.2514  val_P@5_ab=0.2500  val_P@5_ag=1.0000  select=0.3316
  Saved checkpoint: checkpoints_CERS/iPara_balanced_l1_g10_i4_do0.10_dpr0.10_lr0.0002_heads16_fold1.pth  select=0.3316  val_ab=0.4119  val_ag=0.2514  val_all=0.3320
Ep002  LR0=2.00e-04  pw=17.77  aucα=0.000  token_p=0.020  dropE=(0.020,0.080)  smooth=0.010  train_loss=0.8589  train_AUPR_all=0.3588  train_AUPR_ab=0.4254  train_AUPR_ag=0.2532  train_P@5_ab=0.8500  train_P@5_ag=0.8500  val_loss=1.0450  val_AUPR_all=0.4162  val_AUPR_ab=0.5012  val_AUPR_ag=0.2840  val_P@5_ab=0.5500  val_P@5_ag=0.7000  select=0.3926
  Saved checkpoint: checkpoints_CERS/iPara_balanced_l1_g10_i4_do0.10_dpr0.10_lr0.0002_heads16_fold1.pth  select=0.3926  val_ab=0.5012  val_ag=0.2840  val_all=0.4162
Ep003  LR0=1.99e-04  pw=15.80  aucα=0.000  token_p=0.020  dropE=(0.020,0.080)  smooth=0.010  train_loss=0.7615  train_AUPR_all=0.3787  train_AUPR_ab=0.4682  train_AUPR_ag=0.2424  train_P@5_ab=0.5000  train_P@5_ag=0.7000  val_loss=1.0712  val_AUPR_all=0.4388  val_AUPR_ab=0.5671  val_AUPR_ag=0.2238  val_P@5_ab=0.8000  val_P@5_ag=0.9000  select=0.3954
  Saved checkpoint: checkpoints_CERS/iPara_balanced_l1_g10_i4_do0.10_dpr0.10_lr0.0002_heads16_fold1.pth  select=0.3954  val_ab=0.5671  val_ag=0.2238  val_all=0.4388
Ep004  LR0=1.99e-04  pw=14.06  aucα=0.000  token_p=0.020  dropE=(0.020,0.080)  smooth=0.010  train_loss=0.7109  train_AUPR_all=0.4079  train_AUPR_ab=0.4938  train_AUPR_ag=0.2618  train_P@5_ab=0.6500  train_P@5_ag=0.8000  val_loss=1.0329  val_AUPR_all=0.4486  val_AUPR_ab=0.5763  val_AUPR_ag=0.2464  val_P@5_ab=0.9000  val_P@5_ag=0.7000  select=0.4113
  Saved checkpoint: checkpoints_CERS/iPara_balanced_l1_g10_i4_do0.10_dpr0.10_lr0.0002_heads16_fold1.pth  select=0.4113  val_ab=0.5763  val_ag=0.2464  val_all=0.4486
Unfreezing DyM parameters.
Ep005  LR0=1.98e-04  pw=12.52  aucα=0.000  token_p=0.020  dropE=(0.020,0.080)  smooth=0.010  train_loss=0.6240  train_AUPR_all=0.4595  train_AUPR_ab=0.5446  train_AUPR_ag=0.3062  train_P@5_ab=0.7500  train_P@5_ag=0.9000  val_loss=1.1175  val_AUPR_all=0.4406  val_AUPR_ab=0.5767  val_AUPR_ag=0.2369  val_P@5_ab=0.5500  val_P@5_ag=0.4500  select=0.4068
Ep006  LR0=1.97e-04  pw=11.17  aucα=0.000  token_p=0.020  dropE=(0.020,0.080)  smooth=0.010  train_loss=0.5878  train_AUPR_all=0.4808  train_AUPR_ab=0.5709  train_AUPR_ag=0.3160  train_P@5_ab=0.6000  train_P@5_ag=0.8000  val_loss=0.8394  val_AUPR_all=0.4340  val_AUPR_ab=0.5869  val_AUPR_ag=0.2430  val_P@5_ab=0.6000  val_P@5_ag=0.7500  select=0.4150
  Saved checkpoint: checkpoints_CERS/iPara_balanced_l1_g10_i4_do0.10_dpr0.10_lr0.0002_heads16_fold1.pth  select=0.4150  val_ab=0.5869  val_ag=0.2430  val_all=0.4340
Ep007  LR0=1.95e-04  pw=9.97  aucα=0.000  token_p=0.020  dropE=(0.020,0.080)  smooth=0.010  train_loss=0.5300  train_AUPR_all=0.4934  train_AUPR_ab=0.5832  train_AUPR_ag=0.3324  train_P@5_ab=0.7500  train_P@5_ag=0.7500  val_loss=0.9443  val_AUPR_all=0.3655  val_AUPR_ab=0.5666  val_AUPR_ag=0.1940  val_P@5_ab=0.6000  val_P@5_ag=0.8500  select=0.3803
Ep008  LR0=1.93e-04  pw=8.92  aucα=0.000  token_p=0.020  dropE=(0.020,0.080)  smooth=0.010  train_loss=0.5017  train_AUPR_all=0.4980  train_AUPR_ab=0.6040  train_AUPR_ag=0.3233  train_P@5_ab=0.9000  train_P@5_ag=0.7000  val_loss=0.7320  val_AUPR_all=0.4664  val_AUPR_ab=0.6166  val_AUPR_ag=0.2660  val_P@5_ab=0.4500  val_P@5_ag=0.6500  select=0.4413
  Saved checkpoint: checkpoints_CERS/iPara_balanced_l1_g10_i4_do0.10_dpr0.10_lr0.0002_heads16_fold1.pth  select=0.4413  val_ab=0.6166  val_ag=0.2660  val_all=0.4664
Ep009  LR0=1.91e-04  pw=7.99  aucα=0.000  token_p=0.020  dropE=(0.020,0.080)  smooth=0.010  train_loss=0.4603  train_AUPR_all=0.5283  train_AUPR_ab=0.6224  train_AUPR_ag=0.3582  train_P@5_ab=0.7000  train_P@5_ag=0.8500  val_loss=0.7555  val_AUPR_all=0.4867  val_AUPR_ab=0.6370  val_AUPR_ag=0.2707  val_P@5_ab=0.9000  val_P@5_ag=0.5500  select=0.4539
  Saved checkpoint: checkpoints_CERS/iPara_balanced_l1_g10_i4_do0.10_dpr0.10_lr0.0002_heads16_fold1.pth  select=0.4539  val_ab=0.6370  val_ag=0.2707  val_all=0.4867
Ep010  LR0=1.89e-04  pw=7.17  aucα=0.030  token_p=0.020  dropE=(0.020,0.080)  smooth=0.010  train_loss=0.4481  train_AUPR_all=0.5305  train_AUPR_ab=0.6266  train_AUPR_ag=0.3579  train_P@5_ab=0.9000  train_P@5_ag=0.9000  val_loss=0.6498  val_AUPR_all=0.5253  val_AUPR_ab=0.6741  val_AUPR_ag=0.3121  val_P@5_ab=0.9000  val_P@5_ag=0.7500  select=0.4931
  Saved checkpoint: checkpoints_CERS/iPara_balanced_l1_g10_i4_do0.10_dpr0.10_lr0.0002_heads16_fold1.pth  select=0.4931  val_ab=0.6741  val_ag=0.3121  val_all=0.5253
Ep011  LR0=1.87e-04  pw=6.44  aucα=0.060  token_p=0.020  dropE=(0.020,0.080)  smooth=0.010  train_loss=0.4307  train_AUPR_all=0.5499  train_AUPR_ab=0.6544  train_AUPR_ag=0.3734  train_P@5_ab=0.8000  train_P@5_ag=0.9000  val_loss=0.6009  val_AUPR_all=0.5083  val_AUPR_ab=0.6567  val_AUPR_ag=0.2970  val_P@5_ab=0.9500  val_P@5_ag=0.7500  select=0.4768
Ep012  LR0=1.84e-04  pw=5.80  aucα=0.090  token_p=0.020  dropE=(0.020,0.080)  smooth=0.010  train_loss=0.4247  train_AUPR_all=0.5558  train_AUPR_ab=0.6622  train_AUPR_ag=0.3729  train_P@5_ab=0.9500  train_P@5_ag=0.9500  val_loss=0.5735  val_AUPR_all=0.5283  val_AUPR_ab=0.6867  val_AUPR_ag=0.3250  val_P@5_ab=0.9500  val_P@5_ag=0.8000  select=0.5058
  Saved checkpoint: checkpoints_CERS/iPara_balanced_l1_g10_i4_do0.10_dpr0.10_lr0.0002_heads16_fold1.pth  select=0.5058  val_ab=0.6867  val_ag=0.3250  val_all=0.5283
Ep013  LR0=1.81e-04  pw=5.24  aucα=0.120  token_p=0.020  dropE=(0.020,0.080)  smooth=0.010  train_loss=0.4148  train_AUPR_all=0.5667  train_AUPR_ab=0.6756  train_AUPR_ag=0.3852  train_P@5_ab=0.8500  train_P@5_ag=0.8500  val_loss=0.5464  val_AUPR_all=0.5253  val_AUPR_ab=0.6891  val_AUPR_ag=0.3200  val_P@5_ab=0.9500  val_P@5_ag=1.0000  select=0.5046
Ep014  LR0=1.78e-04  pw=4.74  aucα=0.150  token_p=0.020  dropE=(0.020,0.080)  smooth=0.010  train_loss=0.4036  train_AUPR_all=0.5757  train_AUPR_ab=0.6834  train_AUPR_ag=0.3954  train_P@5_ab=0.8000  train_P@5_ag=1.0000  val_loss=0.5397  val_AUPR_all=0.5188  val_AUPR_ab=0.6851  val_AUPR_ag=0.2757  val_P@5_ab=0.9000  val_P@5_ag=0.9000  select=0.4804
Ep015  LR0=1.74e-04  pw=4.30  aucα=0.180  token_p=0.020  dropE=(0.020,0.080)  smooth=0.010  train_loss=0.3943  train_AUPR_all=0.5866  train_AUPR_ab=0.6988  train_AUPR_ag=0.4016  train_P@5_ab=0.9000  train_P@5_ag=0.9500  val_loss=0.5249  val_AUPR_all=0.4888  val_AUPR_ab=0.6659  val_AUPR_ag=0.3042  val_P@5_ab=1.0000  val_P@5_ag=0.8500  select=0.4850
Ep016  LR0=1.71e-04  pw=3.91  aucα=0.210  token_p=0.020  dropE=(0.020,0.080)  smooth=0.010  train_loss=0.3872  train_AUPR_all=0.5939  train_AUPR_ab=0.6998  train_AUPR_ag=0.4187  train_P@5_ab=0.9500  train_P@5_ag=0.8500  val_loss=0.4980  val_AUPR_all=0.4586  val_AUPR_ab=0.6720  val_AUPR_ag=0.2833  val_P@5_ab=0.8000  val_P@5_ag=0.8500  select=0.4777
Ep017  LR0=1.67e-04  pw=3.57  aucα=0.240  token_p=0.020  dropE=(0.020,0.080)  smooth=0.010  train_loss=0.3840  train_AUPR_all=0.6025  train_AUPR_ab=0.7132  train_AUPR_ag=0.4222  train_P@5_ab=0.8500  train_P@5_ag=0.9500  val_loss=0.4636  val_AUPR_all=0.5550  val_AUPR_ab=0.7060  val_AUPR_ag=0.3322  val_P@5_ab=1.0000  val_P@5_ag=0.9000  select=0.5191
  Saved checkpoint: checkpoints_CERS/iPara_balanced_l1_g10_i4_do0.10_dpr0.10_lr0.0002_heads16_fold1.pth  select=0.5191  val_ab=0.7060  val_ag=0.3322  val_all=0.5550
Ep018  LR0=1.63e-04  pw=3.27  aucα=0.270  token_p=0.020  dropE=(0.020,0.080)  smooth=0.010  train_loss=0.3779  train_AUPR_all=0.6093  train_AUPR_ab=0.7137  train_AUPR_ag=0.4382  train_P@5_ab=1.0000  train_P@5_ag=0.9500  val_loss=0.4620  val_AUPR_all=0.5321  val_AUPR_ab=0.7025  val_AUPR_ag=0.2974  val_P@5_ab=0.9500  val_P@5_ag=0.9000  select=0.5000
Ep019  LR0=1.59e-04  pw=3.00  aucα=0.300  token_p=0.020  dropE=(0.020,0.080)  smooth=0.010  train_loss=0.3751  train_AUPR_all=0.6156  train_AUPR_ab=0.7216  train_AUPR_ag=0.4439  train_P@5_ab=0.9500  train_P@5_ag=1.0000  val_loss=0.4393  val_AUPR_all=0.5472  val_AUPR_ab=0.7084  val_AUPR_ag=0.3013  val_P@5_ab=0.9500  val_P@5_ag=0.9000  select=0.5048
Ep020  LR0=1.55e-04  pw=2.77  aucα=0.300  token_p=0.020  dropE=(0.020,0.080)  smooth=0.010  train_loss=0.3590  train_AUPR_all=0.6244  train_AUPR_ab=0.7319  train_AUPR_ag=0.4510  train_P@5_ab=1.0000  train_P@5_ag=0.9000  val_loss=0.4064  val_AUPR_all=0.5595  val_AUPR_ab=0.7142  val_AUPR_ag=0.3419  val_P@5_ab=0.9500  val_P@5_ag=0.9500  select=0.5280
  Saved checkpoint: checkpoints_CERS/iPara_balanced_l1_g10_i4_do0.10_dpr0.10_lr0.0002_heads16_fold1.pth  select=0.5280  val_ab=0.7142  val_ag=0.3419  val_all=0.5595
Ep021  LR0=1.50e-04  pw=2.56  aucα=0.300  token_p=0.020  dropE=(0.020,0.080)  smooth=0.010  train_loss=0.3439  train_AUPR_all=0.6269  train_AUPR_ab=0.7358  train_AUPR_ag=0.4480  train_P@5_ab=0.9500  train_P@5_ag=0.8500  val_loss=0.4210  val_AUPR_all=0.5216  val_AUPR_ab=0.6997  val_AUPR_ag=0.2874  val_P@5_ab=0.9500  val_P@5_ag=0.9500  select=0.4936
Ep022  LR0=1.46e-04  pw=2.38  aucα=0.300  token_p=0.020  dropE=(0.020,0.080)  smooth=0.010  train_loss=0.3276  train_AUPR_all=0.6400  train_AUPR_ab=0.7426  train_AUPR_ag=0.4745  train_P@5_ab=0.9500  train_P@5_ag=0.9500  val_loss=0.4140  val_AUPR_all=0.5504  val_AUPR_ab=0.7156  val_AUPR_ag=0.3130  val_P@5_ab=1.0000  val_P@5_ag=0.7500  select=0.5143
Ep023  LR0=1.41e-04  pw=2.21  aucα=0.300  token_p=0.020  dropE=(0.020,0.080)  smooth=0.010  train_loss=0.3161  train_AUPR_all=0.6469  train_AUPR_ab=0.7497  train_AUPR_ag=0.4825  train_P@5_ab=1.0000  train_P@5_ag=1.0000  val_loss=0.3677  val_AUPR_all=0.5921  val_AUPR_ab=0.7348  val_AUPR_ag=0.3754  val_P@5_ab=0.9500  val_P@5_ag=1.0000  select=0.5551
  Saved checkpoint: checkpoints_CERS/iPara_balanced_l1_g10_i4_do0.10_dpr0.10_lr0.0002_heads16_fold1.pth  select=0.5551  val_ab=0.7348  val_ag=0.3754  val_all=0.5921
Ep024  LR0=1.36e-04  pw=2.07  aucα=0.300  token_p=0.020  dropE=(0.020,0.080)  smooth=0.010  train_loss=0.3002  train_AUPR_all=0.6598  train_AUPR_ab=0.7554  train_AUPR_ag=0.5075  train_P@5_ab=0.9500  train_P@5_ag=0.9000  val_loss=0.3802  val_AUPR_all=0.5544  val_AUPR_ab=0.7162  val_AUPR_ag=0.3161  val_P@5_ab=0.9000  val_P@5_ag=0.8500  select=0.5161
Ep025  LR0=1.31e-04  pw=1.95  aucα=0.300  token_p=0.020  dropE=(0.020,0.080)  smooth=0.010  train_loss=0.2914  train_AUPR_all=0.6643  train_AUPR_ab=0.7607  train_AUPR_ag=0.5108  train_P@5_ab=1.0000  train_P@5_ag=1.0000  val_loss=0.3481  val_AUPR_all=0.6023  val_AUPR_ab=0.7481  val_AUPR_ag=0.3852  val_P@5_ab=0.9000  val_P@5_ag=1.0000  select=0.5666
  Saved checkpoint: checkpoints_CERS/iPara_balanced_l1_g10_i4_do0.10_dpr0.10_lr0.0002_heads16_fold1.pth  select=0.5666  val_ab=0.7481  val_ag=0.3852  val_all=0.6023
Ep026  LR0=1.26e-04  pw=1.83  aucα=0.300  token_p=0.020  dropE=(0.020,0.080)  smooth=0.010  train_loss=0.2806  train_AUPR_all=0.6740  train_AUPR_ab=0.7646  train_AUPR_ag=0.5315  train_P@5_ab=0.9500  train_P@5_ag=0.8000  val_loss=0.3648  val_AUPR_all=0.5551  val_AUPR_ab=0.7231  val_AUPR_ag=0.3261  val_P@5_ab=0.9500  val_P@5_ag=1.0000  select=0.5246
Ep027  LR0=1.21e-04  pw=1.74  aucα=0.300  token_p=0.020  dropE=(0.020,0.080)  smooth=0.010  train_loss=0.2692  train_AUPR_all=0.6839  train_AUPR_ab=0.7764  train_AUPR_ag=0.5393  train_P@5_ab=1.0000  train_P@5_ag=1.0000  val_loss=0.3465  val_AUPR_all=0.5799  val_AUPR_ab=0.7221  val_AUPR_ag=0.3731  val_P@5_ab=0.9500  val_P@5_ag=1.0000  select=0.5476
Ep028  LR0=1.16e-04  pw=1.65  aucα=0.300  token_p=0.020  dropE=(0.020,0.080)  smooth=0.010  train_loss=0.2607  train_AUPR_all=0.6926  train_AUPR_ab=0.7809  train_AUPR_ag=0.5547  train_P@5_ab=1.0000  train_P@5_ag=0.9500  val_loss=0.3506  val_AUPR_all=0.5662  val_AUPR_ab=0.7168  val_AUPR_ag=0.3508  val_P@5_ab=0.9000  val_P@5_ag=0.9500  select=0.5338
Ep029  LR0=1.11e-04  pw=1.57  aucα=0.300  token_p=0.020  dropE=(0.020,0.080)  smooth=0.010  train_loss=0.2504  train_AUPR_all=0.6996  train_AUPR_ab=0.7818  train_AUPR_ag=0.5729  train_P@5_ab=0.9500  train_P@5_ag=0.9500  val_loss=0.3392  val_AUPR_all=0.5754  val_AUPR_ab=0.7309  val_AUPR_ag=0.3586  val_P@5_ab=0.9500  val_P@5_ag=0.9000  select=0.5447
Ep030  LR0=1.05e-04  pw=1.51  aucα=0.300  token_p=0.020  dropE=(0.020,0.080)  smooth=0.010  train_loss=0.2390  train_AUPR_all=0.7151  train_AUPR_ab=0.7973  train_AUPR_ag=0.5883  train_P@5_ab=1.0000  train_P@5_ag=1.0000  val_loss=0.3381  val_AUPR_all=0.5793  val_AUPR_ab=0.7411  val_AUPR_ag=0.3534  val_P@5_ab=0.9500  val_P@5_ag=0.8500  select=0.5472
Ep031  LR0=1.00e-04  pw=1.45  aucα=0.300  token_p=0.020  dropE=(0.020,0.080)  smooth=0.010  train_loss=0.2345  train_AUPR_all=0.7160  train_AUPR_ab=0.7928  train_AUPR_ag=0.5983  train_P@5_ab=1.0000  train_P@5_ag=1.0000  val_loss=0.3347  val_AUPR_all=0.5844  val_AUPR_ab=0.7371  val_AUPR_ag=0.3676  val_P@5_ab=0.9500  val_P@5_ag=0.7500  select=0.5524
Ep032  LR0=9.50e-05  pw=1.39  aucα=0.300  token_p=0.020  dropE=(0.020,0.080)  smooth=0.010  train_loss=0.2251  train_AUPR_all=0.7302  train_AUPR_ab=0.8059  train_AUPR_ag=0.6136  train_P@5_ab=1.0000  train_P@5_ag=0.9500  val_loss=0.3214  val_AUPR_all=0.5891  val_AUPR_ab=0.7415  val_AUPR_ag=0.3594  val_P@5_ab=1.0000  val_P@5_ag=0.8500  select=0.5505
Ep033  LR0=8.98e-05  pw=1.35  aucα=0.300  token_p=0.020  dropE=(0.020,0.080)  smooth=0.010  train_loss=0.2177  train_AUPR_all=0.7398  train_AUPR_ab=0.8133  train_AUPR_ag=0.6280  train_P@5_ab=1.0000  train_P@5_ag=0.9500  val_loss=0.3259  val_AUPR_all=0.5924  val_AUPR_ab=0.7486  val_AUPR_ag=0.3695  val_P@5_ab=0.9500  val_P@5_ag=0.9500  select=0.5591
Ep034  LR0=8.46e-05  pw=1.31  aucα=0.300  token_p=0.020  dropE=(0.020,0.080)  smooth=0.010  train_loss=0.2147  train_AUPR_all=0.7388  train_AUPR_ab=0.8084  train_AUPR_ag=0.6339  train_P@5_ab=1.0000  train_P@5_ag=1.0000  val_loss=0.3216  val_AUPR_all=0.5947  val_AUPR_ab=0.7498  val_AUPR_ag=0.3703  val_P@5_ab=1.0000  val_P@5_ag=0.8000  select=0.5601
Ep035  LR0=7.95e-05  pw=1.27  aucα=0.300  token_p=0.020  dropE=(0.020,0.080)  smooth=0.010  train_loss=0.2106  train_AUPR_all=0.7436  train_AUPR_ab=0.8128  train_AUPR_ag=0.6387  train_P@5_ab=1.0000  train_P@5_ag=1.0000  val_loss=0.3147  val_AUPR_all=0.5887  val_AUPR_ab=0.7437  val_AUPR_ag=0.3717  val_P@5_ab=0.9500  val_P@5_ag=0.9500  select=0.5577
Ep036  LR0=7.44e-05  pw=1.24  aucα=0.300  token_p=0.020  dropE=(0.020,0.080)  smooth=0.010  train_loss=0.2033  train_AUPR_all=0.7537  train_AUPR_ab=0.8204  train_AUPR_ag=0.6533  train_P@5_ab=1.0000  train_P@5_ag=1.0000  val_loss=0.3138  val_AUPR_all=0.5882  val_AUPR_ab=0.7456  val_AUPR_ag=0.3548  val_P@5_ab=0.9500  val_P@5_ag=0.7000  select=0.5502
Ep037  LR0=6.94e-05  pw=1.21  aucα=0.300  token_p=0.020  dropE=(0.020,0.080)  smooth=0.010  train_loss=0.1951  train_AUPR_all=0.7657  train_AUPR_ab=0.8298  train_AUPR_ag=0.6687  train_P@5_ab=0.9500  train_P@5_ag=1.0000  val_loss=0.3131  val_AUPR_all=0.5951  val_AUPR_ab=0.7517  val_AUPR_ag=0.3634  val_P@5_ab=1.0000  val_P@5_ag=1.0000  select=0.5576
Ep038  LR0=6.45e-05  pw=1.19  aucα=0.300  token_p=0.020  dropE=(0.020,0.080)  smooth=0.010  train_loss=0.1899  train_AUPR_all=0.7744  train_AUPR_ab=0.8353  train_AUPR_ag=0.6833  train_P@5_ab=0.9500  train_P@5_ag=1.0000  val_loss=0.3075  val_AUPR_all=0.5914  val_AUPR_ab=0.7476  val_AUPR_ag=0.3631  val_P@5_ab=1.0000  val_P@5_ag=0.8000  select=0.5553
Ep039  LR0=5.97e-05  pw=1.16  aucα=0.300  token_p=0.020  dropE=(0.020,0.080)  smooth=0.010  train_loss=0.1887  train_AUPR_all=0.7748  train_AUPR_ab=0.8368  train_AUPR_ag=0.6816  train_P@5_ab=1.0000  train_P@5_ag=1.0000  val_loss=0.3126  val_AUPR_all=0.5929  val_AUPR_ab=0.7506  val_AUPR_ag=0.3520  val_P@5_ab=1.0000  val_P@5_ag=0.7500  select=0.5513
Ep040  LR0=5.50e-05  pw=1.15  aucα=0.300  token_p=0.020  dropE=(0.020,0.080)  smooth=0.010  train_loss=0.1834  train_AUPR_all=0.7812  train_AUPR_ab=0.8414  train_AUPR_ag=0.6902  train_P@5_ab=1.0000  train_P@5_ag=0.9500  val_loss=0.3108  val_AUPR_all=0.5890  val_AUPR_ab=0.7526  val_AUPR_ag=0.3648  val_P@5_ab=1.0000  val_P@5_ag=0.7000  select=0.5587
Ep041  LR0=5.04e-05  pw=1.13  aucα=0.300  token_p=0.020  dropE=(0.020,0.080)  smooth=0.010  train_loss=0.1755  train_AUPR_all=0.7941  train_AUPR_ab=0.8476  train_AUPR_ag=0.7147  train_P@5_ab=1.0000  train_P@5_ag=0.9000  val_loss=0.3124  val_AUPR_all=0.6013  val_AUPR_ab=0.7560  val_AUPR_ag=0.3776  val_P@5_ab=1.0000  val_P@5_ag=0.7000  select=0.5668
  Saved checkpoint: checkpoints_CERS/iPara_balanced_l1_g10_i4_do0.10_dpr0.10_lr0.0002_heads16_fold1.pth  select=0.5668  val_ab=0.7560  val_ag=0.3776  val_all=0.6013
Ep042  LR0=4.59e-05  pw=1.11  aucα=0.300  token_p=0.020  dropE=(0.020,0.080)  smooth=0.010  train_loss=0.1740  train_AUPR_all=0.7957  train_AUPR_ab=0.8482  train_AUPR_ag=0.7179  train_P@5_ab=0.9500  train_P@5_ag=1.0000  val_loss=0.3116  val_AUPR_all=0.5902  val_AUPR_ab=0.7465  val_AUPR_ag=0.3612  val_P@5_ab=0.9500  val_P@5_ag=0.6500  select=0.5539
Ep043  LR0=4.16e-05  pw=1.10  aucα=0.300  token_p=0.020  dropE=(0.020,0.080)  smooth=0.010  train_loss=0.1677  train_AUPR_all=0.8074  train_AUPR_ab=0.8585  train_AUPR_ag=0.7315  train_P@5_ab=1.0000  train_P@5_ag=1.0000  val_loss=0.3191  val_AUPR_all=0.5912  val_AUPR_ab=0.7500  val_AUPR_ag=0.3588  val_P@5_ab=0.9500  val_P@5_ag=0.8000  select=0.5544
Ep044  LR0=3.75e-05  pw=1.09  aucα=0.300  token_p=0.020  dropE=(0.020,0.080)  smooth=0.010  train_loss=0.1700  train_AUPR_all=0.7995  train_AUPR_ab=0.8501  train_AUPR_ag=0.7243  train_P@5_ab=1.0000  train_P@5_ag=0.9500  val_loss=0.3066  val_AUPR_all=0.5961  val_AUPR_ab=0.7551  val_AUPR_ag=0.3577  val_P@5_ab=0.9500  val_P@5_ag=0.5500  select=0.5564
Ep045  LR0=3.35e-05  pw=1.08  aucα=0.300  token_p=0.020  dropE=(0.020,0.080)  smooth=0.010  train_loss=0.1619  train_AUPR_all=0.8158  train_AUPR_ab=0.8646  train_AUPR_ag=0.7430  train_P@5_ab=1.0000  train_P@5_ag=1.0000  val_loss=0.3204  val_AUPR_all=0.5885  val_AUPR_ab=0.7510  val_AUPR_ag=0.3489  val_P@5_ab=1.0000  val_P@5_ag=0.7500  select=0.5499
Ep046  LR0=2.97e-05  pw=1.07  aucα=0.300  token_p=0.020  dropE=(0.020,0.080)  smooth=0.010  train_loss=0.1634  train_AUPR_all=0.8126  train_AUPR_ab=0.8613  train_AUPR_ag=0.7405  train_P@5_ab=1.0000  train_P@5_ag=1.0000  val_loss=0.3109  val_AUPR_all=0.5908  val_AUPR_ab=0.7581  val_AUPR_ag=0.3441  val_P@5_ab=1.0000  val_P@5_ag=0.4500  select=0.5511
Ep047  LR0=2.61e-05  pw=1.06  aucα=0.300  token_p=0.020  dropE=(0.020,0.080)  smooth=0.010  train_loss=0.1585  train_AUPR_all=0.8196  train_AUPR_ab=0.8664  train_AUPR_ag=0.7500  train_P@5_ab=1.0000  train_P@5_ag=1.0000  val_loss=0.3138  val_AUPR_all=0.5863  val_AUPR_ab=0.7556  val_AUPR_ag=0.3438  val_P@5_ab=1.0000  val_P@5_ag=0.6500  select=0.5497
Ep048  LR0=2.27e-05  pw=1.05  aucα=0.300  token_p=0.020  dropE=(0.020,0.080)  smooth=0.010  train_loss=0.1574  train_AUPR_all=0.8212  train_AUPR_ab=0.8686  train_AUPR_ag=0.7503  train_P@5_ab=1.0000  train_P@5_ag=1.0000  val_loss=0.3181  val_AUPR_all=0.5861  val_AUPR_ab=0.7535  val_AUPR_ag=0.3439  val_P@5_ab=1.0000  val_P@5_ag=0.6000  select=0.5487
Ep049  LR0=1.96e-05  pw=1.05  aucα=0.300  token_p=0.020  dropE=(0.020,0.080)  smooth=0.010  train_loss=0.1551  train_AUPR_all=0.8240  train_AUPR_ab=0.8693  train_AUPR_ag=0.7571  train_P@5_ab=1.0000  train_P@5_ag=0.9500  val_loss=0.3169  val_AUPR_all=0.5859  val_AUPR_ab=0.7556  val_AUPR_ag=0.3457  val_P@5_ab=1.0000  val_P@5_ag=0.6000  select=0.5507
Ep050  LR0=1.66e-05  pw=1.04  aucα=0.300  token_p=0.020  dropE=(0.020,0.080)  smooth=0.010  train_loss=0.1513  train_AUPR_all=0.8319  train_AUPR_ab=0.8756  train_AUPR_ag=0.7671  train_P@5_ab=1.0000  train_P@5_ag=1.0000  val_loss=0.3123  val_AUPR_all=0.5911  val_AUPR_ab=0.7583  val_AUPR_ag=0.3524  val_P@5_ab=1.0000  val_P@5_ag=0.6000  select=0.5553
Ep051  LR0=1.39e-05  pw=1.04  aucα=0.300  token_p=0.020  dropE=(0.020,0.080)  smooth=0.010  train_loss=0.1555  train_AUPR_all=0.8237  train_AUPR_ab=0.8692  train_AUPR_ag=0.7562  train_P@5_ab=1.0000  train_P@5_ag=1.0000  val_loss=0.3166  val_AUPR_all=0.5860  val_AUPR_ab=0.7541  val_AUPR_ag=0.3474  val_P@5_ab=0.9500  val_P@5_ag=0.5500  select=0.5507
Ep052  LR0=1.14e-05  pw=1.03  aucα=0.300  token_p=0.020  dropE=(0.020,0.080)  smooth=0.010  train_loss=0.1533  train_AUPR_all=0.8265  train_AUPR_ab=0.8701  train_AUPR_ag=0.7622  train_P@5_ab=0.9500  train_P@5_ag=1.0000  val_loss=0.3181  val_AUPR_all=0.5871  val_AUPR_ab=0.7582  val_AUPR_ag=0.3487  val_P@5_ab=1.0000  val_P@5_ag=0.6000  select=0.5534
Ep053  LR0=9.12e-06  pw=1.03  aucα=0.300  token_p=0.020  dropE=(0.020,0.080)  smooth=0.010  train_loss=0.1532  train_AUPR_all=0.8271  train_AUPR_ab=0.8708  train_AUPR_ag=0.7620  train_P@5_ab=1.0000  train_P@5_ag=1.0000  val_loss=0.3140  val_AUPR_all=0.5901  val_AUPR_ab=0.7581  val_AUPR_ag=0.3509  val_P@5_ab=1.0000  val_P@5_ag=0.6000  select=0.5545
Ep054  LR0=7.13e-06  pw=1.03  aucα=0.300  token_p=0.020  dropE=(0.020,0.080)  smooth=0.010  train_loss=0.1490  train_AUPR_all=0.8319  train_AUPR_ab=0.8750  train_AUPR_ag=0.7680  train_P@5_ab=1.0000  train_P@5_ag=1.0000  val_loss=0.3165  val_AUPR_all=0.5869  val_AUPR_ab=0.7551  val_AUPR_ag=0.3495  val_P@5_ab=1.0000  val_P@5_ag=0.5500  select=0.5523
Ep055  LR0=5.38e-06  pw=1.02  aucα=0.300  token_p=0.020  dropE=(0.020,0.080)  smooth=0.010  train_loss=0.1467  train_AUPR_all=0.8376  train_AUPR_ab=0.8789  train_AUPR_ag=0.7761  train_P@5_ab=1.0000  train_P@5_ag=1.0000  val_loss=0.3150  val_AUPR_all=0.5857  val_AUPR_ab=0.7560  val_AUPR_ag=0.3492  val_P@5_ab=1.0000  val_P@5_ag=0.5500  select=0.5526
Ep056  LR0=3.90e-06  pw=1.02  aucα=0.300  token_p=0.020  dropE=(0.020,0.080)  smooth=0.010  train_loss=0.1495  train_AUPR_all=0.8336  train_AUPR_ab=0.8766  train_AUPR_ag=0.7700  train_P@5_ab=1.0000  train_P@5_ag=1.0000  val_loss=0.3157  val_AUPR_all=0.5864  val_AUPR_ab=0.7545  val_AUPR_ag=0.3490  val_P@5_ab=1.0000  val_P@5_ag=0.5500  select=0.5518
Ep057  LR0=2.68e-06  pw=1.02  aucα=0.300  token_p=0.020  dropE=(0.020,0.080)  smooth=0.010  train_loss=0.1437  train_AUPR_all=0.8436  train_AUPR_ab=0.8828  train_AUPR_ag=0.7855  train_P@5_ab=1.0000  train_P@5_ag=1.0000  val_loss=0.3178  val_AUPR_all=0.5859  val_AUPR_ab=0.7541  val_AUPR_ag=0.3491  val_P@5_ab=1.0000  val_P@5_ag=0.5500  select=0.5516
Ep058  LR0=1.73e-06  pw=1.02  aucα=0.300  token_p=0.020  dropE=(0.020,0.080)  smooth=0.010  train_loss=0.1448  train_AUPR_all=0.8399  train_AUPR_ab=0.8815  train_AUPR_ag=0.7778  train_P@5_ab=1.0000  train_P@5_ag=1.0000  val_loss=0.3165  val_AUPR_all=0.5862  val_AUPR_ab=0.7544  val_AUPR_ag=0.3496  val_P@5_ab=1.0000  val_P@5_ag=0.5500  select=0.5520
Ep059  LR0=1.05e-06  pw=1.01  aucα=0.300  token_p=0.020  dropE=(0.020,0.080)  smooth=0.010  train_loss=0.1425  train_AUPR_all=0.8447  train_AUPR_ab=0.8851  train_AUPR_ag=0.7848  train_P@5_ab=1.0000  train_P@5_ag=1.0000  val_loss=0.3166  val_AUPR_all=0.5853  val_AUPR_ab=0.7548  val_AUPR_ag=0.3483  val_P@5_ab=1.0000  val_P@5_ag=0.5500  select=0.5515
Ep060  LR0=6.37e-07  pw=1.01  aucα=0.300  token_p=0.020  dropE=(0.020,0.080)  smooth=0.010  train_loss=0.1446  train_AUPR_all=0.8408  train_AUPR_ab=0.8822  train_AUPR_ag=0.7795  train_P@5_ab=1.0000  train_P@5_ag=1.0000  val_loss=0.3162  val_AUPR_all=0.5854  val_AUPR_ab=0.7545  val_AUPR_ag=0.3481  val_P@5_ab=1.0000  val_P@5_ag=0.5500  select=0.5513
Final saved checkpoint for fold 1: checkpoints_CERS/iPara_balanced_l1_g10_i4_do0.10_dpr0.10_lr0.0002_heads16_fold1.pth
Best select=0.5668 at epoch 41

==========================================================================================
Fold 2/5
==========================================================================================
Train labels: valid=400834, pos=26650, neg=374184, ignore=696766, pos_frac=0.06649
Val labels: valid=99358, pos=6580, neg=92778, ignore=175842, pos_frac=0.06623
Initializing ClassificationModel with 10 GAT layers and residual connections...
Initializing MCModel with 10 GAT layers and 4 row attention layers (drop_path_rate=0.1)
Initializing CoreModel with 1 layers, drop_path_rate=0.1
Ep001  LR0=2.00e-04  pw=20.00  aucα=0.000  token_p=0.020  dropE=(0.020,0.080)  smooth=0.010  train_loss=1.3311  train_AUPR_all=0.1573  train_AUPR_ab=0.1850  train_AUPR_ag=0.1308  train_P@5_ab=0.2500  train_P@5_ag=0.3500  val_loss=2.0747  val_AUPR_all=0.2664  val_AUPR_ab=0.3537  val_AUPR_ag=0.1465  val_P@5_ab=0.5000  val_P@5_ag=0.6500  select=0.2501
  Saved checkpoint: checkpoints_CERS/iPara_balanced_l1_g10_i4_do0.10_dpr0.10_lr0.0002_heads16_fold2.pth  select=0.2501  val_ab=0.3537  val_ag=0.1465  val_all=0.2664
Ep002  LR0=2.00e-04  pw=17.77  aucα=0.000  token_p=0.020  dropE=(0.020,0.080)  smooth=0.010  train_loss=0.9193  train_AUPR_all=0.3120  train_AUPR_ab=0.3915  train_AUPR_ag=0.1948  train_P@5_ab=0.4500  train_P@5_ag=0.6000  val_loss=1.0785  val_AUPR_all=0.3220  val_AUPR_ab=0.3798  val_AUPR_ag=0.2410  val_P@5_ab=0.8500  val_P@5_ag=0.6000  select=0.3104
  Saved checkpoint: checkpoints_CERS/iPara_balanced_l1_g10_i4_do0.10_dpr0.10_lr0.0002_heads16_fold2.pth  select=0.3104  val_ab=0.3798  val_ag=0.2410  val_all=0.3220
Ep003  LR0=1.99e-04  pw=15.80  aucα=0.000  token_p=0.020  dropE=(0.020,0.080)  smooth=0.010  train_loss=0.7964  train_AUPR_all=0.3725  train_AUPR_ab=0.4624  train_AUPR_ag=0.2283  train_P@5_ab=0.7500  train_P@5_ag=0.8500  val_loss=1.3002  val_AUPR_all=0.3821  val_AUPR_ab=0.4956  val_AUPR_ag=0.2346  val_P@5_ab=0.7500  val_P@5_ag=0.7000  select=0.3651
  Saved checkpoint: checkpoints_CERS/iPara_balanced_l1_g10_i4_do0.10_dpr0.10_lr0.0002_heads16_fold2.pth  select=0.3651  val_ab=0.4956  val_ag=0.2346  val_all=0.3821
Ep004  LR0=1.99e-04  pw=14.06  aucα=0.000  token_p=0.020  dropE=(0.020,0.080)  smooth=0.010  train_loss=0.7192  train_AUPR_all=0.3994  train_AUPR_ab=0.4895  train_AUPR_ag=0.2475  train_P@5_ab=0.6000  train_P@5_ag=0.7500  val_loss=0.9304  val_AUPR_all=0.4546  val_AUPR_ab=0.5606  val_AUPR_ag=0.2891  val_P@5_ab=0.8500  val_P@5_ag=0.8000  select=0.4248
  Saved checkpoint: checkpoints_CERS/iPara_balanced_l1_g10_i4_do0.10_dpr0.10_lr0.0002_heads16_fold2.pth  select=0.4248  val_ab=0.5606  val_ag=0.2891  val_all=0.4546
Unfreezing DyM parameters.
Ep005  LR0=1.98e-04  pw=12.52  aucα=0.000  token_p=0.020  dropE=(0.020,0.080)  smooth=0.010  train_loss=0.6383  train_AUPR_all=0.4419  train_AUPR_ab=0.5357  train_AUPR_ag=0.2811  train_P@5_ab=0.7500  train_P@5_ag=0.9500  val_loss=1.3103  val_AUPR_all=0.4278  val_AUPR_ab=0.5563  val_AUPR_ag=0.2362  val_P@5_ab=0.6500  val_P@5_ag=0.8000  select=0.3962
Ep006  LR0=1.97e-04  pw=11.17  aucα=0.000  token_p=0.020  dropE=(0.020,0.080)  smooth=0.010  train_loss=0.5962  train_AUPR_all=0.4595  train_AUPR_ab=0.5550  train_AUPR_ag=0.2954  train_P@5_ab=0.5500  train_P@5_ag=0.8500  val_loss=0.8982  val_AUPR_all=0.4792  val_AUPR_ab=0.5837  val_AUPR_ag=0.3042  val_P@5_ab=0.7500  val_P@5_ag=0.9000  select=0.4440
  Saved checkpoint: checkpoints_CERS/iPara_balanced_l1_g10_i4_do0.10_dpr0.10_lr0.0002_heads16_fold2.pth  select=0.4440  val_ab=0.5837  val_ag=0.3042  val_all=0.4792
Ep007  LR0=1.95e-04  pw=9.97  aucα=0.000  token_p=0.020  dropE=(0.020,0.080)  smooth=0.010  train_loss=0.5426  train_AUPR_all=0.4788  train_AUPR_ab=0.5730  train_AUPR_ag=0.3175  train_P@5_ab=0.6500  train_P@5_ag=1.0000  val_loss=0.9811  val_AUPR_all=0.4793  val_AUPR_ab=0.6036  val_AUPR_ag=0.2705  val_P@5_ab=0.8500  val_P@5_ag=0.8500  select=0.4370
Ep008  LR0=1.93e-04  pw=8.92  aucα=0.000  token_p=0.020  dropE=(0.020,0.080)  smooth=0.010  train_loss=0.5097  train_AUPR_all=0.5007  train_AUPR_ab=0.6003  train_AUPR_ag=0.3275  train_P@5_ab=0.8000  train_P@5_ag=0.9500  val_loss=0.9678  val_AUPR_all=0.4532  val_AUPR_ab=0.6134  val_AUPR_ag=0.2370  val_P@5_ab=1.0000  val_P@5_ag=0.7500  select=0.4252
Ep009  LR0=1.91e-04  pw=7.99  aucα=0.000  token_p=0.020  dropE=(0.020,0.080)  smooth=0.010  train_loss=0.4662  train_AUPR_all=0.5246  train_AUPR_ab=0.6232  train_AUPR_ag=0.3491  train_P@5_ab=0.6000  train_P@5_ag=0.9500  val_loss=1.0040  val_AUPR_all=0.4661  val_AUPR_ab=0.6152  val_AUPR_ag=0.2299  val_P@5_ab=0.6000  val_P@5_ag=0.7500  select=0.4226
Ep010  LR0=1.89e-04  pw=7.17  aucα=0.030  token_p=0.020  dropE=(0.020,0.080)  smooth=0.010  train_loss=0.4574  train_AUPR_all=0.5265  train_AUPR_ab=0.6221  train_AUPR_ag=0.3527  train_P@5_ab=0.8000  train_P@5_ag=0.9500  val_loss=0.6813  val_AUPR_all=0.5359  val_AUPR_ab=0.6447  val_AUPR_ag=0.3399  val_P@5_ab=0.8500  val_P@5_ag=0.9500  select=0.4923
  Saved checkpoint: checkpoints_CERS/iPara_balanced_l1_g10_i4_do0.10_dpr0.10_lr0.0002_heads16_fold2.pth  select=0.4923  val_ab=0.6447  val_ag=0.3399  val_all=0.5359
Ep011  LR0=1.87e-04  pw=6.44  aucα=0.060  token_p=0.020  dropE=(0.020,0.080)  smooth=0.010  train_loss=0.4469  train_AUPR_all=0.5392  train_AUPR_ab=0.6462  train_AUPR_ag=0.3536  train_P@5_ab=0.7000  train_P@5_ag=0.9500  val_loss=0.7930  val_AUPR_all=0.4836  val_AUPR_ab=0.6345  val_AUPR_ag=0.2831  val_P@5_ab=0.7000  val_P@5_ag=0.4000  select=0.4588
Ep012  LR0=1.84e-04  pw=5.80  aucα=0.090  token_p=0.020  dropE=(0.020,0.080)  smooth=0.010  train_loss=0.4311  train_AUPR_all=0.5543  train_AUPR_ab=0.6654  train_AUPR_ag=0.3638  train_P@5_ab=0.9500  train_P@5_ag=0.9500  val_loss=0.6137  val_AUPR_all=0.5293  val_AUPR_ab=0.6756  val_AUPR_ag=0.3014  val_P@5_ab=0.8500  val_P@5_ag=0.9000  select=0.4885
Ep013  LR0=1.81e-04  pw=5.24  aucα=0.120  token_p=0.020  dropE=(0.020,0.080)  smooth=0.010  train_loss=0.4220  train_AUPR_all=0.5605  train_AUPR_ab=0.6713  train_AUPR_ag=0.3720  train_P@5_ab=0.7500  train_P@5_ag=1.0000  val_loss=0.5890  val_AUPR_all=0.5338  val_AUPR_ab=0.6758  val_AUPR_ag=0.3119  val_P@5_ab=0.8000  val_P@5_ag=0.9500  select=0.4939
  Saved checkpoint: checkpoints_CERS/iPara_balanced_l1_g10_i4_do0.10_dpr0.10_lr0.0002_heads16_fold2.pth  select=0.4939  val_ab=0.6758  val_ag=0.3119  val_all=0.5338
Ep014  LR0=1.78e-04  pw=4.74  aucα=0.150  token_p=0.020  dropE=(0.020,0.080)  smooth=0.010  train_loss=0.4144  train_AUPR_all=0.5693  train_AUPR_ab=0.6794  train_AUPR_ag=0.3826  train_P@5_ab=0.8500  train_P@5_ag=1.0000  val_loss=0.5374  val_AUPR_all=0.5557  val_AUPR_ab=0.6759  val_AUPR_ag=0.3498  val_P@5_ab=0.8000  val_P@5_ag=0.9500  select=0.5129
  Saved checkpoint: checkpoints_CERS/iPara_balanced_l1_g10_i4_do0.10_dpr0.10_lr0.0002_heads16_fold2.pth  select=0.5129  val_ab=0.6759  val_ag=0.3498  val_all=0.5557
Ep015  LR0=1.74e-04  pw=4.30  aucα=0.180  token_p=0.020  dropE=(0.020,0.080)  smooth=0.010  train_loss=0.4057  train_AUPR_all=0.5811  train_AUPR_ab=0.6942  train_AUPR_ag=0.3904  train_P@5_ab=1.0000  train_P@5_ag=1.0000  val_loss=0.5313  val_AUPR_all=0.5520  val_AUPR_ab=0.6787  val_AUPR_ag=0.3451  val_P@5_ab=0.8500  val_P@5_ag=1.0000  select=0.5119
Ep016  LR0=1.71e-04  pw=3.91  aucα=0.210  token_p=0.020  dropE=(0.020,0.080)  smooth=0.010  train_loss=0.3987  train_AUPR_all=0.5868  train_AUPR_ab=0.7022  train_AUPR_ag=0.3944  train_P@5_ab=0.9500  train_P@5_ag=1.0000  val_loss=0.5049  val_AUPR_all=0.5467  val_AUPR_ab=0.6915  val_AUPR_ag=0.3230  val_P@5_ab=0.8500  val_P@5_ag=1.0000  select=0.5073
Ep017  LR0=1.67e-04  pw=3.57  aucα=0.240  token_p=0.020  dropE=(0.020,0.080)  smooth=0.010  train_loss=0.3955  train_AUPR_all=0.5909  train_AUPR_ab=0.7026  train_AUPR_ag=0.4040  train_P@5_ab=0.9000  train_P@5_ag=1.0000  val_loss=0.5653  val_AUPR_all=0.5276  val_AUPR_ab=0.6685  val_AUPR_ag=0.3107  val_P@5_ab=0.8500  val_P@5_ag=0.9000  select=0.4896
Ep018  LR0=1.63e-04  pw=3.27  aucα=0.270  token_p=0.020  dropE=(0.020,0.080)  smooth=0.010  train_loss=0.3883  train_AUPR_all=0.6047  train_AUPR_ab=0.7187  train_AUPR_ag=0.4167  train_P@5_ab=0.9000  train_P@5_ag=0.9500  val_loss=0.5094  val_AUPR_all=0.5266  val_AUPR_ab=0.6429  val_AUPR_ag=0.3378  val_P@5_ab=0.7500  val_P@5_ag=1.0000  select=0.4903
Ep019  LR0=1.59e-04  pw=3.00  aucα=0.300  token_p=0.020  dropE=(0.020,0.080)  smooth=0.010  train_loss=0.3869  train_AUPR_all=0.6075  train_AUPR_ab=0.7223  train_AUPR_ag=0.4197  train_P@5_ab=1.0000  train_P@5_ag=0.8500  val_loss=0.4159  val_AUPR_all=0.5883  val_AUPR_ab=0.7094  val_AUPR_ag=0.3850  val_P@5_ab=0.9500  val_P@5_ag=0.8500  select=0.5472
  Saved checkpoint: checkpoints_CERS/iPara_balanced_l1_g10_i4_do0.10_dpr0.10_lr0.0002_heads16_fold2.pth  select=0.5472  val_ab=0.7094  val_ag=0.3850  val_all=0.5883
Ep020  LR0=1.55e-04  pw=2.77  aucα=0.300  token_p=0.020  dropE=(0.020,0.080)  smooth=0.010  train_loss=0.3674  train_AUPR_all=0.6182  train_AUPR_ab=0.7346  train_AUPR_ag=0.4290  train_P@5_ab=0.9500  train_P@5_ag=0.8000  val_loss=0.4217  val_AUPR_all=0.5826  val_AUPR_ab=0.7190  val_AUPR_ag=0.3720  val_P@5_ab=0.9500  val_P@5_ag=0.9000  select=0.5455
Ep021  LR0=1.50e-04  pw=2.56  aucα=0.300  token_p=0.020  dropE=(0.020,0.080)  smooth=0.010  train_loss=0.3562  train_AUPR_all=0.6181  train_AUPR_ab=0.7302  train_AUPR_ag=0.4344  train_P@5_ab=0.9500  train_P@5_ag=0.9000  val_loss=0.3987  val_AUPR_all=0.5823  val_AUPR_ab=0.7219  val_AUPR_ag=0.3714  val_P@5_ab=0.9500  val_P@5_ag=1.0000  select=0.5467
Ep022  LR0=1.46e-04  pw=2.38  aucα=0.300  token_p=0.020  dropE=(0.020,0.080)  smooth=0.010  train_loss=0.3401  train_AUPR_all=0.6274  train_AUPR_ab=0.7414  train_AUPR_ag=0.4427  train_P@5_ab=0.9500  train_P@5_ag=1.0000  val_loss=0.3853  val_AUPR_all=0.5917  val_AUPR_ab=0.7322  val_AUPR_ag=0.3595  val_P@5_ab=1.0000  val_P@5_ag=0.9500  select=0.5459
Ep023  LR0=1.41e-04  pw=2.21  aucα=0.300  token_p=0.020  dropE=(0.020,0.080)  smooth=0.010  train_loss=0.3276  train_AUPR_all=0.6323  train_AUPR_ab=0.7472  train_AUPR_ag=0.4464  train_P@5_ab=1.0000  train_P@5_ag=1.0000  val_loss=0.3676  val_AUPR_all=0.5935  val_AUPR_ab=0.7280  val_AUPR_ag=0.3839  val_P@5_ab=1.0000  val_P@5_ag=0.9500  select=0.5559
  Saved checkpoint: checkpoints_CERS/iPara_balanced_l1_g10_i4_do0.10_dpr0.10_lr0.0002_heads16_fold2.pth  select=0.5559  val_ab=0.7280  val_ag=0.3839  val_all=0.5935
Ep024  LR0=1.36e-04  pw=2.07  aucα=0.300  token_p=0.020  dropE=(0.020,0.080)  smooth=0.010  train_loss=0.3117  train_AUPR_all=0.6469  train_AUPR_ab=0.7588  train_AUPR_ag=0.4672  train_P@5_ab=0.9500  train_P@5_ag=0.9500  val_loss=0.3597  val_AUPR_all=0.5964  val_AUPR_ab=0.7343  val_AUPR_ag=0.3721  val_P@5_ab=1.0000  val_P@5_ag=0.9000  select=0.5532
Ep025  LR0=1.31e-04  pw=1.95  aucα=0.300  token_p=0.020  dropE=(0.020,0.080)  smooth=0.010  train_loss=0.2988  train_AUPR_all=0.6595  train_AUPR_ab=0.7657  train_AUPR_ag=0.4895  train_P@5_ab=0.9500  train_P@5_ag=1.0000  val_loss=0.3434  val_AUPR_all=0.6090  val_AUPR_ab=0.7434  val_AUPR_ag=0.3914  val_P@5_ab=1.0000  val_P@5_ag=0.8500  select=0.5674
  Saved checkpoint: checkpoints_CERS/iPara_balanced_l1_g10_i4_do0.10_dpr0.10_lr0.0002_heads16_fold2.pth  select=0.5674  val_ab=0.7434  val_ag=0.3914  val_all=0.6090
Ep026  LR0=1.26e-04  pw=1.83  aucα=0.300  token_p=0.020  dropE=(0.020,0.080)  smooth=0.010  train_loss=0.2865  train_AUPR_all=0.6687  train_AUPR_ab=0.7720  train_AUPR_ag=0.5057  train_P@5_ab=1.0000  train_P@5_ag=0.9500  val_loss=0.3436  val_AUPR_all=0.6064  val_AUPR_ab=0.7332  val_AUPR_ag=0.4005  val_P@5_ab=0.9500  val_P@5_ag=1.0000  select=0.5669
Ep027  LR0=1.21e-04  pw=1.74  aucα=0.300  token_p=0.020  dropE=(0.020,0.080)  smooth=0.010  train_loss=0.2808  train_AUPR_all=0.6688  train_AUPR_ab=0.7704  train_AUPR_ag=0.5089  train_P@5_ab=1.0000  train_P@5_ag=1.0000  val_loss=0.3497  val_AUPR_all=0.5929  val_AUPR_ab=0.7343  val_AUPR_ag=0.3661  val_P@5_ab=1.0000  val_P@5_ag=0.9000  select=0.5502
Ep028  LR0=1.16e-04  pw=1.65  aucα=0.300  token_p=0.020  dropE=(0.020,0.080)  smooth=0.010  train_loss=0.2677  train_AUPR_all=0.6840  train_AUPR_ab=0.7822  train_AUPR_ag=0.5323  train_P@5_ab=1.0000  train_P@5_ag=0.9000  val_loss=0.3422  val_AUPR_all=0.5958  val_AUPR_ab=0.7347  val_AUPR_ag=0.3830  val_P@5_ab=1.0000  val_P@5_ag=0.9500  select=0.5588
Ep029  LR0=1.11e-04  pw=1.57  aucα=0.300  token_p=0.020  dropE=(0.020,0.080)  smooth=0.010  train_loss=0.2612  train_AUPR_all=0.6850  train_AUPR_ab=0.7822  train_AUPR_ag=0.5338  train_P@5_ab=0.9500  train_P@5_ag=1.0000  val_loss=0.3181  val_AUPR_all=0.6143  val_AUPR_ab=0.7439  val_AUPR_ag=0.4109  val_P@5_ab=0.9500  val_P@5_ag=0.9000  select=0.5774
  Saved checkpoint: checkpoints_CERS/iPara_balanced_l1_g10_i4_do0.10_dpr0.10_lr0.0002_heads16_fold2.pth  select=0.5774  val_ab=0.7439  val_ag=0.4109  val_all=0.6143
Ep030  LR0=1.05e-04  pw=1.51  aucα=0.300  token_p=0.020  dropE=(0.020,0.080)  smooth=0.010  train_loss=0.2506  train_AUPR_all=0.6996  train_AUPR_ab=0.7926  train_AUPR_ag=0.5563  train_P@5_ab=1.0000  train_P@5_ag=1.0000  val_loss=0.3064  val_AUPR_all=0.6188  val_AUPR_ab=0.7442  val_AUPR_ag=0.4240  val_P@5_ab=1.0000  val_P@5_ag=1.0000  select=0.5841
  Saved checkpoint: checkpoints_CERS/iPara_balanced_l1_g10_i4_do0.10_dpr0.10_lr0.0002_heads16_fold2.pth  select=0.5841  val_ab=0.7442  val_ag=0.4240  val_all=0.6188
Ep031  LR0=1.00e-04  pw=1.45  aucα=0.300  token_p=0.020  dropE=(0.020,0.080)  smooth=0.010  train_loss=0.2387  train_AUPR_all=0.7111  train_AUPR_ab=0.7985  train_AUPR_ag=0.5760  train_P@5_ab=0.9500  train_P@5_ag=1.0000  val_loss=0.3261  val_AUPR_all=0.5942  val_AUPR_ab=0.7459  val_AUPR_ag=0.3558  val_P@5_ab=1.0000  val_P@5_ag=0.9500  select=0.5508
Ep032  LR0=9.50e-05  pw=1.39  aucα=0.300  token_p=0.020  dropE=(0.020,0.080)  smooth=0.010  train_loss=0.2320  train_AUPR_all=0.7186  train_AUPR_ab=0.8044  train_AUPR_ag=0.5878  train_P@5_ab=1.0000  train_P@5_ag=0.9000  val_loss=0.3181  val_AUPR_all=0.5913  val_AUPR_ab=0.7484  val_AUPR_ag=0.3620  val_P@5_ab=1.0000  val_P@5_ag=1.0000  select=0.5552
Ep033  LR0=8.98e-05  pw=1.35  aucα=0.300  token_p=0.020  dropE=(0.020,0.080)  smooth=0.010  train_loss=0.2281  train_AUPR_all=0.7219  train_AUPR_ab=0.8040  train_AUPR_ag=0.5973  train_P@5_ab=1.0000  train_P@5_ag=0.9000  val_loss=0.3040  val_AUPR_all=0.6182  val_AUPR_ab=0.7554  val_AUPR_ag=0.4048  val_P@5_ab=1.0000  val_P@5_ag=0.9500  select=0.5801
Ep034  LR0=8.46e-05  pw=1.31  aucα=0.300  token_p=0.020  dropE=(0.020,0.080)  smooth=0.010  train_loss=0.2184  train_AUPR_all=0.7371  train_AUPR_ab=0.8162  train_AUPR_ag=0.6174  train_P@5_ab=1.0000  train_P@5_ag=1.0000  val_loss=0.3080  val_AUPR_all=0.6146  val_AUPR_ab=0.7578  val_AUPR_ag=0.4067  val_P@5_ab=0.9000  val_P@5_ag=1.0000  select=0.5822
Ep035  LR0=7.95e-05  pw=1.27  aucα=0.300  token_p=0.020  dropE=(0.020,0.080)  smooth=0.010  train_loss=0.2155  train_AUPR_all=0.7371  train_AUPR_ab=0.8140  train_AUPR_ag=0.6214  train_P@5_ab=1.0000  train_P@5_ag=1.0000  val_loss=0.3116  val_AUPR_all=0.6030  val_AUPR_ab=0.7518  val_AUPR_ag=0.3872  val_P@5_ab=1.0000  val_P@5_ag=1.0000  select=0.5695
Ep036  LR0=7.44e-05  pw=1.24  aucα=0.300  token_p=0.020  dropE=(0.020,0.080)  smooth=0.010  train_loss=0.2059  train_AUPR_all=0.7514  train_AUPR_ab=0.8235  train_AUPR_ag=0.6435  train_P@5_ab=1.0000  train_P@5_ag=1.0000  val_loss=0.3091  val_AUPR_all=0.5979  val_AUPR_ab=0.7489  val_AUPR_ag=0.3802  val_P@5_ab=1.0000  val_P@5_ag=1.0000  select=0.5645
Ep037  LR0=6.94e-05  pw=1.21  aucα=0.300  token_p=0.020  dropE=(0.020,0.080)  smooth=0.010  train_loss=0.2015  train_AUPR_all=0.7581  train_AUPR_ab=0.8291  train_AUPR_ag=0.6523  train_P@5_ab=1.0000  train_P@5_ag=1.0000  val_loss=0.3018  val_AUPR_all=0.6109  val_AUPR_ab=0.7550  val_AUPR_ag=0.3946  val_P@5_ab=1.0000  val_P@5_ag=0.7500  select=0.5748
Ep038  LR0=6.45e-05  pw=1.19  aucα=0.300  token_p=0.020  dropE=(0.020,0.080)  smooth=0.010  train_loss=0.1943  train_AUPR_all=0.7680  train_AUPR_ab=0.8357  train_AUPR_ag=0.6672  train_P@5_ab=1.0000  train_P@5_ag=1.0000  val_loss=0.3016  val_AUPR_all=0.6027  val_AUPR_ab=0.7546  val_AUPR_ag=0.3668  val_P@5_ab=0.9500  val_P@5_ag=1.0000  select=0.5607
Ep039  LR0=5.97e-05  pw=1.16  aucα=0.300  token_p=0.020  dropE=(0.020,0.080)  smooth=0.010  train_loss=0.1894  train_AUPR_all=0.7738  train_AUPR_ab=0.8399  train_AUPR_ag=0.6751  train_P@5_ab=1.0000  train_P@5_ag=0.9000  val_loss=0.3069  val_AUPR_all=0.6005  val_AUPR_ab=0.7471  val_AUPR_ag=0.3877  val_P@5_ab=0.9500  val_P@5_ag=0.9500  select=0.5674
Ep040  LR0=5.50e-05  pw=1.15  aucα=0.300  token_p=0.020  dropE=(0.020,0.080)  smooth=0.010  train_loss=0.1839  train_AUPR_all=0.7833  train_AUPR_ab=0.8454  train_AUPR_ag=0.6912  train_P@5_ab=1.0000  train_P@5_ag=0.9500  val_loss=0.2948  val_AUPR_all=0.6154  val_AUPR_ab=0.7505  val_AUPR_ag=0.4091  val_P@5_ab=0.9000  val_P@5_ag=1.0000  select=0.5798
Ep041  LR0=5.04e-05  pw=1.13  aucα=0.300  token_p=0.020  dropE=(0.020,0.080)  smooth=0.010  train_loss=0.1791  train_AUPR_all=0.7910  train_AUPR_ab=0.8511  train_AUPR_ag=0.7026  train_P@5_ab=1.0000  train_P@5_ag=1.0000  val_loss=0.2932  val_AUPR_all=0.6144  val_AUPR_ab=0.7547  val_AUPR_ag=0.4059  val_P@5_ab=1.0000  val_P@5_ag=1.0000  select=0.5803
Ep042  LR0=4.59e-05  pw=1.11  aucα=0.300  token_p=0.020  dropE=(0.020,0.080)  smooth=0.010  train_loss=0.1813  train_AUPR_all=0.7857  train_AUPR_ab=0.8482  train_AUPR_ag=0.6934  train_P@5_ab=1.0000  train_P@5_ag=1.0000  val_loss=0.3002  val_AUPR_all=0.6103  val_AUPR_ab=0.7502  val_AUPR_ag=0.4058  val_P@5_ab=0.9500  val_P@5_ag=0.9500  select=0.5780
Ep043  LR0=4.16e-05  pw=1.10  aucα=0.300  token_p=0.020  dropE=(0.020,0.080)  smooth=0.010  train_loss=0.1752  train_AUPR_all=0.7926  train_AUPR_ab=0.8514  train_AUPR_ag=0.7059  train_P@5_ab=0.9500  train_P@5_ag=0.9000  val_loss=0.3010  val_AUPR_all=0.5992  val_AUPR_ab=0.7425  val_AUPR_ag=0.3890  val_P@5_ab=0.9500  val_P@5_ag=0.9000  select=0.5658
Ep044  LR0=3.75e-05  pw=1.09  aucα=0.300  token_p=0.020  dropE=(0.020,0.080)  smooth=0.010  train_loss=0.1722  train_AUPR_all=0.7987  train_AUPR_ab=0.8577  train_AUPR_ag=0.7111  train_P@5_ab=1.0000  train_P@5_ag=1.0000  val_loss=0.3049  val_AUPR_all=0.6093  val_AUPR_ab=0.7477  val_AUPR_ag=0.4029  val_P@5_ab=0.9500  val_P@5_ag=0.8500  select=0.5753
Ep045  LR0=3.35e-05  pw=1.08  aucα=0.300  token_p=0.020  dropE=(0.020,0.080)  smooth=0.010  train_loss=0.1738  train_AUPR_all=0.7958  train_AUPR_ab=0.8551  train_AUPR_ag=0.7076  train_P@5_ab=1.0000  train_P@5_ag=1.0000  val_loss=0.2986  val_AUPR_all=0.6043  val_AUPR_ab=0.7428  val_AUPR_ag=0.4006  val_P@5_ab=0.8500  val_P@5_ag=0.9500  select=0.5717
Ep046  LR0=2.97e-05  pw=1.07  aucα=0.300  token_p=0.020  dropE=(0.020,0.080)  smooth=0.010  train_loss=0.1654  train_AUPR_all=0.8099  train_AUPR_ab=0.8627  train_AUPR_ag=0.7327  train_P@5_ab=1.0000  train_P@5_ag=1.0000  val_loss=0.3036  val_AUPR_all=0.6057  val_AUPR_ab=0.7485  val_AUPR_ag=0.3922  val_P@5_ab=1.0000  val_P@5_ag=0.9500  select=0.5704
Ep047  LR0=2.61e-05  pw=1.06  aucα=0.300  token_p=0.020  dropE=(0.020,0.080)  smooth=0.010  train_loss=0.1651  train_AUPR_all=0.8095  train_AUPR_ab=0.8657  train_AUPR_ag=0.7262  train_P@5_ab=1.0000  train_P@5_ag=1.0000  val_loss=0.3030  val_AUPR_all=0.5975  val_AUPR_ab=0.7407  val_AUPR_ag=0.3898  val_P@5_ab=0.9000  val_P@5_ag=0.9000  select=0.5653
Ep048  LR0=2.27e-05  pw=1.05  aucα=0.300  token_p=0.020  dropE=(0.020,0.080)  smooth=0.010  train_loss=0.1636  train_AUPR_all=0.8115  train_AUPR_ab=0.8664  train_AUPR_ag=0.7301  train_P@5_ab=1.0000  train_P@5_ag=1.0000  val_loss=0.3041  val_AUPR_all=0.5938  val_AUPR_ab=0.7411  val_AUPR_ag=0.3801  val_P@5_ab=1.0000  val_P@5_ag=1.0000  select=0.5606
Ep049  LR0=1.96e-05  pw=1.05  aucα=0.300  token_p=0.020  dropE=(0.020,0.080)  smooth=0.010  train_loss=0.1581  train_AUPR_all=0.8212  train_AUPR_ab=0.8729  train_AUPR_ag=0.7451  train_P@5_ab=1.0000  train_P@5_ag=1.0000  val_loss=0.3088  val_AUPR_all=0.5947  val_AUPR_ab=0.7399  val_AUPR_ag=0.3838  val_P@5_ab=0.9500  val_P@5_ag=0.9000  select=0.5618
Ep050  LR0=1.66e-05  pw=1.04  aucα=0.300  token_p=0.020  dropE=(0.020,0.080)  smooth=0.010  train_loss=0.1543  train_AUPR_all=0.8293  train_AUPR_ab=0.8776  train_AUPR_ag=0.7588  train_P@5_ab=1.0000  train_P@5_ag=1.0000  val_loss=0.3086  val_AUPR_all=0.5959  val_AUPR_ab=0.7398  val_AUPR_ag=0.3884  val_P@5_ab=1.0000  val_P@5_ag=0.9000  select=0.5641
Early stopping at epoch 50. Best select=0.5841 at epoch 30.
Final saved checkpoint for fold 2: checkpoints_CERS/iPara_balanced_l1_g10_i4_do0.10_dpr0.10_lr0.0002_heads16_fold2.pth
Best select=0.5841 at epoch 30

==========================================================================================
Fold 3/5
==========================================================================================
Train labels: valid=401949, pos=26660, neg=375289, ignore=695651, pos_frac=0.06633
Val labels: valid=98243, pos=6570, neg=91673, ignore=176957, pos_frac=0.06687
Initializing ClassificationModel with 10 GAT layers and residual connections...
Initializing MCModel with 10 GAT layers and 4 row attention layers (drop_path_rate=0.1)
Initializing CoreModel with 1 layers, drop_path_rate=0.1
Ep001  LR0=2.00e-04  pw=20.00  aucα=0.000  token_p=0.020  dropE=(0.020,0.080)  smooth=0.010  train_loss=1.2179  train_AUPR_all=0.1772  train_AUPR_ab=0.1990  train_AUPR_ag=0.1501  train_P@5_ab=0.1000  train_P@5_ag=0.2500  val_loss=1.3524  val_AUPR_all=0.3192  val_AUPR_ab=0.3834  val_AUPR_ag=0.2129  val_P@5_ab=0.3000  val_P@5_ag=0.7500  select=0.2982
  Saved checkpoint: checkpoints_CERS/iPara_balanced_l1_g10_i4_do0.10_dpr0.10_lr0.0002_heads16_fold3.pth  select=0.2982  val_ab=0.3834  val_ag=0.2129  val_all=0.3192
Ep002  LR0=2.00e-04  pw=17.77  aucα=0.000  token_p=0.020  dropE=(0.020,0.080)  smooth=0.010  train_loss=0.8714  train_AUPR_all=0.3162  train_AUPR_ab=0.3953  train_AUPR_ag=0.2076  train_P@5_ab=0.4000  train_P@5_ag=0.7500  val_loss=1.0687  val_AUPR_all=0.4103  val_AUPR_ab=0.5076  val_AUPR_ag=0.2500  val_P@5_ab=0.8000  val_P@5_ag=0.8000  select=0.3788
  Saved checkpoint: checkpoints_CERS/iPara_balanced_l1_g10_i4_do0.10_dpr0.10_lr0.0002_heads16_fold3.pth  select=0.3788  val_ab=0.5076  val_ag=0.2500  val_all=0.4103
Ep003  LR0=1.99e-04  pw=15.80  aucα=0.000  token_p=0.020  dropE=(0.020,0.080)  smooth=0.010  train_loss=0.7660  train_AUPR_all=0.3877  train_AUPR_ab=0.4634  train_AUPR_ag=0.2587  train_P@5_ab=0.6500  train_P@5_ag=0.8500  val_loss=0.9215  val_AUPR_all=0.4498  val_AUPR_ab=0.5115  val_AUPR_ag=0.3265  val_P@5_ab=0.3500  val_P@5_ag=0.8500  select=0.4190
  Saved checkpoint: checkpoints_CERS/iPara_balanced_l1_g10_i4_do0.10_dpr0.10_lr0.0002_heads16_fold3.pth  select=0.4190  val_ab=0.5115  val_ag=0.3265  val_all=0.4498
Ep004  LR0=1.99e-04  pw=14.06  aucα=0.000  token_p=0.020  dropE=(0.020,0.080)  smooth=0.010  train_loss=0.6951  train_AUPR_all=0.4231  train_AUPR_ab=0.5058  train_AUPR_ag=0.2786  train_P@5_ab=0.6000  train_P@5_ag=0.7000  val_loss=0.9181  val_AUPR_all=0.4813  val_AUPR_ab=0.5866  val_AUPR_ag=0.3013  val_P@5_ab=0.3500  val_P@5_ag=0.8000  select=0.4440
  Saved checkpoint: checkpoints_CERS/iPara_balanced_l1_g10_i4_do0.10_dpr0.10_lr0.0002_heads16_fold3.pth  select=0.4440  val_ab=0.5866  val_ag=0.3013  val_all=0.4813
Unfreezing DyM parameters.
Ep005  LR0=1.98e-04  pw=12.52  aucα=0.000  token_p=0.020  dropE=(0.020,0.080)  smooth=0.010  train_loss=0.6363  train_AUPR_all=0.4350  train_AUPR_ab=0.5327  train_AUPR_ag=0.2718  train_P@5_ab=0.6500  train_P@5_ag=0.5500  val_loss=0.8716  val_AUPR_all=0.4946  val_AUPR_ab=0.6072  val_AUPR_ag=0.3055  val_P@5_ab=0.7500  val_P@5_ag=0.6500  select=0.4564
  Saved checkpoint: checkpoints_CERS/iPara_balanced_l1_g10_i4_do0.10_dpr0.10_lr0.0002_heads16_fold3.pth  select=0.4564  val_ab=0.6072  val_ag=0.3055  val_all=0.4946
Ep006  LR0=1.97e-04  pw=11.17  aucα=0.000  token_p=0.020  dropE=(0.020,0.080)  smooth=0.010  train_loss=0.5833  train_AUPR_all=0.4707  train_AUPR_ab=0.5629  train_AUPR_ag=0.3041  train_P@5_ab=0.8000  train_P@5_ag=1.0000  val_loss=0.8386  val_AUPR_all=0.4882  val_AUPR_ab=0.6084  val_AUPR_ag=0.3065  val_P@5_ab=0.8000  val_P@5_ag=0.8000  select=0.4575
  Saved checkpoint: checkpoints_CERS/iPara_balanced_l1_g10_i4_do0.10_dpr0.10_lr0.0002_heads16_fold3.pth  select=0.4575  val_ab=0.6084  val_ag=0.3065  val_all=0.4882
Ep007  LR0=1.95e-04  pw=9.97  aucα=0.000  token_p=0.020  dropE=(0.020,0.080)  smooth=0.010  train_loss=0.5458  train_AUPR_all=0.4891  train_AUPR_ab=0.5818  train_AUPR_ag=0.3195  train_P@5_ab=0.5500  train_P@5_ag=0.9000  val_loss=0.9493  val_AUPR_all=0.4850  val_AUPR_ab=0.6107  val_AUPR_ag=0.2720  val_P@5_ab=0.8000  val_P@5_ag=0.9000  select=0.4414
Ep008  LR0=1.93e-04  pw=8.92  aucα=0.000  token_p=0.020  dropE=(0.020,0.080)  smooth=0.010  train_loss=0.5010  train_AUPR_all=0.5056  train_AUPR_ab=0.6033  train_AUPR_ag=0.3304  train_P@5_ab=0.7000  train_P@5_ag=0.9000  val_loss=1.1809  val_AUPR_all=0.4809  val_AUPR_ab=0.6386  val_AUPR_ag=0.2888  val_P@5_ab=0.8500  val_P@5_ag=0.6500  select=0.4637
  Saved checkpoint: checkpoints_CERS/iPara_balanced_l1_g10_i4_do0.10_dpr0.10_lr0.0002_heads16_fold3.pth  select=0.4637  val_ab=0.6386  val_ag=0.2888  val_all=0.4809
Ep009  LR0=1.91e-04  pw=7.99  aucα=0.000  token_p=0.020  dropE=(0.020,0.080)  smooth=0.010  train_loss=0.4715  train_AUPR_all=0.5139  train_AUPR_ab=0.6132  train_AUPR_ag=0.3377  train_P@5_ab=0.6500  train_P@5_ag=1.0000  val_loss=0.6747  val_AUPR_all=0.5295  val_AUPR_ab=0.6379  val_AUPR_ag=0.3318  val_P@5_ab=0.5000  val_P@5_ag=0.9000  select=0.4848
  Saved checkpoint: checkpoints_CERS/iPara_balanced_l1_g10_i4_do0.10_dpr0.10_lr0.0002_heads16_fold3.pth  select=0.4848  val_ab=0.6379  val_ag=0.3318  val_all=0.5295
Ep010  LR0=1.89e-04  pw=7.17  aucα=0.030  token_p=0.020  dropE=(0.020,0.080)  smooth=0.010  train_loss=0.4557  train_AUPR_all=0.5259  train_AUPR_ab=0.6231  train_AUPR_ag=0.3551  train_P@5_ab=0.8500  train_P@5_ag=0.8000  val_loss=0.6187  val_AUPR_all=0.5428  val_AUPR_ab=0.6712  val_AUPR_ag=0.3325  val_P@5_ab=0.8000  val_P@5_ag=0.9000  select=0.5018
  Saved checkpoint: checkpoints_CERS/iPara_balanced_l1_g10_i4_do0.10_dpr0.10_lr0.0002_heads16_fold3.pth  select=0.5018  val_ab=0.6712  val_ag=0.3325  val_all=0.5428
Ep011  LR0=1.87e-04  pw=6.44  aucα=0.060  token_p=0.020  dropE=(0.020,0.080)  smooth=0.010  train_loss=0.4401  train_AUPR_all=0.5368  train_AUPR_ab=0.6448  train_AUPR_ag=0.3561  train_P@5_ab=0.8500  train_P@5_ag=0.9000  val_loss=0.6552  val_AUPR_all=0.5131  val_AUPR_ab=0.6705  val_AUPR_ag=0.2791  val_P@5_ab=0.8500  val_P@5_ag=0.7000  select=0.4748
Ep012  LR0=1.84e-04  pw=5.80  aucα=0.090  token_p=0.020  dropE=(0.020,0.080)  smooth=0.010  train_loss=0.4308  train_AUPR_all=0.5458  train_AUPR_ab=0.6556  train_AUPR_ag=0.3638  train_P@5_ab=0.7500  train_P@5_ag=0.9000  val_loss=0.6279  val_AUPR_all=0.5491  val_AUPR_ab=0.6834  val_AUPR_ag=0.3440  val_P@5_ab=0.9000  val_P@5_ag=0.8500  select=0.5137
  Saved checkpoint: checkpoints_CERS/iPara_balanced_l1_g10_i4_do0.10_dpr0.10_lr0.0002_heads16_fold3.pth  select=0.5137  val_ab=0.6834  val_ag=0.3440  val_all=0.5491
Ep013  LR0=1.81e-04  pw=5.24  aucα=0.120  token_p=0.020  dropE=(0.020,0.080)  smooth=0.010  train_loss=0.4216  train_AUPR_all=0.5568  train_AUPR_ab=0.6741  train_AUPR_ag=0.3677  train_P@5_ab=0.8500  train_P@5_ag=0.8000  val_loss=0.5504  val_AUPR_all=0.5545  val_AUPR_ab=0.6829  val_AUPR_ag=0.3391  val_P@5_ab=0.9000  val_P@5_ag=0.7000  select=0.5110
Ep014  LR0=1.78e-04  pw=4.74  aucα=0.150  token_p=0.020  dropE=(0.020,0.080)  smooth=0.010  train_loss=0.4125  train_AUPR_all=0.5710  train_AUPR_ab=0.6841  train_AUPR_ag=0.3842  train_P@5_ab=0.9500  train_P@5_ag=0.9000  val_loss=0.4937  val_AUPR_all=0.5709  val_AUPR_ab=0.6918  val_AUPR_ag=0.3671  val_P@5_ab=0.8500  val_P@5_ag=0.9000  select=0.5294
  Saved checkpoint: checkpoints_CERS/iPara_balanced_l1_g10_i4_do0.10_dpr0.10_lr0.0002_heads16_fold3.pth  select=0.5294  val_ab=0.6918  val_ag=0.3671  val_all=0.5709
Ep015  LR0=1.74e-04  pw=4.30  aucα=0.180  token_p=0.020  dropE=(0.020,0.080)  smooth=0.010  train_loss=0.4040  train_AUPR_all=0.5758  train_AUPR_ab=0.6908  train_AUPR_ag=0.3868  train_P@5_ab=0.9000  train_P@5_ag=0.9000  val_loss=0.5277  val_AUPR_all=0.5563  val_AUPR_ab=0.6928  val_AUPR_ag=0.3426  val_P@5_ab=0.7000  val_P@5_ag=0.9500  select=0.5177
Ep016  LR0=1.71e-04  pw=3.91  aucα=0.210  token_p=0.020  dropE=(0.020,0.080)  smooth=0.010  train_loss=0.3965  train_AUPR_all=0.5840  train_AUPR_ab=0.7017  train_AUPR_ag=0.3949  train_P@5_ab=1.0000  train_P@5_ag=0.7000  val_loss=0.4671  val_AUPR_all=0.5782  val_AUPR_ab=0.7091  val_AUPR_ag=0.3870  val_P@5_ab=0.9500  val_P@5_ag=0.9500  select=0.5481
  Saved checkpoint: checkpoints_CERS/iPara_balanced_l1_g10_i4_do0.10_dpr0.10_lr0.0002_heads16_fold3.pth  select=0.5481  val_ab=0.7091  val_ag=0.3870  val_all=0.5782
Ep017  LR0=1.67e-04  pw=3.57  aucα=0.240  token_p=0.020  dropE=(0.020,0.080)  smooth=0.010  train_loss=0.3944  train_AUPR_all=0.5873  train_AUPR_ab=0.7021  train_AUPR_ag=0.4016  train_P@5_ab=0.9500  train_P@5_ag=0.7500  val_loss=0.4522  val_AUPR_all=0.5772  val_AUPR_ab=0.7120  val_AUPR_ag=0.3784  val_P@5_ab=1.0000  val_P@5_ag=0.9500  select=0.5452
Ep018  LR0=1.63e-04  pw=3.27  aucα=0.270  token_p=0.020  dropE=(0.020,0.080)  smooth=0.010  train_loss=0.3879  train_AUPR_all=0.5946  train_AUPR_ab=0.7044  train_AUPR_ag=0.4156  train_P@5_ab=0.9000  train_P@5_ag=0.7000  val_loss=0.4156  val_AUPR_all=0.5945  val_AUPR_ab=0.7119  val_AUPR_ag=0.4032  val_P@5_ab=0.9000  val_P@5_ag=0.9500  select=0.5576
  Saved checkpoint: checkpoints_CERS/iPara_balanced_l1_g10_i4_do0.10_dpr0.10_lr0.0002_heads16_fold3.pth  select=0.5576  val_ab=0.7119  val_ag=0.4032  val_all=0.5945
Ep019  LR0=1.59e-04  pw=3.00  aucα=0.300  token_p=0.020  dropE=(0.020,0.080)  smooth=0.010  train_loss=0.3819  train_AUPR_all=0.6087  train_AUPR_ab=0.7207  train_AUPR_ag=0.4285  train_P@5_ab=0.9500  train_P@5_ag=0.9000  val_loss=0.3977  val_AUPR_all=0.5982  val_AUPR_ab=0.7239  val_AUPR_ag=0.3836  val_P@5_ab=0.9500  val_P@5_ag=0.7500  select=0.5538
Ep020  LR0=1.55e-04  pw=2.77  aucα=0.300  token_p=0.020  dropE=(0.020,0.080)  smooth=0.010  train_loss=0.3647  train_AUPR_all=0.6144  train_AUPR_ab=0.7223  train_AUPR_ag=0.4422  train_P@5_ab=0.9500  train_P@5_ag=0.8000  val_loss=0.3955  val_AUPR_all=0.5971  val_AUPR_ab=0.7276  val_AUPR_ag=0.3850  val_P@5_ab=0.9500  val_P@5_ag=1.0000  select=0.5563
Ep021  LR0=1.50e-04  pw=2.56  aucα=0.300  token_p=0.020  dropE=(0.020,0.080)  smooth=0.010  train_loss=0.3466  train_AUPR_all=0.6276  train_AUPR_ab=0.7383  train_AUPR_ag=0.4501  train_P@5_ab=1.0000  train_P@5_ag=0.8500  val_loss=0.3861  val_AUPR_all=0.5724  val_AUPR_ab=0.7133  val_AUPR_ag=0.3610  val_P@5_ab=0.9000  val_P@5_ag=0.6000  select=0.5372
Ep022  LR0=1.46e-04  pw=2.38  aucα=0.300  token_p=0.020  dropE=(0.020,0.080)  smooth=0.010  train_loss=0.3317  train_AUPR_all=0.6375  train_AUPR_ab=0.7458  train_AUPR_ag=0.4675  train_P@5_ab=1.0000  train_P@5_ag=0.9000  val_loss=0.3813  val_AUPR_all=0.5907  val_AUPR_ab=0.7315  val_AUPR_ag=0.3828  val_P@5_ab=0.9500  val_P@5_ag=0.6500  select=0.5572
Ep023  LR0=1.41e-04  pw=2.21  aucα=0.300  token_p=0.020  dropE=(0.020,0.080)  smooth=0.010  train_loss=0.3172  train_AUPR_all=0.6486  train_AUPR_ab=0.7545  train_AUPR_ag=0.4824  train_P@5_ab=0.9000  train_P@5_ag=0.9000  val_loss=0.3590  val_AUPR_all=0.5867  val_AUPR_ab=0.7212  val_AUPR_ag=0.3824  val_P@5_ab=1.0000  val_P@5_ag=0.8000  select=0.5518
Ep024  LR0=1.36e-04  pw=2.07  aucα=0.300  token_p=0.020  dropE=(0.020,0.080)  smooth=0.010  train_loss=0.3036  train_AUPR_all=0.6568  train_AUPR_ab=0.7588  train_AUPR_ag=0.4970  train_P@5_ab=1.0000  train_P@5_ag=0.9000  val_loss=0.3472  val_AUPR_all=0.6062  val_AUPR_ab=0.7421  val_AUPR_ag=0.3955  val_P@5_ab=1.0000  val_P@5_ag=0.8000  select=0.5688
  Saved checkpoint: checkpoints_CERS/iPara_balanced_l1_g10_i4_do0.10_dpr0.10_lr0.0002_heads16_fold3.pth  select=0.5688  val_ab=0.7421  val_ag=0.3955  val_all=0.6062
Ep025  LR0=1.31e-04  pw=1.95  aucα=0.300  token_p=0.020  dropE=(0.020,0.080)  smooth=0.010  train_loss=0.2957  train_AUPR_all=0.6544  train_AUPR_ab=0.7538  train_AUPR_ag=0.4976  train_P@5_ab=0.9500  train_P@5_ag=0.9500  val_loss=0.3443  val_AUPR_all=0.5945  val_AUPR_ab=0.7404  val_AUPR_ag=0.3958  val_P@5_ab=0.9500  val_P@5_ag=0.8500  select=0.5681
Ep026  LR0=1.26e-04  pw=1.83  aucα=0.300  token_p=0.020  dropE=(0.020,0.080)  smooth=0.010  train_loss=0.2827  train_AUPR_all=0.6692  train_AUPR_ab=0.7662  train_AUPR_ag=0.5194  train_P@5_ab=1.0000  train_P@5_ag=1.0000  val_loss=0.3338  val_AUPR_all=0.5945  val_AUPR_ab=0.7340  val_AUPR_ag=0.3766  val_P@5_ab=1.0000  val_P@5_ag=0.7500  select=0.5553
Ep027  LR0=1.21e-04  pw=1.74  aucα=0.300  token_p=0.020  dropE=(0.020,0.080)  smooth=0.010  train_loss=0.2699  train_AUPR_all=0.6799  train_AUPR_ab=0.7730  train_AUPR_ag=0.5345  train_P@5_ab=1.0000  train_P@5_ag=0.9000  val_loss=0.3213  val_AUPR_all=0.6129  val_AUPR_ab=0.7490  val_AUPR_ag=0.3999  val_P@5_ab=1.0000  val_P@5_ag=0.9500  select=0.5745
  Saved checkpoint: checkpoints_CERS/iPara_balanced_l1_g10_i4_do0.10_dpr0.10_lr0.0002_heads16_fold3.pth  select=0.5745  val_ab=0.7490  val_ag=0.3999  val_all=0.6129
Ep028  LR0=1.16e-04  pw=1.65  aucα=0.300  token_p=0.020  dropE=(0.020,0.080)  smooth=0.010  train_loss=0.2601  train_AUPR_all=0.6886  train_AUPR_ab=0.7764  train_AUPR_ag=0.5533  train_P@5_ab=1.0000  train_P@5_ag=1.0000  val_loss=0.3358  val_AUPR_all=0.5965  val_AUPR_ab=0.7431  val_AUPR_ag=0.3775  val_P@5_ab=1.0000  val_P@5_ag=0.7500  select=0.5603
Ep029  LR0=1.11e-04  pw=1.57  aucα=0.300  token_p=0.020  dropE=(0.020,0.080)  smooth=0.010  train_loss=0.2524  train_AUPR_all=0.6979  train_AUPR_ab=0.7879  train_AUPR_ag=0.5591  train_P@5_ab=1.0000  train_P@5_ag=1.0000  val_loss=0.3333  val_AUPR_all=0.5950  val_AUPR_ab=0.7472  val_AUPR_ag=0.3585  val_P@5_ab=1.0000  val_P@5_ag=0.9000  select=0.5529
Ep030  LR0=1.05e-04  pw=1.51  aucα=0.300  token_p=0.020  dropE=(0.020,0.080)  smooth=0.010  train_loss=0.2460  train_AUPR_all=0.7000  train_AUPR_ab=0.7842  train_AUPR_ag=0.5713  train_P@5_ab=1.0000  train_P@5_ag=1.0000  val_loss=0.3103  val_AUPR_all=0.6120  val_AUPR_ab=0.7588  val_AUPR_ag=0.3826  val_P@5_ab=0.9500  val_P@5_ag=0.7500  select=0.5707
Ep031  LR0=1.00e-04  pw=1.45  aucα=0.300  token_p=0.020  dropE=(0.020,0.080)  smooth=0.010  train_loss=0.2371  train_AUPR_all=0.7096  train_AUPR_ab=0.7902  train_AUPR_ag=0.5862  train_P@5_ab=0.9000  train_P@5_ag=1.0000  val_loss=0.3107  val_AUPR_all=0.6019  val_AUPR_ab=0.7476  val_AUPR_ag=0.3853  val_P@5_ab=1.0000  val_P@5_ag=0.9000  select=0.5664
Ep032  LR0=9.50e-05  pw=1.39  aucα=0.300  token_p=0.020  dropE=(0.020,0.080)  smooth=0.010  train_loss=0.2285  train_AUPR_all=0.7230  train_AUPR_ab=0.8039  train_AUPR_ag=0.5988  train_P@5_ab=1.0000  train_P@5_ag=1.0000  val_loss=0.3038  val_AUPR_all=0.6101  val_AUPR_ab=0.7510  val_AUPR_ag=0.3915  val_P@5_ab=1.0000  val_P@5_ag=1.0000  select=0.5713
Ep033  LR0=8.98e-05  pw=1.35  aucα=0.300  token_p=0.020  dropE=(0.020,0.080)  smooth=0.010  train_loss=0.2192  train_AUPR_all=0.7343  train_AUPR_ab=0.8077  train_AUPR_ag=0.6230  train_P@5_ab=1.0000  train_P@5_ag=1.0000  val_loss=0.3167  val_AUPR_all=0.5949  val_AUPR_ab=0.7533  val_AUPR_ag=0.3655  val_P@5_ab=1.0000  val_P@5_ag=0.8500  select=0.5594
Ep034  LR0=8.46e-05  pw=1.31  aucα=0.300  token_p=0.020  dropE=(0.020,0.080)  smooth=0.010  train_loss=0.2123  train_AUPR_all=0.7411  train_AUPR_ab=0.8114  train_AUPR_ag=0.6341  train_P@5_ab=1.0000  train_P@5_ag=1.0000  val_loss=0.3031  val_AUPR_all=0.6124  val_AUPR_ab=0.7556  val_AUPR_ag=0.3923  val_P@5_ab=1.0000  val_P@5_ag=0.9000  select=0.5740
Ep035  LR0=7.95e-05  pw=1.27  aucα=0.300  token_p=0.020  dropE=(0.020,0.080)  smooth=0.010  train_loss=0.2077  train_AUPR_all=0.7470  train_AUPR_ab=0.8168  train_AUPR_ag=0.6418  train_P@5_ab=1.0000  train_P@5_ag=1.0000  val_loss=0.3051  val_AUPR_all=0.6054  val_AUPR_ab=0.7516  val_AUPR_ag=0.3860  val_P@5_ab=1.0000  val_P@5_ag=0.8500  select=0.5688
Ep036  LR0=7.44e-05  pw=1.24  aucα=0.300  token_p=0.020  dropE=(0.020,0.080)  smooth=0.010  train_loss=0.1995  train_AUPR_all=0.7602  train_AUPR_ab=0.8275  train_AUPR_ag=0.6586  train_P@5_ab=1.0000  train_P@5_ag=0.9500  val_loss=0.3018  val_AUPR_all=0.6079  val_AUPR_ab=0.7540  val_AUPR_ag=0.3910  val_P@5_ab=1.0000  val_P@5_ag=0.8500  select=0.5725
Ep037  LR0=6.94e-05  pw=1.21  aucα=0.300  token_p=0.020  dropE=(0.020,0.080)  smooth=0.010  train_loss=0.1976  train_AUPR_all=0.7609  train_AUPR_ab=0.8249  train_AUPR_ag=0.6659  train_P@5_ab=1.0000  train_P@5_ag=1.0000  val_loss=0.3050  val_AUPR_all=0.6063  val_AUPR_ab=0.7590  val_AUPR_ag=0.3777  val_P@5_ab=1.0000  val_P@5_ag=0.8000  select=0.5683
Ep038  LR0=6.45e-05  pw=1.19  aucα=0.300  token_p=0.020  dropE=(0.020,0.080)  smooth=0.010  train_loss=0.1908  train_AUPR_all=0.7713  train_AUPR_ab=0.8333  train_AUPR_ag=0.6792  train_P@5_ab=1.0000  train_P@5_ag=1.0000  val_loss=0.2982  val_AUPR_all=0.6079  val_AUPR_ab=0.7577  val_AUPR_ag=0.3870  val_P@5_ab=1.0000  val_P@5_ag=0.9500  select=0.5724
Ep039  LR0=5.97e-05  pw=1.16  aucα=0.300  token_p=0.020  dropE=(0.020,0.080)  smooth=0.010  train_loss=0.1836  train_AUPR_all=0.7820  train_AUPR_ab=0.8400  train_AUPR_ag=0.6959  train_P@5_ab=1.0000  train_P@5_ag=1.0000  val_loss=0.3046  val_AUPR_all=0.6031  val_AUPR_ab=0.7516  val_AUPR_ag=0.3966  val_P@5_ab=1.0000  val_P@5_ag=0.9000  select=0.5741
Ep040  LR0=5.50e-05  pw=1.15  aucα=0.300  token_p=0.020  dropE=(0.020,0.080)  smooth=0.010  train_loss=0.1817  train_AUPR_all=0.7839  train_AUPR_ab=0.8421  train_AUPR_ag=0.6972  train_P@5_ab=1.0000  train_P@5_ag=1.0000  val_loss=0.2973  val_AUPR_all=0.6148  val_AUPR_ab=0.7613  val_AUPR_ag=0.3977  val_P@5_ab=0.9500  val_P@5_ag=0.9000  select=0.5795
  Saved checkpoint: checkpoints_CERS/iPara_balanced_l1_g10_i4_do0.10_dpr0.10_lr0.0002_heads16_fold3.pth  select=0.5795  val_ab=0.7613  val_ag=0.3977  val_all=0.6148
Ep041  LR0=5.04e-05  pw=1.13  aucα=0.300  token_p=0.020  dropE=(0.020,0.080)  smooth=0.010  train_loss=0.1802  train_AUPR_all=0.7843  train_AUPR_ab=0.8415  train_AUPR_ag=0.6990  train_P@5_ab=1.0000  train_P@5_ag=1.0000  val_loss=0.2982  val_AUPR_all=0.6134  val_AUPR_ab=0.7612  val_AUPR_ag=0.3982  val_P@5_ab=0.9500  val_P@5_ag=0.9000  select=0.5797
  Saved checkpoint: checkpoints_CERS/iPara_balanced_l1_g10_i4_do0.10_dpr0.10_lr0.0002_heads16_fold3.pth  select=0.5797  val_ab=0.7612  val_ag=0.3982  val_all=0.6134
Ep042  LR0=4.59e-05  pw=1.11  aucα=0.300  token_p=0.020  dropE=(0.020,0.080)  smooth=0.010  train_loss=0.1725  train_AUPR_all=0.7987  train_AUPR_ab=0.8529  train_AUPR_ag=0.7182  train_P@5_ab=1.0000  train_P@5_ag=1.0000  val_loss=0.2980  val_AUPR_all=0.6126  val_AUPR_ab=0.7550  val_AUPR_ag=0.4055  val_P@5_ab=0.9500  val_P@5_ag=0.8500  select=0.5802
  Saved checkpoint: checkpoints_CERS/iPara_balanced_l1_g10_i4_do0.10_dpr0.10_lr0.0002_heads16_fold3.pth  select=0.5802  val_ab=0.7550  val_ag=0.4055  val_all=0.6126
Ep043  LR0=4.16e-05  pw=1.10  aucα=0.300  token_p=0.020  dropE=(0.020,0.080)  smooth=0.010  train_loss=0.1698  train_AUPR_all=0.8027  train_AUPR_ab=0.8572  train_AUPR_ag=0.7215  train_P@5_ab=0.9500  train_P@5_ag=1.0000  val_loss=0.2937  val_AUPR_all=0.6140  val_AUPR_ab=0.7588  val_AUPR_ag=0.4111  val_P@5_ab=1.0000  val_P@5_ag=0.9000  select=0.5850
  Saved checkpoint: checkpoints_CERS/iPara_balanced_l1_g10_i4_do0.10_dpr0.10_lr0.0002_heads16_fold3.pth  select=0.5850  val_ab=0.7588  val_ag=0.4111  val_all=0.6140
Ep044  LR0=3.75e-05  pw=1.09  aucα=0.300  token_p=0.020  dropE=(0.020,0.080)  smooth=0.010  train_loss=0.1686  train_AUPR_all=0.8035  train_AUPR_ab=0.8573  train_AUPR_ag=0.7234  train_P@5_ab=1.0000  train_P@5_ag=1.0000  val_loss=0.2964  val_AUPR_all=0.6098  val_AUPR_ab=0.7554  val_AUPR_ag=0.3989  val_P@5_ab=1.0000  val_P@5_ag=0.8500  select=0.5772
Ep045  LR0=3.35e-05  pw=1.08  aucα=0.300  token_p=0.020  dropE=(0.020,0.080)  smooth=0.010  train_loss=0.1680  train_AUPR_all=0.8029  train_AUPR_ab=0.8553  train_AUPR_ag=0.7253  train_P@5_ab=0.9500  train_P@5_ag=0.9500  val_loss=0.2959  val_AUPR_all=0.6077  val_AUPR_ab=0.7572  val_AUPR_ag=0.3912  val_P@5_ab=1.0000  val_P@5_ag=0.7000  select=0.5742
Ep046  LR0=2.97e-05  pw=1.07  aucα=0.300  token_p=0.020  dropE=(0.020,0.080)  smooth=0.010  train_loss=0.1608  train_AUPR_all=0.8165  train_AUPR_ab=0.8669  train_AUPR_ag=0.7418  train_P@5_ab=1.0000  train_P@5_ag=1.0000  val_loss=0.2934  val_AUPR_all=0.6147  val_AUPR_ab=0.7550  val_AUPR_ag=0.4085  val_P@5_ab=1.0000  val_P@5_ag=0.9000  select=0.5818
Ep047  LR0=2.61e-05  pw=1.06  aucα=0.300  token_p=0.020  dropE=(0.020,0.080)  smooth=0.010  train_loss=0.1605  train_AUPR_all=0.8157  train_AUPR_ab=0.8652  train_AUPR_ag=0.7426  train_P@5_ab=1.0000  train_P@5_ag=0.9500  val_loss=0.2993  val_AUPR_all=0.6049  val_AUPR_ab=0.7504  val_AUPR_ag=0.3929  val_P@5_ab=1.0000  val_P@5_ag=0.9500  select=0.5717
Ep048  LR0=2.27e-05  pw=1.05  aucα=0.300  token_p=0.020  dropE=(0.020,0.080)  smooth=0.010  train_loss=0.1591  train_AUPR_all=0.8179  train_AUPR_ab=0.8676  train_AUPR_ag=0.7438  train_P@5_ab=1.0000  train_P@5_ag=1.0000  val_loss=0.2950  val_AUPR_all=0.6047  val_AUPR_ab=0.7471  val_AUPR_ag=0.3991  val_P@5_ab=0.9500  val_P@5_ag=0.8000  select=0.5731
Ep049  LR0=1.96e-05  pw=1.05  aucα=0.300  token_p=0.020  dropE=(0.020,0.080)  smooth=0.010  train_loss=0.1529  train_AUPR_all=0.8284  train_AUPR_ab=0.8754  train_AUPR_ag=0.7585  train_P@5_ab=1.0000  train_P@5_ag=1.0000  val_loss=0.2984  val_AUPR_all=0.6039  val_AUPR_ab=0.7549  val_AUPR_ag=0.3926  val_P@5_ab=1.0000  val_P@5_ag=0.8000  select=0.5737
Ep050  LR0=1.66e-05  pw=1.04  aucα=0.300  token_p=0.020  dropE=(0.020,0.080)  smooth=0.010  train_loss=0.1534  train_AUPR_all=0.8273  train_AUPR_ab=0.8726  train_AUPR_ag=0.7606  train_P@5_ab=1.0000  train_P@5_ag=1.0000  val_loss=0.3022  val_AUPR_all=0.5983  val_AUPR_ab=0.7517  val_AUPR_ag=0.3886  val_P@5_ab=1.0000  val_P@5_ag=0.7500  select=0.5702
Ep051  LR0=1.39e-05  pw=1.04  aucα=0.300  token_p=0.020  dropE=(0.020,0.080)  smooth=0.010  train_loss=0.1503  train_AUPR_all=0.8333  train_AUPR_ab=0.8792  train_AUPR_ag=0.7655  train_P@5_ab=1.0000  train_P@5_ag=1.0000  val_loss=0.3005  val_AUPR_all=0.6004  val_AUPR_ab=0.7465  val_AUPR_ag=0.3917  val_P@5_ab=0.9500  val_P@5_ag=0.7500  select=0.5691
Ep052  LR0=1.14e-05  pw=1.03  aucα=0.300  token_p=0.020  dropE=(0.020,0.080)  smooth=0.010  train_loss=0.1490  train_AUPR_all=0.8352  train_AUPR_ab=0.8790  train_AUPR_ag=0.7709  train_P@5_ab=1.0000  train_P@5_ag=0.9500  val_loss=0.2981  val_AUPR_all=0.6034  val_AUPR_ab=0.7478  val_AUPR_ag=0.3942  val_P@5_ab=0.9500  val_P@5_ag=0.8000  select=0.5710
Ep053  LR0=9.12e-06  pw=1.03  aucα=0.300  token_p=0.020  dropE=(0.020,0.080)  smooth=0.010  train_loss=0.1493  train_AUPR_all=0.8331  train_AUPR_ab=0.8768  train_AUPR_ag=0.7681  train_P@5_ab=1.0000  train_P@5_ag=1.0000  val_loss=0.2998  val_AUPR_all=0.6019  val_AUPR_ab=0.7488  val_AUPR_ag=0.3934  val_P@5_ab=1.0000  val_P@5_ag=0.7500  select=0.5711
Ep054  LR0=7.13e-06  pw=1.03  aucα=0.300  token_p=0.020  dropE=(0.020,0.080)  smooth=0.010  train_loss=0.1486  train_AUPR_all=0.8352  train_AUPR_ab=0.8802  train_AUPR_ag=0.7680  train_P@5_ab=1.0000  train_P@5_ag=0.9500  val_loss=0.2982  val_AUPR_all=0.6033  val_AUPR_ab=0.7476  val_AUPR_ag=0.3954  val_P@5_ab=0.9500  val_P@5_ag=0.8500  select=0.5715
Ep055  LR0=5.38e-06  pw=1.02  aucα=0.300  token_p=0.020  dropE=(0.020,0.080)  smooth=0.010  train_loss=0.1447  train_AUPR_all=0.8417  train_AUPR_ab=0.8855  train_AUPR_ag=0.7765  train_P@5_ab=1.0000  train_P@5_ag=1.0000  val_loss=0.3005  val_AUPR_all=0.6016  val_AUPR_ab=0.7461  val_AUPR_ag=0.3939  val_P@5_ab=0.9500  val_P@5_ag=0.8000  select=0.5700
Ep056  LR0=3.90e-06  pw=1.02  aucα=0.300  token_p=0.020  dropE=(0.020,0.080)  smooth=0.010  train_loss=0.1478  train_AUPR_all=0.8348  train_AUPR_ab=0.8765  train_AUPR_ag=0.7735  train_P@5_ab=1.0000  train_P@5_ag=1.0000  val_loss=0.2995  val_AUPR_all=0.6033  val_AUPR_ab=0.7502  val_AUPR_ag=0.3945  val_P@5_ab=1.0000  val_P@5_ag=0.8000  select=0.5723
Ep057  LR0=2.68e-06  pw=1.02  aucα=0.300  token_p=0.020  dropE=(0.020,0.080)  smooth=0.010  train_loss=0.1442  train_AUPR_all=0.8421  train_AUPR_ab=0.8860  train_AUPR_ag=0.7768  train_P@5_ab=1.0000  train_P@5_ag=1.0000  val_loss=0.2997  val_AUPR_all=0.6024  val_AUPR_ab=0.7483  val_AUPR_ag=0.3949  val_P@5_ab=1.0000  val_P@5_ag=0.8000  select=0.5716
Ep058  LR0=1.73e-06  pw=1.02  aucα=0.300  token_p=0.020  dropE=(0.020,0.080)  smooth=0.010  train_loss=0.1416  train_AUPR_all=0.8453  train_AUPR_ab=0.8865  train_AUPR_ag=0.7841  train_P@5_ab=1.0000  train_P@5_ag=1.0000  val_loss=0.3008  val_AUPR_all=0.6025  val_AUPR_ab=0.7490  val_AUPR_ag=0.3946  val_P@5_ab=0.9500  val_P@5_ag=0.8000  select=0.5718
Ep059  LR0=1.05e-06  pw=1.01  aucα=0.300  token_p=0.020  dropE=(0.020,0.080)  smooth=0.010  train_loss=0.1410  train_AUPR_all=0.8464  train_AUPR_ab=0.8861  train_AUPR_ag=0.7881  train_P@5_ab=1.0000  train_P@5_ag=0.9500  val_loss=0.3010  val_AUPR_all=0.6023  val_AUPR_ab=0.7478  val_AUPR_ag=0.3945  val_P@5_ab=0.9500  val_P@5_ag=0.8000  select=0.5712
Ep060  LR0=6.37e-07  pw=1.01  aucα=0.300  token_p=0.020  dropE=(0.020,0.080)  smooth=0.010  train_loss=0.1461  train_AUPR_all=0.8384  train_AUPR_ab=0.8817  train_AUPR_ag=0.7743  train_P@5_ab=1.0000  train_P@5_ag=1.0000  val_loss=0.3005  val_AUPR_all=0.6022  val_AUPR_ab=0.7478  val_AUPR_ag=0.3943  val_P@5_ab=0.9500  val_P@5_ag=0.8000  select=0.5710
Final saved checkpoint for fold 3: checkpoints_CERS/iPara_balanced_l1_g10_i4_do0.10_dpr0.10_lr0.0002_heads16_fold3.pth
Best select=0.5850 at epoch 43

==========================================================================================
Fold 4/5
==========================================================================================
Train labels: valid=398858, pos=26560, neg=372298, ignore=700342, pos_frac=0.06659
Val labels: valid=101334, pos=6670, neg=94664, ignore=172266, pos_frac=0.06582
Initializing ClassificationModel with 10 GAT layers and residual connections...
Initializing MCModel with 10 GAT layers and 4 row attention layers (drop_path_rate=0.1)
Initializing CoreModel with 1 layers, drop_path_rate=0.1
Ep001  LR0=2.00e-04  pw=20.00  aucα=0.000  token_p=0.020  dropE=(0.020,0.080)  smooth=0.010  train_loss=1.3304  train_AUPR_all=0.1495  train_AUPR_ab=0.1641  train_AUPR_ag=0.1318  train_P@5_ab=0.2000  train_P@5_ag=0.1000  val_loss=1.2682  val_AUPR_all=0.3092  val_AUPR_ab=0.3927  val_AUPR_ag=0.1689  val_P@5_ab=0.6000  val_P@5_ag=0.5000  select=0.2808
  Saved checkpoint: checkpoints_CERS/iPara_balanced_l1_g10_i4_do0.10_dpr0.10_lr0.0002_heads16_fold4.pth  select=0.2808  val_ab=0.3927  val_ag=0.1689  val_all=0.3092
Ep002  LR0=2.00e-04  pw=17.77  aucα=0.000  token_p=0.020  dropE=(0.020,0.080)  smooth=0.010  train_loss=0.9097  train_AUPR_all=0.3055  train_AUPR_ab=0.3793  train_AUPR_ag=0.1970  train_P@5_ab=0.7500  train_P@5_ag=0.6500  val_loss=1.1814  val_AUPR_all=0.3439  val_AUPR_ab=0.4304  val_AUPR_ag=0.1901  val_P@5_ab=0.9000  val_P@5_ag=0.8000  select=0.3103
  Saved checkpoint: checkpoints_CERS/iPara_balanced_l1_g10_i4_do0.10_dpr0.10_lr0.0002_heads16_fold4.pth  select=0.3103  val_ab=0.4304  val_ag=0.1901  val_all=0.3439
Ep003  LR0=1.99e-04  pw=15.80  aucα=0.000  token_p=0.020  dropE=(0.020,0.080)  smooth=0.010  train_loss=0.7784  train_AUPR_all=0.3653  train_AUPR_ab=0.4494  train_AUPR_ag=0.2255  train_P@5_ab=0.8500  train_P@5_ag=0.7500  val_loss=1.2271  val_AUPR_all=0.4293  val_AUPR_ab=0.5609  val_AUPR_ag=0.2194  val_P@5_ab=0.9000  val_P@5_ag=0.7000  select=0.3902
  Saved checkpoint: checkpoints_CERS/iPara_balanced_l1_g10_i4_do0.10_dpr0.10_lr0.0002_heads16_fold4.pth  select=0.3902  val_ab=0.5609  val_ag=0.2194  val_all=0.4293
Ep004  LR0=1.99e-04  pw=14.06  aucα=0.000  token_p=0.020  dropE=(0.020,0.080)  smooth=0.010  train_loss=0.6828  train_AUPR_all=0.4180  train_AUPR_ab=0.5081  train_AUPR_ag=0.2662  train_P@5_ab=0.8000  train_P@5_ag=0.9000  val_loss=1.0702  val_AUPR_all=0.4551  val_AUPR_ab=0.5809  val_AUPR_ag=0.2491  val_P@5_ab=0.9000  val_P@5_ag=0.8500  select=0.4150
  Saved checkpoint: checkpoints_CERS/iPara_balanced_l1_g10_i4_do0.10_dpr0.10_lr0.0002_heads16_fold4.pth  select=0.4150  val_ab=0.5809  val_ag=0.2491  val_all=0.4551
Unfreezing DyM parameters.
Ep005  LR0=1.98e-04  pw=12.52  aucα=0.000  token_p=0.020  dropE=(0.020,0.080)  smooth=0.010  train_loss=0.6258  train_AUPR_all=0.4489  train_AUPR_ab=0.5358  train_AUPR_ag=0.3005  train_P@5_ab=0.7000  train_P@5_ag=0.7500  val_loss=0.8969  val_AUPR_all=0.4777  val_AUPR_ab=0.5874  val_AUPR_ag=0.2876  val_P@5_ab=0.3500  val_P@5_ag=0.9500  select=0.4375
  Saved checkpoint: checkpoints_CERS/iPara_balanced_l1_g10_i4_do0.10_dpr0.10_lr0.0002_heads16_fold4.pth  select=0.4375  val_ab=0.5874  val_ag=0.2876  val_all=0.4777
Ep006  LR0=1.97e-04  pw=11.17  aucα=0.000  token_p=0.020  dropE=(0.020,0.080)  smooth=0.010  train_loss=0.5763  train_AUPR_all=0.4780  train_AUPR_ab=0.5585  train_AUPR_ag=0.3302  train_P@5_ab=0.7500  train_P@5_ag=0.8000  val_loss=0.8962  val_AUPR_all=0.4913  val_AUPR_ab=0.6154  val_AUPR_ag=0.2821  val_P@5_ab=0.6500  val_P@5_ag=0.9500  select=0.4488
  Saved checkpoint: checkpoints_CERS/iPara_balanced_l1_g10_i4_do0.10_dpr0.10_lr0.0002_heads16_fold4.pth  select=0.4488  val_ab=0.6154  val_ag=0.2821  val_all=0.4913
Ep007  LR0=1.95e-04  pw=9.97  aucα=0.000  token_p=0.020  dropE=(0.020,0.080)  smooth=0.010  train_loss=0.5307  train_AUPR_all=0.5034  train_AUPR_ab=0.5894  train_AUPR_ag=0.3374  train_P@5_ab=0.6000  train_P@5_ag=0.8500  val_loss=0.8206  val_AUPR_all=0.4873  val_AUPR_ab=0.6345  val_AUPR_ag=0.3090  val_P@5_ab=0.6500  val_P@5_ag=0.9000  select=0.4717
  Saved checkpoint: checkpoints_CERS/iPara_balanced_l1_g10_i4_do0.10_dpr0.10_lr0.0002_heads16_fold4.pth  select=0.4717  val_ab=0.6345  val_ag=0.3090  val_all=0.4873
Ep008  LR0=1.93e-04  pw=8.92  aucα=0.000  token_p=0.020  dropE=(0.020,0.080)  smooth=0.010  train_loss=0.4946  train_AUPR_all=0.5228  train_AUPR_ab=0.6152  train_AUPR_ag=0.3533  train_P@5_ab=0.8500  train_P@5_ag=0.9500  val_loss=0.8279  val_AUPR_all=0.5009  val_AUPR_ab=0.6311  val_AUPR_ag=0.2882  val_P@5_ab=0.9000  val_P@5_ag=0.9500  select=0.4597
Ep009  LR0=1.91e-04  pw=7.99  aucα=0.000  token_p=0.020  dropE=(0.020,0.080)  smooth=0.010  train_loss=0.4817  train_AUPR_all=0.5179  train_AUPR_ab=0.6083  train_AUPR_ag=0.3476  train_P@5_ab=0.6500  train_P@5_ag=0.9500  val_loss=0.7147  val_AUPR_all=0.5053  val_AUPR_ab=0.6457  val_AUPR_ag=0.2915  val_P@5_ab=0.9000  val_P@5_ag=0.9500  select=0.4686
Ep010  LR0=1.89e-04  pw=7.17  aucα=0.030  token_p=0.020  dropE=(0.020,0.080)  smooth=0.010  train_loss=0.4557  train_AUPR_all=0.5384  train_AUPR_ab=0.6400  train_AUPR_ag=0.3593  train_P@5_ab=0.9500  train_P@5_ag=0.9500  val_loss=0.7829  val_AUPR_all=0.4569  val_AUPR_ab=0.5943  val_AUPR_ag=0.2614  val_P@5_ab=0.9500  val_P@5_ag=1.0000  select=0.4278
Ep011  LR0=1.87e-04  pw=6.44  aucα=0.060  token_p=0.020  dropE=(0.020,0.080)  smooth=0.010  train_loss=0.4394  train_AUPR_all=0.5399  train_AUPR_ab=0.6418  train_AUPR_ag=0.3601  train_P@5_ab=0.9500  train_P@5_ag=0.8000  val_loss=0.6189  val_AUPR_all=0.5367  val_AUPR_ab=0.6755  val_AUPR_ag=0.3246  val_P@5_ab=1.0000  val_P@5_ag=1.0000  select=0.5000
  Saved checkpoint: checkpoints_CERS/iPara_balanced_l1_g10_i4_do0.10_dpr0.10_lr0.0002_heads16_fold4.pth  select=0.5000  val_ab=0.6755  val_ag=0.3246  val_all=0.5367
Ep012  LR0=1.84e-04  pw=5.80  aucα=0.090  token_p=0.020  dropE=(0.020,0.080)  smooth=0.010  train_loss=0.4268  train_AUPR_all=0.5551  train_AUPR_ab=0.6562  train_AUPR_ag=0.3738  train_P@5_ab=0.8500  train_P@5_ag=1.0000  val_loss=0.6012  val_AUPR_all=0.5426  val_AUPR_ab=0.6822  val_AUPR_ag=0.3125  val_P@5_ab=1.0000  val_P@5_ag=1.0000  select=0.4973
Ep013  LR0=1.81e-04  pw=5.24  aucα=0.120  token_p=0.020  dropE=(0.020,0.080)  smooth=0.010  train_loss=0.4237  train_AUPR_all=0.5590  train_AUPR_ab=0.6592  train_AUPR_ag=0.3777  train_P@5_ab=1.0000  train_P@5_ag=1.0000  val_loss=0.5476  val_AUPR_all=0.5424  val_AUPR_ab=0.6772  val_AUPR_ag=0.3356  val_P@5_ab=1.0000  val_P@5_ag=1.0000  select=0.5064
  Saved checkpoint: checkpoints_CERS/iPara_balanced_l1_g10_i4_do0.10_dpr0.10_lr0.0002_heads16_fold4.pth  select=0.5064  val_ab=0.6772  val_ag=0.3356  val_all=0.5424
Ep014  LR0=1.78e-04  pw=4.74  aucα=0.150  token_p=0.020  dropE=(0.020,0.080)  smooth=0.010  train_loss=0.4130  train_AUPR_all=0.5703  train_AUPR_ab=0.6767  train_AUPR_ag=0.3873  train_P@5_ab=0.9500  train_P@5_ag=1.0000  val_loss=0.5600  val_AUPR_all=0.5437  val_AUPR_ab=0.6749  val_AUPR_ag=0.3239  val_P@5_ab=0.8500  val_P@5_ag=1.0000  select=0.4994
Ep015  LR0=1.74e-04  pw=4.30  aucα=0.180  token_p=0.020  dropE=(0.020,0.080)  smooth=0.010  train_loss=0.4052  train_AUPR_all=0.5802  train_AUPR_ab=0.6882  train_AUPR_ag=0.3943  train_P@5_ab=1.0000  train_P@5_ag=0.9000  val_loss=0.5293  val_AUPR_all=0.5433  val_AUPR_ab=0.6901  val_AUPR_ag=0.3049  val_P@5_ab=0.9500  val_P@5_ag=0.9000  select=0.4975
Ep016  LR0=1.71e-04  pw=3.91  aucα=0.210  token_p=0.020  dropE=(0.020,0.080)  smooth=0.010  train_loss=0.4016  train_AUPR_all=0.5828  train_AUPR_ab=0.6917  train_AUPR_ag=0.3977  train_P@5_ab=1.0000  train_P@5_ag=1.0000  val_loss=0.4965  val_AUPR_all=0.5476  val_AUPR_ab=0.7006  val_AUPR_ag=0.3292  val_P@5_ab=0.9000  val_P@5_ag=0.9000  select=0.5149
  Saved checkpoint: checkpoints_CERS/iPara_balanced_l1_g10_i4_do0.10_dpr0.10_lr0.0002_heads16_fold4.pth  select=0.5149  val_ab=0.7006  val_ag=0.3292  val_all=0.5476
Ep017  LR0=1.67e-04  pw=3.57  aucα=0.240  token_p=0.020  dropE=(0.020,0.080)  smooth=0.010  train_loss=0.3942  train_AUPR_all=0.5918  train_AUPR_ab=0.6987  train_AUPR_ag=0.4111  train_P@5_ab=0.9500  train_P@5_ag=1.0000  val_loss=0.5291  val_AUPR_all=0.5442  val_AUPR_ab=0.7071  val_AUPR_ag=0.3049  val_P@5_ab=0.8500  val_P@5_ag=0.9000  select=0.5060
Ep018  LR0=1.63e-04  pw=3.27  aucα=0.270  token_p=0.020  dropE=(0.020,0.080)  smooth=0.010  train_loss=0.3897  train_AUPR_all=0.5990  train_AUPR_ab=0.7081  train_AUPR_ag=0.4147  train_P@5_ab=0.8500  train_P@5_ag=0.9500  val_loss=0.4381  val_AUPR_all=0.5658  val_AUPR_ab=0.7042  val_AUPR_ag=0.3527  val_P@5_ab=0.9500  val_P@5_ag=0.8500  select=0.5285
  Saved checkpoint: checkpoints_CERS/iPara_balanced_l1_g10_i4_do0.10_dpr0.10_lr0.0002_heads16_fold4.pth  select=0.5285  val_ab=0.7042  val_ag=0.3527  val_all=0.5658
Ep019  LR0=1.59e-04  pw=3.00  aucα=0.300  token_p=0.020  dropE=(0.020,0.080)  smooth=0.010  train_loss=0.3869  train_AUPR_all=0.6068  train_AUPR_ab=0.7193  train_AUPR_ag=0.4201  train_P@5_ab=0.9500  train_P@5_ag=0.9000  val_loss=0.4373  val_AUPR_all=0.5677  val_AUPR_ab=0.7138  val_AUPR_ag=0.3298  val_P@5_ab=0.9000  val_P@5_ag=0.8500  select=0.5218
Ep020  LR0=1.55e-04  pw=2.77  aucα=0.300  token_p=0.020  dropE=(0.020,0.080)  smooth=0.010  train_loss=0.3690  train_AUPR_all=0.6143  train_AUPR_ab=0.7276  train_AUPR_ag=0.4250  train_P@5_ab=1.0000  train_P@5_ag=0.9500  val_loss=0.3982  val_AUPR_all=0.5909  val_AUPR_ab=0.7213  val_AUPR_ag=0.3817  val_P@5_ab=1.0000  val_P@5_ag=0.9000  select=0.5515
  Saved checkpoint: checkpoints_CERS/iPara_balanced_l1_g10_i4_do0.10_dpr0.10_lr0.0002_heads16_fold4.pth  select=0.5515  val_ab=0.7213  val_ag=0.3817  val_all=0.5909
Ep021  LR0=1.50e-04  pw=2.56  aucα=0.300  token_p=0.020  dropE=(0.020,0.080)  smooth=0.010  train_loss=0.3525  train_AUPR_all=0.6240  train_AUPR_ab=0.7326  train_AUPR_ag=0.4445  train_P@5_ab=0.9500  train_P@5_ag=0.9500  val_loss=0.3956  val_AUPR_all=0.5803  val_AUPR_ab=0.7330  val_AUPR_ag=0.3414  val_P@5_ab=1.0000  val_P@5_ag=0.8500  select=0.5372
Ep022  LR0=1.46e-04  pw=2.38  aucα=0.300  token_p=0.020  dropE=(0.020,0.080)  smooth=0.010  train_loss=0.3404  train_AUPR_all=0.6281  train_AUPR_ab=0.7361  train_AUPR_ag=0.4526  train_P@5_ab=1.0000  train_P@5_ag=1.0000  val_loss=0.3996  val_AUPR_all=0.5633  val_AUPR_ab=0.7207  val_AUPR_ag=0.3162  val_P@5_ab=1.0000  val_P@5_ag=0.8500  select=0.5184
Ep023  LR0=1.41e-04  pw=2.21  aucα=0.300  token_p=0.020  dropE=(0.020,0.080)  smooth=0.010  train_loss=0.3265  train_AUPR_all=0.6347  train_AUPR_ab=0.7409  train_AUPR_ag=0.4604  train_P@5_ab=1.0000  train_P@5_ag=1.0000  val_loss=0.3867  val_AUPR_all=0.5788  val_AUPR_ab=0.7326  val_AUPR_ag=0.3416  val_P@5_ab=1.0000  val_P@5_ag=0.9500  select=0.5371
Ep024  LR0=1.36e-04  pw=2.07  aucα=0.300  token_p=0.020  dropE=(0.020,0.080)  smooth=0.010  train_loss=0.3152  train_AUPR_all=0.6415  train_AUPR_ab=0.7486  train_AUPR_ag=0.4679  train_P@5_ab=1.0000  train_P@5_ag=0.9500  val_loss=0.3523  val_AUPR_all=0.5962  val_AUPR_ab=0.7354  val_AUPR_ag=0.3685  val_P@5_ab=1.0000  val_P@5_ag=0.9000  select=0.5519
  Saved checkpoint: checkpoints_CERS/iPara_balanced_l1_g10_i4_do0.10_dpr0.10_lr0.0002_heads16_fold4.pth  select=0.5519  val_ab=0.7354  val_ag=0.3685  val_all=0.5962
Ep025  LR0=1.31e-04  pw=1.95  aucα=0.300  token_p=0.020  dropE=(0.020,0.080)  smooth=0.010  train_loss=0.3036  train_AUPR_all=0.6469  train_AUPR_ab=0.7529  train_AUPR_ag=0.4747  train_P@5_ab=0.9500  train_P@5_ag=1.0000  val_loss=0.3647  val_AUPR_all=0.5862  val_AUPR_ab=0.7339  val_AUPR_ag=0.3555  val_P@5_ab=0.9500  val_P@5_ag=0.9500  select=0.5447
Ep026  LR0=1.26e-04  pw=1.83  aucα=0.300  token_p=0.020  dropE=(0.020,0.080)  smooth=0.010  train_loss=0.2909  train_AUPR_all=0.6585  train_AUPR_ab=0.7633  train_AUPR_ag=0.4893  train_P@5_ab=1.0000  train_P@5_ag=1.0000  val_loss=0.3602  val_AUPR_all=0.5895  val_AUPR_ab=0.7433  val_AUPR_ag=0.3658  val_P@5_ab=1.0000  val_P@5_ag=1.0000  select=0.5546
  Saved checkpoint: checkpoints_CERS/iPara_balanced_l1_g10_i4_do0.10_dpr0.10_lr0.0002_heads16_fold4.pth  select=0.5546  val_ab=0.7433  val_ag=0.3658  val_all=0.5895
Ep027  LR0=1.21e-04  pw=1.74  aucα=0.300  token_p=0.020  dropE=(0.020,0.080)  smooth=0.010  train_loss=0.2825  train_AUPR_all=0.6620  train_AUPR_ab=0.7624  train_AUPR_ag=0.5017  train_P@5_ab=1.0000  train_P@5_ag=1.0000  val_loss=0.3517  val_AUPR_all=0.5760  val_AUPR_ab=0.7319  val_AUPR_ag=0.3385  val_P@5_ab=1.0000  val_P@5_ag=0.9500  select=0.5352
Ep028  LR0=1.16e-04  pw=1.65  aucα=0.300  token_p=0.020  dropE=(0.020,0.080)  smooth=0.010  train_loss=0.2751  train_AUPR_all=0.6682  train_AUPR_ab=0.7674  train_AUPR_ag=0.5104  train_P@5_ab=0.9500  train_P@5_ag=1.0000  val_loss=0.3412  val_AUPR_all=0.5846  val_AUPR_ab=0.7454  val_AUPR_ag=0.3405  val_P@5_ab=1.0000  val_P@5_ag=0.9000  select=0.5430
Ep029  LR0=1.11e-04  pw=1.57  aucα=0.300  token_p=0.020  dropE=(0.020,0.080)  smooth=0.010  train_loss=0.2666  train_AUPR_all=0.6781  train_AUPR_ab=0.7780  train_AUPR_ag=0.5193  train_P@5_ab=0.9500  train_P@5_ag=0.9000  val_loss=0.3267  val_AUPR_all=0.5996  val_AUPR_ab=0.7515  val_AUPR_ag=0.3685  val_P@5_ab=1.0000  val_P@5_ag=0.9500  select=0.5600
  Saved checkpoint: checkpoints_CERS/iPara_balanced_l1_g10_i4_do0.10_dpr0.10_lr0.0002_heads16_fold4.pth  select=0.5600  val_ab=0.7515  val_ag=0.3685  val_all=0.5996
Ep030  LR0=1.05e-04  pw=1.51  aucα=0.300  token_p=0.020  dropE=(0.020,0.080)  smooth=0.010  train_loss=0.2602  train_AUPR_all=0.6798  train_AUPR_ab=0.7766  train_AUPR_ag=0.5263  train_P@5_ab=0.9500  train_P@5_ag=1.0000  val_loss=0.3259  val_AUPR_all=0.5904  val_AUPR_ab=0.7344  val_AUPR_ag=0.3765  val_P@5_ab=1.0000  val_P@5_ag=1.0000  select=0.5555
Ep031  LR0=1.00e-04  pw=1.45  aucα=0.300  token_p=0.020  dropE=(0.020,0.080)  smooth=0.010  train_loss=0.2480  train_AUPR_all=0.6959  train_AUPR_ab=0.7886  train_AUPR_ag=0.5503  train_P@5_ab=1.0000  train_P@5_ag=1.0000  val_loss=0.3207  val_AUPR_all=0.5956  val_AUPR_ab=0.7528  val_AUPR_ag=0.3742  val_P@5_ab=0.9500  val_P@5_ag=0.9500  select=0.5635
  Saved checkpoint: checkpoints_CERS/iPara_balanced_l1_g10_i4_do0.10_dpr0.10_lr0.0002_heads16_fold4.pth  select=0.5635  val_ab=0.7528  val_ag=0.3742  val_all=0.5956
Ep032  LR0=9.50e-05  pw=1.39  aucα=0.300  token_p=0.020  dropE=(0.020,0.080)  smooth=0.010  train_loss=0.2386  train_AUPR_all=0.7077  train_AUPR_ab=0.7994  train_AUPR_ag=0.5641  train_P@5_ab=1.0000  train_P@5_ag=0.9500  val_loss=0.3147  val_AUPR_all=0.5957  val_AUPR_ab=0.7477  val_AUPR_ag=0.3592  val_P@5_ab=1.0000  val_P@5_ag=0.9000  select=0.5535
Ep033  LR0=8.98e-05  pw=1.35  aucα=0.300  token_p=0.020  dropE=(0.020,0.080)  smooth=0.010  train_loss=0.2313  train_AUPR_all=0.7159  train_AUPR_ab=0.8003  train_AUPR_ag=0.5853  train_P@5_ab=1.0000  train_P@5_ag=1.0000  val_loss=0.3126  val_AUPR_all=0.6037  val_AUPR_ab=0.7553  val_AUPR_ag=0.3781  val_P@5_ab=0.9500  val_P@5_ag=0.9000  select=0.5667
  Saved checkpoint: checkpoints_CERS/iPara_balanced_l1_g10_i4_do0.10_dpr0.10_lr0.0002_heads16_fold4.pth  select=0.5667  val_ab=0.7553  val_ag=0.3781  val_all=0.6037
Ep034  LR0=8.46e-05  pw=1.31  aucα=0.300  token_p=0.020  dropE=(0.020,0.080)  smooth=0.010  train_loss=0.2308  train_AUPR_all=0.7127  train_AUPR_ab=0.7979  train_AUPR_ag=0.5811  train_P@5_ab=1.0000  train_P@5_ag=0.9000  val_loss=0.3058  val_AUPR_all=0.5950  val_AUPR_ab=0.7522  val_AUPR_ag=0.3612  val_P@5_ab=1.0000  val_P@5_ag=0.9500  select=0.5567
Ep035  LR0=7.95e-05  pw=1.27  aucα=0.300  token_p=0.020  dropE=(0.020,0.080)  smooth=0.010  train_loss=0.2224  train_AUPR_all=0.7252  train_AUPR_ab=0.8072  train_AUPR_ag=0.5992  train_P@5_ab=1.0000  train_P@5_ag=1.0000  val_loss=0.2984  val_AUPR_all=0.6251  val_AUPR_ab=0.7658  val_AUPR_ag=0.4116  val_P@5_ab=1.0000  val_P@5_ag=0.9500  select=0.5887
  Saved checkpoint: checkpoints_CERS/iPara_balanced_l1_g10_i4_do0.10_dpr0.10_lr0.0002_heads16_fold4.pth  select=0.5887  val_ab=0.7658  val_ag=0.4116  val_all=0.6251
Ep036  LR0=7.44e-05  pw=1.24  aucα=0.300  token_p=0.020  dropE=(0.020,0.080)  smooth=0.010  train_loss=0.2113  train_AUPR_all=0.7399  train_AUPR_ab=0.8186  train_AUPR_ag=0.6192  train_P@5_ab=1.0000  train_P@5_ag=0.8000  val_loss=0.3109  val_AUPR_all=0.5959  val_AUPR_ab=0.7664  val_AUPR_ag=0.3557  val_P@5_ab=0.9000  val_P@5_ag=0.8500  select=0.5611
Ep037  LR0=6.94e-05  pw=1.21  aucα=0.300  token_p=0.020  dropE=(0.020,0.080)  smooth=0.010  train_loss=0.2071  train_AUPR_all=0.7465  train_AUPR_ab=0.8239  train_AUPR_ag=0.6279  train_P@5_ab=1.0000  train_P@5_ag=0.9500  val_loss=0.3039  val_AUPR_all=0.6120  val_AUPR_ab=0.7655  val_AUPR_ag=0.3774  val_P@5_ab=0.9000  val_P@5_ag=0.9000  select=0.5714
Ep038  LR0=6.45e-05  pw=1.19  aucα=0.300  token_p=0.020  dropE=(0.020,0.080)  smooth=0.010  train_loss=0.2068  train_AUPR_all=0.7456  train_AUPR_ab=0.8226  train_AUPR_ag=0.6273  train_P@5_ab=0.9500  train_P@5_ag=1.0000  val_loss=0.3049  val_AUPR_all=0.6109  val_AUPR_ab=0.7601  val_AUPR_ag=0.3801  val_P@5_ab=0.9500  val_P@5_ag=0.8500  select=0.5701
Ep039  LR0=5.97e-05  pw=1.16  aucα=0.300  token_p=0.020  dropE=(0.020,0.080)  smooth=0.010  train_loss=0.1970  train_AUPR_all=0.7611  train_AUPR_ab=0.8340  train_AUPR_ag=0.6496  train_P@5_ab=1.0000  train_P@5_ag=1.0000  val_loss=0.3079  val_AUPR_all=0.5996  val_AUPR_ab=0.7543  val_AUPR_ag=0.3654  val_P@5_ab=0.9000  val_P@5_ag=0.9000  select=0.5598
Ep040  LR0=5.50e-05  pw=1.15  aucα=0.300  token_p=0.020  dropE=(0.020,0.080)  smooth=0.010  train_loss=0.1938  train_AUPR_all=0.7647  train_AUPR_ab=0.8354  train_AUPR_ag=0.6561  train_P@5_ab=1.0000  train_P@5_ag=1.0000  val_loss=0.3010  val_AUPR_all=0.6012  val_AUPR_ab=0.7582  val_AUPR_ag=0.3608  val_P@5_ab=0.9500  val_P@5_ag=0.9500  select=0.5595
Ep041  LR0=5.04e-05  pw=1.13  aucα=0.300  token_p=0.020  dropE=(0.020,0.080)  smooth=0.010  train_loss=0.1941  train_AUPR_all=0.7631  train_AUPR_ab=0.8324  train_AUPR_ag=0.6578  train_P@5_ab=0.9500  train_P@5_ag=1.0000  val_loss=0.2966  val_AUPR_all=0.6132  val_AUPR_ab=0.7586  val_AUPR_ag=0.3916  val_P@5_ab=0.9500  val_P@5_ag=0.9500  select=0.5751
Ep042  LR0=4.59e-05  pw=1.11  aucα=0.300  token_p=0.020  dropE=(0.020,0.080)  smooth=0.010  train_loss=0.1895  train_AUPR_all=0.7691  train_AUPR_ab=0.8373  train_AUPR_ag=0.6655  train_P@5_ab=1.0000  train_P@5_ag=1.0000  val_loss=0.2983  val_AUPR_all=0.6127  val_AUPR_ab=0.7610  val_AUPR_ag=0.3902  val_P@5_ab=0.9000  val_P@5_ag=0.9000  select=0.5756
Ep043  LR0=4.16e-05  pw=1.10  aucα=0.300  token_p=0.020  dropE=(0.020,0.080)  smooth=0.010  train_loss=0.1843  train_AUPR_all=0.7788  train_AUPR_ab=0.8444  train_AUPR_ag=0.6791  train_P@5_ab=1.0000  train_P@5_ag=1.0000  val_loss=0.3042  val_AUPR_all=0.6056  val_AUPR_ab=0.7571  val_AUPR_ag=0.3919  val_P@5_ab=0.8500  val_P@5_ag=0.9000  select=0.5745
Ep044  LR0=3.75e-05  pw=1.09  aucα=0.300  token_p=0.020  dropE=(0.020,0.080)  smooth=0.010  train_loss=0.1785  train_AUPR_all=0.7879  train_AUPR_ab=0.8499  train_AUPR_ag=0.6939  train_P@5_ab=1.0000  train_P@5_ag=1.0000  val_loss=0.3012  val_AUPR_all=0.6058  val_AUPR_ab=0.7572  val_AUPR_ag=0.3803  val_P@5_ab=0.9500  val_P@5_ag=0.8500  select=0.5687
Ep045  LR0=3.35e-05  pw=1.08  aucα=0.300  token_p=0.020  dropE=(0.020,0.080)  smooth=0.010  train_loss=0.1796  train_AUPR_all=0.7841  train_AUPR_ab=0.8454  train_AUPR_ag=0.6916  train_P@5_ab=1.0000  train_P@5_ag=1.0000  val_loss=0.2950  val_AUPR_all=0.6123  val_AUPR_ab=0.7595  val_AUPR_ag=0.3970  val_P@5_ab=1.0000  val_P@5_ag=0.9000  select=0.5782
Ep046  LR0=2.97e-05  pw=1.07  aucα=0.300  token_p=0.020  dropE=(0.020,0.080)  smooth=0.010  train_loss=0.1730  train_AUPR_all=0.7956  train_AUPR_ab=0.8543  train_AUPR_ag=0.7072  train_P@5_ab=1.0000  train_P@5_ag=1.0000  val_loss=0.2991  val_AUPR_all=0.6091  val_AUPR_ab=0.7560  val_AUPR_ag=0.3874  val_P@5_ab=0.9000  val_P@5_ag=0.9000  select=0.5717
Ep047  LR0=2.61e-05  pw=1.06  aucα=0.300  token_p=0.020  dropE=(0.020,0.080)  smooth=0.010  train_loss=0.1704  train_AUPR_all=0.7991  train_AUPR_ab=0.8581  train_AUPR_ag=0.7097  train_P@5_ab=0.9500  train_P@5_ag=0.9500  val_loss=0.3038  val_AUPR_all=0.6052  val_AUPR_ab=0.7594  val_AUPR_ag=0.3809  val_P@5_ab=0.9500  val_P@5_ag=0.9000  select=0.5701
Ep048  LR0=2.27e-05  pw=1.05  aucα=0.300  token_p=0.020  dropE=(0.020,0.080)  smooth=0.010  train_loss=0.1698  train_AUPR_all=0.7990  train_AUPR_ab=0.8573  train_AUPR_ag=0.7107  train_P@5_ab=1.0000  train_P@5_ag=1.0000  val_loss=0.3004  val_AUPR_all=0.6094  val_AUPR_ab=0.7616  val_AUPR_ag=0.3867  val_P@5_ab=0.9000  val_P@5_ag=0.9000  select=0.5742
Ep049  LR0=1.96e-05  pw=1.05  aucα=0.300  token_p=0.020  dropE=(0.020,0.080)  smooth=0.010  train_loss=0.1685  train_AUPR_all=0.8016  train_AUPR_ab=0.8607  train_AUPR_ag=0.7119  train_P@5_ab=0.9500  train_P@5_ag=1.0000  val_loss=0.2964  val_AUPR_all=0.6077  val_AUPR_ab=0.7617  val_AUPR_ag=0.3836  val_P@5_ab=0.9000  val_P@5_ag=0.8000  select=0.5726
Ep050  LR0=1.66e-05  pw=1.04  aucα=0.300  token_p=0.020  dropE=(0.020,0.080)  smooth=0.010  train_loss=0.1686  train_AUPR_all=0.8017  train_AUPR_ab=0.8603  train_AUPR_ag=0.7128  train_P@5_ab=1.0000  train_P@5_ag=1.0000  val_loss=0.2990  val_AUPR_all=0.6097  val_AUPR_ab=0.7607  val_AUPR_ag=0.3905  val_P@5_ab=0.9000  val_P@5_ag=0.9500  select=0.5756
Ep051  LR0=1.39e-05  pw=1.04  aucα=0.300  token_p=0.020  dropE=(0.020,0.080)  smooth=0.010  train_loss=0.1646  train_AUPR_all=0.8075  train_AUPR_ab=0.8614  train_AUPR_ag=0.7270  train_P@5_ab=1.0000  train_P@5_ag=1.0000  val_loss=0.3031  val_AUPR_all=0.6055  val_AUPR_ab=0.7607  val_AUPR_ag=0.3820  val_P@5_ab=0.8500  val_P@5_ag=0.8500  select=0.5713
Ep052  LR0=1.14e-05  pw=1.03  aucα=0.300  token_p=0.020  dropE=(0.020,0.080)  smooth=0.010  train_loss=0.1628  train_AUPR_all=0.8123  train_AUPR_ab=0.8663  train_AUPR_ag=0.7315  train_P@5_ab=1.0000  train_P@5_ag=1.0000  val_loss=0.2987  val_AUPR_all=0.6085  val_AUPR_ab=0.7621  val_AUPR_ag=0.3833  val_P@5_ab=0.9000  val_P@5_ag=0.8500  select=0.5727
Ep053  LR0=9.12e-06  pw=1.03  aucα=0.300  token_p=0.020  dropE=(0.020,0.080)  smooth=0.010  train_loss=0.1599  train_AUPR_all=0.8165  train_AUPR_ab=0.8701  train_AUPR_ag=0.7354  train_P@5_ab=1.0000  train_P@5_ag=1.0000  val_loss=0.3042  val_AUPR_all=0.6069  val_AUPR_ab=0.7615  val_AUPR_ag=0.3839  val_P@5_ab=1.0000  val_P@5_ag=0.8000  select=0.5727
Ep054  LR0=7.13e-06  pw=1.03  aucα=0.300  token_p=0.020  dropE=(0.020,0.080)  smooth=0.010  train_loss=0.1592  train_AUPR_all=0.8171  train_AUPR_ab=0.8693  train_AUPR_ag=0.7389  train_P@5_ab=1.0000  train_P@5_ag=1.0000  val_loss=0.3006  val_AUPR_all=0.6064  val_AUPR_ab=0.7596  val_AUPR_ag=0.3847  val_P@5_ab=0.9500  val_P@5_ag=0.8000  select=0.5721
Ep055  LR0=5.38e-06  pw=1.02  aucα=0.300  token_p=0.020  dropE=(0.020,0.080)  smooth=0.010  train_loss=0.1569  train_AUPR_all=0.8206  train_AUPR_ab=0.8718  train_AUPR_ag=0.7438  train_P@5_ab=1.0000  train_P@5_ag=1.0000  val_loss=0.3031  val_AUPR_all=0.6062  val_AUPR_ab=0.7609  val_AUPR_ag=0.3816  val_P@5_ab=0.9500  val_P@5_ag=0.8500  select=0.5712
Early stopping at epoch 55. Best select=0.5887 at epoch 35.
Final saved checkpoint for fold 4: checkpoints_CERS/iPara_balanced_l1_g10_i4_do0.10_dpr0.10_lr0.0002_heads16_fold4.pth
Best select=0.5887 at epoch 35

==========================================================================================
Fold 5/5
==========================================================================================
Train labels: valid=399660, pos=26617, neg=373043, ignore=699540, pos_frac=0.06660
Val labels: valid=100532, pos=6613, neg=93919, ignore=173068, pos_frac=0.06578
Initializing ClassificationModel with 10 GAT layers and residual connections...
Initializing MCModel with 10 GAT layers and 4 row attention layers (drop_path_rate=0.1)
Initializing CoreModel with 1 layers, drop_path_rate=0.1
Ep001  LR0=2.00e-04  pw=20.00  aucα=0.000  token_p=0.020  dropE=(0.020,0.080)  smooth=0.010  train_loss=1.2097  train_AUPR_all=0.1738  train_AUPR_ab=0.1952  train_AUPR_ag=0.1478  train_P@5_ab=0.1000  train_P@5_ag=0.0000  val_loss=1.3136  val_AUPR_all=0.3089  val_AUPR_ab=0.3950  val_AUPR_ag=0.1785  val_P@5_ab=0.2000  val_P@5_ag=0.9500  select=0.2867
  Saved checkpoint: checkpoints_CERS/iPara_balanced_l1_g10_i4_do0.10_dpr0.10_lr0.0002_heads16_fold5.pth  select=0.2867  val_ab=0.3950  val_ag=0.1785  val_all=0.3089
Ep002  LR0=2.00e-04  pw=17.77  aucα=0.000  token_p=0.020  dropE=(0.020,0.080)  smooth=0.010  train_loss=0.8702  train_AUPR_all=0.3336  train_AUPR_ab=0.3900  train_AUPR_ag=0.2489  train_P@5_ab=0.5000  train_P@5_ag=0.6500  val_loss=1.1663  val_AUPR_all=0.4096  val_AUPR_ab=0.5443  val_AUPR_ag=0.1982  val_P@5_ab=0.6000  val_P@5_ag=0.9000  select=0.3713
  Saved checkpoint: checkpoints_CERS/iPara_balanced_l1_g10_i4_do0.10_dpr0.10_lr0.0002_heads16_fold5.pth  select=0.3713  val_ab=0.5443  val_ag=0.1982  val_all=0.4096
Ep003  LR0=1.99e-04  pw=15.80  aucα=0.000  token_p=0.020  dropE=(0.020,0.080)  smooth=0.010  train_loss=0.7455  train_AUPR_all=0.3999  train_AUPR_ab=0.4744  train_AUPR_ag=0.2677  train_P@5_ab=0.6000  train_P@5_ag=0.5500  val_loss=1.1635  val_AUPR_all=0.3274  val_AUPR_ab=0.5224  val_AUPR_ag=0.2000  val_P@5_ab=0.4000  val_P@5_ag=1.0000  select=0.3612
Ep004  LR0=1.99e-04  pw=14.06  aucα=0.000  token_p=0.020  dropE=(0.020,0.080)  smooth=0.010  train_loss=0.6762  train_AUPR_all=0.4348  train_AUPR_ab=0.5006  train_AUPR_ag=0.2980  train_P@5_ab=0.7000  train_P@5_ag=0.8000  val_loss=1.4205  val_AUPR_all=0.3754  val_AUPR_ab=0.5798  val_AUPR_ag=0.2045  val_P@5_ab=0.5000  val_P@5_ag=0.5000  select=0.3921
  Saved checkpoint: checkpoints_CERS/iPara_balanced_l1_g10_i4_do0.10_dpr0.10_lr0.0002_heads16_fold5.pth  select=0.3921  val_ab=0.5798  val_ag=0.2045  val_all=0.3754
Unfreezing DyM parameters.
Ep005  LR0=1.98e-04  pw=12.52  aucα=0.000  token_p=0.020  dropE=(0.020,0.080)  smooth=0.010  train_loss=0.6218  train_AUPR_all=0.4602  train_AUPR_ab=0.5406  train_AUPR_ag=0.3163  train_P@5_ab=0.7500  train_P@5_ag=0.8000  val_loss=0.9630  val_AUPR_all=0.4523  val_AUPR_ab=0.6118  val_AUPR_ag=0.2676  val_P@5_ab=0.4500  val_P@5_ag=1.0000  select=0.4397
  Saved checkpoint: checkpoints_CERS/iPara_balanced_l1_g10_i4_do0.10_dpr0.10_lr0.0002_heads16_fold5.pth  select=0.4397  val_ab=0.6118  val_ag=0.2676  val_all=0.4523
Ep006  LR0=1.97e-04  pw=11.17  aucα=0.000  token_p=0.020  dropE=(0.020,0.080)  smooth=0.010  train_loss=0.5786  train_AUPR_all=0.4841  train_AUPR_ab=0.5591  train_AUPR_ag=0.3325  train_P@5_ab=0.6000  train_P@5_ag=0.8500  val_loss=0.7859  val_AUPR_all=0.4854  val_AUPR_ab=0.6338  val_AUPR_ag=0.2799  val_P@5_ab=0.8500  val_P@5_ag=0.7500  select=0.4569
  Saved checkpoint: checkpoints_CERS/iPara_balanced_l1_g10_i4_do0.10_dpr0.10_lr0.0002_heads16_fold5.pth  select=0.4569  val_ab=0.6338  val_ag=0.2799  val_all=0.4854
Ep007  LR0=1.95e-04  pw=9.97  aucα=0.000  token_p=0.020  dropE=(0.020,0.080)  smooth=0.010  train_loss=0.5395  train_AUPR_all=0.4892  train_AUPR_ab=0.5582  train_AUPR_ag=0.3425  train_P@5_ab=0.5000  train_P@5_ag=0.9000  val_loss=0.8357  val_AUPR_all=0.5000  val_AUPR_ab=0.6407  val_AUPR_ag=0.2927  val_P@5_ab=0.6500  val_P@5_ag=0.8000  select=0.4667
  Saved checkpoint: checkpoints_CERS/iPara_balanced_l1_g10_i4_do0.10_dpr0.10_lr0.0002_heads16_fold5.pth  select=0.4667  val_ab=0.6407  val_ag=0.2927  val_all=0.5000
Ep008  LR0=1.93e-04  pw=8.92  aucα=0.000  token_p=0.020  dropE=(0.020,0.080)  smooth=0.010  train_loss=0.4984  train_AUPR_all=0.5045  train_AUPR_ab=0.5977  train_AUPR_ag=0.3407  train_P@5_ab=0.7500  train_P@5_ag=0.9500  val_loss=0.7678  val_AUPR_all=0.4710  val_AUPR_ab=0.6470  val_AUPR_ag=0.2713  val_P@5_ab=0.7000  val_P@5_ag=0.9000  select=0.4592
Ep009  LR0=1.91e-04  pw=7.99  aucα=0.000  token_p=0.020  dropE=(0.020,0.080)  smooth=0.010  train_loss=0.4629  train_AUPR_all=0.5228  train_AUPR_ab=0.6111  train_AUPR_ag=0.3547  train_P@5_ab=0.8000  train_P@5_ag=0.7500  val_loss=0.6476  val_AUPR_all=0.5324  val_AUPR_ab=0.6709  val_AUPR_ag=0.3235  val_P@5_ab=0.9000  val_P@5_ag=0.8000  select=0.4972
  Saved checkpoint: checkpoints_CERS/iPara_balanced_l1_g10_i4_do0.10_dpr0.10_lr0.0002_heads16_fold5.pth  select=0.4972  val_ab=0.6709  val_ag=0.3235  val_all=0.5324
Ep010  LR0=1.89e-04  pw=7.17  aucα=0.030  token_p=0.020  dropE=(0.020,0.080)  smooth=0.010  train_loss=0.4458  train_AUPR_all=0.5393  train_AUPR_ab=0.6358  train_AUPR_ag=0.3681  train_P@5_ab=0.8000  train_P@5_ag=0.7500  val_loss=0.6747  val_AUPR_all=0.4968  val_AUPR_ab=0.6551  val_AUPR_ag=0.2943  val_P@5_ab=0.8500  val_P@5_ag=0.9000  select=0.4747
Ep011  LR0=1.87e-04  pw=6.44  aucα=0.060  token_p=0.020  dropE=(0.020,0.080)  smooth=0.010  train_loss=0.4389  train_AUPR_all=0.5487  train_AUPR_ab=0.6443  train_AUPR_ag=0.3770  train_P@5_ab=0.5500  train_P@5_ag=1.0000  val_loss=0.6386  val_AUPR_all=0.4666  val_AUPR_ab=0.7061  val_AUPR_ag=0.2614  val_P@5_ab=0.9000  val_P@5_ag=0.6500  select=0.4838
Ep012  LR0=1.84e-04  pw=5.80  aucα=0.090  token_p=0.020  dropE=(0.020,0.080)  smooth=0.010  train_loss=0.4260  train_AUPR_all=0.5518  train_AUPR_ab=0.6511  train_AUPR_ag=0.3771  train_P@5_ab=0.9500  train_P@5_ag=0.7000  val_loss=0.6182  val_AUPR_all=0.4532  val_AUPR_ab=0.6909  val_AUPR_ag=0.2526  val_P@5_ab=0.9500  val_P@5_ag=0.8500  select=0.4717
Ep013  LR0=1.81e-04  pw=5.24  aucα=0.120  token_p=0.020  dropE=(0.020,0.080)  smooth=0.010  train_loss=0.4183  train_AUPR_all=0.5645  train_AUPR_ab=0.6654  train_AUPR_ag=0.3929  train_P@5_ab=0.8500  train_P@5_ag=0.8500  val_loss=0.5920  val_AUPR_all=0.4173  val_AUPR_ab=0.6812  val_AUPR_ag=0.2519  val_P@5_ab=0.8500  val_P@5_ag=0.8500  select=0.4665
Ep014  LR0=1.78e-04  pw=4.74  aucα=0.150  token_p=0.020  dropE=(0.020,0.080)  smooth=0.010  train_loss=0.4055  train_AUPR_all=0.5727  train_AUPR_ab=0.6753  train_AUPR_ag=0.3968  train_P@5_ab=0.8000  train_P@5_ag=0.9500  val_loss=0.5235  val_AUPR_all=0.5436  val_AUPR_ab=0.7109  val_AUPR_ag=0.3058  val_P@5_ab=1.0000  val_P@5_ag=0.7500  select=0.5083
  Saved checkpoint: checkpoints_CERS/iPara_balanced_l1_g10_i4_do0.10_dpr0.10_lr0.0002_heads16_fold5.pth  select=0.5083  val_ab=0.7109  val_ag=0.3058  val_all=0.5436
Ep015  LR0=1.74e-04  pw=4.30  aucα=0.180  token_p=0.020  dropE=(0.020,0.080)  smooth=0.010  train_loss=0.4039  train_AUPR_all=0.5795  train_AUPR_ab=0.6847  train_AUPR_ag=0.4039  train_P@5_ab=0.9000  train_P@5_ag=0.9500  val_loss=0.5070  val_AUPR_all=0.4846  val_AUPR_ab=0.6889  val_AUPR_ag=0.2915  val_P@5_ab=0.7500  val_P@5_ag=0.9000  select=0.4902
Ep016  LR0=1.71e-04  pw=3.91  aucα=0.210  token_p=0.020  dropE=(0.020,0.080)  smooth=0.010  train_loss=0.3944  train_AUPR_all=0.5865  train_AUPR_ab=0.6912  train_AUPR_ag=0.4119  train_P@5_ab=1.0000  train_P@5_ag=0.9000  val_loss=0.4970  val_AUPR_all=0.5004  val_AUPR_ab=0.7061  val_AUPR_ag=0.2633  val_P@5_ab=0.9000  val_P@5_ag=0.9500  select=0.4847
Ep017  LR0=1.67e-04  pw=3.57  aucα=0.240  token_p=0.020  dropE=(0.020,0.080)  smooth=0.010  train_loss=0.3888  train_AUPR_all=0.6003  train_AUPR_ab=0.7028  train_AUPR_ag=0.4329  train_P@5_ab=0.8500  train_P@5_ag=0.9000  val_loss=0.4438  val_AUPR_all=0.5594  val_AUPR_ab=0.7262  val_AUPR_ag=0.3211  val_P@5_ab=1.0000  val_P@5_ag=1.0000  select=0.5237
  Saved checkpoint: checkpoints_CERS/iPara_balanced_l1_g10_i4_do0.10_dpr0.10_lr0.0002_heads16_fold5.pth  select=0.5237  val_ab=0.7262  val_ag=0.3211  val_all=0.5594
Ep018  LR0=1.63e-04  pw=3.27  aucα=0.270  token_p=0.020  dropE=(0.020,0.080)  smooth=0.010  train_loss=0.3808  train_AUPR_all=0.6084  train_AUPR_ab=0.7137  train_AUPR_ag=0.4381  train_P@5_ab=0.9500  train_P@5_ag=0.7500  val_loss=0.4673  val_AUPR_all=0.4232  val_AUPR_ab=0.7268  val_AUPR_ag=0.2260  val_P@5_ab=1.0000  val_P@5_ag=1.0000  select=0.4764
Ep019  LR0=1.59e-04  pw=3.00  aucα=0.300  token_p=0.020  dropE=(0.020,0.080)  smooth=0.010  train_loss=0.3779  train_AUPR_all=0.6156  train_AUPR_ab=0.7217  train_AUPR_ag=0.4437  train_P@5_ab=0.9000  train_P@5_ag=0.9000  val_loss=0.4462  val_AUPR_all=0.4491  val_AUPR_ab=0.7339  val_AUPR_ag=0.2079  val_P@5_ab=1.0000  val_P@5_ag=0.9500  select=0.4709
Ep020  LR0=1.55e-04  pw=2.77  aucα=0.300  token_p=0.020  dropE=(0.020,0.080)  smooth=0.010  train_loss=0.3577  train_AUPR_all=0.6264  train_AUPR_ab=0.7315  train_AUPR_ag=0.4556  train_P@5_ab=1.0000  train_P@5_ag=0.8000  val_loss=0.4070  val_AUPR_all=0.5736  val_AUPR_ab=0.7387  val_AUPR_ag=0.3268  val_P@5_ab=1.0000  val_P@5_ag=0.9500  select=0.5328
  Saved checkpoint: checkpoints_CERS/iPara_balanced_l1_g10_i4_do0.10_dpr0.10_lr0.0002_heads16_fold5.pth  select=0.5328  val_ab=0.7387  val_ag=0.3268  val_all=0.5736
Ep021  LR0=1.50e-04  pw=2.56  aucα=0.300  token_p=0.020  dropE=(0.020,0.080)  smooth=0.010  train_loss=0.3444  train_AUPR_all=0.6328  train_AUPR_ab=0.7350  train_AUPR_ag=0.4681  train_P@5_ab=0.9500  train_P@5_ag=1.0000  val_loss=0.4318  val_AUPR_all=0.5126  val_AUPR_ab=0.7223  val_AUPR_ag=0.2709  val_P@5_ab=1.0000  val_P@5_ag=0.8000  select=0.4966
Ep022  LR0=1.46e-04  pw=2.38  aucα=0.300  token_p=0.020  dropE=(0.020,0.080)  smooth=0.010  train_loss=0.3297  train_AUPR_all=0.6407  train_AUPR_ab=0.7416  train_AUPR_ag=0.4776  train_P@5_ab=0.9500  train_P@5_ag=1.0000  val_loss=0.3958  val_AUPR_all=0.5353  val_AUPR_ab=0.7321  val_AUPR_ag=0.2914  val_P@5_ab=1.0000  val_P@5_ag=0.9500  select=0.5118
Ep023  LR0=1.41e-04  pw=2.21  aucα=0.300  token_p=0.020  dropE=(0.020,0.080)  smooth=0.010  train_loss=0.3176  train_AUPR_all=0.6443  train_AUPR_ab=0.7431  train_AUPR_ag=0.4879  train_P@5_ab=1.0000  train_P@5_ag=0.9500  val_loss=0.3809  val_AUPR_all=0.5617  val_AUPR_ab=0.7357  val_AUPR_ag=0.3069  val_P@5_ab=1.0000  val_P@5_ag=0.8500  select=0.5213
Ep024  LR0=1.36e-04  pw=2.07  aucα=0.300  token_p=0.020  dropE=(0.020,0.080)  smooth=0.010  train_loss=0.3056  train_AUPR_all=0.6537  train_AUPR_ab=0.7516  train_AUPR_ag=0.4995  train_P@5_ab=0.9500  train_P@5_ag=0.9000  val_loss=0.3614  val_AUPR_all=0.5760  val_AUPR_ab=0.7481  val_AUPR_ag=0.3263  val_P@5_ab=0.9000  val_P@5_ag=1.0000  select=0.5372
  Saved checkpoint: checkpoints_CERS/iPara_balanced_l1_g10_i4_do0.10_dpr0.10_lr0.0002_heads16_fold5.pth  select=0.5372  val_ab=0.7481  val_ag=0.3263  val_all=0.5760
Ep025  LR0=1.31e-04  pw=1.95  aucα=0.300  token_p=0.020  dropE=(0.020,0.080)  smooth=0.010  train_loss=0.2925  train_AUPR_all=0.6642  train_AUPR_ab=0.7556  train_AUPR_ag=0.5198  train_P@5_ab=0.9500  train_P@5_ag=1.0000  val_loss=0.3487  val_AUPR_all=0.5984  val_AUPR_ab=0.7534  val_AUPR_ag=0.3659  val_P@5_ab=1.0000  val_P@5_ag=0.9500  select=0.5597
  Saved checkpoint: checkpoints_CERS/iPara_balanced_l1_g10_i4_do0.10_dpr0.10_lr0.0002_heads16_fold5.pth  select=0.5597  val_ab=0.7534  val_ag=0.3659  val_all=0.5984
Ep026  LR0=1.26e-04  pw=1.83  aucα=0.300  token_p=0.020  dropE=(0.020,0.080)  smooth=0.010  train_loss=0.2784  train_AUPR_all=0.6786  train_AUPR_ab=0.7697  train_AUPR_ag=0.5354  train_P@5_ab=1.0000  train_P@5_ag=0.9500  val_loss=0.3540  val_AUPR_all=0.5568  val_AUPR_ab=0.7502  val_AUPR_ag=0.3387  val_P@5_ab=1.0000  val_P@5_ag=1.0000  select=0.5444
Ep027  LR0=1.21e-04  pw=1.74  aucα=0.300  token_p=0.020  dropE=(0.020,0.080)  smooth=0.010  train_loss=0.2677  train_AUPR_all=0.6862  train_AUPR_ab=0.7742  train_AUPR_ag=0.5485  train_P@5_ab=0.9500  train_P@5_ag=0.8500  val_loss=0.3449  val_AUPR_all=0.5738  val_AUPR_ab=0.7419  val_AUPR_ag=0.3364  val_P@5_ab=1.0000  val_P@5_ag=0.8500  select=0.5392
Ep028  LR0=1.16e-04  pw=1.65  aucα=0.300  token_p=0.020  dropE=(0.020,0.080)  smooth=0.010  train_loss=0.2619  train_AUPR_all=0.6876  train_AUPR_ab=0.7743  train_AUPR_ag=0.5519  train_P@5_ab=1.0000  train_P@5_ag=0.9500  val_loss=0.3477  val_AUPR_all=0.5708  val_AUPR_ab=0.7550  val_AUPR_ag=0.3265  val_P@5_ab=1.0000  val_P@5_ag=0.8000  select=0.5407
Ep029  LR0=1.11e-04  pw=1.57  aucα=0.300  token_p=0.020  dropE=(0.020,0.080)  smooth=0.010  train_loss=0.2463  train_AUPR_all=0.7091  train_AUPR_ab=0.7889  train_AUPR_ag=0.5863  train_P@5_ab=1.0000  train_P@5_ag=1.0000  val_loss=0.3502  val_AUPR_all=0.5721  val_AUPR_ab=0.7482  val_AUPR_ag=0.3450  val_P@5_ab=1.0000  val_P@5_ag=0.9000  select=0.5466
Ep030  LR0=1.05e-04  pw=1.51  aucα=0.300  token_p=0.020  dropE=(0.020,0.080)  smooth=0.010  train_loss=0.2393  train_AUPR_all=0.7152  train_AUPR_ab=0.7927  train_AUPR_ag=0.5964  train_P@5_ab=0.9500  train_P@5_ag=1.0000  val_loss=0.3398  val_AUPR_all=0.5757  val_AUPR_ab=0.7407  val_AUPR_ag=0.3486  val_P@5_ab=1.0000  val_P@5_ag=0.9500  select=0.5447
Ep031  LR0=1.00e-04  pw=1.45  aucα=0.300  token_p=0.020  dropE=(0.020,0.080)  smooth=0.010  train_loss=0.2342  train_AUPR_all=0.7180  train_AUPR_ab=0.7921  train_AUPR_ag=0.6060  train_P@5_ab=1.0000  train_P@5_ag=0.9500  val_loss=0.3230  val_AUPR_all=0.5979  val_AUPR_ab=0.7496  val_AUPR_ag=0.3724  val_P@5_ab=1.0000  val_P@5_ag=1.0000  select=0.5610
  Saved checkpoint: checkpoints_CERS/iPara_balanced_l1_g10_i4_do0.10_dpr0.10_lr0.0002_heads16_fold5.pth  select=0.5610  val_ab=0.7496  val_ag=0.3724  val_all=0.5979
Ep032  LR0=9.50e-05  pw=1.39  aucα=0.300  token_p=0.020  dropE=(0.020,0.080)  smooth=0.010  train_loss=0.2281  train_AUPR_all=0.7237  train_AUPR_ab=0.7961  train_AUPR_ag=0.6142  train_P@5_ab=1.0000  train_P@5_ag=0.9000  val_loss=0.3285  val_AUPR_all=0.5902  val_AUPR_ab=0.7545  val_AUPR_ag=0.3695  val_P@5_ab=1.0000  val_P@5_ag=0.9500  select=0.5620
  Saved checkpoint: checkpoints_CERS/iPara_balanced_l1_g10_i4_do0.10_dpr0.10_lr0.0002_heads16_fold5.pth  select=0.5620  val_ab=0.7545  val_ag=0.3695  val_all=0.5902
Ep033  LR0=8.98e-05  pw=1.35  aucα=0.300  token_p=0.020  dropE=(0.020,0.080)  smooth=0.010  train_loss=0.2222  train_AUPR_all=0.7311  train_AUPR_ab=0.8023  train_AUPR_ag=0.6234  train_P@5_ab=1.0000  train_P@5_ag=1.0000  val_loss=0.3335  val_AUPR_all=0.5830  val_AUPR_ab=0.7574  val_AUPR_ag=0.3529  val_P@5_ab=1.0000  val_P@5_ag=1.0000  select=0.5551
Ep034  LR0=8.46e-05  pw=1.31  aucα=0.300  token_p=0.020  dropE=(0.020,0.080)  smooth=0.010  train_loss=0.2113  train_AUPR_all=0.7457  train_AUPR_ab=0.8105  train_AUPR_ag=0.6482  train_P@5_ab=0.9500  train_P@5_ag=0.9000  val_loss=0.3266  val_AUPR_all=0.5790  val_AUPR_ab=0.7519  val_AUPR_ag=0.3717  val_P@5_ab=0.9000  val_P@5_ag=0.9500  select=0.5618
Ep035  LR0=7.95e-05  pw=1.27  aucα=0.300  token_p=0.020  dropE=(0.020,0.080)  smooth=0.010  train_loss=0.2038  train_AUPR_all=0.7552  train_AUPR_ab=0.8199  train_AUPR_ag=0.6580  train_P@5_ab=1.0000  train_P@5_ag=0.9000  val_loss=0.3212  val_AUPR_all=0.5772  val_AUPR_ab=0.7459  val_AUPR_ag=0.3473  val_P@5_ab=0.9500  val_P@5_ag=0.8000  select=0.5466
Ep036  LR0=7.44e-05  pw=1.24  aucα=0.300  token_p=0.020  dropE=(0.020,0.080)  smooth=0.010  train_loss=0.2022  train_AUPR_all=0.7554  train_AUPR_ab=0.8188  train_AUPR_ag=0.6606  train_P@5_ab=1.0000  train_P@5_ag=1.0000  val_loss=0.3234  val_AUPR_all=0.5784  val_AUPR_ab=0.7486  val_AUPR_ag=0.3583  val_P@5_ab=1.0000  val_P@5_ag=1.0000  select=0.5535
Ep037  LR0=6.94e-05  pw=1.21  aucα=0.300  token_p=0.020  dropE=(0.020,0.080)  smooth=0.010  train_loss=0.1972  train_AUPR_all=0.7625  train_AUPR_ab=0.8231  train_AUPR_ag=0.6717  train_P@5_ab=1.0000  train_P@5_ag=0.9000  val_loss=0.3264  val_AUPR_all=0.5776  val_AUPR_ab=0.7374  val_AUPR_ag=0.3554  val_P@5_ab=0.9500  val_P@5_ag=0.8500  select=0.5464
Ep038  LR0=6.45e-05  pw=1.19  aucα=0.300  token_p=0.020  dropE=(0.020,0.080)  smooth=0.010  train_loss=0.1886  train_AUPR_all=0.7760  train_AUPR_ab=0.8332  train_AUPR_ag=0.6917  train_P@5_ab=1.0000  train_P@5_ag=1.0000  val_loss=0.3322  val_AUPR_all=0.5723  val_AUPR_ab=0.7475  val_AUPR_ag=0.3601  val_P@5_ab=0.9500  val_P@5_ag=0.9500  select=0.5538
Ep039  LR0=5.97e-05  pw=1.16  aucα=0.300  token_p=0.020  dropE=(0.020,0.080)  smooth=0.010  train_loss=0.1858  train_AUPR_all=0.7789  train_AUPR_ab=0.8334  train_AUPR_ag=0.6982  train_P@5_ab=1.0000  train_P@5_ag=1.0000  val_loss=0.3220  val_AUPR_all=0.5812  val_AUPR_ab=0.7472  val_AUPR_ag=0.3547  val_P@5_ab=1.0000  val_P@5_ag=0.9500  select=0.5509
Ep040  LR0=5.50e-05  pw=1.15  aucα=0.300  token_p=0.020  dropE=(0.020,0.080)  smooth=0.010  train_loss=0.1848  train_AUPR_all=0.7790  train_AUPR_ab=0.8331  train_AUPR_ag=0.6993  train_P@5_ab=1.0000  train_P@5_ag=1.0000  val_loss=0.3203  val_AUPR_all=0.5702  val_AUPR_ab=0.7415  val_AUPR_ag=0.3582  val_P@5_ab=0.9000  val_P@5_ag=0.9500  select=0.5499
Ep041  LR0=5.04e-05  pw=1.13  aucα=0.300  token_p=0.020  dropE=(0.020,0.080)  smooth=0.010  train_loss=0.1798  train_AUPR_all=0.7872  train_AUPR_ab=0.8400  train_AUPR_ag=0.7093  train_P@5_ab=1.0000  train_P@5_ag=1.0000  val_loss=0.3252  val_AUPR_all=0.5678  val_AUPR_ab=0.7409  val_AUPR_ag=0.3483  val_P@5_ab=0.9000  val_P@5_ag=0.9500  select=0.5446
Ep042  LR0=4.59e-05  pw=1.11  aucα=0.300  token_p=0.020  dropE=(0.020,0.080)  smooth=0.010  train_loss=0.1741  train_AUPR_all=0.7956  train_AUPR_ab=0.8448  train_AUPR_ag=0.7229  train_P@5_ab=1.0000  train_P@5_ag=1.0000  val_loss=0.3295  val_AUPR_all=0.5728  val_AUPR_ab=0.7473  val_AUPR_ag=0.3582  val_P@5_ab=0.9000  val_P@5_ag=0.9500  select=0.5527
Ep043  LR0=4.16e-05  pw=1.10  aucα=0.300  token_p=0.020  dropE=(0.020,0.080)  smooth=0.010  train_loss=0.1730  train_AUPR_all=0.7975  train_AUPR_ab=0.8480  train_AUPR_ag=0.7232  train_P@5_ab=1.0000  train_P@5_ag=0.9500  val_loss=0.3258  val_AUPR_all=0.5689  val_AUPR_ab=0.7480  val_AUPR_ag=0.3408  val_P@5_ab=0.9000  val_P@5_ag=0.8500  select=0.5444
Ep044  LR0=3.75e-05  pw=1.09  aucα=0.300  token_p=0.020  dropE=(0.020,0.080)  smooth=0.010  train_loss=0.1669  train_AUPR_all=0.8081  train_AUPR_ab=0.8563  train_AUPR_ag=0.7365  train_P@5_ab=1.0000  train_P@5_ag=1.0000  val_loss=0.3261  val_AUPR_all=0.5710  val_AUPR_ab=0.7443  val_AUPR_ag=0.3503  val_P@5_ab=0.9500  val_P@5_ag=0.9000  select=0.5473
Ep045  LR0=3.35e-05  pw=1.08  aucα=0.300  token_p=0.020  dropE=(0.020,0.080)  smooth=0.010  train_loss=0.1633  train_AUPR_all=0.8127  train_AUPR_ab=0.8577  train_AUPR_ag=0.7466  train_P@5_ab=1.0000  train_P@5_ag=1.0000  val_loss=0.3209  val_AUPR_all=0.5739  val_AUPR_ab=0.7407  val_AUPR_ag=0.3545  val_P@5_ab=0.9500  val_P@5_ag=1.0000  select=0.5476
Ep046  LR0=2.97e-05  pw=1.07  aucα=0.300  token_p=0.020  dropE=(0.020,0.080)  smooth=0.010  train_loss=0.1650  train_AUPR_all=0.8079  train_AUPR_ab=0.8537  train_AUPR_ag=0.7409  train_P@5_ab=1.0000  train_P@5_ag=1.0000  val_loss=0.3315  val_AUPR_all=0.5710  val_AUPR_ab=0.7457  val_AUPR_ag=0.3504  val_P@5_ab=0.9500  val_P@5_ag=0.9500  select=0.5480
Ep047  LR0=2.61e-05  pw=1.06  aucα=0.300  token_p=0.020  dropE=(0.020,0.080)  smooth=0.010  train_loss=0.1603  train_AUPR_all=0.8156  train_AUPR_ab=0.8622  train_AUPR_ag=0.7466  train_P@5_ab=1.0000  train_P@5_ag=1.0000  val_loss=0.3299  val_AUPR_all=0.5668  val_AUPR_ab=0.7411  val_AUPR_ag=0.3498  val_P@5_ab=0.9000  val_P@5_ag=0.9000  select=0.5455
Ep048  LR0=2.27e-05  pw=1.05  aucα=0.300  token_p=0.020  dropE=(0.020,0.080)  smooth=0.010  train_loss=0.1597  train_AUPR_all=0.8180  train_AUPR_ab=0.8613  train_AUPR_ag=0.7547  train_P@5_ab=1.0000  train_P@5_ag=1.0000  val_loss=0.3299  val_AUPR_all=0.5635  val_AUPR_ab=0.7392  val_AUPR_ag=0.3473  val_P@5_ab=0.9000  val_P@5_ag=0.8000  select=0.5432
Ep049  LR0=1.96e-05  pw=1.05  aucα=0.300  token_p=0.020  dropE=(0.020,0.080)  smooth=0.010  train_loss=0.1596  train_AUPR_all=0.8159  train_AUPR_ab=0.8629  train_AUPR_ag=0.7460  train_P@5_ab=0.9500  train_P@5_ag=1.0000  val_loss=0.3270  val_AUPR_all=0.5687  val_AUPR_ab=0.7376  val_AUPR_ag=0.3610  val_P@5_ab=0.9000  val_P@5_ag=0.9000  select=0.5493
Ep050  LR0=1.66e-05  pw=1.04  aucα=0.300  token_p=0.020  dropE=(0.020,0.080)  smooth=0.010  train_loss=0.1543  train_AUPR_all=0.8267  train_AUPR_ab=0.8709  train_AUPR_ag=0.7615  train_P@5_ab=0.9500  train_P@5_ag=1.0000  val_loss=0.3290  val_AUPR_all=0.5559  val_AUPR_ab=0.7404  val_AUPR_ag=0.3493  val_P@5_ab=0.9000  val_P@5_ag=0.9000  select=0.5449
Ep051  LR0=1.39e-05  pw=1.04  aucα=0.300  token_p=0.020  dropE=(0.020,0.080)  smooth=0.010  train_loss=0.1523  train_AUPR_all=0.8287  train_AUPR_ab=0.8714  train_AUPR_ag=0.7656  train_P@5_ab=0.9500  train_P@5_ag=1.0000  val_loss=0.3316  val_AUPR_all=0.5649  val_AUPR_ab=0.7405  val_AUPR_ag=0.3515  val_P@5_ab=0.9000  val_P@5_ag=0.9000  select=0.5460
Ep052  LR0=1.14e-05  pw=1.03  aucα=0.300  token_p=0.020  dropE=(0.020,0.080)  smooth=0.010  train_loss=0.1525  train_AUPR_all=0.8276  train_AUPR_ab=0.8700  train_AUPR_ag=0.7653  train_P@5_ab=1.0000  train_P@5_ag=0.9500  val_loss=0.3248  val_AUPR_all=0.5670  val_AUPR_ab=0.7385  val_AUPR_ag=0.3528  val_P@5_ab=0.9000  val_P@5_ag=0.9000  select=0.5457
Early stopping at epoch 52. Best select=0.5620 at epoch 32.
Final saved checkpoint for fold 5: checkpoints_CERS/iPara_balanced_l1_g10_i4_do0.10_dpr0.10_lr0.0002_heads16_fold5.pth
Best select=0.5620 at epoch 32
