Device: cuda
Visible GPUs: 1
GPU 0: NVIDIA RTX PRO 6000 Blackwell Server Edition
Config:
  sequence_file: para_tv_esmsequences_1600.npz
  data_file: para_tv_esminterfaces_1600.npz
  edge_file: para_tv_esmedges_1600.npz
  seq_len: 1600
  vocab_size: 31
  num_classes: 2
  pad_id: 1
  eoc_id: 24
  embed_dim: 256
  num_heads: 16
  num_layers: 1
  num_gnn_layers: 9
  num_int_layers: 4
  dropout: 0.1
  drop_path_rate: 0.1
  batch_size: 4
  num_epochs: 70
  warmup_epochs: 10
  min_stop_epoch: 45
  early_stop: 20
  learning_rate: 0.0002
  weight_decay: 0.0001
  max_grad_norm: 0.5
  accum_steps: 1
  amp: True
  weight_start: 20.0
  weight_end: 1.0
  weight_anneal_tau: 8.0
  dropedge_min: 0.02
  dropedge_max: 0.08
  token_drop_p: 0.02
  smooth_lambda: 0.01
  aucpr_alpha: 0.3
  aucpr_ramp_start: 10
  aucpr_ramp_len: 10
  aucpr_bins: 64
  aucpr_temp: 0.05
  antibody_loss_weight: 1.0
  antigen_loss_weight: 1.0
  n_splits: 5
  num_workers: 0
  select_ab_weight: 0.5
  select_ag_weight: 0.5
Dataset size: 858

==========================================================================================
Fold 1/5
==========================================================================================
Train labels: valid=399467, pos=26433, neg=373034, ignore=698133, pos_frac=0.06617
Val labels: valid=100725, pos=6797, neg=93928, ignore=174475, pos_frac=0.06748
Initializing ClassificationModel with 9 GAT layers and residual connections...
Initializing MCModel with 9 GAT layers and 4 row attention layers (drop_path_rate=0.1)
Initializing CoreModel with 1 layers, drop_path_rate=0.1
Ep001  LR0=2.00e-04  pw=20.00  aucα=0.000  token_p=0.020  dropE=(0.020,0.080)  smooth=0.010  train_loss=1.1523  train_AUPR_all=0.2717  train_AUPR_ab=0.3332  train_AUPR_ag=0.1936  train_P@5_ab=0.6000  train_P@5_ag=0.9000  val_loss=1.1400  val_AUPR_all=0.4193  val_AUPR_ab=0.5071  val_AUPR_ag=0.2810  val_P@5_ab=0.7500  val_P@5_ag=0.9000  select=0.3940
  Saved checkpoint: checkpoints_old/iPara_balanced_l1_g9_i4_do0.10_dpr0.10_lr0.0002_heads16_fold1.pth  select=0.3940  val_ab=0.5071  val_ag=0.2810  val_all=0.4193
Ep002  LR0=2.00e-04  pw=17.77  aucα=0.000  token_p=0.020  dropE=(0.020,0.080)  smooth=0.010  train_loss=0.7872  train_AUPR_all=0.3926  train_AUPR_ab=0.4691  train_AUPR_ag=0.2619  train_P@5_ab=0.6000  train_P@5_ag=0.7500  val_loss=1.0002  val_AUPR_all=0.4501  val_AUPR_ab=0.5344  val_AUPR_ag=0.3166  val_P@5_ab=0.7000  val_P@5_ag=0.9000  select=0.4255
  Saved checkpoint: checkpoints_old/iPara_balanced_l1_g9_i4_do0.10_dpr0.10_lr0.0002_heads16_fold1.pth  select=0.4255  val_ab=0.5344  val_ag=0.3166  val_all=0.4501
Ep003  LR0=2.00e-04  pw=15.80  aucα=0.000  token_p=0.020  dropE=(0.020,0.080)  smooth=0.010  train_loss=0.7104  train_AUPR_all=0.4289  train_AUPR_ab=0.5179  train_AUPR_ag=0.2765  train_P@5_ab=0.7000  train_P@5_ag=0.9500  val_loss=0.8905  val_AUPR_all=0.4880  val_AUPR_ab=0.5592  val_AUPR_ag=0.3424  val_P@5_ab=0.6500  val_P@5_ag=0.9500  select=0.4508
  Saved checkpoint: checkpoints_old/iPara_balanced_l1_g9_i4_do0.10_dpr0.10_lr0.0002_heads16_fold1.pth  select=0.4508  val_ab=0.5592  val_ag=0.3424  val_all=0.4880
Ep004  LR0=1.99e-04  pw=14.06  aucα=0.000  token_p=0.020  dropE=(0.020,0.080)  smooth=0.010  train_loss=0.6503  train_AUPR_all=0.4568  train_AUPR_ab=0.5300  train_AUPR_ag=0.3224  train_P@5_ab=0.8000  train_P@5_ag=0.7000  val_loss=0.8105  val_AUPR_all=0.5211  val_AUPR_ab=0.6232  val_AUPR_ag=0.3623  val_P@5_ab=0.7500  val_P@5_ag=0.9500  select=0.4928
  Saved checkpoint: checkpoints_old/iPara_balanced_l1_g9_i4_do0.10_dpr0.10_lr0.0002_heads16_fold1.pth  select=0.4928  val_ab=0.6232  val_ag=0.3623  val_all=0.5211
Ep005  LR0=1.98e-04  pw=12.52  aucα=0.000  token_p=0.020  dropE=(0.020,0.080)  smooth=0.010  train_loss=0.5987  train_AUPR_all=0.4898  train_AUPR_ab=0.5768  train_AUPR_ag=0.3314  train_P@5_ab=0.6000  train_P@5_ag=0.8000  val_loss=0.8309  val_AUPR_all=0.5219  val_AUPR_ab=0.6346  val_AUPR_ag=0.3536  val_P@5_ab=0.9000  val_P@5_ag=0.8000  select=0.4941
  Saved checkpoint: checkpoints_old/iPara_balanced_l1_g9_i4_do0.10_dpr0.10_lr0.0002_heads16_fold1.pth  select=0.4941  val_ab=0.6346  val_ag=0.3536  val_all=0.5219
Ep006  LR0=1.97e-04  pw=11.17  aucα=0.000  token_p=0.020  dropE=(0.020,0.080)  smooth=0.010  train_loss=0.5599  train_AUPR_all=0.4927  train_AUPR_ab=0.5752  train_AUPR_ag=0.3427  train_P@5_ab=0.7500  train_P@5_ag=0.9500  val_loss=0.7772  val_AUPR_all=0.5244  val_AUPR_ab=0.6205  val_AUPR_ag=0.3574  val_P@5_ab=0.6000  val_P@5_ag=1.0000  select=0.4889
Ep007  LR0=1.96e-04  pw=9.97  aucα=0.000  token_p=0.020  dropE=(0.020,0.080)  smooth=0.010  train_loss=0.5147  train_AUPR_all=0.5139  train_AUPR_ab=0.5972  train_AUPR_ag=0.3642  train_P@5_ab=0.7000  train_P@5_ag=0.8500  val_loss=0.7745  val_AUPR_all=0.5326  val_AUPR_ab=0.6404  val_AUPR_ag=0.3563  val_P@5_ab=0.8500  val_P@5_ag=1.0000  select=0.4984
  Saved checkpoint: checkpoints_old/iPara_balanced_l1_g9_i4_do0.10_dpr0.10_lr0.0002_heads16_fold1.pth  select=0.4984  val_ab=0.6404  val_ag=0.3563  val_all=0.5326
Ep008  LR0=1.95e-04  pw=8.92  aucα=0.000  token_p=0.020  dropE=(0.020,0.080)  smooth=0.010  train_loss=0.4840  train_AUPR_all=0.5193  train_AUPR_ab=0.6032  train_AUPR_ag=0.3671  train_P@5_ab=0.7000  train_P@5_ag=0.9000  val_loss=0.6821  val_AUPR_all=0.5482  val_AUPR_ab=0.6401  val_AUPR_ag=0.3730  val_P@5_ab=0.7000  val_P@5_ag=0.9000  select=0.5065
  Saved checkpoint: checkpoints_old/iPara_balanced_l1_g9_i4_do0.10_dpr0.10_lr0.0002_heads16_fold1.pth  select=0.5065  val_ab=0.6401  val_ag=0.3730  val_all=0.5482
Ep009  LR0=1.94e-04  pw=7.99  aucα=0.000  token_p=0.020  dropE=(0.020,0.080)  smooth=0.010  train_loss=0.4582  train_AUPR_all=0.5262  train_AUPR_ab=0.6147  train_AUPR_ag=0.3697  train_P@5_ab=0.9000  train_P@5_ag=0.8500  val_loss=0.6413  val_AUPR_all=0.5541  val_AUPR_ab=0.6675  val_AUPR_ag=0.3704  val_P@5_ab=0.9000  val_P@5_ag=0.9500  select=0.5189
  Saved checkpoint: checkpoints_old/iPara_balanced_l1_g9_i4_do0.10_dpr0.10_lr0.0002_heads16_fold1.pth  select=0.5189  val_ab=0.6675  val_ag=0.3704  val_all=0.5541
Ep010  LR0=1.92e-04  pw=7.17  aucα=0.030  token_p=0.020  dropE=(0.020,0.080)  smooth=0.010  train_loss=0.4407  train_AUPR_all=0.5383  train_AUPR_ab=0.6265  train_AUPR_ag=0.3806  train_P@5_ab=0.7500  train_P@5_ag=0.8500  val_loss=0.6357  val_AUPR_all=0.5424  val_AUPR_ab=0.6487  val_AUPR_ag=0.3565  val_P@5_ab=0.8000  val_P@5_ag=1.0000  select=0.5026
Unfreezing DyM parameters.
Ep011  LR0=1.90e-04  pw=6.44  aucα=0.060  token_p=0.020  dropE=(0.020,0.080)  smooth=0.010  train_loss=0.4276  train_AUPR_all=0.5502  train_AUPR_ab=0.6364  train_AUPR_ag=0.3951  train_P@5_ab=0.7000  train_P@5_ag=0.9000  val_loss=0.6788  val_AUPR_all=0.5486  val_AUPR_ab=0.6696  val_AUPR_ag=0.3576  val_P@5_ab=1.0000  val_P@5_ag=0.9500  select=0.5136
Ep012  LR0=1.88e-04  pw=5.80  aucα=0.090  token_p=0.020  dropE=(0.020,0.080)  smooth=0.010  train_loss=0.4171  train_AUPR_all=0.5562  train_AUPR_ab=0.6548  train_AUPR_ag=0.3923  train_P@5_ab=0.8500  train_P@5_ag=0.9000  val_loss=0.5666  val_AUPR_all=0.5235  val_AUPR_ab=0.6412  val_AUPR_ag=0.3621  val_P@5_ab=0.7500  val_P@5_ag=0.9000  select=0.5016
Ep013  LR0=1.86e-04  pw=5.24  aucα=0.120  token_p=0.020  dropE=(0.020,0.080)  smooth=0.010  train_loss=0.4074  train_AUPR_all=0.5710  train_AUPR_ab=0.6705  train_AUPR_ag=0.4049  train_P@5_ab=0.8500  train_P@5_ag=0.9000  val_loss=0.5315  val_AUPR_all=0.5706  val_AUPR_ab=0.7011  val_AUPR_ag=0.3653  val_P@5_ab=1.0000  val_P@5_ag=0.9000  select=0.5332
  Saved checkpoint: checkpoints_old/iPara_balanced_l1_g9_i4_do0.10_dpr0.10_lr0.0002_heads16_fold1.pth  select=0.5332  val_ab=0.7011  val_ag=0.3653  val_all=0.5706
Ep014  LR0=1.83e-04  pw=4.74  aucα=0.150  token_p=0.020  dropE=(0.020,0.080)  smooth=0.010  train_loss=0.3983  train_AUPR_all=0.5833  train_AUPR_ab=0.6845  train_AUPR_ag=0.4199  train_P@5_ab=1.0000  train_P@5_ag=0.9000  val_loss=0.5405  val_AUPR_all=0.5584  val_AUPR_ab=0.6920  val_AUPR_ag=0.3663  val_P@5_ab=1.0000  val_P@5_ag=1.0000  select=0.5292
Ep015  LR0=1.81e-04  pw=4.30  aucα=0.180  token_p=0.020  dropE=(0.020,0.080)  smooth=0.010  train_loss=0.3892  train_AUPR_all=0.5948  train_AUPR_ab=0.6986  train_AUPR_ag=0.4260  train_P@5_ab=0.8500  train_P@5_ag=0.9000  val_loss=0.4799  val_AUPR_all=0.5818  val_AUPR_ab=0.7211  val_AUPR_ag=0.3614  val_P@5_ab=1.0000  val_P@5_ag=0.9000  select=0.5413
  Saved checkpoint: checkpoints_old/iPara_balanced_l1_g9_i4_do0.10_dpr0.10_lr0.0002_heads16_fold1.pth  select=0.5413  val_ab=0.7211  val_ag=0.3614  val_all=0.5818
Ep016  LR0=1.78e-04  pw=3.91  aucα=0.210  token_p=0.020  dropE=(0.020,0.080)  smooth=0.010  train_loss=0.3790  train_AUPR_all=0.6031  train_AUPR_ab=0.7034  train_AUPR_ag=0.4390  train_P@5_ab=1.0000  train_P@5_ag=0.7500  val_loss=0.4547  val_AUPR_all=0.5881  val_AUPR_ab=0.7219  val_AUPR_ag=0.3733  val_P@5_ab=1.0000  val_P@5_ag=0.9500  select=0.5476
  Saved checkpoint: checkpoints_old/iPara_balanced_l1_g9_i4_do0.10_dpr0.10_lr0.0002_heads16_fold1.pth  select=0.5476  val_ab=0.7219  val_ag=0.3733  val_all=0.5881
Ep017  LR0=1.75e-04  pw=3.57  aucα=0.240  token_p=0.020  dropE=(0.020,0.080)  smooth=0.010  train_loss=0.3747  train_AUPR_all=0.6138  train_AUPR_ab=0.7095  train_AUPR_ag=0.4598  train_P@5_ab=0.9000  train_P@5_ag=0.9000  val_loss=0.4544  val_AUPR_all=0.5753  val_AUPR_ab=0.7231  val_AUPR_ag=0.3400  val_P@5_ab=0.9500  val_P@5_ag=0.7000  select=0.5316
Ep018  LR0=1.72e-04  pw=3.27  aucα=0.270  token_p=0.020  dropE=(0.020,0.080)  smooth=0.010  train_loss=0.3687  train_AUPR_all=0.6194  train_AUPR_ab=0.7150  train_AUPR_ag=0.4658  train_P@5_ab=0.9500  train_P@5_ag=0.9500  val_loss=0.4370  val_AUPR_all=0.5806  val_AUPR_ab=0.7177  val_AUPR_ag=0.3698  val_P@5_ab=0.9000  val_P@5_ag=1.0000  select=0.5438
Ep019  LR0=1.69e-04  pw=3.00  aucα=0.300  token_p=0.020  dropE=(0.020,0.080)  smooth=0.010  train_loss=0.3614  train_AUPR_all=0.6324  train_AUPR_ab=0.7268  train_AUPR_ag=0.4833  train_P@5_ab=0.9500  train_P@5_ag=1.0000  val_loss=0.4231  val_AUPR_all=0.5871  val_AUPR_ab=0.7310  val_AUPR_ag=0.3627  val_P@5_ab=1.0000  val_P@5_ag=0.9500  select=0.5469
Ep020  LR0=1.66e-04  pw=2.77  aucα=0.300  token_p=0.020  dropE=(0.020,0.080)  smooth=0.010  train_loss=0.3464  train_AUPR_all=0.6382  train_AUPR_ab=0.7292  train_AUPR_ag=0.4939  train_P@5_ab=0.9000  train_P@5_ag=0.8500  val_loss=0.4203  val_AUPR_all=0.5818  val_AUPR_ab=0.7365  val_AUPR_ag=0.3604  val_P@5_ab=0.9500  val_P@5_ag=1.0000  select=0.5485
  Saved checkpoint: checkpoints_old/iPara_balanced_l1_g9_i4_do0.10_dpr0.10_lr0.0002_heads16_fold1.pth  select=0.5485  val_ab=0.7365  val_ag=0.3604  val_all=0.5818
Ep021  LR0=1.62e-04  pw=2.56  aucα=0.300  token_p=0.020  dropE=(0.020,0.080)  smooth=0.010  train_loss=0.3273  train_AUPR_all=0.6492  train_AUPR_ab=0.7364  train_AUPR_ag=0.5145  train_P@5_ab=1.0000  train_P@5_ag=0.9500  val_loss=0.4016  val_AUPR_all=0.5839  val_AUPR_ab=0.7363  val_AUPR_ag=0.3572  val_P@5_ab=0.9500  val_P@5_ag=0.8500  select=0.5467
Ep022  LR0=1.59e-04  pw=2.38  aucα=0.300  token_p=0.020  dropE=(0.020,0.080)  smooth=0.010  train_loss=0.3120  train_AUPR_all=0.6595  train_AUPR_ab=0.7455  train_AUPR_ag=0.5265  train_P@5_ab=0.8500  train_P@5_ag=0.9500  val_loss=0.3795  val_AUPR_all=0.5953  val_AUPR_ab=0.7421  val_AUPR_ag=0.3715  val_P@5_ab=0.8500  val_P@5_ag=0.9000  select=0.5568
  Saved checkpoint: checkpoints_old/iPara_balanced_l1_g9_i4_do0.10_dpr0.10_lr0.0002_heads16_fold1.pth  select=0.5568  val_ab=0.7421  val_ag=0.3715  val_all=0.5953
Ep023  LR0=1.55e-04  pw=2.21  aucα=0.300  token_p=0.020  dropE=(0.020,0.080)  smooth=0.010  train_loss=0.3000  train_AUPR_all=0.6692  train_AUPR_ab=0.7557  train_AUPR_ag=0.5342  train_P@5_ab=1.0000  train_P@5_ag=0.9000  val_loss=0.3610  val_AUPR_all=0.6037  val_AUPR_ab=0.7512  val_AUPR_ag=0.3759  val_P@5_ab=0.9500  val_P@5_ag=0.9500  select=0.5636
  Saved checkpoint: checkpoints_old/iPara_balanced_l1_g9_i4_do0.10_dpr0.10_lr0.0002_heads16_fold1.pth  select=0.5636  val_ab=0.7512  val_ag=0.3759  val_all=0.6037
Ep024  LR0=1.51e-04  pw=2.07  aucα=0.300  token_p=0.020  dropE=(0.020,0.080)  smooth=0.010  train_loss=0.2888  train_AUPR_all=0.6793  train_AUPR_ab=0.7611  train_AUPR_ag=0.5539  train_P@5_ab=1.0000  train_P@5_ag=1.0000  val_loss=0.3687  val_AUPR_all=0.5801  val_AUPR_ab=0.7311  val_AUPR_ag=0.3603  val_P@5_ab=0.9500  val_P@5_ag=0.9500  select=0.5457
Ep025  LR0=1.48e-04  pw=1.95  aucα=0.300  token_p=0.020  dropE=(0.020,0.080)  smooth=0.010  train_loss=0.2762  train_AUPR_all=0.6849  train_AUPR_ab=0.7624  train_AUPR_ag=0.5671  train_P@5_ab=1.0000  train_P@5_ag=1.0000  val_loss=0.3501  val_AUPR_all=0.5977  val_AUPR_ab=0.7535  val_AUPR_ag=0.3621  val_P@5_ab=0.9500  val_P@5_ag=0.9000  select=0.5578
Ep026  LR0=1.44e-04  pw=1.83  aucα=0.300  token_p=0.020  dropE=(0.020,0.080)  smooth=0.010  train_loss=0.2664  train_AUPR_all=0.6899  train_AUPR_ab=0.7625  train_AUPR_ag=0.5798  train_P@5_ab=1.0000  train_P@5_ag=0.8500  val_loss=0.3579  val_AUPR_all=0.5939  val_AUPR_ab=0.7521  val_AUPR_ag=0.3544  val_P@5_ab=0.9000  val_P@5_ag=0.8000  select=0.5532
Ep027  LR0=1.39e-04  pw=1.74  aucα=0.300  token_p=0.020  dropE=(0.020,0.080)  smooth=0.010  train_loss=0.2521  train_AUPR_all=0.7079  train_AUPR_ab=0.7776  train_AUPR_ag=0.6035  train_P@5_ab=1.0000  train_P@5_ag=1.0000  val_loss=0.3432  val_AUPR_all=0.5952  val_AUPR_ab=0.7531  val_AUPR_ag=0.3694  val_P@5_ab=0.9500  val_P@5_ag=0.8500  select=0.5612
Ep028  LR0=1.35e-04  pw=1.65  aucα=0.300  token_p=0.020  dropE=(0.020,0.080)  smooth=0.010  train_loss=0.2437  train_AUPR_all=0.7144  train_AUPR_ab=0.7806  train_AUPR_ag=0.6152  train_P@5_ab=1.0000  train_P@5_ag=0.9500  val_loss=0.3609  val_AUPR_all=0.5813  val_AUPR_ab=0.7558  val_AUPR_ag=0.3225  val_P@5_ab=0.8500  val_P@5_ag=0.4500  select=0.5391
Ep029  LR0=1.31e-04  pw=1.57  aucα=0.300  token_p=0.020  dropE=(0.020,0.080)  smooth=0.010  train_loss=0.2350  train_AUPR_all=0.7213  train_AUPR_ab=0.7807  train_AUPR_ag=0.6337  train_P@5_ab=0.9500  train_P@5_ag=0.9500  val_loss=0.3406  val_AUPR_all=0.5863  val_AUPR_ab=0.7513  val_AUPR_ag=0.3515  val_P@5_ab=0.8500  val_P@5_ag=0.7000  select=0.5514
Ep030  LR0=1.27e-04  pw=1.51  aucα=0.300  token_p=0.020  dropE=(0.020,0.080)  smooth=0.010  train_loss=0.2245  train_AUPR_all=0.7354  train_AUPR_ab=0.7935  train_AUPR_ag=0.6507  train_P@5_ab=1.0000  train_P@5_ag=1.0000  val_loss=0.3203  val_AUPR_all=0.6060  val_AUPR_ab=0.7680  val_AUPR_ag=0.3615  val_P@5_ab=0.9000  val_P@5_ag=0.9500  select=0.5648
  Saved checkpoint: checkpoints_old/iPara_balanced_l1_g9_i4_do0.10_dpr0.10_lr0.0002_heads16_fold1.pth  select=0.5648  val_ab=0.7680  val_ag=0.3615  val_all=0.6060
Ep031  LR0=1.22e-04  pw=1.45  aucα=0.300  token_p=0.020  dropE=(0.020,0.080)  smooth=0.010  train_loss=0.2192  train_AUPR_all=0.7367  train_AUPR_ab=0.7928  train_AUPR_ag=0.6555  train_P@5_ab=1.0000  train_P@5_ag=0.9500  val_loss=0.3521  val_AUPR_all=0.5901  val_AUPR_ab=0.7653  val_AUPR_ag=0.3450  val_P@5_ab=0.9500  val_P@5_ag=0.7500  select=0.5551
Ep032  LR0=1.18e-04  pw=1.39  aucα=0.300  token_p=0.020  dropE=(0.020,0.080)  smooth=0.010  train_loss=0.2109  train_AUPR_all=0.7510  train_AUPR_ab=0.8026  train_AUPR_ag=0.6763  train_P@5_ab=1.0000  train_P@5_ag=1.0000  val_loss=0.3210  val_AUPR_all=0.5860  val_AUPR_ab=0.7581  val_AUPR_ag=0.3322  val_P@5_ab=0.9000  val_P@5_ag=0.4000  select=0.5452
Ep033  LR0=1.14e-04  pw=1.35  aucα=0.300  token_p=0.020  dropE=(0.020,0.080)  smooth=0.010  train_loss=0.2016  train_AUPR_all=0.7620  train_AUPR_ab=0.8087  train_AUPR_ag=0.6947  train_P@5_ab=0.9500  train_P@5_ag=1.0000  val_loss=0.3253  val_AUPR_all=0.5995  val_AUPR_ab=0.7698  val_AUPR_ag=0.3395  val_P@5_ab=0.8500  val_P@5_ag=0.4500  select=0.5546
Ep034  LR0=1.09e-04  pw=1.31  aucα=0.300  token_p=0.020  dropE=(0.020,0.080)  smooth=0.010  train_loss=0.1989  train_AUPR_all=0.7643  train_AUPR_ab=0.8054  train_AUPR_ag=0.7067  train_P@5_ab=1.0000  train_P@5_ag=1.0000  val_loss=0.3278  val_AUPR_all=0.5996  val_AUPR_ab=0.7734  val_AUPR_ag=0.3640  val_P@5_ab=0.8500  val_P@5_ag=0.8000  select=0.5687
  Saved checkpoint: checkpoints_old/iPara_balanced_l1_g9_i4_do0.10_dpr0.10_lr0.0002_heads16_fold1.pth  select=0.5687  val_ab=0.7734  val_ag=0.3640  val_all=0.5996
Ep035  LR0=1.05e-04  pw=1.27  aucα=0.300  token_p=0.020  dropE=(0.020,0.080)  smooth=0.010  train_loss=0.1927  train_AUPR_all=0.7719  train_AUPR_ab=0.8149  train_AUPR_ag=0.7110  train_P@5_ab=1.0000  train_P@5_ag=1.0000  val_loss=0.3145  val_AUPR_all=0.6048  val_AUPR_ab=0.7678  val_AUPR_ag=0.3720  val_P@5_ab=0.9500  val_P@5_ag=0.8500  select=0.5699
  Saved checkpoint: checkpoints_old/iPara_balanced_l1_g9_i4_do0.10_dpr0.10_lr0.0002_heads16_fold1.pth  select=0.5699  val_ab=0.7678  val_ag=0.3720  val_all=0.6048
Ep036  LR0=1.00e-04  pw=1.24  aucα=0.300  token_p=0.020  dropE=(0.020,0.080)  smooth=0.010  train_loss=0.1864  train_AUPR_all=0.7797  train_AUPR_ab=0.8176  train_AUPR_ag=0.7265  train_P@5_ab=1.0000  train_P@5_ag=1.0000  val_loss=0.3170  val_AUPR_all=0.6038  val_AUPR_ab=0.7692  val_AUPR_ag=0.3651  val_P@5_ab=0.9500  val_P@5_ag=0.6500  select=0.5671
Ep037  LR0=9.58e-05  pw=1.21  aucα=0.300  token_p=0.020  dropE=(0.020,0.080)  smooth=0.010  train_loss=0.1801  train_AUPR_all=0.7908  train_AUPR_ab=0.8281  train_AUPR_ag=0.7384  train_P@5_ab=1.0000  train_P@5_ag=1.0000  val_loss=0.3146  val_AUPR_all=0.5907  val_AUPR_ab=0.7650  val_AUPR_ag=0.3818  val_P@5_ab=0.9500  val_P@5_ag=0.7500  select=0.5734
  Saved checkpoint: checkpoints_old/iPara_balanced_l1_g9_i4_do0.10_dpr0.10_lr0.0002_heads16_fold1.pth  select=0.5734  val_ab=0.7650  val_ag=0.3818  val_all=0.5907
Ep038  LR0=9.13e-05  pw=1.19  aucα=0.300  token_p=0.020  dropE=(0.020,0.080)  smooth=0.010  train_loss=0.1739  train_AUPR_all=0.8002  train_AUPR_ab=0.8371  train_AUPR_ag=0.7483  train_P@5_ab=0.9500  train_P@5_ag=0.9500  val_loss=0.3324  val_AUPR_all=0.5884  val_AUPR_ab=0.7675  val_AUPR_ag=0.3479  val_P@5_ab=1.0000  val_P@5_ag=0.5500  select=0.5577
Ep039  LR0=8.69e-05  pw=1.16  aucα=0.300  token_p=0.020  dropE=(0.020,0.080)  smooth=0.010  train_loss=0.1709  train_AUPR_all=0.8031  train_AUPR_ab=0.8364  train_AUPR_ag=0.7564  train_P@5_ab=1.0000  train_P@5_ag=1.0000  val_loss=0.3347  val_AUPR_all=0.5836  val_AUPR_ab=0.7562  val_AUPR_ag=0.3513  val_P@5_ab=1.0000  val_P@5_ag=0.6000  select=0.5537
Ep040  LR0=8.24e-05  pw=1.15  aucα=0.300  token_p=0.020  dropE=(0.020,0.080)  smooth=0.010  train_loss=0.1641  train_AUPR_all=0.8145  train_AUPR_ab=0.8452  train_AUPR_ag=0.7717  train_P@5_ab=1.0000  train_P@5_ag=1.0000  val_loss=0.3236  val_AUPR_all=0.5912  val_AUPR_ab=0.7703  val_AUPR_ag=0.3585  val_P@5_ab=1.0000  val_P@5_ag=0.5500  select=0.5644
Ep041  LR0=7.81e-05  pw=1.13  aucα=0.300  token_p=0.020  dropE=(0.020,0.080)  smooth=0.010  train_loss=0.1574  train_AUPR_all=0.8250  train_AUPR_ab=0.8513  train_AUPR_ag=0.7888  train_P@5_ab=1.0000  train_P@5_ag=1.0000  val_loss=0.3217  val_AUPR_all=0.5917  val_AUPR_ab=0.7723  val_AUPR_ag=0.3662  val_P@5_ab=0.9500  val_P@5_ag=0.3500  select=0.5693
Ep042  LR0=7.37e-05  pw=1.11  aucα=0.300  token_p=0.020  dropE=(0.020,0.080)  smooth=0.010  train_loss=0.1570  train_AUPR_all=0.8246  train_AUPR_ab=0.8545  train_AUPR_ag=0.7829  train_P@5_ab=1.0000  train_P@5_ag=1.0000  val_loss=0.3154  val_AUPR_all=0.6028  val_AUPR_ab=0.7738  val_AUPR_ag=0.3512  val_P@5_ab=0.9000  val_P@5_ag=0.4500  select=0.5625
Ep043  LR0=6.94e-05  pw=1.10  aucα=0.300  token_p=0.020  dropE=(0.020,0.080)  smooth=0.010  train_loss=0.1503  train_AUPR_all=0.8356  train_AUPR_ab=0.8606  train_AUPR_ag=0.8011  train_P@5_ab=1.0000  train_P@5_ag=1.0000  val_loss=0.3222  val_AUPR_all=0.5906  val_AUPR_ab=0.7714  val_AUPR_ag=0.3465  val_P@5_ab=0.9500  val_P@5_ag=0.5000  select=0.5589
Ep044  LR0=6.52e-05  pw=1.09  aucα=0.300  token_p=0.020  dropE=(0.020,0.080)  smooth=0.010  train_loss=0.1522  train_AUPR_all=0.8312  train_AUPR_ab=0.8572  train_AUPR_ag=0.7952  train_P@5_ab=1.0000  train_P@5_ag=1.0000  val_loss=0.3194  val_AUPR_all=0.5930  val_AUPR_ab=0.7671  val_AUPR_ag=0.3631  val_P@5_ab=0.9500  val_P@5_ag=0.6500  select=0.5651
Ep045  LR0=6.10e-05  pw=1.08  aucα=0.300  token_p=0.020  dropE=(0.020,0.080)  smooth=0.010  train_loss=0.1450  train_AUPR_all=0.8426  train_AUPR_ab=0.8696  train_AUPR_ag=0.8051  train_P@5_ab=1.0000  train_P@5_ag=0.9500  val_loss=0.3233  val_AUPR_all=0.5851  val_AUPR_ab=0.7655  val_AUPR_ag=0.3526  val_P@5_ab=0.9500  val_P@5_ag=0.6500  select=0.5591
Ep046  LR0=5.70e-05  pw=1.07  aucα=0.300  token_p=0.020  dropE=(0.020,0.080)  smooth=0.010  train_loss=0.1433  train_AUPR_all=0.8448  train_AUPR_ab=0.8696  train_AUPR_ag=0.8105  train_P@5_ab=1.0000  train_P@5_ag=1.0000  val_loss=0.3237  val_AUPR_all=0.5903  val_AUPR_ab=0.7774  val_AUPR_ag=0.3418  val_P@5_ab=0.9500  val_P@5_ag=0.5500  select=0.5596
Ep047  LR0=5.30e-05  pw=1.06  aucα=0.300  token_p=0.020  dropE=(0.020,0.080)  smooth=0.010  train_loss=0.1378  train_AUPR_all=0.8547  train_AUPR_ab=0.8761  train_AUPR_ag=0.8254  train_P@5_ab=1.0000  train_P@5_ag=1.0000  val_loss=0.3242  val_AUPR_all=0.5851  val_AUPR_ab=0.7677  val_AUPR_ag=0.3512  val_P@5_ab=0.9500  val_P@5_ag=0.5500  select=0.5595
Ep048  LR0=4.91e-05  pw=1.05  aucα=0.300  token_p=0.020  dropE=(0.020,0.080)  smooth=0.010  train_loss=0.1371  train_AUPR_all=0.8557  train_AUPR_ab=0.8788  train_AUPR_ag=0.8238  train_P@5_ab=1.0000  train_P@5_ag=1.0000  val_loss=0.3198  val_AUPR_all=0.5962  val_AUPR_ab=0.7674  val_AUPR_ag=0.3599  val_P@5_ab=0.9000  val_P@5_ag=0.6000  select=0.5636
Ep049  LR0=4.53e-05  pw=1.05  aucα=0.300  token_p=0.020  dropE=(0.020,0.080)  smooth=0.010  train_loss=0.1357  train_AUPR_all=0.8565  train_AUPR_ab=0.8801  train_AUPR_ag=0.8237  train_P@5_ab=1.0000  train_P@5_ag=1.0000  val_loss=0.3235  val_AUPR_all=0.5802  val_AUPR_ab=0.7712  val_AUPR_ag=0.3436  val_P@5_ab=1.0000  val_P@5_ag=0.7000  select=0.5574
Ep050  LR0=4.16e-05  pw=1.04  aucα=0.300  token_p=0.020  dropE=(0.020,0.080)  smooth=0.010  train_loss=0.1309  train_AUPR_all=0.8654  train_AUPR_ab=0.8880  train_AUPR_ag=0.8340  train_P@5_ab=1.0000  train_P@5_ag=0.9500  val_loss=0.3233  val_AUPR_all=0.5906  val_AUPR_ab=0.7723  val_AUPR_ag=0.3461  val_P@5_ab=1.0000  val_P@5_ag=0.7000  select=0.5592
Ep051  LR0=3.81e-05  pw=1.04  aucα=0.300  token_p=0.020  dropE=(0.020,0.080)  smooth=0.010  train_loss=0.1326  train_AUPR_all=0.8617  train_AUPR_ab=0.8839  train_AUPR_ag=0.8309  train_P@5_ab=1.0000  train_P@5_ag=1.0000  val_loss=0.3248  val_AUPR_all=0.5924  val_AUPR_ab=0.7698  val_AUPR_ag=0.3602  val_P@5_ab=0.9500  val_P@5_ag=0.6500  select=0.5650
Ep052  LR0=3.46e-05  pw=1.03  aucα=0.300  token_p=0.020  dropE=(0.020,0.080)  smooth=0.010  train_loss=0.1298  train_AUPR_all=0.8662  train_AUPR_ab=0.8894  train_AUPR_ag=0.8335  train_P@5_ab=1.0000  train_P@5_ag=1.0000  val_loss=0.3209  val_AUPR_all=0.5924  val_AUPR_ab=0.7650  val_AUPR_ag=0.3513  val_P@5_ab=0.9000  val_P@5_ag=0.6000  select=0.5582
Ep053  LR0=3.13e-05  pw=1.03  aucα=0.300  token_p=0.020  dropE=(0.020,0.080)  smooth=0.010  train_loss=0.1294  train_AUPR_all=0.8667  train_AUPR_ab=0.8862  train_AUPR_ag=0.8400  train_P@5_ab=1.0000  train_P@5_ag=1.0000  val_loss=0.3239  val_AUPR_all=0.5826  val_AUPR_ab=0.7673  val_AUPR_ag=0.3544  val_P@5_ab=1.0000  val_P@5_ag=0.7000  select=0.5609
Ep054  LR0=2.82e-05  pw=1.03  aucα=0.300  token_p=0.020  dropE=(0.020,0.080)  smooth=0.010  train_loss=0.1266  train_AUPR_all=0.8722  train_AUPR_ab=0.8925  train_AUPR_ag=0.8442  train_P@5_ab=1.0000  train_P@5_ag=1.0000  val_loss=0.3257  val_AUPR_all=0.5781  val_AUPR_ab=0.7649  val_AUPR_ag=0.3499  val_P@5_ab=0.9500  val_P@5_ag=0.6500  select=0.5574
Ep055  LR0=2.51e-05  pw=1.02  aucα=0.300  token_p=0.020  dropE=(0.020,0.080)  smooth=0.010  train_loss=0.1236  train_AUPR_all=0.8762  train_AUPR_ab=0.8981  train_AUPR_ag=0.8457  train_P@5_ab=1.0000  train_P@5_ag=1.0000  val_loss=0.3182  val_AUPR_all=0.5892  val_AUPR_ab=0.7647  val_AUPR_ag=0.3689  val_P@5_ab=0.9000  val_P@5_ag=0.7500  select=0.5668
Ep056  LR0=2.23e-05  pw=1.02  aucα=0.300  token_p=0.020  dropE=(0.020,0.080)  smooth=0.010  train_loss=0.1241  train_AUPR_all=0.8754  train_AUPR_ab=0.8955  train_AUPR_ag=0.8473  train_P@5_ab=1.0000  train_P@5_ag=1.0000  val_loss=0.3242  val_AUPR_all=0.5811  val_AUPR_ab=0.7677  val_AUPR_ag=0.3533  val_P@5_ab=0.9500  val_P@5_ag=0.5500  select=0.5605
Ep057  LR0=1.96e-05  pw=1.02  aucα=0.300  token_p=0.020  dropE=(0.020,0.080)  smooth=0.010  train_loss=0.1181  train_AUPR_all=0.8852  train_AUPR_ab=0.9073  train_AUPR_ag=0.8541  train_P@5_ab=1.0000  train_P@5_ag=1.0000  val_loss=0.3231  val_AUPR_all=0.5895  val_AUPR_ab=0.7684  val_AUPR_ag=0.3589  val_P@5_ab=0.9500  val_P@5_ag=0.7500  select=0.5637
Early stopping at epoch 57. Best select=0.5734 at epoch 37.
Final saved checkpoint for fold 1: checkpoints_old/iPara_balanced_l1_g9_i4_do0.10_dpr0.10_lr0.0002_heads16_fold1.pth
Best select=0.5734 at epoch 37

==========================================================================================
Fold 2/5
==========================================================================================
Train labels: valid=400834, pos=26650, neg=374184, ignore=696766, pos_frac=0.06649
Val labels: valid=99358, pos=6580, neg=92778, ignore=175842, pos_frac=0.06623
Initializing ClassificationModel with 9 GAT layers and residual connections...
Initializing MCModel with 9 GAT layers and 4 row attention layers (drop_path_rate=0.1)
Initializing CoreModel with 1 layers, drop_path_rate=0.1
Ep001  LR0=2.00e-04  pw=20.00  aucα=0.000  token_p=0.020  dropE=(0.020,0.080)  smooth=0.010  train_loss=1.1316  train_AUPR_all=0.1852  train_AUPR_ab=0.2131  train_AUPR_ag=0.1493  train_P@5_ab=0.2000  train_P@5_ag=0.3000  val_loss=1.1044  val_AUPR_all=0.4160  val_AUPR_ab=0.4949  val_AUPR_ag=0.2830  val_P@5_ab=0.7000  val_P@5_ag=0.5500  select=0.3889
  Saved checkpoint: checkpoints_old/iPara_balanced_l1_g9_i4_do0.10_dpr0.10_lr0.0002_heads16_fold2.pth  select=0.3889  val_ab=0.4949  val_ag=0.2830  val_all=0.4160
Ep002  LR0=2.00e-04  pw=17.77  aucα=0.000  token_p=0.020  dropE=(0.020,0.080)  smooth=0.010  train_loss=0.7958  train_AUPR_all=0.3877  train_AUPR_ab=0.4796  train_AUPR_ag=0.2403  train_P@5_ab=0.7500  train_P@5_ag=0.7000  val_loss=0.9455  val_AUPR_all=0.4635  val_AUPR_ab=0.5573  val_AUPR_ag=0.3037  val_P@5_ab=0.6000  val_P@5_ag=0.8000  select=0.4305
  Saved checkpoint: checkpoints_old/iPara_balanced_l1_g9_i4_do0.10_dpr0.10_lr0.0002_heads16_fold2.pth  select=0.4305  val_ab=0.5573  val_ag=0.3037  val_all=0.4635
Ep003  LR0=2.00e-04  pw=15.80  aucα=0.000  token_p=0.020  dropE=(0.020,0.080)  smooth=0.010  train_loss=0.7048  train_AUPR_all=0.4389  train_AUPR_ab=0.5326  train_AUPR_ag=0.2803  train_P@5_ab=0.5000  train_P@5_ag=0.8000  val_loss=0.9176  val_AUPR_all=0.4665  val_AUPR_ab=0.5740  val_AUPR_ag=0.3423  val_P@5_ab=0.9500  val_P@5_ag=0.8500  select=0.4582
  Saved checkpoint: checkpoints_old/iPara_balanced_l1_g9_i4_do0.10_dpr0.10_lr0.0002_heads16_fold2.pth  select=0.4582  val_ab=0.5740  val_ag=0.3423  val_all=0.4665
Ep004  LR0=1.99e-04  pw=14.06  aucα=0.000  token_p=0.020  dropE=(0.020,0.080)  smooth=0.010  train_loss=0.6533  train_AUPR_all=0.4663  train_AUPR_ab=0.5623  train_AUPR_ag=0.3003  train_P@5_ab=0.7000  train_P@5_ag=0.9500  val_loss=0.8308  val_AUPR_all=0.5216  val_AUPR_ab=0.6085  val_AUPR_ag=0.3690  val_P@5_ab=0.8500  val_P@5_ag=1.0000  select=0.4887
  Saved checkpoint: checkpoints_old/iPara_balanced_l1_g9_i4_do0.10_dpr0.10_lr0.0002_heads16_fold2.pth  select=0.4887  val_ab=0.6085  val_ag=0.3690  val_all=0.5216
Ep005  LR0=1.98e-04  pw=12.52  aucα=0.000  token_p=0.020  dropE=(0.020,0.080)  smooth=0.010  train_loss=0.6074  train_AUPR_all=0.4828  train_AUPR_ab=0.5747  train_AUPR_ag=0.3196  train_P@5_ab=0.9000  train_P@5_ag=0.9500  val_loss=0.7791  val_AUPR_all=0.5272  val_AUPR_ab=0.6327  val_AUPR_ag=0.3578  val_P@5_ab=0.9500  val_P@5_ag=0.8000  select=0.4952
  Saved checkpoint: checkpoints_old/iPara_balanced_l1_g9_i4_do0.10_dpr0.10_lr0.0002_heads16_fold2.pth  select=0.4952  val_ab=0.6327  val_ag=0.3578  val_all=0.5272
Ep006  LR0=1.97e-04  pw=11.17  aucα=0.000  token_p=0.020  dropE=(0.020,0.080)  smooth=0.010  train_loss=0.5660  train_AUPR_all=0.4994  train_AUPR_ab=0.5977  train_AUPR_ag=0.3277  train_P@5_ab=0.6000  train_P@5_ag=0.8500  val_loss=0.7537  val_AUPR_all=0.5407  val_AUPR_ab=0.6278  val_AUPR_ag=0.3806  val_P@5_ab=0.8000  val_P@5_ag=0.8500  select=0.5042
  Saved checkpoint: checkpoints_old/iPara_balanced_l1_g9_i4_do0.10_dpr0.10_lr0.0002_heads16_fold2.pth  select=0.5042  val_ab=0.6278  val_ag=0.3806  val_all=0.5407
Ep007  LR0=1.96e-04  pw=9.97  aucα=0.000  token_p=0.020  dropE=(0.020,0.080)  smooth=0.010  train_loss=0.5251  train_AUPR_all=0.5090  train_AUPR_ab=0.5995  train_AUPR_ag=0.3417  train_P@5_ab=0.8500  train_P@5_ag=0.8500  val_loss=0.7341  val_AUPR_all=0.5432  val_AUPR_ab=0.6315  val_AUPR_ag=0.3728  val_P@5_ab=0.5500  val_P@5_ag=0.9500  select=0.5022
Ep008  LR0=1.95e-04  pw=8.92  aucα=0.000  token_p=0.020  dropE=(0.020,0.080)  smooth=0.010  train_loss=0.4940  train_AUPR_all=0.5145  train_AUPR_ab=0.6094  train_AUPR_ag=0.3431  train_P@5_ab=0.7500  train_P@5_ag=1.0000  val_loss=0.6842  val_AUPR_all=0.5273  val_AUPR_ab=0.6293  val_AUPR_ag=0.3553  val_P@5_ab=0.7000  val_P@5_ag=0.9000  select=0.4923
Ep009  LR0=1.94e-04  pw=7.99  aucα=0.000  token_p=0.020  dropE=(0.020,0.080)  smooth=0.010  train_loss=0.4609  train_AUPR_all=0.5235  train_AUPR_ab=0.6199  train_AUPR_ag=0.3508  train_P@5_ab=0.6500  train_P@5_ag=0.9500  val_loss=0.6306  val_AUPR_all=0.5551  val_AUPR_ab=0.6420  val_AUPR_ag=0.3887  val_P@5_ab=0.8000  val_P@5_ag=0.8000  select=0.5154
  Saved checkpoint: checkpoints_old/iPara_balanced_l1_g9_i4_do0.10_dpr0.10_lr0.0002_heads16_fold2.pth  select=0.5154  val_ab=0.6420  val_ag=0.3887  val_all=0.5551
Ep010  LR0=1.92e-04  pw=7.17  aucα=0.030  token_p=0.020  dropE=(0.020,0.080)  smooth=0.010  train_loss=0.4506  train_AUPR_all=0.5365  train_AUPR_ab=0.6334  train_AUPR_ag=0.3565  train_P@5_ab=0.8000  train_P@5_ag=1.0000  val_loss=0.6208  val_AUPR_all=0.5506  val_AUPR_ab=0.6635  val_AUPR_ag=0.3625  val_P@5_ab=0.8500  val_P@5_ag=0.8000  select=0.5130
Unfreezing DyM parameters.
Ep011  LR0=1.90e-04  pw=6.44  aucα=0.060  token_p=0.020  dropE=(0.020,0.080)  smooth=0.010  train_loss=0.4378  train_AUPR_all=0.5387  train_AUPR_ab=0.6415  train_AUPR_ag=0.3623  train_P@5_ab=0.9500  train_P@5_ag=0.8000  val_loss=0.5672  val_AUPR_all=0.5763  val_AUPR_ab=0.6822  val_AUPR_ag=0.4009  val_P@5_ab=0.8000  val_P@5_ag=0.9000  select=0.5415
  Saved checkpoint: checkpoints_old/iPara_balanced_l1_g9_i4_do0.10_dpr0.10_lr0.0002_heads16_fold2.pth  select=0.5415  val_ab=0.6822  val_ag=0.4009  val_all=0.5763
Ep012  LR0=1.88e-04  pw=5.80  aucα=0.090  token_p=0.020  dropE=(0.020,0.080)  smooth=0.010  train_loss=0.4233  train_AUPR_all=0.5586  train_AUPR_ab=0.6624  train_AUPR_ag=0.3864  train_P@5_ab=0.8000  train_P@5_ag=1.0000  val_loss=0.5374  val_AUPR_all=0.5782  val_AUPR_ab=0.6955  val_AUPR_ag=0.3970  val_P@5_ab=0.9500  val_P@5_ag=0.9000  select=0.5462
  Saved checkpoint: checkpoints_old/iPara_balanced_l1_g9_i4_do0.10_dpr0.10_lr0.0002_heads16_fold2.pth  select=0.5462  val_ab=0.6955  val_ag=0.3970  val_all=0.5782
Ep013  LR0=1.86e-04  pw=5.24  aucα=0.120  token_p=0.020  dropE=(0.020,0.080)  smooth=0.010  train_loss=0.4125  train_AUPR_all=0.5724  train_AUPR_ab=0.6746  train_AUPR_ag=0.3983  train_P@5_ab=1.0000  train_P@5_ag=1.0000  val_loss=0.5263  val_AUPR_all=0.5822  val_AUPR_ab=0.6959  val_AUPR_ag=0.3985  val_P@5_ab=0.8500  val_P@5_ag=0.9500  select=0.5472
  Saved checkpoint: checkpoints_old/iPara_balanced_l1_g9_i4_do0.10_dpr0.10_lr0.0002_heads16_fold2.pth  select=0.5472  val_ab=0.6959  val_ag=0.3985  val_all=0.5822
Ep014  LR0=1.83e-04  pw=4.74  aucα=0.150  token_p=0.020  dropE=(0.020,0.080)  smooth=0.010  train_loss=0.4012  train_AUPR_all=0.5832  train_AUPR_ab=0.6910  train_AUPR_ag=0.4042  train_P@5_ab=0.9500  train_P@5_ag=0.9500  val_loss=0.5288  val_AUPR_all=0.5669  val_AUPR_ab=0.6837  val_AUPR_ag=0.3777  val_P@5_ab=0.9500  val_P@5_ag=0.9500  select=0.5307
Ep015  LR0=1.81e-04  pw=4.30  aucα=0.180  token_p=0.020  dropE=(0.020,0.080)  smooth=0.010  train_loss=0.3928  train_AUPR_all=0.5950  train_AUPR_ab=0.6997  train_AUPR_ag=0.4210  train_P@5_ab=0.9500  train_P@5_ag=1.0000  val_loss=0.4816  val_AUPR_all=0.5880  val_AUPR_ab=0.7040  val_AUPR_ag=0.3978  val_P@5_ab=0.8000  val_P@5_ag=0.9500  select=0.5509
  Saved checkpoint: checkpoints_old/iPara_balanced_l1_g9_i4_do0.10_dpr0.10_lr0.0002_heads16_fold2.pth  select=0.5509  val_ab=0.7040  val_ag=0.3978  val_all=0.5880
Ep016  LR0=1.78e-04  pw=3.91  aucα=0.210  token_p=0.020  dropE=(0.020,0.080)  smooth=0.010  train_loss=0.3840  train_AUPR_all=0.6043  train_AUPR_ab=0.7107  train_AUPR_ag=0.4287  train_P@5_ab=0.9000  train_P@5_ag=1.0000  val_loss=0.4535  val_AUPR_all=0.6042  val_AUPR_ab=0.7207  val_AUPR_ag=0.4238  val_P@5_ab=0.9000  val_P@5_ag=0.9000  select=0.5723
  Saved checkpoint: checkpoints_old/iPara_balanced_l1_g9_i4_do0.10_dpr0.10_lr0.0002_heads16_fold2.pth  select=0.5723  val_ab=0.7207  val_ag=0.4238  val_all=0.6042
Ep017  LR0=1.75e-04  pw=3.57  aucα=0.240  token_p=0.020  dropE=(0.020,0.080)  smooth=0.010  train_loss=0.3788  train_AUPR_all=0.6081  train_AUPR_ab=0.7143  train_AUPR_ag=0.4375  train_P@5_ab=1.0000  train_P@5_ag=1.0000  val_loss=0.4364  val_AUPR_all=0.6052  val_AUPR_ab=0.7282  val_AUPR_ag=0.4047  val_P@5_ab=1.0000  val_P@5_ag=0.8500  select=0.5664
Ep018  LR0=1.72e-04  pw=3.27  aucα=0.270  token_p=0.020  dropE=(0.020,0.080)  smooth=0.010  train_loss=0.3724  train_AUPR_all=0.6154  train_AUPR_ab=0.7157  train_AUPR_ag=0.4529  train_P@5_ab=1.0000  train_P@5_ag=0.9000  val_loss=0.4270  val_AUPR_all=0.5980  val_AUPR_ab=0.7233  val_AUPR_ag=0.3951  val_P@5_ab=0.9500  val_P@5_ag=0.9000  select=0.5592
Ep019  LR0=1.69e-04  pw=3.00  aucα=0.300  token_p=0.020  dropE=(0.020,0.080)  smooth=0.010  train_loss=0.3692  train_AUPR_all=0.6276  train_AUPR_ab=0.7297  train_AUPR_ag=0.4646  train_P@5_ab=1.0000  train_P@5_ag=1.0000  val_loss=0.3939  val_AUPR_all=0.6084  val_AUPR_ab=0.7279  val_AUPR_ag=0.4125  val_P@5_ab=0.9500  val_P@5_ag=0.9500  select=0.5702
Ep020  LR0=1.66e-04  pw=2.77  aucα=0.300  token_p=0.020  dropE=(0.020,0.080)  smooth=0.010  train_loss=0.3511  train_AUPR_all=0.6348  train_AUPR_ab=0.7331  train_AUPR_ag=0.4769  train_P@5_ab=1.0000  train_P@5_ag=0.9000  val_loss=0.3861  val_AUPR_all=0.6043  val_AUPR_ab=0.7284  val_AUPR_ag=0.4007  val_P@5_ab=1.0000  val_P@5_ag=0.7500  select=0.5645
Ep021  LR0=1.62e-04  pw=2.56  aucα=0.300  token_p=0.020  dropE=(0.020,0.080)  smooth=0.010  train_loss=0.3289  train_AUPR_all=0.6512  train_AUPR_ab=0.7465  train_AUPR_ag=0.5031  train_P@5_ab=1.0000  train_P@5_ag=0.8500  val_loss=0.3898  val_AUPR_all=0.6001  val_AUPR_ab=0.7304  val_AUPR_ag=0.3898  val_P@5_ab=1.0000  val_P@5_ag=0.7000  select=0.5601
Ep022  LR0=1.59e-04  pw=2.38  aucα=0.300  token_p=0.020  dropE=(0.020,0.080)  smooth=0.010  train_loss=0.3182  train_AUPR_all=0.6549  train_AUPR_ab=0.7522  train_AUPR_ag=0.5022  train_P@5_ab=1.0000  train_P@5_ag=1.0000  val_loss=0.3754  val_AUPR_all=0.6040  val_AUPR_ab=0.7320  val_AUPR_ag=0.3938  val_P@5_ab=1.0000  val_P@5_ag=0.8500  select=0.5629
Ep023  LR0=1.55e-04  pw=2.21  aucα=0.300  token_p=0.020  dropE=(0.020,0.080)  smooth=0.010  train_loss=0.3025  train_AUPR_all=0.6675  train_AUPR_ab=0.7574  train_AUPR_ag=0.5281  train_P@5_ab=1.0000  train_P@5_ag=1.0000  val_loss=0.3622  val_AUPR_all=0.6054  val_AUPR_ab=0.7354  val_AUPR_ag=0.3895  val_P@5_ab=1.0000  val_P@5_ag=0.9000  select=0.5624
Ep024  LR0=1.51e-04  pw=2.07  aucα=0.300  token_p=0.020  dropE=(0.020,0.080)  smooth=0.010  train_loss=0.2898  train_AUPR_all=0.6761  train_AUPR_ab=0.7617  train_AUPR_ag=0.5453  train_P@5_ab=1.0000  train_P@5_ag=0.9500  val_loss=0.3724  val_AUPR_all=0.6111  val_AUPR_ab=0.7488  val_AUPR_ag=0.4096  val_P@5_ab=1.0000  val_P@5_ag=0.8500  select=0.5792
  Saved checkpoint: checkpoints_old/iPara_balanced_l1_g9_i4_do0.10_dpr0.10_lr0.0002_heads16_fold2.pth  select=0.5792  val_ab=0.7488  val_ag=0.4096  val_all=0.6111
Ep025  LR0=1.48e-04  pw=1.95  aucα=0.300  token_p=0.020  dropE=(0.020,0.080)  smooth=0.010  train_loss=0.2787  train_AUPR_all=0.6817  train_AUPR_ab=0.7653  train_AUPR_ag=0.5552  train_P@5_ab=1.0000  train_P@5_ag=0.9500  val_loss=0.3411  val_AUPR_all=0.6187  val_AUPR_ab=0.7443  val_AUPR_ag=0.4159  val_P@5_ab=0.9500  val_P@5_ag=0.9000  select=0.5801
  Saved checkpoint: checkpoints_old/iPara_balanced_l1_g9_i4_do0.10_dpr0.10_lr0.0002_heads16_fold2.pth  select=0.5801  val_ab=0.7443  val_ag=0.4159  val_all=0.6187
Ep026  LR0=1.44e-04  pw=1.83  aucα=0.300  token_p=0.020  dropE=(0.020,0.080)  smooth=0.010  train_loss=0.2653  train_AUPR_all=0.6942  train_AUPR_ab=0.7750  train_AUPR_ag=0.5708  train_P@5_ab=0.9500  train_P@5_ag=0.9500  val_loss=0.3493  val_AUPR_all=0.6042  val_AUPR_ab=0.7414  val_AUPR_ag=0.4030  val_P@5_ab=0.9500  val_P@5_ag=0.9000  select=0.5722
Ep027  LR0=1.39e-04  pw=1.74  aucα=0.300  token_p=0.020  dropE=(0.020,0.080)  smooth=0.010  train_loss=0.2552  train_AUPR_all=0.7049  train_AUPR_ab=0.7821  train_AUPR_ag=0.5878  train_P@5_ab=0.9000  train_P@5_ag=0.9500  val_loss=0.3331  val_AUPR_all=0.6097  val_AUPR_ab=0.7488  val_AUPR_ag=0.4054  val_P@5_ab=1.0000  val_P@5_ag=0.8500  select=0.5771
Ep028  LR0=1.35e-04  pw=1.65  aucα=0.300  token_p=0.020  dropE=(0.020,0.080)  smooth=0.010  train_loss=0.2463  train_AUPR_all=0.7130  train_AUPR_ab=0.7881  train_AUPR_ag=0.6009  train_P@5_ab=1.0000  train_P@5_ag=0.9500  val_loss=0.3477  val_AUPR_all=0.5937  val_AUPR_ab=0.7325  val_AUPR_ag=0.3808  val_P@5_ab=1.0000  val_P@5_ag=0.7000  select=0.5566
Ep029  LR0=1.31e-04  pw=1.57  aucα=0.300  token_p=0.020  dropE=(0.020,0.080)  smooth=0.010  train_loss=0.2355  train_AUPR_all=0.7232  train_AUPR_ab=0.7884  train_AUPR_ag=0.6275  train_P@5_ab=1.0000  train_P@5_ag=0.9500  val_loss=0.3342  val_AUPR_all=0.6044  val_AUPR_ab=0.7525  val_AUPR_ag=0.3854  val_P@5_ab=1.0000  val_P@5_ag=0.9000  select=0.5690
Ep030  LR0=1.27e-04  pw=1.51  aucα=0.300  token_p=0.020  dropE=(0.020,0.080)  smooth=0.010  train_loss=0.2306  train_AUPR_all=0.7273  train_AUPR_ab=0.7961  train_AUPR_ag=0.6259  train_P@5_ab=1.0000  train_P@5_ag=0.9500  val_loss=0.3246  val_AUPR_all=0.6080  val_AUPR_ab=0.7527  val_AUPR_ag=0.4173  val_P@5_ab=1.0000  val_P@5_ag=0.8500  select=0.5850
  Saved checkpoint: checkpoints_old/iPara_balanced_l1_g9_i4_do0.10_dpr0.10_lr0.0002_heads16_fold2.pth  select=0.5850  val_ab=0.7527  val_ag=0.4173  val_all=0.6080
Ep031  LR0=1.22e-04  pw=1.45  aucα=0.300  token_p=0.020  dropE=(0.020,0.080)  smooth=0.010  train_loss=0.2226  train_AUPR_all=0.7351  train_AUPR_ab=0.7976  train_AUPR_ag=0.6439  train_P@5_ab=0.9500  train_P@5_ag=1.0000  val_loss=0.3406  val_AUPR_all=0.6016  val_AUPR_ab=0.7477  val_AUPR_ag=0.3896  val_P@5_ab=0.9500  val_P@5_ag=0.7000  select=0.5687
Ep032  LR0=1.18e-04  pw=1.39  aucα=0.300  token_p=0.020  dropE=(0.020,0.080)  smooth=0.010  train_loss=0.2162  train_AUPR_all=0.7437  train_AUPR_ab=0.8041  train_AUPR_ag=0.6564  train_P@5_ab=1.0000  train_P@5_ag=0.9500  val_loss=0.3157  val_AUPR_all=0.6093  val_AUPR_ab=0.7541  val_AUPR_ag=0.3949  val_P@5_ab=1.0000  val_P@5_ag=0.8000  select=0.5745
Ep033  LR0=1.14e-04  pw=1.35  aucα=0.300  token_p=0.020  dropE=(0.020,0.080)  smooth=0.010  train_loss=0.2054  train_AUPR_all=0.7569  train_AUPR_ab=0.8082  train_AUPR_ag=0.6838  train_P@5_ab=1.0000  train_P@5_ag=0.9500  val_loss=0.3151  val_AUPR_all=0.6136  val_AUPR_ab=0.7501  val_AUPR_ag=0.4095  val_P@5_ab=0.9000  val_P@5_ag=0.8500  select=0.5798
Ep034  LR0=1.09e-04  pw=1.31  aucα=0.300  token_p=0.020  dropE=(0.020,0.080)  smooth=0.010  train_loss=0.1975  train_AUPR_all=0.7687  train_AUPR_ab=0.8190  train_AUPR_ag=0.6971  train_P@5_ab=0.9500  train_P@5_ag=1.0000  val_loss=0.3228  val_AUPR_all=0.6069  val_AUPR_ab=0.7584  val_AUPR_ag=0.4047  val_P@5_ab=1.0000  val_P@5_ag=1.0000  select=0.5815
Ep035  LR0=1.05e-04  pw=1.27  aucα=0.300  token_p=0.020  dropE=(0.020,0.080)  smooth=0.010  train_loss=0.1939  train_AUPR_all=0.7709  train_AUPR_ab=0.8201  train_AUPR_ag=0.7004  train_P@5_ab=1.0000  train_P@5_ag=1.0000  val_loss=0.3166  val_AUPR_all=0.6048  val_AUPR_ab=0.7506  val_AUPR_ag=0.3925  val_P@5_ab=0.9500  val_P@5_ag=0.9500  select=0.5715
Ep036  LR0=1.00e-04  pw=1.24  aucα=0.300  token_p=0.020  dropE=(0.020,0.080)  smooth=0.010  train_loss=0.1880  train_AUPR_all=0.7807  train_AUPR_ab=0.8246  train_AUPR_ag=0.7190  train_P@5_ab=1.0000  train_P@5_ag=1.0000  val_loss=0.3144  val_AUPR_all=0.6114  val_AUPR_ab=0.7540  val_AUPR_ag=0.4073  val_P@5_ab=1.0000  val_P@5_ag=0.8000  select=0.5806
Ep037  LR0=9.58e-05  pw=1.21  aucα=0.300  token_p=0.020  dropE=(0.020,0.080)  smooth=0.010  train_loss=0.1847  train_AUPR_all=0.7834  train_AUPR_ab=0.8279  train_AUPR_ag=0.7207  train_P@5_ab=1.0000  train_P@5_ag=1.0000  val_loss=0.3131  val_AUPR_all=0.6095  val_AUPR_ab=0.7631  val_AUPR_ag=0.4134  val_P@5_ab=1.0000  val_P@5_ag=0.8500  select=0.5883
  Saved checkpoint: checkpoints_old/iPara_balanced_l1_g9_i4_do0.10_dpr0.10_lr0.0002_heads16_fold2.pth  select=0.5883  val_ab=0.7631  val_ag=0.4134  val_all=0.6095
Ep038  LR0=9.13e-05  pw=1.19  aucα=0.300  token_p=0.020  dropE=(0.020,0.080)  smooth=0.010  train_loss=0.1781  train_AUPR_all=0.7927  train_AUPR_ab=0.8324  train_AUPR_ag=0.7373  train_P@5_ab=1.0000  train_P@5_ag=1.0000  val_loss=0.3135  val_AUPR_all=0.5931  val_AUPR_ab=0.7515  val_AUPR_ag=0.3872  val_P@5_ab=1.0000  val_P@5_ag=0.7000  select=0.5694
Ep039  LR0=8.69e-05  pw=1.16  aucα=0.300  token_p=0.020  dropE=(0.020,0.080)  smooth=0.010  train_loss=0.1720  train_AUPR_all=0.8042  train_AUPR_ab=0.8422  train_AUPR_ag=0.7516  train_P@5_ab=1.0000  train_P@5_ag=1.0000  val_loss=0.3159  val_AUPR_all=0.5976  val_AUPR_ab=0.7589  val_AUPR_ag=0.3993  val_P@5_ab=1.0000  val_P@5_ag=0.8000  select=0.5791
Ep040  LR0=8.24e-05  pw=1.15  aucα=0.300  token_p=0.020  dropE=(0.020,0.080)  smooth=0.010  train_loss=0.1665  train_AUPR_all=0.8112  train_AUPR_ab=0.8459  train_AUPR_ag=0.7632  train_P@5_ab=1.0000  train_P@5_ag=1.0000  val_loss=0.3219  val_AUPR_all=0.6016  val_AUPR_ab=0.7568  val_AUPR_ag=0.3998  val_P@5_ab=1.0000  val_P@5_ag=0.9000  select=0.5783
Ep041  LR0=7.81e-05  pw=1.13  aucα=0.300  token_p=0.020  dropE=(0.020,0.080)  smooth=0.010  train_loss=0.1623  train_AUPR_all=0.8186  train_AUPR_ab=0.8537  train_AUPR_ag=0.7702  train_P@5_ab=1.0000  train_P@5_ag=1.0000  val_loss=0.3032  val_AUPR_all=0.6105  val_AUPR_ab=0.7656  val_AUPR_ag=0.4130  val_P@5_ab=1.0000  val_P@5_ag=0.9500  select=0.5893
  Saved checkpoint: checkpoints_old/iPara_balanced_l1_g9_i4_do0.10_dpr0.10_lr0.0002_heads16_fold2.pth  select=0.5893  val_ab=0.7656  val_ag=0.4130  val_all=0.6105
Ep042  LR0=7.37e-05  pw=1.11  aucα=0.300  token_p=0.020  dropE=(0.020,0.080)  smooth=0.010  train_loss=0.1555  train_AUPR_all=0.8277  train_AUPR_ab=0.8594  train_AUPR_ag=0.7839  train_P@5_ab=0.9500  train_P@5_ag=0.9500  val_loss=0.3061  val_AUPR_all=0.6118  val_AUPR_ab=0.7576  val_AUPR_ag=0.4226  val_P@5_ab=0.9500  val_P@5_ag=0.9000  select=0.5901
  Saved checkpoint: checkpoints_old/iPara_balanced_l1_g9_i4_do0.10_dpr0.10_lr0.0002_heads16_fold2.pth  select=0.5901  val_ab=0.7576  val_ag=0.4226  val_all=0.6118
Ep043  LR0=6.94e-05  pw=1.10  aucα=0.300  token_p=0.020  dropE=(0.020,0.080)  smooth=0.010  train_loss=0.1517  train_AUPR_all=0.8343  train_AUPR_ab=0.8655  train_AUPR_ag=0.7910  train_P@5_ab=1.0000  train_P@5_ag=1.0000  val_loss=0.3092  val_AUPR_all=0.6098  val_AUPR_ab=0.7624  val_AUPR_ag=0.4014  val_P@5_ab=1.0000  val_P@5_ag=0.7500  select=0.5819
Ep044  LR0=6.52e-05  pw=1.09  aucα=0.300  token_p=0.020  dropE=(0.020,0.080)  smooth=0.010  train_loss=0.1480  train_AUPR_all=0.8401  train_AUPR_ab=0.8695  train_AUPR_ag=0.7995  train_P@5_ab=1.0000  train_P@5_ag=1.0000  val_loss=0.3117  val_AUPR_all=0.6056  val_AUPR_ab=0.7568  val_AUPR_ag=0.3980  val_P@5_ab=1.0000  val_P@5_ag=0.7500  select=0.5774
Ep045  LR0=6.10e-05  pw=1.08  aucα=0.300  token_p=0.020  dropE=(0.020,0.080)  smooth=0.010  train_loss=0.1497  train_AUPR_all=0.8365  train_AUPR_ab=0.8691  train_AUPR_ag=0.7911  train_P@5_ab=1.0000  train_P@5_ag=1.0000  val_loss=0.3063  val_AUPR_all=0.6034  val_AUPR_ab=0.7591  val_AUPR_ag=0.3884  val_P@5_ab=1.0000  val_P@5_ag=0.7500  select=0.5737
Ep046  LR0=5.70e-05  pw=1.07  aucα=0.300  token_p=0.020  dropE=(0.020,0.080)  smooth=0.010  train_loss=0.1432  train_AUPR_all=0.8479  train_AUPR_ab=0.8740  train_AUPR_ag=0.8123  train_P@5_ab=0.9500  train_P@5_ag=1.0000  val_loss=0.3137  val_AUPR_all=0.5923  val_AUPR_ab=0.7498  val_AUPR_ag=0.3923  val_P@5_ab=0.9500  val_P@5_ag=0.7000  select=0.5710
Ep047  LR0=5.30e-05  pw=1.06  aucα=0.300  token_p=0.020  dropE=(0.020,0.080)  smooth=0.010  train_loss=0.1417  train_AUPR_all=0.8494  train_AUPR_ab=0.8766  train_AUPR_ag=0.8119  train_P@5_ab=1.0000  train_P@5_ag=1.0000  val_loss=0.3180  val_AUPR_all=0.5995  val_AUPR_ab=0.7492  val_AUPR_ag=0.4088  val_P@5_ab=0.9000  val_P@5_ag=0.9500  select=0.5790
Ep048  LR0=4.91e-05  pw=1.05  aucα=0.300  token_p=0.020  dropE=(0.020,0.080)  smooth=0.010  train_loss=0.1433  train_AUPR_all=0.8461  train_AUPR_ab=0.8753  train_AUPR_ag=0.8057  train_P@5_ab=1.0000  train_P@5_ag=1.0000  val_loss=0.3187  val_AUPR_all=0.5948  val_AUPR_ab=0.7472  val_AUPR_ag=0.3810  val_P@5_ab=0.9500  val_P@5_ag=0.6500  select=0.5641
Ep049  LR0=4.53e-05  pw=1.05  aucα=0.300  token_p=0.020  dropE=(0.020,0.080)  smooth=0.010  train_loss=0.1349  train_AUPR_all=0.8602  train_AUPR_ab=0.8863  train_AUPR_ag=0.8237  train_P@5_ab=1.0000  train_P@5_ag=1.0000  val_loss=0.3146  val_AUPR_all=0.5925  val_AUPR_ab=0.7494  val_AUPR_ag=0.3931  val_P@5_ab=0.9000  val_P@5_ag=0.7000  select=0.5712
Ep050  LR0=4.16e-05  pw=1.04  aucα=0.300  token_p=0.020  dropE=(0.020,0.080)  smooth=0.010  train_loss=0.1337  train_AUPR_all=0.8622  train_AUPR_ab=0.8886  train_AUPR_ag=0.8255  train_P@5_ab=1.0000  train_P@5_ag=1.0000  val_loss=0.3165  val_AUPR_all=0.6033  val_AUPR_ab=0.7506  val_AUPR_ag=0.4077  val_P@5_ab=0.9000  val_P@5_ag=0.8000  select=0.5791
Ep051  LR0=3.81e-05  pw=1.04  aucα=0.300  token_p=0.020  dropE=(0.020,0.080)  smooth=0.010  train_loss=0.1328  train_AUPR_all=0.8625  train_AUPR_ab=0.8884  train_AUPR_ag=0.8266  train_P@5_ab=0.9500  train_P@5_ag=0.9500  val_loss=0.3151  val_AUPR_all=0.5987  val_AUPR_ab=0.7476  val_AUPR_ag=0.4103  val_P@5_ab=0.9000  val_P@5_ag=0.9000  select=0.5790
Ep052  LR0=3.46e-05  pw=1.03  aucα=0.300  token_p=0.020  dropE=(0.020,0.080)  smooth=0.010  train_loss=0.1268  train_AUPR_all=0.8725  train_AUPR_ab=0.8962  train_AUPR_ag=0.8397  train_P@5_ab=1.0000  train_P@5_ag=1.0000  val_loss=0.3248  val_AUPR_all=0.5988  val_AUPR_ab=0.7506  val_AUPR_ag=0.4023  val_P@5_ab=0.9500  val_P@5_ag=0.8000  select=0.5764
Ep053  LR0=3.13e-05  pw=1.03  aucα=0.300  token_p=0.020  dropE=(0.020,0.080)  smooth=0.010  train_loss=0.1250  train_AUPR_all=0.8757  train_AUPR_ab=0.8997  train_AUPR_ag=0.8424  train_P@5_ab=0.9500  train_P@5_ag=1.0000  val_loss=0.3164  val_AUPR_all=0.5952  val_AUPR_ab=0.7408  val_AUPR_ag=0.4009  val_P@5_ab=0.8500  val_P@5_ag=0.7500  select=0.5709
Ep054  LR0=2.82e-05  pw=1.03  aucα=0.300  token_p=0.020  dropE=(0.020,0.080)  smooth=0.010  train_loss=0.1248  train_AUPR_all=0.8764  train_AUPR_ab=0.8989  train_AUPR_ag=0.8453  train_P@5_ab=1.0000  train_P@5_ag=1.0000  val_loss=0.3257  val_AUPR_all=0.5959  val_AUPR_ab=0.7438  val_AUPR_ag=0.3957  val_P@5_ab=0.7500  val_P@5_ag=0.8500  select=0.5698
Ep055  LR0=2.51e-05  pw=1.02  aucα=0.300  token_p=0.020  dropE=(0.020,0.080)  smooth=0.010  train_loss=0.1223  train_AUPR_all=0.8813  train_AUPR_ab=0.9050  train_AUPR_ag=0.8479  train_P@5_ab=1.0000  train_P@5_ag=1.0000  val_loss=0.3175  val_AUPR_all=0.5963  val_AUPR_ab=0.7412  val_AUPR_ag=0.4029  val_P@5_ab=0.9000  val_P@5_ag=0.8500  select=0.5721
Ep056  LR0=2.23e-05  pw=1.02  aucα=0.300  token_p=0.020  dropE=(0.020,0.080)  smooth=0.010  train_loss=0.1255  train_AUPR_all=0.8747  train_AUPR_ab=0.8990  train_AUPR_ag=0.8407  train_P@5_ab=1.0000  train_P@5_ag=1.0000  val_loss=0.3146  val_AUPR_all=0.5958  val_AUPR_ab=0.7425  val_AUPR_ag=0.4068  val_P@5_ab=0.9000  val_P@5_ag=0.8000  select=0.5746
Ep057  LR0=1.96e-05  pw=1.02  aucα=0.300  token_p=0.020  dropE=(0.020,0.080)  smooth=0.010  train_loss=0.1234  train_AUPR_all=0.8783  train_AUPR_ab=0.9027  train_AUPR_ag=0.8438  train_P@5_ab=1.0000  train_P@5_ag=1.0000  val_loss=0.3233  val_AUPR_all=0.5895  val_AUPR_ab=0.7426  val_AUPR_ag=0.3941  val_P@5_ab=0.8000  val_P@5_ag=0.6500  select=0.5683
Ep058  LR0=1.70e-05  pw=1.02  aucα=0.300  token_p=0.020  dropE=(0.020,0.080)  smooth=0.010  train_loss=0.1210  train_AUPR_all=0.8814  train_AUPR_ab=0.9037  train_AUPR_ag=0.8501  train_P@5_ab=1.0000  train_P@5_ag=1.0000  val_loss=0.3240  val_AUPR_all=0.5863  val_AUPR_ab=0.7349  val_AUPR_ag=0.3975  val_P@5_ab=0.7500  val_P@5_ag=0.7000  select=0.5662
Ep059  LR0=1.46e-05  pw=1.01  aucα=0.300  token_p=0.020  dropE=(0.020,0.080)  smooth=0.010  train_loss=0.1207  train_AUPR_all=0.8825  train_AUPR_ab=0.9041  train_AUPR_ag=0.8528  train_P@5_ab=1.0000  train_P@5_ag=1.0000  val_loss=0.3228  val_AUPR_all=0.5911  val_AUPR_ab=0.7371  val_AUPR_ag=0.3973  val_P@5_ab=0.8000  val_P@5_ag=0.8000  select=0.5672
Ep060  LR0=1.24e-05  pw=1.01  aucα=0.300  token_p=0.020  dropE=(0.020,0.080)  smooth=0.010  train_loss=0.1193  train_AUPR_all=0.8844  train_AUPR_ab=0.9068  train_AUPR_ag=0.8532  train_P@5_ab=0.9500  train_P@5_ag=1.0000  val_loss=0.3223  val_AUPR_all=0.5920  val_AUPR_ab=0.7393  val_AUPR_ag=0.4041  val_P@5_ab=0.7500  val_P@5_ag=0.8500  select=0.5717
Ep061  LR0=1.04e-05  pw=1.01  aucα=0.300  token_p=0.020  dropE=(0.020,0.080)  smooth=0.010  train_loss=0.1146  train_AUPR_all=0.8919  train_AUPR_ab=0.9127  train_AUPR_ag=0.8628  train_P@5_ab=1.0000  train_P@5_ag=1.0000  val_loss=0.3253  val_AUPR_all=0.5892  val_AUPR_ab=0.7408  val_AUPR_ag=0.3963  val_P@5_ab=0.8000  val_P@5_ag=0.5500  select=0.5685
Ep062  LR0=8.53e-06  pw=1.01  aucα=0.300  token_p=0.020  dropE=(0.020,0.080)  smooth=0.010  train_loss=0.1184  train_AUPR_all=0.8859  train_AUPR_ab=0.9078  train_AUPR_ag=0.8553  train_P@5_ab=1.0000  train_P@5_ag=1.0000  val_loss=0.3248  val_AUPR_all=0.5898  val_AUPR_ab=0.7381  val_AUPR_ag=0.4016  val_P@5_ab=0.8500  val_P@5_ag=0.7000  select=0.5698
Early stopping at epoch 62. Best select=0.5901 at epoch 42.
Final saved checkpoint for fold 2: checkpoints_old/iPara_balanced_l1_g9_i4_do0.10_dpr0.10_lr0.0002_heads16_fold2.pth
Best select=0.5901 at epoch 42

==========================================================================================
Fold 3/5
==========================================================================================
Train labels: valid=401949, pos=26660, neg=375289, ignore=695651, pos_frac=0.06633
Val labels: valid=98243, pos=6570, neg=91673, ignore=176957, pos_frac=0.06687
Initializing ClassificationModel with 9 GAT layers and residual connections...
Initializing MCModel with 9 GAT layers and 4 row attention layers (drop_path_rate=0.1)
Initializing CoreModel with 1 layers, drop_path_rate=0.1
Ep001  LR0=2.00e-04  pw=20.00  aucα=0.000  token_p=0.020  dropE=(0.020,0.080)  smooth=0.010  train_loss=1.1240  train_AUPR_all=0.2085  train_AUPR_ab=0.2469  train_AUPR_ag=0.1622  train_P@5_ab=0.3500  train_P@5_ag=0.7500  val_loss=1.0815  val_AUPR_all=0.3785  val_AUPR_ab=0.4641  val_AUPR_ag=0.2662  val_P@5_ab=0.4000  val_P@5_ag=0.7500  select=0.3651
  Saved checkpoint: checkpoints_old/iPara_balanced_l1_g9_i4_do0.10_dpr0.10_lr0.0002_heads16_fold3.pth  select=0.3651  val_ab=0.4641  val_ag=0.2662  val_all=0.3785
Ep002  LR0=2.00e-04  pw=17.77  aucα=0.000  token_p=0.020  dropE=(0.020,0.080)  smooth=0.010  train_loss=0.8387  train_AUPR_all=0.3595  train_AUPR_ab=0.4407  train_AUPR_ag=0.2294  train_P@5_ab=0.6500  train_P@5_ag=0.7000  val_loss=0.9358  val_AUPR_all=0.4446  val_AUPR_ab=0.5381  val_AUPR_ag=0.3324  val_P@5_ab=0.8000  val_P@5_ag=1.0000  select=0.4352
  Saved checkpoint: checkpoints_old/iPara_balanced_l1_g9_i4_do0.10_dpr0.10_lr0.0002_heads16_fold3.pth  select=0.4352  val_ab=0.5381  val_ag=0.3324  val_all=0.4446
Ep003  LR0=2.00e-04  pw=15.80  aucα=0.000  token_p=0.020  dropE=(0.020,0.080)  smooth=0.010  train_loss=0.7205  train_AUPR_all=0.4229  train_AUPR_ab=0.5104  train_AUPR_ag=0.2747  train_P@5_ab=0.7500  train_P@5_ag=0.8500  val_loss=0.9850  val_AUPR_all=0.5002  val_AUPR_ab=0.5820  val_AUPR_ag=0.3579  val_P@5_ab=0.8000  val_P@5_ag=0.9500  select=0.4699
  Saved checkpoint: checkpoints_old/iPara_balanced_l1_g9_i4_do0.10_dpr0.10_lr0.0002_heads16_fold3.pth  select=0.4699  val_ab=0.5820  val_ag=0.3579  val_all=0.5002
Ep004  LR0=1.99e-04  pw=14.06  aucα=0.000  token_p=0.020  dropE=(0.020,0.080)  smooth=0.010  train_loss=0.6771  train_AUPR_all=0.4479  train_AUPR_ab=0.5307  train_AUPR_ag=0.2978  train_P@5_ab=0.6000  train_P@5_ag=0.9000  val_loss=0.8220  val_AUPR_all=0.5073  val_AUPR_ab=0.5856  val_AUPR_ag=0.3469  val_P@5_ab=0.6500  val_P@5_ag=0.7000  select=0.4663
Ep005  LR0=1.98e-04  pw=12.52  aucα=0.000  token_p=0.020  dropE=(0.020,0.080)  smooth=0.010  train_loss=0.6012  train_AUPR_all=0.4794  train_AUPR_ab=0.5624  train_AUPR_ag=0.3286  train_P@5_ab=0.6000  train_P@5_ag=0.9000  val_loss=0.7821  val_AUPR_all=0.5135  val_AUPR_ab=0.6096  val_AUPR_ag=0.3577  val_P@5_ab=0.6500  val_P@5_ag=0.9500  select=0.4836
  Saved checkpoint: checkpoints_old/iPara_balanced_l1_g9_i4_do0.10_dpr0.10_lr0.0002_heads16_fold3.pth  select=0.4836  val_ab=0.6096  val_ag=0.3577  val_all=0.5135
Ep006  LR0=1.97e-04  pw=11.17  aucα=0.000  token_p=0.020  dropE=(0.020,0.080)  smooth=0.010  train_loss=0.5813  train_AUPR_all=0.4828  train_AUPR_ab=0.5654  train_AUPR_ag=0.3310  train_P@5_ab=0.7500  train_P@5_ag=0.9000  val_loss=0.7576  val_AUPR_all=0.5068  val_AUPR_ab=0.6350  val_AUPR_ag=0.3649  val_P@5_ab=0.7000  val_P@5_ag=1.0000  select=0.4999
  Saved checkpoint: checkpoints_old/iPara_balanced_l1_g9_i4_do0.10_dpr0.10_lr0.0002_heads16_fold3.pth  select=0.4999  val_ab=0.6350  val_ag=0.3649  val_all=0.5068
Ep007  LR0=1.96e-04  pw=9.97  aucα=0.000  token_p=0.020  dropE=(0.020,0.080)  smooth=0.010  train_loss=0.5297  train_AUPR_all=0.4969  train_AUPR_ab=0.5855  train_AUPR_ag=0.3376  train_P@5_ab=0.9500  train_P@5_ag=0.8000  val_loss=0.6974  val_AUPR_all=0.5518  val_AUPR_ab=0.6485  val_AUPR_ag=0.3755  val_P@5_ab=0.9500  val_P@5_ag=1.0000  select=0.5120
  Saved checkpoint: checkpoints_old/iPara_balanced_l1_g9_i4_do0.10_dpr0.10_lr0.0002_heads16_fold3.pth  select=0.5120  val_ab=0.6485  val_ag=0.3755  val_all=0.5518
Ep008  LR0=1.95e-04  pw=8.92  aucα=0.000  token_p=0.020  dropE=(0.020,0.080)  smooth=0.010  train_loss=0.4975  train_AUPR_all=0.5143  train_AUPR_ab=0.6067  train_AUPR_ag=0.3495  train_P@5_ab=0.8000  train_P@5_ag=0.9000  val_loss=0.6934  val_AUPR_all=0.5349  val_AUPR_ab=0.6657  val_AUPR_ag=0.3428  val_P@5_ab=0.9000  val_P@5_ag=0.9500  select=0.5042
Ep009  LR0=1.94e-04  pw=7.99  aucα=0.000  token_p=0.020  dropE=(0.020,0.080)  smooth=0.010  train_loss=0.4642  train_AUPR_all=0.5275  train_AUPR_ab=0.6278  train_AUPR_ag=0.3498  train_P@5_ab=0.6500  train_P@5_ag=0.8500  val_loss=0.6605  val_AUPR_all=0.5543  val_AUPR_ab=0.6519  val_AUPR_ag=0.3744  val_P@5_ab=0.8500  val_P@5_ag=1.0000  select=0.5132
  Saved checkpoint: checkpoints_old/iPara_balanced_l1_g9_i4_do0.10_dpr0.10_lr0.0002_heads16_fold3.pth  select=0.5132  val_ab=0.6519  val_ag=0.3744  val_all=0.5543
Ep010  LR0=1.92e-04  pw=7.17  aucα=0.030  token_p=0.020  dropE=(0.020,0.080)  smooth=0.010  train_loss=0.4515  train_AUPR_all=0.5306  train_AUPR_ab=0.6292  train_AUPR_ag=0.3582  train_P@5_ab=0.6500  train_P@5_ag=0.9000  val_loss=0.6185  val_AUPR_all=0.5546  val_AUPR_ab=0.6711  val_AUPR_ag=0.3787  val_P@5_ab=1.0000  val_P@5_ag=1.0000  select=0.5249
  Saved checkpoint: checkpoints_old/iPara_balanced_l1_g9_i4_do0.10_dpr0.10_lr0.0002_heads16_fold3.pth  select=0.5249  val_ab=0.6711  val_ag=0.3787  val_all=0.5546
Unfreezing DyM parameters.
Ep011  LR0=1.90e-04  pw=6.44  aucα=0.060  token_p=0.020  dropE=(0.020,0.080)  smooth=0.010  train_loss=0.4346  train_AUPR_all=0.5541  train_AUPR_ab=0.6458  train_AUPR_ag=0.3893  train_P@5_ab=0.9000  train_P@5_ag=0.9000  val_loss=0.5782  val_AUPR_all=0.5709  val_AUPR_ab=0.6929  val_AUPR_ag=0.3797  val_P@5_ab=1.0000  val_P@5_ag=0.8500  select=0.5363
  Saved checkpoint: checkpoints_old/iPara_balanced_l1_g9_i4_do0.10_dpr0.10_lr0.0002_heads16_fold3.pth  select=0.5363  val_ab=0.6929  val_ag=0.3797  val_all=0.5709
Ep012  LR0=1.88e-04  pw=5.80  aucα=0.090  token_p=0.020  dropE=(0.020,0.080)  smooth=0.010  train_loss=0.4231  train_AUPR_all=0.5644  train_AUPR_ab=0.6631  train_AUPR_ag=0.3942  train_P@5_ab=0.9000  train_P@5_ag=0.9500  val_loss=0.5380  val_AUPR_all=0.5681  val_AUPR_ab=0.6855  val_AUPR_ag=0.3869  val_P@5_ab=0.7500  val_P@5_ag=1.0000  select=0.5362
Ep013  LR0=1.86e-04  pw=5.24  aucα=0.120  token_p=0.020  dropE=(0.020,0.080)  smooth=0.010  train_loss=0.4124  train_AUPR_all=0.5665  train_AUPR_ab=0.6676  train_AUPR_ag=0.3958  train_P@5_ab=1.0000  train_P@5_ag=1.0000  val_loss=0.4988  val_AUPR_all=0.5924  val_AUPR_ab=0.7030  val_AUPR_ag=0.4045  val_P@5_ab=0.9500  val_P@5_ag=1.0000  select=0.5538
  Saved checkpoint: checkpoints_old/iPara_balanced_l1_g9_i4_do0.10_dpr0.10_lr0.0002_heads16_fold3.pth  select=0.5538  val_ab=0.7030  val_ag=0.4045  val_all=0.5924
Ep014  LR0=1.83e-04  pw=4.74  aucα=0.150  token_p=0.020  dropE=(0.020,0.080)  smooth=0.010  train_loss=0.3996  train_AUPR_all=0.5900  train_AUPR_ab=0.6935  train_AUPR_ag=0.4176  train_P@5_ab=1.0000  train_P@5_ag=0.9500  val_loss=0.4909  val_AUPR_all=0.5893  val_AUPR_ab=0.7097  val_AUPR_ag=0.3767  val_P@5_ab=1.0000  val_P@5_ag=1.0000  select=0.5432
Ep015  LR0=1.81e-04  pw=4.30  aucα=0.180  token_p=0.020  dropE=(0.020,0.080)  smooth=0.010  train_loss=0.3942  train_AUPR_all=0.5949  train_AUPR_ab=0.7036  train_AUPR_ag=0.4158  train_P@5_ab=0.9000  train_P@5_ag=0.9500  val_loss=0.4840  val_AUPR_all=0.5915  val_AUPR_ab=0.7110  val_AUPR_ag=0.3924  val_P@5_ab=0.9500  val_P@5_ag=1.0000  select=0.5517
Ep016  LR0=1.78e-04  pw=3.91  aucα=0.210  token_p=0.020  dropE=(0.020,0.080)  smooth=0.010  train_loss=0.3854  train_AUPR_all=0.6017  train_AUPR_ab=0.7070  train_AUPR_ag=0.4277  train_P@5_ab=0.9500  train_P@5_ag=0.8000  val_loss=0.4436  val_AUPR_all=0.5978  val_AUPR_ab=0.7228  val_AUPR_ag=0.3987  val_P@5_ab=1.0000  val_P@5_ag=0.8000  select=0.5607
  Saved checkpoint: checkpoints_old/iPara_balanced_l1_g9_i4_do0.10_dpr0.10_lr0.0002_heads16_fold3.pth  select=0.5607  val_ab=0.7228  val_ag=0.3987  val_all=0.5978
Ep017  LR0=1.75e-04  pw=3.57  aucα=0.240  token_p=0.020  dropE=(0.020,0.080)  smooth=0.010  train_loss=0.3786  train_AUPR_all=0.6128  train_AUPR_ab=0.7139  train_AUPR_ag=0.4473  train_P@5_ab=0.9000  train_P@5_ag=1.0000  val_loss=0.4319  val_AUPR_all=0.6019  val_AUPR_ab=0.7217  val_AUPR_ag=0.4122  val_P@5_ab=0.9500  val_P@5_ag=0.9000  select=0.5670
  Saved checkpoint: checkpoints_old/iPara_balanced_l1_g9_i4_do0.10_dpr0.10_lr0.0002_heads16_fold3.pth  select=0.5670  val_ab=0.7217  val_ag=0.4122  val_all=0.6019
Ep018  LR0=1.72e-04  pw=3.27  aucα=0.270  token_p=0.020  dropE=(0.020,0.080)  smooth=0.010  train_loss=0.3727  train_AUPR_all=0.6159  train_AUPR_ab=0.7153  train_AUPR_ag=0.4557  train_P@5_ab=0.9000  train_P@5_ag=0.9000  val_loss=0.4203  val_AUPR_all=0.5954  val_AUPR_ab=0.7296  val_AUPR_ag=0.3939  val_P@5_ab=1.0000  val_P@5_ag=0.9500  select=0.5617
Ep019  LR0=1.69e-04  pw=3.00  aucα=0.300  token_p=0.020  dropE=(0.020,0.080)  smooth=0.010  train_loss=0.3675  train_AUPR_all=0.6279  train_AUPR_ab=0.7289  train_AUPR_ag=0.4668  train_P@5_ab=1.0000  train_P@5_ag=0.9000  val_loss=0.3973  val_AUPR_all=0.6095  val_AUPR_ab=0.7400  val_AUPR_ag=0.3998  val_P@5_ab=1.0000  val_P@5_ag=0.8000  select=0.5699
  Saved checkpoint: checkpoints_old/iPara_balanced_l1_g9_i4_do0.10_dpr0.10_lr0.0002_heads16_fold3.pth  select=0.5699  val_ab=0.7400  val_ag=0.3998  val_all=0.6095
Ep020  LR0=1.66e-04  pw=2.77  aucα=0.300  token_p=0.020  dropE=(0.020,0.080)  smooth=0.010  train_loss=0.3481  train_AUPR_all=0.6390  train_AUPR_ab=0.7356  train_AUPR_ag=0.4871  train_P@5_ab=1.0000  train_P@5_ag=0.8500  val_loss=0.3956  val_AUPR_all=0.6031  val_AUPR_ab=0.7383  val_AUPR_ag=0.4040  val_P@5_ab=1.0000  val_P@5_ag=0.8000  select=0.5712
  Saved checkpoint: checkpoints_old/iPara_balanced_l1_g9_i4_do0.10_dpr0.10_lr0.0002_heads16_fold3.pth  select=0.5712  val_ab=0.7383  val_ag=0.4040  val_all=0.6031
Ep021  LR0=1.62e-04  pw=2.56  aucα=0.300  token_p=0.020  dropE=(0.020,0.080)  smooth=0.010  train_loss=0.3311  train_AUPR_all=0.6468  train_AUPR_ab=0.7404  train_AUPR_ag=0.5005  train_P@5_ab=0.9500  train_P@5_ag=1.0000  val_loss=0.3795  val_AUPR_all=0.6142  val_AUPR_ab=0.7436  val_AUPR_ag=0.4112  val_P@5_ab=1.0000  val_P@5_ag=1.0000  select=0.5774
  Saved checkpoint: checkpoints_old/iPara_balanced_l1_g9_i4_do0.10_dpr0.10_lr0.0002_heads16_fold3.pth  select=0.5774  val_ab=0.7436  val_ag=0.4112  val_all=0.6142
Ep022  LR0=1.59e-04  pw=2.38  aucα=0.300  token_p=0.020  dropE=(0.020,0.080)  smooth=0.010  train_loss=0.3197  train_AUPR_all=0.6547  train_AUPR_ab=0.7460  train_AUPR_ag=0.5117  train_P@5_ab=1.0000  train_P@5_ag=0.9500  val_loss=0.3645  val_AUPR_all=0.6145  val_AUPR_ab=0.7470  val_AUPR_ag=0.4138  val_P@5_ab=1.0000  val_P@5_ag=0.7000  select=0.5804
  Saved checkpoint: checkpoints_old/iPara_balanced_l1_g9_i4_do0.10_dpr0.10_lr0.0002_heads16_fold3.pth  select=0.5804  val_ab=0.7470  val_ag=0.4138  val_all=0.6145
Ep023  LR0=1.55e-04  pw=2.21  aucα=0.300  token_p=0.020  dropE=(0.020,0.080)  smooth=0.010  train_loss=0.3021  train_AUPR_all=0.6659  train_AUPR_ab=0.7555  train_AUPR_ag=0.5275  train_P@5_ab=1.0000  train_P@5_ag=1.0000  val_loss=0.3618  val_AUPR_all=0.6103  val_AUPR_ab=0.7433  val_AUPR_ag=0.4068  val_P@5_ab=1.0000  val_P@5_ag=0.8500  select=0.5750
Ep024  LR0=1.51e-04  pw=2.07  aucα=0.300  token_p=0.020  dropE=(0.020,0.080)  smooth=0.010  train_loss=0.2902  train_AUPR_all=0.6751  train_AUPR_ab=0.7595  train_AUPR_ag=0.5464  train_P@5_ab=0.9500  train_P@5_ag=0.9500  val_loss=0.3451  val_AUPR_all=0.6156  val_AUPR_ab=0.7493  val_AUPR_ag=0.3982  val_P@5_ab=1.0000  val_P@5_ag=1.0000  select=0.5737
Ep025  LR0=1.48e-04  pw=1.95  aucα=0.300  token_p=0.020  dropE=(0.020,0.080)  smooth=0.010  train_loss=0.2728  train_AUPR_all=0.6920  train_AUPR_ab=0.7704  train_AUPR_ag=0.5725  train_P@5_ab=1.0000  train_P@5_ag=1.0000  val_loss=0.3533  val_AUPR_all=0.6046  val_AUPR_ab=0.7537  val_AUPR_ag=0.3856  val_P@5_ab=1.0000  val_P@5_ag=0.9500  select=0.5697
Ep026  LR0=1.44e-04  pw=1.83  aucα=0.300  token_p=0.020  dropE=(0.020,0.080)  smooth=0.010  train_loss=0.2647  train_AUPR_all=0.6962  train_AUPR_ab=0.7728  train_AUPR_ag=0.5794  train_P@5_ab=0.9000  train_P@5_ag=1.0000  val_loss=0.3465  val_AUPR_all=0.6088  val_AUPR_ab=0.7557  val_AUPR_ag=0.3843  val_P@5_ab=1.0000  val_P@5_ag=1.0000  select=0.5700
Ep027  LR0=1.39e-04  pw=1.74  aucα=0.300  token_p=0.020  dropE=(0.020,0.080)  smooth=0.010  train_loss=0.2550  train_AUPR_all=0.7034  train_AUPR_ab=0.7759  train_AUPR_ag=0.5953  train_P@5_ab=1.0000  train_P@5_ag=0.9500  val_loss=0.3408  val_AUPR_all=0.5949  val_AUPR_ab=0.7486  val_AUPR_ag=0.3868  val_P@5_ab=1.0000  val_P@5_ag=1.0000  select=0.5677
Ep028  LR0=1.35e-04  pw=1.65  aucα=0.300  token_p=0.020  dropE=(0.020,0.080)  smooth=0.010  train_loss=0.2451  train_AUPR_all=0.7110  train_AUPR_ab=0.7774  train_AUPR_ag=0.6125  train_P@5_ab=1.0000  train_P@5_ag=1.0000  val_loss=0.3380  val_AUPR_all=0.6085  val_AUPR_ab=0.7557  val_AUPR_ag=0.4065  val_P@5_ab=1.0000  val_P@5_ag=0.9500  select=0.5811
  Saved checkpoint: checkpoints_old/iPara_balanced_l1_g9_i4_do0.10_dpr0.10_lr0.0002_heads16_fold3.pth  select=0.5811  val_ab=0.7557  val_ag=0.4065  val_all=0.6085
Ep029  LR0=1.31e-04  pw=1.57  aucα=0.300  token_p=0.020  dropE=(0.020,0.080)  smooth=0.010  train_loss=0.2359  train_AUPR_all=0.7236  train_AUPR_ab=0.7863  train_AUPR_ag=0.6322  train_P@5_ab=1.0000  train_P@5_ag=1.0000  val_loss=0.3277  val_AUPR_all=0.6102  val_AUPR_ab=0.7494  val_AUPR_ag=0.4018  val_P@5_ab=1.0000  val_P@5_ag=0.9000  select=0.5756
Ep030  LR0=1.27e-04  pw=1.51  aucα=0.300  token_p=0.020  dropE=(0.020,0.080)  smooth=0.010  train_loss=0.2242  train_AUPR_all=0.7381  train_AUPR_ab=0.7971  train_AUPR_ag=0.6519  train_P@5_ab=1.0000  train_P@5_ag=1.0000  val_loss=0.3249  val_AUPR_all=0.5953  val_AUPR_ab=0.7558  val_AUPR_ag=0.3800  val_P@5_ab=0.9500  val_P@5_ag=1.0000  select=0.5679
Ep031  LR0=1.22e-04  pw=1.45  aucα=0.300  token_p=0.020  dropE=(0.020,0.080)  smooth=0.010  train_loss=0.2174  train_AUPR_all=0.7457  train_AUPR_ab=0.7995  train_AUPR_ag=0.6683  train_P@5_ab=1.0000  train_P@5_ag=0.9500  val_loss=0.3166  val_AUPR_all=0.6161  val_AUPR_ab=0.7588  val_AUPR_ag=0.4153  val_P@5_ab=1.0000  val_P@5_ag=0.9000  select=0.5870
  Saved checkpoint: checkpoints_old/iPara_balanced_l1_g9_i4_do0.10_dpr0.10_lr0.0002_heads16_fold3.pth  select=0.5870  val_ab=0.7588  val_ag=0.4153  val_all=0.6161
Ep032  LR0=1.18e-04  pw=1.39  aucα=0.300  token_p=0.020  dropE=(0.020,0.080)  smooth=0.010  train_loss=0.2105  train_AUPR_all=0.7513  train_AUPR_ab=0.8012  train_AUPR_ag=0.6802  train_P@5_ab=1.0000  train_P@5_ag=1.0000  val_loss=0.3358  val_AUPR_all=0.5947  val_AUPR_ab=0.7507  val_AUPR_ag=0.3963  val_P@5_ab=1.0000  val_P@5_ag=1.0000  select=0.5735
Ep033  LR0=1.14e-04  pw=1.35  aucα=0.300  token_p=0.020  dropE=(0.020,0.080)  smooth=0.010  train_loss=0.2010  train_AUPR_all=0.7631  train_AUPR_ab=0.8071  train_AUPR_ag=0.7013  train_P@5_ab=1.0000  train_P@5_ag=0.9000  val_loss=0.3206  val_AUPR_all=0.6056  val_AUPR_ab=0.7580  val_AUPR_ag=0.3920  val_P@5_ab=1.0000  val_P@5_ag=0.9500  select=0.5750
Ep034  LR0=1.09e-04  pw=1.31  aucα=0.300  token_p=0.020  dropE=(0.020,0.080)  smooth=0.010  train_loss=0.1933  train_AUPR_all=0.7734  train_AUPR_ab=0.8186  train_AUPR_ag=0.7094  train_P@5_ab=1.0000  train_P@5_ag=0.9500  val_loss=0.3177  val_AUPR_all=0.6055  val_AUPR_ab=0.7624  val_AUPR_ag=0.3880  val_P@5_ab=1.0000  val_P@5_ag=0.8500  select=0.5752
Ep035  LR0=1.05e-04  pw=1.27  aucα=0.300  token_p=0.020  dropE=(0.020,0.080)  smooth=0.010  train_loss=0.1891  train_AUPR_all=0.7790  train_AUPR_ab=0.8219  train_AUPR_ag=0.7185  train_P@5_ab=1.0000  train_P@5_ag=1.0000  val_loss=0.3228  val_AUPR_all=0.5910  val_AUPR_ab=0.7613  val_AUPR_ag=0.3771  val_P@5_ab=1.0000  val_P@5_ag=0.8500  select=0.5692
Ep036  LR0=1.00e-04  pw=1.24  aucα=0.300  token_p=0.020  dropE=(0.020,0.080)  smooth=0.010  train_loss=0.1903  train_AUPR_all=0.7741  train_AUPR_ab=0.8186  train_AUPR_ag=0.7114  train_P@5_ab=0.9500  train_P@5_ag=0.9500  val_loss=0.3182  val_AUPR_all=0.5983  val_AUPR_ab=0.7515  val_AUPR_ag=0.3891  val_P@5_ab=1.0000  val_P@5_ag=0.8000  select=0.5703
Ep037  LR0=9.58e-05  pw=1.21  aucα=0.300  token_p=0.020  dropE=(0.020,0.080)  smooth=0.010  train_loss=0.1778  train_AUPR_all=0.7947  train_AUPR_ab=0.8323  train_AUPR_ag=0.7422  train_P@5_ab=1.0000  train_P@5_ag=1.0000  val_loss=0.3070  val_AUPR_all=0.6119  val_AUPR_ab=0.7632  val_AUPR_ag=0.3996  val_P@5_ab=1.0000  val_P@5_ag=0.8500  select=0.5814
Ep038  LR0=9.13e-05  pw=1.19  aucα=0.300  token_p=0.020  dropE=(0.020,0.080)  smooth=0.010  train_loss=0.1747  train_AUPR_all=0.7984  train_AUPR_ab=0.8345  train_AUPR_ag=0.7482  train_P@5_ab=1.0000  train_P@5_ag=1.0000  val_loss=0.3273  val_AUPR_all=0.5878  val_AUPR_ab=0.7614  val_AUPR_ag=0.3784  val_P@5_ab=1.0000  val_P@5_ag=0.8000  select=0.5699
Ep039  LR0=8.69e-05  pw=1.16  aucα=0.300  token_p=0.020  dropE=(0.020,0.080)  smooth=0.010  train_loss=0.1701  train_AUPR_all=0.8045  train_AUPR_ab=0.8378  train_AUPR_ag=0.7586  train_P@5_ab=1.0000  train_P@5_ag=1.0000  val_loss=0.3024  val_AUPR_all=0.5993  val_AUPR_ab=0.7609  val_AUPR_ag=0.3863  val_P@5_ab=1.0000  val_P@5_ag=0.9000  select=0.5736
Ep040  LR0=8.24e-05  pw=1.15  aucα=0.300  token_p=0.020  dropE=(0.020,0.080)  smooth=0.010  train_loss=0.1634  train_AUPR_all=0.8148  train_AUPR_ab=0.8469  train_AUPR_ag=0.7705  train_P@5_ab=0.9500  train_P@5_ag=0.9500  val_loss=0.3205  val_AUPR_all=0.5962  val_AUPR_ab=0.7643  val_AUPR_ag=0.3663  val_P@5_ab=1.0000  val_P@5_ag=0.6500  select=0.5653
Ep041  LR0=7.81e-05  pw=1.13  aucα=0.300  token_p=0.020  dropE=(0.020,0.080)  smooth=0.010  train_loss=0.1636  train_AUPR_all=0.8150  train_AUPR_ab=0.8474  train_AUPR_ag=0.7703  train_P@5_ab=1.0000  train_P@5_ag=0.9500  val_loss=0.3241  val_AUPR_all=0.5942  val_AUPR_ab=0.7656  val_AUPR_ag=0.3809  val_P@5_ab=1.0000  val_P@5_ag=0.9000  select=0.5733
Ep042  LR0=7.37e-05  pw=1.11  aucα=0.300  token_p=0.020  dropE=(0.020,0.080)  smooth=0.010  train_loss=0.1554  train_AUPR_all=0.8274  train_AUPR_ab=0.8567  train_AUPR_ag=0.7871  train_P@5_ab=1.0000  train_P@5_ag=1.0000  val_loss=0.3156  val_AUPR_all=0.5830  val_AUPR_ab=0.7677  val_AUPR_ag=0.3544  val_P@5_ab=1.0000  val_P@5_ag=0.5000  select=0.5610
Ep043  LR0=6.94e-05  pw=1.10  aucα=0.300  token_p=0.020  dropE=(0.020,0.080)  smooth=0.010  train_loss=0.1528  train_AUPR_all=0.8290  train_AUPR_ab=0.8566  train_AUPR_ag=0.7913  train_P@5_ab=1.0000  train_P@5_ag=0.9500  val_loss=0.3211  val_AUPR_all=0.5894  val_AUPR_ab=0.7631  val_AUPR_ag=0.3619  val_P@5_ab=1.0000  val_P@5_ag=0.4000  select=0.5625
Ep044  LR0=6.52e-05  pw=1.09  aucα=0.300  token_p=0.020  dropE=(0.020,0.080)  smooth=0.010  train_loss=0.1501  train_AUPR_all=0.8349  train_AUPR_ab=0.8618  train_AUPR_ag=0.7979  train_P@5_ab=1.0000  train_P@5_ag=1.0000  val_loss=0.3188  val_AUPR_all=0.5796  val_AUPR_ab=0.7526  val_AUPR_ag=0.3724  val_P@5_ab=0.9500  val_P@5_ag=0.6500  select=0.5625
Ep045  LR0=6.10e-05  pw=1.08  aucα=0.300  token_p=0.020  dropE=(0.020,0.080)  smooth=0.010  train_loss=0.1455  train_AUPR_all=0.8403  train_AUPR_ab=0.8656  train_AUPR_ag=0.8057  train_P@5_ab=1.0000  train_P@5_ag=1.0000  val_loss=0.3156  val_AUPR_all=0.5881  val_AUPR_ab=0.7637  val_AUPR_ag=0.3486  val_P@5_ab=1.0000  val_P@5_ag=0.4500  select=0.5561
Ep046  LR0=5.70e-05  pw=1.07  aucα=0.300  token_p=0.020  dropE=(0.020,0.080)  smooth=0.010  train_loss=0.1426  train_AUPR_all=0.8478  train_AUPR_ab=0.8739  train_AUPR_ag=0.8119  train_P@5_ab=1.0000  train_P@5_ag=0.9500  val_loss=0.3278  val_AUPR_all=0.5726  val_AUPR_ab=0.7580  val_AUPR_ag=0.3392  val_P@5_ab=1.0000  val_P@5_ag=0.4500  select=0.5486
Ep047  LR0=5.30e-05  pw=1.06  aucα=0.300  token_p=0.020  dropE=(0.020,0.080)  smooth=0.010  train_loss=0.1414  train_AUPR_all=0.8487  train_AUPR_ab=0.8731  train_AUPR_ag=0.8151  train_P@5_ab=1.0000  train_P@5_ag=1.0000  val_loss=0.3220  val_AUPR_all=0.5897  val_AUPR_ab=0.7579  val_AUPR_ag=0.3740  val_P@5_ab=1.0000  val_P@5_ag=0.7000  select=0.5659
Ep048  LR0=4.91e-05  pw=1.05  aucα=0.300  token_p=0.020  dropE=(0.020,0.080)  smooth=0.010  train_loss=0.1378  train_AUPR_all=0.8541  train_AUPR_ab=0.8782  train_AUPR_ag=0.8211  train_P@5_ab=1.0000  train_P@5_ag=1.0000  val_loss=0.3239  val_AUPR_all=0.5672  val_AUPR_ab=0.7583  val_AUPR_ag=0.3546  val_P@5_ab=1.0000  val_P@5_ag=0.4500  select=0.5564
Ep049  LR0=4.53e-05  pw=1.05  aucα=0.300  token_p=0.020  dropE=(0.020,0.080)  smooth=0.010  train_loss=0.1328  train_AUPR_all=0.8617  train_AUPR_ab=0.8848  train_AUPR_ag=0.8300  train_P@5_ab=0.9000  train_P@5_ag=1.0000  val_loss=0.3217  val_AUPR_all=0.5820  val_AUPR_ab=0.7568  val_AUPR_ag=0.3572  val_P@5_ab=1.0000  val_P@5_ag=0.5000  select=0.5570
Ep050  LR0=4.16e-05  pw=1.04  aucα=0.300  token_p=0.020  dropE=(0.020,0.080)  smooth=0.010  train_loss=0.1287  train_AUPR_all=0.8674  train_AUPR_ab=0.8889  train_AUPR_ag=0.8379  train_P@5_ab=1.0000  train_P@5_ag=1.0000  val_loss=0.3278  val_AUPR_all=0.5842  val_AUPR_ab=0.7546  val_AUPR_ag=0.3608  val_P@5_ab=0.9500  val_P@5_ag=0.5000  select=0.5577
Ep051  LR0=3.81e-05  pw=1.04  aucα=0.300  token_p=0.020  dropE=(0.020,0.080)  smooth=0.010  train_loss=0.1302  train_AUPR_all=0.8655  train_AUPR_ab=0.8854  train_AUPR_ag=0.8386  train_P@5_ab=1.0000  train_P@5_ag=1.0000  val_loss=0.3259  val_AUPR_all=0.5776  val_AUPR_ab=0.7556  val_AUPR_ag=0.3515  val_P@5_ab=1.0000  val_P@5_ag=0.4000  select=0.5536
Early stopping at epoch 51. Best select=0.5870 at epoch 31.
Final saved checkpoint for fold 3: checkpoints_old/iPara_balanced_l1_g9_i4_do0.10_dpr0.10_lr0.0002_heads16_fold3.pth
Best select=0.5870 at epoch 31

==========================================================================================
Fold 4/5
==========================================================================================
Train labels: valid=398858, pos=26560, neg=372298, ignore=700342, pos_frac=0.06659
Val labels: valid=101334, pos=6670, neg=94664, ignore=172266, pos_frac=0.06582
Initializing ClassificationModel with 9 GAT layers and residual connections...
Initializing MCModel with 9 GAT layers and 4 row attention layers (drop_path_rate=0.1)
Initializing CoreModel with 1 layers, drop_path_rate=0.1
Ep001  LR0=2.00e-04  pw=20.00  aucα=0.000  token_p=0.020  dropE=(0.020,0.080)  smooth=0.010  train_loss=1.3803  train_AUPR_all=0.1349  train_AUPR_ab=0.1454  train_AUPR_ag=0.1258  train_P@5_ab=0.2000  train_P@5_ag=0.2000  val_loss=1.2006  val_AUPR_all=0.3089  val_AUPR_ab=0.3543  val_AUPR_ag=0.2656  val_P@5_ab=0.3000  val_P@5_ag=0.8500  select=0.3100
  Saved checkpoint: checkpoints_old/iPara_balanced_l1_g9_i4_do0.10_dpr0.10_lr0.0002_heads16_fold4.pth  select=0.3100  val_ab=0.3543  val_ag=0.2656  val_all=0.3089
Ep002  LR0=2.00e-04  pw=17.77  aucα=0.000  token_p=0.020  dropE=(0.020,0.080)  smooth=0.010  train_loss=0.8844  train_AUPR_all=0.3048  train_AUPR_ab=0.3712  train_AUPR_ag=0.2189  train_P@5_ab=0.3000  train_P@5_ag=1.0000  val_loss=1.0577  val_AUPR_all=0.4173  val_AUPR_ab=0.4890  val_AUPR_ag=0.2952  val_P@5_ab=0.9500  val_P@5_ag=0.9000  select=0.3921
  Saved checkpoint: checkpoints_old/iPara_balanced_l1_g9_i4_do0.10_dpr0.10_lr0.0002_heads16_fold4.pth  select=0.3921  val_ab=0.4890  val_ag=0.2952  val_all=0.4173
Ep003  LR0=2.00e-04  pw=15.80  aucα=0.000  token_p=0.020  dropE=(0.020,0.080)  smooth=0.010  train_loss=0.7423  train_AUPR_all=0.4049  train_AUPR_ab=0.4817  train_AUPR_ag=0.2794  train_P@5_ab=0.5000  train_P@5_ag=0.7000  val_loss=0.9237  val_AUPR_all=0.4564  val_AUPR_ab=0.5547  val_AUPR_ag=0.3121  val_P@5_ab=0.8000  val_P@5_ag=0.9000  select=0.4334
  Saved checkpoint: checkpoints_old/iPara_balanced_l1_g9_i4_do0.10_dpr0.10_lr0.0002_heads16_fold4.pth  select=0.4334  val_ab=0.5547  val_ag=0.3121  val_all=0.4564
Ep004  LR0=1.99e-04  pw=14.06  aucα=0.000  token_p=0.020  dropE=(0.020,0.080)  smooth=0.010  train_loss=0.6748  train_AUPR_all=0.4408  train_AUPR_ab=0.5247  train_AUPR_ag=0.2985  train_P@5_ab=0.7500  train_P@5_ag=0.9500  val_loss=0.8827  val_AUPR_all=0.4797  val_AUPR_ab=0.5755  val_AUPR_ag=0.3225  val_P@5_ab=0.6000  val_P@5_ag=0.8000  select=0.4490
  Saved checkpoint: checkpoints_old/iPara_balanced_l1_g9_i4_do0.10_dpr0.10_lr0.0002_heads16_fold4.pth  select=0.4490  val_ab=0.5755  val_ag=0.3225  val_all=0.4797
Ep005  LR0=1.98e-04  pw=12.52  aucα=0.000  token_p=0.020  dropE=(0.020,0.080)  smooth=0.010  train_loss=0.6183  train_AUPR_all=0.4555  train_AUPR_ab=0.5365  train_AUPR_ag=0.3141  train_P@5_ab=0.6000  train_P@5_ag=0.9000  val_loss=0.7990  val_AUPR_all=0.5155  val_AUPR_ab=0.6281  val_AUPR_ag=0.3323  val_P@5_ab=0.9000  val_P@5_ag=0.8000  select=0.4802
  Saved checkpoint: checkpoints_old/iPara_balanced_l1_g9_i4_do0.10_dpr0.10_lr0.0002_heads16_fold4.pth  select=0.4802  val_ab=0.6281  val_ag=0.3323  val_all=0.5155
Ep006  LR0=1.97e-04  pw=11.17  aucα=0.000  token_p=0.020  dropE=(0.020,0.080)  smooth=0.010  train_loss=0.5753  train_AUPR_all=0.4806  train_AUPR_ab=0.5686  train_AUPR_ag=0.3268  train_P@5_ab=0.8500  train_P@5_ag=0.9000  val_loss=0.7520  val_AUPR_all=0.5057  val_AUPR_ab=0.5948  val_AUPR_ag=0.3451  val_P@5_ab=0.4500  val_P@5_ag=0.8500  select=0.4700
Ep007  LR0=1.96e-04  pw=9.97  aucα=0.000  token_p=0.020  dropE=(0.020,0.080)  smooth=0.010  train_loss=0.5306  train_AUPR_all=0.4975  train_AUPR_ab=0.5850  train_AUPR_ag=0.3430  train_P@5_ab=0.8000  train_P@5_ag=0.9500  val_loss=0.7544  val_AUPR_all=0.5035  val_AUPR_ab=0.6186  val_AUPR_ag=0.3237  val_P@5_ab=0.8500  val_P@5_ag=0.8500  select=0.4712
Ep008  LR0=1.95e-04  pw=8.92  aucα=0.000  token_p=0.020  dropE=(0.020,0.080)  smooth=0.010  train_loss=0.4981  train_AUPR_all=0.5100  train_AUPR_ab=0.5989  train_AUPR_ag=0.3563  train_P@5_ab=0.8000  train_P@5_ag=0.9500  val_loss=0.7076  val_AUPR_all=0.5235  val_AUPR_ab=0.6478  val_AUPR_ag=0.3293  val_P@5_ab=1.0000  val_P@5_ag=0.9500  select=0.4885
  Saved checkpoint: checkpoints_old/iPara_balanced_l1_g9_i4_do0.10_dpr0.10_lr0.0002_heads16_fold4.pth  select=0.4885  val_ab=0.6478  val_ag=0.3293  val_all=0.5235
Ep009  LR0=1.94e-04  pw=7.99  aucα=0.000  token_p=0.020  dropE=(0.020,0.080)  smooth=0.010  train_loss=0.4718  train_AUPR_all=0.5009  train_AUPR_ab=0.5816  train_AUPR_ag=0.3568  train_P@5_ab=0.9000  train_P@5_ag=1.0000  val_loss=0.6581  val_AUPR_all=0.5311  val_AUPR_ab=0.6458  val_AUPR_ag=0.3515  val_P@5_ab=0.9000  val_P@5_ag=1.0000  select=0.4986
  Saved checkpoint: checkpoints_old/iPara_balanced_l1_g9_i4_do0.10_dpr0.10_lr0.0002_heads16_fold4.pth  select=0.4986  val_ab=0.6458  val_ag=0.3515  val_all=0.5311
Ep010  LR0=1.92e-04  pw=7.17  aucα=0.030  token_p=0.020  dropE=(0.020,0.080)  smooth=0.010  train_loss=0.4538  train_AUPR_all=0.5167  train_AUPR_ab=0.6013  train_AUPR_ag=0.3672  train_P@5_ab=0.8000  train_P@5_ag=0.8500  val_loss=0.6172  val_AUPR_all=0.5485  val_AUPR_ab=0.6607  val_AUPR_ag=0.3700  val_P@5_ab=0.8500  val_P@5_ag=0.9500  select=0.5153
  Saved checkpoint: checkpoints_old/iPara_balanced_l1_g9_i4_do0.10_dpr0.10_lr0.0002_heads16_fold4.pth  select=0.5153  val_ab=0.6607  val_ag=0.3700  val_all=0.5485
Unfreezing DyM parameters.
Ep011  LR0=1.90e-04  pw=6.44  aucα=0.060  token_p=0.020  dropE=(0.020,0.080)  smooth=0.010  train_loss=0.4424  train_AUPR_all=0.5291  train_AUPR_ab=0.6194  train_AUPR_ag=0.3715  train_P@5_ab=0.8000  train_P@5_ag=0.8000  val_loss=0.6042  val_AUPR_all=0.5409  val_AUPR_ab=0.6603  val_AUPR_ag=0.3577  val_P@5_ab=0.7000  val_P@5_ag=0.9000  select=0.5090
Ep012  LR0=1.88e-04  pw=5.80  aucα=0.090  token_p=0.020  dropE=(0.020,0.080)  smooth=0.010  train_loss=0.4250  train_AUPR_all=0.5595  train_AUPR_ab=0.6495  train_AUPR_ag=0.4003  train_P@5_ab=0.8500  train_P@5_ag=1.0000  val_loss=0.5648  val_AUPR_all=0.5488  val_AUPR_ab=0.6717  val_AUPR_ag=0.3455  val_P@5_ab=0.9500  val_P@5_ag=0.9500  select=0.5086
Ep013  LR0=1.86e-04  pw=5.24  aucα=0.120  token_p=0.020  dropE=(0.020,0.080)  smooth=0.010  train_loss=0.4205  train_AUPR_all=0.5602  train_AUPR_ab=0.6516  train_AUPR_ag=0.4033  train_P@5_ab=0.9000  train_P@5_ag=0.9500  val_loss=0.5240  val_AUPR_all=0.5680  val_AUPR_ab=0.6952  val_AUPR_ag=0.3608  val_P@5_ab=1.0000  val_P@5_ag=1.0000  select=0.5280
  Saved checkpoint: checkpoints_old/iPara_balanced_l1_g9_i4_do0.10_dpr0.10_lr0.0002_heads16_fold4.pth  select=0.5280  val_ab=0.6952  val_ag=0.3608  val_all=0.5680
Ep014  LR0=1.83e-04  pw=4.74  aucα=0.150  token_p=0.020  dropE=(0.020,0.080)  smooth=0.010  train_loss=0.4084  train_AUPR_all=0.5708  train_AUPR_ab=0.6622  train_AUPR_ag=0.4141  train_P@5_ab=0.9000  train_P@5_ag=0.9500  val_loss=0.5109  val_AUPR_all=0.5654  val_AUPR_ab=0.7054  val_AUPR_ag=0.3525  val_P@5_ab=0.9000  val_P@5_ag=0.9500  select=0.5289
  Saved checkpoint: checkpoints_old/iPara_balanced_l1_g9_i4_do0.10_dpr0.10_lr0.0002_heads16_fold4.pth  select=0.5289  val_ab=0.7054  val_ag=0.3525  val_all=0.5654
Ep015  LR0=1.81e-04  pw=4.30  aucα=0.180  token_p=0.020  dropE=(0.020,0.080)  smooth=0.010  train_loss=0.4001  train_AUPR_all=0.5813  train_AUPR_ab=0.6746  train_AUPR_ag=0.4226  train_P@5_ab=0.8500  train_P@5_ag=0.9500  val_loss=0.4973  val_AUPR_all=0.5772  val_AUPR_ab=0.7083  val_AUPR_ag=0.3725  val_P@5_ab=1.0000  val_P@5_ag=1.0000  select=0.5404
  Saved checkpoint: checkpoints_old/iPara_balanced_l1_g9_i4_do0.10_dpr0.10_lr0.0002_heads16_fold4.pth  select=0.5404  val_ab=0.7083  val_ag=0.3725  val_all=0.5772
Ep016  LR0=1.78e-04  pw=3.91  aucα=0.210  token_p=0.020  dropE=(0.020,0.080)  smooth=0.010  train_loss=0.3943  train_AUPR_all=0.5896  train_AUPR_ab=0.6852  train_AUPR_ag=0.4292  train_P@5_ab=0.9000  train_P@5_ag=0.9500  val_loss=0.4502  val_AUPR_all=0.5930  val_AUPR_ab=0.7159  val_AUPR_ag=0.3953  val_P@5_ab=0.9500  val_P@5_ag=1.0000  select=0.5556
  Saved checkpoint: checkpoints_old/iPara_balanced_l1_g9_i4_do0.10_dpr0.10_lr0.0002_heads16_fold4.pth  select=0.5556  val_ab=0.7159  val_ag=0.3953  val_all=0.5930
Ep017  LR0=1.75e-04  pw=3.57  aucα=0.240  token_p=0.020  dropE=(0.020,0.080)  smooth=0.010  train_loss=0.3917  train_AUPR_all=0.5919  train_AUPR_ab=0.6894  train_AUPR_ag=0.4316  train_P@5_ab=0.9500  train_P@5_ag=0.8500  val_loss=0.4479  val_AUPR_all=0.5838  val_AUPR_ab=0.7169  val_AUPR_ag=0.3749  val_P@5_ab=0.9500  val_P@5_ag=0.8500  select=0.5459
Ep018  LR0=1.72e-04  pw=3.27  aucα=0.270  token_p=0.020  dropE=(0.020,0.080)  smooth=0.010  train_loss=0.3834  train_AUPR_all=0.6048  train_AUPR_ab=0.7031  train_AUPR_ag=0.4436  train_P@5_ab=1.0000  train_P@5_ag=0.9500  val_loss=0.4334  val_AUPR_all=0.5877  val_AUPR_ab=0.7309  val_AUPR_ag=0.3775  val_P@5_ab=1.0000  val_P@5_ag=0.8500  select=0.5542
Ep019  LR0=1.69e-04  pw=3.00  aucα=0.300  token_p=0.020  dropE=(0.020,0.080)  smooth=0.010  train_loss=0.3764  train_AUPR_all=0.6121  train_AUPR_ab=0.7018  train_AUPR_ag=0.4660  train_P@5_ab=0.9500  train_P@5_ag=0.9500  val_loss=0.4085  val_AUPR_all=0.5929  val_AUPR_ab=0.7243  val_AUPR_ag=0.3852  val_P@5_ab=0.9500  val_P@5_ag=0.9000  select=0.5548
Ep020  LR0=1.66e-04  pw=2.77  aucα=0.300  token_p=0.020  dropE=(0.020,0.080)  smooth=0.010  train_loss=0.3569  train_AUPR_all=0.6270  train_AUPR_ab=0.7199  train_AUPR_ag=0.4768  train_P@5_ab=0.9500  train_P@5_ag=0.8500  val_loss=0.4148  val_AUPR_all=0.5977  val_AUPR_ab=0.7417  val_AUPR_ag=0.3788  val_P@5_ab=0.9500  val_P@5_ag=1.0000  select=0.5603
  Saved checkpoint: checkpoints_old/iPara_balanced_l1_g9_i4_do0.10_dpr0.10_lr0.0002_heads16_fold4.pth  select=0.5603  val_ab=0.7417  val_ag=0.3788  val_all=0.5977
Ep021  LR0=1.62e-04  pw=2.56  aucα=0.300  token_p=0.020  dropE=(0.020,0.080)  smooth=0.010  train_loss=0.3428  train_AUPR_all=0.6353  train_AUPR_ab=0.7290  train_AUPR_ag=0.4855  train_P@5_ab=1.0000  train_P@5_ag=1.0000  val_loss=0.3880  val_AUPR_all=0.5963  val_AUPR_ab=0.7307  val_AUPR_ag=0.3820  val_P@5_ab=1.0000  val_P@5_ag=0.9500  select=0.5563
Ep022  LR0=1.59e-04  pw=2.38  aucα=0.300  token_p=0.020  dropE=(0.020,0.080)  smooth=0.010  train_loss=0.3278  train_AUPR_all=0.6402  train_AUPR_ab=0.7299  train_AUPR_ag=0.4994  train_P@5_ab=0.9500  train_P@5_ag=0.9000  val_loss=0.3882  val_AUPR_all=0.5952  val_AUPR_ab=0.7356  val_AUPR_ag=0.3737  val_P@5_ab=1.0000  val_P@5_ag=0.9500  select=0.5546
Ep023  LR0=1.55e-04  pw=2.21  aucα=0.300  token_p=0.020  dropE=(0.020,0.080)  smooth=0.010  train_loss=0.3114  train_AUPR_all=0.6528  train_AUPR_ab=0.7368  train_AUPR_ag=0.5228  train_P@5_ab=1.0000  train_P@5_ag=0.9500  val_loss=0.3821  val_AUPR_all=0.6001  val_AUPR_ab=0.7443  val_AUPR_ag=0.3718  val_P@5_ab=1.0000  val_P@5_ag=0.9500  select=0.5580
Ep024  LR0=1.51e-04  pw=2.07  aucα=0.300  token_p=0.020  dropE=(0.020,0.080)  smooth=0.010  train_loss=0.2992  train_AUPR_all=0.6595  train_AUPR_ab=0.7405  train_AUPR_ag=0.5347  train_P@5_ab=1.0000  train_P@5_ag=0.9500  val_loss=0.3569  val_AUPR_all=0.6003  val_AUPR_ab=0.7495  val_AUPR_ag=0.3663  val_P@5_ab=1.0000  val_P@5_ag=0.9500  select=0.5579
Ep025  LR0=1.48e-04  pw=1.95  aucα=0.300  token_p=0.020  dropE=(0.020,0.080)  smooth=0.010  train_loss=0.2870  train_AUPR_all=0.6693  train_AUPR_ab=0.7501  train_AUPR_ag=0.5443  train_P@5_ab=0.9000  train_P@5_ag=0.8000  val_loss=0.3489  val_AUPR_all=0.6034  val_AUPR_ab=0.7515  val_AUPR_ag=0.3815  val_P@5_ab=0.9500  val_P@5_ag=1.0000  select=0.5665
  Saved checkpoint: checkpoints_old/iPara_balanced_l1_g9_i4_do0.10_dpr0.10_lr0.0002_heads16_fold4.pth  select=0.5665  val_ab=0.7515  val_ag=0.3815  val_all=0.6034
Ep026  LR0=1.44e-04  pw=1.83  aucα=0.300  token_p=0.020  dropE=(0.020,0.080)  smooth=0.010  train_loss=0.2742  train_AUPR_all=0.6797  train_AUPR_ab=0.7571  train_AUPR_ag=0.5622  train_P@5_ab=1.0000  train_P@5_ag=0.9500  val_loss=0.3433  val_AUPR_all=0.5965  val_AUPR_ab=0.7442  val_AUPR_ag=0.3825  val_P@5_ab=0.9500  val_P@5_ag=0.9500  select=0.5634
Ep027  LR0=1.39e-04  pw=1.74  aucα=0.300  token_p=0.020  dropE=(0.020,0.080)  smooth=0.010  train_loss=0.2646  train_AUPR_all=0.6859  train_AUPR_ab=0.7581  train_AUPR_ag=0.5768  train_P@5_ab=1.0000  train_P@5_ag=0.9500  val_loss=0.3439  val_AUPR_all=0.6031  val_AUPR_ab=0.7544  val_AUPR_ag=0.3611  val_P@5_ab=1.0000  val_P@5_ag=0.7000  select=0.5578
Ep028  LR0=1.35e-04  pw=1.65  aucα=0.300  token_p=0.020  dropE=(0.020,0.080)  smooth=0.010  train_loss=0.2554  train_AUPR_all=0.6939  train_AUPR_ab=0.7644  train_AUPR_ag=0.5869  train_P@5_ab=1.0000  train_P@5_ag=0.9000  val_loss=0.3529  val_AUPR_all=0.5898  val_AUPR_ab=0.7526  val_AUPR_ag=0.3519  val_P@5_ab=1.0000  val_P@5_ag=1.0000  select=0.5522
Ep029  LR0=1.31e-04  pw=1.57  aucα=0.300  token_p=0.020  dropE=(0.020,0.080)  smooth=0.010  train_loss=0.2486  train_AUPR_all=0.7012  train_AUPR_ab=0.7705  train_AUPR_ag=0.5980  train_P@5_ab=0.9500  train_P@5_ag=0.9000  val_loss=0.3381  val_AUPR_all=0.6033  val_AUPR_ab=0.7630  val_AUPR_ag=0.3663  val_P@5_ab=1.0000  val_P@5_ag=1.0000  select=0.5646
Ep030  LR0=1.27e-04  pw=1.51  aucα=0.300  token_p=0.020  dropE=(0.020,0.080)  smooth=0.010  train_loss=0.2381  train_AUPR_all=0.7113  train_AUPR_ab=0.7733  train_AUPR_ag=0.6197  train_P@5_ab=0.9000  train_P@5_ag=1.0000  val_loss=0.3205  val_AUPR_all=0.6094  val_AUPR_ab=0.7522  val_AUPR_ag=0.3887  val_P@5_ab=0.9500  val_P@5_ag=0.9500  select=0.5705
  Saved checkpoint: checkpoints_old/iPara_balanced_l1_g9_i4_do0.10_dpr0.10_lr0.0002_heads16_fold4.pth  select=0.5705  val_ab=0.7522  val_ag=0.3887  val_all=0.6094
Ep031  LR0=1.22e-04  pw=1.45  aucα=0.300  token_p=0.020  dropE=(0.020,0.080)  smooth=0.010  train_loss=0.2295  train_AUPR_all=0.7218  train_AUPR_ab=0.7827  train_AUPR_ag=0.6326  train_P@5_ab=1.0000  train_P@5_ag=0.9500  val_loss=0.3343  val_AUPR_all=0.5975  val_AUPR_ab=0.7586  val_AUPR_ag=0.3776  val_P@5_ab=0.9500  val_P@5_ag=1.0000  select=0.5681
Ep032  LR0=1.18e-04  pw=1.39  aucα=0.300  token_p=0.020  dropE=(0.020,0.080)  smooth=0.010  train_loss=0.2183  train_AUPR_all=0.7367  train_AUPR_ab=0.7923  train_AUPR_ag=0.6560  train_P@5_ab=1.0000  train_P@5_ag=0.9500  val_loss=0.3255  val_AUPR_all=0.5899  val_AUPR_ab=0.7577  val_AUPR_ag=0.3611  val_P@5_ab=1.0000  val_P@5_ag=0.6500  select=0.5594
Ep033  LR0=1.14e-04  pw=1.35  aucα=0.300  token_p=0.020  dropE=(0.020,0.080)  smooth=0.010  train_loss=0.2137  train_AUPR_all=0.7425  train_AUPR_ab=0.7963  train_AUPR_ag=0.6648  train_P@5_ab=0.9500  train_P@5_ag=0.9500  val_loss=0.3167  val_AUPR_all=0.6063  val_AUPR_ab=0.7660  val_AUPR_ag=0.3748  val_P@5_ab=1.0000  val_P@5_ag=0.9500  select=0.5704
Ep034  LR0=1.09e-04  pw=1.31  aucα=0.300  token_p=0.020  dropE=(0.020,0.080)  smooth=0.010  train_loss=0.2102  train_AUPR_all=0.7436  train_AUPR_ab=0.7920  train_AUPR_ag=0.6746  train_P@5_ab=0.9000  train_P@5_ag=1.0000  val_loss=0.3185  val_AUPR_all=0.6094  val_AUPR_ab=0.7648  val_AUPR_ag=0.3786  val_P@5_ab=1.0000  val_P@5_ag=0.8500  select=0.5717
  Saved checkpoint: checkpoints_old/iPara_balanced_l1_g9_i4_do0.10_dpr0.10_lr0.0002_heads16_fold4.pth  select=0.5717  val_ab=0.7648  val_ag=0.3786  val_all=0.6094
Ep035  LR0=1.05e-04  pw=1.27  aucα=0.300  token_p=0.020  dropE=(0.020,0.080)  smooth=0.010  train_loss=0.2016  train_AUPR_all=0.7561  train_AUPR_ab=0.8017  train_AUPR_ag=0.6914  train_P@5_ab=0.9500  train_P@5_ag=1.0000  val_loss=0.3269  val_AUPR_all=0.5849  val_AUPR_ab=0.7617  val_AUPR_ag=0.3571  val_P@5_ab=0.9500  val_P@5_ag=0.7000  select=0.5594
Ep036  LR0=1.00e-04  pw=1.24  aucα=0.300  token_p=0.020  dropE=(0.020,0.080)  smooth=0.010  train_loss=0.1967  train_AUPR_all=0.7624  train_AUPR_ab=0.8077  train_AUPR_ag=0.6981  train_P@5_ab=0.9500  train_P@5_ag=1.0000  val_loss=0.3172  val_AUPR_all=0.6035  val_AUPR_ab=0.7692  val_AUPR_ag=0.3604  val_P@5_ab=1.0000  val_P@5_ag=0.8000  select=0.5648
Ep037  LR0=9.58e-05  pw=1.21  aucα=0.300  token_p=0.020  dropE=(0.020,0.080)  smooth=0.010  train_loss=0.1903  train_AUPR_all=0.7739  train_AUPR_ab=0.8194  train_AUPR_ag=0.7088  train_P@5_ab=1.0000  train_P@5_ag=1.0000  val_loss=0.3105  val_AUPR_all=0.6016  val_AUPR_ab=0.7726  val_AUPR_ag=0.3778  val_P@5_ab=0.9500  val_P@5_ag=0.8500  select=0.5752
  Saved checkpoint: checkpoints_old/iPara_balanced_l1_g9_i4_do0.10_dpr0.10_lr0.0002_heads16_fold4.pth  select=0.5752  val_ab=0.7726  val_ag=0.3778  val_all=0.6016
Ep038  LR0=9.13e-05  pw=1.19  aucα=0.300  token_p=0.020  dropE=(0.020,0.080)  smooth=0.010  train_loss=0.1871  train_AUPR_all=0.7751  train_AUPR_ab=0.8146  train_AUPR_ag=0.7199  train_P@5_ab=0.9500  train_P@5_ag=1.0000  val_loss=0.3159  val_AUPR_all=0.5945  val_AUPR_ab=0.7689  val_AUPR_ag=0.3622  val_P@5_ab=1.0000  val_P@5_ag=0.6500  select=0.5655
Ep039  LR0=8.69e-05  pw=1.16  aucα=0.300  token_p=0.020  dropE=(0.020,0.080)  smooth=0.010  train_loss=0.1792  train_AUPR_all=0.7887  train_AUPR_ab=0.8269  train_AUPR_ag=0.7349  train_P@5_ab=0.9500  train_P@5_ag=1.0000  val_loss=0.3359  val_AUPR_all=0.5960  val_AUPR_ab=0.7675  val_AUPR_ag=0.3521  val_P@5_ab=1.0000  val_P@5_ag=0.8000  select=0.5598
Ep040  LR0=8.24e-05  pw=1.15  aucα=0.300  token_p=0.020  dropE=(0.020,0.080)  smooth=0.010  train_loss=0.1755  train_AUPR_all=0.7936  train_AUPR_ab=0.8303  train_AUPR_ag=0.7419  train_P@5_ab=1.0000  train_P@5_ag=1.0000  val_loss=0.3273  val_AUPR_all=0.5961  val_AUPR_ab=0.7714  val_AUPR_ag=0.3533  val_P@5_ab=1.0000  val_P@5_ag=0.9500  select=0.5624
Ep041  LR0=7.81e-05  pw=1.13  aucα=0.300  token_p=0.020  dropE=(0.020,0.080)  smooth=0.010  train_loss=0.1727  train_AUPR_all=0.7979  train_AUPR_ab=0.8327  train_AUPR_ag=0.7495  train_P@5_ab=1.0000  train_P@5_ag=0.9500  val_loss=0.3154  val_AUPR_all=0.5837  val_AUPR_ab=0.7659  val_AUPR_ag=0.3221  val_P@5_ab=1.0000  val_P@5_ag=0.5000  select=0.5440
Ep042  LR0=7.37e-05  pw=1.11  aucα=0.300  token_p=0.020  dropE=(0.020,0.080)  smooth=0.010  train_loss=0.1668  train_AUPR_all=0.8061  train_AUPR_ab=0.8367  train_AUPR_ag=0.7638  train_P@5_ab=1.0000  train_P@5_ag=0.9500  val_loss=0.3254  val_AUPR_all=0.5884  val_AUPR_ab=0.7622  val_AUPR_ag=0.3620  val_P@5_ab=0.9500  val_P@5_ag=0.7000  select=0.5621
Ep043  LR0=6.94e-05  pw=1.10  aucα=0.300  token_p=0.020  dropE=(0.020,0.080)  smooth=0.010  train_loss=0.1644  train_AUPR_all=0.8101  train_AUPR_ab=0.8410  train_AUPR_ag=0.7674  train_P@5_ab=1.0000  train_P@5_ag=1.0000  val_loss=0.3223  val_AUPR_all=0.5926  val_AUPR_ab=0.7649  val_AUPR_ag=0.3665  val_P@5_ab=0.9500  val_P@5_ag=0.8000  select=0.5657
Ep044  LR0=6.52e-05  pw=1.09  aucα=0.300  token_p=0.020  dropE=(0.020,0.080)  smooth=0.010  train_loss=0.1589  train_AUPR_all=0.8203  train_AUPR_ab=0.8551  train_AUPR_ag=0.7712  train_P@5_ab=1.0000  train_P@5_ag=1.0000  val_loss=0.3191  val_AUPR_all=0.5788  val_AUPR_ab=0.7600  val_AUPR_ag=0.3461  val_P@5_ab=1.0000  val_P@5_ag=0.6000  select=0.5530
Ep045  LR0=6.10e-05  pw=1.08  aucα=0.300  token_p=0.020  dropE=(0.020,0.080)  smooth=0.010  train_loss=0.1582  train_AUPR_all=0.8196  train_AUPR_ab=0.8509  train_AUPR_ag=0.7759  train_P@5_ab=0.9500  train_P@5_ag=1.0000  val_loss=0.3254  val_AUPR_all=0.5933  val_AUPR_ab=0.7669  val_AUPR_ag=0.3678  val_P@5_ab=1.0000  val_P@5_ag=0.8000  select=0.5674
Ep046  LR0=5.70e-05  pw=1.07  aucα=0.300  token_p=0.020  dropE=(0.020,0.080)  smooth=0.010  train_loss=0.1527  train_AUPR_all=0.8297  train_AUPR_ab=0.8560  train_AUPR_ag=0.7934  train_P@5_ab=1.0000  train_P@5_ag=1.0000  val_loss=0.3322  val_AUPR_all=0.5854  val_AUPR_ab=0.7626  val_AUPR_ag=0.3590  val_P@5_ab=0.9500  val_P@5_ag=0.7500  select=0.5608
Ep047  LR0=5.30e-05  pw=1.06  aucα=0.300  token_p=0.020  dropE=(0.020,0.080)  smooth=0.010  train_loss=0.1506  train_AUPR_all=0.8320  train_AUPR_ab=0.8602  train_AUPR_ag=0.7928  train_P@5_ab=0.9500  train_P@5_ag=1.0000  val_loss=0.3192  val_AUPR_all=0.5916  val_AUPR_ab=0.7717  val_AUPR_ag=0.3489  val_P@5_ab=1.0000  val_P@5_ag=0.5000  select=0.5603
Ep048  LR0=4.91e-05  pw=1.05  aucα=0.300  token_p=0.020  dropE=(0.020,0.080)  smooth=0.010  train_loss=0.1488  train_AUPR_all=0.8355  train_AUPR_ab=0.8610  train_AUPR_ag=0.8005  train_P@5_ab=1.0000  train_P@5_ag=1.0000  val_loss=0.3217  val_AUPR_all=0.5953  val_AUPR_ab=0.7684  val_AUPR_ag=0.3642  val_P@5_ab=0.9500  val_P@5_ag=0.7000  select=0.5663
Ep049  LR0=4.53e-05  pw=1.05  aucα=0.300  token_p=0.020  dropE=(0.020,0.080)  smooth=0.010  train_loss=0.1463  train_AUPR_all=0.8390  train_AUPR_ab=0.8659  train_AUPR_ag=0.8017  train_P@5_ab=1.0000  train_P@5_ag=1.0000  val_loss=0.3143  val_AUPR_all=0.5952  val_AUPR_ab=0.7724  val_AUPR_ag=0.3645  val_P@5_ab=0.9000  val_P@5_ag=0.7000  select=0.5685
Ep050  LR0=4.16e-05  pw=1.04  aucα=0.300  token_p=0.020  dropE=(0.020,0.080)  smooth=0.010  train_loss=0.1453  train_AUPR_all=0.8409  train_AUPR_ab=0.8669  train_AUPR_ag=0.8050  train_P@5_ab=1.0000  train_P@5_ag=1.0000  val_loss=0.3169  val_AUPR_all=0.5918  val_AUPR_ab=0.7642  val_AUPR_ag=0.3690  val_P@5_ab=1.0000  val_P@5_ag=0.6500  select=0.5666
Ep051  LR0=3.81e-05  pw=1.04  aucα=0.300  token_p=0.020  dropE=(0.020,0.080)  smooth=0.010  train_loss=0.1426  train_AUPR_all=0.8450  train_AUPR_ab=0.8715  train_AUPR_ag=0.8079  train_P@5_ab=1.0000  train_P@5_ag=1.0000  val_loss=0.3212  val_AUPR_all=0.5951  val_AUPR_ab=0.7622  val_AUPR_ag=0.3654  val_P@5_ab=0.9500  val_P@5_ag=0.8000  select=0.5638
Ep052  LR0=3.46e-05  pw=1.03  aucα=0.300  token_p=0.020  dropE=(0.020,0.080)  smooth=0.010  train_loss=0.1384  train_AUPR_all=0.8528  train_AUPR_ab=0.8769  train_AUPR_ag=0.8194  train_P@5_ab=1.0000  train_P@5_ag=1.0000  val_loss=0.3281  val_AUPR_all=0.5882  val_AUPR_ab=0.7669  val_AUPR_ag=0.3490  val_P@5_ab=0.9500  val_P@5_ag=0.5500  select=0.5579
Ep053  LR0=3.13e-05  pw=1.03  aucα=0.300  token_p=0.020  dropE=(0.020,0.080)  smooth=0.010  train_loss=0.1343  train_AUPR_all=0.8593  train_AUPR_ab=0.8843  train_AUPR_ag=0.8245  train_P@5_ab=1.0000  train_P@5_ag=1.0000  val_loss=0.3229  val_AUPR_all=0.5912  val_AUPR_ab=0.7622  val_AUPR_ag=0.3608  val_P@5_ab=0.9500  val_P@5_ag=0.6500  select=0.5615
Ep054  LR0=2.82e-05  pw=1.03  aucα=0.300  token_p=0.020  dropE=(0.020,0.080)  smooth=0.010  train_loss=0.1337  train_AUPR_all=0.8594  train_AUPR_ab=0.8832  train_AUPR_ag=0.8266  train_P@5_ab=1.0000  train_P@5_ag=1.0000  val_loss=0.3276  val_AUPR_all=0.5941  val_AUPR_ab=0.7694  val_AUPR_ag=0.3632  val_P@5_ab=1.0000  val_P@5_ag=0.7000  select=0.5663
Ep055  LR0=2.51e-05  pw=1.02  aucα=0.300  token_p=0.020  dropE=(0.020,0.080)  smooth=0.010  train_loss=0.1312  train_AUPR_all=0.8648  train_AUPR_ab=0.8877  train_AUPR_ag=0.8328  train_P@5_ab=0.9500  train_P@5_ag=1.0000  val_loss=0.3227  val_AUPR_all=0.5910  val_AUPR_ab=0.7673  val_AUPR_ag=0.3632  val_P@5_ab=1.0000  val_P@5_ag=0.7000  select=0.5653
Ep056  LR0=2.23e-05  pw=1.02  aucα=0.300  token_p=0.020  dropE=(0.020,0.080)  smooth=0.010  train_loss=0.1292  train_AUPR_all=0.8680  train_AUPR_ab=0.8906  train_AUPR_ag=0.8366  train_P@5_ab=1.0000  train_P@5_ag=1.0000  val_loss=0.3265  val_AUPR_all=0.5928  val_AUPR_ab=0.7624  val_AUPR_ag=0.3648  val_P@5_ab=0.9000  val_P@5_ag=0.5000  select=0.5636
Ep057  LR0=1.96e-05  pw=1.02  aucα=0.300  token_p=0.020  dropE=(0.020,0.080)  smooth=0.010  train_loss=0.1320  train_AUPR_all=0.8638  train_AUPR_ab=0.8849  train_AUPR_ag=0.8348  train_P@5_ab=0.9500  train_P@5_ag=1.0000  val_loss=0.3240  val_AUPR_all=0.5915  val_AUPR_ab=0.7653  val_AUPR_ag=0.3658  val_P@5_ab=0.9500  val_P@5_ag=0.6000  select=0.5655
Early stopping at epoch 57. Best select=0.5752 at epoch 37.
Final saved checkpoint for fold 4: checkpoints_old/iPara_balanced_l1_g9_i4_do0.10_dpr0.10_lr0.0002_heads16_fold4.pth
Best select=0.5752 at epoch 37

==========================================================================================
Fold 5/5
==========================================================================================
Train labels: valid=399660, pos=26617, neg=373043, ignore=699540, pos_frac=0.06660
Val labels: valid=100532, pos=6613, neg=93919, ignore=173068, pos_frac=0.06578
Initializing ClassificationModel with 9 GAT layers and residual connections...
Initializing MCModel with 9 GAT layers and 4 row attention layers (drop_path_rate=0.1)
Initializing CoreModel with 1 layers, drop_path_rate=0.1
Ep001  LR0=2.00e-04  pw=20.00  aucα=0.000  token_p=0.020  dropE=(0.020,0.080)  smooth=0.010  train_loss=1.4073  train_AUPR_all=0.1378  train_AUPR_ab=0.1486  train_AUPR_ag=0.1288  train_P@5_ab=0.1000  train_P@5_ag=0.2500  val_loss=1.3363  val_AUPR_all=0.3254  val_AUPR_ab=0.3585  val_AUPR_ag=0.2542  val_P@5_ab=0.5500  val_P@5_ag=0.9500  select=0.3064
  Saved checkpoint: checkpoints_old/iPara_balanced_l1_g9_i4_do0.10_dpr0.10_lr0.0002_heads16_fold5.pth  select=0.3064  val_ab=0.3585  val_ag=0.2542  val_all=0.3254
Ep002  LR0=2.00e-04  pw=17.77  aucα=0.000  token_p=0.020  dropE=(0.020,0.080)  smooth=0.010  train_loss=0.8655  train_AUPR_all=0.3308  train_AUPR_ab=0.3887  train_AUPR_ag=0.2435  train_P@5_ab=0.4500  train_P@5_ag=0.9500  val_loss=0.9935  val_AUPR_all=0.3984  val_AUPR_ab=0.5077  val_AUPR_ag=0.2254  val_P@5_ab=0.8500  val_P@5_ag=0.3500  select=0.3666
  Saved checkpoint: checkpoints_old/iPara_balanced_l1_g9_i4_do0.10_dpr0.10_lr0.0002_heads16_fold5.pth  select=0.3666  val_ab=0.5077  val_ag=0.2254  val_all=0.3984
Ep003  LR0=2.00e-04  pw=15.80  aucα=0.000  token_p=0.020  dropE=(0.020,0.080)  smooth=0.010  train_loss=0.7756  train_AUPR_all=0.3791  train_AUPR_ab=0.4512  train_AUPR_ag=0.2617  train_P@5_ab=0.6500  train_P@5_ag=0.7500  val_loss=0.9241  val_AUPR_all=0.4715  val_AUPR_ab=0.5865  val_AUPR_ag=0.2880  val_P@5_ab=0.8500  val_P@5_ag=1.0000  select=0.4372
  Saved checkpoint: checkpoints_old/iPara_balanced_l1_g9_i4_do0.10_dpr0.10_lr0.0002_heads16_fold5.pth  select=0.4372  val_ab=0.5865  val_ag=0.2880  val_all=0.4715
Ep004  LR0=1.99e-04  pw=14.06  aucα=0.000  token_p=0.020  dropE=(0.020,0.080)  smooth=0.010  train_loss=0.6651  train_AUPR_all=0.4452  train_AUPR_ab=0.5290  train_AUPR_ag=0.2988  train_P@5_ab=0.9500  train_P@5_ag=0.8500  val_loss=0.9065  val_AUPR_all=0.5011  val_AUPR_ab=0.6097  val_AUPR_ag=0.3166  val_P@5_ab=0.5000  val_P@5_ag=0.9500  select=0.4631
  Saved checkpoint: checkpoints_old/iPara_balanced_l1_g9_i4_do0.10_dpr0.10_lr0.0002_heads16_fold5.pth  select=0.4631  val_ab=0.6097  val_ag=0.3166  val_all=0.5011
Ep005  LR0=1.98e-04  pw=12.52  aucα=0.000  token_p=0.020  dropE=(0.020,0.080)  smooth=0.010  train_loss=0.6155  train_AUPR_all=0.4689  train_AUPR_ab=0.5546  train_AUPR_ag=0.3177  train_P@5_ab=0.8500  train_P@5_ag=0.7000  val_loss=0.8285  val_AUPR_all=0.5077  val_AUPR_ab=0.6176  val_AUPR_ag=0.3341  val_P@5_ab=0.9000  val_P@5_ag=0.8500  select=0.4759
  Saved checkpoint: checkpoints_old/iPara_balanced_l1_g9_i4_do0.10_dpr0.10_lr0.0002_heads16_fold5.pth  select=0.4759  val_ab=0.6176  val_ag=0.3341  val_all=0.5077
Ep006  LR0=1.97e-04  pw=11.17  aucα=0.000  token_p=0.020  dropE=(0.020,0.080)  smooth=0.010  train_loss=0.5847  train_AUPR_all=0.4784  train_AUPR_ab=0.5585  train_AUPR_ag=0.3303  train_P@5_ab=0.8500  train_P@5_ag=0.9500  val_loss=0.7534  val_AUPR_all=0.5295  val_AUPR_ab=0.6549  val_AUPR_ag=0.3156  val_P@5_ab=1.0000  val_P@5_ag=1.0000  select=0.4852
  Saved checkpoint: checkpoints_old/iPara_balanced_l1_g9_i4_do0.10_dpr0.10_lr0.0002_heads16_fold5.pth  select=0.4852  val_ab=0.6549  val_ag=0.3156  val_all=0.5295
Ep007  LR0=1.96e-04  pw=9.97  aucα=0.000  token_p=0.020  dropE=(0.020,0.080)  smooth=0.010  train_loss=0.5368  train_AUPR_all=0.4966  train_AUPR_ab=0.5802  train_AUPR_ag=0.3390  train_P@5_ab=0.7000  train_P@5_ag=0.9500  val_loss=0.7018  val_AUPR_all=0.5238  val_AUPR_ab=0.6324  val_AUPR_ag=0.3309  val_P@5_ab=0.9000  val_P@5_ag=0.9000  select=0.4816
Ep008  LR0=1.95e-04  pw=8.92  aucα=0.000  token_p=0.020  dropE=(0.020,0.080)  smooth=0.010  train_loss=0.5029  train_AUPR_all=0.5046  train_AUPR_ab=0.5897  train_AUPR_ag=0.3468  train_P@5_ab=0.7000  train_P@5_ag=0.9500  val_loss=0.6642  val_AUPR_all=0.5390  val_AUPR_ab=0.6628  val_AUPR_ag=0.3517  val_P@5_ab=0.9500  val_P@5_ag=0.9500  select=0.5073
  Saved checkpoint: checkpoints_old/iPara_balanced_l1_g9_i4_do0.10_dpr0.10_lr0.0002_heads16_fold5.pth  select=0.5073  val_ab=0.6628  val_ag=0.3517  val_all=0.5390
Ep009  LR0=1.94e-04  pw=7.99  aucα=0.000  token_p=0.020  dropE=(0.020,0.080)  smooth=0.010  train_loss=0.4650  train_AUPR_all=0.5259  train_AUPR_ab=0.6066  train_AUPR_ag=0.3707  train_P@5_ab=0.7500  train_P@5_ag=0.9000  val_loss=0.6130  val_AUPR_all=0.5709  val_AUPR_ab=0.6895  val_AUPR_ag=0.3773  val_P@5_ab=1.0000  val_P@5_ag=0.9500  select=0.5334
  Saved checkpoint: checkpoints_old/iPara_balanced_l1_g9_i4_do0.10_dpr0.10_lr0.0002_heads16_fold5.pth  select=0.5334  val_ab=0.6895  val_ag=0.3773  val_all=0.5709
Ep010  LR0=1.92e-04  pw=7.17  aucα=0.030  token_p=0.020  dropE=(0.020,0.080)  smooth=0.010  train_loss=0.4625  train_AUPR_all=0.5225  train_AUPR_ab=0.6126  train_AUPR_ag=0.3544  train_P@5_ab=0.6500  train_P@5_ag=0.8500  val_loss=0.6513  val_AUPR_all=0.5460  val_AUPR_ab=0.6659  val_AUPR_ag=0.3493  val_P@5_ab=0.4500  val_P@5_ag=1.0000  select=0.5076
Unfreezing DyM parameters.
Ep011  LR0=1.90e-04  pw=6.44  aucα=0.060  token_p=0.020  dropE=(0.020,0.080)  smooth=0.010  train_loss=0.4421  train_AUPR_all=0.5333  train_AUPR_ab=0.6245  train_AUPR_ag=0.3706  train_P@5_ab=0.8000  train_P@5_ag=0.7000  val_loss=0.5600  val_AUPR_all=0.5780  val_AUPR_ab=0.7087  val_AUPR_ag=0.3688  val_P@5_ab=1.0000  val_P@5_ag=0.9000  select=0.5387
  Saved checkpoint: checkpoints_old/iPara_balanced_l1_g9_i4_do0.10_dpr0.10_lr0.0002_heads16_fold5.pth  select=0.5387  val_ab=0.7087  val_ag=0.3688  val_all=0.5780
Ep012  LR0=1.88e-04  pw=5.80  aucα=0.090  token_p=0.020  dropE=(0.020,0.080)  smooth=0.010  train_loss=0.4304  train_AUPR_all=0.5525  train_AUPR_ab=0.6423  train_AUPR_ag=0.3913  train_P@5_ab=0.9000  train_P@5_ag=1.0000  val_loss=0.5349  val_AUPR_all=0.5752  val_AUPR_ab=0.7062  val_AUPR_ag=0.3651  val_P@5_ab=1.0000  val_P@5_ag=0.9500  select=0.5356
Ep013  LR0=1.86e-04  pw=5.24  aucα=0.120  token_p=0.020  dropE=(0.020,0.080)  smooth=0.010  train_loss=0.4151  train_AUPR_all=0.5679  train_AUPR_ab=0.6640  train_AUPR_ag=0.4002  train_P@5_ab=0.9000  train_P@5_ag=0.9000  val_loss=0.5086  val_AUPR_all=0.5790  val_AUPR_ab=0.7142  val_AUPR_ag=0.3638  val_P@5_ab=0.9500  val_P@5_ag=0.9000  select=0.5390
  Saved checkpoint: checkpoints_old/iPara_balanced_l1_g9_i4_do0.10_dpr0.10_lr0.0002_heads16_fold5.pth  select=0.5390  val_ab=0.7142  val_ag=0.3638  val_all=0.5790
Ep014  LR0=1.83e-04  pw=4.74  aucα=0.150  token_p=0.020  dropE=(0.020,0.080)  smooth=0.010  train_loss=0.4106  train_AUPR_all=0.5682  train_AUPR_ab=0.6628  train_AUPR_ag=0.4036  train_P@5_ab=1.0000  train_P@5_ag=0.9500  val_loss=0.5375  val_AUPR_all=0.5649  val_AUPR_ab=0.7149  val_AUPR_ag=0.3235  val_P@5_ab=1.0000  val_P@5_ag=1.0000  select=0.5192
Ep015  LR0=1.81e-04  pw=4.30  aucα=0.180  token_p=0.020  dropE=(0.020,0.080)  smooth=0.010  train_loss=0.4057  train_AUPR_all=0.5735  train_AUPR_ab=0.6682  train_AUPR_ag=0.4069  train_P@5_ab=0.7500  train_P@5_ag=0.9500  val_loss=0.4679  val_AUPR_all=0.5960  val_AUPR_ab=0.7298  val_AUPR_ag=0.3811  val_P@5_ab=1.0000  val_P@5_ag=1.0000  select=0.5554
  Saved checkpoint: checkpoints_old/iPara_balanced_l1_g9_i4_do0.10_dpr0.10_lr0.0002_heads16_fold5.pth  select=0.5554  val_ab=0.7298  val_ag=0.3811  val_all=0.5960
Ep016  LR0=1.78e-04  pw=3.91  aucα=0.210  token_p=0.020  dropE=(0.020,0.080)  smooth=0.010  train_loss=0.3920  train_AUPR_all=0.5911  train_AUPR_ab=0.6897  train_AUPR_ag=0.4245  train_P@5_ab=0.9500  train_P@5_ag=0.9000  val_loss=0.4617  val_AUPR_all=0.5777  val_AUPR_ab=0.7344  val_AUPR_ag=0.3591  val_P@5_ab=1.0000  val_P@5_ag=0.9500  select=0.5468
Ep017  LR0=1.75e-04  pw=3.57  aucα=0.240  token_p=0.020  dropE=(0.020,0.080)  smooth=0.010  train_loss=0.3878  train_AUPR_all=0.5989  train_AUPR_ab=0.7003  train_AUPR_ag=0.4319  train_P@5_ab=0.9000  train_P@5_ag=1.0000  val_loss=0.4413  val_AUPR_all=0.5899  val_AUPR_ab=0.7359  val_AUPR_ag=0.3571  val_P@5_ab=1.0000  val_P@5_ag=0.9000  select=0.5465
Ep018  LR0=1.72e-04  pw=3.27  aucα=0.270  token_p=0.020  dropE=(0.020,0.080)  smooth=0.010  train_loss=0.3765  train_AUPR_all=0.6131  train_AUPR_ab=0.7083  train_AUPR_ag=0.4568  train_P@5_ab=1.0000  train_P@5_ag=0.9000  val_loss=0.4204  val_AUPR_all=0.5998  val_AUPR_ab=0.7464  val_AUPR_ag=0.3697  val_P@5_ab=1.0000  val_P@5_ag=0.9000  select=0.5581
  Saved checkpoint: checkpoints_old/iPara_balanced_l1_g9_i4_do0.10_dpr0.10_lr0.0002_heads16_fold5.pth  select=0.5581  val_ab=0.7464  val_ag=0.3697  val_all=0.5998
Ep019  LR0=1.69e-04  pw=3.00  aucα=0.300  token_p=0.020  dropE=(0.020,0.080)  smooth=0.010  train_loss=0.3737  train_AUPR_all=0.6168  train_AUPR_ab=0.7104  train_AUPR_ag=0.4602  train_P@5_ab=0.9500  train_P@5_ag=0.9500  val_loss=0.4180  val_AUPR_all=0.5722  val_AUPR_ab=0.7257  val_AUPR_ag=0.3805  val_P@5_ab=0.9500  val_P@5_ag=0.9000  select=0.5531
Ep020  LR0=1.66e-04  pw=2.77  aucα=0.300  token_p=0.020  dropE=(0.020,0.080)  smooth=0.010  train_loss=0.3565  train_AUPR_all=0.6259  train_AUPR_ab=0.7193  train_AUPR_ag=0.4746  train_P@5_ab=1.0000  train_P@5_ag=0.9500  val_loss=0.3972  val_AUPR_all=0.5851  val_AUPR_ab=0.7448  val_AUPR_ag=0.3689  val_P@5_ab=1.0000  val_P@5_ag=0.9000  select=0.5568
Ep021  LR0=1.62e-04  pw=2.56  aucα=0.300  token_p=0.020  dropE=(0.020,0.080)  smooth=0.010  train_loss=0.3409  train_AUPR_all=0.6344  train_AUPR_ab=0.7266  train_AUPR_ag=0.4860  train_P@5_ab=0.8500  train_P@5_ag=1.0000  val_loss=0.3941  val_AUPR_all=0.5970  val_AUPR_ab=0.7499  val_AUPR_ag=0.3641  val_P@5_ab=1.0000  val_P@5_ag=0.9500  select=0.5570
Ep022  LR0=1.59e-04  pw=2.38  aucα=0.300  token_p=0.020  dropE=(0.020,0.080)  smooth=0.010  train_loss=0.3263  train_AUPR_all=0.6429  train_AUPR_ab=0.7308  train_AUPR_ag=0.5012  train_P@5_ab=0.9500  train_P@5_ag=1.0000  val_loss=0.3640  val_AUPR_all=0.6050  val_AUPR_ab=0.7487  val_AUPR_ag=0.3727  val_P@5_ab=1.0000  val_P@5_ag=1.0000  select=0.5607
  Saved checkpoint: checkpoints_old/iPara_balanced_l1_g9_i4_do0.10_dpr0.10_lr0.0002_heads16_fold5.pth  select=0.5607  val_ab=0.7487  val_ag=0.3727  val_all=0.6050
Ep023  LR0=1.55e-04  pw=2.21  aucα=0.300  token_p=0.020  dropE=(0.020,0.080)  smooth=0.010  train_loss=0.3133  train_AUPR_all=0.6500  train_AUPR_ab=0.7386  train_AUPR_ag=0.5111  train_P@5_ab=1.0000  train_P@5_ag=0.9500  val_loss=0.3569  val_AUPR_all=0.6011  val_AUPR_ab=0.7486  val_AUPR_ag=0.3776  val_P@5_ab=1.0000  val_P@5_ag=1.0000  select=0.5631
  Saved checkpoint: checkpoints_old/iPara_balanced_l1_g9_i4_do0.10_dpr0.10_lr0.0002_heads16_fold5.pth  select=0.5631  val_ab=0.7486  val_ag=0.3776  val_all=0.6011
Ep024  LR0=1.51e-04  pw=2.07  aucα=0.300  token_p=0.020  dropE=(0.020,0.080)  smooth=0.010  train_loss=0.2947  train_AUPR_all=0.6653  train_AUPR_ab=0.7486  train_AUPR_ag=0.5364  train_P@5_ab=0.9500  train_P@5_ag=1.0000  val_loss=0.3747  val_AUPR_all=0.5844  val_AUPR_ab=0.7590  val_AUPR_ag=0.3437  val_P@5_ab=1.0000  val_P@5_ag=0.9000  select=0.5513
Ep025  LR0=1.48e-04  pw=1.95  aucα=0.300  token_p=0.020  dropE=(0.020,0.080)  smooth=0.010  train_loss=0.2834  train_AUPR_all=0.6754  train_AUPR_ab=0.7580  train_AUPR_ag=0.5473  train_P@5_ab=0.9000  train_P@5_ag=1.0000  val_loss=0.3567  val_AUPR_all=0.6009  val_AUPR_ab=0.7576  val_AUPR_ag=0.3733  val_P@5_ab=1.0000  val_P@5_ag=0.8000  select=0.5654
  Saved checkpoint: checkpoints_old/iPara_balanced_l1_g9_i4_do0.10_dpr0.10_lr0.0002_heads16_fold5.pth  select=0.5654  val_ab=0.7576  val_ag=0.3733  val_all=0.6009
Ep026  LR0=1.44e-04  pw=1.83  aucα=0.300  token_p=0.020  dropE=(0.020,0.080)  smooth=0.010  train_loss=0.2755  train_AUPR_all=0.6786  train_AUPR_ab=0.7509  train_AUPR_ag=0.5684  train_P@5_ab=1.0000  train_P@5_ag=1.0000  val_loss=0.3502  val_AUPR_all=0.5982  val_AUPR_ab=0.7514  val_AUPR_ag=0.3826  val_P@5_ab=1.0000  val_P@5_ag=1.0000  select=0.5670
  Saved checkpoint: checkpoints_old/iPara_balanced_l1_g9_i4_do0.10_dpr0.10_lr0.0002_heads16_fold5.pth  select=0.5670  val_ab=0.7514  val_ag=0.3826  val_all=0.5982
Ep027  LR0=1.39e-04  pw=1.74  aucα=0.300  token_p=0.020  dropE=(0.020,0.080)  smooth=0.010  train_loss=0.2628  train_AUPR_all=0.6916  train_AUPR_ab=0.7687  train_AUPR_ag=0.5726  train_P@5_ab=0.9500  train_P@5_ag=0.9000  val_loss=0.3448  val_AUPR_all=0.6015  val_AUPR_ab=0.7634  val_AUPR_ag=0.3619  val_P@5_ab=1.0000  val_P@5_ag=0.9500  select=0.5626
Ep028  LR0=1.35e-04  pw=1.65  aucα=0.300  token_p=0.020  dropE=(0.020,0.080)  smooth=0.010  train_loss=0.2538  train_AUPR_all=0.6988  train_AUPR_ab=0.7671  train_AUPR_ag=0.5960  train_P@5_ab=0.9000  train_P@5_ag=1.0000  val_loss=0.3525  val_AUPR_all=0.5689  val_AUPR_ab=0.7659  val_AUPR_ag=0.3592  val_P@5_ab=1.0000  val_P@5_ag=1.0000  select=0.5626
Ep029  LR0=1.31e-04  pw=1.57  aucα=0.300  token_p=0.020  dropE=(0.020,0.080)  smooth=0.010  train_loss=0.2468  train_AUPR_all=0.7021  train_AUPR_ab=0.7687  train_AUPR_ag=0.6022  train_P@5_ab=0.9500  train_P@5_ag=0.8500  val_loss=0.3402  val_AUPR_all=0.5838  val_AUPR_ab=0.7643  val_AUPR_ag=0.3472  val_P@5_ab=1.0000  val_P@5_ag=1.0000  select=0.5557
Ep030  LR0=1.27e-04  pw=1.51  aucα=0.300  token_p=0.020  dropE=(0.020,0.080)  smooth=0.010  train_loss=0.2383  train_AUPR_all=0.7112  train_AUPR_ab=0.7777  train_AUPR_ag=0.6119  train_P@5_ab=1.0000  train_P@5_ag=0.9500  val_loss=0.3295  val_AUPR_all=0.6071  val_AUPR_ab=0.7692  val_AUPR_ag=0.3717  val_P@5_ab=1.0000  val_P@5_ag=0.8500  select=0.5705
  Saved checkpoint: checkpoints_old/iPara_balanced_l1_g9_i4_do0.10_dpr0.10_lr0.0002_heads16_fold5.pth  select=0.5705  val_ab=0.7692  val_ag=0.3717  val_all=0.6071
Ep031  LR0=1.22e-04  pw=1.45  aucα=0.300  token_p=0.020  dropE=(0.020,0.080)  smooth=0.010  train_loss=0.2273  train_AUPR_all=0.7260  train_AUPR_ab=0.7873  train_AUPR_ag=0.6352  train_P@5_ab=1.0000  train_P@5_ag=0.9500  val_loss=0.3242  val_AUPR_all=0.5995  val_AUPR_ab=0.7638  val_AUPR_ag=0.3547  val_P@5_ab=1.0000  val_P@5_ag=0.8000  select=0.5592
Ep032  LR0=1.18e-04  pw=1.39  aucα=0.300  token_p=0.020  dropE=(0.020,0.080)  smooth=0.010  train_loss=0.2229  train_AUPR_all=0.7298  train_AUPR_ab=0.7881  train_AUPR_ag=0.6447  train_P@5_ab=1.0000  train_P@5_ag=1.0000  val_loss=0.3375  val_AUPR_all=0.5836  val_AUPR_ab=0.7574  val_AUPR_ag=0.3510  val_P@5_ab=0.9500  val_P@5_ag=0.9000  select=0.5542
Ep033  LR0=1.14e-04  pw=1.35  aucα=0.300  token_p=0.020  dropE=(0.020,0.080)  smooth=0.010  train_loss=0.2107  train_AUPR_all=0.7465  train_AUPR_ab=0.8036  train_AUPR_ag=0.6627  train_P@5_ab=1.0000  train_P@5_ag=0.9500  val_loss=0.3289  val_AUPR_all=0.5932  val_AUPR_ab=0.7701  val_AUPR_ag=0.3646  val_P@5_ab=1.0000  val_P@5_ag=1.0000  select=0.5674
Ep034  LR0=1.09e-04  pw=1.31  aucα=0.300  token_p=0.020  dropE=(0.020,0.080)  smooth=0.010  train_loss=0.2071  train_AUPR_all=0.7503  train_AUPR_ab=0.8006  train_AUPR_ag=0.6776  train_P@5_ab=1.0000  train_P@5_ag=1.0000  val_loss=0.3135  val_AUPR_all=0.6097  val_AUPR_ab=0.7709  val_AUPR_ag=0.3806  val_P@5_ab=1.0000  val_P@5_ag=1.0000  select=0.5758
  Saved checkpoint: checkpoints_old/iPara_balanced_l1_g9_i4_do0.10_dpr0.10_lr0.0002_heads16_fold5.pth  select=0.5758  val_ab=0.7709  val_ag=0.3806  val_all=0.6097
Ep035  LR0=1.05e-04  pw=1.27  aucα=0.300  token_p=0.020  dropE=(0.020,0.080)  smooth=0.010  train_loss=0.2037  train_AUPR_all=0.7546  train_AUPR_ab=0.8061  train_AUPR_ag=0.6803  train_P@5_ab=1.0000  train_P@5_ag=1.0000  val_loss=0.3259  val_AUPR_all=0.5933  val_AUPR_ab=0.7714  val_AUPR_ag=0.3495  val_P@5_ab=1.0000  val_P@5_ag=0.9500  select=0.5605
Ep036  LR0=1.00e-04  pw=1.24  aucα=0.300  token_p=0.020  dropE=(0.020,0.080)  smooth=0.010  train_loss=0.1928  train_AUPR_all=0.7719  train_AUPR_ab=0.8192  train_AUPR_ag=0.7037  train_P@5_ab=1.0000  train_P@5_ag=1.0000  val_loss=0.3091  val_AUPR_all=0.6013  val_AUPR_ab=0.7669  val_AUPR_ag=0.3719  val_P@5_ab=1.0000  val_P@5_ag=0.8500  select=0.5694
Ep037  LR0=9.58e-05  pw=1.21  aucα=0.300  token_p=0.020  dropE=(0.020,0.080)  smooth=0.010  train_loss=0.1890  train_AUPR_all=0.7732  train_AUPR_ab=0.8165  train_AUPR_ag=0.7113  train_P@5_ab=1.0000  train_P@5_ag=1.0000  val_loss=0.3193  val_AUPR_all=0.6112  val_AUPR_ab=0.7702  val_AUPR_ag=0.3783  val_P@5_ab=1.0000  val_P@5_ag=0.9500  select=0.5743
Ep038  LR0=9.13e-05  pw=1.19  aucα=0.300  token_p=0.020  dropE=(0.020,0.080)  smooth=0.010  train_loss=0.1865  train_AUPR_all=0.7765  train_AUPR_ab=0.8170  train_AUPR_ag=0.7191  train_P@5_ab=1.0000  train_P@5_ag=1.0000  val_loss=0.3204  val_AUPR_all=0.5986  val_AUPR_ab=0.7684  val_AUPR_ag=0.3796  val_P@5_ab=1.0000  val_P@5_ag=1.0000  select=0.5740
Ep039  LR0=8.69e-05  pw=1.16  aucα=0.300  token_p=0.020  dropE=(0.020,0.080)  smooth=0.010  train_loss=0.1821  train_AUPR_all=0.7837  train_AUPR_ab=0.8250  train_AUPR_ag=0.7249  train_P@5_ab=1.0000  train_P@5_ag=1.0000  val_loss=0.3269  val_AUPR_all=0.5795  val_AUPR_ab=0.7593  val_AUPR_ag=0.3543  val_P@5_ab=1.0000  val_P@5_ag=0.9500  select=0.5568
Ep040  LR0=8.24e-05  pw=1.15  aucα=0.300  token_p=0.020  dropE=(0.020,0.080)  smooth=0.010  train_loss=0.1754  train_AUPR_all=0.7955  train_AUPR_ab=0.8340  train_AUPR_ag=0.7411  train_P@5_ab=1.0000  train_P@5_ag=1.0000  val_loss=0.3306  val_AUPR_all=0.5821  val_AUPR_ab=0.7588  val_AUPR_ag=0.3577  val_P@5_ab=0.9500  val_P@5_ag=0.9000  select=0.5582
Ep041  LR0=7.81e-05  pw=1.13  aucα=0.300  token_p=0.020  dropE=(0.020,0.080)  smooth=0.010  train_loss=0.1710  train_AUPR_all=0.8012  train_AUPR_ab=0.8391  train_AUPR_ag=0.7475  train_P@5_ab=1.0000  train_P@5_ag=1.0000  val_loss=0.3218  val_AUPR_all=0.5899  val_AUPR_ab=0.7656  val_AUPR_ag=0.3615  val_P@5_ab=1.0000  val_P@5_ag=0.9000  select=0.5635
Ep042  LR0=7.37e-05  pw=1.11  aucα=0.300  token_p=0.020  dropE=(0.020,0.080)  smooth=0.010  train_loss=0.1650  train_AUPR_all=0.8101  train_AUPR_ab=0.8456  train_AUPR_ag=0.7600  train_P@5_ab=1.0000  train_P@5_ag=1.0000  val_loss=0.3225  val_AUPR_all=0.5912  val_AUPR_ab=0.7607  val_AUPR_ag=0.3697  val_P@5_ab=0.9500  val_P@5_ag=1.0000  select=0.5652
Ep043  LR0=6.94e-05  pw=1.10  aucα=0.300  token_p=0.020  dropE=(0.020,0.080)  smooth=0.010  train_loss=0.1611  train_AUPR_all=0.8167  train_AUPR_ab=0.8478  train_AUPR_ag=0.7733  train_P@5_ab=1.0000  train_P@5_ag=1.0000  val_loss=0.3180  val_AUPR_all=0.5928  val_AUPR_ab=0.7645  val_AUPR_ag=0.3772  val_P@5_ab=0.9500  val_P@5_ag=1.0000  select=0.5709
Ep044  LR0=6.52e-05  pw=1.09  aucα=0.300  token_p=0.020  dropE=(0.020,0.080)  smooth=0.010  train_loss=0.1593  train_AUPR_all=0.8183  train_AUPR_ab=0.8497  train_AUPR_ag=0.7747  train_P@5_ab=1.0000  train_P@5_ag=1.0000  val_loss=0.3257  val_AUPR_all=0.5970  val_AUPR_ab=0.7684  val_AUPR_ag=0.3772  val_P@5_ab=1.0000  val_P@5_ag=0.8500  select=0.5728
Ep045  LR0=6.10e-05  pw=1.08  aucα=0.300  token_p=0.020  dropE=(0.020,0.080)  smooth=0.010  train_loss=0.1549  train_AUPR_all=0.8262  train_AUPR_ab=0.8572  train_AUPR_ag=0.7826  train_P@5_ab=1.0000  train_P@5_ag=1.0000  val_loss=0.3230  val_AUPR_all=0.5894  val_AUPR_ab=0.7598  val_AUPR_ag=0.3686  val_P@5_ab=1.0000  val_P@5_ag=0.9000  select=0.5642
Ep046  LR0=5.70e-05  pw=1.07  aucα=0.300  token_p=0.020  dropE=(0.020,0.080)  smooth=0.010  train_loss=0.1530  train_AUPR_all=0.8295  train_AUPR_ab=0.8601  train_AUPR_ag=0.7866  train_P@5_ab=1.0000  train_P@5_ag=1.0000  val_loss=0.3246  val_AUPR_all=0.5951  val_AUPR_ab=0.7680  val_AUPR_ag=0.3589  val_P@5_ab=1.0000  val_P@5_ag=1.0000  select=0.5635
Ep047  LR0=5.30e-05  pw=1.06  aucα=0.300  token_p=0.020  dropE=(0.020,0.080)  smooth=0.010  train_loss=0.1489  train_AUPR_all=0.8357  train_AUPR_ab=0.8635  train_AUPR_ag=0.7971  train_P@5_ab=1.0000  train_P@5_ag=1.0000  val_loss=0.3364  val_AUPR_all=0.5834  val_AUPR_ab=0.7646  val_AUPR_ag=0.3514  val_P@5_ab=1.0000  val_P@5_ag=0.8000  select=0.5580
Ep048  LR0=4.91e-05  pw=1.05  aucα=0.300  token_p=0.020  dropE=(0.020,0.080)  smooth=0.010  train_loss=0.1454  train_AUPR_all=0.8424  train_AUPR_ab=0.8725  train_AUPR_ag=0.8003  train_P@5_ab=1.0000  train_P@5_ag=1.0000  val_loss=0.3268  val_AUPR_all=0.5832  val_AUPR_ab=0.7655  val_AUPR_ag=0.3559  val_P@5_ab=0.9500  val_P@5_ag=0.8000  select=0.5607
Ep049  LR0=4.53e-05  pw=1.05  aucα=0.300  token_p=0.020  dropE=(0.020,0.080)  smooth=0.010  train_loss=0.1417  train_AUPR_all=0.8476  train_AUPR_ab=0.8738  train_AUPR_ag=0.8109  train_P@5_ab=1.0000  train_P@5_ag=1.0000  val_loss=0.3313  val_AUPR_all=0.5821  val_AUPR_ab=0.7603  val_AUPR_ag=0.3475  val_P@5_ab=0.9000  val_P@5_ag=0.6000  select=0.5539
Ep050  LR0=4.16e-05  pw=1.04  aucα=0.300  token_p=0.020  dropE=(0.020,0.080)  smooth=0.010  train_loss=0.1402  train_AUPR_all=0.8496  train_AUPR_ab=0.8755  train_AUPR_ag=0.8132  train_P@5_ab=1.0000  train_P@5_ag=1.0000  val_loss=0.3290  val_AUPR_all=0.5750  val_AUPR_ab=0.7565  val_AUPR_ag=0.3485  val_P@5_ab=0.9500  val_P@5_ag=0.6500  select=0.5525
Ep051  LR0=3.81e-05  pw=1.04  aucα=0.300  token_p=0.020  dropE=(0.020,0.080)  smooth=0.010  train_loss=0.1386  train_AUPR_all=0.8527  train_AUPR_ab=0.8797  train_AUPR_ag=0.8149  train_P@5_ab=1.0000  train_P@5_ag=1.0000  val_loss=0.3278  val_AUPR_all=0.5870  val_AUPR_ab=0.7643  val_AUPR_ag=0.3560  val_P@5_ab=1.0000  val_P@5_ag=0.5500  select=0.5602
Ep052  LR0=3.46e-05  pw=1.03  aucα=0.300  token_p=0.020  dropE=(0.020,0.080)  smooth=0.010  train_loss=0.1354  train_AUPR_all=0.8583  train_AUPR_ab=0.8839  train_AUPR_ag=0.8225  train_P@5_ab=1.0000  train_P@5_ag=1.0000  val_loss=0.3354  val_AUPR_all=0.5783  val_AUPR_ab=0.7591  val_AUPR_ag=0.3491  val_P@5_ab=1.0000  val_P@5_ag=0.7000  select=0.5541
Ep053  LR0=3.13e-05  pw=1.03  aucα=0.300  token_p=0.020  dropE=(0.020,0.080)  smooth=0.010  train_loss=0.1347  train_AUPR_all=0.8589  train_AUPR_ab=0.8853  train_AUPR_ag=0.8217  train_P@5_ab=1.0000  train_P@5_ag=1.0000  val_loss=0.3263  val_AUPR_all=0.5798  val_AUPR_ab=0.7591  val_AUPR_ag=0.3450  val_P@5_ab=0.9500  val_P@5_ag=0.7000  select=0.5520
Ep054  LR0=2.82e-05  pw=1.03  aucα=0.300  token_p=0.020  dropE=(0.020,0.080)  smooth=0.010  train_loss=0.1327  train_AUPR_all=0.8629  train_AUPR_ab=0.8883  train_AUPR_ag=0.8270  train_P@5_ab=1.0000  train_P@5_ag=1.0000  val_loss=0.3295  val_AUPR_all=0.5783  val_AUPR_ab=0.7554  val_AUPR_ag=0.3504  val_P@5_ab=1.0000  val_P@5_ag=0.6000  select=0.5529
Early stopping at epoch 54. Best select=0.5758 at epoch 34.
Final saved checkpoint for fold 5: checkpoints_old/iPara_balanced_l1_g9_i4_do0.10_dpr0.10_lr0.0002_heads16_fold5.pth
Best select=0.5758 at epoch 34
