Device: cuda
Visible GPUs: 1
GPU 0: NVIDIA RTX PRO 6000 Blackwell Server Edition
Config:
  sequence_file: para_tv_esmsequences_1600.npz
  data_file: para_tv_esminterfaces_1600.npz
  edge_file: para_tv_esmedges_1600.npz
  seq_len: 1600
  vocab_size: 31
  num_classes: 2
  pad_id: 1
  eoc_id: 24
  embed_dim: 256
  num_heads: 16
  num_layers: 1
  num_gnn_layers: 7
  num_int_layers: 5
  dropout: 0.1
  drop_path_rate: 0.1
  batch_size: 4
  num_epochs: 80
  warmup_epochs: 10
  min_stop_epoch: 45
  early_stop: 20
  learning_rate: 0.0002
  weight_decay: 0.0001
  max_grad_norm: 0.5
  accum_steps: 1
  amp: True
  weight_start: 8.0
  weight_end: 1.0
  weight_anneal_tau: 10.0
  dropedge_min: 0.02
  dropedge_max: 0.08
  token_drop_p: 0.02
  smooth_lambda: 0.01
  aucpr_alpha: 0.3
  aucpr_ramp_start: 10
  aucpr_ramp_len: 10
  aucpr_bins: 64
  aucpr_temp: 0.05
  antibody_loss_weight: 1.0
  antigen_loss_weight: 1.0
  n_splits: 5
  num_workers: 0
  select_ab_weight: 0.5
  select_ag_weight: 0.5
Dataset size: 858

==========================================================================================
Fold 1/5
==========================================================================================
Train labels: valid=399467, pos=26433, neg=373034, ignore=698133, pos_frac=0.06617
Val labels: valid=100725, pos=6797, neg=93928, ignore=174475, pos_frac=0.06748
Initializing ClassificationModel with 7 GAT layers and residual connections...
Initializing MCModel with 7 GAT layers and 5 row attention layers (drop_path_rate=0.1)
Initializing CoreModel with 1 layers, drop_path_rate=0.1
Ep001  LR0=2.00e-04  pw=8.00  aucα=0.000  token_p=0.020  dropE=(0.020,0.080)  smooth=0.010  train_loss=0.9851  train_AUPR_all=0.1239  train_AUPR_ab=0.1237  train_AUPR_ag=0.1286  train_P@5_ab=0.2000  train_P@5_ag=0.4500  val_loss=1.1184  val_AUPR_all=0.2855  val_AUPR_ab=0.3788  val_AUPR_ag=0.1543  val_P@5_ab=0.6000  val_P@5_ag=0.7500  select=0.2665
  Saved checkpoint: checkpoints_post/iPara_balanced_l1_g7_i5_do0.10_dpr0.10_lr0.0002_heads16_fold1.pth  select=0.2665  val_ab=0.3788  val_ag=0.1543  val_all=0.2855
Ep002  LR0=2.00e-04  pw=7.33  aucα=0.000  token_p=0.020  dropE=(0.020,0.080)  smooth=0.010  train_loss=0.6081  train_AUPR_all=0.3138  train_AUPR_ab=0.3891  train_AUPR_ag=0.2160  train_P@5_ab=0.4500  train_P@5_ag=0.8000  val_loss=1.0138  val_AUPR_all=0.2285  val_AUPR_ab=0.2757  val_AUPR_ag=0.1374  val_P@5_ab=0.2000  val_P@5_ag=0.3000  select=0.2065
Ep003  LR0=2.00e-04  pw=6.73  aucα=0.000  token_p=0.020  dropE=(0.020,0.080)  smooth=0.010  train_loss=0.5233  train_AUPR_all=0.3979  train_AUPR_ab=0.4861  train_AUPR_ag=0.2579  train_P@5_ab=0.7500  train_P@5_ag=0.7500  val_loss=0.8829  val_AUPR_all=0.4174  val_AUPR_ab=0.5762  val_AUPR_ag=0.1653  val_P@5_ab=0.8500  val_P@5_ag=0.6500  select=0.3707
  Saved checkpoint: checkpoints_post/iPara_balanced_l1_g7_i5_do0.10_dpr0.10_lr0.0002_heads16_fold1.pth  select=0.3707  val_ab=0.5762  val_ag=0.1653  val_all=0.4174
Ep004  LR0=1.99e-04  pw=6.19  aucα=0.000  token_p=0.020  dropE=(0.020,0.080)  smooth=0.010  train_loss=0.4686  train_AUPR_all=0.4265  train_AUPR_ab=0.5193  train_AUPR_ag=0.2707  train_P@5_ab=0.8000  train_P@5_ag=0.8500  val_loss=0.9094  val_AUPR_all=0.3888  val_AUPR_ab=0.5696  val_AUPR_ag=0.1566  val_P@5_ab=0.8000  val_P@5_ag=0.4500  select=0.3631
Ep005  LR0=1.99e-04  pw=5.69  aucα=0.000  token_p=0.020  dropE=(0.020,0.080)  smooth=0.010  train_loss=0.4360  train_AUPR_all=0.4474  train_AUPR_ab=0.5409  train_AUPR_ag=0.2906  train_P@5_ab=0.6500  train_P@5_ag=0.8000  val_loss=0.7940  val_AUPR_all=0.4467  val_AUPR_ab=0.5952  val_AUPR_ag=0.2123  val_P@5_ab=0.7500  val_P@5_ag=0.7500  select=0.4038
  Saved checkpoint: checkpoints_post/iPara_balanced_l1_g7_i5_do0.10_dpr0.10_lr0.0002_heads16_fold1.pth  select=0.4038  val_ab=0.5952  val_ag=0.2123  val_all=0.4467
Ep006  LR0=1.98e-04  pw=5.25  aucα=0.000  token_p=0.020  dropE=(0.020,0.080)  smooth=0.010  train_loss=0.4067  train_AUPR_all=0.4767  train_AUPR_ab=0.5668  train_AUPR_ag=0.3245  train_P@5_ab=0.8000  train_P@5_ag=0.8000  val_loss=0.6896  val_AUPR_all=0.4606  val_AUPR_ab=0.6239  val_AUPR_ag=0.2074  val_P@5_ab=0.8000  val_P@5_ag=1.0000  select=0.4157
  Saved checkpoint: checkpoints_post/iPara_balanced_l1_g7_i5_do0.10_dpr0.10_lr0.0002_heads16_fold1.pth  select=0.4157  val_ab=0.6239  val_ag=0.2074  val_all=0.4606
Ep007  LR0=1.97e-04  pw=4.84  aucα=0.000  token_p=0.020  dropE=(0.020,0.080)  smooth=0.010  train_loss=0.3802  train_AUPR_all=0.4924  train_AUPR_ab=0.5910  train_AUPR_ag=0.3271  train_P@5_ab=0.7500  train_P@5_ag=0.8500  val_loss=0.7291  val_AUPR_all=0.4483  val_AUPR_ab=0.6289  val_AUPR_ag=0.2297  val_P@5_ab=0.5500  val_P@5_ag=1.0000  select=0.4293
  Saved checkpoint: checkpoints_post/iPara_balanced_l1_g7_i5_do0.10_dpr0.10_lr0.0002_heads16_fold1.pth  select=0.4293  val_ab=0.6289  val_ag=0.2297  val_all=0.4483
Ep008  LR0=1.96e-04  pw=4.48  aucα=0.000  token_p=0.020  dropE=(0.020,0.080)  smooth=0.010  train_loss=0.3581  train_AUPR_all=0.5075  train_AUPR_ab=0.6012  train_AUPR_ag=0.3468  train_P@5_ab=0.7500  train_P@5_ag=0.9500  val_loss=0.5813  val_AUPR_all=0.5227  val_AUPR_ab=0.6410  val_AUPR_ag=0.3203  val_P@5_ab=0.5500  val_P@5_ag=1.0000  select=0.4807
  Saved checkpoint: checkpoints_post/iPara_balanced_l1_g7_i5_do0.10_dpr0.10_lr0.0002_heads16_fold1.pth  select=0.4807  val_ab=0.6410  val_ag=0.3203  val_all=0.5227
Ep009  LR0=1.95e-04  pw=4.15  aucα=0.000  token_p=0.020  dropE=(0.020,0.080)  smooth=0.010  train_loss=0.3393  train_AUPR_all=0.5201  train_AUPR_ab=0.6187  train_AUPR_ag=0.3503  train_P@5_ab=0.9000  train_P@5_ag=0.9000  val_loss=0.5844  val_AUPR_all=0.4897  val_AUPR_ab=0.6278  val_AUPR_ag=0.2733  val_P@5_ab=0.5500  val_P@5_ag=1.0000  select=0.4506
Ep010  LR0=1.94e-04  pw=3.85  aucα=0.030  token_p=0.020  dropE=(0.020,0.080)  smooth=0.010  train_loss=0.3379  train_AUPR_all=0.5239  train_AUPR_ab=0.6272  train_AUPR_ag=0.3515  train_P@5_ab=0.7000  train_P@5_ag=0.8000  val_loss=0.5459  val_AUPR_all=0.4928  val_AUPR_ab=0.6176  val_AUPR_ag=0.2966  val_P@5_ab=0.8000  val_P@5_ag=1.0000  select=0.4571
Unfreezing DyM parameters.
Ep011  LR0=1.92e-04  pw=3.58  aucα=0.060  token_p=0.020  dropE=(0.020,0.080)  smooth=0.010  train_loss=0.3342  train_AUPR_all=0.5417  train_AUPR_ab=0.6395  train_AUPR_ag=0.3761  train_P@5_ab=0.8500  train_P@5_ag=1.0000  val_loss=0.6091  val_AUPR_all=0.5132  val_AUPR_ab=0.6631  val_AUPR_ag=0.2857  val_P@5_ab=0.8500  val_P@5_ag=0.9500  select=0.4744
Ep012  LR0=1.91e-04  pw=3.33  aucα=0.090  token_p=0.020  dropE=(0.020,0.080)  smooth=0.010  train_loss=0.3396  train_AUPR_all=0.5389  train_AUPR_ab=0.6466  train_AUPR_ag=0.3603  train_P@5_ab=1.0000  train_P@5_ag=0.8500  val_loss=0.4947  val_AUPR_all=0.5342  val_AUPR_ab=0.6744  val_AUPR_ag=0.2987  val_P@5_ab=0.7500  val_P@5_ag=1.0000  select=0.4865
  Saved checkpoint: checkpoints_post/iPara_balanced_l1_g7_i5_do0.10_dpr0.10_lr0.0002_heads16_fold1.pth  select=0.4865  val_ab=0.6744  val_ag=0.2987  val_all=0.5342
Ep013  LR0=1.89e-04  pw=3.11  aucα=0.120  token_p=0.020  dropE=(0.020,0.080)  smooth=0.010  train_loss=0.3348  train_AUPR_all=0.5568  train_AUPR_ab=0.6596  train_AUPR_ag=0.3903  train_P@5_ab=0.9500  train_P@5_ag=0.8500  val_loss=0.5234  val_AUPR_all=0.4947  val_AUPR_ab=0.6590  val_AUPR_ag=0.2732  val_P@5_ab=0.7500  val_P@5_ag=1.0000  select=0.4661
Ep014  LR0=1.87e-04  pw=2.91  aucα=0.150  token_p=0.020  dropE=(0.020,0.080)  smooth=0.010  train_loss=0.3330  train_AUPR_all=0.5680  train_AUPR_ab=0.6724  train_AUPR_ag=0.3994  train_P@5_ab=0.9000  train_P@5_ag=0.9500  val_loss=0.4623  val_AUPR_all=0.5371  val_AUPR_ab=0.6831  val_AUPR_ag=0.2941  val_P@5_ab=0.9000  val_P@5_ag=0.9500  select=0.4886
  Saved checkpoint: checkpoints_post/iPara_balanced_l1_g7_i5_do0.10_dpr0.10_lr0.0002_heads16_fold1.pth  select=0.4886  val_ab=0.6831  val_ag=0.2941  val_all=0.5371
Ep015  LR0=1.85e-04  pw=2.73  aucα=0.180  token_p=0.020  dropE=(0.020,0.080)  smooth=0.010  train_loss=0.3361  train_AUPR_all=0.5796  train_AUPR_ab=0.6899  train_AUPR_ag=0.4021  train_P@5_ab=1.0000  train_P@5_ag=1.0000  val_loss=0.4395  val_AUPR_all=0.5450  val_AUPR_ab=0.6868  val_AUPR_ag=0.3148  val_P@5_ab=1.0000  val_P@5_ag=1.0000  select=0.5008
  Saved checkpoint: checkpoints_post/iPara_balanced_l1_g7_i5_do0.10_dpr0.10_lr0.0002_heads16_fold1.pth  select=0.5008  val_ab=0.6868  val_ag=0.3148  val_all=0.5450
Ep016  LR0=1.83e-04  pw=2.56  aucα=0.210  token_p=0.020  dropE=(0.020,0.080)  smooth=0.010  train_loss=0.3376  train_AUPR_all=0.5843  train_AUPR_ab=0.6919  train_AUPR_ag=0.4146  train_P@5_ab=0.9500  train_P@5_ag=1.0000  val_loss=0.4897  val_AUPR_all=0.5007  val_AUPR_ab=0.6826  val_AUPR_ag=0.2596  val_P@5_ab=0.7500  val_P@5_ag=1.0000  select=0.4711
Ep017  LR0=1.81e-04  pw=2.41  aucα=0.240  token_p=0.020  dropE=(0.020,0.080)  smooth=0.010  train_loss=0.3401  train_AUPR_all=0.5910  train_AUPR_ab=0.7021  train_AUPR_ag=0.4150  train_P@5_ab=1.0000  train_P@5_ag=0.9000  val_loss=0.4082  val_AUPR_all=0.5610  val_AUPR_ab=0.6905  val_AUPR_ag=0.3484  val_P@5_ab=0.9500  val_P@5_ag=1.0000  select=0.5195
  Saved checkpoint: checkpoints_post/iPara_balanced_l1_g7_i5_do0.10_dpr0.10_lr0.0002_heads16_fold1.pth  select=0.5195  val_ab=0.6905  val_ag=0.3484  val_all=0.5610
Ep018  LR0=1.79e-04  pw=2.28  aucα=0.270  token_p=0.020  dropE=(0.020,0.080)  smooth=0.010  train_loss=0.3415  train_AUPR_all=0.5969  train_AUPR_ab=0.7020  train_AUPR_ag=0.4311  train_P@5_ab=1.0000  train_P@5_ag=0.7500  val_loss=0.4002  val_AUPR_all=0.5487  val_AUPR_ab=0.6864  val_AUPR_ag=0.3274  val_P@5_ab=0.8000  val_P@5_ag=1.0000  select=0.5069
Ep019  LR0=1.76e-04  pw=2.16  aucα=0.300  token_p=0.020  dropE=(0.020,0.080)  smooth=0.010  train_loss=0.3443  train_AUPR_all=0.6027  train_AUPR_ab=0.7073  train_AUPR_ag=0.4390  train_P@5_ab=0.9000  train_P@5_ag=0.9500  val_loss=0.3804  val_AUPR_all=0.5566  val_AUPR_ab=0.6877  val_AUPR_ag=0.3494  val_P@5_ab=1.0000  val_P@5_ag=1.0000  select=0.5186
Ep020  LR0=1.73e-04  pw=2.05  aucα=0.300  token_p=0.020  dropE=(0.020,0.080)  smooth=0.010  train_loss=0.3319  train_AUPR_all=0.6147  train_AUPR_ab=0.7212  train_AUPR_ag=0.4477  train_P@5_ab=1.0000  train_P@5_ag=0.9500  val_loss=0.4188  val_AUPR_all=0.5305  val_AUPR_ab=0.6813  val_AUPR_ag=0.3082  val_P@5_ab=0.8500  val_P@5_ag=1.0000  select=0.4948
Ep021  LR0=1.71e-04  pw=1.95  aucα=0.300  token_p=0.020  dropE=(0.020,0.080)  smooth=0.010  train_loss=0.3247  train_AUPR_all=0.6167  train_AUPR_ab=0.7216  train_AUPR_ag=0.4545  train_P@5_ab=0.9500  train_P@5_ag=0.9000  val_loss=0.3741  val_AUPR_all=0.5621  val_AUPR_ab=0.7177  val_AUPR_ag=0.3265  val_P@5_ab=1.0000  val_P@5_ag=0.9500  select=0.5221
  Saved checkpoint: checkpoints_post/iPara_balanced_l1_g7_i5_do0.10_dpr0.10_lr0.0002_heads16_fold1.pth  select=0.5221  val_ab=0.7177  val_ag=0.3265  val_all=0.5621
Ep022  LR0=1.68e-04  pw=1.86  aucα=0.300  token_p=0.020  dropE=(0.020,0.080)  smooth=0.010  train_loss=0.3130  train_AUPR_all=0.6285  train_AUPR_ab=0.7320  train_AUPR_ag=0.4691  train_P@5_ab=1.0000  train_P@5_ag=0.9000  val_loss=0.3546  val_AUPR_all=0.5820  val_AUPR_ab=0.7270  val_AUPR_ag=0.3549  val_P@5_ab=0.9500  val_P@5_ag=1.0000  select=0.5410
  Saved checkpoint: checkpoints_post/iPara_balanced_l1_g7_i5_do0.10_dpr0.10_lr0.0002_heads16_fold1.pth  select=0.5410  val_ab=0.7270  val_ag=0.3549  val_all=0.5820
Ep023  LR0=1.65e-04  pw=1.78  aucα=0.300  token_p=0.020  dropE=(0.020,0.080)  smooth=0.010  train_loss=0.3038  train_AUPR_all=0.6375  train_AUPR_ab=0.7391  train_AUPR_ag=0.4810  train_P@5_ab=0.9500  train_P@5_ag=0.9500  val_loss=0.3421  val_AUPR_all=0.5824  val_AUPR_ab=0.7256  val_AUPR_ag=0.3459  val_P@5_ab=0.9500  val_P@5_ag=1.0000  select=0.5358
Ep024  LR0=1.62e-04  pw=1.70  aucα=0.300  token_p=0.020  dropE=(0.020,0.080)  smooth=0.010  train_loss=0.2959  train_AUPR_all=0.6421  train_AUPR_ab=0.7406  train_AUPR_ag=0.4910  train_P@5_ab=1.0000  train_P@5_ag=1.0000  val_loss=0.3326  val_AUPR_all=0.5906  val_AUPR_ab=0.7255  val_AUPR_ag=0.3782  val_P@5_ab=0.9500  val_P@5_ag=1.0000  select=0.5518
  Saved checkpoint: checkpoints_post/iPara_balanced_l1_g7_i5_do0.10_dpr0.10_lr0.0002_heads16_fold1.pth  select=0.5518  val_ab=0.7255  val_ag=0.3782  val_all=0.5906
Ep025  LR0=1.59e-04  pw=1.64  aucα=0.300  token_p=0.020  dropE=(0.020,0.080)  smooth=0.010  train_loss=0.2868  train_AUPR_all=0.6507  train_AUPR_ab=0.7447  train_AUPR_ag=0.5074  train_P@5_ab=0.9500  train_P@5_ag=1.0000  val_loss=0.3326  val_AUPR_all=0.5991  val_AUPR_ab=0.7390  val_AUPR_ag=0.3821  val_P@5_ab=1.0000  val_P@5_ag=0.9500  select=0.5606
  Saved checkpoint: checkpoints_post/iPara_balanced_l1_g7_i5_do0.10_dpr0.10_lr0.0002_heads16_fold1.pth  select=0.5606  val_ab=0.7390  val_ag=0.3821  val_all=0.5991
Ep026  LR0=1.56e-04  pw=1.57  aucα=0.300  token_p=0.020  dropE=(0.020,0.080)  smooth=0.010  train_loss=0.2787  train_AUPR_all=0.6585  train_AUPR_ab=0.7507  train_AUPR_ag=0.5188  train_P@5_ab=0.9000  train_P@5_ag=0.9500  val_loss=0.3239  val_AUPR_all=0.5905  val_AUPR_ab=0.7303  val_AUPR_ag=0.3832  val_P@5_ab=1.0000  val_P@5_ag=1.0000  select=0.5567
Ep027  LR0=1.52e-04  pw=1.52  aucα=0.300  token_p=0.020  dropE=(0.020,0.080)  smooth=0.010  train_loss=0.2682  train_AUPR_all=0.6740  train_AUPR_ab=0.7663  train_AUPR_ag=0.5352  train_P@5_ab=1.0000  train_P@5_ag=0.9500  val_loss=0.3194  val_AUPR_all=0.5889  val_AUPR_ab=0.7311  val_AUPR_ag=0.3701  val_P@5_ab=0.9500  val_P@5_ag=1.0000  select=0.5506
Ep028  LR0=1.49e-04  pw=1.47  aucα=0.300  token_p=0.020  dropE=(0.020,0.080)  smooth=0.010  train_loss=0.2631  train_AUPR_all=0.6757  train_AUPR_ab=0.7606  train_AUPR_ag=0.5484  train_P@5_ab=1.0000  train_P@5_ag=1.0000  val_loss=0.3181  val_AUPR_all=0.5881  val_AUPR_ab=0.7205  val_AUPR_ag=0.3839  val_P@5_ab=1.0000  val_P@5_ag=1.0000  select=0.5522
Ep029  LR0=1.46e-04  pw=1.43  aucα=0.300  token_p=0.020  dropE=(0.020,0.080)  smooth=0.010  train_loss=0.2539  train_AUPR_all=0.6872  train_AUPR_ab=0.7707  train_AUPR_ag=0.5620  train_P@5_ab=1.0000  train_P@5_ag=0.9500  val_loss=0.3190  val_AUPR_all=0.5851  val_AUPR_ab=0.7326  val_AUPR_ag=0.3627  val_P@5_ab=0.9500  val_P@5_ag=0.9500  select=0.5476
Ep030  LR0=1.42e-04  pw=1.39  aucα=0.300  token_p=0.020  dropE=(0.020,0.080)  smooth=0.010  train_loss=0.2445  train_AUPR_all=0.7016  train_AUPR_ab=0.7831  train_AUPR_ag=0.5797  train_P@5_ab=1.0000  train_P@5_ag=0.8500  val_loss=0.3217  val_AUPR_all=0.5787  val_AUPR_ab=0.7313  val_AUPR_ag=0.3630  val_P@5_ab=0.9500  val_P@5_ag=1.0000  select=0.5472
Ep031  LR0=1.38e-04  pw=1.35  aucα=0.300  token_p=0.020  dropE=(0.020,0.080)  smooth=0.010  train_loss=0.2427  train_AUPR_all=0.6991  train_AUPR_ab=0.7804  train_AUPR_ag=0.5770  train_P@5_ab=0.9500  train_P@5_ag=0.9500  val_loss=0.3150  val_AUPR_all=0.5891  val_AUPR_ab=0.7255  val_AUPR_ag=0.3787  val_P@5_ab=0.9000  val_P@5_ag=0.9500  select=0.5521
Ep032  LR0=1.35e-04  pw=1.32  aucα=0.300  token_p=0.020  dropE=(0.020,0.080)  smooth=0.010  train_loss=0.2327  train_AUPR_all=0.7140  train_AUPR_ab=0.7890  train_AUPR_ag=0.6029  train_P@5_ab=1.0000  train_P@5_ag=1.0000  val_loss=0.3100  val_AUPR_all=0.5978  val_AUPR_ab=0.7393  val_AUPR_ag=0.3910  val_P@5_ab=0.9500  val_P@5_ag=0.9500  select=0.5651
  Saved checkpoint: checkpoints_post/iPara_balanced_l1_g7_i5_do0.10_dpr0.10_lr0.0002_heads16_fold1.pth  select=0.5651  val_ab=0.7393  val_ag=0.3910  val_all=0.5978
Ep033  LR0=1.31e-04  pw=1.29  aucα=0.300  token_p=0.020  dropE=(0.020,0.080)  smooth=0.010  train_loss=0.2244  train_AUPR_all=0.7257  train_AUPR_ab=0.7955  train_AUPR_ag=0.6233  train_P@5_ab=1.0000  train_P@5_ag=1.0000  val_loss=0.3170  val_AUPR_all=0.5917  val_AUPR_ab=0.7351  val_AUPR_ag=0.3727  val_P@5_ab=0.9500  val_P@5_ag=1.0000  select=0.5539
Ep034  LR0=1.27e-04  pw=1.26  aucα=0.300  token_p=0.020  dropE=(0.020,0.080)  smooth=0.010  train_loss=0.2215  train_AUPR_all=0.7266  train_AUPR_ab=0.7986  train_AUPR_ag=0.6200  train_P@5_ab=1.0000  train_P@5_ag=1.0000  val_loss=0.3217  val_AUPR_all=0.5911  val_AUPR_ab=0.7384  val_AUPR_ag=0.3948  val_P@5_ab=0.9500  val_P@5_ag=0.9500  select=0.5666
  Saved checkpoint: checkpoints_post/iPara_balanced_l1_g7_i5_do0.10_dpr0.10_lr0.0002_heads16_fold1.pth  select=0.5666  val_ab=0.7384  val_ag=0.3948  val_all=0.5911
Ep035  LR0=1.24e-04  pw=1.23  aucα=0.300  token_p=0.020  dropE=(0.020,0.080)  smooth=0.010  train_loss=0.2189  train_AUPR_all=0.7303  train_AUPR_ab=0.7998  train_AUPR_ag=0.6278  train_P@5_ab=0.9500  train_P@5_ag=1.0000  val_loss=0.3049  val_AUPR_all=0.5937  val_AUPR_ab=0.7348  val_AUPR_ag=0.3955  val_P@5_ab=0.9500  val_P@5_ag=1.0000  select=0.5652
Ep036  LR0=1.20e-04  pw=1.21  aucα=0.300  token_p=0.020  dropE=(0.020,0.080)  smooth=0.010  train_loss=0.2122  train_AUPR_all=0.7406  train_AUPR_ab=0.8080  train_AUPR_ag=0.6415  train_P@5_ab=1.0000  train_P@5_ag=0.9500  val_loss=0.3143  val_AUPR_all=0.5931  val_AUPR_ab=0.7382  val_AUPR_ag=0.3936  val_P@5_ab=0.9000  val_P@5_ag=0.9500  select=0.5659
Ep037  LR0=1.16e-04  pw=1.19  aucα=0.300  token_p=0.020  dropE=(0.020,0.080)  smooth=0.010  train_loss=0.2050  train_AUPR_all=0.7512  train_AUPR_ab=0.8117  train_AUPR_ag=0.6618  train_P@5_ab=0.9000  train_P@5_ag=1.0000  val_loss=0.3054  val_AUPR_all=0.5947  val_AUPR_ab=0.7495  val_AUPR_ag=0.3945  val_P@5_ab=0.9000  val_P@5_ag=1.0000  select=0.5720
  Saved checkpoint: checkpoints_post/iPara_balanced_l1_g7_i5_do0.10_dpr0.10_lr0.0002_heads16_fold1.pth  select=0.5720  val_ab=0.7495  val_ag=0.3945  val_all=0.5947
Ep038  LR0=1.12e-04  pw=1.17  aucα=0.300  token_p=0.020  dropE=(0.020,0.080)  smooth=0.010  train_loss=0.1967  train_AUPR_all=0.7664  train_AUPR_ab=0.8278  train_AUPR_ag=0.6759  train_P@5_ab=1.0000  train_P@5_ag=1.0000  val_loss=0.3165  val_AUPR_all=0.5853  val_AUPR_ab=0.7346  val_AUPR_ag=0.3765  val_P@5_ab=0.9500  val_P@5_ag=0.9500  select=0.5556
Ep039  LR0=1.08e-04  pw=1.16  aucα=0.300  token_p=0.020  dropE=(0.020,0.080)  smooth=0.010  train_loss=0.1966  train_AUPR_all=0.7627  train_AUPR_ab=0.8240  train_AUPR_ag=0.6726  train_P@5_ab=1.0000  train_P@5_ag=1.0000  val_loss=0.3236  val_AUPR_all=0.5723  val_AUPR_ab=0.7344  val_AUPR_ag=0.3460  val_P@5_ab=0.9000  val_P@5_ag=0.8500  select=0.5402
Ep040  LR0=1.04e-04  pw=1.14  aucα=0.300  token_p=0.020  dropE=(0.020,0.080)  smooth=0.010  train_loss=0.1874  train_AUPR_all=0.7785  train_AUPR_ab=0.8327  train_AUPR_ag=0.6992  train_P@5_ab=1.0000  train_P@5_ag=1.0000  val_loss=0.3152  val_AUPR_all=0.5737  val_AUPR_ab=0.7291  val_AUPR_ag=0.3735  val_P@5_ab=0.9500  val_P@5_ag=0.9000  select=0.5513
Ep041  LR0=1.00e-04  pw=1.13  aucα=0.300  token_p=0.020  dropE=(0.020,0.080)  smooth=0.010  train_loss=0.1833  train_AUPR_all=0.7859  train_AUPR_ab=0.8404  train_AUPR_ag=0.7062  train_P@5_ab=1.0000  train_P@5_ag=1.0000  val_loss=0.3197  val_AUPR_all=0.5654  val_AUPR_ab=0.7229  val_AUPR_ag=0.3494  val_P@5_ab=0.9000  val_P@5_ag=0.8000  select=0.5362
Ep042  LR0=9.63e-05  pw=1.12  aucα=0.300  token_p=0.020  dropE=(0.020,0.080)  smooth=0.010  train_loss=0.1795  train_AUPR_all=0.7904  train_AUPR_ab=0.8433  train_AUPR_ag=0.7127  train_P@5_ab=1.0000  train_P@5_ag=1.0000  val_loss=0.3167  val_AUPR_all=0.5680  val_AUPR_ab=0.7370  val_AUPR_ag=0.3331  val_P@5_ab=0.8500  val_P@5_ag=0.8000  select=0.5351
Ep043  LR0=9.24e-05  pw=1.10  aucα=0.300  token_p=0.020  dropE=(0.020,0.080)  smooth=0.010  train_loss=0.1713  train_AUPR_all=0.8048  train_AUPR_ab=0.8545  train_AUPR_ag=0.7315  train_P@5_ab=1.0000  train_P@5_ag=1.0000  val_loss=0.3154  val_AUPR_all=0.5815  val_AUPR_ab=0.7314  val_AUPR_ag=0.3817  val_P@5_ab=1.0000  val_P@5_ag=1.0000  select=0.5565
Ep044  LR0=8.85e-05  pw=1.09  aucα=0.300  token_p=0.020  dropE=(0.020,0.080)  smooth=0.010  train_loss=0.1748  train_AUPR_all=0.7973  train_AUPR_ab=0.8497  train_AUPR_ag=0.7197  train_P@5_ab=1.0000  train_P@5_ag=1.0000  val_loss=0.3166  val_AUPR_all=0.5781  val_AUPR_ab=0.7267  val_AUPR_ag=0.3779  val_P@5_ab=0.8500  val_P@5_ag=0.9500  select=0.5523
Ep045  LR0=8.46e-05  pw=1.09  aucα=0.300  token_p=0.020  dropE=(0.020,0.080)  smooth=0.010  train_loss=0.1646  train_AUPR_all=0.8142  train_AUPR_ab=0.8611  train_AUPR_ag=0.7453  train_P@5_ab=1.0000  train_P@5_ag=1.0000  val_loss=0.3140  val_AUPR_all=0.5809  val_AUPR_ab=0.7321  val_AUPR_ag=0.3771  val_P@5_ab=0.9500  val_P@5_ag=0.9000  select=0.5546
Ep046  LR0=8.08e-05  pw=1.08  aucα=0.300  token_p=0.020  dropE=(0.020,0.080)  smooth=0.010  train_loss=0.1634  train_AUPR_all=0.8172  train_AUPR_ab=0.8616  train_AUPR_ag=0.7524  train_P@5_ab=1.0000  train_P@5_ag=1.0000  val_loss=0.3160  val_AUPR_all=0.5794  val_AUPR_ab=0.7398  val_AUPR_ag=0.3742  val_P@5_ab=0.9500  val_P@5_ag=0.7500  select=0.5570
Ep047  LR0=7.70e-05  pw=1.07  aucα=0.300  token_p=0.020  dropE=(0.020,0.080)  smooth=0.010  train_loss=0.1595  train_AUPR_all=0.8235  train_AUPR_ab=0.8669  train_AUPR_ag=0.7600  train_P@5_ab=1.0000  train_P@5_ag=1.0000  val_loss=0.3145  val_AUPR_all=0.5806  val_AUPR_ab=0.7376  val_AUPR_ag=0.3838  val_P@5_ab=1.0000  val_P@5_ag=0.8500  select=0.5607
Ep048  LR0=7.32e-05  pw=1.06  aucα=0.300  token_p=0.020  dropE=(0.020,0.080)  smooth=0.010  train_loss=0.1552  train_AUPR_all=0.8299  train_AUPR_ab=0.8732  train_AUPR_ag=0.7654  train_P@5_ab=1.0000  train_P@5_ag=1.0000  val_loss=0.3107  val_AUPR_all=0.5845  val_AUPR_ab=0.7380  val_AUPR_ag=0.3730  val_P@5_ab=0.9000  val_P@5_ag=0.5000  select=0.5555
Ep049  LR0=6.94e-05  pw=1.06  aucα=0.300  token_p=0.020  dropE=(0.020,0.080)  smooth=0.010  train_loss=0.1529  train_AUPR_all=0.8325  train_AUPR_ab=0.8749  train_AUPR_ag=0.7697  train_P@5_ab=1.0000  train_P@5_ag=1.0000  val_loss=0.3214  val_AUPR_all=0.5817  val_AUPR_ab=0.7385  val_AUPR_ag=0.3749  val_P@5_ab=1.0000  val_P@5_ag=0.6500  select=0.5567
Ep050  LR0=6.57e-05  pw=1.05  aucα=0.300  token_p=0.020  dropE=(0.020,0.080)  smooth=0.010  train_loss=0.1462  train_AUPR_all=0.8454  train_AUPR_ab=0.8836  train_AUPR_ag=0.7894  train_P@5_ab=1.0000  train_P@5_ag=1.0000  val_loss=0.3118  val_AUPR_all=0.5927  val_AUPR_ab=0.7393  val_AUPR_ag=0.3931  val_P@5_ab=0.9000  val_P@5_ag=0.6500  select=0.5662
Ep051  LR0=6.21e-05  pw=1.05  aucα=0.300  token_p=0.020  dropE=(0.020,0.080)  smooth=0.010  train_loss=0.1487  train_AUPR_all=0.8405  train_AUPR_ab=0.8815  train_AUPR_ag=0.7790  train_P@5_ab=1.0000  train_P@5_ag=1.0000  val_loss=0.3145  val_AUPR_all=0.5779  val_AUPR_ab=0.7478  val_AUPR_ag=0.3661  val_P@5_ab=0.9500  val_P@5_ag=0.5000  select=0.5569
Ep052  LR0=5.85e-05  pw=1.04  aucα=0.300  token_p=0.020  dropE=(0.020,0.080)  smooth=0.010  train_loss=0.1454  train_AUPR_all=0.8452  train_AUPR_ab=0.8836  train_AUPR_ag=0.7883  train_P@5_ab=1.0000  train_P@5_ag=1.0000  val_loss=0.3209  val_AUPR_all=0.5780  val_AUPR_ab=0.7439  val_AUPR_ag=0.3645  val_P@5_ab=1.0000  val_P@5_ag=0.6000  select=0.5542
Ep053  LR0=5.50e-05  pw=1.04  aucα=0.300  token_p=0.020  dropE=(0.020,0.080)  smooth=0.010  train_loss=0.1437  train_AUPR_all=0.8483  train_AUPR_ab=0.8886  train_AUPR_ag=0.7877  train_P@5_ab=1.0000  train_P@5_ag=1.0000  val_loss=0.3216  val_AUPR_all=0.5849  val_AUPR_ab=0.7420  val_AUPR_ag=0.3781  val_P@5_ab=1.0000  val_P@5_ag=0.7500  select=0.5601
Ep054  LR0=5.15e-05  pw=1.03  aucα=0.300  token_p=0.020  dropE=(0.020,0.080)  smooth=0.010  train_loss=0.1394  train_AUPR_all=0.8558  train_AUPR_ab=0.8932  train_AUPR_ag=0.8003  train_P@5_ab=1.0000  train_P@5_ag=1.0000  val_loss=0.3173  val_AUPR_all=0.5836  val_AUPR_ab=0.7463  val_AUPR_ag=0.3752  val_P@5_ab=1.0000  val_P@5_ag=0.5500  select=0.5608
Ep055  LR0=4.81e-05  pw=1.03  aucα=0.300  token_p=0.020  dropE=(0.020,0.080)  smooth=0.010  train_loss=0.1352  train_AUPR_all=0.8630  train_AUPR_ab=0.8985  train_AUPR_ag=0.8100  train_P@5_ab=1.0000  train_P@5_ag=1.0000  val_loss=0.3251  val_AUPR_all=0.5762  val_AUPR_ab=0.7478  val_AUPR_ag=0.3586  val_P@5_ab=0.9500  val_P@5_ag=0.5500  select=0.5532
Ep056  LR0=4.48e-05  pw=1.03  aucα=0.300  token_p=0.020  dropE=(0.020,0.080)  smooth=0.010  train_loss=0.1366  train_AUPR_all=0.8594  train_AUPR_ab=0.8964  train_AUPR_ag=0.8044  train_P@5_ab=1.0000  train_P@5_ag=1.0000  val_loss=0.3240  val_AUPR_all=0.5768  val_AUPR_ab=0.7430  val_AUPR_ag=0.3560  val_P@5_ab=0.9500  val_P@5_ag=0.5500  select=0.5495
Ep057  LR0=4.16e-05  pw=1.03  aucα=0.300  token_p=0.020  dropE=(0.020,0.080)  smooth=0.010  train_loss=0.1282  train_AUPR_all=0.8748  train_AUPR_ab=0.9075  train_AUPR_ag=0.8260  train_P@5_ab=1.0000  train_P@5_ag=1.0000  val_loss=0.3257  val_AUPR_all=0.5757  val_AUPR_ab=0.7430  val_AUPR_ag=0.3601  val_P@5_ab=1.0000  val_P@5_ag=0.5000  select=0.5515
Early stopping at epoch 57. Best select=0.5720 at epoch 37.
Final saved checkpoint for fold 1: checkpoints_post/iPara_balanced_l1_g7_i5_do0.10_dpr0.10_lr0.0002_heads16_fold1.pth
Best select=0.5720 at epoch 37

==========================================================================================
Fold 2/5
==========================================================================================
Train labels: valid=400834, pos=26650, neg=374184, ignore=696766, pos_frac=0.06649
Val labels: valid=99358, pos=6580, neg=92778, ignore=175842, pos_frac=0.06623
Initializing ClassificationModel with 7 GAT layers and residual connections...
Initializing MCModel with 7 GAT layers and 5 row attention layers (drop_path_rate=0.1)
Initializing CoreModel with 1 layers, drop_path_rate=0.1
Ep001  LR0=2.00e-04  pw=8.00  aucα=0.000  token_p=0.020  dropE=(0.020,0.080)  smooth=0.010  train_loss=0.8987  train_AUPR_all=0.1571  train_AUPR_ab=0.1631  train_AUPR_ag=0.1535  train_P@5_ab=0.2500  train_P@5_ag=0.5000  val_loss=1.0264  val_AUPR_all=0.3081  val_AUPR_ab=0.4050  val_AUPR_ag=0.1902  val_P@5_ab=0.6500  val_P@5_ag=0.9500  select=0.2976
  Saved checkpoint: checkpoints_post/iPara_balanced_l1_g7_i5_do0.10_dpr0.10_lr0.0002_heads16_fold2.pth  select=0.2976  val_ab=0.4050  val_ag=0.1902  val_all=0.3081
Ep002  LR0=2.00e-04  pw=7.33  aucα=0.000  token_p=0.020  dropE=(0.020,0.080)  smooth=0.010  train_loss=0.6061  train_AUPR_all=0.3163  train_AUPR_ab=0.3860  train_AUPR_ag=0.2230  train_P@5_ab=0.6000  train_P@5_ag=1.0000  val_loss=0.8122  val_AUPR_all=0.3708  val_AUPR_ab=0.4803  val_AUPR_ag=0.1942  val_P@5_ab=0.8000  val_P@5_ag=0.7500  select=0.3372
  Saved checkpoint: checkpoints_post/iPara_balanced_l1_g7_i5_do0.10_dpr0.10_lr0.0002_heads16_fold2.pth  select=0.3372  val_ab=0.4803  val_ag=0.1942  val_all=0.3708
Ep003  LR0=2.00e-04  pw=6.73  aucα=0.000  token_p=0.020  dropE=(0.020,0.080)  smooth=0.010  train_loss=0.5241  train_AUPR_all=0.3929  train_AUPR_ab=0.4853  train_AUPR_ag=0.2532  train_P@5_ab=0.6500  train_P@5_ag=0.7000  val_loss=0.7430  val_AUPR_all=0.4241  val_AUPR_ab=0.5176  val_AUPR_ag=0.2600  val_P@5_ab=0.7500  val_P@5_ag=0.7500  select=0.3888
  Saved checkpoint: checkpoints_post/iPara_balanced_l1_g7_i5_do0.10_dpr0.10_lr0.0002_heads16_fold2.pth  select=0.3888  val_ab=0.5176  val_ag=0.2600  val_all=0.4241
Ep004  LR0=1.99e-04  pw=6.19  aucα=0.000  token_p=0.020  dropE=(0.020,0.080)  smooth=0.010  train_loss=0.4724  train_AUPR_all=0.4353  train_AUPR_ab=0.5244  train_AUPR_ag=0.2868  train_P@5_ab=0.9500  train_P@5_ag=0.6500  val_loss=0.6411  val_AUPR_all=0.4785  val_AUPR_ab=0.5739  val_AUPR_ag=0.3131  val_P@5_ab=0.6500  val_P@5_ag=0.9000  select=0.4435
  Saved checkpoint: checkpoints_post/iPara_balanced_l1_g7_i5_do0.10_dpr0.10_lr0.0002_heads16_fold2.pth  select=0.4435  val_ab=0.5739  val_ag=0.3131  val_all=0.4785
Ep005  LR0=1.99e-04  pw=5.69  aucα=0.000  token_p=0.020  dropE=(0.020,0.080)  smooth=0.010  train_loss=0.4376  train_AUPR_all=0.4621  train_AUPR_ab=0.5524  train_AUPR_ag=0.3100  train_P@5_ab=0.7500  train_P@5_ag=1.0000  val_loss=0.6210  val_AUPR_all=0.4892  val_AUPR_ab=0.6078  val_AUPR_ag=0.2886  val_P@5_ab=0.8500  val_P@5_ag=0.9500  select=0.4482
  Saved checkpoint: checkpoints_post/iPara_balanced_l1_g7_i5_do0.10_dpr0.10_lr0.0002_heads16_fold2.pth  select=0.4482  val_ab=0.6078  val_ag=0.2886  val_all=0.4892
Ep006  LR0=1.98e-04  pw=5.25  aucα=0.000  token_p=0.020  dropE=(0.020,0.080)  smooth=0.010  train_loss=0.4062  train_AUPR_all=0.4798  train_AUPR_ab=0.5797  train_AUPR_ag=0.3169  train_P@5_ab=0.9000  train_P@5_ag=0.9000  val_loss=0.6855  val_AUPR_all=0.4223  val_AUPR_ab=0.5398  val_AUPR_ag=0.2878  val_P@5_ab=0.6500  val_P@5_ag=0.8500  select=0.4138
Ep007  LR0=1.97e-04  pw=4.84  aucα=0.000  token_p=0.020  dropE=(0.020,0.080)  smooth=0.010  train_loss=0.3821  train_AUPR_all=0.4973  train_AUPR_ab=0.6005  train_AUPR_ag=0.3259  train_P@5_ab=0.7500  train_P@5_ag=0.9000  val_loss=0.6146  val_AUPR_all=0.4943  val_AUPR_ab=0.6290  val_AUPR_ag=0.2951  val_P@5_ab=0.9000  val_P@5_ag=0.5000  select=0.4620
  Saved checkpoint: checkpoints_post/iPara_balanced_l1_g7_i5_do0.10_dpr0.10_lr0.0002_heads16_fold2.pth  select=0.4620  val_ab=0.6290  val_ag=0.2951  val_all=0.4943
Ep008  LR0=1.96e-04  pw=4.48  aucα=0.000  token_p=0.020  dropE=(0.020,0.080)  smooth=0.010  train_loss=0.3633  train_AUPR_all=0.5059  train_AUPR_ab=0.6033  train_AUPR_ag=0.3401  train_P@5_ab=0.9500  train_P@5_ag=1.0000  val_loss=0.5726  val_AUPR_all=0.5118  val_AUPR_ab=0.6323  val_AUPR_ag=0.3152  val_P@5_ab=0.7500  val_P@5_ag=0.9500  select=0.4737
  Saved checkpoint: checkpoints_post/iPara_balanced_l1_g7_i5_do0.10_dpr0.10_lr0.0002_heads16_fold2.pth  select=0.4737  val_ab=0.6323  val_ag=0.3152  val_all=0.5118
Ep009  LR0=1.95e-04  pw=4.15  aucα=0.000  token_p=0.020  dropE=(0.020,0.080)  smooth=0.010  train_loss=0.3450  train_AUPR_all=0.5151  train_AUPR_ab=0.6208  train_AUPR_ag=0.3389  train_P@5_ab=0.8000  train_P@5_ag=0.9500  val_loss=0.5202  val_AUPR_all=0.5428  val_AUPR_ab=0.6568  val_AUPR_ag=0.3446  val_P@5_ab=1.0000  val_P@5_ag=0.9500  select=0.5007
  Saved checkpoint: checkpoints_post/iPara_balanced_l1_g7_i5_do0.10_dpr0.10_lr0.0002_heads16_fold2.pth  select=0.5007  val_ab=0.6568  val_ag=0.3446  val_all=0.5428
Ep010  LR0=1.94e-04  pw=3.85  aucα=0.030  token_p=0.020  dropE=(0.020,0.080)  smooth=0.010  train_loss=0.3395  train_AUPR_all=0.5328  train_AUPR_ab=0.6407  train_AUPR_ag=0.3530  train_P@5_ab=1.0000  train_P@5_ag=0.9500  val_loss=0.5827  val_AUPR_all=0.5051  val_AUPR_ab=0.6483  val_AUPR_ag=0.2741  val_P@5_ab=0.8000  val_P@5_ag=1.0000  select=0.4612
Unfreezing DyM parameters.
Ep011  LR0=1.92e-04  pw=3.58  aucα=0.060  token_p=0.020  dropE=(0.020,0.080)  smooth=0.010  train_loss=0.3400  train_AUPR_all=0.5380  train_AUPR_ab=0.6439  train_AUPR_ag=0.3608  train_P@5_ab=1.0000  train_P@5_ag=0.9000  val_loss=0.4981  val_AUPR_all=0.5347  val_AUPR_ab=0.6545  val_AUPR_ag=0.3321  val_P@5_ab=0.9000  val_P@5_ag=0.9000  select=0.4933
Ep012  LR0=1.91e-04  pw=3.33  aucα=0.090  token_p=0.020  dropE=(0.020,0.080)  smooth=0.010  train_loss=0.3359  train_AUPR_all=0.5492  train_AUPR_ab=0.6532  train_AUPR_ag=0.3735  train_P@5_ab=0.8500  train_P@5_ag=0.9000  val_loss=0.4910  val_AUPR_all=0.5422  val_AUPR_ab=0.6739  val_AUPR_ag=0.3303  val_P@5_ab=0.7500  val_P@5_ag=0.9000  select=0.5021
  Saved checkpoint: checkpoints_post/iPara_balanced_l1_g7_i5_do0.10_dpr0.10_lr0.0002_heads16_fold2.pth  select=0.5021  val_ab=0.6739  val_ag=0.3303  val_all=0.5422
Ep013  LR0=1.89e-04  pw=3.11  aucα=0.120  token_p=0.020  dropE=(0.020,0.080)  smooth=0.010  train_loss=0.3370  train_AUPR_all=0.5587  train_AUPR_ab=0.6696  train_AUPR_ag=0.3809  train_P@5_ab=1.0000  train_P@5_ag=0.9500  val_loss=0.4496  val_AUPR_all=0.5488  val_AUPR_ab=0.6738  val_AUPR_ag=0.3229  val_P@5_ab=0.8500  val_P@5_ag=0.9000  select=0.4984
Ep014  LR0=1.87e-04  pw=2.91  aucα=0.150  token_p=0.020  dropE=(0.020,0.080)  smooth=0.010  train_loss=0.3407  train_AUPR_all=0.5603  train_AUPR_ab=0.6752  train_AUPR_ag=0.3755  train_P@5_ab=0.9500  train_P@5_ag=0.9000  val_loss=0.4213  val_AUPR_all=0.5647  val_AUPR_ab=0.6875  val_AUPR_ag=0.3584  val_P@5_ab=0.8500  val_P@5_ag=0.9500  select=0.5230
  Saved checkpoint: checkpoints_post/iPara_balanced_l1_g7_i5_do0.10_dpr0.10_lr0.0002_heads16_fold2.pth  select=0.5230  val_ab=0.6875  val_ag=0.3584  val_all=0.5647
Ep015  LR0=1.85e-04  pw=2.73  aucα=0.180  token_p=0.020  dropE=(0.020,0.080)  smooth=0.010  train_loss=0.3391  train_AUPR_all=0.5759  train_AUPR_ab=0.6919  train_AUPR_ag=0.3930  train_P@5_ab=1.0000  train_P@5_ag=1.0000  val_loss=0.4289  val_AUPR_all=0.5335  val_AUPR_ab=0.6511  val_AUPR_ag=0.3521  val_P@5_ab=0.8500  val_P@5_ag=0.9000  select=0.5016
Ep016  LR0=1.83e-04  pw=2.56  aucα=0.210  token_p=0.020  dropE=(0.020,0.080)  smooth=0.010  train_loss=0.3404  train_AUPR_all=0.5808  train_AUPR_ab=0.6955  train_AUPR_ag=0.4001  train_P@5_ab=0.9000  train_P@5_ag=0.9000  val_loss=0.4033  val_AUPR_all=0.5608  val_AUPR_ab=0.6950  val_AUPR_ag=0.3539  val_P@5_ab=1.0000  val_P@5_ag=1.0000  select=0.5245
  Saved checkpoint: checkpoints_post/iPara_balanced_l1_g7_i5_do0.10_dpr0.10_lr0.0002_heads16_fold2.pth  select=0.5245  val_ab=0.6950  val_ag=0.3539  val_all=0.5608
Ep017  LR0=1.81e-04  pw=2.41  aucα=0.240  token_p=0.020  dropE=(0.020,0.080)  smooth=0.010  train_loss=0.3448  train_AUPR_all=0.5854  train_AUPR_ab=0.6974  train_AUPR_ag=0.4093  train_P@5_ab=0.9500  train_P@5_ag=1.0000  val_loss=0.3849  val_AUPR_all=0.5748  val_AUPR_ab=0.6932  val_AUPR_ag=0.3925  val_P@5_ab=1.0000  val_P@5_ag=0.9000  select=0.5428
  Saved checkpoint: checkpoints_post/iPara_balanced_l1_g7_i5_do0.10_dpr0.10_lr0.0002_heads16_fold2.pth  select=0.5428  val_ab=0.6932  val_ag=0.3925  val_all=0.5748
Ep018  LR0=1.79e-04  pw=2.28  aucα=0.270  token_p=0.020  dropE=(0.020,0.080)  smooth=0.010  train_loss=0.3477  train_AUPR_all=0.5917  train_AUPR_ab=0.7011  train_AUPR_ag=0.4202  train_P@5_ab=0.8500  train_P@5_ag=0.9500  val_loss=0.3840  val_AUPR_all=0.5735  val_AUPR_ab=0.7049  val_AUPR_ag=0.3683  val_P@5_ab=0.8500  val_P@5_ag=0.8500  select=0.5366
Ep019  LR0=1.76e-04  pw=2.16  aucα=0.300  token_p=0.020  dropE=(0.020,0.080)  smooth=0.010  train_loss=0.3511  train_AUPR_all=0.5985  train_AUPR_ab=0.7110  train_AUPR_ag=0.4220  train_P@5_ab=1.0000  train_P@5_ag=1.0000  val_loss=0.3808  val_AUPR_all=0.5686  val_AUPR_ab=0.6959  val_AUPR_ag=0.3635  val_P@5_ab=0.9000  val_P@5_ag=0.9500  select=0.5297
Ep020  LR0=1.73e-04  pw=2.05  aucα=0.300  token_p=0.020  dropE=(0.020,0.080)  smooth=0.010  train_loss=0.3384  train_AUPR_all=0.6091  train_AUPR_ab=0.7223  train_AUPR_ag=0.4333  train_P@5_ab=0.9000  train_P@5_ag=1.0000  val_loss=0.3752  val_AUPR_all=0.5630  val_AUPR_ab=0.6819  val_AUPR_ag=0.3648  val_P@5_ab=0.9500  val_P@5_ag=0.8500  select=0.5234
Ep021  LR0=1.71e-04  pw=1.95  aucα=0.300  token_p=0.020  dropE=(0.020,0.080)  smooth=0.010  train_loss=0.3248  train_AUPR_all=0.6218  train_AUPR_ab=0.7327  train_AUPR_ag=0.4511  train_P@5_ab=0.9500  train_P@5_ag=1.0000  val_loss=0.3770  val_AUPR_all=0.5664  val_AUPR_ab=0.7102  val_AUPR_ag=0.3501  val_P@5_ab=0.9500  val_P@5_ag=0.9500  select=0.5302
Ep022  LR0=1.68e-04  pw=1.86  aucα=0.300  token_p=0.020  dropE=(0.020,0.080)  smooth=0.010  train_loss=0.3167  train_AUPR_all=0.6259  train_AUPR_ab=0.7374  train_AUPR_ag=0.4551  train_P@5_ab=1.0000  train_P@5_ag=1.0000  val_loss=0.3670  val_AUPR_all=0.5661  val_AUPR_ab=0.7075  val_AUPR_ag=0.3460  val_P@5_ab=0.9500  val_P@5_ag=0.8500  select=0.5267
Ep023  LR0=1.65e-04  pw=1.78  aucα=0.300  token_p=0.020  dropE=(0.020,0.080)  smooth=0.010  train_loss=0.3094  train_AUPR_all=0.6290  train_AUPR_ab=0.7403  train_AUPR_ag=0.4587  train_P@5_ab=0.9000  train_P@5_ag=0.9000  val_loss=0.3439  val_AUPR_all=0.5889  val_AUPR_ab=0.7276  val_AUPR_ag=0.3748  val_P@5_ab=0.9500  val_P@5_ag=0.9500  select=0.5512
  Saved checkpoint: checkpoints_post/iPara_balanced_l1_g7_i5_do0.10_dpr0.10_lr0.0002_heads16_fold2.pth  select=0.5512  val_ab=0.7276  val_ag=0.3748  val_all=0.5889
Ep024  LR0=1.62e-04  pw=1.70  aucα=0.300  token_p=0.020  dropE=(0.020,0.080)  smooth=0.010  train_loss=0.2989  train_AUPR_all=0.6395  train_AUPR_ab=0.7437  train_AUPR_ag=0.4807  train_P@5_ab=0.9500  train_P@5_ag=1.0000  val_loss=0.3608  val_AUPR_all=0.5775  val_AUPR_ab=0.7236  val_AUPR_ag=0.3487  val_P@5_ab=0.9500  val_P@5_ag=1.0000  select=0.5362
Ep025  LR0=1.59e-04  pw=1.64  aucα=0.300  token_p=0.020  dropE=(0.020,0.080)  smooth=0.010  train_loss=0.2894  train_AUPR_all=0.6490  train_AUPR_ab=0.7510  train_AUPR_ag=0.4939  train_P@5_ab=0.9500  train_P@5_ag=0.7500  val_loss=0.3423  val_AUPR_all=0.5696  val_AUPR_ab=0.7032  val_AUPR_ag=0.3522  val_P@5_ab=1.0000  val_P@5_ag=0.8500  select=0.5277
Ep026  LR0=1.56e-04  pw=1.57  aucα=0.300  token_p=0.020  dropE=(0.020,0.080)  smooth=0.010  train_loss=0.2789  train_AUPR_all=0.6590  train_AUPR_ab=0.7574  train_AUPR_ag=0.5112  train_P@5_ab=1.0000  train_P@5_ag=0.9500  val_loss=0.3475  val_AUPR_all=0.5858  val_AUPR_ab=0.7411  val_AUPR_ag=0.3666  val_P@5_ab=1.0000  val_P@5_ag=0.9500  select=0.5538
  Saved checkpoint: checkpoints_post/iPara_balanced_l1_g7_i5_do0.10_dpr0.10_lr0.0002_heads16_fold2.pth  select=0.5538  val_ab=0.7411  val_ag=0.3666  val_all=0.5858
Ep027  LR0=1.52e-04  pw=1.52  aucα=0.300  token_p=0.020  dropE=(0.020,0.080)  smooth=0.010  train_loss=0.2683  train_AUPR_all=0.6730  train_AUPR_ab=0.7659  train_AUPR_ag=0.5344  train_P@5_ab=1.0000  train_P@5_ag=1.0000  val_loss=0.3404  val_AUPR_all=0.5776  val_AUPR_ab=0.7279  val_AUPR_ag=0.3446  val_P@5_ab=1.0000  val_P@5_ag=0.9000  select=0.5363
Ep028  LR0=1.49e-04  pw=1.47  aucα=0.300  token_p=0.020  dropE=(0.020,0.080)  smooth=0.010  train_loss=0.2654  train_AUPR_all=0.6757  train_AUPR_ab=0.7699  train_AUPR_ag=0.5336  train_P@5_ab=1.0000  train_P@5_ag=1.0000  val_loss=0.3299  val_AUPR_all=0.5796  val_AUPR_ab=0.7318  val_AUPR_ag=0.3462  val_P@5_ab=1.0000  val_P@5_ag=0.9000  select=0.5390
Ep029  LR0=1.46e-04  pw=1.43  aucα=0.300  token_p=0.020  dropE=(0.020,0.080)  smooth=0.010  train_loss=0.2570  train_AUPR_all=0.6834  train_AUPR_ab=0.7730  train_AUPR_ag=0.5496  train_P@5_ab=1.0000  train_P@5_ag=1.0000  val_loss=0.3204  val_AUPR_all=0.5951  val_AUPR_ab=0.7291  val_AUPR_ag=0.3850  val_P@5_ab=1.0000  val_P@5_ag=0.9500  select=0.5570
  Saved checkpoint: checkpoints_post/iPara_balanced_l1_g7_i5_do0.10_dpr0.10_lr0.0002_heads16_fold2.pth  select=0.5570  val_ab=0.7291  val_ag=0.3850  val_all=0.5951
Ep030  LR0=1.42e-04  pw=1.39  aucα=0.300  token_p=0.020  dropE=(0.020,0.080)  smooth=0.010  train_loss=0.2504  train_AUPR_all=0.6910  train_AUPR_ab=0.7770  train_AUPR_ag=0.5622  train_P@5_ab=1.0000  train_P@5_ag=0.9000  val_loss=0.3214  val_AUPR_all=0.5921  val_AUPR_ab=0.7405  val_AUPR_ag=0.3983  val_P@5_ab=0.9500  val_P@5_ag=1.0000  select=0.5694
  Saved checkpoint: checkpoints_post/iPara_balanced_l1_g7_i5_do0.10_dpr0.10_lr0.0002_heads16_fold2.pth  select=0.5694  val_ab=0.7405  val_ag=0.3983  val_all=0.5921
Ep031  LR0=1.38e-04  pw=1.35  aucα=0.300  token_p=0.020  dropE=(0.020,0.080)  smooth=0.010  train_loss=0.2449  train_AUPR_all=0.6961  train_AUPR_ab=0.7797  train_AUPR_ag=0.5718  train_P@5_ab=1.0000  train_P@5_ag=1.0000  val_loss=0.3256  val_AUPR_all=0.5856  val_AUPR_ab=0.7357  val_AUPR_ag=0.3744  val_P@5_ab=0.9000  val_P@5_ag=0.9000  select=0.5551
Ep032  LR0=1.35e-04  pw=1.32  aucα=0.300  token_p=0.020  dropE=(0.020,0.080)  smooth=0.010  train_loss=0.2355  train_AUPR_all=0.7085  train_AUPR_ab=0.7872  train_AUPR_ag=0.5925  train_P@5_ab=1.0000  train_P@5_ag=1.0000  val_loss=0.3063  val_AUPR_all=0.6132  val_AUPR_ab=0.7383  val_AUPR_ag=0.4177  val_P@5_ab=1.0000  val_P@5_ag=0.9500  select=0.5780
  Saved checkpoint: checkpoints_post/iPara_balanced_l1_g7_i5_do0.10_dpr0.10_lr0.0002_heads16_fold2.pth  select=0.5780  val_ab=0.7383  val_ag=0.4177  val_all=0.6132
Ep033  LR0=1.31e-04  pw=1.29  aucα=0.300  token_p=0.020  dropE=(0.020,0.080)  smooth=0.010  train_loss=0.2272  train_AUPR_all=0.7230  train_AUPR_ab=0.7982  train_AUPR_ag=0.6126  train_P@5_ab=1.0000  train_P@5_ag=0.9500  val_loss=0.3291  val_AUPR_all=0.5887  val_AUPR_ab=0.7365  val_AUPR_ag=0.3837  val_P@5_ab=0.9500  val_P@5_ag=0.9500  select=0.5601
Ep034  LR0=1.27e-04  pw=1.26  aucα=0.300  token_p=0.020  dropE=(0.020,0.080)  smooth=0.010  train_loss=0.2196  train_AUPR_all=0.7349  train_AUPR_ab=0.8079  train_AUPR_ag=0.6282  train_P@5_ab=1.0000  train_P@5_ag=1.0000  val_loss=0.3228  val_AUPR_all=0.5879  val_AUPR_ab=0.7355  val_AUPR_ag=0.3760  val_P@5_ab=0.9500  val_P@5_ag=0.9500  select=0.5558
Ep035  LR0=1.24e-04  pw=1.23  aucα=0.300  token_p=0.020  dropE=(0.020,0.080)  smooth=0.010  train_loss=0.2128  train_AUPR_all=0.7411  train_AUPR_ab=0.8083  train_AUPR_ag=0.6432  train_P@5_ab=1.0000  train_P@5_ag=1.0000  val_loss=0.3141  val_AUPR_all=0.5862  val_AUPR_ab=0.7385  val_AUPR_ag=0.3654  val_P@5_ab=0.9500  val_P@5_ag=0.8000  select=0.5520
Ep036  LR0=1.20e-04  pw=1.21  aucα=0.300  token_p=0.020  dropE=(0.020,0.080)  smooth=0.010  train_loss=0.2114  train_AUPR_all=0.7414  train_AUPR_ab=0.8085  train_AUPR_ag=0.6433  train_P@5_ab=1.0000  train_P@5_ag=0.9000  val_loss=0.3137  val_AUPR_all=0.5944  val_AUPR_ab=0.7405  val_AUPR_ag=0.3927  val_P@5_ab=0.9500  val_P@5_ag=0.8000  select=0.5666
Ep037  LR0=1.16e-04  pw=1.19  aucα=0.300  token_p=0.020  dropE=(0.020,0.080)  smooth=0.010  train_loss=0.2051  train_AUPR_all=0.7527  train_AUPR_ab=0.8159  train_AUPR_ag=0.6609  train_P@5_ab=0.9000  train_P@5_ag=1.0000  val_loss=0.3037  val_AUPR_all=0.6027  val_AUPR_ab=0.7415  val_AUPR_ag=0.4053  val_P@5_ab=0.9000  val_P@5_ag=0.9500  select=0.5734
Ep038  LR0=1.12e-04  pw=1.17  aucα=0.300  token_p=0.020  dropE=(0.020,0.080)  smooth=0.010  train_loss=0.1992  train_AUPR_all=0.7619  train_AUPR_ab=0.8261  train_AUPR_ag=0.6682  train_P@5_ab=0.9500  train_P@5_ag=1.0000  val_loss=0.3161  val_AUPR_all=0.5739  val_AUPR_ab=0.7252  val_AUPR_ag=0.3508  val_P@5_ab=0.9000  val_P@5_ag=0.7500  select=0.5380
Ep039  LR0=1.08e-04  pw=1.16  aucα=0.300  token_p=0.020  dropE=(0.020,0.080)  smooth=0.010  train_loss=0.1930  train_AUPR_all=0.7694  train_AUPR_ab=0.8303  train_AUPR_ag=0.6800  train_P@5_ab=1.0000  train_P@5_ag=1.0000  val_loss=0.3218  val_AUPR_all=0.5898  val_AUPR_ab=0.7318  val_AUPR_ag=0.3810  val_P@5_ab=0.9000  val_P@5_ag=0.9000  select=0.5564
Ep040  LR0=1.04e-04  pw=1.14  aucα=0.300  token_p=0.020  dropE=(0.020,0.080)  smooth=0.010  train_loss=0.1866  train_AUPR_all=0.7825  train_AUPR_ab=0.8378  train_AUPR_ag=0.7030  train_P@5_ab=0.9500  train_P@5_ag=1.0000  val_loss=0.3072  val_AUPR_all=0.5983  val_AUPR_ab=0.7446  val_AUPR_ag=0.3747  val_P@5_ab=1.0000  val_P@5_ag=0.8000  select=0.5596
Ep041  LR0=1.00e-04  pw=1.13  aucα=0.300  token_p=0.020  dropE=(0.020,0.080)  smooth=0.010  train_loss=0.1825  train_AUPR_all=0.7870  train_AUPR_ab=0.8418  train_AUPR_ag=0.7073  train_P@5_ab=1.0000  train_P@5_ag=1.0000  val_loss=0.3042  val_AUPR_all=0.6022  val_AUPR_ab=0.7453  val_AUPR_ag=0.4006  val_P@5_ab=0.9500  val_P@5_ag=0.8000  select=0.5729
Ep042  LR0=9.63e-05  pw=1.12  aucα=0.300  token_p=0.020  dropE=(0.020,0.080)  smooth=0.010  train_loss=0.1737  train_AUPR_all=0.8028  train_AUPR_ab=0.8536  train_AUPR_ag=0.7287  train_P@5_ab=1.0000  train_P@5_ag=1.0000  val_loss=0.3195  val_AUPR_all=0.5869  val_AUPR_ab=0.7339  val_AUPR_ag=0.3779  val_P@5_ab=0.9500  val_P@5_ag=0.7000  select=0.5559
Ep043  LR0=9.24e-05  pw=1.10  aucα=0.300  token_p=0.020  dropE=(0.020,0.080)  smooth=0.010  train_loss=0.1717  train_AUPR_all=0.8063  train_AUPR_ab=0.8589  train_AUPR_ag=0.7294  train_P@5_ab=1.0000  train_P@5_ag=1.0000  val_loss=0.3066  val_AUPR_all=0.5968  val_AUPR_ab=0.7424  val_AUPR_ag=0.3858  val_P@5_ab=0.9500  val_P@5_ag=0.9500  select=0.5641
Ep044  LR0=8.85e-05  pw=1.09  aucα=0.300  token_p=0.020  dropE=(0.020,0.080)  smooth=0.010  train_loss=0.1652  train_AUPR_all=0.8147  train_AUPR_ab=0.8628  train_AUPR_ag=0.7446  train_P@5_ab=1.0000  train_P@5_ag=1.0000  val_loss=0.3081  val_AUPR_all=0.5947  val_AUPR_ab=0.7446  val_AUPR_ag=0.3873  val_P@5_ab=0.8000  val_P@5_ag=0.7000  select=0.5659
Ep045  LR0=8.46e-05  pw=1.09  aucα=0.300  token_p=0.020  dropE=(0.020,0.080)  smooth=0.010  train_loss=0.1649  train_AUPR_all=0.8147  train_AUPR_ab=0.8607  train_AUPR_ag=0.7480  train_P@5_ab=1.0000  train_P@5_ag=1.0000  val_loss=0.3169  val_AUPR_all=0.5914  val_AUPR_ab=0.7453  val_AUPR_ag=0.3937  val_P@5_ab=0.9500  val_P@5_ag=0.8500  select=0.5695
Ep046  LR0=8.08e-05  pw=1.08  aucα=0.300  token_p=0.020  dropE=(0.020,0.080)  smooth=0.010  train_loss=0.1588  train_AUPR_all=0.8262  train_AUPR_ab=0.8679  train_AUPR_ag=0.7653  train_P@5_ab=0.9500  train_P@5_ag=1.0000  val_loss=0.3104  val_AUPR_all=0.5992  val_AUPR_ab=0.7416  val_AUPR_ag=0.3958  val_P@5_ab=0.9000  val_P@5_ag=0.7500  select=0.5687
Ep047  LR0=7.70e-05  pw=1.07  aucα=0.300  token_p=0.020  dropE=(0.020,0.080)  smooth=0.010  train_loss=0.1579  train_AUPR_all=0.8250  train_AUPR_ab=0.8713  train_AUPR_ag=0.7570  train_P@5_ab=1.0000  train_P@5_ag=1.0000  val_loss=0.3084  val_AUPR_all=0.6014  val_AUPR_ab=0.7407  val_AUPR_ag=0.3954  val_P@5_ab=0.9500  val_P@5_ag=0.8500  select=0.5680
Ep048  LR0=7.32e-05  pw=1.06  aucα=0.300  token_p=0.020  dropE=(0.020,0.080)  smooth=0.010  train_loss=0.1558  train_AUPR_all=0.8298  train_AUPR_ab=0.8756  train_AUPR_ag=0.7621  train_P@5_ab=1.0000  train_P@5_ag=1.0000  val_loss=0.3005  val_AUPR_all=0.6003  val_AUPR_ab=0.7401  val_AUPR_ag=0.4023  val_P@5_ab=0.9000  val_P@5_ag=0.7000  select=0.5712
Ep049  LR0=6.94e-05  pw=1.06  aucα=0.300  token_p=0.020  dropE=(0.020,0.080)  smooth=0.010  train_loss=0.1476  train_AUPR_all=0.8442  train_AUPR_ab=0.8852  train_AUPR_ag=0.7839  train_P@5_ab=1.0000  train_P@5_ag=1.0000  val_loss=0.3078  val_AUPR_all=0.5898  val_AUPR_ab=0.7418  val_AUPR_ag=0.3820  val_P@5_ab=0.9000  val_P@5_ag=0.7500  select=0.5619
Ep050  LR0=6.57e-05  pw=1.05  aucα=0.300  token_p=0.020  dropE=(0.020,0.080)  smooth=0.010  train_loss=0.1468  train_AUPR_all=0.8442  train_AUPR_ab=0.8876  train_AUPR_ag=0.7797  train_P@5_ab=1.0000  train_P@5_ag=1.0000  val_loss=0.3122  val_AUPR_all=0.5983  val_AUPR_ab=0.7442  val_AUPR_ag=0.4028  val_P@5_ab=0.9000  val_P@5_ag=0.9000  select=0.5735
Ep051  LR0=6.21e-05  pw=1.05  aucα=0.300  token_p=0.020  dropE=(0.020,0.080)  smooth=0.010  train_loss=0.1456  train_AUPR_all=0.8449  train_AUPR_ab=0.8848  train_AUPR_ag=0.7869  train_P@5_ab=1.0000  train_P@5_ag=1.0000  val_loss=0.3207  val_AUPR_all=0.5856  val_AUPR_ab=0.7345  val_AUPR_ag=0.3797  val_P@5_ab=0.8000  val_P@5_ag=0.8000  select=0.5571
Ep052  LR0=5.85e-05  pw=1.04  aucα=0.300  token_p=0.020  dropE=(0.020,0.080)  smooth=0.010  train_loss=0.1386  train_AUPR_all=0.8579  train_AUPR_ab=0.8964  train_AUPR_ag=0.8010  train_P@5_ab=1.0000  train_P@5_ag=1.0000  val_loss=0.3218  val_AUPR_all=0.5839  val_AUPR_ab=0.7438  val_AUPR_ag=0.3628  val_P@5_ab=0.8500  val_P@5_ag=0.6000  select=0.5533
Early stopping at epoch 52. Best select=0.5780 at epoch 32.
Final saved checkpoint for fold 2: checkpoints_post/iPara_balanced_l1_g7_i5_do0.10_dpr0.10_lr0.0002_heads16_fold2.pth
Best select=0.5780 at epoch 32

==========================================================================================
Fold 3/5
==========================================================================================
Train labels: valid=401949, pos=26660, neg=375289, ignore=695651, pos_frac=0.06633
Val labels: valid=98243, pos=6570, neg=91673, ignore=176957, pos_frac=0.06687
Initializing ClassificationModel with 7 GAT layers and residual connections...
Initializing MCModel with 7 GAT layers and 5 row attention layers (drop_path_rate=0.1)
Initializing CoreModel with 1 layers, drop_path_rate=0.1
Ep001  LR0=2.00e-04  pw=8.00  aucα=0.000  token_p=0.020  dropE=(0.020,0.080)  smooth=0.010  train_loss=0.7357  train_AUPR_all=0.2712  train_AUPR_ab=0.3379  train_AUPR_ag=0.1849  train_P@5_ab=0.6500  train_P@5_ag=0.8500  val_loss=0.9815  val_AUPR_all=0.3742  val_AUPR_ab=0.4798  val_AUPR_ag=0.2086  val_P@5_ab=0.8500  val_P@5_ag=1.0000  select=0.3442
  Saved checkpoint: checkpoints_post/iPara_balanced_l1_g7_i5_do0.10_dpr0.10_lr0.0002_heads16_fold3.pth  select=0.3442  val_ab=0.4798  val_ag=0.2086  val_all=0.3742
Ep002  LR0=2.00e-04  pw=7.33  aucα=0.000  token_p=0.020  dropE=(0.020,0.080)  smooth=0.010  train_loss=0.5518  train_AUPR_all=0.3857  train_AUPR_ab=0.4765  train_AUPR_ag=0.2408  train_P@5_ab=0.7500  train_P@5_ag=0.8000  val_loss=0.8490  val_AUPR_all=0.4667  val_AUPR_ab=0.5939  val_AUPR_ag=0.2585  val_P@5_ab=0.9000  val_P@5_ag=0.9500  select=0.4262
  Saved checkpoint: checkpoints_post/iPara_balanced_l1_g7_i5_do0.10_dpr0.10_lr0.0002_heads16_fold3.pth  select=0.4262  val_ab=0.5939  val_ag=0.2585  val_all=0.4667
Ep003  LR0=2.00e-04  pw=6.73  aucα=0.000  token_p=0.020  dropE=(0.020,0.080)  smooth=0.010  train_loss=0.4893  train_AUPR_all=0.4401  train_AUPR_ab=0.5348  train_AUPR_ag=0.2837  train_P@5_ab=0.9000  train_P@5_ag=0.9500  val_loss=0.8543  val_AUPR_all=0.4644  val_AUPR_ab=0.5791  val_AUPR_ag=0.2759  val_P@5_ab=0.4500  val_P@5_ag=0.9500  select=0.4275
  Saved checkpoint: checkpoints_post/iPara_balanced_l1_g7_i5_do0.10_dpr0.10_lr0.0002_heads16_fold3.pth  select=0.4275  val_ab=0.5791  val_ag=0.2759  val_all=0.4644
Ep004  LR0=1.99e-04  pw=6.19  aucα=0.000  token_p=0.020  dropE=(0.020,0.080)  smooth=0.010  train_loss=0.4560  train_AUPR_all=0.4513  train_AUPR_ab=0.5477  train_AUPR_ag=0.2887  train_P@5_ab=0.8000  train_P@5_ag=0.9000  val_loss=0.6755  val_AUPR_all=0.4974  val_AUPR_ab=0.6118  val_AUPR_ag=0.3118  val_P@5_ab=0.9500  val_P@5_ag=1.0000  select=0.4618
  Saved checkpoint: checkpoints_post/iPara_balanced_l1_g7_i5_do0.10_dpr0.10_lr0.0002_heads16_fold3.pth  select=0.4618  val_ab=0.6118  val_ag=0.3118  val_all=0.4974
Ep005  LR0=1.99e-04  pw=5.69  aucα=0.000  token_p=0.020  dropE=(0.020,0.080)  smooth=0.010  train_loss=0.4250  train_AUPR_all=0.4729  train_AUPR_ab=0.5639  train_AUPR_ag=0.3179  train_P@5_ab=0.6500  train_P@5_ag=0.8500  val_loss=0.5852  val_AUPR_all=0.5164  val_AUPR_ab=0.6407  val_AUPR_ag=0.3162  val_P@5_ab=0.9000  val_P@5_ag=1.0000  select=0.4784
  Saved checkpoint: checkpoints_post/iPara_balanced_l1_g7_i5_do0.10_dpr0.10_lr0.0002_heads16_fold3.pth  select=0.4784  val_ab=0.6407  val_ag=0.3162  val_all=0.5164
Ep006  LR0=1.98e-04  pw=5.25  aucα=0.000  token_p=0.020  dropE=(0.020,0.080)  smooth=0.010  train_loss=0.3956  train_AUPR_all=0.4986  train_AUPR_ab=0.5896  train_AUPR_ag=0.3398  train_P@5_ab=0.9000  train_P@5_ag=0.9000  val_loss=0.5726  val_AUPR_all=0.5314  val_AUPR_ab=0.6488  val_AUPR_ag=0.3397  val_P@5_ab=0.9000  val_P@5_ag=1.0000  select=0.4943
  Saved checkpoint: checkpoints_post/iPara_balanced_l1_g7_i5_do0.10_dpr0.10_lr0.0002_heads16_fold3.pth  select=0.4943  val_ab=0.6488  val_ag=0.3397  val_all=0.5314
Ep007  LR0=1.97e-04  pw=4.84  aucα=0.000  token_p=0.020  dropE=(0.020,0.080)  smooth=0.010  train_loss=0.3765  train_AUPR_all=0.5039  train_AUPR_ab=0.6013  train_AUPR_ag=0.3371  train_P@5_ab=0.7500  train_P@5_ag=1.0000  val_loss=0.6249  val_AUPR_all=0.5080  val_AUPR_ab=0.6633  val_AUPR_ag=0.2876  val_P@5_ab=0.8500  val_P@5_ag=0.8500  select=0.4755
Ep008  LR0=1.96e-04  pw=4.48  aucα=0.000  token_p=0.020  dropE=(0.020,0.080)  smooth=0.010  train_loss=0.3576  train_AUPR_all=0.5175  train_AUPR_ab=0.6199  train_AUPR_ag=0.3401  train_P@5_ab=0.8000  train_P@5_ag=1.0000  val_loss=0.5080  val_AUPR_all=0.5524  val_AUPR_ab=0.6757  val_AUPR_ag=0.3459  val_P@5_ab=0.9500  val_P@5_ag=1.0000  select=0.5108
  Saved checkpoint: checkpoints_post/iPara_balanced_l1_g7_i5_do0.10_dpr0.10_lr0.0002_heads16_fold3.pth  select=0.5108  val_ab=0.6757  val_ag=0.3459  val_all=0.5524
Ep009  LR0=1.95e-04  pw=4.15  aucα=0.000  token_p=0.020  dropE=(0.020,0.080)  smooth=0.010  train_loss=0.3367  train_AUPR_all=0.5288  train_AUPR_ab=0.6303  train_AUPR_ag=0.3563  train_P@5_ab=0.9500  train_P@5_ag=0.8500  val_loss=0.4794  val_AUPR_all=0.5727  val_AUPR_ab=0.6862  val_AUPR_ag=0.3829  val_P@5_ab=0.9500  val_P@5_ag=1.0000  select=0.5346
  Saved checkpoint: checkpoints_post/iPara_balanced_l1_g7_i5_do0.10_dpr0.10_lr0.0002_heads16_fold3.pth  select=0.5346  val_ab=0.6862  val_ag=0.3829  val_all=0.5727
Ep010  LR0=1.94e-04  pw=3.85  aucα=0.030  token_p=0.020  dropE=(0.020,0.080)  smooth=0.010  train_loss=0.3348  train_AUPR_all=0.5370  train_AUPR_ab=0.6370  train_AUPR_ag=0.3617  train_P@5_ab=0.7000  train_P@5_ag=1.0000  val_loss=0.4649  val_AUPR_all=0.5660  val_AUPR_ab=0.6832  val_AUPR_ag=0.3643  val_P@5_ab=0.6000  val_P@5_ag=0.9000  select=0.5238
Unfreezing DyM parameters.
Ep011  LR0=1.92e-04  pw=3.58  aucα=0.060  token_p=0.020  dropE=(0.020,0.080)  smooth=0.010  train_loss=0.3352  train_AUPR_all=0.5415  train_AUPR_ab=0.6438  train_AUPR_ag=0.3713  train_P@5_ab=0.8500  train_P@5_ag=0.9500  val_loss=0.4594  val_AUPR_all=0.5465  val_AUPR_ab=0.6615  val_AUPR_ag=0.3533  val_P@5_ab=0.8500  val_P@5_ag=0.9000  select=0.5074
Ep012  LR0=1.91e-04  pw=3.33  aucα=0.090  token_p=0.020  dropE=(0.020,0.080)  smooth=0.010  train_loss=0.3384  train_AUPR_all=0.5450  train_AUPR_ab=0.6539  train_AUPR_ag=0.3656  train_P@5_ab=0.9000  train_P@5_ag=1.0000  val_loss=0.4654  val_AUPR_all=0.5569  val_AUPR_ab=0.6875  val_AUPR_ag=0.3438  val_P@5_ab=0.9500  val_P@5_ag=0.9000  select=0.5157
Ep013  LR0=1.89e-04  pw=3.11  aucα=0.120  token_p=0.020  dropE=(0.020,0.080)  smooth=0.010  train_loss=0.3353  train_AUPR_all=0.5610  train_AUPR_ab=0.6756  train_AUPR_ag=0.3739  train_P@5_ab=1.0000  train_P@5_ag=1.0000  val_loss=0.4374  val_AUPR_all=0.5694  val_AUPR_ab=0.6895  val_AUPR_ag=0.3794  val_P@5_ab=1.0000  val_P@5_ag=1.0000  select=0.5345
Ep014  LR0=1.87e-04  pw=2.91  aucα=0.150  token_p=0.020  dropE=(0.020,0.080)  smooth=0.010  train_loss=0.3370  train_AUPR_all=0.5664  train_AUPR_ab=0.6792  train_AUPR_ag=0.3847  train_P@5_ab=0.9500  train_P@5_ag=0.9500  val_loss=0.3970  val_AUPR_all=0.5932  val_AUPR_ab=0.7156  val_AUPR_ag=0.3888  val_P@5_ab=1.0000  val_P@5_ag=1.0000  select=0.5522
  Saved checkpoint: checkpoints_post/iPara_balanced_l1_g7_i5_do0.10_dpr0.10_lr0.0002_heads16_fold3.pth  select=0.5522  val_ab=0.7156  val_ag=0.3888  val_all=0.5932
Ep015  LR0=1.85e-04  pw=2.73  aucα=0.180  token_p=0.020  dropE=(0.020,0.080)  smooth=0.010  train_loss=0.3375  train_AUPR_all=0.5777  train_AUPR_ab=0.6917  train_AUPR_ag=0.3960  train_P@5_ab=0.9000  train_P@5_ag=0.9500  val_loss=0.3911  val_AUPR_all=0.5919  val_AUPR_ab=0.7206  val_AUPR_ag=0.3982  val_P@5_ab=1.0000  val_P@5_ag=1.0000  select=0.5594
  Saved checkpoint: checkpoints_post/iPara_balanced_l1_g7_i5_do0.10_dpr0.10_lr0.0002_heads16_fold3.pth  select=0.5594  val_ab=0.7206  val_ag=0.3982  val_all=0.5919
Ep016  LR0=1.83e-04  pw=2.56  aucα=0.210  token_p=0.020  dropE=(0.020,0.080)  smooth=0.010  train_loss=0.3379  train_AUPR_all=0.5859  train_AUPR_ab=0.7015  train_AUPR_ag=0.4019  train_P@5_ab=0.9500  train_P@5_ag=0.9000  val_loss=0.3891  val_AUPR_all=0.5792  val_AUPR_ab=0.6987  val_AUPR_ag=0.3817  val_P@5_ab=1.0000  val_P@5_ag=1.0000  select=0.5402
Ep017  LR0=1.81e-04  pw=2.41  aucα=0.240  token_p=0.020  dropE=(0.020,0.080)  smooth=0.010  train_loss=0.3407  train_AUPR_all=0.5923  train_AUPR_ab=0.7024  train_AUPR_ag=0.4179  train_P@5_ab=0.9500  train_P@5_ag=0.9500  val_loss=0.4013  val_AUPR_all=0.5541  val_AUPR_ab=0.6989  val_AUPR_ag=0.3553  val_P@5_ab=0.9500  val_P@5_ag=1.0000  select=0.5271
Ep018  LR0=1.79e-04  pw=2.28  aucα=0.270  token_p=0.020  dropE=(0.020,0.080)  smooth=0.010  train_loss=0.3446  train_AUPR_all=0.5927  train_AUPR_ab=0.7051  train_AUPR_ag=0.4155  train_P@5_ab=0.9500  train_P@5_ag=1.0000  val_loss=0.3710  val_AUPR_all=0.5863  val_AUPR_ab=0.7098  val_AUPR_ag=0.3856  val_P@5_ab=0.9500  val_P@5_ag=1.0000  select=0.5477
Ep019  LR0=1.76e-04  pw=2.16  aucα=0.300  token_p=0.020  dropE=(0.020,0.080)  smooth=0.010  train_loss=0.3482  train_AUPR_all=0.6007  train_AUPR_ab=0.7151  train_AUPR_ag=0.4231  train_P@5_ab=0.9500  train_P@5_ag=1.0000  val_loss=0.3546  val_AUPR_all=0.5972  val_AUPR_ab=0.7192  val_AUPR_ag=0.3944  val_P@5_ab=0.8500  val_P@5_ag=0.9000  select=0.5568
Ep020  LR0=1.73e-04  pw=2.05  aucα=0.300  token_p=0.020  dropE=(0.020,0.080)  smooth=0.010  train_loss=0.3308  train_AUPR_all=0.6215  train_AUPR_ab=0.7320  train_AUPR_ag=0.4486  train_P@5_ab=1.0000  train_P@5_ag=1.0000  val_loss=0.3470  val_AUPR_all=0.6078  val_AUPR_ab=0.7352  val_AUPR_ag=0.3942  val_P@5_ab=1.0000  val_P@5_ag=1.0000  select=0.5647
  Saved checkpoint: checkpoints_post/iPara_balanced_l1_g7_i5_do0.10_dpr0.10_lr0.0002_heads16_fold3.pth  select=0.5647  val_ab=0.7352  val_ag=0.3942  val_all=0.6078
Ep021  LR0=1.71e-04  pw=1.95  aucα=0.300  token_p=0.020  dropE=(0.020,0.080)  smooth=0.010  train_loss=0.3230  train_AUPR_all=0.6195  train_AUPR_ab=0.7290  train_AUPR_ag=0.4509  train_P@5_ab=1.0000  train_P@5_ag=1.0000  val_loss=0.3414  val_AUPR_all=0.5991  val_AUPR_ab=0.7342  val_AUPR_ag=0.3875  val_P@5_ab=0.9500  val_P@5_ag=1.0000  select=0.5609
Ep022  LR0=1.68e-04  pw=1.86  aucα=0.300  token_p=0.020  dropE=(0.020,0.080)  smooth=0.010  train_loss=0.3122  train_AUPR_all=0.6330  train_AUPR_ab=0.7368  train_AUPR_ag=0.4730  train_P@5_ab=1.0000  train_P@5_ag=1.0000  val_loss=0.3380  val_AUPR_all=0.5943  val_AUPR_ab=0.7210  val_AUPR_ag=0.3943  val_P@5_ab=1.0000  val_P@5_ag=1.0000  select=0.5577
Ep023  LR0=1.65e-04  pw=1.78  aucα=0.300  token_p=0.020  dropE=(0.020,0.080)  smooth=0.010  train_loss=0.3036  train_AUPR_all=0.6378  train_AUPR_ab=0.7429  train_AUPR_ag=0.4772  train_P@5_ab=1.0000  train_P@5_ag=0.9500  val_loss=0.3441  val_AUPR_all=0.5929  val_AUPR_ab=0.7259  val_AUPR_ag=0.3833  val_P@5_ab=0.9500  val_P@5_ag=0.9000  select=0.5546
Ep024  LR0=1.62e-04  pw=1.70  aucα=0.300  token_p=0.020  dropE=(0.020,0.080)  smooth=0.010  train_loss=0.2912  train_AUPR_all=0.6528  train_AUPR_ab=0.7556  train_AUPR_ag=0.4968  train_P@5_ab=1.0000  train_P@5_ag=1.0000  val_loss=0.3307  val_AUPR_all=0.5969  val_AUPR_ab=0.7369  val_AUPR_ag=0.3922  val_P@5_ab=0.9500  val_P@5_ag=0.9500  select=0.5645
Ep025  LR0=1.59e-04  pw=1.64  aucα=0.300  token_p=0.020  dropE=(0.020,0.080)  smooth=0.010  train_loss=0.2828  train_AUPR_all=0.6598  train_AUPR_ab=0.7577  train_AUPR_ag=0.5111  train_P@5_ab=1.0000  train_P@5_ag=1.0000  val_loss=0.3176  val_AUPR_all=0.6067  val_AUPR_ab=0.7411  val_AUPR_ag=0.3980  val_P@5_ab=1.0000  val_P@5_ag=1.0000  select=0.5695
  Saved checkpoint: checkpoints_post/iPara_balanced_l1_g7_i5_do0.10_dpr0.10_lr0.0002_heads16_fold3.pth  select=0.5695  val_ab=0.7411  val_ag=0.3980  val_all=0.6067
Ep026  LR0=1.56e-04  pw=1.57  aucα=0.300  token_p=0.020  dropE=(0.020,0.080)  smooth=0.010  train_loss=0.2726  train_AUPR_all=0.6688  train_AUPR_ab=0.7622  train_AUPR_ag=0.5271  train_P@5_ab=1.0000  train_P@5_ag=0.9500  val_loss=0.3173  val_AUPR_all=0.6054  val_AUPR_ab=0.7315  val_AUPR_ag=0.4103  val_P@5_ab=0.9500  val_P@5_ag=1.0000  select=0.5709
  Saved checkpoint: checkpoints_post/iPara_balanced_l1_g7_i5_do0.10_dpr0.10_lr0.0002_heads16_fold3.pth  select=0.5709  val_ab=0.7315  val_ag=0.4103  val_all=0.6054
Ep027  LR0=1.52e-04  pw=1.52  aucα=0.300  token_p=0.020  dropE=(0.020,0.080)  smooth=0.010  train_loss=0.2661  train_AUPR_all=0.6783  train_AUPR_ab=0.7677  train_AUPR_ag=0.5442  train_P@5_ab=1.0000  train_P@5_ag=1.0000  val_loss=0.3141  val_AUPR_all=0.6010  val_AUPR_ab=0.7400  val_AUPR_ag=0.3949  val_P@5_ab=1.0000  val_P@5_ag=0.9500  select=0.5675
Ep028  LR0=1.49e-04  pw=1.47  aucα=0.300  token_p=0.020  dropE=(0.020,0.080)  smooth=0.010  train_loss=0.2594  train_AUPR_all=0.6830  train_AUPR_ab=0.7730  train_AUPR_ag=0.5470  train_P@5_ab=1.0000  train_P@5_ag=0.9500  val_loss=0.3174  val_AUPR_all=0.5951  val_AUPR_ab=0.7480  val_AUPR_ag=0.3569  val_P@5_ab=1.0000  val_P@5_ag=0.8000  select=0.5524
Ep029  LR0=1.46e-04  pw=1.43  aucα=0.300  token_p=0.020  dropE=(0.020,0.080)  smooth=0.010  train_loss=0.2519  train_AUPR_all=0.6891  train_AUPR_ab=0.7727  train_AUPR_ag=0.5638  train_P@5_ab=1.0000  train_P@5_ag=1.0000  val_loss=0.3038  val_AUPR_all=0.6087  val_AUPR_ab=0.7471  val_AUPR_ag=0.3900  val_P@5_ab=1.0000  val_P@5_ag=0.9000  select=0.5685
Ep030  LR0=1.42e-04  pw=1.39  aucα=0.300  token_p=0.020  dropE=(0.020,0.080)  smooth=0.010  train_loss=0.2398  train_AUPR_all=0.7093  train_AUPR_ab=0.7889  train_AUPR_ag=0.5902  train_P@5_ab=1.0000  train_P@5_ag=0.9500  val_loss=0.3270  val_AUPR_all=0.5751  val_AUPR_ab=0.7389  val_AUPR_ag=0.3757  val_P@5_ab=0.9500  val_P@5_ag=1.0000  select=0.5573
Ep031  LR0=1.38e-04  pw=1.35  aucα=0.300  token_p=0.020  dropE=(0.020,0.080)  smooth=0.010  train_loss=0.2363  train_AUPR_all=0.7105  train_AUPR_ab=0.7849  train_AUPR_ag=0.6012  train_P@5_ab=0.9500  train_P@5_ag=1.0000  val_loss=0.3057  val_AUPR_all=0.6004  val_AUPR_ab=0.7444  val_AUPR_ag=0.3864  val_P@5_ab=0.9500  val_P@5_ag=1.0000  select=0.5654
Ep032  LR0=1.35e-04  pw=1.32  aucα=0.300  token_p=0.020  dropE=(0.020,0.080)  smooth=0.010  train_loss=0.2314  train_AUPR_all=0.7160  train_AUPR_ab=0.7929  train_AUPR_ag=0.6015  train_P@5_ab=1.0000  train_P@5_ag=0.9500  val_loss=0.3103  val_AUPR_all=0.5908  val_AUPR_ab=0.7325  val_AUPR_ag=0.3929  val_P@5_ab=0.9500  val_P@5_ag=1.0000  select=0.5627
Ep033  LR0=1.31e-04  pw=1.29  aucα=0.300  token_p=0.020  dropE=(0.020,0.080)  smooth=0.010  train_loss=0.2197  train_AUPR_all=0.7335  train_AUPR_ab=0.8024  train_AUPR_ag=0.6328  train_P@5_ab=1.0000  train_P@5_ag=1.0000  val_loss=0.3079  val_AUPR_all=0.6099  val_AUPR_ab=0.7461  val_AUPR_ag=0.4064  val_P@5_ab=1.0000  val_P@5_ag=1.0000  select=0.5763
  Saved checkpoint: checkpoints_post/iPara_balanced_l1_g7_i5_do0.10_dpr0.10_lr0.0002_heads16_fold3.pth  select=0.5763  val_ab=0.7461  val_ag=0.4064  val_all=0.6099
Ep034  LR0=1.27e-04  pw=1.26  aucα=0.300  token_p=0.020  dropE=(0.020,0.080)  smooth=0.010  train_loss=0.2161  train_AUPR_all=0.7373  train_AUPR_ab=0.8078  train_AUPR_ag=0.6327  train_P@5_ab=1.0000  train_P@5_ag=1.0000  val_loss=0.3062  val_AUPR_all=0.6065  val_AUPR_ab=0.7518  val_AUPR_ag=0.4102  val_P@5_ab=0.9500  val_P@5_ag=1.0000  select=0.5810
  Saved checkpoint: checkpoints_post/iPara_balanced_l1_g7_i5_do0.10_dpr0.10_lr0.0002_heads16_fold3.pth  select=0.5810  val_ab=0.7518  val_ag=0.4102  val_all=0.6065
Ep035  LR0=1.24e-04  pw=1.23  aucα=0.300  token_p=0.020  dropE=(0.020,0.080)  smooth=0.010  train_loss=0.2070  train_AUPR_all=0.7518  train_AUPR_ab=0.8182  train_AUPR_ag=0.6533  train_P@5_ab=1.0000  train_P@5_ag=1.0000  val_loss=0.3048  val_AUPR_all=0.6070  val_AUPR_ab=0.7476  val_AUPR_ag=0.3929  val_P@5_ab=0.9500  val_P@5_ag=1.0000  select=0.5703
Ep036  LR0=1.20e-04  pw=1.21  aucα=0.300  token_p=0.020  dropE=(0.020,0.080)  smooth=0.010  train_loss=0.2028  train_AUPR_all=0.7558  train_AUPR_ab=0.8192  train_AUPR_ag=0.6627  train_P@5_ab=0.9500  train_P@5_ag=1.0000  val_loss=0.3215  val_AUPR_all=0.5987  val_AUPR_ab=0.7465  val_AUPR_ag=0.3862  val_P@5_ab=0.9000  val_P@5_ag=1.0000  select=0.5663
Ep037  LR0=1.16e-04  pw=1.19  aucα=0.300  token_p=0.020  dropE=(0.020,0.080)  smooth=0.010  train_loss=0.1928  train_AUPR_all=0.7748  train_AUPR_ab=0.8323  train_AUPR_ag=0.6909  train_P@5_ab=1.0000  train_P@5_ag=1.0000  val_loss=0.3055  val_AUPR_all=0.6012  val_AUPR_ab=0.7536  val_AUPR_ag=0.3909  val_P@5_ab=0.9500  val_P@5_ag=1.0000  select=0.5722
Ep038  LR0=1.12e-04  pw=1.17  aucα=0.300  token_p=0.020  dropE=(0.020,0.080)  smooth=0.010  train_loss=0.1902  train_AUPR_all=0.7755  train_AUPR_ab=0.8315  train_AUPR_ag=0.6936  train_P@5_ab=1.0000  train_P@5_ag=0.9500  val_loss=0.3091  val_AUPR_all=0.5942  val_AUPR_ab=0.7449  val_AUPR_ag=0.3868  val_P@5_ab=0.9500  val_P@5_ag=1.0000  select=0.5658
Ep039  LR0=1.08e-04  pw=1.16  aucα=0.300  token_p=0.020  dropE=(0.020,0.080)  smooth=0.010  train_loss=0.1840  train_AUPR_all=0.7863  train_AUPR_ab=0.8390  train_AUPR_ag=0.7098  train_P@5_ab=1.0000  train_P@5_ag=1.0000  val_loss=0.3109  val_AUPR_all=0.5995  val_AUPR_ab=0.7485  val_AUPR_ag=0.3795  val_P@5_ab=1.0000  val_P@5_ag=0.9500  select=0.5640
Ep040  LR0=1.04e-04  pw=1.14  aucα=0.300  token_p=0.020  dropE=(0.020,0.080)  smooth=0.010  train_loss=0.1749  train_AUPR_all=0.8006  train_AUPR_ab=0.8490  train_AUPR_ag=0.7304  train_P@5_ab=1.0000  train_P@5_ag=1.0000  val_loss=0.3028  val_AUPR_all=0.6079  val_AUPR_ab=0.7470  val_AUPR_ag=0.4014  val_P@5_ab=0.9500  val_P@5_ag=0.9000  select=0.5742
Ep041  LR0=1.00e-04  pw=1.13  aucα=0.300  token_p=0.020  dropE=(0.020,0.080)  smooth=0.010  train_loss=0.1719  train_AUPR_all=0.8058  train_AUPR_ab=0.8572  train_AUPR_ag=0.7307  train_P@5_ab=1.0000  train_P@5_ag=1.0000  val_loss=0.3101  val_AUPR_all=0.6036  val_AUPR_ab=0.7533  val_AUPR_ag=0.4087  val_P@5_ab=1.0000  val_P@5_ag=1.0000  select=0.5810
Ep042  LR0=9.63e-05  pw=1.12  aucα=0.300  token_p=0.020  dropE=(0.020,0.080)  smooth=0.010  train_loss=0.1725  train_AUPR_all=0.8034  train_AUPR_ab=0.8523  train_AUPR_ag=0.7326  train_P@5_ab=1.0000  train_P@5_ag=1.0000  val_loss=0.3110  val_AUPR_all=0.5916  val_AUPR_ab=0.7470  val_AUPR_ag=0.3728  val_P@5_ab=0.9000  val_P@5_ag=0.9000  select=0.5599
Ep043  LR0=9.24e-05  pw=1.10  aucα=0.300  token_p=0.020  dropE=(0.020,0.080)  smooth=0.010  train_loss=0.1654  train_AUPR_all=0.8150  train_AUPR_ab=0.8630  train_AUPR_ag=0.7445  train_P@5_ab=1.0000  train_P@5_ag=1.0000  val_loss=0.3037  val_AUPR_all=0.5977  val_AUPR_ab=0.7490  val_AUPR_ag=0.3796  val_P@5_ab=0.9500  val_P@5_ag=1.0000  select=0.5643
Ep044  LR0=8.85e-05  pw=1.09  aucα=0.300  token_p=0.020  dropE=(0.020,0.080)  smooth=0.010  train_loss=0.1594  train_AUPR_all=0.8251  train_AUPR_ab=0.8678  train_AUPR_ag=0.7639  train_P@5_ab=1.0000  train_P@5_ag=1.0000  val_loss=0.3134  val_AUPR_all=0.5823  val_AUPR_ab=0.7443  val_AUPR_ag=0.3676  val_P@5_ab=0.9000  val_P@5_ag=0.9500  select=0.5560
Ep045  LR0=8.46e-05  pw=1.09  aucα=0.300  token_p=0.020  dropE=(0.020,0.080)  smooth=0.010  train_loss=0.1560  train_AUPR_all=0.8285  train_AUPR_ab=0.8735  train_AUPR_ag=0.7623  train_P@5_ab=1.0000  train_P@5_ag=1.0000  val_loss=0.3178  val_AUPR_all=0.5853  val_AUPR_ab=0.7428  val_AUPR_ag=0.3696  val_P@5_ab=0.9000  val_P@5_ag=0.9500  select=0.5562
Ep046  LR0=8.08e-05  pw=1.08  aucα=0.300  token_p=0.020  dropE=(0.020,0.080)  smooth=0.010  train_loss=0.1571  train_AUPR_all=0.8279  train_AUPR_ab=0.8748  train_AUPR_ag=0.7584  train_P@5_ab=1.0000  train_P@5_ag=1.0000  val_loss=0.3125  val_AUPR_all=0.6018  val_AUPR_ab=0.7531  val_AUPR_ag=0.3865  val_P@5_ab=0.9500  val_P@5_ag=0.9500  select=0.5698
Ep047  LR0=7.70e-05  pw=1.07  aucα=0.300  token_p=0.020  dropE=(0.020,0.080)  smooth=0.010  train_loss=0.1487  train_AUPR_all=0.8416  train_AUPR_ab=0.8843  train_AUPR_ag=0.7779  train_P@5_ab=1.0000  train_P@5_ag=1.0000  val_loss=0.3162  val_AUPR_all=0.5943  val_AUPR_ab=0.7484  val_AUPR_ag=0.3778  val_P@5_ab=1.0000  val_P@5_ag=0.9000  select=0.5631
Ep048  LR0=7.32e-05  pw=1.06  aucα=0.300  token_p=0.020  dropE=(0.020,0.080)  smooth=0.010  train_loss=0.1479  train_AUPR_all=0.8427  train_AUPR_ab=0.8843  train_AUPR_ag=0.7806  train_P@5_ab=1.0000  train_P@5_ag=1.0000  val_loss=0.3173  val_AUPR_all=0.5941  val_AUPR_ab=0.7442  val_AUPR_ag=0.3813  val_P@5_ab=0.9000  val_P@5_ag=1.0000  select=0.5627
Ep049  LR0=6.94e-05  pw=1.06  aucα=0.300  token_p=0.020  dropE=(0.020,0.080)  smooth=0.010  train_loss=0.1455  train_AUPR_all=0.8463  train_AUPR_ab=0.8869  train_AUPR_ag=0.7864  train_P@5_ab=1.0000  train_P@5_ag=1.0000  val_loss=0.3124  val_AUPR_all=0.5984  val_AUPR_ab=0.7492  val_AUPR_ag=0.3828  val_P@5_ab=0.8500  val_P@5_ag=1.0000  select=0.5660
Ep050  LR0=6.57e-05  pw=1.05  aucα=0.300  token_p=0.020  dropE=(0.020,0.080)  smooth=0.010  train_loss=0.1384  train_AUPR_all=0.8576  train_AUPR_ab=0.8937  train_AUPR_ag=0.8034  train_P@5_ab=0.9500  train_P@5_ag=1.0000  val_loss=0.3277  val_AUPR_all=0.5833  val_AUPR_ab=0.7397  val_AUPR_ag=0.3721  val_P@5_ab=0.9500  val_P@5_ag=0.7500  select=0.5559
Ep051  LR0=6.21e-05  pw=1.05  aucα=0.300  token_p=0.020  dropE=(0.020,0.080)  smooth=0.010  train_loss=0.1393  train_AUPR_all=0.8568  train_AUPR_ab=0.8954  train_AUPR_ag=0.7999  train_P@5_ab=1.0000  train_P@5_ag=1.0000  val_loss=0.3202  val_AUPR_all=0.5782  val_AUPR_ab=0.7335  val_AUPR_ag=0.3712  val_P@5_ab=0.8500  val_P@5_ag=0.8000  select=0.5524
Ep052  LR0=5.85e-05  pw=1.04  aucα=0.300  token_p=0.020  dropE=(0.020,0.080)  smooth=0.010  train_loss=0.1337  train_AUPR_all=0.8653  train_AUPR_ab=0.9022  train_AUPR_ag=0.8105  train_P@5_ab=1.0000  train_P@5_ag=1.0000  val_loss=0.3095  val_AUPR_all=0.5924  val_AUPR_ab=0.7459  val_AUPR_ag=0.3762  val_P@5_ab=0.9500  val_P@5_ag=0.7000  select=0.5610
Ep053  LR0=5.50e-05  pw=1.04  aucα=0.300  token_p=0.020  dropE=(0.020,0.080)  smooth=0.010  train_loss=0.1320  train_AUPR_all=0.8675  train_AUPR_ab=0.9017  train_AUPR_ag=0.8174  train_P@5_ab=1.0000  train_P@5_ag=1.0000  val_loss=0.3204  val_AUPR_all=0.5902  val_AUPR_ab=0.7368  val_AUPR_ag=0.3773  val_P@5_ab=0.9500  val_P@5_ag=0.9000  select=0.5570
Ep054  LR0=5.15e-05  pw=1.03  aucα=0.300  token_p=0.020  dropE=(0.020,0.080)  smooth=0.010  train_loss=0.1297  train_AUPR_all=0.8718  train_AUPR_ab=0.9072  train_AUPR_ag=0.8181  train_P@5_ab=1.0000  train_P@5_ag=1.0000  val_loss=0.3227  val_AUPR_all=0.5950  val_AUPR_ab=0.7493  val_AUPR_ag=0.3764  val_P@5_ab=0.9000  val_P@5_ag=0.6500  select=0.5629
Early stopping at epoch 54. Best select=0.5810 at epoch 34.
Final saved checkpoint for fold 3: checkpoints_post/iPara_balanced_l1_g7_i5_do0.10_dpr0.10_lr0.0002_heads16_fold3.pth
Best select=0.5810 at epoch 34

==========================================================================================
Fold 4/5
==========================================================================================
Train labels: valid=398858, pos=26560, neg=372298, ignore=700342, pos_frac=0.06659
Val labels: valid=101334, pos=6670, neg=94664, ignore=172266, pos_frac=0.06582
Initializing ClassificationModel with 7 GAT layers and residual connections...
Initializing MCModel with 7 GAT layers and 5 row attention layers (drop_path_rate=0.1)
Initializing CoreModel with 1 layers, drop_path_rate=0.1
Ep001  LR0=2.00e-04  pw=8.00  aucα=0.000  token_p=0.020  dropE=(0.020,0.080)  smooth=0.010  train_loss=0.8492  train_AUPR_all=0.1778  train_AUPR_ab=0.1885  train_AUPR_ag=0.1693  train_P@5_ab=0.8000  train_P@5_ag=0.6000  val_loss=1.0691  val_AUPR_all=0.3426  val_AUPR_ab=0.4476  val_AUPR_ag=0.1885  val_P@5_ab=1.0000  val_P@5_ag=0.9000  select=0.3181
  Saved checkpoint: checkpoints_post/iPara_balanced_l1_g7_i5_do0.10_dpr0.10_lr0.0002_heads16_fold4.pth  select=0.3181  val_ab=0.4476  val_ag=0.1885  val_all=0.3426
Ep002  LR0=2.00e-04  pw=7.33  aucα=0.000  token_p=0.020  dropE=(0.020,0.080)  smooth=0.010  train_loss=0.5738  train_AUPR_all=0.3588  train_AUPR_ab=0.4397  train_AUPR_ag=0.2348  train_P@5_ab=0.7500  train_P@5_ag=0.8000  val_loss=0.8209  val_AUPR_all=0.3888  val_AUPR_ab=0.5095  val_AUPR_ag=0.1980  val_P@5_ab=0.9000  val_P@5_ag=0.8000  select=0.3538
  Saved checkpoint: checkpoints_post/iPara_balanced_l1_g7_i5_do0.10_dpr0.10_lr0.0002_heads16_fold4.pth  select=0.3538  val_ab=0.5095  val_ag=0.1980  val_all=0.3888
Ep003  LR0=2.00e-04  pw=6.73  aucα=0.000  token_p=0.020  dropE=(0.020,0.080)  smooth=0.010  train_loss=0.5125  train_AUPR_all=0.4126  train_AUPR_ab=0.4954  train_AUPR_ag=0.2751  train_P@5_ab=0.8500  train_P@5_ag=0.8000  val_loss=0.8110  val_AUPR_all=0.4095  val_AUPR_ab=0.5410  val_AUPR_ag=0.1842  val_P@5_ab=0.8500  val_P@5_ag=0.5000  select=0.3626
  Saved checkpoint: checkpoints_post/iPara_balanced_l1_g7_i5_do0.10_dpr0.10_lr0.0002_heads16_fold4.pth  select=0.3626  val_ab=0.5410  val_ag=0.1842  val_all=0.4095
Ep004  LR0=1.99e-04  pw=6.19  aucα=0.000  token_p=0.020  dropE=(0.020,0.080)  smooth=0.010  train_loss=0.4665  train_AUPR_all=0.4320  train_AUPR_ab=0.5241  train_AUPR_ag=0.2803  train_P@5_ab=0.6500  train_P@5_ag=0.9000  val_loss=0.7387  val_AUPR_all=0.4429  val_AUPR_ab=0.5790  val_AUPR_ag=0.2044  val_P@5_ab=0.9000  val_P@5_ag=1.0000  select=0.3917
  Saved checkpoint: checkpoints_post/iPara_balanced_l1_g7_i5_do0.10_dpr0.10_lr0.0002_heads16_fold4.pth  select=0.3917  val_ab=0.5790  val_ag=0.2044  val_all=0.4429
Ep005  LR0=1.99e-04  pw=5.69  aucα=0.000  token_p=0.020  dropE=(0.020,0.080)  smooth=0.010  train_loss=0.4277  train_AUPR_all=0.4695  train_AUPR_ab=0.5629  train_AUPR_ag=0.3166  train_P@5_ab=0.6500  train_P@5_ag=0.9000  val_loss=0.6838  val_AUPR_all=0.4679  val_AUPR_ab=0.6159  val_AUPR_ag=0.2235  val_P@5_ab=0.8000  val_P@5_ag=0.7500  select=0.4197
  Saved checkpoint: checkpoints_post/iPara_balanced_l1_g7_i5_do0.10_dpr0.10_lr0.0002_heads16_fold4.pth  select=0.4197  val_ab=0.6159  val_ag=0.2235  val_all=0.4679
Ep006  LR0=1.98e-04  pw=5.25  aucα=0.000  token_p=0.020  dropE=(0.020,0.080)  smooth=0.010  train_loss=0.4011  train_AUPR_all=0.4881  train_AUPR_ab=0.5841  train_AUPR_ag=0.3238  train_P@5_ab=0.9500  train_P@5_ag=1.0000  val_loss=0.7813  val_AUPR_all=0.4610  val_AUPR_ab=0.6012  val_AUPR_ag=0.2440  val_P@5_ab=0.8500  val_P@5_ag=0.9500  select=0.4226
  Saved checkpoint: checkpoints_post/iPara_balanced_l1_g7_i5_do0.10_dpr0.10_lr0.0002_heads16_fold4.pth  select=0.4226  val_ab=0.6012  val_ag=0.2440  val_all=0.4610
Ep007  LR0=1.97e-04  pw=4.84  aucα=0.000  token_p=0.020  dropE=(0.020,0.080)  smooth=0.010  train_loss=0.3771  train_AUPR_all=0.5021  train_AUPR_ab=0.6018  train_AUPR_ag=0.3344  train_P@5_ab=0.7000  train_P@5_ag=0.8500  val_loss=0.8087  val_AUPR_all=0.4543  val_AUPR_ab=0.6205  val_AUPR_ag=0.2427  val_P@5_ab=0.9000  val_P@5_ag=0.9500  select=0.4316
  Saved checkpoint: checkpoints_post/iPara_balanced_l1_g7_i5_do0.10_dpr0.10_lr0.0002_heads16_fold4.pth  select=0.4316  val_ab=0.6205  val_ag=0.2427  val_all=0.4543
Ep008  LR0=1.96e-04  pw=4.48  aucα=0.000  token_p=0.020  dropE=(0.020,0.080)  smooth=0.010  train_loss=0.3569  train_AUPR_all=0.5126  train_AUPR_ab=0.6102  train_AUPR_ag=0.3490  train_P@5_ab=0.8500  train_P@5_ag=0.9500  val_loss=0.7021  val_AUPR_all=0.4643  val_AUPR_ab=0.6234  val_AUPR_ag=0.2242  val_P@5_ab=0.9500  val_P@5_ag=0.9500  select=0.4238
Ep009  LR0=1.95e-04  pw=4.15  aucα=0.000  token_p=0.020  dropE=(0.020,0.080)  smooth=0.010  train_loss=0.3379  train_AUPR_all=0.5226  train_AUPR_ab=0.6223  train_AUPR_ag=0.3482  train_P@5_ab=0.9500  train_P@5_ag=0.9500  val_loss=0.8166  val_AUPR_all=0.4638  val_AUPR_ab=0.6518  val_AUPR_ag=0.1840  val_P@5_ab=0.9500  val_P@5_ag=0.8500  select=0.4179
Ep010  LR0=1.94e-04  pw=3.85  aucα=0.030  token_p=0.020  dropE=(0.020,0.080)  smooth=0.010  train_loss=0.3376  train_AUPR_all=0.5330  train_AUPR_ab=0.6355  train_AUPR_ag=0.3577  train_P@5_ab=0.9500  train_P@5_ag=0.9000  val_loss=0.4993  val_AUPR_all=0.5320  val_AUPR_ab=0.6689  val_AUPR_ag=0.3370  val_P@5_ab=0.9500  val_P@5_ag=0.9500  select=0.5029
  Saved checkpoint: checkpoints_post/iPara_balanced_l1_g7_i5_do0.10_dpr0.10_lr0.0002_heads16_fold4.pth  select=0.5029  val_ab=0.6689  val_ag=0.3370  val_all=0.5320
Unfreezing DyM parameters.
Ep011  LR0=1.92e-04  pw=3.58  aucα=0.060  token_p=0.020  dropE=(0.020,0.080)  smooth=0.010  train_loss=0.3340  train_AUPR_all=0.5466  train_AUPR_ab=0.6473  train_AUPR_ag=0.3740  train_P@5_ab=0.9500  train_P@5_ag=1.0000  val_loss=0.4786  val_AUPR_all=0.5474  val_AUPR_ab=0.6876  val_AUPR_ag=0.3195  val_P@5_ab=0.9500  val_P@5_ag=0.9000  select=0.5035
  Saved checkpoint: checkpoints_post/iPara_balanced_l1_g7_i5_do0.10_dpr0.10_lr0.0002_heads16_fold4.pth  select=0.5035  val_ab=0.6876  val_ag=0.3195  val_all=0.5474
Ep012  LR0=1.91e-04  pw=3.33  aucα=0.090  token_p=0.020  dropE=(0.020,0.080)  smooth=0.010  train_loss=0.3361  train_AUPR_all=0.5468  train_AUPR_ab=0.6572  train_AUPR_ag=0.3633  train_P@5_ab=0.8500  train_P@5_ag=0.8500  val_loss=0.4511  val_AUPR_all=0.5567  val_AUPR_ab=0.6876  val_AUPR_ag=0.3353  val_P@5_ab=1.0000  val_P@5_ag=0.9500  select=0.5114
  Saved checkpoint: checkpoints_post/iPara_balanced_l1_g7_i5_do0.10_dpr0.10_lr0.0002_heads16_fold4.pth  select=0.5114  val_ab=0.6876  val_ag=0.3353  val_all=0.5567
Ep013  LR0=1.89e-04  pw=3.11  aucα=0.120  token_p=0.020  dropE=(0.020,0.080)  smooth=0.010  train_loss=0.3379  train_AUPR_all=0.5535  train_AUPR_ab=0.6608  train_AUPR_ag=0.3742  train_P@5_ab=1.0000  train_P@5_ag=0.9500  val_loss=0.4496  val_AUPR_all=0.5534  val_AUPR_ab=0.6947  val_AUPR_ag=0.3250  val_P@5_ab=1.0000  val_P@5_ag=0.9000  select=0.5099
Ep014  LR0=1.87e-04  pw=2.91  aucα=0.150  token_p=0.020  dropE=(0.020,0.080)  smooth=0.010  train_loss=0.3360  train_AUPR_all=0.5649  train_AUPR_ab=0.6713  train_AUPR_ag=0.3864  train_P@5_ab=1.0000  train_P@5_ag=0.9500  val_loss=0.4228  val_AUPR_all=0.5579  val_AUPR_ab=0.6874  val_AUPR_ag=0.3418  val_P@5_ab=0.9500  val_P@5_ag=0.9000  select=0.5146
  Saved checkpoint: checkpoints_post/iPara_balanced_l1_g7_i5_do0.10_dpr0.10_lr0.0002_heads16_fold4.pth  select=0.5146  val_ab=0.6874  val_ag=0.3418  val_all=0.5579
Ep015  LR0=1.85e-04  pw=2.73  aucα=0.180  token_p=0.020  dropE=(0.020,0.080)  smooth=0.010  train_loss=0.3387  train_AUPR_all=0.5740  train_AUPR_ab=0.6819  train_AUPR_ag=0.3977  train_P@5_ab=0.9500  train_P@5_ag=1.0000  val_loss=0.4022  val_AUPR_all=0.5838  val_AUPR_ab=0.7207  val_AUPR_ag=0.3666  val_P@5_ab=0.9500  val_P@5_ag=0.9000  select=0.5437
  Saved checkpoint: checkpoints_post/iPara_balanced_l1_g7_i5_do0.10_dpr0.10_lr0.0002_heads16_fold4.pth  select=0.5437  val_ab=0.7207  val_ag=0.3666  val_all=0.5838
Ep016  LR0=1.83e-04  pw=2.56  aucα=0.210  token_p=0.020  dropE=(0.020,0.080)  smooth=0.010  train_loss=0.3414  train_AUPR_all=0.5754  train_AUPR_ab=0.6820  train_AUPR_ag=0.4028  train_P@5_ab=0.9500  train_P@5_ag=1.0000  val_loss=0.4005  val_AUPR_all=0.5724  val_AUPR_ab=0.7033  val_AUPR_ag=0.3597  val_P@5_ab=1.0000  val_P@5_ag=0.9500  select=0.5315
Ep017  LR0=1.81e-04  pw=2.41  aucα=0.240  token_p=0.020  dropE=(0.020,0.080)  smooth=0.010  train_loss=0.3409  train_AUPR_all=0.5893  train_AUPR_ab=0.7021  train_AUPR_ag=0.4078  train_P@5_ab=1.0000  train_P@5_ag=0.9500  val_loss=0.3890  val_AUPR_all=0.5726  val_AUPR_ab=0.7203  val_AUPR_ag=0.3399  val_P@5_ab=1.0000  val_P@5_ag=0.9500  select=0.5301
Ep018  LR0=1.79e-04  pw=2.28  aucα=0.270  token_p=0.020  dropE=(0.020,0.080)  smooth=0.010  train_loss=0.3451  train_AUPR_all=0.5937  train_AUPR_ab=0.7070  train_AUPR_ag=0.4136  train_P@5_ab=1.0000  train_P@5_ag=0.9000  val_loss=0.3883  val_AUPR_all=0.5574  val_AUPR_ab=0.7008  val_AUPR_ag=0.3336  val_P@5_ab=0.9000  val_P@5_ag=0.9500  select=0.5172
Ep019  LR0=1.76e-04  pw=2.16  aucα=0.300  token_p=0.020  dropE=(0.020,0.080)  smooth=0.010  train_loss=0.3469  train_AUPR_all=0.6000  train_AUPR_ab=0.7108  train_AUPR_ag=0.4232  train_P@5_ab=1.0000  train_P@5_ag=0.9500  val_loss=0.3610  val_AUPR_all=0.5939  val_AUPR_ab=0.7409  val_AUPR_ag=0.3650  val_P@5_ab=0.9500  val_P@5_ag=0.8500  select=0.5530
  Saved checkpoint: checkpoints_post/iPara_balanced_l1_g7_i5_do0.10_dpr0.10_lr0.0002_heads16_fold4.pth  select=0.5530  val_ab=0.7409  val_ag=0.3650  val_all=0.5939
Ep020  LR0=1.73e-04  pw=2.05  aucα=0.300  token_p=0.020  dropE=(0.020,0.080)  smooth=0.010  train_loss=0.3377  train_AUPR_all=0.6042  train_AUPR_ab=0.7089  train_AUPR_ag=0.4379  train_P@5_ab=0.9000  train_P@5_ag=0.9000  val_loss=0.3615  val_AUPR_all=0.5832  val_AUPR_ab=0.7215  val_AUPR_ag=0.3563  val_P@5_ab=1.0000  val_P@5_ag=0.9000  select=0.5389
Ep021  LR0=1.71e-04  pw=1.95  aucα=0.300  token_p=0.020  dropE=(0.020,0.080)  smooth=0.010  train_loss=0.3280  train_AUPR_all=0.6128  train_AUPR_ab=0.7186  train_AUPR_ag=0.4470  train_P@5_ab=0.9500  train_P@5_ag=1.0000  val_loss=0.3580  val_AUPR_all=0.5762  val_AUPR_ab=0.7131  val_AUPR_ag=0.3562  val_P@5_ab=1.0000  val_P@5_ag=0.9500  select=0.5347
Ep022  LR0=1.68e-04  pw=1.86  aucα=0.300  token_p=0.020  dropE=(0.020,0.080)  smooth=0.010  train_loss=0.3152  train_AUPR_all=0.6252  train_AUPR_ab=0.7297  train_AUPR_ag=0.4603  train_P@5_ab=0.9500  train_P@5_ag=0.9500  val_loss=0.3592  val_AUPR_all=0.5639  val_AUPR_ab=0.7075  val_AUPR_ag=0.3526  val_P@5_ab=0.9000  val_P@5_ag=0.9500  select=0.5301
Ep023  LR0=1.65e-04  pw=1.78  aucα=0.300  token_p=0.020  dropE=(0.020,0.080)  smooth=0.010  train_loss=0.3097  train_AUPR_all=0.6270  train_AUPR_ab=0.7269  train_AUPR_ag=0.4732  train_P@5_ab=1.0000  train_P@5_ag=1.0000  val_loss=0.3411  val_AUPR_all=0.5898  val_AUPR_ab=0.7253  val_AUPR_ag=0.3799  val_P@5_ab=0.9500  val_P@5_ag=1.0000  select=0.5526
Ep024  LR0=1.62e-04  pw=1.70  aucα=0.300  token_p=0.020  dropE=(0.020,0.080)  smooth=0.010  train_loss=0.2989  train_AUPR_all=0.6369  train_AUPR_ab=0.7383  train_AUPR_ag=0.4804  train_P@5_ab=1.0000  train_P@5_ag=1.0000  val_loss=0.3486  val_AUPR_all=0.5774  val_AUPR_ab=0.7219  val_AUPR_ag=0.3612  val_P@5_ab=1.0000  val_P@5_ag=0.8500  select=0.5415
Ep025  LR0=1.59e-04  pw=1.64  aucα=0.300  token_p=0.020  dropE=(0.020,0.080)  smooth=0.010  train_loss=0.2892  train_AUPR_all=0.6484  train_AUPR_ab=0.7489  train_AUPR_ag=0.4935  train_P@5_ab=0.9000  train_P@5_ag=0.9000  val_loss=0.3527  val_AUPR_all=0.5760  val_AUPR_ab=0.7304  val_AUPR_ag=0.3566  val_P@5_ab=0.9500  val_P@5_ag=0.9500  select=0.5435
Ep026  LR0=1.56e-04  pw=1.57  aucα=0.300  token_p=0.020  dropE=(0.020,0.080)  smooth=0.010  train_loss=0.2814  train_AUPR_all=0.6533  train_AUPR_ab=0.7491  train_AUPR_ag=0.5068  train_P@5_ab=1.0000  train_P@5_ag=1.0000  val_loss=0.3291  val_AUPR_all=0.5914  val_AUPR_ab=0.7377  val_AUPR_ag=0.3904  val_P@5_ab=1.0000  val_P@5_ag=0.9500  select=0.5640
  Saved checkpoint: checkpoints_post/iPara_balanced_l1_g7_i5_do0.10_dpr0.10_lr0.0002_heads16_fold4.pth  select=0.5640  val_ab=0.7377  val_ag=0.3904  val_all=0.5914
Ep027  LR0=1.52e-04  pw=1.52  aucα=0.300  token_p=0.020  dropE=(0.020,0.080)  smooth=0.010  train_loss=0.2715  train_AUPR_all=0.6660  train_AUPR_ab=0.7605  train_AUPR_ag=0.5217  train_P@5_ab=1.0000  train_P@5_ag=0.9500  val_loss=0.3226  val_AUPR_all=0.5930  val_AUPR_ab=0.7371  val_AUPR_ag=0.3648  val_P@5_ab=0.9500  val_P@5_ag=0.9000  select=0.5509
Ep028  LR0=1.49e-04  pw=1.47  aucα=0.300  token_p=0.020  dropE=(0.020,0.080)  smooth=0.010  train_loss=0.2619  train_AUPR_all=0.6774  train_AUPR_ab=0.7680  train_AUPR_ag=0.5402  train_P@5_ab=0.9500  train_P@5_ag=1.0000  val_loss=0.3228  val_AUPR_all=0.5898  val_AUPR_ab=0.7453  val_AUPR_ag=0.3581  val_P@5_ab=0.9500  val_P@5_ag=0.9500  select=0.5517
Ep029  LR0=1.46e-04  pw=1.43  aucα=0.300  token_p=0.020  dropE=(0.020,0.080)  smooth=0.010  train_loss=0.2564  train_AUPR_all=0.6840  train_AUPR_ab=0.7690  train_AUPR_ag=0.5554  train_P@5_ab=1.0000  train_P@5_ag=0.9500  val_loss=0.3301  val_AUPR_all=0.5962  val_AUPR_ab=0.7462  val_AUPR_ag=0.3677  val_P@5_ab=1.0000  val_P@5_ag=1.0000  select=0.5570
Ep030  LR0=1.42e-04  pw=1.39  aucα=0.300  token_p=0.020  dropE=(0.020,0.080)  smooth=0.010  train_loss=0.2487  train_AUPR_all=0.6894  train_AUPR_ab=0.7732  train_AUPR_ag=0.5622  train_P@5_ab=1.0000  train_P@5_ag=0.8500  val_loss=0.3193  val_AUPR_all=0.5921  val_AUPR_ab=0.7463  val_AUPR_ag=0.3569  val_P@5_ab=1.0000  val_P@5_ag=0.9000  select=0.5516
Ep031  LR0=1.38e-04  pw=1.35  aucα=0.300  token_p=0.020  dropE=(0.020,0.080)  smooth=0.010  train_loss=0.2428  train_AUPR_all=0.6982  train_AUPR_ab=0.7756  train_AUPR_ag=0.5828  train_P@5_ab=1.0000  train_P@5_ag=0.8500  val_loss=0.3285  val_AUPR_all=0.5984  val_AUPR_ab=0.7554  val_AUPR_ag=0.3693  val_P@5_ab=1.0000  val_P@5_ag=0.9500  select=0.5623
Ep032  LR0=1.35e-04  pw=1.32  aucα=0.300  token_p=0.020  dropE=(0.020,0.080)  smooth=0.010  train_loss=0.2318  train_AUPR_all=0.7156  train_AUPR_ab=0.7896  train_AUPR_ag=0.6056  train_P@5_ab=1.0000  train_P@5_ag=1.0000  val_loss=0.3215  val_AUPR_all=0.5949  val_AUPR_ab=0.7522  val_AUPR_ag=0.3769  val_P@5_ab=1.0000  val_P@5_ag=1.0000  select=0.5645
  Saved checkpoint: checkpoints_post/iPara_balanced_l1_g7_i5_do0.10_dpr0.10_lr0.0002_heads16_fold4.pth  select=0.5645  val_ab=0.7522  val_ag=0.3769  val_all=0.5949
Ep033  LR0=1.31e-04  pw=1.29  aucα=0.300  token_p=0.020  dropE=(0.020,0.080)  smooth=0.010  train_loss=0.2258  train_AUPR_all=0.7225  train_AUPR_ab=0.7942  train_AUPR_ag=0.6161  train_P@5_ab=1.0000  train_P@5_ag=0.9500  val_loss=0.3139  val_AUPR_all=0.5953  val_AUPR_ab=0.7486  val_AUPR_ag=0.3732  val_P@5_ab=0.9000  val_P@5_ag=1.0000  select=0.5609
Ep034  LR0=1.27e-04  pw=1.26  aucα=0.300  token_p=0.020  dropE=(0.020,0.080)  smooth=0.010  train_loss=0.2222  train_AUPR_all=0.7283  train_AUPR_ab=0.7980  train_AUPR_ag=0.6253  train_P@5_ab=0.9000  train_P@5_ag=0.9500  val_loss=0.3281  val_AUPR_all=0.5891  val_AUPR_ab=0.7553  val_AUPR_ag=0.3649  val_P@5_ab=1.0000  val_P@5_ag=0.9000  select=0.5601
Ep035  LR0=1.24e-04  pw=1.23  aucα=0.300  token_p=0.020  dropE=(0.020,0.080)  smooth=0.010  train_loss=0.2207  train_AUPR_all=0.7277  train_AUPR_ab=0.7994  train_AUPR_ag=0.6213  train_P@5_ab=1.0000  train_P@5_ag=0.9500  val_loss=0.3072  val_AUPR_all=0.6043  val_AUPR_ab=0.7585  val_AUPR_ag=0.3804  val_P@5_ab=0.9500  val_P@5_ag=1.0000  select=0.5694
  Saved checkpoint: checkpoints_post/iPara_balanced_l1_g7_i5_do0.10_dpr0.10_lr0.0002_heads16_fold4.pth  select=0.5694  val_ab=0.7585  val_ag=0.3804  val_all=0.6043
Ep036  LR0=1.20e-04  pw=1.21  aucα=0.300  token_p=0.020  dropE=(0.020,0.080)  smooth=0.010  train_loss=0.2121  train_AUPR_all=0.7420  train_AUPR_ab=0.8072  train_AUPR_ag=0.6459  train_P@5_ab=1.0000  train_P@5_ag=1.0000  val_loss=0.3123  val_AUPR_all=0.5972  val_AUPR_ab=0.7568  val_AUPR_ag=0.3687  val_P@5_ab=0.9500  val_P@5_ag=1.0000  select=0.5627
Ep037  LR0=1.16e-04  pw=1.19  aucα=0.300  token_p=0.020  dropE=(0.020,0.080)  smooth=0.010  train_loss=0.2073  train_AUPR_all=0.7470  train_AUPR_ab=0.8089  train_AUPR_ag=0.6561  train_P@5_ab=1.0000  train_P@5_ag=1.0000  val_loss=0.3280  val_AUPR_all=0.5930  val_AUPR_ab=0.7532  val_AUPR_ag=0.3679  val_P@5_ab=0.9500  val_P@5_ag=0.9500  select=0.5606
Ep038  LR0=1.12e-04  pw=1.17  aucα=0.300  token_p=0.020  dropE=(0.020,0.080)  smooth=0.010  train_loss=0.2017  train_AUPR_all=0.7544  train_AUPR_ab=0.8168  train_AUPR_ag=0.6622  train_P@5_ab=1.0000  train_P@5_ag=0.9500  val_loss=0.3018  val_AUPR_all=0.5983  val_AUPR_ab=0.7540  val_AUPR_ag=0.3899  val_P@5_ab=1.0000  val_P@5_ag=1.0000  select=0.5720
  Saved checkpoint: checkpoints_post/iPara_balanced_l1_g7_i5_do0.10_dpr0.10_lr0.0002_heads16_fold4.pth  select=0.5720  val_ab=0.7540  val_ag=0.3899  val_all=0.5983
Ep039  LR0=1.08e-04  pw=1.16  aucα=0.300  token_p=0.020  dropE=(0.020,0.080)  smooth=0.010  train_loss=0.1914  train_AUPR_all=0.7724  train_AUPR_ab=0.8307  train_AUPR_ag=0.6860  train_P@5_ab=1.0000  train_P@5_ag=1.0000  val_loss=0.3260  val_AUPR_all=0.5801  val_AUPR_ab=0.7454  val_AUPR_ag=0.3599  val_P@5_ab=1.0000  val_P@5_ag=1.0000  select=0.5527
Ep040  LR0=1.04e-04  pw=1.14  aucα=0.300  token_p=0.020  dropE=(0.020,0.080)  smooth=0.010  train_loss=0.1873  train_AUPR_all=0.7804  train_AUPR_ab=0.8376  train_AUPR_ag=0.6954  train_P@5_ab=1.0000  train_P@5_ag=0.9500  val_loss=0.3197  val_AUPR_all=0.5948  val_AUPR_ab=0.7526  val_AUPR_ag=0.3812  val_P@5_ab=1.0000  val_P@5_ag=1.0000  select=0.5669
Ep041  LR0=1.00e-04  pw=1.13  aucα=0.300  token_p=0.020  dropE=(0.020,0.080)  smooth=0.010  train_loss=0.1868  train_AUPR_all=0.7782  train_AUPR_ab=0.8336  train_AUPR_ag=0.6963  train_P@5_ab=1.0000  train_P@5_ag=1.0000  val_loss=0.3048  val_AUPR_all=0.6090  val_AUPR_ab=0.7552  val_AUPR_ag=0.4015  val_P@5_ab=0.9500  val_P@5_ag=1.0000  select=0.5784
  Saved checkpoint: checkpoints_post/iPara_balanced_l1_g7_i5_do0.10_dpr0.10_lr0.0002_heads16_fold4.pth  select=0.5784  val_ab=0.7552  val_ag=0.4015  val_all=0.6090
Ep042  LR0=9.63e-05  pw=1.12  aucα=0.300  token_p=0.020  dropE=(0.020,0.080)  smooth=0.010  train_loss=0.1802  train_AUPR_all=0.7892  train_AUPR_ab=0.8414  train_AUPR_ag=0.7125  train_P@5_ab=1.0000  train_P@5_ag=1.0000  val_loss=0.3032  val_AUPR_all=0.6078  val_AUPR_ab=0.7588  val_AUPR_ag=0.3852  val_P@5_ab=1.0000  val_P@5_ag=1.0000  select=0.5720
Ep043  LR0=9.24e-05  pw=1.10  aucα=0.300  token_p=0.020  dropE=(0.020,0.080)  smooth=0.010  train_loss=0.1716  train_AUPR_all=0.8041  train_AUPR_ab=0.8512  train_AUPR_ag=0.7352  train_P@5_ab=1.0000  train_P@5_ag=1.0000  val_loss=0.3143  val_AUPR_all=0.5957  val_AUPR_ab=0.7474  val_AUPR_ag=0.3967  val_P@5_ab=0.9500  val_P@5_ag=0.9500  select=0.5721
Ep044  LR0=8.85e-05  pw=1.09  aucα=0.300  token_p=0.020  dropE=(0.020,0.080)  smooth=0.010  train_loss=0.1691  train_AUPR_all=0.8077  train_AUPR_ab=0.8568  train_AUPR_ag=0.7354  train_P@5_ab=1.0000  train_P@5_ag=1.0000  val_loss=0.3227  val_AUPR_all=0.5752  val_AUPR_ab=0.7483  val_AUPR_ag=0.3251  val_P@5_ab=0.9500  val_P@5_ag=1.0000  select=0.5367
Ep045  LR0=8.46e-05  pw=1.09  aucα=0.300  token_p=0.020  dropE=(0.020,0.080)  smooth=0.010  train_loss=0.1690  train_AUPR_all=0.8083  train_AUPR_ab=0.8543  train_AUPR_ag=0.7412  train_P@5_ab=1.0000  train_P@5_ag=1.0000  val_loss=0.3099  val_AUPR_all=0.5920  val_AUPR_ab=0.7560  val_AUPR_ag=0.3759  val_P@5_ab=1.0000  val_P@5_ag=0.8500  select=0.5660
Ep046  LR0=8.08e-05  pw=1.08  aucα=0.300  token_p=0.020  dropE=(0.020,0.080)  smooth=0.010  train_loss=0.1592  train_AUPR_all=0.8235  train_AUPR_ab=0.8662  train_AUPR_ag=0.7604  train_P@5_ab=1.0000  train_P@5_ag=1.0000  val_loss=0.3143  val_AUPR_all=0.5970  val_AUPR_ab=0.7549  val_AUPR_ag=0.3955  val_P@5_ab=0.9000  val_P@5_ag=0.8500  select=0.5752
Ep047  LR0=7.70e-05  pw=1.07  aucα=0.300  token_p=0.020  dropE=(0.020,0.080)  smooth=0.010  train_loss=0.1590  train_AUPR_all=0.8244  train_AUPR_ab=0.8700  train_AUPR_ag=0.7565  train_P@5_ab=1.0000  train_P@5_ag=1.0000  val_loss=0.3182  val_AUPR_all=0.5935  val_AUPR_ab=0.7505  val_AUPR_ag=0.3784  val_P@5_ab=0.9000  val_P@5_ag=0.9500  select=0.5645
Ep048  LR0=7.32e-05  pw=1.06  aucα=0.300  token_p=0.020  dropE=(0.020,0.080)  smooth=0.010  train_loss=0.1568  train_AUPR_all=0.8263  train_AUPR_ab=0.8696  train_AUPR_ag=0.7621  train_P@5_ab=1.0000  train_P@5_ag=1.0000  val_loss=0.3235  val_AUPR_all=0.5927  val_AUPR_ab=0.7594  val_AUPR_ag=0.3767  val_P@5_ab=0.9500  val_P@5_ag=0.8500  select=0.5681
Ep049  LR0=6.94e-05  pw=1.06  aucα=0.300  token_p=0.020  dropE=(0.020,0.080)  smooth=0.010  train_loss=0.1524  train_AUPR_all=0.8340  train_AUPR_ab=0.8739  train_AUPR_ag=0.7752  train_P@5_ab=1.0000  train_P@5_ag=0.9500  val_loss=0.3255  val_AUPR_all=0.5883  val_AUPR_ab=0.7507  val_AUPR_ag=0.3773  val_P@5_ab=0.9000  val_P@5_ag=0.8500  select=0.5640
Ep050  LR0=6.57e-05  pw=1.05  aucα=0.300  token_p=0.020  dropE=(0.020,0.080)  smooth=0.010  train_loss=0.1513  train_AUPR_all=0.8374  train_AUPR_ab=0.8780  train_AUPR_ag=0.7777  train_P@5_ab=1.0000  train_P@5_ag=1.0000  val_loss=0.3122  val_AUPR_all=0.5938  val_AUPR_ab=0.7534  val_AUPR_ag=0.3730  val_P@5_ab=0.9000  val_P@5_ag=0.8000  select=0.5632
Ep051  LR0=6.21e-05  pw=1.05  aucα=0.300  token_p=0.020  dropE=(0.020,0.080)  smooth=0.010  train_loss=0.1452  train_AUPR_all=0.8482  train_AUPR_ab=0.8882  train_AUPR_ag=0.7887  train_P@5_ab=1.0000  train_P@5_ag=1.0000  val_loss=0.3173  val_AUPR_all=0.5868  val_AUPR_ab=0.7525  val_AUPR_ag=0.3607  val_P@5_ab=1.0000  val_P@5_ag=0.6000  select=0.5566
Ep052  LR0=5.85e-05  pw=1.04  aucα=0.300  token_p=0.020  dropE=(0.020,0.080)  smooth=0.010  train_loss=0.1454  train_AUPR_all=0.8466  train_AUPR_ab=0.8847  train_AUPR_ag=0.7909  train_P@5_ab=1.0000  train_P@5_ag=1.0000  val_loss=0.3151  val_AUPR_all=0.5883  val_AUPR_ab=0.7474  val_AUPR_ag=0.3817  val_P@5_ab=0.9500  val_P@5_ag=0.9000  select=0.5645
Ep053  LR0=5.50e-05  pw=1.04  aucα=0.300  token_p=0.020  dropE=(0.020,0.080)  smooth=0.010  train_loss=0.1396  train_AUPR_all=0.8563  train_AUPR_ab=0.8921  train_AUPR_ag=0.8031  train_P@5_ab=1.0000  train_P@5_ag=1.0000  val_loss=0.3176  val_AUPR_all=0.5949  val_AUPR_ab=0.7504  val_AUPR_ag=0.3874  val_P@5_ab=0.9000  val_P@5_ag=0.6500  select=0.5689
Ep054  LR0=5.15e-05  pw=1.03  aucα=0.300  token_p=0.020  dropE=(0.020,0.080)  smooth=0.010  train_loss=0.1378  train_AUPR_all=0.8584  train_AUPR_ab=0.8952  train_AUPR_ag=0.8035  train_P@5_ab=1.0000  train_P@5_ag=1.0000  val_loss=0.3124  val_AUPR_all=0.5908  val_AUPR_ab=0.7538  val_AUPR_ag=0.3791  val_P@5_ab=0.8500  val_P@5_ag=0.6000  select=0.5665
Ep055  LR0=4.81e-05  pw=1.03  aucα=0.300  token_p=0.020  dropE=(0.020,0.080)  smooth=0.010  train_loss=0.1384  train_AUPR_all=0.8577  train_AUPR_ab=0.8944  train_AUPR_ag=0.8036  train_P@5_ab=1.0000  train_P@5_ag=1.0000  val_loss=0.3196  val_AUPR_all=0.5964  val_AUPR_ab=0.7572  val_AUPR_ag=0.3723  val_P@5_ab=0.9500  val_P@5_ag=0.6500  select=0.5648
Ep056  LR0=4.48e-05  pw=1.03  aucα=0.300  token_p=0.020  dropE=(0.020,0.080)  smooth=0.010  train_loss=0.1365  train_AUPR_all=0.8602  train_AUPR_ab=0.8958  train_AUPR_ag=0.8075  train_P@5_ab=1.0000  train_P@5_ag=1.0000  val_loss=0.3215  val_AUPR_all=0.5964  val_AUPR_ab=0.7488  val_AUPR_ag=0.3901  val_P@5_ab=0.9500  val_P@5_ag=0.7000  select=0.5695
Ep057  LR0=4.16e-05  pw=1.03  aucα=0.300  token_p=0.020  dropE=(0.020,0.080)  smooth=0.010  train_loss=0.1338  train_AUPR_all=0.8654  train_AUPR_ab=0.9001  train_AUPR_ag=0.8139  train_P@5_ab=1.0000  train_P@5_ag=1.0000  val_loss=0.3158  val_AUPR_all=0.5991  val_AUPR_ab=0.7519  val_AUPR_ag=0.3852  val_P@5_ab=0.8500  val_P@5_ag=0.8000  select=0.5686
Ep058  LR0=3.85e-05  pw=1.02  aucα=0.300  token_p=0.020  dropE=(0.020,0.080)  smooth=0.010  train_loss=0.1301  train_AUPR_all=0.8715  train_AUPR_ab=0.9056  train_AUPR_ag=0.8209  train_P@5_ab=1.0000  train_P@5_ag=1.0000  val_loss=0.3235  val_AUPR_all=0.5840  val_AUPR_ab=0.7476  val_AUPR_ag=0.3643  val_P@5_ab=0.7500  val_P@5_ag=0.4500  select=0.5559
Ep059  LR0=3.55e-05  pw=1.02  aucα=0.300  token_p=0.020  dropE=(0.020,0.080)  smooth=0.010  train_loss=0.1274  train_AUPR_all=0.8758  train_AUPR_ab=0.9085  train_AUPR_ag=0.8267  train_P@5_ab=1.0000  train_P@5_ag=1.0000  val_loss=0.3211  val_AUPR_all=0.5906  val_AUPR_ab=0.7463  val_AUPR_ag=0.3752  val_P@5_ab=0.8500  val_P@5_ag=0.5000  select=0.5607
Ep060  LR0=3.25e-05  pw=1.02  aucα=0.300  token_p=0.020  dropE=(0.020,0.080)  smooth=0.010  train_loss=0.1241  train_AUPR_all=0.8821  train_AUPR_ab=0.9147  train_AUPR_ag=0.8329  train_P@5_ab=1.0000  train_P@5_ag=1.0000  val_loss=0.3204  val_AUPR_all=0.5958  val_AUPR_ab=0.7527  val_AUPR_ag=0.3738  val_P@5_ab=0.8500  val_P@5_ag=0.5000  select=0.5633
Ep061  LR0=2.97e-05  pw=1.02  aucα=0.300  token_p=0.020  dropE=(0.020,0.080)  smooth=0.010  train_loss=0.1238  train_AUPR_all=0.8829  train_AUPR_ab=0.9146  train_AUPR_ag=0.8349  train_P@5_ab=1.0000  train_P@5_ag=1.0000  val_loss=0.3178  val_AUPR_all=0.6028  val_AUPR_ab=0.7559  val_AUPR_ag=0.3901  val_P@5_ab=0.8500  val_P@5_ag=0.5500  select=0.5730
Early stopping at epoch 61. Best select=0.5784 at epoch 41.
Final saved checkpoint for fold 4: checkpoints_post/iPara_balanced_l1_g7_i5_do0.10_dpr0.10_lr0.0002_heads16_fold4.pth
Best select=0.5784 at epoch 41

==========================================================================================
Fold 5/5
==========================================================================================
Train labels: valid=399660, pos=26617, neg=373043, ignore=699540, pos_frac=0.06660
Val labels: valid=100532, pos=6613, neg=93919, ignore=173068, pos_frac=0.06578
Initializing ClassificationModel with 7 GAT layers and residual connections...
Initializing MCModel with 7 GAT layers and 5 row attention layers (drop_path_rate=0.1)
Initializing CoreModel with 1 layers, drop_path_rate=0.1
Ep001  LR0=2.00e-04  pw=8.00  aucα=0.000  token_p=0.020  dropE=(0.020,0.080)  smooth=0.010  train_loss=0.7787  train_AUPR_all=0.2158  train_AUPR_ab=0.2422  train_AUPR_ag=0.1797  train_P@5_ab=0.8000  train_P@5_ag=0.9500  val_loss=0.9115  val_AUPR_all=0.3613  val_AUPR_ab=0.4933  val_AUPR_ag=0.1661  val_P@5_ab=0.8500  val_P@5_ag=0.5000  select=0.3297
  Saved checkpoint: checkpoints_post/iPara_balanced_l1_g7_i5_do0.10_dpr0.10_lr0.0002_heads16_fold5.pth  select=0.3297  val_ab=0.4933  val_ag=0.1661  val_all=0.3613
Ep002  LR0=2.00e-04  pw=7.33  aucα=0.000  token_p=0.020  dropE=(0.020,0.080)  smooth=0.010  train_loss=0.5493  train_AUPR_all=0.3875  train_AUPR_ab=0.4732  train_AUPR_ag=0.2539  train_P@5_ab=0.5500  train_P@5_ag=0.6500  val_loss=0.8403  val_AUPR_all=0.3697  val_AUPR_ab=0.5314  val_AUPR_ag=0.1758  val_P@5_ab=0.9000  val_P@5_ag=0.9500  select=0.3536
  Saved checkpoint: checkpoints_post/iPara_balanced_l1_g7_i5_do0.10_dpr0.10_lr0.0002_heads16_fold5.pth  select=0.3536  val_ab=0.5314  val_ag=0.1758  val_all=0.3697
Ep003  LR0=2.00e-04  pw=6.73  aucα=0.000  token_p=0.020  dropE=(0.020,0.080)  smooth=0.010  train_loss=0.5011  train_AUPR_all=0.4211  train_AUPR_ab=0.5106  train_AUPR_ag=0.2749  train_P@5_ab=0.8000  train_P@5_ag=0.9500  val_loss=0.9145  val_AUPR_all=0.4444  val_AUPR_ab=0.6014  val_AUPR_ag=0.1921  val_P@5_ab=0.9500  val_P@5_ag=0.4500  select=0.3968
  Saved checkpoint: checkpoints_post/iPara_balanced_l1_g7_i5_do0.10_dpr0.10_lr0.0002_heads16_fold5.pth  select=0.3968  val_ab=0.6014  val_ag=0.1921  val_all=0.4444
Ep004  LR0=1.99e-04  pw=6.19  aucα=0.000  token_p=0.020  dropE=(0.020,0.080)  smooth=0.010  train_loss=0.4551  train_AUPR_all=0.4462  train_AUPR_ab=0.5370  train_AUPR_ag=0.2952  train_P@5_ab=0.7000  train_P@5_ag=0.8000  val_loss=0.8142  val_AUPR_all=0.4486  val_AUPR_ab=0.5921  val_AUPR_ag=0.2329  val_P@5_ab=0.8500  val_P@5_ag=0.9500  select=0.4125
  Saved checkpoint: checkpoints_post/iPara_balanced_l1_g7_i5_do0.10_dpr0.10_lr0.0002_heads16_fold5.pth  select=0.4125  val_ab=0.5921  val_ag=0.2329  val_all=0.4486
Ep005  LR0=1.99e-04  pw=5.69  aucα=0.000  token_p=0.020  dropE=(0.020,0.080)  smooth=0.010  train_loss=0.4264  train_AUPR_all=0.4728  train_AUPR_ab=0.5604  train_AUPR_ag=0.3231  train_P@5_ab=0.7000  train_P@5_ag=1.0000  val_loss=0.6783  val_AUPR_all=0.4840  val_AUPR_ab=0.6126  val_AUPR_ag=0.2892  val_P@5_ab=0.8000  val_P@5_ag=0.9500  select=0.4509
  Saved checkpoint: checkpoints_post/iPara_balanced_l1_g7_i5_do0.10_dpr0.10_lr0.0002_heads16_fold5.pth  select=0.4509  val_ab=0.6126  val_ag=0.2892  val_all=0.4840
Ep006  LR0=1.98e-04  pw=5.25  aucα=0.000  token_p=0.020  dropE=(0.020,0.080)  smooth=0.010  train_loss=0.4010  train_AUPR_all=0.4892  train_AUPR_ab=0.5808  train_AUPR_ag=0.3327  train_P@5_ab=0.6500  train_P@5_ag=0.9500  val_loss=0.5683  val_AUPR_all=0.5184  val_AUPR_ab=0.6590  val_AUPR_ag=0.2790  val_P@5_ab=0.8500  val_P@5_ag=0.9500  select=0.4690
  Saved checkpoint: checkpoints_post/iPara_balanced_l1_g7_i5_do0.10_dpr0.10_lr0.0002_heads16_fold5.pth  select=0.4690  val_ab=0.6590  val_ag=0.2790  val_all=0.5184
Ep007  LR0=1.97e-04  pw=4.84  aucα=0.000  token_p=0.020  dropE=(0.020,0.080)  smooth=0.010  train_loss=0.3802  train_AUPR_all=0.5024  train_AUPR_ab=0.5938  train_AUPR_ag=0.3438  train_P@5_ab=0.7500  train_P@5_ag=1.0000  val_loss=0.5639  val_AUPR_all=0.5112  val_AUPR_ab=0.6392  val_AUPR_ag=0.2957  val_P@5_ab=0.9000  val_P@5_ag=1.0000  select=0.4675
Ep008  LR0=1.96e-04  pw=4.48  aucα=0.000  token_p=0.020  dropE=(0.020,0.080)  smooth=0.010  train_loss=0.3596  train_AUPR_all=0.5140  train_AUPR_ab=0.6100  train_AUPR_ag=0.3462  train_P@5_ab=0.9000  train_P@5_ag=1.0000  val_loss=0.5376  val_AUPR_all=0.5180  val_AUPR_ab=0.6778  val_AUPR_ag=0.2846  val_P@5_ab=0.9500  val_P@5_ag=0.9000  select=0.4812
  Saved checkpoint: checkpoints_post/iPara_balanced_l1_g7_i5_do0.10_dpr0.10_lr0.0002_heads16_fold5.pth  select=0.4812  val_ab=0.6778  val_ag=0.2846  val_all=0.5180
Ep009  LR0=1.95e-04  pw=4.15  aucα=0.000  token_p=0.020  dropE=(0.020,0.080)  smooth=0.010  train_loss=0.3394  train_AUPR_all=0.5194  train_AUPR_ab=0.6140  train_AUPR_ag=0.3542  train_P@5_ab=0.7500  train_P@5_ag=0.9000  val_loss=0.5111  val_AUPR_all=0.5015  val_AUPR_ab=0.6897  val_AUPR_ag=0.2509  val_P@5_ab=0.8500  val_P@5_ag=0.6000  select=0.4703
Ep010  LR0=1.94e-04  pw=3.85  aucα=0.030  token_p=0.020  dropE=(0.020,0.080)  smooth=0.010  train_loss=0.3364  train_AUPR_all=0.5364  train_AUPR_ab=0.6391  train_AUPR_ag=0.3678  train_P@5_ab=0.9000  train_P@5_ag=0.8000  val_loss=0.4840  val_AUPR_all=0.5492  val_AUPR_ab=0.6984  val_AUPR_ag=0.3011  val_P@5_ab=1.0000  val_P@5_ag=1.0000  select=0.4997
  Saved checkpoint: checkpoints_post/iPara_balanced_l1_g7_i5_do0.10_dpr0.10_lr0.0002_heads16_fold5.pth  select=0.4997  val_ab=0.6984  val_ag=0.3011  val_all=0.5492
Unfreezing DyM parameters.
Ep011  LR0=1.92e-04  pw=3.58  aucα=0.060  token_p=0.020  dropE=(0.020,0.080)  smooth=0.010  train_loss=0.3338  train_AUPR_all=0.5459  train_AUPR_ab=0.6464  train_AUPR_ag=0.3773  train_P@5_ab=0.9000  train_P@5_ag=0.9500  val_loss=0.4531  val_AUPR_all=0.5635  val_AUPR_ab=0.7109  val_AUPR_ag=0.3220  val_P@5_ab=0.9500  val_P@5_ag=1.0000  select=0.5164
  Saved checkpoint: checkpoints_post/iPara_balanced_l1_g7_i5_do0.10_dpr0.10_lr0.0002_heads16_fold5.pth  select=0.5164  val_ab=0.7109  val_ag=0.3220  val_all=0.5635
Ep012  LR0=1.91e-04  pw=3.33  aucα=0.090  token_p=0.020  dropE=(0.020,0.080)  smooth=0.010  train_loss=0.3347  train_AUPR_all=0.5518  train_AUPR_ab=0.6607  train_AUPR_ag=0.3736  train_P@5_ab=0.7500  train_P@5_ag=0.9000  val_loss=0.4674  val_AUPR_all=0.5552  val_AUPR_ab=0.6984  val_AUPR_ag=0.3119  val_P@5_ab=1.0000  val_P@5_ag=0.8500  select=0.5051
Ep013  LR0=1.89e-04  pw=3.11  aucα=0.120  token_p=0.020  dropE=(0.020,0.080)  smooth=0.010  train_loss=0.3347  train_AUPR_all=0.5627  train_AUPR_ab=0.6710  train_AUPR_ag=0.3834  train_P@5_ab=0.8000  train_P@5_ag=1.0000  val_loss=0.4518  val_AUPR_all=0.5525  val_AUPR_ab=0.6968  val_AUPR_ag=0.3221  val_P@5_ab=1.0000  val_P@5_ag=1.0000  select=0.5095
Ep014  LR0=1.87e-04  pw=2.91  aucα=0.150  token_p=0.020  dropE=(0.020,0.080)  smooth=0.010  train_loss=0.3342  train_AUPR_all=0.5717  train_AUPR_ab=0.6825  train_AUPR_ag=0.3932  train_P@5_ab=0.8000  train_P@5_ag=0.9500  val_loss=0.4263  val_AUPR_all=0.5480  val_AUPR_ab=0.6871  val_AUPR_ag=0.3312  val_P@5_ab=0.9500  val_P@5_ag=1.0000  select=0.5092
Ep015  LR0=1.85e-04  pw=2.73  aucα=0.180  token_p=0.020  dropE=(0.020,0.080)  smooth=0.010  train_loss=0.3349  train_AUPR_all=0.5772  train_AUPR_ab=0.6824  train_AUPR_ag=0.4099  train_P@5_ab=1.0000  train_P@5_ag=0.9000  val_loss=0.4289  val_AUPR_all=0.5226  val_AUPR_ab=0.6682  val_AUPR_ag=0.3091  val_P@5_ab=0.8500  val_P@5_ag=1.0000  select=0.4886
Ep016  LR0=1.83e-04  pw=2.56  aucα=0.210  token_p=0.020  dropE=(0.020,0.080)  smooth=0.010  train_loss=0.3374  train_AUPR_all=0.5857  train_AUPR_ab=0.6964  train_AUPR_ag=0.4123  train_P@5_ab=1.0000  train_P@5_ag=0.8000  val_loss=0.4169  val_AUPR_all=0.5438  val_AUPR_ab=0.7010  val_AUPR_ag=0.2846  val_P@5_ab=1.0000  val_P@5_ag=0.8000  select=0.4928
Ep017  LR0=1.81e-04  pw=2.41  aucα=0.240  token_p=0.020  dropE=(0.020,0.080)  smooth=0.010  train_loss=0.3407  train_AUPR_all=0.5896  train_AUPR_ab=0.6981  train_AUPR_ag=0.4195  train_P@5_ab=0.9500  train_P@5_ag=0.9500  val_loss=0.4447  val_AUPR_all=0.5374  val_AUPR_ab=0.6916  val_AUPR_ag=0.2857  val_P@5_ab=0.9500  val_P@5_ag=0.9500  select=0.4887
Ep018  LR0=1.79e-04  pw=2.28  aucα=0.270  token_p=0.020  dropE=(0.020,0.080)  smooth=0.010  train_loss=0.3425  train_AUPR_all=0.5992  train_AUPR_ab=0.7060  train_AUPR_ag=0.4299  train_P@5_ab=0.9500  train_P@5_ag=0.9500  val_loss=0.3743  val_AUPR_all=0.5816  val_AUPR_ab=0.7285  val_AUPR_ag=0.3442  val_P@5_ab=0.9500  val_P@5_ag=0.9500  select=0.5363
  Saved checkpoint: checkpoints_post/iPara_balanced_l1_g7_i5_do0.10_dpr0.10_lr0.0002_heads16_fold5.pth  select=0.5363  val_ab=0.7285  val_ag=0.3442  val_all=0.5816
Ep019  LR0=1.76e-04  pw=2.16  aucα=0.300  token_p=0.020  dropE=(0.020,0.080)  smooth=0.010  train_loss=0.3429  train_AUPR_all=0.6091  train_AUPR_ab=0.7169  train_AUPR_ag=0.4421  train_P@5_ab=1.0000  train_P@5_ag=0.9500  val_loss=0.3689  val_AUPR_all=0.5734  val_AUPR_ab=0.7260  val_AUPR_ag=0.3549  val_P@5_ab=1.0000  val_P@5_ag=0.9000  select=0.5404
  Saved checkpoint: checkpoints_post/iPara_balanced_l1_g7_i5_do0.10_dpr0.10_lr0.0002_heads16_fold5.pth  select=0.5404  val_ab=0.7260  val_ag=0.3549  val_all=0.5734
Ep020  LR0=1.73e-04  pw=2.05  aucα=0.300  token_p=0.020  dropE=(0.020,0.080)  smooth=0.010  train_loss=0.3310  train_AUPR_all=0.6185  train_AUPR_ab=0.7209  train_AUPR_ag=0.4606  train_P@5_ab=0.9500  train_P@5_ag=0.9500  val_loss=0.3859  val_AUPR_all=0.5580  val_AUPR_ab=0.7134  val_AUPR_ag=0.3284  val_P@5_ab=1.0000  val_P@5_ag=0.9500  select=0.5209
Ep021  LR0=1.71e-04  pw=1.95  aucα=0.300  token_p=0.020  dropE=(0.020,0.080)  smooth=0.010  train_loss=0.3168  train_AUPR_all=0.6322  train_AUPR_ab=0.7321  train_AUPR_ag=0.4801  train_P@5_ab=1.0000  train_P@5_ag=1.0000  val_loss=0.3486  val_AUPR_all=0.5912  val_AUPR_ab=0.7347  val_AUPR_ag=0.3690  val_P@5_ab=1.0000  val_P@5_ag=1.0000  select=0.5519
  Saved checkpoint: checkpoints_post/iPara_balanced_l1_g7_i5_do0.10_dpr0.10_lr0.0002_heads16_fold5.pth  select=0.5519  val_ab=0.7347  val_ag=0.3690  val_all=0.5912
Ep022  LR0=1.68e-04  pw=1.86  aucα=0.300  token_p=0.020  dropE=(0.020,0.080)  smooth=0.010  train_loss=0.3111  train_AUPR_all=0.6353  train_AUPR_ab=0.7362  train_AUPR_ag=0.4815  train_P@5_ab=0.9500  train_P@5_ag=1.0000  val_loss=0.3538  val_AUPR_all=0.5717  val_AUPR_ab=0.7185  val_AUPR_ag=0.3426  val_P@5_ab=1.0000  val_P@5_ag=0.9500  select=0.5306
Ep023  LR0=1.65e-04  pw=1.78  aucα=0.300  token_p=0.020  dropE=(0.020,0.080)  smooth=0.010  train_loss=0.2980  train_AUPR_all=0.6485  train_AUPR_ab=0.7470  train_AUPR_ag=0.4980  train_P@5_ab=1.0000  train_P@5_ag=1.0000  val_loss=0.3501  val_AUPR_all=0.5785  val_AUPR_ab=0.7238  val_AUPR_ag=0.3434  val_P@5_ab=1.0000  val_P@5_ag=1.0000  select=0.5336
Ep024  LR0=1.62e-04  pw=1.70  aucα=0.300  token_p=0.020  dropE=(0.020,0.080)  smooth=0.010  train_loss=0.2925  train_AUPR_all=0.6491  train_AUPR_ab=0.7450  train_AUPR_ag=0.5044  train_P@5_ab=1.0000  train_P@5_ag=0.9500  val_loss=0.3443  val_AUPR_all=0.5736  val_AUPR_ab=0.7312  val_AUPR_ag=0.3582  val_P@5_ab=0.9500  val_P@5_ag=0.9500  select=0.5447
Ep025  LR0=1.59e-04  pw=1.64  aucα=0.300  token_p=0.020  dropE=(0.020,0.080)  smooth=0.010  train_loss=0.2835  train_AUPR_all=0.6578  train_AUPR_ab=0.7458  train_AUPR_ag=0.5257  train_P@5_ab=1.0000  train_P@5_ag=1.0000  val_loss=0.3323  val_AUPR_all=0.5923  val_AUPR_ab=0.7433  val_AUPR_ag=0.3716  val_P@5_ab=1.0000  val_P@5_ag=0.9500  select=0.5575
  Saved checkpoint: checkpoints_post/iPara_balanced_l1_g7_i5_do0.10_dpr0.10_lr0.0002_heads16_fold5.pth  select=0.5575  val_ab=0.7433  val_ag=0.3716  val_all=0.5923
Ep026  LR0=1.56e-04  pw=1.57  aucα=0.300  token_p=0.020  dropE=(0.020,0.080)  smooth=0.010  train_loss=0.2734  train_AUPR_all=0.6712  train_AUPR_ab=0.7599  train_AUPR_ag=0.5379  train_P@5_ab=1.0000  train_P@5_ag=1.0000  val_loss=0.3171  val_AUPR_all=0.6128  val_AUPR_ab=0.7547  val_AUPR_ag=0.3921  val_P@5_ab=1.0000  val_P@5_ag=0.9500  select=0.5734
  Saved checkpoint: checkpoints_post/iPara_balanced_l1_g7_i5_do0.10_dpr0.10_lr0.0002_heads16_fold5.pth  select=0.5734  val_ab=0.7547  val_ag=0.3921  val_all=0.6128
Ep027  LR0=1.52e-04  pw=1.52  aucα=0.300  token_p=0.020  dropE=(0.020,0.080)  smooth=0.010  train_loss=0.2625  train_AUPR_all=0.6832  train_AUPR_ab=0.7667  train_AUPR_ag=0.5591  train_P@5_ab=0.9500  train_P@5_ag=0.9500  val_loss=0.3389  val_AUPR_all=0.5774  val_AUPR_ab=0.7346  val_AUPR_ag=0.3418  val_P@5_ab=1.0000  val_P@5_ag=0.9500  select=0.5382
Ep028  LR0=1.49e-04  pw=1.47  aucα=0.300  token_p=0.020  dropE=(0.020,0.080)  smooth=0.010  train_loss=0.2548  train_AUPR_all=0.6928  train_AUPR_ab=0.7761  train_AUPR_ag=0.5684  train_P@5_ab=1.0000  train_P@5_ag=1.0000  val_loss=0.3533  val_AUPR_all=0.5595  val_AUPR_ab=0.7413  val_AUPR_ag=0.3094  val_P@5_ab=0.9500  val_P@5_ag=1.0000  select=0.5254
Ep029  LR0=1.46e-04  pw=1.43  aucα=0.300  token_p=0.020  dropE=(0.020,0.080)  smooth=0.010  train_loss=0.2501  train_AUPR_all=0.6959  train_AUPR_ab=0.7776  train_AUPR_ag=0.5747  train_P@5_ab=1.0000  train_P@5_ag=1.0000  val_loss=0.3288  val_AUPR_all=0.5860  val_AUPR_ab=0.7430  val_AUPR_ag=0.3548  val_P@5_ab=0.9000  val_P@5_ag=0.9500  select=0.5489
Ep030  LR0=1.42e-04  pw=1.39  aucα=0.300  token_p=0.020  dropE=(0.020,0.080)  smooth=0.010  train_loss=0.2393  train_AUPR_all=0.7124  train_AUPR_ab=0.7903  train_AUPR_ag=0.5977  train_P@5_ab=1.0000  train_P@5_ag=1.0000  val_loss=0.3292  val_AUPR_all=0.5823  val_AUPR_ab=0.7442  val_AUPR_ag=0.3459  val_P@5_ab=0.9500  val_P@5_ag=0.9500  select=0.5451
Ep031  LR0=1.38e-04  pw=1.35  aucα=0.300  token_p=0.020  dropE=(0.020,0.080)  smooth=0.010  train_loss=0.2330  train_AUPR_all=0.7188  train_AUPR_ab=0.7937  train_AUPR_ag=0.6074  train_P@5_ab=1.0000  train_P@5_ag=1.0000  val_loss=0.3352  val_AUPR_all=0.5765  val_AUPR_ab=0.7282  val_AUPR_ag=0.3697  val_P@5_ab=1.0000  val_P@5_ag=0.9000  select=0.5490
Ep032  LR0=1.35e-04  pw=1.32  aucα=0.300  token_p=0.020  dropE=(0.020,0.080)  smooth=0.010  train_loss=0.2268  train_AUPR_all=0.7251  train_AUPR_ab=0.7976  train_AUPR_ag=0.6174  train_P@5_ab=0.9500  train_P@5_ag=1.0000  val_loss=0.3065  val_AUPR_all=0.6096  val_AUPR_ab=0.7515  val_AUPR_ag=0.4141  val_P@5_ab=0.9500  val_P@5_ag=1.0000  select=0.5828
  Saved checkpoint: checkpoints_post/iPara_balanced_l1_g7_i5_do0.10_dpr0.10_lr0.0002_heads16_fold5.pth  select=0.5828  val_ab=0.7515  val_ag=0.4141  val_all=0.6096
Ep033  LR0=1.31e-04  pw=1.29  aucα=0.300  token_p=0.020  dropE=(0.020,0.080)  smooth=0.010  train_loss=0.2216  train_AUPR_all=0.7314  train_AUPR_ab=0.7987  train_AUPR_ag=0.6334  train_P@5_ab=1.0000  train_P@5_ag=1.0000  val_loss=0.3204  val_AUPR_all=0.5846  val_AUPR_ab=0.7387  val_AUPR_ag=0.3603  val_P@5_ab=0.9500  val_P@5_ag=0.9500  select=0.5495
Ep034  LR0=1.27e-04  pw=1.26  aucα=0.300  token_p=0.020  dropE=(0.020,0.080)  smooth=0.010  train_loss=0.2165  train_AUPR_all=0.7388  train_AUPR_ab=0.8066  train_AUPR_ag=0.6390  train_P@5_ab=1.0000  train_P@5_ag=1.0000  val_loss=0.3237  val_AUPR_all=0.5869  val_AUPR_ab=0.7331  val_AUPR_ag=0.3732  val_P@5_ab=0.9500  val_P@5_ag=1.0000  select=0.5532
Ep035  LR0=1.24e-04  pw=1.23  aucα=0.300  token_p=0.020  dropE=(0.020,0.080)  smooth=0.010  train_loss=0.2098  train_AUPR_all=0.7485  train_AUPR_ab=0.8142  train_AUPR_ag=0.6514  train_P@5_ab=1.0000  train_P@5_ag=1.0000  val_loss=0.3189  val_AUPR_all=0.5839  val_AUPR_ab=0.7361  val_AUPR_ag=0.3731  val_P@5_ab=0.9500  val_P@5_ag=1.0000  select=0.5546
Ep036  LR0=1.20e-04  pw=1.21  aucα=0.300  token_p=0.020  dropE=(0.020,0.080)  smooth=0.010  train_loss=0.1991  train_AUPR_all=0.7640  train_AUPR_ab=0.8239  train_AUPR_ag=0.6762  train_P@5_ab=1.0000  train_P@5_ag=1.0000  val_loss=0.3235  val_AUPR_all=0.5838  val_AUPR_ab=0.7461  val_AUPR_ag=0.3769  val_P@5_ab=0.9000  val_P@5_ag=1.0000  select=0.5615
Ep037  LR0=1.16e-04  pw=1.19  aucα=0.300  token_p=0.020  dropE=(0.020,0.080)  smooth=0.010  train_loss=0.1952  train_AUPR_all=0.7706  train_AUPR_ab=0.8254  train_AUPR_ag=0.6916  train_P@5_ab=1.0000  train_P@5_ag=1.0000  val_loss=0.3156  val_AUPR_all=0.5879  val_AUPR_ab=0.7422  val_AUPR_ag=0.3725  val_P@5_ab=0.8000  val_P@5_ag=1.0000  select=0.5574
Ep038  LR0=1.12e-04  pw=1.17  aucα=0.300  token_p=0.020  dropE=(0.020,0.080)  smooth=0.010  train_loss=0.1948  train_AUPR_all=0.7705  train_AUPR_ab=0.8268  train_AUPR_ag=0.6888  train_P@5_ab=1.0000  train_P@5_ag=1.0000  val_loss=0.3311  val_AUPR_all=0.5728  val_AUPR_ab=0.7421  val_AUPR_ag=0.3511  val_P@5_ab=0.9000  val_P@5_ag=1.0000  select=0.5466
Ep039  LR0=1.08e-04  pw=1.16  aucα=0.300  token_p=0.020  dropE=(0.020,0.080)  smooth=0.010  train_loss=0.1814  train_AUPR_all=0.7904  train_AUPR_ab=0.8427  train_AUPR_ag=0.7145  train_P@5_ab=1.0000  train_P@5_ag=1.0000  val_loss=0.3340  val_AUPR_all=0.5709  val_AUPR_ab=0.7361  val_AUPR_ag=0.3546  val_P@5_ab=0.9000  val_P@5_ag=1.0000  select=0.5453
Ep040  LR0=1.04e-04  pw=1.14  aucα=0.300  token_p=0.020  dropE=(0.020,0.080)  smooth=0.010  train_loss=0.1793  train_AUPR_all=0.7935  train_AUPR_ab=0.8436  train_AUPR_ag=0.7209  train_P@5_ab=1.0000  train_P@5_ag=1.0000  val_loss=0.3361  val_AUPR_all=0.5723  val_AUPR_ab=0.7446  val_AUPR_ag=0.3431  val_P@5_ab=0.9500  val_P@5_ag=0.9000  select=0.5439
Ep041  LR0=1.00e-04  pw=1.13  aucα=0.300  token_p=0.020  dropE=(0.020,0.080)  smooth=0.010  train_loss=0.1764  train_AUPR_all=0.7986  train_AUPR_ab=0.8473  train_AUPR_ag=0.7283  train_P@5_ab=1.0000  train_P@5_ag=1.0000  val_loss=0.3114  val_AUPR_all=0.5984  val_AUPR_ab=0.7507  val_AUPR_ag=0.3888  val_P@5_ab=0.9500  val_P@5_ag=1.0000  select=0.5697
Ep042  LR0=9.63e-05  pw=1.12  aucα=0.300  token_p=0.020  dropE=(0.020,0.080)  smooth=0.010  train_loss=0.1714  train_AUPR_all=0.8049  train_AUPR_ab=0.8536  train_AUPR_ag=0.7332  train_P@5_ab=1.0000  train_P@5_ag=1.0000  val_loss=0.3322  val_AUPR_all=0.5736  val_AUPR_ab=0.7440  val_AUPR_ag=0.3524  val_P@5_ab=0.9500  val_P@5_ag=1.0000  select=0.5482
Ep043  LR0=9.24e-05  pw=1.10  aucα=0.300  token_p=0.020  dropE=(0.020,0.080)  smooth=0.010  train_loss=0.1669  train_AUPR_all=0.8134  train_AUPR_ab=0.8573  train_AUPR_ag=0.7497  train_P@5_ab=0.9500  train_P@5_ag=1.0000  val_loss=0.3359  val_AUPR_all=0.5696  val_AUPR_ab=0.7410  val_AUPR_ag=0.3410  val_P@5_ab=0.8000  val_P@5_ag=0.9500  select=0.5410
Ep044  LR0=8.85e-05  pw=1.09  aucα=0.300  token_p=0.020  dropE=(0.020,0.080)  smooth=0.010  train_loss=0.1616  train_AUPR_all=0.8210  train_AUPR_ab=0.8636  train_AUPR_ag=0.7590  train_P@5_ab=1.0000  train_P@5_ag=1.0000  val_loss=0.3272  val_AUPR_all=0.5856  val_AUPR_ab=0.7447  val_AUPR_ag=0.3723  val_P@5_ab=0.9000  val_P@5_ag=1.0000  select=0.5585
Ep045  LR0=8.46e-05  pw=1.09  aucα=0.300  token_p=0.020  dropE=(0.020,0.080)  smooth=0.010  train_loss=0.1595  train_AUPR_all=0.8250  train_AUPR_ab=0.8696  train_AUPR_ag=0.7600  train_P@5_ab=1.0000  train_P@5_ag=1.0000  val_loss=0.3338  val_AUPR_all=0.5814  val_AUPR_ab=0.7483  val_AUPR_ag=0.3688  val_P@5_ab=1.0000  val_P@5_ag=0.9500  select=0.5586
Ep046  LR0=8.08e-05  pw=1.08  aucα=0.300  token_p=0.020  dropE=(0.020,0.080)  smooth=0.010  train_loss=0.1527  train_AUPR_all=0.8363  train_AUPR_ab=0.8771  train_AUPR_ag=0.7761  train_P@5_ab=1.0000  train_P@5_ag=1.0000  val_loss=0.3328  val_AUPR_all=0.5764  val_AUPR_ab=0.7438  val_AUPR_ag=0.3559  val_P@5_ab=0.9500  val_P@5_ag=0.9500  select=0.5498
Ep047  LR0=7.70e-05  pw=1.07  aucα=0.300  token_p=0.020  dropE=(0.020,0.080)  smooth=0.010  train_loss=0.1522  train_AUPR_all=0.8358  train_AUPR_ab=0.8771  train_AUPR_ag=0.7751  train_P@5_ab=1.0000  train_P@5_ag=1.0000  val_loss=0.3256  val_AUPR_all=0.5884  val_AUPR_ab=0.7420  val_AUPR_ag=0.3770  val_P@5_ab=0.9500  val_P@5_ag=1.0000  select=0.5595
Ep048  LR0=7.32e-05  pw=1.06  aucα=0.300  token_p=0.020  dropE=(0.020,0.080)  smooth=0.010  train_loss=0.1502  train_AUPR_all=0.8401  train_AUPR_ab=0.8813  train_AUPR_ag=0.7796  train_P@5_ab=1.0000  train_P@5_ag=1.0000  val_loss=0.3347  val_AUPR_all=0.5769  val_AUPR_ab=0.7397  val_AUPR_ag=0.3556  val_P@5_ab=0.9000  val_P@5_ag=1.0000  select=0.5476
Ep049  LR0=6.94e-05  pw=1.06  aucα=0.300  token_p=0.020  dropE=(0.020,0.080)  smooth=0.010  train_loss=0.1452  train_AUPR_all=0.8480  train_AUPR_ab=0.8866  train_AUPR_ag=0.7917  train_P@5_ab=1.0000  train_P@5_ag=0.9500  val_loss=0.3319  val_AUPR_all=0.5761  val_AUPR_ab=0.7333  val_AUPR_ag=0.3716  val_P@5_ab=0.8500  val_P@5_ag=1.0000  select=0.5525
Ep050  LR0=6.57e-05  pw=1.05  aucα=0.300  token_p=0.020  dropE=(0.020,0.080)  smooth=0.010  train_loss=0.1431  train_AUPR_all=0.8509  train_AUPR_ab=0.8873  train_AUPR_ag=0.7977  train_P@5_ab=0.9500  train_P@5_ag=1.0000  val_loss=0.3452  val_AUPR_all=0.5641  val_AUPR_ab=0.7409  val_AUPR_ag=0.3412  val_P@5_ab=0.9500  val_P@5_ag=0.9000  select=0.5411
Ep051  LR0=6.21e-05  pw=1.05  aucα=0.300  token_p=0.020  dropE=(0.020,0.080)  smooth=0.010  train_loss=0.1382  train_AUPR_all=0.8588  train_AUPR_ab=0.8940  train_AUPR_ag=0.8077  train_P@5_ab=1.0000  train_P@5_ag=1.0000  val_loss=0.3412  val_AUPR_all=0.5651  val_AUPR_ab=0.7302  val_AUPR_ag=0.3461  val_P@5_ab=0.9000  val_P@5_ag=0.8500  select=0.5381
Ep052  LR0=5.85e-05  pw=1.04  aucα=0.300  token_p=0.020  dropE=(0.020,0.080)  smooth=0.010  train_loss=0.1358  train_AUPR_all=0.8611  train_AUPR_ab=0.8983  train_AUPR_ag=0.8051  train_P@5_ab=1.0000  train_P@5_ag=1.0000  val_loss=0.3422  val_AUPR_all=0.5666  val_AUPR_ab=0.7358  val_AUPR_ag=0.3399  val_P@5_ab=0.9000  val_P@5_ag=0.9500  select=0.5379
Early stopping at epoch 52. Best select=0.5828 at epoch 32.
Final saved checkpoint for fold 5: checkpoints_post/iPara_balanced_l1_g7_i5_do0.10_dpr0.10_lr0.0002_heads16_fold5.pth
Best select=0.5828 at epoch 32
