Device: cuda
Visible GPUs: 1
GPU 0: NVIDIA RTX PRO 6000 Blackwell Server Edition
Config:
  sequence_file: para_tv_esmsequences_1600.npz
  data_file: para_tv_esminterfaces_1600.npz
  edge_file: para_tv_esmedges_1600.npz
  seq_len: 1600
  vocab_size: 31
  num_classes: 2
  pad_id: 1
  eoc_id: 24
  embed_dim: 256
  num_heads: 16
  num_layers: 1
  num_gnn_layers: 7
  num_int_layers: 5
  dropout: 0.1
  drop_path_rate: 0.1
  batch_size: 4
  num_epochs: 80
  warmup_epochs: 10
  min_stop_epoch: 45
  early_stop: 20
  learning_rate: 0.0002
  weight_decay: 0.0001
  max_grad_norm: 0.5
  accum_steps: 1
  amp: True
  weight_start: 8.0
  weight_end: 1.0
  weight_anneal_tau: 10.0
  dropedge_min: 0.02
  dropedge_max: 0.08
  token_drop_p: 0.02
  smooth_lambda: 0.01
  aucpr_alpha: 0.3
  aucpr_ramp_start: 10
  aucpr_ramp_len: 10
  aucpr_bins: 64
  aucpr_temp: 0.05
  antibody_loss_weight: 1.0
  antigen_loss_weight: 1.0
  n_splits: 5
  num_workers: 0
  select_ab_weight: 0.5
  select_ag_weight: 0.5
Dataset size: 858

==========================================================================================
Fold 1/5
==========================================================================================
Train labels: valid=399467, pos=26433, neg=373034, ignore=698133, pos_frac=0.06617
Val labels: valid=100725, pos=6797, neg=93928, ignore=174475, pos_frac=0.06748
Initializing ClassificationModel with 7 GAT layers and residual connections...
Initializing MCModel with 7 GAT layers and 5 row attention layers (drop_path_rate=0.1, use_esm=True)
Initializing CoreModel with 1 layers, drop_path_rate=0.1
Ep001  LR0=2.00e-04  pw=8.00  aucα=0.000  token_p=0.020  dropE=(0.020,0.080)  smooth=0.010  train_loss=0.7816  train_AUPR_all=0.2245  train_AUPR_ab=0.2560  train_AUPR_ag=0.1823  train_P@5_ab=0.4500  train_P@5_ag=0.8000  val_loss=0.9304  val_AUPR_all=0.3735  val_AUPR_ab=0.5025  val_AUPR_ag=0.1939  val_P@5_ab=0.6000  val_P@5_ag=0.8500  select=0.3482
  Saved checkpoint: checkpoints_esm/iPara_balanced_l1_g7_i5_do0.10_dpr0.10_lr0.0002_heads16_fold1.pth  select=0.3482  val_ab=0.5025  val_ag=0.1939  val_all=0.3735
Ep002  LR0=2.00e-04  pw=7.33  aucα=0.000  token_p=0.020  dropE=(0.020,0.080)  smooth=0.010  train_loss=0.5325  train_AUPR_all=0.3957  train_AUPR_ab=0.4766  train_AUPR_ag=0.2597  train_P@5_ab=0.7000  train_P@5_ag=0.7500  val_loss=0.9484  val_AUPR_all=0.4193  val_AUPR_ab=0.5685  val_AUPR_ag=0.2089  val_P@5_ab=0.6500  val_P@5_ag=0.3000  select=0.3887
  Saved checkpoint: checkpoints_esm/iPara_balanced_l1_g7_i5_do0.10_dpr0.10_lr0.0002_heads16_fold1.pth  select=0.3887  val_ab=0.5685  val_ag=0.2089  val_all=0.4193
Ep003  LR0=2.00e-04  pw=6.73  aucα=0.000  token_p=0.020  dropE=(0.020,0.080)  smooth=0.010  train_loss=0.4759  train_AUPR_all=0.4490  train_AUPR_ab=0.5337  train_AUPR_ag=0.2979  train_P@5_ab=0.7500  train_P@5_ag=0.8500  val_loss=0.6628  val_AUPR_all=0.4956  val_AUPR_ab=0.5983  val_AUPR_ag=0.3216  val_P@5_ab=0.7000  val_P@5_ag=0.9500  select=0.4600
  Saved checkpoint: checkpoints_esm/iPara_balanced_l1_g7_i5_do0.10_dpr0.10_lr0.0002_heads16_fold1.pth  select=0.4600  val_ab=0.5983  val_ag=0.3216  val_all=0.4956
Ep004  LR0=1.99e-04  pw=6.19  aucα=0.000  token_p=0.020  dropE=(0.020,0.080)  smooth=0.010  train_loss=0.4424  train_AUPR_all=0.4589  train_AUPR_ab=0.5375  train_AUPR_ag=0.3138  train_P@5_ab=0.6500  train_P@5_ag=0.9000  val_loss=0.6791  val_AUPR_all=0.4875  val_AUPR_ab=0.5891  val_AUPR_ag=0.3075  val_P@5_ab=0.7000  val_P@5_ag=0.9500  select=0.4483
Ep005  LR0=1.99e-04  pw=5.69  aucα=0.000  token_p=0.020  dropE=(0.020,0.080)  smooth=0.010  train_loss=0.4077  train_AUPR_all=0.4943  train_AUPR_ab=0.5854  train_AUPR_ag=0.3293  train_P@5_ab=0.7500  train_P@5_ag=0.8500  val_loss=0.6157  val_AUPR_all=0.5017  val_AUPR_ab=0.6365  val_AUPR_ag=0.2956  val_P@5_ab=0.7500  val_P@5_ag=1.0000  select=0.4660
  Saved checkpoint: checkpoints_esm/iPara_balanced_l1_g7_i5_do0.10_dpr0.10_lr0.0002_heads16_fold1.pth  select=0.4660  val_ab=0.6365  val_ag=0.2956  val_all=0.5017
Ep006  LR0=1.98e-04  pw=5.25  aucα=0.000  token_p=0.020  dropE=(0.020,0.080)  smooth=0.010  train_loss=0.3858  train_AUPR_all=0.5051  train_AUPR_ab=0.5960  train_AUPR_ag=0.3379  train_P@5_ab=0.6000  train_P@5_ag=0.8500  val_loss=0.5733  val_AUPR_all=0.5195  val_AUPR_ab=0.6351  val_AUPR_ag=0.3285  val_P@5_ab=0.7500  val_P@5_ag=1.0000  select=0.4818
  Saved checkpoint: checkpoints_esm/iPara_balanced_l1_g7_i5_do0.10_dpr0.10_lr0.0002_heads16_fold1.pth  select=0.4818  val_ab=0.6351  val_ag=0.3285  val_all=0.5195
Ep007  LR0=1.97e-04  pw=4.84  aucα=0.000  token_p=0.020  dropE=(0.020,0.080)  smooth=0.010  train_loss=0.3593  train_AUPR_all=0.5216  train_AUPR_ab=0.6160  train_AUPR_ag=0.3546  train_P@5_ab=0.8500  train_P@5_ag=0.8500  val_loss=0.5471  val_AUPR_all=0.5111  val_AUPR_ab=0.6487  val_AUPR_ag=0.3363  val_P@5_ab=0.6000  val_P@5_ag=0.9500  select=0.4925
  Saved checkpoint: checkpoints_esm/iPara_balanced_l1_g7_i5_do0.10_dpr0.10_lr0.0002_heads16_fold1.pth  select=0.4925  val_ab=0.6487  val_ag=0.3363  val_all=0.5111
Ep008  LR0=1.96e-04  pw=4.48  aucα=0.000  token_p=0.020  dropE=(0.020,0.080)  smooth=0.010  train_loss=0.3436  train_AUPR_all=0.5335  train_AUPR_ab=0.6261  train_AUPR_ag=0.3629  train_P@5_ab=0.7500  train_P@5_ag=0.9500  val_loss=0.5285  val_AUPR_all=0.5392  val_AUPR_ab=0.6599  val_AUPR_ag=0.3286  val_P@5_ab=0.7000  val_P@5_ag=0.6500  select=0.4942
  Saved checkpoint: checkpoints_esm/iPara_balanced_l1_g7_i5_do0.10_dpr0.10_lr0.0002_heads16_fold1.pth  select=0.4942  val_ab=0.6599  val_ag=0.3286  val_all=0.5392
Ep009  LR0=1.95e-04  pw=4.15  aucα=0.000  token_p=0.020  dropE=(0.020,0.080)  smooth=0.010  train_loss=0.3253  train_AUPR_all=0.5414  train_AUPR_ab=0.6380  train_AUPR_ag=0.3703  train_P@5_ab=0.9500  train_P@5_ag=0.9500  val_loss=0.5385  val_AUPR_all=0.5082  val_AUPR_ab=0.6269  val_AUPR_ag=0.3311  val_P@5_ab=0.5500  val_P@5_ag=1.0000  select=0.4790
Ep010  LR0=1.94e-04  pw=3.85  aucα=0.030  token_p=0.020  dropE=(0.020,0.080)  smooth=0.010  train_loss=0.3221  train_AUPR_all=0.5479  train_AUPR_ab=0.6522  train_AUPR_ag=0.3647  train_P@5_ab=0.9000  train_P@5_ag=0.9000  val_loss=0.5198  val_AUPR_all=0.5013  val_AUPR_ab=0.6632  val_AUPR_ag=0.3041  val_P@5_ab=0.7000  val_P@5_ag=0.7500  select=0.4837
Unfreezing DyM parameters.
Ep011  LR0=1.92e-04  pw=3.58  aucα=0.060  token_p=0.020  dropE=(0.020,0.080)  smooth=0.010  train_loss=0.3213  train_AUPR_all=0.5594  train_AUPR_ab=0.6639  train_AUPR_ag=0.3821  train_P@5_ab=0.8000  train_P@5_ag=0.9000  val_loss=0.4867  val_AUPR_all=0.5506  val_AUPR_ab=0.6841  val_AUPR_ag=0.3340  val_P@5_ab=0.8500  val_P@5_ag=1.0000  select=0.5090
  Saved checkpoint: checkpoints_esm/iPara_balanced_l1_g7_i5_do0.10_dpr0.10_lr0.0002_heads16_fold1.pth  select=0.5090  val_ab=0.6841  val_ag=0.3340  val_all=0.5506
Ep012  LR0=1.91e-04  pw=3.33  aucα=0.090  token_p=0.020  dropE=(0.020,0.080)  smooth=0.010  train_loss=0.3206  train_AUPR_all=0.5680  train_AUPR_ab=0.6712  train_AUPR_ag=0.3923  train_P@5_ab=0.9500  train_P@5_ag=1.0000  val_loss=0.4910  val_AUPR_all=0.5346  val_AUPR_ab=0.6598  val_AUPR_ag=0.3201  val_P@5_ab=0.8000  val_P@5_ag=0.9500  select=0.4900
Ep013  LR0=1.89e-04  pw=3.11  aucα=0.120  token_p=0.020  dropE=(0.020,0.080)  smooth=0.010  train_loss=0.3212  train_AUPR_all=0.5797  train_AUPR_ab=0.6877  train_AUPR_ag=0.4002  train_P@5_ab=0.9000  train_P@5_ag=0.8000  val_loss=0.4320  val_AUPR_all=0.5641  val_AUPR_ab=0.6801  val_AUPR_ag=0.3609  val_P@5_ab=0.7500  val_P@5_ag=1.0000  select=0.5205
  Saved checkpoint: checkpoints_esm/iPara_balanced_l1_g7_i5_do0.10_dpr0.10_lr0.0002_heads16_fold1.pth  select=0.5205  val_ab=0.6801  val_ag=0.3609  val_all=0.5641
Ep014  LR0=1.87e-04  pw=2.91  aucα=0.150  token_p=0.020  dropE=(0.020,0.080)  smooth=0.010  train_loss=0.3196  train_AUPR_all=0.5892  train_AUPR_ab=0.6944  train_AUPR_ag=0.4127  train_P@5_ab=0.8000  train_P@5_ag=0.9000  val_loss=0.4395  val_AUPR_all=0.5679  val_AUPR_ab=0.6986  val_AUPR_ag=0.3527  val_P@5_ab=0.8500  val_P@5_ag=1.0000  select=0.5256
  Saved checkpoint: checkpoints_esm/iPara_balanced_l1_g7_i5_do0.10_dpr0.10_lr0.0002_heads16_fold1.pth  select=0.5256  val_ab=0.6986  val_ag=0.3527  val_all=0.5679
Ep015  LR0=1.85e-04  pw=2.73  aucα=0.180  token_p=0.020  dropE=(0.020,0.080)  smooth=0.010  train_loss=0.3230  train_AUPR_all=0.5938  train_AUPR_ab=0.7042  train_AUPR_ag=0.4134  train_P@5_ab=0.9500  train_P@5_ag=0.9000  val_loss=0.4092  val_AUPR_all=0.5743  val_AUPR_ab=0.6993  val_AUPR_ag=0.3716  val_P@5_ab=0.8000  val_P@5_ag=0.9500  select=0.5355
  Saved checkpoint: checkpoints_esm/iPara_balanced_l1_g7_i5_do0.10_dpr0.10_lr0.0002_heads16_fold1.pth  select=0.5355  val_ab=0.6993  val_ag=0.3716  val_all=0.5743
Ep016  LR0=1.83e-04  pw=2.56  aucα=0.210  token_p=0.020  dropE=(0.020,0.080)  smooth=0.010  train_loss=0.3223  train_AUPR_all=0.6043  train_AUPR_ab=0.7159  train_AUPR_ag=0.4204  train_P@5_ab=0.9000  train_P@5_ag=0.9500  val_loss=0.4138  val_AUPR_all=0.5522  val_AUPR_ab=0.6893  val_AUPR_ag=0.3389  val_P@5_ab=0.9000  val_P@5_ag=1.0000  select=0.5141
Ep017  LR0=1.81e-04  pw=2.41  aucα=0.240  token_p=0.020  dropE=(0.020,0.080)  smooth=0.010  train_loss=0.3260  train_AUPR_all=0.6062  train_AUPR_ab=0.7165  train_AUPR_ag=0.4230  train_P@5_ab=0.9500  train_P@5_ag=0.9500  val_loss=0.3835  val_AUPR_all=0.5837  val_AUPR_ab=0.7092  val_AUPR_ag=0.3785  val_P@5_ab=0.9500  val_P@5_ag=1.0000  select=0.5439
  Saved checkpoint: checkpoints_esm/iPara_balanced_l1_g7_i5_do0.10_dpr0.10_lr0.0002_heads16_fold1.pth  select=0.5439  val_ab=0.7092  val_ag=0.3785  val_all=0.5837
Ep018  LR0=1.79e-04  pw=2.28  aucα=0.270  token_p=0.020  dropE=(0.020,0.080)  smooth=0.010  train_loss=0.3275  train_AUPR_all=0.6179  train_AUPR_ab=0.7276  train_AUPR_ag=0.4422  train_P@5_ab=1.0000  train_P@5_ag=0.9000  val_loss=0.3724  val_AUPR_all=0.5787  val_AUPR_ab=0.7044  val_AUPR_ag=0.3786  val_P@5_ab=0.9500  val_P@5_ag=1.0000  select=0.5415
Ep019  LR0=1.76e-04  pw=2.16  aucα=0.300  token_p=0.020  dropE=(0.020,0.080)  smooth=0.010  train_loss=0.3294  train_AUPR_all=0.6239  train_AUPR_ab=0.7359  train_AUPR_ag=0.4416  train_P@5_ab=1.0000  train_P@5_ag=1.0000  val_loss=0.3647  val_AUPR_all=0.5890  val_AUPR_ab=0.7205  val_AUPR_ag=0.3753  val_P@5_ab=1.0000  val_P@5_ag=1.0000  select=0.5479
  Saved checkpoint: checkpoints_esm/iPara_balanced_l1_g7_i5_do0.10_dpr0.10_lr0.0002_heads16_fold1.pth  select=0.5479  val_ab=0.7205  val_ag=0.3753  val_all=0.5890
Ep020  LR0=1.73e-04  pw=2.05  aucα=0.300  token_p=0.020  dropE=(0.020,0.080)  smooth=0.010  train_loss=0.3208  train_AUPR_all=0.6288  train_AUPR_ab=0.7387  train_AUPR_ag=0.4496  train_P@5_ab=0.9500  train_P@5_ag=0.9500  val_loss=0.3657  val_AUPR_all=0.5811  val_AUPR_ab=0.7233  val_AUPR_ag=0.3628  val_P@5_ab=0.9500  val_P@5_ag=1.0000  select=0.5430
Ep021  LR0=1.71e-04  pw=1.95  aucα=0.300  token_p=0.020  dropE=(0.020,0.080)  smooth=0.010  train_loss=0.3122  train_AUPR_all=0.6356  train_AUPR_ab=0.7417  train_AUPR_ag=0.4625  train_P@5_ab=0.9500  train_P@5_ag=0.9500  val_loss=0.3581  val_AUPR_all=0.5898  val_AUPR_ab=0.7298  val_AUPR_ag=0.3743  val_P@5_ab=0.9500  val_P@5_ag=0.9500  select=0.5521
  Saved checkpoint: checkpoints_esm/iPara_balanced_l1_g7_i5_do0.10_dpr0.10_lr0.0002_heads16_fold1.pth  select=0.5521  val_ab=0.7298  val_ag=0.3743  val_all=0.5898
Ep022  LR0=1.68e-04  pw=1.86  aucα=0.300  token_p=0.020  dropE=(0.020,0.080)  smooth=0.010  train_loss=0.2978  train_AUPR_all=0.6511  train_AUPR_ab=0.7582  train_AUPR_ag=0.4798  train_P@5_ab=1.0000  train_P@5_ag=1.0000  val_loss=0.3632  val_AUPR_all=0.5677  val_AUPR_ab=0.7184  val_AUPR_ag=0.3661  val_P@5_ab=0.8000  val_P@5_ag=1.0000  select=0.5422
Ep023  LR0=1.65e-04  pw=1.78  aucα=0.300  token_p=0.020  dropE=(0.020,0.080)  smooth=0.010  train_loss=0.2919  train_AUPR_all=0.6514  train_AUPR_ab=0.7555  train_AUPR_ag=0.4854  train_P@5_ab=0.9000  train_P@5_ag=0.9000  val_loss=0.3480  val_AUPR_all=0.5964  val_AUPR_ab=0.7358  val_AUPR_ag=0.3773  val_P@5_ab=0.9500  val_P@5_ag=1.0000  select=0.5565
  Saved checkpoint: checkpoints_esm/iPara_balanced_l1_g7_i5_do0.10_dpr0.10_lr0.0002_heads16_fold1.pth  select=0.5565  val_ab=0.7358  val_ag=0.3773  val_all=0.5964
Ep024  LR0=1.62e-04  pw=1.70  aucα=0.300  token_p=0.020  dropE=(0.020,0.080)  smooth=0.010  train_loss=0.2807  train_AUPR_all=0.6638  train_AUPR_ab=0.7647  train_AUPR_ag=0.5026  train_P@5_ab=1.0000  train_P@5_ag=1.0000  val_loss=0.3322  val_AUPR_all=0.5958  val_AUPR_ab=0.7403  val_AUPR_ag=0.3816  val_P@5_ab=0.9500  val_P@5_ag=0.8500  select=0.5610
  Saved checkpoint: checkpoints_esm/iPara_balanced_l1_g7_i5_do0.10_dpr0.10_lr0.0002_heads16_fold1.pth  select=0.5610  val_ab=0.7403  val_ag=0.3816  val_all=0.5958
Ep025  LR0=1.59e-04  pw=1.64  aucα=0.300  token_p=0.020  dropE=(0.020,0.080)  smooth=0.010  train_loss=0.2744  train_AUPR_all=0.6693  train_AUPR_ab=0.7678  train_AUPR_ag=0.5140  train_P@5_ab=1.0000  train_P@5_ag=0.8500  val_loss=0.3180  val_AUPR_all=0.6108  val_AUPR_ab=0.7432  val_AUPR_ag=0.4002  val_P@5_ab=1.0000  val_P@5_ag=0.9500  select=0.5717
  Saved checkpoint: checkpoints_esm/iPara_balanced_l1_g7_i5_do0.10_dpr0.10_lr0.0002_heads16_fold1.pth  select=0.5717  val_ab=0.7432  val_ag=0.4002  val_all=0.6108
Ep026  LR0=1.56e-04  pw=1.57  aucα=0.300  token_p=0.020  dropE=(0.020,0.080)  smooth=0.010  train_loss=0.2653  train_AUPR_all=0.6792  train_AUPR_ab=0.7749  train_AUPR_ag=0.5289  train_P@5_ab=1.0000  train_P@5_ag=0.8500  val_loss=0.3299  val_AUPR_all=0.6011  val_AUPR_ab=0.7406  val_AUPR_ag=0.3892  val_P@5_ab=0.9500  val_P@5_ag=1.0000  select=0.5649
Ep027  LR0=1.52e-04  pw=1.52  aucα=0.300  token_p=0.020  dropE=(0.020,0.080)  smooth=0.010  train_loss=0.2559  train_AUPR_all=0.6906  train_AUPR_ab=0.7849  train_AUPR_ag=0.5430  train_P@5_ab=1.0000  train_P@5_ag=0.9500  val_loss=0.3346  val_AUPR_all=0.5858  val_AUPR_ab=0.7248  val_AUPR_ag=0.3831  val_P@5_ab=0.9000  val_P@5_ag=1.0000  select=0.5539
Ep028  LR0=1.49e-04  pw=1.47  aucα=0.300  token_p=0.020  dropE=(0.020,0.080)  smooth=0.010  train_loss=0.2495  train_AUPR_all=0.6965  train_AUPR_ab=0.7851  train_AUPR_ag=0.5589  train_P@5_ab=1.0000  train_P@5_ag=1.0000  val_loss=0.3127  val_AUPR_all=0.6086  val_AUPR_ab=0.7423  val_AUPR_ag=0.4068  val_P@5_ab=1.0000  val_P@5_ag=1.0000  select=0.5746
  Saved checkpoint: checkpoints_esm/iPara_balanced_l1_g7_i5_do0.10_dpr0.10_lr0.0002_heads16_fold1.pth  select=0.5746  val_ab=0.7423  val_ag=0.4068  val_all=0.6086
Ep029  LR0=1.46e-04  pw=1.43  aucα=0.300  token_p=0.020  dropE=(0.020,0.080)  smooth=0.010  train_loss=0.2413  train_AUPR_all=0.7071  train_AUPR_ab=0.7940  train_AUPR_ag=0.5727  train_P@5_ab=1.0000  train_P@5_ag=1.0000  val_loss=0.3230  val_AUPR_all=0.5968  val_AUPR_ab=0.7372  val_AUPR_ag=0.3914  val_P@5_ab=0.9500  val_P@5_ag=1.0000  select=0.5643
Ep030  LR0=1.42e-04  pw=1.39  aucα=0.300  token_p=0.020  dropE=(0.020,0.080)  smooth=0.010  train_loss=0.2321  train_AUPR_all=0.7178  train_AUPR_ab=0.8024  train_AUPR_ag=0.5866  train_P@5_ab=1.0000  train_P@5_ag=1.0000  val_loss=0.3279  val_AUPR_all=0.5874  val_AUPR_ab=0.7309  val_AUPR_ag=0.3884  val_P@5_ab=0.9500  val_P@5_ag=0.8000  select=0.5596
Ep031  LR0=1.38e-04  pw=1.35  aucα=0.300  token_p=0.020  dropE=(0.020,0.080)  smooth=0.010  train_loss=0.2286  train_AUPR_all=0.7200  train_AUPR_ab=0.8007  train_AUPR_ag=0.5957  train_P@5_ab=1.0000  train_P@5_ag=0.9000  val_loss=0.3062  val_AUPR_all=0.6044  val_AUPR_ab=0.7281  val_AUPR_ag=0.4147  val_P@5_ab=0.9000  val_P@5_ag=1.0000  select=0.5714
Ep032  LR0=1.35e-04  pw=1.32  aucα=0.300  token_p=0.020  dropE=(0.020,0.080)  smooth=0.010  train_loss=0.2179  train_AUPR_all=0.7363  train_AUPR_ab=0.8141  train_AUPR_ag=0.6169  train_P@5_ab=0.9500  train_P@5_ag=1.0000  val_loss=0.2993  val_AUPR_all=0.6086  val_AUPR_ab=0.7353  val_AUPR_ag=0.4162  val_P@5_ab=0.9000  val_P@5_ag=0.9500  select=0.5757
  Saved checkpoint: checkpoints_esm/iPara_balanced_l1_g7_i5_do0.10_dpr0.10_lr0.0002_heads16_fold1.pth  select=0.5757  val_ab=0.7353  val_ag=0.4162  val_all=0.6086
Ep033  LR0=1.31e-04  pw=1.29  aucα=0.300  token_p=0.020  dropE=(0.020,0.080)  smooth=0.010  train_loss=0.2107  train_AUPR_all=0.7466  train_AUPR_ab=0.8192  train_AUPR_ag=0.6359  train_P@5_ab=1.0000  train_P@5_ag=0.9500  val_loss=0.3008  val_AUPR_all=0.6073  val_AUPR_ab=0.7415  val_AUPR_ag=0.4143  val_P@5_ab=0.9000  val_P@5_ag=1.0000  select=0.5779
  Saved checkpoint: checkpoints_esm/iPara_balanced_l1_g7_i5_do0.10_dpr0.10_lr0.0002_heads16_fold1.pth  select=0.5779  val_ab=0.7415  val_ag=0.4143  val_all=0.6073
Ep034  LR0=1.27e-04  pw=1.26  aucα=0.300  token_p=0.020  dropE=(0.020,0.080)  smooth=0.010  train_loss=0.2113  train_AUPR_all=0.7432  train_AUPR_ab=0.8164  train_AUPR_ag=0.6316  train_P@5_ab=1.0000  train_P@5_ag=1.0000  val_loss=0.3061  val_AUPR_all=0.6047  val_AUPR_ab=0.7353  val_AUPR_ag=0.4102  val_P@5_ab=0.9500  val_P@5_ag=1.0000  select=0.5728
Ep035  LR0=1.24e-04  pw=1.23  aucα=0.300  token_p=0.020  dropE=(0.020,0.080)  smooth=0.010  train_loss=0.2053  train_AUPR_all=0.7504  train_AUPR_ab=0.8198  train_AUPR_ag=0.6450  train_P@5_ab=1.0000  train_P@5_ag=1.0000  val_loss=0.3089  val_AUPR_all=0.6024  val_AUPR_ab=0.7314  val_AUPR_ag=0.4178  val_P@5_ab=0.9500  val_P@5_ag=0.9000  select=0.5746
Ep036  LR0=1.20e-04  pw=1.21  aucα=0.300  token_p=0.020  dropE=(0.020,0.080)  smooth=0.010  train_loss=0.1991  train_AUPR_all=0.7598  train_AUPR_ab=0.8291  train_AUPR_ag=0.6544  train_P@5_ab=1.0000  train_P@5_ag=1.0000  val_loss=0.3060  val_AUPR_all=0.6018  val_AUPR_ab=0.7358  val_AUPR_ag=0.4039  val_P@5_ab=0.9000  val_P@5_ag=0.9000  select=0.5699
Ep037  LR0=1.16e-04  pw=1.19  aucα=0.300  token_p=0.020  dropE=(0.020,0.080)  smooth=0.010  train_loss=0.1907  train_AUPR_all=0.7737  train_AUPR_ab=0.8389  train_AUPR_ag=0.6751  train_P@5_ab=1.0000  train_P@5_ag=1.0000  val_loss=0.3143  val_AUPR_all=0.6010  val_AUPR_ab=0.7398  val_AUPR_ag=0.4034  val_P@5_ab=1.0000  val_P@5_ag=0.8000  select=0.5716
Ep038  LR0=1.12e-04  pw=1.17  aucα=0.300  token_p=0.020  dropE=(0.020,0.080)  smooth=0.010  train_loss=0.1835  train_AUPR_all=0.7856  train_AUPR_ab=0.8461  train_AUPR_ag=0.6941  train_P@5_ab=1.0000  train_P@5_ag=1.0000  val_loss=0.3033  val_AUPR_all=0.6039  val_AUPR_ab=0.7421  val_AUPR_ag=0.4143  val_P@5_ab=0.9500  val_P@5_ag=0.8500  select=0.5782
  Saved checkpoint: checkpoints_esm/iPara_balanced_l1_g7_i5_do0.10_dpr0.10_lr0.0002_heads16_fold1.pth  select=0.5782  val_ab=0.7421  val_ag=0.4143  val_all=0.6039
Ep039  LR0=1.08e-04  pw=1.16  aucα=0.300  token_p=0.020  dropE=(0.020,0.080)  smooth=0.010  train_loss=0.1814  train_AUPR_all=0.7835  train_AUPR_ab=0.8441  train_AUPR_ag=0.6916  train_P@5_ab=1.0000  train_P@5_ag=1.0000  val_loss=0.2971  val_AUPR_all=0.6087  val_AUPR_ab=0.7439  val_AUPR_ag=0.4200  val_P@5_ab=0.9500  val_P@5_ag=0.9500  select=0.5820
  Saved checkpoint: checkpoints_esm/iPara_balanced_l1_g7_i5_do0.10_dpr0.10_lr0.0002_heads16_fold1.pth  select=0.5820  val_ab=0.7439  val_ag=0.4200  val_all=0.6087
Ep040  LR0=1.04e-04  pw=1.14  aucα=0.300  token_p=0.020  dropE=(0.020,0.080)  smooth=0.010  train_loss=0.1769  train_AUPR_all=0.7940  train_AUPR_ab=0.8519  train_AUPR_ag=0.7064  train_P@5_ab=1.0000  train_P@5_ag=1.0000  val_loss=0.3022  val_AUPR_all=0.6045  val_AUPR_ab=0.7433  val_AUPR_ag=0.4087  val_P@5_ab=0.9000  val_P@5_ag=1.0000  select=0.5760
Ep041  LR0=1.00e-04  pw=1.13  aucα=0.300  token_p=0.020  dropE=(0.020,0.080)  smooth=0.010  train_loss=0.1687  train_AUPR_all=0.8077  train_AUPR_ab=0.8634  train_AUPR_ag=0.7239  train_P@5_ab=1.0000  train_P@5_ag=1.0000  val_loss=0.3048  val_AUPR_all=0.5982  val_AUPR_ab=0.7409  val_AUPR_ag=0.3989  val_P@5_ab=1.0000  val_P@5_ag=0.8000  select=0.5699
Ep042  LR0=9.63e-05  pw=1.12  aucα=0.300  token_p=0.020  dropE=(0.020,0.080)  smooth=0.010  train_loss=0.1656  train_AUPR_all=0.8118  train_AUPR_ab=0.8660  train_AUPR_ag=0.7297  train_P@5_ab=1.0000  train_P@5_ag=1.0000  val_loss=0.3054  val_AUPR_all=0.5980  val_AUPR_ab=0.7391  val_AUPR_ag=0.4076  val_P@5_ab=1.0000  val_P@5_ag=0.6500  select=0.5734
Ep043  LR0=9.24e-05  pw=1.10  aucα=0.300  token_p=0.020  dropE=(0.020,0.080)  smooth=0.010  train_loss=0.1595  train_AUPR_all=0.8218  train_AUPR_ab=0.8715  train_AUPR_ag=0.7468  train_P@5_ab=1.0000  train_P@5_ag=1.0000  val_loss=0.3174  val_AUPR_all=0.5910  val_AUPR_ab=0.7375  val_AUPR_ag=0.3860  val_P@5_ab=0.9500  val_P@5_ag=0.7500  select=0.5617
Ep044  LR0=8.85e-05  pw=1.09  aucα=0.300  token_p=0.020  dropE=(0.020,0.080)  smooth=0.010  train_loss=0.1625  train_AUPR_all=0.8151  train_AUPR_ab=0.8682  train_AUPR_ag=0.7345  train_P@5_ab=1.0000  train_P@5_ag=1.0000  val_loss=0.3058  val_AUPR_all=0.5972  val_AUPR_ab=0.7390  val_AUPR_ag=0.3996  val_P@5_ab=0.9500  val_P@5_ag=0.6000  select=0.5693
Ep045  LR0=8.46e-05  pw=1.09  aucα=0.300  token_p=0.020  dropE=(0.020,0.080)  smooth=0.010  train_loss=0.1547  train_AUPR_all=0.8281  train_AUPR_ab=0.8799  train_AUPR_ag=0.7490  train_P@5_ab=1.0000  train_P@5_ag=1.0000  val_loss=0.3132  val_AUPR_all=0.5898  val_AUPR_ab=0.7310  val_AUPR_ag=0.3954  val_P@5_ab=1.0000  val_P@5_ag=0.6500  select=0.5632
Ep046  LR0=8.08e-05  pw=1.08  aucα=0.300  token_p=0.020  dropE=(0.020,0.080)  smooth=0.010  train_loss=0.1532  train_AUPR_all=0.8293  train_AUPR_ab=0.8784  train_AUPR_ag=0.7550  train_P@5_ab=1.0000  train_P@5_ag=1.0000  val_loss=0.3129  val_AUPR_all=0.5915  val_AUPR_ab=0.7385  val_AUPR_ag=0.3940  val_P@5_ab=0.9500  val_P@5_ag=0.8000  select=0.5663
Ep047  LR0=7.70e-05  pw=1.07  aucα=0.300  token_p=0.020  dropE=(0.020,0.080)  smooth=0.010  train_loss=0.1487  train_AUPR_all=0.8365  train_AUPR_ab=0.8825  train_AUPR_ag=0.7667  train_P@5_ab=0.9500  train_P@5_ag=1.0000  val_loss=0.3135  val_AUPR_all=0.5946  val_AUPR_ab=0.7344  val_AUPR_ag=0.3905  val_P@5_ab=1.0000  val_P@5_ag=0.8500  select=0.5625
Ep048  LR0=7.32e-05  pw=1.06  aucα=0.300  token_p=0.020  dropE=(0.020,0.080)  smooth=0.010  train_loss=0.1457  train_AUPR_all=0.8434  train_AUPR_ab=0.8901  train_AUPR_ag=0.7725  train_P@5_ab=1.0000  train_P@5_ag=1.0000  val_loss=0.3115  val_AUPR_all=0.5898  val_AUPR_ab=0.7345  val_AUPR_ag=0.3891  val_P@5_ab=0.9500  val_P@5_ag=0.7500  select=0.5618
Ep049  LR0=6.94e-05  pw=1.06  aucα=0.300  token_p=0.020  dropE=(0.020,0.080)  smooth=0.010  train_loss=0.1415  train_AUPR_all=0.8496  train_AUPR_ab=0.8920  train_AUPR_ag=0.7857  train_P@5_ab=1.0000  train_P@5_ag=1.0000  val_loss=0.3194  val_AUPR_all=0.5907  val_AUPR_ab=0.7363  val_AUPR_ag=0.3881  val_P@5_ab=0.8500  val_P@5_ag=0.7000  select=0.5622
Ep050  LR0=6.57e-05  pw=1.05  aucα=0.300  token_p=0.020  dropE=(0.020,0.080)  smooth=0.010  train_loss=0.1346  train_AUPR_all=0.8605  train_AUPR_ab=0.9024  train_AUPR_ag=0.7967  train_P@5_ab=1.0000  train_P@5_ag=1.0000  val_loss=0.3204  val_AUPR_all=0.5864  val_AUPR_ab=0.7291  val_AUPR_ag=0.3931  val_P@5_ab=0.9500  val_P@5_ag=0.8000  select=0.5611
Ep051  LR0=6.21e-05  pw=1.05  aucα=0.300  token_p=0.020  dropE=(0.020,0.080)  smooth=0.010  train_loss=0.1374  train_AUPR_all=0.8555  train_AUPR_ab=0.8962  train_AUPR_ag=0.7946  train_P@5_ab=1.0000  train_P@5_ag=1.0000  val_loss=0.3143  val_AUPR_all=0.5870  val_AUPR_ab=0.7234  val_AUPR_ag=0.3987  val_P@5_ab=0.9500  val_P@5_ag=0.8000  select=0.5610
Ep052  LR0=5.85e-05  pw=1.04  aucα=0.300  token_p=0.020  dropE=(0.020,0.080)  smooth=0.010  train_loss=0.1353  train_AUPR_all=0.8582  train_AUPR_ab=0.8975  train_AUPR_ag=0.7990  train_P@5_ab=1.0000  train_P@5_ag=0.9500  val_loss=0.3236  val_AUPR_all=0.5860  val_AUPR_ab=0.7354  val_AUPR_ag=0.3955  val_P@5_ab=1.0000  val_P@5_ag=0.7000  select=0.5655
Ep053  LR0=5.50e-05  pw=1.04  aucα=0.300  token_p=0.020  dropE=(0.020,0.080)  smooth=0.010  train_loss=0.1329  train_AUPR_all=0.8627  train_AUPR_ab=0.9033  train_AUPR_ag=0.8009  train_P@5_ab=1.0000  train_P@5_ag=1.0000  val_loss=0.3228  val_AUPR_all=0.5815  val_AUPR_ab=0.7297  val_AUPR_ag=0.3864  val_P@5_ab=0.9000  val_P@5_ag=0.7000  select=0.5581
Ep054  LR0=5.15e-05  pw=1.03  aucα=0.300  token_p=0.020  dropE=(0.020,0.080)  smooth=0.010  train_loss=0.1314  train_AUPR_all=0.8650  train_AUPR_ab=0.9043  train_AUPR_ag=0.8053  train_P@5_ab=1.0000  train_P@5_ag=1.0000  val_loss=0.3223  val_AUPR_all=0.5867  val_AUPR_ab=0.7288  val_AUPR_ag=0.3912  val_P@5_ab=0.8500  val_P@5_ag=0.8000  select=0.5600
Ep055  LR0=4.81e-05  pw=1.03  aucα=0.300  token_p=0.020  dropE=(0.020,0.080)  smooth=0.010  train_loss=0.1255  train_AUPR_all=0.8758  train_AUPR_ab=0.9114  train_AUPR_ag=0.8218  train_P@5_ab=1.0000  train_P@5_ag=1.0000  val_loss=0.3263  val_AUPR_all=0.5780  val_AUPR_ab=0.7321  val_AUPR_ag=0.3750  val_P@5_ab=0.8500  val_P@5_ag=0.7000  select=0.5536
Ep056  LR0=4.48e-05  pw=1.03  aucα=0.300  token_p=0.020  dropE=(0.020,0.080)  smooth=0.010  train_loss=0.1261  train_AUPR_all=0.8731  train_AUPR_ab=0.9107  train_AUPR_ag=0.8161  train_P@5_ab=1.0000  train_P@5_ag=0.9500  val_loss=0.3186  val_AUPR_all=0.5896  val_AUPR_ab=0.7373  val_AUPR_ag=0.3880  val_P@5_ab=0.9500  val_P@5_ag=0.7500  select=0.5626
Ep057  LR0=4.16e-05  pw=1.03  aucα=0.300  token_p=0.020  dropE=(0.020,0.080)  smooth=0.010  train_loss=0.1176  train_AUPR_all=0.8880  train_AUPR_ab=0.9225  train_AUPR_ag=0.8350  train_P@5_ab=1.0000  train_P@5_ag=1.0000  val_loss=0.3226  val_AUPR_all=0.5843  val_AUPR_ab=0.7269  val_AUPR_ag=0.3900  val_P@5_ab=0.9500  val_P@5_ag=0.7000  select=0.5584
Ep058  LR0=3.85e-05  pw=1.02  aucα=0.300  token_p=0.020  dropE=(0.020,0.080)  smooth=0.010  train_loss=0.1162  train_AUPR_all=0.8909  train_AUPR_ab=0.9255  train_AUPR_ag=0.8374  train_P@5_ab=1.0000  train_P@5_ag=1.0000  val_loss=0.3281  val_AUPR_all=0.5821  val_AUPR_ab=0.7317  val_AUPR_ag=0.3786  val_P@5_ab=0.9500  val_P@5_ag=0.7000  select=0.5551
Ep059  LR0=3.55e-05  pw=1.02  aucα=0.300  token_p=0.020  dropE=(0.020,0.080)  smooth=0.010  train_loss=0.1130  train_AUPR_all=0.8949  train_AUPR_ab=0.9273  train_AUPR_ag=0.8449  train_P@5_ab=1.0000  train_P@5_ag=1.0000  val_loss=0.3268  val_AUPR_all=0.5836  val_AUPR_ab=0.7390  val_AUPR_ag=0.3817  val_P@5_ab=1.0000  val_P@5_ag=0.5500  select=0.5603
Early stopping at epoch 59. Best select=0.5820 at epoch 39.
Final saved checkpoint for fold 1: checkpoints_esm/iPara_balanced_l1_g7_i5_do0.10_dpr0.10_lr0.0002_heads16_fold1.pth
Best select=0.5820 at epoch 39

==========================================================================================
Fold 2/5
==========================================================================================
Train labels: valid=400834, pos=26650, neg=374184, ignore=696766, pos_frac=0.06649
Val labels: valid=99358, pos=6580, neg=92778, ignore=175842, pos_frac=0.06623
Initializing ClassificationModel with 7 GAT layers and residual connections...
Initializing MCModel with 7 GAT layers and 5 row attention layers (drop_path_rate=0.1, use_esm=True)
Initializing CoreModel with 1 layers, drop_path_rate=0.1
Ep001  LR0=2.00e-04  pw=8.00  aucα=0.000  token_p=0.020  dropE=(0.020,0.080)  smooth=0.010  train_loss=0.7766  train_AUPR_all=0.2293  train_AUPR_ab=0.2788  train_AUPR_ag=0.1687  train_P@5_ab=0.8000  train_P@5_ag=0.7000  val_loss=0.8353  val_AUPR_all=0.3880  val_AUPR_ab=0.5033  val_AUPR_ag=0.2320  val_P@5_ab=0.7000  val_P@5_ag=0.8000  select=0.3677
  Saved checkpoint: checkpoints_esm/iPara_balanced_l1_g7_i5_do0.10_dpr0.10_lr0.0002_heads16_fold2.pth  select=0.3677  val_ab=0.5033  val_ag=0.2320  val_all=0.3880
Ep002  LR0=2.00e-04  pw=7.33  aucα=0.000  token_p=0.020  dropE=(0.020,0.080)  smooth=0.010  train_loss=0.5497  train_AUPR_all=0.3822  train_AUPR_ab=0.4730  train_AUPR_ag=0.2457  train_P@5_ab=0.5500  train_P@5_ag=0.6000  val_loss=0.9858  val_AUPR_all=0.4270  val_AUPR_ab=0.5278  val_AUPR_ag=0.2471  val_P@5_ab=0.8000  val_P@5_ag=0.8500  select=0.3874
  Saved checkpoint: checkpoints_esm/iPara_balanced_l1_g7_i5_do0.10_dpr0.10_lr0.0002_heads16_fold2.pth  select=0.3874  val_ab=0.5278  val_ag=0.2471  val_all=0.4270
Ep003  LR0=2.00e-04  pw=6.73  aucα=0.000  token_p=0.020  dropE=(0.020,0.080)  smooth=0.010  train_loss=0.4956  train_AUPR_all=0.4199  train_AUPR_ab=0.4977  train_AUPR_ag=0.2828  train_P@5_ab=0.7500  train_P@5_ag=0.9000  val_loss=1.1294  val_AUPR_all=0.4351  val_AUPR_ab=0.5572  val_AUPR_ag=0.2580  val_P@5_ab=0.8500  val_P@5_ag=0.7500  select=0.4076
  Saved checkpoint: checkpoints_esm/iPara_balanced_l1_g7_i5_do0.10_dpr0.10_lr0.0002_heads16_fold2.pth  select=0.4076  val_ab=0.5572  val_ag=0.2580  val_all=0.4351
Ep004  LR0=1.99e-04  pw=6.19  aucα=0.000  token_p=0.020  dropE=(0.020,0.080)  smooth=0.010  train_loss=0.4516  train_AUPR_all=0.4553  train_AUPR_ab=0.5477  train_AUPR_ag=0.2951  train_P@5_ab=0.7000  train_P@5_ag=0.9000  val_loss=0.8422  val_AUPR_all=0.4620  val_AUPR_ab=0.5761  val_AUPR_ag=0.2668  val_P@5_ab=0.7000  val_P@5_ag=1.0000  select=0.4215
  Saved checkpoint: checkpoints_esm/iPara_balanced_l1_g7_i5_do0.10_dpr0.10_lr0.0002_heads16_fold2.pth  select=0.4215  val_ab=0.5761  val_ag=0.2668  val_all=0.4620
Ep005  LR0=1.99e-04  pw=5.69  aucα=0.000  token_p=0.020  dropE=(0.020,0.080)  smooth=0.010  train_loss=0.4212  train_AUPR_all=0.4756  train_AUPR_ab=0.5707  train_AUPR_ag=0.3112  train_P@5_ab=0.6000  train_P@5_ag=0.8500  val_loss=0.7129  val_AUPR_all=0.4873  val_AUPR_ab=0.6202  val_AUPR_ag=0.3026  val_P@5_ab=0.8000  val_P@5_ag=0.7000  select=0.4614
  Saved checkpoint: checkpoints_esm/iPara_balanced_l1_g7_i5_do0.10_dpr0.10_lr0.0002_heads16_fold2.pth  select=0.4614  val_ab=0.6202  val_ag=0.3026  val_all=0.4873
Ep006  LR0=1.98e-04  pw=5.25  aucα=0.000  token_p=0.020  dropE=(0.020,0.080)  smooth=0.010  train_loss=0.3961  train_AUPR_all=0.4953  train_AUPR_ab=0.5914  train_AUPR_ag=0.3237  train_P@5_ab=0.6000  train_P@5_ag=0.9000  val_loss=0.5681  val_AUPR_all=0.5092  val_AUPR_ab=0.6200  val_AUPR_ag=0.3269  val_P@5_ab=0.8500  val_P@5_ag=0.9000  select=0.4734
  Saved checkpoint: checkpoints_esm/iPara_balanced_l1_g7_i5_do0.10_dpr0.10_lr0.0002_heads16_fold2.pth  select=0.4734  val_ab=0.6200  val_ag=0.3269  val_all=0.5092
Ep007  LR0=1.97e-04  pw=4.84  aucα=0.000  token_p=0.020  dropE=(0.020,0.080)  smooth=0.010  train_loss=0.3667  train_AUPR_all=0.5113  train_AUPR_ab=0.6158  train_AUPR_ag=0.3351  train_P@5_ab=0.7500  train_P@5_ag=0.9500  val_loss=0.5531  val_AUPR_all=0.5086  val_AUPR_ab=0.5965  val_AUPR_ag=0.3520  val_P@5_ab=0.9500  val_P@5_ag=0.9000  select=0.4742
  Saved checkpoint: checkpoints_esm/iPara_balanced_l1_g7_i5_do0.10_dpr0.10_lr0.0002_heads16_fold2.pth  select=0.4742  val_ab=0.5965  val_ag=0.3520  val_all=0.5086
Ep008  LR0=1.96e-04  pw=4.48  aucα=0.000  token_p=0.020  dropE=(0.020,0.080)  smooth=0.010  train_loss=0.3442  train_AUPR_all=0.5257  train_AUPR_ab=0.6298  train_AUPR_ag=0.3465  train_P@5_ab=0.9000  train_P@5_ag=0.8000  val_loss=0.5982  val_AUPR_all=0.5254  val_AUPR_ab=0.6364  val_AUPR_ag=0.3332  val_P@5_ab=0.9000  val_P@5_ag=0.8500  select=0.4848
  Saved checkpoint: checkpoints_esm/iPara_balanced_l1_g7_i5_do0.10_dpr0.10_lr0.0002_heads16_fold2.pth  select=0.4848  val_ab=0.6364  val_ag=0.3332  val_all=0.5254
Ep009  LR0=1.95e-04  pw=4.15  aucα=0.000  token_p=0.020  dropE=(0.020,0.080)  smooth=0.010  train_loss=0.3291  train_AUPR_all=0.5354  train_AUPR_ab=0.6385  train_AUPR_ag=0.3576  train_P@5_ab=0.6500  train_P@5_ag=0.9000  val_loss=0.5062  val_AUPR_all=0.5487  val_AUPR_ab=0.6568  val_AUPR_ag=0.3596  val_P@5_ab=0.7500  val_P@5_ag=0.8500  select=0.5082
  Saved checkpoint: checkpoints_esm/iPara_balanced_l1_g7_i5_do0.10_dpr0.10_lr0.0002_heads16_fold2.pth  select=0.5082  val_ab=0.6568  val_ag=0.3596  val_all=0.5487
Ep010  LR0=1.94e-04  pw=3.85  aucα=0.030  token_p=0.020  dropE=(0.020,0.080)  smooth=0.010  train_loss=0.3276  train_AUPR_all=0.5467  train_AUPR_ab=0.6615  train_AUPR_ag=0.3562  train_P@5_ab=1.0000  train_P@5_ag=0.8500  val_loss=0.5273  val_AUPR_all=0.5304  val_AUPR_ab=0.6759  val_AUPR_ag=0.3137  val_P@5_ab=0.7000  val_P@5_ag=0.8500  select=0.4948
Unfreezing DyM parameters.
Ep011  LR0=1.92e-04  pw=3.58  aucα=0.060  token_p=0.020  dropE=(0.020,0.080)  smooth=0.010  train_loss=0.3273  train_AUPR_all=0.5550  train_AUPR_ab=0.6651  train_AUPR_ag=0.3706  train_P@5_ab=0.8500  train_P@5_ag=0.9000  val_loss=0.4615  val_AUPR_all=0.5592  val_AUPR_ab=0.6754  val_AUPR_ag=0.3548  val_P@5_ab=0.8500  val_P@5_ag=0.9000  select=0.5151
  Saved checkpoint: checkpoints_esm/iPara_balanced_l1_g7_i5_do0.10_dpr0.10_lr0.0002_heads16_fold2.pth  select=0.5151  val_ab=0.6754  val_ag=0.3548  val_all=0.5592
Ep012  LR0=1.91e-04  pw=3.33  aucα=0.090  token_p=0.020  dropE=(0.020,0.080)  smooth=0.010  train_loss=0.3243  train_AUPR_all=0.5658  train_AUPR_ab=0.6772  train_AUPR_ag=0.3805  train_P@5_ab=1.0000  train_P@5_ag=0.8500  val_loss=0.4807  val_AUPR_all=0.5430  val_AUPR_ab=0.6697  val_AUPR_ag=0.3366  val_P@5_ab=0.9000  val_P@5_ag=0.9500  select=0.5032
Ep013  LR0=1.89e-04  pw=3.11  aucα=0.120  token_p=0.020  dropE=(0.020,0.080)  smooth=0.010  train_loss=0.3225  train_AUPR_all=0.5779  train_AUPR_ab=0.6938  train_AUPR_ag=0.3882  train_P@5_ab=0.9500  train_P@5_ag=1.0000  val_loss=0.4687  val_AUPR_all=0.5567  val_AUPR_ab=0.6844  val_AUPR_ag=0.3515  val_P@5_ab=0.9000  val_P@5_ag=0.8500  select=0.5179
  Saved checkpoint: checkpoints_esm/iPara_balanced_l1_g7_i5_do0.10_dpr0.10_lr0.0002_heads16_fold2.pth  select=0.5179  val_ab=0.6844  val_ag=0.3515  val_all=0.5567
Ep014  LR0=1.87e-04  pw=2.91  aucα=0.150  token_p=0.020  dropE=(0.020,0.080)  smooth=0.010  train_loss=0.3256  train_AUPR_all=0.5808  train_AUPR_ab=0.6959  train_AUPR_ag=0.3932  train_P@5_ab=1.0000  train_P@5_ag=1.0000  val_loss=0.4156  val_AUPR_all=0.5734  val_AUPR_ab=0.7040  val_AUPR_ag=0.3585  val_P@5_ab=0.9500  val_P@5_ag=0.9000  select=0.5312
  Saved checkpoint: checkpoints_esm/iPara_balanced_l1_g7_i5_do0.10_dpr0.10_lr0.0002_heads16_fold2.pth  select=0.5312  val_ab=0.7040  val_ag=0.3585  val_all=0.5734
Ep015  LR0=1.85e-04  pw=2.73  aucα=0.180  token_p=0.020  dropE=(0.020,0.080)  smooth=0.010  train_loss=0.3264  train_AUPR_all=0.5884  train_AUPR_ab=0.6977  train_AUPR_ag=0.4081  train_P@5_ab=1.0000  train_P@5_ag=1.0000  val_loss=0.4320  val_AUPR_all=0.5702  val_AUPR_ab=0.7039  val_AUPR_ag=0.3696  val_P@5_ab=0.9000  val_P@5_ag=0.9000  select=0.5367
  Saved checkpoint: checkpoints_esm/iPara_balanced_l1_g7_i5_do0.10_dpr0.10_lr0.0002_heads16_fold2.pth  select=0.5367  val_ab=0.7039  val_ag=0.3696  val_all=0.5702
Ep016  LR0=1.83e-04  pw=2.56  aucα=0.210  token_p=0.020  dropE=(0.020,0.080)  smooth=0.010  train_loss=0.3277  train_AUPR_all=0.5963  train_AUPR_ab=0.7069  train_AUPR_ag=0.4145  train_P@5_ab=1.0000  train_P@5_ag=1.0000  val_loss=0.3944  val_AUPR_all=0.5817  val_AUPR_ab=0.7036  val_AUPR_ag=0.3743  val_P@5_ab=0.9000  val_P@5_ag=0.9500  select=0.5390
  Saved checkpoint: checkpoints_esm/iPara_balanced_l1_g7_i5_do0.10_dpr0.10_lr0.0002_heads16_fold2.pth  select=0.5390  val_ab=0.7036  val_ag=0.3743  val_all=0.5817
Ep017  LR0=1.81e-04  pw=2.41  aucα=0.240  token_p=0.020  dropE=(0.020,0.080)  smooth=0.010  train_loss=0.3281  train_AUPR_all=0.6047  train_AUPR_ab=0.7156  train_AUPR_ag=0.4256  train_P@5_ab=0.9500  train_P@5_ag=0.7500  val_loss=0.3778  val_AUPR_all=0.5874  val_AUPR_ab=0.7215  val_AUPR_ag=0.3710  val_P@5_ab=0.8000  val_P@5_ag=0.9500  select=0.5463
  Saved checkpoint: checkpoints_esm/iPara_balanced_l1_g7_i5_do0.10_dpr0.10_lr0.0002_heads16_fold2.pth  select=0.5463  val_ab=0.7215  val_ag=0.3710  val_all=0.5874
Ep018  LR0=1.79e-04  pw=2.28  aucα=0.270  token_p=0.020  dropE=(0.020,0.080)  smooth=0.010  train_loss=0.3335  train_AUPR_all=0.6085  train_AUPR_ab=0.7202  train_AUPR_ag=0.4277  train_P@5_ab=0.9500  train_P@5_ag=0.9500  val_loss=0.3636  val_AUPR_all=0.5955  val_AUPR_ab=0.7205  val_AUPR_ag=0.3869  val_P@5_ab=0.9500  val_P@5_ag=1.0000  select=0.5537
  Saved checkpoint: checkpoints_esm/iPara_balanced_l1_g7_i5_do0.10_dpr0.10_lr0.0002_heads16_fold2.pth  select=0.5537  val_ab=0.7205  val_ag=0.3869  val_all=0.5955
Ep019  LR0=1.76e-04  pw=2.16  aucα=0.300  token_p=0.020  dropE=(0.020,0.080)  smooth=0.010  train_loss=0.3301  train_AUPR_all=0.6249  train_AUPR_ab=0.7339  train_AUPR_ag=0.4495  train_P@5_ab=1.0000  train_P@5_ag=0.8500  val_loss=0.3955  val_AUPR_all=0.5914  val_AUPR_ab=0.7205  val_AUPR_ag=0.3786  val_P@5_ab=1.0000  val_P@5_ag=1.0000  select=0.5495
Ep020  LR0=1.73e-04  pw=2.05  aucα=0.300  token_p=0.020  dropE=(0.020,0.080)  smooth=0.010  train_loss=0.3222  train_AUPR_all=0.6271  train_AUPR_ab=0.7384  train_AUPR_ag=0.4484  train_P@5_ab=1.0000  train_P@5_ag=1.0000  val_loss=0.3470  val_AUPR_all=0.6012  val_AUPR_ab=0.7278  val_AUPR_ag=0.3923  val_P@5_ab=0.9500  val_P@5_ag=1.0000  select=0.5601
  Saved checkpoint: checkpoints_esm/iPara_balanced_l1_g7_i5_do0.10_dpr0.10_lr0.0002_heads16_fold2.pth  select=0.5601  val_ab=0.7278  val_ag=0.3923  val_all=0.6012
Ep021  LR0=1.71e-04  pw=1.95  aucα=0.300  token_p=0.020  dropE=(0.020,0.080)  smooth=0.010  train_loss=0.3094  train_AUPR_all=0.6404  train_AUPR_ab=0.7477  train_AUPR_ag=0.4695  train_P@5_ab=1.0000  train_P@5_ag=0.9500  val_loss=0.3510  val_AUPR_all=0.6025  val_AUPR_ab=0.7214  val_AUPR_ag=0.4103  val_P@5_ab=0.9500  val_P@5_ag=1.0000  select=0.5658
  Saved checkpoint: checkpoints_esm/iPara_balanced_l1_g7_i5_do0.10_dpr0.10_lr0.0002_heads16_fold2.pth  select=0.5658  val_ab=0.7214  val_ag=0.4103  val_all=0.6025
Ep022  LR0=1.68e-04  pw=1.86  aucα=0.300  token_p=0.020  dropE=(0.020,0.080)  smooth=0.010  train_loss=0.3023  train_AUPR_all=0.6416  train_AUPR_ab=0.7497  train_AUPR_ag=0.4711  train_P@5_ab=1.0000  train_P@5_ag=1.0000  val_loss=0.3543  val_AUPR_all=0.5863  val_AUPR_ab=0.7208  val_AUPR_ag=0.3930  val_P@5_ab=1.0000  val_P@5_ag=1.0000  select=0.5569
Ep023  LR0=1.65e-04  pw=1.78  aucα=0.300  token_p=0.020  dropE=(0.020,0.080)  smooth=0.010  train_loss=0.2909  train_AUPR_all=0.6521  train_AUPR_ab=0.7572  train_AUPR_ag=0.4852  train_P@5_ab=1.0000  train_P@5_ag=1.0000  val_loss=0.3353  val_AUPR_all=0.5988  val_AUPR_ab=0.7195  val_AUPR_ag=0.4063  val_P@5_ab=1.0000  val_P@5_ag=0.8500  select=0.5629
Ep024  LR0=1.62e-04  pw=1.70  aucα=0.300  token_p=0.020  dropE=(0.020,0.080)  smooth=0.010  train_loss=0.2813  train_AUPR_all=0.6637  train_AUPR_ab=0.7667  train_AUPR_ag=0.5031  train_P@5_ab=1.0000  train_P@5_ag=0.9500  val_loss=0.3376  val_AUPR_all=0.6019  val_AUPR_ab=0.7295  val_AUPR_ag=0.4022  val_P@5_ab=0.9500  val_P@5_ag=1.0000  select=0.5659
Ep025  LR0=1.59e-04  pw=1.64  aucα=0.300  token_p=0.020  dropE=(0.020,0.080)  smooth=0.010  train_loss=0.2726  train_AUPR_all=0.6720  train_AUPR_ab=0.7702  train_AUPR_ag=0.5189  train_P@5_ab=0.9500  train_P@5_ag=0.9500  val_loss=0.3235  val_AUPR_all=0.5987  val_AUPR_ab=0.7237  val_AUPR_ag=0.4049  val_P@5_ab=1.0000  val_P@5_ag=0.9500  select=0.5643
Ep026  LR0=1.56e-04  pw=1.57  aucα=0.300  token_p=0.020  dropE=(0.020,0.080)  smooth=0.010  train_loss=0.2628  train_AUPR_all=0.6842  train_AUPR_ab=0.7795  train_AUPR_ag=0.5360  train_P@5_ab=1.0000  train_P@5_ag=1.0000  val_loss=0.3244  val_AUPR_all=0.5931  val_AUPR_ab=0.7291  val_AUPR_ag=0.3830  val_P@5_ab=0.9500  val_P@5_ag=0.8500  select=0.5561
Ep027  LR0=1.52e-04  pw=1.52  aucα=0.300  token_p=0.020  dropE=(0.020,0.080)  smooth=0.010  train_loss=0.2563  train_AUPR_all=0.6869  train_AUPR_ab=0.7813  train_AUPR_ag=0.5406  train_P@5_ab=0.9000  train_P@5_ag=0.9000  val_loss=0.3226  val_AUPR_all=0.5848  val_AUPR_ab=0.7040  val_AUPR_ag=0.3929  val_P@5_ab=1.0000  val_P@5_ag=1.0000  select=0.5485
Ep028  LR0=1.49e-04  pw=1.47  aucα=0.300  token_p=0.020  dropE=(0.020,0.080)  smooth=0.010  train_loss=0.2523  train_AUPR_all=0.6919  train_AUPR_ab=0.7856  train_AUPR_ag=0.5470  train_P@5_ab=1.0000  train_P@5_ag=1.0000  val_loss=0.3148  val_AUPR_all=0.6120  val_AUPR_ab=0.7396  val_AUPR_ag=0.4050  val_P@5_ab=1.0000  val_P@5_ag=0.8000  select=0.5723
  Saved checkpoint: checkpoints_esm/iPara_balanced_l1_g7_i5_do0.10_dpr0.10_lr0.0002_heads16_fold2.pth  select=0.5723  val_ab=0.7396  val_ag=0.4050  val_all=0.6120
Ep029  LR0=1.46e-04  pw=1.43  aucα=0.300  token_p=0.020  dropE=(0.020,0.080)  smooth=0.010  train_loss=0.2435  train_AUPR_all=0.7025  train_AUPR_ab=0.7905  train_AUPR_ag=0.5674  train_P@5_ab=1.0000  train_P@5_ag=1.0000  val_loss=0.3066  val_AUPR_all=0.6126  val_AUPR_ab=0.7303  val_AUPR_ag=0.4318  val_P@5_ab=0.9500  val_P@5_ag=0.9500  select=0.5811
  Saved checkpoint: checkpoints_esm/iPara_balanced_l1_g7_i5_do0.10_dpr0.10_lr0.0002_heads16_fold2.pth  select=0.5811  val_ab=0.7303  val_ag=0.4318  val_all=0.6126
Ep030  LR0=1.42e-04  pw=1.39  aucα=0.300  token_p=0.020  dropE=(0.020,0.080)  smooth=0.010  train_loss=0.2392  train_AUPR_all=0.7061  train_AUPR_ab=0.7926  train_AUPR_ag=0.5741  train_P@5_ab=1.0000  train_P@5_ag=0.9500  val_loss=0.3056  val_AUPR_all=0.6051  val_AUPR_ab=0.7271  val_AUPR_ag=0.4190  val_P@5_ab=1.0000  val_P@5_ag=0.9000  select=0.5731
Ep031  LR0=1.38e-04  pw=1.35  aucα=0.300  token_p=0.020  dropE=(0.020,0.080)  smooth=0.010  train_loss=0.2277  train_AUPR_all=0.7214  train_AUPR_ab=0.8024  train_AUPR_ag=0.5983  train_P@5_ab=1.0000  train_P@5_ag=0.9500  val_loss=0.3126  val_AUPR_all=0.6078  val_AUPR_ab=0.7354  val_AUPR_ag=0.4086  val_P@5_ab=0.9500  val_P@5_ag=0.9500  select=0.5720
Ep032  LR0=1.35e-04  pw=1.32  aucα=0.300  token_p=0.020  dropE=(0.020,0.080)  smooth=0.010  train_loss=0.2193  train_AUPR_all=0.7345  train_AUPR_ab=0.8114  train_AUPR_ag=0.6185  train_P@5_ab=1.0000  train_P@5_ag=0.9000  val_loss=0.3075  val_AUPR_all=0.6115  val_AUPR_ab=0.7353  val_AUPR_ag=0.4286  val_P@5_ab=0.9500  val_P@5_ag=1.0000  select=0.5820
  Saved checkpoint: checkpoints_esm/iPara_balanced_l1_g7_i5_do0.10_dpr0.10_lr0.0002_heads16_fold2.pth  select=0.5820  val_ab=0.7353  val_ag=0.4286  val_all=0.6115
Ep033  LR0=1.31e-04  pw=1.29  aucα=0.300  token_p=0.020  dropE=(0.020,0.080)  smooth=0.010  train_loss=0.2158  train_AUPR_all=0.7385  train_AUPR_ab=0.8147  train_AUPR_ag=0.6231  train_P@5_ab=1.0000  train_P@5_ag=0.9000  val_loss=0.2958  val_AUPR_all=0.6278  val_AUPR_ab=0.7522  val_AUPR_ag=0.4406  val_P@5_ab=0.9500  val_P@5_ag=1.0000  select=0.5964
  Saved checkpoint: checkpoints_esm/iPara_balanced_l1_g7_i5_do0.10_dpr0.10_lr0.0002_heads16_fold2.pth  select=0.5964  val_ab=0.7522  val_ag=0.4406  val_all=0.6278
Ep034  LR0=1.27e-04  pw=1.26  aucα=0.300  token_p=0.020  dropE=(0.020,0.080)  smooth=0.010  train_loss=0.2131  train_AUPR_all=0.7409  train_AUPR_ab=0.8149  train_AUPR_ag=0.6299  train_P@5_ab=1.0000  train_P@5_ag=0.9500  val_loss=0.2887  val_AUPR_all=0.6267  val_AUPR_ab=0.7457  val_AUPR_ag=0.4425  val_P@5_ab=1.0000  val_P@5_ag=0.9000  select=0.5941
Ep035  LR0=1.24e-04  pw=1.23  aucα=0.300  token_p=0.020  dropE=(0.020,0.080)  smooth=0.010  train_loss=0.2051  train_AUPR_all=0.7513  train_AUPR_ab=0.8224  train_AUPR_ag=0.6452  train_P@5_ab=1.0000  train_P@5_ag=1.0000  val_loss=0.3022  val_AUPR_all=0.6169  val_AUPR_ab=0.7515  val_AUPR_ag=0.4204  val_P@5_ab=1.0000  val_P@5_ag=0.9500  select=0.5860
Ep036  LR0=1.20e-04  pw=1.21  aucα=0.300  token_p=0.020  dropE=(0.020,0.080)  smooth=0.010  train_loss=0.2006  train_AUPR_all=0.7592  train_AUPR_ab=0.8292  train_AUPR_ag=0.6544  train_P@5_ab=1.0000  train_P@5_ag=0.9000  val_loss=0.3012  val_AUPR_all=0.6152  val_AUPR_ab=0.7482  val_AUPR_ag=0.4164  val_P@5_ab=0.9500  val_P@5_ag=1.0000  select=0.5823
Ep037  LR0=1.16e-04  pw=1.19  aucα=0.300  token_p=0.020  dropE=(0.020,0.080)  smooth=0.010  train_loss=0.1941  train_AUPR_all=0.7679  train_AUPR_ab=0.8332  train_AUPR_ag=0.6704  train_P@5_ab=1.0000  train_P@5_ag=0.9500  val_loss=0.3031  val_AUPR_all=0.6173  val_AUPR_ab=0.7529  val_AUPR_ag=0.4182  val_P@5_ab=1.0000  val_P@5_ag=0.9500  select=0.5856
Ep038  LR0=1.12e-04  pw=1.17  aucα=0.300  token_p=0.020  dropE=(0.020,0.080)  smooth=0.010  train_loss=0.1884  train_AUPR_all=0.7757  train_AUPR_ab=0.8379  train_AUPR_ag=0.6836  train_P@5_ab=1.0000  train_P@5_ag=1.0000  val_loss=0.2849  val_AUPR_all=0.6271  val_AUPR_ab=0.7545  val_AUPR_ag=0.4260  val_P@5_ab=0.9500  val_P@5_ag=0.9500  select=0.5903
Ep039  LR0=1.08e-04  pw=1.16  aucα=0.300  token_p=0.020  dropE=(0.020,0.080)  smooth=0.010  train_loss=0.1838  train_AUPR_all=0.7820  train_AUPR_ab=0.8420  train_AUPR_ag=0.6934  train_P@5_ab=1.0000  train_P@5_ag=1.0000  val_loss=0.3065  val_AUPR_all=0.6114  val_AUPR_ab=0.7518  val_AUPR_ag=0.4163  val_P@5_ab=1.0000  val_P@5_ag=1.0000  select=0.5841
Ep040  LR0=1.04e-04  pw=1.14  aucα=0.300  token_p=0.020  dropE=(0.020,0.080)  smooth=0.010  train_loss=0.1757  train_AUPR_all=0.7969  train_AUPR_ab=0.8526  train_AUPR_ag=0.7148  train_P@5_ab=1.0000  train_P@5_ag=1.0000  val_loss=0.2917  val_AUPR_all=0.6237  val_AUPR_ab=0.7528  val_AUPR_ag=0.4359  val_P@5_ab=1.0000  val_P@5_ag=0.9500  select=0.5943
Ep041  LR0=1.00e-04  pw=1.13  aucα=0.300  token_p=0.020  dropE=(0.020,0.080)  smooth=0.010  train_loss=0.1718  train_AUPR_all=0.8014  train_AUPR_ab=0.8572  train_AUPR_ag=0.7183  train_P@5_ab=1.0000  train_P@5_ag=1.0000  val_loss=0.3031  val_AUPR_all=0.6222  val_AUPR_ab=0.7507  val_AUPR_ag=0.4415  val_P@5_ab=0.8500  val_P@5_ag=1.0000  select=0.5961
Ep042  LR0=9.63e-05  pw=1.12  aucα=0.300  token_p=0.020  dropE=(0.020,0.080)  smooth=0.010  train_loss=0.1647  train_AUPR_all=0.8144  train_AUPR_ab=0.8655  train_AUPR_ag=0.7391  train_P@5_ab=1.0000  train_P@5_ag=1.0000  val_loss=0.2990  val_AUPR_all=0.6161  val_AUPR_ab=0.7461  val_AUPR_ag=0.4264  val_P@5_ab=0.9000  val_P@5_ag=1.0000  select=0.5862
Ep043  LR0=9.24e-05  pw=1.10  aucα=0.300  token_p=0.020  dropE=(0.020,0.080)  smooth=0.010  train_loss=0.1644  train_AUPR_all=0.8134  train_AUPR_ab=0.8667  train_AUPR_ag=0.7344  train_P@5_ab=1.0000  train_P@5_ag=1.0000  val_loss=0.2956  val_AUPR_all=0.6182  val_AUPR_ab=0.7551  val_AUPR_ag=0.4319  val_P@5_ab=1.0000  val_P@5_ag=1.0000  select=0.5935
Ep044  LR0=8.85e-05  pw=1.09  aucα=0.300  token_p=0.020  dropE=(0.020,0.080)  smooth=0.010  train_loss=0.1601  train_AUPR_all=0.8197  train_AUPR_ab=0.8677  train_AUPR_ag=0.7490  train_P@5_ab=1.0000  train_P@5_ag=0.9500  val_loss=0.3043  val_AUPR_all=0.6089  val_AUPR_ab=0.7441  val_AUPR_ag=0.4146  val_P@5_ab=1.0000  val_P@5_ag=1.0000  select=0.5793
Ep045  LR0=8.46e-05  pw=1.09  aucα=0.300  token_p=0.020  dropE=(0.020,0.080)  smooth=0.010  train_loss=0.1573  train_AUPR_all=0.8247  train_AUPR_ab=0.8723  train_AUPR_ag=0.7551  train_P@5_ab=1.0000  train_P@5_ag=1.0000  val_loss=0.3049  val_AUPR_all=0.6062  val_AUPR_ab=0.7398  val_AUPR_ag=0.4175  val_P@5_ab=1.0000  val_P@5_ag=1.0000  select=0.5787
Ep046  LR0=8.08e-05  pw=1.08  aucα=0.300  token_p=0.020  dropE=(0.020,0.080)  smooth=0.010  train_loss=0.1571  train_AUPR_all=0.8237  train_AUPR_ab=0.8744  train_AUPR_ag=0.7486  train_P@5_ab=1.0000  train_P@5_ag=1.0000  val_loss=0.2913  val_AUPR_all=0.6249  val_AUPR_ab=0.7468  val_AUPR_ag=0.4432  val_P@5_ab=0.9500  val_P@5_ag=1.0000  select=0.5950
Ep047  LR0=7.70e-05  pw=1.07  aucα=0.300  token_p=0.020  dropE=(0.020,0.080)  smooth=0.010  train_loss=0.1485  train_AUPR_all=0.8388  train_AUPR_ab=0.8856  train_AUPR_ag=0.7692  train_P@5_ab=1.0000  train_P@5_ag=1.0000  val_loss=0.2959  val_AUPR_all=0.6137  val_AUPR_ab=0.7466  val_AUPR_ag=0.4212  val_P@5_ab=1.0000  val_P@5_ag=1.0000  select=0.5839
Ep048  LR0=7.32e-05  pw=1.06  aucα=0.300  token_p=0.020  dropE=(0.020,0.080)  smooth=0.010  train_loss=0.1454  train_AUPR_all=0.8438  train_AUPR_ab=0.8863  train_AUPR_ag=0.7810  train_P@5_ab=1.0000  train_P@5_ag=1.0000  val_loss=0.3122  val_AUPR_all=0.6075  val_AUPR_ab=0.7445  val_AUPR_ag=0.4076  val_P@5_ab=0.9500  val_P@5_ag=1.0000  select=0.5761
Ep049  LR0=6.94e-05  pw=1.06  aucα=0.300  token_p=0.020  dropE=(0.020,0.080)  smooth=0.010  train_loss=0.1461  train_AUPR_all=0.8416  train_AUPR_ab=0.8850  train_AUPR_ag=0.7781  train_P@5_ab=1.0000  train_P@5_ag=1.0000  val_loss=0.2995  val_AUPR_all=0.6252  val_AUPR_ab=0.7523  val_AUPR_ag=0.4380  val_P@5_ab=0.9500  val_P@5_ag=1.0000  select=0.5951
Ep050  LR0=6.57e-05  pw=1.05  aucα=0.300  token_p=0.020  dropE=(0.020,0.080)  smooth=0.010  train_loss=0.1370  train_AUPR_all=0.8581  train_AUPR_ab=0.8986  train_AUPR_ag=0.7981  train_P@5_ab=1.0000  train_P@5_ag=1.0000  val_loss=0.3005  val_AUPR_all=0.6189  val_AUPR_ab=0.7431  val_AUPR_ag=0.4348  val_P@5_ab=0.7500  val_P@5_ag=0.9500  select=0.5890
Ep051  LR0=6.21e-05  pw=1.05  aucα=0.300  token_p=0.020  dropE=(0.020,0.080)  smooth=0.010  train_loss=0.1347  train_AUPR_all=0.8608  train_AUPR_ab=0.9012  train_AUPR_ag=0.8013  train_P@5_ab=1.0000  train_P@5_ag=0.9500  val_loss=0.3042  val_AUPR_all=0.6143  val_AUPR_ab=0.7432  val_AUPR_ag=0.4304  val_P@5_ab=0.9000  val_P@5_ag=1.0000  select=0.5868
Ep052  LR0=5.85e-05  pw=1.04  aucα=0.300  token_p=0.020  dropE=(0.020,0.080)  smooth=0.010  train_loss=0.1328  train_AUPR_all=0.8636  train_AUPR_ab=0.9031  train_AUPR_ag=0.8050  train_P@5_ab=1.0000  train_P@5_ag=0.9500  val_loss=0.3052  val_AUPR_all=0.6173  val_AUPR_ab=0.7519  val_AUPR_ag=0.4230  val_P@5_ab=0.8500  val_P@5_ag=1.0000  select=0.5875
Ep053  LR0=5.50e-05  pw=1.04  aucα=0.300  token_p=0.020  dropE=(0.020,0.080)  smooth=0.010  train_loss=0.1289  train_AUPR_all=0.8703  train_AUPR_ab=0.9069  train_AUPR_ag=0.8163  train_P@5_ab=1.0000  train_P@5_ag=1.0000  val_loss=0.3074  val_AUPR_all=0.6083  val_AUPR_ab=0.7466  val_AUPR_ag=0.4138  val_P@5_ab=0.8500  val_P@5_ag=1.0000  select=0.5802
Early stopping at epoch 53. Best select=0.5964 at epoch 33.
Final saved checkpoint for fold 2: checkpoints_esm/iPara_balanced_l1_g7_i5_do0.10_dpr0.10_lr0.0002_heads16_fold2.pth
Best select=0.5964 at epoch 33

==========================================================================================
Fold 3/5
==========================================================================================
Train labels: valid=401949, pos=26660, neg=375289, ignore=695651, pos_frac=0.06633
Val labels: valid=98243, pos=6570, neg=91673, ignore=176957, pos_frac=0.06687
Initializing ClassificationModel with 7 GAT layers and residual connections...
Initializing MCModel with 7 GAT layers and 5 row attention layers (drop_path_rate=0.1, use_esm=True)
Initializing CoreModel with 1 layers, drop_path_rate=0.1
Ep001  LR0=2.00e-04  pw=8.00  aucα=0.000  token_p=0.020  dropE=(0.020,0.080)  smooth=0.010  train_loss=0.8457  train_AUPR_all=0.1688  train_AUPR_ab=0.1882  train_AUPR_ag=0.1451  train_P@5_ab=0.2000  train_P@5_ag=0.3000  val_loss=1.4968  val_AUPR_all=0.3453  val_AUPR_ab=0.4358  val_AUPR_ag=0.2075  val_P@5_ab=0.8500  val_P@5_ag=0.6500  select=0.3217
  Saved checkpoint: checkpoints_esm/iPara_balanced_l1_g7_i5_do0.10_dpr0.10_lr0.0002_heads16_fold3.pth  select=0.3217  val_ab=0.4358  val_ag=0.2075  val_all=0.3453
Ep002  LR0=2.00e-04  pw=7.33  aucα=0.000  token_p=0.020  dropE=(0.020,0.080)  smooth=0.010  train_loss=0.5475  train_AUPR_all=0.3797  train_AUPR_ab=0.4633  train_AUPR_ag=0.2437  train_P@5_ab=0.7500  train_P@5_ag=0.6000  val_loss=0.8175  val_AUPR_all=0.4256  val_AUPR_ab=0.5225  val_AUPR_ag=0.2638  val_P@5_ab=1.0000  val_P@5_ag=0.7000  select=0.3932
  Saved checkpoint: checkpoints_esm/iPara_balanced_l1_g7_i5_do0.10_dpr0.10_lr0.0002_heads16_fold3.pth  select=0.3932  val_ab=0.5225  val_ag=0.2638  val_all=0.4256
Ep003  LR0=2.00e-04  pw=6.73  aucα=0.000  token_p=0.020  dropE=(0.020,0.080)  smooth=0.010  train_loss=0.4913  train_AUPR_all=0.4292  train_AUPR_ab=0.5167  train_AUPR_ag=0.2807  train_P@5_ab=0.7500  train_P@5_ag=0.8500  val_loss=0.7155  val_AUPR_all=0.4630  val_AUPR_ab=0.5664  val_AUPR_ag=0.2872  val_P@5_ab=0.6500  val_P@5_ag=0.6500  select=0.4268
  Saved checkpoint: checkpoints_esm/iPara_balanced_l1_g7_i5_do0.10_dpr0.10_lr0.0002_heads16_fold3.pth  select=0.4268  val_ab=0.5664  val_ag=0.2872  val_all=0.4630
Ep004  LR0=1.99e-04  pw=6.19  aucα=0.000  token_p=0.020  dropE=(0.020,0.080)  smooth=0.010  train_loss=0.4476  train_AUPR_all=0.4635  train_AUPR_ab=0.5571  train_AUPR_ag=0.3010  train_P@5_ab=0.8000  train_P@5_ag=0.8500  val_loss=0.7109  val_AUPR_all=0.5105  val_AUPR_ab=0.6103  val_AUPR_ag=0.3261  val_P@5_ab=0.7000  val_P@5_ag=0.8500  select=0.4682
  Saved checkpoint: checkpoints_esm/iPara_balanced_l1_g7_i5_do0.10_dpr0.10_lr0.0002_heads16_fold3.pth  select=0.4682  val_ab=0.6103  val_ag=0.3261  val_all=0.5105
Ep005  LR0=1.99e-04  pw=5.69  aucα=0.000  token_p=0.020  dropE=(0.020,0.080)  smooth=0.010  train_loss=0.4179  train_AUPR_all=0.4706  train_AUPR_ab=0.5608  train_AUPR_ag=0.3125  train_P@5_ab=0.6500  train_P@5_ag=0.7000  val_loss=0.6822  val_AUPR_all=0.4950  val_AUPR_ab=0.6109  val_AUPR_ag=0.3223  val_P@5_ab=0.5000  val_P@5_ag=0.5000  select=0.4666
Ep006  LR0=1.98e-04  pw=5.25  aucα=0.000  token_p=0.020  dropE=(0.020,0.080)  smooth=0.010  train_loss=0.3907  train_AUPR_all=0.5009  train_AUPR_ab=0.5977  train_AUPR_ag=0.3257  train_P@5_ab=0.7000  train_P@5_ag=1.0000  val_loss=0.5882  val_AUPR_all=0.4974  val_AUPR_ab=0.6188  val_AUPR_ag=0.3164  val_P@5_ab=0.8000  val_P@5_ag=0.6500  select=0.4676
Ep007  LR0=1.97e-04  pw=4.84  aucα=0.000  token_p=0.020  dropE=(0.020,0.080)  smooth=0.010  train_loss=0.3691  train_AUPR_all=0.5051  train_AUPR_ab=0.5957  train_AUPR_ag=0.3392  train_P@5_ab=0.5500  train_P@5_ag=1.0000  val_loss=0.7599  val_AUPR_all=0.4910  val_AUPR_ab=0.6372  val_AUPR_ag=0.2579  val_P@5_ab=0.5500  val_P@5_ag=0.4000  select=0.4476
Ep008  LR0=1.96e-04  pw=4.48  aucα=0.000  token_p=0.020  dropE=(0.020,0.080)  smooth=0.010  train_loss=0.3457  train_AUPR_all=0.5275  train_AUPR_ab=0.6300  train_AUPR_ag=0.3425  train_P@5_ab=0.8000  train_P@5_ag=0.9000  val_loss=0.5852  val_AUPR_all=0.5133  val_AUPR_ab=0.6237  val_AUPR_ag=0.3355  val_P@5_ab=0.8500  val_P@5_ag=0.7000  select=0.4796
  Saved checkpoint: checkpoints_esm/iPara_balanced_l1_g7_i5_do0.10_dpr0.10_lr0.0002_heads16_fold3.pth  select=0.4796  val_ab=0.6237  val_ag=0.3355  val_all=0.5133
Ep009  LR0=1.95e-04  pw=4.15  aucα=0.000  token_p=0.020  dropE=(0.020,0.080)  smooth=0.010  train_loss=0.3270  train_AUPR_all=0.5360  train_AUPR_ab=0.6360  train_AUPR_ag=0.3571  train_P@5_ab=0.9000  train_P@5_ag=1.0000  val_loss=0.4799  val_AUPR_all=0.5656  val_AUPR_ab=0.6615  val_AUPR_ag=0.3916  val_P@5_ab=0.5000  val_P@5_ag=0.9000  select=0.5265
  Saved checkpoint: checkpoints_esm/iPara_balanced_l1_g7_i5_do0.10_dpr0.10_lr0.0002_heads16_fold3.pth  select=0.5265  val_ab=0.6615  val_ag=0.3916  val_all=0.5656
Ep010  LR0=1.94e-04  pw=3.85  aucα=0.030  token_p=0.020  dropE=(0.020,0.080)  smooth=0.010  train_loss=0.3292  train_AUPR_all=0.5438  train_AUPR_ab=0.6452  train_AUPR_ag=0.3589  train_P@5_ab=0.7000  train_P@5_ag=0.8500  val_loss=0.4693  val_AUPR_all=0.5724  val_AUPR_ab=0.6872  val_AUPR_ag=0.3784  val_P@5_ab=0.8500  val_P@5_ag=0.9000  select=0.5328
  Saved checkpoint: checkpoints_esm/iPara_balanced_l1_g7_i5_do0.10_dpr0.10_lr0.0002_heads16_fold3.pth  select=0.5328  val_ab=0.6872  val_ag=0.3784  val_all=0.5724
Unfreezing DyM parameters.
Ep011  LR0=1.92e-04  pw=3.58  aucα=0.060  token_p=0.020  dropE=(0.020,0.080)  smooth=0.010  train_loss=0.3286  train_AUPR_all=0.5571  train_AUPR_ab=0.6644  train_AUPR_ag=0.3684  train_P@5_ab=1.0000  train_P@5_ag=1.0000  val_loss=0.4583  val_AUPR_all=0.5546  val_AUPR_ab=0.6844  val_AUPR_ag=0.3648  val_P@5_ab=0.8500  val_P@5_ag=0.9500  select=0.5246
Ep012  LR0=1.91e-04  pw=3.33  aucα=0.090  token_p=0.020  dropE=(0.020,0.080)  smooth=0.010  train_loss=0.3289  train_AUPR_all=0.5584  train_AUPR_ab=0.6682  train_AUPR_ag=0.3726  train_P@5_ab=1.0000  train_P@5_ag=0.9000  val_loss=0.4872  val_AUPR_all=0.5377  val_AUPR_ab=0.6585  val_AUPR_ag=0.3415  val_P@5_ab=0.9000  val_P@5_ag=1.0000  select=0.5000
Ep013  LR0=1.89e-04  pw=3.11  aucα=0.120  token_p=0.020  dropE=(0.020,0.080)  smooth=0.010  train_loss=0.3252  train_AUPR_all=0.5757  train_AUPR_ab=0.6890  train_AUPR_ag=0.3834  train_P@5_ab=0.8500  train_P@5_ag=0.8500  val_loss=0.4581  val_AUPR_all=0.5541  val_AUPR_ab=0.6956  val_AUPR_ag=0.3525  val_P@5_ab=0.8500  val_P@5_ag=0.9000  select=0.5241
Ep014  LR0=1.87e-04  pw=2.91  aucα=0.150  token_p=0.020  dropE=(0.020,0.080)  smooth=0.010  train_loss=0.3271  train_AUPR_all=0.5751  train_AUPR_ab=0.6910  train_AUPR_ag=0.3841  train_P@5_ab=0.9000  train_P@5_ag=0.9500  val_loss=0.4105  val_AUPR_all=0.5780  val_AUPR_ab=0.7007  val_AUPR_ag=0.3829  val_P@5_ab=0.8500  val_P@5_ag=0.9000  select=0.5418
  Saved checkpoint: checkpoints_esm/iPara_balanced_l1_g7_i5_do0.10_dpr0.10_lr0.0002_heads16_fold3.pth  select=0.5418  val_ab=0.7007  val_ag=0.3829  val_all=0.5780
Ep015  LR0=1.85e-04  pw=2.73  aucα=0.180  token_p=0.020  dropE=(0.020,0.080)  smooth=0.010  train_loss=0.3291  train_AUPR_all=0.5838  train_AUPR_ab=0.7001  train_AUPR_ag=0.3891  train_P@5_ab=0.9500  train_P@5_ag=0.8500  val_loss=0.3967  val_AUPR_all=0.5894  val_AUPR_ab=0.7146  val_AUPR_ag=0.3830  val_P@5_ab=0.9000  val_P@5_ag=1.0000  select=0.5488
  Saved checkpoint: checkpoints_esm/iPara_balanced_l1_g7_i5_do0.10_dpr0.10_lr0.0002_heads16_fold3.pth  select=0.5488  val_ab=0.7146  val_ag=0.3830  val_all=0.5894
Ep016  LR0=1.83e-04  pw=2.56  aucα=0.210  token_p=0.020  dropE=(0.020,0.080)  smooth=0.010  train_loss=0.3307  train_AUPR_all=0.5931  train_AUPR_ab=0.7057  train_AUPR_ag=0.4077  train_P@5_ab=1.0000  train_P@5_ag=0.9500  val_loss=0.3873  val_AUPR_all=0.5732  val_AUPR_ab=0.6952  val_AUPR_ag=0.3846  val_P@5_ab=0.8500  val_P@5_ag=0.8500  select=0.5399
Ep017  LR0=1.81e-04  pw=2.41  aucα=0.240  token_p=0.020  dropE=(0.020,0.080)  smooth=0.010  train_loss=0.3306  train_AUPR_all=0.6017  train_AUPR_ab=0.7171  train_AUPR_ag=0.4143  train_P@5_ab=1.0000  train_P@5_ag=0.8500  val_loss=0.4041  val_AUPR_all=0.5596  val_AUPR_ab=0.6873  val_AUPR_ag=0.3709  val_P@5_ab=0.6000  val_P@5_ag=0.5500  select=0.5291
Ep018  LR0=1.79e-04  pw=2.28  aucα=0.270  token_p=0.020  dropE=(0.020,0.080)  smooth=0.010  train_loss=0.3360  train_AUPR_all=0.6050  train_AUPR_ab=0.7200  train_AUPR_ag=0.4163  train_P@5_ab=1.0000  train_P@5_ag=1.0000  val_loss=0.3627  val_AUPR_all=0.5999  val_AUPR_ab=0.7212  val_AUPR_ag=0.4045  val_P@5_ab=0.9500  val_P@5_ag=0.9000  select=0.5628
  Saved checkpoint: checkpoints_esm/iPara_balanced_l1_g7_i5_do0.10_dpr0.10_lr0.0002_heads16_fold3.pth  select=0.5628  val_ab=0.7212  val_ag=0.4045  val_all=0.5999
Ep019  LR0=1.76e-04  pw=2.16  aucα=0.300  token_p=0.020  dropE=(0.020,0.080)  smooth=0.010  train_loss=0.3372  train_AUPR_all=0.6142  train_AUPR_ab=0.7277  train_AUPR_ag=0.4295  train_P@5_ab=0.9500  train_P@5_ag=1.0000  val_loss=0.3621  val_AUPR_all=0.5860  val_AUPR_ab=0.7138  val_AUPR_ag=0.3743  val_P@5_ab=0.9500  val_P@5_ag=0.8000  select=0.5441
Ep020  LR0=1.73e-04  pw=2.05  aucα=0.300  token_p=0.020  dropE=(0.020,0.080)  smooth=0.010  train_loss=0.3278  train_AUPR_all=0.6217  train_AUPR_ab=0.7358  train_AUPR_ag=0.4360  train_P@5_ab=0.9500  train_P@5_ag=0.9000  val_loss=0.3425  val_AUPR_all=0.6053  val_AUPR_ab=0.7260  val_AUPR_ag=0.4026  val_P@5_ab=0.9000  val_P@5_ag=0.9500  select=0.5643
  Saved checkpoint: checkpoints_esm/iPara_balanced_l1_g7_i5_do0.10_dpr0.10_lr0.0002_heads16_fold3.pth  select=0.5643  val_ab=0.7260  val_ag=0.4026  val_all=0.6053
Ep021  LR0=1.71e-04  pw=1.95  aucα=0.300  token_p=0.020  dropE=(0.020,0.080)  smooth=0.010  train_loss=0.3150  train_AUPR_all=0.6318  train_AUPR_ab=0.7485  train_AUPR_ag=0.4451  train_P@5_ab=1.0000  train_P@5_ag=1.0000  val_loss=0.3433  val_AUPR_all=0.5913  val_AUPR_ab=0.7171  val_AUPR_ag=0.3908  val_P@5_ab=0.9500  val_P@5_ag=1.0000  select=0.5540
Ep022  LR0=1.68e-04  pw=1.86  aucα=0.300  token_p=0.020  dropE=(0.020,0.080)  smooth=0.010  train_loss=0.3076  train_AUPR_all=0.6390  train_AUPR_ab=0.7524  train_AUPR_ag=0.4590  train_P@5_ab=0.9000  train_P@5_ag=0.9000  val_loss=0.3457  val_AUPR_all=0.5902  val_AUPR_ab=0.7202  val_AUPR_ag=0.3697  val_P@5_ab=1.0000  val_P@5_ag=1.0000  select=0.5450
Ep023  LR0=1.65e-04  pw=1.78  aucα=0.300  token_p=0.020  dropE=(0.020,0.080)  smooth=0.010  train_loss=0.2979  train_AUPR_all=0.6444  train_AUPR_ab=0.7555  train_AUPR_ag=0.4677  train_P@5_ab=1.0000  train_P@5_ag=1.0000  val_loss=0.3397  val_AUPR_all=0.5914  val_AUPR_ab=0.7068  val_AUPR_ag=0.4044  val_P@5_ab=0.9000  val_P@5_ag=1.0000  select=0.5556
Ep024  LR0=1.62e-04  pw=1.70  aucα=0.300  token_p=0.020  dropE=(0.020,0.080)  smooth=0.010  train_loss=0.2885  train_AUPR_all=0.6548  train_AUPR_ab=0.7629  train_AUPR_ag=0.4836  train_P@5_ab=0.9500  train_P@5_ag=1.0000  val_loss=0.3300  val_AUPR_all=0.5974  val_AUPR_ab=0.7272  val_AUPR_ag=0.3877  val_P@5_ab=0.9500  val_P@5_ag=1.0000  select=0.5574
Ep025  LR0=1.59e-04  pw=1.64  aucα=0.300  token_p=0.020  dropE=(0.020,0.080)  smooth=0.010  train_loss=0.2800  train_AUPR_all=0.6619  train_AUPR_ab=0.7682  train_AUPR_ag=0.4944  train_P@5_ab=1.0000  train_P@5_ag=0.9000  val_loss=0.3217  val_AUPR_all=0.5932  val_AUPR_ab=0.7128  val_AUPR_ag=0.4008  val_P@5_ab=0.9500  val_P@5_ag=0.9500  select=0.5568
Ep026  LR0=1.56e-04  pw=1.57  aucα=0.300  token_p=0.020  dropE=(0.020,0.080)  smooth=0.010  train_loss=0.2722  train_AUPR_all=0.6676  train_AUPR_ab=0.7731  train_AUPR_ag=0.5014  train_P@5_ab=0.9500  train_P@5_ag=0.9500  val_loss=0.3004  val_AUPR_all=0.6266  val_AUPR_ab=0.7482  val_AUPR_ag=0.4301  val_P@5_ab=1.0000  val_P@5_ag=0.9000  select=0.5891
  Saved checkpoint: checkpoints_esm/iPara_balanced_l1_g7_i5_do0.10_dpr0.10_lr0.0002_heads16_fold3.pth  select=0.5891  val_ab=0.7482  val_ag=0.4301  val_all=0.6266
Ep027  LR0=1.52e-04  pw=1.52  aucα=0.300  token_p=0.020  dropE=(0.020,0.080)  smooth=0.010  train_loss=0.2623  train_AUPR_all=0.6793  train_AUPR_ab=0.7791  train_AUPR_ag=0.5240  train_P@5_ab=1.0000  train_P@5_ag=1.0000  val_loss=0.3078  val_AUPR_all=0.6053  val_AUPR_ab=0.7294  val_AUPR_ag=0.4111  val_P@5_ab=1.0000  val_P@5_ag=0.8500  select=0.5702
Ep028  LR0=1.49e-04  pw=1.47  aucα=0.300  token_p=0.020  dropE=(0.020,0.080)  smooth=0.010  train_loss=0.2595  train_AUPR_all=0.6805  train_AUPR_ab=0.7796  train_AUPR_ag=0.5264  train_P@5_ab=1.0000  train_P@5_ag=1.0000  val_loss=0.3061  val_AUPR_all=0.6119  val_AUPR_ab=0.7408  val_AUPR_ag=0.4107  val_P@5_ab=1.0000  val_P@5_ag=1.0000  select=0.5757
Ep029  LR0=1.46e-04  pw=1.43  aucα=0.300  token_p=0.020  dropE=(0.020,0.080)  smooth=0.010  train_loss=0.2508  train_AUPR_all=0.6920  train_AUPR_ab=0.7854  train_AUPR_ag=0.5484  train_P@5_ab=1.0000  train_P@5_ag=0.9500  val_loss=0.3176  val_AUPR_all=0.5961  val_AUPR_ab=0.7314  val_AUPR_ag=0.3977  val_P@5_ab=0.9500  val_P@5_ag=0.9000  select=0.5646
Ep030  LR0=1.42e-04  pw=1.39  aucα=0.300  token_p=0.020  dropE=(0.020,0.080)  smooth=0.010  train_loss=0.2414  train_AUPR_all=0.7037  train_AUPR_ab=0.7948  train_AUPR_ag=0.5636  train_P@5_ab=1.0000  train_P@5_ag=0.9500  val_loss=0.3069  val_AUPR_all=0.5995  val_AUPR_ab=0.7254  val_AUPR_ag=0.4104  val_P@5_ab=0.9000  val_P@5_ag=0.9500  select=0.5679
Ep031  LR0=1.38e-04  pw=1.35  aucα=0.300  token_p=0.020  dropE=(0.020,0.080)  smooth=0.010  train_loss=0.2324  train_AUPR_all=0.7155  train_AUPR_ab=0.8008  train_AUPR_ag=0.5860  train_P@5_ab=0.9500  train_P@5_ag=1.0000  val_loss=0.2944  val_AUPR_all=0.6205  val_AUPR_ab=0.7505  val_AUPR_ag=0.4176  val_P@5_ab=0.9000  val_P@5_ag=1.0000  select=0.5841
Ep032  LR0=1.35e-04  pw=1.32  aucα=0.300  token_p=0.020  dropE=(0.020,0.080)  smooth=0.010  train_loss=0.2254  train_AUPR_all=0.7255  train_AUPR_ab=0.8084  train_AUPR_ag=0.5996  train_P@5_ab=1.0000  train_P@5_ag=1.0000  val_loss=0.3051  val_AUPR_all=0.6050  val_AUPR_ab=0.7427  val_AUPR_ag=0.3993  val_P@5_ab=0.9000  val_P@5_ag=1.0000  select=0.5710
Ep033  LR0=1.31e-04  pw=1.29  aucα=0.300  token_p=0.020  dropE=(0.020,0.080)  smooth=0.010  train_loss=0.2191  train_AUPR_all=0.7325  train_AUPR_ab=0.8116  train_AUPR_ag=0.6131  train_P@5_ab=0.9500  train_P@5_ag=1.0000  val_loss=0.2991  val_AUPR_all=0.6111  val_AUPR_ab=0.7446  val_AUPR_ag=0.4078  val_P@5_ab=1.0000  val_P@5_ag=1.0000  select=0.5762
Ep034  LR0=1.27e-04  pw=1.26  aucα=0.300  token_p=0.020  dropE=(0.020,0.080)  smooth=0.010  train_loss=0.2113  train_AUPR_all=0.7429  train_AUPR_ab=0.8191  train_AUPR_ag=0.6274  train_P@5_ab=1.0000  train_P@5_ag=1.0000  val_loss=0.2987  val_AUPR_all=0.6150  val_AUPR_ab=0.7502  val_AUPR_ag=0.4132  val_P@5_ab=0.9500  val_P@5_ag=1.0000  select=0.5817
Ep035  LR0=1.24e-04  pw=1.23  aucα=0.300  token_p=0.020  dropE=(0.020,0.080)  smooth=0.010  train_loss=0.2109  train_AUPR_all=0.7424  train_AUPR_ab=0.8206  train_AUPR_ag=0.6240  train_P@5_ab=1.0000  train_P@5_ag=1.0000  val_loss=0.2989  val_AUPR_all=0.6108  val_AUPR_ab=0.7488  val_AUPR_ag=0.4077  val_P@5_ab=1.0000  val_P@5_ag=1.0000  select=0.5783
Ep036  LR0=1.20e-04  pw=1.21  aucα=0.300  token_p=0.020  dropE=(0.020,0.080)  smooth=0.010  train_loss=0.2039  train_AUPR_all=0.7525  train_AUPR_ab=0.8245  train_AUPR_ag=0.6444  train_P@5_ab=1.0000  train_P@5_ag=1.0000  val_loss=0.2915  val_AUPR_all=0.6168  val_AUPR_ab=0.7488  val_AUPR_ag=0.4180  val_P@5_ab=1.0000  val_P@5_ag=1.0000  select=0.5834
Ep037  LR0=1.16e-04  pw=1.19  aucα=0.300  token_p=0.020  dropE=(0.020,0.080)  smooth=0.010  train_loss=0.1943  train_AUPR_all=0.7673  train_AUPR_ab=0.8322  train_AUPR_ag=0.6709  train_P@5_ab=0.9500  train_P@5_ag=1.0000  val_loss=0.2985  val_AUPR_all=0.6095  val_AUPR_ab=0.7464  val_AUPR_ag=0.4132  val_P@5_ab=0.9500  val_P@5_ag=1.0000  select=0.5798
Ep038  LR0=1.12e-04  pw=1.17  aucα=0.300  token_p=0.020  dropE=(0.020,0.080)  smooth=0.010  train_loss=0.1911  train_AUPR_all=0.7713  train_AUPR_ab=0.8335  train_AUPR_ag=0.6794  train_P@5_ab=1.0000  train_P@5_ag=1.0000  val_loss=0.3017  val_AUPR_all=0.6017  val_AUPR_ab=0.7441  val_AUPR_ag=0.3883  val_P@5_ab=1.0000  val_P@5_ag=1.0000  select=0.5662
Ep039  LR0=1.08e-04  pw=1.16  aucα=0.300  token_p=0.020  dropE=(0.020,0.080)  smooth=0.010  train_loss=0.1901  train_AUPR_all=0.7710  train_AUPR_ab=0.8358  train_AUPR_ag=0.6745  train_P@5_ab=1.0000  train_P@5_ag=1.0000  val_loss=0.2950  val_AUPR_all=0.6070  val_AUPR_ab=0.7461  val_AUPR_ag=0.4165  val_P@5_ab=1.0000  val_P@5_ag=1.0000  select=0.5813
Ep040  LR0=1.04e-04  pw=1.14  aucα=0.300  token_p=0.020  dropE=(0.020,0.080)  smooth=0.010  train_loss=0.1810  train_AUPR_all=0.7847  train_AUPR_ab=0.8466  train_AUPR_ag=0.6921  train_P@5_ab=0.9500  train_P@5_ag=0.9500  val_loss=0.2954  val_AUPR_all=0.6093  val_AUPR_ab=0.7445  val_AUPR_ag=0.4174  val_P@5_ab=1.0000  val_P@5_ag=1.0000  select=0.5809
Ep041  LR0=1.00e-04  pw=1.13  aucα=0.300  token_p=0.020  dropE=(0.020,0.080)  smooth=0.010  train_loss=0.1788  train_AUPR_all=0.7906  train_AUPR_ab=0.8524  train_AUPR_ag=0.6978  train_P@5_ab=1.0000  train_P@5_ag=1.0000  val_loss=0.2878  val_AUPR_all=0.6097  val_AUPR_ab=0.7486  val_AUPR_ag=0.3981  val_P@5_ab=1.0000  val_P@5_ag=0.8500  select=0.5733
Ep042  LR0=9.63e-05  pw=1.12  aucα=0.300  token_p=0.020  dropE=(0.020,0.080)  smooth=0.010  train_loss=0.1760  train_AUPR_all=0.7931  train_AUPR_ab=0.8505  train_AUPR_ag=0.7079  train_P@5_ab=1.0000  train_P@5_ag=0.9500  val_loss=0.2901  val_AUPR_all=0.6085  val_AUPR_ab=0.7535  val_AUPR_ag=0.4095  val_P@5_ab=1.0000  val_P@5_ag=0.8000  select=0.5815
Ep043  LR0=9.24e-05  pw=1.10  aucα=0.300  token_p=0.020  dropE=(0.020,0.080)  smooth=0.010  train_loss=0.1722  train_AUPR_all=0.7979  train_AUPR_ab=0.8496  train_AUPR_ag=0.7222  train_P@5_ab=1.0000  train_P@5_ag=1.0000  val_loss=0.3029  val_AUPR_all=0.5961  val_AUPR_ab=0.7502  val_AUPR_ag=0.3882  val_P@5_ab=0.9500  val_P@5_ag=0.9000  select=0.5692
Ep044  LR0=8.85e-05  pw=1.09  aucα=0.300  token_p=0.020  dropE=(0.020,0.080)  smooth=0.010  train_loss=0.1640  train_AUPR_all=0.8121  train_AUPR_ab=0.8658  train_AUPR_ag=0.7321  train_P@5_ab=1.0000  train_P@5_ag=0.9500  val_loss=0.3016  val_AUPR_all=0.6041  val_AUPR_ab=0.7415  val_AUPR_ag=0.3984  val_P@5_ab=0.8500  val_P@5_ag=0.7500  select=0.5699
Ep045  LR0=8.46e-05  pw=1.09  aucα=0.300  token_p=0.020  dropE=(0.020,0.080)  smooth=0.010  train_loss=0.1641  train_AUPR_all=0.8118  train_AUPR_ab=0.8658  train_AUPR_ag=0.7311  train_P@5_ab=1.0000  train_P@5_ag=1.0000  val_loss=0.2926  val_AUPR_all=0.6077  val_AUPR_ab=0.7460  val_AUPR_ag=0.4033  val_P@5_ab=1.0000  val_P@5_ag=0.8500  select=0.5746
Ep046  LR0=8.08e-05  pw=1.08  aucα=0.300  token_p=0.020  dropE=(0.020,0.080)  smooth=0.010  train_loss=0.1619  train_AUPR_all=0.8155  train_AUPR_ab=0.8691  train_AUPR_ag=0.7354  train_P@5_ab=1.0000  train_P@5_ag=1.0000  val_loss=0.2929  val_AUPR_all=0.6084  val_AUPR_ab=0.7598  val_AUPR_ag=0.3987  val_P@5_ab=1.0000  val_P@5_ag=0.9000  select=0.5792
Early stopping at epoch 46. Best select=0.5891 at epoch 26.
Final saved checkpoint for fold 3: checkpoints_esm/iPara_balanced_l1_g7_i5_do0.10_dpr0.10_lr0.0002_heads16_fold3.pth
Best select=0.5891 at epoch 26

==========================================================================================
Fold 4/5
==========================================================================================
Train labels: valid=398858, pos=26560, neg=372298, ignore=700342, pos_frac=0.06659
Val labels: valid=101334, pos=6670, neg=94664, ignore=172266, pos_frac=0.06582
Initializing ClassificationModel with 7 GAT layers and residual connections...
Initializing MCModel with 7 GAT layers and 5 row attention layers (drop_path_rate=0.1, use_esm=True)
Initializing CoreModel with 1 layers, drop_path_rate=0.1
Ep001  LR0=2.00e-04  pw=8.00  aucα=0.000  token_p=0.020  dropE=(0.020,0.080)  smooth=0.010  train_loss=0.7626  train_AUPR_all=0.2266  train_AUPR_ab=0.2614  train_AUPR_ag=0.1759  train_P@5_ab=0.6000  train_P@5_ag=1.0000  val_loss=0.9222  val_AUPR_all=0.3559  val_AUPR_ab=0.4647  val_AUPR_ag=0.2002  val_P@5_ab=0.5500  val_P@5_ag=0.8000  select=0.3325
  Saved checkpoint: checkpoints_esm/iPara_balanced_l1_g7_i5_do0.10_dpr0.10_lr0.0002_heads16_fold4.pth  select=0.3325  val_ab=0.4647  val_ag=0.2002  val_all=0.3559
Ep002  LR0=2.00e-04  pw=7.33  aucα=0.000  token_p=0.020  dropE=(0.020,0.080)  smooth=0.010  train_loss=0.5533  train_AUPR_all=0.3839  train_AUPR_ab=0.4590  train_AUPR_ag=0.2607  train_P@5_ab=0.4500  train_P@5_ag=0.9000  val_loss=0.7561  val_AUPR_all=0.4100  val_AUPR_ab=0.5160  val_AUPR_ag=0.2268  val_P@5_ab=0.8500  val_P@5_ag=0.9000  select=0.3714
  Saved checkpoint: checkpoints_esm/iPara_balanced_l1_g7_i5_do0.10_dpr0.10_lr0.0002_heads16_fold4.pth  select=0.3714  val_ab=0.5160  val_ag=0.2268  val_all=0.4100
Ep003  LR0=2.00e-04  pw=6.73  aucα=0.000  token_p=0.020  dropE=(0.020,0.080)  smooth=0.010  train_loss=0.4868  train_AUPR_all=0.4368  train_AUPR_ab=0.5202  train_AUPR_ag=0.2937  train_P@5_ab=0.8500  train_P@5_ag=0.9500  val_loss=0.9008  val_AUPR_all=0.4309  val_AUPR_ab=0.5793  val_AUPR_ag=0.1987  val_P@5_ab=0.9500  val_P@5_ag=0.8000  select=0.3890
  Saved checkpoint: checkpoints_esm/iPara_balanced_l1_g7_i5_do0.10_dpr0.10_lr0.0002_heads16_fold4.pth  select=0.3890  val_ab=0.5793  val_ag=0.1987  val_all=0.4309
Ep004  LR0=1.99e-04  pw=6.19  aucα=0.000  token_p=0.020  dropE=(0.020,0.080)  smooth=0.010  train_loss=0.4552  train_AUPR_all=0.4542  train_AUPR_ab=0.5379  train_AUPR_ag=0.3071  train_P@5_ab=0.4500  train_P@5_ag=0.9000  val_loss=0.6266  val_AUPR_all=0.4861  val_AUPR_ab=0.5989  val_AUPR_ag=0.2968  val_P@5_ab=0.5000  val_P@5_ag=0.9500  select=0.4479
  Saved checkpoint: checkpoints_esm/iPara_balanced_l1_g7_i5_do0.10_dpr0.10_lr0.0002_heads16_fold4.pth  select=0.4479  val_ab=0.5989  val_ag=0.2968  val_all=0.4861
Ep005  LR0=1.99e-04  pw=5.69  aucα=0.000  token_p=0.020  dropE=(0.020,0.080)  smooth=0.010  train_loss=0.4100  train_AUPR_all=0.4905  train_AUPR_ab=0.5769  train_AUPR_ag=0.3298  train_P@5_ab=0.7000  train_P@5_ag=0.8000  val_loss=0.8152  val_AUPR_all=0.4819  val_AUPR_ab=0.6430  val_AUPR_ag=0.2392  val_P@5_ab=0.9000  val_P@5_ag=1.0000  select=0.4411
Ep006  LR0=1.98e-04  pw=5.25  aucα=0.000  token_p=0.020  dropE=(0.020,0.080)  smooth=0.010  train_loss=0.3920  train_AUPR_all=0.5020  train_AUPR_ab=0.5916  train_AUPR_ag=0.3356  train_P@5_ab=0.7500  train_P@5_ag=0.8000  val_loss=0.6432  val_AUPR_all=0.4852  val_AUPR_ab=0.6096  val_AUPR_ag=0.2835  val_P@5_ab=0.8500  val_P@5_ag=1.0000  select=0.4466
Ep007  LR0=1.97e-04  pw=4.84  aucα=0.000  token_p=0.020  dropE=(0.020,0.080)  smooth=0.010  train_loss=0.3698  train_AUPR_all=0.5170  train_AUPR_ab=0.6013  train_AUPR_ag=0.3512  train_P@5_ab=0.6000  train_P@5_ag=0.8500  val_loss=0.5594  val_AUPR_all=0.5209  val_AUPR_ab=0.6437  val_AUPR_ag=0.3229  val_P@5_ab=0.9500  val_P@5_ag=0.9000  select=0.4833
  Saved checkpoint: checkpoints_esm/iPara_balanced_l1_g7_i5_do0.10_dpr0.10_lr0.0002_heads16_fold4.pth  select=0.4833  val_ab=0.6437  val_ag=0.3229  val_all=0.5209
Ep008  LR0=1.96e-04  pw=4.48  aucα=0.000  token_p=0.020  dropE=(0.020,0.080)  smooth=0.010  train_loss=0.3493  train_AUPR_all=0.5223  train_AUPR_ab=0.6152  train_AUPR_ag=0.3510  train_P@5_ab=0.8000  train_P@5_ag=0.9500  val_loss=0.5823  val_AUPR_all=0.5201  val_AUPR_ab=0.6645  val_AUPR_ag=0.2963  val_P@5_ab=1.0000  val_P@5_ag=0.9500  select=0.4804
Ep009  LR0=1.95e-04  pw=4.15  aucα=0.000  token_p=0.020  dropE=(0.020,0.080)  smooth=0.010  train_loss=0.3246  train_AUPR_all=0.5407  train_AUPR_ab=0.6336  train_AUPR_ag=0.3703  train_P@5_ab=0.8500  train_P@5_ag=1.0000  val_loss=0.5346  val_AUPR_all=0.5156  val_AUPR_ab=0.6522  val_AUPR_ag=0.3237  val_P@5_ab=0.8000  val_P@5_ag=0.9500  select=0.4879
  Saved checkpoint: checkpoints_esm/iPara_balanced_l1_g7_i5_do0.10_dpr0.10_lr0.0002_heads16_fold4.pth  select=0.4879  val_ab=0.6522  val_ag=0.3237  val_all=0.5156
Ep010  LR0=1.94e-04  pw=3.85  aucα=0.030  token_p=0.020  dropE=(0.020,0.080)  smooth=0.010  train_loss=0.3253  train_AUPR_all=0.5475  train_AUPR_ab=0.6536  train_AUPR_ag=0.3644  train_P@5_ab=0.9000  train_P@5_ag=0.9000  val_loss=0.4961  val_AUPR_all=0.5336  val_AUPR_ab=0.6896  val_AUPR_ag=0.3242  val_P@5_ab=0.9500  val_P@5_ag=1.0000  select=0.5069
  Saved checkpoint: checkpoints_esm/iPara_balanced_l1_g7_i5_do0.10_dpr0.10_lr0.0002_heads16_fold4.pth  select=0.5069  val_ab=0.6896  val_ag=0.3242  val_all=0.5336
Unfreezing DyM parameters.
Ep011  LR0=1.92e-04  pw=3.58  aucα=0.060  token_p=0.020  dropE=(0.020,0.080)  smooth=0.010  train_loss=0.3243  train_AUPR_all=0.5588  train_AUPR_ab=0.6581  train_AUPR_ag=0.3842  train_P@5_ab=1.0000  train_P@5_ag=0.9500  val_loss=0.6224  val_AUPR_all=0.5049  val_AUPR_ab=0.6645  val_AUPR_ag=0.2658  val_P@5_ab=1.0000  val_P@5_ag=0.9000  select=0.4651
Ep012  LR0=1.91e-04  pw=3.33  aucα=0.090  token_p=0.020  dropE=(0.020,0.080)  smooth=0.010  train_loss=0.3229  train_AUPR_all=0.5723  train_AUPR_ab=0.6765  train_AUPR_ag=0.3906  train_P@5_ab=0.8500  train_P@5_ag=1.0000  val_loss=0.5617  val_AUPR_all=0.5180  val_AUPR_ab=0.6776  val_AUPR_ag=0.2679  val_P@5_ab=0.9500  val_P@5_ag=1.0000  select=0.4728
Ep013  LR0=1.89e-04  pw=3.11  aucα=0.120  token_p=0.020  dropE=(0.020,0.080)  smooth=0.010  train_loss=0.3258  train_AUPR_all=0.5707  train_AUPR_ab=0.6801  train_AUPR_ag=0.3835  train_P@5_ab=0.9500  train_P@5_ag=0.9500  val_loss=0.4431  val_AUPR_all=0.5655  val_AUPR_ab=0.7022  val_AUPR_ag=0.3386  val_P@5_ab=0.8500  val_P@5_ag=1.0000  select=0.5204
  Saved checkpoint: checkpoints_esm/iPara_balanced_l1_g7_i5_do0.10_dpr0.10_lr0.0002_heads16_fold4.pth  select=0.5204  val_ab=0.7022  val_ag=0.3386  val_all=0.5655
Ep014  LR0=1.87e-04  pw=2.91  aucα=0.150  token_p=0.020  dropE=(0.020,0.080)  smooth=0.010  train_loss=0.3237  train_AUPR_all=0.5833  train_AUPR_ab=0.6933  train_AUPR_ag=0.3960  train_P@5_ab=1.0000  train_P@5_ag=0.9500  val_loss=0.4404  val_AUPR_all=0.5698  val_AUPR_ab=0.7139  val_AUPR_ag=0.3359  val_P@5_ab=0.9500  val_P@5_ag=0.9000  select=0.5249
  Saved checkpoint: checkpoints_esm/iPara_balanced_l1_g7_i5_do0.10_dpr0.10_lr0.0002_heads16_fold4.pth  select=0.5249  val_ab=0.7139  val_ag=0.3359  val_all=0.5698
Ep015  LR0=1.85e-04  pw=2.73  aucα=0.180  token_p=0.020  dropE=(0.020,0.080)  smooth=0.010  train_loss=0.3274  train_AUPR_all=0.5882  train_AUPR_ab=0.6992  train_AUPR_ag=0.4021  train_P@5_ab=0.8500  train_P@5_ag=0.9000  val_loss=0.4019  val_AUPR_all=0.5813  val_AUPR_ab=0.7151  val_AUPR_ag=0.3560  val_P@5_ab=0.9500  val_P@5_ag=0.9000  select=0.5355
  Saved checkpoint: checkpoints_esm/iPara_balanced_l1_g7_i5_do0.10_dpr0.10_lr0.0002_heads16_fold4.pth  select=0.5355  val_ab=0.7151  val_ag=0.3560  val_all=0.5813
Ep016  LR0=1.83e-04  pw=2.56  aucα=0.210  token_p=0.020  dropE=(0.020,0.080)  smooth=0.010  train_loss=0.3297  train_AUPR_all=0.5946  train_AUPR_ab=0.7062  train_AUPR_ag=0.4062  train_P@5_ab=0.9000  train_P@5_ag=1.0000  val_loss=0.4136  val_AUPR_all=0.5658  val_AUPR_ab=0.7172  val_AUPR_ag=0.3210  val_P@5_ab=0.9000  val_P@5_ag=0.9500  select=0.5191
Ep017  LR0=1.81e-04  pw=2.41  aucα=0.240  token_p=0.020  dropE=(0.020,0.080)  smooth=0.010  train_loss=0.3313  train_AUPR_all=0.6014  train_AUPR_ab=0.7099  train_AUPR_ag=0.4189  train_P@5_ab=0.9500  train_P@5_ag=0.9000  val_loss=0.3900  val_AUPR_all=0.5758  val_AUPR_ab=0.7197  val_AUPR_ag=0.3539  val_P@5_ab=0.9500  val_P@5_ag=0.9500  select=0.5368
  Saved checkpoint: checkpoints_esm/iPara_balanced_l1_g7_i5_do0.10_dpr0.10_lr0.0002_heads16_fold4.pth  select=0.5368  val_ab=0.7197  val_ag=0.3539  val_all=0.5758
Ep018  LR0=1.79e-04  pw=2.28  aucα=0.270  token_p=0.020  dropE=(0.020,0.080)  smooth=0.010  train_loss=0.3313  train_AUPR_all=0.6119  train_AUPR_ab=0.7216  train_AUPR_ag=0.4310  train_P@5_ab=1.0000  train_P@5_ag=0.9000  val_loss=0.3704  val_AUPR_all=0.5897  val_AUPR_ab=0.7179  val_AUPR_ag=0.3851  val_P@5_ab=0.9500  val_P@5_ag=0.9500  select=0.5515
  Saved checkpoint: checkpoints_esm/iPara_balanced_l1_g7_i5_do0.10_dpr0.10_lr0.0002_heads16_fold4.pth  select=0.5515  val_ab=0.7179  val_ag=0.3851  val_all=0.5897
Ep019  LR0=1.76e-04  pw=2.16  aucα=0.300  token_p=0.020  dropE=(0.020,0.080)  smooth=0.010  train_loss=0.3339  train_AUPR_all=0.6206  train_AUPR_ab=0.7300  train_AUPR_ag=0.4416  train_P@5_ab=1.0000  train_P@5_ag=1.0000  val_loss=0.3557  val_AUPR_all=0.6002  val_AUPR_ab=0.7338  val_AUPR_ag=0.3863  val_P@5_ab=0.9500  val_P@5_ag=1.0000  select=0.5601
  Saved checkpoint: checkpoints_esm/iPara_balanced_l1_g7_i5_do0.10_dpr0.10_lr0.0002_heads16_fold4.pth  select=0.5601  val_ab=0.7338  val_ag=0.3863  val_all=0.6002
Ep020  LR0=1.73e-04  pw=2.05  aucα=0.300  token_p=0.020  dropE=(0.020,0.080)  smooth=0.010  train_loss=0.3223  train_AUPR_all=0.6291  train_AUPR_ab=0.7391  train_AUPR_ag=0.4523  train_P@5_ab=0.9500  train_P@5_ag=0.9000  val_loss=0.3461  val_AUPR_all=0.6082  val_AUPR_ab=0.7393  val_AUPR_ag=0.3968  val_P@5_ab=1.0000  val_P@5_ag=0.9500  select=0.5680
  Saved checkpoint: checkpoints_esm/iPara_balanced_l1_g7_i5_do0.10_dpr0.10_lr0.0002_heads16_fold4.pth  select=0.5680  val_ab=0.7393  val_ag=0.3968  val_all=0.6082
Ep021  LR0=1.71e-04  pw=1.95  aucα=0.300  token_p=0.020  dropE=(0.020,0.080)  smooth=0.010  train_loss=0.3154  train_AUPR_all=0.6281  train_AUPR_ab=0.7336  train_AUPR_ag=0.4564  train_P@5_ab=0.9000  train_P@5_ag=0.9500  val_loss=0.3578  val_AUPR_all=0.5976  val_AUPR_ab=0.7335  val_AUPR_ag=0.3822  val_P@5_ab=0.9500  val_P@5_ag=0.9500  select=0.5579
Ep022  LR0=1.68e-04  pw=1.86  aucα=0.300  token_p=0.020  dropE=(0.020,0.080)  smooth=0.010  train_loss=0.3025  train_AUPR_all=0.6435  train_AUPR_ab=0.7495  train_AUPR_ag=0.4722  train_P@5_ab=0.9500  train_P@5_ag=0.9500  val_loss=0.3374  val_AUPR_all=0.6047  val_AUPR_ab=0.7395  val_AUPR_ag=0.3900  val_P@5_ab=0.9000  val_P@5_ag=1.0000  select=0.5648
Ep023  LR0=1.65e-04  pw=1.78  aucα=0.300  token_p=0.020  dropE=(0.020,0.080)  smooth=0.010  train_loss=0.2961  train_AUPR_all=0.6470  train_AUPR_ab=0.7524  train_AUPR_ag=0.4796  train_P@5_ab=1.0000  train_P@5_ag=0.9000  val_loss=0.3311  val_AUPR_all=0.6001  val_AUPR_ab=0.7415  val_AUPR_ag=0.3740  val_P@5_ab=0.9500  val_P@5_ag=0.9500  select=0.5578
Ep024  LR0=1.62e-04  pw=1.70  aucα=0.300  token_p=0.020  dropE=(0.020,0.080)  smooth=0.010  train_loss=0.2860  train_AUPR_all=0.6557  train_AUPR_ab=0.7616  train_AUPR_ag=0.4857  train_P@5_ab=1.0000  train_P@5_ag=0.9500  val_loss=0.3267  val_AUPR_all=0.6100  val_AUPR_ab=0.7529  val_AUPR_ag=0.3866  val_P@5_ab=1.0000  val_P@5_ag=0.9500  select=0.5698
  Saved checkpoint: checkpoints_esm/iPara_balanced_l1_g7_i5_do0.10_dpr0.10_lr0.0002_heads16_fold4.pth  select=0.5698  val_ab=0.7529  val_ag=0.3866  val_all=0.6100
Ep025  LR0=1.59e-04  pw=1.64  aucα=0.300  token_p=0.020  dropE=(0.020,0.080)  smooth=0.010  train_loss=0.2814  train_AUPR_all=0.6586  train_AUPR_ab=0.7632  train_AUPR_ag=0.4916  train_P@5_ab=1.0000  train_P@5_ag=1.0000  val_loss=0.3264  val_AUPR_all=0.5978  val_AUPR_ab=0.7446  val_AUPR_ag=0.3722  val_P@5_ab=0.9500  val_P@5_ag=0.9500  select=0.5584
Ep026  LR0=1.56e-04  pw=1.57  aucα=0.300  token_p=0.020  dropE=(0.020,0.080)  smooth=0.010  train_loss=0.2738  train_AUPR_all=0.6659  train_AUPR_ab=0.7674  train_AUPR_ag=0.5047  train_P@5_ab=0.9500  train_P@5_ag=1.0000  val_loss=0.3107  val_AUPR_all=0.6170  val_AUPR_ab=0.7624  val_AUPR_ag=0.3838  val_P@5_ab=1.0000  val_P@5_ag=0.8500  select=0.5731
  Saved checkpoint: checkpoints_esm/iPara_balanced_l1_g7_i5_do0.10_dpr0.10_lr0.0002_heads16_fold4.pth  select=0.5731  val_ab=0.7624  val_ag=0.3838  val_all=0.6170
Ep027  LR0=1.52e-04  pw=1.52  aucα=0.300  token_p=0.020  dropE=(0.020,0.080)  smooth=0.010  train_loss=0.2631  train_AUPR_all=0.6787  train_AUPR_ab=0.7762  train_AUPR_ag=0.5252  train_P@5_ab=1.0000  train_P@5_ag=0.9000  val_loss=0.3159  val_AUPR_all=0.6034  val_AUPR_ab=0.7533  val_AUPR_ag=0.3722  val_P@5_ab=1.0000  val_P@5_ag=0.9500  select=0.5627
Ep028  LR0=1.49e-04  pw=1.47  aucα=0.300  token_p=0.020  dropE=(0.020,0.080)  smooth=0.010  train_loss=0.2549  train_AUPR_all=0.6894  train_AUPR_ab=0.7854  train_AUPR_ag=0.5383  train_P@5_ab=1.0000  train_P@5_ag=0.9500  val_loss=0.3069  val_AUPR_all=0.6195  val_AUPR_ab=0.7676  val_AUPR_ag=0.3867  val_P@5_ab=1.0000  val_P@5_ag=0.9500  select=0.5772
  Saved checkpoint: checkpoints_esm/iPara_balanced_l1_g7_i5_do0.10_dpr0.10_lr0.0002_heads16_fold4.pth  select=0.5772  val_ab=0.7676  val_ag=0.3867  val_all=0.6195
Ep029  LR0=1.46e-04  pw=1.43  aucα=0.300  token_p=0.020  dropE=(0.020,0.080)  smooth=0.010  train_loss=0.2486  train_AUPR_all=0.6928  train_AUPR_ab=0.7858  train_AUPR_ag=0.5475  train_P@5_ab=1.0000  train_P@5_ag=0.8500  val_loss=0.3007  val_AUPR_all=0.6301  val_AUPR_ab=0.7649  val_AUPR_ag=0.4237  val_P@5_ab=1.0000  val_P@5_ag=0.9000  select=0.5943
  Saved checkpoint: checkpoints_esm/iPara_balanced_l1_g7_i5_do0.10_dpr0.10_lr0.0002_heads16_fold4.pth  select=0.5943  val_ab=0.7649  val_ag=0.4237  val_all=0.6301
Ep030  LR0=1.42e-04  pw=1.39  aucα=0.300  token_p=0.020  dropE=(0.020,0.080)  smooth=0.010  train_loss=0.2390  train_AUPR_all=0.7045  train_AUPR_ab=0.7949  train_AUPR_ag=0.5636  train_P@5_ab=0.9500  train_P@5_ag=1.0000  val_loss=0.2963  val_AUPR_all=0.6183  val_AUPR_ab=0.7511  val_AUPR_ag=0.4068  val_P@5_ab=0.8500  val_P@5_ag=0.9000  select=0.5789
Ep031  LR0=1.38e-04  pw=1.35  aucα=0.300  token_p=0.020  dropE=(0.020,0.080)  smooth=0.010  train_loss=0.2331  train_AUPR_all=0.7142  train_AUPR_ab=0.8005  train_AUPR_ag=0.5801  train_P@5_ab=0.9000  train_P@5_ag=1.0000  val_loss=0.3101  val_AUPR_all=0.6138  val_AUPR_ab=0.7523  val_AUPR_ag=0.4072  val_P@5_ab=0.9500  val_P@5_ag=0.9500  select=0.5798
Ep032  LR0=1.35e-04  pw=1.32  aucα=0.300  token_p=0.020  dropE=(0.020,0.080)  smooth=0.010  train_loss=0.2283  train_AUPR_all=0.7195  train_AUPR_ab=0.8054  train_AUPR_ag=0.5861  train_P@5_ab=1.0000  train_P@5_ag=0.9500  val_loss=0.3034  val_AUPR_all=0.6209  val_AUPR_ab=0.7634  val_AUPR_ag=0.4089  val_P@5_ab=1.0000  val_P@5_ag=1.0000  select=0.5861
Ep033  LR0=1.31e-04  pw=1.29  aucα=0.300  token_p=0.020  dropE=(0.020,0.080)  smooth=0.010  train_loss=0.2183  train_AUPR_all=0.7342  train_AUPR_ab=0.8138  train_AUPR_ag=0.6115  train_P@5_ab=1.0000  train_P@5_ag=1.0000  val_loss=0.2953  val_AUPR_all=0.6273  val_AUPR_ab=0.7650  val_AUPR_ag=0.4216  val_P@5_ab=0.8500  val_P@5_ag=0.9000  select=0.5933
Ep034  LR0=1.27e-04  pw=1.26  aucα=0.300  token_p=0.020  dropE=(0.020,0.080)  smooth=0.010  train_loss=0.2174  train_AUPR_all=0.7343  train_AUPR_ab=0.8124  train_AUPR_ag=0.6151  train_P@5_ab=1.0000  train_P@5_ag=1.0000  val_loss=0.2981  val_AUPR_all=0.6238  val_AUPR_ab=0.7552  val_AUPR_ag=0.4211  val_P@5_ab=0.9500  val_P@5_ag=0.7500  select=0.5881
Ep035  LR0=1.24e-04  pw=1.23  aucα=0.300  token_p=0.020  dropE=(0.020,0.080)  smooth=0.010  train_loss=0.2141  train_AUPR_all=0.7381  train_AUPR_ab=0.8165  train_AUPR_ag=0.6180  train_P@5_ab=1.0000  train_P@5_ag=1.0000  val_loss=0.2959  val_AUPR_all=0.6268  val_AUPR_ab=0.7607  val_AUPR_ag=0.4246  val_P@5_ab=0.8000  val_P@5_ag=0.9000  select=0.5926
Ep036  LR0=1.20e-04  pw=1.21  aucα=0.300  token_p=0.020  dropE=(0.020,0.080)  smooth=0.010  train_loss=0.2048  train_AUPR_all=0.7508  train_AUPR_ab=0.8230  train_AUPR_ag=0.6407  train_P@5_ab=0.9000  train_P@5_ag=1.0000  val_loss=0.2980  val_AUPR_all=0.6107  val_AUPR_ab=0.7586  val_AUPR_ag=0.4036  val_P@5_ab=1.0000  val_P@5_ag=0.9500  select=0.5811
Ep037  LR0=1.16e-04  pw=1.19  aucα=0.300  token_p=0.020  dropE=(0.020,0.080)  smooth=0.010  train_loss=0.1980  train_AUPR_all=0.7613  train_AUPR_ab=0.8326  train_AUPR_ag=0.6518  train_P@5_ab=0.9500  train_P@5_ag=1.0000  val_loss=0.3000  val_AUPR_all=0.6107  val_AUPR_ab=0.7609  val_AUPR_ag=0.3985  val_P@5_ab=0.9000  val_P@5_ag=0.8000  select=0.5797
Ep038  LR0=1.12e-04  pw=1.17  aucα=0.300  token_p=0.020  dropE=(0.020,0.080)  smooth=0.010  train_loss=0.1930  train_AUPR_all=0.7694  train_AUPR_ab=0.8383  train_AUPR_ag=0.6648  train_P@5_ab=1.0000  train_P@5_ag=1.0000  val_loss=0.2921  val_AUPR_all=0.6258  val_AUPR_ab=0.7640  val_AUPR_ag=0.4222  val_P@5_ab=0.9500  val_P@5_ag=0.8500  select=0.5931
Ep039  LR0=1.08e-04  pw=1.16  aucα=0.300  token_p=0.020  dropE=(0.020,0.080)  smooth=0.010  train_loss=0.1890  train_AUPR_all=0.7755  train_AUPR_ab=0.8411  train_AUPR_ag=0.6763  train_P@5_ab=1.0000  train_P@5_ag=1.0000  val_loss=0.2985  val_AUPR_all=0.6218  val_AUPR_ab=0.7608  val_AUPR_ag=0.4195  val_P@5_ab=0.8500  val_P@5_ag=0.9500  select=0.5901
Ep040  LR0=1.04e-04  pw=1.14  aucα=0.300  token_p=0.020  dropE=(0.020,0.080)  smooth=0.010  train_loss=0.1882  train_AUPR_all=0.7742  train_AUPR_ab=0.8398  train_AUPR_ag=0.6756  train_P@5_ab=1.0000  train_P@5_ag=1.0000  val_loss=0.2862  val_AUPR_all=0.6346  val_AUPR_ab=0.7677  val_AUPR_ag=0.4349  val_P@5_ab=0.9500  val_P@5_ag=0.9500  select=0.6013
  Saved checkpoint: checkpoints_esm/iPara_balanced_l1_g7_i5_do0.10_dpr0.10_lr0.0002_heads16_fold4.pth  select=0.6013  val_ab=0.7677  val_ag=0.4349  val_all=0.6346
Ep041  LR0=1.00e-04  pw=1.13  aucα=0.300  token_p=0.020  dropE=(0.020,0.080)  smooth=0.010  train_loss=0.1816  train_AUPR_all=0.7858  train_AUPR_ab=0.8505  train_AUPR_ag=0.6872  train_P@5_ab=1.0000  train_P@5_ag=1.0000  val_loss=0.2904  val_AUPR_all=0.6267  val_AUPR_ab=0.7650  val_AUPR_ag=0.4220  val_P@5_ab=0.9000  val_P@5_ag=0.9000  select=0.5935
Ep042  LR0=9.63e-05  pw=1.12  aucα=0.300  token_p=0.020  dropE=(0.020,0.080)  smooth=0.010  train_loss=0.1773  train_AUPR_all=0.7917  train_AUPR_ab=0.8503  train_AUPR_ag=0.7038  train_P@5_ab=1.0000  train_P@5_ag=1.0000  val_loss=0.2885  val_AUPR_all=0.6284  val_AUPR_ab=0.7653  val_AUPR_ag=0.4353  val_P@5_ab=0.9500  val_P@5_ag=1.0000  select=0.6003
Ep043  LR0=9.24e-05  pw=1.10  aucα=0.300  token_p=0.020  dropE=(0.020,0.080)  smooth=0.010  train_loss=0.1721  train_AUPR_all=0.8011  train_AUPR_ab=0.8593  train_AUPR_ag=0.7126  train_P@5_ab=1.0000  train_P@5_ag=1.0000  val_loss=0.2905  val_AUPR_all=0.6294  val_AUPR_ab=0.7610  val_AUPR_ag=0.4360  val_P@5_ab=0.9500  val_P@5_ag=0.9000  select=0.5985
Ep044  LR0=8.85e-05  pw=1.09  aucα=0.300  token_p=0.020  dropE=(0.020,0.080)  smooth=0.010  train_loss=0.1634  train_AUPR_all=0.8147  train_AUPR_ab=0.8716  train_AUPR_ag=0.7281  train_P@5_ab=1.0000  train_P@5_ag=1.0000  val_loss=0.2966  val_AUPR_all=0.6194  val_AUPR_ab=0.7507  val_AUPR_ag=0.4238  val_P@5_ab=0.9500  val_P@5_ag=0.9000  select=0.5872
Ep045  LR0=8.46e-05  pw=1.09  aucα=0.300  token_p=0.020  dropE=(0.020,0.080)  smooth=0.010  train_loss=0.1602  train_AUPR_all=0.8196  train_AUPR_ab=0.8748  train_AUPR_ag=0.7350  train_P@5_ab=1.0000  train_P@5_ag=1.0000  val_loss=0.2985  val_AUPR_all=0.6250  val_AUPR_ab=0.7636  val_AUPR_ag=0.4342  val_P@5_ab=1.0000  val_P@5_ag=0.8000  select=0.5989
Ep046  LR0=8.08e-05  pw=1.08  aucα=0.300  token_p=0.020  dropE=(0.020,0.080)  smooth=0.010  train_loss=0.1629  train_AUPR_all=0.8142  train_AUPR_ab=0.8700  train_AUPR_ag=0.7294  train_P@5_ab=1.0000  train_P@5_ag=1.0000  val_loss=0.2993  val_AUPR_all=0.6093  val_AUPR_ab=0.7565  val_AUPR_ag=0.4012  val_P@5_ab=1.0000  val_P@5_ag=0.9000  select=0.5788
Ep047  LR0=7.70e-05  pw=1.07  aucα=0.300  token_p=0.020  dropE=(0.020,0.080)  smooth=0.010  train_loss=0.1555  train_AUPR_all=0.8266  train_AUPR_ab=0.8785  train_AUPR_ag=0.7481  train_P@5_ab=1.0000  train_P@5_ag=1.0000  val_loss=0.2956  val_AUPR_all=0.6184  val_AUPR_ab=0.7608  val_AUPR_ag=0.4196  val_P@5_ab=0.9500  val_P@5_ag=0.6500  select=0.5902
Ep048  LR0=7.32e-05  pw=1.06  aucα=0.300  token_p=0.020  dropE=(0.020,0.080)  smooth=0.010  train_loss=0.1481  train_AUPR_all=0.8391  train_AUPR_ab=0.8865  train_AUPR_ag=0.7673  train_P@5_ab=1.0000  train_P@5_ag=0.9500  val_loss=0.3006  val_AUPR_all=0.6062  val_AUPR_ab=0.7496  val_AUPR_ag=0.3971  val_P@5_ab=0.9500  val_P@5_ag=0.8500  select=0.5733
Ep049  LR0=6.94e-05  pw=1.06  aucα=0.300  token_p=0.020  dropE=(0.020,0.080)  smooth=0.010  train_loss=0.1458  train_AUPR_all=0.8434  train_AUPR_ab=0.8913  train_AUPR_ag=0.7704  train_P@5_ab=1.0000  train_P@5_ag=0.9500  val_loss=0.2986  val_AUPR_all=0.6176  val_AUPR_ab=0.7575  val_AUPR_ag=0.4235  val_P@5_ab=0.9000  val_P@5_ag=0.9000  select=0.5905
Ep050  LR0=6.57e-05  pw=1.05  aucα=0.300  token_p=0.020  dropE=(0.020,0.080)  smooth=0.010  train_loss=0.1478  train_AUPR_all=0.8389  train_AUPR_ab=0.8862  train_AUPR_ag=0.7671  train_P@5_ab=0.9500  train_P@5_ag=1.0000  val_loss=0.2931  val_AUPR_all=0.6266  val_AUPR_ab=0.7629  val_AUPR_ag=0.4229  val_P@5_ab=0.9500  val_P@5_ag=0.8000  select=0.5929
Ep051  LR0=6.21e-05  pw=1.05  aucα=0.300  token_p=0.020  dropE=(0.020,0.080)  smooth=0.010  train_loss=0.1382  train_AUPR_all=0.8559  train_AUPR_ab=0.9007  train_AUPR_ag=0.7876  train_P@5_ab=1.0000  train_P@5_ag=1.0000  val_loss=0.3002  val_AUPR_all=0.6178  val_AUPR_ab=0.7584  val_AUPR_ag=0.4177  val_P@5_ab=0.9500  val_P@5_ag=0.5500  select=0.5881
Ep052  LR0=5.85e-05  pw=1.04  aucα=0.300  token_p=0.020  dropE=(0.020,0.080)  smooth=0.010  train_loss=0.1360  train_AUPR_all=0.8578  train_AUPR_ab=0.9028  train_AUPR_ag=0.7885  train_P@5_ab=1.0000  train_P@5_ag=0.9500  val_loss=0.3001  val_AUPR_all=0.6138  val_AUPR_ab=0.7575  val_AUPR_ag=0.4053  val_P@5_ab=0.9500  val_P@5_ag=0.7000  select=0.5814
Ep053  LR0=5.50e-05  pw=1.04  aucα=0.300  token_p=0.020  dropE=(0.020,0.080)  smooth=0.010  train_loss=0.1371  train_AUPR_all=0.8565  train_AUPR_ab=0.8993  train_AUPR_ag=0.7921  train_P@5_ab=1.0000  train_P@5_ag=1.0000  val_loss=0.2987  val_AUPR_all=0.6192  val_AUPR_ab=0.7643  val_AUPR_ag=0.4201  val_P@5_ab=1.0000  val_P@5_ag=0.5500  select=0.5922
Ep054  LR0=5.15e-05  pw=1.03  aucα=0.300  token_p=0.020  dropE=(0.020,0.080)  smooth=0.010  train_loss=0.1358  train_AUPR_all=0.8588  train_AUPR_ab=0.9026  train_AUPR_ag=0.7918  train_P@5_ab=1.0000  train_P@5_ag=1.0000  val_loss=0.3009  val_AUPR_all=0.6163  val_AUPR_ab=0.7598  val_AUPR_ag=0.4194  val_P@5_ab=0.9500  val_P@5_ag=0.8000  select=0.5896
Ep055  LR0=4.81e-05  pw=1.03  aucα=0.300  token_p=0.020  dropE=(0.020,0.080)  smooth=0.010  train_loss=0.1332  train_AUPR_all=0.8624  train_AUPR_ab=0.9031  train_AUPR_ag=0.8007  train_P@5_ab=1.0000  train_P@5_ag=1.0000  val_loss=0.3072  val_AUPR_all=0.6154  val_AUPR_ab=0.7526  val_AUPR_ag=0.4094  val_P@5_ab=0.9000  val_P@5_ag=0.7000  select=0.5810
Ep056  LR0=4.48e-05  pw=1.03  aucα=0.300  token_p=0.020  dropE=(0.020,0.080)  smooth=0.010  train_loss=0.1276  train_AUPR_all=0.8729  train_AUPR_ab=0.9119  train_AUPR_ag=0.8135  train_P@5_ab=1.0000  train_P@5_ag=1.0000  val_loss=0.3033  val_AUPR_all=0.6130  val_AUPR_ab=0.7525  val_AUPR_ag=0.4096  val_P@5_ab=0.9000  val_P@5_ag=0.7000  select=0.5811
Ep057  LR0=4.16e-05  pw=1.03  aucα=0.300  token_p=0.020  dropE=(0.020,0.080)  smooth=0.010  train_loss=0.1293  train_AUPR_all=0.8678  train_AUPR_ab=0.9067  train_AUPR_ag=0.8086  train_P@5_ab=0.9000  train_P@5_ag=0.9500  val_loss=0.2985  val_AUPR_all=0.6252  val_AUPR_ab=0.7643  val_AUPR_ag=0.4228  val_P@5_ab=0.9000  val_P@5_ag=0.6500  select=0.5936
Ep058  LR0=3.85e-05  pw=1.02  aucα=0.300  token_p=0.020  dropE=(0.020,0.080)  smooth=0.010  train_loss=0.1225  train_AUPR_all=0.8806  train_AUPR_ab=0.9171  train_AUPR_ag=0.8245  train_P@5_ab=1.0000  train_P@5_ag=1.0000  val_loss=0.3052  val_AUPR_all=0.6189  val_AUPR_ab=0.7563  val_AUPR_ag=0.4212  val_P@5_ab=0.8000  val_P@5_ag=0.7000  select=0.5887
Ep059  LR0=3.55e-05  pw=1.02  aucα=0.300  token_p=0.020  dropE=(0.020,0.080)  smooth=0.010  train_loss=0.1242  train_AUPR_all=0.8779  train_AUPR_ab=0.9152  train_AUPR_ag=0.8209  train_P@5_ab=1.0000  train_P@5_ag=1.0000  val_loss=0.3024  val_AUPR_all=0.6224  val_AUPR_ab=0.7622  val_AUPR_ag=0.4185  val_P@5_ab=0.9000  val_P@5_ag=0.6000  select=0.5903
Ep060  LR0=3.25e-05  pw=1.02  aucα=0.300  token_p=0.020  dropE=(0.020,0.080)  smooth=0.010  train_loss=0.1248  train_AUPR_all=0.8754  train_AUPR_ab=0.9136  train_AUPR_ag=0.8168  train_P@5_ab=1.0000  train_P@5_ag=1.0000  val_loss=0.3039  val_AUPR_all=0.6259  val_AUPR_ab=0.7653  val_AUPR_ag=0.4244  val_P@5_ab=0.9500  val_P@5_ag=0.7000  select=0.5949
Early stopping at epoch 60. Best select=0.6013 at epoch 40.
Final saved checkpoint for fold 4: checkpoints_esm/iPara_balanced_l1_g7_i5_do0.10_dpr0.10_lr0.0002_heads16_fold4.pth
Best select=0.6013 at epoch 40

==========================================================================================
Fold 5/5
==========================================================================================
Train labels: valid=399660, pos=26617, neg=373043, ignore=699540, pos_frac=0.06660
Val labels: valid=100532, pos=6613, neg=93919, ignore=173068, pos_frac=0.06578
Initializing ClassificationModel with 7 GAT layers and residual connections...
Initializing MCModel with 7 GAT layers and 5 row attention layers (drop_path_rate=0.1, use_esm=True)
Initializing CoreModel with 1 layers, drop_path_rate=0.1
Ep001  LR0=2.00e-04  pw=8.00  aucα=0.000  token_p=0.020  dropE=(0.020,0.080)  smooth=0.010  train_loss=0.7607  train_AUPR_all=0.2387  train_AUPR_ab=0.2840  train_AUPR_ag=0.1794  train_P@5_ab=0.4500  train_P@5_ag=0.3000  val_loss=0.8250  val_AUPR_all=0.3597  val_AUPR_ab=0.4867  val_AUPR_ag=0.2008  val_P@5_ab=0.4000  val_P@5_ag=0.9500  select=0.3437
  Saved checkpoint: checkpoints_esm/iPara_balanced_l1_g7_i5_do0.10_dpr0.10_lr0.0002_heads16_fold5.pth  select=0.3437  val_ab=0.4867  val_ag=0.2008  val_all=0.3597
Ep002  LR0=2.00e-04  pw=7.33  aucα=0.000  token_p=0.020  dropE=(0.020,0.080)  smooth=0.010  train_loss=0.5430  train_AUPR_all=0.3796  train_AUPR_ab=0.4502  train_AUPR_ag=0.2620  train_P@5_ab=0.7000  train_P@5_ag=0.6500  val_loss=1.0046  val_AUPR_all=0.4082  val_AUPR_ab=0.5457  val_AUPR_ag=0.1935  val_P@5_ab=0.7000  val_P@5_ag=0.7500  select=0.3696
  Saved checkpoint: checkpoints_esm/iPara_balanced_l1_g7_i5_do0.10_dpr0.10_lr0.0002_heads16_fold5.pth  select=0.3696  val_ab=0.5457  val_ag=0.1935  val_all=0.4082
Ep003  LR0=2.00e-04  pw=6.73  aucα=0.000  token_p=0.020  dropE=(0.020,0.080)  smooth=0.010  train_loss=0.4885  train_AUPR_all=0.4286  train_AUPR_ab=0.5059  train_AUPR_ag=0.2877  train_P@5_ab=0.7000  train_P@5_ag=0.8000  val_loss=0.6803  val_AUPR_all=0.4710  val_AUPR_ab=0.6133  val_AUPR_ag=0.2752  val_P@5_ab=0.9000  val_P@5_ag=0.9500  select=0.4442
  Saved checkpoint: checkpoints_esm/iPara_balanced_l1_g7_i5_do0.10_dpr0.10_lr0.0002_heads16_fold5.pth  select=0.4442  val_ab=0.6133  val_ag=0.2752  val_all=0.4710
Ep004  LR0=1.99e-04  pw=6.19  aucα=0.000  token_p=0.020  dropE=(0.020,0.080)  smooth=0.010  train_loss=0.4458  train_AUPR_all=0.4593  train_AUPR_ab=0.5388  train_AUPR_ag=0.3094  train_P@5_ab=0.7000  train_P@5_ag=0.7000  val_loss=0.6887  val_AUPR_all=0.4695  val_AUPR_ab=0.6319  val_AUPR_ag=0.2324  val_P@5_ab=0.9500  val_P@5_ag=0.8000  select=0.4322
Ep005  LR0=1.99e-04  pw=5.69  aucα=0.000  token_p=0.020  dropE=(0.020,0.080)  smooth=0.010  train_loss=0.4207  train_AUPR_all=0.4804  train_AUPR_ab=0.5660  train_AUPR_ag=0.3234  train_P@5_ab=0.7000  train_P@5_ag=0.8500  val_loss=0.6998  val_AUPR_all=0.5110  val_AUPR_ab=0.6562  val_AUPR_ag=0.2750  val_P@5_ab=0.7000  val_P@5_ag=0.9500  select=0.4656
  Saved checkpoint: checkpoints_esm/iPara_balanced_l1_g7_i5_do0.10_dpr0.10_lr0.0002_heads16_fold5.pth  select=0.4656  val_ab=0.6562  val_ag=0.2750  val_all=0.5110
Ep006  LR0=1.98e-04  pw=5.25  aucα=0.000  token_p=0.020  dropE=(0.020,0.080)  smooth=0.010  train_loss=0.3928  train_AUPR_all=0.4997  train_AUPR_ab=0.5867  train_AUPR_ag=0.3417  train_P@5_ab=0.7000  train_P@5_ag=0.9500  val_loss=0.9587  val_AUPR_all=0.4583  val_AUPR_ab=0.6643  val_AUPR_ag=0.2227  val_P@5_ab=0.7000  val_P@5_ag=0.9000  select=0.4435
Ep007  LR0=1.97e-04  pw=4.84  aucα=0.000  token_p=0.020  dropE=(0.020,0.080)  smooth=0.010  train_loss=0.3675  train_AUPR_all=0.5180  train_AUPR_ab=0.6100  train_AUPR_ag=0.3459  train_P@5_ab=0.8500  train_P@5_ag=0.8000  val_loss=0.5371  val_AUPR_all=0.5293  val_AUPR_ab=0.6701  val_AUPR_ag=0.3208  val_P@5_ab=0.8000  val_P@5_ag=0.9500  select=0.4955
  Saved checkpoint: checkpoints_esm/iPara_balanced_l1_g7_i5_do0.10_dpr0.10_lr0.0002_heads16_fold5.pth  select=0.4955  val_ab=0.6701  val_ag=0.3208  val_all=0.5293
Ep008  LR0=1.96e-04  pw=4.48  aucα=0.000  token_p=0.020  dropE=(0.020,0.080)  smooth=0.010  train_loss=0.3450  train_AUPR_all=0.5288  train_AUPR_ab=0.6237  train_AUPR_ag=0.3607  train_P@5_ab=0.6500  train_P@5_ag=0.8500  val_loss=0.6113  val_AUPR_all=0.5156  val_AUPR_ab=0.6921  val_AUPR_ag=0.2799  val_P@5_ab=0.9500  val_P@5_ag=0.8500  select=0.4860
Ep009  LR0=1.95e-04  pw=4.15  aucα=0.000  token_p=0.020  dropE=(0.020,0.080)  smooth=0.010  train_loss=0.3297  train_AUPR_all=0.5359  train_AUPR_ab=0.6326  train_AUPR_ag=0.3628  train_P@5_ab=0.8000  train_P@5_ag=0.8000  val_loss=0.5094  val_AUPR_all=0.5574  val_AUPR_ab=0.7010  val_AUPR_ag=0.3287  val_P@5_ab=0.9000  val_P@5_ag=0.9500  select=0.5148
  Saved checkpoint: checkpoints_esm/iPara_balanced_l1_g7_i5_do0.10_dpr0.10_lr0.0002_heads16_fold5.pth  select=0.5148  val_ab=0.7010  val_ag=0.3287  val_all=0.5574
Ep010  LR0=1.94e-04  pw=3.85  aucα=0.030  token_p=0.020  dropE=(0.020,0.080)  smooth=0.010  train_loss=0.3276  train_AUPR_all=0.5454  train_AUPR_ab=0.6438  train_AUPR_ag=0.3707  train_P@5_ab=0.9000  train_P@5_ag=0.9500  val_loss=0.4857  val_AUPR_all=0.5547  val_AUPR_ab=0.7094  val_AUPR_ag=0.3186  val_P@5_ab=0.9500  val_P@5_ag=0.8500  select=0.5140
Unfreezing DyM parameters.
Ep011  LR0=1.92e-04  pw=3.58  aucα=0.060  token_p=0.020  dropE=(0.020,0.080)  smooth=0.010  train_loss=0.3245  train_AUPR_all=0.5580  train_AUPR_ab=0.6564  train_AUPR_ag=0.3835  train_P@5_ab=0.8500  train_P@5_ag=1.0000  val_loss=0.4749  val_AUPR_all=0.5501  val_AUPR_ab=0.7207  val_AUPR_ag=0.3072  val_P@5_ab=1.0000  val_P@5_ag=1.0000  select=0.5139
Ep012  LR0=1.91e-04  pw=3.33  aucα=0.090  token_p=0.020  dropE=(0.020,0.080)  smooth=0.010  train_loss=0.3261  train_AUPR_all=0.5613  train_AUPR_ab=0.6638  train_AUPR_ag=0.3818  train_P@5_ab=0.9000  train_P@5_ag=1.0000  val_loss=0.4541  val_AUPR_all=0.5649  val_AUPR_ab=0.7156  val_AUPR_ag=0.3300  val_P@5_ab=1.0000  val_P@5_ag=0.8500  select=0.5228
  Saved checkpoint: checkpoints_esm/iPara_balanced_l1_g7_i5_do0.10_dpr0.10_lr0.0002_heads16_fold5.pth  select=0.5228  val_ab=0.7156  val_ag=0.3300  val_all=0.5649
Ep013  LR0=1.89e-04  pw=3.11  aucα=0.120  token_p=0.020  dropE=(0.020,0.080)  smooth=0.010  train_loss=0.3221  train_AUPR_all=0.5804  train_AUPR_ab=0.6825  train_AUPR_ag=0.4079  train_P@5_ab=0.9500  train_P@5_ag=0.9000  val_loss=0.4346  val_AUPR_all=0.5681  val_AUPR_ab=0.7168  val_AUPR_ag=0.3274  val_P@5_ab=0.9500  val_P@5_ag=0.8500  select=0.5221
Ep014  LR0=1.87e-04  pw=2.91  aucα=0.150  token_p=0.020  dropE=(0.020,0.080)  smooth=0.010  train_loss=0.3253  train_AUPR_all=0.5820  train_AUPR_ab=0.6906  train_AUPR_ag=0.4019  train_P@5_ab=0.9500  train_P@5_ag=0.9500  val_loss=0.4385  val_AUPR_all=0.4613  val_AUPR_ab=0.7247  val_AUPR_ag=0.2420  val_P@5_ab=0.9500  val_P@5_ag=0.2000  select=0.4834
Ep015  LR0=1.85e-04  pw=2.73  aucα=0.180  token_p=0.020  dropE=(0.020,0.080)  smooth=0.010  train_loss=0.3266  train_AUPR_all=0.5881  train_AUPR_ab=0.6954  train_AUPR_ag=0.4103  train_P@5_ab=0.8000  train_P@5_ag=0.7500  val_loss=0.4374  val_AUPR_all=0.5473  val_AUPR_ab=0.7154  val_AUPR_ag=0.2954  val_P@5_ab=1.0000  val_P@5_ag=0.9500  select=0.5054
Ep016  LR0=1.83e-04  pw=2.56  aucα=0.210  token_p=0.020  dropE=(0.020,0.080)  smooth=0.010  train_loss=0.3248  train_AUPR_all=0.6035  train_AUPR_ab=0.7128  train_AUPR_ag=0.4238  train_P@5_ab=1.0000  train_P@5_ag=0.9000  val_loss=0.3830  val_AUPR_all=0.5724  val_AUPR_ab=0.7216  val_AUPR_ag=0.3352  val_P@5_ab=0.9500  val_P@5_ag=0.9500  select=0.5284
  Saved checkpoint: checkpoints_esm/iPara_balanced_l1_g7_i5_do0.10_dpr0.10_lr0.0002_heads16_fold5.pth  select=0.5284  val_ab=0.7216  val_ag=0.3352  val_all=0.5724
Ep017  LR0=1.81e-04  pw=2.41  aucα=0.240  token_p=0.020  dropE=(0.020,0.080)  smooth=0.010  train_loss=0.3236  train_AUPR_all=0.6152  train_AUPR_ab=0.7215  train_AUPR_ag=0.4410  train_P@5_ab=1.0000  train_P@5_ag=0.9500  val_loss=0.3712  val_AUPR_all=0.5977  val_AUPR_ab=0.7404  val_AUPR_ag=0.3703  val_P@5_ab=1.0000  val_P@5_ag=0.9000  select=0.5553
  Saved checkpoint: checkpoints_esm/iPara_balanced_l1_g7_i5_do0.10_dpr0.10_lr0.0002_heads16_fold5.pth  select=0.5553  val_ab=0.7404  val_ag=0.3703  val_all=0.5977
Ep018  LR0=1.79e-04  pw=2.28  aucα=0.270  token_p=0.020  dropE=(0.020,0.080)  smooth=0.010  train_loss=0.3343  train_AUPR_all=0.6081  train_AUPR_ab=0.7188  train_AUPR_ag=0.4277  train_P@5_ab=1.0000  train_P@5_ag=0.9000  val_loss=0.3758  val_AUPR_all=0.5857  val_AUPR_ab=0.7472  val_AUPR_ag=0.3368  val_P@5_ab=1.0000  val_P@5_ag=0.9000  select=0.5420
Ep019  LR0=1.76e-04  pw=2.16  aucα=0.300  token_p=0.020  dropE=(0.020,0.080)  smooth=0.010  train_loss=0.3298  train_AUPR_all=0.6257  train_AUPR_ab=0.7297  train_AUPR_ag=0.4572  train_P@5_ab=0.9500  train_P@5_ag=1.0000  val_loss=0.3819  val_AUPR_all=0.5559  val_AUPR_ab=0.7219  val_AUPR_ag=0.3178  val_P@5_ab=1.0000  val_P@5_ag=0.6000  select=0.5198
Ep020  LR0=1.73e-04  pw=2.05  aucα=0.300  token_p=0.020  dropE=(0.020,0.080)  smooth=0.010  train_loss=0.3166  train_AUPR_all=0.6351  train_AUPR_ab=0.7359  train_AUPR_ag=0.4739  train_P@5_ab=0.9000  train_P@5_ag=0.9500  val_loss=0.3600  val_AUPR_all=0.5898  val_AUPR_ab=0.7363  val_AUPR_ag=0.3607  val_P@5_ab=1.0000  val_P@5_ag=0.9000  select=0.5485
Ep021  LR0=1.71e-04  pw=1.95  aucα=0.300  token_p=0.020  dropE=(0.020,0.080)  smooth=0.010  train_loss=0.3083  train_AUPR_all=0.6418  train_AUPR_ab=0.7435  train_AUPR_ag=0.4783  train_P@5_ab=0.9500  train_P@5_ag=1.0000  val_loss=0.3656  val_AUPR_all=0.5523  val_AUPR_ab=0.7335  val_AUPR_ag=0.3150  val_P@5_ab=1.0000  val_P@5_ag=0.7000  select=0.5242
Ep022  LR0=1.68e-04  pw=1.86  aucα=0.300  token_p=0.020  dropE=(0.020,0.080)  smooth=0.010  train_loss=0.2966  train_AUPR_all=0.6532  train_AUPR_ab=0.7545  train_AUPR_ag=0.4928  train_P@5_ab=1.0000  train_P@5_ag=1.0000  val_loss=0.3806  val_AUPR_all=0.5274  val_AUPR_ab=0.7397  val_AUPR_ag=0.2758  val_P@5_ab=1.0000  val_P@5_ag=0.9000  select=0.5078
Ep023  LR0=1.65e-04  pw=1.78  aucα=0.300  token_p=0.020  dropE=(0.020,0.080)  smooth=0.010  train_loss=0.2921  train_AUPR_all=0.6535  train_AUPR_ab=0.7512  train_AUPR_ag=0.4992  train_P@5_ab=1.0000  train_P@5_ag=1.0000  val_loss=0.3431  val_AUPR_all=0.5837  val_AUPR_ab=0.7428  val_AUPR_ag=0.3550  val_P@5_ab=1.0000  val_P@5_ag=0.9000  select=0.5489
Ep024  LR0=1.62e-04  pw=1.70  aucα=0.300  token_p=0.020  dropE=(0.020,0.080)  smooth=0.010  train_loss=0.2803  train_AUPR_all=0.6634  train_AUPR_ab=0.7557  train_AUPR_ag=0.5182  train_P@5_ab=0.9500  train_P@5_ag=0.9500  val_loss=0.3281  val_AUPR_all=0.5998  val_AUPR_ab=0.7527  val_AUPR_ag=0.3696  val_P@5_ab=1.0000  val_P@5_ag=0.9500  select=0.5612
  Saved checkpoint: checkpoints_esm/iPara_balanced_l1_g7_i5_do0.10_dpr0.10_lr0.0002_heads16_fold5.pth  select=0.5612  val_ab=0.7527  val_ag=0.3696  val_all=0.5998
Ep025  LR0=1.59e-04  pw=1.64  aucα=0.300  token_p=0.020  dropE=(0.020,0.080)  smooth=0.010  train_loss=0.2731  train_AUPR_all=0.6725  train_AUPR_ab=0.7639  train_AUPR_ag=0.5300  train_P@5_ab=1.0000  train_P@5_ag=0.8500  val_loss=0.3355  val_AUPR_all=0.5853  val_AUPR_ab=0.7547  val_AUPR_ag=0.3543  val_P@5_ab=1.0000  val_P@5_ag=0.9500  select=0.5545
Ep026  LR0=1.56e-04  pw=1.57  aucα=0.300  token_p=0.020  dropE=(0.020,0.080)  smooth=0.010  train_loss=0.2620  train_AUPR_all=0.6838  train_AUPR_ab=0.7739  train_AUPR_ag=0.5435  train_P@5_ab=0.9500  train_P@5_ag=0.9500  val_loss=0.3299  val_AUPR_all=0.5878  val_AUPR_ab=0.7515  val_AUPR_ag=0.3527  val_P@5_ab=1.0000  val_P@5_ag=0.9500  select=0.5521
Ep027  LR0=1.52e-04  pw=1.52  aucα=0.300  token_p=0.020  dropE=(0.020,0.080)  smooth=0.010  train_loss=0.2525  train_AUPR_all=0.6945  train_AUPR_ab=0.7826  train_AUPR_ag=0.5581  train_P@5_ab=1.0000  train_P@5_ag=0.9000  val_loss=0.3475  val_AUPR_all=0.5587  val_AUPR_ab=0.7446  val_AUPR_ag=0.3338  val_P@5_ab=1.0000  val_P@5_ag=0.9000  select=0.5392
Ep028  LR0=1.49e-04  pw=1.47  aucα=0.300  token_p=0.020  dropE=(0.020,0.080)  smooth=0.010  train_loss=0.2518  train_AUPR_all=0.6912  train_AUPR_ab=0.7808  train_AUPR_ag=0.5531  train_P@5_ab=1.0000  train_P@5_ag=0.9500  val_loss=0.3150  val_AUPR_all=0.5980  val_AUPR_ab=0.7536  val_AUPR_ag=0.3696  val_P@5_ab=1.0000  val_P@5_ag=0.9000  select=0.5616
  Saved checkpoint: checkpoints_esm/iPara_balanced_l1_g7_i5_do0.10_dpr0.10_lr0.0002_heads16_fold5.pth  select=0.5616  val_ab=0.7536  val_ag=0.3696  val_all=0.5980
Ep029  LR0=1.46e-04  pw=1.43  aucα=0.300  token_p=0.020  dropE=(0.020,0.080)  smooth=0.010  train_loss=0.2390  train_AUPR_all=0.7099  train_AUPR_ab=0.7905  train_AUPR_ag=0.5866  train_P@5_ab=0.9500  train_P@5_ag=0.9500  val_loss=0.3147  val_AUPR_all=0.5990  val_AUPR_ab=0.7467  val_AUPR_ag=0.3746  val_P@5_ab=1.0000  val_P@5_ag=0.9500  select=0.5606
Ep030  LR0=1.42e-04  pw=1.39  aucα=0.300  token_p=0.020  dropE=(0.020,0.080)  smooth=0.010  train_loss=0.2347  train_AUPR_all=0.7129  train_AUPR_ab=0.7930  train_AUPR_ag=0.5901  train_P@5_ab=1.0000  train_P@5_ag=1.0000  val_loss=0.3195  val_AUPR_all=0.5999  val_AUPR_ab=0.7490  val_AUPR_ag=0.3846  val_P@5_ab=1.0000  val_P@5_ag=0.9500  select=0.5668
  Saved checkpoint: checkpoints_esm/iPara_balanced_l1_g7_i5_do0.10_dpr0.10_lr0.0002_heads16_fold5.pth  select=0.5668  val_ab=0.7490  val_ag=0.3846  val_all=0.5999
Ep031  LR0=1.38e-04  pw=1.35  aucα=0.300  token_p=0.020  dropE=(0.020,0.080)  smooth=0.010  train_loss=0.2296  train_AUPR_all=0.7192  train_AUPR_ab=0.7968  train_AUPR_ag=0.6006  train_P@5_ab=1.0000  train_P@5_ag=0.9500  val_loss=0.3011  val_AUPR_all=0.6066  val_AUPR_ab=0.7574  val_AUPR_ag=0.3898  val_P@5_ab=1.0000  val_P@5_ag=0.9500  select=0.5736
  Saved checkpoint: checkpoints_esm/iPara_balanced_l1_g7_i5_do0.10_dpr0.10_lr0.0002_heads16_fold5.pth  select=0.5736  val_ab=0.7574  val_ag=0.3898  val_all=0.6066
Ep032  LR0=1.35e-04  pw=1.32  aucα=0.300  token_p=0.020  dropE=(0.020,0.080)  smooth=0.010  train_loss=0.2211  train_AUPR_all=0.7293  train_AUPR_ab=0.8001  train_AUPR_ag=0.6220  train_P@5_ab=1.0000  train_P@5_ag=1.0000  val_loss=0.3073  val_AUPR_all=0.5980  val_AUPR_ab=0.7507  val_AUPR_ag=0.3774  val_P@5_ab=1.0000  val_P@5_ag=0.9500  select=0.5640
Ep033  LR0=1.31e-04  pw=1.29  aucα=0.300  token_p=0.020  dropE=(0.020,0.080)  smooth=0.010  train_loss=0.2139  train_AUPR_all=0.7407  train_AUPR_ab=0.8106  train_AUPR_ag=0.6356  train_P@5_ab=1.0000  train_P@5_ag=1.0000  val_loss=0.3155  val_AUPR_all=0.5898  val_AUPR_ab=0.7534  val_AUPR_ag=0.3756  val_P@5_ab=0.9000  val_P@5_ag=0.9500  select=0.5645
Ep034  LR0=1.27e-04  pw=1.26  aucα=0.300  token_p=0.020  dropE=(0.020,0.080)  smooth=0.010  train_loss=0.2084  train_AUPR_all=0.7494  train_AUPR_ab=0.8177  train_AUPR_ag=0.6464  train_P@5_ab=1.0000  train_P@5_ag=1.0000  val_loss=0.3025  val_AUPR_all=0.6062  val_AUPR_ab=0.7581  val_AUPR_ag=0.3899  val_P@5_ab=0.9000  val_P@5_ag=0.9500  select=0.5740
  Saved checkpoint: checkpoints_esm/iPara_balanced_l1_g7_i5_do0.10_dpr0.10_lr0.0002_heads16_fold5.pth  select=0.5740  val_ab=0.7581  val_ag=0.3899  val_all=0.6062
Ep035  LR0=1.24e-04  pw=1.23  aucα=0.300  token_p=0.020  dropE=(0.020,0.080)  smooth=0.010  train_loss=0.2050  train_AUPR_all=0.7532  train_AUPR_ab=0.8194  train_AUPR_ag=0.6543  train_P@5_ab=1.0000  train_P@5_ag=1.0000  val_loss=0.3030  val_AUPR_all=0.5941  val_AUPR_ab=0.7399  val_AUPR_ag=0.3936  val_P@5_ab=0.9500  val_P@5_ag=0.9500  select=0.5667
Ep036  LR0=1.20e-04  pw=1.21  aucα=0.300  token_p=0.020  dropE=(0.020,0.080)  smooth=0.010  train_loss=0.1958  train_AUPR_all=0.7658  train_AUPR_ab=0.8287  train_AUPR_ag=0.6716  train_P@5_ab=1.0000  train_P@5_ag=1.0000  val_loss=0.3065  val_AUPR_all=0.5959  val_AUPR_ab=0.7553  val_AUPR_ag=0.3726  val_P@5_ab=0.9000  val_P@5_ag=0.9500  select=0.5640
Ep037  LR0=1.16e-04  pw=1.19  aucα=0.300  token_p=0.020  dropE=(0.020,0.080)  smooth=0.010  train_loss=0.1897  train_AUPR_all=0.7746  train_AUPR_ab=0.8340  train_AUPR_ag=0.6858  train_P@5_ab=1.0000  train_P@5_ag=1.0000  val_loss=0.3108  val_AUPR_all=0.5929  val_AUPR_ab=0.7512  val_AUPR_ag=0.3675  val_P@5_ab=0.9000  val_P@5_ag=0.9500  select=0.5593
Ep038  LR0=1.12e-04  pw=1.17  aucα=0.300  token_p=0.020  dropE=(0.020,0.080)  smooth=0.010  train_loss=0.1884  train_AUPR_all=0.7758  train_AUPR_ab=0.8347  train_AUPR_ag=0.6882  train_P@5_ab=1.0000  train_P@5_ag=1.0000  val_loss=0.3040  val_AUPR_all=0.5946  val_AUPR_ab=0.7528  val_AUPR_ag=0.3721  val_P@5_ab=0.9000  val_P@5_ag=0.9000  select=0.5624
Ep039  LR0=1.08e-04  pw=1.16  aucα=0.300  token_p=0.020  dropE=(0.020,0.080)  smooth=0.010  train_loss=0.1876  train_AUPR_all=0.7759  train_AUPR_ab=0.8359  train_AUPR_ag=0.6862  train_P@5_ab=1.0000  train_P@5_ag=0.9500  val_loss=0.3077  val_AUPR_all=0.5984  val_AUPR_ab=0.7547  val_AUPR_ag=0.3886  val_P@5_ab=0.9000  val_P@5_ag=0.9500  select=0.5716
Ep040  LR0=1.04e-04  pw=1.14  aucα=0.300  token_p=0.020  dropE=(0.020,0.080)  smooth=0.010  train_loss=0.1805  train_AUPR_all=0.7890  train_AUPR_ab=0.8457  train_AUPR_ag=0.7048  train_P@5_ab=1.0000  train_P@5_ag=1.0000  val_loss=0.3120  val_AUPR_all=0.5880  val_AUPR_ab=0.7544  val_AUPR_ag=0.3732  val_P@5_ab=0.8000  val_P@5_ag=0.9000  select=0.5638
Ep041  LR0=1.00e-04  pw=1.13  aucα=0.300  token_p=0.020  dropE=(0.020,0.080)  smooth=0.010  train_loss=0.1751  train_AUPR_all=0.7968  train_AUPR_ab=0.8538  train_AUPR_ag=0.7112  train_P@5_ab=1.0000  train_P@5_ag=1.0000  val_loss=0.3127  val_AUPR_all=0.5901  val_AUPR_ab=0.7558  val_AUPR_ag=0.3652  val_P@5_ab=0.9500  val_P@5_ag=0.9000  select=0.5605
Ep042  LR0=9.63e-05  pw=1.12  aucα=0.300  token_p=0.020  dropE=(0.020,0.080)  smooth=0.010  train_loss=0.1659  train_AUPR_all=0.8125  train_AUPR_ab=0.8627  train_AUPR_ag=0.7379  train_P@5_ab=1.0000  train_P@5_ag=1.0000  val_loss=0.3120  val_AUPR_all=0.5928  val_AUPR_ab=0.7518  val_AUPR_ag=0.3725  val_P@5_ab=0.9500  val_P@5_ag=0.8500  select=0.5622
Ep043  LR0=9.24e-05  pw=1.10  aucα=0.300  token_p=0.020  dropE=(0.020,0.080)  smooth=0.010  train_loss=0.1665  train_AUPR_all=0.8107  train_AUPR_ab=0.8598  train_AUPR_ag=0.7385  train_P@5_ab=1.0000  train_P@5_ag=0.9500  val_loss=0.3071  val_AUPR_all=0.5897  val_AUPR_ab=0.7588  val_AUPR_ag=0.3601  val_P@5_ab=0.9500  val_P@5_ag=0.9500  select=0.5595
Ep044  LR0=8.85e-05  pw=1.09  aucα=0.300  token_p=0.020  dropE=(0.020,0.080)  smooth=0.010  train_loss=0.1668  train_AUPR_all=0.8085  train_AUPR_ab=0.8586  train_AUPR_ag=0.7344  train_P@5_ab=0.9500  train_P@5_ag=1.0000  val_loss=0.3164  val_AUPR_all=0.5927  val_AUPR_ab=0.7521  val_AUPR_ag=0.3763  val_P@5_ab=0.9000  val_P@5_ag=0.9500  select=0.5642
Ep045  LR0=8.46e-05  pw=1.09  aucα=0.300  token_p=0.020  dropE=(0.020,0.080)  smooth=0.010  train_loss=0.1557  train_AUPR_all=0.8281  train_AUPR_ab=0.8753  train_AUPR_ag=0.7578  train_P@5_ab=1.0000  train_P@5_ag=1.0000  val_loss=0.3199  val_AUPR_all=0.5782  val_AUPR_ab=0.7493  val_AUPR_ag=0.3466  val_P@5_ab=0.9000  val_P@5_ag=0.8000  select=0.5480
Ep046  LR0=8.08e-05  pw=1.08  aucα=0.300  token_p=0.020  dropE=(0.020,0.080)  smooth=0.010  train_loss=0.1533  train_AUPR_all=0.8305  train_AUPR_ab=0.8735  train_AUPR_ag=0.7672  train_P@5_ab=1.0000  train_P@5_ag=1.0000  val_loss=0.3187  val_AUPR_all=0.5843  val_AUPR_ab=0.7498  val_AUPR_ag=0.3766  val_P@5_ab=1.0000  val_P@5_ag=0.9500  select=0.5632
Ep047  LR0=7.70e-05  pw=1.07  aucα=0.300  token_p=0.020  dropE=(0.020,0.080)  smooth=0.010  train_loss=0.1547  train_AUPR_all=0.8284  train_AUPR_ab=0.8755  train_AUPR_ag=0.7578  train_P@5_ab=1.0000  train_P@5_ag=1.0000  val_loss=0.3116  val_AUPR_all=0.5900  val_AUPR_ab=0.7488  val_AUPR_ag=0.3844  val_P@5_ab=0.9000  val_P@5_ag=0.9500  select=0.5666
Ep048  LR0=7.32e-05  pw=1.06  aucα=0.300  token_p=0.020  dropE=(0.020,0.080)  smooth=0.010  train_loss=0.1504  train_AUPR_all=0.8354  train_AUPR_ab=0.8812  train_AUPR_ag=0.7667  train_P@5_ab=1.0000  train_P@5_ag=1.0000  val_loss=0.3163  val_AUPR_all=0.5792  val_AUPR_ab=0.7400  val_AUPR_ag=0.3669  val_P@5_ab=0.9500  val_P@5_ag=0.6500  select=0.5535
Ep049  LR0=6.94e-05  pw=1.06  aucα=0.300  token_p=0.020  dropE=(0.020,0.080)  smooth=0.010  train_loss=0.1455  train_AUPR_all=0.8427  train_AUPR_ab=0.8848  train_AUPR_ag=0.7800  train_P@5_ab=1.0000  train_P@5_ag=1.0000  val_loss=0.3198  val_AUPR_all=0.5860  val_AUPR_ab=0.7434  val_AUPR_ag=0.3737  val_P@5_ab=0.9000  val_P@5_ag=0.7000  select=0.5585
Ep050  LR0=6.57e-05  pw=1.05  aucα=0.300  token_p=0.020  dropE=(0.020,0.080)  smooth=0.010  train_loss=0.1428  train_AUPR_all=0.8469  train_AUPR_ab=0.8850  train_AUPR_ag=0.7909  train_P@5_ab=1.0000  train_P@5_ag=1.0000  val_loss=0.3132  val_AUPR_all=0.5899  val_AUPR_ab=0.7508  val_AUPR_ag=0.3780  val_P@5_ab=0.7500  val_P@5_ag=0.8500  select=0.5644
Ep051  LR0=6.21e-05  pw=1.05  aucα=0.300  token_p=0.020  dropE=(0.020,0.080)  smooth=0.010  train_loss=0.1383  train_AUPR_all=0.8546  train_AUPR_ab=0.8939  train_AUPR_ag=0.7963  train_P@5_ab=1.0000  train_P@5_ag=1.0000  val_loss=0.3227  val_AUPR_all=0.5823  val_AUPR_ab=0.7466  val_AUPR_ag=0.3729  val_P@5_ab=0.9500  val_P@5_ag=0.7000  select=0.5598
Ep052  LR0=5.85e-05  pw=1.04  aucα=0.300  token_p=0.020  dropE=(0.020,0.080)  smooth=0.010  train_loss=0.1348  train_AUPR_all=0.8602  train_AUPR_ab=0.8997  train_AUPR_ag=0.8006  train_P@5_ab=1.0000  train_P@5_ag=1.0000  val_loss=0.3210  val_AUPR_all=0.5805  val_AUPR_ab=0.7484  val_AUPR_ag=0.3675  val_P@5_ab=0.9000  val_P@5_ag=0.7500  select=0.5579
Ep053  LR0=5.50e-05  pw=1.04  aucα=0.300  token_p=0.020  dropE=(0.020,0.080)  smooth=0.010  train_loss=0.1370  train_AUPR_all=0.8558  train_AUPR_ab=0.8946  train_AUPR_ag=0.7980  train_P@5_ab=0.9500  train_P@5_ag=0.9500  val_loss=0.3250  val_AUPR_all=0.5744  val_AUPR_ab=0.7457  val_AUPR_ag=0.3576  val_P@5_ab=0.8500  val_P@5_ag=0.6000  select=0.5516
Ep054  LR0=5.15e-05  pw=1.03  aucα=0.300  token_p=0.020  dropE=(0.020,0.080)  smooth=0.010  train_loss=0.1315  train_AUPR_all=0.8650  train_AUPR_ab=0.9033  train_AUPR_ag=0.8069  train_P@5_ab=1.0000  train_P@5_ag=1.0000  val_loss=0.3231  val_AUPR_all=0.5848  val_AUPR_ab=0.7486  val_AUPR_ag=0.3685  val_P@5_ab=0.8500  val_P@5_ag=0.7500  select=0.5586
Early stopping at epoch 54. Best select=0.5740 at epoch 34.
Final saved checkpoint for fold 5: checkpoints_esm/iPara_balanced_l1_g7_i5_do0.10_dpr0.10_lr0.0002_heads16_fold5.pth
Best select=0.5740 at epoch 34
